meeting_key,session_key,driver_number,lap_number,date_start,duration_sector_1,duration_sector_2,duration_sector_3,i1_speed,i2_speed,is_pit_out_lap,lap_duration,segments_sector_1,segments_sector_2,segments_sector_3,st_speed
1281,11248,43,1,,,46.059,22.081,248.0,257.0,True,,"[2064, 2064, 2051, 2051, 2051, 2051, 2051, 2051, 2051]","[2051, 2051, 2051, 2051, 2051, 2051, 2051, 2051, 2051, 2051, 2051]","[2051, 2051, 2051, 2051, 2051, 2051, 2051]",253.0
1281,11248,43,2,2026-03-28T02:32:13.129000+00:00,34.141,41.35,18.174,272.0,319.0,False,93.665,"[2051, 2051, 2051, 2051, 2051, 2051, 2051, 2051, 2051]","[2051, 2051, 2051, 2051, 2051, 2051, 2051, 2051, 2051, 2051, 2051]","[2051, 2051, 2051, 2051, 2051, 2051, 2051]",273.0
1281,11248,10,1,2026-03-28T02:33:12.633000+00:00,,45.953,22.155,254.0,255.0,True,,"[2064, 2064, 2049, 2049, 2049, 2049, 2049, 2049, 2049]","[2049, 2049, 2049, 2049, 2049, 2049, 2049, 2049, 2049, 2049, 2049]","[2049, 2049, 2049, 2049, 2049, 2049, 2049]",255.0
1281,11248,43,3,2026-03-28T02:33:46.729000+00:00,75.628,77.125,22.307,92.0,256.0,False,175.06,"[2048, 2048, 2048, 2048, 2048, 2048, 2048, 2048, 2048]","[2048, 2048, 2048, 2048, 2048, 2048, 2048, 2048, 2048, 2048, 2048]","[2048, 2048, 2048, 2048, 2048, 2048, 2048]",246.0
1281,11248,11,1,2026-03-28T02:33:51.578000+00:00,,44.058,22.004,264.0,267.0,True,,"[2064, 2064, 2049, 2049, 2049, 2049, 2049, 2049, 2049]","[2049, 2049, 2049, 2049, 2049, 2049, 2049, 2049, 2049, 2049, 2049]","[2049, 2049, 2049, 2049, 2049, 2049, 2049]",242.0
1281,11248,10,2,2026-03-28T02:34:58.967000+00:00,33.897,40.998,17.965,275.0,323.0,False,92.86,"[2051, 2049, 2049, 2049, 2051, 2051, 2051, 2049, 2051]","[2051, 2049, 2049, 2051, 2051, 2051, 2051, 2051, 2051, 2051, 2051]","[2051, 2051, 2051, 2049, 2051, 2051, 2051]",279.0
1281,11248,44,1,2026-03-28T02:35:08.601000+00:00,,48.636,21.378,253.0,269.0,True,,"[2064, 2064, 2049, 2049, 2049, 2049, 2049, 2049, 2049]","[2049, 2049, 2049, 2049, 2049, 2049, 2049, 2049, 2049, 2049, 2049]","[2049, 2049, 2049, 2049, 2049, 2049, 2049]",253.0
1281,11248,11,2,2026-03-28T02:35:35.417000+00:00,34.598,46.555,25.195,252.0,251.0,False,106.348,"[2049, 2049, 2049, 2049, 2049, 2049, 2049, 2049, 2048]","[2049, 2049, 2048, 2049, 2049, 2049, 2048, 2048, 2048, 2048, 2048]","[2048, 2048, 2048, 2048, 2048, 2048]",188.0
1281,11248,77,1,2026-03-28T02:36:01.035000+00:00,,45.684,22.712,262.0,271.0,True,,"[2064, 2064, 2049, 2049, 2049, 2049, 2049, 2049, 2049]","[2049, 2049, 2049, 2049, 2049, 2049, 2049, 2049, 2049, 2049, 2049]","[2049, 2049, 2049, 2049, 2049, 2049, 2049]",194.0
1281,11248,18,1,2026-03-28T02:36:03.985000+00:00,,47.687,28.948,247.0,153.0,True,,"[2064, 2064, 2049, 2049, 2049, 2049, 2049, 2049, 2049]","[2049, 2049, 2049, 2049, 2049, 2049, 2049, 2049, 2049, 2049, 2049]","[2049, 2049, 2049, 2049, 2049, 2049, 2049]",203.0
1281,11248,10,3,2026-03-28T02:36:32.216000+00:00,57.081,64.126,23.036,145.0,249.0,False,144.243,"[2048, 2048, 2048, 2048, 2048, 2048, 2048, 2048, 2048]","[2048, 2048, 2048, 2048, 2048, 2048, 2048, 2048, 2048, 2048, 2048]","[2048, 2048, 2048, 2048, 2048, 2048, 2048]",248.0
1281,11248,43,4,2026-03-28T02:36:41.856000+00:00,33.721,41.188,18.238,269.0,318.0,False,93.147,"[None, 2051, 2051, 2049, 2051, 2049, 2049, 2051, 2048]","[2049, 2049, 2051, 2048, 2051, 2048, 2048, 2049, 2049, 2051, 2048]","[2049, 2049, 2048, 2048, 2051, 2049, 2048]",274.0
1281,11248,44,2,2026-03-28T02:36:59.916000+00:00,33.236,40.958,18.089,278.0,321.0,False,92.283,"[2049, 2049, 2049, 2051, 2049, 2051, 2051, 2049, 2051]","[2051, 2051, 2049, 2049, 2049, 2051, 2049, 2049, 2051, 2049, 2049]","[2049, 2049, 2049, 2051, 2049, 2049]",277.0
1281,11248,87,1,2026-03-28T02:37:11.153000+00:00,,46.618,21.301,266.0,282.0,True,,"[2064, 2064, 2049, 2049, 2049, 2049, 2049, 2049, 2049]","[2049, 2049, 2049, 2049, 2049, 2049, 2049, 2049, 2049, 2049, 2049]","[2049, 2049, 2049, 2049, 2049, 2049, 2049]",222.0
1281,11248,11,3,2026-03-28T02:37:21.680000+00:00,44.369,52.284,24.544,239.0,270.0,False,121.197,"[2048, 2048, 2048, 2048, 2048, 2048, 2048, 2048, 2048]","[2048, 2048, 2048, 2048, 2048, 2048, 2048, 2048, 2048, 2048, 2049]","[2048, 2048, 2048, 2048, 2049, 2049, 2049]",216.0
1281,11248,31,1,2026-03-28T02:37:36.181000+00:00,,46.866,24.678,266.0,272.0,True,,"[2064, 2064, 2049, 2049, 2049, 2049, 2049, 2049, 2049]","[2049, 2049, 2049, 2049, 2049, 2049, 2049, 2049, 2049, 2049, 2049]","[2049, 2049, 2049, 2049, 2049, 2049, 2049]",232.0
1281,11248,77,2,2026-03-28T02:37:49.050000+00:00,34.24,41.671,18.798,276.0,332.0,False,94.709,"[2051, 2049, 2049, 2049, 2049, 2049, 2049, 2049, 2049]","[2049, 2049, 2049, 2051, 2049, 2051, 2051, 2049, 2049, 2049, 2051]","[2051, 2049, 2049, 2049, 2049, 2049, 2048]",269.0
1281,11248,18,2,2026-03-28T02:37:58.752000+00:00,34.79,42.453,18.273,263.0,319.0,False,95.516,"[2049, 2049, 2049, 2049, 2049, 2049, 2049, 2049, 2049]","[2049, 2049, 2049, 2049, 2049, 2049, 2049, 2049, 2049, 2049, 2049]","[2049, 2049, 2049, 2049, 2049, 2049]",271.0
1281,11248,43,5,2026-03-28T02:38:14.932000+00:00,66.966,68.066,21.48,136.0,253.0,False,156.512,"[None, 2048, 2048, 2048, 2048, 2048, 2048, 2048, 2048]","[2048, 2048, 2048, 2048, 2048, 2048, 2048, 2048, 2048, 2048, 2048]","[2048, 2048, 2048, 2048, 2048, 2048, 2048]",253.0
1281,11248,44,3,2026-03-28T02:38:32.042000+00:00,72.002,74.628,21.611,97.0,250.0,False,168.241,"[2048, 2048, 2048, 2048, 2048, 2048, 2048, 2048, 2048]","[2048, 2048, 2048, 2048, 2048, 2048, 2048, 2048, 2048, 2048, 2048]","[2048, 2048, 2048, 2048, 2048, 2048, 2049]",249.0
1281,11248,10,4,2026-03-28T02:38:56.053000+00:00,33.511,40.753,17.987,275.0,322.0,False,92.251,"[2049, 2049, 2049, 2049, 2051, 2049, 2049, 2049, 2049]","[2049, 2049, 2049, 2049, 2048, 2049, 2048, 2051, 2048, 2048, 2048]","[2048, 2051, 2048, 2049, 2051, 2048]",275.0
1281,11248,87,2,2026-03-28T02:39:19.807000+00:00,33.75,41.22,18.054,275.0,316.0,False,93.024,"[2049, 2049, 2049, 2049, 2049, 2049, 2049, 2049, 2049]","[2051, 2049, 2049, 2049, 2049, 2049, 2049, 2049, 2049, 2049, 2049]","[2049, 2049, 2051, 2049, 2049, 2049]",273.0
1281,11248,11,4,2026-03-28T02:39:22.915000+00:00,33.747,41.124,18.453,277.0,325.0,False,93.324,"[2049, 2049, 2048, 2049, 2049, 2049, 2048, 2049, 2049]","[2049, 2049, 2049, 2049, 2049, 2049, 2049, 2049, 2049, 2049, 2049]","[2051, 2049, 2049, 2049, 2049, 2049, 2048]",279.0
1281,11248,77,3,2026-03-28T02:39:24.362000+00:00,47.082,52.664,26.403,226.0,271.0,False,126.149,"[2048, 2048, 2048, 2048, 2048, 2048, 2048, 2048, 2048]","[2048, 2048, 2048, 2048, 2048, 2048, 2048, 2048, 2048, 2048, 2048]","[2048, 2048, 2048, 2048, 2064, 2064, 2064]",245.0
1281,11248,31,2,2026-03-28T02:39:28.483000+00:00,33.884,41.295,18.394,275.0,323.0,False,93.573,"[2049, 2049, 2049, 2049, 2049, 2049, 2049, 2049, 2049]","[2049, 2049, 2049, 2051, 2049, 2049, 2049, 2049, 2049, 2049, 2049]","[2049, 2049, 2049, 2049, 2049, 2049]",276.0
1281,11248,18,3,2026-03-28T02:39:34.169000+00:00,52.344,63.091,26.898,170.0,235.0,False,142.333,"[2048, 2048, 2048, 2048, 2048, 2048, 2048, 2048, 2048]","[2048, 2048, 2048, 2048, 2048, 2048, 2048, 2048, 2048, 2048, 2048]","[2048, 2048, 2048, 2048, 2048, 2048, 2048]",190.0
1281,11248,27,1,2026-03-28T02:40:02.763000+00:00,,46.86,21.682,256.0,261.0,True,,"[2064, 2064, 2049, 2049, 2049, 2049, 2049, 2049, 2049]","[2049, 2049, 2049, 2049, 2049, 2049, 2049, 2049, 2049, 2049, 2049]","[2049, 2049, 2049, 2049, 2049, 2049, 2049]",214.0
1281,11248,14,1,2026-03-28T02:40:15.207000+00:00,,48.127,23.058,246.0,262.0,True,,"[2064, 2064, 2049, 2049, 2049, 2049, 2049, 2049, 2049]","[2049, 2049, 2049, 2049, 2049, 2049, 2049, 2049, 2049, 2049, 2049]","[2049, 2049, 2049, 2049, 2049, 2049, 2049]",247.0
1281,11248,55,1,2026-03-28T02:40:25.303000+00:00,,45.34,22.621,252.0,258.0,True,,"[2064, 2064, 2049, 2049, 2049, 2049, 2049, 2049, 2049]","[2049, 2049, 2049, 2049, 2049, 2049, 2049, 2049, 2049, 2049, 2049]","[2049, 2049, 2049, 2049, 2049, 2049, 2049]",246.0
1281,11248,10,5,2026-03-28T02:40:28.038000+00:00,56.968,66.459,23.661,108.0,251.0,False,147.088,"[2048, 2048, 2048, 2048, 2048, 2048, 2048, 2048, 2048]","[2048, 2048, 2048, 2048, 2048, 2048, 2048, 2048, 2048, 2048, 2048]","[2048, 2048, 2048, 2048, 2048, 2048, 2048]",173.0
1281,11248,41,1,2026-03-28T02:40:38.581000+00:00,,50.977,22.283,180.0,257.0,True,,"[2064, 2064, 2049, 2049, 2049, 2049, 2049, 2049, 2049]","[2049, 2049, 2049, 2049, 2049, 2049, 2049, 2049, 2049, 2049, 2049]","[2049, 2049, 2049, 2049, 2049, 2049, 2049]",245.0
1281,11248,43,6,2026-03-28T02:40:51.582000+00:00,33.454,40.875,18.02,273.0,320.0,False,92.349,"[None, 2048, 2049, 2049, 2049, 2049, 2049, 2051, 2049]","[2049, 2049, 2051, 2049, 2048, 2048, 2048, 2049, 2049, 2051, 2049]","[2049, 2049, 2049, 2049, 2051, 2051, 2048]",272.0
1281,11248,87,3,2026-03-28T02:40:52.777000+00:00,66.223,64.215,23.499,169.0,266.0,False,153.937,"[2048, 2048, 2048, 2048, 2048, 2048, 2048, 2048, 2048]","[2048, 2048, 2048, 2048, 2048, 2048, 2048, 2048, 2048, 2048, 2048]","[2048, 2048, 2048, 2048, 2048, 2048, 2048]",238.0
1281,11248,11,5,2026-03-28T02:40:56.237000+00:00,63.757,68.726,21.722,164.0,234.0,False,154.205,"[2048, 2048, 2048, 2048, 2048, 2048, 2048, 2048, 2048]","[2048, 2048, 2048, 2048, 2048, 2048, 2048, 2048, 2048, 2048, 2048]","[2048, 2048, 2048, 2048, 2048, 2048, 2049]",254.0
1281,11248,31,3,2026-03-28T02:41:01.902000+00:00,44.922,50.434,24.684,227.0,275.0,False,120.04,"[2048, 2048, 2048, 2048, 2048, 2048, 2048, 2048, 2048]","[2048, 2048, 2048, 2048, 2048, 2048, 2048, 2048, 2048, 2048, 2048]","[2048, 2048, 2048, 2048, 2064, 2064, 2064]",262.0
1281,11248,44,4,2026-03-28T02:41:20.483000+00:00,32.879,40.383,17.794,279.0,320.0,False,91.056,"[2049, 2049, 2051, 2048, 2049, 2051, 2051, 2048, 2049]","[2049, 2051, 2048, 2049, 2049, 2049, 2049, 2051, 2051, 2051, 2049]","[2049, 2051, 2051, 2048, 2049, 2049, 2049]",279.0
1281,11248,5,1,2026-03-28T02:41:36.397000+00:00,,45.452,21.33,265.0,258.0,True,,"[2064, 2064, 2049, 2049, 2049, 2049, 2049, 2049, 2049]","[2049, 2049, 2049, 2049, 2049, 2049, 2049, 2049, 2049, 2049, 2049]","[2049, 2049, 2049, 2049, 2049, 2049, 2049]",213.0
1281,11248,27,2,2026-03-28T02:41:48.765000+00:00,33.365,41.058,17.898,280.0,327.0,False,92.321,"[2049, 2049, 2049, 2049, 2049, 2049, 2049, 2049, 2051]","[2049, 2049, 2049, 2049, 2049, 2049, 2049, 2049, 2049, 2049, 2051]","[2051, 2049, 2049, 2049, 2049, 2049]",285.0
1281,11248,18,4,2026-03-28T02:41:56.626000+00:00,34.534,41.887,18.27,264.0,318.0,False,94.691,"[2049, 2049, 2049, 2049, 2049, 2049, 2049, 2049, 2049]","[2049, 2049, 2049, 2049, 2049, 2049, 2049, 2049, 2049, 2049, 2049]","[2048, 2048, 2048, 2049, 2048, 2048, 2049]",271.0
1281,11248,77,4,2026-03-28T02:41:56.861000+00:00,80.276,47.811,23.492,255.0,273.0,True,151.579,"[2064, 2064, 2048, 2048, 2048, 2048, 2048, 2048, 2048]","[2048, 2048, 2048, 2048, 2048, 2048, 2048, 2048, 2048, 2048, 2048]","[2048, 2048, 2048, 2048, 2048, 2048, 2048]",190.0
1281,11248,14,2,2026-03-28T02:42:03.087000+00:00,34.195,41.823,18.326,262.0,312.0,False,94.344,"[2049, 2049, 2049, 2049, 2049, 2049, 2049, 2049, 2049]","[2049, 2049, 2049, 2049, 2049, 2049, 2049, 2049, 2049, 2049, 2049]","[2049, 2049, 2049, 2049, 2049, 2049]",268.0
1281,11248,55,2,2026-03-28T02:42:10.587000+00:00,33.632,41.3,17.959,277.0,330.0,False,92.891,"[2049, 2049, 2049, 2049, 2049, 2049, 2049, 2049, 2049]","[2049, 2049, 2049, 2049, 2049, 2049, 2049, 2049, 2049, 2049, 2049]","[2051, 2049, 2049, 2049, 2049, 2049, 2049]",283.0
1281,11248,43,7,2026-03-28T02:42:24.555000+00:00,42.511,56.765,23.947,203.0,239.0,False,123.223,"[None, 2048, 2048, 2048, 2048, 2048, 2048, 2048, 2048]","[2048, 2048, 2048, 2048, 2048, 2048, 2048, 2048, 2048, 2048, 2048]","[2048, 2048, 2048, 2048, 2064, 2064, 2064]",238.0
1281,11248,16,1,2026-03-28T02:42:29.290000+00:00,,50.378,20.587,269.0,251.0,True,,"[2064, 2064, 2049, 2049, 2049, 2049, 2049, 2049, 2049]","[2049, 2049, 2049, 2049, 2049, 2049, 2049, 2049, 2049, 2049, 2049]","[2049, 2049, 2049, 2049, 2049, 2049, 2049]",249.0
1281,11248,41,2,2026-03-28T02:42:39.842000+00:00,33.641,41.363,17.75,268.0,331.0,False,92.754,"[2049, 2049, 2049, 2049, 2049, 2049, 2049, 2051, 2049]","[2049, 2049, 2051, 2049, 2049, 2049, 2049, 2049, 2049, 2049, 2051]","[2051, 2049, 2049, 2051, 2051, 2049]",283.0
1281,11248,44,5,2026-03-28T02:42:51.498000+00:00,57.925,61.929,25.857,187.0,232.0,False,145.711,"[2048, 2048, 2048, 2048, 2048, 2048, 2048, 2048, 2048]","[2048, 2048, 2048, 2048, 2048, 2048, 2048, 2048, 2048, 2048, 2048]","[2048, 2048, 2048, 2048, 2064, 2064, 2064]",214.0
1281,11248,10,6,2026-03-28T02:42:55.286000+00:00,33.332,40.509,17.721,273.0,326.0,False,91.562,"[2049, 2049, 2049, 2049, 2051, 2049, 2048, 2049, 2048]","[2049, 2049, 2049, 2048, 2051, 2049, 2049, 2051, 2048, 2051, 2049]","[2049, 2051, 2049, 2049, 2049, 2048]",279.0
1281,11248,5,2,2026-03-28T02:43:20.311000+00:00,33.24,40.928,17.983,274.0,319.0,False,92.151,"[2049, 2049, 2049, 2049, 2049, 2049, 2049, 2049, 2049]","[2049, 2049, 2049, 2049, 2049, 2049, 2049, 2049, 2049, 2049, 2049]","[2049, 2049, 2049, 2049, 2049, 2049, 2049]",278.0
1281,11248,27,3,2026-03-28T02:43:20.964000+00:00,50.322,57.316,21.156,192.0,275.0,False,128.794,"[2048, 2048, 2048, 2048, 2048, 2048, 2048, 2048, 2048]","[2048, 2048, 2048, 2048, 2048, 2048, 2048, 2048, 2048, 2048, 2048]","[2048, 2048, 2048, 2048, 2048, 2048, 2048]",221.0
1281,11248,87,4,2026-03-28T02:43:26.805000+00:00,33.64,40.671,18.067,275.0,324.0,False,92.378,"[2049, 2049, 2049, 2048, 2048, 2049, 2049, 2048, 2048]","[2049, 2049, 2049, 2049, 2049, 2049, 2049, 2049, 2049, 2049, 2049]","[2049, 2049, 2048, 2048, 2048, 2048]",279.0
1281,11248,11,6,2026-03-28T02:43:30.465000+00:00,33.62,41.157,21.169,279.0,318.0,False,95.946,"[2051, 2049, 2049, 2048, 2048, 2048, 2048, 2049, 2049]","[2048, 2048, 2049, 2048, 2049, 2049, 2048, 2049, 2048, 2048, 2048]","[2048, 2049, None, None, 2048, 2048, 2048]",277.0
1281,11248,18,5,2026-03-28T02:43:31.208000+00:00,57.47,59.024,27.726,172.0,259.0,False,144.22,"[2048, 2048, 2048, 2048, 2048, 2048, 2048, 2048, 2048]","[2048, 2048, 2048, 2048, 2048, 2048, 2048, 2048, 2048, 2048, 2048]","[2048, 2048, 2048, 2048, 2064, 2064, 2064]",149.0
1281,11248,14,3,2026-03-28T02:43:37.438000+00:00,53.934,54.465,21.847,231.0,256.0,False,130.246,"[2048, 2048, 2048, 2048, 2048, 2048, 2048, 2048, 2048]","[2048, 2048, 2048, 2048, 2048, 2048, 2048, 2048, 2048, 2048, 2048]","[2048, 2048, 2048, 2048, 2048, 2048, 2048]",246.0
1281,11248,55,3,2026-03-28T02:43:43.430000+00:00,60.058,55.279,22.884,188.0,274.0,False,138.221,"[2048, 2048, 2048, 2048, 2048, 2048, 2048, 2048, 2048]","[2048, 2048, 2048, 2048, 2048, 2048, 2048, 2048, 2048, 2048, 2048]","[2048, 2048, 2048, 2048, 2048, 2048, 2048]",254.0
1281,11248,31,4,2026-03-28T02:43:46.229000+00:00,84.739,49.194,22.229,230.0,270.0,True,156.162,"[2064, 2064, 2048, 2048, 2048, 2048, 2048, 2048, 2048]","[2048, 2048, 2048, 2048, 2048, 2048, 2048, 2048, 2048, 2048, 2048]","[2048, 2048, 2048, 2048, 2048, 2048, 2049]",260.0
1281,11248,77,5,2026-03-28T02:44:01.376000+00:00,34.338,41.546,18.016,277.0,329.0,False,93.9,"[2048, 2048, 2048, 2048, 2048, 2048, 2049, 2049, 2049]","[2049, 2049, 2048, 2049, 2048, 2048, 2048, 2049, 2049, 2048, 2048]","[2049, 2051, 2049, 2049, 2049, 2049]",284.0
1281,11248,41,3,2026-03-28T02:44:12.445000+00:00,83.43,52.987,21.08,192.0,257.0,False,157.497,"[2048, 2048, 2048, 2048, 2048, 2048, 2048, 2048, 2048]","[2048, 2048, 2048, 2048, 2048, 2048, 2048, 2048, 2048, 2048, 2048]","[2048, 2048, 2048, 2048, 2048, 2048, 2049]",256.0
1281,11248,16,2,2026-03-28T02:44:17.567000+00:00,32.678,40.523,17.817,279.0,331.0,False,91.018,"[2049, 2049, 2049, 2051, 2049, 2051, 2051, 2051, 2049]","[2051, 2049, 2049, 2049, 2049, 2049, 2049, 2049, 2049, 2049, 2049]","[2051, 2049, 2049, 2049, 2049, 2049, 2048]",285.0
1281,11248,10,7,2026-03-28T02:44:26.776000+00:00,46.232,53.428,27.133,221.0,239.0,False,126.793,"[2048, 2048, 2048, 2048, 2048, 2048, 2048, 2048, 2048]","[2048, 2048, 2048, 2048, 2048, 2048, 2048, 2048, 2048, 2048, 2048]","[2048, 2048, 2048, 2048, 2064, 2064, 2064]",210.0
1281,11248,12,1,2026-03-28T02:44:29.378000+00:00,,44.861,20.906,255.0,253.0,True,,"[2064, 2064, 2049, 2049, 2049, 2049, 2049, 2049, 2049]","[2049, 2049, 2049, 2049, 2049, 2049, 2049, 2049, 2049, 2049, 2049]","[2049, 2049, 2049, 2049, 2049, 2049, 2049]",251.0
1281,11248,30,1,2026-03-28T02:44:47.495000+00:00,,49.484,21.256,254.0,259.0,True,,"[2064, 2064, 2049, 2049, 2049, 2049, 2049, 2049, 2049]","[2049, 2049, 2049, 2049, 2049, 2049, 2049, 2049, 2049, 2049, 2049]","[2049, 2049, 2049, 2049, 2049, 2049, 2049]",257.0
1281,11248,5,3,2026-03-28T02:44:52.203000+00:00,51.005,62.472,24.205,132.0,265.0,False,137.682,"[2048, 2048, 2048, 2048, 2048, 2048, 2048, 2048, 2048]","[2048, 2048, 2048, 2048, 2048, 2048, 2048, 2048, 2048, 2048, 2048]","[2048, 2048, 2048, 2048, 2048, 2048]",229.0
1281,11248,87,5,2026-03-28T02:44:59.049000+00:00,71.235,65.73,25.499,116.0,268.0,False,162.464,"[2048, 2048, 2048, 2048, 2048, 2048, 2048, 2048, 2048]","[2048, 2048, 2048, 2048, 2048, 2048, 2048, 2048, 2048, 2048, 2048]","[2048, 2048, 2048, 2048, 2048, 2048, 2048]",259.0
1281,11248,11,7,2026-03-28T02:45:06.319000+00:00,64.736,56.994,24.548,99.0,275.0,False,146.278,"[2048, 2048, 2048, 2048, 2048, 2048, 2048, 2048, 2048]","[2048, 2048, 2048, 2048, 2048, 2048, 2048, 2048, 2048, 2048, 2048]","[2048, 2048, 2048, 2048, 2064, 2064, 2064]",262.0
1281,11248,43,8,2026-03-28T02:45:12.650000+00:00,,50.513,27.128,91.0,259.0,True,190.081,"[2064, 2064, 2048, 2048, 2048, 2048, 2048, 2048, 2048]","[2048, 2048, 2048, 2048, 2048, 2048, 2048, 2048, 2048, 2048, 2048]","[2048, 2048, 2048, 2048, 2048, 2048, 2048]",223.0
1281,11248,81,1,2026-03-28T02:45:15.587000+00:00,,46.411,21.779,262.0,252.0,True,,"[2064, 2064, 2049, 2049, 2049, 2049, 2049, 2049, 2049]","[2049, 2049, 2049, 2049, 2049, 2049, 2049, 2049, 2049, 2049, 2049]","[2049, 2049, 2049, 2049, 2049, 2049, 2049]",226.0
1281,11248,27,4,2026-03-28T02:45:29.836000+00:00,33.215,40.905,18.079,279.0,324.0,False,92.199,"[None, 2049, 2049, 2049, 2049, 2049, 2048, 2049, 2048]","[2049, 2049, 2049, 2048, 2048, 2049, 2049, 2049, 2048, 2048, 2048]","[2048, 2049, 2049, 2048, 2048, 2048]",273.0
1281,11248,77,6,2026-03-28T02:45:35.167000+00:00,52.227,51.582,31.71,249.0,239.0,False,135.519,"[None, 2048, 2048, 2048, 2048, 2048, 2048, 2048, 2048]","[2048, 2048, 2048, 2048, 2048, 2048, 2048, 2048, 2048, 2048, 2048]","[2048, 2048, 2048, 2048, 2064, 2064, 2064]",238.0
1281,11248,31,5,2026-03-28T02:45:38.281000+00:00,33.549,41.026,18.204,275.0,314.0,False,92.779,"[2048, 2048, 2049, 2049, 2049, 2049, 2048, 2049, 2049]","[2049, 2049, 2048, 2048, 2048, 2048, 2048, 2049, 2049, 2049, 2048]","[2048, 2049, 2049, 2049, 2049, 2049, 2049]",272.0
1281,11248,14,4,2026-03-28T02:45:47.683000+00:00,33.948,41.86,18.61,267.0,319.0,False,94.418,"[None, 2049, 2048, 2049, 2049, 2049, 2049, 2049, 2049]","[2049, 2049, 2048, 2048, 2048, 2049, 2048, 2049, 2049, 2049, 2049]","[2049, 2049, 2048, 2048, 2048, 2048, 2049]",272.0
1281,11248,16,3,2026-03-28T02:45:48.512000+00:00,61.211,69.842,24.14,143.0,273.0,False,155.193,"[2048, 2048, 2048, 2048, 2048, 2048, 2048, 2048, 2048]","[2048, 2048, 2048, 2048, 2048, 2048, 2048, 2048, 2048, 2048, 2048]","[2048, 2048, 2048, 2048, 2048, 2048, 2049]",263.0
1281,11248,55,4,2026-03-28T02:46:01.712000+00:00,33.551,40.801,17.668,277.0,338.0,False,92.02,"[None, 2048, 2048, 2049, 2049, 2049, 2049, 2049, 2049]","[2049, 2049, 2048, 2049, 2048, 2049, 2049, 2048, 2048, 2049, 2051]","[2051, 2049, 2049, 2048, 2049, 2049, 2049]",287.0
1281,11248,12,2,2026-03-28T02:46:12.958000+00:00,32.426,40.064,17.928,274.0,315.0,False,90.418,"[2049, 2049, 2049, 2051, 2051, 2051, 2051, 2051, 2049]","[2049, 2051, 2049, 2049, 2049, 2049, 2051, 2049, 2049, 2051, 2049]","[2049, 2049, 2051, 2049, 2049, 2049, 2049]",277.0
1281,11248,63,1,2026-03-28T02:46:35.720000+00:00,,48.249,22.326,251.0,255.0,True,,"[2064, 2064, 2049, 2049, 2049, 2049, 2049, 2049, 2049]","[2049, 2049, 2049, 2049, 2049, 2049, 2049, 2049, 2049, 2049, 2049]","[2049, 2049, 2049, 2049, 2049, 2049, 2049]",253.0
1281,11248,30,2,2026-03-28T02:46:38.245000+00:00,33.341,40.696,17.781,271.0,330.0,False,91.818,"[2049, 2049, 2049, 2049, 2049, 2049, 2049, 2049, 2049]","[2049, 2049, 2049, 2049, 2049, 2049, 2049, 2049, 2049, 2049, 2049]","[2049, 2049, 2049, 2049, 2049, 2049, 2049]",283.0
1281,11248,41,4,2026-03-28T02:46:50.094000+00:00,33.038,40.835,17.717,267.0,330.0,False,91.59,"[2049, 2049, 2049, 2049, 2049, 2049, 2049, 2049, 2049]","[2049, 2049, 2048, 2049, 2048, 2048, 2049, 2049, 2049, 2049, 2048]","[2048, 2049, 2049, 2048, 2048, 2051]",284.0
1281,11248,27,5,2026-03-28T02:47:01.929000+00:00,52.595,60.866,23.095,166.0,166.0,False,136.556,"[None, 2048, 2048, 2048, 2048, 2048, 2048, 2048, 2048]","[2048, 2048, 2048, 2048, 2048, 2048, 2048, 2048, 2048, 2048, 2048]","[2048, 2048, 2048, 2048, 2048, 2048, 2048]",265.0
1281,11248,81,2,2026-03-28T02:47:04.917000+00:00,32.845,40.277,18.063,272.0,317.0,False,91.185,"[2049, 2049, 2049, 2049, 2049, 2049, 2049, 2049, 2049]","[2049, 2049, 2049, 2049, 2049, 2049, 2051, 2049, 2049, 2049, 2049]","[2049, 2049, 2049, 2049, 2049, 2049, 2049]",278.0
1281,11248,5,4,2026-03-28T02:47:10.043000+00:00,33.124,40.595,17.854,278.0,324.0,False,91.573,"[2049, 2049, 2051, 2048, 2048, 2049, 2049, 2048, 2049]","[2051, 2049, 2049, 2049, 2048, 2049, 2049, 2049, 2048, 2049, 2049]","[2049, 2049, 2048, 2049, 2049, 2049]",283.0
1281,11248,31,6,2026-03-28T02:47:10.942000+00:00,50.061,59.565,24.317,168.0,276.0,False,133.943,"[None, 2048, 2048, 2048, 2048, 2048, 2048, 2048, 2048]","[2048, 2048, 2048, 2048, 2048, 2048, 2048, 2048, 2048, 2048, 2048]","[2048, 2048, 2048, 2048, 2048, 2048, 2048]",264.0
1281,11248,14,5,2026-03-28T02:47:22.125000+00:00,48.93,53.083,28.314,190.0,260.0,False,130.327,"[None, 2048, 2048, 2048, 2048, 2048, 2048, 2048, 2048]","[2048, 2048, 2048, 2048, 2048, 2048, 2048, 2048, 2048, 2048, 2048]","[2048, 2048, 2048, 2048, 2064, 2064, 2064]",214.0
1281,11248,55,5,2026-03-28T02:47:33.708000+00:00,57.104,58.503,22.332,164.0,267.0,False,137.939,"[None, 2048, 2048, 2048, 2048, 2048, 2048, 2048, 2048]","[2048, 2048, 2048, 2048, 2048, 2048, 2048, 2048, 2048, 2048, 2048]","[2048, 2048, 2048, 2048, 2048, 2048, 2048]",259.0
1281,11248,43,9,2026-03-28T02:47:37.223000+00:00,33.466,40.861,18.007,271.0,319.0,False,92.334,"[2048, 2048, 2048, 2048, 2049, 2049, 2049, 2048, 2048]","[2049, 2048, 2049, 2049, 2048, 2048, 2048, 2048, 2049, 2049, 2048]","[2048, 2049, 2049, 2048, 2048, 2048, 2048]",272.0
1281,11248,87,6,2026-03-28T02:47:41.691000+00:00,33.384,40.605,17.964,277.0,326.0,False,91.953,"[2049, 2049, 2049, 2048, 2049, 2049, 2049, 2049, 2049]","[2048, 2049, 2049, 2048, 2049, 2049, 2049, 2049, 2049, 2049, 2049]","[2049, 2049, 2048, 2048, 2048, 2049]",280.0
1281,11248,12,3,2026-03-28T02:47:43.243000+00:00,45.672,53.104,27.05,215.0,236.0,False,125.826,"[2048, 2048, 2048, 2048, 2048, 2048, 2048, 2048, 2048]","[2048, 2048, 2048, 2048, 2048, 2048, 2048, 2048, 2048, 2048, 2048]","[2048, 2048, 2048, 2048, 2064, 2064, 2064]",209.0
1281,11248,30,3,2026-03-28T02:48:09.782000+00:00,47.182,74.227,23.798,115.0,231.0,False,145.207,"[2048, 2048, 2048, 2048, 2048, 2048, 2048, 2048, 2048]","[2048, 2048, 2048, 2048, 2048, 2048, 2048, 2048, 2048, 2048, 2048]","[2048, 2048, 2048, 2048, 2048, 2048, 2048]",167.0
1281,11248,6,1,2026-03-28T02:48:20.066000+00:00,,47.526,22.933,249.0,265.0,True,,"[2064, 2064, 2049, 2049, 2049, 2049, 2049, 2049, 2049]","[2049, 2049, 2049, 2049, 2049, 2049, 2049, 2049, 2049, 2049, 2049]","[2049, 2049, 2049, 2049, 2049, 2049, 2049]",200.0
1281,11248,41,5,2026-03-28T02:48:21.567000+00:00,50.541,53.164,24.149,192.0,268.0,False,127.854,"[2048, 2048, 2048, 2048, 2048, 2048, 2048, 2048, 2048]","[2048, 2048, 2048, 2048, 2048, 2048, 2048, 2048, 2048, 2048, 2048]","[2048, 2048, 2048, 2048, 2048, 2048, 2048]",159.0
1281,11248,16,4,2026-03-28T02:48:23.755000+00:00,32.566,40.136,17.834,281.0,325.0,False,90.536,"[2049, 2049, 2049, 2048, 2049, 2049, 2049, 2049, 2051]","[2051, 2049, 2049, 2049, 2049, 2049, 2049, 2049, 2049, 2049, 2048]","[2048, 2049, 2049, 2049, 2048, 2048]",281.0
1281,11248,23,1,2026-03-28T02:48:26.946000+00:00,,47.136,24.308,260.0,253.0,True,,"[2064, 2064, 2049, 2049, 2049, 2049, 2049, 2049, 2049]","[2049, 2049, 2049, 2049, 2049, 2049, 2049, 2049, 2049, 2049, 2049]","[2049, 2049, 2049, 2049, 2049, 2049, 2049]",132.0
1281,11248,81,3,2026-03-28T02:48:36.058000+00:00,48.231,58.003,23.415,199.0,187.0,False,129.649,"[2048, 2048, 2048, 2048, 2048, 2048, 2048, 2048, 2048]","[2048, 2048, 2048, 2048, 2048, 2048, 2048, 2048, 2048, 2048, 2048]","[2048, 2048, 2048, 2048, 2048, 2048, 2048]",173.0
1281,11248,3,1,2026-03-28T02:48:38.450000+00:00,,48.297,24.143,144.0,257.0,True,,"[2064, 2064, 2049, 2049, 2049, 2049, 2049, 2049, 2049]","[2049, 2049, 2049, 2049, 2049, 2049, 2049, 2049, 2049, 2049, 2049]","[2049, 2049, 2049, 2049, 2049, 2049, 2049]",149.0
1281,11248,5,5,2026-03-28T02:48:41.600000+00:00,46.551,48.891,23.572,251.0,262.0,False,119.014,"[2048, 2048, 2048, 2048, 2048, 2048, 2048, 2048, 2048]","[2048, 2048, 2048, 2048, 2048, 2048, 2048, 2048, 2048, 2048, 2048]","[2048, 2048, 2048, 2048, 2064, 2064, 2064]",239.0
1281,11248,63,2,2026-03-28T02:48:43.611000+00:00,32.46,40.242,17.843,273.0,321.0,False,90.545,"[2049, 2049, 2049, 2049, 2049, 2051, 2051, 2051, 2049]","[2049, 2049, 2049, 2049, 2049, 2049, 2049, 2049, 2049, 2049, 2049]","[2049, 2049, 2051, 2051, 2049, 2049]",276.0
1281,11248,43,10,2026-03-28T02:49:09.480000+00:00,49.201,51.658,24.994,171.0,239.0,False,125.853,"[None, 2048, 2048, 2048, 2048, 2048, 2048, 2048, 2048]","[2048, 2048, 2048, 2048, 2048, 2048, 2048, 2048, 2048, 2048, 2048]","[2048, 2048, 2048, 2048, 2064, 2064, 2064]",238.0
1281,11248,87,7,2026-03-28T02:49:13.364000+00:00,71.534,66.881,21.97,123.0,268.0,False,160.385,"[2048, 2048, 2048, 2048, 2048, 2048, 2048, 2048, 2048]","[2048, 2048, 2048, 2048, 2048, 2048, 2048, 2048, 2048, 2048, 2048]","[2048, 2048, 2048, 2048, 2048, 2048]",217.0
1281,11248,27,6,2026-03-28T02:49:18.576000+00:00,33.098,40.801,17.828,280.0,325.0,False,91.727,"[2049, 2048, 2049, 2049, 2048, 2049, 2048, 2048, 2049]","[2049, 2048, 2049, 2048, 2049, 2049, 2048, 2049, 2049, 2048, 2048]","[2048, 2048, 2048, 2049, 2049, 2049, 2049]",283.0
1281,11248,31,7,2026-03-28T02:49:25.515000+00:00,33.567,40.828,17.974,278.0,328.0,False,92.369,"[2049, 2049, 2048, 2048, 2049, 2048, 2049, 2048, 2049]","[2049, 2048, 2048, 2048, 2049, 2049, 2049, 2049, 2049, 2049, 2049]","[2049, 2049, 2049, 2049, 2048, 2048]",281.0
1281,11248,55,6,2026-03-28T02:49:51.716000+00:00,33.509,40.812,23.388,275.0,332.0,False,97.709,"[None, 2049, 2049, 2049, 2048, 2048, 2048, 2048, 2048]","[2048, 2049, 2048, 2048, 2048, 2048, 2049, 2049, 2048, 2048, 2048]","[2048, 2048, 2048, 2048, 2064, 2064, 2064]",254.0
1281,11248,16,5,2026-03-28T02:49:54.112000+00:00,59.853,66.231,20.275,120.0,254.0,False,146.359,"[2048, 2048, 2048, 2048, 2048, 2048, 2048, 2048, 2048]","[2048, 2048, 2048, 2048, 2048, 2048, 2048, 2048, 2048, 2048, 2048]","[2048, 2048, 2048, 2048, 2048, 2048]",254.0
1281,11248,6,2,2026-03-28T02:50:12.569000+00:00,33.44,40.924,17.822,273.0,327.0,False,92.186,"[2049, 2049, 2049, 2049, 2049, 2049, 2049, 2049, 2049]","[2049, 2049, 2051, 2049, 2049, 2049, 2049, 2049, 2049, 2049, 2049]","[2049, 2049, 2049, 2049, 2049, 2049, 2048]",283.0
1281,11248,63,3,2026-03-28T02:50:14.033000+00:00,54.46,62.994,27.876,157.0,206.0,False,145.33,"[2048, 2048, 2048, 2048, 2048, 2048, 2048, 2048, 2048]","[2048, 2048, 2048, 2048, 2048, 2048, 2048, 2048, 2048, 2048, 2048]","[2048, 2048, 2048, 2048, 2064, 2064, 2064]",258.0
1281,11248,23,2,2026-03-28T02:50:18.086000+00:00,33.616,40.776,17.913,276.0,333.0,False,92.305,"[2049, 2049, 2049, 2049, 2049, 2049, 2049, 2049, 2049]","[2049, 2049, 2049, 2049, 2049, 2049, 2049, 2049, 2049, 2049, 2049]","[2049, 2049, 2049, 2049, 2049, 2049, 2049]",285.0
1281,11248,3,2,2026-03-28T02:50:26.869000+00:00,32.996,40.839,17.721,271.0,336.0,False,91.556,"[2051, 2049, 2049, 2049, 2049, 2049, 2049, 2049, 2049]","[2049, 2049, 2049, 2049, 2049, 2049, 2049, 2049, 2049, 2049, 2049]","[2051, 2049, 2049, 2049, 2049, 2049, 2048]",288.0
1281,11248,41,6,2026-03-28T02:50:29.478000+00:00,49.189,51.883,20.54,78.0,278.0,False,121.612,"[None, 2048, 2048, 2048, 2048, 2048, 2048, 2048, 2048]","[2048, 2048, 2048, 2048, 2048, 2048, 2048, 2048, 2048, 2048, 2048]","[2048, 2048, 2048, 2048, 2048, 2048, 2048]",265.0
1281,11248,30,4,2026-03-28T02:50:35.518000+00:00,33.282,40.771,17.728,271.0,332.0,False,91.781,"[2049, 2049, 2049, 2048, 2049, 2049, 2048, 2048, 2049]","[2049, 2048, 2049, 2048, 2048, 2048, 2048, 2049, 2049, 2048, 2049]","[2049, 2049, 2049, 2048, 2049, 2048]",284.0
1281,11248,12,4,2026-03-28T02:50:44.469000+00:00,99.343,48.716,21.639,259.0,252.0,True,169.698,"[2064, 2064, 2048, 2048, 2048, 2048, 2048, 2048, 2048]","[2048, 2048, 2048, 2048, 2048, 2048, 2048, 2048, 2048, 2048, 2048]","[2048, 2048, 2048, 2048, 2048, 2048, 2048]",252.0
1281,11248,81,4,2026-03-28T02:50:45.714000+00:00,32.754,40.096,17.951,273.0,319.0,False,90.801,"[2049, 2049, 2049, 2051, 2048, 2049, 2048, 2049, 2049]","[2049, 2049, 2049, 2048, 2049, 2051, 2051, 2051, 2049, 2048, 2049]","[2049, 2048, 2049, 2049, 2049, 2049]",278.0
1281,11248,27,7,2026-03-28T02:50:50.276000+00:00,47.016,51.513,21.794,189.0,276.0,False,120.323,"[2048, 2048, 2048, 2048, 2048, 2048, 2048, 2048, 2048]","[2048, 2048, 2048, 2048, 2048, 2048, 2048, 2048, 2048, 2048, 2048]","[2048, 2048, 2048, 2048, 2048, 2048, 2048]",246.0
1281,11248,31,8,2026-03-28T02:50:57.170000+00:00,47.864,57.768,21.777,177.0,270.0,False,127.409,"[2048, 2048, 2048, 2048, 2048, 2048, 2048, 2048, 2048]","[2048, 2048, 2048, 2048, 2048, 2048, 2048, 2048, 2048, 2048, 2048]","[2048, 2048, 2048, 2048, 2048, 2048, 2049]",261.0
1281,11248,5,6,2026-03-28T02:51:07.510000+00:00,66.03,47.16,23.844,268.0,260.0,True,137.034,"[2064, 2064, 2048, 2048, 2048, 2048, 2048, 2048, 2048]","[2048, 2048, 2048, 2048, 2048, 2048, 2048, 2048, 2048, 2048, 2048]","[2048, 2048, 2048, 2048, 2048, 2048, 2048]",215.0
1281,11248,44,6,2026-03-28T02:51:34.149000+00:00,,45.313,20.749,268.0,254.0,True,497.295,"[2064, 2064, 2048, 2048, 2048, 2048, 2048, 2048, 2048]","[2048, 2048, 2048, 2048, 2048, 2048, 2048, 2048, 2048, 2048, 2048]","[2048, 2048, 2048, 2048, 2048, 2048, 2048]",252.0
1281,11248,6,3,2026-03-28T02:51:44.567000+00:00,55.953,55.429,23.756,173.0,237.0,False,135.138,"[2048, 2048, 2048, 2048, 2048, 2048, 2048, 2048, 2048]","[2048, 2048, 2048, 2048, 2048, 2048, 2048, 2048, 2048, 2048, 2048]","[2048, 2048, 2048, 2048, 2048, 2048, 2048]",156.0
1281,11248,23,3,2026-03-28T02:51:50.233000+00:00,56.666,58.415,26.466,171.0,247.0,False,141.547,"[2048, 2048, 2048, 2048, 2048, 2048, 2048, 2048, 2048]","[2048, 2048, 2048, 2048, 2048, 2048, 2048, 2048, 2048, 2048, 2048]","[2048, 2048, 2048, 2048, 2048, 2048, 2048]",230.0
1281,11248,87,8,2026-03-28T02:51:55.202000+00:00,33.368,40.445,17.745,278.0,327.0,False,91.558,"[2049, 2049, 2048, 2048, 2048, 2049, 2049, 2048, 2049]","[2049, 2049, 2048, 2048, 2048, 2049, 2049, 2049, 2049, 2049, 2049]","[2049, 2049, 2049, 2048, 2049, 2049, 2049]",281.0
1281,11248,55,7,2026-03-28T02:51:55.211000+00:00,67.349,46.52,20.658,241.0,266.0,True,134.527,"[2064, 2064, 2048, 2048, 2048, 2048, 2048, 2048, 2048]","[2048, 2048, 2048, 2048, 2048, 2048, 2048, 2048, 2048, 2048, 2048]","[2048, 2048, 2048, 2048, 2048, 2048, 2048]",263.0
1281,11248,3,3,2026-03-28T02:51:58.419000+00:00,51.306,52.575,25.247,208.0,268.0,False,129.128,"[2048, 2048, 2048, 2048, 2048, 2048, 2048, 2048, 2048]","[2048, 2048, 2048, 2048, 2048, 2048, 2048, 2048, 2048, 2048, 2048]","[2048, 2048, 2048, 2048, 2064, 2064, 2064]",238.0
1281,11248,30,5,2026-03-28T02:52:06.717000+00:00,46.921,53.407,26.509,170.0,260.0,False,126.837,"[2048, 2048, 2048, 2048, 2048, 2048, 2048, 2048, 2048]","[2048, 2048, 2048, 2048, 2048, 2048, 2048, 2048, 2048, 2048, 2048]","[2048, 2048, 2048, 2048, 2048, 2048, 2048]",161.0
1281,11248,81,5,2026-03-28T02:52:16.442000+00:00,48.319,57.641,21.978,169.0,208.0,False,127.938,"[2048, 2048, 2048, 2048, 2048, 2048, 2048, 2048, 2048]","[2048, 2048, 2048, 2048, 2048, 2048, 2048, 2048, 2048, 2048, 2048]","[2048, 2048, 2048, 2048, 2048, 2048]",208.0
1281,11248,16,6,2026-03-28T02:52:20.609000+00:00,32.385,40.228,17.616,280.0,332.0,False,90.229,"[2049, 2051, 2049, 2049, 2048, 2049, 2048, 2049, 2048]","[2048, 2048, 2048, 2048, 2049, 2049, 2048, 2049, 2048, 2048, 2048]","[2049, 2051, 2051, 2048, 2049, 2049]",286.0
1281,11248,41,7,2026-03-28T02:52:31.159000+00:00,33.088,40.578,17.622,268.0,330.0,False,91.288,"[2049, 2049, 2049, 2049, 2048, 2048, 2048, 2048, 2049]","[2049, 2049, 2048, 2049, 2048, 2049, 2049, 2049, 2049, 2048, 2048]","[2048, 2049, 2049, 2048, 2048, 2048, 2048]",285.0
1281,11248,12,5,2026-03-28T02:52:38.817000+00:00,32.264,40.304,17.868,276.0,316.0,False,90.436,"[2049, 2048, 2048, 2051, 2048, 2048, 2051, 2049, 2049]","[2049, 2048, 2048, 2048, 2049, 2051, 2049, 2049, 2051, 2048, 2049]","[2048, 2049, 2049, 2049, 2049, 2049, 2049]",275.0
1281,11248,27,8,2026-03-28T02:52:50.594000+00:00,46.299,48.912,21.225,110.0,265.0,False,116.436,"[None, 2048, 2048, 2048, 2048, 2048, 2048, 2048, 2048]","[2048, 2048, 2048, 2048, 2048, 2048, 2048, 2048, 2048, 2048, 2048]","[2048, 2048, 2048, 2048, 2048, 2048, 2048]",217.0
1281,11248,5,7,2026-03-28T02:52:57.729000+00:00,33.207,40.501,17.793,276.0,322.0,False,91.501,"[2048, 2048, 2048, 2048, 2048, 2048, 2048, 2048, 2048]","[2049, 2049, 2049, 2048, 2049, 2049, 2048, 2049, 2049, 2048, 2048]","[2048, 2048, 2049, 2049, 2049, 2049, 2049]",280.0
1281,11248,63,4,2026-03-28T02:52:58.561000+00:00,83.372,47.506,20.783,248.0,258.0,True,151.661,"[2064, 2064, 2048, 2048, 2048, 2048, 2048, 2048, 2048]","[2048, 2048, 2048, 2048, 2048, 2048, 2048, 2048, 2048, 2048, 2048]","[2048, 2048, 2048, 2048, 2048, 2048, 2048]",249.0
1281,11248,31,9,2026-03-28T02:53:04.830000+00:00,33.452,40.51,17.756,280.0,332.0,False,91.718,"[2049, 2049, 2048, 2048, 2048, 2048, 2049, 2048, 2049]","[2048, 2049, 2049, 2048, 2049, 2049, 2049, 2049, 2049, 2049, 2049]","[2049, 2049, 2049, 2049, 2049, 2049]",285.0
1281,11248,87,9,2026-03-28T02:53:25.426000+00:00,45.06,53.005,24.489,202.0,273.0,False,122.554,"[2048, 2048, 2048, 2048, 2048, 2048, 2048, 2048, 2048]","[2048, 2048, 2048, 2048, 2048, 2048, 2048, 2048, 2048, 2048, 2048]","[2048, 2048, 2048, 2048, 2064, 2064, 2064]",262.0
1281,11248,44,7,2026-03-28T02:53:34.631000+00:00,32.792,40.339,17.743,279.0,328.0,False,90.874,"[2049, 2049, 2049, 2049, 2049, 2049, 2048, 2048, 2048]","[2049, 2049, 2049, 2051, 2049, 2048, 2048, 2048, 2048, 2048, 2049]","[2049, 2049, 2051, 2048, 2048, 2048, 2048]",283.0
1281,11248,55,8,2026-03-28T02:53:43.917000+00:00,33.547,41.007,17.823,277.0,330.0,False,92.377,"[2048, 2048, 2048, 2048, 2048, 2048, 2049, 2049, 2048]","[2048, 2049, 2048, 2048, 2048, 2048, 2048, 2048, 2049, 2048, 2048]","[2048, 2048, 2049, 2048, 2048, 2048, 2049]",282.0
1281,11248,16,7,2026-03-28T02:53:50.771000+00:00,42.807,64.517,24.547,135.0,252.0,False,131.871,"[2048, 2048, 2048, 2048, 2048, 2048, 2048, 2048, 2048]","[2048, 2048, 2048, 2048, 2048, 2048, 2048, 2048, 2048, 2048, 2048]","[2048, 2048, 2048, 2048, 2064, 2064, 2064]",255.0
1281,11248,6,4,2026-03-28T02:53:59.833000+00:00,33.216,40.737,17.744,273.0,327.0,False,91.697,"[2049, 2049, 2049, 2049, 2049, 2049, 2048, 2049, 2049]","[2049, 2048, 2048, 2049, 2049, 2049, 2048, 2049, 2049, 2049, 2049]","[2049, 2049, 2048, 2048, 2049, 2051, 2049]",283.0
1281,11248,41,8,2026-03-28T02:54:02.363000+00:00,38.576,45.913,21.222,246.0,277.0,False,105.711,"[2048, 2048, 2048, 2048, 2048, 2048, 2048, 2048, 2048]","[2048, 2048, 2048, 2048, 2048, 2048, 2048, 2048, 2048, 2048, 2048]","[2048, 2048, 2048, 2048, 2064, 2064, 2064]",269.0
1281,11248,12,6,2026-03-28T02:54:09.409000+00:00,53.367,60.269,25.428,209.0,230.0,False,139.064,"[2048, 2048, 2048, 2048, 2048, 2048, 2048, 2048, 2048]","[2048, 2048, 2048, 2048, 2048, 2048, 2048, 2048, 2048, 2048, 2048]","[2048, 2048, 2048, 2048, 2064, 2064, 2064]",217.0
1281,11248,23,4,2026-03-28T02:54:11.968000+00:00,33.675,59.607,24.051,276.0,222.0,False,117.333,"[None, 2048, 2048, 2048, 2049, 2049, 2049, 2049, 2049]","[2049, 2049, 2048, 2048, 2048, 2048, 2048, 2048, 2048, 2048, 2048]","[2048, 2048, 2048, 2048, 2048, 2048, 2048]",184.0
1281,11248,30,6,2026-03-28T02:54:13.613000+00:00,44.558,50.073,28.214,232.0,260.0,False,122.845,"[None, 2048, 2048, 2048, 2048, 2048, 2048, 2048, 2048]","[2048, 2048, 2048, 2048, 2048, 2048, 2048, 2048, 2048, 2048, 2048]","[2048, 2048, 2048, 2048, 2048, 2048, 2048]",167.0
1281,11248,81,6,2026-03-28T02:54:25.331000+00:00,32.67,40.089,17.841,273.0,317.0,False,90.6,"[2049, 2048, 2048, 2048, 2048, 2048, 2049, 2048, 2048]","[2049, 2048, 2048, 2048, 2049, 2048, 2051, 2051, 2049, 2048, 2048]","[2048, 2048, 2051, 2049, 2049, 2049]",277.0
1281,11248,5,8,2026-03-28T02:54:29.156000+00:00,43.448,53.188,23.99,206.0,278.0,False,120.626,"[None, 2048, 2048, 2048, 2048, 2048, 2048, 2048, 2048]","[2048, 2048, 2048, 2048, 2048, 2048, 2048, 2048, 2048, 2048, 2048]","[2048, 2048, 2048, 2048, 2048, 2048, 2048]",213.0
1281,11248,3,4,2026-03-28T02:54:32.643000+00:00,60.174,47.289,24.95,252.0,201.0,True,132.413,"[2064, 2064, 2048, 2048, 2048, 2048, 2048, 2048, 2048]","[2048, 2048, 2048, 2048, 2048, 2048, 2048, 2048, 2048, 2048, 2048]","[2048, 2048, 2048, 2048, 2048, 2048, 2048]",157.0
1281,11248,31,10,2026-03-28T02:54:36.344000+00:00,41.913,48.677,25.532,123.0,280.0,False,116.122,"[2048, 2048, 2048, 2048, 2048, 2048, 2048, 2048, 2048]","[2048, 2048, 2048, 2048, 2048, 2048, 2048, 2048, 2048, 2048, 2048]","[2048, 2048, 2048, 2048, 2064, 2064, 2064]",238.0
1281,11248,27,9,2026-03-28T02:54:47.071000+00:00,32.978,40.61,17.738,279.0,325.0,False,91.326,"[None, 2049, 2049, 2049, 2048, 2048, 2048, 2049, 2048]","[2048, 2048, 2048, 2049, 2048, 2049, 2049, 2049, 2049, 2049, 2048]","[2048, 2048, 2048, 2049, 2049, 2049, 2051]",284.0
1281,11248,44,8,2026-03-28T02:55:05.361000+00:00,58.289,66.849,21.427,136.0,220.0,False,146.565,"[2048, 2048, 2048, 2048, 2048, 2048, 2048, 2048, 2048]","[2048, 2048, 2048, 2048, 2048, 2048, 2048, 2048, 2048, 2048, 2048]","[2048, 2048, 2048, 2048, 2048, 2048, 2048]",252.0
1281,11248,63,5,2026-03-28T02:55:11.163000+00:00,32.263,40.24,17.892,270.0,311.0,False,90.395,"[2049, 2049, 2049, 2049, 2048, 2051, 2049, 2051, 2048]","[2049, 2049, 2048, 2048, 2049, 2048, 2048, 2049, 2051, 2049, 2048]","[2048, 2048, 2049, 2051, 2049, 2049]",271.0
1281,11248,55,9,2026-03-28T02:55:16.333000+00:00,47.926,48.049,25.453,229.0,200.0,False,121.428,"[None, 2048, 2048, 2048, 2048, 2048, 2048, 2048, 2048]","[2048, 2048, 2048, 2048, 2048, 2048, 2048, 2048, 2048, 2048, 2048]","[2048, 2048, 2048, 2048, 2064, 2064, 2064]",199.0
1281,11248,6,5,2026-03-28T02:55:31.500000+00:00,51.018,52.18,28.797,210.0,188.0,False,131.995,"[2048, 2048, 2048, 2048, 2048, 2048, 2048, 2048, 2048]","[2048, 2048, 2048, 2048, 2048, 2048, 2048, 2048, 2048, 2048, 2048]","[2048, 2048, 2048, 2048, 2048, 2048, 2048]",129.0
1281,11248,87,10,2026-03-28T02:55:48.142000+00:00,88.237,44.864,24.998,253.0,273.0,True,158.099,"[2064, 2064, 2048, 2048, 2048, 2048, 2048, 2048, 2048]","[2048, 2048, 2048, 2048, 2048, 2048, 2048, 2048, 2048, 2048, 2048]","[2048, 2048, 2048, 2048, 2064, 2064, 2064]",262.0
1281,11248,81,7,2026-03-28T02:55:54.894000+00:00,44.307,56.77,22.003,258.0,268.0,False,123.08,"[2048, 2048, 2048, 2048, 2048, 2048, 2048, 2048, 2048]","[2048, 2048, 2048, 2048, 2048, 2048, 2048, 2048, 2048, 2048, 2048]","[2048, 2048, 2048, 2048, 2064, 2064, 2064]",265.0
1281,11248,23,5,2026-03-28T02:56:09.279000+00:00,33.712,40.792,17.892,275.0,323.0,False,92.396,"[None, 2048, 2048, 2049, 2049, 2048, 2048, 2049, 2048]","[2049, 2049, 2048, 2049, 2048, 2049, 2049, 2049, 2049, 2048, 2048]","[2048, 2048, 2049, 2049, 2049, 2049, 2049]",281.0
1281,11248,41,9,2026-03-28T02:56:09.412000+00:00,78.237,42.712,20.556,273.0,325.0,True,141.505,"[2064, 2064, 2048, 2048, 2048, 2048, 2048, 2048, 2049]","[2048, 2048, 2048, 2048, 2048, 2048, 2049, 2048, 2048, 2048, 2048]","[2048, 2048, 2048, 2048, 2064, 2064, 2064]",284.0
1281,11248,30,7,2026-03-28T02:56:16.450000+00:00,33.372,40.325,17.694,272.0,332.0,False,91.391,"[None, 2048, 2048, 2049, 2048, 2048, 2049, 2048, 2049]","[2048, 2049, 2049, 2049, 2048, 2049, 2049, 2049, 2049, 2049, 2049]","[2048, 2049, 2048, 2049, 2048, 2048, 2048]",286.0
1281,11248,27,10,2026-03-28T02:56:18.334000+00:00,47.61,46.317,22.964,256.0,279.0,False,116.891,"[None, 2048, 2048, 2048, 2048, 2048, 2048, 2048, 2048]","[2048, 2048, 2048, 2048, 2048, 2048, 2048, 2048, 2048, 2048, 2048]","[2048, 2048, 2048, 2048, 2064, 2064, 2064]",226.0
1281,11248,3,5,2026-03-28T02:56:20.081000+00:00,33.017,40.625,17.712,272.0,333.0,False,91.354,"[2048, 2049, 2049, 2048, 2048, 2048, 2049, 2049, 2049]","[2049, 2049, 2049, 2048, 2049, 2049, 2049, 2049, 2049, 2049, 2048]","[2048, 2049, 2049, 2048, 2048, 2048]",287.0
1281,11248,5,9,2026-03-28T02:56:29.868000+00:00,32.883,40.584,17.634,279.0,332.0,False,91.101,"[None, 2049, 2049, 2049, 2049, 2049, 2049, 2049, 2049]","[2048, 2048, 2049, 2048, 2049, 2049, 2049, 2049, 2048, 2049, 2049]","[2049, 2049, 2049, 2048, 2048, 2048]",288.0
1281,11248,77,7,2026-03-28T02:56:34.891000+00:00,,47.983,22.864,248.0,274.0,True,632.983,"[2064, 2064, 2048, 2048, 2048, 2048, 2048, 2048, 2048]","[2048, 2048, 2048, 2048, 2048, 2048, 2048, 2048, 2048, 2048, 2048]","[2048, 2048, 2048, 2048, 2048, 2048, 2049]",191.0
1281,11248,16,8,2026-03-28T02:56:39.103000+00:00,71.748,43.591,19.729,272.0,260.0,True,135.068,"[2064, 2064, 2048, 2048, 2048, 2048, 2048, 2048, 2048]","[2048, 2048, 2048, 2048, 2048, 2048, 2048, 2048, 2048, 2048, 2048]","[2048, 2048, 2048, 2048, 2048, 2048, 2049]",258.0
1281,11248,63,6,2026-03-28T02:56:41.288000+00:00,50.644,53.751,24.202,208.0,276.0,False,128.597,"[2048, 2048, 2048, 2048, 2048, 2048, 2048, 2048, 2048]","[2048, 2048, 2048, 2048, 2048, 2048, 2048, 2048, 2048, 2048, 2048]","[2048, 2048, 2048, 2048, 2048, 2048, 2048]",189.0
1281,11248,12,7,2026-03-28T02:56:55.488000+00:00,66.764,45.571,21.162,246.0,254.0,True,133.497,"[2064, 2064, 2048, 2048, 2048, 2048, 2048, 2048, 2048]","[2048, 2048, 2048, 2048, 2048, 2048, 2048, 2048, 2048, 2048, 2048]","[2048, 2048, 2048, 2048, 2048, 2048, 2048]",252.0
1281,11248,44,9,2026-03-28T02:57:31.994000+00:00,32.772,40.199,17.776,279.0,327.0,False,90.747,"[2049, 2048, 2048, 2048, 2048, 2048, 2049, 2049, 2049]","[2049, 2049, 2049, 2051, 2048, 2049, 2048, 2048, 2048, 2048, 2048]","[2048, 2048, 2051, 2048, 2048, 2048]",281.0
1281,11248,23,6,2026-03-28T02:57:41.720000+00:00,48.383,57.148,21.701,171.0,287.0,False,127.232,"[None, 2048, 2048, 2048, 2048, 2048, 2048, 2048, 2048]","[2048, 2048, 2048, 2048, 2048, 2048, 2048, 2048, 2048, 2048, 2048]","[2048, 2048, 2048, 2048, 2048, 2048, 2048]",224.0
1281,11248,6,6,2026-03-28T02:57:43.528000+00:00,32.911,40.672,17.941,277.0,315.0,False,91.524,"[2049, 2048, 2051, 2049, 2049, 2049, 2049, 2049, 2049]","[2049, 2049, 2048, 2049, 2048, 2048, 2048, 2048, 2049, 2049, 2048]","[2048, 2048, 2048, 2048, 2048, 2051]",278.0
1281,11248,30,8,2026-03-28T02:57:47.795000+00:00,43.987,57.687,27.793,163.0,265.0,False,129.467,"[None, 2048, 2048, 2048, 2048, 2048, 2048, 2048, 2048]","[2048, 2048, 2048, 2048, 2048, 2048, 2048, 2048, 2048, 2048, 2048]","[2048, 2048, 2048, 2048, 2048, 2048, 2048]",170.0
1281,11248,3,6,2026-03-28T02:57:51.192000+00:00,47.335,49.568,27.219,209.0,270.0,False,124.122,"[None, 2048, 2048, 2048, 2048, 2048, 2048, 2048, 2048]","[2048, 2048, 2048, 2048, 2048, 2048, 2048, 2048, 2048, 2048, 2048]","[2048, 2048, 2048, 2048, 2048, 2048, 2048]",176.0
1281,11248,5,10,2026-03-28T02:58:00.804000+00:00,40.36,47.882,30.9,270.0,264.0,False,119.142,"[None, 2048, 2048, 2048, 2048, 2048, 2048, 2048, 2048]","[2048, 2048, 2048, 2048, 2048, 2048, 2048, 2048, 2048, 2048, 2048]","[2048, 2048, 2048, 2048, 2064, 2064, 2064]",193.0
1281,11248,16,9,2026-03-28T02:58:17.888000+00:00,32.453,60.813,29.58,282.0,139.0,False,122.846,"[2049, 2051, 2049, 2048, 2048, 2049, 2048, 2048, 2051]","[2051, 2048, 2049, 2048, 2048, 2048, 2048, 2048, 2048, 2048, 2048]","[2048, 2048, 2048, 2048, 2064, 2064, 2064]",190.0
1281,11248,81,8,2026-03-28T02:58:19.226000+00:00,82.056,40.627,22.291,275.0,321.0,True,144.974,"[2064, 2064, 2048, 2048, 2048, 2048, 2048, 2048, 2049]","[2048, 2048, 2049, 2049, 2049, 2048, 2048, 2048, 2048, 2048, 2048]","[2049, 2048, 2048, 2048, 2064, 2064, 2064]",280.0
1281,11248,77,8,2026-03-28T02:58:25.101000+00:00,34.425,41.888,18.034,275.0,329.0,False,94.347,"[2049, 2049, 2049, 2048, 2049, 2048, 2048, 2048, 2048]","[2048, 2048, 2048, 2048, 2048, 2048, 2048, 2048, 2048, 2048, 2048]","[2049, 2048, 2048, 2048, 2049, 2049, 2049]",288.0
1281,11248,12,8,2026-03-28T02:58:41.915000+00:00,32.321,39.922,17.686,276.0,321.0,False,89.929,"[2048, 2049, 2049, 2048, 2051, 2048, 2048, 2049, 2049]","[2049, 2048, 2049, 2048, 2049, 2051, 2049, 2048, 2048, 2048, 2049]","[2049, 2049, 2048, 2049, 2049, 2048, 2048]",277.0
1281,11248,10,8,2026-03-28T02:58:44.588000+00:00,,45.015,21.906,257.0,257.0,True,835.196,"[2064, 2064, 2048, 2048, 2048, 2048, 2048, 2048, 2048]","[2048, 2048, 2048, 2048, 2048, 2048, 2048, 2048, 2048, 2048, 2048]","[2048, 2048, 2048, 2048, 2048, 2048, 2048]",256.0
1281,11248,63,7,2026-03-28T02:58:50.021000+00:00,42.993,46.245,19.842,262.0,275.0,False,109.08,"[None, 2048, 2048, 2048, 2048, 2048, 2048, 2048, 2048]","[2048, 2048, 2048, 2048, 2048, 2048, 2048, 2048, 2048, 2048, 2048]","[2048, 2048, 2048, 2048, 2048, 2048, 2048]",261.0
1281,11248,44,10,2026-03-28T02:59:02.568000+00:00,52.583,55.54,22.417,192.0,228.0,False,130.54,"[2048, 2048, 2048, 2048, 2048, 2048, 2048, 2048, 2048]","[2048, 2048, 2048, 2048, 2048, 2048, 2048, 2048, 2048, 2048, 2048]","[2048, 2048, 2048, 2048, 2048, 2048, 2048]",220.0
1281,11248,6,7,2026-03-28T02:59:14.856000+00:00,46.294,46.089,18.183,200.0,315.0,False,110.566,"[2048, 2048, 2048, 2048, 2048, 2048, 2048, 2048, 2048]","[2048, 2048, 2048, 2048, 2048, 2048, 2051, 2048, 2048, 2048, 2048]","[2048, 2048, 2048, 2048, 2048, 2048, 2048]",276.0
1281,11248,43,11,2026-03-28T02:59:47.297000+00:00,,42.834,20.615,260.0,310.0,True,631.947,"[2064, 2064, 2048, 2048, 2048, 2048, 2048, 2048, 2048]","[2048, 2048, 2048, 2048, 2048, 2048, 2048, 2048, 2048, 2048, 2048]","[2048, 2048, 2048, 2048, 2048, 2048, 2049]",272.0
1281,11248,23,7,2026-03-28T02:59:48.925000+00:00,48.287,46.209,20.141,253.0,273.0,False,114.637,"[None, 2048, 2048, 2048, 2048, 2048, 2048, 2048, 2048]","[2048, 2048, 2048, 2048, 2048, 2048, 2048, 2048, 2048, 2048, 2048]","[2048, 2048, 2048, 2048, 2048, 2048, 2048]",237.0
1281,11248,3,7,2026-03-28T02:59:55.495000+00:00,32.931,40.684,17.782,271.0,329.0,False,91.397,"[None, 2048, 2048, 2048, 2048, 2049, 2049, 2049, 2048]","[2049, 2049, 2048, 2049, 2048, 2048, 2048, 2049, 2048, 2048, 2048]","[2048, 2048, 2048, 2049, 2049, 2048, 2048]",283.0
1281,11248,30,9,2026-03-28T02:59:57.344000+00:00,40.799,50.271,25.614,252.0,160.0,False,116.684,"[None, 2048, 2048, 2048, 2048, 2048, 2048, 2048, 2048]","[2048, 2048, 2048, 2048, 2048, 2048, 2048, 2048, 2048, 2048, 2048]","[2048, 2048, 2048, 2048, 2048, 2048]",226.0
1281,11248,77,9,2026-03-28T02:59:58.219000+00:00,44.417,49.031,27.822,250.0,183.0,False,121.27,"[2048, 2048, 2048, 2048, 2048, 2048, 2048, 2048, 2048]","[2048, 2048, 2048, 2048, 2048, 2048, 2048, 2048, 2048, 2048, 2048]","[2048, 2048, 2048, 2048, 2064, 2064, 2064]",230.0
1281,11248,12,9,2026-03-28T03:00:11.788000+00:00,37.661,43.141,24.337,252.0,289.0,False,105.139,"[None, 2048, 2048, 2048, 2048, 2048, 2048, 2048, 2048]","[2048, 2048, 2048, 2048, 2048, 2048, 2048, 2048, 2048, 2048, 2048]","[2048, 2048, 2048, 2048, 2064, 2064, 2064]",271.0
1281,11248,55,10,2026-03-28T03:00:28.661000+00:00,,42.313,18.432,276.0,323.0,True,306.242,"[2064, 2064, 2048, 2048, 2048, 2048, 2048, 2048, 2048]","[2048, 2048, 2048, 2048, 2048, 2048, 2048, 2048, 2048, 2048, 2048]","[2048, 2048, 2048, 2048, 2048, 2049, 0]",281.0
1281,11248,10,9,2026-03-28T03:00:28.880000+00:00,33.576,40.944,26.19,271.0,323.0,False,100.71,"[2049, 2051, 2049, 2048, 2048, 2048, 2048, 2048, 2048]","[2048, 2048, 2048, 2048, 2048, 2049, 2049, 2048, 2048, 2048, 2048]","[2048, 2048, 2048, 2048, 2064, 2064, 2064]",197.0
1281,11248,63,8,2026-03-28T03:00:39.162000+00:00,32.255,39.882,17.781,273.0,320.0,False,89.918,"[2049, 2048, 2048, 2049, 2049, 2048, 2051, 2051, 2048]","[2051, 2048, 2048, 2049, 2048, 2049, 2049, 2051, 2051, 2049, 2048]","[2048, 2049, 2048, 2048, 2049, 2049, 2049]",277.0
1281,11248,6,8,2026-03-28T03:01:05.565000+00:00,33.956,41.913,18.128,268.0,310.0,False,93.997,"[None, 2048, 2048, 2048, 2048, 2048, 2048, 2048, 2048]","[2048, 2048, 2048, 2048, 2048, 2048, 2048, 2048, 2048, 2048, 2048]","[2048, 2048, 2048, 2048, 2048, 2048, 2049]",276.0
1281,11248,44,11,2026-03-28T03:01:13.250000+00:00,45.734,53.051,20.814,215.0,263.0,False,119.599,"[None, 2048, 2048, 2048, 2048, 2048, 2048, 2048, 2048]","[2048, 2048, 2048, 2048, 2048, 2048, 2048, 2048, 2048, 2048, 2048]","[2048, 2048, 2048, 2048, 2048, 2048, 2048]",255.0
1281,11248,3,8,2026-03-28T03:01:26.955000+00:00,41.986,48.355,24.325,214.0,204.0,False,114.666,"[None, 2048, 2048, 2048, 2048, 2048, 2048, 2048, 2048]","[2048, 2048, 2048, 2048, 2048, 2048, 2048, 2048, 2048, 2048, 2048]","[2048, 2048, 2048, 2048, 2064, 2064, 2064]",254.0
1281,11248,23,8,2026-03-28T03:01:43.582000+00:00,33.484,40.743,17.912,275.0,326.0,False,92.139,"[2049, 2049, 2048, 2048, 2048, 2048, 2048, 2048, 2048]","[2049, 2049, 2048, 2049, 2049, 2048, 2048, 2048, 2048, 2048, 2048]","[2048, 2049, 2048, 2049, 2048, 2048, 2048]",279.0
1281,11248,43,12,2026-03-28T03:01:47.443000+00:00,34.493,41.904,18.257,,311.0,False,94.654,"[2048, 2048, 2048, 2048, 2048, 2048, 2048, 2048, 2048]","[2048, 2048, 2048, 2048, 2048, 2048, 2048, 2048, 2048, 2048, 2048]","[2048, 2048, 2048, 2048, 2048, 2048, 2051]",274.0
1281,11248,30,10,2026-03-28T03:01:54.341000+00:00,33.135,40.463,17.782,266.0,332.0,False,91.38,"[None, 2049, 2049, 2048, 2049, 2049, 2049, 2049, 2048]","[2048, 2048, 2048, 2048, 2048, 2049, 2048, 2048, 2049, 2048, 2048]","[2049, 2048, 2048, 2048, 2048, 2048]",286.0
1281,11248,63,9,2026-03-28T03:02:08.959000+00:00,37.836,50.044,25.971,252.0,249.0,False,113.851,"[2048, 2048, 2048, 2048, 2048, 2048, 2048, 2048, 2048]","[2048, 2048, 2048, 2048, 2048, 2048, 2048, 2048, 2048, 2048, 2048]","[2048, 2048, 2048, 2048, 2064, 2064, 2064]",247.0
1281,11248,18,6,2026-03-28T03:02:16.983000+00:00,,49.279,23.232,254.0,230.0,True,1091.079,"[2064, 2064, 2048, 2048, 2048, 2048, 2048, 2048, 2048]","[2048, 2048, 2048, 2048, 2048, 2048, 2048, 2048, 2048, 2048, 2048]","[2048, 2048, 2048, 2048, 2048, 2048, 2048]",234.0
1281,11248,55,11,2026-03-28T03:02:25.400000+00:00,34.337,42.12,18.134,259.0,315.0,False,94.591,"[2051, 2048, 2048, 2048, 2048, 2048, 2048, 2048, 2048]","[2048, 2048, 2048, 2048, 2048, 2048, 2048, 2048, 2048, 2048, 2048]","[2048, 2048, 2048, 2048, 2048, 2048, 2048]",278.0
1281,11248,10,10,2026-03-28T03:02:31.944000+00:00,93.456,58.237,23.417,131.0,251.0,True,175.11,"[2064, 2064, 2048, 2048, 2048, 2048, 2048, 2048, 2048]","[2048, 2048, 2048, 2048, 2048, 2048, 2048, 2048, 2048, 2048, 2048]","[2048, 2048, 2048, 2048, 2048, 2048, 2048]",253.0
1281,11248,77,10,2026-03-28T03:02:32.371000+00:00,71.331,52.521,24.831,173.0,291.0,True,148.683,"[2064, 2064, 2048, 2048, 2048, 2048, 2048, 2048, 2048]","[2048, 2048, 2048, 2048, 2048, 2048, 2048, 2048, 2048, 2048, 2048]","[2048, 2048, 2048, 2048, 2048, 2048, 2048]",164.0
1281,11248,6,9,2026-03-28T03:02:39.601000+00:00,33.841,41.696,17.985,267.0,316.0,False,93.522,"[None, 2048, 2048, 2048, 2048, 2048, 2048, 2048, 2048]","[2048, 2048, 2048, 2048, 2048, 2048, 2048, 2048, 2048, 2048, 2048]","[2048, 2048, 2048, 2048, 2048, 2048, 2049]",278.0
1281,11248,44,12,2026-03-28T03:03:12.882000+00:00,32.756,40.326,17.864,278.0,326.0,False,90.946,"[None, 2048, 2048, 2049, 2048, 2049, 2049, 2049, 2048]","[2049, 2048, 2048, 2051, 2048, 2048, 2048, 2048, 2049, 2048, 2048]","[2048, 2048, 2048, 2048, 2048, 2048]",281.0
1281,11248,23,9,2026-03-28T03:03:15.600000+00:00,44.067,46.783,24.082,225.0,276.0,False,114.932,"[2048, 2048, 2048, 2048, 2048, 2048, 2048, 2048, 2048]","[2048, 2048, 2048, 2048, 2048, 2048, 2048, 2048, 2048, 2048, 2048]","[2048, 2048, 2048, 2048, 2064, 2064, 2064]",266.0
1281,11248,43,13,2026-03-28T03:03:22.069000+00:00,34.322,42.316,18.38,,309.0,False,95.018,"[2049, 2048, 2048, 2048, 2048, 2048, 2048, 2048, 2048]","[2048, 2048, 2048, 2048, 2048, 2048, 2048, 2048, 2048, 2048, 2048]","[2048, 2048, 2048, 2048, 2048, 2048, 2048]",271.0
1281,11248,30,11,2026-03-28T03:03:25.244000+00:00,38.929,53.794,25.243,237.0,199.0,False,117.966,"[None, 2048, 2048, 2048, 2048, 2048, 2048, 2048, 2048]","[2048, 2048, 2048, 2048, 2048, 2048, 2048, 2048, 2048, 2048, 2048]","[2048, 2048, 2048, 2048, 2064, 2064, 2064]",236.0
1281,11248,11,8,2026-03-28T03:03:28.070000+00:00,,44.416,21.452,262.0,270.0,True,1059.997,"[2064, 2064, 2048, 2048, 2048, 2048, 2048, 2048, 2048]","[2048, 2048, 2048, 2048, 2048, 2048, 2048, 2048, 2048, 2048, 2048]","[2048, 2048, 2048, 2048, 2048, 2048, 2048]",258.0
1281,11248,3,9,2026-03-28T03:03:47.800000+00:00,59.366,42.035,18.263,269.0,316.0,True,119.664,"[2064, 2064, 2048, 2048, 2048, 2048, 2048, 2048, 2048]","[2048, 2048, 2048, 2048, 2048, 2048, 2048, 2048, 2048, 2048, 2048]","[2048, 2048, 2048, 2048, 2049, 2049, 2051]",277.0
1281,11248,14,6,2026-03-28T03:03:51.787000+00:00,,48.779,25.78,248.0,252.0,True,970.646,"[2064, 2064, 2048, 2048, 2048, 2048, 2048, 2048, 2048]","[2048, 2048, 2048, 2048, 2048, 2048, 2048, 2048, 2048, 2048, 2048]","[2048, 2048, 2048, 2048, 2048, 2048, 2048]",244.0
1281,11248,55,12,2026-03-28T03:03:58.579000+00:00,34.328,42.049,18.104,,315.0,False,94.481,"[2048, 2048, 2048, 2048, 2048, 2048, 2048, 2048, 2048]","[2048, 2048, 2048, 2048, 2048, 2048, 2048, 2048, 2048, 2048, 2048]","[2048, 2048, 2048, 2048, 2048, 2048, 2049]",278.0
1281,11248,18,7,2026-03-28T03:04:06.521000+00:00,34.28,41.898,18.329,263.0,317.0,False,94.507,"[2049, 2049, 2049, 2049, 2049, 2049, 2049, 2049, 2048]","[2049, 2049, 2049, 2049, 2049, 2048, 2048, 2048, 2048, 2048, 2048]","[2048, 2048, 2048, 2048, 2049, 2049]",271.0
1281,11248,6,10,2026-03-28T03:04:13.197000+00:00,33.743,41.666,17.904,266.0,318.0,False,93.313,"[None, 2048, 2048, 2048, 2048, 2048, 2048, 2048, 2048]","[2048, 2048, 2048, 2048, 2048, 2048, 2048, 2048, 2048, 2048, 2048]","[2048, 2049, 2048, 2048, 2048, 2048, 2049]",281.0
1281,11248,77,11,2026-03-28T03:04:28.107000+00:00,34.102,41.54,17.993,277.0,331.0,False,93.635,"[2048, 2049, 2049, 2048, 2049, 2049, 2048, 2049, 2048]","[2049, 2049, 2048, 2048, 2048, 2048, 2048, 2048, 2048, 2048, 2048]","[2049, 2049, 2049, 2048, 2048, 2048]",289.0
1281,11248,44,13,2026-03-28T03:04:43.744000+00:00,38.051,43.081,22.375,263.0,265.0,False,103.507,"[None, 2048, 2048, 2048, 2048, 2048, 2049, 2048, 2048]","[2048, 2048, 2048, 2048, 2048, 2048, 2048, 2048, 2048, 2048, 2048]","[2048, 2048, 2048, 2048, 2064, 2064, 2064]",259.0
1281,11248,43,14,2026-03-28T03:04:57.036000+00:00,34.467,42.05,18.255,256.0,307.0,False,94.772,"[2048, 2048, 2048, 2048, 2048, 2048, 2048, 2048, 2048]","[2048, 2048, 2048, 2048, 2048, 2048, 2048, 2048, 2048, 2048, 2048]","[2048, 2048, 2048, 2048, 2048, 2048, 2048]",271.0
1281,11248,10,11,2026-03-28T03:05:04.733000+00:00,33.55,40.827,28.719,271.0,306.0,False,103.096,"[2049, 2048, 2049, 2048, 2048, 2048, 2049, 2048, 2048]","[2048, 2048, 2048, 2048, 2048, 2048, 2048, 2048, 2048, 2048, 2048]","[2048, 2048, 2048, 2048, 2064, 2064, 2064]",203.0
1281,11248,11,9,2026-03-28T03:05:12.682000+00:00,33.787,41.23,18.331,276.0,321.0,False,93.348,"[2048, 2048, 2049, 2048, 2048, 2048, 2048, 2048, 2048]","[2048, 2049, 2048, 2048, 2048, 2048, 2049, 2048, 2048, 2048, 2048]","[2048, 2048, 2048, 2049, 2049, 2049, 2048]",277.0
1281,11248,3,10,2026-03-28T03:05:21.190000+00:00,33.684,41.29,17.958,268.0,319.0,False,92.932,"[2048, 2048, 2048, 2048, 2048, 2048, 2048, 2048, 2048]","[2048, 2048, 2048, 2049, 2048, 2048, 2048, 2048, 2048, 2048, 2048]","[2048, 2048, 2048, 2048, 2049, 2049, 2051]",278.0
1281,11248,55,13,2026-03-28T03:05:33.052000+00:00,34.478,42.006,18.217,257.0,312.0,False,94.701,"[None, 2048, 2048, 2048, 2048, 2048, 2048, 2048, 2048]","[2048, 2048, 2048, 2048, 2048, 2048, 2048, 2048, 2048, 2048, 2048]","[2048, 2048, 2048, 2048, 2048, 2048, 2048]",276.0
1281,11248,18,8,2026-03-28T03:05:41.005000+00:00,50.532,49.053,21.771,238.0,255.0,False,121.356,"[2048, 2048, 2048, 2048, 2048, 2048, 2048, 2048, 2048]","[2048, 2048, 2048, 2048, 2048, 2048, 2048, 2048, 2048, 2048, 2048]","[2048, 2048, 2048, 2048, 2048, 2048, 2048]",248.0
1281,11248,14,7,2026-03-28T03:05:43.172000+00:00,34.43,41.835,18.255,266.0,324.0,False,94.52,"[2048, 2048, 2048, 2049, 2049, 2048, 2048, 2048, 2049]","[2048, 2048, 2048, 2049, 2048, 2048, 2048, 2048, 2048, 2048, 2049]","[2049, 2049, 2048, 2048, 2048, 2048, 2048]",276.0
1281,11248,30,12,2026-03-28T03:05:45.230000+00:00,77.955,43.161,18.049,252.0,317.0,True,139.165,"[2064, 2064, 2048, 2048, 2048, 2048, 2048, 2048, 2048]","[2048, 2048, 2048, 2048, 2048, 2048, 2048, 2048, 2048, 2049, 2048]","[2048, 2048, 2048, 2048, 2048, 2049, 2049]",278.0
1281,11248,6,11,2026-03-28T03:05:46.405000+00:00,33.732,41.568,21.344,274.0,326.0,False,96.644,"[None, 2048, 2048, 2048, 2048, 2048, 2048, 2048, 2048]","[2048, 2048, 2048, 2048, 2048, 2048, 2048, 2048, 2048, 2049, 2048]","[2049, 2048, 2048, 2048, 2048, 2048, 2048]",287.0
1281,11248,77,12,2026-03-28T03:06:01.675000+00:00,38.067,45.4,23.276,250.0,279.0,False,106.743,"[None, 2048, 2048, 2048, 2048, 2048, 2048, 2048, 2048]","[2048, 2048, 2048, 2048, 2048, 2048, 2048, 2048, 2048, 2048, 2048]","[2048, 2048, 2048, 2048, 2064, 2064, 2064]",269.0
1281,11248,1,1,2026-03-28T03:06:10.765000+00:00,,50.014,21.331,269.0,178.0,True,,"[2064, 2064, 2049, 2049, 2049, 2049, 2049, 2049, 2049]","[2049, 2049, 2049, 2049, 2049, 2049, 2049, 2049, 2049, 2049, 2049]","[2049, 2049, 2049, 2049, 2049, 2049, 2049]",250.0
1281,11248,43,15,2026-03-28T03:06:31.779000+00:00,34.609,42.184,18.324,257.0,309.0,False,95.117,"[None, 2048, 2049, 2048, 2048, 2048, 2048, 2048, 2048]","[2048, 2048, 2048, 2048, 2048, 2048, 2048, 2048, 2048, 2048, 2048]","[2048, 2048, 2048, 2048, 2048, 2049, 2049]",273.0
1281,11248,11,10,2026-03-28T03:06:46.056000+00:00,63.209,53.974,21.173,252.0,272.0,False,138.356,"[None, 2048, 2048, 2048, 2048, 2048, 2048, 2048, 2048]","[2048, 2048, 2048, 2048, 2048, 2048, 2048, 2048, 2048, 2048, 2048]","[2048, 2048, 2048, 2048, 2048, 2048, 2048]",263.0
1281,11248,3,11,2026-03-28T03:06:54.244000+00:00,33.658,41.422,17.857,269.0,313.0,False,92.937,"[None, 2048, 2048, 2048, 2048, 2048, 2048, 2048, 2048]","[2048, 2048, 2048, 2048, 2048, 2048, 2048, 2048, 2048, 2048, 2048]","[2048, 2048, 2049, 2049, 2049, 2049, 2051]",276.0
1281,11248,55,14,2026-03-28T03:07:07.745000+00:00,34.631,41.923,18.055,266.0,313.0,False,94.609,"[None, 2048, 2048, 2048, 2048, 2048, 2048, 2048, 2048]","[2048, 2048, 2048, 2048, 2048, 2048, 2048, 2048, 2048, 2048, 2048]","[2048, 2048, 2048, 2049, 2049, 2049, 2051]",276.0
1281,11248,14,8,2026-03-28T03:07:17.659000+00:00,37.06,54.168,25.545,239.0,199.0,False,116.773,"[None, 2048, 2048, 2048, 2048, 2048, 2048, 2048, 2048]","[2048, 2048, 2048, 2048, 2048, 2048, 2048, 2048, 2048, 2048, 2048]","[2048, 2048, 2048, 2048, 2064, 2064, 2064]",198.0
1281,11248,6,12,2026-03-28T03:07:23.060000+00:00,34.599,42.552,20.632,268.0,282.0,False,97.783,"[None, 2048, 2048, 2048, 2048, 2048, 2048, 2048, 2048]","[2048, 2048, 2048, 2048, 2048, 2048, 2048, 2048, 2048, 2048, 2048]","[2048, 2048, 2048, 2048, 2064, 2064, 2064]",269.0
1281,11248,18,9,2026-03-28T03:07:42.497000+00:00,34.291,41.753,18.367,264.0,317.0,False,94.411,"[2049, 2049, 2049, 2048, 2048, 2049, 2049, 2048, 2049]","[2049, 2048, 2049, 2048, 2049, 2048, 2048, 2048, 2049, 2049, 2048]","[2048, 2048, 2048, 2048, 2048, 2048]",271.0
1281,11248,30,13,2026-03-28T03:07:42.624000+00:00,35.286,41.561,18.039,271.0,325.0,False,94.886,"[2048, 2048, 2048, 2048, 2048, 2048, 2048, 2048, 2048]","[2048, 2048, 2048, 2048, 2048, 2048, 2048, 2048, 2048, 2048, 2048]","[2048, 2048, 2048, 2048, 2048, 2049, 2049]",284.0
1281,11248,1,2,2026-03-28T03:08:00.523000+00:00,32.836,40.437,18.19,,312.0,False,91.463,"[2049, 2049, 2049, 2049, 2049, 2049, 2049, 2049, 2049]","[2049, 2049, 2049, 2049, 2049, 2049, 2049, 2049, 2049, 2049, 2049]","[2049, 2049, 2049, 2049, 2049, 2049, 2049]",274.0
1281,11248,77,13,2026-03-28T03:08:06.643000+00:00,72.022,48.494,24.92,223.0,273.0,True,145.436,"[2064, 2064, 2048, 2048, 2048, 2048, 2048, 2048, 2048]","[2048, 2048, 2048, 2048, 2048, 2048, 2048, 2048, 2048, 2048, 2048]","[2048, 2048, 2048, 2048, 2064, 2064, 2064]",264.0
1281,11248,43,16,2026-03-28T03:08:06.917000+00:00,34.468,42.296,18.312,261.0,309.0,False,95.076,"[2049, 2048, 2048, 2048, 2048, 2048, 2048, 2048, 2048]","[2048, 2048, 2048, 2048, 2048, 2048, 2048, 2048, 2048, 2048, 2048]","[2048, 2048, 2048, 2048, 2048, 2048, 2048]",273.0
1281,11248,81,9,2026-03-28T03:08:20.279000+00:00,,44.446,26.201,260.0,254.0,True,584.126,"[None, 2064, 2048, 2048, 2048, 2048, 2048, 2048, 2048]","[2048, 2048, 2048, 2048, 2048, 2048, 2048, 2048, 2048, 2048, 2048]","[2048, 2048, 2048, 2048, 2048, 2048, 2048]",255.0
1281,11248,3,12,2026-03-28T03:08:27.140000+00:00,33.935,41.267,18.424,270.0,317.0,False,93.626,"[None, 2048, 2048, 2048, 2048, 2048, 2048, 2048, 2048]","[2048, 2048, 2048, 2048, 2048, 2048, 2048, 2048, 2048, 2048, 2048]","[2048, 2048, 2048, 2048, 2048, 2048, 2051]",280.0
1281,11248,63,10,2026-03-28T03:08:36.946000+00:00,,43.851,20.211,265.0,255.0,True,373.166,"[2064, 2064, 2048, 2048, 2048, 2048, 2048, 2048, 2048]","[2048, 2048, 2048, 2048, 2048, 2048, 2048, 2048, 2048, 2048, 2048]","[2048, 2048, 2048, 2048, 2048, 2048, 2048]",251.0
1281,11248,55,15,2026-03-28T03:08:42.367000+00:00,34.351,41.705,18.096,270.0,317.0,False,94.152,"[2051, 2048, 2048, 2048, 2048, 2048, 2048, 2048, 2048]","[2048, 2048, 2048, 2048, 2048, 2048, 2048, 2048, 2048, 2048, 2048]","[2048, 2051, 2048, 2048, 2048, 2048, 2048]",309.0
1281,11248,12,10,2026-03-28T03:08:46.524000+00:00,,47.296,20.924,259.0,267.0,True,514.039,"[2064, 2064, 2048, 2048, 2048, 2048, 2048, 2048, 2048]","[2048, 2048, 2048, 2048, 2048, 2048, 2048, 2048, 2048, 2048, 2048]","[2048, 2048, 2048, 2048, 2048, 2048, 2048]",257.0
1281,11248,11,11,2026-03-28T03:09:04.754000+00:00,34.361,42.068,25.001,265.0,295.0,False,101.43,"[None, 2048, 2048, 2048, 2048, 2048, 2048, 2048, 2048]","[2048, 2048, 2048, 2048, 2048, 2048, 2048, 2048, 2048, 2048, 2048]","[2048, 2048, 2048, 2048, 2064, 2064, 2064]",266.0
1281,11248,18,10,2026-03-28T03:09:16.764000+00:00,42.087,47.944,23.115,236.0,256.0,False,113.146,"[2048, 2048, 2048, 2048, 2048, 2048, 2048, 2048, 2048]","[2048, 2048, 2048, 2048, 2048, 2048, 2048, 2048, 2048, 2048, 2048]","[2048, 2048, 2048, 2048, 2064, 2064, 2064]",231.0
1281,11248,30,14,2026-03-28T03:09:17.648000+00:00,33.762,41.319,20.915,272.0,323.0,False,95.996,"[2049, 2048, 2048, 2048, 2048, 2048, 2048, 2048, 2049]","[2048, 2048, 2048, 2048, 2048, 2048, 2048, 2048, 2048, 2048, 2048]","[2048, 2048, 2048, 2048, 2064, 2064, 2064]",280.0
1281,11248,1,3,2026-03-28T03:09:31.788000+00:00,50.333,62.424,19.943,177.0,280.0,False,132.7,"[2048, 2048, 2048, 2048, 2048, 2048, 2048, 2048, 2048]","[2048, 2048, 2048, 2048, 2048, 2048, 2048, 2048, 2048, 2048, 2048]","[2048, 2048, 2048, 2048, 2048, 2048, 2048]",260.0
1281,11248,43,17,2026-03-28T03:09:42.104000+00:00,34.527,43.725,18.474,258.0,319.0,False,96.726,"[2048, 2048, 2048, 2048, 2048, 2048, 2048, 2048, 2048]","[2048, 2048, 2048, 2048, 2048, 2048, 2048, None, None, 2048, 2048]","[2049, 2048, 2048, 2048, 2048, 2048, 2048]",275.0
1281,11248,41,10,2026-03-28T03:09:47.417000+00:00,,43.297,20.366,269.0,320.0,True,801.98,"[None, 2064, 2048, 2048, 2048, 2048, 2048, 2048, 2048]","[2048, 2048, 2048, 2048, 2048, 2048, 2048, 2048, 2048, 2048, 2048]","[2048, 2048, 2048, 2048, 2064, 2064, 2064]",278.0
1281,11248,31,11,2026-03-28T03:09:55.707000+00:00,,49.091,24.58,272.0,280.0,True,917.537,"[2064, 2064, 2048, 2048, 2048, 2048, 2048, 2048, 2048]","[2048, 2048, 2048, 2048, 2048, 2048, 2048, 2048, 2048, 2048, 2048]","[2048, 2048, 2048, 2048, 2048, 2048, 2048]",233.0
1281,11248,3,13,2026-03-28T03:10:00.734000+00:00,33.741,41.224,21.011,268.0,319.0,False,95.976,"[None, 2048, 2048, 2048, 2048, 2048, 2048, 2048, 2048]","[2048, 2048, 2048, 2048, 2048, 2048, 2048, 2048, 2049, 2049, 2048]","[2048, 2048, 2048, 2048, 2064, 2064, 2064]",279.0
1281,11248,81,10,2026-03-28T03:10:07.229000+00:00,32.759,39.869,17.736,273.0,325.0,False,90.364,"[2048, 2048, 2048, 2048, 2049, 2049, 2048, 2049, 2048]","[2048, 2048, 2051, 2048, 2049, 2049, 2049, 2048, 2049, 2049, 2049]","[2049, 2049, 2048, 2048, 2048, 2048]",282.0
1281,11248,5,11,2026-03-28T03:10:08.054000+00:00,,46.865,28.312,271.0,268.0,True,718.748,"[2064, 2064, 2048, 2048, 2048, 2048, 2048, 2048, 2048]","[2048, 2048, 2048, 2048, 2048, 2048, 2048, 2048, 2048, 2048, 2048]","[2048, 2048, 2048, 2048, 2048, 2048, 2048]",215.0
1281,11248,63,11,2026-03-28T03:10:16.115000+00:00,32.029,39.945,17.642,274.0,325.0,False,89.616,"[2049, 2048, 2049, 2051, 2049, 2051, 2048, 2048, 2049]","[2049, 2048, 2049, 2048, 2048, 2049, 2049, 2051, 2048, 2051, 2049]","[2049, 2049, 2048, 2048, 2048, 2048, 2048]",282.0
1281,11248,55,16,2026-03-28T03:10:16.597000+00:00,35.253,41.724,18.203,268.0,332.0,False,95.18,"[2048, 2048, 2048, 2048, 2048, 2048, 2048, 2048, 2048]","[2048, 2048, 2048, 2048, 2048, 2048, 2049, 2048, 2048, 2048, 2048]","[2048, 2048, 2048, 2048, 2048, 2048, 2048]",286.0
1281,11248,87,11,2026-03-28T03:10:22.979000+00:00,,48.177,20.169,215.0,267.0,True,845.324,"[None, 2064, 2048, 2048, 2048, 2048, 2048, 2048, 2048]","[2048, 2048, 2048, 2048, 2048, 2048, 2048, 2048, 2048, 2048, 2048]","[2048, 2048, 2048, 2048, 2048, 2048, 2048]",251.0
1281,11248,12,11,2026-03-28T03:10:30.932000+00:00,32.159,39.646,17.557,280.0,325.0,False,89.362,"[2049, 2048, 2048, 2048, 2048, 2049, 2048, 2049, 2049]","[2051, 2051, 2049, 2048, 2048, 2051, 2049, 2049, 2049, 2048, 2049]","[2049, 2049, 2051, 2048, 2049, 2048, 2048]",280.0
1281,11248,27,11,2026-03-28T03:10:35.902000+00:00,,48.234,22.228,275.0,254.0,True,847.825,"[2064, 2064, 2048, 2048, 2048, 2048, 2048, 2048, 2048]","[2048, 2048, 2048, 2048, 2048, 2048, 2048, 2048, 2048, 2048, 2048]","[2048, 2048, 2048, 2048, 2048, 2048, 2048]",263.0
1281,11248,43,18,2026-03-28T03:11:18.715000+00:00,34.347,42.424,21.04,256.0,309.0,False,97.811,"[2049, 2048, 2048, 2048, 2048, 2048, 2048, 2048, 2048]","[2048, 2048, 2048, 2048, 2048, 2048, 2048, 2048, 2048, 2048, 2048]","[2048, 2048, 2048, 2048, 2064, 2064, 2064]",272.0
1281,11248,81,11,2026-03-28T03:11:37.504000+00:00,54.853,49.46,24.402,167.0,256.0,False,128.715,"[None, 2048, 2048, 2048, 2048, 2048, 2048, 2048, 2048]","[2048, 2048, 2048, 2048, 2048, 2048, 2048, 2048, 2048, 2048, 2048]","[2048, 2048, 2048, 2048, 2064, 2064, 2064]",228.0
1281,11248,1,4,2026-03-28T03:11:44.621000+00:00,32.77,40.263,18.061,272.0,316.0,False,91.094,"[2049, 2048, 2048, 2049, 2049, 2049, 2049, 2048, 2049]","[2049, 2048, 2049, 2049, 2048, 2048, 2048, 2049, 2048, 2048, 2049]","[2049, 2049, 2049, 2048, 2048, 2048, 2048]",275.0
1281,11248,63,12,2026-03-28T03:11:45.631000+00:00,50.848,56.417,26.735,250.0,269.0,False,134.0,"[2048, 2048, 2048, 2048, 2048, 2048, 2048, 2048, 2048]","[2048, 2048, 2048, 2048, 2048, 2048, 2048, 2048, 2048, 2048, 2048]","[2048, 2048, 2048, 2048, 2064, 2064, 2064]",230.0
1281,11248,31,12,2026-03-28T03:11:50.124000+00:00,33.196,43.074,19.994,280.0,276.0,False,96.264,"[2048, 2049, 2049, 2049, 2048, 2049, 2049, 2049, 2049]","[2049, 2048, 2048, 2048, 2048, 2048, 2048, 2048, 2048, 2048, 2048]","[2048, 2048, 2048, 2048, 2048, 2048, 2049]",263.0
1281,11248,55,17,2026-03-28T03:11:51.707000+00:00,35.372,42.969,22.697,270.0,283.0,False,101.038,"[None, 2048, 2048, 2048, 2048, 2048, 2048, 2048, 2048]","[2048, 2048, 2048, 2048, 2048, 2048, 2048, 2048, 2048, 2048, 2048]","[2048, 2048, 2048, 2048, 2064, 2064, 2064]",270.0
1281,11248,5,12,2026-03-28T03:11:58.874000+00:00,33.014,40.172,23.855,277.0,327.0,False,97.041,"[2048, 2048, 2048, 2049, 2049, 2049, 2049, 2048, 2048]","[2048, 2049, 2048, 2049, 2048, 2048, 2048, 2049, 2049, 2049, 2048]","[2048, 2048, 2048, 2048, 2064, 2064, 2064]",287.0
1281,11248,12,12,2026-03-28T03:12:00.331000+00:00,39.223,55.716,29.075,265.0,172.0,False,124.014,"[2048, 2048, 2048, 2048, 2048, 2048, 2048, 2048, 2048]","[2048, 2048, 2048, 2048, 2048, 2048, 2048, 2048, 2048, 2048, 2048]","[2048, 2048, 2048, 2048, 2064, 2064, 2064]",202.0
1281,11248,87,12,2026-03-28T03:12:11.534000+00:00,32.886,53.571,33.716,279.0,139.0,False,120.173,"[2048, 2049, 2049, 2049, 2049, 2049, 2049, 2049, 2049]","[2048, 2048, 2048, 2048, 2048, 2049, 2049, 2048, 2048, 2048, 2048]","[2048, 2048, 2048, 2048, 2064, 2064, 2064]",146.0
1281,11248,27,12,2026-03-28T03:12:23.136000+00:00,32.678,40.327,17.653,276.0,326.0,False,90.658,"[2048, 2048, 2048, 2049, 2049, 2049, 2049, 2049, 2048]","[2048, 2049, 2048, 2049, 2049, 2048, 2048, 2049, 2049, 2049, 2048]","[2049, 2048, 2049, 2048, 2048, 2049]",286.0
1281,11248,1,5,2026-03-28T03:13:15.688000+00:00,47.014,65.508,21.655,160.0,191.0,False,134.177,"[2048, 2048, 2048, 2048, 2048, 2048, 2048, 2048, 2048]","[2048, 2048, 2048, 2048, 2048, 2048, 2048, 2048, 2048, 2048, 2048]","[2048, 2048, 2048, 2048, 2048, 2048, 2048]",223.0
1281,11248,31,13,2026-03-28T03:13:26.346000+00:00,42.689,61.151,26.132,190.0,193.0,False,129.972,"[None, 2048, 2048, 2048, 2048, 2048, 2048, 2048, 2048]","[2048, 2048, 2048, 2048, 2048, 2048, 2048, 2048, 2048, 2048, 2048]","[2048, 2048, 2048, 2048, 2048, 2048, 2048]",183.0
1281,11248,27,13,2026-03-28T03:13:54.122000+00:00,50.673,65.037,20.892,163.0,188.0,False,136.602,"[None, 2048, 2048, 2048, 2048, 2048, 2048, 2048, 2048]","[2048, 2048, 2048, 2048, 2048, 2048, 2048, 2048, 2048, 2048, 2048]","[2048, 2048, 2048, 2048, 2048, 2048, 2048]",257.0
1281,11248,5,13,2026-03-28T03:14:06.158000+00:00,75.741,49.853,22.159,223.0,259.0,True,147.753,"[2064, 2064, 2048, 2048, 2048, 2048, 2048, 2048, 2048]","[2048, 2048, 2048, 2048, 2048, 2048, 2048, 2048, 2048, 2048, 2048]","[2048, 2048, 2048, 2048, 2048, 2048, 2048]",214.0
1281,11248,44,14,2026-03-28T03:14:15.678000+00:00,,52.577,30.417,259.0,273.0,True,593.468,"[2064, 2064, 2048, 2048, 2048, 2048, 2048, 2048, 2048]","[2048, 2048, 2048, 2048, 2048, 2048, 2048, 2048, 2048, 2048, 2048]","[2048, 2048, 2048, 2048, 2048, 2048, 2048]",263.0
1281,11248,81,12,2026-03-28T03:14:16.924000+00:00,82.369,51.448,27.641,212.0,202.0,True,161.458,"[2064, 2064, 2048, 2048, 2048, 2048, 2048, 2048, 2048]","[2048, 2048, 2048, 2048, 2048, 2048, 2048, 2048, 2048, 2048, 2048]","[2048, 2048, 2048, 2048, 2048, 2048, 2048]",153.0
1281,11248,23,10,2026-03-28T03:14:30.460000+00:00,,48.167,30.568,250.0,223.0,True,683.22,"[2064, 2064, 2048, 2048, 2048, 2048, 2048, 2048, 2048]","[2048, 2048, 2048, 2048, 2048, 2048, 2048, 2048, 2048, 2048, 2048]","[2048, 2048, 2048, 2048, 2048, 2048, 2048]",177.0
1281,11248,16,10,2026-03-28T03:14:45.453000+00:00,,42.885,28.059,278.0,295.0,True,983.776,"[2064, 2064, 2048, 2048, 2048, 2048, 2048, 2048, 2048]","[2048, 2048, 2048, 2048, 2048, 2048, 2048, 2048, 2048, 2048, 2048]","[2048, 2048, 2048, 2048, 2048, 2048, 2048]",222.0
1281,11248,1,6,2026-03-28T03:15:29.941000+00:00,33.013,42.203,22.922,273.0,323.0,False,98.138,"[None, 2048, 2048, 2048, 2048, 2048, 2048, 2048, 2049]","[2049, 2049, 2049, 2048, 2049, 2048, 2048, 2048, 2048, 2048, 2048]","[2048, 2048, 2048, 2048, 2064, 2064, 2064]",239.0
1281,11248,31,14,2026-03-28T03:15:36.410000+00:00,46.273,49.39,20.617,211.0,270.0,False,116.28,"[None, 2048, 2048, 2048, 2048, 2048, 2048, 2048, 2048]","[2048, 2048, 2048, 2048, 2048, 2048, 2048, 2048, 2048, 2048, 2048]","[2048, 2048, 2048, 2048, 2048, 2048, 2048]",259.0
1281,11248,5,14,2026-03-28T03:16:03.659000+00:00,32.811,40.384,17.805,276.0,323.0,False,91.0,"[2048, 2048, 2049, 2048, 2048, 2049, 2049, 2049, 2048]","[2048, 2048, 2048, 2048, 2048, 2048, 2048, 2049, 2048, 2048, 2048]","[2048, 2048, 2049, 2048, 2048, 2048, 2048]",282.0
1281,11248,27,14,2026-03-28T03:16:10.379000+00:00,32.817,40.497,17.667,266.0,326.0,False,90.981,"[2049, 2048, 2048, 2048, 2048, 2048, 2049, 2049, 2048]","[2048, 2048, 2048, 2048, 2049, 2048, 2048, 2049, 2048, 2048, 2048]","[2048, 2048, 2048, 2048, 2048, 2048, 2048]",285.0
1281,11248,44,15,2026-03-28T03:16:20.776000+00:00,32.485,40.277,18.049,280.0,319.0,False,90.811,"[2048, 2048, 2048, 2051, 2049, 2049, 2049, 2049, 2049]","[2049, 2048, 2048, 2048, 2048, 2048, 2048, 2049, 2049, 2048, 2048]","[2048, 2048, 2051, 2048, 2048, 2048, 2048]",278.0
1281,11248,81,13,2026-03-28T03:16:27.823000+00:00,32.818,39.98,17.694,272.0,321.0,False,90.492,"[2048, 2048, 2048, 2048, 2048, 2048, 2048, 2049, 2048]","[2049, 2049, 2048, 2051, 2049, 2049, 2049, 2048, 2048, 2048, 2048]","[2048, 2048, 2049, 2049, 2049, 2049, 2049]",280.0
1281,11248,23,11,2026-03-28T03:16:33.802000+00:00,33.472,40.642,17.908,278.0,326.0,False,92.022,"[2048, 2048, 2048, 2049, 2048, 2049, 2048, 2049, 2049]","[2049, 2049, 2048, 2049, 2048, 2048, 2049, 2048, 2048, 2049, 2048]","[2048, 2049, 2048, 2048, 2048, 2048]",282.0
1281,11248,41,11,2026-03-28T03:16:39.472000+00:00,,53.938,24.165,248.0,235.0,True,431.792,"[None, 2064, 2048, 2048, 2048, 2048, 2048, 2048, 2048]","[2048, 2048, 2048, 2048, 2048, 2048, 2048, 2048, 2048, 2048, 2048]","[2048, 2048, 2048, 2048, 2048, 2048, 2048]",225.0
1281,11248,16,11,2026-03-28T03:16:44.476000+00:00,38.705,47.46,19.751,241.0,297.0,False,105.916,"[2048, 2048, 2048, 2048, 2048, 2048, 2048, 2048, 2048]","[2048, 2048, 2048, 2048, 2048, 2048, 2048, 2048, 2048, 2048, 2048]","[2048, 2048, 2048, 2048, 2048, 2048, 2049]",265.0
1281,11248,3,14,2026-03-28T03:16:52.281000+00:00,,44.933,25.369,253.0,195.0,True,420.761,"[2064, 2064, 2048, 2048, 2048, 2048, 2048, 2048, 2048]","[2048, 2048, 2048, 2048, 2048, 2048, 2048, 2048, 2048, 2048, 2048]","[2048, 2048, 2048, 2048, 2048, 2048, 2048]",184.0
1281,11248,10,12,2026-03-28T03:17:04.645000+00:00,,45.021,24.721,255.0,256.0,True,723.923,"[2064, 2064, 2048, 2048, 2048, 2048, 2048, 2048, 2048]","[2048, 2048, 2048, 2048, 2048, 2048, 2048, 2048, 2048, 2048, 2048]","[2048, 2048, 2048, 2048, 2048, 2048, 2048]",252.0
1281,11248,55,18,2026-03-28T03:17:10.448000+00:00,,48.166,20.643,250.0,262.0,True,327.137,"[2064, 2064, 2048, 2048, 2048, 2048, 2048, 2048, 2048]","[2048, 2048, 2048, 2048, 2048, 2048, 2048, 2048, 2048, 2048, 2048]","[2048, 2048, 2048, 2048, 2048, 2048, 2048]",247.0
1281,11248,18,11,2026-03-28T03:17:12.446000+00:00,,46.609,24.385,249.0,251.0,True,478.417,"[2064, 2064, 2048, 2048, 2048, 2048, 2048, 2048, 2048]","[2048, 2048, 2048, 2048, 2048, 2048, 2048, 2048, 2048, 2048, 2048]","[2048, 2048, 2048, 2048, 2048, 2048, 2048]",137.0
1281,11248,6,13,2026-03-28T03:17:21.548000+00:00,,47.589,23.443,234.0,210.0,True,621.198,"[2064, 2064, 2048, 2048, 2048, 2048, 2048, 2048, 2048]","[2048, 2048, 2048, 2048, 2048, 2048, 2048, 2048, 2048, 2048, 2048]","[2048, 2048, 2048, 2048, 2048, 2048, 2048]",219.0
1281,11248,31,15,2026-03-28T03:17:32.671000+00:00,33.353,40.417,17.864,280.0,328.0,False,91.634,"[None, 2048, 2048, 2048, 2048, 2049, 2048, 2048, 2048]","[2049, 2048, 2049, 2048, 2049, 2049, 2049, 2049, 2048, 2049, 2048]","[2048, 2048, 2048, 2049, 2048, 2048]",283.0
1281,11248,5,15,2026-03-28T03:17:34.538000+00:00,51.157,60.218,25.675,168.0,270.0,False,137.05,"[None, 2048, 2048, 2048, 2048, 2048, 2048, 2048, 2048]","[2048, 2048, 2048, 2048, 2048, 2048, 2048, 2048, 2048, 2048, 2048]","[2048, 2048, 2048, 2048, 2064, 2064, 2064]",223.0
1281,11248,27,15,2026-03-28T03:17:41.384000+00:00,48.922,56.19,26.425,190.0,208.0,False,131.537,"[2048, 2048, 2048, 2048, 2048, 2048, 2048, 2048, 2048]","[2048, 2048, 2048, 2048, 2048, 2048, 2048, 2048, 2048, 2048, 2048]","[2048, 2048, 2048, 2048, 2064, 2064, 2064]",234.0
1281,11248,44,16,2026-03-28T03:17:51.603000+00:00,74.66,79.307,29.36,125.0,189.0,False,183.327,"[None, 2048, 2048, 2048, 2048, 2048, 2048, 2048, 2048]","[2048, 2048, 2048, 2048, 2048, 2048, 2048, 2048, 2048, 2048, 2048]","[2048, 2048, 2048, 2048, 2048, 2048]",159.0
1281,11248,81,14,2026-03-28T03:17:58.197000+00:00,48.711,55.866,21.455,206.0,179.0,False,126.032,"[None, 2048, 2048, 2048, 2048, 2048, 2048, 2048, 2048]","[2048, 2048, 2048, 2048, 2048, 2048, 2048, 2048, 2048, 2048, 2048]","[2048, 2048, 2048, 2048, 2048, 2048, 2048]",232.0
1281,11248,23,12,2026-03-28T03:18:05.840000+00:00,58.5,59.449,25.208,174.0,161.0,False,143.157,"[None, 2048, 2048, 2048, 2048, 2048, 2048, 2048, 2048]","[2048, 2048, 2048, 2048, 2048, 2048, 2048, 2048, 2048, 2048, 2048]","[2048, 2048, 2048, 2048, 2048, 2048, 2048]",197.0
1281,11248,87,13,2026-03-28T03:18:11.557000+00:00,,46.023,21.041,267.0,245.0,True,344.388,"[2064, 2064, 2048, 2048, 2048, 2048, 2048, 2048, 2048]","[2048, 2048, 2048, 2048, 2048, 2048, 2048, 2048, 2048, 2048, 2048]","[2048, 2048, 2048, 2048, 2048, 2048, 2048]",243.0
1281,11248,16,12,2026-03-28T03:18:30.402000+00:00,32.318,40.078,17.909,282.0,325.0,False,90.305,"[2049, 2048, 2049, 2049, 2049, 2049, 2049, 2048, 2051]","[2048, 2049, 2048, 2049, 2048, 2049, 2048, 2049, 2048, 2049, 2048]","[2048, 2048, 2048, 2048, 2048, 2048, 2048]",283.0
1281,11248,3,15,2026-03-28T03:18:37.429000+00:00,32.659,40.516,17.735,275.0,332.0,False,90.91,"[2049, 2048, 2049, 2049, 2049, 2049, 2048, 2048, 2049]","[2049, 2048, 2048, 2048, 2048, 2048, 2049, 2049, 2048, 2048, 2048]","[2048, 2048, 2049, 2048, 2048, 2048]",284.0
1281,11248,41,12,2026-03-28T03:18:43.484000+00:00,41.803,50.553,20.437,168.0,253.0,False,112.793,"[2048, 2048, 2051, 2048, 2048, 2048, 2048, 2048, 2048]","[2048, 2048, 2048, 2048, 2048, 2048, 2048, 2048, 2048, 2048, 2048]","[2048, 2048, 2048, 2048, 2048, 2048, 2048]",256.0
1281,11248,10,13,2026-03-28T03:18:51.760000+00:00,32.972,40.377,17.776,274.0,328.0,False,91.125,"[2048, 2051, 2049, 2049, 2049, 2049, 2049, 2048, 2048]","[2049, 2049, 2048, 2048, 2048, 2049, 2049, 2049, 2048, 2048, 2049]","[2049, 2048, 2048, 2048, 2049, 2049]",282.0
1281,11248,55,19,2026-03-28T03:18:59.877000+00:00,33.223,40.911,17.695,273.0,332.0,False,91.829,"[2048, 2049, 2049, 2049, 2049, 2049, 2049, 2048, 2048]","[2049, 2048, 2048, 2048, 2048, 2049, 2048, 2048, 2048, 2048, 2048]","[2048, 2048, 2048, 2049, 2048, 2048, 2048]",286.0
1281,11248,31,16,2026-03-28T03:19:04.136000+00:00,46.619,53.009,27.439,226.0,235.0,False,127.067,"[None, 2048, 2048, 2048, 2048, 2048, 2048, 2048, 2048]","[2048, 2048, 2048, 2048, 2048, 2048, 2048, 2048, 2048, 2048, 2048]","[2048, 2048, 2048, 2048, 2064, 2064, 2064]",213.0
1281,11248,18,12,2026-03-28T03:19:08.446000+00:00,33.791,41.577,18.117,268.0,322.0,False,93.485,"[2049, 2049, 2049, 2049, 2049, 2048, 2049, 2049, 2049]","[2049, 2048, 2049, 2048, 2049, 2049, 2049, 2048, 2048, 2049, 2049]","[2049, 2048, 2049, 2048, 2049, 2049]",275.0
1281,11248,12,13,2026-03-28T03:19:09.250000+00:00,,44.87,24.312,261.0,255.0,True,411.849,"[2064, 2064, 2048, 2048, 2048, 2048, 2048, 2048, 2048]","[2048, 2048, 2048, 2048, 2048, 2048, 2048, 2048, 2048, 2048, 2048]","[2048, 2048, 2048, 2048, 2048, 2048, 2048]",250.0
1281,11248,6,14,2026-03-28T03:19:22.091000+00:00,32.756,40.566,17.772,278.0,331.0,False,91.094,"[2048, 2049, 2048, 2049, 2049, 2049, 2048, 2049, 2049]","[2048, 2048, 2048, 2048, 2048, 2049, 2048, 2049, 2048, 2048, 2049]","[2049, 2049, 2048, 2048, 2048, 2048, 2048]",287.0
1281,11248,63,13,2026-03-28T03:19:26.245000+00:00,,45.262,20.486,250.0,252.0,True,429.87,"[2064, 2064, 2048, 2048, 2048, 2048, 2048, 2048, 2048]","[2048, 2048, 2048, 2048, 2048, 2048, 2048, 2048, 2048, 2048, 2048]","[2048, 2048, 2048, 2048, 2048, 2048, 2048]",250.0
1281,11248,87,14,2026-03-28T03:19:56.070000+00:00,33.156,40.845,17.973,279.0,325.0,False,91.974,"[2049, 2048, 2048, 2048, 2048, 2048, 2049, 2048, 2049]","[2048, 2048, 2048, 2048, 2048, 2048, 2048, 2048, 2048, 2048, 2048]","[2048, 2048, 2048, 2048, 2048, 2048, 2048]",281.0
1281,11248,16,13,2026-03-28T03:20:00.686000+00:00,57.149,78.678,20.453,127.0,253.0,False,156.28,"[2048, 2048, 2048, 2048, 2048, 2048, 2048, 2048, 2048]","[2048, 2048, 2048, 2048, 2048, 2048, 2048, 2048, 2048, 2048, 2048]","[2048, 2048, 2048, 2048, 2048, 2048, 2048]",254.0
1281,11248,81,15,2026-03-28T03:20:04.294000+00:00,32.581,40.073,17.798,274.0,314.0,False,90.452,"[2049, 2048, 2049, 2048, 2048, 2048, 2048, 2049, 2048]","[2049, 2048, 2048, 2048, 2048, 2048, 2048, 2048, 2048, 2048, 2048]","[2048, 2048, 2048, 2048, 2048, 2048, 2048]",278.0
1281,11248,3,16,2026-03-28T03:20:08.219000+00:00,43.446,48.041,24.4,240.0,258.0,False,115.887,"[2048, 2048, 2048, 2048, 2048, 2048, 2048, 2048, 2048]","[2048, 2048, 2048, 2048, 2048, 2048, 2048, 2048, 2048, 2048, 2048]","[2048, 2048, 2048, 2048, 2064, 2064, 2064]",238.0
1281,11248,5,16,2026-03-28T03:20:09.019000+00:00,53.973,46.472,21.798,268.0,260.0,True,122.243,"[2064, 2064, 2048, 2048, 2048, 2048, 2048, 2048, 2048]","[2048, 2048, 2048, 2048, 2048, 2048, 2048, 2048, 2048, 2048, 2048]","[2048, 2048, 2048, 2048, 2048, 2048, 2048]",214.0
1281,11248,30,15,2026-03-28T03:20:17.490000+00:00,,45.826,25.441,274.0,222.0,True,104.12,"[2064, 2049, 2049, 2048, 2048, 2049, 2049, 2049, 2049]","[2049, 2048, 2049, 2048, 2048, 2049, 2049, 0, 0, 2048, 2048]","[2048, 2048, 2048, 2048, 2048, 2048, 2048]",188.0
1281,11248,27,16,2026-03-28T03:20:20.509000+00:00,68.734,53.449,28.184,252.0,262.0,True,150.367,"[2064, 2064, 2048, 2048, 2048, 2048, 2048, 2048, 2048]","[2048, 2048, 2048, 2048, 2048, 2048, 2048, 2048, 2048, 2048, 2048]","[2048, 2048, 2048, 2048, 2048, 2048, 2048]",196.0
1281,11248,10,14,2026-03-28T03:20:22.731000+00:00,53.581,66.424,27.165,154.0,172.0,False,147.17,"[None, 2048, 2048, 2048, 2048, 2048, 2048, 2048, 2048]","[2048, 2048, 2048, 2048, 2048, 2048, 2048, 2048, 2048, 2048, 2048]","[2048, 2048, 2048, 2048, 2048, 2048, 2048]",184.0
1281,11248,14,9,2026-03-28T03:20:22.883000+00:00,,48.782,22.045,247.0,260.0,True,775.482,"[2064, 2064, 2048, 2048, 2048, 2048, 2048, 2048, 2048]","[2048, 2048, 2048, 2048, 2048, 2048, 2049, 2048, 2048, 2048, 2048]","[2048, 2048, 2048, 2048, 2048, 2048, 2049]",249.0
1281,11248,23,13,2026-03-28T03:20:29.206000+00:00,40.598,56.456,22.617,208.0,264.0,False,119.671,"[None, 2048, 2048, 2048, 2048, 2048, 2048, 2048, 2048]","[2048, 2048, 2048, 2048, 2048, 2048, 2048, 2048, 2048, 2048, 2048]","[2048, 2048, 2048, 2048, 2048, 2048, 2048]",261.0
1281,11248,55,20,2026-03-28T03:20:31.622000+00:00,52.018,58.001,21.637,169.0,222.0,False,131.656,"[None, 2048, 2048, 2048, 2048, 2048, 2048, 2048, 2048]","[2048, 2048, 2048, 2048, 2048, 2048, 2048, 2048, 2048, 2048, 2048]","[2048, 2048, 2048, 2048, 2048, 2048, 2048]",254.0
1281,11248,41,13,2026-03-28T03:20:36.171000+00:00,33.061,41.215,17.645,269.0,327.0,False,91.921,"[2049, 2049, 2048, 2048, 2049, 2048, 2048, 2048, 2048]","[2048, 2048, 2048, 2048, 2048, 2048, 2048, 2048, 2048, 2048, 2048]","[2048, 2048, 2048, 2048, 2048, 2048, 2048]",285.0
1281,11248,18,13,2026-03-28T03:20:41.731000+00:00,51.469,57.904,28.136,186.0,191.0,False,137.509,"[2048, 2048, 2048, 2048, 2048, 2048, 2048, 2048, 2048]","[2048, 2048, 2048, 2048, 2048, 2048, 2048, 2048, 2048, 2048, 2048]","[2048, 2048, 2048, 2048, 2064, 2064, 2064]",227.0
1281,11248,6,15,2026-03-28T03:20:53.125000+00:00,52.793,53.762,22.099,222.0,251.0,False,128.654,"[None, 2048, 2048, 2048, 2048, 2048, 2048, 2048, 2048]","[2048, 2048, 2048, 2048, 2048, 2048, 2048, 2048, 2048, 2048, 2048]","[2048, 2048, 2048, 2048, 2048, 2048, 2048]",230.0
1281,11248,44,17,2026-03-28T03:20:55.021000+00:00,47.791,46.252,25.084,243.0,103.0,False,119.127,"[None, 2048, 2048, 2048, 2048, 2048, 2048, 2048, 2048]","[2048, 2048, 2048, 2048, 2048, 2048, 2048, 2048, 2048, 2048, 2048]","[2048, 2048, 2048, 2048, 2048, 2048]",231.0
1281,11248,12,14,2026-03-28T03:20:56.258000+00:00,32.227,39.766,17.52,276.0,321.0,False,89.513,"[2049, 2048, 2048, 2048, 2049, 2048, 2048, 2048, 2048]","[2048, 2048, 2049, 2048, 2049, 2048, 2049, 2048, 2048, 2048, 2048]","[2048, 2049, 2051, 2048, 2049, 2049, 2048]",281.0
1281,11248,63,14,2026-03-28T03:21:09.643000+00:00,32.252,39.675,17.767,276.0,322.0,False,89.694,"[2048, 2048, 2048, 2048, 2051, 2048, 2048, 2051, 2049]","[2048, 2049, 2049, 2048, 2048, 2049, 2049, 2048, 2051, 2048, 2048]","[2048, 2048, 2048, 2048, 2048, 2048, 2048]",279.0
1281,11248,11,12,2026-03-28T03:21:11.259000+00:00,,47.016,24.228,266.0,268.0,True,733.675,"[2064, 2064, 2048, 2048, 2048, 2048, 2048, 2048, 2048]","[2048, 2048, 2048, 2048, 2048, 2048, 2048, 2048, 2048, 2048, 2048]","[2048, 2048, 2048, 2048, 2048, 2048, 2048]",210.0
1281,11248,77,14,2026-03-28T03:21:14.919000+00:00,,47.787,25.085,254.0,274.0,True,773.089,"[None, 2064, 2048, 2048, 2048, 2048, 2048, 2048, 2048]","[2048, 2048, 2048, 2048, 2048, 2048, 2048, 2048, 2048, 2048, 2048]","[2048, 2048, 2048, 2048, 2048, 2048, 2048]",158.0
1281,11248,1,7,2026-03-28T03:21:23.851000+00:00,,51.126,24.825,262.0,199.0,True,371.584,"[2064, 2064, 2048, 2048, 2048, 2048, 2048, 2048, 2048]","[2048, 2048, 2048, 2048, 2048, 2048, 2048, 2048, 2048, 2048, 2048]","[2048, 2048, 2048, 2048, 2048, 2048, 2048]",150.0
1281,11248,87,15,2026-03-28T03:21:28.026000+00:00,62.476,66.956,30.024,143.0,191.0,False,159.456,"[2048, 2048, 2048, 2048, 2048, 2048, 2048, 2048, 2048]","[2048, 2048, 2048, 2048, 2048, 2048, 2048, 2048, 2048, 2048, 2048]","[2048, 2048, 2048, 2048, 2064, 2064, 2064]",187.0
1281,11248,31,17,2026-03-28T03:21:29.591000+00:00,77.333,48.547,20.21,233.0,272.0,True,146.09,"[2064, 2064, 2048, 2048, 2048, 2048, 2048, 2048, 2048]","[2048, 2048, 2048, 2048, 2048, 2048, 2048, 2048, 2048, 2048, 2048]","[2048, 2048, 2048, 2048, 2048, 2048, 2048]",261.0
1281,11248,43,19,2026-03-28T03:21:32.124000+00:00,,46.474,26.236,248.0,256.0,True,631.042,"[2064, 2064, 2048, 2048, 2048, 2048, 2048, 2048, 2048]","[2048, 2048, 2048, 2048, 2048, 2048, 2048, 2048, 2048, 2048, 2048]","[2048, 2048, 2048, 2048, 2048, 2048, 2048]",255.0
1281,11248,81,16,2026-03-28T03:21:34.800000+00:00,40.824,47.555,23.464,237.0,256.0,False,111.843,"[2048, 2048, 2048, 2048, 2048, 2048, 2048, 2048, 2048]","[2048, 2048, 2048, 2048, 2048, 2048, 2048, 2048, 2048, 2048, 2048]","[2048, 2048, 2048, 2048, 2064, 2064, 2064]",238.0
1281,11248,5,17,2026-03-28T03:21:53.992000+00:00,32.908,40.345,17.814,277.0,324.0,False,91.067,"[2048, 2048, 2048, 2049, 2049, 2048, 2048, 2048, 2048]","[2049, 2049, 2048, 2048, 2048, 2049, 2049, 2048, 2048, 2049, 2048]","[2048, 2048, 2048, 2048, 2048]",283.0
1281,11248,41,14,2026-03-28T03:22:08.149000+00:00,46.137,53.374,22.354,234.0,263.0,False,121.865,"[2048, 2048, 2048, 2048, 2048, 2048, 2048, 2048, 2048]","[2048, 2048, 2048, 2048, 2048, 2048, 2048, 2048, 2048, 2048, 2048]","[2048, 2048, 2048, 2048, 2064, 2064, 2064]",261.0
1281,11248,14,10,2026-03-28T03:22:09.851000+00:00,33.877,41.483,18.169,267.0,328.0,False,93.529,"[2049, 2048, 2048, 2049, 2049, 2049, 2049, 2048, 2049]","[2049, 2048, 2049, 2049, 2048, 2049, 2048, 2049, 2048, 2049, 2049]","[2049, 2049, 2048, 2048, 2048, 2048]",282.0
1281,11248,27,17,2026-03-28T03:22:23.212000+00:00,32.806,40.339,17.672,278.0,323.0,False,90.817,"[2048, 2048, 2049, 2048, 2048, 2048, 2049, 2048, 2048]","[2048, 2048, 2049, 2048, 2049, 2048, 2048, 2049, 2049, 2049, 2048]","[2048, 2048, 2048, 2048, 2048, 2048]",281.0
1281,11248,12,15,2026-03-28T03:22:25.814000+00:00,47.937,47.684,29.687,274.0,229.0,False,125.308,"[2048, 2048, 2048, 2048, 2048, 2048, 2048, 2048, 2048]","[2048, 2048, 2048, 2048, 2048, 2048, 2048, 2048, 2048, 2048, 2048]","[2048, 2048, 2048, 2048, 2064, 2064, 2064]",144.0
1281,11248,23,14,2026-03-28T03:22:28.720000+00:00,33.446,40.533,17.754,276.0,331.0,False,91.733,"[2049, 2049, 2049, 2048, 2048, 2048, 2048, 2048, 2048]","[2049, 2048, 2048, 2049, 2049, 2049, 2048, 2048, 2049, 2049, 2048]","[2048, 2049, 2049, 2048, 2048, 2048]",285.0
1281,11248,3,17,2026-03-28T03:22:30.431000+00:00,64.987,51.156,25.689,148.0,208.0,True,141.832,"[2064, 2064, 2048, 2048, 2048, 2048, 2048, 2048, 2048]","[2048, 2048, 2048, 2048, 2048, 2048, 2048, 2048, 2048, 2048, 2048]","[2048, 2048, 2048, 2048, 2048, 2048, 2048]",169.0
1281,11248,16,14,2026-03-28T03:22:36.948000+00:00,34.046,45.329,22.876,274.0,256.0,False,102.251,"[None, 2049, 2049, 2048, 2048, 2048, 2048, 2048, 2048]","[2048, 2048, 2048, 2048, 2048, 2048, 2048, 2048, 2048, 2048, 2048]","[2048, 2048, 2048, 2048, 2048, 2048, 2048]",173.0
1281,11248,63,15,2026-03-28T03:22:39.293000+00:00,46.63,51.353,29.833,104.0,272.0,False,127.816,"[None, 2048, 2048, 2048, 2048, 2048, 2048, 2048, 2048]","[2048, 2048, 2048, 2048, 2048, 2048, 2048, 2048, 2048, 2048, 2048]","[2048, 2048, None, None, 2064, 2064, 2064]",264.0
1281,11248,55,21,2026-03-28T03:22:43.429000+00:00,39.113,52.479,23.321,235.0,272.0,False,114.913,"[None, 2048, 2048, 2048, 2048, 2048, 2048, 2048, 2048]","[2048, 2048, 2048, 2048, 2048, 2048, 2048, 2048, 2048, 2048, 2048]","[2048, 2048, 2048, 2048, 2048, 2048, 2048]",266.0
1281,11248,10,15,2026-03-28T03:22:50.020000+00:00,51.459,47.479,21.087,208.0,257.0,False,120.025,"[None, 2048, 2048, 2048, 2048, 2048, 2048, 2048, 2048]","[2048, 2048, 2048, 2048, 2048, 2048, 2048, 2048, 2048, 2048, 2048]","[2048, 2048, 2048, 2048, 2048, 2048, 2048]",254.0
1281,11248,44,18,2026-03-28T03:22:54.115000+00:00,32.407,40.138,17.838,279.0,317.0,False,90.383,"[2049, 2049, 2049, 2048, 2048, 2049, 2049, 2049, 2048]","[2048, 2048, 2048, 2051, 2048, 2048, 2048, 2048, 2049, 2049, 2048]","[2048, 2048, 2048, 2049, 2048, 2048, 2048]",277.0
1281,11248,11,13,2026-03-28T03:22:59.453000+00:00,33.471,40.963,18.106,,329.0,False,92.54,"[2048, 2049, 2049, 2049, 2048, 2049, 2049, 2049, 2048]","[2048, 2049, 2049, 2048, 2049, 2049, 2049, 2048, 2048, 2048, 2049]","[2049, 2048, 2049, 2049, 2048, 2048]",282.0
1281,11248,6,16,2026-03-28T03:23:01.796000+00:00,41.144,47.439,25.564,247.0,263.0,False,114.147,"[None, 2048, 2048, 2048, 2048, 2048, 2048, 2048, 2048]","[2048, 2048, 2048, 2048, 2048, 2048, 2048, 2048, 2048, 2048, 2048]","[2048, 2048, 2048, 2048, 2048, 2048, 2048]",206.0
1281,11248,77,15,2026-03-28T03:23:07.072000+00:00,33.663,40.931,17.909,278.0,331.0,False,92.503,"[2049, 2049, 2049, 2049, 2049, 2048, 2049, 2049, 2049]","[2049, 2049, 2049, 2048, 2049, 2049, 2049, 2049, 2049, 2049, 2049]","[2048, 2048, 2048, 2049, 2049, 2049]",287.0
1281,11248,1,8,2026-03-28T03:23:19.675000+00:00,32.643,40.146,17.811,272.0,324.0,False,90.6,"[2049, 2049, 2049, 2049, 2048, 2048, 2048, 2049, 2048]","[2049, 2049, 2048, 2048, 2048, 2049, 2049, 2049, 2048, 2048, 2049]","[2049, 2049, 2049, 2049, 2048, 2048, 2048]",279.0
1281,11248,5,18,2026-03-28T03:23:25.155000+00:00,39.842,51.848,25.836,205.0,225.0,False,117.526,"[None, 2048, 2048, 2048, 2048, 2048, 2048, 2048, 2048]","[2048, 2048, 2048, 2048, 2048, 2048, 2048, 2048, 2048, 2048, 2048]","[2048, 2048, 2048, 2048, 2064, 2064, 2064]",193.0
1281,11248,43,20,2026-03-28T03:23:27.647000+00:00,33.266,40.801,17.787,272.0,326.0,False,91.854,"[2048, 2051, 2049, 2049, 2048, 2049, 2048, 2048, 2048]","[2049, 2049, 2048, 2048, 2048, 2049, 2049, 2048, 2048, 2049, 2049]","[2049, 2049, 2049, 2048, 2048, 2048]",278.0
1281,11248,31,18,2026-03-28T03:23:37.737000+00:00,33.126,40.375,17.825,280.0,328.0,False,91.326,"[2049, 2049, 2048, 2048, 2048, 2049, 2048, 2048, 2049]","[2048, 2049, 2049, 2048, 2048, 2049, 2049, 2049, 2048, 2048, 2048]","[2048, 2048, 2049, 2049, 2048, 2048, 2048]",283.0
1281,11248,14,11,2026-03-28T03:23:43.287000+00:00,48.872,50.18,22.418,231.0,256.0,False,121.47,"[2048, 2048, 2048, 2048, 2048, 2048, 2048, 2048, 2048]","[2048, 2048, 2048, 2048, 2048, 2048, 2048, 2048, 2048, 2048, 2048]","[2048, 2048, 2048, 2048, 2048, 2048, 2048]",213.0
1281,11248,18,14,2026-03-28T03:23:45.203000+00:00,87.378,48.18,21.962,227.0,255.0,True,157.52,"[2064, 2064, 2048, 2048, 2048, 2048, 2048, 2048, 2048]","[2048, 2048, 2048, 2048, 2048, 2048, 2048, 2048, 2048, 2048, 2048]","[2048, 2048, 2048, 2048, 2048, 2048, 2048]",223.0
1281,11248,27,18,2026-03-28T03:23:54.688000+00:00,39.608,55.073,26.626,210.0,219.0,False,121.307,"[None, 2048, 2048, 2048, 2048, 2048, 2048, 2048, 2048]","[2048, 2048, 2048, 2048, 2048, 2048, 2048, 2048, 2048, 2048, 2048]","[2048, 2048, 2048, 2048, 2064, 2064, 2064]",187.0
1281,11248,23,15,2026-03-28T03:24:00.290000+00:00,48.429,59.145,26.145,226.0,247.0,False,133.719,"[2048, 2048, 2048, 2048, 2048, 2048, 2048, 2048, 2048]","[2048, 2048, 2048, 2048, 2048, 2048, 2048, 2048, 2048, 2048, 2048]","[2048, 2048, 2048, 2048, 2048, 2048, 2048]",116.0
1281,11248,30,16,2026-03-28T03:24:02.225000+00:00,,,,,,False,,"[2048, 0, 0, 0, 0, 0, 0, 0, 0]",,,
1281,11248,16,15,2026-03-28T03:24:19.277000+00:00,32.372,46.24,27.439,281.0,174.0,False,106.051,"[None, 2048, 2048, 2048, 2048, 2048, 2049, 2048, 2048]","[2048, 2048, 2048, 2049, 2048, 2048, 2049, 2048, 2048, 2048, 2048]","[2048, 2048, 2048, 2048, 2048, 2048, 2048]",178.0
1281,11248,30,17,2026-03-28T03:24:25.212000+00:00,46.274,55.986,26.122,168.0,260.0,False,128.382,"[None, None, None, None, None, 2048, 2048, 2048, 2048]","[2048, 2048, 2048, 2048, 2048, 2048, 2048, 2048, 2048, 2048, 2048]","[2048, 2048, 2048, 2048, 2048, 2048, 2048]",255.0
1281,11248,44,19,2026-03-28T03:24:25.212000+00:00,61.2,75.001,29.76,112.0,168.0,False,165.961,"[2048, 2048, 2048, 2048, 2048, 2048, 2048, 2048, 2048]","[2048, 2048, 2048, 2048, 2048, 2048, 2048, 2048, 2048, 2048, 2048]","[2048, 2048, 2048, 2048, 2048, 2048, 2048]",147.0
1281,11248,3,18,2026-03-28T03:24:26.096000+00:00,32.687,40.457,17.789,273.0,325.0,False,90.933,"[2048, 2048, 2048, 2048, 2048, 2049, 2049, 2049, 2048]","[2048, 2049, 2048, 2048, 2048, 2048, 2048, 2048, 2048, 2048, 2048]","[2048, 2048, 2049, 2048, 2048, 2048, 2048]",280.0
1281,11248,11,14,2026-03-28T03:24:31.978000+00:00,54.871,63.781,23.338,126.0,264.0,False,141.99,"[None, 2048, 2048, 2048, 2048, 2048, 2048, 2048, 2048]","[2048, 2048, 2048, 2048, 2048, 2048, 2048, 2048, 2048, 2048, 2048]","[2048, 2048, 2048, 2048, 2048, 2048, 2048]",215.0
1281,11248,55,22,2026-03-28T03:24:38.332000+00:00,33.48,40.779,17.859,274.0,332.0,False,92.118,"[None, 2048, 2048, 2048, 2048, 2048, 2048, 2049, 2048]","[2048, 2049, 2048, 2048, 2049, 2048, 2048, 2049, 2049, 2048, 2048]","[2048, 2048, 2048, 2048, 2048, 2048, 2048]",287.0
1281,11248,77,16,2026-03-28T03:24:39.377000+00:00,55.134,59.249,26.416,230.0,193.0,False,140.799,"[2048, 2048, 2048, 2048, 2048, 2048, 2048, 2048, 2048]","[2048, 2048, 2048, 2048, 2048, 2048, 2048, 2048, 2048, 2048, 2048]","[2048, 2048, 2048, 2048, 2048, 2048, 2048]",191.0
1281,11248,41,15,2026-03-28T03:24:40.324000+00:00,76.341,53.785,20.558,160.0,255.0,True,150.684,"[2064, 2064, 2048, 2048, 2048, 2048, 2048, 2048, 2048]","[2048, 2048, 2048, 2048, 2048, 2048, 2048, 2048, 2048, 2048, 2048]","[2048, 2048, 2048, 2048, 2048, 2048, 2048]",255.0
1281,11248,10,16,2026-03-28T03:24:50.097000+00:00,32.971,40.346,17.765,275.0,325.0,False,91.082,"[None, 2049, 2048, 2048, 2048, 2048, 2049, 2049, 2049]","[2049, 2048, 2048, 2049, 2048, 2048, 2048, 2049, 2048, 2048, 2048]","[2048, 2049, 2048, 2048, 2048, 2048, 2048]",280.0
1281,11248,1,9,2026-03-28T03:24:50.108000+00:00,52.458,66.244,28.552,179.0,129.0,False,147.254,"[2048, 2048, 2048, 2048, 2048, 2048, 2048, 2048, 2048]","[2048, 2048, 2048, 2048, 2048, 2048, 2048, 2048, 2048, 2048, 2048]","[2048, 2048, 2048, 2048, 2048, 2048, 2048]",148.0
1281,11248,6,17,2026-03-28T03:24:55.927000+00:00,32.885,63.421,22.674,267.0,190.0,False,118.98,"[None, 2048, 2051, 2048, 2048, 2048, 2048, 2049, 2048]","[2048, 2048, 2048, 2048, 2048, 2048, 2048, 2048, 2048, 2048, 2048]","[2048, 2048, 2048, 2048, 2048, 2048, 2048]",248.0
1281,11248,43,21,2026-03-28T03:24:59.326000+00:00,54.937,63.785,22.929,162.0,277.0,False,141.651,"[None, 2048, 2048, 2048, 2048, 2048, 2048, 2048, 2048]","[2048, 2048, 2048, 2048, 2048, 2048, 2048, 2048, 2048, 2048, 2048]","[2048, 2048, 2048, 2048, 2048, 2048, 2048]",223.0
1281,11248,87,16,2026-03-28T03:25:06.933000+00:00,98.547,45.647,21.029,269.0,264.0,True,165.223,"[2064, 2064, 2048, 2048, 2048, 2048, 2048, 2048, 2048]","[2048, 2048, 2048, 2048, 2048, 2048, 2048, 2048, 2048, 2048, 2048]","[2048, 2048, 2048, 2048, 2048, 2048, 2048]",246.0
1281,11248,31,19,2026-03-28T03:25:08.626000+00:00,40.457,44.977,23.401,265.0,277.0,False,108.835,"[2048, 2048, 2048, 2048, 2048, 2048, 2048, 2048, 2048]","[2048, 2048, 2048, 2048, 2048, 2048, 2048, 2048, 2048, 2048, 2048]","[2048, 2048, 2048, 2048, 2064, 2064, 2064]",253.0
1281,11248,18,15,2026-03-28T03:25:37.065000+00:00,33.937,41.533,18.078,268.0,321.0,False,93.548,"[2048, 2048, 2048, 2048, 2049, 2048, 2049, 2048, 2048]","[2049, 2048, 2049, 2048, 2049, 2049, 2049, 2048, 2049, 2048, 2048]","[2048, 2048, 2049, 2049, 2049, 2048, 2048]",274.0
1281,11248,14,12,2026-03-28T03:25:44.892000+00:00,33.807,61.446,21.005,266.0,249.0,False,116.258,"[2049, 2048, 2048, 2048, 2049, 2048, 2048, 2049, 2048]","[2048, 2048, 2048, 2048, 2048, 2048, 2048, 2048, 2048, 2048, 2048]","[2048, 2048, 2048, 2048, 2048, 2048, 2048]",244.0
1281,11248,3,19,2026-03-28T03:25:57.039000+00:00,40.912,44.698,23.164,255.0,273.0,False,108.774,"[None, 2048, 2048, 2048, 2048, 2048, 2048, 2048, 2048]","[2048, 2048, 2048, 2048, 2048, 2048, 2048, 2048, 2048, 2048, 2048]","[2048, 2048, 2048, 2048, 2064, 2064, 2064]",267.0
1281,11248,16,16,2026-03-28T03:26:05.247000+00:00,54.356,68.554,19.739,131.0,262.0,False,142.649,"[None, 2048, 2048, 2048, 2048, 2048, 2048, 2048, 2048]","[2048, 2048, 2048, 2048, 2048, 2048, 2048, 2048, 2048, 2048, 2048]","[2048, 2048, 2048, 2048, 2048, 2048, 2049]",255.0
1281,11248,55,23,2026-03-28T03:26:10.394000+00:00,47.2,54.61,30.414,176.0,200.0,False,132.224,"[None, 2048, 2048, 2048, 2048, 2048, 2048, 2048, 2048]","[2048, 2048, 2048, 2048, 2048, 2048, 2048, 2048, 2048, 2048, 2048]","[2048, 2048, 2048, 2048, 2064, 2064, 2064]",173.0
1281,11248,30,18,2026-03-28T03:26:10.615000+00:00,33.061,40.412,17.624,271.0,330.0,False,91.097,"[None, 2048, 2048, 2048, 2048, 2048, 2048, 2048, 2048]","[2049, 2048, 2048, 2048, 2048, 2048, 2048, 2048, 2049, 2049, 2048]","[2048, 2049, 2049, 2048, 2048, 2048]",287.0
1281,11248,23,16,2026-03-28T03:26:14.162000+00:00,43.064,47.427,20.524,240.0,256.0,False,111.015,"[None, 2048, 2048, 2048, 2048, 2048, 2048, 2048, 2048]","[2048, 2048, 2048, 2048, 2048, 2048, 2048, 2048, 2048, 2048, 2048]","[2048, 2048, 2048, 2048, 2048, 2048, 2048]",254.0
1281,11248,10,17,2026-03-28T03:26:21.080000+00:00,55.464,62.369,21.508,136.0,273.0,False,139.341,"[None, 2048, 2048, 2048, 2048, 2048, 2048, 2048, 2048]","[2048, 2048, 2048, 2048, 2048, 2048, 2048, 2048, 2048, 2048, 2048]","[2048, 2048, 2048, 2048, 2048, 2048, 2048]",262.0
1281,11248,41,16,2026-03-28T03:26:40.721000+00:00,33.09,40.618,17.81,270.0,331.0,False,91.518,"[2048, 2048, 2048, 2048, 2048, 2049, 2048, 2048, 2048]","[2049, 2049, 2049, 2048, 2049, 2049, 2048, 2049, 2049, 2048, 2048]","[2048, 2048, 2049, 2048, 2048, 2048, 2048]",284.0
1281,11248,87,17,2026-03-28T03:26:52.670000+00:00,33.307,40.744,17.886,278.0,325.0,False,91.937,"[2048, 2048, 2048, 2048, 2048, 2048, 2048, 2048, 2048]","[2048, 2048, 2048, 2048, 2048, 2048, 2048, 2048, 2048, 2048, 2048]","[2048, 2049, 2048, 2048, 2048, 2048, 2048]",281.0
1281,11248,11,15,2026-03-28T03:26:54.094000+00:00,41.177,48.446,28.135,267.0,211.0,False,117.758,"[None, 2048, 2048, 2048, 2048, 2048, 2048, 2048, 2048]","[2048, 2048, 2048, 2048, 2048, 2048, 2048, 2048, 2048, 2048, 2048]","[2048, 2048, 2048, 2048, 2048, 2048, 2048]",224.0
1281,11248,6,18,2026-03-28T03:26:54.967000+00:00,39.509,47.017,25.189,258.0,248.0,False,111.715,"[None, 2048, 2048, 2048, 2048, 2048, 2048, 2048, 2048]","[2048, 2048, 2048, 2048, 2048, 2048, 2048, 2048, 2048, 2048, 2048]","[2048, 2048, 2048, 2048, 2048, 2048, 2048]",199.0
1281,11248,77,17,2026-03-28T03:27:00.356000+00:00,44.382,52.597,23.074,263.0,279.0,False,120.053,"[None, 2048, 2048, 2048, 2048, 2048, 2048, 2048, 2048]","[2048, 2048, 2048, 2048, 2048, 2048, 2048, 2048, 2048, 2048, 2048]","[2048, 2048, 2048, 2048, 2048, 2048, 2048]",192.0
1281,11248,44,20,2026-03-28T03:27:10.436000+00:00,46.553,49.265,21.475,246.0,248.0,False,117.293,"[None, 2048, 2048, 2048, 2048, 2048, 2048, 2048, 2048]","[2048, 2048, 2048, 2048, 2048, 2048, 2048, 2048, 2048, 2048, 2048]","[2048, 2048, 2048, 2048, 2048, 2048, 2048]",248.0
1281,11248,18,16,2026-03-28T03:27:10.586000+00:00,54.173,62.598,26.229,176.0,214.0,False,143.0,"[None, 2048, 2048, 2048, 2048, 2048, 2048, 2048, 2048]","[2048, 2048, 2048, 2048, 2048, 2048, 2048, 2048, 2048, 2048, 2048]","[2048, 2048, 2048, 2048, 2048, 2048, 2048]",213.0
1281,11248,1,10,2026-03-28T03:27:17.548000+00:00,32.79,39.943,17.951,273.0,318.0,False,90.684,"[None, 2049, 2048, 2048, 2048, 2048, 2048, 2049, 2049]","[2049, 2049, 2048, 2048, 2049, 2049, 2049, 2049, 2048, 2048, 2048]","[2048, 2048, 2049, 2048, 2048, 2048, 2048]",276.0
1281,11248,43,22,2026-03-28T03:27:21.129000+00:00,47.482,53.802,25.585,200.0,267.0,False,126.869,"[None, 2048, 2048, 2048, 2048, 2048, 2048, 2048, 2048]","[2048, 2048, 2048, 2048, 2048, 2048, 2048, 2048, 2048, 2048, 2048]","[2048, 2048, 2048, 2048, 2048, 2048, 2048]",262.0
1281,11248,14,13,2026-03-28T03:27:41.094000+00:00,33.947,45.294,23.926,270.0,263.0,False,103.167,"[2048, 2048, 2048, 2048, 2048, 2048, 2048, 2048, 2049]","[2049, 2048, 2048, 2048, 2048, 2048, 2048, 2048, 2048, 2048, 2048]","[2048, 2048, 2048, 2048, 2064, 2064, 2064]",252.0
1281,11248,30,19,2026-03-28T03:27:41.582000+00:00,40.493,60.151,41.553,233.0,186.0,False,142.197,"[None, 2048, 2048, 2048, 2048, 2048, 2048, 2048, 2048]","[2048, 2048, 2048, 2048, 2048, 2048, 2048, 2048, 2048, 2048, 2048]","[2048, 2048, 2048, 2048, 2048, 2048, 2048]",133.0
1281,11248,23,17,2026-03-28T03:28:05.138000+00:00,33.466,40.866,18.004,275.0,327.0,False,92.336,"[None, 2048, 2048, 2048, 2048, 2048, 2048, 2048, 2048]","[2048, 2048, 2048, 2048, 2048, 2048, 2048, 2048, 2048, 2048, 2048]","[2048, 2048, 2048, 2048, 2048, 2048, 2048]",281.0
1281,11248,3,20,2026-03-28T03:28:05.405000+00:00,82.21,51.391,20.689,253.0,183.0,True,154.29,"[2064, 2064, 2048, 2048, 2048, 2048, 2048, 2048, 2048]","[2048, 2048, 2048, 2048, 2048, 2048, 2048, 2048, 2048, 2048, 2048]","[2048, 2048, 2048, 2048, 2048, 2048, 2048]",244.0
1281,11248,41,17,2026-03-28T03:28:12.127000+00:00,47.075,46.87,20.078,109.0,319.0,False,114.023,"[None, 2048, 2048, 2048, 2048, 2048, 2048, 2048, 2048]","[2048, 2048, 2048, 2048, 2048, 2048, 2048, 2048, 2048, 2048, 2048]","[2048, 2048, 2048, 2048, 2064, 2064, 2064]",279.0
1281,11248,87,18,2026-03-28T03:28:24.691000+00:00,42.243,45.156,24.111,250.0,271.0,False,111.51,"[None, 2048, 2048, 2048, 2048, 2048, 2048, 2048, 2048]","[2048, 2048, 2048, 2048, 2048, 2048, 2048, 2048, 2048, 2048, 2048]","[2048, 2048, 2048, 2048, 2064, 2064, 2064]",211.0
1281,11248,16,17,2026-03-28T03:28:27.905000+00:00,32.447,40.195,17.849,281.0,329.0,False,90.491,"[None, 2048, 2048, 2048, 2048, 2048, 2048, 2048, 2048]","[2049, 2048, 2048, 2049, 2048, 2048, 2048, 2049, 2048, 2048, 2048]","[2048, 2048, 2048, 2048, 2048, 2048, 2048]",284.0
1281,11248,5,19,2026-03-28T03:28:31.638000+00:00,,51.524,22.569,161.0,259.0,True,303.735,"[2064, 2064, 2048, 2048, 2048, 2048, 2048, 2048, 2048]","[2048, 2048, 2048, 2048, 2048, 2048, 2048, 2048, 2048, 2048, 2048]","[2048, 2048, 2048, 2048, 2048, 2048, 2048]",242.0
1281,11248,10,18,2026-03-28T03:28:40.544000+00:00,33.026,40.818,17.732,273.0,330.0,False,91.576,"[2049, 2048, 2048, 2048, 2048, 2048, 2049, 2048, 2048]","[2048, 2048, 2048, 2048, 2048, 2048, 2048, 2048, 2048, 2048, 2049]","[2049, 2049, 2048, 2048, 2048, 2048, 2048]",282.0
1281,11248,6,19,2026-03-28T03:28:46.678000+00:00,32.907,46.035,24.999,275.0,168.0,False,103.941,"[None, 2049, 2048, 2048, 2048, 2048, 2048, 2048, 2048]","[2048, 2048, 2048, 2048, 2048, 2048, 2048, 2049, 2048, 2048, 2048]","[2048, 2048, 2048, 2048, 2048, 2048, 2048]",219.0
1281,11248,1,11,2026-03-28T03:28:48.159000+00:00,49.229,50.743,19.029,221.0,276.0,False,119.001,"[None, 2048, 2048, 2048, 2048, 2048, 2048, 2048, 2048]","[2048, 2048, 2048, 2048, 2048, 2048, 2048, 2048, 2048, 2048, 2048]","[2048, 2048, 2048, 2048, 2048, 2048, 2048]",260.0
1281,11248,55,24,2026-03-28T03:28:48.700000+00:00,85.383,42.472,18.465,278.0,309.0,True,146.32,"[2064, 2064, 2048, 2048, 2048, 2048, 2048, 2048, 2049]","[2048, 2048, 2049, 2048, 2048, 2048, 2048, 2048, 2048, 2048, 2048]","[2048, 2048, 2048, 2048, 2048, 2048, 2048]",273.0
1281,11248,31,20,2026-03-28T03:28:50.586000+00:00,,47.355,18.817,253.0,323.0,True,217.932,"[2064, 2064, 2048, 2048, 2048, 2048, 2048, 2048, 2048]","[2048, 2048, 2048, 2048, 2048, 2048, 2048, 2048, 2048, 2048, 2048]","[2048, 2048, 2048, 2048, 2048, 2049, 2048]",273.0
1281,11248,11,16,2026-03-28T03:28:51.793000+00:00,33.717,40.916,18.025,278.0,329.0,False,92.658,"[None, 2048, 2048, 2048, 2049, 2048, 2049, 2048, 2048]","[2049, 2048, 2048, 2048, 2049, 2048, 2048, 2049, 2048, 2048, 2049]","[2049, 2049, 2049, 2048, 2049, 2049]",283.0
1281,11248,77,18,2026-03-28T03:29:00.334000+00:00,33.853,41.045,17.797,277.0,332.0,False,92.695,"[2049, 2049, 2048, 2048, 2048, 2049, 2048, 2048, 2048]","[2048, 2049, 2049, 2048, 2048, 2048, 2048, 2048, 2049, 2048, 2048]","[2048, 2049, 2048, 2049, 2049, 2048, 2048]",288.0
1281,11248,81,17,2026-03-28T03:29:02.619000+00:00,,44.225,19.254,269.0,263.0,True,469.379,"[2064, 2064, 2048, 2048, 2048, 2048, 2048, 2048, 2048]","[2048, 2048, 2048, 2048, 2048, 2048, 2048, 2048, 2048, 2048, 2048]","[2048, 2048, 2048, 2048, 2048, 2048, 2048]",257.0
1281,11248,44,21,2026-03-28T03:29:07.772000+00:00,32.675,47.797,23.393,278.0,223.0,False,103.865,"[None, 2048, 2048, 2048, 2048, 2048, 2048, 2048, 2048]","[2048, 2048, 2048, 2048, 2048, 2048, 2048, None, None, 2048, 2048]","[2048, 2048, 2048, 2048, 2048, 2048, 2048]",200.0
1281,11248,43,23,2026-03-28T03:29:27.912000+00:00,33.311,40.617,17.831,273.0,324.0,False,91.759,"[None, 2048, 2048, 2049, 2049, 2049, 2048, 2048, 2048]","[2049, 2049, 2048, 2049, 2048, 2048, 2048, 2048, 2049, 2049, 2048]","[2048, 2048, 2049, 2048, 2048, 2049]",279.0
1281,11248,18,17,2026-03-28T03:29:33.531000+00:00,34.092,41.589,18.043,266.0,325.0,False,93.724,"[None, 2048, 2049, 2048, 2048, 2049, 2048, 2048, 2048]","[2048, 2048, 2049, 2048, 2049, 2048, 2048, 2048, 2049, 2048, 2049]","[2049, 2049, 2048, 2048, 2048, 2049, 2048]",276.0
1281,11248,27,19,2026-03-28T03:29:36.426000+00:00,,45.156,20.114,248.0,320.0,True,324.301,"[2064, 2064, 2048, 2048, 2048, 2048, 2048, 2048, 2048]","[2048, 2048, 2048, 2048, 2048, 2048, 2048, 2048, 2048, 2048, 2048]","[2048, 2048, 2048, 2048, 2048, 2048, 2048]",241.0
1281,11248,12,16,2026-03-28T03:29:37.016000+00:00,,44.968,20.099,240.0,306.0,True,412.441,"[2064, 2064, 2048, 2048, 2048, 2048, 2048, 2048, 2048]","[2048, 2048, 2048, 2048, 2048, 2048, 2048, 2048, 2048, 2048, 2048]","[2048, 2048, 2048, 2048, 2048, 2048, 2048]",271.0
1281,11248,23,18,2026-03-28T03:29:37.561000+00:00,49.134,60.991,24.547,172.0,216.0,False,134.672,"[None, 2048, 2048, 2048, 2048, 2048, 2048, 2048, 2048]","[2048, 2048, 2048, 2048, 2048, 2048, 2048, 2048, 2048, 2048, 2048]","[2048, 2048, 2048, 2048, 2048, 2048, 2048]",189.0
1281,11248,14,14,2026-03-28T03:29:41.240000+00:00,70.033,49.236,23.941,234.0,199.0,True,143.21,"[2064, 2064, 2048, 2048, 2048, 2048, 2048, 2048, 2048]","[2048, 2048, 2048, 2048, 2048, 2048, 2048, 2048, 2048, 2048, 2048]","[2048, 2048, 2048, 2048, 2064, 2064, 2064]",222.0
1281,11248,63,16,2026-03-28T03:29:58.126000+00:00,,49.866,24.322,252.0,233.0,True,429.156,"[2064, 2064, 2048, 2048, 2048, 2048, 2048, 2048, 2048]","[2048, 2048, 2048, 2048, 2048, 2048, 2048, 2048, 2048, 2048, 2048]","[2048, 2048, 2048, 2048, 2048, 2048, 2048]",235.0
1281,11248,16,18,2026-03-28T03:29:58.433000+00:00,45.201,49.178,23.832,192.0,221.0,False,118.211,"[None, 2048, 2048, 2048, 2048, 2048, 2048, 2048, 2048]","[2048, 2048, 2048, 2048, 2048, 2048, 2048, 2048, 2048, 2048, 2048]","[2048, 2048, 2048, 2048, 2048, 2048, 2048]",208.0
1281,11248,30,20,2026-03-28T03:30:03.898000+00:00,42.04,50.335,35.262,193.0,247.0,False,127.637,"[None, 2048, 2048, 2048, 2048, 2048, 2048, 2048, 2048]","[2048, 2048, 2048, 2048, 2048, 2048, 2048, 2048, 2048, 2048, 2048]","[2048, 2048, 2048, 2048, 2048, 2048, 2048]",210.0
1281,11248,10,19,2026-03-28T03:30:12.014000+00:00,46.78,53.795,29.965,214.0,240.0,False,130.54,"[2048, 2048, 2048, 2048, 2048, 2048, 2048, 2048, 2048]","[2048, 2048, 2048, 2048, 2048, 2048, 2048, 2048, 2048, 2048, 2048]","[2048, 2048, 2048, 2048, 2048, 2048, 2048]",174.0
1281,11248,3,21,2026-03-28T03:30:20.139000+00:00,36.164,46.946,32.593,260.0,134.0,False,115.703,"[2048, 2048, 2048, 2048, 2048, 2048, 2048, 2048, 2048]","[2048, 2048, 2048, 2048, 2048, 2048, 2048, 2048, 2048, 2048, 2048]","[2048, 2048, 2048, 2048, 2048, 2048, 2048]",151.0
1281,11248,11,17,2026-03-28T03:30:24.644000+00:00,51.277,49.293,31.841,174.0,271.0,False,132.411,"[None, 2048, 2048, 2048, 2048, 2048, 2048, 2048, 2048]","[2048, 2048, 2048, 2048, 2048, 2048, 2048, 2048, 2048, 2048, 2048]","[2048, 2048, 2048, 2048, 2048, 2048, 2048]",191.0
1281,11248,5,20,2026-03-28T03:30:26.301000+00:00,42.801,50.216,25.849,193.0,258.0,False,118.866,"[2048, 2048, 2048, 2048, 2048, 2048, 2048, 2048, 2048]","[2048, 2048, 2048, 2048, 2048, 2048, 2048, 2048, 2048, 2048, 2048]","[2048, 2048, 2048, 2048, 2048, 2048, 2048]",255.0
1281,11248,6,20,2026-03-28T03:30:30.588000+00:00,44.292,47.73,32.146,243.0,272.0,False,124.168,"[None, 2048, 2048, 2048, 2048, 2048, 2048, 2048, 2048]","[2048, 2048, 2048, 2048, 2048, 2048, 2048, 2048, 2048, 2048, 2048]","[2048, 2048, 2048, 2048, 2048, 2048, 2048]",168.0
1281,11248,77,19,2026-03-28T03:30:33.114000+00:00,43.187,51.47,29.288,183.0,238.0,False,123.945,"[2048, 2048, 2048, 2048, 2048, 2048, 2048, 2048, 2048]","[2048, 2048, 2048, 2048, 2048, 2048, 2048, 2048, 2048, 2048, 2048]","[2048, 2048, 2048, 2048, 2048, 2048, 2048]",209.0
1281,11248,31,21,2026-03-28T03:30:35.580000+00:00,41.522,51.765,33.511,190.0,206.0,False,126.798,"[2048, 2048, 2048, 2048, 2048, 2048, 2048, 2048, 2048]","[2048, 2048, 2048, 2048, 2048, 2048, 2048, 2048, 2048, 2048, 2048]","[2048, 2048, 2048, 2048, 2048, 2048, 2048]",205.0
1281,11248,1,12,2026-03-28T03:30:47.179000+00:00,39.207,53.544,32.807,206.0,233.0,False,125.558,"[None, 2048, 2048, 2048, 2048, 2048, 2048, 2048, 2048]","[2048, 2048, 2048, 2048, 2048, 2048, 2048, 2048, 2048, 2048, 2048]","[2048, 2048, 2048, 2048, 2048, 2048, 2048]",201.0
1281,11248,55,25,2026-03-28T03:30:49.061000+00:00,39.395,50.441,28.453,223.0,235.0,False,118.289,"[2048, 2048, 2048, 2048, 2048, 2048, 2048, 2048, 2048]","[2048, 2048, 2048, 2048, 2048, 2048, 2048, 2048, 2048, 2048, 2048]","[2048, 2048, 2048, 2048, 2048, 2048, 2048]",234.0
1281,11248,44,22,2026-03-28T03:30:51.629000+00:00,53.86,57.838,33.368,171.0,236.0,False,145.066,"[None, 2048, 2048, 2048, 2048, 2048, 2048, 2048, 2048]","[2048, 2048, 2048, 2048, 2048, 2048, 2048, 2048, 2048, 2048, 2048]","[2048, 2048, 2048, 2048, 2048, 2048, 2048]",240.0
1281,11248,43,24,2026-03-28T03:30:59.621000+00:00,42.568,52.975,29.209,214.0,239.0,False,124.752,"[None, 2048, 2048, 2048, 2048, 2048, 2048, 2048, 2048]","[2048, 2048, 2048, 2048, 2048, 2048, 2048, 2048, 2048, 2048, 2048]","[2048, 2048, 2048, 2048, 2048, 2048, 2048]",239.0
1281,11248,18,18,2026-03-28T03:31:07.259000+00:00,47.443,59.578,35.932,182.0,214.0,False,142.953,"[None, 2048, 2048, 2048, 2048, 2048, 2048, 2048, 2048]","[2048, 2048, 2048, 2048, 2048, 2048, 2048, 2048, 2048, 2048, 2048]","[2048, 2048, 2048, 2048, 2048, 2048, 2048]",155.0
1281,11248,81,18,2026-03-28T03:31:16.023000+00:00,39.344,46.795,37.47,218.0,262.0,False,123.609,"[2048, 2048, 2048, 2048, 2048, 2048, 2048, 2048, 2048]","[2048, 2048, 2048, 2048, 2048, 2048, 2048, 2048, 2048, 2048, 2048]","[2048, 2048, 2048, 2048, 2048, 2048, 2048]",193.0
1281,11248,27,20,2026-03-28T03:31:19.701000+00:00,43.665,55.848,29.847,198.0,192.0,False,129.36,"[2048, 2048, 2048, 2048, 2048, 2048, 2048, 2048, 2048]","[2048, 2048, 2048, 2048, 2048, 2048, 2048, 2048, 2048, 2048, 2048]","[2048, 2048, 2048, 2048, 2048, 2048, 2048]",186.0
1281,11248,12,17,2026-03-28T03:31:23.515000+00:00,43.811,49.633,35.492,254.0,248.0,False,128.936,"[2048, 2048, 2048, 2048, 2048, 2048, 2048, 2048, 2048]","[2048, 2048, 2048, 2048, 2048, 2048, 2048, 2048, 2048, 2048, 2048]","[2048, 2048, 2048, 2048, 2048, 2048, 2048]",159.0
1281,11248,23,19,2026-03-28T03:31:52.224000+00:00,35.005,47.861,28.222,268.0,228.0,False,111.088,"[None, 2048, 2048, 2048, 2048, 2048, 2048, 2048, 2048]","[2048, 2048, 2048, 2048, 2048, 2048, 2048, 2048, 2048, 2048, 2048]","[2048, 2048, 2048, 2048, 2048, 2048, 2048]",232.0
1281,11248,63,17,2026-03-28T03:31:56.297000+00:00,41.108,59.36,35.66,237.0,251.0,False,136.128,"[2048, 2048, 2048, 2048, 2048, 2048, 2048, 2048, 2048]","[2048, 2048, 2048, 2048, 2048, 2048, 2048, 2048, 2048, 2048, 2048]","[2048, 2048, 2048, 2048, 2048, 2048, 2048]",234.0
1281,11248,16,19,2026-03-28T03:31:56.665000+00:00,40.229,50.67,28.487,229.0,237.0,False,119.386,"[None, 2048, 2048, 2048, 2048, 2048, 2048, 2048, 2048]","[2048, 2048, 2048, 2048, 2048, 2048, 2048, 2048, 2048, 2048, 2048]","[2048, 2048, 2048, 2048, 2048, 2048]",176.0
1281,11248,30,21,2026-03-28T03:32:11.546000+00:00,75.08,48.201,23.743,271.0,199.0,False,147.024,"[None, 2048, 2048, 2048, 2048, 2048, 2048, 2048, 2048]","[2048, 2048, 2048, 2048, 2048, 2048, 2048, 2048, 2048, 2048, 2048]","[2048, 2048, 2048, 2048, 2064, 2064, 2064]",236.0
1281,11248,3,22,2026-03-28T03:32:15.764000+00:00,78.314,44.177,22.342,250.0,279.0,False,144.833,"[None, 2048, 2048, 2048, 2048, 2048, 2048, 2048, 2048]","[2048, 2048, 2048, 2048, 2048, 2048, 2048, 2048, 2048, 2048, 2048]","[2048, 2048, 2048, 2048, 2064, 2064, 2064]",235.0
1281,11248,10,20,2026-03-28T03:32:22.583000+00:00,73.862,43.259,28.746,277.0,252.0,False,145.867,"[None, 2048, 2048, 2048, 2048, 2048, 2048, 2048, 2048]","[2048, 2048, 2048, 2048, 2048, 2048, 2048, 2048, 2048, 2048, 2048]","[2048, 2048, 2048, 2048, 2064, 2064, 2064]",192.0
1281,11248,5,21,2026-03-28T03:32:25.152000+00:00,75.965,46.93,24.64,273.0,261.0,False,147.535,"[None, 2048, 2048, 2048, 2048, 2048, 2048, 2048, 2048]","[2048, 2048, 2048, 2048, 2048, 2048, 2048, 2048, 2048, 2048, 2048]","[2048, 2048, 2048, 2048, 2064, 2064, 2064]",211.0
1281,11248,6,21,2026-03-28T03:32:34.641000+00:00,82.4,42.735,21.394,263.0,283.0,False,146.529,"[None, 2048, 2048, 2048, 2048, 2048, 2048, 2048, 2048]","[2048, 2048, 2048, 2048, 2048, 2048, 2048, 2048, 2048, 2048, 2048]","[2048, 2048, 2048, 2048, 2064, 2064, 2064]",268.0
1281,11248,11,18,2026-03-28T03:32:36.935000+00:00,93.318,42.411,24.609,256.0,308.0,False,160.338,"[None, 2048, 2048, 2048, 2048, 2048, 2048, 2048, 2048]","[2048, 2048, 2048, 2048, 2048, 2048, 2048, 2048, 2048, 2048, 2048]","[2048, 2048, 2048, 2048, 2064, 2064, 2064]",220.0
1281,11248,77,20,2026-03-28T03:32:37.034000+00:00,70.287,45.598,25.577,246.0,310.0,False,141.462,"[None, 2048, 2048, 2048, 2048, 2048, 2048, 2048, 2048]","[2048, 2048, 2048, 2048, 2048, 2048, 2048, 2048, 2048, 2048, 2048]","[2048, 2048, 2048, 2048, 2064, 2064, 2064]",232.0
1281,11248,31,22,2026-03-28T03:32:42.279000+00:00,99.65,46.207,25.462,270.0,274.0,False,171.319,"[2048, 2048, 2048, 2048, 2048, 2048, 2048, 2048, 2048]","[2048, 2048, 2048, 2048, 2048, 2048, 2048, 2048, 2048, 2048, 2048]","[2048, 2048, 2048, 2048, 2064, 2064, 2064]",263.0
1281,11248,55,26,2026-03-28T03:32:47.242000+00:00,76.197,45.025,24.14,243.0,199.0,False,145.362,"[None, 2048, 2048, 2048, 2048, 2048, 2048, 2048, 2048]","[2048, 2048, 2048, 2048, 2048, 2048, 2048, 2048, 2048, 2048, 2048]","[2048, 2048, 2048, 2048, 2064, 2064, 2064]",199.0
1281,11248,1,13,2026-03-28T03:32:52.838000+00:00,82.992,50.215,26.514,244.0,239.0,False,159.721,"[None, 2048, 2048, 2048, 2048, 2048, 2048, 2048, 2048]","[2048, 2048, 2048, 2048, 2048, 2048, 2048, 2048, 2048, 2048, 2048]","[2048, 2048, 2048, 2048, 2064, 2064, 2064]",239.0
1281,11248,43,25,2026-03-28T03:33:04.370000+00:00,77.895,43.181,21.869,269.0,258.0,False,142.945,"[None, 2048, 2048, 2048, 2048, 2048, 2048, 2048, 2048]","[2048, 2048, 2048, 2048, 2048, 2048, 2048, 2048, 2048, 2048, 2048]","[2048, 2048, 2048, 2048, 2064, 2064, 2064]",242.0
1281,11248,44,23,2026-03-28T03:33:16.543000+00:00,73.603,42.191,25.521,254.0,309.0,False,141.315,"[None, 2048, 2048, 2048, 2048, 2048, 2048, 2048, 2048]","[2048, 2048, 2048, 2048, 2048, 2048, 2048, 2048, 2048, 2048, 2048]","[2048, 2048, 2048, 2048, 2064, 2064, 2064]",272.0
1281,11248,81,19,2026-03-28T03:33:19.708000+00:00,77.008,46.94,24.501,291.0,239.0,False,148.449,"[None, 2048, 2048, 2048, 2048, 2048, 2048, 2048, 2050]","[2048, 2048, 2048, 2048, 2048, 2048, 2048, 2048, 2048, 2048, 2048]","[2048, 2048, 2048, 2048, 2064, 2064, 2064]",188.0
1281,11248,27,21,2026-03-28T03:33:29.087000+00:00,68.078,44.921,22.637,242.0,278.0,False,135.636,"[None, 2048, 2048, 2048, 2048, 2048, 2048, 2048, 2048]","[2048, 2048, 2048, 2048, 2048, 2048, 2048, 2048, 2048, 2048, 2048]","[2048, 2048, 2048, 2048, 2064, 2064, 2064]",227.0
1281,11248,18,19,2026-03-28T03:33:30.158000+00:00,78.48,47.811,27.426,254.0,219.0,False,153.717,"[None, 2048, 2048, 2048, 2048, 2048, 2048, 2048, 2048]","[2048, 2048, 2048, 2048, 2048, 2048, 2048, 2048, 2048, 2048, 2048]","[2048, 2048, 2048, 2048, 2064, 2064, 2064]",200.0
1281,11248,12,18,2026-03-28T03:33:32.521000+00:00,87.922,44.96,24.78,260.0,280.0,False,157.662,"[None, 2048, 2048, 2048, 2048, 2048, 2048, 2048, 2048]","[2048, 2048, 2048, 2048, 2048, 2048, 2048, 2048, 2048, 2048, 2048]","[2048, 2048, 2048, 2048, 2064, 2064, 2064]",223.0
1281,11248,23,20,2026-03-28T03:33:43.300000+00:00,68.346,46.212,29.675,264.0,214.0,False,144.233,"[None, 2048, 2048, 2048, 2048, 2048, 2048, 2048, 2048]","[2048, 2048, 2048, 2048, 2048, 2048, 2048, 2048, 2048, 2048, 2048]","[2048, 2048, 2048, 2048, 2064, 2064, 2064]",227.0
1281,11248,16,20,2026-03-28T03:33:56.349000+00:00,66.256,43.903,25.051,255.0,285.0,False,135.21,"[None, 2048, 2048, 2048, 2048, 2048, 2048, 2048, 2048]","[2048, 2048, 2048, 2048, 2048, 2048, 2048, 2048, 2048, 2048, 2048]","[2048, 2048, 2048, 2048, 2064, 2064, 2064]",194.0
1281,11248,63,18,2026-03-28T03:34:12.434000+00:00,84.891,42.944,21.836,276.0,320.0,False,149.671,"[None, 2048, 2048, 2048, 2048, 2048, 2048, 2048, 2049]","[2048, 2048, 2048, 2048, 2048, 2048, 2048, 2048, 2048, 2048, 2048]","[2048, 2048, 2048, 2048, 2064, 2064, 2064]",275.0
