season,round,event_name,session_code,driver,team,lap_number,stint,compound,tyre_life,lap_time_s,sector_1_s,sector_2_s,sector_3_s,speed_i1,speed_i2,speed_fl,speed_st,track_status,fresh_tyre,is_personal_best,is_accurate,deleted,lap_start_time,position,air_temp_c,track_temp_c,humidity_pct,rainfall,wind_speed_mps,wind_direction_deg
2026,12,Dutch Grand Prix,R,NOR,McLaren,1.0,1.0,MEDIUM,1.0,84.177,,27.056,25.56,290.0,280.0,308.0,208.0,1,True,False,False,False,2026-08-23 13:03:28.568,1.0,18.7,32.9,56.2,False,2.2,96.0
2026,12,Dutch Grand Prix,R,NOR,McLaren,2.0,1.0,MEDIUM,2.0,123.197,26.899,40.058,56.24,271.0,163.0,,269.0,125,True,False,False,False,2026-08-23 13:04:51.519,1.0,18.7,32.6,56.5,False,1.1,73.0
2026,12,Dutch Grand Prix,R,NOR,McLaren,3.0,2.0,SOFT,4.0,,,35.231,61.496,267.0,199.0,82.0,269.0,1,False,False,False,False,2026-08-23 13:33:00.089,1.0,16.6,26.4,72.3,False,1.3,29.0
2026,12,Dutch Grand Prix,R,NOR,McLaren,4.0,2.0,SOFT,5.0,,,28.34,58.131,246.0,176.0,52.0,112.0,12,False,False,False,False,2026-08-23 13:35:16.434,1.0,16.6,26.1,72.4,False,0.9,46.0
2026,12,Dutch Grand Prix,R,NOR,McLaren,5.0,2.0,SOFT,6.0,145.934,95.385,27.429,23.12,266.0,269.0,311.0,212.0,12,False,True,True,False,2026-08-23 13:38:34.965,2.0,16.8,26.9,72.8,False,0.6,42.0
2026,12,Dutch Grand Prix,R,NOR,McLaren,6.0,2.0,SOFT,7.0,76.867,26.295,27.442,23.13,277.0,276.0,314.0,301.0,1,False,True,True,False,2026-08-23 13:41:00.899,2.0,16.9,27.9,71.5,False,1.5,13.0
2026,12,Dutch Grand Prix,R,NOR,McLaren,7.0,2.0,SOFT,8.0,76.893,26.209,27.466,23.218,286.0,279.0,315.0,300.0,1,False,False,True,False,2026-08-23 13:42:17.766,2.0,17.0,27.7,70.5,False,1.4,49.0
2026,12,Dutch Grand Prix,R,NOR,McLaren,8.0,2.0,SOFT,9.0,76.747,25.922,27.712,23.113,285.0,279.0,318.0,307.0,1,False,True,True,False,2026-08-23 13:43:34.659,2.0,17.1,27.5,70.2,False,2.9,23.0
2026,12,Dutch Grand Prix,R,NOR,McLaren,9.0,2.0,SOFT,10.0,76.666,25.905,27.682,23.079,287.0,278.0,313.0,306.0,1,False,True,True,False,2026-08-23 13:44:51.406,2.0,17.2,27.6,68.8,False,1.6,38.0
2026,12,Dutch Grand Prix,R,NOR,McLaren,10.0,2.0,SOFT,11.0,76.895,25.976,27.796,23.123,289.0,279.0,314.0,300.0,1,False,False,True,False,2026-08-23 13:46:08.072,2.0,17.3,28.3,68.3,False,0.8,346.0
2026,12,Dutch Grand Prix,R,NOR,McLaren,11.0,2.0,SOFT,12.0,77.045,25.975,27.893,23.177,283.0,272.0,312.0,302.0,1,False,False,True,False,2026-08-23 13:47:24.967,2.0,17.4,28.8,67.9,False,1.2,25.0
2026,12,Dutch Grand Prix,R,NOR,McLaren,12.0,2.0,SOFT,13.0,77.07,26.011,27.857,23.202,282.0,273.0,313.0,305.0,1,False,False,True,False,2026-08-23 13:48:42.012,2.0,17.5,29.1,67.3,False,2.0,43.0
2026,12,Dutch Grand Prix,R,NOR,McLaren,13.0,2.0,SOFT,14.0,77.065,25.988,27.868,23.209,283.0,275.0,312.0,306.0,1,False,False,True,False,2026-08-23 13:49:59.082,2.0,17.6,29.6,64.8,False,1.2,80.0
2026,12,Dutch Grand Prix,R,NOR,McLaren,14.0,2.0,SOFT,15.0,77.241,25.894,28.041,23.306,283.0,273.0,312.0,306.0,1,False,False,True,False,2026-08-23 13:51:16.147,2.0,17.7,29.7,64.9,False,0.9,15.0
2026,12,Dutch Grand Prix,R,NOR,McLaren,15.0,2.0,SOFT,16.0,77.192,25.971,27.951,23.27,282.0,273.0,312.0,305.0,1,False,False,True,False,2026-08-23 13:52:33.388,2.0,17.7,30.2,64.0,False,0.7,127.0
2026,12,Dutch Grand Prix,R,NOR,McLaren,16.0,2.0,SOFT,17.0,77.192,25.908,28.026,23.258,282.0,274.0,314.0,306.0,1,False,False,True,False,2026-08-23 13:53:50.580,2.0,17.8,30.3,63.7,False,0.0,0.0
2026,12,Dutch Grand Prix,R,NOR,McLaren,17.0,2.0,SOFT,18.0,77.414,25.91,28.135,23.369,281.0,274.0,313.0,309.0,1,False,False,True,False,2026-08-23 13:55:07.772,2.0,17.9,30.3,61.1,False,1.6,70.0
2026,12,Dutch Grand Prix,R,NOR,McLaren,18.0,2.0,SOFT,19.0,77.442,26.031,28.074,23.337,281.0,275.0,312.0,309.0,1,False,False,True,False,2026-08-23 13:56:25.186,2.0,17.8,30.5,62.1,False,1.3,14.0
2026,12,Dutch Grand Prix,R,NOR,McLaren,19.0,2.0,SOFT,20.0,77.508,25.971,28.202,23.335,281.0,273.0,314.0,307.0,1,False,False,True,False,2026-08-23 13:57:42.628,2.0,17.9,30.4,62.5,False,0.9,83.0
2026,12,Dutch Grand Prix,R,NOR,McLaren,20.0,2.0,SOFT,21.0,77.821,26.007,28.469,23.345,281.0,275.0,313.0,309.0,1,False,False,True,False,2026-08-23 13:59:00.136,2.0,17.9,30.9,61.9,False,1.7,40.0
2026,12,Dutch Grand Prix,R,NOR,McLaren,21.0,2.0,SOFT,22.0,80.58,26.032,28.348,26.2,283.0,274.0,,307.0,1,False,False,False,False,2026-08-23 14:00:17.957,2.0,18.0,30.9,61.3,False,1.0,56.0
2026,12,Dutch Grand Prix,R,NOR,McLaren,22.0,3.0,HARD,1.0,93.27,43.107,27.31,22.853,287.0,276.0,313.0,307.0,1,True,False,False,False,2026-08-23 14:01:38.537,3.0,18.0,30.6,61.1,False,2.0,92.0
2026,12,Dutch Grand Prix,R,NOR,McLaren,23.0,3.0,HARD,2.0,75.969,25.782,27.335,22.852,283.0,276.0,314.0,302.0,1,True,True,True,False,2026-08-23 14:03:11.807,3.0,18.1,32.5,60.5,False,1.1,130.0
2026,12,Dutch Grand Prix,R,NOR,McLaren,24.0,3.0,HARD,3.0,76.266,25.752,27.576,22.938,284.0,274.0,314.0,303.0,1,True,False,True,False,2026-08-23 14:04:27.776,3.0,18.2,32.5,60.5,False,1.1,130.0
2026,12,Dutch Grand Prix,R,NOR,McLaren,25.0,3.0,HARD,4.0,76.144,25.695,27.491,22.958,284.0,274.0,312.0,303.0,1,True,False,True,False,2026-08-23 14:05:44.042,3.0,18.2,32.6,59.2,False,0.9,67.0
2026,12,Dutch Grand Prix,R,NOR,McLaren,26.0,3.0,HARD,5.0,76.242,25.788,27.427,23.027,280.0,276.0,314.0,303.0,1,True,False,True,False,2026-08-23 14:07:00.186,2.0,18.4,32.7,59.3,False,1.5,95.0
2026,12,Dutch Grand Prix,R,NOR,McLaren,27.0,3.0,HARD,6.0,75.811,25.696,27.305,22.81,282.0,280.0,317.0,307.0,1,True,True,True,False,2026-08-23 14:08:16.428,2.0,18.5,32.5,59.9,False,0.8,93.0
2026,12,Dutch Grand Prix,R,NOR,McLaren,28.0,3.0,HARD,7.0,75.877,25.725,27.293,22.859,282.0,278.0,317.0,305.0,1,True,False,True,False,2026-08-23 14:09:32.239,2.0,18.7,32.1,58.3,False,1.3,5.0
2026,12,Dutch Grand Prix,R,NOR,McLaren,29.0,3.0,HARD,8.0,76.145,25.68,27.539,22.926,285.0,281.0,317.0,312.0,1,True,False,True,False,2026-08-23 14:10:48.116,2.0,18.7,33.3,58.3,False,1.8,58.0
2026,12,Dutch Grand Prix,R,NOR,McLaren,30.0,3.0,HARD,9.0,76.221,25.832,27.447,22.942,290.0,281.0,323.0,291.0,1,True,False,True,False,2026-08-23 14:12:04.261,2.0,18.9,33.9,57.0,False,1.4,18.0
2026,12,Dutch Grand Prix,R,NOR,McLaren,31.0,3.0,HARD,10.0,76.316,25.824,27.416,23.076,290.0,292.0,318.0,306.0,1,True,False,True,False,2026-08-23 14:13:20.482,2.0,18.8,34.8,57.3,False,1.8,13.0
2026,12,Dutch Grand Prix,R,NOR,McLaren,32.0,3.0,HARD,11.0,76.398,25.699,27.69,23.009,287.0,278.0,322.0,309.0,1,True,False,True,False,2026-08-23 14:14:36.798,2.0,18.8,35.5,57.0,False,0.0,0.0
2026,12,Dutch Grand Prix,R,NOR,McLaren,33.0,3.0,HARD,12.0,76.82,25.715,27.79,23.315,291.0,279.0,321.0,309.0,1,True,False,True,False,2026-08-23 14:15:53.196,2.0,18.9,35.3,56.4,True,0.6,338.0
2026,12,Dutch Grand Prix,R,NOR,McLaren,34.0,3.0,HARD,13.0,76.47,25.951,27.523,22.996,290.0,281.0,316.0,306.0,1,True,False,True,False,2026-08-23 14:17:10.016,2.0,19.0,34.4,56.5,False,1.4,90.0
2026,12,Dutch Grand Prix,R,NOR,McLaren,35.0,3.0,HARD,14.0,76.654,25.797,27.726,23.131,284.0,281.0,319.0,309.0,1,True,False,True,False,2026-08-23 14:18:26.486,2.0,19.0,34.0,55.9,False,1.2,99.0
2026,12,Dutch Grand Prix,R,NOR,McLaren,36.0,3.0,HARD,15.0,78.048,27.129,27.486,23.433,290.0,283.0,321.0,311.0,1,True,False,True,False,2026-08-23 14:19:43.140,2.0,18.9,32.0,54.8,False,0.5,45.0
2026,12,Dutch Grand Prix,R,NOR,McLaren,37.0,3.0,HARD,16.0,76.692,25.94,27.715,23.037,290.0,279.0,318.0,304.0,1,True,False,True,False,2026-08-23 14:21:01.188,2.0,18.8,33.0,55.5,False,1.0,74.0
2026,12,Dutch Grand Prix,R,NOR,McLaren,38.0,3.0,HARD,17.0,76.333,25.68,27.67,22.983,286.0,278.0,316.0,310.0,1,True,False,True,False,2026-08-23 14:22:17.880,2.0,18.7,32.6,56.5,False,1.7,86.0
2026,12,Dutch Grand Prix,R,NOR,McLaren,39.0,3.0,HARD,18.0,76.429,25.857,27.599,22.973,285.0,280.0,331.0,307.0,1,True,False,True,False,2026-08-23 14:23:34.213,2.0,18.8,32.3,55.9,False,1.0,69.0
2026,12,Dutch Grand Prix,R,NOR,McLaren,40.0,3.0,HARD,19.0,76.982,25.811,27.753,23.418,290.0,277.0,311.0,317.0,1,True,False,True,False,2026-08-23 14:24:50.642,1.0,18.6,32.8,57.0,False,0.9,93.0
2026,12,Dutch Grand Prix,R,NOR,McLaren,41.0,3.0,HARD,20.0,76.299,25.807,27.455,23.037,290.0,277.0,312.0,299.0,1,True,False,True,False,2026-08-23 14:26:07.624,1.0,18.6,31.3,57.2,False,1.4,153.0
2026,12,Dutch Grand Prix,R,NOR,McLaren,42.0,3.0,HARD,21.0,76.595,25.91,27.523,23.162,283.0,273.0,311.0,303.0,1,True,False,True,False,2026-08-23 14:27:23.923,1.0,18.5,33.2,58.0,False,0.6,108.0
2026,12,Dutch Grand Prix,R,NOR,McLaren,43.0,3.0,HARD,22.0,76.335,25.837,27.39,23.108,284.0,277.0,313.0,304.0,1,True,False,True,False,2026-08-23 14:28:40.518,1.0,18.5,33.4,59.2,False,1.4,73.0
2026,12,Dutch Grand Prix,R,NOR,McLaren,44.0,3.0,HARD,23.0,77.116,25.896,27.779,23.441,286.0,275.0,307.0,307.0,1,True,False,True,False,2026-08-23 14:29:56.853,1.0,18.4,34.3,58.6,False,0.8,130.0
2026,12,Dutch Grand Prix,R,NOR,McLaren,45.0,3.0,HARD,24.0,76.593,25.879,27.497,23.217,284.0,276.0,312.0,301.0,1,True,False,True,False,2026-08-23 14:31:13.969,1.0,18.4,35.0,58.2,True,0.9,109.0
2026,12,Dutch Grand Prix,R,NOR,McLaren,46.0,3.0,HARD,25.0,76.72,25.819,27.682,23.219,284.0,275.0,312.0,305.0,1,True,False,True,False,2026-08-23 14:32:30.562,1.0,18.6,35.1,57.5,False,0.0,0.0
2026,12,Dutch Grand Prix,R,NOR,McLaren,47.0,3.0,HARD,26.0,79.316,25.852,27.588,25.876,286.0,286.0,,304.0,1,True,False,False,False,2026-08-23 14:33:47.282,1.0,18.7,34.5,57.3,True,0.3,155.0
2026,12,Dutch Grand Prix,R,NOR,McLaren,48.0,4.0,HARD,1.0,91.669,42.409,26.698,22.562,284.0,278.0,323.0,304.0,1,True,False,False,False,2026-08-23 14:35:06.598,3.0,18.8,34.8,58.0,False,0.4,225.0
2026,12,Dutch Grand Prix,R,NOR,McLaren,49.0,4.0,HARD,2.0,74.321,25.336,26.5,22.485,291.0,279.0,315.0,311.0,1,True,True,True,False,2026-08-23 14:36:38.267,3.0,18.8,35.2,58.1,False,2.1,105.0
2026,12,Dutch Grand Prix,R,NOR,McLaren,50.0,4.0,HARD,3.0,74.365,25.267,26.644,22.454,282.0,278.0,314.0,305.0,1,True,False,True,False,2026-08-23 14:37:52.588,3.0,18.8,34.7,58.2,False,2.0,60.0
2026,12,Dutch Grand Prix,R,NOR,McLaren,51.0,4.0,HARD,4.0,74.566,25.288,26.779,22.499,285.0,282.0,334.0,308.0,1,True,False,True,False,2026-08-23 14:39:06.953,3.0,18.9,35.5,57.9,False,1.3,102.0
2026,12,Dutch Grand Prix,R,NOR,McLaren,52.0,4.0,HARD,5.0,75.385,25.574,27.176,22.635,280.0,298.0,342.0,320.0,1,True,False,True,False,2026-08-23 14:40:21.519,3.0,18.9,35.9,57.8,False,0.4,204.0
2026,12,Dutch Grand Prix,R,NOR,McLaren,53.0,4.0,HARD,6.0,76.265,25.793,27.628,22.844,293.0,284.0,343.0,318.0,1,True,False,True,False,2026-08-23 14:41:36.904,3.0,19.0,35.4,58.1,False,0.6,24.0
2026,12,Dutch Grand Prix,R,NOR,McLaren,54.0,4.0,HARD,7.0,76.302,25.805,27.735,22.762,278.0,291.0,317.0,333.0,12,True,False,True,False,2026-08-23 14:42:53.169,1.0,19.1,35.9,58.1,False,0.5,253.0
2026,12,Dutch Grand Prix,R,NOR,McLaren,55.0,4.0,HARD,8.0,97.291,26.268,38.464,32.559,275.0,199.0,227.0,305.0,26,True,False,False,False,2026-08-23 14:44:09.471,1.0,19.2,35.3,57.5,False,0.6,312.0
2026,12,Dutch Grand Prix,R,NOR,McLaren,56.0,4.0,HARD,9.0,101.659,34.777,36.44,30.442,241.0,217.0,258.0,259.0,6,True,False,False,False,2026-08-23 14:45:46.762,1.0,19.3,34.7,57.1,False,1.3,214.0
2026,12,Dutch Grand Prix,R,NOR,McLaren,57.0,4.0,HARD,10.0,98.766,38.04,33.689,27.037,239.0,153.0,305.0,179.0,671,True,False,False,False,2026-08-23 14:47:28.421,1.0,19.1,34.9,58.5,False,0.6,306.0
2026,12,Dutch Grand Prix,R,NOR,McLaren,58.0,4.0,HARD,11.0,74.71,25.735,26.476,22.499,280.0,274.0,308.0,296.0,1,True,False,True,False,2026-08-23 14:49:07.187,1.0,19.2,34.8,58.4,False,0.9,50.0
2026,12,Dutch Grand Prix,R,NOR,McLaren,59.0,4.0,HARD,12.0,74.745,25.424,26.724,22.597,285.0,273.0,312.0,300.0,1,True,False,True,False,2026-08-23 14:50:21.897,1.0,19.3,35.2,58.5,False,1.5,94.0
2026,12,Dutch Grand Prix,R,NOR,McLaren,60.0,4.0,HARD,13.0,74.484,25.304,26.574,22.606,286.0,275.0,316.0,304.0,1,True,False,True,False,2026-08-23 14:51:36.642,1.0,19.2,36.1,58.6,False,1.3,116.0
2026,12,Dutch Grand Prix,R,NOR,McLaren,61.0,4.0,HARD,14.0,74.76,25.373,26.726,22.661,285.0,275.0,312.0,300.0,1,True,False,True,False,2026-08-23 14:52:51.126,1.0,19.2,36.3,58.6,False,0.7,20.0
2026,12,Dutch Grand Prix,R,NOR,McLaren,62.0,4.0,HARD,15.0,74.869,25.433,26.787,22.649,283.0,275.0,313.0,297.0,1,True,False,True,False,2026-08-23 14:54:05.886,1.0,19.5,37.3,58.1,True,1.1,46.0
2026,12,Dutch Grand Prix,R,NOR,McLaren,63.0,4.0,HARD,16.0,74.965,25.646,26.668,22.651,286.0,276.0,312.0,302.0,1,True,False,True,False,2026-08-23 14:55:20.755,1.0,19.5,37.8,56.9,True,2.4,35.0
2026,12,Dutch Grand Prix,R,NOR,McLaren,64.0,4.0,HARD,17.0,75.088,25.441,26.908,22.739,284.0,279.0,317.0,304.0,1,True,False,True,False,2026-08-23 14:56:35.720,1.0,19.5,38.0,55.6,False,0.7,13.0
2026,12,Dutch Grand Prix,R,NOR,McLaren,65.0,4.0,HARD,18.0,75.459,25.401,26.882,23.176,285.0,279.0,316.0,310.0,1,True,False,True,False,2026-08-23 14:57:50.808,1.0,19.5,38.2,56.3,False,0.9,101.0
2026,12,Dutch Grand Prix,R,NOR,McLaren,66.0,4.0,HARD,19.0,76.117,25.922,27.549,22.646,296.0,280.0,315.0,303.0,1,True,False,True,False,2026-08-23 14:59:06.267,1.0,19.4,36.8,58.0,False,1.9,142.0
2026,12,Dutch Grand Prix,R,NOR,McLaren,67.0,4.0,HARD,20.0,75.197,25.563,26.945,22.689,283.0,275.0,311.0,298.0,1,True,False,True,False,2026-08-23 15:00:22.384,1.0,19.3,35.7,58.8,True,1.2,343.0
2026,12,Dutch Grand Prix,R,NOR,McLaren,68.0,4.0,HARD,21.0,75.183,25.552,26.867,22.764,284.0,278.0,312.0,303.0,1,True,False,True,False,2026-08-23 15:01:37.581,1.0,19.3,36.1,57.1,False,0.9,177.0
2026,12,Dutch Grand Prix,R,NOR,McLaren,69.0,4.0,HARD,22.0,75.192,25.569,26.95,22.673000000000002,286.0,277.0,313.0,304.0,1,True,False,True,False,2026-08-23 15:02:52.764,1.0,19.2,34.6,57.8,False,1.4,53.0
2026,12,Dutch Grand Prix,R,NOR,McLaren,70.0,4.0,HARD,23.0,93.43,32.23,36.173,25.027,221.0,188.0,311.0,304.0,167,True,False,False,False,2026-08-23 15:04:07.956,1.0,19.2,33.3,55.1,False,2.0,106.0
2026,12,Dutch Grand Prix,R,NOR,McLaren,71.0,4.0,HARD,24.0,75.439,25.831,26.876,22.732,288.0,276.0,314.0,301.0,1,True,False,True,False,2026-08-23 15:05:41.386,1.0,19.1,33.6,54.5,False,1.6,36.0
2026,12,Dutch Grand Prix,R,NOR,McLaren,72.0,4.0,HARD,25.0,75.265,25.477,27.063,22.725,287.0,275.0,313.0,305.0,1,True,False,True,False,2026-08-23 15:06:56.825,1.0,19.2,33.0,54.8,False,2.8,31.0
2026,12,Dutch Grand Prix,R,GAS,Alpine,1.0,1.0,MEDIUM,1.0,92.536,,28.712,28.951,293.0,279.0,278.0,182.0,12,True,False,False,False,2026-08-23 13:03:28.568,8.0,18.7,32.9,56.2,False,2.2,96.0
2026,12,Dutch Grand Prix,R,GAS,Alpine,2.0,1.0,MEDIUM,2.0,140.222,28.151,47.511,64.56,269.0,126.0,,275.0,25,True,False,False,False,2026-08-23 13:04:59.802,9.0,18.7,33.2,57.5,False,0.7,58.0
2026,12,Dutch Grand Prix,R,GAS,Alpine,3.0,2.0,MEDIUM,4.0,,,30.188,,279.0,249.0,1.0,275.0,12,False,False,False,False,2026-08-23 13:33:00.089,8.0,16.6,26.4,72.3,False,1.3,29.0
2026,12,Dutch Grand Prix,R,GAS,Alpine,4.0,2.0,MEDIUM,5.0,,42.68,29.297,98.678,237.0,227.0,2.0,153.0,1,False,False,False,False,2026-08-23 13:36:50.732,8.0,16.6,26.3,73.3,False,1.4,33.0
2026,12,Dutch Grand Prix,R,GAS,Alpine,5.0,2.0,MEDIUM,6.0,84.358,31.494,28.986,23.878,288.0,285.0,328.0,212.0,12,False,True,True,False,2026-08-23 13:39:41.071,8.0,16.8,27.0,72.6,False,0.8,76.0
2026,12,Dutch Grand Prix,R,GAS,Alpine,6.0,2.0,MEDIUM,7.0,78.678,27.041,28.129,23.508,275.0,278.0,333.0,292.0,1,False,True,True,False,2026-08-23 13:41:05.429,8.0,16.9,27.9,71.5,False,1.5,13.0
2026,12,Dutch Grand Prix,R,GAS,Alpine,7.0,2.0,MEDIUM,8.0,78.536,26.889,28.179,23.468,277.0,276.0,326.0,296.0,1,False,True,True,False,2026-08-23 13:42:24.107,8.0,17.0,27.7,70.5,False,1.4,49.0
2026,12,Dutch Grand Prix,R,GAS,Alpine,8.0,2.0,MEDIUM,9.0,78.348,26.819,28.091,23.438,286.0,279.0,324.0,294.0,1,False,True,True,False,2026-08-23 13:43:42.643,8.0,17.1,27.5,70.2,False,2.9,23.0
2026,12,Dutch Grand Prix,R,GAS,Alpine,9.0,2.0,MEDIUM,10.0,78.725,26.845,28.31,23.57,279.0,273.0,323.0,298.0,1,False,False,True,False,2026-08-23 13:45:00.991,8.0,17.2,28.1,67.4,False,1.5,47.0
2026,12,Dutch Grand Prix,R,GAS,Alpine,10.0,2.0,MEDIUM,11.0,78.439,26.717,28.343,23.379,275.0,273.0,323.0,301.0,1,False,False,True,False,2026-08-23 13:46:19.716,8.0,17.3,28.3,68.3,False,0.8,346.0
2026,12,Dutch Grand Prix,R,GAS,Alpine,11.0,2.0,MEDIUM,12.0,78.953,26.989,28.516,23.448,276.0,269.0,322.0,283.0,1,False,False,True,False,2026-08-23 13:47:38.155,8.0,17.4,28.8,67.9,False,1.2,25.0
2026,12,Dutch Grand Prix,R,GAS,Alpine,12.0,2.0,MEDIUM,13.0,78.588,26.708,28.397,23.483,275.0,267.0,321.0,295.0,1,False,False,True,False,2026-08-23 13:48:57.108,8.0,17.5,29.1,67.3,False,2.0,43.0
2026,12,Dutch Grand Prix,R,GAS,Alpine,13.0,2.0,MEDIUM,14.0,78.553,26.69,28.417,23.446,279.0,271.0,321.0,295.0,1,False,False,True,False,2026-08-23 13:50:15.696,8.0,17.6,29.6,64.8,False,1.2,80.0
2026,12,Dutch Grand Prix,R,GAS,Alpine,14.0,2.0,MEDIUM,15.0,78.581,26.557,28.519,23.505,278.0,269.0,320.0,308.0,1,False,False,True,False,2026-08-23 13:51:34.249,8.0,17.7,29.7,64.9,False,0.9,15.0
2026,12,Dutch Grand Prix,R,GAS,Alpine,15.0,2.0,MEDIUM,16.0,78.998,26.696,28.614,23.688,275.0,272.0,320.0,303.0,1,False,False,True,False,2026-08-23 13:52:52.830,8.0,17.7,30.2,64.0,False,0.7,127.0
2026,12,Dutch Grand Prix,R,GAS,Alpine,16.0,2.0,MEDIUM,17.0,78.816,26.685,28.651,23.48,275.0,272.0,320.0,300.0,1,False,False,True,False,2026-08-23 13:54:11.828,8.0,17.9,30.1,62.8,False,2.3,62.0
2026,12,Dutch Grand Prix,R,GAS,Alpine,17.0,2.0,MEDIUM,18.0,78.944,26.789,28.598,23.557,277.0,271.0,321.0,300.0,1,False,False,True,False,2026-08-23 13:55:30.644,8.0,17.9,30.3,61.1,False,1.6,70.0
2026,12,Dutch Grand Prix,R,GAS,Alpine,18.0,2.0,MEDIUM,19.0,82.272,26.787,28.87,26.615,277.0,272.0,,304.0,1,False,False,False,False,2026-08-23 13:56:49.588,9.0,17.8,30.5,62.1,False,1.3,14.0
2026,12,Dutch Grand Prix,R,GAS,Alpine,19.0,3.0,HARD,1.0,95.099,43.533,28.138,23.428,285.0,277.0,324.0,304.0,1,True,False,False,False,2026-08-23 13:58:11.860,13.0,17.9,30.5,61.0,False,0.8,58.0
2026,12,Dutch Grand Prix,R,GAS,Alpine,20.0,3.0,HARD,2.0,78.285,26.653,28.261,23.371,275.0,274.0,333.0,296.0,1,True,True,True,False,2026-08-23 13:59:46.959,12.0,17.9,30.9,61.9,False,1.7,40.0
2026,12,Dutch Grand Prix,R,GAS,Alpine,21.0,3.0,HARD,3.0,78.892,26.76,28.365,23.767,271.0,280.0,337.0,287.0,1,True,False,True,False,2026-08-23 14:01:05.244,12.0,18.0,30.6,61.1,False,2.0,92.0
2026,12,Dutch Grand Prix,R,GAS,Alpine,22.0,3.0,HARD,4.0,78.836,26.651,28.576999999999998,23.608,281.0,277.0,339.0,296.0,1,True,False,True,False,2026-08-23 14:02:24.136,12.0,18.0,30.8,60.2,False,0.5,335.0
2026,12,Dutch Grand Prix,R,GAS,Alpine,23.0,3.0,HARD,5.0,79.342,26.817,28.611,23.914,273.0,287.0,341.0,279.0,1,True,False,True,False,2026-08-23 14:03:42.972,11.0,18.1,32.5,60.5,False,1.1,130.0
2026,12,Dutch Grand Prix,R,GAS,Alpine,24.0,3.0,HARD,6.0,79.392,27.139,28.529,23.724,276.0,285.0,341.0,295.0,1,True,False,True,False,2026-08-23 14:05:02.314,11.0,18.2,32.6,59.2,False,0.9,67.0
2026,12,Dutch Grand Prix,R,GAS,Alpine,25.0,3.0,HARD,7.0,79.362,27.107,28.724,23.531,281.0,281.0,341.0,272.0,1,True,False,True,False,2026-08-23 14:06:21.706,11.0,18.3,32.6,59.2,False,0.9,67.0
2026,12,Dutch Grand Prix,R,GAS,Alpine,26.0,3.0,HARD,8.0,80.684,27.15,28.733,24.801,282.0,284.0,336.0,293.0,1,True,False,True,False,2026-08-23 14:07:41.068,12.0,18.4,32.7,59.3,False,1.5,95.0
2026,12,Dutch Grand Prix,R,GAS,Alpine,27.0,3.0,HARD,9.0,79.873,26.975,29.073,23.825,274.0,276.0,344.0,313.0,1,True,False,True,False,2026-08-23 14:09:01.752,12.0,18.7,32.1,58.3,False,1.3,5.0
2026,12,Dutch Grand Prix,R,GAS,Alpine,28.0,3.0,HARD,10.0,80.832,27.351,29.666,23.815,281.0,265.0,338.0,300.0,1,True,False,True,False,2026-08-23 14:10:21.625,13.0,18.7,33.3,58.3,False,1.8,58.0
2026,12,Dutch Grand Prix,R,GAS,Alpine,29.0,3.0,HARD,11.0,80.067,27.305,29.062,23.7,282.0,282.0,342.0,298.0,1,True,False,True,False,2026-08-23 14:11:42.457,13.0,18.8,33.3,58.3,False,1.8,58.0
2026,12,Dutch Grand Prix,R,GAS,Alpine,30.0,3.0,HARD,12.0,79.848,26.862,28.849,24.137,282.0,280.0,339.0,302.0,1,True,False,True,False,2026-08-23 14:13:02.524,12.0,18.8,34.8,57.3,False,1.8,13.0
2026,12,Dutch Grand Prix,R,GAS,Alpine,31.0,3.0,HARD,13.0,78.703,26.658,28.56,23.485,272.0,285.0,339.0,301.0,1,True,False,True,False,2026-08-23 14:14:22.372,12.0,18.8,35.5,57.0,False,0.0,0.0
2026,12,Dutch Grand Prix,R,GAS,Alpine,32.0,3.0,HARD,14.0,79.056,26.792,28.863,23.401,282.0,272.0,338.0,313.0,1,True,False,True,False,2026-08-23 14:15:41.075,12.0,18.9,35.3,56.4,True,0.6,338.0
2026,12,Dutch Grand Prix,R,GAS,Alpine,33.0,3.0,HARD,15.0,78.942,26.802,28.68,23.46,280.0,273.0,336.0,291.0,1,True,False,True,False,2026-08-23 14:17:00.131,12.0,19.0,34.4,56.5,False,1.4,90.0
2026,12,Dutch Grand Prix,R,GAS,Alpine,34.0,3.0,HARD,16.0,78.961,26.839,28.53,23.592,282.0,280.0,339.0,312.0,1,True,False,True,False,2026-08-23 14:18:19.073,12.0,19.0,34.0,55.9,False,1.2,99.0
2026,12,Dutch Grand Prix,R,GAS,Alpine,35.0,3.0,HARD,17.0,77.398,26.315,27.865,23.218,277.0,274.0,321.0,326.0,1,True,True,True,False,2026-08-23 14:19:38.034,10.0,18.9,32.0,54.8,False,0.5,45.0
2026,12,Dutch Grand Prix,R,GAS,Alpine,36.0,3.0,HARD,18.0,77.634,26.395,28.008,23.231,282.0,277.0,320.0,314.0,1,True,False,True,False,2026-08-23 14:20:55.432,10.0,18.9,32.0,54.8,False,0.5,45.0
2026,12,Dutch Grand Prix,R,GAS,Alpine,37.0,3.0,HARD,19.0,77.748,26.393,27.998,23.357,280.0,270.0,321.0,310.0,1,True,False,True,False,2026-08-23 14:22:13.066,10.0,18.7,32.6,56.5,False,1.7,86.0
2026,12,Dutch Grand Prix,R,GAS,Alpine,38.0,3.0,HARD,20.0,77.645,26.315,27.986,23.344,280.0,273.0,321.0,309.0,1,True,False,True,False,2026-08-23 14:23:30.814,10.0,18.8,32.3,55.9,False,1.0,69.0
2026,12,Dutch Grand Prix,R,GAS,Alpine,39.0,3.0,HARD,21.0,80.193,26.472,29.958,23.763,278.0,273.0,329.0,304.0,1,True,False,True,False,2026-08-23 14:24:48.459,10.0,18.6,32.8,57.0,False,0.9,93.0
2026,12,Dutch Grand Prix,R,GAS,Alpine,40.0,3.0,HARD,22.0,78.112,26.49,28.22,23.402,280.0,277.0,322.0,307.0,1,True,False,True,False,2026-08-23 14:26:08.652,10.0,18.6,31.3,57.2,False,1.4,153.0
2026,12,Dutch Grand Prix,R,GAS,Alpine,41.0,3.0,HARD,23.0,77.617,26.267,28.073,23.277,282.0,276.0,322.0,320.0,1,True,False,True,False,2026-08-23 14:27:26.764,10.0,18.5,33.2,58.0,False,0.6,108.0
2026,12,Dutch Grand Prix,R,GAS,Alpine,42.0,3.0,HARD,24.0,77.5,26.302,27.991,23.207,278.0,276.0,321.0,312.0,1,True,False,True,False,2026-08-23 14:28:44.381,10.0,18.5,33.4,59.2,False,1.4,73.0
2026,12,Dutch Grand Prix,R,GAS,Alpine,43.0,3.0,HARD,25.0,77.866,26.3,28.135,23.431,283.0,273.0,323.0,317.0,1,True,False,True,False,2026-08-23 14:30:01.881,10.0,18.4,35.0,58.2,True,0.9,109.0
2026,12,Dutch Grand Prix,R,GAS,Alpine,44.0,3.0,HARD,26.0,78.551,26.556,28.547,23.448,287.0,275.0,325.0,310.0,1,True,False,True,False,2026-08-23 14:31:19.747,9.0,18.4,35.0,58.2,True,0.9,109.0
2026,12,Dutch Grand Prix,R,GAS,Alpine,45.0,3.0,HARD,27.0,78.037,26.404,28.284,23.349,283.0,273.0,321.0,311.0,1,True,False,True,False,2026-08-23 14:32:38.298,9.0,18.6,35.1,57.5,False,0.0,0.0
2026,12,Dutch Grand Prix,R,GAS,Alpine,46.0,3.0,HARD,28.0,80.672,26.238,28.2,26.234,287.0,277.0,,313.0,1,True,False,False,False,2026-08-23 14:33:56.335,9.0,18.7,34.5,57.3,True,0.3,155.0
2026,12,Dutch Grand Prix,R,GAS,Alpine,47.0,4.0,MEDIUM,3.0,93.576,42.835,27.704,23.037,290.0,279.0,324.0,313.0,1,False,False,False,False,2026-08-23 14:35:17.007,11.0,18.8,34.8,58.0,False,0.4,225.0
2026,12,Dutch Grand Prix,R,GAS,Alpine,48.0,4.0,MEDIUM,4.0,76.568,26.114,27.496,22.958,280.0,274.0,332.0,310.0,1,False,True,True,False,2026-08-23 14:36:50.583,11.0,18.8,35.2,58.1,False,2.1,105.0
2026,12,Dutch Grand Prix,R,GAS,Alpine,49.0,4.0,MEDIUM,5.0,76.39,25.879,27.622,22.889,284.0,276.0,337.0,314.0,1,False,True,True,False,2026-08-23 14:38:07.151,11.0,18.9,35.1,58.4,True,1.0,59.0
2026,12,Dutch Grand Prix,R,GAS,Alpine,50.0,4.0,MEDIUM,6.0,76.588,26.063,27.699,22.826,287.0,276.0,339.0,323.0,1,False,False,True,False,2026-08-23 14:39:23.541,11.0,18.9,35.5,57.9,False,1.3,102.0
2026,12,Dutch Grand Prix,R,GAS,Alpine,51.0,4.0,MEDIUM,7.0,76.809,26.209,27.704,22.896,275.0,281.0,337.0,304.0,1,False,False,True,False,2026-08-23 14:40:40.129,11.0,18.9,35.9,57.8,False,0.4,204.0
2026,12,Dutch Grand Prix,R,GAS,Alpine,52.0,4.0,MEDIUM,8.0,77.098,26.189,27.932,22.977,275.0,281.0,336.0,307.0,1,False,False,True,False,2026-08-23 14:41:56.938,11.0,19.0,35.4,58.1,False,0.6,24.0
2026,12,Dutch Grand Prix,R,GAS,Alpine,53.0,4.0,MEDIUM,9.0,76.972,25.884,27.984,23.104,285.0,272.0,337.0,306.0,12,False,False,True,False,2026-08-23 14:43:14.036,11.0,19.2,35.0,57.6,False,1.7,92.0
2026,12,Dutch Grand Prix,R,GAS,Alpine,54.0,4.0,MEDIUM,10.0,102.028,37.265,35.481,29.282,247.0,152.0,214.0,310.0,26,False,False,False,False,2026-08-23 14:44:31.008,11.0,19.2,35.3,57.5,False,0.6,312.0
2026,12,Dutch Grand Prix,R,GAS,Alpine,55.0,4.0,MEDIUM,11.0,104.065,38.187,34.946,30.932,234.0,214.0,215.0,214.0,6,False,False,False,False,2026-08-23 14:46:13.036,11.0,19.2,35.4,58.4,False,2.3,193.0
2026,12,Dutch Grand Prix,R,GAS,Alpine,56.0,4.0,MEDIUM,12.0,91.339,37.062,30.125,24.152,243.0,276.0,349.0,243.0,671,False,False,False,False,2026-08-23 14:47:57.101,11.0,19.1,34.9,58.5,False,0.6,306.0
2026,12,Dutch Grand Prix,R,GAS,Alpine,57.0,4.0,MEDIUM,13.0,76.448,26.229,27.352,22.867,287.0,280.0,324.0,318.0,1,False,False,True,False,2026-08-23 14:49:28.440,10.0,19.2,34.8,58.4,False,0.9,50.0
2026,12,Dutch Grand Prix,R,GAS,Alpine,58.0,4.0,MEDIUM,14.0,76.22,25.818,27.51,22.892,288.0,280.0,323.0,320.0,1,False,True,True,False,2026-08-23 14:50:44.888,10.0,19.3,35.2,58.5,False,1.5,94.0
2026,12,Dutch Grand Prix,R,GAS,Alpine,59.0,4.0,MEDIUM,15.0,76.477,26.007,27.575,22.895,279.0,276.0,324.0,324.0,1,False,False,True,False,2026-08-23 14:52:01.108,10.0,19.2,36.3,58.6,False,0.7,20.0
2026,12,Dutch Grand Prix,R,GAS,Alpine,60.0,4.0,MEDIUM,16.0,76.722,25.992,27.75,22.98,279.0,277.0,325.0,319.0,1,False,False,True,False,2026-08-23 14:53:17.585,10.0,19.3,37.1,58.0,False,0.8,194.0
2026,12,Dutch Grand Prix,R,GAS,Alpine,61.0,4.0,MEDIUM,17.0,76.719,26.067,27.682,22.97,282.0,279.0,326.0,325.0,1,False,False,True,False,2026-08-23 14:54:34.307,10.0,19.5,37.3,58.1,True,1.1,46.0
2026,12,Dutch Grand Prix,R,GAS,Alpine,62.0,4.0,MEDIUM,18.0,77.129,26.111,27.88,23.138,285.0,279.0,326.0,325.0,1,False,False,True,False,2026-08-23 14:55:51.026,10.0,19.5,37.8,56.9,True,2.4,35.0
2026,12,Dutch Grand Prix,R,GAS,Alpine,63.0,4.0,MEDIUM,19.0,78.217,26.146,28.772,23.299,285.0,286.0,334.0,319.0,1,False,False,True,False,2026-08-23 14:57:08.155,10.0,19.5,38.2,56.3,False,0.9,101.0
2026,12,Dutch Grand Prix,R,GAS,Alpine,64.0,4.0,MEDIUM,20.0,77.172,26.063,28.102,23.007,289.0,283.0,339.0,305.0,1,False,False,True,False,2026-08-23 14:58:26.372,10.0,19.5,37.4,58.4,False,2.3,158.0
2026,12,Dutch Grand Prix,R,GAS,Alpine,65.0,4.0,MEDIUM,21.0,77.401,26.037,28.302,23.062,291.0,281.0,339.0,317.0,1,False,False,True,False,2026-08-23 14:59:43.544,10.0,19.4,36.8,58.0,False,1.9,142.0
2026,12,Dutch Grand Prix,R,GAS,Alpine,66.0,4.0,MEDIUM,22.0,77.301,26.123,28.158,23.02,289.0,278.0,327.0,318.0,1,False,False,True,False,2026-08-23 15:01:00.945,10.0,19.3,36.1,57.1,False,0.9,177.0
2026,12,Dutch Grand Prix,R,GAS,Alpine,67.0,4.0,MEDIUM,23.0,77.142,26.044,28.028,23.07,293.0,284.0,336.0,319.0,1,False,False,True,False,2026-08-23 15:02:18.246,10.0,19.2,34.6,57.8,False,1.4,53.0
2026,12,Dutch Grand Prix,R,GAS,Alpine,68.0,4.0,MEDIUM,24.0,88.98,25.996,31.665,31.319,288.0,234.0,273.0,319.0,16,False,False,False,False,2026-08-23 15:03:35.388,10.0,19.1,34.3,56.1,True,1.5,71.0
2026,12,Dutch Grand Prix,R,GAS,Alpine,69.0,4.0,MEDIUM,25.0,82.474,31.21,28.015,23.249,296.0,294.0,326.0,135.0,671,False,False,False,False,2026-08-23 15:05:04.368,10.0,19.1,33.6,54.5,False,1.6,36.0
2026,12,Dutch Grand Prix,R,GAS,Alpine,70.0,4.0,MEDIUM,26.0,77.141,26.018,27.953,23.17,294.0,292.0,325.0,313.0,1,False,False,True,False,2026-08-23 15:06:26.842,10.0,19.2,33.0,54.8,False,2.8,31.0
2026,12,Dutch Grand Prix,R,GAS,Alpine,71.0,4.0,MEDIUM,27.0,77.747,26.199,28.031,23.517,284.0,290.0,324.0,313.0,1,False,False,True,False,2026-08-23 15:07:43.983,10.0,19.1,32.3,54.0,False,1.1,52.0
2026,12,Dutch Grand Prix,R,PER,Cadillac,1.0,1.0,SOFT,1.0,101.067,,28.536,30.194,291.0,277.0,254.0,,12,True,False,False,False,2026-08-23 13:03:28.568,21.0,18.7,32.9,56.2,False,2.2,96.0
2026,12,Dutch Grand Prix,R,PER,Cadillac,2.0,1.0,SOFT,2.0,,40.017,47.124,74.268,115.0,156.0,,239.0,25,True,False,False,False,2026-08-23 13:05:08.356,20.0,18.7,33.2,57.5,False,0.7,58.0
2026,12,Dutch Grand Prix,R,PER,Cadillac,3.0,2.0,HARD,1.0,,,31.25,93.763,260.0,157.0,66.0,239.0,12,True,False,False,False,2026-08-23 13:33:00.089,19.0,16.6,26.4,72.3,False,1.3,29.0
2026,12,Dutch Grand Prix,R,PER,Cadillac,4.0,2.0,HARD,2.0,145.47,37.405,29.441,78.624,272.0,190.0,167.0,131.0,1,True,True,True,False,2026-08-23 13:37:18.831,18.0,16.7,26.5,72.9,False,0.0,0.0
2026,12,Dutch Grand Prix,R,PER,Cadillac,5.0,2.0,HARD,3.0,86.09,31.034,30.425,24.631,269.0,268.0,326.0,216.0,12,True,True,True,False,2026-08-23 13:39:44.301,19.0,16.8,27.0,72.6,False,0.8,76.0
2026,12,Dutch Grand Prix,R,PER,Cadillac,6.0,2.0,HARD,4.0,81.018,27.908,29.043,24.067,283.0,266.0,331.0,261.0,1,True,True,True,False,2026-08-23 13:41:10.391,18.0,16.9,27.9,71.5,False,1.5,13.0
2026,12,Dutch Grand Prix,R,PER,Cadillac,7.0,2.0,HARD,5.0,80.225,27.292,29.108,23.825,277.0,267.0,330.0,270.0,1,True,True,True,False,2026-08-23 13:42:31.409,18.0,17.0,27.7,70.5,False,1.4,49.0
2026,12,Dutch Grand Prix,R,PER,Cadillac,8.0,2.0,HARD,6.0,79.939,27.072,29.065,23.802,282.0,267.0,328.0,268.0,1,True,True,True,False,2026-08-23 13:43:51.634,19.0,17.1,27.5,70.2,False,2.9,23.0
2026,12,Dutch Grand Prix,R,PER,Cadillac,9.0,2.0,HARD,7.0,79.876,27.126,29.083,23.667,276.0,264.0,319.0,276.0,1,True,True,True,False,2026-08-23 13:45:11.573,18.0,17.2,28.1,67.4,False,1.5,47.0
2026,12,Dutch Grand Prix,R,PER,Cadillac,10.0,2.0,HARD,8.0,80.053,26.879,29.385,23.789,285.0,266.0,315.0,286.0,1,True,False,True,False,2026-08-23 13:46:31.449,18.0,17.3,28.3,68.3,False,0.8,346.0
2026,12,Dutch Grand Prix,R,PER,Cadillac,11.0,2.0,HARD,9.0,79.923,27.067,29.177,23.679,280.0,262.0,314.0,279.0,1,True,False,True,False,2026-08-23 13:47:51.502,18.0,17.4,28.8,67.9,False,1.2,25.0
2026,12,Dutch Grand Prix,R,PER,Cadillac,12.0,2.0,HARD,10.0,79.744,26.951,29.089,23.704,283.0,265.0,318.0,280.0,1,True,True,True,False,2026-08-23 13:49:11.425,17.0,17.5,29.3,65.9,False,2.2,49.0
2026,12,Dutch Grand Prix,R,PER,Cadillac,13.0,2.0,HARD,11.0,80.977,27.808,29.316,23.853,281.0,267.0,315.0,291.0,1,True,False,True,False,2026-08-23 13:50:31.169,18.0,17.6,29.6,64.8,False,1.2,80.0
2026,12,Dutch Grand Prix,R,PER,Cadillac,14.0,2.0,HARD,12.0,80.185,27.108,29.319,23.758,277.0,263.0,315.0,277.0,1,True,False,True,False,2026-08-23 13:51:52.146,18.0,17.7,29.7,64.9,False,0.9,15.0
2026,12,Dutch Grand Prix,R,PER,Cadillac,15.0,2.0,HARD,13.0,80.149,27.034,29.317,23.798000000000002,277.0,264.0,316.0,290.0,1,True,False,True,False,2026-08-23 13:53:12.331,18.0,17.8,30.3,63.7,False,0.0,0.0
2026,12,Dutch Grand Prix,R,PER,Cadillac,16.0,2.0,HARD,14.0,80.19,26.998,29.138,24.054,281.0,286.0,307.0,286.0,1,True,False,True,False,2026-08-23 13:54:32.480,17.0,17.9,30.1,62.8,False,2.3,62.0
2026,12,Dutch Grand Prix,R,PER,Cadillac,17.0,2.0,HARD,15.0,80.751,27.189,29.374,24.188,276.0,253.0,328.0,281.0,1,True,False,True,False,2026-08-23 13:55:52.670,17.0,17.9,30.3,61.1,False,1.6,70.0
2026,12,Dutch Grand Prix,R,PER,Cadillac,18.0,2.0,HARD,16.0,80.645,27.123,29.593,23.929,277.0,268.0,318.0,282.0,1,True,False,True,False,2026-08-23 13:57:13.421,17.0,17.9,30.4,62.5,False,0.9,83.0
2026,12,Dutch Grand Prix,R,PER,Cadillac,19.0,2.0,HARD,17.0,80.684,27.107,29.61,23.967,279.0,266.0,327.0,282.0,1,True,False,True,False,2026-08-23 13:58:34.066,17.0,17.9,30.5,61.0,False,0.8,58.0
2026,12,Dutch Grand Prix,R,PER,Cadillac,20.0,2.0,HARD,18.0,80.571,26.986,29.532,24.053,281.0,268.0,317.0,302.0,1,True,False,True,False,2026-08-23 13:59:54.750,17.0,17.9,30.9,61.9,False,1.7,40.0
2026,12,Dutch Grand Prix,R,PER,Cadillac,21.0,2.0,HARD,19.0,80.664,27.19,29.368,24.106,280.0,264.0,315.0,279.0,1,True,False,True,False,2026-08-23 14:01:15.321,17.0,18.0,30.6,61.1,False,2.0,92.0
2026,12,Dutch Grand Prix,R,PER,Cadillac,22.0,2.0,HARD,20.0,80.009,26.955,29.257,23.797,277.0,272.0,317.0,287.0,1,True,False,True,False,2026-08-23 14:02:35.985,17.0,18.0,30.8,60.2,False,0.5,335.0
2026,12,Dutch Grand Prix,R,PER,Cadillac,23.0,2.0,HARD,21.0,80.449,27.277,29.273,23.899,277.0,258.0,311.0,286.0,1,True,False,True,False,2026-08-23 14:03:55.994,17.0,18.1,32.5,60.5,False,1.1,130.0
2026,12,Dutch Grand Prix,R,PER,Cadillac,24.0,2.0,HARD,22.0,81.51,27.477,29.584,24.449,281.0,262.0,327.0,276.0,1,True,False,True,False,2026-08-23 14:05:16.443,19.0,18.2,32.6,59.2,False,0.9,67.0
2026,12,Dutch Grand Prix,R,PER,Cadillac,25.0,2.0,HARD,23.0,80.579,27.215,29.398,23.966,280.0,265.0,315.0,276.0,1,True,False,True,False,2026-08-23 14:06:37.953,19.0,18.3,32.6,59.2,False,0.9,67.0
2026,12,Dutch Grand Prix,R,PER,Cadillac,26.0,2.0,HARD,24.0,80.362,27.136,29.356,23.87,280.0,260.0,312.0,300.0,1,True,False,True,False,2026-08-23 14:07:58.532,19.0,18.4,32.7,59.3,False,1.5,95.0
2026,12,Dutch Grand Prix,R,PER,Cadillac,27.0,2.0,HARD,25.0,80.139,26.921,29.292,23.926,282.0,264.0,316.0,293.0,1,True,False,True,False,2026-08-23 14:09:18.894,19.0,18.7,32.1,58.3,False,1.3,5.0
2026,12,Dutch Grand Prix,R,PER,Cadillac,28.0,2.0,HARD,26.0,80.33,27.029,29.293,24.008,280.0,262.0,313.0,297.0,1,True,False,True,False,2026-08-23 14:10:39.033,18.0,18.7,33.3,58.3,False,1.8,58.0
2026,12,Dutch Grand Prix,R,PER,Cadillac,29.0,2.0,HARD,27.0,83.908,26.85,29.511,27.547,279.0,264.0,,296.0,1,True,False,False,False,2026-08-23 14:11:59.363,18.0,18.9,33.9,57.0,False,1.4,18.0
2026,12,Dutch Grand Prix,R,PER,Cadillac,30.0,3.0,HARD,1.0,94.868,43.336,28.041,23.491,283.0,267.0,313.0,296.0,1,False,False,False,False,2026-08-23 14:13:23.271,19.0,18.8,34.8,57.3,False,1.8,13.0
2026,12,Dutch Grand Prix,R,PER,Cadillac,31.0,3.0,HARD,2.0,77.891,26.521,28.038,23.332,274.0,263.0,311.0,286.0,1,False,True,True,False,2026-08-23 14:14:58.139,19.0,18.8,35.5,57.0,False,0.0,0.0
2026,12,Dutch Grand Prix,R,PER,Cadillac,32.0,3.0,HARD,3.0,78.15,26.579,28.135,23.436,278.0,263.0,311.0,295.0,1,False,False,True,False,2026-08-23 14:16:16.030,19.0,19.1,35.3,56.9,False,1.5,60.0
2026,12,Dutch Grand Prix,R,PER,Cadillac,33.0,3.0,HARD,4.0,78.479,26.661,28.41,23.408,276.0,266.0,311.0,291.0,1,False,False,True,False,2026-08-23 14:17:34.180,19.0,19.0,34.4,56.5,False,1.4,90.0
2026,12,Dutch Grand Prix,R,PER,Cadillac,34.0,3.0,HARD,5.0,78.499,26.558,28.399,23.542,278.0,264.0,312.0,296.0,1,False,False,True,False,2026-08-23 14:18:52.659,19.0,19.0,34.0,55.9,False,1.2,99.0
2026,12,Dutch Grand Prix,R,PER,Cadillac,35.0,3.0,HARD,6.0,78.483,26.678,28.343,23.462,276.0,264.0,313.0,298.0,1,False,False,True,False,2026-08-23 14:20:11.158,19.0,18.9,32.0,54.8,False,0.5,45.0
2026,12,Dutch Grand Prix,R,PER,Cadillac,36.0,3.0,HARD,7.0,78.485,26.558,28.414,23.513,280.0,266.0,314.0,301.0,1,False,False,True,False,2026-08-23 14:21:29.641,19.0,18.8,33.0,55.5,False,1.0,74.0
2026,12,Dutch Grand Prix,R,PER,Cadillac,37.0,3.0,HARD,8.0,78.136,26.471,28.329,23.336,280.0,266.0,314.0,301.0,1,False,False,True,False,2026-08-23 14:22:48.126,19.0,18.7,32.6,56.5,False,1.7,86.0
2026,12,Dutch Grand Prix,R,PER,Cadillac,38.0,3.0,HARD,9.0,78.557,26.587,28.418,23.552,280.0,268.0,314.0,303.0,1,False,False,True,False,2026-08-23 14:24:06.262,19.0,18.6,32.8,57.0,False,0.9,93.0
2026,12,Dutch Grand Prix,R,PER,Cadillac,39.0,3.0,HARD,10.0,78.476,26.6,28.332,23.544,280.0,267.0,314.0,303.0,1,False,False,True,False,2026-08-23 14:25:24.819,19.0,18.5,32.0,58.0,False,2.4,103.0
2026,12,Dutch Grand Prix,R,PER,Cadillac,40.0,3.0,HARD,11.0,80.89,28.42,28.936,23.534,259.0,281.0,318.0,301.0,1,False,False,True,False,2026-08-23 14:26:43.295,19.0,18.6,31.3,57.2,False,1.4,153.0
2026,12,Dutch Grand Prix,R,PER,Cadillac,41.0,3.0,HARD,12.0,79.082,26.71,28.74,23.632,280.0,266.0,314.0,301.0,1,False,False,True,False,2026-08-23 14:28:04.185,19.0,18.5,33.4,59.2,False,1.4,73.0
2026,12,Dutch Grand Prix,R,PER,Cadillac,42.0,3.0,HARD,13.0,78.809,26.734,28.565,23.51,280.0,267.0,313.0,295.0,1,False,False,True,False,2026-08-23 14:29:23.267,19.0,18.4,34.3,58.6,False,0.8,130.0
2026,12,Dutch Grand Prix,R,PER,Cadillac,43.0,3.0,HARD,14.0,78.936,26.714,28.537,23.685,279.0,263.0,312.0,300.0,1,False,False,True,False,2026-08-23 14:30:42.076,19.0,18.4,35.0,58.2,True,0.9,109.0
2026,12,Dutch Grand Prix,R,PER,Cadillac,44.0,3.0,HARD,15.0,78.849,26.661,28.592,23.596,279.0,264.0,311.0,299.0,1,False,False,True,False,2026-08-23 14:32:01.012,19.0,18.6,35.1,57.5,False,0.0,0.0
2026,12,Dutch Grand Prix,R,PER,Cadillac,45.0,3.0,HARD,16.0,78.934,26.714,28.574,23.646,280.0,268.0,312.0,302.0,1,False,False,True,False,2026-08-23 14:33:19.861,18.0,18.7,34.5,57.3,True,0.3,155.0
2026,12,Dutch Grand Prix,R,PER,Cadillac,46.0,3.0,HARD,17.0,79.076,26.825,28.634,23.617,280.0,260.0,308.0,299.0,1,False,False,True,False,2026-08-23 14:34:38.795,17.0,18.8,34.7,57.5,False,1.1,75.0
2026,12,Dutch Grand Prix,R,PER,Cadillac,47.0,3.0,HARD,18.0,78.967,26.67,28.682,23.615,281.0,263.0,312.0,297.0,1,False,False,True,False,2026-08-23 14:35:57.871,17.0,18.8,34.8,58.0,False,0.4,225.0
2026,12,Dutch Grand Prix,R,PER,Cadillac,48.0,3.0,HARD,19.0,79.206,26.755,28.71,23.741,280.0,263.0,312.0,301.0,1,False,False,True,False,2026-08-23 14:37:16.838,17.0,18.8,34.7,58.2,False,2.0,60.0
2026,12,Dutch Grand Prix,R,PER,Cadillac,49.0,3.0,HARD,20.0,79.295,26.844,28.617,23.834,272.0,270.0,324.0,300.0,1,False,False,True,False,2026-08-23 14:38:36.044,18.0,18.9,35.1,58.4,True,1.0,59.0
2026,12,Dutch Grand Prix,R,PER,Cadillac,50.0,3.0,HARD,21.0,80.375,26.684,29.164,24.527,286.0,224.0,327.0,303.0,1,False,False,True,False,2026-08-23 14:39:55.339,18.0,18.9,35.5,57.9,False,1.3,102.0
2026,12,Dutch Grand Prix,R,PER,Cadillac,51.0,3.0,HARD,22.0,78.961,26.653,28.614,23.694,284.0,272.0,315.0,311.0,1,False,False,True,False,2026-08-23 14:41:15.714,18.0,19.0,35.4,58.1,False,0.6,24.0
2026,12,Dutch Grand Prix,R,PER,Cadillac,52.0,3.0,HARD,23.0,82.328,26.639,28.667,27.022,280.0,268.0,,304.0,1,False,False,False,False,2026-08-23 14:42:34.675,18.0,19.1,35.9,58.1,False,0.5,253.0
2026,12,Dutch Grand Prix,R,PER,Cadillac,53.0,4.0,SOFT,1.0,117.322,48.708,36.619,31.995,132.0,180.0,236.0,304.0,126,True,False,False,False,2026-08-23 14:43:57.003,17.0,19.2,35.0,57.6,False,1.7,92.0
2026,12,Dutch Grand Prix,R,PER,Cadillac,54.0,4.0,SOFT,2.0,104.149,35.158,37.025,31.966,241.0,176.0,263.0,207.0,6,True,False,False,False,2026-08-23 14:45:54.325,17.0,19.3,34.7,57.1,False,1.3,214.0
2026,12,Dutch Grand Prix,R,PER,Cadillac,55.0,4.0,SOFT,3.0,93.642,34.611,34.479,24.552,235.0,201.0,315.0,232.0,671,True,False,False,False,2026-08-23 14:47:38.474,17.0,19.1,34.9,58.5,False,0.6,306.0
2026,12,Dutch Grand Prix,R,PER,Cadillac,56.0,4.0,SOFT,4.0,79.093,28.156,27.826999999999998,23.11,286.0,272.0,314.0,294.0,1,True,False,True,False,2026-08-23 14:49:12.116,17.0,19.2,34.8,58.4,False,0.9,50.0
2026,12,Dutch Grand Prix,R,PER,Cadillac,57.0,4.0,SOFT,5.0,77.149,26.245,27.673000000000002,23.231,280.0,264.0,308.0,303.0,1,True,False,True,False,2026-08-23 14:50:31.209,17.0,19.3,35.2,58.5,False,1.5,94.0
2026,12,Dutch Grand Prix,R,PER,Cadillac,58.0,4.0,SOFT,6.0,79.672,27.28,29.0,23.392,282.0,272.0,316.0,241.0,1,True,False,True,False,2026-08-23 14:51:48.358,17.0,19.2,36.1,58.6,False,1.3,116.0
2026,12,Dutch Grand Prix,R,PER,Cadillac,59.0,4.0,SOFT,7.0,81.244,26.255,30.543,24.446,282.0,220.0,325.0,302.0,1,True,False,True,False,2026-08-23 14:53:08.030,17.0,19.3,37.1,58.0,False,0.8,194.0
2026,12,Dutch Grand Prix,R,PER,Cadillac,60.0,4.0,SOFT,8.0,77.926,26.545,27.964,23.417,284.0,273.0,315.0,288.0,1,True,False,True,False,2026-08-23 14:54:29.274,17.0,19.5,37.3,58.1,True,1.1,46.0
2026,12,Dutch Grand Prix,R,PER,Cadillac,61.0,4.0,SOFT,9.0,78.274,26.85,28.023,23.401,277.0,267.0,313.0,299.0,1,True,False,True,False,2026-08-23 14:55:47.200,17.0,19.5,37.8,56.9,True,2.4,35.0
2026,12,Dutch Grand Prix,R,PER,Cadillac,62.0,4.0,SOFT,10.0,81.918,26.353,29.821,25.744,280.0,269.0,328.0,302.0,1,True,False,True,False,2026-08-23 14:57:05.474,17.0,19.5,38.2,56.3,False,0.9,101.0
2026,12,Dutch Grand Prix,R,PER,Cadillac,63.0,4.0,SOFT,11.0,78.423,26.568,28.443,23.412,281.0,272.0,316.0,294.0,1,True,False,True,False,2026-08-23 14:58:27.392,17.0,19.5,37.4,58.4,False,2.3,158.0
2026,12,Dutch Grand Prix,R,PER,Cadillac,64.0,4.0,SOFT,12.0,80.223,28.283,28.515,23.425,289.0,277.0,319.0,267.0,1,True,False,True,False,2026-08-23 14:59:45.815,17.0,19.4,36.8,58.0,False,1.9,142.0
2026,12,Dutch Grand Prix,R,PER,Cadillac,65.0,4.0,SOFT,13.0,78.136,26.576,28.189,23.371,282.0,267.0,314.0,306.0,1,True,False,True,False,2026-08-23 15:01:06.038,17.0,19.3,36.1,57.1,False,0.9,177.0
2026,12,Dutch Grand Prix,R,PER,Cadillac,66.0,4.0,SOFT,14.0,78.302,26.559,28.447,23.296,281.0,268.0,315.0,302.0,1,True,False,True,False,2026-08-23 15:02:24.174,16.0,19.2,34.6,57.8,False,1.4,53.0
2026,12,Dutch Grand Prix,R,PER,Cadillac,67.0,4.0,SOFT,15.0,95.036,26.476,35.876,32.684,281.0,167.0,297.0,305.0,167,True,False,False,False,2026-08-23 15:03:42.476,15.0,19.1,34.3,56.1,True,1.5,71.0
2026,12,Dutch Grand Prix,R,PER,Cadillac,68.0,4.0,SOFT,16.0,78.001,26.846,27.875,23.28,289.0,280.0,316.0,279.0,71,True,False,False,False,2026-08-23 15:05:17.512,15.0,19.1,33.6,54.5,False,1.6,36.0
2026,12,Dutch Grand Prix,R,PER,Cadillac,69.0,4.0,SOFT,17.0,77.636,26.307,28.048,23.281,281.0,263.0,317.0,306.0,1,True,True,True,False,2026-08-23 15:06:35.513,15.0,19.2,33.0,54.8,False,2.8,31.0
2026,12,Dutch Grand Prix,R,PER,Cadillac,70.0,4.0,SOFT,18.0,77.523,26.318,28.0,23.205,280.0,285.0,308.0,311.0,1,True,True,True,False,2026-08-23 15:07:53.149,15.0,19.1,32.3,54.0,False,1.1,52.0
2026,12,Dutch Grand Prix,R,ANT,Mercedes,1.0,1.0,MEDIUM,1.0,84.884,,27.451,25.629,290.0,280.0,319.0,216.0,1,True,False,False,False,2026-08-23 13:03:28.568,2.0,18.7,32.9,56.2,False,2.2,96.0
2026,12,Dutch Grand Prix,R,ANT,Mercedes,2.0,1.0,MEDIUM,2.0,124.294,26.765,41.318,56.211,285.0,154.0,,266.0,125,True,False,False,False,2026-08-23 13:04:52.147,2.0,18.7,32.6,56.5,False,1.1,73.0
2026,12,Dutch Grand Prix,R,ANT,Mercedes,3.0,2.0,MEDIUM,3.0,,,35.121,62.344,230.0,216.0,81.0,266.0,1,False,False,False,False,2026-08-23 13:33:00.089,2.0,16.6,26.4,72.3,False,1.3,29.0
2026,12,Dutch Grand Prix,R,ANT,Mercedes,4.0,2.0,MEDIUM,4.0,,,28.874,56.249,243.0,249.0,63.0,154.0,12,False,False,False,False,2026-08-23 13:35:19.828,2.0,16.6,26.1,72.4,False,0.9,46.0
2026,12,Dutch Grand Prix,R,ANT,Mercedes,5.0,2.0,MEDIUM,5.0,142.251,91.889,27.352,23.01,260.0,259.0,318.0,215.0,12,False,True,True,False,2026-08-23 13:38:37.767,1.0,16.8,26.9,72.8,False,0.6,42.0
2026,12,Dutch Grand Prix,R,ANT,Mercedes,6.0,2.0,MEDIUM,6.0,76.982,26.349,27.544,23.089,271.0,271.0,319.0,300.0,1,False,True,True,False,2026-08-23 13:41:00.018,1.0,16.9,27.9,71.5,False,1.5,13.0
2026,12,Dutch Grand Prix,R,ANT,Mercedes,7.0,2.0,MEDIUM,7.0,76.681,26.282,27.411,22.988,272.0,271.0,318.0,304.0,1,False,True,True,False,2026-08-23 13:42:17.000,1.0,17.0,27.7,70.5,False,1.4,49.0
2026,12,Dutch Grand Prix,R,ANT,Mercedes,8.0,2.0,MEDIUM,8.0,76.803,26.25,27.606,22.947,273.0,271.0,320.0,302.0,1,False,False,True,False,2026-08-23 13:43:33.681,1.0,17.1,27.5,70.2,False,2.9,23.0
2026,12,Dutch Grand Prix,R,ANT,Mercedes,9.0,2.0,MEDIUM,9.0,76.552,25.963,27.608,22.981,277.0,270.0,319.0,309.0,1,False,True,True,False,2026-08-23 13:44:50.484,1.0,17.2,27.6,68.8,False,1.6,38.0
2026,12,Dutch Grand Prix,R,ANT,Mercedes,10.0,2.0,MEDIUM,10.0,76.719,26.069,27.742,22.908,276.0,271.0,320.0,309.0,1,False,False,True,False,2026-08-23 13:46:07.036,1.0,17.3,28.3,68.3,False,0.8,346.0
2026,12,Dutch Grand Prix,R,ANT,Mercedes,11.0,2.0,MEDIUM,11.0,76.708,25.885,27.877,22.946,278.0,268.0,320.0,311.0,1,False,False,True,False,2026-08-23 13:47:23.755,1.0,17.4,28.8,67.9,False,1.2,25.0
2026,12,Dutch Grand Prix,R,ANT,Mercedes,12.0,2.0,MEDIUM,12.0,76.869,26.063,27.871,22.935,278.0,271.0,319.0,312.0,1,False,False,True,False,2026-08-23 13:48:40.463,1.0,17.5,29.1,67.3,False,2.0,43.0
2026,12,Dutch Grand Prix,R,ANT,Mercedes,13.0,2.0,MEDIUM,13.0,77.058,25.964,28.052,23.042,277.0,270.0,310.0,306.0,1,False,False,True,False,2026-08-23 13:49:57.332,1.0,17.5,29.3,65.9,False,2.2,49.0
2026,12,Dutch Grand Prix,R,ANT,Mercedes,14.0,2.0,MEDIUM,14.0,76.981,26.002,27.995,22.984,284.0,272.0,314.0,293.0,1,False,False,True,False,2026-08-23 13:51:14.390,1.0,17.7,29.7,64.9,False,0.9,15.0
2026,12,Dutch Grand Prix,R,ANT,Mercedes,15.0,2.0,MEDIUM,15.0,77.223,25.963,28.052,23.208,283.0,272.0,314.0,296.0,1,False,False,True,False,2026-08-23 13:52:31.371,1.0,17.7,30.2,64.0,False,0.7,127.0
2026,12,Dutch Grand Prix,R,ANT,Mercedes,16.0,2.0,MEDIUM,16.0,77.366,26.013,28.202,23.151,285.0,272.0,314.0,293.0,1,False,False,True,False,2026-08-23 13:53:48.594,1.0,17.8,30.3,63.7,False,0.0,0.0
2026,12,Dutch Grand Prix,R,ANT,Mercedes,17.0,2.0,MEDIUM,17.0,77.313,26.006,28.035,23.272,283.0,274.0,313.0,293.0,1,False,False,True,False,2026-08-23 13:55:05.960,1.0,17.9,30.3,61.1,False,1.6,70.0
2026,12,Dutch Grand Prix,R,ANT,Mercedes,18.0,2.0,MEDIUM,18.0,77.344,26.163,28.102,23.079,283.0,275.0,317.0,295.0,1,False,False,True,False,2026-08-23 13:56:23.273,1.0,17.8,30.5,62.1,False,1.3,14.0
2026,12,Dutch Grand Prix,R,ANT,Mercedes,19.0,2.0,MEDIUM,19.0,77.442,26.025,28.154,23.263,284.0,274.0,316.0,296.0,1,False,False,True,False,2026-08-23 13:57:40.617,1.0,17.9,30.4,62.5,False,0.9,83.0
2026,12,Dutch Grand Prix,R,ANT,Mercedes,20.0,2.0,MEDIUM,20.0,77.601,26.185,28.186,23.23,282.0,275.0,316.0,293.0,1,False,False,True,False,2026-08-23 13:58:58.059,1.0,17.9,30.5,61.0,False,0.8,58.0
2026,12,Dutch Grand Prix,R,ANT,Mercedes,21.0,2.0,MEDIUM,21.0,80.539,26.029,28.472,26.038,283.0,273.0,,294.0,1,False,False,False,False,2026-08-23 14:00:15.660,1.0,18.0,30.9,61.3,False,1.0,56.0
2026,12,Dutch Grand Prix,R,ANT,Mercedes,22.0,3.0,HARD,1.0,94.203,44.084,27.269,22.85,282.0,274.0,316.0,294.0,1,True,False,False,False,2026-08-23 14:01:36.199,2.0,18.0,30.6,61.1,False,2.0,92.0
2026,12,Dutch Grand Prix,R,ANT,Mercedes,23.0,3.0,HARD,2.0,75.804,25.706,27.354,22.744,283.0,275.0,315.0,295.0,1,True,True,True,False,2026-08-23 14:03:10.402,2.0,18.1,32.5,60.5,False,1.1,130.0
2026,12,Dutch Grand Prix,R,ANT,Mercedes,24.0,3.0,HARD,3.0,76.145,25.772,27.542,22.831,285.0,275.0,317.0,293.0,1,True,False,True,False,2026-08-23 14:04:26.206,2.0,18.2,32.5,60.5,False,1.1,130.0
2026,12,Dutch Grand Prix,R,ANT,Mercedes,25.0,3.0,HARD,4.0,76.265,25.828,27.53,22.907,285.0,277.0,317.0,290.0,1,True,False,True,False,2026-08-23 14:05:42.351,1.0,18.2,32.6,59.2,False,0.9,67.0
2026,12,Dutch Grand Prix,R,ANT,Mercedes,26.0,3.0,HARD,5.0,76.208,25.747,27.592,22.869,283.0,275.0,317.0,289.0,1,True,False,True,False,2026-08-23 14:06:58.616,1.0,18.3,32.6,59.2,False,0.9,67.0
2026,12,Dutch Grand Prix,R,ANT,Mercedes,27.0,3.0,HARD,6.0,76.124,25.701999999999998,27.653,22.769,285.0,276.0,318.0,296.0,1,True,False,True,False,2026-08-23 14:08:14.824,1.0,18.5,32.5,59.9,False,0.8,93.0
2026,12,Dutch Grand Prix,R,ANT,Mercedes,28.0,3.0,HARD,7.0,76.195,25.781,27.521,22.893,285.0,277.0,321.0,295.0,1,True,False,True,False,2026-08-23 14:09:30.948,1.0,18.7,32.1,58.3,False,1.3,5.0
2026,12,Dutch Grand Prix,R,ANT,Mercedes,29.0,3.0,HARD,8.0,76.173,25.724,27.426,23.023,284.0,280.0,319.0,297.0,1,True,False,True,False,2026-08-23 14:10:47.143,1.0,18.7,33.3,58.3,False,1.8,58.0
2026,12,Dutch Grand Prix,R,ANT,Mercedes,30.0,3.0,HARD,9.0,76.473,25.816,27.51,23.147,288.0,270.0,328.0,295.0,1,True,False,True,False,2026-08-23 14:12:03.316,1.0,18.9,33.9,57.0,False,1.4,18.0
2026,12,Dutch Grand Prix,R,ANT,Mercedes,31.0,3.0,HARD,10.0,76.081,25.669,27.598,22.814,287.0,277.0,322.0,306.0,1,True,False,True,False,2026-08-23 14:13:19.789,1.0,18.8,34.8,57.3,False,1.8,13.0
2026,12,Dutch Grand Prix,R,ANT,Mercedes,32.0,3.0,HARD,11.0,76.444,25.831,27.669,22.944,280.0,277.0,324.0,315.0,1,True,False,True,False,2026-08-23 14:14:35.870,1.0,18.8,35.5,57.0,False,0.0,0.0
2026,12,Dutch Grand Prix,R,ANT,Mercedes,33.0,3.0,HARD,12.0,76.604,25.88,27.787,22.937,281.0,273.0,323.0,317.0,1,True,False,True,False,2026-08-23 14:15:52.314,1.0,18.9,35.3,56.4,True,0.6,338.0
2026,12,Dutch Grand Prix,R,ANT,Mercedes,34.0,3.0,HARD,13.0,76.404,25.801,27.668,22.935,279.0,280.0,324.0,308.0,1,True,False,True,False,2026-08-23 14:17:08.918,1.0,19.0,34.4,56.5,False,1.4,90.0
2026,12,Dutch Grand Prix,R,ANT,Mercedes,35.0,3.0,HARD,14.0,76.838,25.85,28.014,22.974,282.0,278.0,325.0,313.0,1,True,False,True,False,2026-08-23 14:18:25.322,1.0,19.0,34.0,55.9,False,1.2,99.0
2026,12,Dutch Grand Prix,R,ANT,Mercedes,36.0,3.0,HARD,15.0,77.474,25.973,28.469,23.032,283.0,275.0,324.0,310.0,1,True,False,True,False,2026-08-23 14:19:42.160,1.0,18.9,32.0,54.8,False,0.5,45.0
2026,12,Dutch Grand Prix,R,ANT,Mercedes,37.0,3.0,HARD,16.0,77.144,25.966,28.125,23.053,280.0,276.0,322.0,312.0,1,True,False,True,False,2026-08-23 14:20:59.634,1.0,18.8,33.0,55.5,False,1.0,74.0
2026,12,Dutch Grand Prix,R,ANT,Mercedes,38.0,3.0,HARD,17.0,76.406,25.918,27.566,22.922,278.0,279.0,322.0,306.0,1,True,False,True,False,2026-08-23 14:22:16.778,1.0,18.7,32.6,56.5,False,1.7,86.0
2026,12,Dutch Grand Prix,R,ANT,Mercedes,39.0,3.0,HARD,18.0,76.714,25.92,27.764,23.03,281.0,275.0,324.0,312.0,1,True,False,True,False,2026-08-23 14:23:33.184,1.0,18.8,32.3,55.9,False,1.0,69.0
2026,12,Dutch Grand Prix,R,ANT,Mercedes,40.0,3.0,HARD,19.0,79.389,25.915,27.829,25.645,282.0,276.0,,311.0,1,True,False,False,False,2026-08-23 14:24:49.898,2.0,18.6,32.8,57.0,False,0.9,93.0
2026,12,Dutch Grand Prix,R,ANT,Mercedes,41.0,4.0,HARD,1.0,92.584,42.62,27.321,22.643,292.0,282.0,325.0,311.0,1,True,False,False,False,2026-08-23 14:26:09.287,4.0,18.6,31.3,57.2,False,1.4,153.0
2026,12,Dutch Grand Prix,R,ANT,Mercedes,42.0,4.0,HARD,2.0,75.7,25.697,27.309,22.694,279.0,279.0,321.0,319.0,1,True,True,True,False,2026-08-23 14:27:41.871,4.0,18.5,33.2,58.0,False,0.6,108.0
2026,12,Dutch Grand Prix,R,ANT,Mercedes,43.0,4.0,HARD,3.0,75.887,25.783,27.266,22.838,278.0,280.0,322.0,311.0,1,True,False,True,False,2026-08-23 14:28:57.571,4.0,18.5,33.4,59.2,False,1.4,73.0
2026,12,Dutch Grand Prix,R,ANT,Mercedes,44.0,4.0,HARD,4.0,76.24,25.726,27.554,22.96,279.0,278.0,308.0,316.0,1,True,False,True,False,2026-08-23 14:30:13.458,3.0,18.4,35.0,58.2,True,0.9,109.0
2026,12,Dutch Grand Prix,R,ANT,Mercedes,45.0,4.0,HARD,5.0,76.105,25.864,27.355,22.886,288.0,282.0,325.0,300.0,1,True,False,True,False,2026-08-23 14:31:29.698,3.0,18.4,35.0,58.2,True,0.9,109.0
2026,12,Dutch Grand Prix,R,ANT,Mercedes,46.0,4.0,HARD,6.0,75.728,25.682,27.272,22.774,289.0,280.0,321.0,313.0,1,True,False,True,False,2026-08-23 14:32:45.803,3.0,18.6,35.1,57.5,False,0.0,0.0
2026,12,Dutch Grand Prix,R,ANT,Mercedes,47.0,4.0,HARD,7.0,75.959,25.764,27.344,22.851,286.0,279.0,322.0,304.0,1,True,False,True,False,2026-08-23 14:34:01.531,3.0,18.8,34.7,57.5,False,1.1,75.0
2026,12,Dutch Grand Prix,R,ANT,Mercedes,48.0,4.0,HARD,8.0,75.974,25.679,27.444,22.851,289.0,278.0,322.0,308.0,1,True,False,True,False,2026-08-23 14:35:17.490,2.0,18.8,34.8,58.0,False,0.4,225.0
2026,12,Dutch Grand Prix,R,ANT,Mercedes,49.0,4.0,HARD,9.0,75.85,25.633,27.471,22.746,290.0,278.0,322.0,307.0,1,True,False,True,False,2026-08-23 14:36:33.464,2.0,18.8,35.2,58.1,False,2.1,105.0
2026,12,Dutch Grand Prix,R,ANT,Mercedes,50.0,4.0,HARD,10.0,75.942,25.674,27.453,22.815,287.0,280.0,323.0,306.0,1,True,False,True,False,2026-08-23 14:37:49.314,2.0,18.8,34.7,58.2,False,2.0,60.0
2026,12,Dutch Grand Prix,R,ANT,Mercedes,51.0,4.0,HARD,11.0,75.765,25.651,27.355,22.759,288.0,280.0,324.0,309.0,1,True,False,True,False,2026-08-23 14:39:05.256,2.0,18.9,35.5,57.9,False,1.3,102.0
2026,12,Dutch Grand Prix,R,ANT,Mercedes,52.0,4.0,HARD,12.0,75.588,25.629,27.226,22.733,288.0,281.0,339.0,314.0,1,True,True,True,False,2026-08-23 14:40:21.021,2.0,18.9,35.9,57.8,False,0.4,204.0
2026,12,Dutch Grand Prix,R,ANT,Mercedes,53.0,4.0,HARD,13.0,76.34,25.89,27.507,22.943,284.0,280.0,341.0,326.0,1,True,False,True,False,2026-08-23 14:41:36.609,2.0,19.0,35.4,58.1,False,0.6,24.0
2026,12,Dutch Grand Prix,R,ANT,Mercedes,54.0,4.0,HARD,14.0,77.882,26.51,28.296,23.076,296.0,273.0,344.0,311.0,12,True,False,True,False,2026-08-23 14:42:52.949,3.0,19.1,35.9,58.1,False,0.5,253.0
2026,12,Dutch Grand Prix,R,ANT,Mercedes,55.0,4.0,HARD,15.0,97.436,27.147,38.49,31.799,180.0,224.0,215.0,317.0,26,True,False,False,False,2026-08-23 14:44:10.831,2.0,19.2,35.3,57.5,False,0.6,312.0
2026,12,Dutch Grand Prix,R,ANT,Mercedes,56.0,4.0,HARD,16.0,104.21,35.848,36.551,31.811,245.0,215.0,,244.0,6,True,False,False,False,2026-08-23 14:45:48.267,2.0,19.3,34.7,57.1,False,1.3,214.0
2026,12,Dutch Grand Prix,R,ANT,Mercedes,57.0,5.0,SOFT,4.0,107.21,50.402,33.979,22.829,242.0,277.0,325.0,244.0,671,False,False,False,False,2026-08-23 14:47:32.477,3.0,19.1,34.9,58.5,False,0.6,306.0
2026,12,Dutch Grand Prix,R,ANT,Mercedes,58.0,5.0,SOFT,5.0,74.69,25.557,26.753,22.38,281.0,276.0,322.0,313.0,1,False,True,True,False,2026-08-23 14:49:19.687,3.0,19.2,34.8,58.4,False,0.9,50.0
2026,12,Dutch Grand Prix,R,ANT,Mercedes,59.0,5.0,SOFT,6.0,74.571,25.362,26.701999999999998,22.507,279.0,269.0,332.0,318.0,1,False,True,True,False,2026-08-23 14:50:34.377,3.0,19.3,35.2,58.5,False,1.5,94.0
2026,12,Dutch Grand Prix,R,ANT,Mercedes,60.0,5.0,SOFT,7.0,74.738,25.623,26.64,22.475,289.0,267.0,323.0,273.0,1,False,False,True,False,2026-08-23 14:51:48.948,3.0,19.2,36.1,58.6,False,1.3,116.0
2026,12,Dutch Grand Prix,R,ANT,Mercedes,61.0,5.0,SOFT,8.0,74.679,25.444,26.7,22.535,286.0,280.0,321.0,296.0,1,False,False,True,False,2026-08-23 14:53:03.686,3.0,19.3,37.1,58.0,False,0.8,194.0
2026,12,Dutch Grand Prix,R,ANT,Mercedes,62.0,5.0,SOFT,9.0,74.807,25.519,26.917,22.371,292.0,283.0,322.0,295.0,1,False,False,True,False,2026-08-23 14:54:18.365,3.0,19.5,37.3,58.1,True,1.1,46.0
2026,12,Dutch Grand Prix,R,ANT,Mercedes,63.0,5.0,SOFT,10.0,75.098,25.373,27.109,22.616,278.0,275.0,314.0,309.0,1,False,False,True,False,2026-08-23 14:55:33.172,3.0,19.5,37.8,56.9,True,2.4,35.0
2026,12,Dutch Grand Prix,R,ANT,Mercedes,64.0,5.0,SOFT,11.0,74.87,25.415,26.989,22.466,287.0,282.0,325.0,298.0,1,False,False,True,False,2026-08-23 14:56:48.270,3.0,19.5,38.0,55.6,False,0.7,13.0
2026,12,Dutch Grand Prix,R,ANT,Mercedes,65.0,5.0,SOFT,12.0,75.218,25.373,27.241,22.604,288.0,283.0,325.0,309.0,1,False,False,True,False,2026-08-23 14:58:03.140,3.0,19.5,37.4,58.4,False,2.3,158.0
2026,12,Dutch Grand Prix,R,ANT,Mercedes,66.0,5.0,SOFT,13.0,75.253,25.38,27.044,22.829,291.0,266.0,322.0,296.0,1,False,False,True,False,2026-08-23 14:59:18.358,2.0,19.4,36.8,58.0,False,1.9,142.0
2026,12,Dutch Grand Prix,R,ANT,Mercedes,67.0,5.0,SOFT,14.0,75.405,25.688,27.045,22.672,285.0,278.0,317.0,299.0,1,False,False,True,False,2026-08-23 15:00:33.611,2.0,19.3,35.7,58.8,True,1.2,343.0
2026,12,Dutch Grand Prix,R,ANT,Mercedes,68.0,5.0,SOFT,15.0,75.299,25.55,27.09,22.659,287.0,279.0,320.0,297.0,1,False,False,True,False,2026-08-23 15:01:49.016,2.0,19.3,36.1,57.1,False,0.9,177.0
2026,12,Dutch Grand Prix,R,ANT,Mercedes,69.0,5.0,SOFT,16.0,75.183,25.443,27.149,22.591,288.0,280.0,322.0,298.0,1,False,False,True,False,2026-08-23 15:03:04.315,2.0,19.1,34.3,56.1,True,1.5,71.0
2026,12,Dutch Grand Prix,R,ANT,Mercedes,70.0,5.0,SOFT,17.0,93.086,37.779,32.498,22.809,183.0,274.0,323.0,277.0,167,False,False,False,False,2026-08-23 15:04:19.498,2.0,19.2,33.3,55.1,False,2.0,106.0
2026,12,Dutch Grand Prix,R,ANT,Mercedes,71.0,5.0,SOFT,18.0,75.084,25.46,26.981,22.643,287.0,280.0,323.0,304.0,1,False,False,True,False,2026-08-23 15:05:52.584,2.0,19.1,33.6,54.5,False,1.6,36.0
2026,12,Dutch Grand Prix,R,ANT,Mercedes,72.0,5.0,SOFT,19.0,75.958,25.491,27.519,22.948,288.0,281.0,299.0,304.0,1,False,False,True,False,2026-08-23 15:07:07.668,2.0,19.1,32.3,54.0,False,1.1,52.0
2026,12,Dutch Grand Prix,R,ALO,Aston Martin,1.0,1.0,SOFT,1.0,96.971,,29.843,30.264,283.0,270.0,272.0,191.0,12,True,False,False,False,2026-08-23 13:03:28.568,15.0,18.7,32.9,56.2,False,2.2,96.0
2026,12,Dutch Grand Prix,R,ALO,Aston Martin,2.0,1.0,SOFT,2.0,149.601,34.915,44.411,70.275,122.0,186.0,,247.0,25,True,False,False,False,2026-08-23 13:05:04.228,15.0,18.7,33.2,57.5,False,0.7,58.0
2026,12,Dutch Grand Prix,R,ALO,Aston Martin,3.0,2.0,SOFT,1.0,,,29.481,,265.0,243.0,55.0,247.0,12,True,False,False,False,2026-08-23 13:33:00.089,14.0,16.6,26.4,72.3,False,1.3,29.0
2026,12,Dutch Grand Prix,R,ALO,Aston Martin,4.0,2.0,SOFT,2.0,,42.836,30.369,86.761,266.0,224.0,107.0,136.0,1,True,False,False,False,2026-08-23 13:37:03.300,14.0,16.7,26.5,72.9,False,0.0,0.0
2026,12,Dutch Grand Prix,R,ALO,Aston Martin,5.0,2.0,SOFT,3.0,84.772,30.822,29.134,24.816,262.0,291.0,312.0,227.0,12,True,True,True,False,2026-08-23 13:39:43.197,14.0,16.8,27.0,72.6,False,0.8,76.0
2026,12,Dutch Grand Prix,R,ALO,Aston Martin,6.0,2.0,SOFT,4.0,80.655,27.711,28.856,24.088,278.0,268.0,305.0,294.0,1,True,True,True,False,2026-08-23 13:41:07.969,14.0,16.9,27.9,71.5,False,1.5,13.0
2026,12,Dutch Grand Prix,R,ALO,Aston Martin,7.0,2.0,SOFT,5.0,79.844,27.498,28.566,23.78,271.0,268.0,322.0,273.0,1,True,True,True,False,2026-08-23 13:42:28.624,15.0,17.0,27.7,70.5,False,1.4,49.0
2026,12,Dutch Grand Prix,R,ALO,Aston Martin,8.0,2.0,SOFT,6.0,79.134,26.82,28.593,23.721,270.0,269.0,322.0,300.0,1,True,True,True,False,2026-08-23 13:43:48.468,15.0,17.1,27.5,70.2,False,2.9,23.0
2026,12,Dutch Grand Prix,R,ALO,Aston Martin,9.0,2.0,SOFT,7.0,78.975,26.768,28.551,23.656,270.0,267.0,308.0,296.0,1,True,True,True,False,2026-08-23 13:45:07.602,14.0,17.2,28.1,67.4,False,1.5,47.0
2026,12,Dutch Grand Prix,R,ALO,Aston Martin,10.0,2.0,SOFT,8.0,79.157,26.759,28.799,23.599,272.0,267.0,309.0,294.0,1,True,False,True,False,2026-08-23 13:46:26.577,14.0,17.3,28.3,68.3,False,0.8,346.0
2026,12,Dutch Grand Prix,R,ALO,Aston Martin,11.0,2.0,SOFT,9.0,79.182,26.765,28.895,23.522,272.0,266.0,308.0,301.0,1,True,False,True,False,2026-08-23 13:47:45.734,13.0,17.4,28.8,67.9,False,1.2,25.0
2026,12,Dutch Grand Prix,R,ALO,Aston Martin,12.0,2.0,SOFT,10.0,78.725,26.654,28.432,23.639,271.0,266.0,310.0,300.0,1,True,True,True,False,2026-08-23 13:49:04.916,13.0,17.5,29.3,65.9,False,2.2,49.0
2026,12,Dutch Grand Prix,R,ALO,Aston Martin,13.0,2.0,SOFT,11.0,79.01,26.826999999999998,28.599,23.584,267.0,264.0,322.0,296.0,1,True,False,True,False,2026-08-23 13:50:23.641,13.0,17.6,29.6,64.8,False,1.2,80.0
2026,12,Dutch Grand Prix,R,ALO,Aston Martin,14.0,2.0,SOFT,12.0,79.026,26.738,28.601,23.687,274.0,269.0,324.0,302.0,1,True,False,True,False,2026-08-23 13:51:42.651,13.0,17.7,29.7,64.9,False,0.9,15.0
2026,12,Dutch Grand Prix,R,ALO,Aston Martin,15.0,2.0,SOFT,13.0,79.093,26.626,28.66,23.807,273.0,273.0,327.0,299.0,1,True,False,True,False,2026-08-23 13:53:01.677,13.0,17.8,30.3,63.7,False,0.0,0.0
2026,12,Dutch Grand Prix,R,ALO,Aston Martin,16.0,2.0,SOFT,14.0,79.766,26.805,29.124,23.837,264.0,267.0,318.0,303.0,1,True,False,True,False,2026-08-23 13:54:20.770,12.0,17.9,30.1,62.8,False,2.3,62.0
2026,12,Dutch Grand Prix,R,ALO,Aston Martin,17.0,2.0,SOFT,15.0,78.557,26.452,28.555,23.55,272.0,265.0,309.0,310.0,1,True,True,True,False,2026-08-23 13:55:40.536,12.0,17.9,30.3,61.1,False,1.6,70.0
2026,12,Dutch Grand Prix,R,ALO,Aston Martin,18.0,2.0,SOFT,16.0,79.05,26.604,28.639,23.807,271.0,265.0,311.0,304.0,1,True,False,True,False,2026-08-23 13:56:59.093,12.0,17.9,30.4,62.5,False,0.9,83.0
2026,12,Dutch Grand Prix,R,ALO,Aston Martin,19.0,2.0,SOFT,17.0,78.866,26.647,28.644,23.575,273.0,267.0,322.0,304.0,1,True,False,True,False,2026-08-23 13:58:18.143,10.0,17.9,30.5,61.0,False,0.8,58.0
2026,12,Dutch Grand Prix,R,ALO,Aston Martin,20.0,2.0,SOFT,18.0,79.191,26.672,28.806,23.713,270.0,265.0,322.0,313.0,1,True,False,True,False,2026-08-23 13:59:37.009,9.0,17.9,30.9,61.9,False,1.7,40.0
2026,12,Dutch Grand Prix,R,ALO,Aston Martin,21.0,2.0,SOFT,19.0,78.91,26.556,28.821,23.533,271.0,263.0,319.0,307.0,1,True,False,True,False,2026-08-23 14:00:56.200,9.0,18.0,30.9,61.3,False,1.0,56.0
2026,12,Dutch Grand Prix,R,ALO,Aston Martin,22.0,2.0,SOFT,20.0,79.201,26.667,28.811,23.723,271.0,264.0,317.0,300.0,1,True,False,True,False,2026-08-23 14:02:15.110,8.0,18.0,30.8,60.2,False,0.5,335.0
2026,12,Dutch Grand Prix,R,ALO,Aston Martin,23.0,2.0,SOFT,21.0,80.026,27.158,28.975,23.893,273.0,266.0,305.0,280.0,1,True,False,True,False,2026-08-23 14:03:34.311,9.0,18.1,32.5,60.5,False,1.1,130.0
2026,12,Dutch Grand Prix,R,ALO,Aston Martin,24.0,2.0,SOFT,22.0,79.125,26.785,28.591,23.749,273.0,269.0,321.0,292.0,1,True,False,True,False,2026-08-23 14:04:54.337,9.0,18.2,32.5,60.5,False,1.1,130.0
2026,12,Dutch Grand Prix,R,ALO,Aston Martin,25.0,2.0,SOFT,23.0,79.008,26.545,28.717,23.746,275.0,271.0,320.0,300.0,1,True,False,True,False,2026-08-23 14:06:13.462,9.0,18.3,32.6,59.2,False,0.9,67.0
2026,12,Dutch Grand Prix,R,ALO,Aston Martin,26.0,2.0,SOFT,24.0,79.253,26.614,28.953,23.686,274.0,266.0,313.0,300.0,1,True,False,True,False,2026-08-23 14:07:32.470,8.0,18.4,32.7,59.3,False,1.5,95.0
2026,12,Dutch Grand Prix,R,ALO,Aston Martin,27.0,2.0,SOFT,25.0,78.877,26.46,28.777,23.64,270.0,263.0,297.0,295.0,1,True,False,True,False,2026-08-23 14:08:51.723,8.0,18.5,32.5,59.9,False,0.8,93.0
2026,12,Dutch Grand Prix,R,ALO,Aston Martin,28.0,2.0,SOFT,26.0,79.084,26.663,28.715,23.706,268.0,262.0,295.0,290.0,1,True,False,True,False,2026-08-23 14:10:10.600,8.0,18.7,33.3,58.3,False,1.8,58.0
2026,12,Dutch Grand Prix,R,ALO,Aston Martin,29.0,2.0,SOFT,27.0,79.006,26.692,28.612,23.701999999999998,271.0,265.0,294.0,289.0,1,True,False,True,False,2026-08-23 14:11:29.684,8.0,18.8,33.3,58.3,False,1.8,58.0
2026,12,Dutch Grand Prix,R,ALO,Aston Martin,30.0,2.0,SOFT,28.0,79.04,26.758,28.655,23.627,271.0,265.0,296.0,288.0,1,True,False,True,False,2026-08-23 14:12:48.690,8.0,18.9,33.9,57.0,False,1.4,18.0
2026,12,Dutch Grand Prix,R,ALO,Aston Martin,31.0,2.0,SOFT,29.0,78.975,26.655,28.674,23.646,269.0,264.0,296.0,289.0,1,True,False,True,False,2026-08-23 14:14:07.730,8.0,18.8,35.5,57.0,False,0.0,0.0
2026,12,Dutch Grand Prix,R,ALO,Aston Martin,32.0,2.0,SOFT,30.0,78.981,26.695,28.621,23.665,269.0,264.0,300.0,290.0,1,True,False,True,False,2026-08-23 14:15:26.705,8.0,18.9,35.3,56.4,True,0.6,338.0
2026,12,Dutch Grand Prix,R,ALO,Aston Martin,33.0,2.0,SOFT,31.0,79.071,26.688,28.652,23.731,269.0,263.0,297.0,292.0,1,True,False,True,False,2026-08-23 14:16:45.686,8.0,19.1,35.3,56.9,False,1.5,60.0
2026,12,Dutch Grand Prix,R,ALO,Aston Martin,34.0,2.0,SOFT,32.0,82.686,26.794,29.156,26.736,271.0,263.0,,290.0,1,True,False,False,False,2026-08-23 14:18:04.757,9.0,19.0,34.0,55.9,False,1.2,99.0
2026,12,Dutch Grand Prix,R,ALO,Aston Martin,35.0,3.0,HARD,1.0,94.603,43.16,28.077,23.366,274.0,274.0,320.0,290.0,1,True,False,False,False,2026-08-23 14:19:27.443,13.0,18.9,32.0,54.8,False,0.5,45.0
2026,12,Dutch Grand Prix,R,ALO,Aston Martin,36.0,3.0,HARD,2.0,79.02,26.892,27.979,24.149,268.0,290.0,320.0,289.0,1,True,False,True,False,2026-08-23 14:21:02.046,12.0,18.8,33.0,55.5,False,1.0,74.0
2026,12,Dutch Grand Prix,R,ALO,Aston Martin,37.0,3.0,HARD,3.0,78.824,27.018,28.012,23.794,263.0,268.0,335.0,288.0,1,True,False,True,False,2026-08-23 14:22:21.066,12.0,18.7,32.6,56.5,False,1.7,86.0
2026,12,Dutch Grand Prix,R,ALO,Aston Martin,38.0,3.0,HARD,4.0,78.01,26.582,28.12,23.308,272.0,271.0,300.0,296.0,1,True,True,True,False,2026-08-23 14:23:39.890,11.0,18.8,32.3,55.9,False,1.0,69.0
2026,12,Dutch Grand Prix,R,ALO,Aston Martin,39.0,3.0,HARD,5.0,77.488,26.368,27.887,23.233,271.0,265.0,302.0,294.0,1,True,True,True,False,2026-08-23 14:24:57.900,11.0,18.6,32.8,57.0,False,0.9,93.0
2026,12,Dutch Grand Prix,R,ALO,Aston Martin,40.0,3.0,HARD,6.0,77.326,26.301,27.771,23.254,270.0,264.0,302.0,294.0,1,True,True,True,False,2026-08-23 14:26:15.388,11.0,18.6,31.3,57.2,False,1.4,153.0
2026,12,Dutch Grand Prix,R,ALO,Aston Martin,41.0,3.0,HARD,7.0,77.117,26.167,27.774,23.176,269.0,264.0,301.0,295.0,1,True,True,True,False,2026-08-23 14:27:32.714,11.0,18.5,33.2,58.0,False,0.6,108.0
2026,12,Dutch Grand Prix,R,ALO,Aston Martin,42.0,3.0,HARD,8.0,80.147,26.322,28.486,25.339,268.0,253.0,321.0,293.0,1,True,False,True,False,2026-08-23 14:28:49.831,11.0,18.5,33.4,59.2,False,1.4,73.0
2026,12,Dutch Grand Prix,R,ALO,Aston Martin,43.0,3.0,HARD,9.0,77.611,26.395,27.965,23.251,271.0,267.0,305.0,301.0,1,True,False,True,False,2026-08-23 14:30:09.978,11.0,18.4,35.0,58.2,True,0.9,109.0
2026,12,Dutch Grand Prix,R,ALO,Aston Martin,44.0,3.0,HARD,10.0,77.083,26.182,27.727,23.174,273.0,273.0,303.0,299.0,1,True,True,True,False,2026-08-23 14:31:27.589,11.0,18.4,35.0,58.2,True,0.9,109.0
2026,12,Dutch Grand Prix,R,ALO,Aston Martin,45.0,3.0,HARD,11.0,78.618,27.093,28.179,23.346,230.0,271.0,308.0,298.0,1,True,False,True,False,2026-08-23 14:32:44.672,10.0,18.6,35.1,57.5,False,0.0,0.0
2026,12,Dutch Grand Prix,R,ALO,Aston Martin,46.0,3.0,HARD,12.0,77.206,26.191,27.824,23.191,273.0,268.0,305.0,302.0,1,True,False,True,False,2026-08-23 14:34:03.290,10.0,18.8,34.7,57.5,False,1.1,75.0
2026,12,Dutch Grand Prix,R,ALO,Aston Martin,47.0,3.0,HARD,13.0,77.535,26.143,27.767,23.625,275.0,268.0,290.0,298.0,1,True,False,True,False,2026-08-23 14:35:20.496,9.0,18.8,34.8,58.0,False,0.4,225.0
2026,12,Dutch Grand Prix,R,ALO,Aston Martin,48.0,3.0,HARD,14.0,77.67,26.664,27.794,23.212,277.0,281.0,304.0,277.0,1,True,False,True,False,2026-08-23 14:36:38.031,9.0,18.8,35.2,58.1,False,2.1,105.0
2026,12,Dutch Grand Prix,R,ALO,Aston Martin,49.0,3.0,HARD,15.0,77.406,26.217,27.816,23.373,274.0,271.0,293.0,298.0,1,True,False,True,False,2026-08-23 14:37:55.701,9.0,18.8,34.7,58.2,False,2.0,60.0
2026,12,Dutch Grand Prix,R,ALO,Aston Martin,50.0,3.0,HARD,16.0,78.086,26.859,27.862,23.365,276.0,289.0,304.0,271.0,1,True,False,True,False,2026-08-23 14:39:13.107,9.0,18.9,35.5,57.9,False,1.3,102.0
2026,12,Dutch Grand Prix,R,ALO,Aston Martin,51.0,3.0,HARD,17.0,78.726,27.393,27.904,23.429,275.0,270.0,298.0,300.0,1,True,False,True,False,2026-08-23 14:40:31.193,9.0,18.9,35.9,57.8,False,0.4,204.0
2026,12,Dutch Grand Prix,R,ALO,Aston Martin,52.0,3.0,HARD,18.0,77.286,26.265,27.878,23.143,267.0,270.0,306.0,294.0,1,True,False,True,False,2026-08-23 14:41:49.919,9.0,19.0,35.4,58.1,False,0.6,24.0
2026,12,Dutch Grand Prix,R,ALO,Aston Martin,53.0,3.0,HARD,19.0,77.273,26.197,27.886,23.19,267.0,265.0,307.0,300.0,12,True,False,True,False,2026-08-23 14:43:07.205,9.0,19.2,35.0,57.6,False,1.7,92.0
2026,12,Dutch Grand Prix,R,ALO,Aston Martin,54.0,3.0,HARD,20.0,101.501,32.144,37.933,31.424,233.0,178.0,242.0,299.0,26,True,False,False,False,2026-08-23 14:44:24.478,9.0,19.2,35.3,57.5,False,0.6,312.0
2026,12,Dutch Grand Prix,R,ALO,Aston Martin,55.0,3.0,HARD,21.0,103.523,39.381,34.07,30.072,249.0,144.0,275.0,254.0,6,True,False,False,False,2026-08-23 14:46:05.979,9.0,19.2,35.4,58.4,False,2.3,193.0
2026,12,Dutch Grand Prix,R,ALO,Aston Martin,56.0,3.0,HARD,22.0,93.419,38.668,31.265,23.486,274.0,272.0,307.0,237.0,671,True,False,False,False,2026-08-23 14:47:49.502,9.0,19.1,34.9,58.5,False,0.6,306.0
2026,12,Dutch Grand Prix,R,ALO,Aston Martin,57.0,3.0,HARD,23.0,77.126,26.127,27.737,23.262,284.0,268.0,307.0,301.0,1,True,False,True,False,2026-08-23 14:49:22.921,9.0,19.2,34.8,58.4,False,0.9,50.0
2026,12,Dutch Grand Prix,R,ALO,Aston Martin,58.0,3.0,HARD,24.0,78.089,26.233,27.792,24.064,272.0,268.0,325.0,302.0,1,True,False,True,False,2026-08-23 14:50:40.047,9.0,19.3,35.2,58.5,False,1.5,94.0
2026,12,Dutch Grand Prix,R,ALO,Aston Martin,59.0,3.0,HARD,25.0,76.946,26.069,27.729,23.148,275.0,269.0,309.0,314.0,1,True,True,True,False,2026-08-23 14:51:58.136,9.0,19.2,36.1,58.6,False,1.3,116.0
2026,12,Dutch Grand Prix,R,ALO,Aston Martin,60.0,3.0,HARD,26.0,77.099,26.104,27.822,23.173,275.0,270.0,307.0,300.0,1,True,False,True,False,2026-08-23 14:53:15.082,9.0,19.3,37.1,58.0,False,0.8,194.0
2026,12,Dutch Grand Prix,R,ALO,Aston Martin,61.0,3.0,HARD,27.0,77.283,26.159,27.803,23.321,274.0,271.0,307.0,299.0,1,True,False,True,False,2026-08-23 14:54:32.181,9.0,19.5,37.3,58.1,True,1.1,46.0
2026,12,Dutch Grand Prix,R,ALO,Aston Martin,62.0,3.0,HARD,28.0,77.642,26.395,27.981,23.266,275.0,272.0,307.0,301.0,1,True,False,True,False,2026-08-23 14:55:49.464,9.0,19.5,37.8,56.9,True,2.4,35.0
2026,12,Dutch Grand Prix,R,ALO,Aston Martin,63.0,3.0,HARD,29.0,77.386,26.167,27.954,23.265,276.0,269.0,305.0,302.0,1,True,False,True,False,2026-08-23 14:57:07.106,9.0,19.5,38.2,56.3,False,0.9,101.0
2026,12,Dutch Grand Prix,R,ALO,Aston Martin,64.0,3.0,HARD,30.0,78.386,26.484,28.619,23.283,246.0,270.0,308.0,298.0,1,True,False,True,False,2026-08-23 14:58:24.492,9.0,19.5,37.4,58.4,False,2.3,158.0
2026,12,Dutch Grand Prix,R,ALO,Aston Martin,65.0,3.0,HARD,31.0,77.369,26.231,27.868,23.27,276.0,269.0,316.0,303.0,1,True,False,True,False,2026-08-23 14:59:42.878,9.0,19.4,36.8,58.0,False,1.9,142.0
2026,12,Dutch Grand Prix,R,ALO,Aston Martin,66.0,3.0,HARD,32.0,77.138,26.197,27.813,23.128,271.0,269.0,315.0,309.0,1,True,False,True,False,2026-08-23 15:01:00.247,9.0,19.3,36.1,57.1,False,0.9,177.0
2026,12,Dutch Grand Prix,R,ALO,Aston Martin,67.0,3.0,HARD,33.0,77.391,26.262,27.924,23.205,272.0,268.0,314.0,307.0,1,True,False,True,False,2026-08-23 15:02:17.385,9.0,19.2,34.6,57.8,False,1.4,53.0
2026,12,Dutch Grand Prix,R,ALO,Aston Martin,68.0,3.0,HARD,34.0,88.706,26.214,31.108,31.384,271.0,248.0,305.0,306.0,16,True,False,False,False,2026-08-23 15:03:34.776,9.0,19.1,34.3,56.1,True,1.5,71.0
2026,12,Dutch Grand Prix,R,ALO,Aston Martin,69.0,3.0,HARD,35.0,82.33,31.669,27.57,23.091,284.0,283.0,314.0,150.0,671,True,False,False,False,2026-08-23 15:05:03.482,9.0,19.1,33.6,54.5,False,1.6,36.0
2026,12,Dutch Grand Prix,R,ALO,Aston Martin,70.0,3.0,HARD,36.0,77.016,26.091,27.739,23.186,271.0,269.0,313.0,306.0,1,True,False,True,False,2026-08-23 15:06:25.812,9.0,19.2,33.0,54.8,False,2.8,31.0
2026,12,Dutch Grand Prix,R,ALO,Aston Martin,71.0,3.0,HARD,37.0,77.655,26.319,28.04,23.296,268.0,267.0,315.0,302.0,1,True,False,True,False,2026-08-23 15:07:42.828,9.0,19.1,32.3,54.0,False,1.1,52.0
2026,12,Dutch Grand Prix,R,LEC,Ferrari,1.0,1.0,SOFT,5.0,86.929,,27.908,25.989,293.0,286.0,313.0,217.0,1,False,False,False,False,2026-08-23 13:03:28.568,4.0,18.7,32.9,56.2,False,2.2,96.0
2026,12,Dutch Grand Prix,R,LEC,Ferrari,2.0,1.0,SOFT,6.0,128.461,27.389,41.443,59.629,291.0,147.0,,254.0,125,False,False,False,False,2026-08-23 13:04:54.246,4.0,18.7,32.6,56.5,False,1.1,73.0
2026,12,Dutch Grand Prix,R,LEC,Ferrari,3.0,2.0,SOFT,1.0,,,34.82,63.557,278.0,216.0,50.0,254.0,1,True,False,False,False,2026-08-23 13:33:00.089,4.0,16.6,26.4,72.3,False,1.3,29.0
2026,12,Dutch Grand Prix,R,LEC,Ferrari,4.0,2.0,SOFT,2.0,,,29.127,58.846,264.0,221.0,49.0,127.0,12,True,False,False,False,2026-08-23 13:35:24.944,4.0,16.6,26.1,72.4,False,0.9,46.0
2026,12,Dutch Grand Prix,R,LEC,Ferrari,5.0,2.0,SOFT,3.0,138.834,86.625,28.593,23.616,283.0,282.0,328.0,218.0,12,True,True,True,False,2026-08-23 13:38:44.472,5.0,16.8,26.9,72.8,False,0.6,42.0
2026,12,Dutch Grand Prix,R,LEC,Ferrari,6.0,2.0,SOFT,4.0,78.216,26.6,28.22,23.396,289.0,268.0,332.0,300.0,1,True,True,True,False,2026-08-23 13:41:03.306,5.0,16.9,27.9,71.5,False,1.5,13.0
2026,12,Dutch Grand Prix,R,LEC,Ferrari,7.0,2.0,SOFT,5.0,77.401,26.553,27.833,23.015,272.0,267.0,336.0,302.0,1,True,True,True,False,2026-08-23 13:42:21.522,5.0,17.0,27.7,70.5,False,1.4,49.0
2026,12,Dutch Grand Prix,R,LEC,Ferrari,8.0,2.0,SOFT,6.0,77.292,26.569,27.806,22.917,270.0,268.0,337.0,295.0,1,True,True,True,False,2026-08-23 13:43:38.923,5.0,17.1,27.5,70.2,False,2.9,23.0
2026,12,Dutch Grand Prix,R,LEC,Ferrari,9.0,2.0,SOFT,7.0,77.006,26.374,27.801,22.831,270.0,268.0,336.0,307.0,1,True,True,True,False,2026-08-23 13:44:56.215,5.0,17.2,27.6,68.8,False,1.6,38.0
2026,12,Dutch Grand Prix,R,LEC,Ferrari,10.0,2.0,SOFT,8.0,77.235,26.274,28.055,22.906,272.0,268.0,337.0,315.0,1,True,False,True,False,2026-08-23 13:46:13.221,5.0,17.3,28.3,68.3,False,0.8,346.0
2026,12,Dutch Grand Prix,R,LEC,Ferrari,11.0,2.0,SOFT,9.0,77.729,26.389,28.265,23.075,274.0,268.0,336.0,312.0,1,True,False,True,False,2026-08-23 13:47:30.456,5.0,17.4,28.8,67.9,False,1.2,25.0
2026,12,Dutch Grand Prix,R,LEC,Ferrari,12.0,2.0,SOFT,10.0,77.358,26.228,28.096,23.034,275.0,267.0,326.0,307.0,1,True,False,True,False,2026-08-23 13:48:48.185,5.0,17.5,29.1,67.3,False,2.0,43.0
2026,12,Dutch Grand Prix,R,LEC,Ferrari,13.0,2.0,SOFT,11.0,77.254,26.105,28.059,23.09,283.0,275.0,329.0,312.0,1,True,False,True,False,2026-08-23 13:50:05.543,5.0,17.6,29.6,64.8,False,1.2,80.0
2026,12,Dutch Grand Prix,R,LEC,Ferrari,14.0,2.0,SOFT,12.0,77.609,26.212,28.264,23.133,285.0,277.0,336.0,315.0,1,True,False,True,False,2026-08-23 13:51:22.797,5.0,17.7,29.7,64.9,False,0.9,15.0
2026,12,Dutch Grand Prix,R,LEC,Ferrari,15.0,2.0,SOFT,13.0,77.958,26.403,28.337,23.218,271.0,266.0,334.0,307.0,1,True,False,True,False,2026-08-23 13:52:40.406,5.0,17.7,30.2,64.0,False,0.7,127.0
2026,12,Dutch Grand Prix,R,LEC,Ferrari,16.0,2.0,SOFT,14.0,77.331,26.178,28.209,22.944,275.0,269.0,337.0,314.0,1,True,False,True,False,2026-08-23 13:53:58.364,5.0,17.8,30.3,63.7,False,0.0,0.0
2026,12,Dutch Grand Prix,R,LEC,Ferrari,17.0,2.0,SOFT,15.0,77.943,26.546,28.268,23.129,271.0,264.0,328.0,307.0,1,True,False,True,False,2026-08-23 13:55:15.695,4.0,17.9,30.3,61.1,False,1.6,70.0
2026,12,Dutch Grand Prix,R,LEC,Ferrari,18.0,2.0,SOFT,16.0,77.25,26.023,28.047,23.18,271.0,265.0,319.0,324.0,1,True,False,True,False,2026-08-23 13:56:33.638,3.0,17.8,30.5,62.1,False,1.3,14.0
2026,12,Dutch Grand Prix,R,LEC,Ferrari,19.0,2.0,SOFT,17.0,77.514,26.078,28.219,23.217,280.0,266.0,314.0,309.0,1,True,False,True,False,2026-08-23 13:57:50.888,3.0,17.9,30.4,62.5,False,0.9,83.0
2026,12,Dutch Grand Prix,R,LEC,Ferrari,20.0,2.0,SOFT,18.0,77.435,26.179,28.077,23.179,279.0,265.0,315.0,304.0,1,True,False,True,False,2026-08-23 13:59:08.402,3.0,17.9,30.9,61.9,False,1.7,40.0
2026,12,Dutch Grand Prix,R,LEC,Ferrari,21.0,2.0,SOFT,19.0,80.974,26.241,28.247,26.486,277.0,260.0,,306.0,1,True,False,False,False,2026-08-23 14:00:25.837,4.0,18.0,30.9,61.3,False,1.0,56.0
2026,12,Dutch Grand Prix,R,LEC,Ferrari,22.0,3.0,MEDIUM,1.0,94.694,44.874,27.004,22.816,282.0,272.0,317.0,306.0,1,True,False,False,False,2026-08-23 14:01:46.811,6.0,18.0,30.6,61.1,False,2.0,92.0
2026,12,Dutch Grand Prix,R,LEC,Ferrari,23.0,3.0,MEDIUM,2.0,75.789,25.92,27.056,22.813,277.0,267.0,313.0,304.0,1,True,True,True,False,2026-08-23 14:03:21.505,6.0,18.1,32.5,60.5,False,1.1,130.0
2026,12,Dutch Grand Prix,R,LEC,Ferrari,24.0,3.0,MEDIUM,3.0,75.923,25.973,27.165,22.785,277.0,268.0,315.0,302.0,1,True,False,True,False,2026-08-23 14:04:37.294,6.0,18.2,32.5,60.5,False,1.1,130.0
2026,12,Dutch Grand Prix,R,LEC,Ferrari,25.0,3.0,MEDIUM,4.0,75.789,25.964,27.095,22.73,278.0,268.0,318.0,307.0,1,True,False,True,False,2026-08-23 14:05:53.217,6.0,18.2,32.6,59.2,False,0.9,67.0
2026,12,Dutch Grand Prix,R,LEC,Ferrari,26.0,3.0,MEDIUM,5.0,76.13,26.043,27.256,22.831,275.0,268.0,315.0,308.0,1,True,False,True,False,2026-08-23 14:07:09.006,5.0,18.4,32.7,59.3,False,1.5,95.0
2026,12,Dutch Grand Prix,R,LEC,Ferrari,27.0,3.0,MEDIUM,6.0,75.881,25.942,27.298,22.641,276.0,279.0,321.0,308.0,1,True,False,True,False,2026-08-23 14:08:25.136,5.0,18.5,32.5,59.9,False,0.8,93.0
2026,12,Dutch Grand Prix,R,LEC,Ferrari,28.0,3.0,MEDIUM,7.0,76.026,25.799,27.507,22.72,276.0,274.0,331.0,314.0,1,True,False,True,False,2026-08-23 14:09:41.017,5.0,18.7,32.1,58.3,False,1.3,5.0
2026,12,Dutch Grand Prix,R,LEC,Ferrari,29.0,3.0,MEDIUM,8.0,76.243,25.849,27.587,22.807,278.0,271.0,336.0,313.0,1,True,False,True,False,2026-08-23 14:10:57.043,5.0,18.7,33.3,58.3,False,1.8,58.0
2026,12,Dutch Grand Prix,R,LEC,Ferrari,30.0,3.0,MEDIUM,9.0,76.579,25.979,27.778,22.822,275.0,267.0,338.0,318.0,1,True,False,True,False,2026-08-23 14:12:13.286,5.0,18.9,33.9,57.0,False,1.4,18.0
2026,12,Dutch Grand Prix,R,LEC,Ferrari,31.0,3.0,MEDIUM,10.0,76.88,26.147,27.798000000000002,22.935,276.0,272.0,338.0,313.0,1,True,False,True,False,2026-08-23 14:13:29.865,5.0,18.8,34.8,57.3,False,1.8,13.0
2026,12,Dutch Grand Prix,R,LEC,Ferrari,32.0,3.0,MEDIUM,11.0,76.905,26.128,27.876,22.901,272.0,267.0,336.0,302.0,1,True,False,True,False,2026-08-23 14:14:46.745,5.0,18.8,35.5,57.0,False,0.0,0.0
2026,12,Dutch Grand Prix,R,LEC,Ferrari,33.0,3.0,MEDIUM,12.0,77.374,26.59,27.843,22.941,255.0,287.0,340.0,296.0,1,True,False,True,False,2026-08-23 14:16:03.650,5.0,19.1,35.3,56.9,False,1.5,60.0
2026,12,Dutch Grand Prix,R,LEC,Ferrari,34.0,3.0,MEDIUM,13.0,76.96,26.274,27.634,23.052,265.0,271.0,320.0,328.0,1,True,False,True,False,2026-08-23 14:17:21.024,4.0,19.0,34.4,56.5,False,1.4,90.0
2026,12,Dutch Grand Prix,R,LEC,Ferrari,35.0,3.0,MEDIUM,14.0,76.507,25.982,27.573,22.951999999999998,283.0,272.0,319.0,312.0,1,True,False,True,False,2026-08-23 14:18:37.984,4.0,19.0,34.0,55.9,False,1.2,99.0
2026,12,Dutch Grand Prix,R,LEC,Ferrari,36.0,3.0,MEDIUM,15.0,76.399,25.931,27.517,22.951,281.0,269.0,317.0,310.0,1,True,False,True,False,2026-08-23 14:19:54.491,4.0,18.9,32.0,54.8,False,0.5,45.0
2026,12,Dutch Grand Prix,R,LEC,Ferrari,37.0,3.0,MEDIUM,16.0,76.62,26.072,27.594,22.954,280.0,268.0,317.0,303.0,1,True,False,True,False,2026-08-23 14:21:10.890,4.0,18.8,33.0,55.5,False,1.0,74.0
2026,12,Dutch Grand Prix,R,LEC,Ferrari,38.0,3.0,MEDIUM,17.0,76.392,25.924,27.599,22.869,282.0,270.0,320.0,310.0,1,True,False,True,False,2026-08-23 14:22:27.510,4.0,18.7,32.6,56.5,False,1.7,86.0
2026,12,Dutch Grand Prix,R,LEC,Ferrari,39.0,3.0,MEDIUM,18.0,76.865,25.96,27.923000000000002,22.982,283.0,271.0,332.0,311.0,1,True,False,True,False,2026-08-23 14:23:43.902,4.0,18.8,32.3,55.9,False,1.0,69.0
2026,12,Dutch Grand Prix,R,LEC,Ferrari,40.0,3.0,MEDIUM,19.0,76.934,25.975,27.974,22.985,280.0,272.0,321.0,318.0,1,True,False,True,False,2026-08-23 14:25:00.767,3.0,18.5,32.0,58.0,False,2.4,103.0
2026,12,Dutch Grand Prix,R,LEC,Ferrari,41.0,3.0,MEDIUM,20.0,76.715,25.88,27.775,23.06,285.0,273.0,316.0,306.0,1,True,False,True,False,2026-08-23 14:26:17.701,2.0,18.6,31.3,57.2,False,1.4,153.0
2026,12,Dutch Grand Prix,R,LEC,Ferrari,42.0,3.0,MEDIUM,21.0,76.889,26.074,27.832,22.983,285.0,275.0,322.0,310.0,1,True,False,True,False,2026-08-23 14:27:34.416,2.0,18.5,33.2,58.0,False,0.6,108.0
2026,12,Dutch Grand Prix,R,LEC,Ferrari,43.0,3.0,MEDIUM,22.0,80.438,26.063,28.235,26.14,279.0,268.0,,315.0,1,True,False,False,False,2026-08-23 14:28:51.305,3.0,18.5,33.4,59.2,False,1.4,73.0
2026,12,Dutch Grand Prix,R,LEC,Ferrari,44.0,4.0,HARD,1.0,94.081,44.045,27.334,22.701999999999998,279.0,268.0,313.0,315.0,1,True,False,False,False,2026-08-23 14:30:11.743,6.0,18.4,35.0,58.2,True,0.9,109.0
2026,12,Dutch Grand Prix,R,LEC,Ferrari,45.0,4.0,HARD,2.0,75.396,26.005,26.778,22.613,280.0,271.0,316.0,303.0,1,True,True,True,False,2026-08-23 14:31:45.824,5.0,18.4,35.0,58.2,True,0.9,109.0
2026,12,Dutch Grand Prix,R,LEC,Ferrari,46.0,4.0,HARD,3.0,75.493,25.692,27.319,22.482,282.0,272.0,328.0,309.0,1,True,False,True,False,2026-08-23 14:33:01.220,5.0,18.7,34.5,57.3,True,0.3,155.0
2026,12,Dutch Grand Prix,R,LEC,Ferrari,47.0,4.0,HARD,4.0,74.985,25.499,26.802,22.684,279.0,276.0,314.0,310.0,1,True,True,True,False,2026-08-23 14:34:16.713,5.0,18.8,34.7,57.5,False,1.1,75.0
2026,12,Dutch Grand Prix,R,LEC,Ferrari,48.0,4.0,HARD,5.0,75.417,26.188,26.692,22.537,287.0,275.0,318.0,304.0,1,True,False,True,False,2026-08-23 14:35:31.698,5.0,18.8,34.8,58.0,False,0.4,225.0
2026,12,Dutch Grand Prix,R,LEC,Ferrari,49.0,4.0,HARD,6.0,75.134,25.527,26.933,22.674,279.0,270.0,316.0,306.0,1,True,False,True,False,2026-08-23 14:36:47.115,5.0,18.8,35.2,58.1,False,2.1,105.0
2026,12,Dutch Grand Prix,R,LEC,Ferrari,50.0,4.0,HARD,7.0,74.877,25.617,26.799,22.461,282.0,273.0,320.0,303.0,1,True,True,True,False,2026-08-23 14:38:02.249,5.0,18.9,35.1,58.4,True,1.0,59.0
2026,12,Dutch Grand Prix,R,LEC,Ferrari,51.0,4.0,HARD,8.0,74.921,25.624,26.807,22.49,283.0,279.0,324.0,307.0,1,True,False,True,False,2026-08-23 14:39:17.126,5.0,18.9,35.5,57.9,False,1.3,102.0
2026,12,Dutch Grand Prix,R,LEC,Ferrari,52.0,4.0,HARD,9.0,75.086,25.777,26.741,22.568,282.0,271.0,318.0,313.0,1,True,False,True,False,2026-08-23 14:40:32.047,5.0,18.9,35.9,57.8,False,0.4,204.0
2026,12,Dutch Grand Prix,R,LEC,Ferrari,53.0,4.0,HARD,10.0,75.359,25.645,27.09,22.624,287.0,272.0,317.0,310.0,1,True,False,True,False,2026-08-23 14:41:47.133,5.0,19.0,35.4,58.1,False,0.6,24.0
2026,12,Dutch Grand Prix,R,LEC,Ferrari,54.0,4.0,HARD,11.0,75.241,25.655,26.869,22.717,283.0,275.0,319.0,308.0,12,True,False,True,False,2026-08-23 14:43:02.492,5.0,19.2,35.0,57.6,False,1.7,92.0
2026,12,Dutch Grand Prix,R,LEC,Ferrari,55.0,4.0,HARD,12.0,101.469,31.814,36.488,33.167,223.0,202.0,,308.0,26,True,False,False,False,2026-08-23 14:44:17.733,5.0,19.2,35.3,57.5,False,0.6,312.0
2026,12,Dutch Grand Prix,R,LEC,Ferrari,56.0,5.0,SOFT,1.0,118.615,53.455,34.185,30.975,220.0,212.0,220.0,308.0,6,False,False,False,False,2026-08-23 14:45:59.202,5.0,19.2,35.4,58.4,False,2.3,193.0
2026,12,Dutch Grand Prix,R,LEC,Ferrari,57.0,5.0,SOFT,2.0,90.116,37.231,29.013,23.872,253.0,257.0,313.0,215.0,671,False,False,False,False,2026-08-23 14:47:57.817,5.0,19.1,34.9,58.5,False,0.6,306.0
2026,12,Dutch Grand Prix,R,LEC,Ferrari,58.0,5.0,SOFT,3.0,74.426,25.665,26.439,22.322,283.0,275.0,319.0,302.0,1,False,True,True,False,2026-08-23 14:49:27.933,5.0,19.2,34.8,58.4,False,0.9,50.0
2026,12,Dutch Grand Prix,R,LEC,Ferrari,59.0,5.0,SOFT,4.0,75.02,25.414,26.757,22.849,280.0,276.0,317.0,310.0,1,False,False,True,False,2026-08-23 14:50:42.359,5.0,19.3,35.2,58.5,False,1.5,94.0
2026,12,Dutch Grand Prix,R,LEC,Ferrari,60.0,5.0,SOFT,5.0,74.23,25.333,26.607,22.29,282.0,276.0,320.0,307.0,1,False,True,True,False,2026-08-23 14:51:57.379,5.0,19.2,36.1,58.6,False,1.3,116.0
2026,12,Dutch Grand Prix,R,LEC,Ferrari,61.0,5.0,SOFT,6.0,74.396,25.385,26.596,22.415,285.0,271.0,314.0,309.0,1,False,False,True,False,2026-08-23 14:53:11.609,5.0,19.3,37.1,58.0,False,0.8,194.0
2026,12,Dutch Grand Prix,R,LEC,Ferrari,62.0,5.0,SOFT,7.0,74.555,25.504,26.649,22.402,281.0,274.0,317.0,297.0,1,False,False,True,False,2026-08-23 14:54:26.005,5.0,19.5,37.3,58.1,True,1.1,46.0
2026,12,Dutch Grand Prix,R,LEC,Ferrari,63.0,5.0,SOFT,8.0,74.432,25.415,26.662,22.355,282.0,274.0,317.0,298.0,1,False,False,True,False,2026-08-23 14:55:40.560,5.0,19.5,37.8,56.9,True,2.4,35.0
2026,12,Dutch Grand Prix,R,LEC,Ferrari,64.0,5.0,SOFT,9.0,74.694,25.356,26.873,22.465,282.0,272.0,317.0,301.0,1,False,False,True,False,2026-08-23 14:56:54.992,5.0,19.5,38.0,55.6,False,0.7,13.0
2026,12,Dutch Grand Prix,R,LEC,Ferrari,65.0,5.0,SOFT,10.0,74.728,25.475,26.772,22.481,285.0,279.0,319.0,300.0,1,False,False,True,False,2026-08-23 14:58:09.686,5.0,19.5,37.4,58.4,False,2.3,158.0
2026,12,Dutch Grand Prix,R,LEC,Ferrari,66.0,5.0,SOFT,11.0,74.687,25.449,26.856,22.382,280.0,273.0,315.0,304.0,1,False,False,True,False,2026-08-23 14:59:24.414,5.0,19.4,36.8,58.0,False,1.9,142.0
2026,12,Dutch Grand Prix,R,LEC,Ferrari,67.0,5.0,SOFT,12.0,75.41,25.826999999999998,26.943,22.64,292.0,270.0,315.0,300.0,1,False,False,True,False,2026-08-23 15:00:39.101,5.0,19.3,35.7,58.8,True,1.2,343.0
2026,12,Dutch Grand Prix,R,LEC,Ferrari,68.0,5.0,SOFT,13.0,75.186,25.566,27.023,22.597,287.0,276.0,322.0,303.0,1,False,False,True,False,2026-08-23 15:01:54.511,5.0,19.3,36.1,57.1,False,0.9,177.0
2026,12,Dutch Grand Prix,R,LEC,Ferrari,69.0,5.0,SOFT,14.0,76.712,25.516,27.174,24.022,287.0,280.0,126.0,311.0,16,False,False,False,False,2026-08-23 15:03:09.697,5.0,19.1,34.3,56.1,True,1.5,71.0
2026,12,Dutch Grand Prix,R,LEC,Ferrari,70.0,5.0,SOFT,15.0,91.842,37.729,31.648,22.465,173.0,292.0,331.0,169.0,671,False,False,False,False,2026-08-23 15:04:26.409,5.0,19.2,33.3,55.1,False,2.0,106.0
2026,12,Dutch Grand Prix,R,LEC,Ferrari,71.0,5.0,SOFT,16.0,74.943,25.515,27.032,22.396,287.0,283.0,334.0,316.0,1,False,False,True,False,2026-08-23 15:05:58.251,5.0,19.1,33.6,54.5,False,1.6,36.0
2026,12,Dutch Grand Prix,R,LEC,Ferrari,72.0,5.0,SOFT,17.0,76.154,25.469,28.009,22.676,300.0,274.0,336.0,321.0,1,False,False,True,False,2026-08-23 15:07:13.194,5.0,19.1,32.3,54.0,False,1.1,52.0
2026,12,Dutch Grand Prix,R,STR,Aston Martin,1.0,1.0,SOFT,1.0,97.846,,30.413,30.724,275.0,270.0,269.0,198.0,12,True,False,False,False,2026-08-23 13:03:28.568,17.0,18.7,32.9,56.2,False,2.2,96.0
2026,12,Dutch Grand Prix,R,STR,Aston Martin,2.0,1.0,SOFT,2.0,,36.326,44.937,74.615,117.0,141.0,,248.0,25,True,False,False,False,2026-08-23 13:05:05.178,17.0,18.7,33.2,57.5,False,0.7,58.0
2026,12,Dutch Grand Prix,R,STR,Aston Martin,3.0,2.0,SOFT,1.0,,,29.372,90.88,269.0,236.0,55.0,248.0,12,True,False,False,False,2026-08-23 13:33:00.089,16.0,16.6,26.4,72.3,False,1.3,29.0
2026,12,Dutch Grand Prix,R,STR,Aston Martin,4.0,2.0,SOFT,2.0,,41.2,29.274,84.1,267.0,231.0,140.0,134.0,1,True,False,False,False,2026-08-23 13:37:09.314,16.0,16.7,26.5,72.9,False,0.0,0.0
2026,12,Dutch Grand Prix,R,STR,Aston Martin,5.0,2.0,SOFT,3.0,85.201,30.468,30.195,24.538,281.0,281.0,319.0,215.0,12,True,True,True,False,2026-08-23 13:39:43.813,17.0,16.8,27.0,72.6,False,0.8,76.0
2026,12,Dutch Grand Prix,R,STR,Aston Martin,6.0,2.0,SOFT,4.0,80.503,27.446,28.936,24.121,276.0,273.0,322.0,272.0,1,True,True,True,False,2026-08-23 13:41:09.014,16.0,16.9,27.9,71.5,False,1.5,13.0
2026,12,Dutch Grand Prix,R,STR,Aston Martin,7.0,2.0,SOFT,5.0,79.643,27.071,28.643,23.929,274.0,269.0,326.0,284.0,1,True,True,True,False,2026-08-23 13:42:29.517,16.0,17.0,27.7,70.5,False,1.4,49.0
2026,12,Dutch Grand Prix,R,STR,Aston Martin,8.0,2.0,SOFT,6.0,79.188,26.974,28.443,23.771,268.0,268.0,329.0,295.0,1,True,True,True,False,2026-08-23 13:43:49.160,16.0,17.1,27.5,70.2,False,2.9,23.0
2026,12,Dutch Grand Prix,R,STR,Aston Martin,9.0,2.0,SOFT,7.0,79.15,26.771,28.714,23.665,275.0,269.0,322.0,290.0,1,True,True,True,False,2026-08-23 13:45:08.348,15.0,17.2,28.1,67.4,False,1.5,47.0
2026,12,Dutch Grand Prix,R,STR,Aston Martin,10.0,2.0,SOFT,8.0,79.366,26.998,28.582,23.786,263.0,267.0,313.0,293.0,1,True,False,True,False,2026-08-23 13:46:27.498,15.0,17.3,28.3,68.3,False,0.8,346.0
2026,12,Dutch Grand Prix,R,STR,Aston Martin,11.0,2.0,SOFT,9.0,79.192,26.679,28.813,23.7,276.0,268.0,311.0,291.0,1,True,False,True,False,2026-08-23 13:47:46.864,14.0,17.4,28.8,67.9,False,1.2,25.0
2026,12,Dutch Grand Prix,R,STR,Aston Martin,12.0,2.0,SOFT,10.0,79.102,26.648,28.561,23.893,275.0,267.0,308.0,297.0,1,True,True,True,False,2026-08-23 13:49:06.056,14.0,17.5,29.3,65.9,False,2.2,49.0
2026,12,Dutch Grand Prix,R,STR,Aston Martin,13.0,2.0,SOFT,11.0,79.692,26.93,28.842,23.92,273.0,266.0,308.0,296.0,1,True,False,True,False,2026-08-23 13:50:25.158,14.0,17.6,29.6,64.8,False,1.2,80.0
2026,12,Dutch Grand Prix,R,STR,Aston Martin,14.0,2.0,SOFT,12.0,79.291,26.87,28.585,23.836,271.0,265.0,306.0,297.0,1,True,False,True,False,2026-08-23 13:51:44.850,14.0,17.7,29.7,64.9,False,0.9,15.0
2026,12,Dutch Grand Prix,R,STR,Aston Martin,15.0,2.0,SOFT,13.0,82.655,26.864,28.793,26.998,271.0,265.0,,295.0,1,True,False,False,False,2026-08-23 13:53:04.141,14.0,17.8,30.3,63.7,False,0.0,0.0
2026,12,Dutch Grand Prix,R,STR,Aston Martin,16.0,3.0,HARD,1.0,94.265,42.987,27.766,23.512,271.0,264.0,304.0,295.0,1,True,False,False,False,2026-08-23 13:54:26.796,20.0,17.9,30.1,62.8,False,2.3,62.0
2026,12,Dutch Grand Prix,R,STR,Aston Martin,17.0,3.0,HARD,2.0,78.759,26.788,28.273,23.698,272.0,267.0,306.0,294.0,1,True,True,True,False,2026-08-23 13:56:01.061,20.0,17.8,30.5,62.1,False,1.3,14.0
2026,12,Dutch Grand Prix,R,STR,Aston Martin,18.0,3.0,HARD,3.0,78.569,26.608,28.136,23.825,271.0,268.0,307.0,296.0,1,True,True,True,False,2026-08-23 13:57:19.820,20.0,17.9,30.4,62.5,False,0.9,83.0
2026,12,Dutch Grand Prix,R,STR,Aston Martin,19.0,3.0,HARD,4.0,78.997,26.794,28.391,23.812,271.0,269.0,310.0,289.0,1,True,False,True,False,2026-08-23 13:58:38.389,20.0,17.9,30.5,61.0,False,0.8,58.0
2026,12,Dutch Grand Prix,R,STR,Aston Martin,20.0,3.0,HARD,5.0,79.923,27.416,28.684,23.823,269.0,270.0,312.0,292.0,1,True,False,True,False,2026-08-23 13:59:57.386,20.0,17.9,30.9,61.9,False,1.7,40.0
2026,12,Dutch Grand Prix,R,STR,Aston Martin,21.0,3.0,HARD,6.0,80.659,27.104,29.084,24.471,273.0,270.0,320.0,298.0,1,True,False,True,False,2026-08-23 14:01:17.309,19.0,18.0,30.6,61.1,False,2.0,92.0
2026,12,Dutch Grand Prix,R,STR,Aston Martin,22.0,3.0,HARD,7.0,79.736,26.918,28.822,23.996,273.0,269.0,311.0,293.0,1,True,False,True,False,2026-08-23 14:02:37.968,19.0,18.0,30.8,60.2,False,0.5,335.0
2026,12,Dutch Grand Prix,R,STR,Aston Martin,23.0,3.0,HARD,8.0,79.702,27.064,28.716,23.922,273.0,269.0,325.0,283.0,1,True,False,True,False,2026-08-23 14:03:57.704,19.0,18.1,32.5,60.5,False,1.1,130.0
2026,12,Dutch Grand Prix,R,STR,Aston Martin,24.0,3.0,HARD,9.0,79.801,27.03,28.998,23.773,276.0,281.0,308.0,290.0,1,True,False,True,False,2026-08-23 14:05:17.406,18.0,18.2,32.6,59.2,False,0.9,67.0
2026,12,Dutch Grand Prix,R,STR,Aston Martin,25.0,3.0,HARD,10.0,79.615,26.996,28.624,23.995,269.0,269.0,314.0,283.0,1,True,False,True,False,2026-08-23 14:06:37.207,18.0,18.3,32.6,59.2,False,0.9,67.0
2026,12,Dutch Grand Prix,R,STR,Aston Martin,26.0,3.0,HARD,11.0,79.628,26.933,28.757,23.938,276.0,283.0,301.0,288.0,1,True,False,True,False,2026-08-23 14:07:56.822,17.0,18.4,32.7,59.3,False,1.5,95.0
2026,12,Dutch Grand Prix,R,STR,Aston Martin,27.0,3.0,HARD,12.0,78.861,26.865,28.318,23.678,272.0,266.0,302.0,292.0,1,True,False,True,False,2026-08-23 14:09:16.450,17.0,18.7,32.1,58.3,False,1.3,5.0
2026,12,Dutch Grand Prix,R,STR,Aston Martin,28.0,3.0,HARD,13.0,78.596,26.834,28.172,23.59,271.0,265.0,309.0,290.0,1,True,False,True,False,2026-08-23 14:10:35.311,17.0,18.7,33.3,58.3,False,1.8,58.0
2026,12,Dutch Grand Prix,R,STR,Aston Martin,29.0,3.0,HARD,14.0,78.958,26.914,28.397,23.647,273.0,265.0,303.0,292.0,1,True,False,True,False,2026-08-23 14:11:53.907,17.0,18.8,33.3,58.3,False,1.8,58.0
2026,12,Dutch Grand Prix,R,STR,Aston Martin,30.0,3.0,HARD,15.0,78.738,26.961,28.202,23.575,273.0,267.0,302.0,295.0,1,True,False,True,False,2026-08-23 14:13:12.865,17.0,18.8,34.8,57.3,False,1.8,13.0
2026,12,Dutch Grand Prix,R,STR,Aston Martin,31.0,3.0,HARD,16.0,78.736,26.844,28.219,23.673000000000002,273.0,265.0,303.0,288.0,1,True,False,True,False,2026-08-23 14:14:31.603,16.0,18.8,35.5,57.0,False,0.0,0.0
2026,12,Dutch Grand Prix,R,STR,Aston Martin,32.0,3.0,HARD,17.0,80.926,26.875,30.047,24.004,271.0,272.0,308.0,292.0,1,True,False,True,False,2026-08-23 14:15:50.339,16.0,18.9,35.3,56.4,True,0.6,338.0
2026,12,Dutch Grand Prix,R,STR,Aston Martin,33.0,3.0,HARD,18.0,79.68,27.21,28.602,23.868,272.0,265.0,302.0,296.0,1,True,False,True,False,2026-08-23 14:17:11.265,16.0,19.0,34.4,56.5,False,1.4,90.0
2026,12,Dutch Grand Prix,R,STR,Aston Martin,34.0,3.0,HARD,19.0,78.91,26.926,28.347,23.637,273.0,265.0,305.0,294.0,1,True,False,True,False,2026-08-23 14:18:30.945,16.0,19.0,34.0,55.9,False,1.2,99.0
2026,12,Dutch Grand Prix,R,STR,Aston Martin,35.0,3.0,HARD,20.0,81.436,26.835,28.201,26.4,272.0,267.0,,293.0,1,True,False,False,False,2026-08-23 14:19:49.855,15.0,18.9,32.0,54.8,False,0.5,45.0
2026,12,Dutch Grand Prix,R,STR,Aston Martin,36.0,4.0,HARD,1.0,93.316,42.535,27.419,23.362,275.0,267.0,305.0,293.0,1,True,False,False,False,2026-08-23 14:21:11.291,18.0,18.8,33.0,55.5,False,1.0,74.0
2026,12,Dutch Grand Prix,R,STR,Aston Martin,37.0,4.0,HARD,2.0,77.883,26.604,27.77,23.509,276.0,270.0,304.0,293.0,1,True,True,True,False,2026-08-23 14:22:44.607,18.0,18.7,32.6,56.5,False,1.7,86.0
2026,12,Dutch Grand Prix,R,STR,Aston Martin,38.0,4.0,HARD,3.0,78.132,26.699,27.966,23.467,274.0,269.0,309.0,288.0,1,True,False,True,False,2026-08-23 14:24:02.490,18.0,18.6,32.8,57.0,False,0.9,93.0
2026,12,Dutch Grand Prix,R,STR,Aston Martin,39.0,4.0,HARD,4.0,78.401,26.786,28.025,23.59,273.0,268.0,306.0,290.0,1,True,False,True,False,2026-08-23 14:25:20.622,18.0,18.5,32.0,58.0,False,2.4,103.0
2026,12,Dutch Grand Prix,R,STR,Aston Martin,40.0,4.0,HARD,5.0,78.062,26.736,27.769,23.557,275.0,271.0,307.0,295.0,1,True,False,True,False,2026-08-23 14:26:39.023,18.0,18.6,31.3,57.2,False,1.4,153.0
2026,12,Dutch Grand Prix,R,STR,Aston Martin,41.0,4.0,HARD,6.0,78.418,26.638,27.98,23.8,276.0,273.0,318.0,293.0,1,True,False,True,False,2026-08-23 14:27:57.085,18.0,18.5,33.2,58.0,False,0.6,108.0
2026,12,Dutch Grand Prix,R,STR,Aston Martin,42.0,4.0,HARD,7.0,77.926,26.639,28.028,23.259,276.0,274.0,325.0,301.0,1,True,False,True,False,2026-08-23 14:29:15.503,18.0,18.4,34.3,58.6,False,0.8,130.0
2026,12,Dutch Grand Prix,R,STR,Aston Martin,43.0,4.0,HARD,8.0,78.573,26.475,28.268,23.83,275.0,271.0,321.0,306.0,1,True,False,True,False,2026-08-23 14:30:33.429,18.0,18.4,35.0,58.2,True,0.9,109.0
2026,12,Dutch Grand Prix,R,STR,Aston Martin,44.0,4.0,HARD,9.0,78.689,26.74,28.328,23.621,277.0,277.0,326.0,286.0,1,True,False,True,False,2026-08-23 14:31:52.002,18.0,18.4,35.0,58.2,True,0.9,109.0
2026,12,Dutch Grand Prix,R,STR,Aston Martin,45.0,4.0,HARD,10.0,88.737,26.735,30.056,31.946,266.0,192.0,,298.0,1,True,False,False,False,2026-08-23 14:33:10.691,19.0,18.7,34.5,57.3,True,0.3,155.0
2026,12,Dutch Grand Prix,R,TSU,Racing Bulls,1.0,1.0,SOFT,1.0,93.561,,29.037,29.111,269.0,262.0,273.0,188.0,12,True,False,False,False,2026-08-23 13:03:28.568,11.0,18.7,32.9,56.2,False,2.2,96.0
2026,12,Dutch Grand Prix,R,TSU,Racing Bulls,2.0,1.0,SOFT,2.0,144.767,28.194,49.848,66.725,213.0,148.0,,235.0,25,True,False,False,False,2026-08-23 13:05:00.845,11.0,18.7,33.2,57.5,False,0.7,58.0
2026,12,Dutch Grand Prix,R,TSU,Racing Bulls,3.0,2.0,SOFT,1.0,,,28.857,,236.0,217.0,1.0,235.0,12,False,False,False,False,2026-08-23 13:33:00.089,11.0,16.6,26.4,72.3,False,1.3,29.0
2026,12,Dutch Grand Prix,R,TSU,Racing Bulls,4.0,2.0,SOFT,2.0,,40.5,30.879,95.086,237.0,190.0,2.0,154.0,1,False,False,False,False,2026-08-23 13:36:55.719,10.0,16.6,26.3,73.3,False,1.4,33.0
2026,12,Dutch Grand Prix,R,TSU,Racing Bulls,5.0,2.0,SOFT,3.0,84.653,31.415,29.226,24.012,290.0,282.0,322.0,228.0,12,False,True,True,False,2026-08-23 13:39:42.032,11.0,16.8,27.0,72.6,False,0.8,76.0
2026,12,Dutch Grand Prix,R,TSU,Racing Bulls,6.0,2.0,SOFT,4.0,79.649,27.045,28.831,23.773,289.0,266.0,315.0,277.0,1,False,True,True,False,2026-08-23 13:41:06.685,11.0,16.9,27.9,71.5,False,1.5,13.0
2026,12,Dutch Grand Prix,R,TSU,Racing Bulls,7.0,2.0,SOFT,5.0,78.908,26.819,28.651,23.438,276.0,277.0,333.0,294.0,1,False,True,True,False,2026-08-23 13:42:26.334,11.0,17.0,27.7,70.5,False,1.4,49.0
2026,12,Dutch Grand Prix,R,TSU,Racing Bulls,8.0,2.0,SOFT,6.0,79.04,26.878,28.734,23.428,278.0,274.0,324.0,292.0,1,False,False,True,False,2026-08-23 13:43:45.242,10.0,17.1,27.5,70.2,False,2.9,23.0
2026,12,Dutch Grand Prix,R,TSU,Racing Bulls,9.0,2.0,SOFT,7.0,78.601,26.562,28.661,23.378,275.0,274.0,322.0,302.0,1,False,True,True,False,2026-08-23 13:45:04.282,10.0,17.2,28.1,67.4,False,1.5,47.0
2026,12,Dutch Grand Prix,R,TSU,Racing Bulls,10.0,2.0,SOFT,8.0,78.665,26.625,28.63,23.41,272.0,269.0,321.0,307.0,1,False,False,True,False,2026-08-23 13:46:22.883,10.0,17.3,28.3,68.3,False,0.8,346.0
2026,12,Dutch Grand Prix,R,TSU,Racing Bulls,11.0,2.0,SOFT,9.0,78.59,26.569,28.663,23.358,276.0,272.0,323.0,300.0,1,False,True,True,False,2026-08-23 13:47:41.548,10.0,17.4,28.8,67.9,False,1.2,25.0
2026,12,Dutch Grand Prix,R,TSU,Racing Bulls,12.0,2.0,SOFT,10.0,78.852,26.599,28.836,23.417,274.0,269.0,304.0,305.0,1,False,False,True,False,2026-08-23 13:49:00.138,10.0,17.5,29.3,65.9,False,2.2,49.0
2026,12,Dutch Grand Prix,R,TSU,Racing Bulls,13.0,2.0,SOFT,11.0,79.039,26.722,28.83,23.487,275.0,269.0,321.0,288.0,1,False,False,True,False,2026-08-23 13:50:18.990,10.0,17.6,29.6,64.8,False,1.2,80.0
2026,12,Dutch Grand Prix,R,TSU,Racing Bulls,14.0,2.0,SOFT,12.0,79.079,26.6,28.988,23.491,275.0,272.0,321.0,311.0,1,False,False,True,False,2026-08-23 13:51:38.029,10.0,17.7,29.7,64.9,False,0.9,15.0
2026,12,Dutch Grand Prix,R,TSU,Racing Bulls,15.0,2.0,SOFT,13.0,78.992,26.595,28.87,23.527,275.0,268.0,314.0,310.0,1,False,False,True,False,2026-08-23 13:52:57.108,10.0,17.7,30.2,64.0,False,0.7,127.0
2026,12,Dutch Grand Prix,R,TSU,Racing Bulls,16.0,2.0,SOFT,14.0,79.095,26.635,28.924,23.536,276.0,272.0,319.0,304.0,1,False,False,True,False,2026-08-23 13:54:16.100,10.0,17.9,30.1,62.8,False,2.3,62.0
2026,12,Dutch Grand Prix,R,TSU,Racing Bulls,17.0,2.0,SOFT,15.0,78.725,26.438,28.807,23.48,275.0,270.0,320.0,311.0,1,False,False,True,False,2026-08-23 13:55:35.195,10.0,17.9,30.3,61.1,False,1.6,70.0
2026,12,Dutch Grand Prix,R,TSU,Racing Bulls,18.0,2.0,SOFT,16.0,82.11,26.621,28.97,26.519,275.0,271.0,,308.0,1,False,False,False,False,2026-08-23 13:56:53.920,10.0,17.8,30.5,62.1,False,1.3,14.0
2026,12,Dutch Grand Prix,R,TSU,Racing Bulls,19.0,3.0,HARD,1.0,94.257,43.308,27.724,23.225,276.0,282.0,321.0,308.0,1,True,False,False,False,2026-08-23 13:58:16.030,14.0,17.9,30.5,61.0,False,0.8,58.0
2026,12,Dutch Grand Prix,R,TSU,Racing Bulls,20.0,3.0,HARD,2.0,78.062,26.395,28.491,23.176,274.0,271.0,321.0,305.0,1,True,True,True,False,2026-08-23 13:59:50.287,14.0,17.9,30.9,61.9,False,1.7,40.0
2026,12,Dutch Grand Prix,R,TSU,Racing Bulls,21.0,3.0,HARD,3.0,78.163,26.367,28.511,23.285,275.0,272.0,322.0,306.0,1,True,False,True,False,2026-08-23 14:01:08.349,14.0,18.0,30.6,61.1,False,2.0,92.0
2026,12,Dutch Grand Prix,R,TSU,Racing Bulls,22.0,3.0,HARD,4.0,78.611,26.433,28.822,23.356,276.0,271.0,324.0,301.0,1,True,False,True,False,2026-08-23 14:02:26.512,14.0,18.0,30.8,60.2,False,0.5,335.0
2026,12,Dutch Grand Prix,R,TSU,Racing Bulls,23.0,3.0,HARD,5.0,78.909,26.619,28.825,23.465,277.0,274.0,324.0,301.0,1,True,False,True,False,2026-08-23 14:03:45.123,14.0,18.1,32.5,60.5,False,1.1,130.0
2026,12,Dutch Grand Prix,R,TSU,Racing Bulls,24.0,3.0,HARD,6.0,79.004,26.677,28.915,23.412,278.0,276.0,329.0,296.0,1,True,False,True,False,2026-08-23 14:05:04.032,14.0,18.2,32.6,59.2,False,0.9,67.0
2026,12,Dutch Grand Prix,R,TSU,Racing Bulls,25.0,3.0,HARD,7.0,79.104,26.764,28.715,23.625,282.0,276.0,340.0,274.0,1,True,False,True,False,2026-08-23 14:06:23.036,14.0,18.3,32.6,59.2,False,0.9,67.0
2026,12,Dutch Grand Prix,R,TSU,Racing Bulls,26.0,3.0,HARD,8.0,79.855,26.819,29.022,24.014,282.0,278.0,344.0,273.0,1,True,False,True,False,2026-08-23 14:07:42.140,14.0,18.4,32.7,59.3,False,1.5,95.0
2026,12,Dutch Grand Prix,R,TSU,Racing Bulls,27.0,3.0,HARD,9.0,80.094,26.888,29.272,23.934,290.0,279.0,337.0,268.0,1,True,False,True,False,2026-08-23 14:09:01.995,13.0,18.7,32.1,58.3,False,1.3,5.0
2026,12,Dutch Grand Prix,R,TSU,Racing Bulls,28.0,3.0,HARD,10.0,79.729,26.902,28.93,23.897,282.0,274.0,329.0,291.0,1,True,False,True,False,2026-08-23 14:10:22.089,12.0,18.7,33.3,58.3,False,1.8,58.0
2026,12,Dutch Grand Prix,R,TSU,Racing Bulls,29.0,3.0,HARD,11.0,78.996,26.91,28.61,23.476,276.0,275.0,339.0,278.0,1,True,False,True,False,2026-08-23 14:11:41.818,10.0,18.8,33.3,58.3,False,1.8,58.0
2026,12,Dutch Grand Prix,R,TSU,Racing Bulls,30.0,3.0,HARD,12.0,78.235,26.527,28.275,23.433,276.0,270.0,319.0,330.0,1,True,False,True,False,2026-08-23 14:13:00.814,10.0,18.8,34.8,57.3,False,1.8,13.0
2026,12,Dutch Grand Prix,R,TSU,Racing Bulls,31.0,3.0,HARD,13.0,78.295,26.522,28.379,23.394,274.0,271.0,314.0,307.0,1,True,False,True,False,2026-08-23 14:14:19.049,10.0,18.8,35.5,57.0,False,0.0,0.0
2026,12,Dutch Grand Prix,R,TSU,Racing Bulls,32.0,3.0,HARD,14.0,77.974,26.473,28.254,23.247,276.0,270.0,319.0,298.0,1,True,True,True,False,2026-08-23 14:15:37.344,10.0,18.9,35.3,56.4,True,0.6,338.0
2026,12,Dutch Grand Prix,R,TSU,Racing Bulls,33.0,3.0,HARD,15.0,77.851,26.346,28.275,23.23,276.0,271.0,318.0,308.0,1,True,True,True,False,2026-08-23 14:16:55.318,10.0,19.1,35.3,56.9,False,1.5,60.0
2026,12,Dutch Grand Prix,R,TSU,Racing Bulls,34.0,3.0,HARD,16.0,78.061,26.33,28.402,23.329,275.0,272.0,318.0,309.0,1,True,False,True,False,2026-08-23 14:18:13.169,10.0,19.0,34.0,55.9,False,1.2,99.0
2026,12,Dutch Grand Prix,R,TSU,Racing Bulls,35.0,3.0,HARD,17.0,77.942,26.469,28.176,23.297,276.0,272.0,318.0,307.0,1,True,False,True,False,2026-08-23 14:19:31.230,9.0,18.9,32.0,54.8,False,0.5,45.0
2026,12,Dutch Grand Prix,R,TSU,Racing Bulls,36.0,3.0,HARD,18.0,77.941,26.378,28.374,23.189,276.0,272.0,316.0,308.0,1,True,False,True,False,2026-08-23 14:20:49.172,9.0,18.9,32.0,54.8,False,0.5,45.0
2026,12,Dutch Grand Prix,R,TSU,Racing Bulls,37.0,3.0,HARD,19.0,77.963,26.398,28.353,23.212,277.0,271.0,317.0,301.0,1,True,False,True,False,2026-08-23 14:22:07.113,9.0,18.7,32.6,56.5,False,1.7,86.0
2026,12,Dutch Grand Prix,R,TSU,Racing Bulls,38.0,3.0,HARD,20.0,77.796,26.326,28.234,23.236,278.0,271.0,318.0,309.0,1,True,True,True,False,2026-08-23 14:23:25.076,9.0,18.8,32.3,55.9,False,1.0,69.0
2026,12,Dutch Grand Prix,R,TSU,Racing Bulls,39.0,3.0,HARD,21.0,77.723,26.29,28.193,23.24,276.0,271.0,317.0,310.0,1,True,True,True,False,2026-08-23 14:24:42.872,9.0,18.6,32.8,57.0,False,0.9,93.0
2026,12,Dutch Grand Prix,R,TSU,Racing Bulls,40.0,3.0,HARD,22.0,77.807,26.282,28.24,23.285,276.0,273.0,317.0,310.0,1,True,False,True,False,2026-08-23 14:26:00.595,9.0,18.6,31.3,57.2,False,1.4,153.0
2026,12,Dutch Grand Prix,R,TSU,Racing Bulls,41.0,3.0,HARD,23.0,77.909,26.451,28.242,23.216,277.0,272.0,318.0,308.0,1,True,False,True,False,2026-08-23 14:27:18.402,9.0,18.5,33.2,58.0,False,0.6,108.0
2026,12,Dutch Grand Prix,R,TSU,Racing Bulls,42.0,3.0,HARD,24.0,77.871,26.344,28.313,23.214,276.0,273.0,317.0,309.0,1,True,False,True,False,2026-08-23 14:28:36.311,9.0,18.5,33.4,59.2,False,1.4,73.0
2026,12,Dutch Grand Prix,R,TSU,Racing Bulls,43.0,3.0,HARD,25.0,84.081,26.366,28.513,29.202,277.0,272.0,312.0,307.0,1,True,False,True,False,2026-08-23 14:29:54.182,9.0,18.4,34.3,58.6,False,0.8,130.0
2026,12,Dutch Grand Prix,R,TSU,Racing Bulls,44.0,3.0,HARD,26.0,81.984,27.361,28.358,26.265,277.0,271.0,,282.0,1,True,False,False,False,2026-08-23 14:31:18.263,10.0,18.4,35.0,58.2,True,0.9,109.0
2026,12,Dutch Grand Prix,R,TSU,Racing Bulls,45.0,4.0,SOFT,3.0,93.216,42.866,27.354,22.996,279.0,277.0,320.0,282.0,1,False,False,False,False,2026-08-23 14:32:40.247,11.0,18.6,35.1,57.5,False,0.0,0.0
2026,12,Dutch Grand Prix,R,TSU,Racing Bulls,46.0,4.0,SOFT,4.0,77.352,26.252,28.023,23.077,278.0,272.0,304.0,304.0,1,False,True,True,False,2026-08-23 14:34:13.463,11.0,18.8,34.7,57.5,False,1.1,75.0
2026,12,Dutch Grand Prix,R,TSU,Racing Bulls,47.0,4.0,SOFT,5.0,78.471,27.453,28.051,22.967,281.0,275.0,321.0,289.0,1,False,False,True,False,2026-08-23 14:35:30.815,10.0,18.8,34.8,58.0,False,0.4,225.0
2026,12,Dutch Grand Prix,R,TSU,Racing Bulls,48.0,4.0,SOFT,6.0,76.971,26.018,28.008,22.945,279.0,273.0,320.0,312.0,1,False,True,True,False,2026-08-23 14:36:49.286,10.0,18.8,35.2,58.1,False,2.1,105.0
2026,12,Dutch Grand Prix,R,TSU,Racing Bulls,49.0,4.0,SOFT,7.0,76.639,25.897,27.775,22.967,277.0,274.0,319.0,311.0,1,False,True,True,False,2026-08-23 14:38:06.257,10.0,18.9,35.1,58.4,True,1.0,59.0
2026,12,Dutch Grand Prix,R,TSU,Racing Bulls,50.0,4.0,SOFT,8.0,76.853,26.064,27.865,22.924,277.0,272.0,319.0,306.0,1,False,False,True,False,2026-08-23 14:39:22.896,10.0,18.9,35.5,57.9,False,1.3,102.0
2026,12,Dutch Grand Prix,R,TSU,Racing Bulls,51.0,4.0,SOFT,9.0,76.726,26.044,27.757,22.925,275.0,271.0,317.0,315.0,1,False,False,True,False,2026-08-23 14:40:39.749,10.0,18.9,35.9,57.8,False,0.4,204.0
2026,12,Dutch Grand Prix,R,TSU,Racing Bulls,52.0,4.0,SOFT,10.0,76.829,26.009,27.89,22.93,277.0,273.0,317.0,306.0,1,False,False,True,False,2026-08-23 14:41:56.475,10.0,19.0,35.4,58.1,False,0.6,24.0
2026,12,Dutch Grand Prix,R,TSU,Racing Bulls,53.0,4.0,SOFT,11.0,76.941,26.084,27.836,23.021,276.0,273.0,320.0,304.0,12,False,False,True,False,2026-08-23 14:43:13.304,10.0,19.2,35.0,57.6,False,1.7,92.0
2026,12,Dutch Grand Prix,R,TSU,Racing Bulls,54.0,4.0,SOFT,12.0,102.238,36.937,35.687,29.614,263.0,144.0,218.0,311.0,26,False,False,False,False,2026-08-23 14:44:30.245,10.0,19.2,35.3,57.5,False,0.6,312.0
2026,12,Dutch Grand Prix,R,TSU,Racing Bulls,55.0,4.0,SOFT,13.0,103.783,37.337,35.103,31.343,256.0,220.0,226.0,208.0,6,False,False,False,False,2026-08-23 14:46:12.483,10.0,19.2,35.4,58.4,False,2.3,193.0
2026,12,Dutch Grand Prix,R,TSU,Racing Bulls,56.0,4.0,SOFT,14.0,92.111,36.571,30.973,24.567,276.0,229.0,337.0,245.0,671,False,False,False,False,2026-08-23 14:47:56.266,10.0,19.1,34.9,58.5,False,0.6,306.0
2026,12,Dutch Grand Prix,R,TSU,Racing Bulls,57.0,4.0,SOFT,15.0,78.284,27.208,27.762,23.314,281.0,278.0,323.0,306.0,1,False,False,True,False,2026-08-23 14:49:28.377,11.0,19.2,34.8,58.4,False,0.9,50.0
2026,12,Dutch Grand Prix,R,TSU,Racing Bulls,58.0,4.0,SOFT,16.0,76.673,26.014,27.651,23.008,277.0,275.0,320.0,314.0,1,False,False,True,False,2026-08-23 14:50:46.661,11.0,19.3,35.2,58.5,False,1.5,94.0
2026,12,Dutch Grand Prix,R,TSU,Racing Bulls,59.0,4.0,SOFT,17.0,76.698,25.964,27.689,23.045,278.0,276.0,321.0,307.0,1,False,False,True,False,2026-08-23 14:52:03.334,11.0,19.2,36.3,58.6,False,0.7,20.0
2026,12,Dutch Grand Prix,R,TSU,Racing Bulls,60.0,4.0,SOFT,18.0,76.969,26.118,27.869,22.982,279.0,276.0,322.0,306.0,1,False,False,True,False,2026-08-23 14:53:20.032,11.0,19.3,37.1,58.0,False,0.8,194.0
2026,12,Dutch Grand Prix,R,TSU,Racing Bulls,61.0,4.0,SOFT,19.0,77.35,26.101,27.941,23.308,277.0,275.0,298.0,310.0,1,False,False,True,False,2026-08-23 14:54:37.001,11.0,19.5,37.3,58.1,True,1.1,46.0
2026,12,Dutch Grand Prix,R,TSU,Racing Bulls,62.0,4.0,SOFT,20.0,78.008,27.074,27.907,23.027,281.0,276.0,320.0,221.0,1,False,False,True,False,2026-08-23 14:55:54.351,11.0,19.5,37.8,56.9,True,2.4,35.0
2026,12,Dutch Grand Prix,R,TSU,Racing Bulls,63.0,4.0,SOFT,21.0,77.259,26.047,27.983,23.229,278.0,276.0,323.0,305.0,1,False,False,True,False,2026-08-23 14:57:12.359,11.0,19.5,38.2,56.3,False,0.9,101.0
2026,12,Dutch Grand Prix,R,TSU,Racing Bulls,64.0,4.0,SOFT,22.0,77.396,26.162,27.986,23.248,279.0,277.0,324.0,310.0,1,False,False,True,False,2026-08-23 14:58:29.618,11.0,19.5,37.4,58.4,False,2.3,158.0
2026,12,Dutch Grand Prix,R,TSU,Racing Bulls,65.0,4.0,SOFT,23.0,77.552,26.418,27.932,23.202,277.0,275.0,321.0,307.0,1,False,False,True,False,2026-08-23 14:59:47.014,11.0,19.4,36.8,58.0,False,1.9,142.0
2026,12,Dutch Grand Prix,R,TSU,Racing Bulls,66.0,4.0,SOFT,24.0,77.579,26.261,27.975,23.343,278.0,276.0,321.0,309.0,1,False,False,True,False,2026-08-23 15:01:04.566,11.0,19.3,36.1,57.1,False,0.9,177.0
2026,12,Dutch Grand Prix,R,TSU,Racing Bulls,67.0,4.0,SOFT,25.0,77.444,26.276,28.085,23.083,280.0,277.0,321.0,310.0,1,False,False,True,False,2026-08-23 15:02:22.145,11.0,19.2,34.6,57.8,False,1.4,53.0
2026,12,Dutch Grand Prix,R,TSU,Racing Bulls,68.0,4.0,SOFT,26.0,90.216,26.085,32.854,31.277,280.0,227.0,237.0,312.0,16,False,False,False,False,2026-08-23 15:03:39.589,11.0,19.1,34.3,56.1,True,1.5,71.0
2026,12,Dutch Grand Prix,R,TSU,Racing Bulls,69.0,4.0,SOFT,27.0,81.839,30.792,27.936,23.111,298.0,293.0,320.0,208.0,671,False,False,False,False,2026-08-23 15:05:09.805,11.0,19.1,33.6,54.5,False,1.6,36.0
2026,12,Dutch Grand Prix,R,TSU,Racing Bulls,70.0,4.0,SOFT,28.0,77.385,26.11,27.976,23.299,279.0,275.0,321.0,311.0,1,False,False,True,False,2026-08-23 15:06:31.644,11.0,19.2,33.0,54.8,False,2.8,31.0
2026,12,Dutch Grand Prix,R,TSU,Racing Bulls,71.0,4.0,SOFT,29.0,77.383,26.123,27.982,23.278,280.0,276.0,320.0,312.0,1,False,False,True,False,2026-08-23 15:07:49.029,11.0,19.1,32.3,54.0,False,1.1,52.0
2026,12,Dutch Grand Prix,R,ALB,Williams,1.0,1.0,SOFT,1.0,96.533,,29.806,30.486,276.0,261.0,257.0,206.0,12,True,False,False,False,2026-08-23 13:03:28.568,13.0,18.7,32.9,56.2,False,2.2,96.0
2026,12,Dutch Grand Prix,R,ALB,Williams,2.0,1.0,SOFT,2.0,148.544,33.893,45.105,69.546,115.0,145.0,,246.0,25,True,False,False,False,2026-08-23 13:05:03.783,14.0,18.7,33.2,57.5,False,0.7,58.0
2026,12,Dutch Grand Prix,R,ALB,Williams,3.0,2.0,HARD,1.0,,,29.608,,202.0,238.0,32.0,246.0,12,True,False,False,False,2026-08-23 13:33:00.089,12.0,16.6,26.4,72.3,False,1.3,29.0
2026,12,Dutch Grand Prix,R,ALB,Williams,4.0,2.0,HARD,2.0,,43.587,29.07,93.043,241.0,216.0,85.0,118.0,1,True,False,False,False,2026-08-23 13:36:56.919,12.0,16.6,26.3,73.3,False,1.4,33.0
2026,12,Dutch Grand Prix,R,ALB,Williams,5.0,2.0,HARD,3.0,84.939,31.194,29.384,24.361,281.0,290.0,326.0,205.0,12,True,True,True,False,2026-08-23 13:39:42.490,12.0,16.8,27.0,72.6,False,0.8,76.0
2026,12,Dutch Grand Prix,R,ALB,Williams,6.0,2.0,HARD,4.0,79.696,27.23,28.548000000000002,23.918,280.0,274.0,315.0,290.0,1,True,True,True,False,2026-08-23 13:41:07.429,12.0,16.9,27.9,71.5,False,1.5,13.0
2026,12,Dutch Grand Prix,R,ALB,Williams,7.0,2.0,HARD,5.0,79.091,26.951,28.576999999999998,23.563,284.0,280.0,328.0,296.0,1,True,True,True,False,2026-08-23 13:42:27.125,12.0,17.0,27.7,70.5,False,1.4,49.0
2026,12,Dutch Grand Prix,R,ALB,Williams,8.0,2.0,HARD,6.0,79.109,26.794,28.769,23.546,284.0,279.0,327.0,307.0,1,True,False,True,False,2026-08-23 13:43:46.216,11.0,17.1,27.5,70.2,False,2.9,23.0
2026,12,Dutch Grand Prix,R,ALB,Williams,9.0,2.0,HARD,7.0,78.739,26.585,28.723,23.431,284.0,278.0,325.0,308.0,1,True,True,True,False,2026-08-23 13:45:05.325,11.0,17.2,28.1,67.4,False,1.5,47.0
2026,12,Dutch Grand Prix,R,ALB,Williams,10.0,2.0,HARD,8.0,79.029,26.662,28.758,23.609,278.0,276.0,313.0,306.0,1,True,False,True,False,2026-08-23 13:46:24.064,11.0,17.3,28.3,68.3,False,0.8,346.0
2026,12,Dutch Grand Prix,R,ALB,Williams,11.0,2.0,HARD,9.0,79.062,26.711,28.818,23.533,278.0,274.0,317.0,305.0,1,True,False,True,False,2026-08-23 13:47:43.093,11.0,17.4,28.8,67.9,False,1.2,25.0
2026,12,Dutch Grand Prix,R,ALB,Williams,12.0,2.0,HARD,10.0,79.277,26.879,28.777,23.621,277.0,271.0,317.0,300.0,1,True,False,True,False,2026-08-23 13:49:02.155,11.0,17.5,29.3,65.9,False,2.2,49.0
2026,12,Dutch Grand Prix,R,ALB,Williams,13.0,2.0,HARD,11.0,79.215,26.774,28.885,23.556,276.0,268.0,318.0,303.0,1,True,False,True,False,2026-08-23 13:50:21.432,11.0,17.6,29.6,64.8,False,1.2,80.0
2026,12,Dutch Grand Prix,R,ALB,Williams,14.0,2.0,HARD,12.0,79.316,26.672,28.914,23.73,280.0,273.0,318.0,298.0,1,True,False,True,False,2026-08-23 13:51:40.647,11.0,17.7,29.7,64.9,False,0.9,15.0
2026,12,Dutch Grand Prix,R,ALB,Williams,15.0,2.0,HARD,13.0,79.374,26.673000000000002,29.004,23.697,280.0,272.0,315.0,299.0,1,True,False,True,False,2026-08-23 13:52:59.963,11.0,17.8,30.3,63.7,False,0.0,0.0
2026,12,Dutch Grand Prix,R,ALB,Williams,16.0,2.0,HARD,14.0,79.158,26.813,28.785,23.56,280.0,275.0,319.0,305.0,1,True,False,True,False,2026-08-23 13:54:19.337,11.0,17.9,30.1,62.8,False,2.3,62.0
2026,12,Dutch Grand Prix,R,ALB,Williams,17.0,2.0,HARD,15.0,79.066,26.564,28.836,23.666,280.0,272.0,317.0,310.0,1,True,False,True,False,2026-08-23 13:55:38.495,11.0,17.9,30.3,61.1,False,1.6,70.0
2026,12,Dutch Grand Prix,R,ALB,Williams,18.0,2.0,HARD,16.0,79.383,26.766,28.97,23.647,280.0,273.0,314.0,306.0,1,True,False,True,False,2026-08-23 13:56:57.561,11.0,17.8,30.5,62.1,False,1.3,14.0
2026,12,Dutch Grand Prix,R,ALB,Williams,19.0,2.0,HARD,17.0,79.195,26.829,28.722,23.644,281.0,274.0,319.0,301.0,1,True,False,True,False,2026-08-23 13:58:16.944,9.0,17.9,30.5,61.0,False,0.8,58.0
2026,12,Dutch Grand Prix,R,ALB,Williams,20.0,2.0,HARD,18.0,79.127,26.651,28.875,23.601,280.0,274.0,317.0,309.0,1,True,False,True,False,2026-08-23 13:59:36.139,8.0,17.9,30.9,61.9,False,1.7,40.0
2026,12,Dutch Grand Prix,R,ALB,Williams,21.0,2.0,HARD,19.0,79.001,26.586,28.859,23.556,281.0,272.0,313.0,309.0,1,True,False,True,False,2026-08-23 14:00:55.266,8.0,18.0,30.9,61.3,False,1.0,56.0
2026,12,Dutch Grand Prix,R,ALB,Williams,22.0,2.0,HARD,20.0,79.018,26.612,28.811,23.595,281.0,271.0,317.0,307.0,1,True,False,True,False,2026-08-23 14:02:14.267,7.0,18.0,30.8,60.2,False,0.5,335.0
2026,12,Dutch Grand Prix,R,ALB,Williams,23.0,2.0,HARD,21.0,79.244,26.63,28.862,23.752,280.0,274.0,312.0,305.0,1,True,False,True,False,2026-08-23 14:03:33.285,7.0,18.1,32.5,60.5,False,1.1,130.0
2026,12,Dutch Grand Prix,R,ALB,Williams,24.0,2.0,HARD,22.0,80.071,27.346,29.026,23.699,283.0,274.0,319.0,295.0,1,True,False,True,False,2026-08-23 14:04:52.529,8.0,18.2,32.5,60.5,False,1.1,130.0
2026,12,Dutch Grand Prix,R,ALB,Williams,25.0,2.0,HARD,23.0,79.137,26.621,28.725,23.791,280.0,273.0,318.0,308.0,1,True,False,True,False,2026-08-23 14:06:12.600,8.0,18.3,32.6,59.2,False,0.9,67.0
2026,12,Dutch Grand Prix,R,ALB,Williams,26.0,2.0,HARD,24.0,82.112,26.718,28.847,26.547,281.0,273.0,,307.0,1,True,False,False,False,2026-08-23 14:07:31.737,9.0,18.4,32.7,59.3,False,1.5,95.0
2026,12,Dutch Grand Prix,R,ALB,Williams,27.0,3.0,HARD,1.0,94.364,43.061,27.971,23.332,277.0,273.0,314.0,307.0,1,True,False,False,False,2026-08-23 14:08:53.849,15.0,18.5,32.5,59.9,False,0.8,93.0
2026,12,Dutch Grand Prix,R,ALB,Williams,28.0,3.0,HARD,2.0,78.302,26.633,28.323,23.346,280.0,274.0,318.0,302.0,1,True,True,True,False,2026-08-23 14:10:28.213,15.0,18.7,33.3,58.3,False,1.8,58.0
2026,12,Dutch Grand Prix,R,ALB,Williams,29.0,3.0,HARD,3.0,78.339,26.576,28.352,23.411,281.0,276.0,321.0,302.0,1,True,False,True,False,2026-08-23 14:11:46.515,15.0,18.8,33.3,58.3,False,1.8,58.0
2026,12,Dutch Grand Prix,R,ALB,Williams,30.0,3.0,HARD,4.0,78.984,26.737,28.715,23.532,279.0,279.0,327.0,309.0,1,True,False,True,False,2026-08-23 14:13:04.854,14.0,18.8,34.8,57.3,False,1.8,13.0
2026,12,Dutch Grand Prix,R,ALB,Williams,31.0,3.0,HARD,5.0,79.052,26.708,28.82,23.524,288.0,280.0,330.0,299.0,1,True,False,True,False,2026-08-23 14:14:23.838,14.0,18.8,35.5,57.0,False,0.0,0.0
2026,12,Dutch Grand Prix,R,ALB,Williams,32.0,3.0,HARD,6.0,79.107,26.725,28.744,23.638,289.0,285.0,331.0,305.0,1,True,False,True,False,2026-08-23 14:15:42.890,14.0,18.9,35.3,56.4,True,0.6,338.0
2026,12,Dutch Grand Prix,R,ALB,Williams,33.0,3.0,HARD,7.0,79.447,26.936,28.865,23.646,288.0,281.0,323.0,300.0,1,True,False,True,False,2026-08-23 14:17:01.997,14.0,19.0,34.4,56.5,False,1.4,90.0
2026,12,Dutch Grand Prix,R,ALB,Williams,34.0,3.0,HARD,8.0,79.18,26.756,28.861,23.563,278.0,275.0,321.0,306.0,1,True,False,True,False,2026-08-23 14:18:21.444,13.0,19.0,34.0,55.9,False,1.2,99.0
2026,12,Dutch Grand Prix,R,ALB,Williams,35.0,3.0,HARD,9.0,80.376,26.758,29.816,23.802,278.0,283.0,293.0,304.0,1,True,False,True,False,2026-08-23 14:19:40.624,12.0,18.9,32.0,54.8,False,0.5,45.0
2026,12,Dutch Grand Prix,R,ALB,Williams,36.0,3.0,HARD,10.0,79.698,27.39,28.538,23.77,290.0,280.0,309.0,254.0,1,True,False,True,False,2026-08-23 14:21:01.000,11.0,18.8,33.0,55.5,False,1.0,74.0
2026,12,Dutch Grand Prix,R,ALB,Williams,37.0,3.0,HARD,11.0,78.99,26.761,28.549,23.68,276.0,285.0,314.0,301.0,1,True,False,True,False,2026-08-23 14:22:20.698,11.0,18.7,32.6,56.5,False,1.7,86.0
2026,12,Dutch Grand Prix,R,ALB,Williams,38.0,3.0,HARD,12.0,82.547,27.667,29.098,25.782,275.0,221.0,318.0,290.0,1,True,False,True,False,2026-08-23 14:23:39.688,12.0,18.8,32.3,55.9,False,1.0,69.0
2026,12,Dutch Grand Prix,R,ALB,Williams,39.0,3.0,HARD,13.0,79.691,27.455,28.715,23.521,275.0,278.0,321.0,303.0,1,True,False,True,False,2026-08-23 14:25:02.235,12.0,18.5,32.0,58.0,False,2.4,103.0
2026,12,Dutch Grand Prix,R,ALB,Williams,40.0,3.0,HARD,14.0,78.602,26.528,28.532,23.542,276.0,281.0,316.0,310.0,1,True,False,True,False,2026-08-23 14:26:21.926,12.0,18.6,31.3,57.2,False,1.4,153.0
2026,12,Dutch Grand Prix,R,ALB,Williams,41.0,3.0,HARD,15.0,79.666,27.364,28.76,23.542,220.0,284.0,321.0,306.0,1,True,False,True,False,2026-08-23 14:27:40.528,12.0,18.5,33.2,58.0,False,0.6,108.0
2026,12,Dutch Grand Prix,R,ALB,Williams,42.0,3.0,HARD,16.0,80.114,26.466,30.072,23.576,278.0,270.0,321.0,311.0,1,True,False,True,False,2026-08-23 14:29:00.194,12.0,18.4,34.3,58.6,False,0.8,130.0
2026,12,Dutch Grand Prix,R,ALB,Williams,43.0,3.0,HARD,17.0,79.139,26.795,28.848,23.496,281.0,283.0,305.0,312.0,1,True,False,True,False,2026-08-23 14:30:20.308,12.0,18.4,35.0,58.2,True,0.9,109.0
2026,12,Dutch Grand Prix,R,ALB,Williams,44.0,3.0,HARD,18.0,79.192,27.067,28.694,23.431,280.0,278.0,320.0,278.0,1,True,False,True,False,2026-08-23 14:31:39.447,12.0,18.4,35.0,58.2,True,0.9,109.0
2026,12,Dutch Grand Prix,R,ALB,Williams,45.0,3.0,HARD,19.0,79.539,26.927,29.053,23.559,281.0,284.0,323.0,311.0,1,True,False,True,False,2026-08-23 14:32:58.639,13.0,18.6,35.1,57.5,False,0.0,0.0
2026,12,Dutch Grand Prix,R,ALB,Williams,46.0,3.0,HARD,20.0,78.966,26.586,28.846,23.534,284.0,276.0,323.0,307.0,1,True,False,True,False,2026-08-23 14:34:18.178,13.0,18.8,34.7,57.5,False,1.1,75.0
2026,12,Dutch Grand Prix,R,ALB,Williams,47.0,3.0,HARD,21.0,78.584,26.47,28.708,23.406,281.0,277.0,322.0,313.0,1,True,False,True,False,2026-08-23 14:35:37.144,13.0,18.8,34.8,58.0,False,0.4,225.0
2026,12,Dutch Grand Prix,R,ALB,Williams,48.0,3.0,HARD,22.0,78.35,26.401,28.586,23.363,281.0,277.0,322.0,313.0,1,True,False,True,False,2026-08-23 14:36:55.728,13.0,18.8,35.2,58.1,False,2.1,105.0
2026,12,Dutch Grand Prix,R,ALB,Williams,49.0,3.0,HARD,23.0,81.409,26.43,29.002,25.977,280.0,284.0,,314.0,1,True,False,False,False,2026-08-23 14:38:14.078,14.0,18.9,35.1,58.4,True,1.0,59.0
2026,12,Dutch Grand Prix,R,ALB,Williams,50.0,4.0,MEDIUM,1.0,94.131,43.032,27.909,23.19,283.0,279.0,319.0,314.0,1,True,False,False,False,2026-08-23 14:39:35.487,16.0,18.9,35.5,57.9,False,1.3,102.0
2026,12,Dutch Grand Prix,R,ALB,Williams,51.0,4.0,MEDIUM,2.0,77.147,26.259,27.917,22.971,280.0,276.0,319.0,308.0,1,True,True,True,False,2026-08-23 14:41:09.618,16.0,19.0,35.4,58.1,False,0.6,24.0
2026,12,Dutch Grand Prix,R,ALB,Williams,52.0,4.0,MEDIUM,3.0,77.292,26.132,28.074,23.086,281.0,277.0,320.0,306.0,1,True,False,True,False,2026-08-23 14:42:26.765,16.0,19.1,35.9,58.1,False,0.5,253.0
2026,12,Dutch Grand Prix,R,ALB,Williams,53.0,4.0,MEDIUM,4.0,87.935,26.165,29.654,32.116,281.0,104.0,250.0,310.0,126,True,False,False,False,2026-08-23 14:43:44.057,15.0,19.2,35.0,57.6,False,1.7,92.0
2026,12,Dutch Grand Prix,R,ALB,Williams,54.0,4.0,MEDIUM,5.0,103.174,36.542,36.201,30.431,248.0,200.0,228.0,214.0,6,True,False,False,False,2026-08-23 14:45:11.992,15.0,19.3,34.7,57.1,False,1.3,214.0
2026,12,Dutch Grand Prix,R,ALB,Williams,55.0,4.0,MEDIUM,6.0,103.97,37.072,35.196,31.701999999999998,237.0,187.0,229.0,167.0,6,True,False,False,False,2026-08-23 14:46:55.166,15.0,19.2,35.4,58.4,False,2.3,193.0
2026,12,Dutch Grand Prix,R,ALB,Williams,56.0,4.0,MEDIUM,7.0,79.899,29.642,27.383,22.874,296.0,290.0,321.0,185.0,671,True,False,False,False,2026-08-23 14:48:39.136,15.0,19.1,33.7,59.5,False,0.8,283.0
2026,12,Dutch Grand Prix,R,ALB,Williams,57.0,4.0,MEDIUM,8.0,77.292,26.0,27.773,23.519,280.0,277.0,271.0,308.0,1,True,False,True,False,2026-08-23 14:49:59.035,15.0,19.3,35.2,58.5,False,1.5,94.0
2026,12,Dutch Grand Prix,R,ALB,Williams,58.0,4.0,MEDIUM,9.0,78.691,27.716,28.016,22.959,287.0,280.0,324.0,232.0,1,True,False,True,False,2026-08-23 14:51:16.327,15.0,19.2,36.1,58.6,False,1.3,116.0
2026,12,Dutch Grand Prix,R,ALB,Williams,59.0,4.0,MEDIUM,10.0,77.191,25.995,28.107,23.089,281.0,277.0,324.0,317.0,1,True,False,True,False,2026-08-23 14:52:35.018,14.0,19.2,36.3,58.6,False,0.7,20.0
2026,12,Dutch Grand Prix,R,ALB,Williams,60.0,4.0,MEDIUM,11.0,77.449,26.033,28.33,23.086,285.0,283.0,337.0,314.0,1,True,False,True,False,2026-08-23 14:53:52.209,14.0,19.3,37.1,58.0,False,0.8,194.0
2026,12,Dutch Grand Prix,R,ALB,Williams,61.0,4.0,MEDIUM,12.0,78.248,26.519,28.437,23.292,288.0,285.0,337.0,313.0,1,True,False,True,False,2026-08-23 14:55:09.658,14.0,19.5,37.8,56.9,True,2.4,35.0
2026,12,Dutch Grand Prix,R,ALB,Williams,62.0,4.0,MEDIUM,13.0,78.287,26.419,28.418,23.45,287.0,287.0,333.0,309.0,1,True,False,True,False,2026-08-23 14:56:27.906,14.0,19.5,38.0,55.6,False,0.7,13.0
2026,12,Dutch Grand Prix,R,ALB,Williams,63.0,4.0,MEDIUM,14.0,78.809,26.749,28.591,23.469,295.0,287.0,340.0,312.0,1,True,False,True,False,2026-08-23 14:57:46.193,14.0,19.5,38.2,56.3,False,0.9,101.0
2026,12,Dutch Grand Prix,R,ALB,Williams,64.0,4.0,MEDIUM,15.0,79.659,27.524,28.774,23.361,241.0,288.0,344.0,293.0,1,True,False,True,False,2026-08-23 14:59:05.002,14.0,19.4,36.8,58.0,False,1.9,142.0
2026,12,Dutch Grand Prix,R,ALB,Williams,65.0,4.0,MEDIUM,16.0,93.169,41.07,28.643,23.456,264.0,283.0,323.0,335.0,1,True,False,True,False,2026-08-23 15:00:24.661,15.0,19.3,35.7,58.8,True,1.2,343.0
2026,12,Dutch Grand Prix,R,ALB,Williams,66.0,4.0,MEDIUM,17.0,98.73,27.212,38.591,32.927,222.0,190.0,,311.0,1,True,False,False,False,2026-08-23 15:01:57.830,15.0,19.3,36.1,57.1,False,0.9,177.0
2026,12,Dutch Grand Prix,R,HUL,Audi,1.0,1.0,SOFT,4.0,95.429,,30.0,29.606,277.0,266.0,278.0,197.0,12,False,False,False,False,2026-08-23 13:03:28.568,12.0,18.7,32.9,56.2,False,2.2,96.0
2026,12,Dutch Grand Prix,R,HUL,Audi,2.0,1.0,SOFT,5.0,144.711,30.586,46.694,67.431,115.0,147.0,,226.0,25,False,False,False,False,2026-08-23 13:05:02.700,12.0,18.7,33.2,57.5,False,0.7,58.0
2026,12,Dutch Grand Prix,R,HUL,Audi,3.0,2.0,SOFT,4.0,,,29.251,,260.0,229.0,56.0,226.0,12,False,False,False,False,2026-08-23 13:33:00.089,10.0,16.6,26.4,72.3,False,1.3,29.0
2026,12,Dutch Grand Prix,R,HUL,Audi,4.0,2.0,SOFT,5.0,,41.842,32.01,93.872,212.0,227.0,63.0,142.0,1,False,False,False,False,2026-08-23 13:36:54.714,11.0,16.6,26.3,73.3,False,1.4,33.0
2026,12,Dutch Grand Prix,R,HUL,Audi,5.0,2.0,SOFT,6.0,83.646,30.7,28.909,24.037,273.0,285.0,325.0,217.0,12,False,True,True,False,2026-08-23 13:39:42.311,9.0,16.8,27.0,72.6,False,0.8,76.0
2026,12,Dutch Grand Prix,R,HUL,Audi,6.0,2.0,SOFT,7.0,78.831,26.929,28.341,23.561,276.0,278.0,325.0,283.0,1,False,True,True,False,2026-08-23 13:41:05.957,9.0,16.9,27.9,71.5,False,1.5,13.0
2026,12,Dutch Grand Prix,R,HUL,Audi,7.0,2.0,SOFT,8.0,78.798,26.874,28.287,23.637,277.0,280.0,323.0,298.0,1,False,True,True,False,2026-08-23 13:42:24.788,9.0,17.0,27.7,70.5,False,1.4,49.0
2026,12,Dutch Grand Prix,R,HUL,Audi,8.0,2.0,SOFT,9.0,78.713,26.987,28.344,23.382,276.0,274.0,320.0,298.0,1,False,True,True,False,2026-08-23 13:43:43.586,9.0,17.1,27.5,70.2,False,2.9,23.0
2026,12,Dutch Grand Prix,R,HUL,Audi,9.0,2.0,SOFT,10.0,78.532,26.757,28.546,23.229,270.0,272.0,320.0,300.0,1,False,True,True,False,2026-08-23 13:45:02.299,9.0,17.2,28.1,67.4,False,1.5,47.0
2026,12,Dutch Grand Prix,R,HUL,Audi,10.0,2.0,SOFT,11.0,78.555,26.713,28.446,23.396,271.0,267.0,320.0,302.0,1,False,False,True,False,2026-08-23 13:46:20.831,9.0,17.3,28.3,68.3,False,0.8,346.0
2026,12,Dutch Grand Prix,R,HUL,Audi,11.0,2.0,SOFT,12.0,78.47,26.531,28.542,23.397,273.0,272.0,324.0,306.0,1,False,True,True,False,2026-08-23 13:47:39.386,9.0,17.4,28.8,67.9,False,1.2,25.0
2026,12,Dutch Grand Prix,R,HUL,Audi,12.0,2.0,SOFT,13.0,78.46,26.405,28.685,23.37,277.0,277.0,331.0,301.0,1,False,True,True,False,2026-08-23 13:48:57.856,9.0,17.5,29.1,67.3,False,2.0,43.0
2026,12,Dutch Grand Prix,R,HUL,Audi,13.0,2.0,SOFT,14.0,79.314,26.9,28.939,23.475,274.0,275.0,305.0,307.0,1,False,False,True,False,2026-08-23 13:50:16.316,9.0,17.6,29.6,64.8,False,1.2,80.0
2026,12,Dutch Grand Prix,R,HUL,Audi,14.0,2.0,SOFT,15.0,79.353,26.862,29.062,23.429,272.0,271.0,307.0,297.0,1,False,False,True,False,2026-08-23 13:51:35.630,9.0,17.7,29.7,64.9,False,0.9,15.0
2026,12,Dutch Grand Prix,R,HUL,Audi,15.0,2.0,SOFT,16.0,78.726,26.6,28.721,23.405,273.0,272.0,308.0,298.0,1,False,False,True,False,2026-08-23 13:52:54.983,9.0,17.7,30.2,64.0,False,0.7,127.0
2026,12,Dutch Grand Prix,R,HUL,Audi,16.0,2.0,SOFT,17.0,78.568,26.543,28.623,23.402,275.0,273.0,315.0,297.0,1,False,False,True,False,2026-08-23 13:54:13.709,9.0,17.9,30.1,62.8,False,2.3,62.0
2026,12,Dutch Grand Prix,R,HUL,Audi,17.0,2.0,SOFT,18.0,78.665,26.469,28.748,23.448,272.0,273.0,320.0,306.0,1,False,False,True,False,2026-08-23 13:55:32.277,9.0,17.9,30.3,61.1,False,1.6,70.0
2026,12,Dutch Grand Prix,R,HUL,Audi,18.0,2.0,SOFT,19.0,79.061,26.675,28.818,23.568,273.0,277.0,330.0,305.0,1,False,False,True,False,2026-08-23 13:56:50.942,8.0,17.8,30.5,62.1,False,1.3,14.0
2026,12,Dutch Grand Prix,R,HUL,Audi,19.0,2.0,SOFT,20.0,82.05,26.832,28.717,26.501,274.0,274.0,,316.0,1,False,False,False,False,2026-08-23 13:58:10.003,8.0,17.9,30.5,61.0,False,0.8,58.0
2026,12,Dutch Grand Prix,R,HUL,Audi,20.0,3.0,SOFT,1.0,93.592,42.116,27.987,23.489,281.0,264.0,338.0,316.0,1,True,False,False,False,2026-08-23 13:59:32.053,13.0,17.9,30.9,61.9,False,1.7,40.0
2026,12,Dutch Grand Prix,R,HUL,Audi,21.0,3.0,SOFT,2.0,78.771,26.851,27.936,23.984,267.0,299.0,317.0,295.0,1,True,False,True,False,2026-08-23 14:01:05.645,13.0,18.0,30.6,61.1,False,2.0,92.0
2026,12,Dutch Grand Prix,R,HUL,Audi,22.0,3.0,SOFT,3.0,78.976,27.076,28.251,23.649,263.0,267.0,325.0,294.0,1,True,False,True,False,2026-08-23 14:02:24.416,13.0,18.0,30.8,60.2,False,0.5,335.0
2026,12,Dutch Grand Prix,R,HUL,Audi,23.0,3.0,SOFT,4.0,79.301,26.864,28.343,24.094,271.0,283.0,318.0,280.0,1,True,False,True,False,2026-08-23 14:03:43.392,13.0,18.1,32.5,60.5,False,1.1,130.0
2026,12,Dutch Grand Prix,R,HUL,Audi,24.0,3.0,SOFT,5.0,79.904,27.129,28.188,24.587,274.0,299.0,323.0,286.0,1,True,False,True,False,2026-08-23 14:05:02.693,13.0,18.2,32.6,59.2,False,0.9,67.0
2026,12,Dutch Grand Prix,R,HUL,Audi,25.0,3.0,SOFT,6.0,79.131,26.757,28.432,23.942,274.0,274.0,320.0,298.0,1,True,False,True,False,2026-08-23 14:06:22.597,12.0,18.3,32.6,59.2,False,0.9,67.0
2026,12,Dutch Grand Prix,R,HUL,Audi,26.0,3.0,SOFT,7.0,79.529,26.96,28.879,23.69,275.0,281.0,338.0,302.0,1,True,False,True,False,2026-08-23 14:07:41.728,11.0,18.4,32.7,59.3,False,1.5,95.0
2026,12,Dutch Grand Prix,R,HUL,Audi,27.0,3.0,SOFT,8.0,79.371,26.727,28.565,24.079,280.0,275.0,314.0,312.0,1,True,False,True,False,2026-08-23 14:09:01.257,9.0,18.7,32.1,58.3,False,1.3,5.0
2026,12,Dutch Grand Prix,R,HUL,Audi,28.0,3.0,SOFT,9.0,79.354,26.823,28.631,23.9,273.0,282.0,337.0,297.0,1,True,False,True,False,2026-08-23 14:10:20.628,9.0,18.7,33.3,58.3,False,1.8,58.0
2026,12,Dutch Grand Prix,R,HUL,Audi,29.0,3.0,SOFT,10.0,77.618,26.604,27.822,23.192,268.0,271.0,315.0,295.0,1,True,True,True,False,2026-08-23 14:11:39.982,9.0,18.8,33.3,58.3,False,1.8,58.0
2026,12,Dutch Grand Prix,R,HUL,Audi,30.0,3.0,SOFT,11.0,77.488,26.485,27.76,23.243,269.0,269.0,304.0,297.0,1,True,True,True,False,2026-08-23 14:12:57.600,9.0,18.9,33.9,57.0,False,1.4,18.0
2026,12,Dutch Grand Prix,R,HUL,Audi,31.0,3.0,SOFT,12.0,77.279,26.32,27.798000000000002,23.161,272.0,270.0,318.0,295.0,1,True,True,True,False,2026-08-23 14:14:15.088,9.0,18.8,35.5,57.0,False,0.0,0.0
2026,12,Dutch Grand Prix,R,HUL,Audi,32.0,3.0,SOFT,13.0,77.278,26.192,27.995,23.091,267.0,270.0,318.0,310.0,1,True,True,True,False,2026-08-23 14:15:32.367,9.0,18.9,35.3,56.4,True,0.6,338.0
2026,12,Dutch Grand Prix,R,HUL,Audi,33.0,3.0,SOFT,14.0,77.244,26.214,27.96,23.07,269.0,271.0,319.0,304.0,1,True,True,True,False,2026-08-23 14:16:49.645,9.0,19.1,35.3,56.9,False,1.5,60.0
2026,12,Dutch Grand Prix,R,HUL,Audi,34.0,3.0,SOFT,15.0,77.917,26.309,28.286,23.322,270.0,273.0,312.0,304.0,1,True,False,True,False,2026-08-23 14:18:06.889,8.0,19.0,34.0,55.9,False,1.2,99.0
2026,12,Dutch Grand Prix,R,HUL,Audi,35.0,3.0,SOFT,16.0,77.396,26.25,27.903,23.243,273.0,276.0,315.0,295.0,1,True,False,True,False,2026-08-23 14:19:24.806,8.0,18.9,32.0,54.8,False,0.5,45.0
2026,12,Dutch Grand Prix,R,HUL,Audi,36.0,3.0,SOFT,17.0,77.667,26.349,28.153,23.165,271.0,272.0,306.0,302.0,1,True,False,True,False,2026-08-23 14:20:42.202,8.0,18.9,32.0,54.8,False,0.5,45.0
2026,12,Dutch Grand Prix,R,HUL,Audi,37.0,3.0,SOFT,18.0,77.663,26.332,28.134,23.197,272.0,274.0,317.0,295.0,1,True,False,True,False,2026-08-23 14:21:59.869,8.0,18.7,32.6,56.5,False,1.7,86.0
2026,12,Dutch Grand Prix,R,HUL,Audi,38.0,3.0,SOFT,19.0,77.685,26.23,28.163,23.292,269.0,269.0,317.0,305.0,1,True,False,True,False,2026-08-23 14:23:17.532,8.0,18.8,32.3,55.9,False,1.0,69.0
2026,12,Dutch Grand Prix,R,HUL,Audi,39.0,3.0,SOFT,20.0,77.433,26.214,28.156,23.063,269.0,269.0,316.0,300.0,1,True,False,True,False,2026-08-23 14:24:35.217,8.0,18.6,32.8,57.0,False,0.9,93.0
2026,12,Dutch Grand Prix,R,HUL,Audi,40.0,3.0,SOFT,21.0,77.96,26.483,28.222,23.255,267.0,270.0,304.0,302.0,1,True,False,True,False,2026-08-23 14:25:52.650,8.0,18.5,32.0,58.0,False,2.4,103.0
2026,12,Dutch Grand Prix,R,HUL,Audi,41.0,3.0,SOFT,22.0,77.897,26.462,28.137,23.298,271.0,272.0,305.0,293.0,1,True,False,True,False,2026-08-23 14:27:10.610,8.0,18.5,33.2,58.0,False,0.6,108.0
2026,12,Dutch Grand Prix,R,HUL,Audi,42.0,3.0,SOFT,23.0,77.792,26.355,28.296,23.141,272.0,272.0,306.0,294.0,1,True,False,True,False,2026-08-23 14:28:28.507,8.0,18.5,33.4,59.2,False,1.4,73.0
2026,12,Dutch Grand Prix,R,HUL,Audi,43.0,3.0,SOFT,24.0,77.891,26.346,28.299,23.246,272.0,273.0,307.0,296.0,1,True,False,True,False,2026-08-23 14:29:46.299,8.0,18.4,34.3,58.6,False,0.8,130.0
2026,12,Dutch Grand Prix,R,HUL,Audi,44.0,3.0,SOFT,25.0,77.968,26.479,28.216,23.273,273.0,272.0,310.0,296.0,1,True,False,True,False,2026-08-23 14:31:04.190,8.0,18.4,35.0,58.2,True,0.9,109.0
2026,12,Dutch Grand Prix,R,HUL,Audi,45.0,3.0,SOFT,26.0,77.789,26.458,28.115,23.216,277.0,276.0,308.0,298.0,1,True,False,True,False,2026-08-23 14:32:22.158,8.0,18.6,35.1,57.5,False,0.0,0.0
2026,12,Dutch Grand Prix,R,HUL,Audi,46.0,3.0,SOFT,27.0,77.826,26.325,28.258,23.243,276.0,274.0,307.0,296.0,1,True,False,True,False,2026-08-23 14:33:39.947,8.0,18.7,34.5,57.3,True,0.3,155.0
2026,12,Dutch Grand Prix,R,HUL,Audi,47.0,3.0,SOFT,28.0,78.131,26.441,28.321,23.369,278.0,273.0,307.0,295.0,1,True,False,True,False,2026-08-23 14:34:57.773,8.0,18.8,34.7,57.5,False,1.1,75.0
2026,12,Dutch Grand Prix,R,HUL,Audi,48.0,3.0,SOFT,29.0,81.036,26.344,28.442,26.25,276.0,276.0,,297.0,1,True,False,False,False,2026-08-23 14:36:15.904,8.0,18.8,35.2,58.1,False,2.1,105.0
2026,12,Dutch Grand Prix,R,HUL,Audi,49.0,4.0,HARD,1.0,93.364,42.609,27.785,22.97,286.0,283.0,312.0,297.0,1,True,False,False,False,2026-08-23 14:37:36.940,8.0,18.8,34.7,58.2,False,2.0,60.0
2026,12,Dutch Grand Prix,R,HUL,Audi,50.0,4.0,HARD,2.0,76.882,26.132,27.73,23.02,275.0,276.0,309.0,300.0,1,True,True,True,False,2026-08-23 14:39:10.304,8.0,18.9,35.5,57.9,False,1.3,102.0
2026,12,Dutch Grand Prix,R,HUL,Audi,51.0,4.0,HARD,3.0,78.463,26.082,28.703,23.678,275.0,221.0,327.0,296.0,1,True,False,True,False,2026-08-23 14:40:27.186,8.0,18.9,35.9,57.8,False,0.4,204.0
2026,12,Dutch Grand Prix,R,HUL,Audi,52.0,4.0,HARD,4.0,78.24,26.144,29.005,23.091,282.0,286.0,315.0,306.0,1,True,False,True,False,2026-08-23 14:41:45.649,8.0,19.0,35.4,58.1,False,0.6,24.0
2026,12,Dutch Grand Prix,R,HUL,Audi,53.0,4.0,HARD,5.0,76.94,26.167,27.883,22.89,278.0,277.0,312.0,302.0,12,True,False,True,False,2026-08-23 14:43:03.889,8.0,19.2,35.0,57.6,False,1.7,92.0
2026,12,Dutch Grand Prix,R,HUL,Audi,54.0,4.0,HARD,6.0,100.939,31.994,37.513,31.432,209.0,168.0,269.0,301.0,26,True,False,False,False,2026-08-23 14:44:20.829,8.0,19.2,35.3,57.5,False,0.6,312.0
2026,12,Dutch Grand Prix,R,HUL,Audi,55.0,4.0,HARD,7.0,102.559,35.241,35.215,32.103,214.0,227.0,212.0,233.0,6,True,False,False,False,2026-08-23 14:46:01.768,8.0,19.2,35.4,58.4,False,2.3,193.0
2026,12,Dutch Grand Prix,R,HUL,Audi,56.0,4.0,HARD,8.0,94.125,33.793,37.102,23.23,249.0,266.0,316.0,266.0,671,True,False,False,False,2026-08-23 14:47:44.327,8.0,19.1,34.9,58.5,False,0.6,306.0
2026,12,Dutch Grand Prix,R,HUL,Audi,57.0,4.0,HARD,9.0,78.989,26.277,29.199,23.513,238.0,247.0,325.0,301.0,1,True,False,True,False,2026-08-23 14:49:18.452,8.0,19.2,34.8,58.4,False,0.9,50.0
2026,12,Dutch Grand Prix,R,HUL,Audi,58.0,4.0,HARD,10.0,76.361,26.001,27.45,22.91,283.0,281.0,311.0,308.0,1,True,True,True,False,2026-08-23 14:50:37.441,8.0,19.3,35.2,58.5,False,1.5,94.0
2026,12,Dutch Grand Prix,R,HUL,Audi,59.0,4.0,HARD,11.0,76.412,26.018,27.441,22.953,278.0,278.0,311.0,300.0,1,True,False,True,False,2026-08-23 14:51:53.802,8.0,19.2,36.1,58.6,False,1.3,116.0
2026,12,Dutch Grand Prix,R,HUL,Audi,60.0,4.0,HARD,12.0,78.134,26.365,28.612,23.157,249.0,283.0,310.0,302.0,1,True,False,True,False,2026-08-23 14:53:10.214,8.0,19.3,37.1,58.0,False,0.8,194.0
2026,12,Dutch Grand Prix,R,HUL,Audi,61.0,4.0,HARD,13.0,76.065,26.077,27.273,22.715,276.0,278.0,308.0,300.0,1,True,True,True,False,2026-08-23 14:54:28.348,8.0,19.5,37.3,58.1,True,1.1,46.0
2026,12,Dutch Grand Prix,R,HUL,Audi,62.0,4.0,HARD,14.0,76.048,25.983,27.319,22.746,275.0,277.0,308.0,298.0,1,True,True,True,False,2026-08-23 14:55:44.413,8.0,19.5,37.8,56.9,True,2.4,35.0
2026,12,Dutch Grand Prix,R,HUL,Audi,63.0,4.0,HARD,15.0,76.052,25.92,27.382,22.75,274.0,276.0,309.0,298.0,1,True,False,True,False,2026-08-23 14:57:00.461,8.0,19.5,38.2,56.3,False,0.9,101.0
2026,12,Dutch Grand Prix,R,HUL,Audi,64.0,4.0,HARD,16.0,76.195,26.009,27.356,22.83,277.0,277.0,311.0,298.0,1,True,False,True,False,2026-08-23 14:58:16.513,8.0,19.5,37.4,58.4,False,2.3,158.0
2026,12,Dutch Grand Prix,R,HUL,Audi,65.0,4.0,HARD,17.0,76.134,25.993,27.236,22.905,278.0,277.0,311.0,300.0,1,True,False,True,False,2026-08-23 14:59:32.708,8.0,19.4,36.8,58.0,False,1.9,142.0
2026,12,Dutch Grand Prix,R,HUL,Audi,66.0,4.0,HARD,18.0,76.601,26.123,27.52,22.958,278.0,277.0,311.0,298.0,1,True,False,True,False,2026-08-23 15:00:48.842,8.0,19.3,35.7,58.8,True,1.2,343.0
2026,12,Dutch Grand Prix,R,HUL,Audi,67.0,4.0,HARD,19.0,76.773,26.185,27.669,22.919,278.0,277.0,310.0,300.0,1,True,False,True,False,2026-08-23 15:02:05.443,8.0,19.2,34.6,57.8,False,1.4,53.0
2026,12,Dutch Grand Prix,R,HUL,Audi,68.0,4.0,HARD,20.0,84.18,25.987,27.501,30.692,279.0,276.0,270.0,299.0,16,True,False,False,False,2026-08-23 15:03:22.216,8.0,19.1,34.3,56.1,True,1.5,71.0
2026,12,Dutch Grand Prix,R,HUL,Audi,69.0,4.0,HARD,21.0,87.129,35.544,28.477,23.108,229.0,281.0,289.0,243.0,671,True,False,False,False,2026-08-23 15:04:46.396,8.0,19.2,33.3,55.1,False,2.0,106.0
2026,12,Dutch Grand Prix,R,HUL,Audi,70.0,4.0,HARD,22.0,78.297,27.72,27.649,22.928,292.0,284.0,317.0,218.0,1,True,False,True,False,2026-08-23 15:06:13.525,8.0,19.2,33.0,54.8,False,2.8,31.0
2026,12,Dutch Grand Prix,R,HUL,Audi,71.0,4.0,HARD,23.0,76.317,25.921,27.451,22.945,280.0,279.0,294.0,300.0,1,True,False,True,False,2026-08-23 15:07:31.822,8.0,19.1,32.3,54.0,False,1.1,52.0
2026,12,Dutch Grand Prix,R,VER,Red Bull Racing,1.0,1.0,SOFT,1.0,,,,,,,,,1,True,False,False,False,2026-08-23 13:03:28.568,,18.7,32.9,56.2,False,2.2,96.0
2026,12,Dutch Grand Prix,R,LAW,Red Bull Racing,1.0,1.0,SOFT,4.0,90.598,,28.808,27.475,281.0,278.0,305.0,205.0,12,False,False,False,False,2026-08-23 13:03:28.568,7.0,18.7,32.9,56.2,False,2.2,96.0
2026,12,Dutch Grand Prix,R,LAW,Red Bull Racing,2.0,1.0,SOFT,5.0,133.174,27.953,46.317,58.904,285.0,136.0,,256.0,25,False,False,False,False,2026-08-23 13:04:57.798,7.0,18.7,32.6,56.5,False,1.1,73.0
2026,12,Dutch Grand Prix,R,LAW,Red Bull Racing,3.0,2.0,SOFT,1.0,,,30.075,,235.0,212.0,1.0,256.0,12,False,False,False,False,2026-08-23 13:33:00.089,7.0,16.6,26.4,72.3,False,1.3,29.0
2026,12,Dutch Grand Prix,R,LAW,Red Bull Racing,4.0,2.0,SOFT,2.0,,57.466,31.97,92.535,241.0,190.0,2.0,111.0,21,False,False,False,False,2026-08-23 13:36:29.427,7.0,16.6,26.3,73.3,False,1.4,33.0
2026,12,Dutch Grand Prix,R,LAW,Red Bull Racing,5.0,2.0,SOFT,3.0,93.652,40.858,28.869,23.925,281.0,276.0,304.0,229.0,12,False,True,True,False,2026-08-23 13:39:31.018,7.0,16.8,27.0,72.6,False,0.8,76.0
2026,12,Dutch Grand Prix,R,LAW,Red Bull Racing,6.0,2.0,SOFT,4.0,78.647,26.918,28.239,23.49,280.0,274.0,319.0,290.0,1,False,True,True,False,2026-08-23 13:41:04.670,7.0,16.9,27.9,71.5,False,1.5,13.0
2026,12,Dutch Grand Prix,R,LAW,Red Bull Racing,7.0,2.0,SOFT,5.0,78.088,26.604,28.103,23.381,281.0,273.0,319.0,291.0,1,False,True,True,False,2026-08-23 13:42:23.317,7.0,17.0,27.7,70.5,False,1.4,49.0
2026,12,Dutch Grand Prix,R,LAW,Red Bull Racing,8.0,2.0,SOFT,6.0,77.761,26.414,28.063,23.284,284.0,273.0,321.0,295.0,1,False,True,True,False,2026-08-23 13:43:41.405,7.0,17.1,27.5,70.2,False,2.9,23.0
2026,12,Dutch Grand Prix,R,LAW,Red Bull Racing,9.0,2.0,SOFT,7.0,77.626,26.274,28.085,23.267,282.0,273.0,316.0,299.0,1,False,True,True,False,2026-08-23 13:44:59.166,7.0,17.2,28.1,67.4,False,1.5,47.0
2026,12,Dutch Grand Prix,R,LAW,Red Bull Racing,10.0,2.0,SOFT,8.0,77.788,26.432,28.097,23.259,285.0,273.0,322.0,297.0,1,False,False,True,False,2026-08-23 13:46:16.792,7.0,17.3,28.3,68.3,False,0.8,346.0
2026,12,Dutch Grand Prix,R,LAW,Red Bull Racing,11.0,2.0,SOFT,9.0,77.905,26.372,28.204,23.329,284.0,272.0,315.0,303.0,1,False,False,True,False,2026-08-23 13:47:34.580,7.0,17.4,28.8,67.9,False,1.2,25.0
2026,12,Dutch Grand Prix,R,LAW,Red Bull Racing,12.0,2.0,SOFT,10.0,77.985,26.425,28.24,23.32,283.0,271.0,320.0,293.0,1,False,False,True,False,2026-08-23 13:48:52.485,7.0,17.5,29.1,67.3,False,2.0,43.0
2026,12,Dutch Grand Prix,R,LAW,Red Bull Racing,13.0,2.0,SOFT,11.0,77.889,26.395,28.26,23.234,284.0,272.0,319.0,304.0,1,False,False,True,False,2026-08-23 13:50:10.470,7.0,17.6,29.6,64.8,False,1.2,80.0
2026,12,Dutch Grand Prix,R,LAW,Red Bull Racing,14.0,2.0,SOFT,12.0,78.352,26.553,28.285,23.514,282.0,270.0,318.0,300.0,1,False,False,True,False,2026-08-23 13:51:28.359,7.0,17.7,29.7,64.9,False,0.9,15.0
2026,12,Dutch Grand Prix,R,LAW,Red Bull Racing,15.0,2.0,SOFT,13.0,77.967,26.332,28.191,23.444,284.0,272.0,313.0,294.0,1,False,False,True,False,2026-08-23 13:52:46.711,7.0,17.7,30.2,64.0,False,0.7,127.0
2026,12,Dutch Grand Prix,R,LAW,Red Bull Racing,16.0,2.0,SOFT,14.0,78.371,26.596,28.325,23.45,285.0,272.0,318.0,295.0,1,False,False,True,False,2026-08-23 13:54:04.678,7.0,17.9,30.1,62.8,False,2.3,62.0
2026,12,Dutch Grand Prix,R,LAW,Red Bull Racing,17.0,2.0,SOFT,15.0,78.234,26.43,28.336,23.468,283.0,273.0,313.0,298.0,1,False,False,True,False,2026-08-23 13:55:23.049,7.0,17.9,30.3,61.1,False,1.6,70.0
2026,12,Dutch Grand Prix,R,LAW,Red Bull Racing,18.0,2.0,SOFT,16.0,78.75,26.612,28.532,23.606,283.0,272.0,319.0,297.0,1,False,False,True,False,2026-08-23 13:56:41.283,6.0,17.8,30.5,62.1,False,1.3,14.0
2026,12,Dutch Grand Prix,R,LAW,Red Bull Racing,19.0,2.0,SOFT,17.0,79.0,26.751,28.571,23.678,284.0,270.0,313.0,297.0,1,False,False,True,False,2026-08-23 13:58:00.033,5.0,17.9,30.5,61.0,False,0.8,58.0
2026,12,Dutch Grand Prix,R,LAW,Red Bull Racing,20.0,2.0,SOFT,18.0,78.737,26.673000000000002,28.516,23.548000000000002,284.0,271.0,314.0,298.0,1,False,False,True,False,2026-08-23 13:59:19.033,5.0,17.9,30.9,61.9,False,1.7,40.0
2026,12,Dutch Grand Prix,R,LAW,Red Bull Racing,21.0,2.0,SOFT,19.0,81.99,26.755,28.384,26.851,283.0,288.0,,298.0,1,False,False,False,False,2026-08-23 14:00:37.770,7.0,18.0,30.9,61.3,False,1.0,56.0
2026,12,Dutch Grand Prix,R,LAW,Red Bull Racing,22.0,3.0,MEDIUM,1.0,94.757,43.555,27.856,23.346,282.0,274.0,337.0,298.0,1,True,False,False,False,2026-08-23 14:01:59.760,9.0,18.0,30.8,60.2,False,0.5,335.0
2026,12,Dutch Grand Prix,R,LAW,Red Bull Racing,23.0,3.0,MEDIUM,2.0,78.249,26.308,28.038,23.903,284.0,263.0,331.0,293.0,1,True,False,True,False,2026-08-23 14:03:34.517,8.0,18.1,32.5,60.5,False,1.1,130.0
2026,12,Dutch Grand Prix,R,LAW,Red Bull Racing,24.0,3.0,MEDIUM,3.0,77.234,26.445,27.603,23.186,277.0,272.0,318.0,307.0,1,True,True,True,False,2026-08-23 14:04:52.766,7.0,18.2,32.5,60.5,False,1.1,130.0
2026,12,Dutch Grand Prix,R,LAW,Red Bull Racing,25.0,3.0,MEDIUM,4.0,76.794,26.116,27.624,23.054,280.0,270.0,310.0,300.0,1,True,True,True,False,2026-08-23 14:06:10.000,7.0,18.3,32.6,59.2,False,0.9,67.0
2026,12,Dutch Grand Prix,R,LAW,Red Bull Racing,26.0,3.0,MEDIUM,5.0,76.855,26.217,27.636,23.002,284.0,271.0,313.0,295.0,1,True,False,True,False,2026-08-23 14:07:26.794,7.0,18.4,32.7,59.3,False,1.5,95.0
2026,12,Dutch Grand Prix,R,LAW,Red Bull Racing,27.0,3.0,MEDIUM,6.0,76.852,26.29,27.54,23.022,282.0,271.0,312.0,292.0,1,True,False,True,False,2026-08-23 14:08:43.649,7.0,18.5,32.5,59.9,False,0.8,93.0
2026,12,Dutch Grand Prix,R,LAW,Red Bull Racing,28.0,3.0,MEDIUM,7.0,76.927,26.329,27.564,23.034,282.0,272.0,313.0,296.0,1,True,False,True,False,2026-08-23 14:10:00.501,7.0,18.7,33.3,58.3,False,1.8,58.0
2026,12,Dutch Grand Prix,R,LAW,Red Bull Racing,29.0,3.0,MEDIUM,8.0,77.081,26.267,27.73,23.084,283.0,270.0,313.0,298.0,1,True,False,True,False,2026-08-23 14:11:17.428,7.0,18.8,33.3,58.3,False,1.8,58.0
2026,12,Dutch Grand Prix,R,LAW,Red Bull Racing,30.0,3.0,MEDIUM,9.0,77.126,26.282,27.839,23.005,284.0,273.0,313.0,295.0,1,True,False,True,False,2026-08-23 14:12:34.509,7.0,18.9,33.9,57.0,False,1.4,18.0
2026,12,Dutch Grand Prix,R,LAW,Red Bull Racing,31.0,3.0,MEDIUM,10.0,77.177,26.246,27.841,23.09,284.0,273.0,313.0,295.0,1,True,False,True,False,2026-08-23 14:13:51.635,7.0,18.8,34.8,57.3,False,1.8,13.0
2026,12,Dutch Grand Prix,R,LAW,Red Bull Racing,32.0,3.0,MEDIUM,11.0,76.841,26.198,27.73,22.913,284.0,274.0,317.0,300.0,1,True,False,True,False,2026-08-23 14:15:08.812,7.0,18.9,35.3,56.4,True,0.6,338.0
2026,12,Dutch Grand Prix,R,LAW,Red Bull Racing,33.0,3.0,MEDIUM,12.0,76.984,26.171,27.75,23.063,284.0,273.0,318.0,300.0,1,True,False,True,False,2026-08-23 14:16:25.653,7.0,19.1,35.3,56.9,False,1.5,60.0
2026,12,Dutch Grand Prix,R,LAW,Red Bull Racing,34.0,3.0,MEDIUM,13.0,76.993,26.255,27.809,22.929,284.0,274.0,317.0,302.0,1,True,False,True,False,2026-08-23 14:17:42.637,7.0,19.0,34.4,56.5,False,1.4,90.0
2026,12,Dutch Grand Prix,R,LAW,Red Bull Racing,35.0,3.0,MEDIUM,14.0,77.535,26.414,27.908,23.213,285.0,273.0,320.0,298.0,1,True,False,True,False,2026-08-23 14:18:59.630,7.0,18.9,32.0,54.8,False,0.5,45.0
2026,12,Dutch Grand Prix,R,LAW,Red Bull Racing,36.0,3.0,MEDIUM,15.0,77.59,26.39,27.996,23.204,285.0,275.0,321.0,298.0,1,True,False,True,False,2026-08-23 14:20:17.165,7.0,18.9,32.0,54.8,False,0.5,45.0
2026,12,Dutch Grand Prix,R,LAW,Red Bull Racing,37.0,3.0,MEDIUM,16.0,77.52,26.408,27.982,23.13,286.0,274.0,319.0,301.0,1,True,False,True,False,2026-08-23 14:21:34.755,7.0,18.8,33.0,55.5,False,1.0,74.0
2026,12,Dutch Grand Prix,R,LAW,Red Bull Racing,38.0,3.0,MEDIUM,17.0,77.372,26.215,27.93,23.227,287.0,274.0,319.0,301.0,1,True,False,True,False,2026-08-23 14:22:52.275,7.0,18.7,32.6,56.5,False,1.7,86.0
2026,12,Dutch Grand Prix,R,LAW,Red Bull Racing,39.0,3.0,MEDIUM,18.0,77.586,26.402,27.897,23.287,286.0,274.0,321.0,299.0,1,True,False,True,False,2026-08-23 14:24:09.647,7.0,18.6,32.8,57.0,False,0.9,93.0
2026,12,Dutch Grand Prix,R,LAW,Red Bull Racing,40.0,3.0,MEDIUM,19.0,77.345,26.184,27.894,23.267,287.0,274.0,322.0,302.0,1,True,False,True,False,2026-08-23 14:25:27.233,7.0,18.5,32.0,58.0,False,2.4,103.0
2026,12,Dutch Grand Prix,R,LAW,Red Bull Racing,41.0,3.0,MEDIUM,20.0,77.544,26.517,27.894,23.133,286.0,275.0,321.0,308.0,1,True,False,True,False,2026-08-23 14:26:44.578,7.0,18.6,31.3,57.2,False,1.4,153.0
2026,12,Dutch Grand Prix,R,LAW,Red Bull Racing,42.0,3.0,MEDIUM,21.0,77.34,26.172,27.92,23.248,286.0,276.0,320.0,303.0,1,True,False,True,False,2026-08-23 14:28:02.122,7.0,18.5,33.4,59.2,False,1.4,73.0
2026,12,Dutch Grand Prix,R,LAW,Red Bull Racing,43.0,3.0,MEDIUM,22.0,77.669,26.281,28.053,23.335,288.0,275.0,320.0,302.0,1,True,False,True,False,2026-08-23 14:29:19.462,7.0,18.4,34.3,58.6,False,0.8,130.0
2026,12,Dutch Grand Prix,R,LAW,Red Bull Racing,44.0,3.0,MEDIUM,23.0,77.658,26.215,28.03,23.413,286.0,276.0,322.0,307.0,1,True,False,True,False,2026-08-23 14:30:37.131,7.0,18.4,35.0,58.2,True,0.9,109.0
2026,12,Dutch Grand Prix,R,LAW,Red Bull Racing,45.0,3.0,MEDIUM,24.0,77.977,26.374,28.219,23.384,286.0,276.0,323.0,304.0,1,True,False,True,False,2026-08-23 14:31:54.789,6.0,18.4,35.0,58.2,True,0.9,109.0
2026,12,Dutch Grand Prix,R,LAW,Red Bull Racing,46.0,3.0,MEDIUM,25.0,78.694,26.923000000000002,28.41,23.361,290.0,277.0,319.0,294.0,1,True,False,True,False,2026-08-23 14:33:12.766,7.0,18.7,34.5,57.3,True,0.3,155.0
2026,12,Dutch Grand Prix,R,LAW,Red Bull Racing,47.0,3.0,MEDIUM,26.0,81.272,26.433,28.28,26.559,288.0,286.0,,302.0,1,True,False,False,False,2026-08-23 14:34:31.460,7.0,18.8,34.7,57.5,False,1.1,75.0
2026,12,Dutch Grand Prix,R,LAW,Red Bull Racing,48.0,4.0,MEDIUM,1.0,93.401,43.029,27.34,23.032,282.0,271.0,312.0,302.0,1,True,False,False,False,2026-08-23 14:35:52.732,7.0,18.8,34.8,58.0,False,0.4,225.0
2026,12,Dutch Grand Prix,R,LAW,Red Bull Racing,49.0,4.0,MEDIUM,2.0,75.801,25.815,27.245,22.741,287.0,274.0,319.0,298.0,1,True,True,True,False,2026-08-23 14:37:26.133,7.0,18.8,34.7,58.2,False,2.0,60.0
2026,12,Dutch Grand Prix,R,LAW,Red Bull Racing,50.0,4.0,MEDIUM,3.0,75.578,25.761,27.153,22.664,286.0,276.0,320.0,304.0,1,True,True,True,False,2026-08-23 14:38:41.934,7.0,18.9,35.1,58.4,True,1.0,59.0
2026,12,Dutch Grand Prix,R,LAW,Red Bull Racing,51.0,4.0,MEDIUM,4.0,76.913,25.987,27.911,23.015,287.0,276.0,320.0,300.0,1,True,False,True,False,2026-08-23 14:39:57.512,7.0,18.9,35.5,57.9,False,1.3,102.0
2026,12,Dutch Grand Prix,R,LAW,Red Bull Racing,52.0,4.0,MEDIUM,5.0,76.049,25.881,27.325,22.843,286.0,277.0,323.0,301.0,1,True,False,True,False,2026-08-23 14:41:14.425,7.0,19.0,35.4,58.1,False,0.6,24.0
2026,12,Dutch Grand Prix,R,LAW,Red Bull Racing,53.0,4.0,MEDIUM,6.0,76.448,25.927,27.662,22.859,288.0,277.0,319.0,304.0,1,True,False,True,False,2026-08-23 14:42:30.474,7.0,19.1,35.9,58.1,False,0.5,253.0
2026,12,Dutch Grand Prix,R,LAW,Red Bull Racing,54.0,4.0,MEDIUM,7.0,90.35,25.911,31.811,32.628,285.0,212.0,257.0,300.0,126,True,False,False,False,2026-08-23 14:43:46.922,7.0,19.2,35.0,57.6,False,1.7,92.0
2026,12,Dutch Grand Prix,R,LAW,Red Bull Racing,55.0,4.0,MEDIUM,8.0,103.237,35.742,34.735,32.76,278.0,216.0,247.0,256.0,6,True,False,False,False,2026-08-23 14:45:17.272,7.0,19.3,34.7,57.1,False,1.3,214.0
2026,12,Dutch Grand Prix,R,LAW,Red Bull Racing,56.0,4.0,MEDIUM,9.0,102.397,36.067,34.67,31.66,257.0,184.0,239.0,266.0,67,True,False,False,False,2026-08-23 14:47:00.509,7.0,19.1,34.9,58.5,False,0.6,306.0
2026,12,Dutch Grand Prix,R,LAW,Red Bull Racing,57.0,4.0,MEDIUM,10.0,77.779,28.288,26.913,22.578,294.0,284.0,324.0,239.0,71,True,False,False,False,2026-08-23 14:48:42.906,7.0,19.1,33.7,59.5,False,0.8,283.0
2026,12,Dutch Grand Prix,R,LAW,Red Bull Racing,58.0,4.0,MEDIUM,11.0,76.19,25.738,27.451,23.001,283.0,277.0,319.0,312.0,1,True,False,True,False,2026-08-23 14:50:00.685,7.0,19.3,35.2,58.5,False,1.5,94.0
2026,12,Dutch Grand Prix,R,LAW,Red Bull Racing,59.0,4.0,MEDIUM,12.0,76.075,26.126,27.204,22.745,291.0,277.0,323.0,273.0,1,True,False,True,False,2026-08-23 14:51:16.875,7.0,19.2,36.1,58.6,False,1.3,116.0
2026,12,Dutch Grand Prix,R,LAW,Red Bull Racing,60.0,4.0,MEDIUM,13.0,76.496,25.648,28.044,22.804,291.0,274.0,319.0,311.0,1,True,False,True,False,2026-08-23 14:52:32.950,7.0,19.2,36.3,58.6,False,0.7,20.0
2026,12,Dutch Grand Prix,R,LAW,Red Bull Racing,61.0,4.0,MEDIUM,14.0,75.435,25.654,27.096,22.685,288.0,276.0,318.0,304.0,1,True,True,True,False,2026-08-23 14:53:49.446,7.0,19.3,37.1,58.0,False,0.8,194.0
2026,12,Dutch Grand Prix,R,LAW,Red Bull Racing,62.0,4.0,MEDIUM,15.0,76.258,26.055,27.366,22.837,289.0,276.0,320.0,301.0,1,True,False,True,False,2026-08-23 14:55:04.881,7.0,19.5,37.8,56.9,True,2.4,35.0
2026,12,Dutch Grand Prix,R,LAW,Red Bull Racing,63.0,4.0,MEDIUM,16.0,76.346,26.01,27.342,22.994,288.0,276.0,319.0,299.0,1,True,False,True,False,2026-08-23 14:56:21.139,7.0,19.5,38.0,55.6,False,0.7,13.0
2026,12,Dutch Grand Prix,R,LAW,Red Bull Racing,64.0,4.0,MEDIUM,17.0,76.036,25.795,27.35,22.891,287.0,276.0,318.0,302.0,1,True,False,True,False,2026-08-23 14:57:37.485,7.0,19.5,38.2,56.3,False,0.9,101.0
2026,12,Dutch Grand Prix,R,LAW,Red Bull Racing,65.0,4.0,MEDIUM,18.0,76.295,25.939,27.424,22.932,286.0,274.0,317.0,300.0,1,True,False,True,False,2026-08-23 14:58:53.521,7.0,19.5,37.4,58.4,False,2.3,158.0
2026,12,Dutch Grand Prix,R,LAW,Red Bull Racing,66.0,4.0,MEDIUM,19.0,76.191,25.739,27.394,23.058,288.0,275.0,320.0,302.0,1,True,False,True,False,2026-08-23 15:00:09.816,7.0,19.3,35.7,58.8,True,1.2,343.0
2026,12,Dutch Grand Prix,R,LAW,Red Bull Racing,67.0,4.0,MEDIUM,20.0,76.213,25.896,27.437,22.88,289.0,276.0,320.0,299.0,1,True,False,True,False,2026-08-23 15:01:26.007,7.0,19.3,36.1,57.1,False,0.9,177.0
2026,12,Dutch Grand Prix,R,LAW,Red Bull Racing,68.0,4.0,MEDIUM,21.0,76.197,25.803,27.502,22.892,288.0,276.0,321.0,307.0,1,True,False,True,False,2026-08-23 15:02:42.220,7.0,19.2,34.6,57.8,False,1.4,53.0
2026,12,Dutch Grand Prix,R,LAW,Red Bull Racing,69.0,4.0,MEDIUM,22.0,94.52,28.792,38.32,27.408,80.0,187.0,312.0,297.0,167,True,False,False,False,2026-08-23 15:03:58.417,7.0,19.1,34.3,56.1,True,1.5,71.0
2026,12,Dutch Grand Prix,R,LAW,Red Bull Racing,70.0,4.0,MEDIUM,23.0,76.303,26.041,27.389,22.873,276.0,276.0,320.0,302.0,1,True,False,True,False,2026-08-23 15:05:32.937,7.0,19.1,33.6,54.5,False,1.6,36.0
2026,12,Dutch Grand Prix,R,LAW,Red Bull Racing,71.0,4.0,MEDIUM,24.0,76.222,25.826999999999998,27.538,22.857,284.0,275.0,313.0,303.0,1,True,False,True,False,2026-08-23 15:06:49.240,7.0,19.2,33.0,54.8,False,2.8,31.0
2026,12,Dutch Grand Prix,R,LAW,Red Bull Racing,72.0,4.0,MEDIUM,25.0,76.543,25.931,27.603,23.009,289.0,277.0,297.0,299.0,1,True,False,True,False,2026-08-23 15:08:05.462,7.0,19.0,32.0,55.3,True,1.2,54.0
2026,12,Dutch Grand Prix,R,OCO,Haas F1 Team,1.0,1.0,MEDIUM,1.0,96.553,,29.977,30.057,273.0,266.0,276.0,189.0,12,True,False,False,False,2026-08-23 13:03:28.568,14.0,18.7,32.9,56.2,False,2.2,96.0
2026,12,Dutch Grand Prix,R,OCO,Haas F1 Team,2.0,1.0,MEDIUM,2.0,146.622,32.639,45.273,68.71,116.0,145.0,,252.0,25,True,False,False,False,2026-08-23 13:05:03.865,13.0,18.7,33.2,57.5,False,0.7,58.0
2026,12,Dutch Grand Prix,R,OCO,Haas F1 Team,3.0,2.0,SOFT,4.0,,,30.244,,263.0,211.0,48.0,252.0,12,False,False,False,False,2026-08-23 13:33:00.089,13.0,16.6,26.4,72.3,False,1.3,29.0
2026,12,Dutch Grand Prix,R,OCO,Haas F1 Team,4.0,2.0,SOFT,5.0,,41.477,30.56,91.399,268.0,201.0,98.0,111.0,1,False,False,False,False,2026-08-23 13:36:59.515,13.0,16.7,26.5,72.9,False,0.0,0.0
2026,12,Dutch Grand Prix,R,OCO,Haas F1 Team,5.0,2.0,SOFT,6.0,85.294,31.094,29.646,24.554,270.0,287.0,332.0,206.0,12,False,True,True,False,2026-08-23 13:39:42.838,15.0,16.8,27.0,72.6,False,0.8,76.0
2026,12,Dutch Grand Prix,R,OCO,Haas F1 Team,6.0,2.0,SOFT,7.0,79.657,27.272,28.649,23.736,273.0,266.0,331.0,297.0,1,False,True,True,False,2026-08-23 13:41:08.132,13.0,16.9,27.9,71.5,False,1.5,13.0
2026,12,Dutch Grand Prix,R,OCO,Haas F1 Team,7.0,2.0,SOFT,8.0,79.201,26.966,28.763,23.472,274.0,266.0,330.0,291.0,1,False,True,True,False,2026-08-23 13:42:27.789,13.0,17.0,27.7,70.5,False,1.4,49.0
2026,12,Dutch Grand Prix,R,OCO,Haas F1 Team,8.0,2.0,SOFT,9.0,79.024,26.841,28.659,23.524,276.0,272.0,328.0,297.0,1,False,True,True,False,2026-08-23 13:43:46.990,12.0,17.1,27.5,70.2,False,2.9,23.0
2026,12,Dutch Grand Prix,R,OCO,Haas F1 Team,9.0,2.0,SOFT,10.0,78.794,26.704,28.701,23.389,278.0,271.0,326.0,304.0,1,False,True,True,False,2026-08-23 13:45:06.014,12.0,17.2,28.1,67.4,False,1.5,47.0
2026,12,Dutch Grand Prix,R,OCO,Haas F1 Team,10.0,2.0,SOFT,11.0,79.033,26.726,28.86,23.447,278.0,271.0,330.0,306.0,1,False,False,True,False,2026-08-23 13:46:24.808,12.0,17.3,28.3,68.3,False,0.8,346.0
2026,12,Dutch Grand Prix,R,OCO,Haas F1 Team,11.0,2.0,SOFT,12.0,79.145,26.806,28.796,23.543,278.0,270.0,327.0,299.0,1,False,False,True,False,2026-08-23 13:47:43.841,12.0,17.4,28.8,67.9,False,1.2,25.0
2026,12,Dutch Grand Prix,R,OCO,Haas F1 Team,12.0,2.0,SOFT,13.0,79.306,26.802,28.847,23.657,281.0,271.0,326.0,291.0,1,False,False,True,False,2026-08-23 13:49:02.986,12.0,17.5,29.3,65.9,False,2.2,49.0
2026,12,Dutch Grand Prix,R,OCO,Haas F1 Team,13.0,2.0,SOFT,14.0,79.408,26.825,28.958,23.625,280.0,267.0,319.0,298.0,1,False,False,True,False,2026-08-23 13:50:22.292,12.0,17.6,29.6,64.8,False,1.2,80.0
2026,12,Dutch Grand Prix,R,OCO,Haas F1 Team,14.0,2.0,SOFT,15.0,79.257,26.725,28.878,23.654,279.0,269.0,315.0,298.0,1,False,False,True,False,2026-08-23 13:51:41.700,12.0,17.7,29.7,64.9,False,0.9,15.0
2026,12,Dutch Grand Prix,R,OCO,Haas F1 Team,15.0,2.0,SOFT,16.0,79.244,26.758,28.946,23.54,271.0,279.0,324.0,295.0,1,False,False,True,False,2026-08-23 13:53:00.957,12.0,17.8,30.3,63.7,False,0.0,0.0
2026,12,Dutch Grand Prix,R,OCO,Haas F1 Team,16.0,2.0,SOFT,17.0,82.727,26.934,28.979,26.814,272.0,278.0,,297.0,1,False,False,False,False,2026-08-23 13:54:20.201,13.0,17.9,30.1,62.8,False,2.3,62.0
2026,12,Dutch Grand Prix,R,OCO,Haas F1 Team,17.0,3.0,HARD,1.0,94.873,43.555,27.899,23.419,281.0,270.0,317.0,297.0,1,True,False,False,False,2026-08-23 13:55:42.928,19.0,17.9,30.3,61.1,False,1.6,70.0
2026,12,Dutch Grand Prix,R,OCO,Haas F1 Team,18.0,3.0,HARD,2.0,78.454,26.52,28.271,23.663,270.0,271.0,318.0,304.0,1,True,True,True,False,2026-08-23 13:57:17.801,19.0,17.9,30.4,62.5,False,0.9,83.0
2026,12,Dutch Grand Prix,R,OCO,Haas F1 Team,19.0,3.0,HARD,3.0,79.367,26.835,28.811,23.721,270.0,277.0,336.0,298.0,1,True,False,True,False,2026-08-23 13:58:36.255,19.0,17.9,30.5,61.0,False,0.8,58.0
2026,12,Dutch Grand Prix,R,OCO,Haas F1 Team,20.0,3.0,HARD,4.0,80.85,26.966,29.405,24.479,274.0,286.0,319.0,293.0,1,True,False,True,False,2026-08-23 13:59:55.622,19.0,17.9,30.9,61.9,False,1.7,40.0
2026,12,Dutch Grand Prix,R,OCO,Haas F1 Team,21.0,3.0,HARD,5.0,80.075,27.082,29.184,23.809,278.0,264.0,322.0,298.0,1,True,False,True,False,2026-08-23 14:01:16.472,18.0,18.0,30.6,61.1,False,2.0,92.0
2026,12,Dutch Grand Prix,R,OCO,Haas F1 Team,22.0,3.0,HARD,6.0,79.701,27.047,28.91,23.744,278.0,268.0,334.0,299.0,1,True,False,True,False,2026-08-23 14:02:36.547,18.0,18.0,30.8,60.2,False,0.5,335.0
2026,12,Dutch Grand Prix,R,OCO,Haas F1 Team,23.0,3.0,HARD,7.0,80.375,27.521,28.938,23.916,270.0,274.0,332.0,295.0,1,True,False,True,False,2026-08-23 14:03:56.248,18.0,18.1,32.5,60.5,False,1.1,130.0
2026,12,Dutch Grand Prix,R,OCO,Haas F1 Team,24.0,3.0,HARD,8.0,79.175,26.802,28.64,23.733,275.0,262.0,318.0,299.0,1,True,False,True,False,2026-08-23 14:05:16.623,17.0,18.2,32.6,59.2,False,0.9,67.0
2026,12,Dutch Grand Prix,R,OCO,Haas F1 Team,25.0,3.0,HARD,9.0,79.284,26.946,28.779,23.559,279.0,289.0,313.0,299.0,1,True,False,True,False,2026-08-23 14:06:35.798,16.0,18.3,32.6,59.2,False,0.9,67.0
2026,12,Dutch Grand Prix,R,OCO,Haas F1 Team,26.0,3.0,HARD,10.0,78.4,26.751,28.228,23.421,271.0,262.0,310.0,299.0,1,True,True,True,False,2026-08-23 14:07:55.082,16.0,18.4,32.7,59.3,False,1.5,95.0
2026,12,Dutch Grand Prix,R,OCO,Haas F1 Team,27.0,3.0,HARD,11.0,78.632,26.653,28.478,23.501,271.0,260.0,316.0,295.0,1,True,False,True,False,2026-08-23 14:09:13.482,16.0,18.7,32.1,58.3,False,1.3,5.0
2026,12,Dutch Grand Prix,R,OCO,Haas F1 Team,28.0,3.0,HARD,12.0,78.273,26.462,28.333,23.478,271.0,263.0,313.0,305.0,1,True,True,True,False,2026-08-23 14:10:32.114,16.0,18.7,33.3,58.3,False,1.8,58.0
2026,12,Dutch Grand Prix,R,OCO,Haas F1 Team,29.0,3.0,HARD,13.0,78.331,26.541,28.344,23.446,276.0,263.0,313.0,298.0,1,True,False,True,False,2026-08-23 14:11:50.387,16.0,18.8,33.3,58.3,False,1.8,58.0
2026,12,Dutch Grand Prix,R,OCO,Haas F1 Team,30.0,3.0,HARD,14.0,78.621,26.63,28.428,23.563,278.0,267.0,316.0,300.0,1,True,False,True,False,2026-08-23 14:13:08.718,16.0,18.8,34.8,57.3,False,1.8,13.0
2026,12,Dutch Grand Prix,R,OCO,Haas F1 Team,31.0,3.0,HARD,15.0,78.713,26.554,28.654,23.505,279.0,267.0,314.0,298.0,1,True,False,True,False,2026-08-23 14:14:27.339,15.0,18.8,35.5,57.0,False,0.0,0.0
2026,12,Dutch Grand Prix,R,OCO,Haas F1 Team,32.0,3.0,HARD,16.0,78.828,26.668,28.594,23.566,278.0,268.0,317.0,299.0,1,True,False,True,False,2026-08-23 14:15:46.052,15.0,18.9,35.3,56.4,True,0.6,338.0
2026,12,Dutch Grand Prix,R,OCO,Haas F1 Team,33.0,3.0,HARD,17.0,78.446,26.443,28.522,23.481,281.0,267.0,315.0,304.0,1,True,False,True,False,2026-08-23 14:17:04.880,15.0,19.0,34.4,56.5,False,1.4,90.0
2026,12,Dutch Grand Prix,R,OCO,Haas F1 Team,34.0,3.0,HARD,18.0,80.813,26.598,29.424,24.791,280.0,186.0,328.0,297.0,1,True,False,True,False,2026-08-23 14:18:23.326,15.0,19.0,34.0,55.9,False,1.2,99.0
2026,12,Dutch Grand Prix,R,OCO,Haas F1 Team,35.0,3.0,HARD,19.0,79.499,26.906,29.015,23.578,286.0,273.0,319.0,304.0,1,True,False,True,False,2026-08-23 14:19:44.139,14.0,18.9,32.0,54.8,False,0.5,45.0
2026,12,Dutch Grand Prix,R,OCO,Haas F1 Team,36.0,3.0,HARD,20.0,82.702,26.708,28.899,27.095,287.0,271.0,,296.0,1,True,False,False,False,2026-08-23 14:21:03.638,14.0,18.8,33.0,55.5,False,1.0,74.0
2026,12,Dutch Grand Prix,R,OCO,Haas F1 Team,37.0,4.0,HARD,1.0,93.849,42.749,27.854,23.246,284.0,269.0,316.0,296.0,1,True,False,False,False,2026-08-23 14:22:26.340,17.0,18.7,32.6,56.5,False,1.7,86.0
2026,12,Dutch Grand Prix,R,OCO,Haas F1 Team,38.0,4.0,HARD,2.0,77.754,26.277,28.078,23.399,280.0,268.0,314.0,305.0,1,True,True,True,False,2026-08-23 14:24:00.189,17.0,18.6,32.8,57.0,False,0.9,93.0
2026,12,Dutch Grand Prix,R,OCO,Haas F1 Team,39.0,4.0,HARD,3.0,77.778,26.415,28.004,23.359,280.0,269.0,321.0,303.0,1,True,False,True,False,2026-08-23 14:25:17.943,17.0,18.5,32.0,58.0,False,2.4,103.0
2026,12,Dutch Grand Prix,R,OCO,Haas F1 Team,40.0,4.0,HARD,4.0,79.158,26.714,28.718,23.726,274.0,295.0,309.0,311.0,1,True,False,True,False,2026-08-23 14:26:35.721,16.0,18.6,31.3,57.2,False,1.4,153.0
2026,12,Dutch Grand Prix,R,OCO,Haas F1 Team,41.0,4.0,HARD,5.0,78.039,26.559,28.219,23.261,272.0,264.0,312.0,302.0,1,True,False,True,False,2026-08-23 14:27:54.879,16.0,18.5,33.2,58.0,False,0.6,108.0
2026,12,Dutch Grand Prix,R,OCO,Haas F1 Team,42.0,4.0,HARD,6.0,77.803,26.399,28.181,23.223,271.0,268.0,315.0,303.0,1,True,False,True,False,2026-08-23 14:29:12.918,16.0,18.4,34.3,58.6,False,0.8,130.0
2026,12,Dutch Grand Prix,R,OCO,Haas F1 Team,43.0,4.0,HARD,7.0,78.218,26.541,28.311,23.366,273.0,280.0,321.0,300.0,1,True,False,True,False,2026-08-23 14:30:30.721,15.0,18.4,35.0,58.2,True,0.9,109.0
2026,12,Dutch Grand Prix,R,OCO,Haas F1 Team,44.0,4.0,HARD,8.0,78.683,26.603,28.749,23.331,275.0,283.0,336.0,308.0,1,True,False,True,False,2026-08-23 14:31:48.939,15.0,18.4,35.0,58.2,True,0.9,109.0
2026,12,Dutch Grand Prix,R,OCO,Haas F1 Team,45.0,4.0,HARD,9.0,78.529,26.67,28.583,23.276,277.0,276.0,330.0,298.0,1,True,False,True,False,2026-08-23 14:33:07.622,15.0,18.7,34.5,57.3,True,0.3,155.0
2026,12,Dutch Grand Prix,R,OCO,Haas F1 Team,46.0,4.0,HARD,10.0,79.706,26.583,29.312,23.811,286.0,207.0,329.0,309.0,1,True,False,True,False,2026-08-23 14:34:26.151,15.0,18.8,34.7,57.5,False,1.1,75.0
2026,12,Dutch Grand Prix,R,OCO,Haas F1 Team,47.0,4.0,HARD,11.0,78.647,26.475,28.76,23.412,283.0,267.0,312.0,297.0,1,True,False,True,False,2026-08-23 14:35:45.857,15.0,18.8,34.8,58.0,False,0.4,225.0
2026,12,Dutch Grand Prix,R,OCO,Haas F1 Team,48.0,4.0,HARD,12.0,77.588,26.327,28.112,23.149,278.0,267.0,315.0,304.0,1,True,True,True,False,2026-08-23 14:37:04.504,15.0,18.8,34.7,58.2,False,2.0,60.0
2026,12,Dutch Grand Prix,R,OCO,Haas F1 Team,49.0,4.0,HARD,13.0,77.861,26.307,28.31,23.244,281.0,267.0,314.0,301.0,1,True,False,True,False,2026-08-23 14:38:22.092,15.0,18.9,35.1,58.4,True,1.0,59.0
2026,12,Dutch Grand Prix,R,OCO,Haas F1 Team,50.0,4.0,HARD,14.0,77.77,26.488,28.054,23.228,271.0,274.0,316.0,303.0,1,True,False,True,False,2026-08-23 14:39:39.953,14.0,18.9,35.5,57.9,False,1.3,102.0
2026,12,Dutch Grand Prix,R,OCO,Haas F1 Team,51.0,4.0,HARD,15.0,77.596,26.211,28.049,23.336,273.0,271.0,316.0,304.0,1,True,False,True,False,2026-08-23 14:40:57.723,14.0,18.9,35.9,57.8,False,0.4,204.0
2026,12,Dutch Grand Prix,R,OCO,Haas F1 Team,52.0,4.0,HARD,16.0,77.847,26.431,28.114,23.302,271.0,271.0,315.0,305.0,1,True,False,True,False,2026-08-23 14:42:15.319,14.0,19.1,35.9,58.1,False,0.5,253.0
2026,12,Dutch Grand Prix,R,OCO,Haas F1 Team,53.0,4.0,HARD,17.0,,,,,,,,,12,True,False,False,False,,,,,,False,,
2026,12,Dutch Grand Prix,R,LIN,Racing Bulls,1.0,1.0,SOFT,4.0,92.531,,28.905,28.464,286.0,283.0,281.0,200.0,12,False,False,False,False,2026-08-23 13:03:28.568,9.0,18.7,32.9,56.2,False,2.2,96.0
2026,12,Dutch Grand Prix,R,LIN,Racing Bulls,2.0,1.0,SOFT,5.0,135.879,27.589,46.308,61.982,280.0,141.0,,293.0,25,False,False,False,False,2026-08-23 13:04:59.821,8.0,18.7,33.2,57.5,False,0.7,58.0
2026,12,Dutch Grand Prix,R,LIN,Racing Bulls,3.0,2.0,MEDIUM,1.0,,,28.932,,218.0,194.0,2.0,152.0,12,True,False,False,False,2026-08-23 13:33:00.089,20.0,16.6,26.4,72.3,False,1.3,29.0
2026,12,Dutch Grand Prix,R,LIN,Racing Bulls,4.0,2.0,MEDIUM,2.0,,31.802,,,284.0,194.0,2.0,223.0,12,True,False,False,False,2026-08-23 13:39:40.846,20.0,16.8,27.0,72.6,False,0.8,76.0
2026,12,Dutch Grand Prix,R,LIN,Racing Bulls,5.0,2.0,MEDIUM,3.0,87.335,31.802,28.998,26.535,284.0,281.0,,223.0,1,True,False,False,False,2026-08-23 13:40:36.120,13.0,16.9,27.6,71.5,False,0.6,39.0
2026,12,Dutch Grand Prix,R,LIN,Racing Bulls,6.0,3.0,MEDIUM,1.0,89.772,38.029,28.117,23.626,271.0,285.0,314.0,223.0,1,False,False,False,False,2026-08-23 13:41:07.761,20.0,16.9,27.9,71.5,False,1.5,13.0
2026,12,Dutch Grand Prix,R,LIN,Racing Bulls,7.0,3.0,MEDIUM,2.0,78.444,26.958,28.079,23.407,270.0,270.0,314.0,300.0,1,False,True,True,False,2026-08-23 13:42:37.533,20.0,17.0,27.7,70.5,False,1.4,49.0
2026,12,Dutch Grand Prix,R,LIN,Racing Bulls,8.0,3.0,MEDIUM,3.0,78.614,26.897,28.215,23.502,274.0,272.0,322.0,299.0,1,False,False,True,False,2026-08-23 13:43:55.977,20.0,17.1,27.5,70.2,False,2.9,23.0
2026,12,Dutch Grand Prix,R,LIN,Racing Bulls,9.0,3.0,MEDIUM,4.0,78.813,26.826,28.527,23.46,274.0,272.0,322.0,306.0,1,False,False,True,False,2026-08-23 13:45:14.591,19.0,17.2,28.1,67.4,False,1.5,47.0
2026,12,Dutch Grand Prix,R,LIN,Racing Bulls,10.0,3.0,MEDIUM,5.0,78.897,26.667,28.743,23.487,274.0,273.0,326.0,306.0,1,False,False,True,False,2026-08-23 13:46:33.404,19.0,17.3,28.3,68.3,False,0.8,346.0
2026,12,Dutch Grand Prix,R,LIN,Racing Bulls,11.0,3.0,MEDIUM,6.0,79.549,26.949,28.859,23.741,281.0,275.0,336.0,301.0,1,False,False,True,False,2026-08-23 13:47:52.301,19.0,17.4,28.8,67.9,False,1.2,25.0
2026,12,Dutch Grand Prix,R,LIN,Racing Bulls,12.0,3.0,MEDIUM,7.0,79.676,26.685,29.347,23.644,289.0,272.0,334.0,283.0,1,False,False,True,False,2026-08-23 13:49:11.850,18.0,17.5,29.3,65.9,False,2.2,49.0
2026,12,Dutch Grand Prix,R,LIN,Racing Bulls,13.0,3.0,MEDIUM,8.0,79.265,26.812,28.841,23.612,274.0,273.0,323.0,310.0,1,False,False,True,False,2026-08-23 13:50:31.526,17.0,17.6,29.6,64.8,False,1.2,80.0
2026,12,Dutch Grand Prix,R,LIN,Racing Bulls,14.0,3.0,MEDIUM,9.0,79.289,26.684,28.935,23.67,276.0,272.0,337.0,309.0,1,False,False,True,False,2026-08-23 13:51:50.791,17.0,17.7,29.7,64.9,False,0.9,15.0
2026,12,Dutch Grand Prix,R,LIN,Racing Bulls,15.0,3.0,MEDIUM,10.0,79.272,26.934,28.783,23.555,274.0,271.0,320.0,309.0,1,False,False,True,False,2026-08-23 13:53:10.080,16.0,17.8,30.3,63.7,False,0.0,0.0
2026,12,Dutch Grand Prix,R,LIN,Racing Bulls,16.0,3.0,MEDIUM,11.0,78.932,26.735,28.68,23.517,273.0,271.0,319.0,304.0,1,False,False,True,False,2026-08-23 13:54:29.352,15.0,17.9,30.1,62.8,False,2.3,62.0
2026,12,Dutch Grand Prix,R,LIN,Racing Bulls,17.0,3.0,MEDIUM,12.0,79.202,26.737,28.882,23.583,275.0,271.0,320.0,302.0,1,False,False,True,False,2026-08-23 13:55:48.284,14.0,17.9,30.3,61.1,False,1.6,70.0
2026,12,Dutch Grand Prix,R,LIN,Racing Bulls,18.0,3.0,MEDIUM,13.0,78.892,26.719,28.728,23.445,274.0,272.0,321.0,305.0,1,False,False,True,False,2026-08-23 13:57:07.486,14.0,17.9,30.4,62.5,False,0.9,83.0
2026,12,Dutch Grand Prix,R,LIN,Racing Bulls,19.0,3.0,MEDIUM,14.0,79.096,26.632,28.922,23.542,273.0,270.0,314.0,315.0,1,False,False,True,False,2026-08-23 13:58:26.378,12.0,17.9,30.5,61.0,False,0.8,58.0
2026,12,Dutch Grand Prix,R,LIN,Racing Bulls,20.0,3.0,MEDIUM,15.0,79.073,26.668,28.914,23.491,276.0,273.0,322.0,302.0,1,False,False,True,False,2026-08-23 13:59:45.474,11.0,17.9,30.9,61.9,False,1.7,40.0
2026,12,Dutch Grand Prix,R,LIN,Racing Bulls,21.0,3.0,MEDIUM,16.0,79.011,26.574,28.866,23.571,274.0,273.0,321.0,306.0,1,False,False,True,False,2026-08-23 14:01:04.547,11.0,18.0,30.6,61.1,False,2.0,92.0
2026,12,Dutch Grand Prix,R,LIN,Racing Bulls,22.0,3.0,MEDIUM,17.0,78.963,26.648,28.885,23.43,276.0,273.0,323.0,304.0,1,False,False,True,False,2026-08-23 14:02:23.558,10.0,18.0,30.8,60.2,False,0.5,335.0
2026,12,Dutch Grand Prix,R,LIN,Racing Bulls,23.0,3.0,MEDIUM,18.0,79.571,26.652,29.106,23.813,276.0,288.0,321.0,311.0,1,False,False,True,False,2026-08-23 14:03:42.521,10.0,18.1,32.5,60.5,False,1.1,130.0
2026,12,Dutch Grand Prix,R,LIN,Racing Bulls,24.0,3.0,MEDIUM,19.0,79.29,26.826999999999998,28.806,23.657,273.0,284.0,321.0,311.0,1,False,False,True,False,2026-08-23 14:05:02.092,10.0,18.2,32.6,59.2,False,0.9,67.0
2026,12,Dutch Grand Prix,R,LIN,Racing Bulls,25.0,3.0,MEDIUM,20.0,79.303,26.69,29.095,23.518,276.0,275.0,336.0,308.0,1,False,False,True,False,2026-08-23 14:06:21.382,10.0,18.3,32.6,59.2,False,0.9,67.0
2026,12,Dutch Grand Prix,R,LIN,Racing Bulls,26.0,3.0,MEDIUM,21.0,80.379,27.068,29.223,24.088,278.0,292.0,327.0,295.0,1,False,False,True,False,2026-08-23 14:07:40.685,10.0,18.4,32.7,59.3,False,1.5,95.0
2026,12,Dutch Grand Prix,R,LIN,Racing Bulls,27.0,3.0,MEDIUM,22.0,80.332,27.1,29.513,23.719,261.0,282.0,330.0,299.0,1,False,False,True,False,2026-08-23 14:09:01.064,10.0,18.7,32.1,58.3,False,1.3,5.0
2026,12,Dutch Grand Prix,R,LIN,Racing Bulls,28.0,3.0,MEDIUM,23.0,79.851,27.058,29.119,23.674,275.0,273.0,323.0,316.0,1,False,False,True,False,2026-08-23 14:10:21.396,10.0,18.7,33.3,58.3,False,1.8,58.0
2026,12,Dutch Grand Prix,R,LIN,Racing Bulls,29.0,3.0,MEDIUM,24.0,80.973,28.089,29.273,23.611,277.0,274.0,323.0,245.0,1,False,False,True,False,2026-08-23 14:11:41.247,12.0,18.8,33.3,58.3,False,1.8,58.0
2026,12,Dutch Grand Prix,R,LIN,Racing Bulls,30.0,3.0,MEDIUM,25.0,79.846,26.756,29.174,23.916,274.0,275.0,328.0,316.0,1,False,False,True,False,2026-08-23 14:13:02.220,11.0,18.8,34.8,57.3,False,1.8,13.0
2026,12,Dutch Grand Prix,R,LIN,Racing Bulls,31.0,3.0,MEDIUM,26.0,78.719,26.552,28.776,23.391,274.0,272.0,320.0,315.0,1,False,False,True,False,2026-08-23 14:14:22.066,11.0,18.8,35.5,57.0,False,0.0,0.0
2026,12,Dutch Grand Prix,R,LIN,Racing Bulls,32.0,3.0,MEDIUM,27.0,79.007,26.744,28.786,23.477,273.0,271.0,317.0,307.0,1,False,False,True,False,2026-08-23 14:15:40.785,11.0,18.9,35.3,56.4,True,0.6,338.0
2026,12,Dutch Grand Prix,R,LIN,Racing Bulls,33.0,3.0,MEDIUM,28.0,78.945,26.795,28.733,23.417,276.0,272.0,318.0,305.0,1,False,False,True,False,2026-08-23 14:16:59.792,11.0,19.0,34.4,56.5,False,1.4,90.0
2026,12,Dutch Grand Prix,R,LIN,Racing Bulls,34.0,3.0,MEDIUM,29.0,79.094,26.632,28.785,23.677,274.0,271.0,318.0,309.0,1,False,False,True,False,2026-08-23 14:18:18.737,11.0,19.0,34.0,55.9,False,1.2,99.0
2026,12,Dutch Grand Prix,R,LIN,Racing Bulls,35.0,3.0,MEDIUM,30.0,79.919,27.229,28.955,23.735,275.0,271.0,313.0,317.0,1,False,False,True,False,2026-08-23 14:19:37.831,11.0,18.9,32.0,54.8,False,0.5,45.0
2026,12,Dutch Grand Prix,R,LIN,Racing Bulls,36.0,3.0,MEDIUM,31.0,84.398,26.831,30.441,27.126,275.0,257.0,,296.0,1,False,False,False,False,2026-08-23 14:20:57.750,13.0,18.9,32.0,54.8,False,0.5,45.0
2026,12,Dutch Grand Prix,R,LIN,Racing Bulls,37.0,4.0,HARD,1.0,94.648,43.56,28.136,22.951999999999998,281.0,281.0,341.0,296.0,1,True,False,False,False,2026-08-23 14:22:22.148,15.0,18.7,32.6,56.5,False,1.7,86.0
2026,12,Dutch Grand Prix,R,LIN,Racing Bulls,38.0,4.0,HARD,2.0,78.75,26.638,28.121,23.991,280.0,296.0,330.0,336.0,1,True,False,True,False,2026-08-23 14:23:56.796,16.0,18.8,32.3,55.9,False,1.0,69.0
2026,12,Dutch Grand Prix,R,LIN,Racing Bulls,39.0,4.0,HARD,3.0,78.312,26.433,28.428,23.451,280.0,275.0,340.0,315.0,1,True,True,True,False,2026-08-23 14:25:15.546,16.0,18.5,32.0,58.0,False,2.4,103.0
2026,12,Dutch Grand Prix,R,LIN,Racing Bulls,40.0,4.0,HARD,4.0,78.437,26.287,27.994,24.156,271.0,277.0,334.0,335.0,1,True,False,True,False,2026-08-23 14:26:33.858,15.0,18.6,31.3,57.2,False,1.4,153.0
2026,12,Dutch Grand Prix,R,LIN,Racing Bulls,41.0,4.0,HARD,5.0,77.458,26.356,28.06,23.042,277.0,277.0,341.0,319.0,1,True,True,True,False,2026-08-23 14:27:52.295,14.0,18.5,33.2,58.0,False,0.6,108.0
2026,12,Dutch Grand Prix,R,LIN,Racing Bulls,42.0,4.0,HARD,6.0,78.374,26.742,28.583,23.049,280.0,277.0,340.0,332.0,1,True,False,True,False,2026-08-23 14:29:09.753,14.0,18.4,34.3,58.6,False,0.8,130.0
2026,12,Dutch Grand Prix,R,LIN,Racing Bulls,43.0,4.0,HARD,7.0,79.592,26.752,29.527,23.313,276.0,279.0,342.0,326.0,1,True,False,True,False,2026-08-23 14:30:28.127,14.0,18.4,35.0,58.2,True,0.9,109.0
2026,12,Dutch Grand Prix,R,LIN,Racing Bulls,44.0,4.0,HARD,8.0,77.66,26.305,28.175,23.18,275.0,272.0,320.0,320.0,1,True,False,True,False,2026-08-23 14:31:47.719,14.0,18.4,35.0,58.2,True,0.9,109.0
2026,12,Dutch Grand Prix,R,LIN,Racing Bulls,45.0,4.0,HARD,9.0,77.489,26.215,28.071,23.203,275.0,272.0,320.0,304.0,1,True,False,True,False,2026-08-23 14:33:05.379,14.0,18.7,34.5,57.3,True,0.3,155.0
2026,12,Dutch Grand Prix,R,LIN,Racing Bulls,46.0,4.0,HARD,10.0,77.298,26.17,28.05,23.078,277.0,274.0,321.0,304.0,1,True,True,True,False,2026-08-23 14:34:22.868,14.0,18.8,34.7,57.5,False,1.1,75.0
2026,12,Dutch Grand Prix,R,LIN,Racing Bulls,47.0,4.0,HARD,11.0,77.44,26.275,28.033,23.132,277.0,276.0,322.0,305.0,1,True,False,True,False,2026-08-23 14:35:40.166,14.0,18.8,34.8,58.0,False,0.4,225.0
2026,12,Dutch Grand Prix,R,LIN,Racing Bulls,48.0,4.0,HARD,12.0,78.751,26.203,28.264,24.284,278.0,276.0,332.0,312.0,1,True,False,True,False,2026-08-23 14:36:57.606,14.0,18.8,35.2,58.1,False,2.1,105.0
2026,12,Dutch Grand Prix,R,LIN,Racing Bulls,49.0,4.0,HARD,13.0,77.374,26.286,28.01,23.078,281.0,280.0,328.0,312.0,1,True,False,True,False,2026-08-23 14:38:16.357,13.0,18.9,35.1,58.4,True,1.0,59.0
2026,12,Dutch Grand Prix,R,LIN,Racing Bulls,50.0,4.0,HARD,14.0,77.355,26.138,28.032,23.185,279.0,275.0,321.0,311.0,1,True,False,True,False,2026-08-23 14:39:33.731,13.0,18.9,35.5,57.9,False,1.3,102.0
2026,12,Dutch Grand Prix,R,LIN,Racing Bulls,51.0,4.0,HARD,15.0,77.655,26.265,28.157,23.233,276.0,272.0,319.0,310.0,1,True,False,True,False,2026-08-23 14:40:51.086,13.0,18.9,35.9,57.8,False,0.4,204.0
2026,12,Dutch Grand Prix,R,LIN,Racing Bulls,52.0,4.0,HARD,16.0,77.577,26.187,28.12,23.27,277.0,275.0,319.0,302.0,1,True,False,True,False,2026-08-23 14:42:08.741,13.0,19.1,35.9,58.1,False,0.5,253.0
2026,12,Dutch Grand Prix,R,LIN,Racing Bulls,53.0,4.0,HARD,17.0,84.675,26.256,28.103,30.316,276.0,273.0,219.0,303.0,126,True,False,False,False,2026-08-23 14:43:26.318,13.0,19.2,35.0,57.6,False,1.7,92.0
2026,12,Dutch Grand Prix,R,LIN,Racing Bulls,54.0,4.0,HARD,18.0,101.375,36.499,33.399,31.477,201.0,168.0,220.0,243.0,6,True,False,False,False,2026-08-23 14:44:50.993,12.0,19.2,35.3,57.5,False,0.6,312.0
2026,12,Dutch Grand Prix,R,LIN,Racing Bulls,55.0,4.0,HARD,19.0,103.867,34.914,37.477,31.476,266.0,186.0,245.0,242.0,6,True,False,False,False,2026-08-23 14:46:32.368,12.0,19.2,35.4,58.4,False,2.3,193.0
2026,12,Dutch Grand Prix,R,LIN,Racing Bulls,56.0,4.0,HARD,20.0,86.35,34.139,28.332,23.879,193.0,286.0,334.0,257.0,671,True,False,False,False,2026-08-23 14:48:16.235,12.0,19.1,33.7,59.5,False,0.8,283.0
2026,12,Dutch Grand Prix,R,LIN,Racing Bulls,57.0,4.0,HARD,21.0,77.224,26.309,27.721,23.194,278.0,275.0,322.0,311.0,1,True,True,True,False,2026-08-23 14:49:42.585,12.0,19.2,34.8,58.4,False,0.9,50.0
2026,12,Dutch Grand Prix,R,LIN,Racing Bulls,58.0,4.0,HARD,22.0,77.182,26.079,27.925,23.178,279.0,276.0,318.0,312.0,1,True,True,True,False,2026-08-23 14:50:59.809,12.0,19.2,36.1,58.6,False,1.3,116.0
2026,12,Dutch Grand Prix,R,LIN,Racing Bulls,59.0,4.0,HARD,23.0,76.986,26.168,27.687,23.131,278.0,274.0,319.0,300.0,1,True,True,True,False,2026-08-23 14:52:16.991,12.0,19.2,36.3,58.6,False,0.7,20.0
2026,12,Dutch Grand Prix,R,LIN,Racing Bulls,60.0,4.0,HARD,24.0,76.653,25.968,27.634,23.051,278.0,275.0,319.0,303.0,1,True,True,True,False,2026-08-23 14:53:33.977,12.0,19.3,37.1,58.0,False,0.8,194.0
2026,12,Dutch Grand Prix,R,LIN,Racing Bulls,61.0,4.0,HARD,25.0,76.79,26.062,27.665,23.063,277.0,275.0,320.0,303.0,1,True,False,True,False,2026-08-23 14:54:50.630,12.0,19.5,37.3,58.1,True,1.1,46.0
2026,12,Dutch Grand Prix,R,LIN,Racing Bulls,62.0,4.0,HARD,26.0,77.131,26.068,27.911,23.152,277.0,274.0,319.0,303.0,1,True,False,True,False,2026-08-23 14:56:07.420,12.0,19.5,38.0,55.6,False,0.7,13.0
2026,12,Dutch Grand Prix,R,LIN,Racing Bulls,63.0,4.0,HARD,27.0,77.061,26.044,27.876,23.141,274.0,272.0,319.0,320.0,1,True,False,True,False,2026-08-23 14:57:24.551,12.0,19.5,38.2,56.3,False,0.9,101.0
2026,12,Dutch Grand Prix,R,LIN,Racing Bulls,64.0,4.0,HARD,28.0,77.575,26.549,27.922,23.104,274.0,271.0,312.0,308.0,1,True,False,True,False,2026-08-23 14:58:41.612,12.0,19.5,37.4,58.4,False,2.3,158.0
2026,12,Dutch Grand Prix,R,LIN,Racing Bulls,65.0,4.0,HARD,29.0,77.596,26.248,28.172,23.176,276.0,273.0,318.0,300.0,1,True,False,True,False,2026-08-23 14:59:59.187,12.0,19.3,35.7,58.8,True,1.2,343.0
2026,12,Dutch Grand Prix,R,LIN,Racing Bulls,66.0,4.0,HARD,30.0,77.413,26.242,27.951,23.22,279.0,275.0,320.0,300.0,1,True,False,True,False,2026-08-23 15:01:16.783,12.0,19.3,36.1,57.1,False,0.9,177.0
2026,12,Dutch Grand Prix,R,LIN,Racing Bulls,67.0,4.0,HARD,31.0,77.515,26.344,28.09,23.081,279.0,276.0,320.0,302.0,1,True,False,True,False,2026-08-23 15:02:34.196,12.0,19.2,34.6,57.8,False,1.4,53.0
2026,12,Dutch Grand Prix,R,LIN,Racing Bulls,68.0,4.0,HARD,32.0,93.923,26.229,37.241,30.453,278.0,211.0,244.0,305.0,167,True,False,False,False,2026-08-23 15:03:51.711,12.0,19.1,34.3,56.1,True,1.5,71.0
2026,12,Dutch Grand Prix,R,LIN,Racing Bulls,69.0,4.0,HARD,33.0,77.831,26.8,27.913,23.118,276.0,275.0,318.0,289.0,1,True,False,True,False,2026-08-23 15:05:25.634,12.0,19.1,33.6,54.5,False,1.6,36.0
2026,12,Dutch Grand Prix,R,LIN,Racing Bulls,70.0,4.0,HARD,34.0,77.254,26.175,27.942,23.137,278.0,275.0,321.0,301.0,1,True,False,True,False,2026-08-23 15:06:43.465,12.0,19.2,33.0,54.8,False,2.8,31.0
2026,12,Dutch Grand Prix,R,LIN,Racing Bulls,71.0,4.0,HARD,35.0,77.051,26.098,27.828,23.125,276.0,291.0,319.0,321.0,1,True,False,True,False,2026-08-23 15:08:00.719,12.0,19.0,32.0,55.3,True,1.2,54.0
2026,12,Dutch Grand Prix,R,COL,Alpine,1.0,1.0,MEDIUM,1.0,93.003,,29.25,28.184,276.0,267.0,293.0,192.0,12,True,False,False,False,2026-08-23 13:03:28.568,10.0,18.7,32.9,56.2,False,2.2,96.0
2026,12,Dutch Grand Prix,R,COL,Alpine,2.0,1.0,MEDIUM,2.0,141.63,28.255,47.706,65.669,252.0,112.0,,265.0,25,True,False,False,False,2026-08-23 13:05:00.282,10.0,18.7,33.2,57.5,False,0.7,58.0
2026,12,Dutch Grand Prix,R,COL,Alpine,3.0,2.0,MEDIUM,1.0,,,28.801,,262.0,246.0,1.0,265.0,12,True,False,False,False,2026-08-23 13:33:00.089,9.0,16.6,26.4,72.3,False,1.3,29.0
2026,12,Dutch Grand Prix,R,COL,Alpine,4.0,2.0,MEDIUM,2.0,,41.472,30.593,97.193,249.0,248.0,2.0,147.0,1,True,False,False,False,2026-08-23 13:36:52.260,9.0,16.6,26.3,73.3,False,1.4,33.0
2026,12,Dutch Grand Prix,R,COL,Alpine,5.0,2.0,MEDIUM,3.0,84.777,31.349,29.27,24.158,282.0,272.0,332.0,210.0,12,True,True,True,False,2026-08-23 13:39:41.500,10.0,16.8,27.0,72.6,False,0.8,76.0
2026,12,Dutch Grand Prix,R,COL,Alpine,6.0,2.0,MEDIUM,4.0,79.224,27.314,28.359,23.551,284.0,283.0,336.0,277.0,1,True,True,True,False,2026-08-23 13:41:06.277,10.0,16.9,27.9,71.5,False,1.5,13.0
2026,12,Dutch Grand Prix,R,COL,Alpine,7.0,2.0,MEDIUM,5.0,79.163,27.015,28.471,23.677,278.0,276.0,327.0,295.0,1,True,True,True,False,2026-08-23 13:42:25.501,10.0,17.0,27.7,70.5,False,1.4,49.0
2026,12,Dutch Grand Prix,R,COL,Alpine,8.0,2.0,MEDIUM,6.0,81.724,26.896,28.349,26.479,286.0,281.0,,294.0,1,True,False,False,False,2026-08-23 13:43:44.664,13.0,17.1,27.5,70.2,False,2.9,23.0
2026,12,Dutch Grand Prix,R,COL,Alpine,9.0,3.0,MEDIUM,7.0,89.714,37.496,28.436,23.782,273.0,280.0,323.0,294.0,1,False,False,False,False,2026-08-23 13:45:06.388,20.0,17.2,28.1,67.4,False,1.5,47.0
2026,12,Dutch Grand Prix,R,COL,Alpine,10.0,3.0,MEDIUM,8.0,78.881,26.715,28.603,23.563,277.0,273.0,324.0,303.0,1,False,True,True,False,2026-08-23 13:46:36.102,20.0,17.3,28.3,68.3,False,0.8,346.0
2026,12,Dutch Grand Prix,R,COL,Alpine,11.0,3.0,MEDIUM,9.0,79.523,26.688,28.931,23.904,276.0,273.0,323.0,299.0,1,False,False,True,False,2026-08-23 13:47:54.983,20.0,17.4,28.8,67.9,False,1.2,25.0
2026,12,Dutch Grand Prix,R,COL,Alpine,12.0,3.0,MEDIUM,10.0,79.756,27.09,28.943,23.723,279.0,276.0,323.0,295.0,1,False,False,True,False,2026-08-23 13:49:14.506,19.0,17.5,29.3,65.9,False,2.2,49.0
2026,12,Dutch Grand Prix,R,COL,Alpine,13.0,3.0,MEDIUM,11.0,79.316,26.709,28.954,23.653,278.0,277.0,325.0,302.0,1,False,False,True,False,2026-08-23 13:50:34.262,19.0,17.6,29.6,64.8,False,1.2,80.0
2026,12,Dutch Grand Prix,R,COL,Alpine,14.0,3.0,MEDIUM,12.0,79.201,26.571,29.026,23.604,277.0,279.0,334.0,304.0,1,False,False,True,False,2026-08-23 13:51:53.578,19.0,17.7,29.7,64.9,False,0.9,15.0
2026,12,Dutch Grand Prix,R,COL,Alpine,15.0,3.0,MEDIUM,13.0,80.25,27.01,29.317,23.923000000000002,281.0,276.0,338.0,289.0,1,False,False,True,False,2026-08-23 13:53:12.779,19.0,17.8,30.3,63.7,False,0.0,0.0
2026,12,Dutch Grand Prix,R,COL,Alpine,16.0,3.0,MEDIUM,14.0,80.776,26.913,29.47,24.393,283.0,278.0,339.0,285.0,1,False,False,True,False,2026-08-23 13:54:33.029,19.0,17.9,30.1,62.8,False,2.3,62.0
2026,12,Dutch Grand Prix,R,COL,Alpine,17.0,3.0,MEDIUM,15.0,80.719,27.03,29.566,24.123,283.0,278.0,326.0,303.0,1,False,False,True,False,2026-08-23 13:55:53.805,18.0,17.9,30.3,61.1,False,1.6,70.0
2026,12,Dutch Grand Prix,R,COL,Alpine,18.0,3.0,MEDIUM,16.0,80.186,26.876,29.199,24.111,289.0,278.0,332.0,303.0,1,False,False,True,False,2026-08-23 13:57:14.524,18.0,17.9,30.4,62.5,False,0.9,83.0
2026,12,Dutch Grand Prix,R,COL,Alpine,19.0,3.0,MEDIUM,17.0,80.508,27.062,29.597,23.849,281.0,278.0,340.0,294.0,1,False,False,True,False,2026-08-23 13:58:34.710,18.0,17.9,30.5,61.0,False,0.8,58.0
2026,12,Dutch Grand Prix,R,COL,Alpine,20.0,3.0,MEDIUM,18.0,80.641,26.816,29.892,23.933,286.0,280.0,338.0,300.0,1,False,False,True,False,2026-08-23 13:59:55.218,18.0,17.9,30.9,61.9,False,1.7,40.0
2026,12,Dutch Grand Prix,R,COL,Alpine,21.0,3.0,MEDIUM,19.0,84.369,27.058,29.968,27.343,286.0,265.0,,295.0,1,False,False,False,False,2026-08-23 14:01:15.859,20.0,18.0,30.6,61.1,False,2.0,92.0
2026,12,Dutch Grand Prix,R,COL,Alpine,22.0,4.0,HARD,1.0,96.798,44.818,28.466,23.514,287.0,278.0,319.0,295.0,1,True,False,False,False,2026-08-23 14:02:40.228,20.0,18.0,30.8,60.2,False,0.5,335.0
2026,12,Dutch Grand Prix,R,COL,Alpine,23.0,4.0,HARD,2.0,78.246,26.684,28.147,23.415,274.0,273.0,318.0,295.0,1,True,True,True,False,2026-08-23 14:04:17.026,20.0,18.2,32.5,60.5,False,1.1,130.0
2026,12,Dutch Grand Prix,R,COL,Alpine,24.0,4.0,HARD,3.0,77.488,26.236,27.961,23.291,272.0,265.0,320.0,315.0,1,True,True,True,False,2026-08-23 14:05:35.272,20.0,18.2,32.6,59.2,False,0.9,67.0
2026,12,Dutch Grand Prix,R,COL,Alpine,25.0,4.0,HARD,4.0,77.454,26.16,27.954,23.34,278.0,274.0,304.0,304.0,1,True,True,True,False,2026-08-23 14:06:52.760,20.0,18.3,32.6,59.2,False,0.9,67.0
2026,12,Dutch Grand Prix,R,COL,Alpine,26.0,4.0,HARD,5.0,77.233,26.172,27.887,23.174,288.0,276.0,309.0,292.0,1,True,True,True,False,2026-08-23 14:08:10.214,20.0,18.5,32.5,59.9,False,0.8,93.0
2026,12,Dutch Grand Prix,R,COL,Alpine,27.0,4.0,HARD,6.0,77.769,26.346,28.089,23.334,288.0,277.0,306.0,295.0,1,True,False,True,False,2026-08-23 14:09:27.447,20.0,18.7,32.1,58.3,False,1.3,5.0
2026,12,Dutch Grand Prix,R,COL,Alpine,28.0,4.0,HARD,7.0,78.433,26.168,27.844,24.421,289.0,277.0,250.0,298.0,1,True,False,True,False,2026-08-23 14:10:45.216,20.0,18.7,33.3,58.3,False,1.8,58.0
2026,12,Dutch Grand Prix,R,COL,Alpine,29.0,4.0,HARD,8.0,80.034,27.747,28.539,23.748,293.0,284.0,307.0,248.0,1,True,False,True,False,2026-08-23 14:12:03.649,19.0,18.9,33.9,57.0,False,1.4,18.0
2026,12,Dutch Grand Prix,R,COL,Alpine,30.0,4.0,HARD,9.0,77.817,26.41,28.144,23.263,288.0,280.0,323.0,299.0,1,True,False,True,False,2026-08-23 14:13:23.683,18.0,18.8,34.8,57.3,False,1.8,13.0
2026,12,Dutch Grand Prix,R,COL,Alpine,31.0,4.0,HARD,10.0,79.828,26.583,28.907,24.338,279.0,276.0,307.0,307.0,1,True,False,True,False,2026-08-23 14:14:41.500,18.0,18.8,35.5,57.0,False,0.0,0.0
2026,12,Dutch Grand Prix,R,COL,Alpine,32.0,4.0,HARD,11.0,81.03,26.582,28.757,25.691,293.0,274.0,282.0,293.0,1,True,False,True,False,2026-08-23 14:16:01.328,18.0,19.1,35.3,56.9,False,1.5,60.0
2026,12,Dutch Grand Prix,R,COL,Alpine,33.0,4.0,HARD,12.0,79.946,27.018,28.867,24.061,295.0,288.0,306.0,281.0,1,True,False,True,False,2026-08-23 14:17:22.358,18.0,19.0,34.4,56.5,False,1.4,90.0
2026,12,Dutch Grand Prix,R,COL,Alpine,34.0,4.0,HARD,13.0,78.725,26.455,28.602,23.668,292.0,285.0,308.0,294.0,1,True,False,True,False,2026-08-23 14:18:42.304,18.0,19.0,34.0,55.9,False,1.2,99.0
2026,12,Dutch Grand Prix,R,COL,Alpine,35.0,4.0,HARD,14.0,78.861,26.651,28.69,23.52,292.0,285.0,311.0,297.0,1,True,False,True,False,2026-08-23 14:20:01.029,17.0,18.9,32.0,54.8,False,0.5,45.0
2026,12,Dutch Grand Prix,R,COL,Alpine,36.0,4.0,HARD,15.0,78.417,26.514,28.43,23.473,290.0,284.0,325.0,303.0,1,True,False,True,False,2026-08-23 14:21:19.890,16.0,18.8,33.0,55.5,False,1.0,74.0
2026,12,Dutch Grand Prix,R,COL,Alpine,37.0,4.0,HARD,16.0,78.191,26.311,28.417,23.463,283.0,289.0,323.0,314.0,1,True,False,True,False,2026-08-23 14:22:38.307,14.0,18.7,32.6,56.5,False,1.7,86.0
2026,12,Dutch Grand Prix,R,COL,Alpine,38.0,4.0,HARD,17.0,78.721,26.481,28.516,23.724,278.0,290.0,325.0,319.0,1,True,False,True,False,2026-08-23 14:23:56.498,14.0,18.8,32.3,55.9,False,1.0,69.0
2026,12,Dutch Grand Prix,R,COL,Alpine,39.0,4.0,HARD,18.0,78.339,26.387,28.505,23.447,276.0,275.0,325.0,317.0,1,True,False,True,False,2026-08-23 14:25:15.219,15.0,18.5,32.0,58.0,False,2.4,103.0
2026,12,Dutch Grand Prix,R,COL,Alpine,40.0,4.0,HARD,19.0,81.805,28.301,29.276,24.228,285.0,288.0,332.0,324.0,1,True,False,True,False,2026-08-23 14:26:33.558,17.0,18.6,31.3,57.2,False,1.4,153.0
2026,12,Dutch Grand Prix,R,COL,Alpine,41.0,4.0,HARD,20.0,79.248,26.866,28.727,23.655,291.0,280.0,325.0,286.0,1,True,False,True,False,2026-08-23 14:27:55.363,17.0,18.5,33.2,58.0,False,0.6,108.0
2026,12,Dutch Grand Prix,R,COL,Alpine,42.0,4.0,HARD,21.0,78.259,26.43,28.53,23.299,284.0,280.0,324.0,314.0,1,True,False,True,False,2026-08-23 14:29:14.611,17.0,18.4,34.3,58.6,False,0.8,130.0
2026,12,Dutch Grand Prix,R,COL,Alpine,43.0,4.0,HARD,22.0,78.635,26.398,28.591,23.646,280.0,276.0,319.0,309.0,1,True,False,True,False,2026-08-23 14:30:32.870,17.0,18.4,35.0,58.2,True,0.9,109.0
2026,12,Dutch Grand Prix,R,COL,Alpine,44.0,4.0,HARD,23.0,78.659,26.636,28.555,23.468,277.0,280.0,324.0,309.0,1,True,False,True,False,2026-08-23 14:31:51.505,17.0,18.4,35.0,58.2,True,0.9,109.0
2026,12,Dutch Grand Prix,R,COL,Alpine,45.0,4.0,HARD,24.0,80.945,26.44,28.576999999999998,25.928,282.0,281.0,,311.0,1,True,False,False,False,2026-08-23 14:33:10.164,17.0,18.7,34.5,57.3,True,0.3,155.0
2026,12,Dutch Grand Prix,R,COL,Alpine,46.0,5.0,SOFT,1.0,93.304,42.845,27.329,23.13,295.0,283.0,321.0,311.0,1,True,False,False,False,2026-08-23 14:34:31.109,18.0,18.8,34.7,57.5,False,1.1,75.0
2026,12,Dutch Grand Prix,R,COL,Alpine,47.0,5.0,SOFT,2.0,77.458,26.106,28.051,23.301,275.0,271.0,304.0,310.0,1,True,False,True,False,2026-08-23 14:36:04.413,18.0,18.8,35.2,58.1,False,2.1,105.0
2026,12,Dutch Grand Prix,R,COL,Alpine,48.0,5.0,SOFT,3.0,75.578,25.672,27.112,22.794,291.0,281.0,310.0,300.0,1,True,True,True,False,2026-08-23 14:37:21.871,18.0,18.8,34.7,58.2,False,2.0,60.0
2026,12,Dutch Grand Prix,R,COL,Alpine,49.0,5.0,SOFT,4.0,76.878,26.204,27.783,22.891,293.0,293.0,321.0,301.0,1,True,False,True,False,2026-08-23 14:38:37.449,17.0,18.9,35.1,58.4,True,1.0,59.0
2026,12,Dutch Grand Prix,R,COL,Alpine,50.0,5.0,SOFT,5.0,77.819,26.2,28.317,23.302,277.0,276.0,323.0,308.0,1,True,False,True,False,2026-08-23 14:39:54.327,17.0,18.9,35.5,57.9,False,1.3,102.0
2026,12,Dutch Grand Prix,R,COL,Alpine,51.0,5.0,SOFT,6.0,77.077,25.922,28.074,23.081,282.0,279.0,324.0,316.0,1,True,False,True,False,2026-08-23 14:41:12.146,17.0,19.0,35.4,58.1,False,0.6,24.0
2026,12,Dutch Grand Prix,R,COL,Alpine,52.0,5.0,SOFT,7.0,78.455,25.955,28.926,23.574,280.0,240.0,335.0,317.0,1,True,False,True,False,2026-08-23 14:42:29.223,17.0,19.1,35.9,58.1,False,0.5,253.0
2026,12,Dutch Grand Prix,R,COL,Alpine,53.0,5.0,SOFT,8.0,90.309,25.973,34.41,29.926,288.0,207.0,235.0,311.0,126,True,False,False,False,2026-08-23 14:43:47.678,16.0,19.2,35.0,57.6,False,1.7,92.0
2026,12,Dutch Grand Prix,R,COL,Alpine,54.0,5.0,SOFT,9.0,103.042,36.175,35.808,31.059,246.0,124.0,225.0,229.0,6,True,False,False,False,2026-08-23 14:45:17.987,16.0,19.3,34.7,57.1,False,1.3,214.0
2026,12,Dutch Grand Prix,R,COL,Alpine,55.0,5.0,SOFT,10.0,102.248,36.494,35.144,30.61,246.0,127.0,246.0,242.0,67,True,False,False,False,2026-08-23 14:47:01.029,16.0,19.1,34.9,58.5,False,0.6,306.0
2026,12,Dutch Grand Prix,R,COL,Alpine,56.0,5.0,SOFT,11.0,79.513,28.674,27.758,23.081,303.0,295.0,325.0,173.0,71,True,False,False,False,2026-08-23 14:48:43.277,16.0,19.1,33.7,59.5,False,0.8,283.0
2026,12,Dutch Grand Prix,R,COL,Alpine,57.0,5.0,SOFT,12.0,76.626,25.884,27.735,23.007,280.0,282.0,324.0,314.0,1,True,False,True,False,2026-08-23 14:50:02.790,16.0,19.3,35.2,58.5,False,1.5,94.0
2026,12,Dutch Grand Prix,R,COL,Alpine,58.0,5.0,SOFT,13.0,76.892,25.936,27.926,23.03,280.0,283.0,327.0,320.0,1,True,False,True,False,2026-08-23 14:51:19.416,16.0,19.2,36.1,58.6,False,1.3,116.0
2026,12,Dutch Grand Prix,R,COL,Alpine,59.0,5.0,SOFT,14.0,77.004,25.942,27.957,23.105,286.0,281.0,327.0,321.0,1,True,False,True,False,2026-08-23 14:52:36.308,16.0,19.2,36.3,58.6,False,0.7,20.0
2026,12,Dutch Grand Prix,R,COL,Alpine,60.0,5.0,SOFT,15.0,77.481,25.934,28.319,23.228,285.0,283.0,327.0,324.0,1,True,False,True,False,2026-08-23 14:53:53.312,16.0,19.3,37.1,58.0,False,0.8,194.0
2026,12,Dutch Grand Prix,R,COL,Alpine,61.0,5.0,SOFT,16.0,77.876,26.052,28.426,23.398,284.0,285.0,338.0,315.0,1,True,False,True,False,2026-08-23 14:55:10.793,15.0,19.5,37.8,56.9,True,2.4,35.0
2026,12,Dutch Grand Prix,R,COL,Alpine,62.0,5.0,SOFT,17.0,78.329,26.157,28.652,23.52,291.0,284.0,339.0,323.0,1,True,False,True,False,2026-08-23 14:56:28.669,15.0,19.5,38.0,55.6,False,0.7,13.0
2026,12,Dutch Grand Prix,R,COL,Alpine,63.0,5.0,SOFT,18.0,79.168,26.279,28.572,24.317,293.0,287.0,284.0,315.0,1,True,False,True,False,2026-08-23 14:57:46.998,15.0,19.5,38.2,56.3,False,0.9,101.0
2026,12,Dutch Grand Prix,R,COL,Alpine,64.0,5.0,SOFT,19.0,79.249,26.868,29.036,23.345,297.0,290.0,336.0,262.0,1,True,False,True,False,2026-08-23 14:59:06.166,15.0,19.4,36.8,58.0,False,1.9,142.0
2026,12,Dutch Grand Prix,R,COL,Alpine,65.0,5.0,SOFT,20.0,77.167,26.262,27.861,23.044,293.0,282.0,323.0,313.0,1,True,False,True,False,2026-08-23 15:00:25.415,14.0,19.3,35.7,58.8,True,1.2,343.0
2026,12,Dutch Grand Prix,R,COL,Alpine,66.0,5.0,SOFT,21.0,76.976,25.906,27.908,23.162,285.0,280.0,323.0,311.0,1,True,False,True,False,2026-08-23 15:01:42.582,14.0,19.3,36.1,57.1,False,0.9,177.0
2026,12,Dutch Grand Prix,R,COL,Alpine,67.0,5.0,SOFT,22.0,76.927,25.954,27.925,23.048,284.0,279.0,323.0,318.0,1,True,False,True,False,2026-08-23 15:02:59.558,14.0,19.1,34.3,56.1,True,1.5,71.0
2026,12,Dutch Grand Prix,R,COL,Alpine,68.0,5.0,SOFT,23.0,93.143,37.284,32.533,23.326,182.0,242.0,322.0,319.0,167,True,False,False,False,2026-08-23 15:04:16.485,14.0,19.2,33.3,55.1,False,2.0,106.0
2026,12,Dutch Grand Prix,R,COL,Alpine,69.0,5.0,SOFT,24.0,76.326,25.626,27.742,22.958,284.0,279.0,322.0,322.0,1,True,False,True,False,2026-08-23 15:05:49.628,14.0,19.1,33.6,54.5,False,1.6,36.0
2026,12,Dutch Grand Prix,R,COL,Alpine,70.0,5.0,SOFT,25.0,76.67,25.637,27.961,23.072,289.0,293.0,319.0,319.0,1,True,False,True,False,2026-08-23 15:07:05.954,14.0,19.1,32.3,54.0,False,1.1,52.0
2026,12,Dutch Grand Prix,R,HAM,Ferrari,1.0,1.0,SOFT,1.0,88.878,,28.108,26.902,285.0,285.0,314.0,208.0,1,True,False,False,False,2026-08-23 13:03:28.568,6.0,18.7,32.9,56.2,False,2.2,96.0
2026,12,Dutch Grand Prix,R,HAM,Ferrari,2.0,1.0,SOFT,2.0,131.972,27.499,46.43,58.043,290.0,129.0,,270.0,125,True,False,False,False,2026-08-23 13:04:56.182,6.0,18.7,32.6,56.5,False,1.1,73.0
2026,12,Dutch Grand Prix,R,HAM,Ferrari,3.0,2.0,SOFT,4.0,,,28.499,64.125,275.0,238.0,53.0,270.0,12,False,False,False,False,2026-08-23 13:33:00.089,6.0,16.6,26.4,72.3,False,1.3,29.0
2026,12,Dutch Grand Prix,R,HAM,Ferrari,4.0,2.0,SOFT,5.0,,,29.922,53.42,245.0,223.0,59.0,104.0,21,False,False,False,False,2026-08-23 13:35:29.937,6.0,16.6,26.1,72.4,False,0.9,46.0
2026,12,Dutch Grand Prix,R,HAM,Ferrari,5.0,2.0,SOFT,6.0,134.949,82.487,28.673000000000002,23.789,284.0,282.0,326.0,219.0,12,False,True,True,False,2026-08-23 13:38:48.875,6.0,16.8,26.9,72.8,False,0.6,42.0
2026,12,Dutch Grand Prix,R,HAM,Ferrari,6.0,2.0,SOFT,7.0,78.225,26.79,28.153,23.282,278.0,270.0,331.0,299.0,1,False,True,True,False,2026-08-23 13:41:03.824,6.0,16.9,27.9,71.5,False,1.5,13.0
2026,12,Dutch Grand Prix,R,HAM,Ferrari,7.0,2.0,SOFT,8.0,77.796,26.578,27.966,23.252,277.0,270.0,328.0,301.0,1,False,True,True,False,2026-08-23 13:42:22.049,6.0,17.0,27.7,70.5,False,1.4,49.0
2026,12,Dutch Grand Prix,R,HAM,Ferrari,8.0,2.0,SOFT,9.0,77.328,26.38,27.858,23.09,276.0,273.0,327.0,304.0,1,False,True,True,False,2026-08-23 13:43:39.845,6.0,17.1,27.5,70.2,False,2.9,23.0
2026,12,Dutch Grand Prix,R,HAM,Ferrari,9.0,2.0,SOFT,10.0,76.968,26.295,27.765,22.908,277.0,272.0,328.0,292.0,1,False,True,True,False,2026-08-23 13:44:57.173,6.0,17.2,27.6,68.8,False,1.6,38.0
2026,12,Dutch Grand Prix,R,HAM,Ferrari,10.0,2.0,SOFT,11.0,77.499,26.247,28.141,23.111,278.0,268.0,319.0,305.0,1,False,False,True,False,2026-08-23 13:46:14.141,6.0,17.3,28.3,68.3,False,0.8,346.0
2026,12,Dutch Grand Prix,R,HAM,Ferrari,11.0,2.0,SOFT,12.0,77.302,26.297,27.948,23.057,278.0,273.0,331.0,306.0,1,False,False,True,False,2026-08-23 13:47:31.640,6.0,17.4,28.8,67.9,False,1.2,25.0
2026,12,Dutch Grand Prix,R,HAM,Ferrari,12.0,2.0,SOFT,13.0,77.561,26.262,28.161,23.138,276.0,269.0,327.0,312.0,1,False,False,True,False,2026-08-23 13:48:48.942,6.0,17.5,29.1,67.3,False,2.0,43.0
2026,12,Dutch Grand Prix,R,HAM,Ferrari,13.0,2.0,SOFT,14.0,77.286,26.098,28.196,22.992,278.0,271.0,326.0,308.0,1,False,False,True,False,2026-08-23 13:50:06.503,6.0,17.6,29.6,64.8,False,1.2,80.0
2026,12,Dutch Grand Prix,R,HAM,Ferrari,14.0,2.0,SOFT,15.0,77.508,26.09,28.182,23.236,280.0,269.0,327.0,311.0,1,False,False,True,False,2026-08-23 13:51:23.789,6.0,17.7,29.7,64.9,False,0.9,15.0
2026,12,Dutch Grand Prix,R,HAM,Ferrari,15.0,2.0,SOFT,16.0,77.909,26.173,28.365,23.371,283.0,269.0,328.0,315.0,1,False,False,True,False,2026-08-23 13:52:41.297,6.0,17.7,30.2,64.0,False,0.7,127.0
2026,12,Dutch Grand Prix,R,HAM,Ferrari,16.0,2.0,SOFT,17.0,77.751,26.26,28.208,23.283,280.0,276.0,318.0,308.0,1,False,False,True,False,2026-08-23 13:53:59.206,6.0,17.9,30.1,62.8,False,2.3,62.0
2026,12,Dutch Grand Prix,R,HAM,Ferrari,17.0,2.0,SOFT,18.0,77.806,26.362,28.155,23.289,285.0,273.0,322.0,298.0,1,False,False,True,False,2026-08-23 13:55:16.957,5.0,17.9,30.3,61.1,False,1.6,70.0
2026,12,Dutch Grand Prix,R,HAM,Ferrari,18.0,2.0,SOFT,19.0,77.49,26.219,28.122,23.149,281.0,270.0,320.0,306.0,1,False,False,True,False,2026-08-23 13:56:34.763,5.0,17.8,30.5,62.1,False,1.3,14.0
2026,12,Dutch Grand Prix,R,HAM,Ferrari,19.0,2.0,SOFT,20.0,77.42,26.092,28.113,23.215,280.0,268.0,320.0,311.0,1,False,False,True,False,2026-08-23 13:57:52.253,4.0,17.9,30.4,62.5,False,0.9,83.0
2026,12,Dutch Grand Prix,R,HAM,Ferrari,20.0,2.0,SOFT,21.0,77.721,26.22,28.24,23.261,281.0,267.0,318.0,309.0,1,False,False,True,False,2026-08-23 13:59:09.673,4.0,17.9,30.9,61.9,False,1.7,40.0
2026,12,Dutch Grand Prix,R,HAM,Ferrari,21.0,2.0,SOFT,22.0,77.752,26.217,28.147,23.388,281.0,273.0,315.0,305.0,1,False,False,True,False,2026-08-23 14:00:27.394,3.0,18.0,30.9,61.3,False,1.0,56.0
2026,12,Dutch Grand Prix,R,HAM,Ferrari,22.0,2.0,SOFT,23.0,77.448,26.074,28.034,23.34,280.0,261.0,310.0,309.0,1,False,False,True,False,2026-08-23 14:01:45.146,1.0,18.0,30.6,61.1,False,2.0,92.0
2026,12,Dutch Grand Prix,R,HAM,Ferrari,23.0,2.0,SOFT,24.0,77.871,26.389,28.183,23.299,283.0,270.0,317.0,304.0,1,False,False,True,False,2026-08-23 14:03:02.594,1.0,18.1,32.5,60.5,False,1.1,130.0
2026,12,Dutch Grand Prix,R,HAM,Ferrari,24.0,2.0,SOFT,25.0,77.715,26.228,28.069,23.418,281.0,265.0,315.0,309.0,1,False,False,True,False,2026-08-23 14:04:20.465,1.0,18.2,32.5,60.5,False,1.1,130.0
2026,12,Dutch Grand Prix,R,HAM,Ferrari,25.0,2.0,SOFT,26.0,80.979,26.392,28.251,26.336,282.0,271.0,,308.0,1,False,False,False,False,2026-08-23 14:05:38.180,2.0,18.2,32.6,59.2,False,0.9,67.0
2026,12,Dutch Grand Prix,R,HAM,Ferrari,26.0,3.0,HARD,1.0,92.914,42.979,27.174,22.761,281.0,270.0,314.0,308.0,1,True,False,False,False,2026-08-23 14:06:59.159,6.0,18.4,32.7,59.3,False,1.5,95.0
2026,12,Dutch Grand Prix,R,HAM,Ferrari,27.0,3.0,HARD,2.0,75.982,25.898,27.392,22.692,278.0,268.0,313.0,299.0,1,True,True,True,False,2026-08-23 14:08:32.073,6.0,18.5,32.5,59.9,False,0.8,93.0
2026,12,Dutch Grand Prix,R,HAM,Ferrari,28.0,3.0,HARD,3.0,75.566,25.72,27.112,22.734,277.0,267.0,315.0,306.0,1,True,True,True,False,2026-08-23 14:09:48.055,6.0,18.7,32.1,58.3,False,1.3,5.0
2026,12,Dutch Grand Prix,R,HAM,Ferrari,29.0,3.0,HARD,4.0,75.514,25.683,27.06,22.771,277.0,268.0,316.0,308.0,1,True,True,True,False,2026-08-23 14:11:03.621,6.0,18.8,33.3,58.3,False,1.8,58.0
2026,12,Dutch Grand Prix,R,HAM,Ferrari,30.0,3.0,HARD,5.0,76.007,25.868,27.285,22.854,277.0,267.0,316.0,307.0,1,True,False,True,False,2026-08-23 14:12:19.135,6.0,18.9,33.9,57.0,False,1.4,18.0
2026,12,Dutch Grand Prix,R,HAM,Ferrari,31.0,3.0,HARD,6.0,75.666,25.838,27.14,22.688,279.0,269.0,318.0,304.0,1,True,False,True,False,2026-08-23 14:13:35.142,6.0,18.8,34.8,57.3,False,1.8,13.0
2026,12,Dutch Grand Prix,R,HAM,Ferrari,32.0,3.0,HARD,7.0,75.572,25.734,27.021,22.817,279.0,270.0,318.0,308.0,1,True,False,True,False,2026-08-23 14:14:50.808,6.0,18.8,35.5,57.0,False,0.0,0.0
2026,12,Dutch Grand Prix,R,HAM,Ferrari,33.0,3.0,HARD,8.0,75.925,25.797,27.263,22.865,283.0,273.0,329.0,310.0,1,True,False,True,False,2026-08-23 14:16:06.380,6.0,19.1,35.3,56.9,False,1.5,60.0
2026,12,Dutch Grand Prix,R,HAM,Ferrari,34.0,3.0,HARD,9.0,77.947,26.314,28.074,23.559,281.0,277.0,340.0,315.0,1,True,False,True,False,2026-08-23 14:17:22.305,6.0,19.0,34.4,56.5,False,1.4,90.0
2026,12,Dutch Grand Prix,R,HAM,Ferrari,35.0,3.0,HARD,10.0,77.416,26.751,27.677,22.988,278.0,268.0,330.0,308.0,1,True,False,True,False,2026-08-23 14:18:40.252,5.0,19.0,34.0,55.9,False,1.2,99.0
2026,12,Dutch Grand Prix,R,HAM,Ferrari,36.0,3.0,HARD,11.0,76.427,26.445,27.177,22.805,284.0,275.0,316.0,288.0,1,True,False,True,False,2026-08-23 14:19:57.668,5.0,18.9,32.0,54.8,False,0.5,45.0
2026,12,Dutch Grand Prix,R,HAM,Ferrari,37.0,3.0,HARD,12.0,75.965,25.788,27.235,22.942,284.0,273.0,319.0,309.0,1,True,False,True,False,2026-08-23 14:21:14.095,5.0,18.8,33.0,55.5,False,1.0,74.0
2026,12,Dutch Grand Prix,R,HAM,Ferrari,38.0,3.0,HARD,13.0,76.104,25.797,27.27,23.037,282.0,271.0,318.0,312.0,1,True,False,True,False,2026-08-23 14:22:30.060,5.0,18.7,32.6,56.5,False,1.7,86.0
2026,12,Dutch Grand Prix,R,HAM,Ferrari,39.0,3.0,HARD,14.0,76.313,25.866,27.417,23.03,285.0,271.0,338.0,310.0,1,True,False,True,False,2026-08-23 14:23:46.164,5.0,18.8,32.3,55.9,False,1.0,69.0
2026,12,Dutch Grand Prix,R,HAM,Ferrari,40.0,3.0,HARD,15.0,76.503,26.127,27.406,22.97,283.0,271.0,318.0,301.0,1,True,False,True,False,2026-08-23 14:25:02.477,4.0,18.5,32.0,58.0,False,2.4,103.0
2026,12,Dutch Grand Prix,R,HAM,Ferrari,41.0,3.0,HARD,16.0,76.044,25.826999999999998,27.326,22.891,288.0,281.0,335.0,313.0,1,True,False,True,False,2026-08-23 14:26:18.980,3.0,18.6,31.3,57.2,False,1.4,153.0
2026,12,Dutch Grand Prix,R,HAM,Ferrari,42.0,3.0,HARD,17.0,76.835,26.105,27.747,22.983,279.0,267.0,337.0,314.0,1,True,False,True,False,2026-08-23 14:27:35.024,3.0,18.5,33.2,58.0,False,0.6,108.0
2026,12,Dutch Grand Prix,R,HAM,Ferrari,43.0,3.0,HARD,18.0,77.413,25.946,28.108,23.359,280.0,269.0,327.0,313.0,1,True,False,True,False,2026-08-23 14:28:51.859,2.0,18.5,33.4,59.2,False,1.4,73.0
2026,12,Dutch Grand Prix,R,HAM,Ferrari,44.0,3.0,HARD,19.0,76.153,25.729,27.438,22.986,274.0,265.0,312.0,322.0,1,True,False,True,False,2026-08-23 14:30:09.272,2.0,18.4,35.0,58.2,True,0.9,109.0
2026,12,Dutch Grand Prix,R,HAM,Ferrari,45.0,3.0,HARD,20.0,76.202,25.963,27.342,22.897,286.0,275.0,317.0,304.0,1,True,False,True,False,2026-08-23 14:31:25.425,2.0,18.4,35.0,58.2,True,0.9,109.0
2026,12,Dutch Grand Prix,R,HAM,Ferrari,46.0,3.0,HARD,21.0,76.557,26.105,27.45,23.002,284.0,270.0,317.0,302.0,1,True,False,True,False,2026-08-23 14:32:41.627,2.0,18.6,35.1,57.5,False,0.0,0.0
2026,12,Dutch Grand Prix,R,HAM,Ferrari,47.0,3.0,HARD,22.0,76.529,25.9,27.452,23.177,284.0,272.0,324.0,310.0,1,True,False,True,False,2026-08-23 14:33:58.184,2.0,18.7,34.5,57.3,True,0.3,155.0
2026,12,Dutch Grand Prix,R,HAM,Ferrari,48.0,3.0,HARD,23.0,76.305,25.797,27.418,23.09,278.0,262.0,312.0,311.0,1,True,False,True,False,2026-08-23 14:35:14.713,1.0,18.8,34.8,58.0,False,0.4,225.0
2026,12,Dutch Grand Prix,R,HAM,Ferrari,49.0,3.0,HARD,24.0,76.274,26.022,27.302,22.95,287.0,278.0,315.0,304.0,1,True,False,True,False,2026-08-23 14:36:31.018,1.0,18.8,35.2,58.1,False,2.1,105.0
2026,12,Dutch Grand Prix,R,HAM,Ferrari,50.0,3.0,HARD,25.0,76.17,25.924,27.296,22.95,280.0,264.0,313.0,308.0,1,True,False,True,False,2026-08-23 14:37:47.292,1.0,18.8,34.7,58.2,False,2.0,60.0
2026,12,Dutch Grand Prix,R,HAM,Ferrari,51.0,3.0,HARD,26.0,76.111,25.971,27.25,22.89,283.0,269.0,316.0,303.0,1,True,False,True,False,2026-08-23 14:39:03.462,1.0,18.9,35.5,57.9,False,1.3,102.0
2026,12,Dutch Grand Prix,R,HAM,Ferrari,52.0,3.0,HARD,27.0,76.327,25.983,27.329,23.015,281.0,268.0,315.0,306.0,1,True,False,True,False,2026-08-23 14:40:19.573,1.0,18.9,35.9,57.8,False,0.4,204.0
2026,12,Dutch Grand Prix,R,HAM,Ferrari,53.0,3.0,HARD,28.0,76.722,26.012,27.638,23.072,285.0,269.0,316.0,307.0,1,True,False,True,False,2026-08-23 14:41:35.900,1.0,19.0,35.4,58.1,False,0.6,24.0
2026,12,Dutch Grand Prix,R,HAM,Ferrari,54.0,3.0,HARD,29.0,78.011,26.25,27.871,23.89,280.0,281.0,314.0,317.0,12,True,False,True,False,2026-08-23 14:42:52.622,2.0,19.1,35.9,58.1,False,0.5,253.0
2026,12,Dutch Grand Prix,R,HAM,Ferrari,55.0,3.0,HARD,30.0,100.48,30.631,37.342,32.507,131.0,203.0,,293.0,26,True,False,False,False,2026-08-23 14:44:10.633,3.0,19.2,35.3,57.5,False,0.6,312.0
2026,12,Dutch Grand Prix,R,HAM,Ferrari,56.0,4.0,SOFT,8.0,117.436,52.047,35.531,29.858,230.0,182.0,245.0,293.0,6,False,False,False,False,2026-08-23 14:45:51.113,4.0,19.3,34.7,57.1,False,1.3,214.0
2026,12,Dutch Grand Prix,R,HAM,Ferrari,57.0,4.0,SOFT,9.0,92.512,39.036,30.746,22.73,266.0,286.0,322.0,232.0,671,False,False,False,False,2026-08-23 14:47:48.549,4.0,19.1,34.9,58.5,False,0.6,306.0
2026,12,Dutch Grand Prix,R,HAM,Ferrari,58.0,4.0,SOFT,10.0,75.442,25.649,27.188,22.605,280.0,271.0,314.0,313.0,1,False,True,True,False,2026-08-23 14:49:21.061,4.0,19.2,34.8,58.4,False,0.9,50.0
2026,12,Dutch Grand Prix,R,HAM,Ferrari,59.0,4.0,SOFT,11.0,74.882,25.74,26.61,22.532,280.0,271.0,317.0,308.0,1,False,True,True,False,2026-08-23 14:50:36.503,4.0,19.3,35.2,58.5,False,1.5,94.0
2026,12,Dutch Grand Prix,R,HAM,Ferrari,60.0,4.0,SOFT,12.0,75.121,25.558,26.978,22.585,282.0,269.0,317.0,308.0,1,False,False,True,False,2026-08-23 14:51:51.385,4.0,19.2,36.1,58.6,False,1.3,116.0
2026,12,Dutch Grand Prix,R,HAM,Ferrari,61.0,4.0,SOFT,13.0,74.566,25.41,26.655,22.501,281.0,272.0,318.0,307.0,1,False,True,True,False,2026-08-23 14:53:06.506,4.0,19.3,37.1,58.0,False,0.8,194.0
2026,12,Dutch Grand Prix,R,HAM,Ferrari,62.0,4.0,SOFT,14.0,74.652,25.459,26.65,22.543,282.0,273.0,317.0,309.0,1,False,False,True,False,2026-08-23 14:54:21.072,4.0,19.5,37.3,58.1,True,1.1,46.0
2026,12,Dutch Grand Prix,R,HAM,Ferrari,63.0,4.0,SOFT,15.0,74.709,25.562,26.636,22.511,281.0,275.0,318.0,303.0,1,False,False,True,False,2026-08-23 14:55:35.724,4.0,19.5,37.8,56.9,True,2.4,35.0
2026,12,Dutch Grand Prix,R,HAM,Ferrari,64.0,4.0,SOFT,16.0,74.984,25.508,26.9,22.576,282.0,270.0,317.0,305.0,1,False,False,True,False,2026-08-23 14:56:50.433,4.0,19.5,38.0,55.6,False,0.7,13.0
2026,12,Dutch Grand Prix,R,HAM,Ferrari,65.0,4.0,SOFT,17.0,74.834,25.476,26.768,22.59,285.0,275.0,321.0,303.0,1,False,False,True,False,2026-08-23 14:58:05.417,4.0,19.5,37.4,58.4,False,2.3,158.0
2026,12,Dutch Grand Prix,R,HAM,Ferrari,66.0,4.0,SOFT,18.0,75.311,25.539,27.142,22.63,286.0,277.0,340.0,305.0,1,False,False,True,False,2026-08-23 14:59:20.251,4.0,19.4,36.8,58.0,False,1.9,142.0
2026,12,Dutch Grand Prix,R,HAM,Ferrari,67.0,4.0,SOFT,19.0,76.369,26.064,27.594,22.711,277.0,272.0,340.0,316.0,1,False,False,True,False,2026-08-23 15:00:35.562,4.0,19.3,35.7,58.8,True,1.2,343.0
2026,12,Dutch Grand Prix,R,HAM,Ferrari,68.0,4.0,SOFT,20.0,75.984,25.85,27.454,22.68,276.0,271.0,341.0,316.0,1,False,False,True,False,2026-08-23 15:01:51.931,4.0,19.3,36.1,57.1,False,0.9,177.0
2026,12,Dutch Grand Prix,R,HAM,Ferrari,69.0,4.0,SOFT,21.0,77.753,25.862,27.174,24.717,276.0,294.0,113.0,333.0,16,False,False,False,False,2026-08-23 15:03:07.915,4.0,19.1,34.3,56.1,True,1.5,71.0
2026,12,Dutch Grand Prix,R,HAM,Ferrari,70.0,4.0,SOFT,22.0,91.674,37.419,31.64,22.615,199.0,289.0,337.0,155.0,671,False,False,False,False,2026-08-23 15:04:25.668,4.0,19.2,33.3,55.1,False,2.0,106.0
2026,12,Dutch Grand Prix,R,HAM,Ferrari,71.0,4.0,SOFT,23.0,75.238,25.46,27.2,22.578,282.0,269.0,340.0,330.0,1,False,False,True,False,2026-08-23 15:05:57.342,4.0,19.1,33.6,54.5,False,1.6,36.0
2026,12,Dutch Grand Prix,R,HAM,Ferrari,72.0,4.0,SOFT,24.0,76.265,25.963,27.267,23.035,279.0,287.0,324.0,329.0,1,False,False,True,False,2026-08-23 15:07:12.580,4.0,19.1,32.3,54.0,False,1.1,52.0
2026,12,Dutch Grand Prix,R,BOR,Audi,1.0,1.0,SOFT,4.0,97.716,,29.511,32.255,275.0,266.0,250.0,190.0,12,False,False,False,False,2026-08-23 13:03:28.568,16.0,18.7,32.9,56.2,False,2.2,96.0
2026,12,Dutch Grand Prix,R,BOR,Audi,2.0,1.0,SOFT,5.0,,37.458,45.23,75.677,116.0,155.0,,227.0,25,False,False,False,False,2026-08-23 13:05:05.030,18.0,18.7,33.2,57.5,False,0.7,58.0
2026,12,Dutch Grand Prix,R,BOR,Audi,3.0,2.0,SOFT,4.0,,,34.095,,264.0,196.0,56.0,227.0,12,False,False,False,False,2026-08-23 13:33:00.089,15.0,16.6,26.4,72.3,False,1.3,29.0
2026,12,Dutch Grand Prix,R,BOR,Audi,4.0,2.0,SOFT,5.0,,41.64,30.258,85.427,259.0,193.0,126.0,163.0,1,False,False,False,False,2026-08-23 13:37:06.374,15.0,16.7,26.5,72.9,False,0.0,0.0
2026,12,Dutch Grand Prix,R,BOR,Audi,5.0,2.0,SOFT,6.0,84.881,30.582,29.926,24.373,264.0,275.0,326.0,224.0,12,False,True,True,False,2026-08-23 13:39:43.553,16.0,16.8,27.0,72.6,False,0.8,76.0
2026,12,Dutch Grand Prix,R,BOR,Audi,6.0,2.0,SOFT,7.0,80.273,27.485,28.968,23.82,282.0,278.0,331.0,272.0,1,False,True,True,False,2026-08-23 13:41:08.434,15.0,16.9,27.9,71.5,False,1.5,13.0
2026,12,Dutch Grand Prix,R,BOR,Audi,7.0,2.0,SOFT,8.0,78.77,26.932,28.303,23.535,275.0,278.0,325.0,283.0,1,False,True,True,False,2026-08-23 13:42:28.707,14.0,17.0,27.7,70.5,False,1.4,49.0
2026,12,Dutch Grand Prix,R,BOR,Audi,8.0,2.0,SOFT,9.0,79.017,26.767,28.715,23.535,270.0,281.0,322.0,298.0,1,False,False,True,False,2026-08-23 13:43:47.477,14.0,17.1,27.5,70.2,False,2.9,23.0
2026,12,Dutch Grand Prix,R,BOR,Audi,9.0,2.0,SOFT,10.0,78.793,26.553,28.818,23.422,278.0,269.0,321.0,287.0,1,False,False,True,False,2026-08-23 13:45:06.494,13.0,17.2,28.1,67.4,False,1.5,47.0
2026,12,Dutch Grand Prix,R,BOR,Audi,10.0,2.0,SOFT,11.0,79.08,26.691,28.862,23.527,278.0,274.0,321.0,294.0,1,False,False,True,False,2026-08-23 13:46:25.287,13.0,17.3,28.3,68.3,False,0.8,346.0
2026,12,Dutch Grand Prix,R,BOR,Audi,11.0,2.0,SOFT,12.0,82.043,26.696,28.68,26.667,278.0,280.0,,301.0,1,False,False,False,False,2026-08-23 13:47:44.367,15.0,17.4,28.8,67.9,False,1.2,25.0
2026,12,Dutch Grand Prix,R,BOR,Audi,12.0,3.0,MEDIUM,1.0,93.256,42.87,27.247,23.139,275.0,272.0,302.0,301.0,1,True,False,False,False,2026-08-23 13:49:06.410,20.0,17.5,29.3,65.9,False,2.2,49.0
2026,12,Dutch Grand Prix,R,BOR,Audi,13.0,3.0,MEDIUM,2.0,77.152,26.487,27.529,23.136,271.0,268.0,306.0,287.0,1,True,True,True,False,2026-08-23 13:50:39.666,20.0,17.6,29.6,64.8,False,1.2,80.0
2026,12,Dutch Grand Prix,R,BOR,Audi,14.0,3.0,MEDIUM,3.0,77.588,26.44,27.847,23.301,271.0,273.0,310.0,293.0,1,True,False,True,False,2026-08-23 13:51:56.818,20.0,17.7,29.7,64.9,False,0.9,15.0
2026,12,Dutch Grand Prix,R,BOR,Audi,15.0,3.0,MEDIUM,4.0,79.103,26.538,28.446,24.119,275.0,279.0,325.0,298.0,1,True,False,True,False,2026-08-23 13:53:14.406,20.0,17.8,30.3,63.7,False,0.0,0.0
2026,12,Dutch Grand Prix,R,BOR,Audi,16.0,3.0,MEDIUM,5.0,79.51,26.755,29.179,23.576,280.0,286.0,333.0,290.0,1,True,False,True,False,2026-08-23 13:54:33.509,18.0,17.9,30.1,62.8,False,2.3,62.0
2026,12,Dutch Grand Prix,R,BOR,Audi,17.0,3.0,MEDIUM,6.0,79.654,27.162,28.946,23.546,278.0,285.0,310.0,281.0,1,True,False,True,False,2026-08-23 13:55:53.019,16.0,17.9,30.3,61.1,False,1.6,70.0
2026,12,Dutch Grand Prix,R,BOR,Audi,18.0,3.0,MEDIUM,7.0,80.183,26.85,29.19,24.143,276.0,274.0,331.0,286.0,1,True,False,True,False,2026-08-23 13:57:12.673,16.0,17.9,30.4,62.5,False,0.9,83.0
2026,12,Dutch Grand Prix,R,BOR,Audi,19.0,3.0,MEDIUM,8.0,78.753,26.862,28.533,23.358,274.0,278.0,308.0,285.0,1,True,False,True,False,2026-08-23 13:58:32.856,15.0,17.9,30.5,61.0,False,0.8,58.0
2026,12,Dutch Grand Prix,R,BOR,Audi,20.0,3.0,MEDIUM,9.0,78.403,26.54,28.387,23.476,272.0,273.0,310.0,294.0,1,True,False,True,False,2026-08-23 13:59:51.609,15.0,17.9,30.9,61.9,False,1.7,40.0
2026,12,Dutch Grand Prix,R,BOR,Audi,21.0,3.0,MEDIUM,10.0,78.642,26.715,28.398,23.529,275.0,273.0,310.0,290.0,1,True,False,True,False,2026-08-23 14:01:10.012,15.0,18.0,30.6,61.1,False,2.0,92.0
2026,12,Dutch Grand Prix,R,BOR,Audi,22.0,3.0,MEDIUM,11.0,78.658,26.715,28.445,23.498,275.0,276.0,309.0,292.0,1,True,False,True,False,2026-08-23 14:02:28.654,15.0,18.0,30.8,60.2,False,0.5,335.0
2026,12,Dutch Grand Prix,R,BOR,Audi,23.0,3.0,MEDIUM,12.0,78.985,26.837,28.631,23.517,274.0,274.0,308.0,291.0,1,True,False,True,False,2026-08-23 14:03:47.312,15.0,18.1,32.5,60.5,False,1.1,130.0
2026,12,Dutch Grand Prix,R,BOR,Audi,24.0,3.0,MEDIUM,13.0,78.875,26.747,28.533,23.595,274.0,275.0,311.0,293.0,1,True,False,True,False,2026-08-23 14:05:06.297,15.0,18.2,32.6,59.2,False,0.9,67.0
2026,12,Dutch Grand Prix,R,BOR,Audi,25.0,3.0,MEDIUM,14.0,79.018,26.74,28.57,23.708,275.0,275.0,310.0,293.0,1,True,False,True,False,2026-08-23 14:06:25.172,15.0,18.3,32.6,59.2,False,0.9,67.0
2026,12,Dutch Grand Prix,R,BOR,Audi,26.0,3.0,MEDIUM,15.0,79.231,26.9,28.541,23.79,275.0,275.0,310.0,293.0,1,True,False,True,False,2026-08-23 14:07:44.190,15.0,18.4,32.7,59.3,False,1.5,95.0
2026,12,Dutch Grand Prix,R,BOR,Audi,27.0,3.0,MEDIUM,16.0,79.623,26.94,28.822,23.861,276.0,278.0,323.0,285.0,1,True,False,True,False,2026-08-23 14:09:03.421,14.0,18.7,32.1,58.3,False,1.3,5.0
2026,12,Dutch Grand Prix,R,BOR,Audi,28.0,3.0,MEDIUM,17.0,80.032,26.771,29.291,23.97,281.0,282.0,323.0,292.0,1,True,False,True,False,2026-08-23 14:10:23.044,14.0,18.7,33.3,58.3,False,1.8,58.0
2026,12,Dutch Grand Prix,R,BOR,Audi,29.0,3.0,MEDIUM,18.0,80.217,27.057,29.353,23.807,281.0,283.0,322.0,293.0,1,True,False,True,False,2026-08-23 14:11:43.076,14.0,18.8,33.3,58.3,False,1.8,58.0
2026,12,Dutch Grand Prix,R,BOR,Audi,30.0,3.0,MEDIUM,19.0,79.784,26.773,28.961,24.05,279.0,282.0,322.0,296.0,1,True,False,True,False,2026-08-23 14:13:03.293,13.0,18.8,34.8,57.3,False,1.8,13.0
2026,12,Dutch Grand Prix,R,BOR,Audi,31.0,3.0,MEDIUM,20.0,79.145,27.022,28.624,23.499,277.0,281.0,322.0,293.0,1,True,False,True,False,2026-08-23 14:14:23.077,13.0,18.8,35.5,57.0,False,0.0,0.0
2026,12,Dutch Grand Prix,R,BOR,Audi,32.0,3.0,MEDIUM,21.0,78.99,26.796,28.657,23.537,279.0,280.0,321.0,294.0,1,True,False,True,False,2026-08-23 14:15:42.222,13.0,18.9,35.3,56.4,True,0.6,338.0
2026,12,Dutch Grand Prix,R,BOR,Audi,33.0,3.0,MEDIUM,22.0,78.905,26.747,28.688,23.47,280.0,281.0,320.0,301.0,1,True,False,True,False,2026-08-23 14:17:01.212,13.0,19.0,34.4,56.5,False,1.4,90.0
2026,12,Dutch Grand Prix,R,BOR,Audi,34.0,3.0,MEDIUM,23.0,81.813,26.531,28.715,26.567,279.0,280.0,,298.0,1,True,False,False,False,2026-08-23 14:18:20.117,14.0,19.0,34.0,55.9,False,1.2,99.0
2026,12,Dutch Grand Prix,R,BOR,Audi,35.0,4.0,HARD,1.0,93.624,42.371,28.055,23.198,272.0,283.0,310.0,298.0,1,True,False,False,False,2026-08-23 14:19:41.930,16.0,18.9,32.0,54.8,False,0.5,45.0
2026,12,Dutch Grand Prix,R,BOR,Audi,36.0,4.0,HARD,2.0,77.425,26.507,27.694,23.224,274.0,272.0,308.0,297.0,1,True,False,True,False,2026-08-23 14:21:15.554,15.0,18.8,33.0,55.5,False,1.0,74.0
2026,12,Dutch Grand Prix,R,BOR,Audi,37.0,4.0,HARD,3.0,77.334,26.409,27.692,23.233,273.0,274.0,308.0,296.0,1,True,False,True,False,2026-08-23 14:22:32.979,13.0,18.7,32.6,56.5,False,1.7,86.0
2026,12,Dutch Grand Prix,R,BOR,Audi,38.0,4.0,HARD,4.0,77.068,26.467,27.625,22.976,274.0,289.0,302.0,291.0,1,True,True,True,False,2026-08-23 14:23:50.313,13.0,18.8,32.3,55.9,False,1.0,69.0
2026,12,Dutch Grand Prix,R,BOR,Audi,39.0,4.0,HARD,5.0,77.477,26.571,27.707,23.199,273.0,273.0,308.0,277.0,1,True,False,True,False,2026-08-23 14:25:07.381,13.0,18.5,32.0,58.0,False,2.4,103.0
2026,12,Dutch Grand Prix,R,BOR,Audi,40.0,4.0,HARD,6.0,80.548,26.825,30.248,23.475,243.0,280.0,322.0,293.0,1,True,False,True,False,2026-08-23 14:26:24.858,13.0,18.6,31.3,57.2,False,1.4,153.0
2026,12,Dutch Grand Prix,R,BOR,Audi,41.0,4.0,HARD,7.0,77.728,26.508,28.027,23.193,279.0,280.0,314.0,294.0,1,True,False,True,False,2026-08-23 14:27:45.406,13.0,18.5,33.2,58.0,False,0.6,108.0
2026,12,Dutch Grand Prix,R,BOR,Audi,42.0,4.0,HARD,8.0,77.44,26.369,27.891,23.18,276.0,278.0,340.0,296.0,1,True,False,True,False,2026-08-23 14:29:03.134,13.0,18.4,34.3,58.6,False,0.8,130.0
2026,12,Dutch Grand Prix,R,BOR,Audi,43.0,4.0,HARD,9.0,79.969,26.656,29.866,23.447,286.0,282.0,309.0,288.0,1,True,False,True,False,2026-08-23 14:30:20.574,13.0,18.4,35.0,58.2,True,0.9,109.0
2026,12,Dutch Grand Prix,R,BOR,Audi,44.0,4.0,HARD,10.0,78.198,26.597,28.404,23.197,278.0,282.0,339.0,295.0,1,True,False,True,False,2026-08-23 14:31:40.543,13.0,18.4,35.0,58.2,True,0.9,109.0
2026,12,Dutch Grand Prix,R,BOR,Audi,45.0,4.0,HARD,11.0,77.705,26.273,27.942,23.49,273.0,275.0,279.0,317.0,1,True,False,True,False,2026-08-23 14:32:58.741,12.0,18.6,35.1,57.5,False,0.0,0.0
2026,12,Dutch Grand Prix,R,BOR,Audi,46.0,4.0,HARD,12.0,78.477,27.332,27.978,23.167,275.0,275.0,319.0,246.0,1,True,False,True,False,2026-08-23 14:34:16.446,12.0,18.8,34.7,57.5,False,1.1,75.0
2026,12,Dutch Grand Prix,R,BOR,Audi,47.0,4.0,HARD,13.0,77.656,26.547,27.981,23.128,274.0,273.0,308.0,300.0,1,True,False,True,False,2026-08-23 14:35:34.923,12.0,18.8,34.8,58.0,False,0.4,225.0
2026,12,Dutch Grand Prix,R,BOR,Audi,48.0,4.0,HARD,14.0,77.578,26.41,27.889,23.279,275.0,275.0,310.0,290.0,1,True,False,True,False,2026-08-23 14:36:52.579,12.0,18.8,35.2,58.1,False,2.1,105.0
2026,12,Dutch Grand Prix,R,BOR,Audi,49.0,4.0,HARD,15.0,77.436,26.463,27.799,23.174,275.0,277.0,310.0,294.0,1,True,False,True,False,2026-08-23 14:38:10.157,12.0,18.9,35.1,58.4,True,1.0,59.0
2026,12,Dutch Grand Prix,R,BOR,Audi,50.0,4.0,HARD,16.0,77.513,26.492,27.882,23.139,274.0,275.0,311.0,292.0,1,True,False,True,False,2026-08-23 14:39:27.593,12.0,18.9,35.5,57.9,False,1.3,102.0
2026,12,Dutch Grand Prix,R,BOR,Audi,51.0,4.0,HARD,17.0,79.05,26.381,28.703,23.966,276.0,192.0,319.0,293.0,1,True,False,True,False,2026-08-23 14:40:45.106,12.0,18.9,35.9,57.8,False,0.4,204.0
2026,12,Dutch Grand Prix,R,BOR,Audi,52.0,4.0,HARD,18.0,77.395,26.372,27.96,23.063,276.0,274.0,307.0,298.0,1,True,False,True,False,2026-08-23 14:42:04.156,12.0,19.1,35.9,58.1,False,0.5,253.0
2026,12,Dutch Grand Prix,R,BOR,Audi,53.0,4.0,HARD,19.0,81.593,26.385,28.144,27.064,276.0,276.0,,294.0,126,True,False,False,False,2026-08-23 14:43:21.551,12.0,19.2,35.0,57.6,False,1.7,92.0
2026,12,Dutch Grand Prix,R,BOR,Audi,54.0,5.0,SOFT,4.0,119.455,51.996,36.523,30.936,198.0,162.0,212.0,294.0,6,False,False,False,False,2026-08-23 14:44:43.144,13.0,19.2,35.3,57.5,False,0.6,312.0
2026,12,Dutch Grand Prix,R,BOR,Audi,55.0,5.0,SOFT,5.0,103.445,36.274,36.332,30.839,236.0,167.0,248.0,235.0,6,False,False,False,False,2026-08-23 14:46:42.599,13.0,19.2,35.4,58.4,False,2.3,193.0
2026,12,Dutch Grand Prix,R,BOR,Audi,56.0,5.0,SOFT,6.0,81.882,32.397,26.87,22.615,287.0,276.0,309.0,212.0,671,False,False,False,False,2026-08-23 14:48:26.044,13.0,19.1,33.7,59.5,False,0.8,283.0
2026,12,Dutch Grand Prix,R,BOR,Audi,57.0,5.0,SOFT,7.0,75.515,25.849,26.924,22.742,275.0,275.0,311.0,298.0,1,False,True,True,False,2026-08-23 14:49:47.926,13.0,19.2,34.8,58.4,False,0.9,50.0
2026,12,Dutch Grand Prix,R,BOR,Audi,58.0,5.0,SOFT,8.0,76.048,25.852,27.39,22.806,276.0,276.0,310.0,298.0,1,False,False,True,False,2026-08-23 14:51:03.441,13.0,19.2,36.1,58.6,False,1.3,116.0
2026,12,Dutch Grand Prix,R,BOR,Audi,59.0,5.0,SOFT,9.0,76.391,26.066,27.495,22.83,277.0,275.0,310.0,295.0,1,False,False,True,False,2026-08-23 14:52:19.489,13.0,19.2,36.3,58.6,False,0.7,20.0
2026,12,Dutch Grand Prix,R,BOR,Audi,60.0,5.0,SOFT,10.0,75.855,25.74,27.331,22.784,276.0,279.0,312.0,297.0,1,False,False,True,False,2026-08-23 14:53:35.880,13.0,19.3,37.1,58.0,False,0.8,194.0
2026,12,Dutch Grand Prix,R,BOR,Audi,61.0,5.0,SOFT,11.0,76.348,26.053,27.432,22.863,278.0,282.0,323.0,297.0,1,False,False,True,False,2026-08-23 14:54:51.735,13.0,19.5,37.3,58.1,True,1.1,46.0
2026,12,Dutch Grand Prix,R,BOR,Audi,62.0,5.0,SOFT,12.0,76.731,25.933,27.923000000000002,22.875,280.0,283.0,336.0,302.0,1,False,False,True,False,2026-08-23 14:56:08.083,13.0,19.5,38.0,55.6,False,0.7,13.0
2026,12,Dutch Grand Prix,R,BOR,Audi,63.0,5.0,SOFT,13.0,77.067,26.475,27.708,22.884,261.0,285.0,337.0,303.0,1,False,False,True,False,2026-08-23 14:57:24.814,13.0,19.5,38.2,56.3,False,0.9,101.0
2026,12,Dutch Grand Prix,R,BOR,Audi,64.0,5.0,SOFT,14.0,77.883,26.838,27.93,23.115,277.0,281.0,317.0,298.0,1,False,False,True,False,2026-08-23 14:58:41.881,13.0,19.5,37.4,58.4,False,2.3,158.0
2026,12,Dutch Grand Prix,R,BOR,Audi,65.0,5.0,SOFT,15.0,77.443,26.284,28.123,23.036,281.0,280.0,322.0,298.0,1,False,False,True,False,2026-08-23 14:59:59.764,13.0,19.3,35.7,58.8,True,1.2,343.0
2026,12,Dutch Grand Prix,R,BOR,Audi,66.0,5.0,SOFT,16.0,77.519,26.303,28.133,23.083,281.0,281.0,324.0,294.0,1,False,False,True,False,2026-08-23 15:01:17.207,13.0,19.3,36.1,57.1,False,0.9,177.0
2026,12,Dutch Grand Prix,R,BOR,Audi,67.0,5.0,SOFT,17.0,77.598,26.358,28.295,22.945,282.0,283.0,322.0,299.0,1,False,False,True,False,2026-08-23 15:02:34.726,13.0,19.2,34.6,57.8,False,1.4,53.0
2026,12,Dutch Grand Prix,R,BOR,Audi,68.0,5.0,SOFT,18.0,93.954,26.383,37.42,30.151,282.0,170.0,213.0,299.0,167,False,False,False,False,2026-08-23 15:03:52.324,13.0,19.1,34.3,56.1,True,1.5,71.0
2026,12,Dutch Grand Prix,R,BOR,Audi,69.0,5.0,SOFT,19.0,77.911,27.126,27.705,23.08,285.0,285.0,327.0,261.0,1,False,False,True,False,2026-08-23 15:05:26.278,13.0,19.1,33.6,54.5,False,1.6,36.0
2026,12,Dutch Grand Prix,R,BOR,Audi,70.0,5.0,SOFT,20.0,76.884,26.133,27.978,22.773,284.0,285.0,334.0,298.0,1,False,False,True,False,2026-08-23 15:06:44.189,13.0,19.2,33.0,54.8,False,2.8,31.0
2026,12,Dutch Grand Prix,R,BOR,Audi,71.0,5.0,SOFT,21.0,77.252,26.136,28.045,23.071,282.0,283.0,305.0,294.0,1,False,False,True,False,2026-08-23 15:08:01.073,13.0,19.0,32.0,55.3,True,1.2,54.0
2026,12,Dutch Grand Prix,R,SAI,Williams,1.0,1.0,SOFT,1.0,97.966,,30.035,30.34,262.0,260.0,275.0,184.0,12,True,False,False,False,2026-08-23 13:03:28.568,19.0,18.7,32.9,56.2,False,2.2,96.0
2026,12,Dutch Grand Prix,R,SAI,Williams,2.0,1.0,SOFT,2.0,,39.136,45.754,75.425,111.0,142.0,,258.0,25,True,False,False,False,2026-08-23 13:05:06.860,19.0,18.7,33.2,57.5,False,0.7,58.0
2026,12,Dutch Grand Prix,R,SAI,Williams,3.0,2.0,SOFT,1.0,,,29.242,90.386,246.0,236.0,66.0,258.0,12,True,False,False,False,2026-08-23 13:33:00.089,18.0,16.6,26.4,72.3,False,1.3,29.0
2026,12,Dutch Grand Prix,R,SAI,Williams,4.0,2.0,SOFT,2.0,,41.986,29.529,81.63,275.0,240.0,153.0,133.0,1,True,False,False,False,2026-08-23 13:37:12.287,19.0,16.7,26.5,72.9,False,0.0,0.0
2026,12,Dutch Grand Prix,R,SAI,Williams,5.0,2.0,SOFT,3.0,85.92,30.935,29.863,25.122,269.0,290.0,327.0,210.0,12,True,True,True,False,2026-08-23 13:39:45.315,20.0,16.8,27.0,72.6,False,0.8,76.0
2026,12,Dutch Grand Prix,R,SAI,Williams,6.0,2.0,SOFT,4.0,80.448,27.653,28.992,23.803,283.0,279.0,330.0,261.0,1,True,True,True,False,2026-08-23 13:41:11.235,19.0,16.9,27.9,71.5,False,1.5,13.0
2026,12,Dutch Grand Prix,R,SAI,Williams,7.0,2.0,SOFT,5.0,80.061,27.421,28.746,23.894,289.0,280.0,320.0,282.0,1,True,True,True,False,2026-08-23 13:42:31.683,19.0,17.0,27.7,70.5,False,1.4,49.0
2026,12,Dutch Grand Prix,R,SAI,Williams,8.0,2.0,SOFT,6.0,79.515,27.107,28.764,23.644,279.0,276.0,318.0,293.0,1,True,True,True,False,2026-08-23 13:43:51.744,18.0,17.1,27.5,70.2,False,2.9,23.0
2026,12,Dutch Grand Prix,R,SAI,Williams,9.0,2.0,SOFT,7.0,79.195,26.912,28.806,23.477,280.0,274.0,320.0,308.0,1,True,True,True,False,2026-08-23 13:45:11.259,16.0,17.2,28.1,67.4,False,1.5,47.0
2026,12,Dutch Grand Prix,R,SAI,Williams,10.0,2.0,SOFT,8.0,79.224,26.693,28.977,23.554,283.0,275.0,320.0,300.0,1,True,False,True,False,2026-08-23 13:46:30.454,16.0,17.3,28.3,68.3,False,0.8,346.0
2026,12,Dutch Grand Prix,R,SAI,Williams,11.0,2.0,SOFT,9.0,79.189,26.757,28.888,23.544,286.0,278.0,325.0,298.0,1,True,True,True,False,2026-08-23 13:47:49.678,16.0,17.4,28.8,67.9,False,1.2,25.0
2026,12,Dutch Grand Prix,R,SAI,Williams,12.0,2.0,SOFT,10.0,79.65,26.781,28.906,23.963,286.0,276.0,308.0,302.0,1,True,False,True,False,2026-08-23 13:49:08.867,15.0,17.5,29.3,65.9,False,2.2,49.0
2026,12,Dutch Grand Prix,R,SAI,Williams,13.0,2.0,SOFT,11.0,79.456,26.921,28.953,23.582,285.0,273.0,322.0,299.0,1,True,False,True,False,2026-08-23 13:50:28.517,15.0,17.6,29.6,64.8,False,1.2,80.0
2026,12,Dutch Grand Prix,R,SAI,Williams,14.0,2.0,SOFT,12.0,79.556,26.747,29.155,23.654,281.0,272.0,318.0,308.0,1,True,False,True,False,2026-08-23 13:51:47.973,15.0,17.7,29.7,64.9,False,0.9,15.0
2026,12,Dutch Grand Prix,R,SAI,Williams,15.0,2.0,SOFT,13.0,79.536,26.738,29.079,23.719,284.0,272.0,317.0,311.0,1,True,False,True,False,2026-08-23 13:53:07.529,15.0,17.8,30.3,63.7,False,0.0,0.0
2026,12,Dutch Grand Prix,R,SAI,Williams,16.0,2.0,SOFT,14.0,79.338,26.667,29.08,23.591,283.0,273.0,318.0,303.0,1,True,False,True,False,2026-08-23 13:54:27.065,14.0,17.9,30.1,62.8,False,2.3,62.0
2026,12,Dutch Grand Prix,R,SAI,Williams,17.0,2.0,SOFT,15.0,79.227,26.582,29.068,23.576999999999998,286.0,272.0,314.0,308.0,1,True,False,True,False,2026-08-23 13:55:46.403,13.0,17.9,30.3,61.1,False,1.6,70.0
2026,12,Dutch Grand Prix,R,SAI,Williams,18.0,2.0,SOFT,16.0,79.518,26.718,29.159,23.641,285.0,272.0,316.0,306.0,1,True,False,True,False,2026-08-23 13:57:05.630,13.0,17.9,30.4,62.5,False,0.9,83.0
2026,12,Dutch Grand Prix,R,SAI,Williams,19.0,2.0,SOFT,17.0,79.416,26.692,29.084,23.64,285.0,274.0,318.0,307.0,1,True,False,True,False,2026-08-23 13:58:25.148,11.0,17.9,30.5,61.0,False,0.8,58.0
2026,12,Dutch Grand Prix,R,SAI,Williams,20.0,2.0,SOFT,18.0,79.32,26.741,29.04,23.539,285.0,274.0,318.0,309.0,1,True,False,True,False,2026-08-23 13:59:44.564,10.0,17.9,30.9,61.9,False,1.7,40.0
2026,12,Dutch Grand Prix,R,SAI,Williams,21.0,2.0,SOFT,19.0,79.538,26.659,29.209,23.67,285.0,275.0,315.0,309.0,1,True,False,True,False,2026-08-23 14:01:03.884,10.0,18.0,30.6,61.1,False,2.0,92.0
2026,12,Dutch Grand Prix,R,SAI,Williams,22.0,2.0,SOFT,20.0,79.381,26.632,29.083,23.666,287.0,274.0,316.0,308.0,1,True,False,True,False,2026-08-23 14:02:23.422,11.0,18.0,30.8,60.2,False,0.5,335.0
2026,12,Dutch Grand Prix,R,SAI,Williams,23.0,2.0,SOFT,21.0,79.687,26.643,29.347,23.697,288.0,276.0,318.0,306.0,1,True,False,True,False,2026-08-23 14:03:42.803,12.0,18.1,32.5,60.5,False,1.1,130.0
2026,12,Dutch Grand Prix,R,SAI,Williams,24.0,2.0,SOFT,22.0,79.716,26.762,29.158,23.796,277.0,275.0,319.0,306.0,1,True,False,True,False,2026-08-23 14:05:02.490,12.0,18.2,32.6,59.2,False,0.9,67.0
2026,12,Dutch Grand Prix,R,SAI,Williams,25.0,2.0,SOFT,23.0,79.627,26.69,29.231,23.706,279.0,272.0,315.0,311.0,1,True,False,True,False,2026-08-23 14:06:22.206,13.0,18.3,32.6,59.2,False,0.9,67.0
2026,12,Dutch Grand Prix,R,SAI,Williams,26.0,2.0,SOFT,24.0,79.98,26.931,29.283,23.766,280.0,271.0,317.0,302.0,1,True,False,True,False,2026-08-23 14:07:41.833,13.0,18.4,32.7,59.3,False,1.5,95.0
2026,12,Dutch Grand Prix,R,SAI,Williams,27.0,2.0,SOFT,25.0,79.679,26.726,29.237,23.716,279.0,275.0,319.0,306.0,1,True,False,True,False,2026-08-23 14:09:01.813,11.0,18.7,32.1,58.3,False,1.3,5.0
2026,12,Dutch Grand Prix,R,SAI,Williams,28.0,2.0,SOFT,26.0,79.943,26.818,29.232,23.893,273.0,290.0,313.0,311.0,1,True,False,True,False,2026-08-23 14:10:21.492,11.0,18.7,33.3,58.3,False,1.8,58.0
2026,12,Dutch Grand Prix,R,SAI,Williams,29.0,2.0,SOFT,27.0,80.706,27.678,29.282,23.746,276.0,273.0,321.0,279.0,1,True,False,True,False,2026-08-23 14:11:41.435,11.0,18.8,33.3,58.3,False,1.8,58.0
2026,12,Dutch Grand Prix,R,SAI,Williams,30.0,2.0,SOFT,28.0,83.704,27.52,29.516,26.668,278.0,276.0,,304.0,1,True,False,False,False,2026-08-23 14:13:02.141,15.0,18.8,34.8,57.3,False,1.8,13.0
2026,12,Dutch Grand Prix,R,SAI,Williams,31.0,3.0,HARD,1.0,94.79,43.445,28.022,23.323,279.0,273.0,309.0,304.0,1,True,False,False,False,2026-08-23 14:14:25.845,17.0,18.8,35.5,57.0,False,0.0,0.0
2026,12,Dutch Grand Prix,R,SAI,Williams,32.0,3.0,HARD,2.0,79.609,26.63,28.129,24.85,283.0,275.0,321.0,301.0,1,True,False,True,False,2026-08-23 14:16:00.635,17.0,19.1,35.3,56.9,False,1.5,60.0
2026,12,Dutch Grand Prix,R,SAI,Williams,33.0,3.0,HARD,3.0,78.2,26.74,28.132,23.328,292.0,279.0,320.0,298.0,1,True,True,True,False,2026-08-23 14:17:20.244,17.0,19.0,34.4,56.5,False,1.4,90.0
2026,12,Dutch Grand Prix,R,SAI,Williams,34.0,3.0,HARD,4.0,80.24,28.351,28.354,23.535,284.0,277.0,314.0,277.0,1,True,False,True,False,2026-08-23 14:18:38.444,17.0,19.0,34.0,55.9,False,1.2,99.0
2026,12,Dutch Grand Prix,R,SAI,Williams,35.0,3.0,HARD,5.0,81.373,27.736,29.888,23.749,292.0,281.0,315.0,219.0,1,True,False,True,False,2026-08-23 14:19:58.684,18.0,18.9,32.0,54.8,False,0.5,45.0
2026,12,Dutch Grand Prix,R,SAI,Williams,36.0,3.0,HARD,6.0,78.4,26.476,28.492,23.432,291.0,278.0,323.0,302.0,1,True,False,True,False,2026-08-23 14:21:20.057,17.0,18.8,33.0,55.5,False,1.0,74.0
2026,12,Dutch Grand Prix,R,SAI,Williams,37.0,3.0,HARD,7.0,78.346,26.531,28.428,23.387,283.0,276.0,320.0,310.0,1,True,False,True,False,2026-08-23 14:22:38.457,16.0,18.7,32.6,56.5,False,1.7,86.0
2026,12,Dutch Grand Prix,R,SAI,Williams,38.0,3.0,HARD,8.0,78.484,26.529,28.622,23.333,284.0,275.0,320.0,309.0,1,True,False,True,False,2026-08-23 14:23:56.803,15.0,18.8,32.3,55.9,False,1.0,69.0
2026,12,Dutch Grand Prix,R,SAI,Williams,39.0,3.0,HARD,9.0,78.097,26.326,28.449,23.322,286.0,275.0,321.0,312.0,1,True,True,True,False,2026-08-23 14:25:15.287,14.0,18.5,32.0,58.0,False,2.4,103.0
2026,12,Dutch Grand Prix,R,SAI,Williams,40.0,3.0,HARD,10.0,78.231,26.399,28.496,23.336,287.0,275.0,320.0,314.0,1,True,False,True,False,2026-08-23 14:26:33.384,14.0,18.6,31.3,57.2,False,1.4,153.0
2026,12,Dutch Grand Prix,R,SAI,Williams,41.0,3.0,HARD,11.0,79.361,26.562,29.187,23.612,288.0,278.0,323.0,310.0,1,True,False,True,False,2026-08-23 14:27:51.615,15.0,18.5,33.2,58.0,False,0.6,108.0
2026,12,Dutch Grand Prix,R,SAI,Williams,42.0,3.0,HARD,12.0,78.421,26.674,28.544,23.203,282.0,275.0,319.0,317.0,1,True,False,True,False,2026-08-23 14:29:10.976,15.0,18.4,34.3,58.6,False,0.8,130.0
2026,12,Dutch Grand Prix,R,SAI,Williams,43.0,3.0,HARD,13.0,79.612,26.873,29.226,23.513,279.0,280.0,321.0,305.0,1,True,False,True,False,2026-08-23 14:30:29.397,16.0,18.4,35.0,58.2,True,0.9,109.0
2026,12,Dutch Grand Prix,R,SAI,Williams,44.0,3.0,HARD,14.0,79.758,27.502,28.896,23.36,283.0,277.0,318.0,316.0,1,True,False,True,False,2026-08-23 14:31:49.009,16.0,18.4,35.0,58.2,True,0.9,109.0
2026,12,Dutch Grand Prix,R,SAI,Williams,45.0,3.0,HARD,15.0,78.403,26.534,28.572,23.297,291.0,278.0,321.0,312.0,1,True,False,True,False,2026-08-23 14:33:08.767,16.0,18.7,34.5,57.3,True,0.3,155.0
2026,12,Dutch Grand Prix,R,SAI,Williams,46.0,3.0,HARD,16.0,78.884,26.586,28.644,23.654,291.0,279.0,317.0,312.0,1,True,False,True,False,2026-08-23 14:34:27.170,16.0,18.8,34.7,57.5,False,1.1,75.0
2026,12,Dutch Grand Prix,R,SAI,Williams,47.0,3.0,HARD,17.0,81.602,27.354,30.168,24.08,291.0,278.0,319.0,266.0,1,True,False,True,False,2026-08-23 14:35:46.054,16.0,18.8,34.8,58.0,False,0.4,225.0
2026,12,Dutch Grand Prix,R,SAI,Williams,48.0,3.0,HARD,18.0,78.945,26.747,28.726,23.472,289.0,279.0,322.0,311.0,1,True,False,True,False,2026-08-23 14:37:07.656,16.0,18.8,34.7,58.2,False,2.0,60.0
2026,12,Dutch Grand Prix,R,SAI,Williams,49.0,3.0,HARD,19.0,78.32,26.489,28.506,23.325,288.0,279.0,319.0,315.0,1,True,False,True,False,2026-08-23 14:38:26.601,16.0,18.9,35.1,58.4,True,1.0,59.0
2026,12,Dutch Grand Prix,R,SAI,Williams,50.0,3.0,HARD,20.0,78.529,26.57,28.625,23.334,288.0,276.0,320.0,310.0,1,True,False,True,False,2026-08-23 14:39:44.921,15.0,18.9,35.5,57.9,False,1.3,102.0
2026,12,Dutch Grand Prix,R,SAI,Williams,51.0,3.0,HARD,21.0,78.526,26.483,28.582,23.461,290.0,277.0,320.0,311.0,1,True,False,True,False,2026-08-23 14:41:03.450,15.0,19.0,35.4,58.1,False,0.6,24.0
2026,12,Dutch Grand Prix,R,SAI,Williams,52.0,3.0,HARD,22.0,78.318,26.494,28.43,23.394,289.0,278.0,319.0,310.0,1,True,False,True,False,2026-08-23 14:42:21.976,15.0,19.1,35.9,58.1,False,0.5,253.0
2026,12,Dutch Grand Prix,R,SAI,Williams,53.0,3.0,HARD,23.0,86.626,26.543,28.679,31.404,289.0,276.0,223.0,312.0,126,True,False,False,False,2026-08-23 14:43:40.294,14.0,19.2,35.0,57.6,False,1.7,92.0
2026,12,Dutch Grand Prix,R,SAI,Williams,54.0,3.0,HARD,24.0,104.249,37.074,36.72,30.455,284.0,211.0,222.0,190.0,6,True,False,False,False,2026-08-23 14:45:06.920,14.0,19.3,34.7,57.1,False,1.3,214.0
2026,12,Dutch Grand Prix,R,SAI,Williams,55.0,3.0,HARD,25.0,102.486,36.721,34.438,31.327,270.0,204.0,238.0,250.0,6,True,False,False,False,2026-08-23 14:46:51.169,14.0,19.2,35.4,58.4,False,2.3,193.0
2026,12,Dutch Grand Prix,R,SAI,Williams,56.0,3.0,HARD,26.0,82.866,31.485,28.067,23.314,298.0,290.0,321.0,164.0,671,True,False,False,False,2026-08-23 14:48:33.655,14.0,19.1,33.7,59.5,False,0.8,283.0
2026,12,Dutch Grand Prix,R,SAI,Williams,57.0,3.0,HARD,27.0,77.967,26.268,28.35,23.349,294.0,279.0,320.0,317.0,1,True,True,True,False,2026-08-23 14:49:56.521,14.0,19.2,34.8,58.4,False,0.9,50.0
2026,12,Dutch Grand Prix,R,SAI,Williams,58.0,3.0,HARD,28.0,78.245,26.466,28.427,23.352,282.0,277.0,321.0,314.0,1,True,False,True,False,2026-08-23 14:51:14.488,14.0,19.2,36.1,58.6,False,1.3,116.0
2026,12,Dutch Grand Prix,R,SAI,Williams,59.0,3.0,HARD,29.0,79.57,26.426,29.407,23.737,282.0,285.0,328.0,317.0,1,True,False,True,False,2026-08-23 14:52:32.733,15.0,19.2,36.3,58.6,False,0.7,20.0
2026,12,Dutch Grand Prix,R,SAI,Williams,60.0,3.0,HARD,30.0,78.403,26.439,28.64,23.324,283.0,276.0,322.0,320.0,1,True,False,True,False,2026-08-23 14:53:52.303,15.0,19.3,37.1,58.0,False,0.8,194.0
2026,12,Dutch Grand Prix,R,SAI,Williams,61.0,3.0,HARD,31.0,78.301,26.546,28.534,23.221,291.0,282.0,321.0,313.0,1,True,False,True,False,2026-08-23 14:55:10.706,16.0,19.5,37.8,56.9,True,2.4,35.0
2026,12,Dutch Grand Prix,R,SAI,Williams,62.0,3.0,HARD,32.0,78.43,26.444,28.563,23.423,281.0,279.0,321.0,316.0,1,True,False,True,False,2026-08-23 14:56:29.007,16.0,19.5,38.0,55.6,False,0.7,13.0
2026,12,Dutch Grand Prix,R,SAI,Williams,63.0,3.0,HARD,33.0,78.844,26.666,28.666,23.512,285.0,277.0,320.0,312.0,1,True,False,True,False,2026-08-23 14:57:47.437,16.0,19.5,38.2,56.3,False,0.9,101.0
2026,12,Dutch Grand Prix,R,SAI,Williams,64.0,3.0,HARD,34.0,79.732,26.752,29.344,23.636,283.0,281.0,322.0,301.0,1,True,False,True,False,2026-08-23 14:59:06.281,16.0,19.4,36.8,58.0,False,1.9,142.0
2026,12,Dutch Grand Prix,R,SAI,Williams,65.0,3.0,HARD,35.0,105.224,41.81,32.92,30.494,155.0,236.0,,315.0,1,True,False,False,False,2026-08-23 15:00:26.013,16.0,19.3,35.7,58.8,True,1.2,343.0
2026,12,Dutch Grand Prix,R,SAI,Williams,66.0,4.0,SOFT,3.0,95.814,44.309,28.299,23.206,285.0,287.0,322.0,315.0,1,False,False,False,False,2026-08-23 15:02:11.237,17.0,19.2,34.6,57.8,False,1.4,53.0
2026,12,Dutch Grand Prix,R,SAI,Williams,67.0,4.0,SOFT,4.0,93.11,26.138,36.829,30.143,292.0,208.0,290.0,310.0,167,False,False,False,False,2026-08-23 15:03:47.051,16.0,19.1,34.3,56.1,True,1.5,71.0
2026,12,Dutch Grand Prix,R,SAI,Williams,68.0,4.0,SOFT,5.0,78.129,27.31,27.764,23.055,301.0,293.0,324.0,243.0,71,False,False,False,False,2026-08-23 15:05:20.161,16.0,19.1,33.6,54.5,False,1.6,36.0
2026,12,Dutch Grand Prix,R,SAI,Williams,69.0,4.0,SOFT,6.0,77.328,26.289,27.829,23.21,291.0,280.0,325.0,298.0,1,False,True,True,False,2026-08-23 15:06:38.290,16.0,19.2,33.0,54.8,False,2.8,31.0
2026,12,Dutch Grand Prix,R,SAI,Williams,70.0,4.0,SOFT,7.0,78.307,26.403,28.257,23.647,296.0,281.0,312.0,304.0,1,False,False,True,False,2026-08-23 15:07:55.618,16.0,19.1,32.3,54.0,False,1.1,52.0
2026,12,Dutch Grand Prix,R,RUS,Mercedes,1.0,1.0,MEDIUM,1.0,85.937,,27.717,25.891,284.0,278.0,318.0,212.0,1,True,False,False,False,2026-08-23 13:03:28.568,3.0,18.7,32.9,56.2,False,2.2,96.0
2026,12,Dutch Grand Prix,R,RUS,Mercedes,2.0,1.0,MEDIUM,2.0,126.236,26.817,40.909,58.51,285.0,136.0,,262.0,125,True,False,False,False,2026-08-23 13:04:53.236,3.0,18.7,32.6,56.5,False,1.1,73.0
2026,12,Dutch Grand Prix,R,RUS,Mercedes,3.0,2.0,MEDIUM,3.0,,,35.135,62.378,251.0,224.0,51.0,262.0,1,False,False,False,False,2026-08-23 13:33:00.089,3.0,16.6,26.4,72.3,False,1.3,29.0
2026,12,Dutch Grand Prix,R,RUS,Mercedes,4.0,2.0,MEDIUM,4.0,,,28.967,57.762,242.0,246.0,54.0,147.0,12,False,False,False,False,2026-08-23 13:35:21.909,3.0,16.6,26.1,72.4,False,0.9,46.0
2026,12,Dutch Grand Prix,R,RUS,Mercedes,5.0,2.0,MEDIUM,5.0,141.809,89.781,28.59,23.438,264.0,265.0,328.0,220.0,12,False,True,True,False,2026-08-23 13:38:41.116,4.0,16.8,26.9,72.8,False,0.6,42.0
2026,12,Dutch Grand Prix,R,RUS,Mercedes,6.0,2.0,MEDIUM,6.0,77.958,26.774,27.981,23.203,285.0,266.0,332.0,282.0,1,False,True,True,False,2026-08-23 13:41:02.925,4.0,16.9,27.9,71.5,False,1.5,13.0
2026,12,Dutch Grand Prix,R,RUS,Mercedes,7.0,2.0,MEDIUM,7.0,77.544,26.498,27.877,23.169,278.0,275.0,325.0,289.0,1,False,True,True,False,2026-08-23 13:42:20.883,4.0,17.0,27.7,70.5,False,1.4,49.0
2026,12,Dutch Grand Prix,R,RUS,Mercedes,8.0,2.0,MEDIUM,8.0,77.314,26.277,27.94,23.097,277.0,271.0,324.0,299.0,1,False,True,True,False,2026-08-23 13:43:38.427,4.0,17.1,27.5,70.2,False,2.9,23.0
2026,12,Dutch Grand Prix,R,RUS,Mercedes,9.0,2.0,MEDIUM,9.0,76.981,26.033,27.832,23.116,281.0,274.0,324.0,308.0,1,False,True,True,False,2026-08-23 13:44:55.741,4.0,17.2,27.6,68.8,False,1.6,38.0
2026,12,Dutch Grand Prix,R,RUS,Mercedes,10.0,2.0,MEDIUM,10.0,77.349,26.125,28.121,23.103,278.0,269.0,324.0,312.0,1,False,False,True,False,2026-08-23 13:46:12.722,4.0,17.3,28.3,68.3,False,0.8,346.0
2026,12,Dutch Grand Prix,R,RUS,Mercedes,11.0,2.0,MEDIUM,11.0,77.534,26.175,28.261,23.098,276.0,270.0,324.0,309.0,1,False,False,True,False,2026-08-23 13:47:30.071,4.0,17.4,28.8,67.9,False,1.2,25.0
2026,12,Dutch Grand Prix,R,RUS,Mercedes,12.0,2.0,MEDIUM,12.0,77.289,26.128,28.076,23.085,278.0,269.0,324.0,311.0,1,False,False,True,False,2026-08-23 13:48:47.605,4.0,17.5,29.1,67.3,False,2.0,43.0
2026,12,Dutch Grand Prix,R,RUS,Mercedes,13.0,2.0,MEDIUM,13.0,77.422,26.092,28.184,23.146,279.0,272.0,323.0,313.0,1,False,False,True,False,2026-08-23 13:50:04.894,4.0,17.6,29.6,64.8,False,1.2,80.0
2026,12,Dutch Grand Prix,R,RUS,Mercedes,14.0,2.0,MEDIUM,14.0,77.621,26.05,28.417,23.154,278.0,270.0,323.0,316.0,1,False,False,True,False,2026-08-23 13:51:22.316,4.0,17.7,29.7,64.9,False,0.9,15.0
2026,12,Dutch Grand Prix,R,RUS,Mercedes,15.0,2.0,MEDIUM,15.0,77.792,26.086,28.426,23.28,279.0,270.0,322.0,310.0,1,False,False,True,False,2026-08-23 13:52:39.937,4.0,17.7,30.2,64.0,False,0.7,127.0
2026,12,Dutch Grand Prix,R,RUS,Mercedes,16.0,2.0,MEDIUM,16.0,77.656,26.127,28.346,23.183,280.0,272.0,322.0,311.0,1,False,False,True,False,2026-08-23 13:53:57.729,4.0,17.8,30.3,63.7,False,0.0,0.0
2026,12,Dutch Grand Prix,R,RUS,Mercedes,17.0,2.0,MEDIUM,17.0,80.135,26.208,28.156,25.771,277.0,274.0,,314.0,1,False,False,False,False,2026-08-23 13:55:15.385,6.0,17.9,30.3,61.1,False,1.6,70.0
2026,12,Dutch Grand Prix,R,RUS,Mercedes,18.0,3.0,HARD,1.0,93.672,42.558,27.89,23.224,289.0,278.0,324.0,314.0,1,True,False,False,False,2026-08-23 13:56:35.520,7.0,17.8,30.5,62.1,False,1.3,14.0
2026,12,Dutch Grand Prix,R,RUS,Mercedes,19.0,3.0,HARD,2.0,76.182,25.785,27.463,22.934,274.0,269.0,321.0,312.0,1,True,True,True,False,2026-08-23 13:58:09.192,6.0,17.9,30.5,61.0,False,0.8,58.0
2026,12,Dutch Grand Prix,R,RUS,Mercedes,20.0,3.0,HARD,3.0,76.569,25.907,27.726,22.936,281.0,275.0,321.0,310.0,1,True,False,True,False,2026-08-23 13:59:25.374,6.0,17.9,30.9,61.9,False,1.7,40.0
2026,12,Dutch Grand Prix,R,RUS,Mercedes,21.0,3.0,HARD,4.0,76.545,25.822,27.862,22.861,280.0,275.0,320.0,307.0,1,True,False,True,False,2026-08-23 14:00:41.943,5.0,18.0,30.9,61.3,False,1.0,56.0
2026,12,Dutch Grand Prix,R,RUS,Mercedes,22.0,3.0,HARD,5.0,76.417,25.922,27.667,22.828,281.0,274.0,322.0,309.0,1,True,False,True,False,2026-08-23 14:01:58.488,4.0,18.0,30.6,61.1,False,2.0,92.0
2026,12,Dutch Grand Prix,R,RUS,Mercedes,23.0,3.0,HARD,6.0,76.295,25.779,27.721,22.795,279.0,275.0,322.0,312.0,1,True,False,True,False,2026-08-23 14:03:14.905,4.0,18.1,32.5,60.5,False,1.1,130.0
2026,12,Dutch Grand Prix,R,RUS,Mercedes,24.0,3.0,HARD,7.0,76.615,25.8,27.875,22.94,280.0,272.0,322.0,310.0,1,True,False,True,False,2026-08-23 14:04:31.200,4.0,18.2,32.5,60.5,False,1.1,130.0
2026,12,Dutch Grand Prix,R,RUS,Mercedes,25.0,3.0,HARD,8.0,76.663,25.946,27.786,22.931,279.0,272.0,321.0,312.0,1,True,False,True,False,2026-08-23 14:05:47.815,4.0,18.2,32.6,59.2,False,0.9,67.0
2026,12,Dutch Grand Prix,R,RUS,Mercedes,26.0,3.0,HARD,9.0,76.689,25.913,27.893,22.883,279.0,275.0,321.0,313.0,1,True,False,True,False,2026-08-23 14:07:04.478,3.0,18.4,32.7,59.3,False,1.5,95.0
2026,12,Dutch Grand Prix,R,RUS,Mercedes,27.0,3.0,HARD,10.0,76.517,25.826,27.87,22.821,280.0,273.0,321.0,314.0,1,True,False,True,False,2026-08-23 14:08:21.167,3.0,18.5,32.5,59.9,False,0.8,93.0
2026,12,Dutch Grand Prix,R,RUS,Mercedes,28.0,3.0,HARD,11.0,76.703,25.928,27.876,22.899,278.0,271.0,321.0,312.0,1,True,False,True,False,2026-08-23 14:09:37.684,3.0,18.7,32.1,58.3,False,1.3,5.0
2026,12,Dutch Grand Prix,R,RUS,Mercedes,29.0,3.0,HARD,12.0,76.599,25.899,27.804,22.896,279.0,273.0,321.0,315.0,1,True,False,True,False,2026-08-23 14:10:54.387,3.0,18.7,33.3,58.3,False,1.8,58.0
2026,12,Dutch Grand Prix,R,RUS,Mercedes,30.0,3.0,HARD,13.0,76.595,25.842,27.743,23.01,279.0,275.0,323.0,313.0,1,True,False,True,False,2026-08-23 14:12:10.986,3.0,18.9,33.9,57.0,False,1.4,18.0
2026,12,Dutch Grand Prix,R,RUS,Mercedes,31.0,3.0,HARD,14.0,76.53,25.895,27.846,22.789,280.0,275.0,323.0,311.0,1,True,False,True,False,2026-08-23 14:13:27.581,3.0,18.8,34.8,57.3,False,1.8,13.0
2026,12,Dutch Grand Prix,R,RUS,Mercedes,32.0,3.0,HARD,15.0,76.958,25.853,27.948,23.157,280.0,277.0,329.0,318.0,1,True,False,True,False,2026-08-23 14:14:44.111,3.0,18.8,35.5,57.0,False,0.0,0.0
2026,12,Dutch Grand Prix,R,RUS,Mercedes,33.0,3.0,HARD,16.0,76.841,26.015,27.901,22.925,285.0,276.0,321.0,312.0,1,True,False,True,False,2026-08-23 14:16:01.069,3.0,19.1,35.3,56.9,False,1.5,60.0
2026,12,Dutch Grand Prix,R,RUS,Mercedes,34.0,3.0,HARD,17.0,76.857,25.899,27.83,23.128,283.0,274.0,321.0,313.0,1,True,False,True,False,2026-08-23 14:17:17.910,3.0,19.0,34.4,56.5,False,1.4,90.0
2026,12,Dutch Grand Prix,R,RUS,Mercedes,35.0,3.0,HARD,18.0,76.944,25.937,27.926,23.081,281.0,274.0,324.0,311.0,1,True,False,True,False,2026-08-23 14:18:34.767,3.0,19.0,34.0,55.9,False,1.2,99.0
2026,12,Dutch Grand Prix,R,RUS,Mercedes,36.0,3.0,HARD,19.0,77.176,25.995,27.964,23.217,283.0,278.0,327.0,314.0,1,True,False,True,False,2026-08-23 14:19:51.711,3.0,18.9,32.0,54.8,False,0.5,45.0
2026,12,Dutch Grand Prix,R,RUS,Mercedes,37.0,3.0,HARD,20.0,76.918,26.021,27.805,23.092,283.0,276.0,322.0,306.0,1,True,False,True,False,2026-08-23 14:21:08.887,3.0,18.8,33.0,55.5,False,1.0,74.0
2026,12,Dutch Grand Prix,R,RUS,Mercedes,38.0,3.0,HARD,21.0,76.762,25.924,27.843,22.995,284.0,278.0,323.0,314.0,1,True,False,True,False,2026-08-23 14:22:25.805,3.0,18.7,32.6,56.5,False,1.7,86.0
2026,12,Dutch Grand Prix,R,RUS,Mercedes,39.0,3.0,HARD,22.0,77.402,26.148,28.174,23.08,283.0,277.0,323.0,305.0,1,True,False,True,False,2026-08-23 14:23:42.567,3.0,18.8,32.3,55.9,False,1.0,69.0
2026,12,Dutch Grand Prix,R,RUS,Mercedes,40.0,3.0,HARD,23.0,79.493,25.918,27.892,25.683,281.0,277.0,,315.0,1,True,False,False,False,2026-08-23 14:24:59.969,5.0,18.5,32.0,58.0,False,2.4,103.0
2026,12,Dutch Grand Prix,R,RUS,Mercedes,41.0,4.0,HARD,1.0,92.107,42.112,27.248,22.747,285.0,281.0,324.0,315.0,1,True,False,False,False,2026-08-23 14:26:19.462,6.0,18.6,31.3,57.2,False,1.4,153.0
2026,12,Dutch Grand Prix,R,RUS,Mercedes,42.0,4.0,HARD,2.0,75.824,25.763,27.477,22.584,280.0,272.0,322.0,312.0,1,True,True,True,False,2026-08-23 14:27:51.569,6.0,18.5,33.2,58.0,False,0.6,108.0
2026,12,Dutch Grand Prix,R,RUS,Mercedes,43.0,4.0,HARD,3.0,75.415,25.627,27.152,22.636,279.0,279.0,324.0,313.0,1,True,True,True,False,2026-08-23 14:29:07.393,6.0,18.4,34.3,58.6,False,0.8,130.0
2026,12,Dutch Grand Prix,R,RUS,Mercedes,44.0,4.0,HARD,4.0,76.697,25.686,28.039,22.972,281.0,281.0,331.0,310.0,1,True,False,True,False,2026-08-23 14:30:22.808,4.0,18.4,35.0,58.2,True,0.9,109.0
2026,12,Dutch Grand Prix,R,RUS,Mercedes,45.0,4.0,HARD,5.0,75.947,25.979,27.282,22.686,283.0,276.0,320.0,300.0,1,True,False,True,False,2026-08-23 14:31:39.505,4.0,18.4,35.0,58.2,True,0.9,109.0
2026,12,Dutch Grand Prix,R,RUS,Mercedes,46.0,4.0,HARD,6.0,75.393,25.548000000000002,27.238,22.607,282.0,278.0,321.0,314.0,1,True,True,True,False,2026-08-23 14:32:55.452,4.0,18.6,35.1,57.5,False,0.0,0.0
2026,12,Dutch Grand Prix,R,RUS,Mercedes,47.0,4.0,HARD,7.0,75.583,25.62,27.291,22.672,282.0,275.0,320.0,315.0,1,True,False,True,False,2026-08-23 14:34:10.845,4.0,18.8,34.7,57.5,False,1.1,75.0
2026,12,Dutch Grand Prix,R,RUS,Mercedes,48.0,4.0,HARD,8.0,75.825,25.701999999999998,27.385,22.738,290.0,274.0,318.0,309.0,1,True,False,True,False,2026-08-23 14:35:26.428,4.0,18.8,34.8,58.0,False,0.4,225.0
2026,12,Dutch Grand Prix,R,RUS,Mercedes,49.0,4.0,HARD,9.0,75.533,25.564,27.278,22.691,286.0,277.0,322.0,304.0,1,True,False,True,False,2026-08-23 14:36:42.253,4.0,18.8,35.2,58.1,False,2.1,105.0
2026,12,Dutch Grand Prix,R,RUS,Mercedes,50.0,4.0,HARD,10.0,75.571,25.507,27.416,22.648,287.0,279.0,333.0,310.0,1,True,False,True,False,2026-08-23 14:37:57.786,4.0,18.8,34.7,58.2,False,2.0,60.0
2026,12,Dutch Grand Prix,R,RUS,Mercedes,51.0,4.0,HARD,11.0,75.623,25.75,27.273,22.6,293.0,283.0,323.0,300.0,1,True,False,True,False,2026-08-23 14:39:13.357,4.0,18.9,35.5,57.9,False,1.3,102.0
2026,12,Dutch Grand Prix,R,RUS,Mercedes,52.0,4.0,HARD,12.0,75.662,25.63,27.416,22.616,289.0,278.0,320.0,305.0,1,True,False,True,False,2026-08-23 14:40:28.980,4.0,18.9,35.9,57.8,False,0.4,204.0
2026,12,Dutch Grand Prix,R,RUS,Mercedes,53.0,4.0,HARD,13.0,75.546,25.637,27.229,22.68,287.0,278.0,321.0,304.0,1,True,False,True,False,2026-08-23 14:41:44.642,4.0,19.0,35.4,58.1,False,0.6,24.0
2026,12,Dutch Grand Prix,R,RUS,Mercedes,54.0,4.0,HARD,14.0,75.654,25.599,27.308,22.747,286.0,276.0,320.0,308.0,12,True,False,True,False,2026-08-23 14:43:00.188,4.0,19.2,35.0,57.6,False,1.7,92.0
2026,12,Dutch Grand Prix,R,RUS,Mercedes,55.0,4.0,HARD,15.0,99.353,31.399,35.749,32.205,224.0,180.0,235.0,301.0,26,True,False,False,False,2026-08-23 14:44:15.842,4.0,19.2,35.3,57.5,False,0.6,312.0
2026,12,Dutch Grand Prix,R,RUS,Mercedes,56.0,4.0,HARD,16.0,104.032,35.96,36.123,31.949,240.0,223.0,242.0,209.0,6,True,False,False,False,2026-08-23 14:45:55.195,3.0,19.3,34.7,57.1,False,1.3,214.0
2026,12,Dutch Grand Prix,R,RUS,Mercedes,57.0,4.0,HARD,17.0,94.171,35.924,34.454,23.793,243.0,255.0,322.0,251.0,671,True,False,False,False,2026-08-23 14:47:39.227,2.0,19.1,34.9,58.5,False,0.6,306.0
2026,12,Dutch Grand Prix,R,RUS,Mercedes,58.0,4.0,HARD,18.0,75.581,25.755,27.21,22.616,284.0,278.0,318.0,309.0,1,True,False,True,False,2026-08-23 14:49:13.398,2.0,19.2,34.8,58.4,False,0.9,50.0
2026,12,Dutch Grand Prix,R,RUS,Mercedes,59.0,4.0,HARD,19.0,75.474,25.58,27.299,22.595,287.0,276.0,318.0,306.0,1,True,False,True,False,2026-08-23 14:50:28.979,2.0,19.3,35.2,58.5,False,1.5,94.0
2026,12,Dutch Grand Prix,R,RUS,Mercedes,60.0,4.0,HARD,20.0,75.419,25.605,27.246,22.568,286.0,277.0,321.0,304.0,1,True,False,True,False,2026-08-23 14:51:44.453,2.0,19.2,36.1,58.6,False,1.3,116.0
2026,12,Dutch Grand Prix,R,RUS,Mercedes,61.0,4.0,HARD,21.0,75.436,25.492,27.245,22.699,285.0,278.0,319.0,305.0,1,True,False,True,False,2026-08-23 14:52:59.872,2.0,19.3,37.1,58.0,False,0.8,194.0
2026,12,Dutch Grand Prix,R,RUS,Mercedes,62.0,4.0,HARD,22.0,75.484,25.641,27.283,22.56,286.0,278.0,319.0,300.0,1,True,False,True,False,2026-08-23 14:54:15.308,2.0,19.5,37.3,58.1,True,1.1,46.0
2026,12,Dutch Grand Prix,R,RUS,Mercedes,63.0,4.0,HARD,23.0,75.633,25.622,27.434,22.576999999999998,285.0,278.0,321.0,302.0,1,True,False,True,False,2026-08-23 14:55:30.792,2.0,19.5,37.8,56.9,True,2.4,35.0
2026,12,Dutch Grand Prix,R,RUS,Mercedes,64.0,4.0,HARD,24.0,75.665,25.691,27.329,22.645,283.0,278.0,321.0,308.0,1,True,False,True,False,2026-08-23 14:56:46.425,2.0,19.5,38.0,55.6,False,0.7,13.0
2026,12,Dutch Grand Prix,R,RUS,Mercedes,65.0,4.0,HARD,25.0,75.461,25.54,27.205,22.716,285.0,278.0,321.0,311.0,1,True,False,True,False,2026-08-23 14:58:02.090,2.0,19.5,37.4,58.4,False,2.3,158.0
2026,12,Dutch Grand Prix,R,RUS,Mercedes,66.0,4.0,HARD,26.0,77.582,27.086,27.666,22.83,287.0,275.0,325.0,235.0,1,True,False,True,False,2026-08-23 14:59:17.551,3.0,19.4,36.8,58.0,False,1.9,142.0
2026,12,Dutch Grand Prix,R,RUS,Mercedes,67.0,4.0,HARD,27.0,76.397,25.902,27.682,22.813,282.0,279.0,323.0,318.0,1,True,False,True,False,2026-08-23 15:00:35.133,3.0,19.3,35.7,58.8,True,1.2,343.0
2026,12,Dutch Grand Prix,R,RUS,Mercedes,68.0,4.0,HARD,28.0,75.999,25.772,27.469,22.758,281.0,279.0,323.0,317.0,1,True,False,True,False,2026-08-23 15:01:51.530,3.0,19.3,36.1,57.1,False,0.9,177.0
2026,12,Dutch Grand Prix,R,RUS,Mercedes,69.0,4.0,HARD,29.0,77.076,25.704,27.632,23.74,280.0,287.0,166.0,310.0,16,True,False,False,False,2026-08-23 15:03:07.529,3.0,19.1,34.3,56.1,True,1.5,71.0
2026,12,Dutch Grand Prix,R,RUS,Mercedes,70.0,4.0,HARD,30.0,92.041,38.148,31.182,22.711,201.0,288.0,322.0,187.0,671,True,False,False,False,2026-08-23 15:04:24.605,3.0,19.2,33.3,55.1,False,2.0,106.0
2026,12,Dutch Grand Prix,R,RUS,Mercedes,71.0,4.0,HARD,31.0,75.572,25.678,27.235,22.659,282.0,289.0,322.0,320.0,1,True,False,True,False,2026-08-23 15:05:56.646,3.0,19.1,33.6,54.5,False,1.6,36.0
2026,12,Dutch Grand Prix,R,RUS,Mercedes,72.0,4.0,HARD,32.0,75.778,25.719,27.301,22.758,287.0,284.0,312.0,322.0,1,True,False,True,False,2026-08-23 15:07:12.218,3.0,19.1,32.3,54.0,False,1.1,52.0
2026,12,Dutch Grand Prix,R,BOT,Cadillac,1.0,1.0,HARD,1.0,101.015,,30.198,32.647,260.0,265.0,248.0,200.0,12,True,False,False,False,2026-08-23 13:03:28.568,20.0,18.7,32.9,56.2,False,2.2,96.0
2026,12,Dutch Grand Prix,R,BOT,Cadillac,2.0,1.0,HARD,2.0,,42.734,45.911,79.806,104.0,132.0,,234.0,25,True,False,False,False,2026-08-23 13:05:08.354,21.0,18.7,33.2,57.5,False,0.7,58.0
2026,12,Dutch Grand Prix,R,BOT,Cadillac,3.0,2.0,HARD,1.0,,,31.352,85.798,257.0,158.0,56.0,234.0,12,True,False,False,False,2026-08-23 13:33:00.089,17.0,16.6,26.4,72.3,False,1.3,29.0
2026,12,Dutch Grand Prix,R,BOT,Cadillac,4.0,2.0,HARD,2.0,,44.168,30.644,79.327,255.0,171.0,158.0,96.0,1,True,False,False,False,2026-08-23 13:37:09.969,17.0,16.7,26.5,72.9,False,0.0,0.0
2026,12,Dutch Grand Prix,R,BOT,Cadillac,5.0,2.0,HARD,3.0,85.96,31.032,30.127,24.801,266.0,283.0,327.0,213.0,12,True,True,True,False,2026-08-23 13:39:43.990,18.0,16.8,27.0,72.6,False,0.8,76.0
2026,12,Dutch Grand Prix,R,BOT,Cadillac,6.0,2.0,HARD,4.0,80.786,27.77,29.034,23.982,285.0,277.0,332.0,252.0,1,True,True,True,False,2026-08-23 13:41:09.950,17.0,16.9,27.9,71.5,False,1.5,13.0
2026,12,Dutch Grand Prix,R,BOT,Cadillac,7.0,2.0,HARD,5.0,80.093,27.507,28.922,23.664,280.0,272.0,331.0,274.0,1,True,True,True,False,2026-08-23 13:42:30.736,17.0,17.0,27.7,70.5,False,1.4,49.0
2026,12,Dutch Grand Prix,R,BOT,Cadillac,8.0,2.0,HARD,6.0,79.902,27.247,28.956,23.699,282.0,265.0,327.0,280.0,1,True,True,True,False,2026-08-23 13:43:50.829,17.0,17.1,27.5,70.2,False,2.9,23.0
2026,12,Dutch Grand Prix,R,BOT,Cadillac,9.0,2.0,HARD,7.0,79.744,27.068,29.004,23.672,279.0,262.0,317.0,286.0,1,True,True,True,False,2026-08-23 13:45:10.731,17.0,17.2,28.1,67.4,False,1.5,47.0
2026,12,Dutch Grand Prix,R,BOT,Cadillac,10.0,2.0,HARD,8.0,79.773,27.085,28.984,23.704,279.0,269.0,317.0,295.0,1,True,False,True,False,2026-08-23 13:46:30.475,17.0,17.3,28.3,68.3,False,0.8,346.0
2026,12,Dutch Grand Prix,R,BOT,Cadillac,11.0,2.0,HARD,9.0,79.717,27.146,28.948,23.623,281.0,265.0,314.0,289.0,1,True,True,True,False,2026-08-23 13:47:50.248,17.0,17.4,28.8,67.9,False,1.2,25.0
2026,12,Dutch Grand Prix,R,BOT,Cadillac,12.0,2.0,HARD,10.0,79.702,27.063,29.001,23.638,281.0,263.0,314.0,291.0,1,True,True,True,False,2026-08-23 13:49:09.965,16.0,17.5,29.3,65.9,False,2.2,49.0
2026,12,Dutch Grand Prix,R,BOT,Cadillac,13.0,2.0,HARD,11.0,79.869,27.058,29.123,23.688,278.0,263.0,311.0,293.0,1,True,False,True,False,2026-08-23 13:50:29.667,16.0,17.6,29.6,64.8,False,1.2,80.0
2026,12,Dutch Grand Prix,R,BOT,Cadillac,14.0,2.0,HARD,12.0,80.338,27.121,29.297,23.92,281.0,263.0,315.0,291.0,1,True,False,True,False,2026-08-23 13:51:49.536,16.0,17.7,29.7,64.9,False,0.9,15.0
2026,12,Dutch Grand Prix,R,BOT,Cadillac,15.0,2.0,HARD,13.0,81.452,27.954,29.447,24.051,276.0,260.0,310.0,302.0,1,True,False,True,False,2026-08-23 13:53:09.874,17.0,17.8,30.3,63.7,False,0.0,0.0
2026,12,Dutch Grand Prix,R,BOT,Cadillac,16.0,2.0,HARD,14.0,80.398,27.157,29.258,23.983,274.0,259.0,311.0,295.0,1,True,False,True,False,2026-08-23 13:54:31.326,16.0,17.9,30.1,62.8,False,2.3,62.0
2026,12,Dutch Grand Prix,R,BOT,Cadillac,17.0,2.0,HARD,15.0,80.206,27.089,29.179,23.938,278.0,261.0,310.0,294.0,1,True,False,True,False,2026-08-23 13:55:51.724,15.0,17.9,30.3,61.1,False,1.6,70.0
2026,12,Dutch Grand Prix,R,BOT,Cadillac,18.0,2.0,HARD,16.0,80.864,27.218,29.424,24.222,279.0,266.0,312.0,297.0,1,True,False,True,False,2026-08-23 13:57:11.930,15.0,17.9,30.4,62.5,False,0.9,83.0
2026,12,Dutch Grand Prix,R,BOT,Cadillac,19.0,2.0,HARD,17.0,81.149,27.806,29.406,23.937,280.0,266.0,313.0,248.0,1,True,False,True,False,2026-08-23 13:58:32.794,16.0,17.9,30.5,61.0,False,0.8,58.0
2026,12,Dutch Grand Prix,R,BOT,Cadillac,20.0,2.0,HARD,18.0,80.229,27.079,29.298,23.852,279.0,266.0,313.0,293.0,1,True,False,True,False,2026-08-23 13:59:53.943,16.0,17.9,30.9,61.9,False,1.7,40.0
2026,12,Dutch Grand Prix,R,BOT,Cadillac,21.0,2.0,HARD,19.0,80.093,26.974,29.352,23.767,278.0,264.0,312.0,295.0,1,True,False,True,False,2026-08-23 14:01:14.172,16.0,18.0,30.6,61.1,False,2.0,92.0
2026,12,Dutch Grand Prix,R,BOT,Cadillac,22.0,2.0,HARD,20.0,80.366,27.115,29.398,23.853,278.0,261.0,311.0,286.0,1,True,False,True,False,2026-08-23 14:02:34.265,16.0,18.0,30.8,60.2,False,0.5,335.0
2026,12,Dutch Grand Prix,R,BOT,Cadillac,23.0,2.0,HARD,21.0,80.402,27.122,29.356,23.924,279.0,261.0,310.0,287.0,1,True,False,True,False,2026-08-23 14:03:54.631,16.0,18.1,32.5,60.5,False,1.1,130.0
2026,12,Dutch Grand Prix,R,BOT,Cadillac,24.0,2.0,HARD,22.0,80.209,27.16,29.081,23.968,281.0,263.0,311.0,288.0,1,True,False,True,False,2026-08-23 14:05:15.033,16.0,18.2,32.6,59.2,False,0.9,67.0
2026,12,Dutch Grand Prix,R,BOT,Cadillac,25.0,2.0,HARD,23.0,80.8,26.941,29.363,24.496,278.0,262.0,322.0,296.0,1,True,False,True,False,2026-08-23 14:06:35.242,17.0,18.3,32.6,59.2,False,0.9,67.0
2026,12,Dutch Grand Prix,R,BOT,Cadillac,26.0,2.0,HARD,24.0,81.049,27.116,29.335,24.598,282.0,268.0,327.0,297.0,1,True,False,True,False,2026-08-23 14:07:56.042,18.0,18.4,32.7,59.3,False,1.5,95.0
2026,12,Dutch Grand Prix,R,BOT,Cadillac,27.0,2.0,HARD,25.0,80.538,27.119,29.439,23.98,283.0,265.0,315.0,288.0,1,True,False,True,False,2026-08-23 14:09:17.091,18.0,18.7,32.1,58.3,False,1.3,5.0
2026,12,Dutch Grand Prix,R,BOT,Cadillac,28.0,2.0,HARD,26.0,84.034,27.23,29.34,27.464,278.0,262.0,,293.0,1,True,False,False,False,2026-08-23 14:10:37.629,19.0,18.7,33.3,58.3,False,1.8,58.0
2026,12,Dutch Grand Prix,R,BOT,Cadillac,29.0,3.0,HARD,3.0,98.219,46.071,28.455,23.693,279.0,268.0,313.0,293.0,1,False,False,False,False,2026-08-23 14:12:01.663,20.0,18.9,33.9,57.0,False,1.4,18.0
2026,12,Dutch Grand Prix,R,BOT,Cadillac,30.0,3.0,HARD,4.0,79.366,27.314,28.475,23.576999999999998,282.0,281.0,317.0,291.0,1,False,True,True,False,2026-08-23 14:13:39.882,20.0,18.8,34.8,57.3,False,1.8,13.0
2026,12,Dutch Grand Prix,R,BOT,Cadillac,31.0,3.0,HARD,5.0,78.788,26.802,28.525,23.461,271.0,263.0,309.0,290.0,1,False,True,True,False,2026-08-23 14:14:59.248,20.0,18.9,35.3,56.4,True,0.6,338.0
2026,12,Dutch Grand Prix,R,BOT,Cadillac,32.0,3.0,HARD,6.0,78.843,26.784,28.456,23.603,279.0,265.0,311.0,291.0,1,False,False,True,False,2026-08-23 14:16:18.036,20.0,19.1,35.3,56.9,False,1.5,60.0
2026,12,Dutch Grand Prix,R,BOT,Cadillac,33.0,3.0,HARD,7.0,78.632,26.644,28.454,23.534,281.0,264.0,310.0,293.0,1,False,True,True,False,2026-08-23 14:17:36.879,20.0,19.0,34.4,56.5,False,1.4,90.0
2026,12,Dutch Grand Prix,R,BOT,Cadillac,34.0,3.0,HARD,8.0,79.037,26.945,28.566,23.526,282.0,264.0,313.0,289.0,1,False,False,True,False,2026-08-23 14:18:55.511,20.0,19.0,34.0,55.9,False,1.2,99.0
2026,12,Dutch Grand Prix,R,BOT,Cadillac,35.0,3.0,HARD,9.0,79.127,26.9,28.621,23.606,280.0,265.0,311.0,283.0,1,False,False,True,False,2026-08-23 14:20:14.548,20.0,18.9,32.0,54.8,False,0.5,45.0
2026,12,Dutch Grand Prix,R,BOT,Cadillac,36.0,3.0,HARD,10.0,81.126,28.709,28.599,23.818,286.0,274.0,315.0,292.0,1,False,False,True,False,2026-08-23 14:21:33.675,20.0,18.8,33.0,55.5,False,1.0,74.0
2026,12,Dutch Grand Prix,R,BOT,Cadillac,37.0,3.0,HARD,11.0,79.149,26.774,28.813,23.562,282.0,267.0,313.0,292.0,1,False,False,True,False,2026-08-23 14:22:54.801,20.0,18.7,32.6,56.5,False,1.7,86.0
2026,12,Dutch Grand Prix,R,BOT,Cadillac,38.0,3.0,HARD,12.0,79.361,26.98,28.718,23.663,284.0,270.0,313.0,290.0,1,False,False,True,False,2026-08-23 14:24:13.950,20.0,18.6,32.8,57.0,False,0.9,93.0
2026,12,Dutch Grand Prix,R,BOT,Cadillac,39.0,3.0,HARD,13.0,79.429,26.948,28.767,23.714,280.0,264.0,310.0,299.0,1,False,False,True,False,2026-08-23 14:25:33.311,20.0,18.5,32.0,58.0,False,2.4,103.0
2026,12,Dutch Grand Prix,R,BOT,Cadillac,40.0,3.0,HARD,14.0,79.487,26.884,28.839,23.764,282.0,266.0,312.0,294.0,1,False,False,True,False,2026-08-23 14:26:52.740,20.0,18.6,31.3,57.2,False,1.4,153.0
2026,12,Dutch Grand Prix,R,BOT,Cadillac,41.0,3.0,HARD,15.0,79.991,27.014,29.057,23.92,280.0,266.0,311.0,288.0,1,False,False,True,False,2026-08-23 14:28:12.227,20.0,18.5,33.4,59.2,False,1.4,73.0
2026,12,Dutch Grand Prix,R,BOT,Cadillac,42.0,3.0,HARD,16.0,79.716,26.898,29.046,23.772,282.0,263.0,311.0,286.0,1,False,False,True,False,2026-08-23 14:29:32.218,20.0,18.4,34.3,58.6,False,0.8,130.0
2026,12,Dutch Grand Prix,R,BOT,Cadillac,43.0,3.0,HARD,17.0,80.126,27.165,29.119,23.842,282.0,269.0,312.0,288.0,1,False,False,True,False,2026-08-23 14:30:51.934,20.0,18.4,35.0,58.2,True,0.9,109.0
2026,12,Dutch Grand Prix,R,BOT,Cadillac,44.0,3.0,HARD,18.0,79.985,27.14,28.96,23.885,281.0,268.0,312.0,285.0,1,False,False,True,False,2026-08-23 14:32:12.060,20.0,18.6,35.1,57.5,False,0.0,0.0
2026,12,Dutch Grand Prix,R,BOT,Cadillac,45.0,3.0,HARD,19.0,80.422,27.215,29.164,24.043,282.0,265.0,310.0,279.0,1,False,False,True,False,2026-08-23 14:33:32.045,20.0,18.7,34.5,57.3,True,0.3,155.0
2026,12,Dutch Grand Prix,R,BOT,Cadillac,46.0,3.0,HARD,20.0,79.962,27.188,28.968,23.806,283.0,266.0,311.0,282.0,1,False,False,True,False,2026-08-23 14:34:52.467,19.0,18.8,34.7,57.5,False,1.1,75.0
2026,12,Dutch Grand Prix,R,BOT,Cadillac,47.0,3.0,HARD,21.0,80.215,27.187,29.102,23.926,286.0,267.0,313.0,281.0,1,False,False,True,False,2026-08-23 14:36:12.429,19.0,18.8,35.2,58.1,False,2.1,105.0
2026,12,Dutch Grand Prix,R,BOT,Cadillac,48.0,3.0,HARD,22.0,79.803,26.959,29.036,23.808,282.0,267.0,312.0,290.0,1,False,False,True,False,2026-08-23 14:37:32.644,19.0,18.8,34.7,58.2,False,2.0,60.0
2026,12,Dutch Grand Prix,R,BOT,Cadillac,49.0,3.0,HARD,23.0,80.177,27.008,29.063,24.106,285.0,267.0,312.0,289.0,1,False,False,True,False,2026-08-23 14:38:52.447,19.0,18.9,35.1,58.4,True,1.0,59.0
2026,12,Dutch Grand Prix,R,BOT,Cadillac,50.0,3.0,HARD,24.0,80.283,27.483,29.049,23.751,286.0,272.0,313.0,286.0,1,False,False,True,False,2026-08-23 14:40:12.624,19.0,18.9,35.9,57.8,False,0.4,204.0
2026,12,Dutch Grand Prix,R,BOT,Cadillac,51.0,3.0,HARD,25.0,86.669,27.283,31.434,27.951999999999998,282.0,270.0,,292.0,1,False,False,False,False,2026-08-23 14:41:32.907,19.0,19.0,35.4,58.1,False,0.6,24.0
2026,12,Dutch Grand Prix,R,BOT,Cadillac,52.0,4.0,SOFT,1.0,105.452,47.459,29.625,28.368,285.0,286.0,187.0,292.0,126,True,False,False,False,2026-08-23 14:42:59.576,19.0,19.2,35.0,57.6,False,1.7,92.0
2026,12,Dutch Grand Prix,R,BOT,Cadillac,53.0,4.0,SOFT,2.0,103.056,40.399,32.372,30.285,156.0,238.0,240.0,210.0,6,True,False,False,False,2026-08-23 14:44:45.028,18.0,19.2,35.3,57.5,False,0.6,312.0
2026,12,Dutch Grand Prix,R,BOT,Cadillac,54.0,4.0,SOFT,3.0,105.227,35.261,36.89,33.076,272.0,188.0,269.0,206.0,6,True,False,False,False,2026-08-23 14:46:28.084,18.0,19.2,35.4,58.4,False,2.3,193.0
2026,12,Dutch Grand Prix,R,BOT,Cadillac,55.0,4.0,SOFT,4.0,85.899,33.425,29.07,23.404,272.0,283.0,314.0,255.0,671,True,False,False,False,2026-08-23 14:48:13.311,18.0,19.1,33.7,59.5,False,0.8,283.0
2026,12,Dutch Grand Prix,R,BOT,Cadillac,56.0,4.0,SOFT,5.0,78.811,26.408,28.18,24.223,279.0,219.0,313.0,298.0,1,True,False,True,False,2026-08-23 14:49:39.210,18.0,19.2,34.8,58.4,False,0.9,50.0
2026,12,Dutch Grand Prix,R,BOT,Cadillac,57.0,4.0,SOFT,6.0,79.685,26.474,28.565,24.646,283.0,268.0,325.0,300.0,1,True,False,True,False,2026-08-23 14:50:58.021,18.0,19.3,35.2,58.5,False,1.5,94.0
2026,12,Dutch Grand Prix,R,BOT,Cadillac,58.0,4.0,SOFT,7.0,80.196,26.629,29.91,23.657,287.0,278.0,316.0,286.0,1,True,False,True,False,2026-08-23 14:52:17.706,18.0,19.2,36.3,58.6,False,0.7,20.0
2026,12,Dutch Grand Prix,R,BOT,Cadillac,59.0,4.0,SOFT,8.0,78.083,26.416,28.298,23.369,283.0,267.0,312.0,303.0,1,True,True,True,False,2026-08-23 14:53:37.902,18.0,19.3,37.1,58.0,False,0.8,194.0
2026,12,Dutch Grand Prix,R,BOT,Cadillac,60.0,4.0,SOFT,9.0,77.822,26.551,28.011,23.26,286.0,272.0,313.0,288.0,1,True,True,True,False,2026-08-23 14:54:55.985,18.0,19.5,37.3,58.1,True,1.1,46.0
2026,12,Dutch Grand Prix,R,BOT,Cadillac,61.0,4.0,SOFT,10.0,92.102,28.488,32.253,31.361,229.0,233.0,,300.0,1,True,False,False,False,2026-08-23 14:56:13.807,18.0,19.5,38.0,55.6,False,0.7,13.0
2026,12,Dutch Grand Prix,R,PIA,McLaren,1.0,1.0,MEDIUM,1.0,88.314,,28.288,26.796,293.0,282.0,316.0,203.0,1,True,False,False,False,2026-08-23 13:03:28.568,5.0,18.7,32.9,56.2,False,2.2,96.0
2026,12,Dutch Grand Prix,R,PIA,McLaren,2.0,1.0,MEDIUM,2.0,129.459,27.278,44.549,57.632,287.0,143.0,,250.0,125,True,False,False,False,2026-08-23 13:04:55.635,5.0,18.7,32.6,56.5,False,1.1,73.0
2026,12,Dutch Grand Prix,R,PIA,McLaren,3.0,2.0,HARD,1.0,,,33.011,64.263,247.0,225.0,62.0,250.0,1,True,False,False,False,2026-08-23 13:33:00.089,5.0,16.6,26.4,72.3,False,1.3,29.0
2026,12,Dutch Grand Prix,R,PIA,McLaren,4.0,2.0,HARD,2.0,,,29.255,58.193,254.0,250.0,65.0,148.0,12,True,False,False,False,2026-08-23 13:35:26.803,5.0,16.6,26.1,72.4,False,0.9,46.0
2026,12,Dutch Grand Prix,R,PIA,McLaren,5.0,2.0,HARD,3.0,136.665,85.116,27.978,23.571,283.0,262.0,312.0,218.0,12,True,True,True,False,2026-08-23 13:38:45.888,3.0,16.8,26.9,72.8,False,0.6,42.0
2026,12,Dutch Grand Prix,R,PIA,McLaren,6.0,2.0,HARD,4.0,77.846,26.745,27.71,23.391,265.0,267.0,315.0,301.0,1,True,True,True,False,2026-08-23 13:41:02.553,3.0,16.9,27.9,71.5,False,1.5,13.0
2026,12,Dutch Grand Prix,R,PIA,McLaren,7.0,2.0,HARD,5.0,77.005,26.384,27.567,23.054,272.0,271.0,309.0,297.0,1,True,True,True,False,2026-08-23 13:42:20.399,3.0,17.0,27.7,70.5,False,1.4,49.0
2026,12,Dutch Grand Prix,R,PIA,McLaren,8.0,2.0,HARD,6.0,77.03,26.214,27.608,23.208,279.0,274.0,314.0,301.0,1,True,False,True,False,2026-08-23 13:43:37.404,3.0,17.1,27.5,70.2,False,2.9,23.0
2026,12,Dutch Grand Prix,R,PIA,McLaren,9.0,2.0,HARD,7.0,77.258,26.288,27.649,23.321,276.0,274.0,315.0,303.0,1,True,False,True,False,2026-08-23 13:44:54.434,3.0,17.2,27.6,68.8,False,1.6,38.0
2026,12,Dutch Grand Prix,R,PIA,McLaren,10.0,2.0,HARD,8.0,77.344,26.045,27.861,23.438,277.0,272.0,312.0,307.0,1,True,False,True,False,2026-08-23 13:46:11.692,3.0,17.3,28.3,68.3,False,0.8,346.0
2026,12,Dutch Grand Prix,R,PIA,McLaren,11.0,2.0,HARD,9.0,77.285,26.188,27.837,23.26,277.0,271.0,313.0,303.0,1,True,False,True,False,2026-08-23 13:47:29.036,3.0,17.4,28.8,67.9,False,1.2,25.0
2026,12,Dutch Grand Prix,R,PIA,McLaren,12.0,2.0,HARD,10.0,77.221,26.155,27.867,23.199,278.0,274.0,313.0,305.0,1,True,False,True,False,2026-08-23 13:48:46.321,3.0,17.5,29.1,67.3,False,2.0,43.0
2026,12,Dutch Grand Prix,R,PIA,McLaren,13.0,2.0,HARD,11.0,77.177,26.109,27.826,23.242,279.0,276.0,315.0,305.0,1,True,False,True,False,2026-08-23 13:50:03.542,3.0,17.6,29.6,64.8,False,1.2,80.0
2026,12,Dutch Grand Prix,R,PIA,McLaren,14.0,2.0,HARD,12.0,77.24,26.066,27.847,23.327,281.0,272.0,315.0,306.0,1,True,False,True,False,2026-08-23 13:51:20.719,3.0,17.7,29.7,64.9,False,0.9,15.0
2026,12,Dutch Grand Prix,R,PIA,McLaren,15.0,2.0,HARD,13.0,77.442,26.14,27.886,23.416,279.0,273.0,314.0,307.0,1,True,False,True,False,2026-08-23 13:52:37.959,3.0,17.7,30.2,64.0,False,0.7,127.0
2026,12,Dutch Grand Prix,R,PIA,McLaren,16.0,2.0,HARD,14.0,77.506,26.241,27.919,23.346,280.0,272.0,314.0,306.0,1,True,False,True,False,2026-08-23 13:53:55.401,3.0,17.8,30.3,63.7,False,0.0,0.0
2026,12,Dutch Grand Prix,R,PIA,McLaren,17.0,2.0,HARD,15.0,77.465,26.105,27.968,23.392,282.0,272.0,314.0,308.0,1,True,False,True,False,2026-08-23 13:55:12.907,3.0,17.9,30.3,61.1,False,1.6,70.0
2026,12,Dutch Grand Prix,R,PIA,McLaren,18.0,2.0,HARD,16.0,80.638,26.262,27.976,26.4,278.0,271.0,,308.0,1,True,False,False,False,2026-08-23 13:56:30.372,4.0,17.8,30.5,62.1,False,1.3,14.0
2026,12,Dutch Grand Prix,R,PIA,McLaren,19.0,3.0,HARD,1.0,95.789,45.083,27.508,23.198,279.0,276.0,316.0,308.0,1,True,False,False,False,2026-08-23 13:57:51.010,7.0,17.9,30.4,62.5,False,0.9,83.0
2026,12,Dutch Grand Prix,R,PIA,McLaren,20.0,3.0,HARD,2.0,76.21,25.817,27.419,22.974,280.0,278.0,321.0,310.0,1,True,True,True,False,2026-08-23 13:59:26.799,7.0,17.9,30.9,61.9,False,1.7,40.0
2026,12,Dutch Grand Prix,R,PIA,McLaren,21.0,3.0,HARD,3.0,76.351,25.774,27.544,23.033,280.0,281.0,321.0,311.0,1,True,False,True,False,2026-08-23 14:00:43.009,6.0,18.0,30.9,61.3,False,1.0,56.0
2026,12,Dutch Grand Prix,R,PIA,McLaren,22.0,3.0,HARD,4.0,76.377,25.809,27.597,22.971,290.0,284.0,324.0,315.0,1,True,False,True,False,2026-08-23 14:01:59.360,5.0,18.0,30.8,60.2,False,0.5,335.0
2026,12,Dutch Grand Prix,R,PIA,McLaren,23.0,3.0,HARD,5.0,76.703,25.917,27.64,23.146,289.0,279.0,321.0,315.0,1,True,False,True,False,2026-08-23 14:03:15.737,5.0,18.1,32.5,60.5,False,1.1,130.0
2026,12,Dutch Grand Prix,R,PIA,McLaren,24.0,3.0,HARD,6.0,76.779,25.929,27.703,23.147,281.0,277.0,318.0,312.0,1,True,False,True,False,2026-08-23 14:04:32.440,5.0,18.2,32.5,60.5,False,1.1,130.0
2026,12,Dutch Grand Prix,R,PIA,McLaren,25.0,3.0,HARD,7.0,76.785,26.011,27.705,23.069,281.0,276.0,318.0,312.0,1,True,False,True,False,2026-08-23 14:05:49.219,5.0,18.2,32.6,59.2,False,0.9,67.0
2026,12,Dutch Grand Prix,R,PIA,McLaren,26.0,3.0,HARD,8.0,76.617,25.804,27.742,23.071,281.0,277.0,318.0,311.0,1,True,False,True,False,2026-08-23 14:07:06.004,4.0,18.4,32.7,59.3,False,1.5,95.0
2026,12,Dutch Grand Prix,R,PIA,McLaren,27.0,3.0,HARD,9.0,76.959,25.906,27.851,23.202,278.0,276.0,317.0,312.0,1,True,False,True,False,2026-08-23 14:08:22.621,4.0,18.5,32.5,59.9,False,0.8,93.0
2026,12,Dutch Grand Prix,R,PIA,McLaren,28.0,3.0,HARD,10.0,76.696,25.948,27.606,23.142,280.0,276.0,318.0,310.0,1,True,False,True,False,2026-08-23 14:09:39.580,4.0,18.7,32.1,58.3,False,1.3,5.0
2026,12,Dutch Grand Prix,R,PIA,McLaren,29.0,3.0,HARD,11.0,76.438,25.881,27.532,23.025,280.0,278.0,320.0,311.0,1,True,False,True,False,2026-08-23 14:10:56.276,4.0,18.7,33.3,58.3,False,1.8,58.0
2026,12,Dutch Grand Prix,R,PIA,McLaren,30.0,3.0,HARD,12.0,76.727,25.864,27.707,23.156,279.0,275.0,322.0,313.0,1,True,False,True,False,2026-08-23 14:12:12.714,4.0,18.9,33.9,57.0,False,1.4,18.0
2026,12,Dutch Grand Prix,R,PIA,McLaren,31.0,3.0,HARD,13.0,76.955,25.958,27.873,23.124,274.0,271.0,321.0,322.0,1,True,False,True,False,2026-08-23 14:13:29.441,4.0,18.8,34.8,57.3,False,1.8,13.0
2026,12,Dutch Grand Prix,R,PIA,McLaren,32.0,3.0,HARD,14.0,76.9,25.967,27.826,23.107,272.0,272.0,322.0,319.0,1,True,False,True,False,2026-08-23 14:14:46.396,4.0,18.8,35.5,57.0,False,0.0,0.0
2026,12,Dutch Grand Prix,R,PIA,McLaren,33.0,3.0,HARD,15.0,77.497,26.041,28.139,23.317,273.0,272.0,321.0,321.0,1,True,False,True,False,2026-08-23 14:16:03.296,4.0,19.1,35.3,56.9,False,1.5,60.0
2026,12,Dutch Grand Prix,R,PIA,McLaren,34.0,3.0,HARD,16.0,79.312,27.354,28.384,23.574,275.0,287.0,316.0,321.0,1,True,False,True,False,2026-08-23 14:17:20.793,5.0,19.0,34.4,56.5,False,1.4,90.0
2026,12,Dutch Grand Prix,R,PIA,McLaren,35.0,3.0,HARD,17.0,79.199,27.004,28.787,23.408,282.0,272.0,312.0,306.0,1,True,False,True,False,2026-08-23 14:18:40.105,6.0,19.0,34.0,55.9,False,1.2,99.0
2026,12,Dutch Grand Prix,R,PIA,McLaren,36.0,3.0,HARD,18.0,77.963,26.286,28.452,23.225,279.0,276.0,320.0,306.0,1,True,False,True,False,2026-08-23 14:19:59.304,6.0,18.9,32.0,54.8,False,0.5,45.0
2026,12,Dutch Grand Prix,R,PIA,McLaren,37.0,3.0,HARD,19.0,77.753,26.005,28.034,23.714,276.0,279.0,315.0,313.0,1,True,False,True,False,2026-08-23 14:21:17.267,6.0,18.8,33.0,55.5,False,1.0,74.0
2026,12,Dutch Grand Prix,R,PIA,McLaren,38.0,3.0,HARD,20.0,77.337,26.097,28.031,23.209,279.0,277.0,317.0,307.0,1,True,False,True,False,2026-08-23 14:22:35.020,6.0,18.7,32.6,56.5,False,1.7,86.0
2026,12,Dutch Grand Prix,R,PIA,McLaren,39.0,3.0,HARD,21.0,77.113,25.96,28.012,23.141,279.0,276.0,318.0,311.0,1,True,False,True,False,2026-08-23 14:23:52.357,6.0,18.8,32.3,55.9,False,1.0,69.0
2026,12,Dutch Grand Prix,R,PIA,McLaren,40.0,3.0,HARD,22.0,77.304,26.018,27.933,23.353,280.0,276.0,319.0,308.0,1,True,False,True,False,2026-08-23 14:25:09.470,6.0,18.5,32.0,58.0,False,2.4,103.0
2026,12,Dutch Grand Prix,R,PIA,McLaren,41.0,3.0,HARD,23.0,77.636,26.037,28.46,23.139,280.0,277.0,320.0,312.0,1,True,False,True,False,2026-08-23 14:26:26.774,5.0,18.6,31.3,57.2,False,1.4,153.0
2026,12,Dutch Grand Prix,R,PIA,McLaren,42.0,3.0,HARD,24.0,77.368,25.969,28.091,23.308,280.0,279.0,319.0,312.0,1,True,False,True,False,2026-08-23 14:27:44.410,5.0,18.5,33.2,58.0,False,0.6,108.0
2026,12,Dutch Grand Prix,R,PIA,McLaren,43.0,3.0,HARD,25.0,77.58,26.008,28.366,23.206,280.0,278.0,315.0,312.0,1,True,False,True,False,2026-08-23 14:29:01.778,5.0,18.4,34.3,58.6,False,0.8,130.0
2026,12,Dutch Grand Prix,R,PIA,McLaren,44.0,3.0,HARD,26.0,80.263,26.074,28.124,26.065,279.0,277.0,,307.0,1,True,False,False,False,2026-08-23 14:30:19.358,5.0,18.4,35.0,58.2,True,0.9,109.0
2026,12,Dutch Grand Prix,R,PIA,McLaren,45.0,4.0,SOFT,4.0,93.197,42.668,27.299,23.23,285.0,289.0,342.0,307.0,1,False,False,False,False,2026-08-23 14:31:39.621,7.0,18.4,35.0,58.2,True,0.9,109.0
2026,12,Dutch Grand Prix,R,PIA,McLaren,46.0,4.0,SOFT,5.0,75.913,25.592,27.28,23.041,278.0,278.0,321.0,322.0,1,False,True,True,False,2026-08-23 14:33:12.818,6.0,18.7,34.5,57.3,True,0.3,155.0
2026,12,Dutch Grand Prix,R,PIA,McLaren,47.0,4.0,SOFT,6.0,75.94,25.769,27.367,22.804,291.0,286.0,330.0,311.0,1,False,False,True,False,2026-08-23 14:34:28.731,6.0,18.8,34.7,57.5,False,1.1,75.0
2026,12,Dutch Grand Prix,R,PIA,McLaren,48.0,4.0,SOFT,7.0,75.074,25.569,26.937,22.568,289.0,285.0,318.0,316.0,1,False,True,True,False,2026-08-23 14:35:44.671,6.0,18.8,34.8,58.0,False,0.4,225.0
2026,12,Dutch Grand Prix,R,PIA,McLaren,49.0,4.0,SOFT,8.0,75.953,25.542,27.342,23.069,282.0,285.0,320.0,312.0,1,False,False,True,False,2026-08-23 14:36:59.745,6.0,18.8,34.7,58.2,False,2.0,60.0
2026,12,Dutch Grand Prix,R,PIA,McLaren,50.0,4.0,SOFT,9.0,75.801,25.534,27.533,22.734,284.0,277.0,317.0,314.0,1,False,False,True,False,2026-08-23 14:38:15.698,6.0,18.9,35.1,58.4,True,1.0,59.0
2026,12,Dutch Grand Prix,R,PIA,McLaren,51.0,4.0,SOFT,10.0,75.677,25.518,27.423,22.736,281.0,280.0,322.0,308.0,1,False,False,True,False,2026-08-23 14:39:31.499,6.0,18.9,35.5,57.9,False,1.3,102.0
2026,12,Dutch Grand Prix,R,PIA,McLaren,52.0,4.0,SOFT,11.0,75.839,25.568,27.499,22.772,283.0,277.0,314.0,313.0,1,False,False,True,False,2026-08-23 14:40:47.176,6.0,18.9,35.9,57.8,False,0.4,204.0
2026,12,Dutch Grand Prix,R,PIA,McLaren,53.0,4.0,SOFT,12.0,75.59,25.518,27.258,22.814,280.0,282.0,315.0,305.0,1,False,False,True,False,2026-08-23 14:42:03.015,6.0,19.1,35.9,58.1,False,0.5,253.0
2026,12,Dutch Grand Prix,R,PIA,McLaren,54.0,4.0,SOFT,13.0,75.828,25.574,27.286,22.968,281.0,278.0,316.0,307.0,12,False,False,True,False,2026-08-23 14:43:18.605,6.0,19.2,35.0,57.6,False,1.7,92.0
2026,12,Dutch Grand Prix,R,PIA,McLaren,55.0,4.0,SOFT,14.0,106.373,39.053,34.936,32.384,245.0,177.0,,151.0,26,False,False,False,False,2026-08-23 14:44:34.433,6.0,19.2,35.3,57.5,False,0.6,312.0
2026,12,Dutch Grand Prix,R,PIA,McLaren,56.0,5.0,SOFT,4.0,117.109,49.774,35.703,31.632,245.0,177.0,226.0,151.0,6,False,False,False,False,2026-08-23 14:46:20.806,6.0,19.2,35.4,58.4,False,2.3,193.0
2026,12,Dutch Grand Prix,R,PIA,McLaren,57.0,5.0,SOFT,5.0,84.026,34.703,26.634,22.689,288.0,291.0,315.0,244.0,671,False,False,False,False,2026-08-23 14:48:17.915,6.0,19.1,33.7,59.5,False,0.8,283.0
2026,12,Dutch Grand Prix,R,PIA,McLaren,58.0,5.0,SOFT,6.0,74.537,25.283,26.801,22.453,282.0,282.0,312.0,307.0,1,False,True,True,False,2026-08-23 14:49:41.941,6.0,19.2,34.8,58.4,False,0.9,50.0
2026,12,Dutch Grand Prix,R,PIA,McLaren,59.0,5.0,SOFT,7.0,74.321,25.232,26.674,22.415,282.0,278.0,310.0,305.0,1,False,True,True,False,2026-08-23 14:50:56.478,6.0,19.3,35.2,58.5,False,1.5,94.0
2026,12,Dutch Grand Prix,R,PIA,McLaren,60.0,5.0,SOFT,8.0,74.611,25.348,26.707,22.556,283.0,281.0,315.0,304.0,1,False,False,True,False,2026-08-23 14:52:10.799,6.0,19.2,36.3,58.6,False,0.7,20.0
2026,12,Dutch Grand Prix,R,PIA,McLaren,61.0,5.0,SOFT,9.0,74.303,25.23,26.634,22.439,282.0,281.0,318.0,307.0,1,False,True,True,False,2026-08-23 14:53:25.410,6.0,19.3,37.1,58.0,False,0.8,194.0
2026,12,Dutch Grand Prix,R,PIA,McLaren,62.0,5.0,SOFT,10.0,75.247,25.314,27.014,22.919,281.0,282.0,322.0,309.0,1,False,False,True,False,2026-08-23 14:54:39.713,6.0,19.5,37.3,58.1,True,1.1,46.0
2026,12,Dutch Grand Prix,R,PIA,McLaren,63.0,5.0,SOFT,11.0,74.835,25.455,26.828,22.552,291.0,282.0,323.0,309.0,1,False,False,True,False,2026-08-23 14:55:54.960,6.0,19.5,37.8,56.9,True,2.4,35.0
2026,12,Dutch Grand Prix,R,PIA,McLaren,64.0,5.0,SOFT,12.0,75.744,25.371,27.515,22.858,282.0,280.0,321.0,307.0,1,False,False,True,False,2026-08-23 14:57:09.795,6.0,19.5,38.2,56.3,False,0.9,101.0
2026,12,Dutch Grand Prix,R,PIA,McLaren,65.0,5.0,SOFT,13.0,75.435,25.549,27.215,22.671,287.0,273.0,309.0,315.0,1,False,False,True,False,2026-08-23 14:58:25.539,6.0,19.5,37.4,58.4,False,2.3,158.0
2026,12,Dutch Grand Prix,R,PIA,McLaren,66.0,5.0,SOFT,14.0,74.889,25.431,26.853,22.605,279.0,280.0,313.0,304.0,1,False,False,True,False,2026-08-23 14:59:40.974,6.0,19.4,36.8,58.0,False,1.9,142.0
2026,12,Dutch Grand Prix,R,PIA,McLaren,67.0,5.0,SOFT,15.0,74.863,25.448,26.891,22.524,282.0,281.0,318.0,306.0,1,False,False,True,False,2026-08-23 15:00:55.863,6.0,19.3,35.7,58.8,True,1.2,343.0
2026,12,Dutch Grand Prix,R,PIA,McLaren,68.0,5.0,SOFT,16.0,75.154,25.331,27.032,22.791,287.0,274.0,312.0,309.0,1,False,False,True,False,2026-08-23 15:02:10.726,6.0,19.2,34.6,57.8,False,1.4,53.0
2026,12,Dutch Grand Prix,R,PIA,McLaren,69.0,5.0,SOFT,17.0,84.722,25.49,27.003,32.229,282.0,279.0,242.0,302.0,16,False,False,False,False,2026-08-23 15:03:25.880,6.0,19.1,34.3,56.1,True,1.5,71.0
2026,12,Dutch Grand Prix,R,PIA,McLaren,70.0,5.0,SOFT,18.0,83.769,33.171,27.778,22.82,212.0,284.0,322.0,219.0,671,False,False,False,False,2026-08-23 15:04:50.602,6.0,19.2,33.3,55.1,False,2.0,106.0
2026,12,Dutch Grand Prix,R,PIA,McLaren,71.0,5.0,SOFT,19.0,74.878,25.369,26.815,22.694,282.0,277.0,316.0,309.0,1,False,False,True,False,2026-08-23 15:06:14.371,6.0,19.2,33.0,54.8,False,2.8,31.0
2026,12,Dutch Grand Prix,R,PIA,McLaren,72.0,5.0,SOFT,20.0,75.173,25.433,27.023,22.717,281.0,279.0,317.0,304.0,1,False,False,True,False,2026-08-23 15:07:29.249,6.0,19.1,32.3,54.0,False,1.1,52.0
2026,12,Dutch Grand Prix,R,BEA,Haas F1 Team,1.0,1.0,SOFT,1.0,97.235,,30.012,30.081,267.0,272.0,281.0,191.0,12,True,False,False,False,2026-08-23 13:03:28.568,18.0,18.7,32.9,56.2,False,2.2,96.0
2026,12,Dutch Grand Prix,R,BEA,Haas F1 Team,2.0,1.0,SOFT,2.0,,36.084,45.171,73.001,108.0,134.0,,243.0,25,True,False,False,False,2026-08-23 13:05:06.090,16.0,18.7,33.2,57.5,False,0.7,58.0
