meeting_key,session_key,driver_number,lap_number,date_start,duration_sector_1,duration_sector_2,duration_sector_3,i1_speed,i2_speed,is_pit_out_lap,lap_duration,segments_sector_1,segments_sector_2,segments_sector_3,st_speed
1286,11292,11,1,,28.885,46.626,25.788,140.0,133.0,True,101.299,"[2064, 2049, 2049, 2049, 2049, 2049]","[2049, 2049, 2049, 2049, 2049, 2049, 2049, 2049, 2049, 2049]","[2049, 2049, 2049, 2051, 2051]",230.0
1286,11292,41,1,2026-06-05T11:30:09.246000+00:00,34.588,47.165,26.345,131.0,117.0,True,108.098,"[2064, 2049, 2049, 2049, 2049, 2049]","[2049, 2049, 2049, 2049, 2049, 2049, 2049, 2049, 2049, 2049]","[2049, 2049, 2049, 2049, 2049, 2049]",246.0
1286,11292,3,1,2026-06-05T11:30:15.668000+00:00,28.34,44.295,23.474,150.0,172.0,True,96.109,"[2064, 2049, 2051, 2051, 2051, 2051]","[2049, 2049, 2049, 2049, 2049, 2049, 2049, 2049, 2049, 2049]","[2051, 2051, 2051, 2051, 2051, 2051]",238.0
1286,11292,6,1,2026-06-05T11:30:19.213000+00:00,29.015,43.046,32.742,135.0,159.0,True,104.803,"[2064, 2049, 2049, 2049, 2049, 2049]","[2049, 2049, 2049, 2049, 2049, 2049, 2049, 2049, 2049, 2049]","[2049, 2049, 2049, 2049, 2049, 2049]",230.0
1286,11292,43,1,2026-06-05T11:30:27.336000+00:00,30.08,42.223,28.811,138.0,166.0,True,101.114,"[2064, 2049, 2049, 2049, 2049, 2049]","[2049, 2049, 2049, 2049, 2049, 2049, 2051, 2051, 2051, 2051]","[2049, 2049, 2049, 2049, 2049, 2049]",248.0
1286,11292,77,1,2026-06-05T11:30:29.704000+00:00,30.14,43.402,27.829,152.0,162.0,True,101.371,"[2064, 2049, 2049, 2049, 2049, 2049]","[2049, 2049, 2049, 2049, 2049, 2049, 2049, 2049, 2049, 2049]","[2049, 2049, 2049, 2049, 2049]",228.0
1286,11292,30,1,2026-06-05T11:30:33.926000+00:00,33.852,42.868,23.454,127.0,161.0,True,100.174,"[2064, 2049, 2049, 2049, 2049, 2049]","[2049, 2049, 2049, 2049, 2049, 2049, 2049, 2049, 2049, 2049]","[2049, 2049, 2051, 2049, 2051]",238.0
1286,11292,16,1,2026-06-05T11:30:40.548000+00:00,33.678,68.468,32.327,162.0,154.0,True,134.473,"[2064, 2049, 2049, 2049, 2049, 2049]","[2049, 2049, 2049, 2049, 2049, 2049, 2049, 2049, 2049, 2049]","[2049, 2049, 2049, 2049, 2049, 2049]",221.0
1286,11292,87,1,2026-06-05T11:30:47.125000+00:00,32.726,45.075,24.517,107.0,153.0,True,102.318,"[2064, 2049, 2049, 2049, 2049, 2049]","[2049, 2049, 2049, 2049, 2049, 2049, 2049, 2049, 2049, 2049]","[2049, 2049, 2049, 2049, 2049]",236.0
1286,11292,31,1,2026-06-05T11:30:52.269000+00:00,34.238,47.634,24.907,84.0,148.0,True,106.779,"[2064, 2049, 2049, 2049, 2049, 2049]","[2049, 2049, 2049, 2049, 2049, 2049, 2049, 2049, 2049, 2049]","[2049, 2049, 2049, 2049, 2049, 2049]",181.0
1286,11292,44,1,2026-06-05T11:31:02.488000+00:00,30.66,42.122,30.814,111.0,165.0,True,103.596,"[2064, 2049, 2049, 2049, 2049, 2049]","[2049, 2049, 2049, 2049, 2049, 2049, 2049, 2049, 2049, 2049]","[2049, 2049, 2049, 2049, 2049]",256.0
1286,11292,5,1,2026-06-05T11:31:07.125000+00:00,32.119,45.074,35.577,112.0,134.0,True,112.77,"[2064, 2049, 2049, 2049, 2049, 2049]","[2049, 2049, 2049, 2049, 2049, 2049, 2049, 2049, 2049, 2049]","[2049, 2049, 2049, 2049, 2049, 2049]",248.0
1286,11292,1,1,2026-06-05T11:31:15.407000+00:00,31.507,41.713,36.71,142.0,171.0,True,109.93,"[2064, 2049, 2049, 2049, 2049, 2049]","[2049, 2049, 2049, 2049, 2049, 2049, 2049, 2049, 2049, 2049]","[2049, 2049, 2049, 2049, 2049, 2049]",235.0
1286,11292,12,1,2026-06-05T11:31:21.447000+00:00,29.551,42.191,35.634,150.0,156.0,True,107.376,"[2064, 2049, 2049, 2049, 2049, 2049]","[2049, 2049, 2049, 2049, 2049, 2049, 2049, 2049, 2049, 2049]","[2049, 2049, 2049, 2049, 2049, 2049]",243.0
1286,11292,81,1,2026-06-05T11:31:26.133000+00:00,33.434,41.317,31.747,144.0,168.0,True,106.498,"[2064, 2049, 2049, 2049, 2049, 2049]","[2049, 2049, 2049, 2049, 2049, 2049, 2049, 2049, 2049, 2049]","[2049, 2049, 2049, 2049, 2049]",235.0
1286,11292,18,1,2026-06-05T11:31:30.263000+00:00,33.161,44.87,,140.0,153.0,True,610.639,"[2064, 2049, 2049, 2049, 2049, 2049]","[2049, 2049, 2049, 2049, 2049, 2049, 2049, 2049, 2049, 2049]","[2049, 2049, 2049, 2064, 2064, 2064]",247.0
1286,11292,23,1,2026-06-05T11:31:35.987000+00:00,35.181,42.751,23.522,142.0,157.0,True,101.454,"[2064, 2049, 2049, 2049, 2049, 2049]","[2049, 2049, 2049, 2049, 2049, 2049, 2049, 2049, 2049, 2049]","[2049, 2049, 2049, 2049, 2049, 2049]",245.0
1286,11292,11,2,2026-06-05T11:31:43.041000+00:00,22.457,38.721,21.825,170.0,175.0,False,83.003,"[2049, 2049, 2049, 2049, 2049, 2049]","[2049, 2049, 2049, 2049, 2049, 2049, 2049, 2049, 2049, 2049]","[2049, 2049, 2049, 2051, 2051]",270.0
1286,11292,63,1,2026-06-05T11:31:43.565000+00:00,33.371,40.922,21.905,156.0,177.0,True,96.198,"[2064, 2049, 2049, 2049, 2049, 2049]","[2049, 2049, 2049, 2049, 2049, 2049, 2049, 2051, 2049, 2049]","[2049, 2049, 2049, 2049, 2051, 2049]",243.0
1286,11292,14,1,2026-06-05T11:31:51.050000+00:00,31.69,43.408,25.097,147.0,158.0,True,100.195,"[2064, 2049, 2049, 2049, 2049, 2049]","[2049, 2049, 2049, 2049, 2049, 2049, 2049, 2049, 2049, 2049]","[2049, 2049, 2049, 2049, 2049, 2049]",253.0
1286,11292,3,2,2026-06-05T11:31:51.136000+00:00,21.363,38.335,20.982,176.0,184.0,False,80.68,"[2051, 2051, 2051, 2051, 2049, 2049]","[2049, 2049, 2049, 2051, 2049, 2049, 2049, 2049, 2051, 2051]","[2051, 2051, 2051, 2051, 2051]",280.0
1286,11292,27,1,2026-06-05T11:31:53.350000+00:00,32.37,45.903,23.481,111.0,156.0,True,101.754,"[2064, 2049, 2049, 2049, 2049, 2049]","[2049, 2049, 2049, 2049, 2049, 2049, 2049, 2049, 2049, 2049]","[2049, 2049, 2049, 2049, 2049, 2049]",194.0
1286,11292,41,2,2026-06-05T11:31:55.947000+00:00,22.752,40.16,22.085,151.0,175.0,False,84.997,"[2049, 2049, 2049, 2049, 2049, 2049]","[2049, 2049, 2049, 2049, 2049, 2049, 2049, 2049, 2049, 2049]","[2049, 2049, 2049, 2049, 2049]",277.0
1286,11292,10,1,2026-06-05T11:31:59.770000+00:00,29.806,43.869,24.423,134.0,154.0,True,98.098,"[2064, 2049, 2049, 2049, 2049, 2049]","[2049, 2049, 2049, 2049, 2049, 2049, 2049, 2049, 2049, 2049]","[2049, 2049, 2049, 2049, 2049, 2049]",254.0
1286,11292,6,2,2026-06-05T11:32:03.306000+00:00,21.794,38.212,21.689,187.0,176.0,False,81.695,"[2049, 2049, 2049, 2049, 2049, 2049]","[2049, 2051, 2049, 2049, 2049, 2051, 2049, 2048, 2049, 2049]","[2049, 2049, 2049, 2051, 2051]",281.0
1286,11292,43,2,2026-06-05T11:32:07.491000+00:00,22.063,39.299,24.943,156.0,177.0,False,86.305,"[2049, 2049, 2049, 2049, 2049, 2049]","[2048, 2049, 2049, 2049, 2049, 2049, 2051, 2049, 2049, 2049]","[2049, 2049, 2049, 2049, 2049]",270.0
1286,11292,77,2,2026-06-05T11:32:10.203000+00:00,22.242,40.97,27.928,176.0,169.0,False,91.14,"[2049, 2049, 2049, 2049, 2049, 2049]","[2049, 2049, 2049, 2049, 2049, 2048, 2049, 2049, 2049, 2049]","[2048, 2048, 2049, 2048, 2048]",245.0
1286,11292,30,2,2026-06-05T11:32:13.488000+00:00,22.157,39.68,32.006,157.0,176.0,False,93.843,"[2049, 2049, 2049, 2049, 2049, 2049]","[2049, 2048, 2049, 2049, 2049, 2049, 2049, 2049, 2049, 2049]","[2049, 2049, 2048, 2048, 2048, 2048]",274.0
1286,11292,55,1,2026-06-05T11:32:16.990000+00:00,29.647,42.158,24.326,143.0,161.0,True,96.131,"[2064, 2049, 2049, 2049, 2049, 2049]","[2049, 2049, 2049, 2049, 2049, 2049, 2049, 2049, 2049, 2049]","[2049, 2049, 2049, 2049, 2049, 2049]",248.0
1286,11292,87,2,2026-06-05T11:32:28.993000+00:00,22.73,39.377,27.454,162.0,170.0,False,89.561,"[2049, 2049, 2049, 2049, 2049, 2049]","[2049, 2049, 2049, 2049, 2049, 2049, 2049, 2049, 2049, 2049]","[2049, 2049, 2048, 2048, 2048]",266.0
1286,11292,31,2,2026-06-05T11:32:38.513000+00:00,23.352,38.974,21.972,154.0,174.0,False,84.298,"[2049, 2049, 2049, 2049, 2049, 2049]","[2049, 2049, 2049, 2049, 2049, 2049, 2049, 2049, 2049, 2049]","[2049, 2049, 2049, 2049, 2049]",266.0
1286,11292,44,2,2026-06-05T11:32:45.127000+00:00,21.415,37.299,21.023,189.0,187.0,False,79.737,"[2049, 2049, 2049, 2049, 2049, 2049]","[2049, 2049, 2049, 2049, 2049, 2049, 2049, 2049, 2049, 2049]","[2051, 2049, 2051, 2051, 2049, 2049]",268.0
1286,11292,16,2,2026-06-05T11:32:54.053000+00:00,22.222,38.092,21.173,180.0,180.0,False,81.487,"[2049, 2049, 2049, 2049, 2049, 2049]","[2049, 2049, 2049, 2049, 2049, 2049, 2049, 2049, 2049, 2049]","[2049, 2049, 2051, 2049, 2049]",266.0
1286,11292,5,2,2026-06-05T11:32:59.017000+00:00,22.621,39.261,22.471,170.0,173.0,False,84.353,"[2049, 2049, 2049, 2049, 2049, 2049]","[2049, 2049, 2049, 2049, 2049, 2049, 2049, 2049, 2049, 2049]","[2049, 2049, 2049, 2049, 2049]",270.0
1286,11292,1,2,2026-06-05T11:33:04.080000+00:00,22.281,37.562,21.008,180.0,188.0,False,80.851,"[2049, 2049, 2049, 2049, 2049, 2049]","[2049, 2049, 2049, 2049, 2049, 2049, 2049, 2049, 2049, 2049]","[2049, 2049, 2049, 2049, 2049, 2049]",276.0
1286,11292,11,3,2026-06-05T11:33:05.878000+00:00,21.538,37.331,21.165,173.0,181.0,False,80.034,"[2049, 2049, 2049, 2048, 2049, 2049]","[2049, 2049, 2049, 2049, 2049, 2049, 2049, 2049, 2051, 2049]","[2049, 2049, 2049, 2049, 2051]",277.0
1286,11292,12,2,2026-06-05T11:33:07.572000+00:00,21.453,37.471,21.26,177.0,183.0,False,80.184,"[2049, 2049, 2049, 2049, 2049, 2049]","[2049, 2049, 2051, 2049, 2049, 2049, 2049, 2049, 2049, 2049]","[2049, 2049, 2049, 2049, 2051]",269.0
1286,11292,81,2,2026-06-05T11:33:11.704000+00:00,22.517,37.562,20.916,183.0,189.0,False,80.995,"[2049, 2049, 2049, 2049, 2049, 2049]","[2049, 2049, 2049, 2049, 2049, 2049, 2049, 2049, 2049, 2049]","[2049, 2049, 2049, 2049, 2049, 2049]",279.0
1286,11292,3,3,2026-06-05T11:33:11.720000+00:00,20.731,36.876,20.512,188.0,190.0,False,78.119,"[2049, 2049, 2049, 2048, 2051, 2049]","[2051, 2049, 2049, 2051, 2049, 2049, 2049, 2049, 2049, 2051]","[2051, 2051, 2051, 2051, 2051]",281.0
1286,11292,23,2,2026-06-05T11:33:15.585000+00:00,22.518,38.613,22.323,175.0,169.0,False,83.454,"[2049, 2049, 2049, 2049, 2049, 2049]","[2049, 2049, 2049, 2049, 2049, 2049, 2049, 2049, 2049, 2049]","[2049, 2049, 2049, 2049, 2049]",267.0
1286,11292,63,2,2026-06-05T11:33:19.034000+00:00,21.908,38.554,24.237,184.0,178.0,False,84.699,"[2049, 2049, 2049, 2049, 2049, 2049]","[2049, 2048, 2049, 2049, 2049, 2049, 2049, 2049, 2048, 2049]","[2049, 2048, 2048, 2048, 2048, 2048]",269.0
1286,11292,41,3,2026-06-05T11:33:20.925000+00:00,21.504,38.533,23.63,173.0,181.0,False,83.667,"[None, 2049, 2049, 2049, 2049, 2049]","[2049, 2048, 2049, 2049, 2049, 2049, 2049, 2049, 2049, 2049]","[2049, 2049, 2048, 2048, 2048]",280.0
1286,11292,6,3,2026-06-05T11:33:24.895000+00:00,20.633,36.917,22.357,194.0,183.0,False,79.907,"[2049, 2049, 2049, 2049, 2049, 2049]","[2049, 2051, 2049, 2049, 2049, 2051, 2048, 2049, 2049, 2049]","[2049, 2049, 2048, 2048, 2048]",282.0
1286,11292,14,2,2026-06-05T11:33:29.967000+00:00,21.767,37.715,21.141,183.0,178.0,False,80.623,"[2049, 2049, 2049, 2049, 2049, 2049]","[2049, 2049, 2049, 2049, 2049, 2049, 2049, 2049, 2049, 2049]","[2049, 2049, 2049, 2049, 2049]",266.0
1286,11292,43,3,2026-06-05T11:33:33.638000+00:00,21.178,37.475,21.277,180.0,187.0,False,79.93,"[None, 2049, 2049, 2049, 2049, 2049]","[2049, 2049, 2049, 2049, 2049, 2048, 2048, 2051, 2049, 2049]","[2049, 2049, 2049, 2049, 2049, 2049]",270.0
1286,11292,27,2,2026-06-05T11:33:34.405000+00:00,22.175,38.023,21.173,170.0,180.0,False,81.371,"[2049, 2049, 2049, 2049, 2049, 2049]","[2049, 2049, 2049, 2049, 2049, 2049, 2049, 2049, 2049, 2049]","[2049, 2049, 2049, 2049, 2049, 2049]",275.0
1286,11292,10,2,2026-06-05T11:33:37.170000+00:00,22.509,38.63,22.014,162.0,177.0,False,83.153,"[2049, 2049, 2049, 2049, 2049, 2049]","[2049, 2049, 2049, 2049, 2049, 2049, 2049, 2049, 2049, 2049]","[2049, 2049, 2049, 2049, 2049]",266.0
1286,11292,77,3,2026-06-05T11:33:41.216000+00:00,21.937,37.915,21.373,187.0,182.0,False,81.225,"[None, 2049, 2049, 2049, 2049, 2049]","[2049, 2049, 2049, 2049, 2049, 2049, 2049, 2049, 2049, 2049]","[2049, 2049, 2049, 2049, 2049]",272.0
1286,11292,30,3,2026-06-05T11:33:47.148000+00:00,21.821,37.608,21.022,174.0,184.0,False,80.451,"[2048, 2049, 2049, 2049, 2049, 2049]","[2049, 2049, 2049, 2049, 2051, 2049, 2049, 2049, 2049, 2049]","[2049, 2049, 2049, 2049, 2049]",281.0
1286,11292,55,2,2026-06-05T11:33:52.470000+00:00,22.522,39.236,22.42,172.0,175.0,False,84.178,"[2049, 2049, 2049, 2049, 2049, 2049]","[2049, 2049, 2049, 2049, 2049, 2049, 2049, 2049, 2049, 2049]","[2049, 2049, 2049, 2049, 2049]",262.0
1286,11292,87,3,2026-06-05T11:33:58.461000+00:00,21.893,38.06,21.343,175.0,176.0,False,81.296,"[None, 2049, 2049, 2049, 2049, 2049]","[2049, 2049, 2049, 2049, 2049, 2049, 2049, 2049, 2049, 2049]","[2049, 2049, 2049, 2049, 2049]",268.0
1286,11292,31,3,2026-06-05T11:34:02.747000+00:00,21.7,37.967,21.266,173.0,181.0,False,80.933,"[None, 2049, 2049, 2049, 2049, 2049]","[2049, 2049, 2048, 2048, 2049, 2049, 2049, 2049, 2049, 2049]","[2049, 2049, 2049, 2049, 2049]",268.0
1286,11292,44,3,2026-06-05T11:34:04.819000+00:00,20.786,44.943,21.515,198.0,176.0,False,87.244,"[None, 2049, 2049, 2049, 2048, 2049]","[2051, 2049, 2051, 2049, 2049, 2049, 2048, 2048, 2048, 2048]","[2048, 2048, 2049, 2048, 2049, 2049]",278.0
1286,11292,16,3,2026-06-05T11:34:15.390000+00:00,20.511,36.486,20.723,200.0,189.0,False,77.72,"[None, 2049, 2049, 2049, 2051, 2051]","[2049, 2049, 2049, 2049, 2049, 2049, 2049, 2051, 2049, 2049]","[2049, 2049, 2051, 2049, 2049]",276.0
1286,11292,5,3,2026-06-05T11:34:23.364000+00:00,21.266,37.482,21.431,190.0,186.0,False,80.179,"[None, 2049, 2049, 2049, 2049, 2049]","[2049, 2049, 2049, 2049, 2049, 2049, 2049, 2049, 2049, 2049]","[2049, 2049, 2049, 2049, 2049]",275.0
1286,11292,1,3,2026-06-05T11:34:25.007000+00:00,20.782,37.194,22.346,182.0,179.0,False,80.322,"[None, 2049, 2049, 2049, 2049, 2049]","[2049, 2049, 2049, 2049, 2048, 2048, 2049, 2048, 2048, 2049]","[2048, 2048, 2048, 2048, 2048]",276.0
1286,11292,11,4,2026-06-05T11:34:26.048000+00:00,21.007,43.356,25.939,182.0,114.0,False,90.302,"[2048, 2049, 2049, 2049, 2049, 2049]","[2049, 2049, 2048, 2048, 2048, 2048, 2048, 2048, 2048, 2048]","[2048, 2048, 2048, 2048, 2048]",253.0
1286,11292,12,3,2026-06-05T11:34:27.744000+00:00,20.346,36.812,20.896,184.0,187.0,False,78.054,"[2049, 2049, 2049, 2049, 2049, 2049]","[2049, 2049, 2049, 2049, 2049, 2049, 2049, 2048, 2049, 2049]","[2049, 2049, 2049, 2048, 2048]",269.0
1286,11292,3,4,2026-06-05T11:34:29.815000+00:00,20.361,36.66,20.332,189.0,190.0,False,77.353,"[None, 2051, 2049, 2051, 2048, 2048]","[2049, 2049, 2049, 2048, 2051, 2049, 2048, 2049, 2049, 2051]","[2051, 2051, 2049, 2048, 2051, 2049]",281.0
1286,11292,81,3,2026-06-05T11:34:32.515000+00:00,20.758,36.84,20.811,,177.0,False,78.409,"[None, 2049, 2049, 2049, 2049, 2049]","[2049, 2049, 2049, 2049, 2048, 2048, 2051, 2049, 2048, 2048]","[2048, 2049, 2049, 2049, 2048]",277.0
1286,11292,23,3,2026-06-05T11:34:39.049000+00:00,21.597,37.22,21.107,190.0,184.0,False,79.924,"[None, 2049, 2049, 2049, 2049, 2049]","[2049, 2049, 2049, 2049, 2049, 2049, 2049, 2049, 2049, 2049]","[2049, 2049, 2049, 2049, 2048]",279.0
1286,11292,63,3,2026-06-05T11:34:43.684000+00:00,21.132,37.132,20.721,182.0,188.0,False,78.985,"[None, 2049, 2049, 2049, 2049, 2049]","[2049, 2049, 2049, 2049, 2049, 2049, 2049, 2049, 2049, 2049]","[2049, 2049, 2049, 2049, 2049]",279.0
1286,11292,41,4,2026-06-05T11:34:44.521000+00:00,21.378,37.676,22.557,176.0,185.0,False,81.611,"[None, 2049, 2049, 2049, 2049, 2049]","[2049, 2049, 2049, 2049, 2048, 2049, 2049, 2049, 2049, 2049]","[2049, 2049, 2048, 2048, 2049]",281.0
1286,11292,6,4,2026-06-05T11:34:44.806000+00:00,24.291,37.6,22.129,,175.0,False,84.02,"[2048, 2048, 2048, 2048, 2048, 2048]","[2048, 2048, 2049, 2048, 2048, 2048, 2048, 2048, 2048, 2048]","[2048, 2048, 2048, 2048, 2048, 2048]",267.0
1286,11292,14,3,2026-06-05T11:34:50.421000+00:00,21.09,37.024,21.168,195.0,183.0,False,79.282,"[None, 2049, 2049, 2049, 2049, 2049]","[2049, 2049, 2049, 2049, 2048, 2049, 2049, 2049, 2049, 2049]","[2049, 2049, 2048, 2049, 2048]",266.0
1286,11292,43,4,2026-06-05T11:34:53.617000+00:00,20.624,37.051,20.861,194.0,188.0,False,78.536,"[None, 2049, 2049, 2049, 2049, 2049]","[2049, 2048, 2048, 2048, 2049, 2049, 2049, 2048, 2049, 2049]","[2049, 2049, 2049, 2049, 2049]",272.0
1286,11292,27,3,2026-06-05T11:34:55.728000+00:00,20.407,36.625,20.702,194.0,189.0,False,77.734,"[2049, 2049, 2051, 2049, 2049, 2049]","[2049, 2049, 2049, 2049, 2049, 2049, 2049, 2049, 2049, 2049]","[2049, 2049, 2049, 2049, 2049]",282.0
1286,11292,10,3,2026-06-05T11:35:00.275000+00:00,21.174,37.667,21.546,174.0,183.0,False,80.387,"[None, 2049, 2049, 2049, 2049, 2049]","[2049, 2049, 2049, 2049, 2049, 2049, 2049, 2049, 2049, 2049]","[2049, 2049, 2049, 2049, 2049]",267.0
1286,11292,77,4,2026-06-05T11:35:02.364000+00:00,21.085,37.094,21.051,194.0,182.0,False,79.23,"[None, 2049, 2049, 2049, 2049, 2049]","[2049, 2049, 2049, 2049, 2049, 2049, 2049, 2049, 2049, 2049]","[2049, 2049, 2049, 2049, 2049]",274.0
1286,11292,30,4,2026-06-05T11:35:07.616000+00:00,20.905,37.135,20.687,191.0,189.0,False,78.727,"[2049, 2049, 2048, 2049, 2049, 2049]","[2049, 2049, 2049, 2049, 2051, 2051, 2049, 2048, 2048, 2049]","[2049, 2049, 2049, 2049, 2048]",283.0
1286,11292,55,3,2026-06-05T11:35:16.670000+00:00,21.152,38.17,23.017,188.0,158.0,False,82.339,"[None, 2049, 2049, 2049, 2049, 2049]","[2049, 2049, 2049, 2049, 2049, 2049, 2049, 2049, 2049, 2048]","[2048, 2048, 2048, 2049, 2049]",265.0
1286,11292,87,4,2026-06-05T11:35:19.805000+00:00,21.296,37.145,25.033,180.0,182.0,False,83.474,"[None, 2048, 2049, 2049, 2049, 2049]","[2049, 2049, 2049, 2049, 2049, 2049, 2049, 2049, 2049, 2049]","[2049, 2049, 2048, 2048, 2048, 2048]",269.0
1286,11292,31,4,2026-06-05T11:35:23.648000+00:00,21.01,37.084,25.957,178.0,187.0,False,84.051,"[None, 2049, 2049, 2049, 2049, 2049]","[2049, 2049, 2049, 2049, 2049, 2049, 2049, 2049, 2049, 2049]","[2049, 2049, 2048, 2048, 2048, 2048]",270.0
1286,11292,44,4,2026-06-05T11:35:32.149000+00:00,20.045,35.623,20.224,205.0,192.0,False,75.892,"[None, 2049, 2049, 2049, 2051, 2049]","[2051, 2049, 2051, 2049, 2049, 2048, 2051, 2049, 2049, 2049]","[2049, 2051, 2051, 2051, 2049]",277.0
1286,11292,16,4,2026-06-05T11:35:33.128000+00:00,25.917,50.34,61.286,154.0,147.0,False,137.543,"[2048, 2048, 2048, 2048, 2048, 2048]","[2048, 2048, 2048, 2048, 2048, 2048, 2048, 2048, 2048, 2048]","[2048, 2048, 2048, 2064, 2064, 2064]",259.0
1286,11292,5,4,2026-06-05T11:35:43.433000+00:00,20.592,37.136,20.788,194.0,189.0,False,78.516,"[2049, 2048, 2049, 2049, 2049, 2049]","[2049, 2049, 2049, 2049, 2049, 2049, 2048, 2049, 2049, 2049]","[2049, 2049, 2049, 2049, 2049]",274.0
1286,11292,1,4,2026-06-05T11:35:45.320000+00:00,20.228,36.423,20.529,195.0,194.0,False,77.18,"[None, 2049, 2049, 2049, 2049, 2049]","[2048, 2051, 2049, 2049, 2048, 2048, 2048, 2051, 2049, 2049]","[2049, 2049, 2049, 2049, 2049]",277.0
1286,11292,12,4,2026-06-05T11:35:45.720000+00:00,23.176,36.616,20.482,189.0,190.0,False,80.274,"[2048, 2048, 2048, 2048, 2048, 2048]","[2049, 2049, 2049, 2049, 2048, 2048, 2049, 2049, 2049, 2049]","[2049, 2049, 2049, 2051, 2048, 2048]",269.0
1286,11292,3,5,2026-06-05T11:35:47.242000+00:00,20.139,36.035,20.299,198.0,192.0,False,76.473,"[None, 2048, 2049, 2049, 2049, 2049]","[2049, 2049, 2049, 2051, 2048, 2048, 2049, 2049, 2049, 2051]","[2051, 2048, 2049, 2049, 2048]",280.0
1286,11292,81,4,2026-06-05T11:35:50.919000+00:00,20.359,36.036,20.536,187.0,189.0,False,76.931,"[None, 2049, 2048, 2049, 2049, 2049]","[2049, 2049, 2048, 2049, 2049, 2049, 2049, 2049, 2049, 2049]","[2049, 2049, 2049, 2049, 2049]",279.0
1286,11292,11,5,2026-06-05T11:35:56.328000+00:00,20.852,36.308,20.557,190.0,185.0,False,77.717,"[2049, 2048, 2048, 2049, 2049, 2049]","[2049, 2049, 2049, 2049, 2049, 2049, 2049, 2048, 2051, 2049]","[2049, 2049, 2049, 2051, 2049]",280.0
1286,11292,23,4,2026-06-05T11:35:58.870000+00:00,21.093,36.774,20.702,192.0,184.0,False,78.569,"[None, 2049, 2049, 2049, 2049, 2049]","[2049, 2049, 2049, 2049, 2049, 2049, 2049, 2048, 2048, 2048]","[2049, 2049, 2049, 2048, 2048]",282.0
1286,11292,63,4,2026-06-05T11:36:02.671000+00:00,25.847,47.024,27.562,90.0,163.0,False,100.433,"[2048, 2048, 2048, 2048, 2048, 2048]","[2048, 2048, 2048, 2048, 2048, 2048, 2048, 2048, 2048, 2048]","[2048, 2048, 2048, 2048, 2048]",230.0
1286,11292,41,5,2026-06-05T11:36:06.206000+00:00,20.903,47.045,23.754,182.0,112.0,False,91.702,"[None, 2049, 2049, 2049, 2049, 2049]","[2048, 2048, 2048, 2048, 2048, 2048, 2048, 2048, 2048, 2048]","[2048, 2048, 2048, 2048, 2048, 2048]",254.0
1286,11292,6,5,2026-06-05T11:36:08.959000+00:00,20.26,38.81,21.088,203.0,186.0,False,80.158,"[2049, 2049, 2049, 2049, 2049, 2049]","[2049, 2048, 2048, 2048, 2048, 2048, 2049, 2049, 2049, 2049]","[2049, 2049, 2049, 2048, 2048, 2048]",273.0
1286,11292,14,4,2026-06-05T11:36:09.780000+00:00,25.957,44.415,,97.0,139.0,False,402.024,"[2048, 2048, 2048, 2048, 2048, 2048]","[2048, 2048, 2048, 2048, 2048, 2048, 2048, 2049, 2048, 2048]","[2048, 2048, 2048, 2064, 2064, 2064]",225.0
1286,11292,43,5,2026-06-05T11:36:12.071000+00:00,22.442,41.209,33.667,167.0,169.0,False,97.318,"[None, 2048, 2048, 2048, 2048, 2048]","[2048, 2048, 2048, 2048, 2048, 2048, 2048, 2048, 2048, 2048]","[2048, 2048, 2048, 2048, 2048, 2048]",249.0
1286,11292,27,4,2026-06-05T11:36:13.316000+00:00,21.805,51.251,25.56,145.0,126.0,False,98.616,"[2049, 2049, 2048, 2048, 2048, 2048]","[2048, 2048, 2048, 2048, 2048, 2048, 2048, 2048, 2048, 2048]","[2048, 2048, 2048, 2048, 2048, 2048]",182.0
1286,11292,10,4,2026-06-05T11:36:20.516000+00:00,20.73,37.153,21.606,181.0,182.0,False,79.489,"[None, 2049, 2049, 2049, 2049, 2049]","[2049, 2049, 2049, 2049, 2049, 2049, 2048, 2048, 2049, 2049]","[2048, 2049, 2049, 2048, 2048]",271.0
1286,11292,77,5,2026-06-05T11:36:21.717000+00:00,22.733,42.81,28.901,169.0,157.0,False,94.444,"[2048, 2048, 2048, 2048, 2048, 2048]","[2048, 2048, 2048, 2048, 2048, 2048, 2048, 2048, 2048, 2048]","[2048, 2048, 2048, 2048, 2048, 2048]",251.0
1286,11292,30,5,2026-06-05T11:36:26.312000+00:00,20.796,36.894,20.867,187.0,189.0,False,78.557,"[None, 2048, 2049, 2049, 2049, 2048]","[2049, 2049, 2049, 2049, 2048, 2051, 2048, 2049, 2048, 2048]","[2049, 2048, 2048, 2048, 2048, 2049]",284.0
1286,11292,55,4,2026-06-05T11:36:38.899000+00:00,20.785,37.255,22.902,192.0,176.0,False,80.942,"[None, 2049, 2049, 2049, 2049, 2049]","[2049, 2049, 2049, 2049, 2049, 2049, 2051, 2048, 2048, 2049]","[2049, 2048, 2048, 2048, 2049]",280.0
1286,11292,87,5,2026-06-05T11:36:43.368000+00:00,20.953,36.905,20.851,188.0,184.0,False,78.709,"[None, 2049, 2049, 2049, 2049, 2049]","[2049, 2049, 2049, 2049, 2049, 2049, 2049, 2048, 2048, 2049]","[2049, 2049, 2049, 2049, 2049]",270.0
1286,11292,31,5,2026-06-05T11:36:47.861000+00:00,21.135,36.861,20.951,179.0,189.0,False,78.947,"[2048, 2048, 2048, 2049, 2049, 2049]","[2049, 2049, 2049, 2049, 2048, 2048, 2049, 2049, 2049, 2049]","[2049, 2049, 2049, 2049, 2049]",270.0
1286,11292,44,5,2026-06-05T11:36:48.057000+00:00,24.551,45.146,21.158,147.0,183.0,False,90.855,"[2048, 2048, 2048, 2048, 2048, 2048]","[2048, 2048, 2048, 2048, 2048, 2048, 2048, 2048, 2048, 2048]","[2048, 2048, 2048, 2048, 2048, 2048]",233.0
1286,11292,5,5,2026-06-05T11:37:01.877000+00:00,25.664,45.174,31.309,131.0,151.0,False,102.147,"[2048, 2048, 2048, 2048, 2048, 2048]","[2048, 2048, 2048, 2048, 2048, 2048, 2048, 2048, 2048, 2048]","[2048, 2048, 2048, 2048, 2048, 2048]",259.0
1286,11292,1,5,2026-06-05T11:37:02.362000+00:00,23.701,46.003,28.083,182.0,156.0,False,97.787,"[2048, 2048, 2048, 2048, 2048, 2048]","[2048, 2048, 2048, 2048, 2048, 2048, 2048, 2048, 2048, 2048]","[2048, 2048, 2048, 2048, 2048, 2048]",238.0
1286,11292,3,6,2026-06-05T11:37:03.688000+00:00,19.958,35.745,20.274,201.0,191.0,False,75.977,"[None, 2048, 2048, 2051, 2049, 2049]","[2049, 2049, 2049, 2051, 2048, 2048, 2049, 2048, 2049, 2048]","[2048, 2048, 2048, 2051, 2051]",280.0
1286,11292,12,5,2026-06-05T11:37:06.164000+00:00,21.211,37.074,22.821,181.0,168.0,False,81.106,"[2049, 2051, 2048, 2048, 2048, 2048]","[2048, 2049, 2049, 2048, 2048, 2048, 2049, 2049, 2048, 2048]","[2048, 2048, 2048, 2048, 2048]",268.0
1286,11292,81,5,2026-06-05T11:37:07.942000+00:00,20.902,42.586,65.013,179.0,158.0,False,128.501,"[2048, 2048, 2048, 2048, 2048, 2048]","[2048, 2048, 2048, 2048, 2048, 2048, 2048, 2048, 2048, 2048]","[2048, 2048, 2048, 2064, 2064, 2064]",238.0
1286,11292,11,6,2026-06-05T11:37:14.017000+00:00,28.621,43.756,,151.0,154.0,False,530.289,"[2048, 2048, 2048, 2048, 2048, 2048]","[2048, 2048, 2048, 2048, 2048, 2048, 2048, 2048, 2048, 2048]","[2048, 2048, 2048, 2064, 2064, 2064]",263.0
1286,11292,23,5,2026-06-05T11:37:17.462000+00:00,20.795,36.432,20.893,194.0,185.0,False,78.12,"[None, 2049, 2049, 2049, 2049, 2049]","[2049, 2049, 2049, 2048, 2049, 2048, 2049, 2049, 2049, 2049]","[2048, 2048, 2049, 2049, 2048]",281.0
1286,11292,6,6,2026-06-05T11:37:29.150000+00:00,20.025,36.191,20.352,200.0,187.0,False,76.568,"[None, 2049, 2049, 2049, 2049, 2049]","[2049, 2049, 2048, 2049, 2049, 2048, 2049, 2048, 2049, 2049]","[2049, 2049, 2049, 2049, 2049, 2048]",281.0
1286,11292,41,6,2026-06-05T11:37:38.008000+00:00,20.568,37.032,20.642,195.0,185.0,False,78.242,"[None, 2049, 2048, 2049, 2049, 2049]","[2049, 2049, 2049, 2049, 2051, 2048, 2049, 2049, 2049, 2049]","[2049, 2049, 2049, 2049, 2049]",280.0
1286,11292,10,5,2026-06-05T11:37:40.044000+00:00,20.563,36.836,21.284,187.0,178.0,False,78.683,"[None, 2049, 2049, 2049, 2048, 2049]","[2049, 2049, 2049, 2048, 2049, 2048, 2049, 2048, 2048, 2048]","[2048, 2049, 2049, 2049, 2048]",269.0
1286,11292,63,5,2026-06-05T11:37:43.118000+00:00,21.379,39.584,23.099,194.0,151.0,False,84.062,"[2049, 2048, 2048, 2049, 2048, 2049]","[2049, 2048, 2048, 2049, 2048, 2048, 2048, 2048, 2048, 2048]","[2048, 2048, 2048, 2048, 2048]",248.0
1286,11292,30,6,2026-06-05T11:37:44.933000+00:00,26.701,45.845,27.722,76.0,153.0,False,100.268,"[2048, 2048, 2048, 2048, 2048, 2048]","[2048, 2048, 2048, 2048, 2048, 2048, 2048, 2048, 2048, 2048]","[2048, 2048, 2048, 2048, 2048, 2048]",204.0
1286,11292,43,6,2026-06-05T11:37:49.462000+00:00,20.944,37.275,21.33,183.0,186.0,False,79.549,"[2048, 2048, 2048, 2049, 2048, 2048]","[2048, 2048, 2048, 2048, 2048, 2048, 2048, 2049, 2048, 2049]","[2048, 2048, 2048, 2048, 2048]",270.0
1286,11292,16,5,2026-06-05T11:37:51.355000+00:00,28.339,50.065,25.159,178.0,135.0,True,103.563,"[2064, 2048, 2048, 2048, 2048, 2048]","[2048, 2048, 2048, 2048, 2048, 2048, 2048, 2048, 2048, 2048]","[2048, 2048, 2048, 2048, 2048, 2048]",262.0
1286,11292,27,5,2026-06-05T11:37:52.091000+00:00,20.489,39.741,25.814,198.0,153.0,False,86.044,"[2048, 2048, 2048, 2049, 2049, 2049]","[2048, 2048, 2048, 2049, 2049, 2049, 2048, 2048, 2048, 2048]","[2048, 2048, 2048, 2048, 2048, 2048]",281.0
1286,11292,77,6,2026-06-05T11:37:56.228000+00:00,21.153,36.861,20.815,195.0,187.0,False,78.829,"[None, 2048, 2048, 2049, 2049, 2049]","[2049, 2048, 2049, 2049, 2049, 2049, 2049, 2049, 2049, 2049]","[2049, 2048, 2049, 2049, 2049]",274.0
1286,11292,55,5,2026-06-05T11:37:59.842000+00:00,20.509,39.335,22.143,189.0,178.0,False,81.987,"[None, 2049, 2049, 2049, 2049, 2049]","[2049, 2048, 2048, 2048, 2048, 2048, 2048, 2048, 2048, 2048]","[2049, 2049, 2048, 2048, 2048, 2048]",269.0
1286,11292,87,6,2026-06-05T11:38:01.989000+00:00,20.559,40.891,28.915,195.0,159.0,False,90.365,"[None, 2049, 2049, 2049, 2048, 2049]","[2049, 2049, 2048, 2048, 2049, 2049, 2048, 2048, 2048, 2048]","[2048, 2048, 2048, 2048, 2048, 2048]",271.0
1286,11292,31,6,2026-06-05T11:38:06.595000+00:00,20.676,37.025,26.963,182.0,185.0,False,84.664,"[2049, 2049, 2049, 2049, 2049, 2048]","[2049, 2049, 2048, 2048, 2048, 2049, 2049, 2048, 2048, 2049]","[2048, 2048, 2048, 2048, 2048, 2048]",271.0
1286,11292,44,6,2026-06-05T11:38:18.962000+00:00,19.851,35.418,20.348,207.0,193.0,False,75.617,"[2051, 2049, 2049, 2051, 2048, 2051]","[2051, 2049, 2048, 2051, 2048, 2048, 2049, 2049, 2049, 2051]","[2051, 2048, 2048, 2048, 2049]",278.0
1286,11292,3,7,2026-06-05T11:38:19.709000+00:00,21.511,38.283,21.566,174.0,181.0,False,81.36,"[2048, 2048, 2048, 2048, 2048, 2048]","[2048, 2048, 2048, 2048, 2048, 2048, 2048, 2048, 2048, 2048]","[2048, 2048, 2048, 2048, 2048, 2048]",280.0
1286,11292,12,6,2026-06-05T11:38:27.416000+00:00,19.979,36.508,20.256,194.0,188.0,False,76.743,"[2048, 2048, 2049, 2049, 2049, 2049]","[2049, 2049, 2048, 2049, 2048, 2048, 2049, 2048, 2048, 2049]","[2049, 2051, 2049, 2048, 2049, 2049]",267.0
1286,11292,23,6,2026-06-05T11:38:35.606000+00:00,20.466,36.484,20.694,195.0,188.0,False,77.644,"[None, 2049, 2049, 2049, 2049, 2048]","[2048, 2048, 2048, 2049, 2049, 2048, 2049, 2048, 2048, 2049]","[2049, 2048, 2049, 2048, 2048]",280.0
1286,11292,1,6,2026-06-05T11:38:40.363000+00:00,20.464,36.387,22.133,189.0,177.0,False,78.984,"[None, 2049, 2048, 2048, 2049, 2048]","[2049, 2051, 2049, 2049, 2049, 2049, 2049, 2048, 2048, 2048]","[2048, 2048, 2048, 2048, 2048, 2048]",278.0
1286,11292,5,6,2026-06-05T11:38:44.126000+00:00,21.037,36.643,20.903,192.0,189.0,False,78.583,"[None, 2048, 2048, 2048, 2048, 2048]","[2048, 2049, 2048, 2048, 2049, 2049, 2049, 2048, 2049, 2049]","[2049, 2048, 2048, 2048, 2049, 2049]",278.0
1286,11292,6,7,2026-06-05T11:38:45.507000+00:00,23.234,43.87,24.2,164.0,141.0,False,91.304,"[2048, 2048, 2048, 2048, 2048, 2048]","[2048, 2048, 2048, 2048, 2048, 2048, 2048, 2048, 2048, 2048]","[2048, 2048, 2048, 2048, 2048, 2048]",232.0
1286,11292,41,7,2026-06-05T11:38:56.144000+00:00,26.716,43.66,26.726,128.0,92.0,False,97.102,"[2048, 2048, 2048, 2048, 2048, 2048]","[2048, 2048, 2048, 2048, 2048, 2048, 2048, 2049, 2048, 2048]","[2048, 2048, 2048, 2048, 2048]",258.0
1286,11292,10,6,2026-06-05T11:38:58.766000+00:00,25.091,42.96,31.521,143.0,109.0,False,99.572,"[2048, 2048, 2048, 2048, 2048, 2048]","[2048, 2048, 2048, 2048, 2048, 2048, 2048, 2048, 2048, 2048]","[2048, 2048, 2048, 2048, 2048, 2048]",259.0
1286,11292,63,6,2026-06-05T11:39:07.189000+00:00,20.269,36.722,20.493,195.0,186.0,False,77.484,"[None, 2049, 2049, 2049, 2049, 2049]","[2049, 2048, 2049, 2049, 2049, 2049, 2048, 2049, 2049, 2049]","[2049, 2049, 2049, 2049, 2049, 2048]",280.0
1286,11292,43,7,2026-06-05T11:39:09.191000+00:00,20.381,37.082,21.042,194.0,179.0,False,78.505,"[None, 2049, 2049, 2049, 2049, 2048]","[2048, 2049, 2048, 2049, 2049, 2048, 2049, 2048, 2048, 2048]","[2048, 2048, 2048, 2048, 2048]",271.0
1286,11292,77,7,2026-06-05T11:39:15.064000+00:00,23.13,48.093,32.325,101.0,158.0,False,103.548,"[2049, 2048, 2048, 2048, 2048, 2048]","[2048, 2048, 2048, 2048, 2048, 2048, 2048, 2048, 2048, 2048]","[2048, 2048, 2048, 2048, 2048, 2048]",223.0
1286,11292,81,6,2026-06-05T11:39:17.145000+00:00,32.017,44.06,29.927,160.0,161.0,True,106.004,"[2064, 2048, 2048, 2048, 2048, 2048]","[2048, 2048, 2048, 2048, 2048, 2048, 2048, 2048, 2048, 2048]","[2048, 2048, 2048, 2048, 2048, 2048]",245.0
1286,11292,27,6,2026-06-05T11:39:18.063000+00:00,20.431,36.025,20.325,196.0,193.0,False,76.781,"[None, 2048, 2048, 2048, 2049, 2049]","[2049, 2048, 2049, 2049, 2049, 2048, 2049, 2049, 2048, 2049]","[2049, 2049, 2049, 2049, 2049, 2048]",280.0
1286,11292,55,6,2026-06-05T11:39:22.052000+00:00,20.608,36.561,20.853,198.0,187.0,False,78.022,"[None, 2048, 2048, 2049, 2049, 2049]","[2049, 2049, 2048, 2049, 2049, 2049, 2048, 2049, 2049, 2049]","[2049, 2049, 2049, 2049, 2049]",281.0
1286,11292,30,7,2026-06-05T11:39:25.164000+00:00,20.801,36.881,20.508,191.0,189.0,False,78.19,"[None, 2048, 2049, 2049, 2049, 2048]","[2049, 2048, 2048, 2048, 2049, 2048, 2048, 2049, 2049, 2049]","[2049, 2049, 2049, 2049, 2049]",283.0
1286,11292,31,7,2026-06-05T11:39:31.331000+00:00,20.844,36.98,20.976,181.0,189.0,False,78.8,"[2048, 2049, 2049, 2048, 2048, 2049]","[2048, 2048, 2048, 2048, 2048, 2049, 2048, 2048, 2049, 2049]","[2049, 2048, 2049, 2049, 2049]",281.0
1286,11292,87,7,2026-06-05T11:39:32.454000+00:00,29.345,50.45,30.647,129.0,124.0,False,110.442,"[2048, 2048, 2048, 2048, 2048, 2048]","[2048, 2048, 2048, 2048, 2048, 2048, 2048, 2048, 2048, 2048]","[2048, 2048, 2048, 2048, 2048, 2048]",268.0
1286,11292,16,6,2026-06-05T11:39:34.287000+00:00,20.502,35.856,24.788,198.0,191.0,False,81.146,"[2048, 2049, 2049, 2048, 2049, 2048]","[2049, 2049, 2049, 2049, 2049, 2049, 2049, 2049, 2049, 2049]","[2049, 2049, 2048, 2048, 2048]",279.0
1286,11292,44,7,2026-06-05T11:39:34.350000+00:00,26.867,46.313,24.496,122.0,161.0,False,97.676,"[2048, 2048, 2048, 2048, 2048, 2048]","[2048, 2048, 2048, 2048, 2048, 2048, 2048, 2048, 2048, 2048]","[2048, 2048, 2048, 2048, 2048]",196.0
1286,11292,3,8,2026-06-05T11:39:41.173000+00:00,19.96,35.72,20.23,206.0,194.0,False,75.91,"[2049, 2049, 2051, 2049, 2048, 2048]","[2048, 2048, 2048, 2051, 2048, 2048, 2049, 2049, 2048, 2048]","[2051, 2049, 2048, 2048, 2048]",281.0
1286,11292,12,7,2026-06-05T11:39:44.183000+00:00,22.444,42.726,26.256,136.0,145.0,False,91.426,"[None, 2048, 2048, 2048, 2048, 2048]","[2048, 2048, 2048, 2048, 2048, 2048, 2048, 2048, 2048, 2048]","[2048, 2048, 2048, 2048, 2048]",249.0
1286,11292,23,7,2026-06-05T11:39:53.197000+00:00,20.654,48.156,26.035,,126.0,False,94.845,"[2048, 2048, 2048, 2048, 2048, 2048]","[2048, 2048, 2048, 2048, 2048, 2048, 2048, 2048, 2048, 2048]","[2048, 2048, 2048, 2048, 2048, 2048]",210.0
1286,11292,1,7,2026-06-05T11:39:59.344000+00:00,20.201,37.075,22.237,199.0,195.0,False,79.513,"[2049, 2049, 2049, 2051, 2048, 2049]","[2048, 2048, 2048, 2048, 2048, 2048, 2048, 2048, 2049, 2049]","[2049, 2049, 2048, 2048, 2048, 2048]",277.0
1286,11292,5,7,2026-06-05T11:40:02.744000+00:00,20.434,36.752,,198.0,184.0,False,269.111,"[2049, 2048, 2049, 2049, 2049, 2048]","[2049, 2049, 2049, 2049, 2049, 2048, 2048, 2048, 2048, 2048]","[2048, 2048, 2048, 2064, 2064, 2064]",277.0
1286,11292,6,8,2026-06-05T11:40:17.018000+00:00,20.095,36.313,20.407,207.0,189.0,False,76.815,"[2051, 2048, 2048, 2048, 2049, 2048]","[2048, 2048, 2048, 2048, 2049, 2048, 2048, 2048, 2049, 2049]","[2048, 2049, 2048, 2048, 2048, 2048]",280.0
1286,11292,63,7,2026-06-05T11:40:24.542000+00:00,27.458,46.008,24.457,151.0,133.0,False,97.923,"[2048, 2048, 2048, 2048, 2048, 2048]","[2048, 2048, 2048, 2048, 2048, 2048, 2048, 2049, 2048, 2048]","[2048, 2048, 2048, 2048, 2048, 2048]",172.0
1286,11292,43,8,2026-06-05T11:40:27.468000+00:00,20.267,36.922,20.711,,188.0,False,77.9,"[2049, 2048, 2048, 2049, 2049, 2048]","[2048, 2049, 2048, 2048, 2048, 2048, 2048, 2049, 2049, 2049]","[2049, 2049, 2049, 2049, 2048]",269.0
1286,11292,41,8,2026-06-05T11:40:33.318000+00:00,20.668,36.979,20.633,193.0,187.0,False,78.28,"[None, 2049, 2049, 2049, 2048, 2048]","[2048, 2049, 2048, 2049, 2048, 2048, 2049, 2048, 2049, 2049]","[2048, 2049, 2049, 2049, 2048, 2049]",279.0
1286,11292,27,7,2026-06-05T11:40:34.873000+00:00,25.131,46.182,23.541,104.0,143.0,False,94.854,"[2049, 2048, 2048, 2048, 2048, 2048]","[2048, 2048, 2048, 2048, 2048, 2048, 2048, 2048, 2048, 2048]","[2048, 2048, 2048, 2048, 2048, 2048]",237.0
1286,11292,10,7,2026-06-05T11:40:38.399000+00:00,20.848,36.452,20.8,184.0,186.0,False,78.1,"[None, 2048, 2049, 2048, 2048, 2048]","[2048, 2048, 2048, 2048, 2049, 2049, 2048, 2048, 2048, 2049]","[2049, 2049, 2049, 2049, 2049]",280.0
1286,11292,55,7,2026-06-05T11:40:39.858000+00:00,25.067,42.82,,140.0,151.0,False,496.377,"[2048, 2048, 2048, 2048, 2048, 2048]","[2048, 2048, 2048, 2048, 2048, 2048, 2048, 2049, 2048, 2048]","[2048, 2048, 2048, 2064, 2064, 2064]",238.0
1286,11292,30,8,2026-06-05T11:40:43.420000+00:00,29.424,49.887,24.974,59.0,135.0,False,104.285,"[None, 2048, 2048, 2048, 2048, 2048]","[2048, 2048, 2048, 2048, 2048, 2048, 2048, 2048, 2048, 2048]","[2048, 2048, 2048, 2048, 2048, 2048]",232.0
1286,11292,31,8,2026-06-05T11:40:49.982000+00:00,23.245,41.564,24.091,165.0,162.0,False,88.9,"[None, 2048, 2048, 2048, 2048, 2048]","[2048, 2048, 2048, 2048, 2048, 2048, 2048, 2048, 2048, 2048]","[2048, 2048, 2048, 2048, 2048, 2048]",267.0
1286,11292,16,7,2026-06-05T11:40:55.376000+00:00,20.007,36.541,25.291,201.0,187.0,False,81.839,"[2049, 2049, 2049, 2049, 2049, 2049]","[2048, 2049, 2048, 2049, 2049, 2048, 2051, 2048, 2048, 2048]","[2048, 2048, 2048, 2048, 2048, 2048]",278.0
1286,11292,3,9,2026-06-05T11:40:56.994000+00:00,25.002,50.414,32.866,85.0,80.0,False,108.282,"[2048, 2048, 2048, 2048, 2048, 2048]","[2048, 2048, 2048, 2048, 2048, 2048, 2048, 2048, 2048, 2048]","[2048, 2048, 2048, 2048, 2048, 2048]",252.0
1286,11292,77,8,2026-06-05T11:40:58.521000+00:00,28.354,51.255,35.038,156.0,166.0,False,114.647,"[2048, 2048, 2048, 2048, 2048, 2048]","[2048, 2048, 2048, 2048, 2048, 2048, 2048, 2048, 2048, 2048]","[2048, 2048, 2048, 2048, 2048, 2048]",191.0
1286,11292,81,7,2026-06-05T11:41:02.509000+00:00,20.722,36.177,20.461,190.0,194.0,False,77.36,"[2048, 2048, 2048, 2048, 2048, 2049]","[2048, 2048, 2048, 2048, 2049, 2048, 2048, 2048, 2049, 2049]","[2049, 2049, 2049, 2049, 2048, 2048]",279.0
1286,11292,44,8,2026-06-05T11:41:12.163000+00:00,20.006,38.846,29.605,200.0,158.0,False,88.457,"[None, 2048, 2048, 2048, 2048, 2049]","[2048, 2048, 2051, 2048, 2048, 2048, 2048, 2048, 2048, 2048]","[2048, 2048, 2048, 2048, 2048, 2048]",262.0
1286,11292,12,8,2026-06-05T11:41:15.510000+00:00,20.01,36.374,22.764,199.0,181.0,False,79.148,"[None, 2048, 2049, 2048, 2049, 2049]","[2048, 2048, 2049, 2049, 2049, 2049, 2049, 2048, 2048, 2048]","[2048, 2048, 2048, 2048, 2048, 2048]",279.0
1286,11292,1,8,2026-06-05T11:41:18.809000+00:00,20.022,35.828,20.637,202.0,195.0,False,76.487,"[2048, 2049, 2049, 2048, 2049, 2051]","[2048, 2051, 2048, 2049, 2048, 2048, 2048, 2048, 2049, 2049]","[2048, 2048, 2049, 2049, 2048]",278.0
1286,11292,87,8,2026-06-05T11:41:22.872000+00:00,20.726,36.757,29.346,189.0,185.0,False,86.829,"[None, 2048, 2049, 2048, 2048, 2048]","[2048, 2048, 2048, 2049, 2049, 2049, 2049, 2048, 2049, 2048]","[2048, 2048, 2048, 2048, 2048, 2048]",279.0
1286,11292,23,8,2026-06-05T11:41:28.114000+00:00,20.734,39.611,26.161,199.0,146.0,False,86.506,"[None, 2049, 2049, 2049, 2048, 2048]","[2048, 2049, 2048, 2049, 2048, 2048, 2048, 2048, 2048, 2048]","[2048, 2048, 2048, 2048, 2048, 2048]",259.0
1286,11292,6,9,2026-06-05T11:41:33.796000+00:00,22.061,44.641,24.083,146.0,131.0,False,90.785,"[None, 2048, 2048, 2048, 2048, 2048]","[2048, 2048, 2048, 2048, 2048, 2048, 2048, 2048, 2048, 2048]","[2048, 2048, 2048, 2048, 2048, 2048]",210.0
1286,11292,18,2,2026-06-05T11:41:40.776000+00:00,29.591,40.445,22.75,157.0,164.0,True,92.786,"[None, 2049, 2049, 2049, 2049, 2049]","[2049, 2049, 2049, 2049, 2049, 2049, 2049, 2048, 2049, 2049]","[2049, 2049, 2049, 2049, 2049, 2049]",254.0
1286,11292,43,9,2026-06-05T11:41:45.413000+00:00,32.439,53.968,33.148,91.0,132.0,False,119.555,"[2048, 2048, 2048, 2048, 2048, 2048]","[2048, 2048, 2048, 2048, 2048, 2048, 2048, 2048, 2048, 2048]","[2048, 2048, 2048, 2048, 2048, 2048]",139.0
1286,11292,41,9,2026-06-05T11:41:51.645000+00:00,31.703,57.3,27.752,69.0,121.0,False,116.755,"[None, 2048, 2048, 2048, 2048, 2048]","[2048, 2048, 2048, 2048, 2048, 2048, 2048, 2048, 2048, 2048]","[2048, 2048, 2048, 2048, 2048, 2048]",179.0
1286,11292,10,8,2026-06-05T11:41:56.538000+00:00,20.218,36.402,20.716,190.0,187.0,False,77.336,"[2049, 2048, 2049, 2049, 2049, 2049]","[2049, 2048, 2049, 2048, 2048, 2049, 2048, 2049, 2049, 2049]","[2049, 2048, 2049, 2049, 2049]",279.0
1286,11292,63,8,2026-06-05T11:42:02.664000+00:00,20.689,39.514,24.969,202.0,140.0,False,85.172,"[2049, 2048, 2048, 2048, 2048, 2049]","[2049, 2049, 2049, 2048, 2048, 2048, 2048, 2048, 2048, 2048]","[2048, 2048, 2048, 2048, 2048, 2048]",265.0
1286,11292,27,8,2026-06-05T11:42:09.694000+00:00,20.226,36.028,20.259,201.0,192.0,False,76.513,"[2048, 2048, 2048, 2049, 2048, 2049]","[2048, 2048, 2048, 2048, 2048, 2048, 2048, 2049, 2051, 2049]","[2049, 2048, 2049, 2049, 2048]",279.0
1286,11292,16,8,2026-06-05T11:42:17.248000+00:00,20.685,37.307,22.25,195.0,178.0,False,80.242,"[2048, 2048, 2048, 2048, 2048, 2048]","[2048, 2048, 2048, 2048, 2048, 2048, 2048, 2048, 2048, 2048]","[2048, 2048, 2048, 2048, 2049]",257.0
1286,11292,31,9,2026-06-05T11:42:19.075000+00:00,20.964,36.902,24.791,182.0,190.0,False,82.657,"[None, 2048, 2049, 2048, 2048, 2048]","[2048, 2048, 2048, 2048, 2048, 2048, 2048, 2049, 2048, 2048]","[2048, 2048, 2048, 2048, 2048, 2048]",280.0
1286,11292,81,8,2026-06-05T11:42:19.898000+00:00,23.769,43.565,26.84,136.0,159.0,False,94.174,"[None, 2048, 2048, 2048, 2048, 2048]","[2048, 2048, 2048, 2048, 2048, 2048, 2048, 2048, 2048, 2048]","[2048, 2048, 2048, 2048, 2048, 2048]",239.0
1286,11292,30,9,2026-06-05T11:42:27.708000+00:00,20.646,36.727,20.484,196.0,190.0,False,77.857,"[None, 2048, 2049, 2048, 2049, 2049]","[2048, 2049, 2048, 2048, 2048, 2048, 2048, 2048, 2048, 2048]","[2049, 2048, 2049, 2049, 2051]",282.0
1286,11292,12,9,2026-06-05T11:42:34.632000+00:00,19.795,35.691,20.278,196.0,194.0,False,75.764,"[2049, 2048, 2048, 2049, 2051, 2048]","[2049, 2048, 2049, 2048, 2049, 2049, 2049, 2048, 2049, 2049]","[2049, 2048, 2049, 2048, 2048, 2049]",281.0
1286,11292,1,9,2026-06-05T11:42:35.196000+00:00,20.999,39.832,23.203,168.0,160.0,False,84.034,"[None, 2048, 2048, 2048, 2048, 2048]","[2048, 2048, 2048, 2048, 2048, 2048, 2048, 2048, 2048, 2048]","[2048, 2048, 2048, 2048, 2048, 2048]",265.0
1286,11292,44,9,2026-06-05T11:42:40.602000+00:00,21.798,44.351,22.249,174.0,151.0,False,88.398,"[None, 2048, 2048, 2048, 2048, 2048]","[2048, 2048, 2048, 2048, 2048, 2048, 2048, 2048, 2048, 2048]","[2048, 2048, 2048, 2048, 2048, 2048]",224.0
1286,11292,3,10,2026-06-05T11:42:45.274000+00:00,20.331,35.762,20.105,202.0,194.0,False,76.198,"[None, 2048, 2048, 2048, 2048, 2048]","[2048, 2048, 2048, 2048, 2048, 2048, 2049, 2048, 2048, 2051]","[2051, 2049, 2048, 2048, 2048]",281.0
1286,11292,87,9,2026-06-05T11:42:49.665000+00:00,20.582,40.539,22.947,196.0,136.0,False,84.068,"[None, 2049, 2048, 2048, 2048, 2049]","[2049, 2048, 2049, 2048, 2048, 2049, 2051, 2048, 2048, 2048]","[2048, 2048, 2048, 2048, 2049, 2049]",278.0
1286,11292,14,5,2026-06-05T11:42:52.446000+00:00,26.624,43.668,25.154,160.0,159.0,True,95.446,"[2064, 2048, 2048, 2048, 2048, 2048]","[2048, 2048, 2048, 2048, 2048, 2048, 2048, 2048, 2048, 2048]","[2048, 2048, 2048, 2048, 2048]",259.0
1286,11292,77,9,2026-06-05T11:42:53.201000+00:00,21.456,42.236,23.21,192.0,158.0,False,86.902,"[None, 2048, 2048, 2049, 2048, 2048]","[2048, 2048, 2048, 2048, 2048, 2048, 2048, 2048, 2048, 2048]","[2048, 2048, 2048, 2048, 2048]",252.0
1286,11292,23,9,2026-06-05T11:42:54.696000+00:00,21.024,37.57,21.343,192.0,181.0,False,79.937,"[None, 2049, 2048, 2048, 2048, 2048]","[2048, 2048, 2048, 2048, 2048, 2048, 2048, 2048, 2049, 2048]","[2048, 2048, 2048, 2048, 2048, 2048]",260.0
1286,11292,6,10,2026-06-05T11:43:04.592000+00:00,19.977,36.174,20.387,207.0,180.0,False,76.538,"[2049, 2048, 2048, 2049, 2048, 2049]","[2048, 2048, 2048, 2049, 2048, 2048, 2048, 2048, 2049, 2048]","[2048, 2049, 2049, 2048, 2049]",281.0
1286,11292,18,3,2026-06-05T11:43:12.992000+00:00,21.901,37.909,21.324,184.0,183.0,False,81.134,"[2049, 2049, 2049, 2049, 2049, 2049]","[2049, 2049, 2049, 2049, 2049, 2049, 2049, 2049, 2049, 2049]","[2049, 2049, 2049, 2049, 2049]",264.0
1286,11292,10,9,2026-06-05T11:43:13.723000+00:00,26.989,47.718,26.137,158.0,117.0,False,100.844,"[2048, 2048, 2048, 2048, 2048, 2048]","[2048, 2048, 2048, 2048, 2048, 2048, 2048, 2048, 2048, 2048]","[2048, 2048, 2048, 2048, 2048]",240.0
1286,11292,27,9,2026-06-05T11:43:26.054000+00:00,20.259,35.819,20.191,196.0,195.0,False,76.269,"[2049, 2048, 2048, 2048, 2049, 2048]","[2049, 2049, 2048, 2048, 2049, 2048, 2048, 2048, 2048, 2049]","[2049, 2049, 2051, 2048, 2048]",280.0
1286,11292,63,9,2026-06-05T11:43:27.808000+00:00,20.49,38.088,,197.0,167.0,False,606.399,"[2048, 2049, 2048, 2048, 2048, 2048]","[2048, 2048, 2048, 2048, 2048, 2048, 2048, 2048, 2048, 2048]","[2048, 2048, 2048, 2064, 2064, 2064]",279.0
1286,11292,16,9,2026-06-05T11:43:37.475000+00:00,19.748,35.433,19.879,207.0,194.0,False,75.06,"[2051, 2048, 2049, 2049, 2051, 2048]","[2049, 2051, 2048, 2049, 2048, 2049, 2048, 2048, 2048, 2049]","[2049, 2051, 2051, 2051, 2049, 2049]",279.0
1286,11292,31,10,2026-06-05T11:43:41.792000+00:00,20.561,36.592,20.714,181.0,190.0,False,77.867,"[2049, 2048, 2049, 2049, 2048, 2049]","[2049, 2048, 2049, 2049, 2049, 2048, 2048, 2048, 2048, 2049]","[2049, 2049, 2049, 2049, 2049, 2049]",279.0
1286,11292,43,10,2026-06-05T11:43:45.094000+00:00,21.057,36.927,21.034,189.0,184.0,False,79.018,"[None, 2048, 2048, 2048, 2048, 2048]","[2048, 2048, 2048, 2049, 2049, 2049, 2048, 2048, 2048, 2048]","[2048, 2048, 2048, 2048, 2048, 2048]",280.0
1286,11292,30,10,2026-06-05T11:43:45.492000+00:00,30.221,47.115,27.557,92.0,151.0,False,104.893,"[None, 2048, 2048, 2048, 2048, 2048]","[2048, 2048, 2048, 2048, 2048, 2048, 2048, 2048, 2048, 2048]","[2048, 2048, 2048, 2048, 2048, 2048]",241.0
1286,11292,41,10,2026-06-05T11:43:48.396000+00:00,20.73,39.111,26.258,192.0,153.0,False,86.099,"[None, 2048, 2048, 2049, 2049, 2049]","[2048, 2049, 2048, 2048, 2048, 2049, 2049, 2048, 2048, 2048]","[2048, 2048, 2048, 2048, 2048, 2048]",281.0
1286,11292,12,10,2026-06-05T11:43:50.276000+00:00,23.708,44.197,22.861,71.0,157.0,False,90.766,"[2048, 2048, 2048, 2048, 2048, 2048]","[2048, 2048, 2048, 2048, 2048, 2048, 2048, 2048, 2048, 2048]","[2048, 2048, 2048, 2048, 2048, 2048]",174.0
1286,11292,81,9,2026-06-05T11:43:54.055000+00:00,20.65,35.868,20.478,192.0,192.0,False,76.996,"[None, 2048, 2048, 2048, 2048, 2049]","[2049, 2049, 2049, 2048, 2049, 2049, 2048, 2049, 2049, 2048]","[2049, 2048, 2049, 2048, 2048, 2048]",280.0
1286,11292,1,10,2026-06-05T11:43:59.358000+00:00,20.052,35.722,20.242,200.0,197.0,False,76.016,"[None, 2049, 2048, 2048, 2049, 2048]","[2049, 2048, 2049, 2048, 2048, 2049, 2048, 2048, 2048, 2049]","[2051, 2049, 2048, 2049, 2048, 2048]",278.0
1286,11292,3,11,2026-06-05T11:44:01.680000+00:00,22.173,42.007,,171.0,165.0,False,429.519,"[None, 2048, 2048, 2048, 2048, 2048]","[2048, 2048, 2048, 2048, 2048, 2048, 2048, 2048, 2048, 2048]","[2048, 2048, 2048, 2064, 2064, 2064]",273.0
1286,11292,44,10,2026-06-05T11:44:09.018000+00:00,19.872,35.652,25.135,203.0,192.0,False,80.659,"[2049, 2048, 2048, 2049, 2048, 2048]","[2048, 2048, 2048, 2049, 2051, 2049, 2048, 2049, 2049, 2048]","[2048, 2048, 2048, 2048, 2048]",280.0
1286,11292,87,10,2026-06-05T11:44:13.742000+00:00,20.438,36.448,20.706,191.0,185.0,False,77.592,"[2049, 2048, 2049, 2048, 2049, 2048]","[2048, 2048, 2048, 2048, 2048, 2048, 2048, 2049, 2049, 2049]","[2049, 2049, 2048, 2049, 2049]",278.0
1286,11292,23,10,2026-06-05T11:44:14.709000+00:00,20.81,37.253,20.727,198.0,183.0,False,78.79,"[None, 2049, 2049, 2048, 2048, 2048]","[2048, 2048, 2048, 2048, 2048, 2048, 2048, 2048, 2048, 2048]","[2048, 2049, 2048, 2048, 2048, 2048]",262.0
1286,11292,77,10,2026-06-05T11:44:20.136000+00:00,20.731,36.737,20.706,195.0,184.0,False,78.174,"[2049, 2049, 2049, 2049, 2048, 2048]","[2048, 2048, 2049, 2049, 2049, 2049, 2049, 2048, 2049, 2049]","[2048, 2049, 2049, 2049, 2048]",279.0
1286,11292,6,11,2026-06-05T11:44:20.943000+00:00,25.203,43.078,,165.0,161.0,False,1029.2,"[2048, 2048, 2048, 2048, 2048, 2048]","[2048, 2048, 2048, 2048, 2048, 2048, 2048, 2048, 2048, 2048]","[2048, 2048, 2048, 2064, 2064, 2064]",261.0
1286,11292,14,6,2026-06-05T11:44:27.313000+00:00,21.185,37.099,20.871,193.0,182.0,False,79.155,"[2048, 2048, 2048, 2049, 2048, 2048]","[2048, 2048, 2048, 2048, 2049, 2048, 2048, 2048, 2048, 2049]","[2049, 2049, 2048, 2049, 2049]",264.0
1286,11292,5,8,2026-06-05T11:44:32.475000+00:00,27.191,39.09,23.999,161.0,172.0,True,90.28,"[2064, 2048, 2048, 2048, 2048, 2048]","[2048, 2048, 2048, 2048, 2048, 2048, 2048, 2048, 2048, 2048]","[2048, 2048, 2048, 2048, 2048]",250.0
1286,11292,18,4,2026-06-05T11:44:33.867000+00:00,21.29,37.288,20.865,198.0,183.0,False,79.443,"[None, 2049, 2049, 2049, 2049, 2049]","[2049, 2049, 2048, 2049, 2049, 2049, 2049, 2048, 2048, 2049]","[2049, 2049, 2049, 2049, 2048]",264.0
1286,11292,27,10,2026-06-05T11:44:42.419000+00:00,27.263,53.123,24.526,135.0,150.0,False,104.912,"[2048, 2048, 2048, 2048, 2048, 2048]","[2048, 2048, 2048, 2048, 2048, 2048, 2048, 2048, 2048, 2048]","[2048, 2048, 2048, 2048, 2048]",174.0
1286,11292,16,10,2026-06-05T11:44:52.599000+00:00,19.672,43.57,29.732,211.0,119.0,False,92.974,"[2048, 2049, 2049, 2048, 2051, 2048]","[2048, 2048, 2048, 2048, 2048, 2048, 2048, 2051, 2048, 2048]","[2048, 2048, 2048, 2048, 2048]",241.0
1286,11292,10,10,2026-06-05T11:44:54.785000+00:00,20.736,37.654,24.233,184.0,146.0,False,82.623,"[None, 2048, 2048, 2048, 2048, 2048]","[2048, 2049, 2048, 2048, 2048, 2048, 2049, 2048, 2048, 2048]","[2048, 2048, 2048, 2048, 2048]",279.0
1286,11292,31,11,2026-06-05T11:44:59.561000+00:00,25.944,43.008,23.597,118.0,171.0,False,92.549,"[2048, 2048, 2048, 2048, 2048, 2048]","[2048, 2048, 2048, 2048, 2048, 2048, 2048, 2048, 2048, 2048]","[2048, 2048, 2048, 2048, 2048, 2048]",265.0
1286,11292,43,11,2026-06-05T11:45:04.022000+00:00,20.46,36.425,20.877,197.0,188.0,False,77.762,"[None, 2049, 2049, 2048, 2048, 2048]","[2048, 2048, 2048, 2049, 2049, 2049, 2048, 2048, 2049, 2049]","[2049, 2048, 2048, 2048, 2048]",281.0
1286,11292,81,10,2026-06-05T11:45:10.975000+00:00,20.159,35.986,20.519,200.0,193.0,False,76.664,"[2049, 2049, 2048, 2049, 2049, 2049]","[2049, 2048, 2049, 2048, 2048, 2049, 2049, 2048, 2048, 2049]","[2049, 2048, 2048, 2048, 2048]",280.0
1286,11292,41,11,2026-06-05T11:45:14.496000+00:00,21.994,48.119,24.521,126.0,155.0,False,94.634,"[None, 2048, 2048, 2048, 2048, 2048]","[2048, 2048, 2048, 2048, 2048, 2048, 2048, 2048, 2048, 2048]","[2048, 2048, 2048, 2048, 2048, 2048]",193.0
1286,11292,1,11,2026-06-05T11:45:15.276000+00:00,22.765,41.858,,138.0,168.0,False,875.941,"[None, 2048, 2048, 2048, 2048, 2048]","[2048, 2048, 2048, 2048, 2048, 2048, 2048, 2048, 2048, 2048]","[2048, 2048, 2048, 2064, 2064, 2064]",237.0
1286,11292,12,11,2026-06-05T11:45:21.054000+00:00,19.743,35.618,20.075,205.0,195.0,False,75.436,"[2049, 2048, 2049, 2051, 2048, 2049]","[2048, 2048, 2048, 2048, 2049, 2048, 2049, 2048, 2049, 2051]","[2049, 2048, 2049, 2049, 2048]",280.0
1286,11292,44,11,2026-06-05T11:45:29.553000+00:00,33.633,48.249,26.283,147.0,72.0,False,108.165,"[2048, 2048, 2048, 2048, 2048, 2048]","[2048, 2048, 2048, 2048, 2048, 2048, 2048, 2048, 2048, 2048]","[2048, 2048, 2048, 2048, 2048, 2048]",198.0
1286,11292,30,11,2026-06-05T11:45:30.467000+00:00,21.099,43.015,50.002,161.0,162.0,False,114.116,"[None, 2048, 2048, 2049, 2048, 2048]","[2048, 2048, 2048, 2048, 2048, 2048, 2048, 2048, 2048, 2048]","[2048, 2048, 2048, 2064, 2064, 2064]",254.0
1286,11292,87,11,2026-06-05T11:45:31.287000+00:00,29.143,45.803,23.261,103.0,149.0,False,98.207,"[2048, 2048, 2048, 2048, 2048, 2048]","[2048, 2048, 2048, 2048, 2048, 2048, 2048, 2048, 2048, 2048]","[2048, 2048, 2048, 2048, 2048]",264.0
1286,11292,23,11,2026-06-05T11:45:33.443000+00:00,21.507,37.936,21.017,197.0,179.0,False,80.46,"[None, 2048, 2048, 2048, 2048, 2048]","[2048, 2048, 2048, 2049, 2048, 2048, 2048, 2048, 2048, 2048]","[2048, 2048, 2048, 2048, 2048, 2048]",261.0
1286,11292,77,11,2026-06-05T11:45:38.254000+00:00,27.964,49.292,27.576,77.0,147.0,False,104.832,"[2048, 2048, 2048, 2048, 2048, 2048]","[2048, 2048, 2048, 2048, 2048, 2048, 2048, 2048, 2048, 2048]","[2048, 2048, 2048, 2048, 2048, 2048]",194.0
1286,11292,14,7,2026-06-05T11:45:46.355000+00:00,21.051,36.855,20.744,197.0,185.0,False,78.65,"[2049, 2048, 2048, 2048, 2048, 2049]","[2049, 2049, 2048, 2048, 2048, 2048, 2049, 2048, 2049, 2049]","[2049, 2048, 2049, 2049, 2049]",266.0
1286,11292,18,5,2026-06-05T11:45:53.355000+00:00,20.921,36.865,20.921,193.0,185.0,False,78.707,"[None, 2049, 2049, 2049, 2049, 2049]","[2049, 2049, 2049, 2049, 2049, 2049, 2048, 2049, 2049, 2049]","[2048, 2048, 2049, 2048, 2048]",266.0
1286,11292,5,9,2026-06-05T11:46:02.356000+00:00,20.517,36.736,21.14,194.0,188.0,False,78.393,"[2048, 2049, 2048, 2048, 2049, 2048]","[2048, 2048, 2048, 2048, 2048, 2048, 2048, 2049, 2048, 2048]","[2048, 2048, 2048, 2048, 2048]",275.0
1286,11292,11,7,2026-06-05T11:46:04.936000+00:00,26.226,38.996,21.392,155.0,178.0,True,86.614,"[2064, 2048, 2048, 2048, 2048, 2048]","[2048, 2048, 2048, 2048, 2048, 2048, 2048, 2048, 2048, 2048]","[2048, 2048, 2048, 2048, 2048, 2048]",258.0
1286,11292,10,11,2026-06-05T11:46:17.334000+00:00,20.384,36.318,20.659,196.0,188.0,False,77.361,"[None, 2048, 2048, 2049, 2048, 2049]","[2048, 2048, 2048, 2048, 2049, 2049, 2049, 2048, 2048, 2048]","[2048, 2048, 2049, 2049, 2049, 2048]",281.0
1286,11292,43,12,2026-06-05T11:46:21.723000+00:00,20.263,36.736,20.699,201.0,189.0,False,77.698,"[None, 2048, 2048, 2049, 2048, 2049]","[2048, 2048, 2048, 2048, 2048, 2048, 2048, 2048, 2048, 2048]","[2048, 2048, 2049, 2048, 2049]",280.0
1286,11292,16,11,2026-06-05T11:46:25.555000+00:00,20.937,40.186,22.005,170.0,164.0,False,83.128,"[None, 2048, 2048, 2048, 2048, 2048]","[2048, 2048, 2048, 2048, 2048, 2048, 2048, 2051, 2048, 2048]","[2048, 2048, 2048, 2048, 2048, 2048]",234.0
1286,11292,27,11,2026-06-05T11:46:27.456000+00:00,25.927,42.245,22.081,89.0,172.0,False,90.253,"[None, 2048, 2048, 2048, 2048, 2048]","[2048, 2048, 2048, 2048, 2048, 2048, 2048, 2048, 2048, 2048]","[2048, 2048, 2048, 2048, 2048, 2048]",253.0
1286,11292,81,11,2026-06-05T11:46:27.697000+00:00,25.222,46.161,23.839,88.0,138.0,False,95.222,"[2048, 2048, 2048, 2048, 2048, 2048]","[2048, 2048, 2048, 2048, 2048, 2048, 2048, 2048, 2048, 2048]","[2048, 2048, 2048, 2048, 2048, 2048]",202.0
1286,11292,31,12,2026-06-05T11:46:32.068000+00:00,20.73,36.988,22.708,182.0,185.0,False,80.426,"[None, 2048, 2049, 2048, 2048, 2048]","[2048, 2048, 2048, 2048, 2048, 2048, 2048, 2048, 2049, 2048]","[2048, 2048, 2048, 2048, 2048, 2048]",279.0
1286,11292,12,12,2026-06-05T11:46:36.492000+00:00,22.402,44.216,25.693,144.0,162.0,False,92.311,"[2048, 2048, 2048, 2048, 2048, 2048]","[2048, 2048, 2048, 2048, 2048, 2048, 2048, 2048, 2048, 2048]","[2048, 2048, 2048, 2048, 2048]",222.0
1286,11292,41,12,2026-06-05T11:46:49.034000+00:00,20.418,36.732,20.636,199.0,189.0,False,77.786,"[None, 2048, 2048, 2049, 2049, 2049]","[2049, 2048, 2048, 2049, 2048, 2048, 2048, 2048, 2048, 2049]","[2049, 2049, 2048, 2048, 2048]",280.0
1286,11292,23,12,2026-06-05T11:46:53.955000+00:00,20.475,42.364,22.467,202.0,150.0,False,85.306,"[None, 2049, 2049, 2049, 2048, 2048]","[2048, 2048, 2048, 2049, 2048, 2048, 2048, 2048, 2048, 2048]","[2048, 2048, 2048, 2048, 2048, 2048]",191.0
1286,11292,14,8,2026-06-05T11:47:04.995000+00:00,20.622,36.587,20.554,189.0,186.0,False,77.763,"[None, 2049, 2049, 2049, 2049, 2048]","[2049, 2049, 2048, 2048, 2049, 2048, 2049, 2048, 2048, 2049]","[2048, 2049, 2049, 2049, 2048]",264.0
1286,11292,87,12,2026-06-05T11:47:10.077000+00:00,20.261,36.386,20.598,195.0,188.0,False,77.245,"[2049, 2048, 2049, 2049, 2049, 2048]","[2049, 2049, 2048, 2048, 2048, 2048, 2048, 2048, 2048, 2049]","[2049, 2049, 2048, 2049, 2048]",278.0
1286,11292,18,6,2026-06-05T11:47:12.377000+00:00,20.851,36.598,20.841,195.0,187.0,False,78.29,"[2048, 2048, 2049, 2049, 2049, 2048]","[2048, 2049, 2049, 2048, 2048, 2048, 2048, 2049, 2049, 2049]","[2048, 2048, 2048, 2049, 2049]",265.0
1286,11292,44,12,2026-06-05T11:47:17.846000+00:00,19.787,37.79,49.161,208.0,145.0,False,106.738,"[2049, 2048, 2049, 2049, 2048, 2048]","[2051, 2049, 2048, 2048, 2051, 2048, 2048, 2048, 2048, 2048]","[2048, 2048, 2048, 2064, 2064, 2064]",279.0
1286,11292,5,10,2026-06-05T11:47:20.484000+00:00,31.37,46.182,28.851,89.0,148.0,False,106.403,"[None, 2048, 2048, 2048, 2048, 2048]","[2048, 2048, 2048, 2048, 2048, 2048, 2048, 2048, 2048, 2048]","[2048, 2048, 2048, 2048, 2048]",261.0
1286,11292,77,12,2026-06-05T11:47:23.071000+00:00,26.268,46.395,23.497,171.0,164.0,False,96.16,"[None, 2048, 2048, 2048, 2048, 2048]","[2048, 2048, 2048, 2048, 2048, 2048, 2048, 2048, 2048, 2048]","[2048, 2048, 2048, 2048, 2048, 2048]",254.0
1286,11292,30,12,2026-06-05T11:47:25.128000+00:00,32.82,43.49,30.927,141.0,135.0,True,107.237,"[2064, 2048, 2048, 2048, 2048, 2048]","[2048, 2048, 2048, 2048, 2048, 2048, 2048, 2048, 2048, 2048]","[2048, 2048, 2048, 2048, 2048, 2048]",258.0
1286,11292,11,8,2026-06-05T11:47:30.922000+00:00,21.226,37.255,20.711,182.0,181.0,False,79.192,"[2049, 2048, 2048, 2048, 2048, 2048]","[2048, 2048, 2048, 2049, 2048, 2048, 2048, 2048, 2048, 2048]","[2048, 2048, 2048, 2048, 2048, 2048]",271.0
1286,11292,10,12,2026-06-05T11:47:34.721000+00:00,20.213,36.289,20.525,188.0,190.0,False,77.027,"[2049, 2049, 2048, 2048, 2048, 2048]","[2048, 2048, 2048, 2048, 2048, 2048, 2048, 2049, 2049, 2048]","[2049, 2049, 2048, 2048, 2049]",281.0
1286,11292,43,13,2026-06-05T11:47:39.446000+00:00,29.036,52.18,23.229,95.0,166.0,False,104.445,"[None, 2048, 2048, 2048, 2048, 2048]","[2048, 2048, 2048, 2048, 2048, 2048, 2048, 2048, 2048, 2048]","[2048, 2048, 2048, 2048, 2048, 2048]",88.0
1286,11292,16,12,2026-06-05T11:47:48.655000+00:00,19.843,35.451,19.949,207.0,195.0,False,75.243,"[None, 2048, 2049, 2049, 2048, 2048]","[2048, 2048, 2049, 2048, 2049, 2049, 2048, 2048, 2048, 2051]","[2049, 2051, 2048, 2048, 2049, 2049]",279.0
1286,11292,31,13,2026-06-05T11:47:52.555000+00:00,20.471,36.502,20.73,188.0,188.0,False,77.703,"[2049, 2048, 2049, 2049, 2048, 2049]","[2048, 2048, 2048, 2048, 2048, 2048, 2049, 2048, 2049, 2048]","[2048, 2049, 2048, 2049, 2049]",280.0
1286,11292,27,12,2026-06-05T11:47:57.713000+00:00,20.019,36.003,22.251,203.0,190.0,False,78.273,"[2049, 2048, 2048, 2049, 2048, 2048]","[2048, 2048, 2049, 2048, 2048, 2049, 2048, 2048, 2048, 2049]","[2048, 2048, 2048, 2048, 2048]",281.0
1286,11292,81,12,2026-06-05T11:48:02.869000+00:00,20.22,35.94,20.297,189.0,194.0,False,76.457,"[None, 2049, 2049, 2049, 2049, 2048]","[2048, 2048, 2048, 2048, 2048, 2048, 2048, 2048, 2048, 2049]","[2048, 2049, 2048, 2049, 2049]",279.0
1286,11292,41,13,2026-06-05T11:48:06.734000+00:00,25.632,48.362,23.692,126.0,139.0,False,97.686,"[None, 2048, 2048, 2048, 2048, 2048]","[2048, 2048, 2048, 2048, 2048, 2048, 2048, 2048, 2048, 2048]","[2048, 2048, 2048, 2048, 2048]",227.0
1286,11292,12,13,2026-06-05T11:48:08.936000+00:00,19.976,35.614,,201.0,194.0,False,433.994,"[2049, 2048, 2048, 2048, 2048, 2049]","[2048, 2048, 2048, 2048, 2048, 2049, 2049, 2048, 2048, 2048]","[2048, 2048, 2048, 2064, 2064, 2064]",281.0
1286,11292,23,13,2026-06-05T11:48:19.173000+00:00,20.435,37.042,20.666,198.0,188.0,False,78.143,"[None, 2048, 2048, 2049, 2048, 2048]","[2048, 2048, 2048, 2048, 2048, 2048, 2048, 2048, 2048, 2049]","[2049, 2048, 2049, 2048, 2048, 2048]",262.0
1286,11292,14,9,2026-06-05T11:48:22.895000+00:00,25.143,43.378,26.139,118.0,163.0,False,94.66,"[2048, 2048, 2048, 2048, 2048, 2048]","[2048, 2048, 2048, 2048, 2048, 2048, 2048, 2048, 2048, 2048]","[2048, 2048, 2048, 2048, 2048, 2048]",192.0
1286,11292,87,13,2026-06-05T11:48:26.740000+00:00,20.418,36.083,29.654,205.0,185.0,False,86.155,"[None, 2048, 2049, 2048, 2048, 2048]","[2048, 2049, 2049, 2049, 2049, 2048, 2048, 2049, 2048, 2049]","[2048, 2048, 2048, 2048, 2048, 2048]",274.0
1286,11292,18,7,2026-06-05T11:48:30.316000+00:00,25.925,42.537,24.11,144.0,151.0,False,92.572,"[None, 2048, 2048, 2048, 2048, 2048]","[2048, 2048, 2048, 2048, 2048, 2048, 2048, 2048, 2048, 2048]","[2048, 2048, 2048, 2048, 2048, 2048]",234.0
1286,11292,11,9,2026-06-05T11:48:50.199000+00:00,20.456,36.277,20.686,189.0,189.0,False,77.419,"[None, 2049, 2048, 2049, 2049, 2048]","[2048, 2048, 2049, 2048, 2048, 2048, 2049, 2049, 2048, 2049]","[2049, 2049, 2048, 2048, 2048]",278.0
1286,11292,10,13,2026-06-05T11:48:51.634000+00:00,28.742,45.997,22.269,72.0,161.0,False,97.008,"[2048, 2048, 2048, 2048, 2048, 2048]","[2048, 2048, 2048, 2048, 2048, 2048, 2048, 2048, 2048, 2048]","[2048, 2048, 2048, 2048, 2048, 2049]",241.0
1286,11292,55,8,2026-06-05T11:48:56.945000+00:00,32.108,43.186,25.968,134.0,163.0,True,101.262,"[2064, 2048, 2048, 2048, 2048, 2048]","[2048, 2048, 2048, 2048, 2048, 2048, 2048, 2048, 2048, 2048]","[2048, 2048, 2048, 2048, 2048, 2048]",263.0
1286,11292,77,13,2026-06-05T11:48:59.278000+00:00,20.666,36.669,20.608,196.0,188.0,False,77.943,"[2049, 2049, 2048, 2048, 2049, 2048]","[2048, 2048, 2049, 2049, 2048, 2048, 2049, 2049, 2048, 2049]","[2049, 2048, 2049, 2048, 2049]",276.0
1286,11292,16,13,2026-06-05T11:49:04.050000+00:00,19.533,35.52,19.875,212.0,193.0,False,74.928,"[2051, 2049, 2049, 2049, 2048, 2051]","[2048, 2048, 2048, 2048, 2048, 2049, 2048, 2048, 2048, 2051]","[2049, 2051, 2048, 2051, 2049, 2048]",280.0
1286,11292,44,13,2026-06-05T11:49:05.293000+00:00,27.339,45.801,27.23,127.0,181.0,True,100.37,"[2064, 2048, 2048, 2048, 2048, 2048]","[2048, 2048, 2048, 2048, 2048, 2048, 2048, 2048, 2048, 2048]","[2048, 2048, 2048, 2048, 2048, 2048]",248.0
1286,11292,5,11,2026-06-05T11:49:06.924000+00:00,20.628,36.684,20.599,193.0,190.0,False,77.911,"[None, 2049, 2048, 2049, 2048, 2048]","[2048, 2048, 2048, 2048, 2049, 2048, 2049, 2048, 2048, 2048]","[2049, 2049, 2048, 2049, 2049]",276.0
1286,11292,31,14,2026-06-05T11:49:10.160000+00:00,27.89,44.811,25.17,132.0,168.0,False,97.871,"[2048, 2048, 2048, 2048, 2048, 2048]","[2048, 2048, 2048, 2048, 2048, 2048, 2048, 2048, 2048, 2048]","[2048, 2048, 2048, 2048, 2048]",247.0
1286,11292,30,13,2026-06-05T11:49:11.749000+00:00,20.922,37.585,22.234,186.0,169.0,False,80.741,"[2048, 2048, 2048, 2048, 2048, 2048]","[2048, 2048, 2048, 2049, 2048, 2048, 2049, 2048, 2048, 2048]","[2048, 2048, 2048, 2048, 2048, 2048]",282.0
1286,11292,27,13,2026-06-05T11:49:15.899000+00:00,24.133,51.048,21.214,96.0,174.0,False,96.395,"[2048, 2048, 2048, 2048, 2048, 2048]","[2048, 2048, 2048, 2048, 2048, 2048, 2048, 2048, 2048, 2048]","[2048, 2048, 2048, 2048, 2048, 2048]",226.0
1286,11292,81,13,2026-06-05T11:49:19.228000+00:00,21.748,43.994,56.316,165.0,161.0,False,122.058,"[2049, 2048, 2048, 2048, 2048, 2048]","[2048, 2048, 2048, 2048, 2048, 2048, 2048, 2048, 2048, 2048]","[2048, 2048, 2048, 2064, 2064, 2064]",239.0
1286,11292,43,14,2026-06-05T11:49:23.901000+00:00,20.424,37.014,21.501,198.0,185.0,False,78.939,"[None, 2048, 2048, 2048, 2048, 2048]","[2048, 2048, 2048, 2048, 2048, 2048, 2048, 2048, 2048, 2048]","[2048, 2048, 2048, 2048, 2048, 2048]",281.0
1286,11292,23,14,2026-06-05T11:49:37.357000+00:00,20.353,36.663,20.735,203.0,186.0,False,77.751,"[2049, 2048, 2048, 2049, 2048, 2049]","[2048, 2048, 2048, 2048, 2048, 2048, 2049, 2048, 2048, 2048]","[2049, 2048, 2049, 2048, 2048, 2048]",276.0
1286,11292,41,14,2026-06-05T11:49:44.510000+00:00,20.41,36.73,20.53,201.0,191.0,False,77.67,"[None, 2049, 2049, 2048, 2049, 2049]","[2049, 2048, 2048, 2049, 2048, 2049, 2048, 2048, 2048, 2049]","[2049, 2049, 2048, 2048, 2048]",281.0
1286,11292,87,14,2026-06-05T11:49:52.890000+00:00,24.999,51.146,22.542,72.0,160.0,False,98.687,"[2048, 2048, 2048, 2048, 2048, 2048]","[2048, 2048, 2048, 2048, 2048, 2048, 2048, 2048, 2048, 2048]","[2048, 2048, 2048, 2048, 2048, 2048]",210.0
1286,11292,14,10,2026-06-05T11:49:57.636000+00:00,20.98,38.429,22.135,196.0,176.0,False,81.544,"[None, 2048, 2048, 2048, 2048, 2048]","[2048, 2048, 2048, 2048, 2048, 2048, 2048, 2048, 2048, 2048]","[2048, 2048, 2048, 2048, 2048, 2048]",226.0
1286,11292,18,8,2026-06-05T11:50:03.092000+00:00,20.877,36.663,20.635,202.0,191.0,False,78.175,"[None, 2048, 2048, 2049, 2048, 2049]","[2049, 2048, 2048, 2049, 2048, 2048, 2048, 2048, 2048, 2049]","[2049, 2049, 2049, 2048, 2048]",264.0
1286,11292,11,10,2026-06-05T11:50:07.496000+00:00,20.604,36.091,20.6,196.0,189.0,False,77.295,"[None, 2048, 2048, 2048, 2048, 2049]","[2049, 2048, 2049, 2049, 2048, 2048, 2049, 2048, 2048, 2049]","[2048, 2048, 2048, 2048, 2048]",279.0
1286,11292,77,14,2026-06-05T11:50:17.157000+00:00,23.782,46.021,25.989,147.0,165.0,False,95.792,"[2048, 2048, 2048, 2048, 2048, 2048]","[2048, 2048, 2048, 2048, 2048, 2048, 2048, 2048, 2048, 2048]","[2048, 2048, 2048, 2048, 2048]",206.0
1286,11292,16,14,2026-06-05T11:50:18.730000+00:00,25.937,49.911,29.036,123.0,159.0,False,104.884,"[2048, 2048, 2048, 2048, 2048, 2048]","[2048, 2048, 2048, 2048, 2048, 2048, 2048, 2048, 2048, 2048]","[2048, 2048, 2048, 2048, 2048, 2048]",199.0
1286,11292,5,12,2026-06-05T11:50:24.753000+00:00,27.949,44.161,33.462,81.0,77.0,False,105.572,"[None, 2048, 2048, 2048, 2048, 2048]","[2048, 2048, 2048, 2048, 2048, 2048, 2048, 2048, 2048, 2048]","[2048, 2048, 2048, 2048, 2048]",265.0
1286,11292,10,14,2026-06-05T11:50:28.792000+00:00,20.077,36.207,20.443,193.0,190.0,False,76.727,"[None, 2048, 2048, 2049, 2048, 2049]","[2048, 2048, 2048, 2048, 2049, 2048, 2048, 2048, 2048, 2049]","[2048, 2049, 2049, 2049, 2049, 2049]",281.0
1286,11292,30,14,2026-06-05T11:50:32.546000+00:00,20.532,36.306,20.4,196.0,192.0,False,77.238,"[2049, 2049, 2051, 2048, 2048, 2049]","[2049, 2048, 2049, 2049, 2048, 2048, 2048, 2049, 2048, 2049]","[2049, 2048, 2049, 2049, 2048]",281.0
1286,11292,55,9,2026-06-05T11:50:37.609000+00:00,21.962,37.748,21.621,176.0,177.0,False,81.331,"[2048, 2048, 2048, 2048, 2048, 2048]","[2048, 2048, 2048, 2049, 2048, 2048, 2048, 2048, 2048, 2048]","[2048, 2048, 2048, 2048, 2048, 2048]",273.0
1286,11292,43,15,2026-06-05T11:50:42.881000+00:00,20.222,36.959,21.014,186.0,188.0,False,78.195,"[2049, 2049, 2049, 2048, 2048, 2048]","[2048, 2048, 2048, 2048, 2048, 2049, 2049, 2048, 2048, 2048]","[2048, 2048, 2048, 2048, 2048]",282.0
1286,11292,44,14,2026-06-05T11:50:44.836000+00:00,21.935,55.611,21.26,173.0,170.0,False,98.806,"[2048, 2048, 2048, 2048, 2048, 2048]","[2048, 2048, 2048, 2048, 2048, 2048, 2048, 2048, 2048, 2048]","[2048, 2048, 2048, 2048, 2048, 2048]",199.0
1286,11292,31,15,2026-06-05T11:50:48.174000+00:00,20.509,36.807,23.006,192.0,189.0,False,80.322,"[None, 2048, 2049, 2049, 2048, 2049]","[2048, 2048, 2048, 2048, 2048, 2048, 2048, 2049, 2048, 2048]","[2048, 2048, 2048, 2048, 2048, 2048]",280.0
1286,11292,27,14,2026-06-05T11:50:52.287000+00:00,20.194,37.574,,195.0,158.0,False,1276.942,"[None, 2048, 2048, 2048, 2048, 2048]","[2048, 2048, 2048, 2048, 2048, 2048, 2049, 2049, 2048, 2048]","[2048, 2048, 2048, 2064, 2064, 2064]",280.0
1286,11292,23,15,2026-06-05T11:50:55.050000+00:00,28.121,45.477,27.565,61.0,154.0,False,101.163,"[2048, 2048, 2048, 2048, 2048, 2048]","[2048, 2048, 2048, 2048, 2048, 2048, 2048, 2048, 2048, 2048]","[2048, 2048, 2048, 2048, 2048, 2048]",244.0
1286,11292,41,15,2026-06-05T11:51:02.103000+00:00,22.364,43.826,23.688,153.0,149.0,False,89.878,"[2049, 2049, 2049, 2048, 2048, 2048]","[2048, 2048, 2048, 2048, 2048, 2048, 2048, 2048, 2048, 2048]","[2048, 2048, 2048, 2048, 2048, 2048]",228.0
1286,11292,3,12,2026-06-05T11:51:11.671000+00:00,24.467,39.364,27.712,179.0,184.0,True,91.543,"[2064, 2048, 2048, 2048, 2048, 2048]","[2048, 2048, 2048, 2048, 2048, 2048, 2048, 2048, 2048, 2048]","[2048, 2048, 2048, 2048, 2048, 2048]",265.0
1286,11292,14,11,2026-06-05T11:51:19.134000+00:00,20.659,37.33,36.17,195.0,143.0,False,94.159,"[None, 2048, 2048, 2049, 2048, 2048]","[2048, 2048, 2048, 2048, 2048, 2048, 2049, 2048, 2048, 2048]","[2048, 2048, 2048, 2048, 2048, 2048]",265.0
1286,11292,18,9,2026-06-05T11:51:21.196000+00:00,20.696,36.842,30.691,195.0,187.0,False,88.229,"[2049, 2049, 2049, 2049, 2048, 2048]","[2048, 2048, 2049, 2048, 2048, 2048, 2048, 2048, 2048, 2048]","[2048, 2048, 2048, 2048, 2048, 2048]",266.0
1286,11292,81,14,2026-06-05T11:51:22.095000+00:00,27.574,47.894,,157.0,154.0,True,539.503,"[2064, 2048, 2048, 2048, 2048, 2048]","[2048, 2048, 2048, 2048, 2048, 2048, 2048, 2048, 2048, 2048]","[2048, 2048, 2048, 2064, 2064, 2064]",238.0
1286,11292,11,11,2026-06-05T11:51:24.866000+00:00,20.484,36.457,24.646,199.0,187.0,False,81.587,"[None, 2048, 2048, 2049, 2048, 2049]","[2048, 2048, 2048, 2049, 2048, 2049, 2048, 2048, 2048, 2048]","[2048, 2048, 2048, 2048, 2048, 2048]",280.0
1286,11292,87,15,2026-06-05T11:51:31.553000+00:00,20.354,43.165,23.676,195.0,139.0,False,87.195,"[None, 2048, 2048, 2048, 2048, 2048]","[2048, 2048, 2048, 2048, 2048, 2048, 2048, 2048, 2048, 2048]","[2048, 2048, 2048, 2048, 2048, 2048]",247.0
1286,11292,10,15,2026-06-05T11:51:45.547000+00:00,25.778,42.433,22.16,136.0,170.0,False,90.371,"[None, 2048, 2048, 2048, 2048, 2048]","[2048, 2048, 2048, 2048, 2048, 2048, 2048, 2048, 2048, 2048]","[2048, 2048, 2048, 2048, 2049, 2049]",241.0
1286,11292,30,15,2026-06-05T11:51:49.718000+00:00,23.744,43.946,28.04,146.0,151.0,False,95.73,"[2048, 2048, 2048, 2048, 2048, 2048]","[2048, 2048, 2048, 2048, 2048, 2048, 2048, 2048, 2048, 2048]","[2048, 2048, 2048, 2048, 2048, 2048]",253.0
1286,11292,77,15,2026-06-05T11:51:53.083000+00:00,25.963,46.926,,103.0,89.0,False,1275.943,"[None, 2048, 2048, 2048, 2048, 2048]","[2048, 2048, 2048, 2048, 2048, 2048, 2048, 2048, 2048, 2048]","[2048, 2048, 2048, 2064, 2064, 2064]",240.0
1286,11292,55,10,2026-06-05T11:51:59.006000+00:00,20.48,36.706,24.617,196.0,185.0,False,81.803,"[2049, 2048, 2048, 2049, 2048, 2048]","[2049, 2048, 2048, 2048, 2048, 2048, 2048, 2048, 2048, 2048]","[2049, 2048, 2048, 2048, 2048, 2048]",279.0
1286,11292,43,16,2026-06-05T11:52:01.052000+00:00,34.12,48.176,22.323,109.0,168.0,False,104.619,"[2048, 2048, 2048, 2048, 2048, 2048]","[2048, 2048, 2048, 2048, 2048, 2048, 2048, 2048, 2048, 2048]","[2048, 2048, 2048, 2048, 2048, 2048]",242.0
1286,11292,16,15,2026-06-05T11:52:03.792000+00:00,19.716,38.884,22.875,211.0,151.0,False,81.475,"[None, 2048, 2049, 2049, 2048, 2048]","[2049, 2048, 2048, 2048, 2048, 2048, 2048, 2048, 2048, 2048]","[2048, 2048, 2048, 2048, 2048, 2048]",255.0
1286,11292,31,16,2026-06-05T11:52:08.462000+00:00,20.339,36.662,20.768,194.0,186.0,False,77.769,"[2049, 2048, 2049, 2049, 2048, 2049]","[2049, 2048, 2048, 2049, 2048, 2048, 2048, 2048, 2048, 2048]","[2048, 2048, 2048, 2048, 2049]",280.0
1286,11292,5,13,2026-06-05T11:52:10.415000+00:00,20.728,36.558,20.84,188.0,188.0,False,78.126,"[None, 2049, 2048, 2048, 2048, 2048]","[2048, 2049, 2048, 2048, 2048, 2049, 2049, 2048, 2048, 2048]","[2048, 2048, 2048, 2048, 2049]",279.0
1286,11292,44,15,2026-06-05T11:52:23.714000+00:00,19.641,35.375,20.094,208.0,194.0,False,75.11,"[2049, 2048, 2048, 2049, 2049, 2049]","[2051, 2048, 2048, 2048, 2048, 2048, 2049, 2048, 2049, 2049]","[2049, 2051, 2048, 2049, 2049]",279.0
1286,11292,41,16,2026-06-05T11:52:32.151000+00:00,20.228,36.866,22.809,197.0,162.0,False,79.903,"[2048, 2048, 2048, 2049, 2049, 2048]","[2048, 2049, 2048, 2048, 2051, 2049, 2049, 2049, 2048, 2048]","[2048, 2048, 2048, 2048, 2048, 2048]",281.0
1286,11292,23,16,2026-06-05T11:52:36.270000+00:00,21.272,38.847,21.595,175.0,173.0,False,81.714,"[None, 2048, 2048, 2048, 2048, 2048]","[2048, 2048, 2048, 2048, 2048, 2048, 2048, 2048, 2048, 2048]","[2048, 2048, 2048, 2048, 2048, 2048]",271.0
1286,11292,3,13,2026-06-05T11:52:42.612000+00:00,20.21,36.153,25.65,198.0,160.0,False,82.013,"[2048, 2048, 2048, 2048, 2048, 2048]","[2048, 2048, 2048, 2048, 2049, 2048, 2049, 2048, 2048, 2048]","[2048, 2048, 2048, 2048, 2048]",280.0
1286,11292,11,12,2026-06-05T11:52:46.457000+00:00,32.47,45.547,24.846,137.0,162.0,False,102.863,"[2048, 2048, 2048, 2048, 2048, 2048]","[2048, 2048, 2048, 2048, 2048, 2048, 2048, 2048, 2048, 2048]","[2048, 2048, 2048, 2048, 2048, 2048]",238.0
1286,11292,18,10,2026-06-05T11:52:49.463000+00:00,32.251,48.721,23.808,102.0,145.0,False,104.78,"[2048, 2048, 2048, 2048, 2048, 2048]","[2048, 2048, 2048, 2048, 2048, 2048, 2048, 2048, 2048, 2048]","[2048, 2048, 2048, 2048, 2048]",218.0
1286,11292,14,12,2026-06-05T11:52:53.304000+00:00,22.377,43.388,,162.0,167.0,False,1244.583,"[None, 2048, 2048, 2048, 2048, 2048]","[2048, 2048, 2048, 2048, 2048, 2048, 2048, 2048, 2048, 2048]","[2048, 2048, 2048, 2064, 2064, 2064]",244.0
1286,11292,87,16,2026-06-05T11:52:58.864000+00:00,22.049,41.844,23.274,141.0,137.0,False,87.167,"[None, 2048, 2048, 2048, 2048, 2048]","[2048, 2048, 2048, 2048, 2048, 2048, 2048, 2048, 2048, 2048]","[2048, 2048, 2048, 2048, 2048, 2048]",265.0
1286,11292,10,16,2026-06-05T11:53:15.807000+00:00,19.936,40.805,22.849,195.0,166.0,False,83.59,"[2049, 2048, 2048, 2048, 2049, 2049]","[2048, 2048, 2048, 2048, 2048, 2048, 2048, 2048, 2048, 2048]","[2048, 2048, 2048, 2048, 2048, 2048]",229.0
1286,11292,55,11,2026-06-05T11:53:20.758000+00:00,20.332,36.083,28.993,201.0,176.0,False,85.408,"[None, 2048, 2048, 2049, 2048, 2049]","[2048, 2049, 2049, 2049, 2048, 2048, 2049, 2049, 2048, 2048]","[2048, 2048, 2048, 2048, 2048]",279.0
1286,11292,16,16,2026-06-05T11:53:25.228000+00:00,19.665,38.531,25.971,205.0,144.0,False,84.167,"[None, 2049, 2049, 2051, 2048, 2048]","[2048, 2048, 2048, 2048, 2048, 2048, 2048, 2048, 2048, 2048]","[2048, 2048, 2048, 2048, 2048, 2048]",257.0
1286,11292,30,16,2026-06-05T11:53:25.497000+00:00,24.467,43.206,25.671,147.0,149.0,False,93.344,"[None, 2048, 2048, 2048, 2048, 2048]","[2048, 2048, 2048, 2048, 2048, 2048, 2048, 2048, 2048, 2048]","[2048, 2048, 2048, 2048, 2048, 2048]",261.0
1286,11292,31,17,2026-06-05T11:53:26.259000+00:00,22.904,40.114,24.92,159.0,167.0,False,87.938,"[2048, 2048, 2048, 2048, 2048, 2048]","[2048, 2048, 2048, 2048, 2048, 2048, 2048, 2048, 2048, 2048]","[2048, 2048, 2048, 2048, 2048, 2048]",264.0
1286,11292,5,14,2026-06-05T11:53:28.483000+00:00,26.0,42.915,25.199,128.0,150.0,False,94.114,"[None, 2048, 2048, 2048, 2048, 2048]","[2048, 2048, 2048, 2048, 2048, 2048, 2048, 2048, 2048, 2048]","[2048, 2048, 2048, 2048, 2048, 2048]",255.0
1286,11292,63,10,2026-06-05T11:53:34.690000+00:00,25.9,39.259,24.623,176.0,180.0,True,89.782,"[2064, 2048, 2048, 2048, 2048, 2048]","[2048, 2048, 2048, 2048, 2048, 2048, 2048, 2048, 2048, 2048]","[2048, 2048, 2048, 2048, 2048, 2048]",233.0
1286,11292,44,16,2026-06-05T11:53:38.763000+00:00,27.031,60.448,23.458,81.0,122.0,False,110.937,"[2048, 2048, 2048, 2048, 2048, 2048]","[2048, 2048, 2048, 2048, 2048, 2048, 2048, 2048, 2048, 2048]","[2048, 2048, 2048, 2048, 2048, 2048]",191.0
1286,11292,43,17,2026-06-05T11:53:45.673000+00:00,20.703,37.139,21.269,181.0,188.0,False,79.111,"[None, 2048, 2048, 2048, 2048, 2048]","[2048, 2048, 2048, 2048, 2048, 2048, 2048, 2048, 2048, 2048]","[2048, 2048, 2048, 2048, 2048]",280.0
1286,11292,41,17,2026-06-05T11:53:51.960000+00:00,20.254,36.606,20.508,200.0,192.0,False,77.368,"[None, 2048, 2048, 2048, 2049, 2049]","[2049, 2049, 2048, 2049, 2048, 2048, 2048, 2048, 2048, 2048]","[2049, 2049, 2048, 2048, 2049]",281.0
1286,11292,23,17,2026-06-05T11:53:58.048000+00:00,20.445,36.909,20.517,201.0,183.0,False,77.871,"[None, 2048, 2048, 2048, 2048, 2049]","[2049, 2048, 2048, 2049, 2048, 2048, 2048, 2048, 2049, 2048]","[2049, 2049, 2048, 2048, 2048, 2048]",262.0
1286,11292,3,14,2026-06-05T11:54:04.683000+00:00,19.856,35.926,20.144,202.0,191.0,False,75.926,"[2049, 2048, 2048, 2049, 2048, 2048]","[2048, 2048, 2049, 2048, 2048, 2048, 2048, 2049, 2048, 2048]","[2048, 2048, 2049, 2048, 2048, 2048]",279.0
1286,11292,87,17,2026-06-05T11:54:25.981000+00:00,20.246,36.199,20.551,203.0,186.0,False,76.996,"[None, 2048, 2048, 2048, 2048, 2049]","[2049, 2048, 2048, 2048, 2048, 2048, 2048, 2049, 2048, 2049]","[2049, 2049, 2049, 2048, 2048, 2048]",277.0
1286,11292,11,13,2026-06-05T11:54:29.375000+00:00,23.785,41.506,77.085,148.0,162.0,False,142.376,"[None, 2048, 2048, 2048, 2048, 2048]","[2048, 2048, 2048, 2048, 2048, 2048, 2048, 2048, 2048, 2048]","[2048, 2048, 2048, 2064, 2064, 2064]",251.0
1286,11292,18,11,2026-06-05T11:54:34.293000+00:00,22.902,40.417,23.075,139.0,169.0,False,86.394,"[2049, 2048, 2049, 2049, 2048, 2048]","[2048, 2048, 2048, 2048, 2048, 2049, 2048, 2048, 2048, 2048]","[2048, 2048, 2048, 2048, 2048, 2049]",270.0
1286,11292,10,17,2026-06-05T11:54:39.460000+00:00,20.202,41.713,23.604,194.0,161.0,False,85.519,"[2048, 2048, 2048, 2049, 2048, 2049]","[2048, 2048, 2048, 2048, 2048, 2048, 2048, 2048, 2048, 2048]","[2048, 2048, 2048, 2048, 2048]",244.0
1286,11292,55,12,2026-06-05T11:54:46.150000+00:00,21.384,37.462,24.857,181.0,187.0,False,83.703,"[2048, 2048, 2048, 2048, 2048, 2048]","[2048, 2048, 2048, 2048, 2048, 2048, 2048, 2048, 2048, 2048]","[2048, 2048, 2048, 2048, 2048, 2048]",278.0
1286,11292,16,17,2026-06-05T11:54:49.460000+00:00,19.663,37.629,28.453,210.0,134.0,False,85.745,"[None, 2048, 2048, 2048, 2048, 2048]","[2048, 2048, 2048, 2048, 2048, 2049, 2048, 2048, 2048, 2048]","[2048, 2048, 2048, 2048, 2048, 2048]",281.0
1286,11292,31,18,2026-06-05T11:54:54.131000+00:00,20.454,36.449,20.707,191.0,191.0,False,77.61,"[None, 2048, 2048, 2049, 2048, 2048]","[2048, 2048, 2049, 2048, 2048, 2048, 2049, 2048, 2048, 2048]","[2049, 2048, 2048, 2048, 2048]",279.0
1286,11292,30,17,2026-06-05T11:54:58.837000+00:00,20.334,36.357,20.418,201.0,181.0,False,77.109,"[None, 2049, 2048, 2049, 2048, 2049]","[2049, 2048, 2049, 2048, 2048, 2048, 2048, 2049, 2049, 2048]","[2049, 2049, 2049, 2048, 2048, 2051]",282.0
1286,11292,5,15,2026-06-05T11:55:02.730000+00:00,20.349,36.337,20.574,190.0,190.0,False,77.26,"[None, 2048, 2048, 2049, 2049, 2048]","[2048, 2048, 2048, 2049, 2048, 2048, 2049, 2048, 2048, 2049]","[2048, 2048, 2049, 2048, 2049]",277.0
1286,11292,63,11,2026-06-05T11:55:03.983000+00:00,23.269,39.233,21.225,178.0,175.0,False,83.727,"[2048, 2048, 2048, 2048, 2048, 2048]","[2048, 2048, 2048, 2048, 2048, 2048, 2048, 2048, 2048, 2048]","[2048, 2048, 2048, 2048, 2048, 2048]",237.0
1286,11292,43,18,2026-06-05T11:55:04.794000+00:00,20.602,37.001,20.767,192.0,188.0,False,78.37,"[None, 2048, 2049, 2048, 2048, 2048]","[2048, 2048, 2048, 2048, 2048, 2048, 2048, 2048, 2048, 2048]","[2048, 2048, 2048, 2048, 2048, 2048]",282.0
1286,11292,41,18,2026-06-05T11:55:09.303000+00:00,22.216,39.613,,152.0,187.0,False,289.061,"[None, 2048, 2048, 2048, 2048, 2048]","[2048, 2048, 2048, 2048, 2048, 2048, 2048, 2048, 2048, 2048]","[2048, 2048, 2048, 2064, 2064, 2064]",269.0
1286,11292,23,18,2026-06-05T11:55:15.878000+00:00,20.281,37.164,20.778,200.0,184.0,False,78.223,"[2049, 2048, 2048, 2048, 2049, 2048]","[2048, 2048, 2048, 2048, 2048, 2048, 2048, 2048, 2048, 2048]","[2048, 2048, 2048, 2048, 2048, 2048]",265.0
1286,11292,3,15,2026-06-05T11:55:20.541000+00:00,20.013,35.868,25.844,206.0,195.0,False,81.725,"[None, 2048, 2048, 2048, 2048, 2049]","[2048, 2048, 2048, 2048, 2048, 2048, 2048, 2048, 2048, 2049]","[2048, 2048, 2048, 2048, 2048, 2048]",281.0
1286,11292,12,14,2026-06-05T11:55:23.503000+00:00,25.643,39.557,21.138,177.0,176.0,True,86.338,"[2064, 2048, 2048, 2048, 2048, 2048]","[2048, 2048, 2048, 2048, 2048, 2048, 2048, 2048, 2048, 2048]","[2048, 2048, 2048, 2048, 2048]",236.0
1286,11292,44,17,2026-06-05T11:55:29.816000+00:00,31.975,39.008,,162.0,150.0,False,1133.357,"[None, 2048, 2048, 2048, 2048, 2048]","[2048, 2048, 2048, 2048, 2048, 2048, 2048, 2048, 2048, 2048]","[2048, 2048, 2048, 2064, 2064, 2064]",254.0
1286,11292,87,18,2026-06-05T11:55:42.975000+00:00,28.648,41.712,,125.0,159.0,False,506.972,"[None, 2048, 2048, 2048, 2048, 2048]","[2048, 2048, 2048, 2048, 2048, 2048, 2048, 2048, 2048, 2048]","[2048, 2048, 2048, 2064, 2064, 2064]",261.0
1286,11292,18,12,2026-06-05T11:56:00.616000+00:00,20.548,36.437,20.571,206.0,189.0,False,77.556,"[2048, 2048, 2048, 2048, 2049, 2049]","[2049, 2048, 2048, 2049, 2049, 2049, 2048, 2048, 2048, 2049]","[2049, 2048, 2049, 2048, 2049, 2049]",273.0
1286,11292,10,18,2026-06-05T11:56:04.873000+00:00,20.149,36.242,20.453,,191.0,False,76.844,"[None, 2049, 2048, 2048, 2048, 2048]","[2048, 2048, 2048, 2048, 2048, 2048, 2048, 2048, 2048, 2048]","[2049, 2049, 2049, 2048, 2048, 2048]",281.0
1286,11292,55,13,2026-06-05T11:56:09.922000+00:00,21.572,40.508,23.083,175.0,175.0,False,85.163,"[None, 2048, 2048, 2048, 2048, 2048]","[2048, 2048, 2048, 2048, 2048, 2048, 2048, 2048, 2048, 2048]","[2048, 2048, 2048, 2048, 2049]",277.0
1286,11292,31,19,2026-06-05T11:56:11.605000+00:00,24.218,43.969,,129.0,163.0,False,1103.046,"[None, 2048, 2048, 2048, 2048, 2048]","[2048, 2048, 2048, 2048, 2048, 2048, 2048, 2048, 2048, 2048]","[2048, 2048, 2048, 2064, 2064, 2064]",261.0
1286,11292,16,18,2026-06-05T11:56:15.116000+00:00,19.797,35.453,19.871,213.0,198.0,False,75.121,"[None, 2048, 2048, 2048, 2048, 2048]","[2048, 2048, 2048, 2048, 2048, 2048, 2048, 2048, 2048, 2051]","[2051, 2049, 2048, 2048, 2048, 2048]",280.0
1286,11292,30,18,2026-06-05T11:56:15.925000+00:00,22.112,40.595,,155.0,172.0,False,325.421,"[None, 2048, 2048, 2048, 2048, 2048]","[2048, 2048, 2048, 2048, 2048, 2048, 2048, 2048, 2048, 2048]","[2048, 2048, 2048, 2064, 2064, 2064]",269.0
1286,11292,5,16,2026-06-05T11:56:19.859000+00:00,28.857,47.714,25.237,93.0,132.0,False,101.808,"[None, 2048, 2048, 2048, 2048, 2048]","[2048, 2048, 2048, 2048, 2048, 2048, 2048, 2048, 2048, 2048]","[2048, 2048, 2048, 2048, 2048, 2048]",248.0
1286,11292,43,19,2026-06-05T11:56:23.221000+00:00,24.004,43.731,22.222,86.0,169.0,False,89.957,"[None, 2048, 2048, 2048, 2048, 2048]","[2048, 2048, 2048, 2048, 2048, 2048, 2048, 2048, 2048, 2048]","[2048, 2048, 2048, 2048, 2048, 2048]",216.0
1286,11292,63,12,2026-06-05T11:56:27.706000+00:00,20.087,36.084,20.543,205.0,194.0,False,76.714,"[2049, 2048, 2048, 2049, 2048, 2049]","[2049, 2049, 2049, 2049, 2048, 2048, 2049, 2048, 2049, 2049]","[2049, 2049, 2048, 2048, 2048]",276.0
1286,11292,23,19,2026-06-05T11:56:34.115000+00:00,25.035,47.228,23.728,162.0,148.0,False,95.991,"[2048, 2048, 2048, 2048, 2048, 2048]","[2048, 2048, 2048, 2048, 2048, 2048, 2048, 2048, 2048, 2048]","[2048, 2048, 2048, 2048, 2049, 2049]",250.0
1286,11292,3,16,2026-06-05T11:56:42.201000+00:00,24.33,43.353,,159.0,160.0,False,1000.446,"[2048, 2048, 2048, 2048, 2048, 2048]","[2048, 2048, 2048, 2048, 2048, 2048, 2048, 2048, 2048, 2048]","[2048, 2048, 2048, 2064, 2064, 2064]",249.0
1286,11292,12,15,2026-06-05T11:56:49.272000+00:00,19.659,35.92,19.899,198.0,194.0,False,75.478,"[2049, 2048, 2048, 2051, 2048, 2048]","[2048, 2049, 2049, 2049, 2048, 2048, 2048, 2048, 2048, 2049]","[2048, 2049, 2049, 2049, 2049, 2049]",274.0
1286,11292,11,14,2026-06-05T11:56:52.399000+00:00,26.72,39.52,24.336,155.0,169.0,True,90.576,"[2064, 2048, 2048, 2048, 2048, 2048]","[2048, 2048, 2048, 2048, 2048, 2048, 2048, 2048, 2048, 2048]","[2048, 2048, 2048, 2048, 2048, 2048]",263.0
1286,11292,18,13,2026-06-05T11:57:18.161000+00:00,32.978,44.868,,116.0,151.0,False,1564.138,"[None, 2048, 2048, 2048, 2048, 2048]","[2048, 2048, 2048, 2048, 2048, 2048, 2048, 2048, 2048, 2048]","[2048, 2048, 2048, 2064, 2064, 2064]",255.0
1286,11292,10,19,2026-06-05T11:57:21.763000+00:00,24.3,43.056,,147.0,172.0,False,953.995,"[None, 2048, 2048, 2048, 2048, 2048]","[2048, 2048, 2048, 2048, 2048, 2048, 2048, 2048, 2048, 2048]","[2048, 2048, 2048, 2064, 2064, 2064]",238.0
1286,11292,16,19,2026-06-05T11:57:30.223000+00:00,19.546,35.382,,212.0,194.0,False,981.001,"[None, 2048, 2048, 2048, 2048, 2048]","[2048, 2051, 2048, 2048, 2048, 2048, 2048, 2048, 2048, 2048]","[2048, 2048, 2048, 2064, 2064, 2064]",278.0
1286,11292,55,14,2026-06-05T11:57:35.019000+00:00,20.282,36.687,20.714,203.0,188.0,False,77.683,"[2049, 2048, 2048, 2049, 2048, 2048]","[2048, 2048, 2048, 2048, 2048, 2048, 2048, 2048, 2048, 2049]","[2049, 2049, 2049, 2049, 2048]",279.0
1286,11292,63,13,2026-06-05T11:57:44.297000+00:00,25.179,51.146,21.525,142.0,167.0,False,97.85,"[2048, 2048, 2048, 2048, 2048, 2048]","[2048, 2048, 2048, 2048, 2048, 2048, 2048, 2048, 2048, 2048]","[2048, 2048, 2048, 2048, 2048, 2048]",203.0
1286,11292,43,20,2026-06-05T11:57:53.148000+00:00,20.433,36.815,20.732,197.0,185.0,False,77.98,"[None, 2048, 2048, 2048, 2048, 2048]","[2048, 2049, 2048, 2048, 2048, 2048, 2048, 2048, 2048, 2048]","[2049, 2049, 2048, 2048, 2048, 2048]",280.0
1286,11292,5,17,2026-06-05T11:58:01.792000+00:00,20.179,36.323,20.497,197.0,190.0,False,76.999,"[2049, 2049, 2048, 2048, 2049, 2049]","[2048, 2048, 2049, 2048, 2049, 2048, 2049, 2048, 2048, 2048]","[2048, 2048, 2049, 2049, 2049]",278.0
1286,11292,12,16,2026-06-05T11:58:04.661000+00:00,26.194,43.026,22.309,63.0,171.0,False,91.529,"[2048, 2048, 2048, 2048, 2048, 2048]","[2048, 2048, 2048, 2048, 2048, 2048, 2048, 2048, 2048, 2048]","[2048, 2048, 2048, 2048, 2048, 2048]",239.0
1286,11292,23,20,2026-06-05T11:58:10.024000+00:00,20.513,36.532,20.494,204.0,186.0,False,77.539,"[None, 2048, 2048, 2048, 2048, 2049]","[2048, 2048, 2048, 2048, 2049, 2048, 2048, 2048, 2048, 2048]","[2049, 2048, 2048, 2048, 2048]",280.0
1286,11292,11,15,2026-06-05T11:58:22.229000+00:00,20.374,36.328,20.635,195.0,189.0,False,77.337,"[2048, 2048, 2048, 2049, 2048, 2048]","[2048, 2048, 2048, 2048, 2048, 2048, 2048, 2048, 2048, 2049]","[2048, 2048, 2048, 2048, 2048, 2048]",275.0
1286,11292,55,15,2026-06-05T11:58:52.598000+00:00,20.072,42.979,24.013,204.0,155.0,False,87.064,"[None, 2049, 2049, 2049, 2049, 2048]","[2049, 2048, 2048, 2049, 2048, 2048, 2048, 2048, 2048, 2048]","[2048, 2048, 2048, 2048, 2048, 2048]",279.0
1286,11292,43,21,2026-06-05T11:59:11.104000+00:00,23.004,47.039,,169.0,159.0,False,961.681,"[None, 2048, 2048, 2048, 2048, 2048]","[2048, 2048, 2048, 2048, 2048, 2048, 2048, 2048, 2048, 2048]","[2048, 2048, 2048, 2064, 2064, 2064]",240.0
1286,11292,5,18,2026-06-05T11:59:18.690000+00:00,20.94,45.647,,175.0,161.0,False,827.597,"[2048, 2048, 2048, 2048, 2048, 2048]","[2048, 2048, 2048, 2048, 2048, 2048, 2048, 2048, 2048, 2048]","[2048, 2048, 2048, 2064, 2064, 2064]",253.0
1286,11292,63,14,2026-06-05T11:59:22.237000+00:00,22.099,52.185,21.212,72.0,147.0,False,95.496,"[None, 2051, 2048, 2049, 2049, 2048]","[2048, 2048, 2048, 2048, 2048, 2048, 2048, 2048, 2048, 2048]","[2048, 2048, 2048, 2048, 2048, 2048]",200.0
1286,11292,23,21,2026-06-05T11:59:27.600000+00:00,27.049,43.419,,154.0,159.0,False,883.792,"[None, 2048, 2048, 2048, 2048, 2048]","[2048, 2048, 2048, 2048, 2048, 2048, 2048, 2048, 2048, 2048]","[2048, 2048, 2048, 2064, 2064, 2064]",238.0
1286,11292,12,17,2026-06-05T11:59:36.260000+00:00,26.661,41.826,22.54,155.0,177.0,False,91.027,"[None, 2048, 2048, 2048, 2048, 2048]","[2048, 2048, 2048, 2048, 2048, 2048, 2048, 2048, 2048, 2048]","[2048, 2048, 2048, 2048, 2048]",237.0
1286,11292,11,16,2026-06-05T11:59:39.717000+00:00,30.479,41.235,23.821,108.0,178.0,False,95.535,"[None, 2048, 2048, 2048, 2048, 2048]","[2048, 2048, 2048, 2048, 2048, 2048, 2048, 2048, 2048, 2048]","[2048, 2048, 2048, 2048, 2048, 2048]",255.0
1286,11292,1,12,2026-06-05T11:59:51.819000+00:00,26.441,39.579,23.245,161.0,181.0,True,89.265,"[2064, 2048, 2048, 2048, 2048, 2048]","[2048, 2048, 2048, 2048, 2048, 2048, 2048, 2048, 2048, 2048]","[2048, 2048, 2048, 2048, 2048, 2048]",232.0
1286,11292,41,19,2026-06-05T11:59:59.061000+00:00,27.753,40.598,22.188,150.0,166.0,True,90.539,"[2064, 2048, 2048, 2048, 2048, 2048]","[2048, 2048, 2048, 2048, 2048, 2048, 2048, 2048, 2048, 2048]","[2048, 2048, 2048, 2048, 2048, 2048]",264.0
1286,11292,55,16,2026-06-05T12:00:19.779000+00:00,20.29,36.661,20.705,203.0,190.0,False,77.656,"[2048, 2049, 2049, 2048, 2048, 2048]","[2049, 2048, 2048, 2048, 2048, 2048, 2048, 2048, 2049, 2048]","[2049, 2048, 2048, 2049, 2049]",278.0
1286,11292,81,15,2026-06-05T12:00:21.574000+00:00,28.776,40.808,21.915,143.0,170.0,True,91.499,"[None, 2048, 2048, 2048, 2048, 2048]","[2048, 2048, 2048, 2048, 2048, 2048, 2048, 2048, 2048, 2048]","[2048, 2048, 2048, 2048, 2048, 2048]",249.0
1286,11292,63,15,2026-06-05T12:00:57.818000+00:00,19.709,35.848,20.062,202.0,198.0,False,75.619,"[2049, 2048, 2049, 2049, 2049, 2051]","[2048, 2048, 2048, 2048, 2049, 2048, 2049, 2048, 2049, 2049]","[2049, 2049, 2049, 2049, 2048]",277.0
1286,11292,12,18,2026-06-05T12:01:07.652000+00:00,19.52,35.161,19.856,204.0,197.0,False,74.537,"[2049, 2048, 2048, 2051, 2049, 2049]","[2049, 2049, 2049, 2048, 2049, 2048, 2048, 2049, 2051, 2051]","[2049, 2048, 2048, 2051, 2048, 2048]",279.0
1286,11292,11,17,2026-06-05T12:01:15.262000+00:00,20.443,36.007,20.516,196.0,191.0,False,76.966,"[None, 2048, 2048, 2048, 2049, 2048]","[2049, 2049, 2048, 2049, 2048, 2048, 2048, 2049, 2048, 2049]","[2049, 2049, 2048, 2048, 2049]",274.0
1286,11292,1,13,2026-06-05T12:01:20.584000+00:00,20.03,35.872,23.251,194.0,178.0,False,79.153,"[2049, 2048, 2048, 2048, 2049, 2048]","[2048, 2048, 2049, 2049, 2048, 2048, 2048, 2048, 2048, 2048]","[2048, 2048, 2048, 2048, 2048, 2048]",276.0
1286,11292,41,20,2026-06-05T12:01:29.140000+00:00,20.365,36.679,20.312,199.0,191.0,False,77.356,"[2048, 2048, 2048, 2048, 2048, 2048]","[2048, 2048, 2048, 2048, 2048, 2048, 2048, 2048, 2048, 2049]","[2048, 2049, 2048, 2049, 2049]",280.0
1286,11292,6,12,2026-06-05T12:01:30.876000+00:00,26.933,39.989,21.494,167.0,169.0,True,88.416,"[2064, 2048, 2048, 2048, 2048, 2048]","[2048, 2048, 2048, 2048, 2048, 2048, 2048, 2048, 2048, 2048]","[2048, 2048, 2048, 2048, 2048, 2048]",264.0
1286,11292,55,17,2026-06-05T12:01:37.287000+00:00,25.645,42.997,22.169,128.0,177.0,False,90.811,"[None, 2048, 2048, 2048, 2048, 2048]","[2048, 2048, 2048, 2048, 2048, 2048, 2048, 2048, 2048, 2048]","[2048, 2048, 2048, 2048, 2049, 2049]",240.0
1286,11292,30,19,2026-06-05T12:01:42.019000+00:00,26.592,40.338,23.704,152.0,172.0,True,90.634,"[2064, 2048, 2048, 2048, 2048, 2048]","[2048, 2048, 2048, 2048, 2048, 2048, 2048, 2048, 2048, 2048]","[2048, 2048, 2048, 2048, 2048, 2048]",265.0
1286,11292,81,16,2026-06-05T12:01:52.430000+00:00,21.321,38.259,27.19,175.0,156.0,False,86.77,"[2048, 2048, 2048, 2048, 2048, 2048]","[2048, 2048, 2048, 2048, 2048, 2048, 2048, 2048, 2048, 2048]","[2048, 2048, 2048, 2048, 2048, 2048]",274.0
1286,11292,63,16,2026-06-05T12:02:13.300000+00:00,28.7,48.699,21.13,130.0,161.0,False,98.529,"[2048, 2048, 2048, 2048, 2048, 2048]","[2048, 2048, 2048, 2048, 2048, 2048, 2048, 2048, 2048, 2048]","[2048, 2048, 2048, 2048, 2048, 2048]",207.0
1286,11292,12,19,2026-06-05T12:02:21.833000+00:00,24.521,50.276,23.933,140.0,177.0,False,98.73,"[2048, 2048, 2048, 2048, 2048, 2048]","[2048, 2048, 2048, 2048, 2048, 2048, 2048, 2048, 2048, 2048]","[2048, 2048, 2048, 2048, 2048, 2048]",182.0
1286,11292,11,18,2026-06-05T12:02:32.040000+00:00,23.779,42.803,,155.0,161.0,False,843.034,"[None, 2048, 2048, 2048, 2048, 2048]","[2048, 2048, 2048, 2048, 2048, 2048, 2048, 2048, 2048, 2048]","[2048, 2048, 2048, 2064, 2064, 2064]",259.0
1286,11292,1,14,2026-06-05T12:02:39.711000+00:00,19.777,35.477,22.222,206.0,198.0,False,77.476,"[None, 2048, 2048, 2048, 2049, 2048]","[2049, 2049, 2049, 2049, 2048, 2048, 2049, 2048, 2048, 2049]","[2048, 2048, 2048, 2048, 2048, 2048]",275.0
1286,11292,41,21,2026-06-05T12:02:46.306000+00:00,20.019,36.427,20.352,203.0,194.0,False,76.798,"[2049, 2048, 2051, 2049, 2049, 2049]","[2048, 2049, 2048, 2048, 2048, 2048, 2048, 2048, 2049, 2049]","[2048, 2048, 2048, 2049, 2049]",280.0
1286,11292,6,13,2026-06-05T12:02:58.688000+00:00,19.97,35.9,20.278,206.0,191.0,False,76.148,"[2049, 2048, 2048, 2048, 2048, 2048]","[2048, 2048, 2048, 2048, 2048, 2048, 2049, 2049, 2048, 2049]","[2049, 2049, 2048, 2049, 2048]",279.0
1286,11292,55,18,2026-06-05T12:03:08.276000+00:00,20.086,36.223,20.575,205.0,189.0,False,76.884,"[None, 2049, 2049, 2049, 2048, 2049]","[2049, 2048, 2049, 2048, 2048, 2048, 2048, 2048, 2048, 2049]","[2049, 2048, 2049, 2049, 2049]",279.0
1286,11292,30,20,2026-06-05T12:03:12.075000+00:00,20.422,37.643,21.315,196.0,178.0,False,79.38,"[2048, 2048, 2048, 2048, 2049, 2048]","[2048, 2048, 2048, 2049, 2048, 2048, 2049, 2048, 2048, 2048]","[2048, 2048, 2048, 2048, 2048, 2048]",281.0
1286,11292,81,17,2026-06-05T12:03:19.263000+00:00,20.276,35.542,20.074,193.0,196.0,False,75.892,"[None, 2048, 2048, 2048, 2048, 2048]","[2048, 2048, 2048, 2049, 2049, 2048, 2048, 2049, 2049, 2049]","[2049, 2049, 2048, 2049, 2049, 2049]",278.0
1286,11292,63,17,2026-06-05T12:03:51.931000+00:00,19.624,35.473,19.911,210.0,198.0,False,75.008,"[None, 2048, 2049, 2049, 2049, 2051]","[2049, 2049, 2049, 2049, 2049, 2048, 2048, 2048, 2051, 2051]","[2051, 2049, 2049, 2049, 2049, 2048]",278.0
1286,11292,1,15,2026-06-05T12:03:57.163000+00:00,19.856,45.389,,209.0,140.0,False,645.934,"[2048, 2048, 2048, 2048, 2048, 2048]","[2048, 2048, 2048, 2048, 2048, 2048, 2048, 2048, 2048, 2048]","[2048, 2048, 2048, 2064, 2064, 2064]",234.0
1286,11292,12,20,2026-06-05T12:04:00.502000+00:00,19.69,35.145,19.95,204.0,196.0,False,74.785,"[None, 2048, 2048, 2051, 2048, 2048]","[2048, 2048, 2049, 2049, 2051, 2048, 2048, 2049, 2049, 2048]","[2048, 2048, 2049, 2048, 2049, 2048]",279.0
1286,11292,41,22,2026-06-05T12:04:03.053000+00:00,26.148,46.664,,147.0,128.0,False,566.392,"[None, 2048, 2048, 2048, 2048, 2048]","[2048, 2048, 2048, 2048, 2048, 2048, 2048, 2048, 2048, 2048]","[2048, 2048, 2048, 2064, 2064, 2064]",202.0
1286,11292,87,19,2026-06-05T12:04:10.643000+00:00,27.921,39.305,,166.0,173.0,True,587.494,"[2064, 2048, 2048, 2048, 2048, 2048]","[2048, 2048, 2048, 2048, 2048, 2048, 2048, 2048, 2048, 2048]","[2048, 2048, 2048, 2064, 2064, 2064]",263.0
1286,11292,6,14,2026-06-05T12:04:14.778000+00:00,19.897,35.835,,210.0,192.0,False,,"[None, 2048, 2048, 2048, 2048, 2049]","[2049, 2049, 2048, 2048, 2048, 2048, 2048, 2048, 2048, 2049]",[2049],280.0
1286,11292,55,19,2026-06-05T12:04:25.063000+00:00,27.903,,,120.0,,False,558.142,"[None, 2048, 2048, 2048, 2048, 2048]","[2048, 2048, 2048, 2048, 2048, 2048, 2048, 2048, 2048, 2048]","[2048, 2048, 2048, 2064, 2064, 2064]",242.0
1286,11292,30,21,2026-06-05T12:04:31.442000+00:00,20.136,,,211.0,,False,572.017,"[2049, 2049, 2051, 2049, 2049, 2049]","[2049, 2049, 2048, 2049, 2048, 2048, 2048, 2049, 2048, 2048]","[2048, 2048, 2048, 2064, 2064, 2064]",280.0
1286,11292,81,18,2026-06-05T12:04:34.989000+00:00,24.678,,,147.0,,False,612.096,"[None, 2048, 2048, 2048, 2048, 2048]","[2048, 2048, 2048, 2048, 2048, 2048, 2048, 2048, 2048, 2048]","[2048, 2048, 2048, 2064, 2064, 2064]",
1286,11292,63,18,2026-06-05T12:05:06.854000+00:00,,,,,,False,564.403,"[None, 2048, 2048, 2048, 2048, 2048]","[2048, 2048, 2048, 2048, 2048, 2048, 2048, 2048, 2048, 2048]","[2048, 2048, 2048, 2064, 2064, 2064]",
1286,11292,12,21,2026-06-05T12:05:15.228000+00:00,,,,,,False,774.317,"[None, 2048, 2048, 2048, 2048, 2048]","[2048, 2048, 2048, 2048, 2048, 2048, 2048, 2048, 2048, 2048]","[2048, 2048, 2048, 2064, 2064, 2064]",
1286,11292,27,15,2026-06-05T12:13:03.392000+00:00,81.31,40.421,22.436,153.0,169.0,True,144.167,"[2064, 2048, 2048, 2048, 2048, 2048]","[2048, 2048, 2048, 2048, 2048, 2048, 2048, 2048, 2048, 2048]","[2048, 2048, 2048, 2048, 2048, 2048]",256.0
1286,11292,5,19,2026-06-05T12:13:07.310000+00:00,27.307,40.296,24.331,150.0,173.0,True,91.934,"[2064, 2048, 2048, 2048, 2048, 2048]","[2048, 2048, 2048, 2048, 2048, 2048, 2048, 2048, 2048, 2048]","[2048, 2048, 2048, 2048, 2048, 2048]",248.0
1286,11292,77,16,2026-06-05T12:13:09.868000+00:00,27.399,39.432,27.154,169.0,174.0,True,93.985,"[2064, 2048, 2048, 2048, 2048, 2048]","[2048, 2048, 2048, 2048, 2048, 2048, 2048, 2048, 2048, 2048]","[2048, 2048, 2048, 2048, 2048, 2048]",260.0
1286,11292,10,20,2026-06-05T12:13:16.595000+00:00,29.541,39.874,22.497,159.0,153.0,True,91.912,"[2064, 2048, 2048, 2048, 2048, 2048]","[2048, 2048, 2048, 2048, 2048, 2048, 2048, 2048, 2048, 2048]","[2048, 2048, 2048, 2048, 2049, 0]",246.0
1286,11292,3,17,2026-06-05T12:13:23.536000+00:00,29.952,39.325,21.562,169.0,178.0,True,90.839,"[2064, 2048, 2048, 2048, 2048, 2048]","[2048, 2048, 2048, 2048, 2048, 2048, 2048, 2048, 2048, 2048]","[2048, 2048, 2048, 2048, 2048, 0]",260.0
1286,11292,41,23,2026-06-05T12:13:30.426000+00:00,31.704,40.358,22.305,161.0,176.0,True,94.367,"[2064, 2048, 2048, 2048, 2048, 2048]","[2048, 2048, 2048, 2048, 2048, 2048, 2048, 2048, 2048, 2048]","[2048, 2048, 2048, 2048, 2048, 0]",258.0
1286,11292,14,13,2026-06-05T12:13:38.557000+00:00,27.709,39.104,23.317,165.0,171.0,True,90.13,"[2064, 2048, 2048, 2048, 2048, 2048]","[2048, 2048, 2048, 2048, 2048, 2048, 2048, 2048, 2048, 2048]","[2048, 2048, 2048, 2048, 2048, 2048]",260.0
1286,11292,55,20,2026-06-05T12:13:43.916000+00:00,29.916,41.231,22.231,154.0,175.0,True,93.378,"[2064, 2048, 2048, 2048, 2048, 2048]","[2048, 2048, 2048, 2048, 2048, 2048, 2048, 2048, 2048, 2048]","[2048, 2048, 2048, 2048, 2048, 2049]",256.0
1286,11292,16,20,2026-06-05T12:13:52.208000+00:00,34.305,41.172,22.774,146.0,161.0,True,98.251,"[2064, 2048, 2048, 2048, 2048, 2048]","[2048, 2048, 2048, 2048, 2048, 2048, 2048, 2048, 2048, 2048]","[2048, 2048, 2048, 2048, 2048, 0]",223.0
1286,11292,87,20,2026-06-05T12:13:58.480000+00:00,33.341,39.954,22.987,165.0,174.0,True,96.282,"[None, 2048, 2048, 2048, 2048, 2048]","[2048, 2048, 2048, 2048, 2048, 2048, 2048, 2048, 2048, 2048]","[2048, 2048, 2048, 2048, 2048, 2048]",264.0
1286,11292,30,22,2026-06-05T12:14:04.452000+00:00,34.185,40.819,22.779,146.0,171.0,True,97.783,"[2064, 2048, 2048, 2048, 2048, 2048]","[2048, 2048, 2048, 2048, 2048, 2048, 2048, 2048, 2048, 2048]","[2048, 2048, 2048, 2048, 2048, 2048]",262.0
1286,11292,23,22,2026-06-05T12:14:12.743000+00:00,32.497,43.346,23.449,153.0,151.0,True,99.292,"[2064, 2048, 2048, 2048, 2048, 2048]","[2048, 2048, 2048, 2048, 2048, 2048, 2048, 2048, 2048, 2048]","[2048, 2048, 2048, 2048, 2048, 0]",180.0
1286,11292,44,18,2026-06-05T12:14:24.209000+00:00,31.563,42.379,24.635,106.0,170.0,True,98.577,"[2064, 2048, 2048, 2048, 2048, 2048]","[2048, 2048, 2048, 2048, 2048, 2048, 2048, 2048, 2048, 2048]","[2048, 2048, 2048, 2048, 2048, 2048]",247.0
1286,11292,63,19,2026-06-05T12:14:32.194000+00:00,32.065,42.84,26.181,75.0,173.0,True,101.086,"[2064, 2048, 2048, 2048, 2048, 2048]","[2048, 2048, 2048, 2048, 2048, 2048, 2048, 2048, 2048, 2048]","[2048, 2048, 2048, 2048, 2048, 0]",233.0
1286,11292,27,16,2026-06-05T12:14:33.507000+00:00,21.183,37.26,23.183,173.0,179.0,False,81.626,"[2048, 2048, 2048, 2048, 2048, 2048]","[2048, 2048, 2048, 2048, 2048, 2048, 2048, 2048, 2048, 2048]","[2048, 2048, 2048, 2048, 2048, 2048]",279.0
1286,11292,31,20,2026-06-05T12:14:36.254000+00:00,33.717,41.087,28.253,112.0,166.0,True,103.057,"[2064, 2048, 2048, 2048, 2048, 2048]","[2048, 2048, 2048, 2048, 2048, 2048, 2048, 2048, 2048, 2048]","[2048, 2048, 2048, 2048, 2048, 0]",261.0
1286,11292,5,20,2026-06-05T12:14:38.290000+00:00,20.616,36.874,24.093,187.0,191.0,False,81.583,"[2048, 2048, 2048, 2048, 2048, 2048]","[2048, 2048, 2048, 2048, 2048, 2048, 2048, 2048, 2048, 2048]","[2048, 2048, 2048, 2048, 2048, 2048]",277.0
1286,11292,77,17,2026-06-05T12:14:42.934000+00:00,21.05,36.958,24.142,194.0,173.0,False,82.15,"[2048, 2048, 2048, 2048, 2048, 2048]","[2049, 2049, 2049, 2049, 2048, 2048, 2049, 2048, 2048, 2048]","[2048, 2048, 2048, 2048, 2048, 2048]",273.0
1286,11292,1,16,2026-06-05T12:14:43.948000+00:00,28.527,43.18,31.184,122.0,179.0,True,102.891,"[2064, 2048, 2048, 2048, 2048, 2048]","[2048, 2048, 2048, 2048, 2048, 2048, 2048, 2048, 2048, 2048]","[2048, 2048, 2048, 2048, 2048, 2048]",227.0
1286,11292,10,21,2026-06-05T12:14:47.768000+00:00,20.418,36.611,24.768,194.0,185.0,False,81.797,"[2048, 2048, 2049, 2048, 2048, 2048]","[2048, 2048, 2049, 2048, 2048, 2048, 2048, 2048, 2049, 2048]","[2048, 2048, 2048, 2048, 2048, 2048]",281.0
1286,11292,81,19,2026-06-05T12:14:48.398000+00:00,31.891,43.008,25.044,155.0,161.0,True,99.943,"[2064, 2048, 2048, 2048, 2048, 2048]","[2048, 2048, 2048, 2048, 2048, 2048, 2048, 2048, 2048, 2048]","[2048, 2048, 2048, 2048, 2048, 2048]",259.0
1286,11292,3,18,2026-06-05T12:14:53.452000+00:00,20.895,36.932,24.88,189.0,191.0,False,82.707,"[2048, 2048, 2048, 2048, 2048, 2048]","[2048, 2048, 2048, 2048, 2048, 2048, 2048, 2048, 2048, 2048]","[2048, 2048, 2048, 2048, 2048, 2048]",266.0
1286,11292,41,24,2026-06-05T12:15:03.882000+00:00,20.363,36.736,23.018,201.0,180.0,False,80.117,"[2048, 2048, 2048, 2048, 2048, 2048]","[2049, 2048, 2048, 2048, 2048, 2048, 2048, 2048, 2048, 2048]","[2048, 2048, 2048, 2048, 2048, 2048]",281.0
1286,11292,14,14,2026-06-05T12:15:08.090000+00:00,21.714,37.52,24.376,184.0,176.0,False,83.61,"[2048, 2048, 2048, 2048, 2048, 2048]","[2048, 2048, 2048, 2048, 2048, 2048, 2048, 2048, 2048, 2048]","[2048, 2048, 2048, 2048, 2048, 2049]",262.0
1286,11292,43,22,2026-06-05T12:15:13.412000+00:00,28.208,40.482,21.96,153.0,167.0,True,90.65,"[2064, 2048, 2048, 2048, 2048, 2048]","[2048, 2048, 2048, 2048, 2048, 2048, 2048, 2048, 2048, 2048]","[2048, 2048, 2048, 2048, 2048, 2048]",262.0
1286,11292,55,21,2026-06-05T12:15:16.690000+00:00,20.731,37.928,22.413,191.0,178.0,False,81.072,"[2048, 2048, 2048, 2048, 2048, 2048]","[2048, 2048, 2048, 2048, 2048, 2048, 2048, 2048, 2048, 2048]","[2048, 2048, 2048, 2048, 2048, 2049]",280.0
1286,11292,16,21,2026-06-05T12:15:29.424000+00:00,19.843,35.016,19.89,207.0,196.0,False,74.749,"[2048, 2048, 2048, 2048, 2048, 2048]","[2049, 2048, 2049, 2049, 2048, 2048, 2048, 2048, 2049, 2048]","[2048, 2051, 2048, 2048, 2048, 2048]",279.0
1286,11292,87,21,2026-06-05T12:15:33.709000+00:00,21.034,39.694,21.738,151.0,177.0,False,82.466,"[2048, 2048, 2048, 2049, 2048, 2048]","[2048, 2048, 2048, 2048, 2048, 2048, 2048, 2048, 2048, 2048]","[2048, 2048, 2048, 2048, 2048, 2048]",265.0
1286,11292,30,23,2026-06-05T12:15:41.252000+00:00,20.26,35.981,20.19,209.0,194.0,False,76.431,"[2049, 2048, 2048, 2048, 2048, 2048]","[2048, 2049, 2048, 2048, 2048, 2048, 2048, 2048, 2049, 2048]","[2049, 2049, 2048, 2048, 2048, 2048]",281.0
1286,11292,23,23,2026-06-05T12:15:50.627000+00:00,22.202,40.094,21.697,186.0,174.0,False,83.993,"[2048, 2048, 2048, 2048, 2048, 2048]","[2048, 2048, 2048, 2048, 2048, 2048, 2048, 2048, 2048, 2048]","[2048, 2048, 2048, 2048, 2048, 2048]",253.0
1286,11292,27,17,2026-06-05T12:15:55.099000+00:00,20.072,35.811,19.968,207.0,196.0,False,75.851,"[None, 2048, 2048, 2048, 2049, 2049]","[2048, 2048, 2048, 2049, 2048, 2049, 2048, 2048, 2048, 2049]","[2049, 2049, 2048, 2049, 2049, 2048]",282.0
1286,11292,5,21,2026-06-05T12:15:59.885000+00:00,20.074,35.827,20.36,199.0,194.0,False,76.261,"[None, 2049, 2049, 2049, 2049, 2049]","[2049, 2049, 2049, 2049, 2049, 2049, 2048, 2049, 2048, 2049]","[2049, 2048, 2049, 2049, 2048]",279.0
1286,11292,44,19,2026-06-05T12:16:01.682000+00:00,21.416,47.311,22.162,179.0,177.0,False,90.889,"[2048, 2048, 2048, 2048, 2048, 2048]","[2048, 2048, 2048, 2048, 2048, 2048, 2048, 2048, 2048, 2048]","[2048, 2048, 2048, 2048, 2048]",254.0
1286,11292,77,18,2026-06-05T12:16:05.082000+00:00,20.626,36.373,20.574,,189.0,False,77.573,"[None, 2049, 2048, 2049, 2048, 2048]","[2049, 2049, 2048, 2048, 2048, 2048, 2048, 2048, 2048, 2049]","[2049, 2048, 2049, 2049, 2049]",270.0
1286,11292,10,22,2026-06-05T12:16:09.553000+00:00,20.049,35.919,20.324,200.0,190.0,False,76.292,"[None, 2048, 2049, 2048, 2049, 2048]","[2049, 2049, 2048, 2048, 2048, 2049, 2048, 2049, 2048, 2048]","[2048, 2048, 2049, 2049, 2049]",281.0
1286,11292,63,20,2026-06-05T12:16:12.415000+00:00,24.143,46.117,22.393,79.0,181.0,False,92.653,"[2048, 2048, 2048, 2048, 2048, 2048]","[2048, 2048, 2048, 2048, 2048, 2048, 2048, 2048, 2048, 2048]","[2048, 2048, 2048, 2048, 2048, 2048]",236.0
1286,11292,3,19,2026-06-05T12:16:16.311000+00:00,20.555,36.442,24.11,173.0,193.0,False,81.107,"[None, 2048, 2048, 2048, 2048, 2048]","[2048, 2048, 2048, 2048, 2048, 2048, 2048, 2048, 2048, 2048]","[2048, 2049, 2048, 2048, 2048, 2048]",280.0
1286,11292,31,21,2026-06-05T12:16:17.935000+00:00,21.725,38.265,21.875,166.0,182.0,False,81.865,"[2048, 2048, 2048, 2048, 2048, 2048]","[2048, 2048, 2048, 2048, 2048, 2048, 2048, 2048, 2048, 2048]","[2048, 2048, 2048, 2048, 2048]",275.0
1286,11292,41,25,2026-06-05T12:16:24.025000+00:00,20.251,36.356,20.187,203.0,194.0,False,76.794,"[None, 2048, 2048, 2048, 2048, 2048]","[2049, 2048, 2048, 2048, 2048, 2048, 2048, 2048, 2048, 2048]","[2049, 2049, 2048, 2048, 2051, 2051]",281.0
1286,11292,1,17,2026-06-05T12:16:25.999000+00:00,21.561,36.884,22.946,182.0,192.0,False,81.391,"[2048, 2048, 2048, 2048, 2048, 2048]","[2048, 2048, 2048, 2048, 2048, 2048, 2048, 2048, 2048, 2048]","[2048, 2048, 2048, 2048, 2048, 2048]",278.0
1286,11292,81,20,2026-06-05T12:16:27.083000+00:00,22.153,46.305,31.794,169.0,161.0,False,100.252,"[2048, 2048, 2048, 2048, 2048, 2048]","[2048, 2048, 2048, 2048, 2048, 2048, 2048, 2048, 2048, 2048]","[2048, 2048, 2048, 2048, 2048]",257.0
1286,11292,14,15,2026-06-05T12:16:31.579000+00:00,20.528,36.265,20.452,197.0,187.0,False,77.245,"[2049, 2048, 2049, 2048, 2049, 2048]","[2049, 2049, 2049, 2049, 2048, 2049, 2049, 2048, 2048, 2049]","[2049, 2048, 2049, 2049, 2049]",274.0
1286,11292,11,19,2026-06-05T12:16:35.718000+00:00,25.354,42.026,22.638,163.0,179.0,True,90.018,"[2064, 2048, 2048, 2048, 2048, 2048]","[2048, 2048, 2048, 2048, 2048, 2048, 2048, 2048, 2048, 2048]","[2048, 2048, 2048, 2048, 2048]",258.0
1286,11292,55,22,2026-06-05T12:16:37.855000+00:00,19.941,37.47,22.893,209.0,155.0,False,80.304,"[None, 2049, 2049, 2049, 2049, 2049]","[2049, 2049, 2048, 2049, 2049, 2049, 2048, 2048, 2048, 2048]","[2048, 2048, 2048, 2048, 2049, 2049]",283.0
1286,11292,43,23,2026-06-05T12:16:43.447000+00:00,20.099,36.013,20.229,192.0,193.0,False,76.341,"[2048, 2048, 2048, 2049, 2049, 2048]","[2049, 2049, 2049, 2049, 2049, 2049, 2049, 2048, 2048, 2049]","[2049, 2049, 2049, 2049, 2049]",282.0
1286,11292,16,22,2026-06-05T12:16:44.173000+00:00,21.662,44.005,26.014,143.0,160.0,False,91.681,"[None, 2048, 2048, 2048, 2048, 2048]","[2048, 2048, 2048, 2048, 2048, 2048, 2048, 2048, 2048, 2048]","[2048, 2048, 2048, 2048, 2048, 2048]",224.0
1286,11292,87,22,2026-06-05T12:16:56.263000+00:00,20.166,35.814,20.321,194.0,189.0,False,76.301,"[None, 2048, 2048, 2048, 2049, 2048]","[2049, 2048, 2049, 2049, 2049, 2049, 2048, 2049, 2048, 2049]","[2049, 2048, 2049, 2049, 2048]",279.0
1286,11292,30,24,2026-06-05T12:16:57.592000+00:00,20.114,35.903,25.674,196.0,194.0,False,81.691,"[None, 2051, 2051, 2048, 2049, 2048]","[2048, 2048, 2049, 2048, 2048, 2048, 2048, 2048, 2048, 2049]","[2049, 2048, 2048, 2048, 2048, 2048]",284.0
1286,11292,27,18,2026-06-05T12:17:10.907000+00:00,27.251,44.272,22.335,148.0,152.0,False,93.858,"[None, 2048, 2048, 2048, 2048, 2048]","[2048, 2048, 2048, 2048, 2048, 2048, 2048, 2048, 2048, 2048]","[2048, 2048, 2048, 2048, 2048, 2048]",206.0
1286,11292,23,24,2026-06-05T12:17:14.695000+00:00,20.096,35.869,20.024,206.0,193.0,False,75.989,"[None, 2048, 2048, 2049, 2049, 2049]","[2048, 2049, 2049, 2049, 2048, 2048, 2049, 2048, 2049, 2049]","[2049, 2049, 2049, 2049, 2049]",280.0
1286,11292,5,22,2026-06-05T12:17:15.969000+00:00,24.978,46.202,22.453,122.0,162.0,False,93.633,"[None, 2048, 2048, 2048, 2048, 2048]","[2048, 2048, 2048, 2048, 2048, 2048, 2048, 2048, 2048, 2048]","[2048, 2048, 2048, 2048, 2048, 2049]",240.0
1286,11292,77,19,2026-06-05T12:17:22.707000+00:00,23.442,49.012,29.061,143.0,161.0,False,101.515,"[None, 2048, 2048, 2048, 2048, 2048]","[2048, 2048, 2048, 2048, 2048, 2048, 2048, 2048, 2048, 2048]","[2048, 2048, 2048, 2048, 2048]",206.0
1286,11292,10,23,2026-06-05T12:17:25.737000+00:00,37.387,46.243,26.604,155.0,156.0,False,110.234,"[None, 2048, 2048, 2048, 2048, 2048]","[2048, 2048, 2048, 2048, 2048, 2048, 2048, 2048, 2048, 2048]","[2048, 2048, 2048, 2048, 2048, 2048]",240.0
1286,11292,44,20,2026-06-05T12:17:32.507000+00:00,21.153,40.004,29.015,184.0,159.0,False,90.172,"[None, 2048, 2048, 2048, 2048, 2048]","[2048, 2048, 2048, 2048, 2048, 2048, 2048, 2048, 2048, 2048]","[2048, 2048, 2048, 2048, 2048, 2048]",255.0
1286,11292,3,20,2026-06-05T12:17:37.308000+00:00,19.813,35.371,19.754,207.0,193.0,False,74.938,"[None, 2048, 2048, 2049, 2049, 2049]","[2049, 2049, 2049, 2051, 2048, 2048, 2048, 2049, 2049, 2049]","[2049, 2049, 2049, 2051, 2048]",281.0
1286,11292,31,22,2026-06-05T12:17:39.692000+00:00,20.29,36.151,20.651,197.0,193.0,False,77.092,"[None, 2049, 2048, 2049, 2049, 2048]","[2048, 2049, 2048, 2049, 2048, 2048, 2049, 2049, 2049, 2049]","[2048, 2048, 2049, 2049, 2048]",279.0
1286,11292,41,26,2026-06-05T12:17:40.640000+00:00,24.42,50.463,33.556,111.0,165.0,False,108.439,"[None, 2048, 2048, 2048, 2048, 2048]","[2048, 2048, 2048, 2048, 2048, 2048, 2048, 2048, 2048, 2048]","[2048, 2048, 2048, 2048, 2048, 2048]",228.0
1286,11292,63,21,2026-06-05T12:17:45.084000+00:00,19.794,42.104,26.305,196.0,164.0,False,88.203,"[None, 2048, 2049, 2049, 2048, 2048]","[2048, 2048, 2048, 2048, 2048, 2048, 2048, 2048, 2048, 2048]","[2048, 2048, 2048, 2048, 2048, 2048]",256.0
1286,11292,1,18,2026-06-05T12:17:47.383000+00:00,20.176,36.231,24.909,184.0,181.0,False,81.316,"[None, 2048, 2048, 2048, 2048, 2048]","[2048, 2048, 2048, 2048, 2049, 2048, 2048, 2048, 2048, 2048]","[2048, 2048, 2048, 2048, 2048, 2048]",278.0
1286,11292,14,16,2026-06-05T12:17:48.782000+00:00,20.569,41.019,35.459,196.0,151.0,False,97.047,"[None, 2048, 2048, 2048, 2048, 2048]","[2048, 2048, 2048, 2048, 2048, 2048, 2048, 2051, 2048, 2048]","[2048, 2048, 2048, 2048, 2048, 2048]",238.0
1286,11292,55,23,2026-06-05T12:17:58.083000+00:00,19.819,35.853,27.114,213.0,188.0,False,82.786,"[2049, 2049, 2048, 2049, 2049, 2049]","[2049, 2048, 2049, 2048, 2048, 2048, 2048, 2048, 2049, 2048]","[2049, 2048, 2048, 2048, 2048, 2048]",282.0
1286,11292,43,24,2026-06-05T12:17:59.673000+00:00,19.961,39.061,37.098,195.0,176.0,False,96.12,"[2051, 2048, 2048, 2049, 2048, 2048]","[2048, 2048, 2048, 2048, 2048, 2048, 2048, 2048, 2048, 2048]","[2048, 2048, 2048, 2048, 2048]",280.0
1286,11292,11,20,2026-06-05T12:18:05.184000+00:00,20.227,36.846,36.941,194.0,162.0,False,94.014,"[2048, 2048, 2048, 2049, 2049, 2048]","[2049, 2049, 2049, 2048, 2048, 2048, 2049, 2049, 2048, 2048]","[2048, 2048, 2048, 2048, 2048, 2048]",274.0
1286,11292,81,21,2026-06-05T12:18:07.381000+00:00,20.834,38.294,32.625,197.0,155.0,False,91.753,"[None, 2048, 2048, 2048, 2048, 2048]","[2048, 2049, 2049, 2049, 2048, 2048, 2048, 2048, 2048, 2048]","[2048, 2048, 2048, 2048, 2048, 2048]",280.0
1286,11292,12,22,2026-06-05T12:18:10.108000+00:00,26.534,39.298,30.096,109.0,173.0,True,95.928,"[2064, 2048, 2048, 2048, 2048, 2048]","[2048, 2048, 2048, 2048, 2048, 2048, 2048, 2048, 2048, 2048]","[2048, 2048, 2048, 2048, 2048, 2048]",245.0
1286,11292,87,23,2026-06-05T12:18:12.391000+00:00,29.622,43.964,24.671,115.0,163.0,False,98.257,"[None, 2048, 2048, 2048, 2048, 2048]","[2048, 2048, 2048, 2048, 2048, 2048, 2048, 2048, 2048, 2048]","[2048, 2048, 2048, 2048, 2048]",258.0
1286,11292,16,23,2026-06-05T12:18:15.910000+00:00,19.749,37.245,31.437,212.0,152.0,False,88.431,"[None, 2048, 2048, 2048, 2048, 2048]","[2051, 2048, 2051, 2048, 2048, 2048, 2049, 2048, 2048, 2048]","[2048, 2048, 2048, 2048, 2048, 2048]",280.0
1286,11292,30,25,2026-06-05T12:18:19.315000+00:00,25.23,47.588,24.531,138.0,163.0,False,97.349,"[2048, 2048, 2048, 2048, 2048, 2048]","[2048, 2048, 2048, 2048, 2048, 2048, 2048, 2048, 2048, 2048]","[2048, 2048, 2048, 2048, 2048, 2048]",261.0
1286,11292,23,25,2026-06-05T12:18:30.536000+00:00,24.49,46.389,22.143,146.0,161.0,False,93.022,"[None, 2048, 2048, 2048, 2048, 2048]","[2048, 2048, 2048, 2048, 2048, 2048, 2048, 2048, 2048, 2048]","[2048, 2048, 2048, 2048, 2048, 2048]",239.0
1286,11292,27,19,2026-06-05T12:18:44.747000+00:00,19.833,35.425,20.085,210.0,194.0,False,75.343,"[None, 2048, 2048, 2049, 2049, 2049]","[2049, 2049, 2049, 2048, 2049, 2048, 2048, 2049, 2048, 2049]","[2048, 2048, 2049, 2048, 2049]",281.0
1286,11292,5,23,2026-06-05T12:18:49.685000+00:00,19.861,36.091,20.487,201.0,190.0,False,76.439,"[2049, 2048, 2049, 2049, 2049, 2049]","[2048, 2048, 2048, 2048, 2049, 2048, 2049, 2048, 2048, 2048]","[2048, 2048, 2049, 2048, 2048]",277.0
1286,11292,3,21,2026-06-05T12:18:52.151000+00:00,19.633,35.266,19.885,208.0,198.0,False,74.784,"[2049, 2049, 2049, 2048, 2049, 2048]","[2048, 2048, 2048, 2048, 2048, 2048, 2048, 2049, 2049, 2049]","[2049, 2048, 2048, 2048, 2051, 2051]",281.0
1286,11292,31,23,2026-06-05T12:18:56.864000+00:00,20.112,35.974,20.349,,192.0,False,76.435,"[2049, 2049, 2048, 2049, 2048, 2048]","[2049, 2049, 2049, 2049, 2049, 2048, 2048, 2049, 2049, 2049]","[2049, 2049, 2049, 2049, 2049]",280.0
1286,11292,44,21,2026-06-05T12:19:02.830000+00:00,19.805,40.801,22.49,204.0,182.0,False,83.096,"[None, 2049, 2048, 2048, 2049, 2048]","[2048, 2048, 2048, 2048, 2048, 2048, 2048, 2048, 2048, 2048]","[2048, 2048, 2048, 2048, 2048, 2048]",257.0
1286,11292,77,20,2026-06-05T12:19:04.171000+00:00,24.698,47.737,26.648,117.0,147.0,False,99.083,"[None, 2048, 2048, 2048, 2048, 2048]","[2048, 2048, 2048, 2048, 2048, 2048, 2048, 2048, 2048, 2048]","[2048, 2048, 2048, 2048, 2048, 2048]",233.0
1286,11292,1,19,2026-06-05T12:19:08.638000+00:00,20.597,36.165,24.956,195.0,171.0,False,81.718,"[None, 2048, 2048, 2048, 2048, 2048]","[2048, 2049, 2049, 2048, 2048, 2048, 2048, 2048, 2048, 2048]","[2048, 2048, 2048, 2048, 2048, 2048]",278.0
1286,11292,63,22,2026-06-05T12:19:13.211000+00:00,19.787,42.959,22.428,211.0,137.0,False,85.174,"[None, 2048, 2048, 2048, 2048, 2048]","[2049, 2048, 2048, 2048, 2048, 2048, 2048, 2048, 2048, 2048]","[2048, 2048, 2048, 2048, 2048, 2049]",279.0
1286,11292,10,24,2026-06-05T12:19:16.021000+00:00,20.378,35.762,20.138,199.0,192.0,False,76.278,"[None, 2048, 2048, 2048, 2048, 2048]","[2049, 2049, 2048, 2048, 2048, 2048, 2048, 2048, 2049, 2049]","[2048, 2049, 2048, 2049, 2049]",281.0
1286,11292,55,24,2026-06-05T12:19:20.856000+00:00,22.34,39.855,26.06,174.0,174.0,False,88.255,"[2048, 2048, 2048, 2048, 2048, 2048]","[2048, 2048, 2048, 2048, 2048, 2048, 2048, 2048, 2048, 2048]","[2048, 2048, 2048, 2048, 2048, 2049]",269.0
1286,11292,14,17,2026-06-05T12:19:25.860000+00:00,21.485,39.329,27.172,173.0,162.0,False,87.986,"[2048, 2048, 2048, 2048, 2048, 2048]","[2048, 2048, 2048, 2048, 2048, 2048, 2048, 2048, 2048, 2048]","[2048, 2048, 2048, 2048, 2048, 2048]",256.0
1286,11292,41,27,2026-06-05T12:19:29.246000+00:00,20.795,41.569,26.078,194.0,149.0,False,88.442,"[None, 2048, 2048, 2048, 2048, 2048]","[2048, 2048, 2048, 2048, 2048, 2048, 2048, 2048, 2048, 2048]","[2048, 2048, 2048, 2048, 2048, 2048]",281.0
1286,11292,43,25,2026-06-05T12:19:35.827000+00:00,21.675,41.894,23.76,178.0,158.0,False,87.329,"[2048, 2048, 2048, 2048, 2048, 2048]","[2048, 2048, 2048, 2048, 2048, 2048, 2048, 2048, 2048, 2048]","[2048, 2048, 2048, 2048, 2048, 2048]",272.0
1286,11292,81,22,2026-06-05T12:19:39.212000+00:00,20.465,35.533,20.226,201.0,194.0,False,76.224,"[None, 2048, 2048, 2049, 2049, 2048]","[2049, 2049, 2048, 2049, 2048, 2048, 2048, 2048, 2048, 2048]","[2048, 2049, 2049, 2048, 2048, 2048]",279.0
1286,11292,11,21,2026-06-05T12:19:39.287000+00:00,23.827,46.016,29.259,168.0,152.0,False,99.102,"[None, 2048, 2048, 2048, 2048, 2048]","[2048, 2048, 2048, 2048, 2048, 2048, 2048, 2048, 2048, 2048]","[2048, 2048, 2048, 2048, 2048, 2048]",262.0
1286,11292,16,24,2026-06-05T12:19:44.383000+00:00,19.627,38.238,32.512,205.0,168.0,False,90.377,"[None, 2048, 2048, 2048, 2051, 2048]","[2048, 2048, 2048, 2048, 2048, 2048, 2048, 2048, 2048, 2048]","[2048, 2048, 2048, 2048, 2048, 2048]",256.0
1286,11292,12,23,2026-06-05T12:19:45.555000+00:00,21.243,36.64,20.833,189.0,183.0,False,78.716,"[2048, 2048, 2048, 2048, 2048, 2048]","[2048, 2048, 2048, 2048, 2048, 2048, 2048, 2048, 2048, 2048]","[2048, 2048, 2048, 2048, 2048, 2048]",266.0
1286,11292,87,24,2026-06-05T12:19:50.725000+00:00,20.114,35.878,20.3,201.0,189.0,False,76.292,"[None, 2048, 2048, 2048, 2049, 2048]","[2049, 2048, 2048, 2048, 2048, 2049, 2048, 2048, 2048, 2048]","[2049, 2049, 2049, 2048, 2048]",280.0
1286,11292,30,26,2026-06-05T12:19:56.731000+00:00,20.056,39.651,25.764,203.0,162.0,False,85.471,"[2049, 2048, 2048, 2049, 2048, 2048]","[2048, 2048, 2048, 2048, 2048, 2048, 2048, 2048, 2048, 2048]","[2048, 2048, 2048, 2048, 2048, 2048]",257.0
1286,11292,27,20,2026-06-05T12:20:00.114000+00:00,27.829,45.117,24.108,127.0,152.0,False,97.054,"[None, 2048, 2048, 2048, 2048, 2048]","[2048, 2048, 2048, 2048, 2048, 2048, 2048, 2048, 2048, 2048]","[2048, 2048, 2048, 2048, 2048, 2048]",210.0
1286,11292,23,26,2026-06-05T12:20:03.668000+00:00,20.117,35.742,20.19,206.0,190.0,False,76.049,"[None, 2048, 2048, 2049, 2048, 2049]","[2049, 2049, 2049, 2048, 2048, 2048, 2049, 2048, 2048, 2048]","[2049, 2048, 2048, 2048, 2048, 2049]",280.0
1286,11292,5,24,2026-06-05T12:20:06.128000+00:00,26.99,48.8,28.627,105.0,138.0,False,104.417,"[2048, 2048, 2048, 2048, 2048, 2048]","[2048, 2048, 2048, 2048, 2048, 2048, 2048, 2048, 2048, 2048]","[2048, 2048, 2048, 2048, 2048, 2048]",231.0
1286,11292,3,22,2026-06-05T12:20:06.897000+00:00,25.059,48.495,24.09,133.0,97.0,False,97.644,"[2048, 2048, 2048, 2048, 2048, 2048]","[2048, 2048, 2048, 2048, 2048, 2048, 2048, 2048, 2048, 2048]","[2048, 2048, 2048, 2048, 2048, 2048]",243.0
1286,11292,31,24,2026-06-05T12:20:13.215000+00:00,24.379,46.609,32.86,155.0,169.0,False,103.848,"[2048, 2048, 2048, 2048, 2048, 2048]","[2048, 2048, 2048, 2048, 2048, 2048, 2048, 2048, 2048, 2048]","[2048, 2048, 2048, 2048, 2048, 2048]",215.0
1286,11292,44,22,2026-06-05T12:20:25.866000+00:00,19.518,34.896,19.79,213.0,194.0,False,74.204,"[None, 2049, 2048, 2049, 2049, 2049]","[2051, 2049, 2051, 2051, 2048, 2048, 2048, 2049, 2049, 2048]","[2049, 2048, 2049, 2049, 2049, 2048]",279.0
1286,11292,1,20,2026-06-05T12:20:30.394000+00:00,19.804,35.327,20.16,206.0,197.0,False,75.291,"[None, 2049, 2049, 2048, 2048, 2048]","[2049, 2049, 2048, 2048, 2048, 2048, 2048, 2049, 2048, 2048]","[2048, 2049, 2049, 2049, 2048]",278.0
1286,11292,10,25,2026-06-05T12:20:32.247000+00:00,26.063,43.36,22.263,85.0,167.0,False,91.686,"[None, 2048, 2048, 2048, 2048, 2048]","[2048, 2048, 2048, 2048, 2048, 2048, 2048, 2048, 2048, 2048]","[2048, 2048, 2048, 2048, 2048, 2048]",241.0
1286,11292,63,23,2026-06-05T12:20:38.493000+00:00,19.51,35.546,19.927,212.0,196.0,False,74.983,"[2049, 2048, 2048, 2048, 2049, 2051]","[2049, 2049, 2049, 2048, 2048, 2048, 2049, 2048, 2048, 2048]","[2048, 2048, 2048, 2049, 2049]",279.0
1286,11292,77,21,2026-06-05T12:20:43.271000+00:00,20.666,36.346,20.448,196.0,184.0,False,77.46,"[None, 2048, 2048, 2049, 2048, 2048]","[2049, 2048, 2048, 2048, 2049, 2048, 2048, 2049, 2049, 2048]","[2048, 2048, 2049, 2049, 2048, 2049]",273.0
1286,11292,55,25,2026-06-05T12:20:49.096000+00:00,19.91,35.795,20.336,212.0,191.0,False,76.041,"[None, 2048, 2048, 2048, 2048, 2049]","[2048, 2049, 2049, 2048, 2048, 2048, 2048, 2048, 2049, 2048]","[2049, 2049, 2049, 2049, 2049, 2049]",281.0
1286,11292,14,18,2026-06-05T12:20:53.885000+00:00,20.262,36.023,20.393,202.0,187.0,False,76.678,"[2049, 2049, 2049, 2049, 2049, 2049]","[2049, 2048, 2049, 2049, 2048, 2049, 2049, 2048, 2049, 2049]","[2049, 2049, 2049, 2048, 2048]",274.0
1286,11292,81,23,2026-06-05T12:20:55.408000+00:00,28.216,47.623,22.631,61.0,149.0,False,98.47,"[None, 2048, 2048, 2048, 2048, 2048]","[2048, 2048, 2048, 2048, 2048, 2048, 2048, 2048, 2048, 2048]","[2048, 2048, 2048, 2048, 2048, 2048]",211.0
1286,11292,41,28,2026-06-05T12:20:57.714000+00:00,20.197,36.101,20.091,204.0,195.0,False,76.389,"[None, 2048, 2048, 2048, 2049, 2049]","[2049, 2049, 2049, 2048, 2048, 2048, 2048, 2048, 2049, 2049]","[2049, 2049, 2049, 2049, 2048, 2048]",281.0
1286,11292,43,26,2026-06-05T12:21:03.237000+00:00,20.001,35.901,20.287,203.0,194.0,False,76.189,"[None, 2048, 2048, 2048, 2049, 2049]","[2049, 2049, 2048, 2048, 2049, 2048, 2048, 2049, 2049, 2049]","[2049, 2048, 2048, 2049, 2049, 2048]",281.0
1286,11292,12,24,2026-06-05T12:21:04.161000+00:00,20.437,36.35,20.562,197.0,186.0,False,77.349,"[None, 2048, 2048, 2048, 2048, 2048]","[2048, 2048, 2048, 2048, 2048, 2048, 2048, 2048, 2048, 2048]","[2048, 2048, 2048, 2048, 2048, 2048]",267.0
1286,11292,87,25,2026-06-05T12:21:06.938000+00:00,20.065,51.92,32.571,199.0,69.0,False,104.556,"[2049, 2048, 2048, 2048, 2048, 2048]","[2048, 2048, 2048, 2048, 2048, 2048, 2048, 2048, 2048, 2048]","[2048, 2048, 2048, 2048, 2048, 2048]",197.0
1286,11292,16,25,2026-06-05T12:21:14.756000+00:00,19.491,34.858,19.629,214.0,197.0,False,73.978,"[None, 2048, 2048, 2048, 2051, 2049]","[2049, 2048, 2048, 2051, 2048, 2048, 2048, 2048, 2049, 2049]","[2051, 2051, 2048, 2049, 2049]",280.0
1286,11292,11,22,2026-06-05T12:21:18.368000+00:00,20.369,35.797,20.455,196.0,190.0,False,76.621,"[None, 2048, 2048, 2049, 2048, 2048]","[2048, 2048, 2048, 2048, 2049, 2048, 2048, 2048, 2048, 2049]","[2049, 2048, 2049, 2049, 2049, 2049]",271.0
1286,11292,23,27,2026-06-05T12:21:19.870000+00:00,29.564,46.309,22.135,124.0,167.0,False,98.008,"[None, 2048, 2048, 2048, 2048, 2048]","[2048, 2048, 2048, 2048, 2048, 2048, 2048, 2048, 2048, 2048]","[2048, 2048, 2048, 2048, 2049, 2049]",236.0
1286,11292,30,27,2026-06-05T12:21:22.258000+00:00,20.132,35.842,24.14,202.0,193.0,False,80.114,"[2048, 2048, 2048, 2048, 2049, 2048]","[2048, 2049, 2048, 2048, 2049, 2048, 2048, 2049, 2049, 2049]","[2049, 2048, 2048, 2048, 2048]",282.0
1286,11292,27,21,2026-06-05T12:21:37.207000+00:00,23.758,41.535,21.484,168.0,167.0,False,86.777,"[None, 2048, 2048, 2048, 2048, 2048]","[2048, 2048, 2048, 2048, 2048, 2048, 2048, 2048, 2048, 2048]","[2048, 2048, 2048, 2048, 2048, 2048]",260.0
1286,11292,44,23,2026-06-05T12:21:40.050000+00:00,36.196,55.187,29.07,94.0,78.0,False,120.453,"[None, 2048, 2048, 2048, 2048, 2048]","[2048, 2048, 2048, 2048, 2048, 2048, 2048, 2048, 2048, 2048]","[2048, 2048, 2048, 2048, 2048, 2048]",206.0
1286,11292,3,23,2026-06-05T12:21:44.786000+00:00,19.653,35.157,19.681,210.0,198.0,False,74.491,"[None, 2048, 2048, 2049, 2049, 2049]","[2049, 2048, 2048, 2048, 2049, 2048, 2048, 2048, 2048, 2048]","[2049, 2049, 2049, 2051, 2051]",280.0
1286,11292,1,21,2026-06-05T12:21:45.613000+00:00,21.869,41.888,22.116,180.0,172.0,False,85.873,"[None, 2048, 2048, 2048, 2048, 2048]","[2048, 2048, 2048, 2048, 2048, 2048, 2048, 2048, 2048, 2048]","[2048, 2048, 2048, 2048, 2048, 2048]",232.0
1286,11292,5,25,2026-06-05T12:21:50.614000+00:00,19.968,35.785,20.095,201.0,190.0,False,75.848,"[None, 2049, 2048, 2049, 2048, 2048]","[2049, 2048, 2048, 2049, 2048, 2048, 2048, 2049, 2048, 2049]","[2048, 2049, 2049, 2049, 2049, 2048]",278.0
1286,11292,63,24,2026-06-05T12:21:53.262000+00:00,28.123,57.753,25.239,128.0,74.0,False,111.115,"[2048, 2048, 2048, 2048, 2048, 2048]","[2048, 2048, 2048, 2048, 2048, 2048, 2048, 2049, 2048, 2048]","[2048, 2048, 2048, 2048, 2048, 2048]",165.0
1286,11292,31,25,2026-06-05T12:21:57.153000+00:00,20.836,37.361,22.182,178.0,177.0,False,80.379,"[None, 2048, 2048, 2048, 2048, 2048]","[2048, 2048, 2048, 2048, 2048, 2048, 2048, 2048, 2048, 2048]","[2048, 2048, 2048, 2048, 2048]",279.0
1286,11292,77,22,2026-06-05T12:22:00.699000+00:00,22.606,57.306,25.262,142.0,143.0,False,105.174,"[None, 2048, 2048, 2048, 2048, 2048]","[2048, 2048, 2048, 2048, 2048, 2048, 2048, 2048, 2048, 2048]","[2048, 2048, 2048, 2048, 2048, 2048]",243.0
1286,11292,10,26,2026-06-05T12:22:03.973000+00:00,19.955,35.738,20.135,199.0,194.0,False,75.828,"[None, 2049, 2048, 2048, 2048, 2049]","[2048, 2048, 2048, 2048, 2048, 2048, 2048, 2049, 2049, 2049]","[2048, 2048, 2048, 2048, 2049]",280.0
1286,11292,55,26,2026-06-05T12:22:05.064000+00:00,26.477,53.106,25.248,111.0,176.0,False,104.831,"[None, 2048, 2048, 2048, 2048, 2048]","[2048, 2048, 2048, 2048, 2048, 2048, 2048, 2048, 2048, 2048]","[2048, 2048, 2048, 2048, 2048, 2048]",168.0
1286,11292,14,19,2026-06-05T12:22:10.474000+00:00,20.583,40.584,24.381,173.0,126.0,False,85.548,"[None, 2049, 2048, 2048, 2048, 2048]","[2048, 2048, 2048, 2048, 2048, 2048, 2048, 2048, 2048, 2048]","[2048, 2048, 2048, 2048, 2048, 2048]",232.0
1286,11292,41,29,2026-06-05T12:22:14.028000+00:00,22.1,53.96,28.677,139.0,84.0,False,104.737,"[None, 2048, 2048, 2048, 2048, 2048]","[2048, 2048, 2048, 2048, 2048, 2048, 2048, 2048, 2048, 2048]","[2048, 2048, 2048, 2048, 2048, 2048]",200.0
1286,11292,43,27,2026-06-05T12:22:19.272000+00:00,29.6,46.96,28.161,75.0,154.0,False,104.721,"[None, 2048, 2048, 2048, 2048, 2048]","[2048, 2048, 2048, 2048, 2048, 2048, 2048, 2048, 2048, 2048]","[2048, 2048, 2048, 2048, 2048, 2048]",215.0
1286,11292,12,25,2026-06-05T12:22:21.519000+00:00,20.266,36.33,21.436,195.0,183.0,False,78.032,"[None, 2048, 2048, 2048, 2048, 2048]","[2048, 2048, 2048, 2048, 2048, 2048, 2048, 2048, 2048, 2048]","[2048, 2048, 2048, 2048, 2048, 2048]",267.0
1286,11292,16,26,2026-06-05T12:22:28.696000+00:00,23.652,48.542,28.79,56.0,136.0,False,100.984,"[None, 2048, 2048, 2048, 2048, 2048]","[2048, 2048, 2048, 2048, 2048, 2048, 2048, 2048, 2048, 2048]","[2048, 2048, 2048, 2048, 2048, 2048]",199.0
1286,11292,81,24,2026-06-05T12:22:33.922000+00:00,19.791,36.347,24.617,209.0,112.0,False,80.755,"[2049, 2048, 2048, 2049, 2049, 2049]","[2049, 2048, 2048, 2049, 2049, 2048, 2048, 2048, 2048, 2048]","[2048, 2048, 2048, 2048, 2048, 2048]",280.0
1286,11292,11,23,2026-06-05T12:22:34.941000+00:00,25.035,43.12,31.673,146.0,128.0,False,99.828,"[None, 2048, 2048, 2048, 2048, 2048]","[2048, 2048, 2048, 2048, 2048, 2048, 2048, 2048, 2048, 2048]","[2048, 2048, 2048, 2048, 2048, 2048]",236.0
1286,11292,30,28,2026-06-05T12:22:42.195000+00:00,25.202,39.49,,145.0,160.0,False,438.611,"[None, 2048, 2048, 2048, 2048, 2048]","[2048, 2048, 2048, 2048, 2048, 2048, 2048, 2048, 2048, 2048]","[2048, 2048, 2048, 2064, 2064, 2064]",267.0
1286,11292,87,26,2026-06-05T12:22:51.595000+00:00,33.9,44.312,26.577,81.0,175.0,False,104.789,"[2048, 2048, 2048, 2048, 2048, 2048]","[2048, 2048, 2048, 2048, 2048, 2048, 2048, 2048, 2048, 2048]","[2048, 2048, 2048, 2048, 2048, 2048]",206.0
1286,11292,23,28,2026-06-05T12:22:57.692000+00:00,19.947,38.928,25.997,210.0,137.0,False,84.872,"[2049, 2048, 2048, 2049, 2049, 2049]","[2049, 2048, 2048, 2048, 2049, 2048, 2051, 2048, 2048, 2048]","[2048, 2048, 2048, 2048, 2048, 2048]",280.0
1286,11292,3,24,2026-06-05T12:22:59.138000+00:00,23.676,46.324,23.165,130.0,157.0,False,93.165,"[None, 2048, 2048, 2048, 2048, 2048]","[2048, 2048, 2048, 2048, 2048, 2048, 2048, 2048, 2048, 2048]","[2048, 2048, 2048, 2048, 2048, 2048]",258.0
1286,11292,27,22,2026-06-05T12:23:04.015000+00:00,19.921,38.751,26.293,210.0,176.0,False,84.965,"[None, 2049, 2049, 2049, 2048, 2048]","[2048, 2048, 2048, 2048, 2048, 2048, 2048, 2048, 2048, 2048]","[2048, 2048, 2048, 2048, 2048, 2048]",266.0
1286,11292,5,26,2026-06-05T12:23:06.405000+00:00,30.14,47.077,22.323,87.0,155.0,False,99.54,"[None, 2048, 2048, 2048, 2048, 2048]","[2048, 2048, 2048, 2048, 2048, 2048, 2048, 2048, 2048, 2048]","[2048, 2048, 2048, 2048, 2048, 2048]",201.0
1286,11292,1,22,2026-06-05T12:23:11.688000+00:00,19.702,35.518,20.172,206.0,197.0,False,75.392,"[2049, 2049, 2048, 2049, 2048, 2048]","[2048, 2048, 2049, 2048, 2048, 2049, 2048, 2048, 2048, 2049]","[2048, 2048, 2049, 2048, 2048, 2048]",279.0
1286,11292,31,26,2026-06-05T12:23:17.552000+00:00,20.075,35.821,20.437,200.0,192.0,False,76.333,"[None, 2049, 2048, 2048, 2049, 2049]","[2049, 2048, 2048, 2048, 2049, 2048, 2048, 2049, 2048, 2049]","[2049, 2049, 2048, 2048, 2048]",279.0
1286,11292,10,27,2026-06-05T12:23:19.741000+00:00,26.321,41.717,23.215,139.0,171.0,False,91.253,"[None, 2048, 2048, 2048, 2048, 2048]","[2048, 2048, 2048, 2048, 2048, 2048, 2048, 2048, 2048, 2048]","[2048, 2048, 2048, 2048, 2048, 2048]",240.0
1286,11292,18,14,2026-06-05T12:23:23.217000+00:00,26.662,39.661,26.412,158.0,170.0,True,92.735,"[2064, 2048, 2048, 2048, 2048, 2048]","[2048, 2048, 2048, 2048, 2048, 2048, 2048, 2048, 2048, 2048]","[2048, 2048, 2048, 2048, 2048, 2048]",262.0
1286,11292,14,20,2026-06-05T12:23:36.215000+00:00,20.168,37.182,28.938,203.0,154.0,False,86.288,"[2048, 2049, 2049, 2049, 2048, 2049]","[2048, 2048, 2049, 2048, 2049, 2049, 2049, 2048, 2048, 2048]","[2048, 2048, 2048, 2048, 2048, 2048]",274.0
1286,11292,12,26,2026-06-05T12:23:39.603000+00:00,20.229,36.121,20.505,196.0,188.0,False,76.855,"[None, 2048, 2048, 2048, 2048, 2048]","[2048, 2048, 2048, 2048, 2048, 2048, 2048, 2048, 2048, 2048]","[2048, 2048, 2048, 2048, 2048, 2048]",268.0
1286,11292,44,24,2026-06-05T12:23:40.497000+00:00,32.007,49.165,25.538,163.0,162.0,False,106.71,"[None, 2048, 2048, 2048, 2048, 2048]","[2048, 2048, 2048, 2048, 2048, 2048, 2048, 2048, 2048, 2048]","[2048, 2048, 2048, 2048, 2048, 2048]",239.0
1286,11292,63,25,2026-06-05T12:23:44.470000+00:00,24.568,48.485,21.303,81.0,170.0,False,94.356,"[None, 2048, 2048, 2048, 2048, 2048]","[2048, 2048, 2048, 2048, 2048, 2048, 2048, 2048, 2048, 2048]","[2048, 2048, 2048, 2048, 2048, 2049]",238.0
1286,11292,77,23,2026-06-05T12:23:45.876000+00:00,24.233,52.596,35.814,85.0,168.0,False,112.643,"[None, 2048, 2048, 2048, 2048, 2048]","[2048, 2048, 2048, 2048, 2048, 2048, 2048, 2048, 2048, 2048]","[2048, 2048, 2048, 2048, 2048]",207.0
1286,11292,55,27,2026-06-05T12:23:50.053000+00:00,20.114,37.42,21.781,209.0,180.0,False,79.315,"[None, 2048, 2049, 2048, 2048, 2048]","[2048, 2048, 2048, 2048, 2048, 2048, 2048, 2048, 2048, 2048]","[2048, 2048, 2048, 2048, 2048, 2048]",278.0
1286,11292,81,25,2026-06-05T12:23:54.596000+00:00,19.764,35.638,20.163,203.0,196.0,False,75.565,"[None, 2049, 2049, 2048, 2049, 2048]","[2048, 2048, 2048, 2048, 2048, 2048, 2048, 2048, 2048, 2048]","[2048, 2048, 2049, 2049, 2048]",280.0
1286,11292,41,30,2026-06-05T12:23:58.911000+00:00,20.203,36.189,20.16,205.0,195.0,False,76.552,"[None, 2048, 2048, 2048, 2048, 2048]","[2048, 2048, 2048, 2048, 2048, 2049, 2048, 2048, 2048, 2049]","[2049, 2048, 2048, 2049, 2048, 2048]",282.0
1286,11292,43,28,2026-06-05T12:24:04.215000+00:00,19.974,36.144,20.389,198.0,190.0,False,76.507,"[None, 2048, 2049, 2048, 2048, 2048]","[2048, 2048, 2049, 2048, 2049, 2049, 2048, 2048, 2048, 2048]","[2048, 2048, 2048, 2048, 2048]",282.0
1286,11292,16,27,2026-06-05T12:24:09.635000+00:00,19.369,36.469,28.476,214.0,170.0,False,84.314,"[2051, 2049, 2049, 2049, 2048, 2048]","[2048, 2051, 2048, 2048, 2048, 2048, 2048, 2048, 2048, 2048]","[2048, 2048, 2048, 2048, 2048, 2048]",263.0
1286,11292,11,24,2026-06-05T12:24:14.852000+00:00,20.199,35.718,20.253,198.0,193.0,False,76.17,"[2049, 2048, 2048, 2048, 2049, 2048]","[2048, 2048, 2049, 2048, 2048, 2048, 2048, 2048, 2048, 2049]","[2049, 2048, 2049, 2049, 2049]",271.0
1286,11292,23,29,2026-06-05T12:24:22.623000+00:00,20.076,47.524,22.867,211.0,135.0,False,90.467,"[2048, 2049, 2048, 2048, 2048, 2048]","[2048, 2048, 2048, 2048, 2048, 2048, 2048, 2048, 2048, 2048]","[2048, 2048, 2048, 2048, 2048, 2048]",196.0
1286,11292,1,23,2026-06-05T12:24:26.975000+00:00,25.646,41.747,23.521,117.0,156.0,False,90.914,"[2048, 2048, 2048, 2048, 2048, 2048]","[2048, 2048, 2048, 2048, 2048, 2048, 2048, 2048, 2048, 2048]","[2048, 2048, 2048, 2048, 2048, 2049]",246.0
1286,11292,27,23,2026-06-05T12:24:29.009000+00:00,19.816,35.602,20.069,213.0,193.0,False,75.487,"[None, 2048, 2048, 2048, 2049, 2049]","[2049, 2049, 2048, 2048, 2049, 2049, 2049, 2048, 2048, 2048]","[2048, 2048, 2048, 2048, 2049, 2048]",282.0
1286,11292,3,25,2026-06-05T12:24:32.259000+00:00,19.535,35.252,21.6,213.0,190.0,False,76.387,"[2049, 2048, 2049, 2049, 2048, 2048]","[2048, 2048, 2049, 2049, 2048, 2048, 2048, 2048, 2048, 2048]","[2048, 2048, 2048, 2048, 2048]",281.0
1286,11292,31,27,2026-06-05T12:24:33.773000+00:00,26.254,43.007,26.791,152.0,160.0,False,96.052,"[None, 2048, 2048, 2048, 2048, 2048]","[2048, 2048, 2048, 2048, 2048, 2048, 2048, 2048, 2048, 2048]","[2048, 2048, 2048, 2048, 2048, 2048]",262.0
1286,11292,87,27,2026-06-05T12:24:36.396000+00:00,21.757,43.397,23.098,168.0,92.0,False,88.252,"[None, 2048, 2048, 2048, 2048, 2048]","[2048, 2048, 2048, 2048, 2048, 2048, 2048, 2048, 2048, 2048]","[2048, 2048, 2048, 2048, 2048]",270.0
1286,11292,5,27,2026-06-05T12:24:45.952000+00:00,19.735,35.927,20.088,204.0,191.0,False,75.75,"[2049, 2048, 2048, 2049, 2049, 2049]","[2048, 2048, 2048, 2048, 2049, 2048, 2048, 2048, 2049, 2049]","[2048, 2049, 2049, 2049, 2048, 2048]",277.0
1286,11292,10,28,2026-06-05T12:24:51.042000+00:00,19.893,38.136,23.929,202.0,143.0,False,81.958,"[None, 2048, 2048, 2049, 2048, 2048]","[2048, 2049, 2048, 2048, 2048, 2048, 2049, 2048, 2048, 2048]","[2048, 2048, 2048, 2048, 2048, 2048]",281.0
1286,11292,18,15,2026-06-05T12:24:55.001000+00:00,20.969,36.366,21.654,197.0,188.0,False,78.989,"[2048, 2048, 2048, 2048, 2048, 2049]","[2048, 2049, 2048, 2049, 2048, 2049, 2048, 2048, 2048, 2048]","[2048, 2048, 2048, 2048, 2048, 2048]",274.0
1286,11292,12,27,2026-06-05T12:24:56.405000+00:00,20.269,36.82,21.195,,180.0,False,78.284,"[None, 2048, 2048, 2048, 2048, 2048]","[2048, 2048, 2048, 2048, 2048, 2048, 2048, 2048, 2048, 2048]","[2048, 2048, 2048, 2048, 2048, 2048]",267.0
1286,11292,14,21,2026-06-05T12:25:02.414000+00:00,20.356,39.553,,202.0,145.0,False,,"[None, 2048, 2048, 2048, 2048, 2048]","[2049, 2048, 2048, 2048, 2048, 2048, 2049, 2048, 2048, 2048]",[2048],275.0
1286,11292,55,28,2026-06-05T12:25:09.330000+00:00,19.762,42.896,,211.0,157.0,False,256.863,"[2048, 2048, 2048, 2048, 2048, 2048]","[2048, 2048, 2048, 2048, 2048, 2048, 2048, 2048, 2048, 2048]","[2048, 2048, 2048, 2064, 2064, 2064]",282.0
1286,11292,81,26,2026-06-05T12:25:09.976000+00:00,25.457,52.643,,91.0,108.0,False,270.829,"[2048, 2048, 2048, 2048, 2048, 2048]","[2048, 2048, 2048, 2048, 2048, 2048, 2048, 2048, 2048, 2048]","[2048, 2048, 2048, 2064, 2064, 2064]",177.0
1286,11292,41,31,2026-06-05T12:25:15.354000+00:00,19.922,42.079,,201.0,129.0,False,238.486,"[None, 2049, 2049, 2049, 2049, 2048]","[2048, 2048, 2048, 2048, 2049, 2048, 2048, 2048, 2048, 2048]","[2048, 2048, 2048, 2064, 2064, 2064]",270.0
1286,11292,63,26,2026-06-05T12:25:18.911000+00:00,19.466,45.989,,209.0,96.0,False,240.049,"[2049, 2049, 2049, 2051, 2048, 2048]","[2048, 2048, 2048, 2049, 2048, 2049, 2048, 2048, 2048, 2048]","[2048, 2048, 2048, 2064, 2064, 2064]",279.0
1286,11292,43,29,2026-06-05T12:25:20.652000+00:00,31.353,,,89.0,,False,242.664,"[None, 2048, 2048, 2048, 2048, 2048]","[2048, 2048, 2048, 2048, 2048, 2048, 2048, 2048, 2048, 2048]","[2048, 2048, 2048, 2064, 2064, 2064]",190.0
1286,11292,44,25,2026-06-05T12:25:27.325000+00:00,19.595,,,211.0,,False,266.289,"[None, 2048, 2049, 2048, 2048, 2048]","[2048, 2048, 2048, 2048, 2051, 2048, 2048, 2048, 2048, 2048]","[2048, 2048, 2048, 2064, 2064, 2064]",257.0
1286,11292,11,25,2026-06-05T12:25:30.807000+00:00,29.321,,,75.0,,False,245.861,"[2048, 2048, 2048, 2048, 2048, 2048]","[2048, 2048, 2048, 2048, 2048, 2048, 2048, 2048, 2048, 2048]","[2048, 2048, 2048, 2064, 2064, 2064]",
1286,11292,16,28,2026-06-05T12:25:33.997000+00:00,19.436,,,220.0,,False,250.481,"[2048, 2048, 2048, 2048, 2051, 2049]","[2048, 2048, 2048, 2048, 2048, 2048, 2048, 2048, 2048, 2048]","[2048, 2048, 2048, 2064, 2064, 2064]",
1286,11292,77,24,2026-06-05T12:25:38.501000+00:00,21.204,,,145.0,,False,209.543,"[None, 2048, 2048, 2048, 2048, 2048]","[2048, 2048, 2048, 2048, 2048, 2048, 2048, 2048, 2048, 2048]","[2048, 2048, 2048, 2064, 2064, 2064]",196.0
1286,11292,27,24,2026-06-05T12:25:44.403000+00:00,26.246,,,127.0,,False,217.115,"[None, 2048, 2048, 2048, 2048, 2048]","[2048, 2048, 2048, 2048, 2048, 2048, 2048, 2048, 2048, 2048]","[2048, 2048, 2048, 2064, 2064, 2064]",
1286,11292,3,26,2026-06-05T12:25:48.672000+00:00,27.29,,,153.0,,False,,"[2048, 2048, 2048, 2048, 2048, 2048]","[2048, 2048, 2048, 2048, 2048, 2048, 2048, 2048, 2048, 2048]",[2048],
1286,11292,23,30,2026-06-05T12:25:53.187000+00:00,20.044,,,192.0,,False,217.889,"[2049, 2049, 2048, 2048, 2048, 2048]","[2048, 2048, 2048, 2048, 2048, 2048, 2048, 2048, 2048, 2048]","[2048, 2048, 2048, 2064, 2064, 2064]",
1286,11292,1,24,2026-06-05T12:25:57.898000+00:00,19.789,,,204.0,,False,210.097,"[None, 2048, 2049, 2048, 2048, 2048]","[2048, 2048, 2048, 2048, 2048, 2048, 2048, 2048, 2048, 2048]","[2048, 2048, 2048, 2064, 2064, 2064]",
1286,11292,5,28,2026-06-05T12:26:01.774000+00:00,27.533,,,90.0,,False,217.046,"[2048, 2048, 2048, 2048, 2048, 2048]","[2048, 2048, 2048, 2048, 2048, 2048, 2048, 2048, 2048, 2048]","[2048, 2048, 2048, 2064, 2064, 2064]",
1286,11292,87,28,2026-06-05T12:26:04.840000+00:00,20.055,,,209.0,,False,232.312,"[None, 2049, 2048, 2048, 2048, 2049]","[2048, 2048, 2048, 2048, 2048, 2048, 2048, 2048, 2048, 2048]","[2048, 2048, 2048, 2064, 2064, 2064]",
1286,11292,31,28,2026-06-05T12:26:09.946000+00:00,20.135,,,200.0,,False,225.739,"[None, 2048, 2049, 2048, 2049, 2048]","[2048, 2048, 2048, 2048, 2048, 2048, 2048, 2048, 2048, 2048]","[2048, 2048, 2048, 2064, 2064, 2064]",
1286,11292,10,29,2026-06-05T12:26:13.051000+00:00,,,,,,False,196.468,"[None, 2049, 2048, 2048, 2048, 2049]","[2048, 2048, 2048, 2048, 2048, 2048, 2048, 2048, 2048, 2048]","[2048, 2048, 2048, 2064, 2064, 2064]",
1286,11292,18,16,2026-06-05T12:26:14.099000+00:00,,,,,,False,,"[2049, 2048, 2049, 2048, 2048, 2048]","[2048, 2048, 2048, 2048, 2048, 2048, 2048, 2048, 2048, 2048]",[2048],
1286,11292,12,28,2026-06-05T12:26:14.922000+00:00,,,,,,False,210.947,"[None, 2048, 2048, 2048, 2048, 2048]","[2048, 2048, 2048, 2048, 2048, 2048, 2048, 2048, 2048, 2048]","[2048, 2048, 2048, 2064, 2064, 2064]",
1286,11292,77,25,2026-06-05T12:29:08.717000+00:00,25.86,39.309,22.484,182.0,172.0,True,87.653,"[2064, 2048, 2048, 2048, 2048, 2048]","[2048, 2048, 2048, 2048, 2048, 2048, 2048, 2048, 2048, 2048]","[2048, 2048, 2048, 2048, 2048, 2049]",257.0
1286,11292,41,32,2026-06-05T12:29:14.500000+00:00,25.426,40.435,25.069,164.0,159.0,True,90.93,"[2064, 2048, 2048, 2048, 2048, 2048]","[2048, 2048, 2048, 2048, 2048, 2048, 2048, 2048, 2048, 2048]","[2048, 2048, 2048, 2048, 2048, 2048]",255.0
1286,11292,63,27,2026-06-05T12:29:19.500000+00:00,26.639,41.576,24.286,167.0,160.0,True,92.501,"[2064, 2048, 2048, 2048, 2048, 2048]","[2048, 2048, 2048, 2048, 2048, 2048, 2048, 2048, 2048, 2048]","[2048, 2048, 2048, 2048, 2048, 2048]",233.0
1286,11292,27,25,2026-06-05T12:29:22.252000+00:00,29.975,43.717,23.62,140.0,155.0,True,97.312,"[2064, 2048, 2048, 2048, 2048, 2048]","[2048, 2048, 2048, 2048, 2048, 2048, 2048, 2048, 2048, 2048]","[2048, 2048, 2048, 2048, 2048, 2048]",238.0
1286,11292,43,30,2026-06-05T12:29:24.172000+00:00,32.86,39.321,23.495,173.0,167.0,True,95.676,"[2064, 2048, 2048, 2048, 2048, 2048]","[2048, 2048, 2048, 2048, 2048, 2048, 2048, 2048, 2048, 2048]","[2048, 2048, 2048, 2048, 2048, 2048]",275.0
1286,11292,55,29,2026-06-05T12:29:27.085000+00:00,31.662,41.272,24.528,155.0,172.0,True,97.462,"[2064, 2048, 2048, 2048, 2048, 2048]","[2048, 2048, 2048, 2048, 2048, 2048, 2048, 2048, 2048, 2048]","[2048, 2048, 2048, 2048, 2048, 2048]",275.0
1286,11292,1,25,2026-06-05T12:29:29.200000+00:00,34.94,42.851,24.903,146.0,152.0,True,102.694,"[2064, 2048, 2048, 2048, 2048, 2048]","[2048, 2048, 2048, 2048, 2048, 2048, 2048, 2048, 2048, 2048]","[2048, 2048, 2048, 2048, 2048, 2048]",224.0
1286,11292,10,30,2026-06-05T12:29:30.478000+00:00,38.229,40.232,25.978,162.0,169.0,True,104.439,"[2064, 2048, 2048, 2048, 2048, 2048]","[2048, 2048, 2048, 2048, 2048, 2048, 2048, 2048, 2048, 2048]","[2048, 2048, 2048, 2048, 2048, 2048]",261.0
1286,11292,23,31,2026-06-05T12:29:31.943000+00:00,40.8,41.58,24.856,164.0,161.0,True,107.236,"[2064, 2048, 2048, 2048, 2048, 2048]","[2048, 2048, 2048, 2048, 2048, 2048, 2048, 2048, 2048, 2048]","[2048, 2048, 2048, 2048, 2048, 0]",228.0
1286,11292,11,26,2026-06-05T12:29:37.816000+00:00,37.478,41.868,25.041,135.0,158.0,True,104.387,"[2064, 2048, 2048, 2048, 2048, 2048]","[2048, 2048, 2048, 2048, 2048, 2048, 2048, 2048, 2048, 2048]","[2048, 2048, 2048, 2048, 2048, 2048]",249.0
1286,11292,5,29,2026-06-05T12:29:40.020000+00:00,38.379,43.749,24.567,151.0,161.0,True,106.695,"[2064, 2048, 2048, 2048, 2048, 2048]","[2048, 2048, 2048, 2048, 2048, 2048, 2048, 2048, 2048, 2048]","[2048, 2048, 2048, 2048, 2048, 2048]",228.0
1286,11292,81,27,2026-06-05T12:29:41.968000+00:00,39.046,45.173,24.085,138.0,153.0,True,108.304,"[2064, 2048, 2048, 2048, 2048, 2048]","[2048, 2048, 2048, 2048, 2048, 2048, 2048, 2048, 2048, 2048]","[2048, 2048, 2048, 2048, 2048, 2048]",212.0
1286,11292,16,29,2026-06-05T12:29:45.690000+00:00,36.653,45.071,23.817,141.0,150.0,True,105.541,"[2064, 2048, 2048, 2048, 2048, 2048]","[2048, 2048, 2048, 2048, 2048, 2048, 2048, 2048, 2048, 2048]","[2048, 2048, 2048, 2048, 2048, 2048]",201.0
1286,11292,12,29,2026-06-05T12:29:47.065000+00:00,37.396,44.072,24.267,138.0,149.0,True,105.735,"[2064, 2048, 2048, 2048, 2048, 2048]","[2048, 2048, 2048, 2048, 2048, 2048, 2048, 2048, 2048, 2048]","[2048, 2048, 2048, 2048, 2048, 2048]",214.0
1286,11292,44,26,2026-06-05T12:29:54.223000+00:00,30.369,43.642,24.884,150.0,161.0,True,98.895,"[2064, 2048, 2048, 2048, 2048, 2048]","[2048, 2048, 2048, 2048, 2048, 2048, 2048, 2048, 2048, 2048]","[2048, 2048, 2048, 2048, 2048, 0]",236.0
1286,11292,31,29,2026-06-05T12:29:56.265000+00:00,29.51,43.492,24.405,146.0,169.0,True,97.407,"[2064, 2048, 2048, 2048, 2048, 2048]","[2048, 2048, 2048, 2048, 2048, 2048, 2048, 2048, 2048, 2048]","[2048, 2048, 2048, 2048, 2048, 2048]",233.0
1286,11292,87,29,2026-06-05T12:29:57.669000+00:00,28.822,43.39,24.249,147.0,161.0,True,96.461,"[2064, 2048, 2048, 2048, 2048, 2048]","[2048, 2048, 2048, 2048, 2048, 2048, 2048, 2048, 2048, 2048]","[2048, 2048, 2048, 2048, 2048]",227.0
1286,11292,30,29,2026-06-05T12:30:01.495000+00:00,37.047,41.196,23.148,139.0,162.0,True,101.391,"[2064, 2048, 2048, 2048, 2048, 2048]","[2048, 2048, 2048, 2048, 2048, 2048, 2048, 2048, 2048, 2048]","[2048, 2048, 2048, 2048, 2048, 0]",258.0
1286,11292,77,26,2026-06-05T12:30:35.801000+00:00,21.126,43.094,65.897,189.0,131.0,False,130.117,"[2048, 2048, 2048, 2048, 2048, 2048]","[2048, 2048, 2048, 2048, 2048, 2048, 2048, 2048, 2048, 2048]","[2048, 2048, 2048, 2048, 2048, 2048]",170.0
1286,11292,41,33,2026-06-05T12:30:44.807000+00:00,24.707,41.957,58.652,162.0,145.0,False,125.316,"[2048, 2048, 2048, 2048, 2048, 2048]","[2048, 2048, 2048, 2048, 2048, 2048, 2048, 2048, 2048, 2048]","[2048, 2048, 2048, 2048, 2048, 2048]",247.0
1286,11292,63,28,2026-06-05T12:30:51.342000+00:00,24.005,40.658,63.934,165.0,157.0,False,128.597,"[2048, 2048, 2048, 2048, 2048, 2048]","[2048, 2048, 2048, 2048, 2048, 2048, 2048, 2048, 2048, 2048]","[2048, 2048, 2048, 2048, 2048, 2048]",238.0
1286,11292,27,26,2026-06-05T12:30:58.921000+00:00,22.164,39.172,61.835,179.0,141.0,False,123.171,"[2048, 2048, 2048, 2048, 2048, 2048]","[2048, 2048, 2048, 2048, 2048, 2048, 2048, 2048, 2048, 2048]","[2048, 2048, 2048, 2048, 2048, 2048]",255.0
1286,11292,43,31,2026-06-05T12:30:59.030000+00:00,22.443,39.438,66.65,169.0,133.0,False,128.531,"[2048, 2048, 2048, 2048, 2048, 2048]","[2048, 2048, 2048, 2048, 2048, 2048, 2048, 2048, 2048, 2048]","[2048, 2048, 2048, 2048, 2048, 2048]",248.0
1286,11292,55,30,2026-06-05T12:31:03.679000+00:00,21.584,40.278,68.617,177.0,156.0,False,130.479,"[2048, 2048, 2048, 2048, 2048, 2048]","[2048, 2048, 2048, 2048, 2048, 2048, 2048, 2048, 2048, 2048]","[2048, 2048, 2048, 2048, 2048, 2048]",265.0
1286,11292,1,26,2026-06-05T12:31:10.589000+00:00,25.338,40.071,64.22,151.0,157.0,False,129.629,"[2048, 2048, 2048, 2048, 2048, 2048]","[2048, 2048, 2048, 2048, 2048, 2048, 2048, 2048, 2048, 2048]","[2048, 2048, 2048, 2048, 2048, 2048]",261.0
1286,11292,10,31,2026-06-05T12:31:13.998000+00:00,23.056,40.615,59.32,160.0,156.0,False,122.991,"[2048, 2048, 2048, 2048, 2048, 2048]","[2048, 2048, 2048, 2048, 2048, 2048, 2048, 2048, 2048, 2048]","[2048, 2048, 2048, 2048, 2048, 2048]",241.0
1286,11292,23,32,2026-06-05T12:31:18.144000+00:00,20.706,39.591,62.632,191.0,153.0,False,122.929,"[2048, 2048, 2048, 2048, 2048, 2048]","[2048, 2048, 2048, 2048, 2048, 2048, 2048, 2048, 2048, 2048]","[2048, 2048, 2048, 2048, 2048, 2048]",246.0
1286,11292,11,27,2026-06-05T12:31:21.243000+00:00,22.249,39.942,60.467,167.0,138.0,False,122.658,"[2048, 2048, 2048, 2048, 2048, 2048]","[2048, 2048, 2048, 2048, 2048, 2048, 2048, 2048, 2048, 2048]","[2048, 2048, 2048, 2048, 2048, 2048]",256.0
1286,11292,5,30,2026-06-05T12:31:25.492000+00:00,26.046,41.549,62.436,147.0,157.0,False,130.031,"[2048, 2048, 2048, 2048, 2048, 2048]","[2048, 2048, 2048, 2048, 2048, 2048, 2048, 2048, 2048, 2048]","[2048, 2048, 2048, 2048, 2048, 2048]",245.0
1286,11292,81,28,2026-06-05T12:31:29.366000+00:00,24.911,40.759,72.183,168.0,163.0,False,137.853,"[2048, 2048, 2048, 2048, 2048, 2048]","[2048, 2048, 2048, 2048, 2048, 2048, 2048, 2048, 2048, 2048]","[2048, 2048, 2048, 2048, 2048, 2048]",239.0
1286,11292,16,30,2026-06-05T12:31:30.076000+00:00,25.026,41.087,68.106,158.0,151.0,False,134.219,"[2048, 2048, 2048, 2048, 2048, 2048]","[2048, 2048, 2048, 2048, 2048, 2048, 2048, 2048, 2048, 2048]","[2048, 2048, 2048, 2048, 2048, 2048]",259.0
1286,11292,12,30,2026-06-05T12:31:31.504000+00:00,24.596,41.412,69.941,152.0,155.0,False,135.949,"[2048, 2048, 2048, 2048, 2048, 2048]","[2048, 2048, 2048, 2048, 2048, 2048, 2048, 2048, 2048, 2048]","[2048, 2048, 2048, 2048, 2048, 2048]",234.0
1286,11292,44,27,2026-06-05T12:31:32.457000+00:00,24.368,44.664,67.98,146.0,131.0,False,137.012,"[2048, 2048, 2048, 2048, 2048, 2048]","[2048, 2048, 2048, 2048, 2048, 2048, 2048, 2048, 2048, 2048]","[2048, 2048, 2048, 2048, 2048, 2048]",253.0
1286,11292,31,30,2026-06-05T12:31:33.058000+00:00,24.763,44.683,75.28,138.0,140.0,False,144.726,"[2048, 2048, 2048, 2048, 2048, 2048]","[2048, 2048, 2048, 2048, 2048, 2048, 2048, 2048, 2048, 2048]","[2048, 2048, 2048, 2048, 2048, 2048]",253.0
1286,11292,87,30,2026-06-05T12:31:33.398000+00:00,25.594,43.945,69.539,163.0,130.0,False,139.078,"[2048, 2048, 2048, 2048, 2048, 2048]","[2048, 2048, 2048, 2048, 2048, 2048, 2048, 2048, 2048, 2048]","[2048, 2048, 2048, 2048, 2048, 2048]",235.0
1286,11292,30,30,2026-06-05T12:31:42.227000+00:00,23.941,44.233,73.918,140.0,163.0,False,142.092,"[2048, 2048, 2048, 2048, 2048, 2048]","[2048, 2048, 2048, 2048, 2048, 2048, 2048, 2048, 2048, 2048]","[2048, 2048, 2048, 2048, 2048, 2048]",248.0
1286,11292,77,27,2026-06-05T12:32:45.924000+00:00,24.619,47.551,,184.0,149.0,False,,"[None, 2048, 2048, 2048, 2048, 2048]","[2048, 2048, 2048, 2048, 2048, 2048, 2048, 2048, 2048, 2048]",[2048],160.0
1286,11292,41,34,2026-06-05T12:32:50.177000+00:00,23.914,38.995,,182.0,184.0,False,,"[None, 2048, 2048, 2048, 2048, 2048]","[2048, 2048, 2048, 2048, 2048, 2048, 2048, 2048, 2048, 2048]",[2048],266.0
1286,11292,63,29,2026-06-05T12:32:59.961000+00:00,24.656,39.943,,171.0,166.0,False,,"[None, 2048, 2048, 2048, 2048, 2048]","[2048, 2048, 2048, 2048, 2048, 2048, 2048, 2048, 2048, 2048]",[2048],237.0
1286,11292,27,27,2026-06-05T12:33:02.077000+00:00,24.194,40.02,,181.0,164.0,False,,"[None, 2048, 2048, 2048, 2048, 2048]","[2048, 2048, 2048, 2048, 2048, 2048, 2048, 2048, 2048, 2048]",[2048],222.0
1286,11292,43,32,2026-06-05T12:33:07.526000+00:00,22.468,37.639,,184.0,186.0,False,,"[None, 2048, 2048, 2048, 2048, 2048]","[2048, 2048, 2048, 2048, 2048, 2048, 2048, 2048, 2048, 2048]",[2048],266.0
1286,11292,55,31,2026-06-05T12:33:14.115000+00:00,25.194,39.695,,162.0,170.0,False,,"[None, 2048, 2048, 2048, 2048, 2048]","[2048, 2048, 2048, 2048, 2048, 2048, 2048, 2048, 2048, 2048]",[2048],258.0
1286,11292,10,32,2026-06-05T12:33:16.884000+00:00,23.522,39.206,,175.0,177.0,False,,"[None, 2048, 2048, 2048, 2048, 2048]","[2048, 2048, 2048, 2048, 2048, 2048, 2048, 2048, 2048, 2048]",[2048],262.0
1286,11292,1,27,2026-06-05T12:33:20.271000+00:00,25.617,42.054,,132.0,158.0,False,,"[None, 2048, 2048, 2048, 2048, 2048]","[2048, 2048, 2048, 2048, 2048, 2048, 2048, 2048, 2048, 2048]",[2048],239.0
1286,11292,23,33,2026-06-05T12:33:21.172000+00:00,25.84,43.197,,152.0,159.0,False,,"[None, 2048, 2048, 2048, 2048, 2048]","[2048, 2048, 2048, 2048, 2048, 2048, 2048, 2048, 2048, 2048]",[2048],212.0
1286,11292,11,28,2026-06-05T12:33:23.813000+00:00,24.885,43.406,,128.0,154.0,False,,"[None, 2048, 2048, 2048, 2048, 2048]","[2048, 2048, 2048, 2048, 2048, 2048, 2048, 2048, 2048, 2048]",[2048],240.0
1286,11292,5,31,2026-06-05T12:33:35.425000+00:00,26.081,41.074,,149.0,149.0,False,,"[None, 2048, 2048, 2048, 2048, 2048]","[2048, 2048, 2048, 2048, 2048, 2048, 2048, 2048, 2048, 2048]",[2048],243.0
1286,11292,16,31,2026-06-05T12:33:44.299000+00:00,23.365,38.44,,160.0,174.0,False,,"[None, 2048, 2048, 2048, 2048, 2048]","[2048, 2048, 2048, 2048, 2048, 2048, 2048, 2048, 2048, 2048]",[2048],267.0
1286,11292,81,29,2026-06-05T12:33:47.110000+00:00,22.26,38.914,,178.0,153.0,False,,"[None, 2048, 2048, 2048, 2048, 2048]","[2048, 2048, 2048, 2048, 2048, 2048, 2048, 2048, 2048, 2048]",[2048],266.0
1286,11292,12,31,2026-06-05T12:33:47.401000+00:00,23.839,41.182,,147.0,159.0,False,,"[None, 2048, 2048, 2048, 2048, 2048]","[2048, 2048, 2048, 2048, 2048, 2048, 2048, 2048, 2048, 2048]",[2048],225.0
1286,11292,44,28,2026-06-05T12:33:49.323000+00:00,53.91,47.105,,74.0,179.0,False,,"[None, 2048, 2048, 2048, 2048, 2048]","[2048, 2048, 2048, 2048, 2048, 2048, 2048, 2048, 2048, 2048]",[2048],251.0
1286,11292,87,31,2026-06-05T12:33:52.560000+00:00,23.507,39.505,,140.0,174.0,False,,"[None, 2048, 2048, 2048, 2048, 2048]","[2048, 2048, 2048, 2048, 2048, 2048, 2048, 2048, 2048, 2048]",[2048],264.0
1286,11292,31,31,2026-06-05T12:33:57.795000+00:00,30.512,51.304,,118.0,157.0,False,,"[None, 2048, 2048, 2048, 2048, 2048]","[2048, 2048, 2048, 2048, 2048, 2048, 2048, 2048, 2048, 2048]",[2048],189.0
1286,11292,30,31,2026-06-05T12:34:04.300000+00:00,24.763,46.727,,115.0,164.0,False,,"[None, 2048, 2048, 2048, 2048, 2048]","[2048, 2048, 2048, 2048, 2048, 2048, 2048, 2048, 2048, 2048]",[2048],196.0
