season,round,event_name,session_code,driver,team,lap_number,stint,compound,tyre_life,lap_time_s,sector_1_s,sector_2_s,sector_3_s,speed_i1,speed_i2,speed_fl,speed_st,track_status,fresh_tyre,is_personal_best,is_accurate,deleted,lap_start_time,position,air_temp_c,track_temp_c,humidity_pct,rainfall,wind_speed_mps,wind_direction_deg
2026,11,Hungarian Grand Prix,R,NOR,McLaren,1.0,1.0,MEDIUM,1.0,91.211,,32.05,24.383,278.0,236.0,263.0,255.0,1,True,False,False,False,2026-07-26 13:03:18.361,2.0,30.0,51.3,25.6,False,1.9,145.0
2026,11,Hungarian Grand Prix,R,NOR,McLaren,2.0,1.0,MEDIUM,2.0,86.103,29.822,31.728,24.553,289.0,235.0,262.0,326.0,1,True,True,True,False,2026-07-26 13:04:49.797,2.0,29.8,50.6,25.9,False,2.3,126.0
2026,11,Hungarian Grand Prix,R,NOR,McLaren,3.0,1.0,MEDIUM,3.0,85.307,29.629,31.235,24.443,285.0,238.0,262.0,318.0,1,True,True,True,False,2026-07-26 13:06:15.900,2.0,29.7,49.7,26.2,False,2.1,79.0
2026,11,Hungarian Grand Prix,R,NOR,McLaren,4.0,1.0,MEDIUM,4.0,85.184,29.692,31.177,24.315,291.0,237.0,263.0,320.0,1,True,True,True,False,2026-07-26 13:07:41.207,2.0,29.8,48.6,25.8,False,3.1,149.0
2026,11,Hungarian Grand Prix,R,NOR,McLaren,5.0,1.0,MEDIUM,5.0,85.223,29.832,30.984,24.407,287.0,238.0,260.0,319.0,1,True,False,True,False,2026-07-26 13:09:06.391,2.0,29.6,50.7,26.1,False,1.4,118.0
2026,11,Hungarian Grand Prix,R,NOR,McLaren,6.0,1.0,MEDIUM,6.0,85.091,29.729,30.988,24.374,290.0,237.0,261.0,321.0,1,True,True,True,False,2026-07-26 13:10:31.614,2.0,29.7,50.4,25.6,False,3.2,110.0
2026,11,Hungarian Grand Prix,R,NOR,McLaren,7.0,1.0,MEDIUM,7.0,85.36,29.792,31.1,24.468,289.0,236.0,259.0,321.0,1,True,False,True,False,2026-07-26 13:11:56.705,2.0,29.7,50.6,26.0,False,2.0,138.0
2026,11,Hungarian Grand Prix,R,NOR,McLaren,8.0,1.0,MEDIUM,8.0,85.53,29.875,31.016,24.639,288.0,236.0,260.0,317.0,1,True,False,True,False,2026-07-26 13:13:22.065,2.0,29.8,50.1,25.3,False,0.9,134.0
2026,11,Hungarian Grand Prix,R,NOR,McLaren,9.0,1.0,MEDIUM,9.0,85.194,29.756,31.145,24.293,289.0,236.0,261.0,315.0,1,True,False,True,False,2026-07-26 13:14:47.595,2.0,29.8,51.4,25.7,False,2.0,162.0
2026,11,Hungarian Grand Prix,R,NOR,McLaren,10.0,1.0,MEDIUM,10.0,85.269,29.819,31.09,24.36,288.0,235.0,261.0,316.0,1,True,False,True,False,2026-07-26 13:16:12.789,2.0,29.7,51.5,26.1,False,2.3,119.0
2026,11,Hungarian Grand Prix,R,NOR,McLaren,11.0,1.0,MEDIUM,11.0,85.335,29.778,31.089,24.468,291.0,237.0,261.0,320.0,1,True,False,True,False,2026-07-26 13:17:38.058,2.0,29.8,51.6,25.7,False,0.8,116.0
2026,11,Hungarian Grand Prix,R,NOR,McLaren,12.0,1.0,MEDIUM,12.0,85.719,29.945,31.333,24.441,290.0,236.0,260.0,320.0,1,True,False,True,False,2026-07-26 13:19:03.393,2.0,30.0,52.3,26.1,False,2.6,115.0
2026,11,Hungarian Grand Prix,R,NOR,McLaren,13.0,1.0,MEDIUM,13.0,85.845,29.955,31.297,24.593,291.0,236.0,260.0,320.0,1,True,False,True,False,2026-07-26 13:20:29.112,2.0,30.1,53.1,26.1,False,1.9,119.0
2026,11,Hungarian Grand Prix,R,NOR,McLaren,14.0,1.0,MEDIUM,14.0,85.579,29.838,31.358,24.383,292.0,237.0,262.0,322.0,1,True,False,True,False,2026-07-26 13:21:54.957,2.0,30.2,52.6,25.8,False,3.3,134.0
2026,11,Hungarian Grand Prix,R,NOR,McLaren,15.0,1.0,MEDIUM,15.0,85.613,29.814,31.443,24.356,294.0,237.0,261.0,326.0,1,True,False,True,False,2026-07-26 13:23:20.536,2.0,30.4,51.5,24.9,False,4.4,157.0
2026,11,Hungarian Grand Prix,R,NOR,McLaren,16.0,1.0,MEDIUM,16.0,85.878,29.986,31.422,24.47,289.0,234.0,261.0,322.0,1,True,False,True,False,2026-07-26 13:24:46.149,1.0,30.4,51.9,25.0,False,2.9,122.0
2026,11,Hungarian Grand Prix,R,NOR,McLaren,17.0,1.0,MEDIUM,17.0,87.912,29.89,30.933,27.089,289.0,234.0,,319.0,1,True,False,False,False,2026-07-26 13:26:12.027,1.0,30.4,50.5,25.2,False,4.3,102.0
2026,11,Hungarian Grand Prix,R,NOR,McLaren,18.0,2.0,HARD,1.0,105.312,49.262,31.638,24.412,293.0,236.0,266.0,319.0,1,True,False,False,False,2026-07-26 13:27:39.939,4.0,30.4,51.7,25.9,False,2.8,125.0
2026,11,Hungarian Grand Prix,R,NOR,McLaren,19.0,2.0,HARD,2.0,85.351,29.866,31.423,24.062,289.0,240.0,264.0,337.0,1,True,False,True,False,2026-07-26 13:29:25.251,3.0,30.4,52.0,25.5,False,2.9,128.0
2026,11,Hungarian Grand Prix,R,NOR,McLaren,20.0,2.0,HARD,3.0,84.374,29.403,30.948,24.023,291.0,241.0,265.0,324.0,1,True,True,True,False,2026-07-26 13:30:50.602,3.0,30.5,52.0,25.4,False,2.1,129.0
2026,11,Hungarian Grand Prix,R,NOR,McLaren,21.0,2.0,HARD,4.0,84.349,29.5,30.806,24.043,292.0,241.0,265.0,326.0,1,True,True,True,False,2026-07-26 13:32:14.976,3.0,30.3,52.5,25.2,False,3.7,109.0
2026,11,Hungarian Grand Prix,R,NOR,McLaren,22.0,2.0,HARD,5.0,84.689,29.836,30.865,23.988,292.0,242.0,264.0,329.0,1,True,False,True,False,2026-07-26 13:33:39.325,3.0,30.2,52.6,25.2,False,2.7,114.0
2026,11,Hungarian Grand Prix,R,NOR,McLaren,23.0,2.0,HARD,6.0,84.405,29.543,30.709,24.153,289.0,240.0,264.0,323.0,1,True,False,True,False,2026-07-26 13:35:04.014,2.0,30.2,51.1,25.3,False,2.4,136.0
2026,11,Hungarian Grand Prix,R,NOR,McLaren,24.0,2.0,HARD,7.0,84.496,29.574,30.752,24.17,295.0,242.0,264.0,323.0,1,True,False,True,False,2026-07-26 13:36:28.419,2.0,30.2,44.2,25.8,False,2.0,100.0
2026,11,Hungarian Grand Prix,R,NOR,McLaren,25.0,2.0,HARD,8.0,84.973,29.617,31.207,24.149,293.0,241.0,263.0,328.0,1,True,False,True,False,2026-07-26 13:37:52.915,2.0,30.2,52.1,25.6,False,0.5,143.0
2026,11,Hungarian Grand Prix,R,NOR,McLaren,26.0,2.0,HARD,9.0,85.464,29.701999999999998,31.368,24.394,293.0,240.0,263.0,330.0,1,True,False,True,False,2026-07-26 13:39:17.888,2.0,30.2,51.8,25.7,False,2.4,83.0
2026,11,Hungarian Grand Prix,R,NOR,McLaren,27.0,2.0,HARD,10.0,85.532,29.865,31.282,24.385,291.0,240.0,263.0,329.0,1,True,False,True,False,2026-07-26 13:40:43.352,2.0,30.4,52.7,26.0,False,3.0,132.0
2026,11,Hungarian Grand Prix,R,NOR,McLaren,28.0,2.0,HARD,11.0,85.071,29.641,31.181,24.249,294.0,240.0,264.0,328.0,1,True,False,True,False,2026-07-26 13:42:08.884,2.0,30.7,51.2,24.5,False,2.7,97.0
2026,11,Hungarian Grand Prix,R,NOR,McLaren,29.0,2.0,HARD,12.0,86.546,29.822,32.439,24.285,294.0,240.0,263.0,330.0,1,True,False,True,False,2026-07-26 13:43:33.955,2.0,30.7,52.5,25.1,False,2.4,161.0
2026,11,Hungarian Grand Prix,R,NOR,McLaren,30.0,2.0,HARD,13.0,85.241,29.701,31.111,24.429,292.0,238.0,263.0,324.0,1,True,False,True,False,2026-07-26 13:45:00.501,2.0,30.7,50.7,24.5,False,1.7,206.0
2026,11,Hungarian Grand Prix,R,NOR,McLaren,31.0,2.0,HARD,14.0,85.577,29.873,31.146,24.558,294.0,236.0,263.0,327.0,1,True,False,True,False,2026-07-26 13:46:25.742,2.0,29.8,50.7,24.5,False,1.7,206.0
2026,11,Hungarian Grand Prix,R,NOR,McLaren,32.0,2.0,HARD,15.0,85.882,29.732,31.537,24.613,298.0,235.0,264.0,332.0,1,True,False,True,False,2026-07-26 13:47:51.319,2.0,30.2,52.5,25.6,False,1.2,124.0
2026,11,Hungarian Grand Prix,R,NOR,McLaren,33.0,2.0,HARD,16.0,85.414,29.576999999999998,31.405,24.432,291.0,237.0,263.0,331.0,1,True,False,True,False,2026-07-26 13:49:17.201,1.0,30.2,50.8,25.0,False,2.8,105.0
2026,11,Hungarian Grand Prix,R,NOR,McLaren,34.0,2.0,HARD,17.0,84.624,29.663,30.867,24.094,297.0,243.0,264.0,328.0,1,True,False,True,False,2026-07-26 13:50:42.615,1.0,30.2,51.2,25.1,False,1.4,70.0
2026,11,Hungarian Grand Prix,R,NOR,McLaren,35.0,2.0,HARD,18.0,84.668,29.655,30.979,24.034,291.0,238.0,264.0,325.0,1,True,False,True,False,2026-07-26 13:52:07.239,1.0,30.4,51.3,25.6,False,3.5,109.0
2026,11,Hungarian Grand Prix,R,NOR,McLaren,36.0,2.0,HARD,19.0,84.736,29.578,30.899,24.259,293.0,239.0,263.0,322.0,1,True,False,True,False,2026-07-26 13:53:31.907,1.0,30.4,52.5,25.3,False,1.6,113.0
2026,11,Hungarian Grand Prix,R,NOR,McLaren,37.0,2.0,HARD,20.0,84.461,29.599,30.844,24.018,294.0,240.0,264.0,327.0,1,True,False,True,False,2026-07-26 13:54:56.643,1.0,30.2,52.1,25.8,False,2.7,104.0
2026,11,Hungarian Grand Prix,R,NOR,McLaren,38.0,2.0,HARD,21.0,84.507,29.584,30.909,24.014,291.0,240.0,265.0,320.0,1,True,False,True,False,2026-07-26 13:56:21.104,1.0,30.4,52.0,25.6,False,2.7,108.0
2026,11,Hungarian Grand Prix,R,NOR,McLaren,39.0,2.0,HARD,22.0,87.437,29.573,31.045,26.819,298.0,238.0,,319.0,12,True,False,False,False,2026-07-26 13:57:45.611,1.0,30.4,52.8,25.2,False,4.7,118.0
2026,11,Hungarian Grand Prix,R,NOR,McLaren,40.0,3.0,HARD,1.0,102.596,48.524,30.495,23.576999999999998,288.0,241.0,263.0,319.0,1,True,False,False,False,2026-07-26 13:59:13.048,3.0,31.0,51.4,25.0,False,4.7,107.0
2026,11,Hungarian Grand Prix,R,NOR,McLaren,41.0,3.0,HARD,2.0,82.718,29.228,29.976,23.514,292.0,243.0,266.0,321.0,1,True,True,True,False,2026-07-26 14:00:55.644,3.0,30.5,53.1,25.9,False,3.2,131.0
2026,11,Hungarian Grand Prix,R,NOR,McLaren,42.0,3.0,HARD,3.0,83.051,29.131,30.139,23.781,293.0,238.0,266.0,321.0,1,True,False,True,False,2026-07-26 14:02:18.362,2.0,30.5,52.7,25.4,False,2.0,120.0
2026,11,Hungarian Grand Prix,R,NOR,McLaren,43.0,3.0,HARD,4.0,83.162,29.285,30.262,23.615,294.0,243.0,268.0,321.0,1,True,False,True,False,2026-07-26 14:03:41.413,2.0,30.6,52.9,25.5,False,3.2,139.0
2026,11,Hungarian Grand Prix,R,NOR,McLaren,44.0,3.0,HARD,5.0,83.392,29.09,30.452,23.85,298.0,243.0,268.0,323.0,1,True,False,True,False,2026-07-26 14:05:04.575,2.0,30.6,52.3,25.2,False,4.3,145.0
2026,11,Hungarian Grand Prix,R,NOR,McLaren,45.0,3.0,HARD,6.0,84.546,29.247,31.288,24.011,271.0,244.0,267.0,335.0,1,True,False,True,False,2026-07-26 14:06:27.967,2.0,30.7,51.0,25.0,False,2.3,93.0
2026,11,Hungarian Grand Prix,R,NOR,McLaren,46.0,3.0,HARD,7.0,83.423,29.22,30.383,23.82,293.0,244.0,263.0,336.0,1,True,False,True,False,2026-07-26 14:07:52.513,1.0,30.7,51.7,25.2,False,0.8,128.0
2026,11,Hungarian Grand Prix,R,NOR,McLaren,47.0,3.0,HARD,8.0,83.369,29.11,30.277,23.982,292.0,243.0,265.0,321.0,1,True,False,True,False,2026-07-26 14:09:15.936,1.0,30.7,52.8,25.5,False,2.0,134.0
2026,11,Hungarian Grand Prix,R,NOR,McLaren,48.0,3.0,HARD,9.0,84.421,29.434,30.852,24.135,294.0,234.0,266.0,320.0,1,True,False,True,False,2026-07-26 14:10:39.305,1.0,30.7,51.0,25.7,False,3.0,134.0
2026,11,Hungarian Grand Prix,R,NOR,McLaren,49.0,3.0,HARD,10.0,83.977,29.458,30.562,23.957,295.0,245.0,267.0,323.0,1,True,False,True,False,2026-07-26 14:12:03.726,1.0,30.7,51.1,25.7,False,3.1,128.0
2026,11,Hungarian Grand Prix,R,NOR,McLaren,50.0,3.0,HARD,11.0,83.783,29.302,30.579,23.902,296.0,243.0,266.0,326.0,12,True,False,True,False,2026-07-26 14:13:27.703,1.0,30.8,50.5,25.9,False,0.5,58.0
2026,11,Hungarian Grand Prix,R,NOR,McLaren,51.0,3.0,HARD,12.0,83.78,29.294,30.542,23.944,296.0,242.0,266.0,323.0,1,True,False,True,False,2026-07-26 14:14:51.486,1.0,30.9,51.0,25.4,False,2.8,153.0
2026,11,Hungarian Grand Prix,R,NOR,McLaren,52.0,3.0,HARD,13.0,84.12,29.562,30.734,23.824,297.0,244.0,267.0,325.0,1,True,False,True,False,2026-07-26 14:16:15.266,1.0,30.8,51.6,25.6,False,1.4,79.0
2026,11,Hungarian Grand Prix,R,NOR,McLaren,53.0,3.0,HARD,14.0,83.943,29.287,30.486,24.17,295.0,243.0,267.0,324.0,1,True,False,True,False,2026-07-26 14:17:39.386,1.0,30.8,52.5,25.8,False,1.3,123.0
2026,11,Hungarian Grand Prix,R,NOR,McLaren,54.0,3.0,HARD,15.0,84.437,29.537,30.731,24.169,294.0,238.0,267.0,329.0,1,True,False,True,False,2026-07-26 14:19:03.329,1.0,30.9,52.9,25.8,False,0.6,121.0
2026,11,Hungarian Grand Prix,R,NOR,McLaren,55.0,3.0,HARD,16.0,84.147,29.457,30.793,23.897,299.0,243.0,268.0,336.0,1,True,False,True,False,2026-07-26 14:20:27.766,1.0,31.0,52.3,24.8,False,2.2,195.0
2026,11,Hungarian Grand Prix,R,NOR,McLaren,56.0,3.0,HARD,17.0,92.344,29.483,31.064,31.797,297.0,244.0,,325.0,126,True,False,False,False,2026-07-26 14:21:51.913,1.0,31.1,52.3,25.1,False,3.0,147.0
2026,11,Hungarian Grand Prix,R,NOR,McLaren,57.0,4.0,SOFT,4.0,111.054,57.46,30.552,23.042,271.0,249.0,271.0,325.0,671,False,False,False,False,2026-07-26 14:23:24.257,1.0,31.3,51.6,24.6,False,1.8,108.0
2026,11,Hungarian Grand Prix,R,NOR,McLaren,58.0,4.0,SOFT,5.0,82.928,28.891,30.257,23.78,283.0,244.0,263.0,326.0,1,False,False,True,False,2026-07-26 14:25:15.311,1.0,31.1,52.4,24.7,False,1.1,151.0
2026,11,Hungarian Grand Prix,R,NOR,McLaren,59.0,4.0,SOFT,6.0,83.671,29.341,30.357,23.973,295.0,242.0,262.0,323.0,1,False,False,True,False,2026-07-26 14:26:38.239,1.0,30.9,52.4,24.7,False,1.1,151.0
2026,11,Hungarian Grand Prix,R,NOR,McLaren,60.0,4.0,SOFT,7.0,83.616,29.179,30.782,23.655,296.0,242.0,268.0,336.0,1,False,False,True,False,2026-07-26 14:28:01.910,1.0,30.8,52.1,25.1,False,3.5,156.0
2026,11,Hungarian Grand Prix,R,NOR,McLaren,61.0,4.0,SOFT,8.0,82.562,29.267,29.852,23.443,293.0,247.0,269.0,325.0,1,False,True,True,False,2026-07-26 14:29:25.526,1.0,31.3,51.9,25.7,False,3.3,156.0
2026,11,Hungarian Grand Prix,R,NOR,McLaren,62.0,4.0,SOFT,9.0,82.659,29.025,30.054,23.58,291.0,246.0,266.0,321.0,1,False,False,True,False,2026-07-26 14:30:48.088,1.0,31.1,51.9,25.7,False,3.3,156.0
2026,11,Hungarian Grand Prix,R,NOR,McLaren,63.0,4.0,SOFT,10.0,82.722,28.844,30.232,23.646,290.0,245.0,268.0,321.0,1,False,False,True,False,2026-07-26 14:32:10.747,1.0,31.0,49.8,25.9,False,1.6,111.0
2026,11,Hungarian Grand Prix,R,NOR,McLaren,64.0,4.0,SOFT,11.0,82.491,28.858,30.187,23.446,291.0,246.0,268.0,322.0,1,False,True,True,False,2026-07-26 14:33:33.469,1.0,31.0,50.7,26.1,False,1.7,115.0
2026,11,Hungarian Grand Prix,R,NOR,McLaren,65.0,4.0,SOFT,12.0,83.104,29.178,30.345,23.581,291.0,246.0,268.0,319.0,1,False,False,True,False,2026-07-26 14:34:55.960,1.0,30.7,50.6,25.9,False,3.1,107.0
2026,11,Hungarian Grand Prix,R,NOR,McLaren,66.0,4.0,SOFT,13.0,82.901,28.927,30.282,23.692,292.0,242.0,269.0,323.0,1,False,False,True,False,2026-07-26 14:36:19.064,1.0,30.8,51.3,26.2,False,3.3,132.0
2026,11,Hungarian Grand Prix,R,NOR,McLaren,67.0,4.0,SOFT,14.0,83.016,29.261,30.223,23.532,290.0,242.0,268.0,324.0,1,False,False,True,False,2026-07-26 14:37:41.965,1.0,30.9,50.0,25.6,False,3.7,109.0
2026,11,Hungarian Grand Prix,R,NOR,McLaren,68.0,4.0,SOFT,15.0,82.796,28.987,30.17,23.639,295.0,246.0,267.0,322.0,1,False,False,True,False,2026-07-26 14:39:04.981,1.0,31.1,51.2,25.8,False,3.5,130.0
2026,11,Hungarian Grand Prix,R,NOR,McLaren,69.0,4.0,SOFT,16.0,83.364,29.079,30.457,23.828,295.0,247.0,266.0,323.0,1,False,False,True,False,2026-07-26 14:40:27.777,1.0,31.1,50.3,25.4,False,1.8,116.0
2026,11,Hungarian Grand Prix,R,NOR,McLaren,70.0,4.0,SOFT,17.0,83.625,29.105,30.486,24.034,293.0,244.0,176.0,326.0,1,False,False,True,False,2026-07-26 14:41:51.141,1.0,31.0,51.1,25.9,False,1.3,148.0
2026,11,Hungarian Grand Prix,R,GAS,Alpine,1.0,1.0,MEDIUM,1.0,96.301,,34.25,24.927,274.0,227.0,262.0,280.0,1,True,False,False,False,2026-07-26 13:03:18.361,11.0,30.0,51.3,25.6,False,1.9,145.0
2026,11,Hungarian Grand Prix,R,GAS,Alpine,2.0,1.0,MEDIUM,2.0,88.584,30.526,32.941,25.117,263.0,231.0,258.0,337.0,1,True,True,True,False,2026-07-26 13:04:54.887,11.0,29.8,50.6,25.9,False,2.3,126.0
2026,11,Hungarian Grand Prix,R,GAS,Alpine,3.0,1.0,MEDIUM,3.0,87.125,29.771,32.479,24.875,286.0,231.0,258.0,335.0,1,True,True,True,False,2026-07-26 13:06:23.471,11.0,29.7,49.7,26.2,False,2.1,79.0
2026,11,Hungarian Grand Prix,R,GAS,Alpine,4.0,1.0,MEDIUM,4.0,87.581,30.035,32.471,25.075,287.0,229.0,259.0,334.0,1,True,False,True,False,2026-07-26 13:07:50.596,11.0,29.7,50.3,26.1,False,1.1,116.0
2026,11,Hungarian Grand Prix,R,GAS,Alpine,5.0,1.0,MEDIUM,5.0,87.127,29.844,32.215,25.068,283.0,231.0,256.0,334.0,1,True,False,True,False,2026-07-26 13:09:18.177,11.0,29.6,50.7,26.1,False,1.4,118.0
2026,11,Hungarian Grand Prix,R,GAS,Alpine,6.0,1.0,MEDIUM,6.0,87.415,30.151,32.151,25.113,276.0,230.0,258.0,325.0,1,True,False,True,False,2026-07-26 13:10:45.304,11.0,29.7,50.4,25.6,False,3.2,110.0
2026,11,Hungarian Grand Prix,R,GAS,Alpine,7.0,1.0,MEDIUM,7.0,87.468,30.083,32.228,25.157,276.0,229.0,258.0,325.0,1,True,False,True,False,2026-07-26 13:12:12.719,11.0,29.7,50.6,26.0,False,2.0,138.0
2026,11,Hungarian Grand Prix,R,GAS,Alpine,8.0,1.0,MEDIUM,8.0,87.215,29.909,32.109,25.197,282.0,230.0,255.0,324.0,1,True,False,True,False,2026-07-26 13:13:40.187,11.0,29.8,50.1,25.3,False,0.9,134.0
2026,11,Hungarian Grand Prix,R,GAS,Alpine,9.0,1.0,MEDIUM,9.0,87.361,30.09,32.166,25.105,283.0,231.0,255.0,323.0,1,True,False,True,False,2026-07-26 13:15:07.402,11.0,29.7,49.2,26.4,False,3.7,83.0
2026,11,Hungarian Grand Prix,R,GAS,Alpine,10.0,1.0,MEDIUM,10.0,87.485,30.285,32.019,25.181,285.0,231.0,256.0,323.0,1,True,False,True,False,2026-07-26 13:16:34.763,11.0,29.7,51.5,26.1,False,2.3,119.0
2026,11,Hungarian Grand Prix,R,GAS,Alpine,11.0,1.0,MEDIUM,11.0,88.245,30.465,32.399,25.381,285.0,228.0,256.0,322.0,1,True,False,True,False,2026-07-26 13:18:02.248,11.0,29.9,51.9,26.1,False,2.1,104.0
2026,11,Hungarian Grand Prix,R,GAS,Alpine,12.0,1.0,MEDIUM,12.0,89.116,30.929,32.766,25.421,276.0,228.0,255.0,322.0,1,True,False,True,False,2026-07-26 13:19:30.493,12.0,30.0,52.3,26.1,False,2.6,115.0
2026,11,Hungarian Grand Prix,R,GAS,Alpine,13.0,1.0,MEDIUM,13.0,88.596,30.655,32.682,25.259,289.0,227.0,258.0,322.0,1,True,False,True,False,2026-07-26 13:20:59.609,12.0,30.2,53.2,25.2,False,1.2,153.0
2026,11,Hungarian Grand Prix,R,GAS,Alpine,14.0,1.0,MEDIUM,14.0,87.522,29.984,32.283,25.255,283.0,230.0,256.0,322.0,1,True,False,True,False,2026-07-26 13:22:28.205,12.0,30.2,52.6,25.8,False,3.3,134.0
2026,11,Hungarian Grand Prix,R,GAS,Alpine,15.0,1.0,MEDIUM,15.0,88.083,30.242,32.516,25.325,284.0,227.0,255.0,321.0,1,True,False,True,False,2026-07-26 13:23:55.727,12.0,30.4,51.9,25.0,False,2.9,122.0
2026,11,Hungarian Grand Prix,R,GAS,Alpine,16.0,1.0,MEDIUM,16.0,91.103,30.441,32.498,28.164,287.0,227.0,,320.0,1,True,False,False,False,2026-07-26 13:25:23.810,13.0,30.4,52.0,25.1,False,2.0,100.0
2026,11,Hungarian Grand Prix,R,GAS,Alpine,17.0,2.0,HARD,1.0,105.148,48.725,31.803,24.62,285.0,232.0,261.0,320.0,1,True,False,False,False,2026-07-26 13:26:54.913,18.0,30.4,51.7,25.9,False,2.8,125.0
2026,11,Hungarian Grand Prix,R,GAS,Alpine,18.0,2.0,HARD,2.0,86.756,29.596,32.083,25.077,287.0,228.0,261.0,324.0,1,True,True,True,False,2026-07-26 13:28:40.061,17.0,30.4,52.0,25.8,False,2.7,163.0
2026,11,Hungarian Grand Prix,R,GAS,Alpine,19.0,2.0,HARD,3.0,85.638,29.553,31.527,24.558,290.0,230.0,260.0,339.0,1,True,True,True,False,2026-07-26 13:30:06.817,15.0,30.4,52.4,25.6,False,2.8,144.0
2026,11,Hungarian Grand Prix,R,GAS,Alpine,20.0,2.0,HARD,4.0,85.992,29.599,31.608,24.785,289.0,231.0,260.0,322.0,1,True,False,True,False,2026-07-26 13:31:32.455,15.0,30.5,52.0,25.4,False,2.1,129.0
2026,11,Hungarian Grand Prix,R,GAS,Alpine,21.0,2.0,HARD,5.0,86.389,29.691,31.935,24.763,272.0,233.0,260.0,323.0,1,True,False,True,False,2026-07-26 13:32:58.447,15.0,30.2,52.6,25.2,False,2.7,114.0
2026,11,Hungarian Grand Prix,R,GAS,Alpine,22.0,2.0,HARD,6.0,86.352,29.94,31.648,24.764,279.0,235.0,257.0,338.0,1,True,False,True,False,2026-07-26 13:34:24.836,14.0,30.2,52.0,25.0,False,2.8,107.0
2026,11,Hungarian Grand Prix,R,GAS,Alpine,23.0,2.0,HARD,7.0,86.628,29.797,31.973,24.858,287.0,231.0,258.0,324.0,1,True,False,True,False,2026-07-26 13:35:51.188,14.0,30.2,44.2,25.8,False,2.0,100.0
2026,11,Hungarian Grand Prix,R,GAS,Alpine,24.0,2.0,HARD,8.0,86.636,29.84,31.895,24.901,276.0,231.0,259.0,324.0,1,True,False,True,False,2026-07-26 13:37:17.816,14.0,30.2,52.1,25.6,False,2.4,140.0
2026,11,Hungarian Grand Prix,R,GAS,Alpine,25.0,2.0,HARD,9.0,86.811,29.825,31.956,25.03,285.0,233.0,258.0,325.0,1,True,False,True,False,2026-07-26 13:38:44.452,14.0,30.2,52.1,25.6,False,0.5,143.0
2026,11,Hungarian Grand Prix,R,GAS,Alpine,26.0,2.0,HARD,10.0,87.338,30.022,32.273,25.043,286.0,231.0,258.0,325.0,1,True,False,True,False,2026-07-26 13:40:11.263,13.0,30.4,52.7,26.0,False,3.0,132.0
2026,11,Hungarian Grand Prix,R,GAS,Alpine,27.0,2.0,HARD,11.0,86.736,30.232,31.704,24.8,283.0,231.0,259.0,324.0,1,True,False,True,False,2026-07-26 13:41:38.601,13.0,30.7,52.6,25.0,False,2.5,152.0
2026,11,Hungarian Grand Prix,R,GAS,Alpine,28.0,2.0,HARD,12.0,87.407,30.168,32.03,25.209,282.0,231.0,256.0,324.0,1,True,False,True,False,2026-07-26 13:43:05.337,13.0,30.7,52.5,25.1,False,2.4,161.0
2026,11,Hungarian Grand Prix,R,GAS,Alpine,29.0,2.0,HARD,13.0,87.138,29.925,32.123,25.09,289.0,229.0,257.0,323.0,1,True,False,True,False,2026-07-26 13:44:32.744,13.0,30.8,51.0,24.8,False,4.1,180.0
2026,11,Hungarian Grand Prix,R,GAS,Alpine,30.0,2.0,HARD,14.0,86.768,30.02,31.815,24.933,274.0,233.0,258.0,323.0,1,True,False,True,False,2026-07-26 13:45:59.882,12.0,29.8,50.7,24.5,False,1.7,206.0
2026,11,Hungarian Grand Prix,R,GAS,Alpine,31.0,2.0,HARD,15.0,86.57,29.794,31.719,25.057,290.0,234.0,259.0,323.0,1,True,False,True,False,2026-07-26 13:47:26.650,12.0,30.3,52.2,25.3,False,1.7,105.0
2026,11,Hungarian Grand Prix,R,GAS,Alpine,32.0,2.0,HARD,16.0,86.907,29.869,31.909,25.129,289.0,229.0,257.0,323.0,1,True,False,True,False,2026-07-26 13:48:53.220,12.0,30.2,50.8,25.0,False,2.8,105.0
2026,11,Hungarian Grand Prix,R,GAS,Alpine,33.0,2.0,HARD,17.0,86.882,30.058,31.821,25.003,288.0,230.0,258.0,322.0,1,True,False,True,False,2026-07-26 13:50:20.127,12.0,30.2,51.2,25.1,False,1.4,70.0
2026,11,Hungarian Grand Prix,R,GAS,Alpine,34.0,2.0,HARD,18.0,86.888,29.932,32.067,24.889,287.0,229.0,260.0,323.0,1,True,False,True,False,2026-07-26 13:51:47.009,12.0,30.3,52.3,26.0,False,1.1,97.0
2026,11,Hungarian Grand Prix,R,GAS,Alpine,35.0,2.0,HARD,19.0,87.02,29.977,31.967,25.076,288.0,230.0,256.0,323.0,1,True,False,True,False,2026-07-26 13:53:13.897,12.0,30.4,52.5,25.3,False,1.6,113.0
2026,11,Hungarian Grand Prix,R,GAS,Alpine,36.0,2.0,HARD,20.0,87.538,30.117,32.224,25.197,291.0,229.0,259.0,322.0,1,True,False,True,False,2026-07-26 13:54:40.917,12.0,30.3,51.5,25.1,False,1.1,155.0
2026,11,Hungarian Grand Prix,R,GAS,Alpine,37.0,2.0,HARD,21.0,88.088,29.967,32.772,25.349,278.0,228.0,256.0,321.0,1,True,False,True,False,2026-07-26 13:56:08.455,12.0,30.4,52.0,25.6,False,2.7,108.0
2026,11,Hungarian Grand Prix,R,GAS,Alpine,38.0,2.0,HARD,22.0,89.252,30.95,32.916,25.386,278.0,229.0,256.0,321.0,12,True,False,True,False,2026-07-26 13:57:36.543,13.0,30.4,52.8,25.2,False,4.7,118.0
2026,11,Hungarian Grand Prix,R,GAS,Alpine,39.0,2.0,HARD,23.0,90.776,30.13,32.655,27.991,278.0,226.0,,323.0,1,True,False,False,False,2026-07-26 13:59:05.795,13.0,31.0,51.4,25.0,False,4.7,107.0
2026,11,Hungarian Grand Prix,R,GAS,Alpine,40.0,3.0,HARD,1.0,108.555,49.673,33.489,25.393,283.0,199.0,263.0,323.0,1,True,False,False,False,2026-07-26 14:00:36.571,13.0,30.4,52.1,25.9,False,2.4,125.0
2026,11,Hungarian Grand Prix,R,GAS,Alpine,41.0,3.0,HARD,2.0,85.344,29.45,31.556,24.338,285.0,235.0,263.0,337.0,1,True,True,True,False,2026-07-26 14:02:25.126,13.0,30.5,52.7,25.4,False,2.0,120.0
2026,11,Hungarian Grand Prix,R,GAS,Alpine,42.0,3.0,HARD,3.0,84.863,29.334,31.21,24.319,292.0,234.0,263.0,326.0,1,True,True,True,False,2026-07-26 14:03:50.470,13.0,30.6,52.7,25.2,False,2.2,120.0
2026,11,Hungarian Grand Prix,R,GAS,Alpine,43.0,3.0,HARD,4.0,85.364,29.554,31.32,24.49,291.0,234.0,262.0,326.0,1,True,False,True,False,2026-07-26 14:05:15.333,13.0,30.6,52.3,25.2,False,4.3,145.0
2026,11,Hungarian Grand Prix,R,GAS,Alpine,44.0,3.0,HARD,5.0,85.026,29.315,31.248,24.463,291.0,233.0,263.0,325.0,1,True,False,True,False,2026-07-26 14:06:40.697,13.0,30.7,51.0,25.0,False,2.3,93.0
2026,11,Hungarian Grand Prix,R,GAS,Alpine,45.0,3.0,HARD,6.0,85.321,29.407,31.277,24.637,290.0,233.0,260.0,325.0,1,True,False,True,False,2026-07-26 14:08:05.723,13.0,30.7,51.7,25.2,False,0.8,128.0
2026,11,Hungarian Grand Prix,R,GAS,Alpine,46.0,3.0,HARD,7.0,85.235,29.445,31.297,24.493,291.0,236.0,260.0,325.0,1,True,False,True,False,2026-07-26 14:09:31.044,13.0,30.7,52.8,25.5,False,2.0,134.0
2026,11,Hungarian Grand Prix,R,GAS,Alpine,47.0,3.0,HARD,8.0,89.233,31.181,32.318,25.734,259.0,188.0,260.0,324.0,1,True,False,True,False,2026-07-26 14:10:56.279,13.0,30.8,51.4,25.2,False,3.0,175.0
2026,11,Hungarian Grand Prix,R,GAS,Alpine,48.0,3.0,HARD,9.0,86.043,29.727,31.66,24.656,293.0,235.0,259.0,336.0,1,True,False,True,False,2026-07-26 14:12:25.512,13.0,30.7,51.1,25.7,False,3.1,128.0
2026,11,Hungarian Grand Prix,R,GAS,Alpine,49.0,3.0,HARD,10.0,85.83,29.584,31.428,24.818,286.0,232.0,260.0,326.0,12,True,False,True,False,2026-07-26 14:13:51.555,13.0,30.9,52.4,26.3,False,2.4,153.0
2026,11,Hungarian Grand Prix,R,GAS,Alpine,50.0,3.0,HARD,11.0,85.629,29.532,31.513,24.584,290.0,233.0,261.0,324.0,1,True,False,True,False,2026-07-26 14:15:17.385,13.0,30.9,51.0,25.4,False,2.8,153.0
2026,11,Hungarian Grand Prix,R,GAS,Alpine,51.0,3.0,HARD,12.0,85.585,29.641,31.417,24.527,297.0,233.0,262.0,325.0,1,True,False,True,False,2026-07-26 14:16:43.014,13.0,30.8,51.6,25.6,False,1.4,79.0
2026,11,Hungarian Grand Prix,R,GAS,Alpine,52.0,3.0,HARD,13.0,85.521,29.537,31.321,24.663,292.0,233.0,262.0,325.0,1,True,False,True,False,2026-07-26 14:18:08.599,13.0,30.9,51.4,25.4,False,1.4,101.0
2026,11,Hungarian Grand Prix,R,GAS,Alpine,53.0,3.0,HARD,14.0,86.2,29.898,31.496,24.806,293.0,231.0,262.0,325.0,1,True,False,True,False,2026-07-26 14:19:34.120,13.0,30.9,52.9,25.8,False,0.6,121.0
2026,11,Hungarian Grand Prix,R,GAS,Alpine,54.0,3.0,HARD,15.0,85.597,29.62,31.373,24.604,293.0,236.0,261.0,326.0,1,True,False,True,False,2026-07-26 14:21:00.320,13.0,31.1,52.3,25.1,False,3.0,147.0
2026,11,Hungarian Grand Prix,R,GAS,Alpine,55.0,3.0,HARD,16.0,102.183,30.211,40.038,31.934,280.0,203.0,,325.0,126,True,False,False,False,2026-07-26 14:22:25.917,13.0,31.1,52.3,25.1,False,3.0,147.0
2026,11,Hungarian Grand Prix,R,GAS,Alpine,56.0,4.0,SOFT,1.0,102.873,48.202,30.992,23.679,283.0,236.0,267.0,325.0,671,True,False,False,False,2026-07-26 14:24:08.100,13.0,31.5,51.6,24.6,False,1.8,108.0
2026,11,Hungarian Grand Prix,R,GAS,Alpine,57.0,4.0,SOFT,2.0,82.871,28.687,30.422,23.762,298.0,232.0,265.0,325.0,1,True,True,True,False,2026-07-26 14:25:50.973,13.0,30.9,52.4,24.7,False,1.1,151.0
2026,11,Hungarian Grand Prix,R,GAS,Alpine,58.0,4.0,SOFT,3.0,83.347,28.843,30.566,23.938,290.0,239.0,266.0,325.0,1,True,False,True,False,2026-07-26 14:27:13.844,13.0,31.1,52.1,25.1,False,3.5,156.0
2026,11,Hungarian Grand Prix,R,GAS,Alpine,59.0,4.0,SOFT,4.0,83.622,28.862,30.76,24.0,296.0,239.0,266.0,326.0,1,True,False,True,False,2026-07-26 14:28:37.191,13.0,30.8,52.1,25.1,False,3.5,156.0
2026,11,Hungarian Grand Prix,R,GAS,Alpine,60.0,4.0,SOFT,5.0,84.835,29.256,31.296,24.283,270.0,239.0,265.0,329.0,1,True,False,True,False,2026-07-26 14:30:00.813,13.0,31.1,51.9,25.7,False,3.3,156.0
2026,11,Hungarian Grand Prix,R,GAS,Alpine,61.0,4.0,SOFT,6.0,84.242,29.224,30.719,24.299,293.0,236.0,260.0,341.0,1,True,False,True,False,2026-07-26 14:31:25.648,12.0,31.3,49.6,25.5,False,2.3,115.0
2026,11,Hungarian Grand Prix,R,GAS,Alpine,62.0,4.0,SOFT,7.0,84.58,29.465,30.772,24.343,293.0,234.0,265.0,323.0,1,True,False,True,False,2026-07-26 14:32:49.890,12.0,31.0,50.7,26.1,False,1.7,115.0
2026,11,Hungarian Grand Prix,R,GAS,Alpine,63.0,4.0,SOFT,8.0,84.744,29.26,30.989,24.495,291.0,233.0,263.0,323.0,1,True,False,True,False,2026-07-26 14:34:14.470,12.0,30.9,50.7,26.1,False,2.5,94.0
2026,11,Hungarian Grand Prix,R,GAS,Alpine,64.0,4.0,SOFT,9.0,84.12,29.173,30.826999999999998,24.12,292.0,238.0,265.0,323.0,1,True,False,True,False,2026-07-26 14:35:39.214,12.0,30.7,50.6,25.9,False,3.1,107.0
2026,11,Hungarian Grand Prix,R,GAS,Alpine,65.0,4.0,SOFT,10.0,84.388,29.334,30.85,24.204,291.0,236.0,264.0,325.0,1,True,False,True,False,2026-07-26 14:37:03.334,12.0,30.9,50.0,25.6,False,3.7,109.0
2026,11,Hungarian Grand Prix,R,GAS,Alpine,66.0,4.0,SOFT,11.0,84.833,29.363,30.932,24.538,294.0,237.0,263.0,325.0,1,True,False,True,False,2026-07-26 14:38:27.722,12.0,31.0,50.5,25.6,False,2.0,106.0
2026,11,Hungarian Grand Prix,R,GAS,Alpine,67.0,4.0,SOFT,12.0,84.869,29.491,30.878,24.5,296.0,234.0,263.0,325.0,1,True,False,True,False,2026-07-26 14:39:52.555,12.0,31.1,50.3,25.4,False,1.8,116.0
2026,11,Hungarian Grand Prix,R,GAS,Alpine,68.0,4.0,SOFT,13.0,85.069,29.537,31.026,24.506,288.0,237.0,263.0,326.0,1,True,False,True,False,2026-07-26 14:41:17.424,12.0,31.5,50.3,25.4,False,1.8,116.0
2026,11,Hungarian Grand Prix,R,GAS,Alpine,69.0,4.0,SOFT,14.0,85.702,29.316,31.481,24.905,285.0,232.0,263.0,327.0,1,True,False,True,False,2026-07-26 14:42:42.493,12.0,31.0,51.1,25.9,False,1.3,148.0
2026,11,Hungarian Grand Prix,R,PER,Cadillac,1.0,1.0,MEDIUM,1.0,101.266,,33.421,25.48,268.0,232.0,259.0,,1,True,False,False,False,2026-07-26 13:03:18.361,22.0,30.0,51.3,25.6,False,1.9,145.0
2026,11,Hungarian Grand Prix,R,PER,Cadillac,2.0,1.0,MEDIUM,2.0,90.496,30.899,33.769,25.828,256.0,229.0,257.0,332.0,1,True,True,True,False,2026-07-26 13:04:59.852,22.0,29.8,50.6,25.9,False,2.3,126.0
2026,11,Hungarian Grand Prix,R,PER,Cadillac,3.0,1.0,MEDIUM,3.0,89.025,30.679,33.029,25.317,260.0,229.0,254.0,331.0,1,True,True,True,False,2026-07-26 13:06:30.348,22.0,29.7,49.7,26.2,False,2.1,79.0
2026,11,Hungarian Grand Prix,R,PER,Cadillac,4.0,1.0,MEDIUM,4.0,88.623,30.516,32.764,25.343,272.0,233.0,252.0,329.0,1,True,True,True,False,2026-07-26 13:07:59.373,22.0,29.7,50.3,26.1,False,1.1,116.0
2026,11,Hungarian Grand Prix,R,PER,Cadillac,5.0,1.0,MEDIUM,5.0,88.785,30.761,32.616,25.408,270.0,231.0,254.0,320.0,1,True,False,True,False,2026-07-26 13:09:27.996,22.0,29.6,50.7,26.1,False,1.4,118.0
2026,11,Hungarian Grand Prix,R,PER,Cadillac,6.0,1.0,MEDIUM,6.0,89.083,30.624,33.0,25.459,270.0,231.0,252.0,321.0,1,True,False,True,False,2026-07-26 13:10:56.781,22.0,29.7,52.3,25.8,False,3.9,161.0
2026,11,Hungarian Grand Prix,R,PER,Cadillac,7.0,1.0,MEDIUM,7.0,89.245,30.924,32.894,25.427,274.0,231.0,252.0,320.0,1,True,False,True,False,2026-07-26 13:12:25.864,22.0,29.7,50.6,26.0,False,2.0,138.0
2026,11,Hungarian Grand Prix,R,PER,Cadillac,8.0,1.0,MEDIUM,8.0,89.208,30.765,33.019,25.424,263.0,228.0,252.0,319.0,1,True,False,True,False,2026-07-26 13:13:55.109,22.0,29.8,51.4,25.7,False,2.0,162.0
2026,11,Hungarian Grand Prix,R,PER,Cadillac,9.0,1.0,MEDIUM,9.0,89.295,30.961,32.966,25.368,270.0,231.0,253.0,318.0,1,True,False,True,False,2026-07-26 13:15:24.317,21.0,29.7,49.2,26.4,False,3.7,83.0
2026,11,Hungarian Grand Prix,R,PER,Cadillac,10.0,1.0,MEDIUM,10.0,89.627,31.062,33.037,25.528,274.0,230.0,252.0,318.0,1,True,False,True,False,2026-07-26 13:16:53.612,21.0,29.8,51.6,25.7,False,0.8,116.0
2026,11,Hungarian Grand Prix,R,PER,Cadillac,11.0,1.0,MEDIUM,11.0,89.549,31.204,32.971,25.374,271.0,227.0,251.0,316.0,1,True,False,True,False,2026-07-26 13:18:23.239,21.0,29.9,51.9,26.1,False,2.1,104.0
2026,11,Hungarian Grand Prix,R,PER,Cadillac,12.0,1.0,MEDIUM,12.0,89.694,31.132,33.072,25.49,270.0,228.0,252.0,316.0,1,True,False,True,False,2026-07-26 13:19:52.788,21.0,30.1,53.1,26.1,False,1.9,119.0
2026,11,Hungarian Grand Prix,R,PER,Cadillac,13.0,1.0,MEDIUM,13.0,89.371,30.885,32.941,25.545,268.0,229.0,251.0,316.0,1,True,False,True,False,2026-07-26 13:21:22.482,21.0,30.2,53.2,25.2,False,1.2,153.0
2026,11,Hungarian Grand Prix,R,PER,Cadillac,14.0,1.0,MEDIUM,14.0,89.342,30.867,33.008,25.467,271.0,227.0,251.0,316.0,1,True,False,True,False,2026-07-26 13:22:51.853,20.0,30.4,51.5,24.9,False,4.4,157.0
2026,11,Hungarian Grand Prix,R,PER,Cadillac,15.0,1.0,MEDIUM,15.0,89.719,31.012,33.286,25.421,273.0,226.0,250.0,315.0,1,True,False,True,False,2026-07-26 13:24:21.195,20.0,30.4,51.9,25.0,False,2.9,122.0
2026,11,Hungarian Grand Prix,R,PER,Cadillac,16.0,1.0,MEDIUM,16.0,91.287,31.514,33.69,26.083,262.0,223.0,251.0,315.0,1,True,False,True,False,2026-07-26 13:25:50.914,21.0,30.4,50.5,25.2,False,4.3,102.0
2026,11,Hungarian Grand Prix,R,PER,Cadillac,17.0,1.0,MEDIUM,17.0,90.207,31.073,33.444,25.69,268.0,223.0,251.0,324.0,1,True,False,True,False,2026-07-26 13:27:22.201,21.0,30.4,51.7,25.9,False,2.8,125.0
2026,11,Hungarian Grand Prix,R,PER,Cadillac,18.0,1.0,MEDIUM,18.0,89.556,30.876,33.125,25.555,275.0,230.0,251.0,315.0,1,True,False,True,False,2026-07-26 13:28:52.408,21.0,30.4,52.0,25.5,False,2.9,128.0
2026,11,Hungarian Grand Prix,R,PER,Cadillac,19.0,1.0,MEDIUM,19.0,89.923,30.944,33.351,25.628,270.0,226.0,248.0,315.0,1,True,False,True,False,2026-07-26 13:30:21.964,21.0,30.4,52.4,25.6,False,2.8,144.0
2026,11,Hungarian Grand Prix,R,PER,Cadillac,20.0,1.0,MEDIUM,20.0,89.335,30.699,33.229,25.407,277.0,227.0,250.0,315.0,1,True,False,True,False,2026-07-26 13:31:51.887,21.0,30.3,52.5,25.2,False,3.7,109.0
2026,11,Hungarian Grand Prix,R,PER,Cadillac,21.0,1.0,MEDIUM,21.0,92.338,30.858,33.186,28.294,274.0,228.0,,316.0,1,True,False,False,False,2026-07-26 13:33:21.222,21.0,30.2,52.6,25.2,False,2.7,114.0
2026,11,Hungarian Grand Prix,R,PER,Cadillac,22.0,2.0,None,,108.751,50.72,32.557,25.474,276.0,205.0,258.0,316.0,1,False,False,False,False,2026-07-26 13:34:53.560,21.0,30.2,51.1,25.3,False,2.4,136.0
2026,11,Hungarian Grand Prix,R,PER,Cadillac,23.0,2.0,None,,86.342,29.802,32.012,24.528,277.0,233.0,255.0,328.0,1,False,True,True,False,2026-07-26 13:36:42.311,21.0,30.2,44.2,25.8,False,2.0,100.0
2026,11,Hungarian Grand Prix,R,PER,Cadillac,24.0,2.0,None,,87.359,30.09,32.369,24.9,270.0,235.0,253.0,318.0,1,False,False,True,False,2026-07-26 13:38:08.653,21.0,30.2,52.1,25.6,False,0.5,143.0
2026,11,Hungarian Grand Prix,R,PER,Cadillac,25.0,2.0,None,,87.246,30.132,32.271,24.843,275.0,228.0,250.0,317.0,1,False,False,True,False,2026-07-26 13:39:36.012,21.0,30.2,51.8,25.7,False,2.4,83.0
2026,11,Hungarian Grand Prix,R,PER,Cadillac,26.0,2.0,None,,87.857,30.553,32.386,24.918,275.0,228.0,253.0,316.0,1,False,False,True,False,2026-07-26 13:41:03.258,21.0,30.7,52.6,25.0,False,2.5,152.0
2026,11,Hungarian Grand Prix,R,PER,Cadillac,27.0,2.0,None,,87.733,30.387,32.436,24.91,274.0,229.0,254.0,317.0,1,False,False,True,False,2026-07-26 13:42:31.115,21.0,30.7,51.2,24.5,False,2.7,97.0
2026,11,Hungarian Grand Prix,R,PER,Cadillac,28.0,2.0,None,,87.358,30.277,32.254,24.826999999999998,269.0,233.0,254.0,317.0,1,False,False,True,False,2026-07-26 13:43:58.848,21.0,30.8,51.0,24.8,False,4.1,180.0
2026,11,Hungarian Grand Prix,R,PER,Cadillac,29.0,2.0,None,,89.58,32.199,32.542,24.839,276.0,229.0,254.0,317.0,1,False,False,True,False,2026-07-26 13:45:26.206,21.0,30.7,50.7,24.5,False,1.7,206.0
2026,11,Hungarian Grand Prix,R,PER,Cadillac,30.0,2.0,None,,87.721,30.593,32.334,24.794,276.0,233.0,254.0,318.0,1,False,False,True,False,2026-07-26 13:46:55.786,21.0,30.3,52.2,25.3,False,1.7,105.0
2026,11,Hungarian Grand Prix,R,PER,Cadillac,31.0,2.0,None,,87.599,30.418,32.274,24.907,278.0,231.0,253.0,318.0,1,False,False,True,False,2026-07-26 13:48:23.507,21.0,30.2,52.5,25.6,False,1.2,124.0
2026,11,Hungarian Grand Prix,R,PER,Cadillac,32.0,2.0,None,,87.492,30.486,32.193,24.813,275.0,233.0,252.0,316.0,1,False,False,True,False,2026-07-26 13:49:51.106,21.0,30.2,51.2,25.1,False,1.4,70.0
2026,11,Hungarian Grand Prix,R,PER,Cadillac,33.0,2.0,None,,89.501,30.475,32.578,26.448,276.0,227.0,255.0,316.0,1,False,False,True,False,2026-07-26 13:51:18.598,21.0,30.3,52.3,26.0,False,1.1,97.0
2026,11,Hungarian Grand Prix,R,PER,Cadillac,34.0,2.0,None,,87.993,30.436,32.639,24.918,276.0,231.0,255.0,328.0,1,False,False,True,False,2026-07-26 13:52:48.099,21.0,30.4,51.3,25.6,False,3.5,109.0
2026,11,Hungarian Grand Prix,R,PER,Cadillac,35.0,2.0,None,,87.703,30.248,32.376,25.079,279.0,229.0,252.0,318.0,1,False,False,True,False,2026-07-26 13:54:16.092,21.0,30.3,51.5,25.1,False,1.1,155.0
2026,11,Hungarian Grand Prix,R,PER,Cadillac,36.0,2.0,None,,87.85,30.315,32.389,25.146,277.0,225.0,253.0,316.0,1,False,False,True,False,2026-07-26 13:55:43.795,21.0,30.2,52.1,25.8,False,2.7,104.0
2026,11,Hungarian Grand Prix,R,PER,Cadillac,37.0,2.0,None,,87.748,30.309,32.496,24.943,278.0,231.0,250.0,316.0,12,False,False,True,False,2026-07-26 13:57:11.645,21.0,30.4,52.8,25.2,False,4.7,118.0
2026,11,Hungarian Grand Prix,R,PER,Cadillac,38.0,2.0,None,,87.837,30.357,32.463,25.017,278.0,232.0,253.0,316.0,21,False,False,True,False,2026-07-26 13:58:39.393,21.0,30.4,51.4,25.0,False,4.7,107.0
2026,11,Hungarian Grand Prix,R,PER,Cadillac,39.0,2.0,None,,87.768,30.402,32.479,24.887,277.0,232.0,252.0,317.0,1,False,False,True,False,2026-07-26 14:00:07.230,21.0,30.4,52.1,25.9,False,2.4,125.0
2026,11,Hungarian Grand Prix,R,PER,Cadillac,40.0,2.0,None,,88.497,30.657,32.618,25.222,279.0,224.0,254.0,316.0,1,False,False,True,False,2026-07-26 14:01:34.998,21.0,30.5,53.1,25.9,False,3.2,131.0
2026,11,Hungarian Grand Prix,R,PER,Cadillac,41.0,2.0,None,,93.534,32.628,33.667,27.239,189.0,230.0,255.0,317.0,1,False,False,True,False,2026-07-26 14:03:03.495,21.0,30.6,52.9,25.5,False,3.2,139.0
2026,11,Hungarian Grand Prix,R,PER,Cadillac,42.0,2.0,None,,88.516,30.517,32.768,25.231,279.0,224.0,254.0,327.0,1,False,False,True,False,2026-07-26 14:04:37.029,21.0,30.6,52.7,25.2,False,2.2,120.0
2026,11,Hungarian Grand Prix,R,PER,Cadillac,43.0,2.0,None,,90.096,30.834,32.74,26.522,282.0,215.0,253.0,318.0,1,False,False,True,False,2026-07-26 14:06:05.545,21.0,30.7,51.0,25.0,False,2.3,93.0
2026,11,Hungarian Grand Prix,R,PER,Cadillac,44.0,2.0,None,,88.629,30.478,32.767,25.384,276.0,229.0,250.0,328.0,1,False,False,True,False,2026-07-26 14:07:35.641,21.0,30.7,51.7,25.1,False,1.7,130.0
2026,11,Hungarian Grand Prix,R,PER,Cadillac,45.0,2.0,None,,89.729,30.48,32.726,26.523,281.0,228.0,251.0,318.0,1,False,False,True,False,2026-07-26 14:09:04.270,21.0,30.7,52.8,25.5,False,2.0,134.0
2026,11,Hungarian Grand Prix,R,PER,Cadillac,46.0,2.0,None,,94.111,31.814,33.497,28.8,286.0,197.0,,317.0,1,False,False,False,False,2026-07-26 14:10:33.999,21.0,30.7,51.0,25.7,False,3.0,134.0
2026,11,Hungarian Grand Prix,R,PER,Cadillac,47.0,3.0,SOFT,1.0,111.42,53.113,31.768,26.539,278.0,240.0,260.0,317.0,1,True,False,False,False,2026-07-26 14:12:08.110,21.0,30.7,51.1,25.7,False,3.1,128.0
2026,11,Hungarian Grand Prix,R,PER,Cadillac,48.0,3.0,SOFT,2.0,139.998,29.881,59.299,50.818,275.0,99.0,,334.0,12,True,False,False,False,2026-07-26 14:13:59.530,21.0,30.9,52.4,26.3,False,2.4,153.0
2026,11,Hungarian Grand Prix,R,ANT,Mercedes,1.0,1.0,MEDIUM,1.0,93.893,,33.559,24.572,268.0,228.0,263.0,273.0,1,True,False,False,False,2026-07-26 13:03:18.361,6.0,30.0,51.3,25.6,False,1.9,145.0
2026,11,Hungarian Grand Prix,R,ANT,Mercedes,2.0,1.0,MEDIUM,2.0,85.919,29.876,31.415,24.628,285.0,232.0,263.0,335.0,1,True,True,True,False,2026-07-26 13:04:52.479,6.0,29.8,50.6,25.9,False,2.3,126.0
2026,11,Hungarian Grand Prix,R,ANT,Mercedes,3.0,1.0,MEDIUM,3.0,85.93,29.646,31.626,24.658,284.0,229.0,263.0,333.0,1,True,False,True,False,2026-07-26 13:06:18.398,6.0,29.7,49.7,26.2,False,2.1,79.0
2026,11,Hungarian Grand Prix,R,ANT,Mercedes,4.0,1.0,MEDIUM,4.0,85.64,29.624,31.435,24.581,289.0,232.0,262.0,326.0,1,True,True,True,False,2026-07-26 13:07:44.328,6.0,29.8,48.6,25.8,False,3.1,149.0
2026,11,Hungarian Grand Prix,R,ANT,Mercedes,5.0,1.0,MEDIUM,5.0,85.817,29.903,31.325,24.589,290.0,232.0,261.0,326.0,1,True,False,True,False,2026-07-26 13:09:09.968,6.0,29.6,50.7,26.1,False,1.4,118.0
2026,11,Hungarian Grand Prix,R,ANT,Mercedes,6.0,1.0,MEDIUM,6.0,85.636,29.733,31.305,24.598,294.0,231.0,261.0,326.0,1,True,True,True,False,2026-07-26 13:10:35.785,6.0,29.7,50.4,25.6,False,3.2,110.0
2026,11,Hungarian Grand Prix,R,ANT,Mercedes,7.0,1.0,MEDIUM,7.0,85.751,29.621,31.417,24.713,293.0,230.0,259.0,325.0,1,True,False,True,False,2026-07-26 13:12:01.421,6.0,29.7,50.6,26.0,False,2.0,138.0
2026,11,Hungarian Grand Prix,R,ANT,Mercedes,8.0,1.0,MEDIUM,8.0,85.733,29.585,31.484,24.664,293.0,231.0,260.0,324.0,1,True,False,True,False,2026-07-26 13:13:27.172,6.0,29.8,50.1,25.3,False,0.9,134.0
2026,11,Hungarian Grand Prix,R,ANT,Mercedes,9.0,1.0,MEDIUM,9.0,85.491,29.678,31.237,24.576,297.0,233.0,261.0,324.0,1,True,True,True,False,2026-07-26 13:14:52.905,6.0,29.7,49.2,26.4,False,3.7,83.0
2026,11,Hungarian Grand Prix,R,ANT,Mercedes,10.0,1.0,MEDIUM,10.0,85.502,29.691,31.253,24.558,295.0,232.0,260.0,324.0,1,True,False,True,False,2026-07-26 13:16:18.396,6.0,29.7,51.5,26.1,False,2.3,119.0
2026,11,Hungarian Grand Prix,R,ANT,Mercedes,11.0,1.0,MEDIUM,11.0,85.972,30.041,31.27,24.661,288.0,233.0,260.0,317.0,1,True,False,True,False,2026-07-26 13:17:43.898,6.0,29.8,51.6,25.7,False,0.8,116.0
2026,11,Hungarian Grand Prix,R,ANT,Mercedes,12.0,1.0,MEDIUM,12.0,86.066,29.951,31.569,24.546,286.0,235.0,259.0,323.0,1,True,False,True,False,2026-07-26 13:19:09.870,6.0,30.0,52.3,26.1,False,2.6,115.0
2026,11,Hungarian Grand Prix,R,ANT,Mercedes,13.0,1.0,MEDIUM,13.0,86.163,29.99,31.491,24.682,290.0,234.0,258.0,323.0,1,True,False,True,False,2026-07-26 13:20:35.936,6.0,30.1,53.1,26.1,False,1.9,119.0
2026,11,Hungarian Grand Prix,R,ANT,Mercedes,14.0,1.0,MEDIUM,14.0,86.08,29.96,31.38,24.74,289.0,233.0,258.0,320.0,1,True,False,True,False,2026-07-26 13:22:02.099,5.0,30.2,52.6,25.8,False,3.3,134.0
2026,11,Hungarian Grand Prix,R,ANT,Mercedes,15.0,1.0,MEDIUM,15.0,86.052,29.958,31.42,24.674,285.0,231.0,258.0,321.0,1,True,False,True,False,2026-07-26 13:23:28.179,4.0,30.4,51.5,24.9,False,4.4,157.0
2026,11,Hungarian Grand Prix,R,ANT,Mercedes,16.0,1.0,MEDIUM,16.0,85.974,29.908,31.465,24.601,289.0,231.0,258.0,322.0,1,True,False,True,False,2026-07-26 13:24:54.231,3.0,30.4,52.0,25.1,False,2.0,100.0
2026,11,Hungarian Grand Prix,R,ANT,Mercedes,17.0,1.0,MEDIUM,17.0,85.77,29.855,31.267,24.648,288.0,233.0,259.0,318.0,1,True,False,True,False,2026-07-26 13:26:20.205,2.0,30.4,50.5,25.2,False,4.3,102.0
2026,11,Hungarian Grand Prix,R,ANT,Mercedes,18.0,1.0,MEDIUM,18.0,85.554,29.866,31.255,24.433,289.0,234.0,260.0,317.0,1,True,False,True,False,2026-07-26 13:27:45.975,1.0,30.4,51.7,25.9,False,2.8,125.0
2026,11,Hungarian Grand Prix,R,ANT,Mercedes,19.0,1.0,MEDIUM,19.0,85.632,29.887,31.253,24.492,290.0,235.0,259.0,318.0,1,True,False,True,False,2026-07-26 13:29:11.529,1.0,30.4,52.0,25.5,False,2.9,128.0
2026,11,Hungarian Grand Prix,R,ANT,Mercedes,20.0,1.0,MEDIUM,20.0,85.51,29.716,31.224,24.57,289.0,234.0,258.0,318.0,1,True,False,True,False,2026-07-26 13:30:37.161,1.0,30.4,52.4,25.6,False,2.8,144.0
2026,11,Hungarian Grand Prix,R,ANT,Mercedes,21.0,1.0,MEDIUM,21.0,85.702,29.81,31.291,24.601,288.0,234.0,259.0,318.0,1,True,False,True,False,2026-07-26 13:32:02.671,1.0,30.3,52.5,25.2,False,3.7,109.0
2026,11,Hungarian Grand Prix,R,ANT,Mercedes,22.0,1.0,MEDIUM,22.0,88.51,30.002,31.576,26.932,291.0,232.0,,319.0,1,True,False,False,False,2026-07-26 13:33:28.373,1.0,30.2,52.6,25.2,False,2.7,114.0
2026,11,Hungarian Grand Prix,R,ANT,Mercedes,23.0,2.0,HARD,1.0,104.538,49.037,31.453,24.048,287.0,234.0,262.0,319.0,1,True,False,False,False,2026-07-26 13:34:56.883,6.0,30.2,51.1,25.3,False,2.4,136.0
2026,11,Hungarian Grand Prix,R,ANT,Mercedes,24.0,2.0,HARD,2.0,84.119,29.266,30.812,24.041,287.0,235.0,262.0,322.0,1,True,True,True,False,2026-07-26 13:36:41.421,6.0,30.2,44.2,25.8,False,2.0,100.0
2026,11,Hungarian Grand Prix,R,ANT,Mercedes,25.0,2.0,HARD,3.0,84.444,29.375,30.947,24.122,289.0,235.0,262.0,321.0,1,True,True,True,False,2026-07-26 13:38:05.540,6.0,30.2,52.1,25.6,False,0.5,143.0
2026,11,Hungarian Grand Prix,R,ANT,Mercedes,26.0,2.0,HARD,4.0,84.498,29.396,30.785,24.317,288.0,236.0,262.0,321.0,1,True,False,True,False,2026-07-26 13:39:29.984,6.0,30.2,51.8,25.7,False,2.4,83.0
2026,11,Hungarian Grand Prix,R,ANT,Mercedes,27.0,2.0,HARD,5.0,85.295,29.69,31.243,24.362,279.0,232.0,262.0,323.0,1,True,False,True,False,2026-07-26 13:40:54.482,6.0,30.7,52.6,25.0,False,2.5,152.0
2026,11,Hungarian Grand Prix,R,ANT,Mercedes,28.0,2.0,HARD,6.0,84.85,29.48,31.13,24.24,284.0,233.0,263.0,324.0,1,True,False,True,False,2026-07-26 13:42:19.777,6.0,30.7,51.2,24.5,False,2.7,97.0
2026,11,Hungarian Grand Prix,R,ANT,Mercedes,29.0,2.0,HARD,7.0,85.213,29.602,31.342,24.269,284.0,234.0,263.0,324.0,1,True,False,True,False,2026-07-26 13:43:44.627,6.0,30.7,52.5,25.1,False,2.4,161.0
2026,11,Hungarian Grand Prix,R,ANT,Mercedes,30.0,2.0,HARD,8.0,85.261,29.671,31.34,24.25,282.0,234.0,263.0,326.0,1,True,False,True,False,2026-07-26 13:45:09.840,5.0,30.7,50.7,24.5,False,1.7,206.0
2026,11,Hungarian Grand Prix,R,ANT,Mercedes,31.0,2.0,HARD,9.0,85.139,29.688,31.214,24.237,282.0,234.0,263.0,325.0,1,True,False,True,False,2026-07-26 13:46:35.101,5.0,29.8,50.7,24.5,False,1.7,206.0
2026,11,Hungarian Grand Prix,R,ANT,Mercedes,32.0,2.0,HARD,10.0,85.207,29.666,31.165,24.376,285.0,236.0,263.0,325.0,1,True,False,True,False,2026-07-26 13:48:00.240,5.0,30.2,52.5,25.6,False,1.2,124.0
2026,11,Hungarian Grand Prix,R,ANT,Mercedes,33.0,2.0,HARD,11.0,85.548,29.689,31.37,24.489,285.0,234.0,263.0,327.0,1,True,False,True,False,2026-07-26 13:49:25.447,5.0,30.2,50.8,25.0,False,2.8,105.0
2026,11,Hungarian Grand Prix,R,ANT,Mercedes,34.0,2.0,HARD,12.0,86.092,29.741,31.563,24.788,289.0,234.0,265.0,331.0,1,True,False,True,False,2026-07-26 13:50:50.995,4.0,30.3,52.3,26.0,False,1.1,97.0
2026,11,Hungarian Grand Prix,R,ANT,Mercedes,35.0,2.0,HARD,13.0,86.265,29.818,31.856,24.591,286.0,235.0,264.0,337.0,1,True,False,True,False,2026-07-26 13:52:17.087,4.0,30.4,51.3,25.6,False,3.5,109.0
2026,11,Hungarian Grand Prix,R,ANT,Mercedes,36.0,2.0,HARD,14.0,85.849,29.998,31.615,24.236,284.0,235.0,262.0,339.0,1,True,False,True,False,2026-07-26 13:53:43.352,3.0,30.4,52.5,25.3,False,1.6,113.0
2026,11,Hungarian Grand Prix,R,ANT,Mercedes,37.0,2.0,HARD,15.0,84.732,29.535,31.086,24.111,284.0,239.0,263.0,323.0,1,True,False,True,False,2026-07-26 13:55:09.201,3.0,30.2,52.1,25.8,False,2.7,104.0
2026,11,Hungarian Grand Prix,R,ANT,Mercedes,38.0,2.0,HARD,16.0,84.954,29.644,31.096,24.214,287.0,235.0,262.0,323.0,1,True,False,True,False,2026-07-26 13:56:33.933,3.0,30.4,52.0,25.6,False,2.7,108.0
2026,11,Hungarian Grand Prix,R,ANT,Mercedes,39.0,2.0,HARD,17.0,84.937,29.567,31.01,24.36,286.0,233.0,262.0,322.0,12,True,False,True,False,2026-07-26 13:57:58.887,3.0,30.4,51.4,25.0,False,4.7,107.0
2026,11,Hungarian Grand Prix,R,ANT,Mercedes,40.0,2.0,HARD,18.0,84.792,29.579,31.023,24.19,285.0,236.0,262.0,323.0,1,True,False,True,False,2026-07-26 13:59:23.824,2.0,31.0,51.4,25.0,False,4.7,107.0
2026,11,Hungarian Grand Prix,R,ANT,Mercedes,41.0,2.0,HARD,19.0,84.709,29.673000000000002,30.969,24.067,288.0,237.0,263.0,323.0,1,True,False,True,False,2026-07-26 14:00:48.616,1.0,30.4,52.1,25.9,False,2.4,125.0
2026,11,Hungarian Grand Prix,R,ANT,Mercedes,42.0,2.0,HARD,20.0,84.752,29.648,30.832,24.272,292.0,232.0,262.0,322.0,1,True,False,True,False,2026-07-26 14:02:13.325,1.0,30.5,52.7,25.4,False,2.0,120.0
2026,11,Hungarian Grand Prix,R,ANT,Mercedes,43.0,2.0,HARD,21.0,84.815,29.598,31.122,24.095,286.0,237.0,263.0,321.0,1,True,False,True,False,2026-07-26 14:03:38.077,1.0,30.6,52.9,25.5,False,3.2,139.0
2026,11,Hungarian Grand Prix,R,ANT,Mercedes,44.0,2.0,HARD,22.0,84.639,29.576999999999998,30.878,24.184,289.0,237.0,264.0,322.0,1,True,False,True,False,2026-07-26 14:05:02.892,1.0,30.6,52.3,25.2,False,4.3,145.0
2026,11,Hungarian Grand Prix,R,ANT,Mercedes,45.0,2.0,HARD,23.0,84.563,29.523,30.901,24.139,291.0,238.0,264.0,321.0,1,True,False,True,False,2026-07-26 14:06:27.531,1.0,30.7,51.0,25.0,False,2.3,93.0
2026,11,Hungarian Grand Prix,R,ANT,Mercedes,46.0,2.0,HARD,24.0,86.304,30.339,31.527,24.438,283.0,234.0,263.0,322.0,1,True,False,True,False,2026-07-26 14:07:52.094,2.0,30.7,51.7,25.2,False,0.8,128.0
2026,11,Hungarian Grand Prix,R,ANT,Mercedes,47.0,2.0,HARD,25.0,84.835,29.519,31.006,24.31,287.0,235.0,263.0,324.0,1,True,False,True,False,2026-07-26 14:09:18.398,2.0,30.7,52.8,25.5,False,2.0,134.0
2026,11,Hungarian Grand Prix,R,ANT,Mercedes,48.0,2.0,HARD,26.0,84.673,29.596,30.901,24.176,290.0,237.0,264.0,323.0,1,True,False,True,False,2026-07-26 14:10:43.233,2.0,30.7,51.0,25.7,False,3.0,134.0
2026,11,Hungarian Grand Prix,R,ANT,Mercedes,49.0,2.0,HARD,27.0,84.882,29.606,30.96,24.316,290.0,238.0,264.0,324.0,1,True,False,True,False,2026-07-26 14:12:07.906,2.0,30.7,51.1,25.7,False,3.1,128.0
2026,11,Hungarian Grand Prix,R,ANT,Mercedes,50.0,2.0,HARD,28.0,84.837,29.567,30.91,24.36,289.0,236.0,263.0,323.0,12,True,False,True,False,2026-07-26 14:13:32.788,2.0,30.8,50.5,25.9,False,0.5,58.0
2026,11,Hungarian Grand Prix,R,ANT,Mercedes,51.0,2.0,HARD,29.0,84.827,29.548000000000002,30.989,24.29,292.0,238.0,264.0,324.0,1,True,False,True,False,2026-07-26 14:14:57.625,2.0,30.9,51.0,25.4,False,2.8,153.0
2026,11,Hungarian Grand Prix,R,ANT,Mercedes,52.0,2.0,HARD,30.0,84.817,29.515,31.071,24.231,287.0,237.0,265.0,324.0,1,True,False,True,False,2026-07-26 14:16:22.452,2.0,30.8,51.6,25.6,False,1.4,79.0
2026,11,Hungarian Grand Prix,R,ANT,Mercedes,53.0,2.0,HARD,31.0,87.057,29.5,30.951,26.606,290.0,237.0,,324.0,1,True,False,False,False,2026-07-26 14:17:47.269,2.0,30.8,52.5,25.8,False,1.3,123.0
2026,11,Hungarian Grand Prix,R,ANT,Mercedes,54.0,3.0,HARD,1.0,102.02,48.114,30.38,23.526,285.0,244.0,267.0,324.0,1,True,False,False,False,2026-07-26 14:19:14.326,6.0,30.9,52.9,25.8,False,0.6,121.0
2026,11,Hungarian Grand Prix,R,ANT,Mercedes,55.0,3.0,HARD,2.0,82.508,28.946,30.018,23.544,291.0,242.0,268.0,325.0,1,True,True,True,False,2026-07-26 14:20:56.346,6.0,31.1,52.3,25.1,False,3.0,147.0
2026,11,Hungarian Grand Prix,R,ANT,Mercedes,56.0,3.0,HARD,3.0,99.702,29.424,39.715,30.563,232.0,166.0,207.0,327.0,126,True,False,False,False,2026-07-26 14:22:18.854,5.0,31.1,52.3,25.1,False,3.0,147.0
2026,11,Hungarian Grand Prix,R,ANT,Mercedes,57.0,3.0,HARD,4.0,92.221,37.758,30.945,23.518,282.0,244.0,268.0,229.0,671,True,False,False,False,2026-07-26 14:23:58.556,4.0,31.5,51.6,24.6,False,1.8,108.0
2026,11,Hungarian Grand Prix,R,ANT,Mercedes,58.0,3.0,HARD,5.0,82.415,28.806,30.13,23.479,299.0,241.0,268.0,327.0,1,True,True,True,False,2026-07-26 14:25:30.777,3.0,31.1,52.4,24.7,False,1.1,151.0
2026,11,Hungarian Grand Prix,R,ANT,Mercedes,59.0,3.0,HARD,6.0,82.427,28.715,30.118,23.594,301.0,241.0,267.0,324.0,1,True,False,True,False,2026-07-26 14:26:53.192,3.0,31.1,52.1,25.1,False,3.5,156.0
2026,11,Hungarian Grand Prix,R,ANT,Mercedes,60.0,3.0,HARD,7.0,82.679,28.762,30.15,23.767,301.0,242.0,267.0,324.0,1,True,False,True,False,2026-07-26 14:28:15.619,3.0,30.8,52.1,25.1,False,3.5,156.0
2026,11,Hungarian Grand Prix,R,ANT,Mercedes,61.0,3.0,HARD,8.0,82.764,28.849,30.129,23.786,301.0,243.0,268.0,325.0,1,True,False,True,False,2026-07-26 14:29:38.298,3.0,31.3,51.9,25.7,False,3.3,156.0
2026,11,Hungarian Grand Prix,R,ANT,Mercedes,62.0,3.0,HARD,9.0,84.749,29.203,30.703,24.843,291.0,232.0,268.0,329.0,1,True,False,True,False,2026-07-26 14:31:01.062,3.0,31.3,49.6,25.5,False,2.3,115.0
2026,11,Hungarian Grand Prix,R,ANT,Mercedes,63.0,3.0,HARD,10.0,85.064,29.201,31.727,24.136,296.0,235.0,267.0,333.0,1,True,False,True,False,2026-07-26 14:32:25.811,3.0,31.0,49.8,25.9,False,1.6,111.0
2026,11,Hungarian Grand Prix,R,ANT,Mercedes,64.0,3.0,HARD,11.0,83.913,29.209,30.84,23.864,290.0,244.0,269.0,325.0,1,True,False,True,False,2026-07-26 14:33:50.875,3.0,30.9,50.7,26.1,False,2.5,94.0
2026,11,Hungarian Grand Prix,R,ANT,Mercedes,65.0,3.0,HARD,12.0,82.967,29.032,30.125,23.81,291.0,243.0,268.0,341.0,1,True,False,True,False,2026-07-26 14:35:14.788,3.0,30.7,50.6,25.9,False,3.1,107.0
2026,11,Hungarian Grand Prix,R,ANT,Mercedes,66.0,3.0,HARD,13.0,83.062,28.951999999999998,30.341,23.769,295.0,243.0,267.0,327.0,1,True,False,True,False,2026-07-26 14:36:37.755,3.0,30.8,51.3,26.2,False,3.3,132.0
2026,11,Hungarian Grand Prix,R,ANT,Mercedes,67.0,3.0,HARD,14.0,82.941,29.04,30.193,23.708,291.0,244.0,268.0,324.0,1,True,False,True,False,2026-07-26 14:38:00.817,3.0,31.0,50.5,25.6,False,2.0,106.0
2026,11,Hungarian Grand Prix,R,ANT,Mercedes,68.0,3.0,HARD,15.0,83.05,29.024,30.062,23.964,295.0,244.0,266.0,322.0,1,True,False,True,False,2026-07-26 14:39:23.758,3.0,31.1,51.2,25.8,False,3.5,130.0
2026,11,Hungarian Grand Prix,R,ANT,Mercedes,69.0,3.0,HARD,16.0,83.214,29.117,30.141,23.956,296.0,243.0,266.0,325.0,1,True,False,True,False,2026-07-26 14:40:46.808,3.0,31.1,50.3,25.4,False,1.8,116.0
2026,11,Hungarian Grand Prix,R,ANT,Mercedes,70.0,3.0,HARD,17.0,83.472,29.053,30.514,23.905,300.0,239.0,265.0,325.0,1,True,False,True,False,2026-07-26 14:42:10.022,3.0,31.0,51.1,25.9,False,1.3,148.0
2026,11,Hungarian Grand Prix,R,ALO,Aston Martin,1.0,1.0,SOFT,1.0,98.187,,34.71,25.348,235.0,230.0,258.0,280.0,1,True,False,False,False,2026-07-26 13:03:18.361,15.0,30.0,51.3,25.6,False,1.9,145.0
2026,11,Hungarian Grand Prix,R,ALO,Aston Martin,2.0,1.0,SOFT,2.0,88.901,30.385,33.203,25.313,262.0,229.0,256.0,326.0,1,True,True,True,False,2026-07-26 13:04:56.773,15.0,29.8,50.6,25.9,False,2.3,126.0
2026,11,Hungarian Grand Prix,R,ALO,Aston Martin,3.0,1.0,SOFT,3.0,87.883,30.24,32.599,25.044,267.0,230.0,256.0,323.0,1,True,True,True,False,2026-07-26 13:06:25.674,15.0,29.7,49.7,26.2,False,2.1,79.0
2026,11,Hungarian Grand Prix,R,ALO,Aston Martin,4.0,1.0,SOFT,4.0,88.021,30.521,32.288,25.212,275.0,231.0,255.0,326.0,1,True,False,True,False,2026-07-26 13:07:53.557,15.0,29.7,50.3,26.1,False,1.1,116.0
2026,11,Hungarian Grand Prix,R,ALO,Aston Martin,5.0,1.0,SOFT,5.0,89.29,31.278,32.586,25.426,268.0,229.0,254.0,316.0,1,True,False,True,False,2026-07-26 13:09:21.578,16.0,29.6,50.7,26.1,False,1.4,118.0
2026,11,Hungarian Grand Prix,R,ALO,Aston Martin,6.0,1.0,SOFT,6.0,87.262,30.498,31.845,24.919,276.0,232.0,255.0,311.0,1,True,True,True,False,2026-07-26 13:10:50.868,16.0,29.7,52.3,25.8,False,3.9,161.0
2026,11,Hungarian Grand Prix,R,ALO,Aston Martin,7.0,1.0,SOFT,7.0,87.495,30.276,32.036,25.183,275.0,232.0,253.0,321.0,1,True,False,True,False,2026-07-26 13:12:18.130,16.0,29.7,50.6,26.0,False,2.0,138.0
2026,11,Hungarian Grand Prix,R,ALO,Aston Martin,8.0,1.0,SOFT,8.0,87.678,30.339,32.201,25.138,272.0,231.0,255.0,321.0,1,True,False,True,False,2026-07-26 13:13:45.625,16.0,29.8,50.1,25.3,False,0.9,134.0
2026,11,Hungarian Grand Prix,R,ALO,Aston Martin,9.0,1.0,SOFT,9.0,88.149,30.594,32.376,25.179,275.0,230.0,255.0,325.0,1,True,False,True,False,2026-07-26 13:15:13.303,16.0,29.7,49.2,26.4,False,3.7,83.0
2026,11,Hungarian Grand Prix,R,ALO,Aston Martin,10.0,1.0,SOFT,10.0,87.887,30.568,32.278,25.041,275.0,231.0,256.0,323.0,1,True,False,True,False,2026-07-26 13:16:41.452,16.0,29.7,51.5,26.1,False,2.3,119.0
2026,11,Hungarian Grand Prix,R,ALO,Aston Martin,11.0,1.0,SOFT,11.0,88.208,30.564,32.372,25.272,270.0,232.0,254.0,325.0,1,True,False,True,False,2026-07-26 13:18:09.339,16.0,29.9,51.9,26.1,False,2.1,104.0
2026,11,Hungarian Grand Prix,R,ALO,Aston Martin,12.0,1.0,SOFT,12.0,88.216,30.778,32.337,25.101,274.0,232.0,255.0,317.0,1,True,False,True,False,2026-07-26 13:19:37.547,16.0,30.0,52.3,26.1,False,2.6,115.0
2026,11,Hungarian Grand Prix,R,ALO,Aston Martin,13.0,1.0,SOFT,13.0,88.327,30.747,32.508,25.072,276.0,232.0,256.0,323.0,1,True,False,True,False,2026-07-26 13:21:05.763,16.0,30.2,53.2,25.2,False,1.2,153.0
2026,11,Hungarian Grand Prix,R,ALO,Aston Martin,14.0,1.0,SOFT,14.0,88.777,30.65,32.778,25.349,280.0,230.0,257.0,326.0,1,True,False,True,False,2026-07-26 13:22:34.090,16.0,30.2,52.6,25.8,False,3.3,134.0
2026,11,Hungarian Grand Prix,R,ALO,Aston Martin,15.0,1.0,SOFT,15.0,88.534,30.722,32.795,25.017,265.0,231.0,256.0,331.0,1,True,False,True,False,2026-07-26 13:24:02.867,15.0,30.4,51.9,25.0,False,2.9,122.0
2026,11,Hungarian Grand Prix,R,ALO,Aston Martin,16.0,1.0,SOFT,16.0,87.683,30.432,32.248,25.003,275.0,232.0,256.0,321.0,1,True,False,True,False,2026-07-26 13:25:31.401,15.0,30.4,52.0,25.1,False,2.0,100.0
2026,11,Hungarian Grand Prix,R,ALO,Aston Martin,17.0,1.0,SOFT,17.0,87.856,30.45,32.373,25.033,276.0,232.0,254.0,313.0,1,True,False,True,False,2026-07-26 13:26:59.084,13.0,30.4,51.7,25.9,False,2.8,125.0
2026,11,Hungarian Grand Prix,R,ALO,Aston Martin,18.0,1.0,SOFT,18.0,87.186,30.341,32.058,24.787,272.0,233.0,256.0,316.0,1,True,True,True,False,2026-07-26 13:28:26.940,13.0,30.4,52.0,25.8,False,2.7,163.0
2026,11,Hungarian Grand Prix,R,ALO,Aston Martin,19.0,1.0,SOFT,19.0,87.535,30.525,32.076,24.934,273.0,233.0,253.0,309.0,1,True,False,True,False,2026-07-26 13:29:54.126,13.0,30.4,52.4,25.6,False,2.8,144.0
2026,11,Hungarian Grand Prix,R,ALO,Aston Martin,20.0,1.0,SOFT,20.0,87.515,30.407,32.161,24.947,275.0,232.0,254.0,310.0,1,True,False,True,False,2026-07-26 13:31:21.661,12.0,30.5,52.0,25.4,False,2.1,129.0
2026,11,Hungarian Grand Prix,R,ALO,Aston Martin,21.0,1.0,SOFT,21.0,87.559,30.411,32.141,25.007,272.0,233.0,256.0,309.0,1,True,False,True,False,2026-07-26 13:32:49.176,11.0,30.2,52.6,25.2,False,2.7,114.0
2026,11,Hungarian Grand Prix,R,ALO,Aston Martin,22.0,1.0,SOFT,22.0,87.363,30.408,32.092,24.863,274.0,233.0,255.0,310.0,1,True,False,True,False,2026-07-26 13:34:16.735,10.0,30.2,52.0,25.0,False,2.8,107.0
2026,11,Hungarian Grand Prix,R,ALO,Aston Martin,23.0,1.0,SOFT,23.0,87.547,30.346,32.239,24.962,273.0,231.0,255.0,312.0,1,True,False,True,False,2026-07-26 13:35:44.098,10.0,30.2,51.1,25.3,False,2.4,136.0
2026,11,Hungarian Grand Prix,R,ALO,Aston Martin,24.0,1.0,SOFT,24.0,88.587,31.03,32.546,25.011,275.0,233.0,254.0,311.0,1,True,False,True,False,2026-07-26 13:37:11.645,11.0,30.2,52.1,25.6,False,2.4,140.0
2026,11,Hungarian Grand Prix,R,ALO,Aston Martin,25.0,1.0,SOFT,25.0,89.121,31.288,32.693,25.14,274.0,233.0,252.0,299.0,1,True,False,True,False,2026-07-26 13:38:40.232,12.0,30.2,52.1,25.6,False,0.5,143.0
2026,11,Hungarian Grand Prix,R,ALO,Aston Martin,26.0,1.0,SOFT,26.0,89.776,30.846,32.641,26.289,279.0,232.0,257.0,314.0,1,True,False,True,False,2026-07-26 13:40:09.353,14.0,30.4,52.7,26.0,False,3.0,132.0
2026,11,Hungarian Grand Prix,R,ALO,Aston Martin,27.0,1.0,SOFT,27.0,87.963,30.576,32.384,25.003,277.0,232.0,258.0,327.0,1,True,False,True,False,2026-07-26 13:41:39.129,14.0,30.7,52.6,25.0,False,2.5,152.0
2026,11,Hungarian Grand Prix,R,ALO,Aston Martin,28.0,1.0,SOFT,28.0,88.125,30.539,32.308,25.278,276.0,231.0,256.0,315.0,1,True,False,True,False,2026-07-26 13:43:07.092,14.0,30.7,52.5,25.1,False,2.4,161.0
2026,11,Hungarian Grand Prix,R,ALO,Aston Martin,29.0,1.0,SOFT,29.0,88.267,30.553,32.52,25.194,274.0,233.0,255.0,313.0,1,True,False,True,False,2026-07-26 13:44:35.217,14.0,30.8,51.0,24.8,False,4.1,180.0
2026,11,Hungarian Grand Prix,R,ALO,Aston Martin,30.0,1.0,SOFT,30.0,88.182,30.461,32.361,25.36,275.0,233.0,257.0,314.0,1,True,False,True,False,2026-07-26 13:46:03.484,13.0,29.8,50.7,24.5,False,1.7,206.0
2026,11,Hungarian Grand Prix,R,ALO,Aston Martin,31.0,1.0,SOFT,31.0,88.26,30.672,32.403,25.185,274.0,232.0,256.0,312.0,1,True,False,True,False,2026-07-26 13:47:31.666,13.0,30.3,52.2,25.3,False,1.7,105.0
2026,11,Hungarian Grand Prix,R,ALO,Aston Martin,32.0,1.0,SOFT,32.0,88.259,30.63,32.399,25.23,274.0,232.0,254.0,314.0,1,True,False,True,False,2026-07-26 13:48:59.926,13.0,30.2,50.8,25.0,False,2.8,105.0
2026,11,Hungarian Grand Prix,R,ALO,Aston Martin,33.0,1.0,SOFT,33.0,88.984,31.124,32.64,25.22,277.0,231.0,254.0,308.0,1,True,False,True,False,2026-07-26 13:50:28.185,14.0,30.2,51.2,25.1,False,1.4,70.0
2026,11,Hungarian Grand Prix,R,ALO,Aston Martin,34.0,1.0,SOFT,34.0,91.532,30.692,32.77,28.07,274.0,230.0,,314.0,1,True,False,False,False,2026-07-26 13:51:57.169,14.0,30.4,51.3,25.6,False,3.5,109.0
2026,11,Hungarian Grand Prix,R,ALO,Aston Martin,35.0,2.0,MEDIUM,1.0,105.31,49.103,31.679,24.528,274.0,238.0,262.0,314.0,1,True,False,False,False,2026-07-26 13:53:28.701,19.0,30.4,52.5,25.3,False,1.6,113.0
2026,11,Hungarian Grand Prix,R,ALO,Aston Martin,36.0,2.0,MEDIUM,2.0,87.261,30.344,32.042,24.875,275.0,235.0,256.0,333.0,1,True,False,True,False,2026-07-26 13:55:14.011,17.0,30.2,52.1,25.8,False,2.7,104.0
2026,11,Hungarian Grand Prix,R,ALO,Aston Martin,37.0,2.0,MEDIUM,3.0,85.503,29.903,31.465,24.135,272.0,238.0,259.0,328.0,1,True,True,True,False,2026-07-26 13:56:41.272,16.0,30.4,52.0,25.6,False,2.7,108.0
2026,11,Hungarian Grand Prix,R,ALO,Aston Martin,38.0,2.0,MEDIUM,4.0,87.067,29.965,31.696,25.406,273.0,221.0,258.0,311.0,12,True,False,True,False,2026-07-26 13:58:06.775,14.0,30.4,51.4,25.0,False,4.7,107.0
2026,11,Hungarian Grand Prix,R,ALO,Aston Martin,39.0,2.0,MEDIUM,5.0,87.044,30.92,31.679,24.445,269.0,238.0,258.0,319.0,1,True,False,True,False,2026-07-26 13:59:33.842,14.0,31.0,51.4,25.0,False,4.7,107.0
2026,11,Hungarian Grand Prix,R,ALO,Aston Martin,40.0,2.0,MEDIUM,6.0,85.593,29.957,31.353,24.283,279.0,236.0,260.0,318.0,1,True,False,True,False,2026-07-26 14:01:00.886,14.0,30.5,53.1,25.9,False,3.2,131.0
2026,11,Hungarian Grand Prix,R,ALO,Aston Martin,41.0,2.0,MEDIUM,7.0,85.653,29.891,31.172,24.59,279.0,236.0,258.0,319.0,1,True,False,True,False,2026-07-26 14:02:26.479,14.0,30.5,52.7,25.4,False,2.0,120.0
2026,11,Hungarian Grand Prix,R,ALO,Aston Martin,42.0,2.0,MEDIUM,8.0,85.766,29.837,31.431,24.498,278.0,236.0,260.0,318.0,1,True,False,True,False,2026-07-26 14:03:52.132,14.0,30.6,52.7,25.2,False,2.2,120.0
2026,11,Hungarian Grand Prix,R,ALO,Aston Martin,43.0,2.0,MEDIUM,9.0,86.557,30.379,31.64,24.538,276.0,235.0,258.0,315.0,1,True,False,True,False,2026-07-26 14:05:17.898,14.0,30.6,52.3,25.2,False,4.3,145.0
2026,11,Hungarian Grand Prix,R,ALO,Aston Martin,44.0,2.0,MEDIUM,10.0,88.209,31.783,31.921,24.505,247.0,238.0,259.0,308.0,1,True,False,True,False,2026-07-26 14:06:44.455,14.0,30.7,51.0,25.0,False,2.3,93.0
2026,11,Hungarian Grand Prix,R,ALO,Aston Martin,45.0,2.0,MEDIUM,11.0,85.793,29.837,31.487,24.469,278.0,235.0,259.0,318.0,1,True,False,True,False,2026-07-26 14:08:12.664,14.0,30.7,51.7,25.2,False,0.8,128.0
2026,11,Hungarian Grand Prix,R,ALO,Aston Martin,46.0,2.0,MEDIUM,12.0,85.727,29.922,31.33,24.475,276.0,236.0,258.0,316.0,1,True,False,True,False,2026-07-26 14:09:38.457,14.0,30.7,52.8,25.5,False,2.0,134.0
2026,11,Hungarian Grand Prix,R,ALO,Aston Martin,47.0,2.0,MEDIUM,13.0,86.111,29.946,31.429,24.736,276.0,235.0,257.0,315.0,1,True,False,True,False,2026-07-26 14:11:04.184,14.0,30.8,51.4,25.2,False,3.0,175.0
2026,11,Hungarian Grand Prix,R,ALO,Aston Martin,48.0,2.0,MEDIUM,14.0,85.928,30.137,31.231,24.56,277.0,238.0,259.0,315.0,1,True,False,True,False,2026-07-26 14:12:30.295,14.0,30.7,51.1,25.7,False,3.1,128.0
2026,11,Hungarian Grand Prix,R,ALO,Aston Martin,49.0,2.0,MEDIUM,15.0,86.169,30.173,31.377,24.619,275.0,235.0,258.0,316.0,12,True,False,True,False,2026-07-26 14:13:56.223,14.0,30.9,52.4,26.3,False,2.4,153.0
2026,11,Hungarian Grand Prix,R,ALO,Aston Martin,50.0,2.0,MEDIUM,16.0,85.497,29.976,31.12,24.401,276.0,238.0,259.0,313.0,1,True,True,True,False,2026-07-26 14:15:22.392,14.0,30.9,51.0,25.4,False,2.8,153.0
2026,11,Hungarian Grand Prix,R,ALO,Aston Martin,51.0,2.0,MEDIUM,17.0,85.7,29.999,31.165,24.536,277.0,237.0,259.0,315.0,1,True,False,True,False,2026-07-26 14:16:47.889,14.0,30.8,51.6,25.6,False,1.4,79.0
2026,11,Hungarian Grand Prix,R,ALO,Aston Martin,52.0,2.0,MEDIUM,18.0,85.821,29.872,31.251,24.698,276.0,237.0,258.0,317.0,1,True,False,True,False,2026-07-26 14:18:13.589,14.0,30.9,51.4,25.4,False,1.4,101.0
2026,11,Hungarian Grand Prix,R,ALO,Aston Martin,53.0,2.0,MEDIUM,19.0,86.144,30.169,31.296,24.679,274.0,236.0,259.0,316.0,1,True,False,True,False,2026-07-26 14:19:39.410,14.0,30.9,52.9,25.8,False,0.6,121.0
2026,11,Hungarian Grand Prix,R,ALO,Aston Martin,54.0,2.0,MEDIUM,20.0,86.405,30.037,31.514,24.854,273.0,232.0,259.0,317.0,1,True,False,True,False,2026-07-26 14:21:05.554,14.0,31.1,52.3,25.1,False,3.0,147.0
2026,11,Hungarian Grand Prix,R,ALO,Aston Martin,55.0,2.0,MEDIUM,21.0,105.78,33.216,40.812,31.752,192.0,205.0,,317.0,1267,True,False,False,False,2026-07-26 14:22:31.959,15.0,31.1,52.3,25.1,False,3.0,147.0
2026,11,Hungarian Grand Prix,R,ALO,Aston Martin,56.0,3.0,SOFT,4.0,104.109,49.075,30.946,24.088,273.0,235.0,261.0,317.0,71,False,False,False,False,2026-07-26 14:24:17.739,15.0,31.5,51.6,24.6,False,1.8,108.0
2026,11,Hungarian Grand Prix,R,ALO,Aston Martin,57.0,3.0,SOFT,5.0,83.679,29.218,30.653,23.808,276.0,234.0,262.0,316.0,1,False,True,True,False,2026-07-26 14:26:01.848,15.0,30.9,52.4,24.7,False,1.1,151.0
2026,11,Hungarian Grand Prix,R,ALO,Aston Martin,58.0,3.0,SOFT,6.0,83.711,29.368,30.437,23.906,281.0,242.0,263.0,316.0,1,False,False,True,False,2026-07-26 14:27:25.527,15.0,31.1,52.1,25.1,False,3.5,156.0
2026,11,Hungarian Grand Prix,R,ALO,Aston Martin,59.0,3.0,SOFT,7.0,84.748,29.398,31.362,23.988,282.0,241.0,265.0,320.0,1,False,False,True,False,2026-07-26 14:28:49.238,15.0,31.3,51.9,25.7,False,3.3,156.0
2026,11,Hungarian Grand Prix,R,ALO,Aston Martin,60.0,3.0,SOFT,8.0,84.079,29.414,30.579,24.086,279.0,241.0,260.0,334.0,1,False,False,True,False,2026-07-26 14:30:13.986,14.0,31.1,51.9,25.7,False,3.3,156.0
2026,11,Hungarian Grand Prix,R,ALO,Aston Martin,61.0,3.0,SOFT,9.0,84.456,29.655,30.638,24.163,277.0,243.0,259.0,316.0,1,False,False,True,False,2026-07-26 14:31:38.065,14.0,31.3,49.6,25.5,False,2.3,115.0
2026,11,Hungarian Grand Prix,R,ALO,Aston Martin,62.0,3.0,SOFT,10.0,85.047,29.597,30.828,24.622,276.0,240.0,258.0,316.0,1,False,False,True,False,2026-07-26 14:33:02.521,14.0,31.0,50.7,26.1,False,1.7,115.0
2026,11,Hungarian Grand Prix,R,ALO,Aston Martin,63.0,3.0,SOFT,11.0,86.2,31.164,30.984,24.052,293.0,242.0,260.0,279.0,1,False,False,True,False,2026-07-26 14:34:27.568,14.0,30.9,50.7,26.1,False,2.5,94.0
2026,11,Hungarian Grand Prix,R,ALO,Aston Martin,64.0,3.0,SOFT,12.0,84.033,29.542,30.476,24.015,279.0,243.0,261.0,318.0,1,False,False,True,False,2026-07-26 14:35:53.768,14.0,30.8,51.3,26.2,False,3.3,132.0
2026,11,Hungarian Grand Prix,R,ALO,Aston Martin,65.0,3.0,SOFT,13.0,84.682,29.766,30.853,24.063,279.0,241.0,262.0,317.0,1,False,False,True,False,2026-07-26 14:37:17.801,14.0,30.9,50.0,25.6,False,3.7,109.0
2026,11,Hungarian Grand Prix,R,ALO,Aston Martin,66.0,3.0,SOFT,14.0,84.289,29.557,30.528,24.204,280.0,243.0,261.0,316.0,1,False,False,True,False,2026-07-26 14:38:42.483,14.0,31.0,50.5,25.6,False,2.0,106.0
2026,11,Hungarian Grand Prix,R,ALO,Aston Martin,67.0,3.0,SOFT,15.0,84.684,29.754,30.635,24.295,280.0,244.0,262.0,316.0,1,False,False,True,False,2026-07-26 14:40:06.772,14.0,31.1,50.3,25.4,False,1.8,116.0
2026,11,Hungarian Grand Prix,R,ALO,Aston Martin,68.0,3.0,SOFT,16.0,84.649,29.694,30.691,24.264,280.0,242.0,262.0,318.0,1,False,False,True,False,2026-07-26 14:41:31.456,14.0,31.5,50.3,25.4,False,1.8,116.0
2026,11,Hungarian Grand Prix,R,ALO,Aston Martin,69.0,3.0,SOFT,17.0,84.713,29.607,30.7,24.406,288.0,240.0,260.0,320.0,1,False,False,True,False,2026-07-26 14:42:56.105,14.0,31.2,51.1,25.2,False,0.6,128.0
2026,11,Hungarian Grand Prix,R,LEC,Ferrari,1.0,1.0,SOFT,4.0,93.063,,33.183,24.397,262.0,235.0,260.0,257.0,1,False,False,False,False,2026-07-26 13:03:18.361,5.0,30.0,51.3,25.6,False,1.9,145.0
2026,11,Hungarian Grand Prix,R,LEC,Ferrari,2.0,1.0,SOFT,5.0,85.916,29.765,31.729,24.422,290.0,238.0,258.0,330.0,1,False,True,True,False,2026-07-26 13:04:51.649,5.0,29.8,50.6,25.9,False,2.3,126.0
2026,11,Hungarian Grand Prix,R,LEC,Ferrari,3.0,1.0,SOFT,6.0,85.679,29.677,31.544,24.458,291.0,237.0,259.0,329.0,1,False,True,True,False,2026-07-26 13:06:17.565,5.0,29.7,49.7,26.2,False,2.1,79.0
2026,11,Hungarian Grand Prix,R,LEC,Ferrari,4.0,1.0,SOFT,7.0,85.701,29.584,31.537,24.58,280.0,234.0,257.0,332.0,1,False,False,True,False,2026-07-26 13:07:43.244,5.0,29.8,48.6,25.8,False,3.1,149.0
2026,11,Hungarian Grand Prix,R,LEC,Ferrari,5.0,1.0,SOFT,8.0,85.811,29.812,31.397,24.602,285.0,237.0,255.0,331.0,1,False,False,True,False,2026-07-26 13:09:08.945,5.0,29.6,50.7,26.1,False,1.4,118.0
2026,11,Hungarian Grand Prix,R,LEC,Ferrari,6.0,1.0,SOFT,9.0,85.434,29.658,31.342,24.434,292.0,238.0,255.0,327.0,1,False,True,True,False,2026-07-26 13:10:34.756,5.0,29.7,50.4,25.6,False,3.2,110.0
2026,11,Hungarian Grand Prix,R,LEC,Ferrari,7.0,1.0,SOFT,10.0,85.468,29.696,31.305,24.467,282.0,238.0,255.0,329.0,1,False,False,True,False,2026-07-26 13:12:00.190,5.0,29.7,50.6,26.0,False,2.0,138.0
2026,11,Hungarian Grand Prix,R,LEC,Ferrari,8.0,1.0,SOFT,11.0,85.435,29.806,31.123,24.506,293.0,239.0,255.0,326.0,1,False,False,True,False,2026-07-26 13:13:25.658,5.0,29.8,50.1,25.3,False,0.9,134.0
2026,11,Hungarian Grand Prix,R,LEC,Ferrari,9.0,1.0,SOFT,12.0,85.532,29.749,31.209,24.574,293.0,240.0,255.0,320.0,1,False,False,True,False,2026-07-26 13:14:51.093,5.0,29.7,49.2,26.4,False,3.7,83.0
2026,11,Hungarian Grand Prix,R,LEC,Ferrari,10.0,1.0,SOFT,13.0,85.797,29.927,31.142,24.728,294.0,236.0,255.0,327.0,1,False,False,True,False,2026-07-26 13:16:16.625,5.0,29.7,51.5,26.1,False,2.3,119.0
2026,11,Hungarian Grand Prix,R,LEC,Ferrari,11.0,1.0,SOFT,14.0,85.824,29.829,31.226,24.769,293.0,239.0,256.0,326.0,1,False,False,True,False,2026-07-26 13:17:42.422,5.0,29.8,51.6,25.7,False,0.8,116.0
2026,11,Hungarian Grand Prix,R,LEC,Ferrari,12.0,1.0,SOFT,15.0,86.055,29.88,31.502,24.673000000000002,289.0,240.0,253.0,320.0,1,False,False,True,False,2026-07-26 13:19:08.246,5.0,30.0,52.3,26.1,False,2.6,115.0
2026,11,Hungarian Grand Prix,R,LEC,Ferrari,13.0,1.0,SOFT,16.0,86.069,29.981,31.42,24.668,290.0,239.0,251.0,318.0,1,False,False,True,False,2026-07-26 13:20:34.301,4.0,30.1,53.1,26.1,False,1.9,119.0
2026,11,Hungarian Grand Prix,R,LEC,Ferrari,14.0,1.0,SOFT,17.0,86.049,29.985,31.298,24.766,290.0,238.0,254.0,316.0,1,False,False,True,False,2026-07-26 13:22:00.370,3.0,30.2,52.6,25.8,False,3.3,134.0
2026,11,Hungarian Grand Prix,R,LEC,Ferrari,15.0,1.0,SOFT,18.0,86.066,30.078,31.382,24.606,289.0,239.0,253.0,315.0,1,False,False,True,False,2026-07-26 13:23:26.419,3.0,30.4,51.5,24.9,False,4.4,157.0
2026,11,Hungarian Grand Prix,R,LEC,Ferrari,16.0,1.0,SOFT,19.0,88.909,29.995,31.461,27.453,286.0,235.0,,315.0,1,False,False,False,False,2026-07-26 13:24:52.485,4.0,30.4,52.0,25.1,False,2.0,100.0
2026,11,Hungarian Grand Prix,R,LEC,Ferrari,17.0,2.0,HARD,1.0,104.646,48.793,31.172,24.681,297.0,241.0,261.0,315.0,1,True,False,False,False,2026-07-26 13:26:21.394,7.0,30.4,50.5,25.2,False,4.3,102.0
2026,11,Hungarian Grand Prix,R,LEC,Ferrari,18.0,2.0,HARD,2.0,84.536,29.512,30.664,24.36,291.0,238.0,257.0,322.0,1,True,True,True,False,2026-07-26 13:28:06.040,7.0,30.4,52.0,25.8,False,2.7,163.0
2026,11,Hungarian Grand Prix,R,LEC,Ferrari,19.0,2.0,HARD,3.0,84.876,29.663,31.029,24.184,287.0,238.0,258.0,317.0,1,True,False,True,False,2026-07-26 13:29:30.576,6.0,30.4,52.0,25.5,False,2.9,128.0
2026,11,Hungarian Grand Prix,R,LEC,Ferrari,20.0,2.0,HARD,4.0,85.034,29.541,31.115,24.378,290.0,241.0,257.0,318.0,1,True,False,True,False,2026-07-26 13:30:55.452,6.0,30.5,52.0,25.4,False,2.1,129.0
2026,11,Hungarian Grand Prix,R,LEC,Ferrari,21.0,2.0,HARD,5.0,84.871,29.51,31.075,24.286,289.0,238.0,257.0,318.0,1,True,False,True,False,2026-07-26 13:32:20.486,6.0,30.3,52.5,25.2,False,3.7,109.0
2026,11,Hungarian Grand Prix,R,LEC,Ferrari,22.0,2.0,HARD,6.0,84.869,29.58,30.986,24.303,289.0,240.0,258.0,319.0,1,True,False,True,False,2026-07-26 13:33:45.357,6.0,30.2,52.6,25.2,False,2.7,114.0
2026,11,Hungarian Grand Prix,R,LEC,Ferrari,23.0,2.0,HARD,7.0,84.944,29.67,30.928,24.346,291.0,240.0,257.0,320.0,1,True,False,True,False,2026-07-26 13:35:10.226,5.0,30.2,51.1,25.3,False,2.4,136.0
2026,11,Hungarian Grand Prix,R,LEC,Ferrari,24.0,2.0,HARD,8.0,84.989,29.656,30.998,24.335,293.0,239.0,257.0,321.0,1,True,False,True,False,2026-07-26 13:36:35.170,5.0,30.2,44.2,25.8,False,2.0,100.0
2026,11,Hungarian Grand Prix,R,LEC,Ferrari,25.0,2.0,HARD,9.0,85.074,29.62,31.108,24.346,292.0,242.0,257.0,328.0,1,True,False,True,False,2026-07-26 13:38:00.159,5.0,30.2,52.1,25.6,False,0.5,143.0
2026,11,Hungarian Grand Prix,R,LEC,Ferrari,26.0,2.0,HARD,10.0,85.75,29.749,31.374,24.627,293.0,237.0,257.0,328.0,1,True,False,True,False,2026-07-26 13:39:25.233,5.0,30.2,51.8,25.7,False,2.4,83.0
2026,11,Hungarian Grand Prix,R,LEC,Ferrari,27.0,2.0,HARD,11.0,85.974,29.962,31.413,24.599,292.0,237.0,258.0,322.0,1,True,False,True,False,2026-07-26 13:40:50.983,5.0,30.7,52.6,25.0,False,2.5,152.0
2026,11,Hungarian Grand Prix,R,LEC,Ferrari,28.0,2.0,HARD,12.0,85.156,29.678,31.093,24.385,293.0,241.0,258.0,323.0,1,True,False,True,False,2026-07-26 13:42:16.957,5.0,30.7,51.2,24.5,False,2.7,97.0
2026,11,Hungarian Grand Prix,R,LEC,Ferrari,29.0,2.0,HARD,13.0,85.633,29.779,31.285,24.569,295.0,240.0,258.0,330.0,1,True,False,True,False,2026-07-26 13:43:42.113,5.0,30.7,52.5,25.1,False,2.4,161.0
2026,11,Hungarian Grand Prix,R,LEC,Ferrari,30.0,2.0,HARD,14.0,85.781,29.914,31.229,24.638,292.0,242.0,257.0,331.0,1,True,False,True,False,2026-07-26 13:45:07.746,4.0,30.7,50.7,24.5,False,1.7,206.0
2026,11,Hungarian Grand Prix,R,LEC,Ferrari,31.0,2.0,HARD,15.0,85.357,29.833,30.963,24.561,290.0,244.0,257.0,324.0,1,True,False,True,False,2026-07-26 13:46:33.527,4.0,29.8,50.7,24.5,False,1.7,206.0
2026,11,Hungarian Grand Prix,R,LEC,Ferrari,32.0,2.0,HARD,16.0,85.531,29.95,30.869,24.712,290.0,242.0,256.0,318.0,1,True,False,True,False,2026-07-26 13:47:58.884,4.0,30.2,52.5,25.6,False,1.2,124.0
2026,11,Hungarian Grand Prix,R,LEC,Ferrari,33.0,2.0,HARD,17.0,85.782,30.026,31.148,24.608,289.0,242.0,257.0,319.0,1,True,False,True,False,2026-07-26 13:49:24.415,4.0,30.2,50.8,25.0,False,2.8,105.0
2026,11,Hungarian Grand Prix,R,LEC,Ferrari,34.0,2.0,HARD,18.0,86.27,29.931,31.554,24.785,293.0,237.0,256.0,321.0,1,True,False,True,False,2026-07-26 13:50:50.197,3.0,30.3,52.3,26.0,False,1.1,97.0
2026,11,Hungarian Grand Prix,R,LEC,Ferrari,35.0,2.0,HARD,19.0,86.394,29.963,31.697,24.734,295.0,239.0,257.0,322.0,1,True,False,True,False,2026-07-26 13:52:16.467,3.0,30.4,51.3,25.6,False,3.5,109.0
2026,11,Hungarian Grand Prix,R,LEC,Ferrari,36.0,2.0,HARD,20.0,88.451,30.031,31.317,27.103,287.0,239.0,,320.0,1,True,False,False,False,2026-07-26 13:53:42.861,4.0,30.4,52.5,25.3,False,1.6,113.0
2026,11,Hungarian Grand Prix,R,LEC,Ferrari,37.0,3.0,HARD,1.0,104.285,48.385,31.622,24.278,294.0,243.0,260.0,320.0,1,True,False,False,False,2026-07-26 13:55:11.312,7.0,30.2,52.1,25.8,False,2.7,104.0
2026,11,Hungarian Grand Prix,R,LEC,Ferrari,38.0,3.0,HARD,2.0,84.77,29.513,30.806,24.451,281.0,241.0,261.0,334.0,1,True,False,True,False,2026-07-26 13:56:55.597,6.0,30.4,52.8,25.2,False,4.7,118.0
2026,11,Hungarian Grand Prix,R,LEC,Ferrari,39.0,3.0,HARD,3.0,84.108,29.575,30.451,24.082,290.0,242.0,256.0,326.0,12,True,True,True,False,2026-07-26 13:58:20.367,6.0,30.4,51.4,25.0,False,4.7,107.0
2026,11,Hungarian Grand Prix,R,LEC,Ferrari,40.0,3.0,HARD,4.0,84.198,29.385,30.365,24.448,293.0,241.0,260.0,320.0,1,True,False,True,False,2026-07-26 13:59:44.475,6.0,31.0,51.4,25.0,False,4.7,107.0
2026,11,Hungarian Grand Prix,R,LEC,Ferrari,41.0,3.0,HARD,5.0,83.789,29.174,30.517,24.098,293.0,240.0,260.0,334.0,1,True,True,True,False,2026-07-26 14:01:08.673,6.0,30.5,53.1,25.9,False,3.2,131.0
2026,11,Hungarian Grand Prix,R,LEC,Ferrari,42.0,3.0,HARD,6.0,85.41,29.784,31.247,24.379,289.0,240.0,260.0,322.0,1,True,False,True,False,2026-07-26 14:02:32.462,6.0,30.5,52.7,25.4,False,2.0,120.0
2026,11,Hungarian Grand Prix,R,LEC,Ferrari,43.0,3.0,HARD,7.0,84.266,29.296,30.812,24.158,289.0,243.0,260.0,332.0,1,True,False,True,False,2026-07-26 14:03:57.872,6.0,30.6,52.7,25.2,False,2.2,120.0
2026,11,Hungarian Grand Prix,R,LEC,Ferrari,44.0,3.0,HARD,8.0,84.421,29.351,30.931,24.139,296.0,239.0,260.0,330.0,1,True,False,True,False,2026-07-26 14:05:22.138,6.0,30.6,52.3,25.2,False,4.3,145.0
2026,11,Hungarian Grand Prix,R,LEC,Ferrari,45.0,3.0,HARD,9.0,84.141,29.473,30.533,24.135,294.0,242.0,260.0,332.0,1,True,False,True,False,2026-07-26 14:06:46.559,6.0,30.7,51.0,25.0,False,2.3,93.0
2026,11,Hungarian Grand Prix,R,LEC,Ferrari,46.0,3.0,HARD,10.0,84.611,29.358,30.953,24.3,295.0,239.0,258.0,332.0,1,True,False,True,False,2026-07-26 14:08:10.700,6.0,30.7,51.7,25.2,False,0.8,128.0
2026,11,Hungarian Grand Prix,R,LEC,Ferrari,47.0,3.0,HARD,11.0,84.174,29.337,30.559,24.278,294.0,244.0,259.0,323.0,1,True,False,True,False,2026-07-26 14:09:35.311,6.0,30.7,52.8,25.5,False,2.0,134.0
2026,11,Hungarian Grand Prix,R,LEC,Ferrari,48.0,3.0,HARD,12.0,84.95,29.604,30.959,24.387,295.0,241.0,257.0,322.0,1,True,False,True,False,2026-07-26 14:10:59.485,6.0,30.8,51.4,25.2,False,3.0,175.0
2026,11,Hungarian Grand Prix,R,LEC,Ferrari,49.0,3.0,HARD,13.0,84.92,29.676,30.735,24.509,291.0,246.0,257.0,320.0,1,True,False,True,False,2026-07-26 14:12:24.435,6.0,30.7,51.1,25.7,False,3.1,128.0
2026,11,Hungarian Grand Prix,R,LEC,Ferrari,50.0,3.0,HARD,14.0,84.662,29.697,30.58,24.385,293.0,242.0,258.0,320.0,12,True,False,True,False,2026-07-26 14:13:49.355,6.0,30.9,52.4,26.3,False,2.4,153.0
2026,11,Hungarian Grand Prix,R,LEC,Ferrari,51.0,3.0,HARD,15.0,84.365,29.561,30.535,24.269,292.0,245.0,260.0,319.0,1,True,False,True,False,2026-07-26 14:15:14.017,6.0,30.9,51.0,25.4,False,2.8,153.0
2026,11,Hungarian Grand Prix,R,LEC,Ferrari,52.0,3.0,HARD,16.0,84.693,29.679,30.535,24.479,294.0,243.0,258.0,320.0,1,True,False,True,False,2026-07-26 14:16:38.382,6.0,30.8,51.6,25.6,False,1.4,79.0
2026,11,Hungarian Grand Prix,R,LEC,Ferrari,53.0,3.0,HARD,17.0,84.873,29.559,30.624,24.69,293.0,243.0,259.0,320.0,1,True,False,True,False,2026-07-26 14:18:03.075,6.0,30.9,51.4,25.4,False,1.4,101.0
2026,11,Hungarian Grand Prix,R,LEC,Ferrari,54.0,3.0,HARD,18.0,84.648,29.585,30.428,24.635,294.0,245.0,258.0,320.0,1,True,False,True,False,2026-07-26 14:19:27.948,5.0,30.9,52.9,25.8,False,0.6,121.0
2026,11,Hungarian Grand Prix,R,LEC,Ferrari,55.0,3.0,HARD,19.0,84.738,29.729,30.697,24.312,293.0,244.0,261.0,320.0,1,True,False,True,False,2026-07-26 14:20:52.596,5.0,31.1,52.3,25.1,False,3.0,147.0
2026,11,Hungarian Grand Prix,R,LEC,Ferrari,56.0,3.0,HARD,20.0,100.087,29.95,39.116,31.021,281.0,191.0,,321.0,126,True,False,False,False,2026-07-26 14:22:17.334,4.0,31.1,52.3,25.1,False,3.0,147.0
2026,11,Hungarian Grand Prix,R,LEC,Ferrari,57.0,4.0,SOFT,4.0,102.194,48.739,30.071,23.384,299.0,247.0,264.0,321.0,671,False,False,False,False,2026-07-26 14:23:57.421,5.0,31.5,51.6,24.6,False,1.8,108.0
2026,11,Hungarian Grand Prix,R,LEC,Ferrari,58.0,4.0,SOFT,5.0,82.0,28.807,29.754,23.439,292.0,249.0,265.0,320.0,1,False,True,True,False,2026-07-26 14:25:39.615,5.0,31.1,52.4,24.7,False,1.1,151.0
2026,11,Hungarian Grand Prix,R,LEC,Ferrari,59.0,4.0,SOFT,6.0,82.383,28.957,29.682,23.744,293.0,249.0,262.0,320.0,1,False,False,True,False,2026-07-26 14:27:01.615,5.0,31.1,52.1,25.1,False,3.5,156.0
2026,11,Hungarian Grand Prix,R,LEC,Ferrari,60.0,4.0,SOFT,7.0,82.34,28.94,29.648,23.752,294.0,250.0,262.0,321.0,1,False,False,True,False,2026-07-26 14:28:23.998,5.0,30.8,52.1,25.1,False,3.5,156.0
2026,11,Hungarian Grand Prix,R,LEC,Ferrari,61.0,4.0,SOFT,8.0,82.318,28.887,29.621,23.81,294.0,250.0,261.0,321.0,1,False,False,True,False,2026-07-26 14:29:46.338,5.0,31.3,51.9,25.7,False,3.3,156.0
2026,11,Hungarian Grand Prix,R,LEC,Ferrari,62.0,4.0,SOFT,9.0,82.661,28.838,29.816,24.007,296.0,250.0,261.0,321.0,1,False,False,True,False,2026-07-26 14:31:08.656,5.0,31.3,49.6,25.5,False,2.3,115.0
2026,11,Hungarian Grand Prix,R,LEC,Ferrari,63.0,4.0,SOFT,10.0,84.106,29.432,30.131,24.543,293.0,247.0,264.0,322.0,1,False,False,True,False,2026-07-26 14:32:31.317,5.0,31.0,49.8,25.9,False,1.6,111.0
2026,11,Hungarian Grand Prix,R,LEC,Ferrari,64.0,4.0,SOFT,11.0,84.57,29.249,31.091,24.23,298.0,247.0,264.0,325.0,1,False,False,True,False,2026-07-26 14:33:55.423,5.0,30.9,50.7,26.1,False,2.5,94.0
2026,11,Hungarian Grand Prix,R,LEC,Ferrari,65.0,4.0,SOFT,12.0,83.363,29.249,30.238,23.876,298.0,250.0,262.0,336.0,1,False,False,True,False,2026-07-26 14:35:19.993,5.0,30.7,50.6,25.9,False,3.1,107.0
2026,11,Hungarian Grand Prix,R,LEC,Ferrari,66.0,4.0,SOFT,13.0,82.927,28.956,30.204,23.767,299.0,247.0,264.0,323.0,1,False,False,True,False,2026-07-26 14:36:43.356,5.0,30.8,51.3,26.2,False,3.3,132.0
2026,11,Hungarian Grand Prix,R,LEC,Ferrari,67.0,4.0,SOFT,14.0,83.295,29.176,30.073,24.046,301.0,249.0,262.0,326.0,1,False,False,True,False,2026-07-26 14:38:06.283,5.0,31.0,50.5,25.6,False,2.0,106.0
2026,11,Hungarian Grand Prix,R,LEC,Ferrari,68.0,4.0,SOFT,15.0,82.927,29.163,29.953,23.811,299.0,249.0,262.0,323.0,1,False,False,True,False,2026-07-26 14:39:29.578,5.0,31.1,51.2,25.8,False,3.5,130.0
2026,11,Hungarian Grand Prix,R,LEC,Ferrari,69.0,4.0,SOFT,16.0,83.003,29.011,29.777,24.215,299.0,249.0,262.0,322.0,1,False,False,True,False,2026-07-26 14:40:52.505,5.0,31.5,50.3,25.4,False,1.8,116.0
2026,11,Hungarian Grand Prix,R,LEC,Ferrari,70.0,4.0,SOFT,17.0,83.098,29.124,29.949,24.025,296.0,247.0,261.0,323.0,1,False,False,True,False,2026-07-26 14:42:15.508,5.0,31.0,51.1,25.9,False,1.3,148.0
2026,11,Hungarian Grand Prix,R,STR,Aston Martin,1.0,1.0,SOFT,1.0,100.293,,35.246,25.882,235.0,231.0,235.0,292.0,1,True,False,False,False,2026-07-26 13:03:18.361,20.0,30.0,51.3,25.6,False,1.9,145.0
2026,11,Hungarian Grand Prix,R,STR,Aston Martin,2.0,1.0,SOFT,2.0,90.751,31.038,33.845,25.868,236.0,208.0,258.0,324.0,1,True,True,True,False,2026-07-26 13:04:58.879,21.0,29.8,50.6,25.9,False,2.3,126.0
2026,11,Hungarian Grand Prix,R,STR,Aston Martin,3.0,1.0,SOFT,3.0,87.739,30.102,32.552,25.085,261.0,228.0,257.0,332.0,1,True,True,True,False,2026-07-26 13:06:29.630,20.0,29.7,49.7,26.2,False,2.1,79.0
2026,11,Hungarian Grand Prix,R,STR,Aston Martin,4.0,1.0,SOFT,4.0,88.366,30.615,32.476,25.275,262.0,229.0,256.0,330.0,1,True,False,True,False,2026-07-26 13:07:57.369,20.0,29.7,50.3,26.1,False,1.1,116.0
2026,11,Hungarian Grand Prix,R,STR,Aston Martin,5.0,1.0,SOFT,5.0,87.685,30.246,32.277,25.162,252.0,228.0,256.0,332.0,1,True,True,True,False,2026-07-26 13:09:25.735,19.0,29.6,50.7,26.1,False,1.4,118.0
2026,11,Hungarian Grand Prix,R,STR,Aston Martin,6.0,1.0,SOFT,6.0,88.365,30.575,32.612,25.178,266.0,227.0,256.0,325.0,1,True,False,True,False,2026-07-26 13:10:53.420,19.0,29.7,52.3,25.8,False,3.9,161.0
2026,11,Hungarian Grand Prix,R,STR,Aston Martin,7.0,1.0,SOFT,7.0,88.362,30.76,32.539,25.063,260.0,229.0,258.0,326.0,1,True,False,True,False,2026-07-26 13:12:21.785,19.0,29.7,50.6,26.0,False,2.0,138.0
2026,11,Hungarian Grand Prix,R,STR,Aston Martin,8.0,1.0,SOFT,8.0,91.065,30.653,32.381,28.031,272.0,232.0,,323.0,1,True,False,False,False,2026-07-26 13:13:50.147,20.0,29.8,51.4,25.7,False,2.0,162.0
2026,11,Hungarian Grand Prix,R,STR,Aston Martin,9.0,2.0,MEDIUM,1.0,104.057,48.639,31.227,24.191,269.0,234.0,255.0,323.0,1,True,False,False,False,2026-07-26 13:15:21.212,22.0,29.7,49.2,26.4,False,3.7,83.0
2026,11,Hungarian Grand Prix,R,STR,Aston Martin,10.0,2.0,MEDIUM,2.0,86.397,30.228,31.518,24.651,269.0,229.0,252.0,313.0,1,True,True,True,False,2026-07-26 13:17:05.269,22.0,29.8,51.6,25.7,False,0.8,116.0
2026,11,Hungarian Grand Prix,R,STR,Aston Martin,11.0,2.0,MEDIUM,3.0,87.235,30.63,31.889,24.716,265.0,226.0,254.0,311.0,1,True,False,True,False,2026-07-26 13:18:31.666,22.0,29.9,51.9,26.1,False,2.1,104.0
2026,11,Hungarian Grand Prix,R,STR,Aston Martin,12.0,2.0,MEDIUM,4.0,87.803,30.596,32.2,25.007,260.0,227.0,253.0,312.0,1,True,False,True,False,2026-07-26 13:19:58.901,22.0,30.1,53.1,26.1,False,1.9,119.0
2026,11,Hungarian Grand Prix,R,STR,Aston Martin,13.0,2.0,MEDIUM,5.0,87.528,30.512,32.128,24.888,268.0,226.0,253.0,313.0,1,True,False,True,False,2026-07-26 13:21:26.704,22.0,30.2,53.2,25.2,False,1.2,153.0
2026,11,Hungarian Grand Prix,R,STR,Aston Martin,14.0,2.0,MEDIUM,6.0,88.174,30.688,32.337,25.149,266.0,228.0,250.0,314.0,1,True,False,True,False,2026-07-26 13:22:54.232,21.0,30.4,51.5,24.9,False,4.4,157.0
2026,11,Hungarian Grand Prix,R,STR,Aston Martin,15.0,2.0,MEDIUM,7.0,88.619,30.779,32.613,25.227,269.0,229.0,257.0,315.0,1,True,False,True,False,2026-07-26 13:24:22.406,21.0,30.4,51.9,25.0,False,2.9,122.0
2026,11,Hungarian Grand Prix,R,STR,Aston Martin,16.0,2.0,MEDIUM,8.0,87.72,30.877,31.971,24.872,269.0,230.0,254.0,318.0,1,True,False,True,False,2026-07-26 13:25:51.025,19.0,30.4,50.5,25.2,False,4.3,102.0
2026,11,Hungarian Grand Prix,R,STR,Aston Martin,17.0,2.0,MEDIUM,9.0,86.999,30.414,31.72,24.865,270.0,231.0,255.0,312.0,1,True,False,True,False,2026-07-26 13:27:18.745,19.0,30.4,51.7,25.9,False,2.8,125.0
2026,11,Hungarian Grand Prix,R,STR,Aston Martin,18.0,2.0,MEDIUM,10.0,86.951,30.398,31.816,24.737,270.0,232.0,255.0,313.0,1,True,False,True,False,2026-07-26 13:28:45.744,18.0,30.4,52.0,25.8,False,2.7,163.0
2026,11,Hungarian Grand Prix,R,STR,Aston Martin,19.0,2.0,MEDIUM,11.0,87.229,30.45,31.908,24.871,268.0,231.0,253.0,313.0,1,True,False,True,False,2026-07-26 13:30:12.695,17.0,30.4,52.4,25.6,False,2.8,144.0
2026,11,Hungarian Grand Prix,R,STR,Aston Martin,20.0,2.0,MEDIUM,12.0,87.3,30.466,31.976,24.858,270.0,231.0,256.0,313.0,1,True,False,True,False,2026-07-26 13:31:39.924,17.0,30.5,52.0,25.4,False,2.1,129.0
2026,11,Hungarian Grand Prix,R,STR,Aston Martin,21.0,2.0,MEDIUM,13.0,87.556,30.576,32.037,24.943,269.0,233.0,256.0,313.0,1,True,False,True,False,2026-07-26 13:33:07.224,17.0,30.2,52.6,25.2,False,2.7,114.0
2026,11,Hungarian Grand Prix,R,STR,Aston Martin,22.0,2.0,MEDIUM,14.0,87.15,30.505,31.928,24.717,271.0,229.0,258.0,316.0,1,True,False,True,False,2026-07-26 13:34:34.780,17.0,30.2,52.0,25.0,False,2.8,107.0
2026,11,Hungarian Grand Prix,R,STR,Aston Martin,23.0,2.0,MEDIUM,15.0,88.019,30.37,32.588,25.061,273.0,228.0,258.0,318.0,1,True,False,True,False,2026-07-26 13:36:01.930,16.0,30.2,44.2,25.8,False,2.0,100.0
2026,11,Hungarian Grand Prix,R,STR,Aston Martin,24.0,2.0,MEDIUM,16.0,88.086,30.464,32.577,25.045,278.0,228.0,258.0,328.0,1,True,False,True,False,2026-07-26 13:37:29.949,16.0,30.2,52.1,25.6,False,2.4,140.0
2026,11,Hungarian Grand Prix,R,STR,Aston Martin,25.0,2.0,MEDIUM,17.0,86.862,30.319,31.73,24.813,270.0,230.0,255.0,330.0,1,True,False,True,False,2026-07-26 13:38:58.035,15.0,30.2,51.8,25.7,False,2.4,83.0
2026,11,Hungarian Grand Prix,R,STR,Aston Martin,26.0,2.0,MEDIUM,18.0,87.172,30.383,31.821,24.968,270.0,234.0,255.0,313.0,1,True,False,True,False,2026-07-26 13:40:24.897,15.0,30.4,52.7,26.0,False,3.0,132.0
2026,11,Hungarian Grand Prix,R,STR,Aston Martin,27.0,2.0,MEDIUM,19.0,86.837,30.214,31.795,24.828,272.0,231.0,256.0,314.0,1,True,False,True,False,2026-07-26 13:41:52.069,15.0,30.7,51.2,24.5,False,2.7,97.0
2026,11,Hungarian Grand Prix,R,STR,Aston Martin,28.0,2.0,MEDIUM,20.0,87.302,30.433,31.805,25.064,271.0,231.0,256.0,314.0,1,True,False,True,False,2026-07-26 13:43:18.906,15.0,30.7,52.5,25.1,False,2.4,161.0
2026,11,Hungarian Grand Prix,R,STR,Aston Martin,29.0,2.0,MEDIUM,21.0,87.274,30.45,31.982,24.842,271.0,232.0,258.0,312.0,1,True,False,True,False,2026-07-26 13:44:46.208,15.0,30.8,51.0,24.8,False,4.1,180.0
2026,11,Hungarian Grand Prix,R,STR,Aston Martin,30.0,2.0,MEDIUM,22.0,87.296,30.575,31.851,24.87,272.0,234.0,257.0,314.0,1,True,False,True,False,2026-07-26 13:46:13.482,15.0,29.8,50.7,24.5,False,1.7,206.0
2026,11,Hungarian Grand Prix,R,STR,Aston Martin,31.0,2.0,MEDIUM,23.0,87.175,30.314,31.986,24.875,272.0,232.0,256.0,315.0,1,True,False,True,False,2026-07-26 13:47:40.778,15.0,30.3,52.2,25.3,False,1.7,105.0
2026,11,Hungarian Grand Prix,R,STR,Aston Martin,32.0,2.0,MEDIUM,24.0,86.847,30.234,31.761,24.852,272.0,231.0,257.0,315.0,1,True,False,True,False,2026-07-26 13:49:07.953,15.0,30.2,50.8,25.0,False,2.8,105.0
2026,11,Hungarian Grand Prix,R,STR,Aston Martin,33.0,2.0,MEDIUM,25.0,86.822,30.286,31.745,24.791,273.0,233.0,257.0,314.0,1,True,False,True,False,2026-07-26 13:50:34.800,15.0,30.2,51.2,25.1,False,1.4,70.0
2026,11,Hungarian Grand Prix,R,STR,Aston Martin,34.0,2.0,MEDIUM,26.0,87.17,30.333,32.094,24.743,273.0,229.0,258.0,316.0,1,True,False,True,False,2026-07-26 13:52:01.622,15.0,30.4,51.3,25.6,False,3.5,109.0
2026,11,Hungarian Grand Prix,R,STR,Aston Martin,35.0,2.0,MEDIUM,27.0,86.887,30.207,31.959,24.721,271.0,232.0,257.0,314.0,1,True,False,True,False,2026-07-26 13:53:28.792,14.0,30.4,52.5,25.3,False,1.6,113.0
2026,11,Hungarian Grand Prix,R,STR,Aston Martin,36.0,2.0,MEDIUM,28.0,89.001,31.775,32.498,24.728,277.0,230.0,259.0,313.0,1,True,False,True,False,2026-07-26 13:54:55.679,14.0,30.2,52.1,25.8,False,2.7,104.0
2026,11,Hungarian Grand Prix,R,STR,Aston Martin,37.0,2.0,MEDIUM,29.0,90.469,30.676,32.086,27.707,272.0,231.0,,315.0,1,True,False,False,False,2026-07-26 13:56:24.680,14.0,30.4,52.0,25.6,False,2.7,108.0
2026,11,Hungarian Grand Prix,R,STR,Aston Martin,38.0,3.0,SOFT,1.0,105.698,50.775,30.949,23.974,276.0,237.0,262.0,315.0,12,True,False,False,False,2026-07-26 13:57:55.149,16.0,30.4,51.4,25.0,False,4.7,107.0
2026,11,Hungarian Grand Prix,R,STR,Aston Martin,39.0,3.0,SOFT,2.0,85.147,29.706,31.384,24.057,281.0,235.0,261.0,320.0,1,True,True,True,False,2026-07-26 13:59:40.847,15.0,31.0,51.4,25.0,False,4.7,107.0
2026,11,Hungarian Grand Prix,R,STR,Aston Martin,40.0,3.0,SOFT,3.0,84.989,29.713,31.099,24.177,274.0,232.0,260.0,317.0,1,True,True,True,False,2026-07-26 14:01:05.994,15.0,30.5,53.1,25.9,False,3.2,131.0
2026,11,Hungarian Grand Prix,R,STR,Aston Martin,41.0,3.0,SOFT,4.0,88.108,31.755,31.99,24.363,213.0,233.0,261.0,317.0,1,True,False,True,False,2026-07-26 14:02:30.983,15.0,30.5,52.7,25.4,False,2.0,120.0
2026,11,Hungarian Grand Prix,R,STR,Aston Martin,42.0,3.0,SOFT,5.0,85.438,29.797,31.252,24.389,275.0,233.0,258.0,321.0,1,True,False,True,False,2026-07-26 14:03:59.091,15.0,30.6,52.7,25.2,False,2.2,120.0
2026,11,Hungarian Grand Prix,R,STR,Aston Martin,43.0,3.0,SOFT,6.0,85.811,30.249,31.221,24.341,274.0,235.0,260.0,318.0,1,True,False,True,False,2026-07-26 14:05:24.529,15.0,30.6,52.3,25.2,False,4.3,145.0
2026,11,Hungarian Grand Prix,R,STR,Aston Martin,44.0,3.0,SOFT,7.0,85.47,29.849,31.087,24.534,275.0,236.0,256.0,317.0,1,True,False,True,False,2026-07-26 14:06:50.340,15.0,30.7,51.7,25.1,False,1.7,130.0
2026,11,Hungarian Grand Prix,R,STR,Aston Martin,45.0,3.0,SOFT,8.0,85.673,30.011,31.329,24.333,273.0,233.0,259.0,317.0,1,True,False,True,False,2026-07-26 14:08:15.810,15.0,30.7,51.7,25.2,False,0.8,128.0
2026,11,Hungarian Grand Prix,R,STR,Aston Martin,46.0,3.0,SOFT,9.0,85.218,29.714,31.126,24.378,274.0,235.0,261.0,318.0,1,True,False,True,False,2026-07-26 14:09:41.483,15.0,30.7,52.8,25.5,False,2.0,134.0
2026,11,Hungarian Grand Prix,R,STR,Aston Martin,47.0,3.0,SOFT,10.0,85.627,29.89,31.282,24.455,274.0,236.0,259.0,318.0,1,True,False,True,False,2026-07-26 14:11:06.701,15.0,30.8,51.4,25.2,False,3.0,175.0
2026,11,Hungarian Grand Prix,R,STR,Aston Martin,48.0,3.0,SOFT,11.0,86.628,30.485,31.555,24.588,277.0,234.0,258.0,318.0,1,True,False,True,False,2026-07-26 14:12:32.328,15.0,30.7,51.1,25.7,False,3.1,128.0
2026,11,Hungarian Grand Prix,R,STR,Aston Martin,49.0,3.0,SOFT,12.0,86.005,30.029,31.347,24.629,275.0,234.0,260.0,317.0,12,True,False,True,False,2026-07-26 14:13:58.956,15.0,30.9,52.4,26.3,False,2.4,153.0
2026,11,Hungarian Grand Prix,R,STR,Aston Martin,50.0,3.0,SOFT,13.0,85.191,29.872,31.08,24.239,277.0,237.0,260.0,317.0,1,True,False,True,False,2026-07-26 14:15:24.961,15.0,30.9,51.0,25.4,False,2.8,153.0
2026,11,Hungarian Grand Prix,R,STR,Aston Martin,51.0,3.0,SOFT,14.0,85.529,29.958,31.08,24.491,275.0,237.0,260.0,318.0,1,True,False,True,False,2026-07-26 14:16:50.152,15.0,30.8,52.5,25.8,False,1.3,123.0
2026,11,Hungarian Grand Prix,R,STR,Aston Martin,52.0,3.0,SOFT,15.0,85.342,29.778,31.201,24.363,275.0,235.0,261.0,319.0,1,True,False,True,False,2026-07-26 14:18:15.681,15.0,30.9,51.4,25.4,False,1.4,101.0
2026,11,Hungarian Grand Prix,R,STR,Aston Martin,53.0,3.0,SOFT,16.0,85.589,29.971,31.206,24.412,276.0,234.0,262.0,320.0,1,True,False,True,False,2026-07-26 14:19:41.023,15.0,30.9,52.9,25.8,False,0.6,121.0
2026,11,Hungarian Grand Prix,R,STR,Aston Martin,54.0,3.0,SOFT,17.0,85.805,29.959,31.279,24.567,276.0,236.0,262.0,322.0,1,True,False,True,False,2026-07-26 14:21:06.612,15.0,31.1,52.3,25.1,False,3.0,147.0
2026,11,Hungarian Grand Prix,R,STR,Aston Martin,55.0,3.0,SOFT,18.0,103.984,33.772,40.718,29.494,186.0,205.0,163.0,333.0,1267,True,False,False,False,2026-07-26 14:22:32.417,14.0,31.1,52.3,25.1,False,3.0,147.0
2026,11,Hungarian Grand Prix,R,STR,Aston Martin,56.0,3.0,SOFT,19.0,88.654,33.485,31.158,24.011,285.0,236.0,262.0,245.0,71,True,False,False,False,2026-07-26 14:24:16.401,12.0,31.5,51.6,24.6,False,1.8,108.0
2026,11,Hungarian Grand Prix,R,STR,Aston Martin,57.0,3.0,SOFT,20.0,84.718,29.588,30.858,24.272,276.0,236.0,261.0,317.0,1,True,True,True,False,2026-07-26 14:25:45.055,12.0,31.1,52.4,24.7,False,1.1,151.0
2026,11,Hungarian Grand Prix,R,STR,Aston Martin,58.0,3.0,SOFT,21.0,84.91,29.639,31.081,24.19,277.0,234.0,262.0,316.0,1,True,False,True,False,2026-07-26 14:27:09.773,12.0,31.1,52.1,25.1,False,3.5,156.0
2026,11,Hungarian Grand Prix,R,STR,Aston Martin,59.0,3.0,SOFT,22.0,85.07,29.581,30.997,24.492,276.0,236.0,256.0,316.0,1,True,False,True,False,2026-07-26 14:28:34.683,12.0,30.8,52.1,25.1,False,3.5,156.0
2026,11,Hungarian Grand Prix,R,STR,Aston Martin,60.0,3.0,SOFT,23.0,85.408,29.893,31.094,24.421,275.0,236.0,259.0,315.0,1,True,False,True,False,2026-07-26 14:29:59.753,12.0,31.1,51.9,25.7,False,3.3,156.0
2026,11,Hungarian Grand Prix,R,STR,Aston Martin,61.0,3.0,SOFT,24.0,86.4,30.21,31.616,24.574,282.0,234.0,260.0,316.0,1,True,False,True,False,2026-07-26 14:31:25.161,13.0,31.3,49.6,25.5,False,2.3,115.0
2026,11,Hungarian Grand Prix,R,STR,Aston Martin,62.0,3.0,SOFT,25.0,85.493,29.824,31.136,24.533,277.0,236.0,259.0,318.0,1,True,False,True,False,2026-07-26 14:32:51.561,13.0,31.0,50.7,26.1,False,1.7,115.0
2026,11,Hungarian Grand Prix,R,STR,Aston Martin,63.0,3.0,SOFT,26.0,85.404,29.801,31.223,24.38,274.0,235.0,259.0,317.0,1,True,False,True,False,2026-07-26 14:34:17.054,13.0,30.9,50.7,26.1,False,2.5,94.0
2026,11,Hungarian Grand Prix,R,STR,Aston Martin,64.0,3.0,SOFT,27.0,85.132,29.667,31.149,24.316,277.0,237.0,260.0,316.0,1,True,False,True,False,2026-07-26 14:35:42.458,13.0,30.7,50.6,25.9,False,3.1,107.0
2026,11,Hungarian Grand Prix,R,STR,Aston Martin,65.0,3.0,SOFT,28.0,87.497,31.717,31.586,24.194,288.0,235.0,262.0,318.0,1,True,False,True,False,2026-07-26 14:37:07.590,13.0,30.9,50.0,25.6,False,3.7,109.0
2026,11,Hungarian Grand Prix,R,STR,Aston Martin,66.0,3.0,SOFT,29.0,85.361,29.744,31.292,24.325,277.0,237.0,263.0,320.0,1,True,False,True,False,2026-07-26 14:38:35.087,13.0,31.0,50.5,25.6,False,2.0,106.0
2026,11,Hungarian Grand Prix,R,STR,Aston Martin,67.0,3.0,SOFT,30.0,86.989,31.064,31.533,24.392,281.0,236.0,262.0,319.0,1,True,False,True,False,2026-07-26 14:40:00.448,13.0,31.1,50.3,25.4,False,1.8,116.0
2026,11,Hungarian Grand Prix,R,STR,Aston Martin,68.0,3.0,SOFT,31.0,85.407,29.731,31.219,24.457,279.0,233.0,262.0,320.0,1,True,False,True,False,2026-07-26 14:41:27.437,13.0,31.5,50.3,25.4,False,1.8,116.0
2026,11,Hungarian Grand Prix,R,STR,Aston Martin,69.0,3.0,SOFT,32.0,85.75,29.757,31.358,24.635,285.0,235.0,257.0,320.0,1,True,False,True,False,2026-07-26 14:42:52.844,13.0,31.2,51.1,25.2,False,0.6,128.0
2026,11,Hungarian Grand Prix,R,ALB,Williams,1.0,1.0,MEDIUM,1.0,99.948,,35.334,25.716,232.0,223.0,256.0,284.0,1,True,False,False,False,2026-07-26 13:03:18.361,18.0,30.0,51.3,25.6,False,1.9,145.0
2026,11,Hungarian Grand Prix,R,ALB,Williams,2.0,1.0,MEDIUM,2.0,89.851,31.028,33.326,25.497,272.0,226.0,254.0,332.0,1,True,True,True,False,2026-07-26 13:04:58.534,19.0,29.8,50.6,25.9,False,2.3,126.0
2026,11,Hungarian Grand Prix,R,ALB,Williams,3.0,1.0,MEDIUM,3.0,88.63,30.489,32.766,25.375,277.0,223.0,255.0,323.0,1,True,True,True,False,2026-07-26 13:06:28.385,19.0,29.7,49.7,26.2,False,2.1,79.0
2026,11,Hungarian Grand Prix,R,ALB,Williams,4.0,1.0,MEDIUM,4.0,88.479,30.55,32.563,25.366,274.0,224.0,254.0,330.0,1,True,True,True,False,2026-07-26 13:07:57.015,19.0,29.7,50.3,26.1,False,1.1,116.0
2026,11,Hungarian Grand Prix,R,ALB,Williams,5.0,1.0,MEDIUM,5.0,89.269,30.788,32.988,25.493,269.0,222.0,257.0,323.0,1,True,False,True,False,2026-07-26 13:09:25.494,20.0,29.6,50.7,26.1,False,1.4,118.0
2026,11,Hungarian Grand Prix,R,ALB,Williams,6.0,1.0,MEDIUM,6.0,88.665,30.535,32.733,25.397,276.0,221.0,256.0,322.0,1,True,False,True,False,2026-07-26 13:10:54.763,20.0,29.7,52.3,25.8,False,3.9,161.0
2026,11,Hungarian Grand Prix,R,ALB,Williams,7.0,1.0,MEDIUM,7.0,88.616,30.622,32.708,25.286,274.0,222.0,255.0,322.0,1,True,False,True,False,2026-07-26 13:12:23.428,20.0,29.7,50.6,26.0,False,2.0,138.0
2026,11,Hungarian Grand Prix,R,ALB,Williams,8.0,1.0,MEDIUM,8.0,88.46,30.257,32.71,25.493,276.0,223.0,254.0,321.0,1,True,True,True,False,2026-07-26 13:13:52.044,19.0,29.8,51.4,25.7,False,2.0,162.0
2026,11,Hungarian Grand Prix,R,ALB,Williams,9.0,1.0,MEDIUM,9.0,87.831,30.166,32.462,25.203,282.0,221.0,257.0,320.0,1,True,True,True,False,2026-07-26 13:15:20.504,19.0,29.7,49.2,26.4,False,3.7,83.0
2026,11,Hungarian Grand Prix,R,ALB,Williams,10.0,1.0,MEDIUM,10.0,88.497,30.682,32.567,25.248,288.0,223.0,255.0,322.0,1,True,False,True,False,2026-07-26 13:16:48.335,19.0,29.7,51.5,26.1,False,2.3,119.0
2026,11,Hungarian Grand Prix,R,ALB,Williams,11.0,1.0,MEDIUM,11.0,88.411,30.692,32.475,25.244,284.0,224.0,255.0,319.0,1,True,False,True,False,2026-07-26 13:18:16.832,19.0,29.9,51.9,26.1,False,2.1,104.0
2026,11,Hungarian Grand Prix,R,ALB,Williams,12.0,1.0,MEDIUM,12.0,91.197,30.732,35.12,25.345,283.0,222.0,253.0,319.0,1,True,False,True,False,2026-07-26 13:19:45.243,19.0,30.0,52.3,26.1,False,2.6,115.0
2026,11,Hungarian Grand Prix,R,ALB,Williams,13.0,1.0,MEDIUM,13.0,88.837,30.656,32.812,25.369,270.0,221.0,253.0,318.0,1,True,False,True,False,2026-07-26 13:21:16.440,19.0,30.2,53.2,25.2,False,1.2,153.0
2026,11,Hungarian Grand Prix,R,ALB,Williams,14.0,1.0,MEDIUM,14.0,88.248,30.388,32.584,25.276,274.0,222.0,254.0,318.0,1,True,False,True,False,2026-07-26 13:22:45.277,19.0,30.2,52.6,25.8,False,3.3,134.0
2026,11,Hungarian Grand Prix,R,ALB,Williams,15.0,1.0,MEDIUM,15.0,88.5,30.418,32.703,25.379,282.0,221.0,256.0,318.0,1,True,False,True,False,2026-07-26 13:24:13.525,19.0,30.4,51.9,25.0,False,2.9,122.0
2026,11,Hungarian Grand Prix,R,ALB,Williams,16.0,1.0,MEDIUM,16.0,88.309,30.541,32.545,25.223,275.0,223.0,256.0,318.0,1,True,False,True,False,2026-07-26 13:25:42.025,18.0,30.4,52.0,25.1,False,2.0,100.0
2026,11,Hungarian Grand Prix,R,ALB,Williams,17.0,1.0,MEDIUM,17.0,87.976,30.373,32.468,25.135,286.0,222.0,256.0,319.0,1,True,False,True,False,2026-07-26 13:27:10.334,17.0,30.4,51.7,25.9,False,2.8,125.0
2026,11,Hungarian Grand Prix,R,ALB,Williams,18.0,1.0,MEDIUM,18.0,88.214,30.296,32.654,25.264,283.0,223.0,255.0,319.0,1,True,False,True,False,2026-07-26 13:28:38.310,16.0,30.4,52.0,25.8,False,2.7,163.0
2026,11,Hungarian Grand Prix,R,ALB,Williams,19.0,1.0,MEDIUM,19.0,89.114,30.825,32.875,25.414,278.0,223.0,252.0,318.0,1,True,False,True,False,2026-07-26 13:30:06.524,16.0,30.4,52.4,25.6,False,2.8,144.0
2026,11,Hungarian Grand Prix,R,ALB,Williams,20.0,1.0,MEDIUM,20.0,88.621,30.549,32.761,25.311,276.0,220.0,256.0,318.0,1,True,False,True,False,2026-07-26 13:31:35.638,16.0,30.5,52.0,25.4,False,2.1,129.0
2026,11,Hungarian Grand Prix,R,ALB,Williams,21.0,1.0,MEDIUM,21.0,88.38,30.341,32.775,25.264,282.0,223.0,256.0,319.0,1,True,False,True,False,2026-07-26 13:33:04.259,16.0,30.2,52.6,25.2,False,2.7,114.0
2026,11,Hungarian Grand Prix,R,ALB,Williams,22.0,1.0,MEDIUM,22.0,88.341,30.409,32.725,25.207,283.0,224.0,257.0,318.0,1,True,False,True,False,2026-07-26 13:34:32.639,16.0,30.2,52.0,25.0,False,2.8,107.0
2026,11,Hungarian Grand Prix,R,ALB,Williams,23.0,1.0,MEDIUM,23.0,88.522,30.543,32.81,25.169,276.0,224.0,256.0,319.0,1,True,False,True,False,2026-07-26 13:36:00.980,15.0,30.2,44.2,25.8,False,2.0,100.0
2026,11,Hungarian Grand Prix,R,ALB,Williams,24.0,1.0,MEDIUM,24.0,88.227,30.277,32.729,25.221,276.0,224.0,255.0,318.0,1,True,False,True,False,2026-07-26 13:37:29.502,15.0,30.2,52.1,25.6,False,2.4,140.0
2026,11,Hungarian Grand Prix,R,ALB,Williams,25.0,1.0,MEDIUM,25.0,89.862,31.131,33.213,25.518,275.0,224.0,253.0,318.0,1,True,False,True,False,2026-07-26 13:38:57.729,16.0,30.2,51.8,25.7,False,2.4,83.0
2026,11,Hungarian Grand Prix,R,ALB,Williams,26.0,1.0,MEDIUM,26.0,91.997,30.852,33.232,27.913,282.0,225.0,,319.0,1,True,False,False,False,2026-07-26 13:40:27.591,19.0,30.4,52.7,26.0,False,3.0,132.0
2026,11,Hungarian Grand Prix,R,ALB,Williams,27.0,2.0,HARD,1.0,108.303,50.911,32.648,24.744,263.0,224.0,259.0,319.0,1,True,False,False,False,2026-07-26 13:41:59.588,20.0,30.7,51.2,24.5,False,2.7,97.0
2026,11,Hungarian Grand Prix,R,ALB,Williams,28.0,2.0,HARD,2.0,86.44,29.748,32.049,24.643,277.0,227.0,259.0,322.0,1,True,True,True,False,2026-07-26 13:43:47.891,20.0,30.7,52.5,25.1,False,2.4,161.0
2026,11,Hungarian Grand Prix,R,ALB,Williams,29.0,2.0,HARD,3.0,86.54,29.862,32.044,24.634,286.0,228.0,259.0,321.0,1,True,False,True,False,2026-07-26 13:45:14.331,20.0,30.7,50.7,24.5,False,1.7,206.0
2026,11,Hungarian Grand Prix,R,ALB,Williams,30.0,2.0,HARD,4.0,87.067,30.165,32.039,24.863,284.0,224.0,255.0,321.0,1,True,False,True,False,2026-07-26 13:46:40.871,20.0,29.8,50.7,24.5,False,1.7,206.0
2026,11,Hungarian Grand Prix,R,ALB,Williams,31.0,2.0,HARD,5.0,87.04,30.05,32.08,24.91,278.0,224.0,256.0,319.0,1,True,False,True,False,2026-07-26 13:48:07.938,20.0,30.2,52.5,25.6,False,1.2,124.0
2026,11,Hungarian Grand Prix,R,ALB,Williams,32.0,2.0,HARD,6.0,86.949,30.013,32.111,24.825,282.0,226.0,257.0,319.0,1,True,False,True,False,2026-07-26 13:49:34.978,20.0,30.2,50.8,25.0,False,2.8,105.0
2026,11,Hungarian Grand Prix,R,ALB,Williams,33.0,2.0,HARD,7.0,88.193,30.07,32.014,26.109,280.0,214.0,258.0,320.0,1,True,False,True,False,2026-07-26 13:51:01.927,20.0,30.3,52.3,26.0,False,1.1,97.0
2026,11,Hungarian Grand Prix,R,ALB,Williams,34.0,2.0,HARD,8.0,88.019,29.928,33.124,24.967,276.0,226.0,258.0,322.0,1,True,False,True,False,2026-07-26 13:52:30.120,20.0,30.4,51.3,25.6,False,3.5,109.0
2026,11,Hungarian Grand Prix,R,ALB,Williams,35.0,2.0,HARD,9.0,87.007,30.03,32.12,24.857,282.0,227.0,258.0,322.0,1,True,False,True,False,2026-07-26 13:53:58.139,20.0,30.3,51.5,25.1,False,1.1,155.0
2026,11,Hungarian Grand Prix,R,ALB,Williams,36.0,2.0,HARD,10.0,87.404,30.235,32.074,25.095,282.0,224.0,256.0,320.0,1,True,False,True,False,2026-07-26 13:55:25.146,19.0,30.2,52.1,25.8,False,2.7,104.0
2026,11,Hungarian Grand Prix,R,ALB,Williams,37.0,2.0,HARD,11.0,87.576,30.162,32.446,24.968,282.0,225.0,257.0,320.0,1,True,False,True,False,2026-07-26 13:56:52.550,19.0,30.4,52.8,25.2,False,4.7,118.0
2026,11,Hungarian Grand Prix,R,ALB,Williams,38.0,2.0,HARD,12.0,90.378,30.874,33.564,25.94,253.0,222.0,256.0,290.0,12,True,False,True,False,2026-07-26 13:58:20.126,19.0,30.4,51.4,25.0,False,4.7,107.0
2026,11,Hungarian Grand Prix,R,ALB,Williams,39.0,2.0,HARD,13.0,90.084,30.876,33.094,26.114,265.0,212.0,257.0,334.0,1,True,False,True,False,2026-07-26 13:59:50.504,20.0,30.4,52.1,25.9,False,2.4,125.0
2026,11,Hungarian Grand Prix,R,ALB,Williams,40.0,2.0,HARD,14.0,87.699,30.224,32.505,24.97,278.0,225.0,246.0,332.0,1,True,False,True,False,2026-07-26 14:01:20.588,20.0,30.5,53.1,25.9,False,3.2,131.0
2026,11,Hungarian Grand Prix,R,ALB,Williams,41.0,2.0,HARD,15.0,87.863,30.382,32.592,24.889,277.0,228.0,259.0,309.0,1,True,False,True,False,2026-07-26 14:02:48.287,20.0,30.5,52.7,25.4,False,2.0,120.0
2026,11,Hungarian Grand Prix,R,ALB,Williams,42.0,2.0,HARD,16.0,87.796,30.168,32.377,25.251,281.0,226.0,256.0,324.0,1,True,False,True,False,2026-07-26 14:04:16.150,19.0,30.6,52.7,25.2,False,2.2,120.0
2026,11,Hungarian Grand Prix,R,ALB,Williams,43.0,2.0,HARD,17.0,87.666,30.357,32.393,24.916,284.0,227.0,259.0,319.0,1,True,False,True,False,2026-07-26 14:05:43.946,19.0,30.6,52.3,25.2,False,4.3,145.0
2026,11,Hungarian Grand Prix,R,ALB,Williams,44.0,2.0,HARD,18.0,87.155,30.026,32.146,24.983,285.0,227.0,258.0,320.0,1,True,False,True,False,2026-07-26 14:07:11.612,18.0,30.7,51.7,25.1,False,1.7,130.0
2026,11,Hungarian Grand Prix,R,ALB,Williams,45.0,2.0,HARD,19.0,87.117,30.102,32.166,24.849,285.0,226.0,259.0,320.0,1,True,False,True,False,2026-07-26 14:08:38.767,18.0,30.7,51.7,25.2,False,0.8,128.0
2026,11,Hungarian Grand Prix,R,ALB,Williams,46.0,2.0,HARD,20.0,88.224,30.86,32.42,24.944,279.0,226.0,258.0,288.0,1,True,False,True,False,2026-07-26 14:10:05.884,18.0,30.7,51.0,25.7,False,3.0,134.0
2026,11,Hungarian Grand Prix,R,ALB,Williams,47.0,2.0,HARD,21.0,87.559,30.35,32.217,24.992,284.0,228.0,257.0,321.0,1,True,False,True,False,2026-07-26 14:11:34.108,18.0,30.8,51.4,25.2,False,3.0,175.0
2026,11,Hungarian Grand Prix,R,ALB,Williams,48.0,2.0,HARD,22.0,87.462,30.116,32.306,25.04,284.0,228.0,257.0,320.0,1,True,False,True,False,2026-07-26 14:13:01.667,18.0,30.8,50.5,25.9,False,0.5,58.0
2026,11,Hungarian Grand Prix,R,ALB,Williams,49.0,2.0,HARD,23.0,87.265,29.962,32.209,25.094,286.0,226.0,256.0,320.0,12,True,False,True,False,2026-07-26 14:14:29.129,18.0,30.9,52.4,26.3,False,2.4,153.0
2026,11,Hungarian Grand Prix,R,ALB,Williams,50.0,2.0,HARD,24.0,87.205,30.107,32.076,25.022,284.0,229.0,258.0,320.0,1,True,False,True,False,2026-07-26 14:15:56.394,18.0,30.8,51.6,25.6,False,1.4,79.0
2026,11,Hungarian Grand Prix,R,ALB,Williams,51.0,2.0,HARD,25.0,87.191,30.124,31.835,25.232,288.0,227.0,258.0,321.0,1,True,False,True,False,2026-07-26 14:17:23.599,18.0,30.8,52.5,25.8,False,1.3,123.0
2026,11,Hungarian Grand Prix,R,ALB,Williams,52.0,2.0,HARD,26.0,87.378,30.107,32.145,25.126,292.0,230.0,257.0,320.0,1,True,False,True,False,2026-07-26 14:18:50.790,18.0,30.9,52.9,25.8,False,0.6,121.0
2026,11,Hungarian Grand Prix,R,ALB,Williams,53.0,2.0,HARD,27.0,87.047,29.975,32.053,25.019,288.0,229.0,258.0,321.0,1,True,False,True,False,2026-07-26 14:20:18.168,18.0,31.0,52.3,24.8,False,2.2,195.0
2026,11,Hungarian Grand Prix,R,ALB,Williams,54.0,2.0,HARD,28.0,92.938,30.139,32.111,30.688,294.0,231.0,,321.0,126,True,False,False,False,2026-07-26 14:21:45.215,18.0,31.1,52.3,25.1,False,3.0,147.0
2026,11,Hungarian Grand Prix,R,ALB,Williams,55.0,3.0,SOFT,1.0,115.515,59.917,31.735,23.863,246.0,240.0,262.0,321.0,671,True,False,False,False,2026-07-26 14:23:18.153,19.0,31.3,51.6,24.6,False,1.8,108.0
2026,11,Hungarian Grand Prix,R,ALB,Williams,56.0,3.0,SOFT,2.0,86.109,29.399,32.598,24.112,291.0,234.0,263.0,324.0,1,True,True,True,False,2026-07-26 14:25:13.668,18.0,31.1,52.4,24.7,False,1.1,151.0
2026,11,Hungarian Grand Prix,R,ALB,Williams,57.0,3.0,SOFT,3.0,85.403,29.545,31.552,24.306,277.0,234.0,262.0,326.0,1,True,True,True,False,2026-07-26 14:26:39.777,18.0,30.9,52.4,24.7,False,1.1,151.0
2026,11,Hungarian Grand Prix,R,ALB,Williams,58.0,3.0,SOFT,4.0,86.21,29.603,32.025,24.582,274.0,230.0,261.0,336.0,1,True,False,True,False,2026-07-26 14:28:05.180,18.0,30.8,52.1,25.1,False,3.5,156.0
2026,11,Hungarian Grand Prix,R,ALB,Williams,59.0,3.0,SOFT,5.0,87.302,30.754,31.867,24.681,276.0,229.0,259.0,339.0,1,True,False,True,False,2026-07-26 14:29:31.390,18.0,31.3,51.9,25.7,False,3.3,156.0
2026,11,Hungarian Grand Prix,R,ALB,Williams,60.0,3.0,SOFT,6.0,86.88,29.627,32.115,25.138,282.0,229.0,260.0,338.0,1,True,False,True,False,2026-07-26 14:30:58.692,18.0,31.3,49.6,25.5,False,2.3,115.0
2026,11,Hungarian Grand Prix,R,ALB,Williams,61.0,3.0,SOFT,7.0,88.621,31.322,32.197,25.102,264.0,233.0,262.0,290.0,1,True,False,True,False,2026-07-26 14:32:25.572,18.0,31.0,49.8,25.9,False,1.6,111.0
2026,11,Hungarian Grand Prix,R,ALB,Williams,62.0,3.0,SOFT,8.0,87.195,29.986,32.745,24.464,277.0,236.0,265.0,339.0,1,True,False,True,False,2026-07-26 14:33:54.193,18.0,30.9,50.7,26.1,False,2.5,94.0
2026,11,Hungarian Grand Prix,R,ALB,Williams,63.0,3.0,SOFT,9.0,87.27,29.83,32.079,25.361,279.0,229.0,263.0,329.0,1,True,False,True,False,2026-07-26 14:35:21.388,18.0,30.7,50.6,25.9,False,3.1,107.0
2026,11,Hungarian Grand Prix,R,ALB,Williams,64.0,3.0,SOFT,10.0,87.094,29.998,32.15,24.946,276.0,226.0,261.0,340.0,1,True,False,True,False,2026-07-26 14:36:48.658,18.0,30.8,51.3,26.2,False,3.3,132.0
2026,11,Hungarian Grand Prix,R,ALB,Williams,65.0,3.0,SOFT,11.0,87.159,29.882,32.33,24.947,277.0,226.0,262.0,337.0,1,True,False,True,False,2026-07-26 14:38:15.752,18.0,31.0,50.5,25.6,False,2.0,106.0
2026,11,Hungarian Grand Prix,R,ALB,Williams,66.0,3.0,SOFT,12.0,87.7,29.962,32.563,25.175,279.0,226.0,261.0,340.0,1,True,False,True,False,2026-07-26 14:39:42.911,18.0,31.1,51.2,25.8,False,3.5,130.0
2026,11,Hungarian Grand Prix,R,ALB,Williams,67.0,3.0,SOFT,13.0,87.881,30.106,32.655,25.12,275.0,228.0,264.0,339.0,1,True,False,True,False,2026-07-26 14:41:10.611,18.0,31.5,50.3,25.4,False,1.8,116.0
2026,11,Hungarian Grand Prix,R,ALB,Williams,68.0,3.0,SOFT,14.0,89.003,30.234,33.03,25.739,273.0,228.0,255.0,341.0,1,True,False,True,False,2026-07-26 14:42:38.492,18.0,31.0,51.1,25.9,False,1.3,148.0
2026,11,Hungarian Grand Prix,R,HUL,Audi,1.0,1.0,MEDIUM,1.0,95.853,,33.708,25.054,286.0,232.0,259.0,266.0,1,True,False,False,False,2026-07-26 13:03:18.361,10.0,30.0,51.3,25.6,False,1.9,145.0
2026,11,Hungarian Grand Prix,R,HUL,Audi,2.0,1.0,MEDIUM,2.0,88.356,30.582,32.818,24.956,277.0,231.0,251.0,326.0,1,True,True,True,False,2026-07-26 13:04:54.439,10.0,29.8,50.6,25.9,False,2.3,126.0
2026,11,Hungarian Grand Prix,R,HUL,Audi,3.0,1.0,MEDIUM,3.0,86.963,29.934,32.147,24.882,290.0,231.0,255.0,324.0,1,True,True,True,False,2026-07-26 13:06:22.795,10.0,29.7,49.7,26.2,False,2.1,79.0
2026,11,Hungarian Grand Prix,R,HUL,Audi,4.0,1.0,MEDIUM,4.0,87.4,30.216,32.323,24.861,281.0,225.0,257.0,326.0,1,True,False,True,False,2026-07-26 13:07:49.758,10.0,29.7,50.3,26.1,False,1.1,116.0
2026,11,Hungarian Grand Prix,R,HUL,Audi,5.0,1.0,MEDIUM,5.0,86.895,30.183,31.72,24.992,285.0,234.0,250.0,325.0,1,True,True,True,False,2026-07-26 13:09:17.158,10.0,29.6,50.7,26.1,False,1.4,118.0
2026,11,Hungarian Grand Prix,R,HUL,Audi,6.0,1.0,MEDIUM,6.0,86.842,30.248,31.816,24.778,289.0,232.0,259.0,322.0,1,True,True,True,False,2026-07-26 13:10:44.053,10.0,29.7,50.4,25.6,False,3.2,110.0
2026,11,Hungarian Grand Prix,R,HUL,Audi,7.0,1.0,MEDIUM,7.0,87.058,30.026,32.026,25.006,287.0,231.0,258.0,325.0,1,True,False,True,False,2026-07-26 13:12:10.895,10.0,29.7,50.6,26.0,False,2.0,138.0
2026,11,Hungarian Grand Prix,R,HUL,Audi,8.0,1.0,MEDIUM,8.0,86.943,30.126,31.958,24.859,287.0,232.0,258.0,325.0,1,True,False,True,False,2026-07-26 13:13:37.953,10.0,29.8,50.1,25.3,False,0.9,134.0
2026,11,Hungarian Grand Prix,R,HUL,Audi,9.0,1.0,MEDIUM,9.0,87.121,30.063,32.089,24.969,281.0,230.0,256.0,321.0,1,True,False,True,False,2026-07-26 13:15:04.896,10.0,29.7,49.2,26.4,False,3.7,83.0
2026,11,Hungarian Grand Prix,R,HUL,Audi,10.0,1.0,MEDIUM,10.0,87.206,30.345,31.921,24.94,285.0,232.0,258.0,320.0,1,True,False,True,False,2026-07-26 13:16:32.017,10.0,29.7,51.5,26.1,False,2.3,119.0
2026,11,Hungarian Grand Prix,R,HUL,Audi,11.0,1.0,MEDIUM,11.0,87.447,30.636,31.941,24.87,285.0,231.0,258.0,320.0,1,True,False,True,False,2026-07-26 13:17:59.223,10.0,29.9,51.9,26.1,False,2.1,104.0
2026,11,Hungarian Grand Prix,R,HUL,Audi,12.0,1.0,MEDIUM,12.0,87.325,30.487,31.96,24.878,291.0,232.0,258.0,319.0,1,True,False,True,False,2026-07-26 13:19:26.670,10.0,30.0,52.3,26.1,False,2.6,115.0
2026,11,Hungarian Grand Prix,R,HUL,Audi,13.0,1.0,MEDIUM,13.0,87.136,30.217,31.876,25.043,283.0,233.0,257.0,318.0,1,True,False,True,False,2026-07-26 13:20:53.995,10.0,30.2,53.2,25.2,False,1.2,153.0
2026,11,Hungarian Grand Prix,R,HUL,Audi,14.0,1.0,MEDIUM,14.0,87.745,30.242,32.248,25.255,286.0,232.0,257.0,319.0,1,True,False,True,False,2026-07-26 13:22:21.131,10.0,30.2,52.6,25.8,False,3.3,134.0
2026,11,Hungarian Grand Prix,R,HUL,Audi,15.0,1.0,MEDIUM,15.0,87.489,30.393,32.114,24.982,281.0,232.0,257.0,320.0,1,True,False,True,False,2026-07-26 13:23:48.876,10.0,30.4,51.9,25.0,False,2.9,122.0
2026,11,Hungarian Grand Prix,R,HUL,Audi,16.0,1.0,MEDIUM,16.0,87.626,30.414,32.198,25.014,285.0,231.0,258.0,320.0,1,True,False,True,False,2026-07-26 13:25:16.365,10.0,30.4,52.0,25.1,False,2.0,100.0
2026,11,Hungarian Grand Prix,R,HUL,Audi,17.0,1.0,MEDIUM,17.0,88.471,30.975,32.358,25.138,289.0,232.0,257.0,320.0,1,True,False,True,False,2026-07-26 13:26:43.991,11.0,30.4,50.5,25.2,False,4.3,102.0
2026,11,Hungarian Grand Prix,R,HUL,Audi,18.0,1.0,MEDIUM,18.0,87.673,30.467,32.038,25.168,292.0,230.0,257.0,320.0,1,True,False,True,False,2026-07-26 13:28:12.462,11.0,30.4,52.0,25.8,False,2.7,163.0
2026,11,Hungarian Grand Prix,R,HUL,Audi,19.0,1.0,MEDIUM,19.0,90.376,30.358,32.345,27.673000000000002,291.0,230.0,,320.0,1,True,False,False,False,2026-07-26 13:29:40.135,11.0,30.4,52.0,25.5,False,2.9,128.0
2026,11,Hungarian Grand Prix,R,HUL,Audi,20.0,2.0,HARD,1.0,104.492,48.3,31.662,24.53,284.0,238.0,257.0,320.0,1,True,False,False,False,2026-07-26 13:31:10.511,13.0,30.5,52.0,25.4,False,2.1,129.0
2026,11,Hungarian Grand Prix,R,HUL,Audi,21.0,2.0,HARD,2.0,85.814,29.611,31.672,24.531,281.0,236.0,260.0,323.0,1,True,True,True,False,2026-07-26 13:32:55.003,13.0,30.2,52.6,25.2,False,2.7,114.0
2026,11,Hungarian Grand Prix,R,HUL,Audi,22.0,2.0,HARD,3.0,87.78,30.195,32.551,25.034,279.0,231.0,258.0,325.0,1,True,False,True,False,2026-07-26 13:34:20.817,13.0,30.2,52.0,25.0,False,2.8,107.0
2026,11,Hungarian Grand Prix,R,HUL,Audi,23.0,2.0,HARD,4.0,87.049,30.085,32.127,24.837,287.0,231.0,260.0,321.0,1,True,False,True,False,2026-07-26 13:35:48.597,13.0,30.2,44.2,25.8,False,2.0,100.0
2026,11,Hungarian Grand Prix,R,HUL,Audi,24.0,2.0,HARD,5.0,86.979,30.21,32.053,24.716,286.0,232.0,259.0,319.0,1,True,False,True,False,2026-07-26 13:37:15.646,13.0,30.2,52.1,25.6,False,2.4,140.0
2026,11,Hungarian Grand Prix,R,HUL,Audi,25.0,2.0,HARD,6.0,87.158,29.994,32.376,24.788,284.0,232.0,261.0,320.0,1,True,False,True,False,2026-07-26 13:38:42.625,13.0,30.2,52.1,25.6,False,0.5,143.0
2026,11,Hungarian Grand Prix,R,HUL,Audi,26.0,2.0,HARD,7.0,86.034,29.743,31.766,24.525,289.0,233.0,261.0,336.0,1,True,False,True,False,2026-07-26 13:40:09.783,12.0,30.4,52.7,26.0,False,3.0,132.0
2026,11,Hungarian Grand Prix,R,HUL,Audi,27.0,2.0,HARD,8.0,86.443,29.946,31.853,24.644,284.0,231.0,259.0,320.0,1,True,False,True,False,2026-07-26 13:41:35.817,12.0,30.7,52.6,25.0,False,2.5,152.0
2026,11,Hungarian Grand Prix,R,HUL,Audi,28.0,2.0,HARD,9.0,86.395,29.971,31.587,24.837,284.0,235.0,261.0,320.0,1,True,False,True,False,2026-07-26 13:43:02.260,12.0,30.7,52.5,25.1,False,2.4,161.0
2026,11,Hungarian Grand Prix,R,HUL,Audi,29.0,2.0,HARD,10.0,86.517,29.987,31.787,24.743,284.0,234.0,260.0,320.0,1,True,False,True,False,2026-07-26 13:44:28.655,12.0,30.8,51.0,24.8,False,4.1,180.0
2026,11,Hungarian Grand Prix,R,HUL,Audi,30.0,2.0,HARD,11.0,86.394,29.99,31.731,24.673000000000002,292.0,235.0,260.0,321.0,1,True,False,True,False,2026-07-26 13:45:55.172,11.0,29.8,50.7,24.5,False,1.7,206.0
2026,11,Hungarian Grand Prix,R,HUL,Audi,31.0,2.0,HARD,12.0,86.403,29.916,31.809,24.678,289.0,237.0,261.0,321.0,1,True,False,True,False,2026-07-26 13:47:21.566,11.0,30.3,52.2,25.3,False,1.7,105.0
2026,11,Hungarian Grand Prix,R,HUL,Audi,32.0,2.0,HARD,13.0,86.514,30.154,31.602,24.758,286.0,234.0,259.0,320.0,1,True,False,True,False,2026-07-26 13:48:47.969,11.0,30.2,52.5,25.6,False,1.2,124.0
2026,11,Hungarian Grand Prix,R,HUL,Audi,33.0,2.0,HARD,14.0,86.19,29.921,31.51,24.759,290.0,234.0,260.0,320.0,1,True,False,True,False,2026-07-26 13:50:14.483,11.0,30.2,51.2,25.1,False,1.4,70.0
2026,11,Hungarian Grand Prix,R,HUL,Audi,34.0,2.0,HARD,15.0,86.149,29.955,31.562,24.632,292.0,232.0,259.0,321.0,1,True,False,True,False,2026-07-26 13:51:40.673,11.0,30.3,52.3,26.0,False,1.1,97.0
2026,11,Hungarian Grand Prix,R,HUL,Audi,35.0,2.0,HARD,16.0,86.229,29.868,31.624,24.737,290.0,233.0,260.0,321.0,1,True,False,True,False,2026-07-26 13:53:06.822,11.0,30.4,52.5,25.3,False,1.6,113.0
2026,11,Hungarian Grand Prix,R,HUL,Audi,36.0,2.0,HARD,17.0,86.251,29.905,31.619,24.727,290.0,232.0,260.0,321.0,1,True,False,True,False,2026-07-26 13:54:33.051,11.0,30.3,51.5,25.1,False,1.1,155.0
2026,11,Hungarian Grand Prix,R,HUL,Audi,37.0,2.0,HARD,18.0,86.159,29.846,31.563,24.75,289.0,234.0,260.0,320.0,1,True,False,True,False,2026-07-26 13:55:59.302,11.0,30.4,52.0,25.6,False,2.7,108.0
2026,11,Hungarian Grand Prix,R,HUL,Audi,38.0,2.0,HARD,19.0,86.62,29.774,31.933,24.913,292.0,234.0,252.0,321.0,12,True,False,True,False,2026-07-26 13:57:25.461,11.0,30.4,52.8,25.2,False,4.7,118.0
2026,11,Hungarian Grand Prix,R,HUL,Audi,39.0,2.0,HARD,20.0,88.815,29.917,31.757,27.141,296.0,234.0,,319.0,1,True,False,False,False,2026-07-26 13:58:52.081,11.0,31.0,51.4,25.0,False,4.7,107.0
2026,11,Hungarian Grand Prix,R,HUL,Audi,40.0,3.0,SOFT,4.0,103.396,48.425,31.039,23.932,293.0,240.0,262.0,319.0,1,False,False,False,False,2026-07-26 14:00:20.896,12.0,30.4,52.1,25.9,False,2.4,125.0
2026,11,Hungarian Grand Prix,R,HUL,Audi,41.0,3.0,SOFT,5.0,85.249,29.426,31.426,24.397,286.0,232.0,260.0,319.0,1,False,True,True,False,2026-07-26 14:02:04.292,12.0,30.5,52.7,25.4,False,2.0,120.0
2026,11,Hungarian Grand Prix,R,HUL,Audi,42.0,3.0,SOFT,6.0,84.588,29.525,30.973,24.09,290.0,240.0,263.0,316.0,1,False,True,True,False,2026-07-26 14:03:29.541,12.0,30.6,52.9,25.5,False,3.2,139.0
2026,11,Hungarian Grand Prix,R,HUL,Audi,43.0,3.0,SOFT,7.0,84.824,29.397,31.243,24.184,292.0,238.0,262.0,319.0,1,False,False,True,False,2026-07-26 14:04:54.129,12.0,30.6,52.3,25.2,False,4.3,145.0
2026,11,Hungarian Grand Prix,R,HUL,Audi,44.0,3.0,SOFT,8.0,85.283,29.414,31.51,24.359,294.0,236.0,263.0,321.0,1,False,False,True,False,2026-07-26 14:06:18.953,12.0,30.7,51.0,25.0,False,2.3,93.0
2026,11,Hungarian Grand Prix,R,HUL,Audi,45.0,3.0,SOFT,9.0,85.203,29.441,31.386,24.376,295.0,237.0,262.0,321.0,1,False,False,True,False,2026-07-26 14:07:44.236,12.0,30.7,51.7,25.1,False,1.7,130.0
2026,11,Hungarian Grand Prix,R,HUL,Audi,46.0,3.0,SOFT,10.0,85.365,29.417,31.37,24.578,292.0,236.0,261.0,322.0,1,False,False,True,False,2026-07-26 14:09:09.439,12.0,30.7,52.8,25.5,False,2.0,134.0
2026,11,Hungarian Grand Prix,R,HUL,Audi,47.0,3.0,SOFT,11.0,86.149,29.882,31.551,24.716,298.0,235.0,262.0,324.0,1,False,False,True,False,2026-07-26 14:10:34.804,12.0,30.7,51.0,25.7,False,3.0,134.0
2026,11,Hungarian Grand Prix,R,HUL,Audi,48.0,3.0,SOFT,12.0,85.623,29.567,31.399,24.657,297.0,235.0,261.0,321.0,1,False,False,True,False,2026-07-26 14:12:00.953,12.0,30.7,51.1,25.7,False,3.1,128.0
2026,11,Hungarian Grand Prix,R,HUL,Audi,49.0,3.0,SOFT,13.0,87.042,29.858,32.632,24.552,287.0,234.0,262.0,321.0,12,False,False,True,False,2026-07-26 14:13:26.576,12.0,30.8,50.5,25.9,False,0.5,58.0
2026,11,Hungarian Grand Prix,R,HUL,Audi,50.0,3.0,SOFT,14.0,84.942,29.663,31.122,24.157,292.0,238.0,263.0,321.0,1,False,False,True,False,2026-07-26 14:14:53.618,12.0,30.9,51.0,25.4,False,2.8,153.0
2026,11,Hungarian Grand Prix,R,HUL,Audi,51.0,3.0,SOFT,15.0,84.322,29.226,30.91,24.186,297.0,239.0,262.0,322.0,1,False,True,True,False,2026-07-26 14:16:18.560,12.0,30.8,51.6,25.6,False,1.4,79.0
2026,11,Hungarian Grand Prix,R,HUL,Audi,52.0,3.0,SOFT,16.0,84.953,29.306,31.272,24.375,296.0,236.0,262.0,323.0,1,False,False,True,False,2026-07-26 14:17:42.882,12.0,30.8,52.5,25.8,False,1.3,123.0
2026,11,Hungarian Grand Prix,R,HUL,Audi,53.0,3.0,SOFT,17.0,85.455,29.51,31.422,24.523,299.0,238.0,261.0,324.0,1,False,False,True,False,2026-07-26 14:19:07.835,12.0,30.9,52.9,25.8,False,0.6,121.0
2026,11,Hungarian Grand Prix,R,HUL,Audi,54.0,3.0,SOFT,18.0,85.439,29.626,31.3,24.513,290.0,241.0,263.0,333.0,1,False,False,True,False,2026-07-26 14:20:33.290,12.0,31.0,52.3,24.8,False,2.2,195.0
2026,11,Hungarian Grand Prix,R,HUL,Audi,55.0,3.0,SOFT,19.0,94.339,29.541,32.85,31.948,298.0,103.0,198.0,333.0,126,False,False,False,False,2026-07-26 14:21:58.729,12.0,31.1,52.3,25.1,False,3.0,147.0
2026,11,Hungarian Grand Prix,R,HUL,Audi,56.0,3.0,SOFT,20.0,98.422,41.728,32.176,24.518,239.0,240.0,263.0,216.0,671,False,False,False,False,2026-07-26 14:23:33.068,11.0,31.3,51.6,24.6,False,1.8,108.0
2026,11,Hungarian Grand Prix,R,HUL,Audi,57.0,3.0,SOFT,21.0,84.876,29.485,31.126,24.265,302.0,240.0,263.0,339.0,1,False,False,True,False,2026-07-26 14:25:11.490,11.0,31.1,52.4,24.7,False,1.1,151.0
2026,11,Hungarian Grand Prix,R,HUL,Audi,58.0,3.0,SOFT,22.0,85.367,29.18,31.543,24.644,300.0,239.0,261.0,332.0,1,False,False,True,False,2026-07-26 14:26:36.366,11.0,30.9,52.4,24.7,False,1.1,151.0
2026,11,Hungarian Grand Prix,R,HUL,Audi,59.0,3.0,SOFT,23.0,86.089,30.124,31.337,24.628,296.0,239.0,261.0,305.0,1,False,False,True,False,2026-07-26 14:28:01.733,10.0,30.8,52.1,25.1,False,3.5,156.0
2026,11,Hungarian Grand Prix,R,HUL,Audi,60.0,3.0,SOFT,24.0,85.188,29.331,31.308,24.549,301.0,240.0,262.0,331.0,1,False,False,True,False,2026-07-26 14:29:27.822,10.0,31.3,51.9,25.7,False,3.3,156.0
2026,11,Hungarian Grand Prix,R,HUL,Audi,61.0,3.0,SOFT,25.0,87.937,29.759,32.612,25.566,263.0,234.0,261.0,335.0,1,False,False,True,False,2026-07-26 14:30:53.010,10.0,31.3,49.6,25.5,False,2.3,115.0
2026,11,Hungarian Grand Prix,R,HUL,Audi,62.0,3.0,SOFT,26.0,87.15,29.571,32.608,24.971,285.0,233.0,262.0,333.0,1,False,False,True,False,2026-07-26 14:32:20.947,10.0,31.0,49.8,25.9,False,1.6,111.0
2026,11,Hungarian Grand Prix,R,HUL,Audi,63.0,3.0,SOFT,27.0,86.307,30.654,31.202,24.451,279.0,240.0,261.0,341.0,1,False,False,True,False,2026-07-26 14:33:48.097,9.0,31.0,50.7,26.1,False,1.7,115.0
2026,11,Hungarian Grand Prix,R,HUL,Audi,64.0,3.0,SOFT,28.0,86.245,30.723,31.334,24.188,293.0,238.0,264.0,321.0,1,False,False,True,False,2026-07-26 14:35:14.404,9.0,30.7,50.6,25.9,False,3.1,107.0
2026,11,Hungarian Grand Prix,R,HUL,Audi,65.0,3.0,SOFT,29.0,84.506,29.263,31.127,24.116,296.0,238.0,265.0,323.0,1,False,False,True,False,2026-07-26 14:36:40.649,9.0,30.8,51.3,26.2,False,3.3,132.0
2026,11,Hungarian Grand Prix,R,HUL,Audi,66.0,3.0,SOFT,30.0,86.472,30.554,31.742,24.176,236.0,240.0,265.0,323.0,1,False,False,True,False,2026-07-26 14:38:05.155,9.0,31.0,50.5,25.6,False,2.0,106.0
2026,11,Hungarian Grand Prix,R,HUL,Audi,67.0,3.0,SOFT,31.0,83.964,29.193,30.812,23.959,300.0,242.0,263.0,323.0,1,False,True,True,False,2026-07-26 14:39:31.627,9.0,31.1,51.2,25.8,False,3.5,130.0
2026,11,Hungarian Grand Prix,R,HUL,Audi,68.0,3.0,SOFT,32.0,84.258,29.253,30.86,24.145,302.0,240.0,265.0,324.0,1,False,False,True,False,2026-07-26 14:40:55.591,9.0,31.5,50.3,25.4,False,1.8,116.0
2026,11,Hungarian Grand Prix,R,HUL,Audi,69.0,3.0,SOFT,33.0,85.299,29.536,31.24,24.523,300.0,238.0,238.0,324.0,1,False,False,True,False,2026-07-26 14:42:19.849,9.0,31.0,51.1,25.9,False,1.3,148.0
2026,11,Hungarian Grand Prix,R,VER,Red Bull Racing,1.0,1.0,MEDIUM,1.0,92.03,,32.608,24.284,284.0,241.0,262.0,263.0,1,True,False,False,False,2026-07-26 13:03:18.361,3.0,30.0,51.3,25.6,False,1.9,145.0
2026,11,Hungarian Grand Prix,R,VER,Red Bull Racing,2.0,1.0,MEDIUM,2.0,85.958,29.976,31.498,24.484,280.0,240.0,262.0,312.0,1,True,True,True,False,2026-07-26 13:04:50.616,3.0,29.8,50.6,25.9,False,2.3,126.0
2026,11,Hungarian Grand Prix,R,VER,Red Bull Racing,3.0,1.0,MEDIUM,3.0,85.597,29.712,31.398,24.487,278.0,239.0,262.0,325.0,1,True,True,True,False,2026-07-26 13:06:16.574,3.0,29.7,49.7,26.2,False,2.1,79.0
2026,11,Hungarian Grand Prix,R,VER,Red Bull Racing,4.0,1.0,MEDIUM,4.0,85.359,29.549,31.396,24.414,281.0,240.0,262.0,332.0,1,True,True,True,False,2026-07-26 13:07:42.171,3.0,29.8,48.6,25.8,False,3.1,149.0
2026,11,Hungarian Grand Prix,R,VER,Red Bull Racing,5.0,1.0,MEDIUM,5.0,85.743,29.878,31.327,24.538,283.0,240.0,259.0,321.0,1,True,False,True,False,2026-07-26 13:09:07.530,3.0,29.6,50.7,26.1,False,1.4,118.0
2026,11,Hungarian Grand Prix,R,VER,Red Bull Racing,6.0,1.0,MEDIUM,6.0,85.396,29.765,31.263,24.368,291.0,237.0,259.0,318.0,1,True,False,True,False,2026-07-26 13:10:33.273,3.0,29.7,50.4,25.6,False,3.2,110.0
2026,11,Hungarian Grand Prix,R,VER,Red Bull Racing,7.0,1.0,MEDIUM,7.0,85.388,29.796,31.21,24.382,286.0,239.0,260.0,322.0,1,True,False,True,False,2026-07-26 13:11:58.669,3.0,29.7,50.6,26.0,False,2.0,138.0
2026,11,Hungarian Grand Prix,R,VER,Red Bull Racing,8.0,1.0,MEDIUM,8.0,85.474,29.809,31.224,24.441,289.0,238.0,260.0,314.0,1,True,False,True,False,2026-07-26 13:13:24.057,3.0,29.8,50.1,25.3,False,0.9,134.0
2026,11,Hungarian Grand Prix,R,VER,Red Bull Racing,9.0,1.0,MEDIUM,9.0,85.635,29.824,31.332,24.479,288.0,240.0,259.0,318.0,1,True,False,True,False,2026-07-26 13:14:49.531,3.0,29.7,49.2,26.4,False,3.7,83.0
2026,11,Hungarian Grand Prix,R,VER,Red Bull Racing,10.0,1.0,MEDIUM,10.0,85.622,29.872,31.266,24.484,293.0,239.0,259.0,319.0,1,True,False,True,False,2026-07-26 13:16:15.166,3.0,29.7,51.5,26.1,False,2.3,119.0
2026,11,Hungarian Grand Prix,R,VER,Red Bull Racing,11.0,1.0,MEDIUM,11.0,85.627,29.931,31.186,24.51,293.0,238.0,256.0,317.0,1,True,False,True,False,2026-07-26 13:17:40.788,3.0,29.8,51.6,25.7,False,0.8,116.0
2026,11,Hungarian Grand Prix,R,VER,Red Bull Racing,12.0,1.0,MEDIUM,12.0,85.733,29.876,31.407,24.45,292.0,239.0,257.0,315.0,1,True,False,True,False,2026-07-26 13:19:06.415,3.0,30.0,52.3,26.1,False,2.6,115.0
2026,11,Hungarian Grand Prix,R,VER,Red Bull Racing,13.0,1.0,MEDIUM,13.0,85.957,30.015,31.327,24.615,292.0,238.0,258.0,315.0,1,True,False,True,False,2026-07-26 13:20:32.148,3.0,30.1,53.1,26.1,False,1.9,119.0
2026,11,Hungarian Grand Prix,R,VER,Red Bull Racing,14.0,1.0,MEDIUM,14.0,88.509,29.808,31.399,27.302,294.0,238.0,,313.0,1,True,False,False,False,2026-07-26 13:21:58.105,4.0,30.2,52.6,25.8,False,3.3,134.0
2026,11,Hungarian Grand Prix,R,VER,Red Bull Racing,15.0,2.0,HARD,1.0,103.352,48.24,31.052,24.06,295.0,242.0,268.0,313.0,1,True,False,False,False,2026-07-26 13:23:26.614,8.0,30.4,51.5,24.9,False,4.4,157.0
2026,11,Hungarian Grand Prix,R,VER,Red Bull Racing,16.0,2.0,HARD,2.0,84.985,29.792,31.367,23.826,275.0,238.0,263.0,335.0,1,True,True,True,False,2026-07-26 13:25:09.966,6.0,30.4,52.0,25.1,False,2.0,100.0
2026,11,Hungarian Grand Prix,R,VER,Red Bull Racing,17.0,2.0,HARD,3.0,84.969,29.767,31.053,24.149,288.0,241.0,261.0,317.0,1,True,True,True,False,2026-07-26 13:26:34.951,5.0,30.4,50.5,25.2,False,4.3,102.0
2026,11,Hungarian Grand Prix,R,VER,Red Bull Racing,18.0,2.0,HARD,4.0,85.979,29.671,31.807,24.501,296.0,240.0,262.0,320.0,1,True,False,True,False,2026-07-26 13:27:59.920,5.0,30.4,52.0,25.8,False,2.7,163.0
2026,11,Hungarian Grand Prix,R,VER,Red Bull Racing,19.0,2.0,HARD,5.0,85.648,29.713,31.523,24.412,293.0,239.0,260.0,335.0,1,True,False,True,False,2026-07-26 13:29:25.899,4.0,30.4,52.0,25.5,False,2.9,128.0
2026,11,Hungarian Grand Prix,R,VER,Red Bull Racing,20.0,2.0,HARD,6.0,84.965,29.533,31.169,24.263,294.0,240.0,262.0,331.0,1,True,True,True,False,2026-07-26 13:30:51.547,4.0,30.5,52.0,25.4,False,2.1,129.0
2026,11,Hungarian Grand Prix,R,VER,Red Bull Racing,21.0,2.0,HARD,7.0,85.211,29.752,31.112,24.347,293.0,240.0,260.0,318.0,1,True,False,True,False,2026-07-26 13:32:16.512,4.0,30.3,52.5,25.2,False,3.7,109.0
2026,11,Hungarian Grand Prix,R,VER,Red Bull Racing,22.0,2.0,HARD,8.0,85.317,29.838,31.098,24.381,292.0,241.0,258.0,317.0,1,True,False,True,False,2026-07-26 13:33:41.723,4.0,30.2,52.6,25.2,False,2.7,114.0
2026,11,Hungarian Grand Prix,R,VER,Red Bull Racing,23.0,2.0,HARD,9.0,85.073,29.828,31.049,24.196,296.0,240.0,261.0,317.0,1,True,False,True,False,2026-07-26 13:35:07.040,3.0,30.2,51.1,25.3,False,2.4,136.0
2026,11,Hungarian Grand Prix,R,VER,Red Bull Racing,24.0,2.0,HARD,10.0,85.027,29.778,30.975,24.274,291.0,240.0,260.0,318.0,1,True,False,True,False,2026-07-26 13:36:32.113,3.0,30.2,44.2,25.8,False,2.0,100.0
2026,11,Hungarian Grand Prix,R,VER,Red Bull Racing,25.0,2.0,HARD,11.0,85.172,29.891,31.027,24.254,295.0,240.0,261.0,318.0,1,True,False,True,False,2026-07-26 13:37:57.140,3.0,30.2,52.1,25.6,False,0.5,143.0
2026,11,Hungarian Grand Prix,R,VER,Red Bull Racing,26.0,2.0,HARD,12.0,85.446,29.859,31.127,24.46,293.0,240.0,260.0,318.0,1,True,False,True,False,2026-07-26 13:39:22.312,3.0,30.2,51.8,25.7,False,2.4,83.0
2026,11,Hungarian Grand Prix,R,VER,Red Bull Racing,27.0,2.0,HARD,13.0,85.47,29.997,31.019,24.454,295.0,240.0,260.0,318.0,1,True,False,True,False,2026-07-26 13:40:47.758,3.0,30.4,52.7,26.0,False,3.0,132.0
2026,11,Hungarian Grand Prix,R,VER,Red Bull Racing,28.0,2.0,HARD,14.0,85.114,29.674,30.982,24.458,296.0,239.0,260.0,320.0,1,True,False,True,False,2026-07-26 13:42:13.228,3.0,30.7,51.2,24.5,False,2.7,97.0
2026,11,Hungarian Grand Prix,R,VER,Red Bull Racing,29.0,2.0,HARD,15.0,85.496,29.912,31.101,24.483,295.0,241.0,262.0,319.0,1,True,False,True,False,2026-07-26 13:43:38.342,3.0,30.7,52.5,25.1,False,2.4,161.0
2026,11,Hungarian Grand Prix,R,VER,Red Bull Racing,30.0,2.0,HARD,16.0,85.064,29.787,30.927,24.35,294.0,243.0,262.0,320.0,1,True,False,True,False,2026-07-26 13:45:03.838,3.0,30.7,50.7,24.5,False,1.7,206.0
2026,11,Hungarian Grand Prix,R,VER,Red Bull Racing,31.0,2.0,HARD,17.0,85.398,29.904,30.949,24.545,297.0,240.0,262.0,320.0,1,True,False,True,False,2026-07-26 13:46:28.902,3.0,29.8,50.7,24.5,False,1.7,206.0
2026,11,Hungarian Grand Prix,R,VER,Red Bull Racing,32.0,2.0,HARD,18.0,85.494,29.712,31.039,24.743,296.0,237.0,262.0,320.0,1,True,False,True,False,2026-07-26 13:47:54.300,3.0,30.2,52.5,25.6,False,1.2,124.0
2026,11,Hungarian Grand Prix,R,VER,Red Bull Racing,33.0,2.0,HARD,19.0,85.772,30.074,31.125,24.573,300.0,242.0,261.0,329.0,1,True,False,True,False,2026-07-26 13:49:19.794,3.0,30.2,50.8,25.0,False,2.8,105.0
2026,11,Hungarian Grand Prix,R,VER,Red Bull Racing,34.0,2.0,HARD,20.0,85.394,29.892,30.995,24.507,299.0,240.0,261.0,322.0,1,True,False,True,False,2026-07-26 13:50:45.566,2.0,30.2,51.2,25.1,False,1.4,70.0
2026,11,Hungarian Grand Prix,R,VER,Red Bull Racing,35.0,2.0,HARD,21.0,85.763,29.824,31.45,24.489,298.0,240.0,260.0,323.0,1,True,False,True,False,2026-07-26 13:52:10.960,2.0,30.4,51.3,25.6,False,3.5,109.0
2026,11,Hungarian Grand Prix,R,VER,Red Bull Racing,36.0,2.0,HARD,22.0,85.424,29.777,31.205,24.442,296.0,240.0,261.0,321.0,1,True,False,True,False,2026-07-26 13:53:36.723,2.0,30.4,52.5,25.3,False,1.6,113.0
2026,11,Hungarian Grand Prix,R,VER,Red Bull Racing,37.0,2.0,HARD,23.0,86.041,30.06,31.402,24.579,295.0,238.0,261.0,318.0,1,True,False,True,False,2026-07-26 13:55:02.147,2.0,30.2,52.1,25.8,False,2.7,104.0
2026,11,Hungarian Grand Prix,R,VER,Red Bull Racing,38.0,2.0,HARD,24.0,85.724,29.892,31.331,24.501,296.0,240.0,261.0,319.0,1,True,False,True,False,2026-07-26 13:56:28.188,2.0,30.4,52.0,25.6,False,2.7,108.0
2026,11,Hungarian Grand Prix,R,VER,Red Bull Racing,39.0,2.0,HARD,25.0,85.712,29.937,31.289,24.486,295.0,240.0,261.0,317.0,12,True,False,True,False,2026-07-26 13:57:53.912,2.0,30.4,51.4,25.0,False,4.7,107.0
2026,11,Hungarian Grand Prix,R,VER,Red Bull Racing,40.0,2.0,HARD,26.0,85.63,30.047,31.183,24.4,283.0,240.0,261.0,317.0,1,True,False,True,False,2026-07-26 13:59:19.624,1.0,31.0,51.4,25.0,False,4.7,107.0
2026,11,Hungarian Grand Prix,R,VER,Red Bull Racing,41.0,2.0,HARD,27.0,88.414,30.085,31.206,27.123,295.0,241.0,,317.0,1,True,False,False,False,2026-07-26 14:00:45.254,2.0,30.4,52.1,25.9,False,2.4,125.0
2026,11,Hungarian Grand Prix,R,VER,Red Bull Racing,42.0,3.0,SOFT,4.0,103.103,48.142,31.153,23.808,289.0,236.0,264.0,317.0,1,False,False,False,False,2026-07-26 14:02:13.668,5.0,30.5,52.7,25.4,False,2.0,120.0
2026,11,Hungarian Grand Prix,R,VER,Red Bull Racing,43.0,3.0,SOFT,5.0,84.373,29.659,30.859,23.855,289.0,242.0,264.0,322.0,1,False,True,True,False,2026-07-26 14:03:56.771,5.0,30.6,52.7,25.2,False,2.2,120.0
2026,11,Hungarian Grand Prix,R,VER,Red Bull Racing,44.0,3.0,SOFT,6.0,84.514,29.543,30.973,23.998,289.0,242.0,264.0,318.0,1,False,False,True,False,2026-07-26 14:05:21.144,5.0,30.6,52.3,25.2,False,4.3,145.0
2026,11,Hungarian Grand Prix,R,VER,Red Bull Racing,45.0,3.0,SOFT,7.0,83.97,29.499,30.574,23.897,293.0,240.0,263.0,321.0,1,False,True,True,False,2026-07-26 14:06:45.658,5.0,30.7,51.0,25.0,False,2.3,93.0
2026,11,Hungarian Grand Prix,R,VER,Red Bull Racing,46.0,3.0,SOFT,8.0,84.094,29.468,30.623,24.003,290.0,243.0,262.0,319.0,1,False,False,True,False,2026-07-26 14:08:09.628,5.0,30.7,51.7,25.2,False,0.8,128.0
2026,11,Hungarian Grand Prix,R,VER,Red Bull Racing,47.0,3.0,SOFT,9.0,83.922,29.461,30.549,23.912,293.0,241.0,264.0,321.0,1,False,True,True,False,2026-07-26 14:09:33.722,5.0,30.7,52.8,25.5,False,2.0,134.0
2026,11,Hungarian Grand Prix,R,VER,Red Bull Racing,48.0,3.0,SOFT,10.0,83.783,29.461,30.517,23.805,293.0,244.0,262.0,322.0,1,False,True,True,False,2026-07-26 14:10:57.644,5.0,30.8,51.4,25.2,False,3.0,175.0
2026,11,Hungarian Grand Prix,R,VER,Red Bull Racing,49.0,3.0,SOFT,11.0,83.978,29.459,30.426,24.093,297.0,244.0,262.0,319.0,1,False,False,True,False,2026-07-26 14:12:21.427,5.0,30.7,51.1,25.7,False,3.1,128.0
2026,11,Hungarian Grand Prix,R,VER,Red Bull Racing,50.0,3.0,SOFT,12.0,83.888,29.413,30.464,24.011,296.0,244.0,260.0,322.0,12,False,False,True,False,2026-07-26 14:13:45.405,5.0,30.8,50.5,25.9,False,0.5,58.0
2026,11,Hungarian Grand Prix,R,VER,Red Bull Racing,51.0,3.0,SOFT,13.0,83.86,29.391,30.527,23.942,295.0,245.0,263.0,318.0,1,False,False,True,False,2026-07-26 14:15:09.293,5.0,30.9,51.0,25.4,False,2.8,153.0
2026,11,Hungarian Grand Prix,R,VER,Red Bull Racing,52.0,3.0,SOFT,14.0,83.925,29.492,30.392,24.041,296.0,244.0,262.0,320.0,1,False,False,True,False,2026-07-26 14:16:33.153,5.0,30.8,51.6,25.6,False,1.4,79.0
2026,11,Hungarian Grand Prix,R,VER,Red Bull Racing,53.0,3.0,SOFT,15.0,83.925,29.423,30.466,24.036,299.0,242.0,264.0,320.0,1,False,False,True,False,2026-07-26 14:17:57.078,5.0,30.9,51.4,25.4,False,1.4,101.0
2026,11,Hungarian Grand Prix,R,VER,Red Bull Racing,54.0,3.0,SOFT,16.0,83.954,29.332,30.541,24.081,300.0,244.0,264.0,320.0,1,False,False,True,False,2026-07-26 14:19:21.003,4.0,30.9,52.9,25.8,False,0.6,121.0
2026,11,Hungarian Grand Prix,R,VER,Red Bull Racing,55.0,3.0,SOFT,17.0,83.884,29.424,30.444,24.016,300.0,243.0,266.0,325.0,1,False,False,True,False,2026-07-26 14:20:44.957,4.0,31.0,52.3,24.8,False,2.2,195.0
2026,11,Hungarian Grand Prix,R,VER,Red Bull Racing,56.0,3.0,SOFT,18.0,97.468,29.795,36.281,31.392,297.0,216.0,191.0,325.0,126,False,False,False,False,2026-07-26 14:22:08.841,3.0,31.1,52.3,25.1,False,3.0,147.0
2026,11,Hungarian Grand Prix,R,VER,Red Bull Racing,57.0,3.0,SOFT,19.0,94.468,39.803,30.861,23.804,211.0,247.0,264.0,265.0,671,False,False,False,False,2026-07-26 14:23:46.309,2.0,31.3,51.6,24.6,False,1.8,108.0
2026,11,Hungarian Grand Prix,R,VER,Red Bull Racing,58.0,3.0,SOFT,20.0,83.652,29.227,30.489,23.936,302.0,246.0,265.0,325.0,1,False,True,True,False,2026-07-26 14:25:20.777,2.0,31.1,52.4,24.7,False,1.1,151.0
2026,11,Hungarian Grand Prix,R,VER,Red Bull Racing,59.0,3.0,SOFT,21.0,83.483,29.425,30.261,23.797,301.0,246.0,266.0,325.0,1,False,True,True,False,2026-07-26 14:26:44.429,2.0,30.9,52.4,24.7,False,1.1,151.0
2026,11,Hungarian Grand Prix,R,VER,Red Bull Racing,60.0,3.0,SOFT,22.0,83.995,29.331,30.482,24.182,302.0,245.0,267.0,321.0,1,False,False,True,False,2026-07-26 14:28:07.912,2.0,30.8,52.1,25.1,False,3.5,156.0
2026,11,Hungarian Grand Prix,R,VER,Red Bull Racing,61.0,3.0,SOFT,23.0,84.073,29.337,30.653,24.083,304.0,243.0,265.0,335.0,1,False,False,True,False,2026-07-26 14:29:31.907,2.0,31.3,51.9,25.7,False,3.3,156.0
2026,11,Hungarian Grand Prix,R,VER,Red Bull Racing,62.0,3.0,SOFT,24.0,84.262,29.162,30.631,24.469,301.0,245.0,265.0,325.0,1,False,False,True,False,2026-07-26 14:30:55.980,2.0,31.3,49.6,25.5,False,2.3,115.0
2026,11,Hungarian Grand Prix,R,VER,Red Bull Racing,63.0,3.0,SOFT,25.0,84.066,29.729,30.318,24.019,302.0,247.0,263.0,329.0,1,False,False,True,False,2026-07-26 14:32:20.242,2.0,31.0,49.8,25.9,False,1.6,111.0
2026,11,Hungarian Grand Prix,R,VER,Red Bull Racing,64.0,3.0,SOFT,26.0,83.587,29.476,30.192,23.919,298.0,249.0,266.0,319.0,1,False,False,True,False,2026-07-26 14:33:44.308,2.0,31.0,50.7,26.1,False,1.7,115.0
2026,11,Hungarian Grand Prix,R,VER,Red Bull Racing,65.0,3.0,SOFT,27.0,83.445,29.267,30.186,23.992,295.0,246.0,264.0,322.0,1,False,True,True,False,2026-07-26 14:35:07.895,2.0,30.7,50.6,25.9,False,3.1,107.0
2026,11,Hungarian Grand Prix,R,VER,Red Bull Racing,66.0,3.0,SOFT,28.0,83.433,29.159,30.429,23.845,299.0,246.0,265.0,322.0,1,False,True,True,False,2026-07-26 14:36:31.340,2.0,30.8,51.3,26.2,False,3.3,132.0
2026,11,Hungarian Grand Prix,R,VER,Red Bull Racing,67.0,3.0,SOFT,29.0,83.667,29.398,30.36,23.909,299.0,248.0,266.0,318.0,1,False,False,True,False,2026-07-26 14:37:54.773,2.0,31.0,50.5,25.6,False,2.0,106.0
2026,11,Hungarian Grand Prix,R,VER,Red Bull Racing,68.0,3.0,SOFT,30.0,83.477,29.296,30.263,23.918,298.0,247.0,266.0,323.0,1,False,False,True,False,2026-07-26 14:39:18.440,2.0,31.1,51.2,25.8,False,3.5,130.0
2026,11,Hungarian Grand Prix,R,VER,Red Bull Racing,69.0,3.0,SOFT,31.0,83.709,29.285,30.337,24.087,303.0,246.0,266.0,323.0,1,False,False,True,False,2026-07-26 14:40:41.917,2.0,31.1,50.3,25.4,False,1.8,116.0
2026,11,Hungarian Grand Prix,R,VER,Red Bull Racing,70.0,3.0,SOFT,32.0,84.22,29.425,30.537,24.258,300.0,245.0,259.0,324.0,1,False,False,True,False,2026-07-26 14:42:05.626,2.0,31.0,51.1,25.9,False,1.3,148.0
2026,11,Hungarian Grand Prix,R,LAW,Racing Bulls,1.0,1.0,MEDIUM,1.0,95.009,,33.708,25.085,248.0,239.0,261.0,279.0,1,True,False,False,False,2026-07-26 13:03:18.361,8.0,30.0,51.3,25.6,False,1.9,145.0
2026,11,Hungarian Grand Prix,R,LAW,Racing Bulls,2.0,1.0,MEDIUM,2.0,87.163,30.366,32.052,24.745,271.0,236.0,258.0,321.0,1,True,True,True,False,2026-07-26 13:04:53.595,8.0,29.8,50.6,25.9,False,2.3,126.0
2026,11,Hungarian Grand Prix,R,LAW,Racing Bulls,3.0,1.0,MEDIUM,3.0,86.38,29.932,31.652,24.796,281.0,238.0,261.0,323.0,1,True,True,True,False,2026-07-26 13:06:20.758,8.0,29.7,49.7,26.2,False,2.1,79.0
2026,11,Hungarian Grand Prix,R,LAW,Racing Bulls,4.0,1.0,MEDIUM,4.0,86.605,30.002,31.846,24.757,283.0,236.0,257.0,320.0,1,True,False,True,False,2026-07-26 13:07:47.138,8.0,29.8,48.6,25.8,False,3.1,149.0
2026,11,Hungarian Grand Prix,R,LAW,Racing Bulls,5.0,1.0,MEDIUM,5.0,86.739,30.207,31.648,24.884,284.0,239.0,257.0,320.0,1,True,False,True,False,2026-07-26 13:09:13.743,8.0,29.6,50.7,26.1,False,1.4,118.0
2026,11,Hungarian Grand Prix,R,LAW,Racing Bulls,6.0,1.0,MEDIUM,6.0,86.82,30.184,31.824,24.812,282.0,235.0,258.0,318.0,1,True,False,True,False,2026-07-26 13:10:40.482,8.0,29.7,50.4,25.6,False,3.2,110.0
2026,11,Hungarian Grand Prix,R,LAW,Racing Bulls,7.0,1.0,MEDIUM,7.0,86.841,30.231,31.834,24.776,283.0,236.0,259.0,320.0,1,True,False,True,False,2026-07-26 13:12:07.302,8.0,29.7,50.6,26.0,False,2.0,138.0
2026,11,Hungarian Grand Prix,R,LAW,Racing Bulls,8.0,1.0,MEDIUM,8.0,86.608,30.067,31.709,24.832,292.0,235.0,259.0,317.0,1,True,False,True,False,2026-07-26 13:13:34.143,8.0,29.8,50.1,25.3,False,0.9,134.0
2026,11,Hungarian Grand Prix,R,LAW,Racing Bulls,9.0,1.0,MEDIUM,9.0,86.612,30.022,31.734,24.856,289.0,235.0,258.0,320.0,1,True,False,True,False,2026-07-26 13:15:00.751,8.0,29.7,49.2,26.4,False,3.7,83.0
2026,11,Hungarian Grand Prix,R,LAW,Racing Bulls,10.0,1.0,MEDIUM,10.0,86.939,30.191,31.852,24.896,286.0,235.0,258.0,318.0,1,True,False,True,False,2026-07-26 13:16:27.363,8.0,29.7,51.5,26.1,False,2.3,119.0
2026,11,Hungarian Grand Prix,R,LAW,Racing Bulls,11.0,1.0,MEDIUM,11.0,86.861,30.168,31.672,25.021,284.0,235.0,257.0,319.0,1,True,False,True,False,2026-07-26 13:17:54.302,8.0,29.9,51.9,26.1,False,2.1,104.0
2026,11,Hungarian Grand Prix,R,LAW,Racing Bulls,12.0,1.0,MEDIUM,12.0,87.095,30.334,31.826999999999998,24.934,285.0,235.0,257.0,317.0,1,True,False,True,False,2026-07-26 13:19:21.163,8.0,30.0,52.3,26.1,False,2.6,115.0
2026,11,Hungarian Grand Prix,R,LAW,Racing Bulls,13.0,1.0,MEDIUM,13.0,86.918,30.213,31.774,24.931,288.0,236.0,258.0,318.0,1,True,False,True,False,2026-07-26 13:20:48.258,8.0,30.1,53.1,26.1,False,1.9,119.0
2026,11,Hungarian Grand Prix,R,LAW,Racing Bulls,14.0,1.0,MEDIUM,14.0,87.111,30.014,31.979,25.118,284.0,236.0,256.0,317.0,1,True,False,True,False,2026-07-26 13:22:15.176,7.0,30.2,52.6,25.8,False,3.3,134.0
2026,11,Hungarian Grand Prix,R,LAW,Racing Bulls,15.0,1.0,MEDIUM,15.0,87.54,30.149,32.171,25.22,284.0,230.0,259.0,319.0,1,True,False,True,False,2026-07-26 13:23:42.287,7.0,30.4,51.5,24.9,False,4.4,157.0
2026,11,Hungarian Grand Prix,R,LAW,Racing Bulls,16.0,1.0,MEDIUM,16.0,88.845,31.239,32.504,25.102,276.0,231.0,259.0,323.0,1,True,False,True,False,2026-07-26 13:25:09.827,8.0,30.4,52.0,25.1,False,2.0,100.0
2026,11,Hungarian Grand Prix,R,LAW,Racing Bulls,17.0,1.0,MEDIUM,17.0,87.906,30.245,32.201,25.46,283.0,235.0,257.0,321.0,1,True,False,True,False,2026-07-26 13:26:38.672,8.0,30.4,50.5,25.2,False,4.3,102.0
2026,11,Hungarian Grand Prix,R,LAW,Racing Bulls,18.0,1.0,MEDIUM,18.0,87.701,30.293,32.156,25.252,284.0,235.0,257.0,324.0,1,True,False,True,False,2026-07-26 13:28:06.578,8.0,30.4,52.0,25.8,False,2.7,163.0
2026,11,Hungarian Grand Prix,R,LAW,Racing Bulls,19.0,1.0,MEDIUM,19.0,87.559,30.376,32.094,25.089,283.0,234.0,257.0,319.0,1,True,False,True,False,2026-07-26 13:29:34.279,8.0,30.4,52.0,25.5,False,2.9,128.0
2026,11,Hungarian Grand Prix,R,LAW,Racing Bulls,20.0,1.0,MEDIUM,20.0,87.683,30.206,32.161,25.316,287.0,235.0,256.0,319.0,1,True,False,True,False,2026-07-26 13:31:01.838,7.0,30.5,52.0,25.4,False,2.1,129.0
2026,11,Hungarian Grand Prix,R,LAW,Racing Bulls,21.0,1.0,MEDIUM,21.0,90.678,30.908,32.413,27.357,275.0,236.0,,319.0,1,True,False,False,False,2026-07-26 13:32:29.521,8.0,30.3,52.5,25.2,False,3.7,109.0
2026,11,Hungarian Grand Prix,R,LAW,Racing Bulls,22.0,2.0,HARD,1.0,105.587,49.025,32.089,24.473,278.0,236.0,260.0,319.0,1,True,False,False,False,2026-07-26 13:34:00.199,11.0,30.2,52.0,25.0,False,2.8,107.0
2026,11,Hungarian Grand Prix,R,LAW,Racing Bulls,23.0,2.0,HARD,2.0,86.344,29.753,31.982,24.609,281.0,235.0,260.0,321.0,1,True,True,True,False,2026-07-26 13:35:45.786,11.0,30.2,51.1,25.3,False,2.4,136.0
2026,11,Hungarian Grand Prix,R,LAW,Racing Bulls,24.0,2.0,HARD,3.0,85.714,29.691,31.535,24.488,286.0,237.0,261.0,333.0,1,True,True,True,False,2026-07-26 13:37:12.130,10.0,30.2,52.1,25.6,False,2.4,140.0
2026,11,Hungarian Grand Prix,R,LAW,Racing Bulls,25.0,2.0,HARD,4.0,86.149,29.75,31.721,24.678,285.0,236.0,260.0,320.0,1,True,False,True,False,2026-07-26 13:38:37.844,10.0,30.2,52.1,25.6,False,0.5,143.0
2026,11,Hungarian Grand Prix,R,LAW,Racing Bulls,26.0,2.0,HARD,5.0,85.847,29.799,31.462,24.586,287.0,237.0,260.0,316.0,1,True,False,True,False,2026-07-26 13:40:03.993,10.0,30.4,52.7,26.0,False,3.0,132.0
2026,11,Hungarian Grand Prix,R,LAW,Racing Bulls,27.0,2.0,HARD,6.0,86.09,29.791,31.706,24.593,285.0,237.0,261.0,320.0,1,True,False,True,False,2026-07-26 13:41:29.840,10.0,30.7,52.6,25.0,False,2.5,152.0
2026,11,Hungarian Grand Prix,R,LAW,Racing Bulls,28.0,2.0,HARD,7.0,87.8,30.562,32.295,24.943,278.0,235.0,261.0,321.0,1,True,False,True,False,2026-07-26 13:42:55.930,10.0,30.7,52.5,25.1,False,2.4,161.0
2026,11,Hungarian Grand Prix,R,LAW,Racing Bulls,29.0,2.0,HARD,8.0,86.521,29.83,31.863,24.828,286.0,238.0,260.0,322.0,1,True,False,True,False,2026-07-26 13:44:23.730,9.0,30.8,51.0,24.8,False,4.1,180.0
2026,11,Hungarian Grand Prix,R,LAW,Racing Bulls,30.0,2.0,HARD,9.0,86.374,30.02,31.724,24.63,284.0,238.0,260.0,320.0,1,True,False,True,False,2026-07-26 13:45:50.251,9.0,29.8,50.7,24.5,False,1.7,206.0
2026,11,Hungarian Grand Prix,R,LAW,Racing Bulls,31.0,2.0,HARD,10.0,86.09,29.791,31.565,24.734,291.0,235.0,261.0,320.0,1,True,False,True,False,2026-07-26 13:47:16.625,9.0,30.3,52.2,25.3,False,1.7,105.0
2026,11,Hungarian Grand Prix,R,LAW,Racing Bulls,32.0,2.0,HARD,11.0,86.1,29.826999999999998,31.576999999999998,24.696,288.0,238.0,259.0,319.0,1,True,False,True,False,2026-07-26 13:48:42.715,9.0,30.2,52.5,25.6,False,1.2,124.0
2026,11,Hungarian Grand Prix,R,LAW,Racing Bulls,33.0,2.0,HARD,12.0,86.267,29.97,31.598,24.699,288.0,236.0,259.0,318.0,1,True,False,True,False,2026-07-26 13:50:08.815,9.0,30.2,51.2,25.1,False,1.4,70.0
2026,11,Hungarian Grand Prix,R,LAW,Racing Bulls,34.0,2.0,HARD,13.0,86.113,29.739,31.691,24.683,290.0,236.0,259.0,319.0,1,True,False,True,False,2026-07-26 13:51:35.082,9.0,30.3,52.3,26.0,False,1.1,97.0
2026,11,Hungarian Grand Prix,R,LAW,Racing Bulls,35.0,2.0,HARD,14.0,86.273,29.925,31.668,24.68,286.0,237.0,259.0,319.0,1,True,False,True,False,2026-07-26 13:53:01.195,9.0,30.4,52.5,25.3,False,1.6,113.0
2026,11,Hungarian Grand Prix,R,LAW,Racing Bulls,36.0,2.0,HARD,15.0,86.206,29.926,31.568,24.712,289.0,235.0,260.0,319.0,1,True,False,True,False,2026-07-26 13:54:27.468,9.0,30.3,51.5,25.1,False,1.1,155.0
2026,11,Hungarian Grand Prix,R,LAW,Racing Bulls,37.0,2.0,HARD,16.0,85.966,29.798000000000002,31.541,24.627,289.0,237.0,260.0,319.0,1,True,False,True,False,2026-07-26 13:55:53.674,9.0,30.4,52.0,25.6,False,2.7,108.0
2026,11,Hungarian Grand Prix,R,LAW,Racing Bulls,38.0,2.0,HARD,17.0,86.453,29.885,31.74,24.828,288.0,236.0,259.0,319.0,12,True,False,True,False,2026-07-26 13:57:19.640,9.0,30.4,52.8,25.2,False,4.7,118.0
2026,11,Hungarian Grand Prix,R,LAW,Racing Bulls,39.0,2.0,HARD,18.0,86.46,29.958,31.69,24.812,289.0,237.0,260.0,320.0,1,True,False,True,False,2026-07-26 13:58:46.093,9.0,30.4,51.4,25.0,False,4.7,107.0
2026,11,Hungarian Grand Prix,R,LAW,Racing Bulls,40.0,2.0,HARD,19.0,86.674,30.106,31.712,24.856,291.0,236.0,259.0,321.0,1,True,False,True,False,2026-07-26 14:00:12.553,9.0,30.4,52.1,25.9,False,2.4,125.0
2026,11,Hungarian Grand Prix,R,LAW,Racing Bulls,41.0,2.0,HARD,20.0,86.529,29.858,31.781,24.89,288.0,236.0,260.0,321.0,1,True,False,True,False,2026-07-26 14:01:39.227,9.0,30.5,53.1,25.9,False,3.2,131.0
2026,11,Hungarian Grand Prix,R,LAW,Racing Bulls,42.0,2.0,HARD,21.0,88.645,30.098,31.685,26.862,280.0,243.0,,322.0,1,True,False,False,False,2026-07-26 14:03:05.756,9.0,30.6,52.9,25.5,False,3.2,139.0
2026,11,Hungarian Grand Prix,R,LAW,Racing Bulls,43.0,3.0,SOFT,1.0,103.497,48.166,31.215,24.116,277.0,240.0,262.0,322.0,1,True,False,False,False,2026-07-26 14:04:34.401,11.0,30.6,52.7,25.2,False,2.2,120.0
2026,11,Hungarian Grand Prix,R,LAW,Racing Bulls,44.0,3.0,SOFT,2.0,84.855,29.57,31.051,24.234,291.0,240.0,263.0,320.0,1,True,True,True,False,2026-07-26 14:06:17.898,11.0,30.7,51.0,25.0,False,2.3,93.0
2026,11,Hungarian Grand Prix,R,LAW,Racing Bulls,45.0,3.0,SOFT,3.0,85.023,29.399,31.223,24.401,290.0,240.0,262.0,317.0,1,True,False,True,False,2026-07-26 14:07:42.753,11.0,30.7,51.7,25.1,False,1.7,130.0
2026,11,Hungarian Grand Prix,R,LAW,Racing Bulls,46.0,3.0,SOFT,4.0,85.527,29.458,31.312,24.757,289.0,239.0,261.0,322.0,1,True,False,True,False,2026-07-26 14:09:07.776,11.0,30.7,52.8,25.5,False,2.0,134.0
2026,11,Hungarian Grand Prix,R,LAW,Racing Bulls,47.0,3.0,SOFT,5.0,85.276,29.675,31.265,24.336,284.0,240.0,263.0,321.0,1,True,False,True,False,2026-07-26 14:10:33.303,11.0,30.7,51.0,25.7,False,3.0,134.0
2026,11,Hungarian Grand Prix,R,LAW,Racing Bulls,48.0,3.0,SOFT,6.0,85.165,29.545,31.197,24.423,290.0,239.0,263.0,321.0,1,True,False,True,False,2026-07-26 14:11:58.579,11.0,30.7,51.1,25.7,False,3.1,128.0
2026,11,Hungarian Grand Prix,R,LAW,Racing Bulls,49.0,3.0,SOFT,7.0,85.209,29.51,31.225,24.474,290.0,238.0,263.0,322.0,12,True,False,True,False,2026-07-26 14:13:23.744,11.0,30.8,50.5,25.9,False,0.5,58.0
2026,11,Hungarian Grand Prix,R,LAW,Racing Bulls,50.0,3.0,SOFT,8.0,85.066,29.42,31.148,24.498,294.0,237.0,261.0,322.0,1,True,False,True,False,2026-07-26 14:14:48.953,11.0,30.9,51.0,25.4,False,2.8,153.0
2026,11,Hungarian Grand Prix,R,LAW,Racing Bulls,51.0,3.0,SOFT,9.0,87.413,29.554,33.223,24.636,290.0,240.0,263.0,322.0,1,True,False,True,False,2026-07-26 14:16:14.019,11.0,30.8,51.6,25.6,False,1.4,79.0
2026,11,Hungarian Grand Prix,R,LAW,Racing Bulls,52.0,3.0,SOFT,10.0,85.041,29.473,31.173,24.395,295.0,240.0,264.0,324.0,1,True,False,True,False,2026-07-26 14:17:41.432,11.0,30.8,52.5,25.8,False,1.3,123.0
2026,11,Hungarian Grand Prix,R,LAW,Racing Bulls,53.0,3.0,SOFT,11.0,86.116,30.364,31.165,24.587,293.0,241.0,262.0,324.0,1,True,False,True,False,2026-07-26 14:19:06.473,11.0,30.9,52.9,25.8,False,0.6,121.0
2026,11,Hungarian Grand Prix,R,LAW,Racing Bulls,54.0,3.0,SOFT,12.0,85.17,29.56,31.111,24.499,296.0,241.0,264.0,324.0,1,True,False,True,False,2026-07-26 14:20:32.589,11.0,31.0,52.3,24.8,False,2.2,195.0
2026,11,Hungarian Grand Prix,R,LAW,Racing Bulls,55.0,3.0,SOFT,13.0,94.166,29.682,32.098,32.386,296.0,122.0,212.0,326.0,126,True,False,False,False,2026-07-26 14:21:57.759,11.0,31.1,52.3,25.1,False,3.0,147.0
2026,11,Hungarian Grand Prix,R,LAW,Racing Bulls,56.0,3.0,SOFT,14.0,98.51,42.08,32.158,24.272,255.0,247.0,263.0,222.0,671,True,False,False,False,2026-07-26 14:23:31.925,10.0,31.3,51.6,24.6,False,1.8,108.0
2026,11,Hungarian Grand Prix,R,LAW,Racing Bulls,57.0,3.0,SOFT,15.0,85.011,29.71,30.994,24.307,294.0,242.0,263.0,324.0,1,True,False,True,False,2026-07-26 14:25:10.435,10.0,31.1,52.4,24.7,False,1.1,151.0
2026,11,Hungarian Grand Prix,R,LAW,Racing Bulls,58.0,3.0,SOFT,16.0,85.537,29.366,31.595,24.576,297.0,240.0,262.0,330.0,1,True,False,True,False,2026-07-26 14:26:35.446,10.0,30.9,52.4,24.7,False,1.1,151.0
2026,11,Hungarian Grand Prix,R,LAW,Racing Bulls,59.0,3.0,SOFT,17.0,85.955,29.269,31.1,25.586,295.0,238.0,263.0,339.0,1,True,False,True,False,2026-07-26 14:28:00.983,9.0,30.8,52.1,25.1,False,3.5,156.0
2026,11,Hungarian Grand Prix,R,LAW,Racing Bulls,60.0,3.0,SOFT,18.0,85.439,29.612,31.135,24.692,297.0,243.0,260.0,329.0,1,True,False,True,False,2026-07-26 14:29:26.938,9.0,31.3,51.9,25.7,False,3.3,156.0
2026,11,Hungarian Grand Prix,R,LAW,Racing Bulls,61.0,3.0,SOFT,19.0,87.178,30.122,32.184,24.872,270.0,241.0,255.0,332.0,1,True,False,True,False,2026-07-26 14:30:52.377,9.0,31.3,49.6,25.5,False,2.3,115.0
2026,11,Hungarian Grand Prix,R,LAW,Racing Bulls,62.0,3.0,SOFT,20.0,87.396,29.587,32.251,25.558,290.0,242.0,263.0,333.0,1,True,False,True,False,2026-07-26 14:32:19.555,8.0,31.0,49.8,25.9,False,1.6,111.0
2026,11,Hungarian Grand Prix,R,LAW,Racing Bulls,63.0,3.0,SOFT,21.0,85.422,30.243,30.931,24.248,281.0,245.0,265.0,322.0,1,True,False,True,False,2026-07-26 14:33:46.951,8.0,31.0,50.7,26.1,False,1.7,115.0
2026,11,Hungarian Grand Prix,R,LAW,Racing Bulls,64.0,3.0,SOFT,22.0,83.9,29.303,30.343,24.254,290.0,245.0,264.0,322.0,1,True,True,True,False,2026-07-26 14:35:12.373,8.0,30.7,50.6,25.9,False,3.1,107.0
2026,11,Hungarian Grand Prix,R,LAW,Racing Bulls,65.0,3.0,SOFT,23.0,86.929,29.137,33.301,24.491,297.0,241.0,264.0,322.0,1,True,False,True,False,2026-07-26 14:36:36.273,8.0,30.8,51.3,26.2,False,3.3,132.0
2026,11,Hungarian Grand Prix,R,LAW,Racing Bulls,66.0,3.0,SOFT,24.0,84.409,29.337,30.75,24.322,300.0,244.0,264.0,325.0,1,True,False,True,False,2026-07-26 14:38:03.202,8.0,31.0,50.5,25.6,False,2.0,106.0
2026,11,Hungarian Grand Prix,R,LAW,Racing Bulls,67.0,3.0,SOFT,25.0,86.07,29.275,31.113,25.682,298.0,198.0,262.0,324.0,1,True,False,True,False,2026-07-26 14:39:27.611,8.0,31.1,51.2,25.8,False,3.5,130.0
2026,11,Hungarian Grand Prix,R,LAW,Racing Bulls,68.0,3.0,SOFT,26.0,84.445,29.373,30.692,24.38,301.0,244.0,264.0,331.0,1,True,False,True,False,2026-07-26 14:40:53.681,8.0,31.5,50.3,25.4,False,1.8,116.0
2026,11,Hungarian Grand Prix,R,LAW,Racing Bulls,69.0,3.0,SOFT,27.0,84.673,29.542,30.783,24.348,303.0,241.0,258.0,325.0,1,True,False,True,False,2026-07-26 14:42:18.126,8.0,31.0,51.1,25.9,False,1.3,148.0
2026,11,Hungarian Grand Prix,R,OCO,Haas F1 Team,1.0,1.0,MEDIUM,1.0,96.871,,34.07,25.224,231.0,232.0,260.0,287.0,1,True,False,False,False,2026-07-26 13:03:18.361,12.0,30.0,51.3,25.6,False,1.9,145.0
2026,11,Hungarian Grand Prix,R,OCO,Haas F1 Team,2.0,1.0,MEDIUM,2.0,88.696,30.477,32.909,25.31,262.0,235.0,258.0,330.0,1,True,True,True,False,2026-07-26 13:04:55.457,12.0,29.8,50.6,25.9,False,2.3,126.0
2026,11,Hungarian Grand Prix,R,OCO,Haas F1 Team,3.0,1.0,MEDIUM,3.0,87.489,30.043,32.363,25.083,279.0,233.0,258.0,330.0,1,True,True,True,False,2026-07-26 13:06:24.153,12.0,29.7,49.7,26.2,False,2.1,79.0
2026,11,Hungarian Grand Prix,R,OCO,Haas F1 Team,4.0,1.0,MEDIUM,4.0,87.649,30.235,32.253,25.161,279.0,233.0,256.0,328.0,1,True,False,True,False,2026-07-26 13:07:51.642,12.0,29.7,50.3,26.1,False,1.1,116.0
2026,11,Hungarian Grand Prix,R,OCO,Haas F1 Team,5.0,1.0,MEDIUM,5.0,87.493,30.282,32.109,25.102,278.0,237.0,258.0,326.0,1,True,False,True,False,2026-07-26 13:09:19.291,12.0,29.6,50.7,26.1,False,1.4,118.0
2026,11,Hungarian Grand Prix,R,OCO,Haas F1 Team,6.0,1.0,MEDIUM,6.0,87.68,30.404,32.18,25.096,278.0,235.0,258.0,319.0,1,True,False,True,False,2026-07-26 13:10:46.784,12.0,29.7,50.4,25.6,False,3.2,110.0
2026,11,Hungarian Grand Prix,R,OCO,Haas F1 Team,7.0,1.0,MEDIUM,7.0,87.684,30.461,32.148,25.075,284.0,234.0,256.0,320.0,1,True,False,True,False,2026-07-26 13:12:14.464,12.0,29.7,50.6,26.0,False,2.0,138.0
2026,11,Hungarian Grand Prix,R,OCO,Haas F1 Team,8.0,1.0,MEDIUM,8.0,87.924,30.54,32.262,25.122,280.0,233.0,257.0,318.0,1,True,False,True,False,2026-07-26 13:13:42.148,12.0,29.8,50.1,25.3,False,0.9,134.0
2026,11,Hungarian Grand Prix,R,OCO,Haas F1 Team,9.0,1.0,MEDIUM,9.0,88.719,31.08,32.489,25.15,274.0,234.0,254.0,318.0,1,True,False,True,False,2026-07-26 13:15:10.072,13.0,29.7,49.2,26.4,False,3.7,83.0
2026,11,Hungarian Grand Prix,R,OCO,Haas F1 Team,10.0,1.0,MEDIUM,10.0,87.806,30.629,32.139,25.038,282.0,232.0,257.0,318.0,1,True,False,True,False,2026-07-26 13:16:38.791,13.0,29.7,51.5,26.1,False,2.3,119.0
2026,11,Hungarian Grand Prix,R,OCO,Haas F1 Team,11.0,1.0,MEDIUM,11.0,88.194,30.55,32.379,25.265,283.0,229.0,255.0,318.0,1,True,False,True,False,2026-07-26 13:18:06.597,13.0,29.9,51.9,26.1,False,2.1,104.0
2026,11,Hungarian Grand Prix,R,OCO,Haas F1 Team,12.0,1.0,MEDIUM,12.0,88.685,30.807,32.59,25.288,251.0,235.0,254.0,316.0,1,True,False,True,False,2026-07-26 13:19:34.791,13.0,30.0,52.3,26.1,False,2.6,115.0
2026,11,Hungarian Grand Prix,R,OCO,Haas F1 Team,13.0,1.0,MEDIUM,13.0,88.311,30.663,32.398,25.25,282.0,233.0,256.0,316.0,1,True,False,True,False,2026-07-26 13:21:03.476,13.0,30.2,53.2,25.2,False,1.2,153.0
2026,11,Hungarian Grand Prix,R,OCO,Haas F1 Team,14.0,1.0,MEDIUM,14.0,89.762,30.678,33.629,25.455,281.0,231.0,256.0,316.0,1,True,False,True,False,2026-07-26 13:22:31.787,14.0,30.2,52.6,25.8,False,3.3,134.0
2026,11,Hungarian Grand Prix,R,OCO,Haas F1 Team,15.0,1.0,MEDIUM,15.0,88.193,30.594,32.368,25.231,282.0,234.0,257.0,326.0,1,True,False,True,False,2026-07-26 13:24:01.549,14.0,30.4,51.9,25.0,False,2.9,122.0
2026,11,Hungarian Grand Prix,R,OCO,Haas F1 Team,16.0,1.0,MEDIUM,16.0,88.293,30.656,32.423,25.214,281.0,233.0,256.0,318.0,1,True,False,True,False,2026-07-26 13:25:29.742,14.0,30.4,52.0,25.1,False,2.0,100.0
2026,11,Hungarian Grand Prix,R,OCO,Haas F1 Team,17.0,1.0,MEDIUM,17.0,90.958,30.558,32.409,27.991,283.0,230.0,,317.0,1,True,False,False,False,2026-07-26 13:26:58.035,14.0,30.4,51.7,25.9,False,2.8,125.0
2026,11,Hungarian Grand Prix,R,OCO,Haas F1 Team,18.0,2.0,HARD,1.0,106.962,50.059,32.2,24.703,287.0,236.0,259.0,317.0,1,True,False,False,False,2026-07-26 13:28:28.993,20.0,30.4,52.0,25.8,False,2.7,163.0
2026,11,Hungarian Grand Prix,R,OCO,Haas F1 Team,19.0,2.0,HARD,2.0,86.962,29.967,32.204,24.791,284.0,236.0,259.0,318.0,1,True,True,True,False,2026-07-26 13:30:15.955,19.0,30.4,52.4,25.6,False,2.8,144.0
2026,11,Hungarian Grand Prix,R,OCO,Haas F1 Team,20.0,2.0,HARD,3.0,86.969,30.083,32.099,24.787,284.0,237.0,259.0,320.0,1,True,False,True,False,2026-07-26 13:31:42.917,19.0,30.5,52.0,25.4,False,2.1,129.0
2026,11,Hungarian Grand Prix,R,OCO,Haas F1 Team,21.0,2.0,HARD,4.0,87.405,30.28,32.182,24.943,281.0,236.0,258.0,320.0,1,True,False,True,False,2026-07-26 13:33:09.886,19.0,30.2,52.6,25.2,False,2.7,114.0
2026,11,Hungarian Grand Prix,R,OCO,Haas F1 Team,22.0,2.0,HARD,5.0,87.081,30.187,32.021,24.873,283.0,236.0,259.0,320.0,1,True,False,True,False,2026-07-26 13:34:37.291,19.0,30.2,52.0,25.0,False,2.8,107.0
2026,11,Hungarian Grand Prix,R,OCO,Haas F1 Team,23.0,2.0,HARD,6.0,87.428,30.144,32.24,25.044,286.0,238.0,259.0,321.0,1,True,False,True,False,2026-07-26 13:36:04.372,18.0,30.2,44.2,25.8,False,2.0,100.0
2026,11,Hungarian Grand Prix,R,OCO,Haas F1 Team,24.0,2.0,HARD,7.0,87.713,30.082,32.387,25.244,283.0,235.0,257.0,329.0,1,True,False,True,False,2026-07-26 13:37:31.800,18.0,30.2,52.1,25.6,False,2.4,140.0
2026,11,Hungarian Grand Prix,R,OCO,Haas F1 Team,25.0,2.0,HARD,8.0,88.689,30.279,32.972,25.438,281.0,235.0,261.0,330.0,1,True,False,True,False,2026-07-26 13:38:59.513,18.0,30.2,51.8,25.7,False,2.4,83.0
2026,11,Hungarian Grand Prix,R,OCO,Haas F1 Team,26.0,2.0,HARD,9.0,89.084,30.481,33.263,25.34,260.0,232.0,259.0,336.0,1,True,False,True,False,2026-07-26 13:40:28.202,17.0,30.4,52.7,26.0,False,3.0,132.0
2026,11,Hungarian Grand Prix,R,OCO,Haas F1 Team,27.0,2.0,HARD,10.0,87.112,30.215,31.973,24.924,281.0,236.0,260.0,326.0,1,True,False,True,False,2026-07-26 13:41:57.286,17.0,30.7,51.2,24.5,False,2.7,97.0
2026,11,Hungarian Grand Prix,R,OCO,Haas F1 Team,28.0,2.0,HARD,11.0,87.555,30.348,32.193,25.014,284.0,234.0,260.0,320.0,1,True,False,True,False,2026-07-26 13:43:24.398,17.0,30.7,52.5,25.1,False,2.4,161.0
2026,11,Hungarian Grand Prix,R,OCO,Haas F1 Team,29.0,2.0,HARD,12.0,87.057,30.138,32.02,24.899,285.0,237.0,260.0,322.0,1,True,False,True,False,2026-07-26 13:44:51.953,17.0,30.7,50.7,24.5,False,1.7,206.0
2026,11,Hungarian Grand Prix,R,OCO,Haas F1 Team,30.0,2.0,HARD,13.0,87.361,30.24,31.922,25.199,284.0,237.0,258.0,321.0,1,True,False,True,False,2026-07-26 13:46:19.010,17.0,29.8,50.7,24.5,False,1.7,206.0
2026,11,Hungarian Grand Prix,R,OCO,Haas F1 Team,31.0,2.0,HARD,14.0,87.608,30.264,32.364,24.98,283.0,235.0,260.0,321.0,1,True,False,True,False,2026-07-26 13:47:46.371,17.0,30.3,52.2,25.3,False,1.7,105.0
2026,11,Hungarian Grand Prix,R,OCO,Haas F1 Team,32.0,2.0,HARD,15.0,87.337,30.205,32.228,24.904,282.0,236.0,259.0,321.0,1,True,False,True,False,2026-07-26 13:49:13.979,17.0,30.2,50.8,25.0,False,2.8,105.0
2026,11,Hungarian Grand Prix,R,OCO,Haas F1 Team,33.0,2.0,HARD,16.0,88.298,30.193,33.159,24.946,280.0,236.0,259.0,320.0,1,True,False,True,False,2026-07-26 13:50:41.316,17.0,30.2,51.2,25.1,False,1.4,70.0
2026,11,Hungarian Grand Prix,R,OCO,Haas F1 Team,34.0,2.0,HARD,17.0,88.845,30.303,33.553,24.989,283.0,235.0,259.0,321.0,1,True,False,True,False,2026-07-26 13:52:09.614,17.0,30.4,51.3,25.6,False,3.5,109.0
2026,11,Hungarian Grand Prix,R,OCO,Haas F1 Team,35.0,2.0,HARD,18.0,89.788,30.261,32.095,27.432,285.0,236.0,,322.0,1,True,False,False,False,2026-07-26 13:53:38.459,16.0,30.4,52.5,25.3,False,1.6,113.0
2026,11,Hungarian Grand Prix,R,OCO,Haas F1 Team,36.0,3.0,HARD,1.0,108.386,49.577,34.229,24.58,272.0,238.0,262.0,322.0,1,True,False,False,False,2026-07-26 13:55:08.247,20.0,30.2,52.1,25.8,False,2.7,104.0
2026,11,Hungarian Grand Prix,R,OCO,Haas F1 Team,37.0,3.0,HARD,2.0,86.882,29.951,32.306,24.625,279.0,237.0,260.0,332.0,1,True,True,True,False,2026-07-26 13:56:56.633,20.0,30.4,52.8,25.2,False,4.7,118.0
2026,11,Hungarian Grand Prix,R,OCO,Haas F1 Team,38.0,3.0,HARD,3.0,87.291,30.291,31.887,25.113,283.0,239.0,260.0,322.0,12,True,False,True,False,2026-07-26 13:58:23.515,20.0,30.4,51.4,25.0,False,4.7,107.0
2026,11,Hungarian Grand Prix,R,OCO,Haas F1 Team,39.0,3.0,HARD,4.0,87.19,30.347,32.099,24.744,276.0,240.0,260.0,340.0,1,True,False,True,False,2026-07-26 13:59:50.806,19.0,30.4,52.1,25.9,False,2.4,125.0
2026,11,Hungarian Grand Prix,R,OCO,Haas F1 Team,40.0,3.0,HARD,5.0,87.773,30.304,32.59,24.879,273.0,233.0,259.0,334.0,1,True,False,True,False,2026-07-26 14:01:17.996,19.0,30.5,53.1,25.9,False,3.2,131.0
2026,11,Hungarian Grand Prix,R,OCO,Haas F1 Team,41.0,3.0,HARD,6.0,87.462,31.034,31.801,24.627,281.0,240.0,261.0,273.0,1,True,False,True,False,2026-07-26 14:02:45.769,18.0,30.5,52.7,25.4,False,2.0,120.0
2026,11,Hungarian Grand Prix,R,OCO,Haas F1 Team,42.0,3.0,HARD,7.0,86.345,30.041,31.809,24.495,283.0,238.0,262.0,321.0,1,True,True,True,False,2026-07-26 14:04:13.231,18.0,30.6,52.7,25.2,False,2.2,120.0
2026,11,Hungarian Grand Prix,R,OCO,Haas F1 Team,43.0,3.0,HARD,8.0,86.119,29.951,31.718,24.45,285.0,239.0,262.0,321.0,1,True,True,True,False,2026-07-26 14:05:39.576,18.0,30.6,52.3,25.2,False,4.3,145.0
2026,11,Hungarian Grand Prix,R,OCO,Haas F1 Team,44.0,3.0,HARD,9.0,85.965,29.759,31.729,24.477,286.0,238.0,261.0,319.0,1,True,True,True,False,2026-07-26 14:07:05.695,17.0,30.7,51.7,25.1,False,1.7,130.0
2026,11,Hungarian Grand Prix,R,OCO,Haas F1 Team,45.0,3.0,HARD,10.0,86.247,29.876,31.735,24.636,282.0,236.0,260.0,319.0,1,True,False,True,False,2026-07-26 14:08:31.660,17.0,30.7,51.7,25.2,False,0.8,128.0
2026,11,Hungarian Grand Prix,R,OCO,Haas F1 Team,46.0,3.0,HARD,11.0,86.2,30.058,31.692,24.45,287.0,237.0,262.0,319.0,1,True,False,True,False,2026-07-26 14:09:57.907,17.0,30.7,51.0,25.7,False,3.0,134.0
2026,11,Hungarian Grand Prix,R,OCO,Haas F1 Team,47.0,3.0,HARD,12.0,86.331,30.011,31.608,24.712,287.0,240.0,261.0,319.0,1,True,False,True,False,2026-07-26 14:11:24.107,17.0,30.8,51.4,25.2,False,3.0,175.0
2026,11,Hungarian Grand Prix,R,OCO,Haas F1 Team,48.0,3.0,HARD,13.0,86.604,30.149,31.649,24.806,286.0,237.0,260.0,319.0,1,True,False,True,False,2026-07-26 14:12:50.438,17.0,30.8,50.5,25.9,False,0.5,58.0
2026,11,Hungarian Grand Prix,R,OCO,Haas F1 Team,49.0,3.0,HARD,14.0,88.334,31.201,32.545,24.588,226.0,238.0,260.0,319.0,12,True,False,True,False,2026-07-26 14:14:17.042,17.0,30.9,52.4,26.3,False,2.4,153.0
2026,11,Hungarian Grand Prix,R,OCO,Haas F1 Team,50.0,3.0,HARD,15.0,86.042,29.905,31.53,24.607,293.0,237.0,261.0,321.0,1,True,False,True,False,2026-07-26 14:15:45.376,17.0,30.9,51.0,25.4,False,2.8,153.0
2026,11,Hungarian Grand Prix,R,OCO,Haas F1 Team,51.0,3.0,HARD,16.0,86.148,29.924,31.625,24.599,286.0,237.0,261.0,320.0,1,True,False,True,False,2026-07-26 14:17:11.418,17.0,30.8,52.5,25.8,False,1.3,123.0
2026,11,Hungarian Grand Prix,R,OCO,Haas F1 Team,52.0,3.0,HARD,17.0,86.216,29.844,31.761,24.611,283.0,238.0,260.0,320.0,1,True,False,True,False,2026-07-26 14:18:37.566,17.0,30.9,51.4,25.4,False,1.4,101.0
2026,11,Hungarian Grand Prix,R,OCO,Haas F1 Team,53.0,3.0,HARD,18.0,86.657,30.141,31.653,24.863,287.0,237.0,261.0,320.0,1,True,False,True,False,2026-07-26 14:20:03.782,17.0,31.0,52.3,24.8,False,2.2,195.0
2026,11,Hungarian Grand Prix,R,OCO,Haas F1 Team,54.0,3.0,HARD,19.0,86.512,30.094,31.669,24.749,286.0,239.0,259.0,320.0,126,True,False,False,False,2026-07-26 14:21:30.439,17.0,31.1,52.3,25.1,False,3.0,147.0
2026,11,Hungarian Grand Prix,R,OCO,Haas F1 Team,55.0,3.0,HARD,20.0,106.932,46.284,34.798,25.85,234.0,211.0,259.0,132.0,671,True,False,False,False,2026-07-26 14:22:56.951,17.0,31.3,51.6,24.6,False,1.8,108.0
2026,11,Hungarian Grand Prix,R,OCO,Haas F1 Team,56.0,3.0,HARD,21.0,87.893,30.997,32.243,24.653,212.0,238.0,261.0,319.0,1,True,False,True,False,2026-07-26 14:24:43.883,16.0,31.5,51.6,24.6,False,1.8,108.0
2026,11,Hungarian Grand Prix,R,OCO,Haas F1 Team,57.0,3.0,HARD,22.0,86.012,29.79,31.723,24.499,288.0,237.0,262.0,320.0,1,True,False,True,False,2026-07-26 14:26:11.776,16.0,30.9,52.4,24.7,False,1.1,151.0
2026,11,Hungarian Grand Prix,R,OCO,Haas F1 Team,58.0,3.0,HARD,23.0,86.082,29.724,31.698,24.66,287.0,236.0,262.0,320.0,1,True,False,True,False,2026-07-26 14:27:37.788,16.0,31.1,52.1,25.1,False,3.5,156.0
2026,11,Hungarian Grand Prix,R,OCO,Haas F1 Team,59.0,3.0,HARD,24.0,86.328,29.937,31.834,24.557,291.0,237.0,261.0,320.0,1,True,False,True,False,2026-07-26 14:29:03.870,16.0,31.3,51.9,25.7,False,3.3,156.0
2026,11,Hungarian Grand Prix,R,OCO,Haas F1 Team,60.0,3.0,HARD,25.0,86.392,29.934,31.72,24.738,291.0,237.0,261.0,319.0,1,True,False,True,False,2026-07-26 14:30:30.198,16.0,31.1,51.9,25.7,False,3.3,156.0
2026,11,Hungarian Grand Prix,R,OCO,Haas F1 Team,61.0,3.0,HARD,26.0,86.254,29.971,31.571,24.712,287.0,237.0,261.0,319.0,1,True,False,True,False,2026-07-26 14:31:56.590,16.0,31.0,49.8,25.9,False,1.6,111.0
2026,11,Hungarian Grand Prix,R,OCO,Haas F1 Team,62.0,3.0,HARD,27.0,85.889,29.801,31.595,24.493,284.0,238.0,261.0,319.0,1,True,True,True,False,2026-07-26 14:33:22.844,16.0,31.0,50.7,26.1,False,1.7,115.0
2026,11,Hungarian Grand Prix,R,OCO,Haas F1 Team,63.0,3.0,HARD,28.0,86.14,30.053,31.504,24.583,283.0,240.0,260.0,318.0,1,True,False,True,False,2026-07-26 14:34:48.733,16.0,30.9,50.7,26.1,False,2.5,94.0
2026,11,Hungarian Grand Prix,R,OCO,Haas F1 Team,64.0,3.0,HARD,29.0,86.065,29.912,31.549,24.604,285.0,239.0,261.0,319.0,1,True,False,True,False,2026-07-26 14:36:14.873,16.0,30.8,51.3,26.2,False,3.3,132.0
2026,11,Hungarian Grand Prix,R,OCO,Haas F1 Team,65.0,3.0,HARD,30.0,87.916,31.665,31.647,24.604,291.0,238.0,261.0,257.0,1,True,False,True,False,2026-07-26 14:37:40.938,16.0,30.9,50.0,25.6,False,3.7,109.0
2026,11,Hungarian Grand Prix,R,OCO,Haas F1 Team,66.0,3.0,HARD,31.0,86.17,30.024,31.629,24.517,287.0,239.0,262.0,321.0,1,True,False,True,False,2026-07-26 14:39:08.854,16.0,31.1,51.2,25.8,False,3.5,130.0
2026,11,Hungarian Grand Prix,R,OCO,Haas F1 Team,67.0,3.0,HARD,32.0,86.194,29.966,31.551,24.677,287.0,238.0,261.0,320.0,1,True,False,True,False,2026-07-26 14:40:35.024,16.0,31.1,50.3,25.4,False,1.8,116.0
2026,11,Hungarian Grand Prix,R,OCO,Haas F1 Team,68.0,3.0,HARD,33.0,86.407,29.946,31.562,24.899,291.0,239.0,255.0,321.0,1,True,False,True,False,2026-07-26 14:42:01.218,16.0,31.0,51.1,25.9,False,1.3,148.0
2026,11,Hungarian Grand Prix,R,LIN,Racing Bulls,1.0,1.0,MEDIUM,1.0,95.383,,33.794,25.083,261.0,238.0,260.0,277.0,1,True,False,False,False,2026-07-26 13:03:18.361,9.0,30.0,51.3,25.6,False,1.9,145.0
2026,11,Hungarian Grand Prix,R,LIN,Racing Bulls,2.0,1.0,MEDIUM,2.0,88.085,30.603,32.691,24.791,270.0,235.0,261.0,337.0,1,True,True,True,False,2026-07-26 13:04:53.969,9.0,29.8,50.6,25.9,False,2.3,126.0
2026,11,Hungarian Grand Prix,R,LIN,Racing Bulls,3.0,1.0,MEDIUM,3.0,87.001,30.143,32.013,24.845,277.0,234.0,260.0,324.0,1,True,True,True,False,2026-07-26 13:06:22.054,9.0,29.7,49.7,26.2,False,2.1,79.0
2026,11,Hungarian Grand Prix,R,LIN,Racing Bulls,4.0,1.0,MEDIUM,4.0,87.24,30.482,31.935,24.823,276.0,234.0,258.0,312.0,1,True,False,True,False,2026-07-26 13:07:49.055,9.0,29.7,50.3,26.1,False,1.1,116.0
2026,11,Hungarian Grand Prix,R,LIN,Racing Bulls,5.0,1.0,MEDIUM,5.0,86.822,30.206,31.767,24.849,278.0,237.0,258.0,319.0,1,True,True,True,False,2026-07-26 13:09:16.295,9.0,29.6,50.7,26.1,False,1.4,118.0
2026,11,Hungarian Grand Prix,R,LIN,Racing Bulls,6.0,1.0,MEDIUM,6.0,86.83,30.242,31.799,24.789,286.0,236.0,259.0,318.0,1,True,False,True,False,2026-07-26 13:10:43.117,9.0,29.7,50.4,25.6,False,3.2,110.0
2026,11,Hungarian Grand Prix,R,LIN,Racing Bulls,7.0,1.0,MEDIUM,7.0,86.902,30.198,31.876,24.828,287.0,232.0,259.0,318.0,1,True,False,True,False,2026-07-26 13:12:09.947,9.0,29.7,50.6,26.0,False,2.0,138.0
2026,11,Hungarian Grand Prix,R,LIN,Racing Bulls,8.0,1.0,MEDIUM,8.0,86.748,30.079,31.839,24.83,288.0,235.0,259.0,317.0,1,True,True,True,False,2026-07-26 13:13:36.849,9.0,29.8,50.1,25.3,False,0.9,134.0
2026,11,Hungarian Grand Prix,R,LIN,Racing Bulls,9.0,1.0,MEDIUM,9.0,87.044,30.263,31.866,24.915,288.0,233.0,257.0,317.0,1,True,False,True,False,2026-07-26 13:15:03.597,9.0,29.7,49.2,26.4,False,3.7,83.0
2026,11,Hungarian Grand Prix,R,LIN,Racing Bulls,10.0,1.0,MEDIUM,10.0,87.091,30.415,31.809,24.867,286.0,234.0,258.0,316.0,1,True,False,True,False,2026-07-26 13:16:30.641,9.0,29.7,51.5,26.1,False,2.3,119.0
2026,11,Hungarian Grand Prix,R,LIN,Racing Bulls,11.0,1.0,MEDIUM,11.0,87.056,30.314,31.864,24.878,289.0,234.0,258.0,315.0,1,True,False,True,False,2026-07-26 13:17:57.732,9.0,29.9,51.9,26.1,False,2.1,104.0
2026,11,Hungarian Grand Prix,R,LIN,Racing Bulls,12.0,1.0,MEDIUM,12.0,87.425,30.403,32.048,24.974,287.0,233.0,257.0,315.0,1,True,False,True,False,2026-07-26 13:19:24.788,9.0,30.0,52.3,26.1,False,2.6,115.0
2026,11,Hungarian Grand Prix,R,LIN,Racing Bulls,13.0,1.0,MEDIUM,13.0,87.268,30.306,32.07,24.892,287.0,234.0,258.0,317.0,1,True,False,True,False,2026-07-26 13:20:52.213,9.0,30.2,53.2,25.2,False,1.2,153.0
2026,11,Hungarian Grand Prix,R,LIN,Racing Bulls,14.0,1.0,MEDIUM,14.0,88.124,30.291,32.753,25.08,283.0,234.0,257.0,317.0,1,True,False,True,False,2026-07-26 13:22:19.481,9.0,30.2,52.6,25.8,False,3.3,134.0
2026,11,Hungarian Grand Prix,R,LIN,Racing Bulls,15.0,1.0,MEDIUM,15.0,87.494,30.448,32.016,25.03,284.0,233.0,258.0,319.0,1,True,False,True,False,2026-07-26 13:23:47.605,9.0,30.4,51.5,24.9,False,4.4,157.0
2026,11,Hungarian Grand Prix,R,LIN,Racing Bulls,16.0,1.0,MEDIUM,16.0,87.506,30.281,32.156,25.069,289.0,233.0,255.0,318.0,1,True,False,True,False,2026-07-26 13:25:15.099,9.0,30.4,52.0,25.1,False,2.0,100.0
2026,11,Hungarian Grand Prix,R,LIN,Racing Bulls,17.0,1.0,MEDIUM,17.0,87.76,30.557,32.056,25.147,286.0,233.0,256.0,316.0,1,True,False,True,False,2026-07-26 13:26:42.605,9.0,30.4,50.5,25.2,False,4.3,102.0
2026,11,Hungarian Grand Prix,R,LIN,Racing Bulls,18.0,1.0,MEDIUM,18.0,88.488,30.987,32.4,25.101,279.0,234.0,259.0,317.0,1,True,False,True,False,2026-07-26 13:28:10.365,10.0,30.4,52.0,25.8,False,2.7,163.0
2026,11,Hungarian Grand Prix,R,LIN,Racing Bulls,19.0,1.0,MEDIUM,19.0,87.365,30.309,32.111,24.945,289.0,234.0,258.0,322.0,1,True,False,True,False,2026-07-26 13:29:38.853,10.0,30.4,52.0,25.5,False,2.9,128.0
2026,11,Hungarian Grand Prix,R,LIN,Racing Bulls,20.0,1.0,MEDIUM,20.0,89.434,30.334,31.796,27.304,292.0,236.0,,320.0,1,True,False,False,False,2026-07-26 13:31:06.218,9.0,30.5,52.0,25.4,False,2.1,129.0
2026,11,Hungarian Grand Prix,R,LIN,Racing Bulls,21.0,2.0,HARD,1.0,104.243,48.419,31.366,24.458,290.0,239.0,263.0,320.0,1,True,False,False,False,2026-07-26 13:32:35.652,12.0,30.3,52.5,25.2,False,3.7,109.0
2026,11,Hungarian Grand Prix,R,LIN,Racing Bulls,22.0,2.0,HARD,2.0,86.841,30.055,32.05,24.736,285.0,238.0,260.0,321.0,1,True,False,True,False,2026-07-26 13:34:19.895,12.0,30.2,52.0,25.0,False,2.8,107.0
2026,11,Hungarian Grand Prix,R,LIN,Racing Bulls,23.0,2.0,HARD,3.0,86.402,29.958,31.763,24.681,288.0,236.0,261.0,324.0,1,True,True,True,False,2026-07-26 13:35:46.736,12.0,30.2,51.1,25.3,False,2.4,136.0
2026,11,Hungarian Grand Prix,R,LIN,Racing Bulls,24.0,2.0,HARD,4.0,87.463,29.875,32.596,24.992,281.0,234.0,261.0,329.0,1,True,False,True,False,2026-07-26 13:37:13.138,12.0,30.2,52.1,25.6,False,2.4,140.0
2026,11,Hungarian Grand Prix,R,LIN,Racing Bulls,25.0,2.0,HARD,5.0,86.696,30.252,31.878,24.566,277.0,236.0,260.0,338.0,1,True,False,True,False,2026-07-26 13:38:40.601,11.0,30.2,52.1,25.6,False,0.5,143.0
2026,11,Hungarian Grand Prix,R,LIN,Racing Bulls,26.0,2.0,HARD,6.0,86.37,30.035,31.672,24.663,287.0,237.0,260.0,319.0,1,True,True,True,False,2026-07-26 13:40:07.297,11.0,30.4,52.7,26.0,False,3.0,132.0
2026,11,Hungarian Grand Prix,R,LIN,Racing Bulls,27.0,2.0,HARD,7.0,86.228,30.105,31.543,24.58,284.0,238.0,261.0,322.0,1,True,True,True,False,2026-07-26 13:41:33.667,11.0,30.7,52.6,25.0,False,2.5,152.0
2026,11,Hungarian Grand Prix,R,LIN,Racing Bulls,28.0,2.0,HARD,8.0,86.406,29.951,31.606,24.849,291.0,236.0,260.0,321.0,1,True,False,True,False,2026-07-26 13:42:59.895,11.0,30.7,52.5,25.1,False,2.4,161.0
2026,11,Hungarian Grand Prix,R,LIN,Racing Bulls,29.0,2.0,HARD,9.0,86.715,30.2,31.795,24.72,286.0,236.0,261.0,322.0,1,True,False,True,False,2026-07-26 13:44:26.301,11.0,30.8,51.0,24.8,False,4.1,180.0
2026,11,Hungarian Grand Prix,R,LIN,Racing Bulls,30.0,2.0,HARD,10.0,86.615,30.193,31.763,24.659,288.0,238.0,260.0,322.0,1,True,False,True,False,2026-07-26 13:45:53.016,10.0,29.8,50.7,24.5,False,1.7,206.0
2026,11,Hungarian Grand Prix,R,LIN,Racing Bulls,31.0,2.0,HARD,11.0,86.425,30.263,31.459,24.703,290.0,240.0,260.0,319.0,1,True,False,True,False,2026-07-26 13:47:19.631,10.0,30.3,52.2,25.3,False,1.7,105.0
2026,11,Hungarian Grand Prix,R,LIN,Racing Bulls,32.0,2.0,HARD,12.0,86.246,30.068,31.536,24.642,288.0,241.0,260.0,321.0,1,True,False,True,False,2026-07-26 13:48:46.056,10.0,30.2,52.5,25.6,False,1.2,124.0
2026,11,Hungarian Grand Prix,R,LIN,Racing Bulls,33.0,2.0,HARD,13.0,86.333,30.197,31.533,24.603,290.0,239.0,260.0,317.0,1,True,False,True,False,2026-07-26 13:50:12.302,10.0,30.2,51.2,25.1,False,1.4,70.0
2026,11,Hungarian Grand Prix,R,LIN,Racing Bulls,34.0,2.0,HARD,14.0,86.262,30.156,31.49,24.616,290.0,237.0,261.0,318.0,1,True,False,True,False,2026-07-26 13:51:38.635,10.0,30.3,52.3,26.0,False,1.1,97.0
2026,11,Hungarian Grand Prix,R,LIN,Racing Bulls,35.0,2.0,HARD,15.0,86.244,30.102,31.526,24.616,290.0,238.0,261.0,322.0,1,True,False,True,False,2026-07-26 13:53:04.897,10.0,30.4,52.5,25.3,False,1.6,113.0
2026,11,Hungarian Grand Prix,R,LIN,Racing Bulls,36.0,2.0,HARD,16.0,86.253,30.056,31.582,24.615,290.0,237.0,260.0,319.0,1,True,False,True,False,2026-07-26 13:54:31.141,10.0,30.3,51.5,25.1,False,1.1,155.0
2026,11,Hungarian Grand Prix,R,LIN,Racing Bulls,37.0,2.0,HARD,17.0,86.272,30.125,31.536,24.611,291.0,236.0,261.0,318.0,1,True,False,True,False,2026-07-26 13:55:57.394,10.0,30.4,52.0,25.6,False,2.7,108.0
2026,11,Hungarian Grand Prix,R,LIN,Racing Bulls,38.0,2.0,HARD,18.0,86.405,30.08,31.693,24.632,292.0,236.0,261.0,318.0,12,True,False,True,False,2026-07-26 13:57:23.666,10.0,30.4,52.8,25.2,False,4.7,118.0
2026,11,Hungarian Grand Prix,R,LIN,Racing Bulls,39.0,2.0,HARD,19.0,86.386,30.03,31.668,24.688,293.0,236.0,260.0,320.0,1,True,False,True,False,2026-07-26 13:58:50.071,10.0,31.0,51.4,25.0,False,4.7,107.0
2026,11,Hungarian Grand Prix,R,LIN,Racing Bulls,40.0,2.0,HARD,20.0,86.642,30.208,31.823,24.611,288.0,238.0,260.0,319.0,1,True,False,True,False,2026-07-26 14:00:16.457,10.0,30.4,52.1,25.9,False,2.4,125.0
2026,11,Hungarian Grand Prix,R,LIN,Racing Bulls,41.0,2.0,HARD,21.0,86.504,30.16,31.692,24.652,290.0,236.0,262.0,322.0,1,True,False,True,False,2026-07-26 14:01:43.099,10.0,30.5,53.1,25.9,False,3.2,131.0
2026,11,Hungarian Grand Prix,R,LIN,Racing Bulls,42.0,2.0,HARD,22.0,86.696,30.21,31.723,24.763,293.0,237.0,261.0,322.0,1,True,False,True,False,2026-07-26 14:03:09.603,10.0,30.6,52.9,25.5,False,3.2,139.0
2026,11,Hungarian Grand Prix,R,LIN,Racing Bulls,43.0,2.0,HARD,23.0,86.136,30.149,31.504,24.483,289.0,239.0,262.0,320.0,1,True,True,True,False,2026-07-26 14:04:36.299,9.0,30.6,52.7,25.2,False,2.2,120.0
2026,11,Hungarian Grand Prix,R,LIN,Racing Bulls,44.0,2.0,HARD,24.0,86.182,30.152,31.605,24.425,289.0,241.0,261.0,317.0,1,True,False,True,False,2026-07-26 14:06:02.435,9.0,30.7,51.0,25.0,False,2.3,93.0
2026,11,Hungarian Grand Prix,R,LIN,Racing Bulls,45.0,2.0,HARD,25.0,86.087,29.998,31.558,24.531,293.0,241.0,262.0,320.0,1,True,True,True,False,2026-07-26 14:07:28.617,9.0,30.7,51.7,25.1,False,1.7,130.0
2026,11,Hungarian Grand Prix,R,LIN,Racing Bulls,46.0,2.0,HARD,26.0,86.296,30.199,31.574,24.523,287.0,241.0,263.0,317.0,1,True,False,True,False,2026-07-26 14:08:54.704,9.0,30.7,52.8,25.5,False,2.0,134.0
2026,11,Hungarian Grand Prix,R,LIN,Racing Bulls,47.0,2.0,HARD,27.0,85.931,29.95,31.453,24.528,295.0,240.0,261.0,321.0,1,True,True,True,False,2026-07-26 14:10:21.000,9.0,30.7,51.0,25.7,False,3.0,134.0
2026,11,Hungarian Grand Prix,R,LIN,Racing Bulls,48.0,2.0,HARD,28.0,86.001,29.991,31.381,24.629,293.0,242.0,260.0,321.0,1,True,False,True,False,2026-07-26 14:11:46.931,9.0,30.8,51.4,25.2,False,3.0,175.0
2026,11,Hungarian Grand Prix,R,LIN,Racing Bulls,49.0,2.0,HARD,29.0,86.062,29.97,31.483,24.609,298.0,241.0,261.0,320.0,12,True,False,True,False,2026-07-26 14:13:12.932,9.0,30.8,50.5,25.9,False,0.5,58.0
2026,11,Hungarian Grand Prix,R,LIN,Racing Bulls,50.0,2.0,HARD,30.0,86.337,30.16,31.493,24.684,293.0,240.0,262.0,318.0,21,True,False,True,False,2026-07-26 14:14:38.994,9.0,30.9,52.4,26.3,False,2.4,153.0
2026,11,Hungarian Grand Prix,R,LIN,Racing Bulls,51.0,2.0,HARD,31.0,85.985,29.976,31.452,24.557,291.0,241.0,262.0,322.0,1,True,False,True,False,2026-07-26 14:16:05.331,9.0,30.8,51.6,25.6,False,1.4,79.0
2026,11,Hungarian Grand Prix,R,LIN,Racing Bulls,52.0,2.0,HARD,32.0,86.236,30.091,31.584,24.561,294.0,239.0,264.0,319.0,1,True,False,True,False,2026-07-26 14:17:31.316,9.0,30.8,52.5,25.8,False,1.3,123.0
2026,11,Hungarian Grand Prix,R,LIN,Racing Bulls,53.0,2.0,HARD,33.0,86.152,29.987,31.512,24.653,296.0,243.0,261.0,322.0,1,True,False,True,False,2026-07-26 14:18:57.552,9.0,30.9,52.9,25.8,False,0.6,121.0
2026,11,Hungarian Grand Prix,R,LIN,Racing Bulls,54.0,2.0,HARD,34.0,86.318,30.051,31.617,24.65,295.0,237.0,263.0,322.0,1,True,False,True,False,2026-07-26 14:20:23.704,9.0,31.0,52.3,24.8,False,2.2,195.0
2026,11,Hungarian Grand Prix,R,LIN,Racing Bulls,55.0,2.0,HARD,35.0,94.569,30.271,33.078,31.22,296.0,237.0,175.0,323.0,126,True,False,False,False,2026-07-26 14:21:50.022,9.0,31.1,52.3,25.1,False,3.0,147.0
2026,11,Hungarian Grand Prix,R,LIN,Racing Bulls,56.0,2.0,HARD,36.0,100.849,42.265,33.908,24.676,242.0,240.0,261.0,207.0,671,True,False,False,False,2026-07-26 14:23:24.591,8.0,31.3,51.6,24.6,False,1.8,108.0
2026,11,Hungarian Grand Prix,R,LIN,Racing Bulls,57.0,2.0,HARD,37.0,86.468,30.073,31.77,24.625,291.0,242.0,263.0,321.0,1,True,False,True,False,2026-07-26 14:25:05.440,8.0,31.1,52.4,24.7,False,1.1,151.0
2026,11,Hungarian Grand Prix,R,LIN,Racing Bulls,58.0,2.0,HARD,38.0,86.305,30.067,31.625,24.613,296.0,239.0,260.0,318.0,1,True,False,True,False,2026-07-26 14:26:31.908,8.0,30.9,52.4,24.7,False,1.1,151.0
2026,11,Hungarian Grand Prix,R,LIN,Racing Bulls,59.0,2.0,HARD,39.0,86.23,30.0,31.52,24.71,295.0,240.0,262.0,321.0,1,True,False,True,False,2026-07-26 14:27:58.213,8.0,30.8,52.1,25.1,False,3.5,156.0
2026,11,Hungarian Grand Prix,R,LIN,Racing Bulls,60.0,2.0,HARD,40.0,87.412,30.517,32.285,24.61,258.0,239.0,262.0,321.0,1,True,False,True,False,2026-07-26 14:29:24.443,8.0,31.3,51.9,25.7,False,3.3,156.0
2026,11,Hungarian Grand Prix,R,LIN,Racing Bulls,61.0,2.0,HARD,41.0,87.387,30.489,31.997,24.901,290.0,242.0,260.0,323.0,1,True,False,True,False,2026-07-26 14:30:51.855,8.0,31.3,49.6,25.5,False,2.3,115.0
2026,11,Hungarian Grand Prix,R,LIN,Racing Bulls,62.0,2.0,HARD,42.0,88.699,30.867,32.718,25.114,250.0,236.0,262.0,322.0,1,True,False,True,False,2026-07-26 14:32:19.242,9.0,31.0,49.8,25.9,False,1.6,111.0
2026,11,Hungarian Grand Prix,R,LIN,Racing Bulls,63.0,2.0,HARD,43.0,90.36,30.994,34.28,25.086,253.0,238.0,262.0,334.0,1,True,False,True,False,2026-07-26 14:33:47.941,10.0,31.0,50.7,26.1,False,1.7,115.0
2026,11,Hungarian Grand Prix,R,LIN,Racing Bulls,64.0,2.0,HARD,44.0,88.09,30.319,32.876,24.895,291.0,240.0,262.0,324.0,1,True,False,True,False,2026-07-26 14:35:18.301,10.0,30.7,50.6,25.9,False,3.1,107.0
2026,11,Hungarian Grand Prix,R,LIN,Racing Bulls,65.0,2.0,HARD,45.0,87.304,30.255,32.08,24.969,295.0,240.0,261.0,325.0,1,True,False,True,False,2026-07-26 14:36:46.391,10.0,30.8,51.3,26.2,False,3.3,132.0
2026,11,Hungarian Grand Prix,R,LIN,Racing Bulls,66.0,2.0,HARD,46.0,87.48,30.365,32.111,25.004,294.0,241.0,262.0,323.0,1,True,False,True,False,2026-07-26 14:38:13.695,10.0,31.0,50.5,25.6,False,2.0,106.0
2026,11,Hungarian Grand Prix,R,LIN,Racing Bulls,67.0,2.0,HARD,47.0,87.716,30.497,32.062,25.157,295.0,235.0,260.0,322.0,1,True,False,True,False,2026-07-26 14:39:41.175,10.0,31.1,51.2,25.8,False,3.5,130.0
2026,11,Hungarian Grand Prix,R,LIN,Racing Bulls,68.0,2.0,HARD,48.0,88.089,30.446,32.385,25.258,293.0,236.0,262.0,322.0,1,True,False,True,False,2026-07-26 14:41:08.891,10.0,31.5,50.3,25.4,False,1.8,116.0
2026,11,Hungarian Grand Prix,R,LIN,Racing Bulls,69.0,2.0,HARD,49.0,88.836,30.48,33.078,25.278,284.0,238.0,259.0,322.0,1,True,False,True,False,2026-07-26 14:42:36.980,10.0,31.0,51.1,25.9,False,1.3,148.0
2026,11,Hungarian Grand Prix,R,COL,Alpine,1.0,1.0,MEDIUM,1.0,97.708,,35.293,25.112,260.0,230.0,261.0,280.0,1,True,False,False,False,2026-07-26 13:03:18.361,14.0,30.0,51.3,25.6,False,1.9,145.0
2026,11,Hungarian Grand Prix,R,COL,Alpine,2.0,1.0,MEDIUM,2.0,88.763,30.568,32.969,25.226,272.0,232.0,260.0,327.0,1,True,True,True,False,2026-07-26 13:04:56.294,14.0,29.8,50.6,25.9,False,2.3,126.0
2026,11,Hungarian Grand Prix,R,COL,Alpine,3.0,1.0,MEDIUM,3.0,88.069,30.345,32.695,25.029,267.0,233.0,258.0,336.0,1,True,True,True,False,2026-07-26 13:06:25.057,14.0,29.7,49.7,26.2,False,2.1,79.0
2026,11,Hungarian Grand Prix,R,COL,Alpine,4.0,1.0,MEDIUM,4.0,87.801,30.268,32.552,24.981,276.0,227.0,258.0,326.0,1,True,True,True,False,2026-07-26 13:07:53.126,14.0,29.7,50.3,26.1,False,1.1,116.0
2026,11,Hungarian Grand Prix,R,COL,Alpine,5.0,1.0,MEDIUM,5.0,88.168,30.458,32.42,25.29,264.0,229.0,256.0,325.0,1,True,False,True,False,2026-07-26 13:09:20.927,14.0,29.6,50.7,26.1,False,1.4,118.0
2026,11,Hungarian Grand Prix,R,COL,Alpine,6.0,1.0,MEDIUM,6.0,88.29,30.874,32.491,24.925,276.0,230.0,257.0,323.0,1,True,False,True,False,2026-07-26 13:10:49.095,15.0,29.7,52.3,25.8,False,3.9,161.0
2026,11,Hungarian Grand Prix,R,COL,Alpine,7.0,1.0,MEDIUM,7.0,87.505,30.259,32.239,25.007,272.0,230.0,255.0,325.0,1,True,True,True,False,2026-07-26 13:12:17.385,15.0,29.7,50.6,26.0,False,2.0,138.0
2026,11,Hungarian Grand Prix,R,COL,Alpine,8.0,1.0,MEDIUM,8.0,87.888,30.446,32.256,25.186,271.0,229.0,255.0,324.0,1,True,False,True,False,2026-07-26 13:13:44.890,15.0,29.8,50.1,25.3,False,0.9,134.0
2026,11,Hungarian Grand Prix,R,COL,Alpine,9.0,1.0,MEDIUM,9.0,88.032,30.29,32.589,25.153,278.0,227.0,256.0,324.0,1,True,False,True,False,2026-07-26 13:15:12.778,15.0,29.7,49.2,26.4,False,3.7,83.0
2026,11,Hungarian Grand Prix,R,COL,Alpine,10.0,1.0,MEDIUM,10.0,88.107,30.586,32.329,25.192,275.0,227.0,256.0,324.0,1,True,False,True,False,2026-07-26 13:16:40.810,15.0,29.7,51.5,26.1,False,2.3,119.0
2026,11,Hungarian Grand Prix,R,COL,Alpine,11.0,1.0,MEDIUM,11.0,87.978,30.355,32.336,25.287,276.0,228.0,255.0,324.0,1,True,False,True,False,2026-07-26 13:18:08.917,15.0,29.9,51.9,26.1,False,2.1,104.0
2026,11,Hungarian Grand Prix,R,COL,Alpine,12.0,1.0,MEDIUM,12.0,88.27,30.431,32.517,25.322,272.0,229.0,255.0,323.0,1,True,False,True,False,2026-07-26 13:19:36.895,15.0,30.0,52.3,26.1,False,2.6,115.0
2026,11,Hungarian Grand Prix,R,COL,Alpine,13.0,1.0,MEDIUM,13.0,88.351,30.424,32.544,25.383,275.0,229.0,255.0,324.0,1,True,False,True,False,2026-07-26 13:21:05.165,15.0,30.2,53.2,25.2,False,1.2,153.0
2026,11,Hungarian Grand Prix,R,COL,Alpine,14.0,1.0,MEDIUM,14.0,89.139,30.403,33.145,25.591,287.0,230.0,256.0,324.0,1,True,False,True,False,2026-07-26 13:22:33.516,15.0,30.2,52.6,25.8,False,3.3,134.0
2026,11,Hungarian Grand Prix,R,COL,Alpine,15.0,1.0,MEDIUM,15.0,90.993,30.591,32.576,27.826,270.0,227.0,,324.0,1,True,False,False,False,2026-07-26 13:24:02.655,16.0,30.4,51.9,25.0,False,2.9,122.0
2026,11,Hungarian Grand Prix,R,COL,Alpine,16.0,2.0,HARD,1.0,107.212,50.214,32.452,24.546,276.0,227.0,260.0,324.0,1,True,False,False,False,2026-07-26 13:25:33.648,20.0,30.4,52.0,25.1,False,2.0,100.0
2026,11,Hungarian Grand Prix,R,COL,Alpine,17.0,2.0,HARD,2.0,86.011,29.752,31.794,24.465,286.0,230.0,261.0,322.0,1,True,True,True,False,2026-07-26 13:27:20.860,20.0,30.4,51.7,25.9,False,2.8,125.0
2026,11,Hungarian Grand Prix,R,COL,Alpine,18.0,2.0,HARD,3.0,86.559,29.897,32.003,24.659,278.0,232.0,259.0,325.0,1,True,False,True,False,2026-07-26 13:28:46.871,19.0,30.4,52.0,25.8,False,2.7,163.0
2026,11,Hungarian Grand Prix,R,COL,Alpine,19.0,2.0,HARD,4.0,87.255,30.094,32.306,24.855,281.0,232.0,259.0,332.0,1,True,False,True,False,2026-07-26 13:30:13.430,18.0,30.4,52.4,25.6,False,2.8,144.0
2026,11,Hungarian Grand Prix,R,COL,Alpine,20.0,2.0,HARD,5.0,87.245,30.082,32.277,24.886,273.0,230.0,258.0,332.0,1,True,False,True,False,2026-07-26 13:31:40.685,18.0,30.5,52.0,25.4,False,2.1,129.0
2026,11,Hungarian Grand Prix,R,COL,Alpine,21.0,2.0,HARD,6.0,87.607,30.127,32.503,24.977,259.0,232.0,259.0,334.0,1,True,False,True,False,2026-07-26 13:33:07.930,18.0,30.2,52.6,25.2,False,2.7,114.0
2026,11,Hungarian Grand Prix,R,COL,Alpine,22.0,2.0,HARD,7.0,87.103,30.025,32.286,24.792,265.0,229.0,260.0,334.0,1,True,False,True,False,2026-07-26 13:34:35.537,18.0,30.2,52.0,25.0,False,2.8,107.0
2026,11,Hungarian Grand Prix,R,COL,Alpine,23.0,2.0,HARD,8.0,88.139,30.448,32.401,25.29,272.0,230.0,259.0,334.0,1,True,False,True,False,2026-07-26 13:36:02.640,17.0,30.2,44.2,25.8,False,2.0,100.0
2026,11,Hungarian Grand Prix,R,COL,Alpine,24.0,2.0,HARD,9.0,88.095,30.071,32.765,25.259,275.0,229.0,259.0,335.0,1,True,False,True,False,2026-07-26 13:37:30.779,17.0,30.2,52.1,25.6,False,2.4,140.0
2026,11,Hungarian Grand Prix,R,COL,Alpine,25.0,2.0,HARD,10.0,88.963,30.225,33.276,25.462,253.0,228.0,259.0,335.0,1,True,False,True,False,2026-07-26 13:38:58.874,17.0,30.2,51.8,25.7,False,2.4,83.0
2026,11,Hungarian Grand Prix,R,COL,Alpine,26.0,2.0,HARD,11.0,87.096,29.855,32.316,24.925,285.0,229.0,259.0,340.0,1,True,False,True,False,2026-07-26 13:40:27.837,16.0,30.4,52.7,26.0,False,3.0,132.0
2026,11,Hungarian Grand Prix,R,COL,Alpine,27.0,2.0,HARD,12.0,87.138,29.915,32.2,25.023,287.0,228.0,258.0,323.0,1,True,False,True,False,2026-07-26 13:41:54.933,16.0,30.7,51.2,24.5,False,2.7,97.0
2026,11,Hungarian Grand Prix,R,COL,Alpine,28.0,2.0,HARD,13.0,88.224,30.812,32.313,25.099,281.0,227.0,259.0,322.0,1,True,False,True,False,2026-07-26 13:43:22.071,16.0,30.7,52.5,25.1,False,2.4,161.0
2026,11,Hungarian Grand Prix,R,COL,Alpine,29.0,2.0,HARD,14.0,87.1,30.022,31.996,25.082,288.0,231.0,258.0,323.0,1,True,False,True,False,2026-07-26 13:44:50.295,16.0,30.7,50.7,24.5,False,1.7,206.0
2026,11,Hungarian Grand Prix,R,COL,Alpine,30.0,2.0,HARD,15.0,87.347,29.994,32.127,25.226,290.0,231.0,257.0,322.0,1,True,False,True,False,2026-07-26 13:46:17.395,16.0,29.8,50.7,24.5,False,1.7,206.0
2026,11,Hungarian Grand Prix,R,COL,Alpine,31.0,2.0,HARD,16.0,87.411,30.08,32.255,25.076,291.0,226.0,259.0,322.0,1,True,False,True,False,2026-07-26 13:47:44.742,16.0,30.3,52.2,25.3,False,1.7,105.0
2026,11,Hungarian Grand Prix,R,COL,Alpine,32.0,2.0,HARD,17.0,87.092,30.023,32.013,25.056,275.0,232.0,258.0,322.0,1,True,False,True,False,2026-07-26 13:49:12.153,16.0,30.2,50.8,25.0,False,2.8,105.0
2026,11,Hungarian Grand Prix,R,COL,Alpine,33.0,2.0,HARD,18.0,86.926,29.968,31.901,25.057,284.0,229.0,259.0,322.0,1,True,False,True,False,2026-07-26 13:50:39.245,16.0,30.2,51.2,25.1,False,1.4,70.0
2026,11,Hungarian Grand Prix,R,COL,Alpine,34.0,2.0,HARD,19.0,88.936,31.455,32.465,25.016,274.0,231.0,259.0,323.0,1,True,False,True,False,2026-07-26 13:52:06.171,16.0,30.4,51.3,25.6,False,3.5,109.0
2026,11,Hungarian Grand Prix,R,COL,Alpine,35.0,2.0,HARD,20.0,88.116,29.984,31.904,26.228,287.0,230.0,258.0,324.0,1,True,False,True,False,2026-07-26 13:53:35.107,15.0,30.4,52.5,25.3,False,1.6,113.0
2026,11,Hungarian Grand Prix,R,COL,Alpine,36.0,2.0,HARD,21.0,87.416,29.968,32.312,25.136,281.0,231.0,258.0,333.0,1,True,False,True,False,2026-07-26 13:55:03.223,15.0,30.2,52.1,25.8,False,2.7,104.0
2026,11,Hungarian Grand Prix,R,COL,Alpine,37.0,2.0,HARD,22.0,89.389,30.035,32.021,27.333,283.0,231.0,,324.0,1,True,False,False,False,2026-07-26 13:56:30.639,15.0,30.4,52.0,25.6,False,2.7,108.0
2026,11,Hungarian Grand Prix,R,COL,Alpine,38.0,3.0,HARD,1.0,107.418,50.111,32.587,24.72,249.0,230.0,261.0,324.0,12,True,False,False,False,2026-07-26 13:58:00.028,17.0,30.4,51.4,25.0,False,4.7,107.0
2026,11,Hungarian Grand Prix,R,COL,Alpine,39.0,3.0,HARD,2.0,84.932,29.382,31.178,24.372,287.0,233.0,263.0,324.0,1,True,True,True,False,2026-07-26 13:59:47.446,17.0,31.0,51.4,25.0,False,4.7,107.0
2026,11,Hungarian Grand Prix,R,COL,Alpine,40.0,3.0,HARD,3.0,84.624,29.256,30.91,24.458,295.0,235.0,263.0,325.0,1,True,True,True,False,2026-07-26 14:01:12.378,17.0,30.5,53.1,25.9,False,3.2,131.0
2026,11,Hungarian Grand Prix,R,COL,Alpine,41.0,3.0,HARD,4.0,85.664,29.714,31.437,24.513,283.0,235.0,261.0,342.0,1,True,False,True,False,2026-07-26 14:02:37.002,16.0,30.5,52.7,25.4,False,2.0,120.0
2026,11,Hungarian Grand Prix,R,COL,Alpine,42.0,3.0,HARD,5.0,85.631,29.692,31.416,24.523,291.0,232.0,262.0,324.0,1,True,False,True,False,2026-07-26 14:04:02.666,16.0,30.6,52.7,25.2,False,2.2,120.0
2026,11,Hungarian Grand Prix,R,COL,Alpine,43.0,3.0,HARD,6.0,86.2,29.714,31.724,24.762,300.0,235.0,261.0,324.0,1,True,False,True,False,2026-07-26 14:05:28.297,16.0,30.6,52.3,25.2,False,4.3,145.0
2026,11,Hungarian Grand Prix,R,COL,Alpine,44.0,3.0,HARD,7.0,85.577,29.504,31.389,24.684,285.0,236.0,259.0,324.0,1,True,False,True,False,2026-07-26 14:06:54.497,16.0,30.7,51.7,25.1,False,1.7,130.0
2026,11,Hungarian Grand Prix,R,COL,Alpine,45.0,3.0,HARD,8.0,85.96,29.768,31.581,24.611,285.0,233.0,260.0,323.0,1,True,False,True,False,2026-07-26 14:08:20.074,16.0,30.7,51.7,25.2,False,0.8,128.0
2026,11,Hungarian Grand Prix,R,COL,Alpine,46.0,3.0,HARD,9.0,85.745,29.727,31.383,24.635,288.0,233.0,260.0,324.0,1,True,False,True,False,2026-07-26 14:09:46.034,16.0,30.7,52.8,25.5,False,2.0,134.0
2026,11,Hungarian Grand Prix,R,COL,Alpine,47.0,3.0,HARD,10.0,85.996,29.532,31.349,25.115,296.0,232.0,256.0,323.0,1,True,False,True,False,2026-07-26 14:11:11.779,16.0,30.8,51.4,25.2,False,3.0,175.0
2026,11,Hungarian Grand Prix,R,COL,Alpine,48.0,3.0,HARD,11.0,86.055,29.675,31.473,24.907,290.0,235.0,259.0,322.0,1,True,False,True,False,2026-07-26 14:12:37.775,16.0,30.7,51.1,25.7,False,3.1,128.0
2026,11,Hungarian Grand Prix,R,COL,Alpine,49.0,3.0,HARD,12.0,86.283,29.799,31.656,24.828,291.0,233.0,259.0,324.0,12,True,False,True,False,2026-07-26 14:14:03.830,16.0,30.9,52.4,26.3,False,2.4,153.0
2026,11,Hungarian Grand Prix,R,COL,Alpine,50.0,3.0,HARD,13.0,85.707,29.551,31.229,24.927,295.0,235.0,259.0,322.0,1,True,False,True,False,2026-07-26 14:15:30.113,16.0,30.9,51.0,25.4,False,2.8,153.0
2026,11,Hungarian Grand Prix,R,COL,Alpine,51.0,3.0,HARD,14.0,85.744,29.585,31.394,24.765,289.0,234.0,262.0,323.0,1,True,False,True,False,2026-07-26 14:16:55.820,16.0,30.8,52.5,25.8,False,1.3,123.0
2026,11,Hungarian Grand Prix,R,COL,Alpine,52.0,3.0,HARD,15.0,88.475,31.597,31.926,24.951999999999998,276.0,236.0,259.0,263.0,1,True,False,True,False,2026-07-26 14:18:21.564,16.0,30.9,51.4,25.4,False,1.4,101.0
2026,11,Hungarian Grand Prix,R,COL,Alpine,53.0,3.0,HARD,16.0,86.112,29.761,31.465,24.886,285.0,233.0,259.0,325.0,1,True,False,True,False,2026-07-26 14:19:50.039,16.0,31.0,52.3,24.8,False,2.2,195.0
2026,11,Hungarian Grand Prix,R,COL,Alpine,54.0,3.0,HARD,17.0,86.049,29.684,31.466,24.899,287.0,235.0,260.0,323.0,12,True,False,True,False,2026-07-26 14:21:16.151,16.0,31.1,52.3,25.1,False,3.0,147.0
2026,11,Hungarian Grand Prix,R,COL,Alpine,55.0,3.0,HARD,18.0,106.018,37.336,38.292,30.39,214.0,199.0,245.0,323.0,2671,True,False,False,False,2026-07-26 14:22:42.200,16.0,31.1,52.3,25.1,False,3.0,147.0
2026,11,Hungarian Grand Prix,R,COL,Alpine,56.0,3.0,HARD,19.0,87.719,30.257,31.933,25.529,287.0,204.0,260.0,318.0,1,True,False,True,False,2026-07-26 14:24:28.218,14.0,31.5,51.6,24.6,False,1.8,108.0
2026,11,Hungarian Grand Prix,R,COL,Alpine,57.0,3.0,HARD,20.0,86.316,29.765,31.909,24.642,281.0,234.0,261.0,334.0,1,True,False,True,False,2026-07-26 14:25:55.937,14.0,30.9,52.4,24.7,False,1.1,151.0
2026,11,Hungarian Grand Prix,R,COL,Alpine,58.0,3.0,HARD,21.0,85.784,29.629,31.401,24.754,288.0,236.0,261.0,324.0,1,True,False,True,False,2026-07-26 14:27:22.253,14.0,31.1,52.1,25.1,False,3.5,156.0
2026,11,Hungarian Grand Prix,R,COL,Alpine,59.0,3.0,HARD,22.0,85.672,29.631,31.482,24.559,286.0,233.0,262.0,323.0,1,True,False,True,False,2026-07-26 14:28:48.037,14.0,30.8,52.1,25.1,False,3.5,156.0
2026,11,Hungarian Grand Prix,R,COL,Alpine,60.0,3.0,HARD,23.0,88.504,30.443,31.948,26.113,280.0,212.0,259.0,323.0,1,True,False,True,False,2026-07-26 14:30:13.709,15.0,31.1,51.9,25.7,False,3.3,156.0
2026,11,Hungarian Grand Prix,R,COL,Alpine,61.0,3.0,HARD,24.0,86.582,29.819,31.666,25.097,292.0,234.0,259.0,326.0,1,True,False,True,False,2026-07-26 14:31:42.213,15.0,31.3,49.6,25.5,False,2.3,115.0
2026,11,Hungarian Grand Prix,R,COL,Alpine,62.0,3.0,HARD,25.0,86.25,29.84,31.58,24.83,290.0,235.0,260.0,324.0,1,True,False,True,False,2026-07-26 14:33:08.795,15.0,31.0,50.7,26.1,False,1.7,115.0
2026,11,Hungarian Grand Prix,R,COL,Alpine,63.0,3.0,HARD,26.0,85.935,29.613,31.43,24.892,287.0,234.0,259.0,322.0,1,True,False,True,False,2026-07-26 14:34:35.045,15.0,30.9,50.7,26.1,False,2.5,94.0
2026,11,Hungarian Grand Prix,R,COL,Alpine,64.0,3.0,HARD,27.0,86.311,29.58,31.724,25.007,294.0,235.0,259.0,323.0,1,True,False,True,False,2026-07-26 14:36:00.980,15.0,30.8,51.3,26.2,False,3.3,132.0
2026,11,Hungarian Grand Prix,R,COL,Alpine,65.0,3.0,HARD,28.0,86.552,29.711,31.858,24.983,292.0,233.0,258.0,323.0,1,True,False,True,False,2026-07-26 14:37:27.291,15.0,30.9,50.0,25.6,False,3.7,109.0
2026,11,Hungarian Grand Prix,R,COL,Alpine,66.0,3.0,HARD,29.0,87.441,30.059,32.124,25.258,298.0,235.0,254.0,323.0,1,True,False,True,False,2026-07-26 14:38:53.843,15.0,31.1,51.2,25.8,False,3.5,130.0
2026,11,Hungarian Grand Prix,R,COL,Alpine,67.0,3.0,HARD,30.0,88.562,30.773,32.422,25.367,276.0,231.0,259.0,310.0,1,True,False,True,False,2026-07-26 14:40:21.284,15.0,31.1,50.3,25.4,False,1.8,116.0
2026,11,Hungarian Grand Prix,R,COL,Alpine,68.0,3.0,HARD,31.0,88.796,31.65,32.235,24.911,275.0,235.0,259.0,323.0,1,True,False,True,False,2026-07-26 14:41:49.846,15.0,31.0,51.1,25.9,False,1.3,148.0
2026,11,Hungarian Grand Prix,R,HAM,Ferrari,1.0,1.0,SOFT,1.0,92.42,,32.879,24.176,278.0,237.0,261.0,267.0,1,True,False,False,False,2026-07-26 13:03:18.361,4.0,30.0,51.3,25.6,False,1.9,145.0
2026,11,Hungarian Grand Prix,R,HAM,Ferrari,2.0,1.0,SOFT,2.0,85.911,29.979,31.586,24.346,272.0,237.0,263.0,331.0,1,True,True,True,False,2026-07-26 13:04:51.006,4.0,29.8,50.6,25.9,False,2.3,126.0
2026,11,Hungarian Grand Prix,R,HAM,Ferrari,3.0,1.0,SOFT,3.0,85.598,29.665,31.611,24.322,269.0,236.0,259.0,335.0,1,True,True,True,False,2026-07-26 13:06:16.917,4.0,29.7,49.7,26.2,False,2.1,79.0
2026,11,Hungarian Grand Prix,R,HAM,Ferrari,4.0,1.0,SOFT,4.0,85.616,29.63,31.671,24.315,276.0,235.0,257.0,333.0,1,True,False,True,False,2026-07-26 13:07:42.515,4.0,29.8,48.6,25.8,False,3.1,149.0
2026,11,Hungarian Grand Prix,R,HAM,Ferrari,5.0,1.0,SOFT,5.0,85.806,30.201,31.21,24.395,287.0,239.0,256.0,328.0,1,True,False,True,False,2026-07-26 13:09:08.131,4.0,29.6,50.7,26.1,False,1.4,118.0
2026,11,Hungarian Grand Prix,R,HAM,Ferrari,6.0,1.0,SOFT,6.0,85.228,29.77,31.167,24.291,290.0,238.0,255.0,327.0,1,True,True,True,False,2026-07-26 13:10:33.937,4.0,29.7,50.4,25.6,False,3.2,110.0
2026,11,Hungarian Grand Prix,R,HAM,Ferrari,7.0,1.0,SOFT,7.0,85.474,29.689,31.36,24.425,288.0,238.0,259.0,328.0,1,True,False,True,False,2026-07-26 13:11:59.165,4.0,29.7,50.6,26.0,False,2.0,138.0
2026,11,Hungarian Grand Prix,R,HAM,Ferrari,8.0,1.0,SOFT,8.0,85.369,29.706,31.322,24.341,286.0,235.0,258.0,331.0,1,True,False,True,False,2026-07-26 13:13:24.639,4.0,29.8,50.1,25.3,False,0.9,134.0
2026,11,Hungarian Grand Prix,R,HAM,Ferrari,9.0,1.0,SOFT,9.0,85.91,29.603,31.748,24.559,277.0,234.0,257.0,332.0,1,True,False,True,False,2026-07-26 13:14:50.008,4.0,29.7,49.2,26.4,False,3.7,83.0
2026,11,Hungarian Grand Prix,R,HAM,Ferrari,10.0,1.0,SOFT,10.0,85.401,29.764,31.288,24.349,290.0,237.0,256.0,329.0,1,True,False,True,False,2026-07-26 13:16:15.918,4.0,29.7,51.5,26.1,False,2.3,119.0
2026,11,Hungarian Grand Prix,R,HAM,Ferrari,11.0,1.0,SOFT,11.0,85.732,29.798000000000002,31.467,24.467,288.0,235.0,255.0,328.0,1,True,False,True,False,2026-07-26 13:17:41.319,4.0,29.8,51.6,25.7,False,0.8,116.0
2026,11,Hungarian Grand Prix,R,HAM,Ferrari,12.0,1.0,SOFT,12.0,85.803,29.762,31.519,24.522,291.0,236.0,254.0,326.0,1,True,False,True,False,2026-07-26 13:19:07.051,4.0,30.0,52.3,26.1,False,2.6,115.0
2026,11,Hungarian Grand Prix,R,HAM,Ferrari,13.0,1.0,SOFT,13.0,88.64,29.943,31.405,27.292,292.0,238.0,,325.0,1,True,False,False,False,2026-07-26 13:20:32.854,5.0,30.1,53.1,26.1,False,1.9,119.0
2026,11,Hungarian Grand Prix,R,HAM,Ferrari,14.0,2.0,HARD,1.0,103.085,48.497,30.919,23.669,276.0,241.0,259.0,325.0,1,True,False,False,False,2026-07-26 13:22:01.494,8.0,30.2,52.6,25.8,False,3.3,134.0
2026,11,Hungarian Grand Prix,R,HAM,Ferrari,15.0,2.0,HARD,2.0,84.937,29.404,30.879,24.654,281.0,234.0,257.0,318.0,1,True,True,True,False,2026-07-26 13:23:44.579,6.0,30.4,51.5,24.9,False,4.4,157.0
2026,11,Hungarian Grand Prix,R,HAM,Ferrari,16.0,2.0,HARD,3.0,86.092,30.459,31.59,24.043,290.0,237.0,259.0,320.0,1,True,False,True,False,2026-07-26 13:25:09.516,7.0,30.4,52.0,25.1,False,2.0,100.0
2026,11,Hungarian Grand Prix,R,HAM,Ferrari,17.0,2.0,HARD,4.0,85.064,29.41,31.337,24.317,287.0,236.0,258.0,330.0,1,True,False,True,False,2026-07-26 13:26:35.608,6.0,30.4,50.5,25.2,False,4.3,102.0
2026,11,Hungarian Grand Prix,R,HAM,Ferrari,18.0,2.0,HARD,5.0,85.654,29.498,31.744,24.412,291.0,235.0,259.0,330.0,1,True,False,True,False,2026-07-26 13:28:00.672,6.0,30.4,52.0,25.8,False,2.7,163.0
2026,11,Hungarian Grand Prix,R,HAM,Ferrari,19.0,2.0,HARD,6.0,86.384,29.935,31.906,24.543,281.0,237.0,253.0,334.0,1,True,False,True,False,2026-07-26 13:29:26.326,5.0,30.4,52.0,25.5,False,2.9,128.0
2026,11,Hungarian Grand Prix,R,HAM,Ferrari,20.0,2.0,HARD,7.0,85.255,29.916,31.127,24.212,284.0,237.0,258.0,320.0,1,True,False,True,False,2026-07-26 13:30:52.710,5.0,30.5,52.0,25.4,False,2.1,129.0
2026,11,Hungarian Grand Prix,R,HAM,Ferrari,21.0,2.0,HARD,8.0,85.207,29.669,31.191,24.347,287.0,239.0,257.0,320.0,1,True,False,True,False,2026-07-26 13:32:17.965,5.0,30.3,52.5,25.2,False,3.7,109.0
2026,11,Hungarian Grand Prix,R,HAM,Ferrari,22.0,2.0,HARD,9.0,85.231,29.779,31.183,24.269,286.0,237.0,255.0,321.0,1,True,False,True,False,2026-07-26 13:33:43.172,5.0,30.2,52.6,25.2,False,2.7,114.0
2026,11,Hungarian Grand Prix,R,HAM,Ferrari,23.0,2.0,HARD,10.0,85.575,29.844,31.22,24.511,293.0,238.0,256.0,321.0,1,True,False,True,False,2026-07-26 13:35:08.403,4.0,30.2,51.1,25.3,False,2.4,136.0
2026,11,Hungarian Grand Prix,R,HAM,Ferrari,24.0,2.0,HARD,11.0,85.25,29.8,30.988,24.462,287.0,238.0,258.0,320.0,1,True,False,True,False,2026-07-26 13:36:33.978,4.0,30.2,44.2,25.8,False,2.0,100.0
2026,11,Hungarian Grand Prix,R,HAM,Ferrari,25.0,2.0,HARD,12.0,85.153,29.768,31.034,24.351,290.0,242.0,258.0,320.0,1,True,False,True,False,2026-07-26 13:37:59.228,4.0,30.2,52.1,25.6,False,0.5,143.0
2026,11,Hungarian Grand Prix,R,HAM,Ferrari,26.0,2.0,HARD,13.0,85.54,29.788,31.237,24.515,284.0,238.0,256.0,320.0,1,True,False,True,False,2026-07-26 13:39:24.381,4.0,30.2,51.8,25.7,False,2.4,83.0
2026,11,Hungarian Grand Prix,R,HAM,Ferrari,27.0,2.0,HARD,14.0,85.926,30.057,31.311,24.558,282.0,239.0,258.0,321.0,1,True,False,True,False,2026-07-26 13:40:49.921,4.0,30.7,52.6,25.0,False,2.5,152.0
2026,11,Hungarian Grand Prix,R,HAM,Ferrari,28.0,2.0,HARD,15.0,85.511,29.882,30.972,24.657,292.0,239.0,256.0,321.0,1,True,False,True,False,2026-07-26 13:42:15.847,4.0,30.7,51.2,24.5,False,2.7,97.0
2026,11,Hungarian Grand Prix,R,HAM,Ferrari,29.0,2.0,HARD,16.0,85.619,29.884,31.149,24.586,291.0,237.0,257.0,320.0,1,True,False,True,False,2026-07-26 13:43:41.358,4.0,30.7,52.5,25.1,False,2.4,161.0
2026,11,Hungarian Grand Prix,R,HAM,Ferrari,30.0,2.0,HARD,17.0,88.24,29.948,31.292,27.0,289.0,238.0,,320.0,1,True,False,False,False,2026-07-26 13:45:06.977,6.0,30.7,50.7,24.5,False,1.7,206.0
2026,11,Hungarian Grand Prix,R,HAM,Ferrari,31.0,3.0,HARD,1.0,103.95,48.435,31.307,24.208,287.0,241.0,259.0,320.0,1,True,False,False,False,2026-07-26 13:46:35.217,7.0,29.8,50.7,24.5,False,1.7,206.0
2026,11,Hungarian Grand Prix,R,HAM,Ferrari,32.0,3.0,HARD,2.0,83.671,29.197,30.498,23.976,281.0,241.0,259.0,330.0,1,True,True,True,False,2026-07-26 13:48:19.167,6.0,30.2,52.5,25.6,False,1.2,124.0
2026,11,Hungarian Grand Prix,R,HAM,Ferrari,33.0,3.0,HARD,3.0,84.184,29.299,30.93,23.955,281.0,240.0,261.0,318.0,1,True,False,True,False,2026-07-26 13:49:42.838,6.0,30.2,50.8,25.0,False,2.8,105.0
2026,11,Hungarian Grand Prix,R,HAM,Ferrari,34.0,3.0,HARD,4.0,84.224,29.359,30.807,24.058,284.0,237.0,260.0,318.0,1,True,False,True,False,2026-07-26 13:51:07.022,6.0,30.3,52.3,26.0,False,1.1,97.0
2026,11,Hungarian Grand Prix,R,HAM,Ferrari,35.0,3.0,HARD,5.0,84.27,29.483,30.861,23.926,295.0,241.0,259.0,324.0,1,True,False,True,False,2026-07-26 13:52:31.246,6.0,30.4,51.3,25.6,False,3.5,109.0
2026,11,Hungarian Grand Prix,R,HAM,Ferrari,36.0,3.0,HARD,6.0,84.239,29.392,30.744,24.103,282.0,237.0,260.0,320.0,1,True,False,True,False,2026-07-26 13:53:55.516,6.0,30.3,51.5,25.1,False,1.1,155.0
2026,11,Hungarian Grand Prix,R,HAM,Ferrari,37.0,3.0,HARD,7.0,84.789,29.413,31.0,24.376,285.0,238.0,259.0,320.0,1,True,False,True,False,2026-07-26 13:55:19.755,5.0,30.2,52.1,25.8,False,2.7,104.0
2026,11,Hungarian Grand Prix,R,HAM,Ferrari,38.0,3.0,HARD,8.0,85.685,29.58,31.966,24.139,292.0,239.0,259.0,322.0,1,True,False,True,False,2026-07-26 13:56:44.544,5.0,30.4,52.0,25.6,False,2.7,108.0
2026,11,Hungarian Grand Prix,R,HAM,Ferrari,39.0,3.0,HARD,9.0,84.42,29.385,30.886,24.149,290.0,240.0,258.0,322.0,12,True,False,True,False,2026-07-26 13:58:10.229,5.0,30.4,51.4,25.0,False,4.7,107.0
2026,11,Hungarian Grand Prix,R,HAM,Ferrari,40.0,3.0,HARD,10.0,84.617,29.527,31.022,24.068,291.0,241.0,259.0,332.0,1,True,False,True,False,2026-07-26 13:59:34.649,5.0,31.0,51.4,25.0,False,4.7,107.0
2026,11,Hungarian Grand Prix,R,HAM,Ferrari,41.0,3.0,HARD,11.0,84.748,29.499,31.157,24.092,292.0,238.0,258.0,322.0,1,True,False,True,False,2026-07-26 14:00:59.266,5.0,30.5,53.1,25.9,False,3.2,131.0
2026,11,Hungarian Grand Prix,R,HAM,Ferrari,42.0,3.0,HARD,12.0,84.743,29.568,31.075,24.1,293.0,239.0,259.0,321.0,1,True,False,True,False,2026-07-26 14:02:24.014,4.0,30.5,52.7,25.4,False,2.0,120.0
2026,11,Hungarian Grand Prix,R,HAM,Ferrari,43.0,3.0,HARD,13.0,84.697,29.503,31.036,24.158,289.0,239.0,260.0,320.0,1,True,False,True,False,2026-07-26 14:03:48.757,4.0,30.6,52.7,25.2,False,2.2,120.0
2026,11,Hungarian Grand Prix,R,HAM,Ferrari,44.0,3.0,HARD,14.0,84.445,29.475,30.854,24.116,289.0,242.0,259.0,320.0,1,True,False,True,False,2026-07-26 14:05:13.454,4.0,30.6,52.3,25.2,False,4.3,145.0
2026,11,Hungarian Grand Prix,R,HAM,Ferrari,45.0,3.0,HARD,15.0,84.665,29.401,30.965,24.299,290.0,238.0,258.0,320.0,1,True,False,True,False,2026-07-26 14:06:37.899,4.0,30.7,51.0,25.0,False,2.3,93.0
2026,11,Hungarian Grand Prix,R,HAM,Ferrari,46.0,3.0,HARD,16.0,84.536,29.418,30.896,24.222,290.0,242.0,255.0,319.0,1,True,False,True,False,2026-07-26 14:08:02.564,4.0,30.7,51.7,25.2,False,0.8,128.0
2026,11,Hungarian Grand Prix,R,HAM,Ferrari,47.0,3.0,HARD,17.0,84.049,29.348,30.659,24.042,292.0,241.0,257.0,319.0,1,True,False,True,False,2026-07-26 14:09:27.100,4.0,30.7,52.8,25.5,False,2.0,134.0
2026,11,Hungarian Grand Prix,R,HAM,Ferrari,48.0,3.0,HARD,18.0,84.404,29.442,30.718,24.244,297.0,242.0,259.0,320.0,1,True,False,True,False,2026-07-26 14:10:51.149,4.0,30.8,51.4,25.2,False,3.0,175.0
2026,11,Hungarian Grand Prix,R,HAM,Ferrari,49.0,3.0,HARD,19.0,84.786,29.53,30.798000000000002,24.458,296.0,242.0,259.0,321.0,1,True,False,True,False,2026-07-26 14:12:15.553,4.0,30.7,51.1,25.7,False,3.1,128.0
2026,11,Hungarian Grand Prix,R,HAM,Ferrari,50.0,3.0,HARD,20.0,84.311,29.276,30.611,24.424,295.0,243.0,258.0,321.0,12,True,False,True,False,2026-07-26 14:13:40.339,4.0,30.8,50.5,25.9,False,0.5,58.0
2026,11,Hungarian Grand Prix,R,HAM,Ferrari,51.0,3.0,HARD,21.0,84.214,29.325,30.627,24.262,297.0,243.0,260.0,320.0,1,True,False,True,False,2026-07-26 14:15:04.650,4.0,30.9,51.0,25.4,False,2.8,153.0
2026,11,Hungarian Grand Prix,R,HAM,Ferrari,52.0,3.0,HARD,22.0,84.407,29.455,30.673000000000002,24.279,293.0,244.0,259.0,322.0,1,True,False,True,False,2026-07-26 14:16:28.864,4.0,30.8,51.6,25.6,False,1.4,79.0
2026,11,Hungarian Grand Prix,R,HAM,Ferrari,53.0,3.0,HARD,23.0,84.295,29.369,30.599,24.327,294.0,236.0,258.0,321.0,1,True,False,True,False,2026-07-26 14:17:53.271,4.0,30.9,51.4,25.4,False,1.4,101.0
2026,11,Hungarian Grand Prix,R,HAM,Ferrari,54.0,3.0,HARD,24.0,84.59,29.372,30.814,24.404,293.0,242.0,257.0,323.0,1,True,False,True,False,2026-07-26 14:19:17.566,3.0,30.9,52.9,25.8,False,0.6,121.0
2026,11,Hungarian Grand Prix,R,HAM,Ferrari,55.0,3.0,HARD,25.0,84.403,29.365,30.78,24.258,297.0,241.0,262.0,323.0,1,True,False,True,False,2026-07-26 14:20:42.156,3.0,31.0,52.3,24.8,False,2.2,195.0
2026,11,Hungarian Grand Prix,R,HAM,Ferrari,56.0,3.0,HARD,26.0,96.308,29.638,36.659,30.011,295.0,215.0,,323.0,126,True,False,False,False,2026-07-26 14:22:06.559,2.0,31.1,52.3,25.1,False,3.0,147.0
2026,11,Hungarian Grand Prix,R,HAM,Ferrari,57.0,4.0,SOFT,4.0,106.522,53.035,30.393,23.094,294.0,242.0,266.0,323.0,671,False,False,False,False,2026-07-26 14:23:42.867,3.0,31.3,51.6,24.6,False,1.8,108.0
2026,11,Hungarian Grand Prix,R,HAM,Ferrari,58.0,4.0,SOFT,5.0,84.461,30.528,30.444,23.489,303.0,247.0,266.0,320.0,1,False,False,True,False,2026-07-26 14:25:29.389,4.0,31.1,52.4,24.7,False,1.1,151.0
2026,11,Hungarian Grand Prix,R,HAM,Ferrari,59.0,4.0,SOFT,6.0,82.3,28.569,30.215,23.516,293.0,246.0,267.0,336.0,1,False,True,True,False,2026-07-26 14:26:53.850,4.0,31.1,52.1,25.1,False,3.5,156.0
2026,11,Hungarian Grand Prix,R,HAM,Ferrari,60.0,4.0,SOFT,7.0,83.832,29.523,30.575,23.734,282.0,245.0,263.0,338.0,1,False,False,True,False,2026-07-26 14:28:16.150,4.0,30.8,52.1,25.1,False,3.5,156.0
2026,11,Hungarian Grand Prix,R,HAM,Ferrari,61.0,4.0,SOFT,8.0,83.088,28.991,30.287,23.81,293.0,247.0,263.0,324.0,1,False,False,True,False,2026-07-26 14:29:39.982,4.0,31.3,51.9,25.7,False,3.3,156.0
2026,11,Hungarian Grand Prix,R,HAM,Ferrari,62.0,4.0,SOFT,9.0,83.291,28.93,30.292,24.069,299.0,245.0,262.0,324.0,1,False,False,True,False,2026-07-26 14:31:03.070,4.0,31.3,49.6,25.5,False,2.3,115.0
2026,11,Hungarian Grand Prix,R,HAM,Ferrari,63.0,4.0,SOFT,10.0,85.078,29.145,31.539,24.394,301.0,238.0,263.0,335.0,1,False,False,True,False,2026-07-26 14:32:26.361,4.0,31.0,49.8,25.9,False,1.6,111.0
2026,11,Hungarian Grand Prix,R,HAM,Ferrari,64.0,4.0,SOFT,11.0,83.842,29.012,30.965,23.865,295.0,245.0,264.0,335.0,1,False,False,True,False,2026-07-26 14:33:51.439,4.0,30.9,50.7,26.1,False,2.5,94.0
2026,11,Hungarian Grand Prix,R,HAM,Ferrari,65.0,4.0,SOFT,12.0,83.031,28.94,30.406,23.685,297.0,246.0,263.0,337.0,1,False,False,True,False,2026-07-26 14:35:15.281,4.0,30.7,50.6,25.9,False,3.1,107.0
2026,11,Hungarian Grand Prix,R,HAM,Ferrari,66.0,4.0,SOFT,13.0,83.401,28.867,30.416,24.118,300.0,247.0,257.0,336.0,1,False,False,True,False,2026-07-26 14:36:38.312,4.0,30.8,51.3,26.2,False,3.3,132.0
2026,11,Hungarian Grand Prix,R,HAM,Ferrari,67.0,4.0,SOFT,14.0,83.257,29.0,30.362,23.895,297.0,247.0,262.0,331.0,1,False,False,True,False,2026-07-26 14:38:01.713,4.0,31.0,50.5,25.6,False,2.0,106.0
2026,11,Hungarian Grand Prix,R,HAM,Ferrari,68.0,4.0,SOFT,15.0,83.128,29.022,30.242,23.864,291.0,248.0,261.0,333.0,1,False,False,True,False,2026-07-26 14:39:24.970,4.0,31.1,51.2,25.8,False,3.5,130.0
2026,11,Hungarian Grand Prix,R,HAM,Ferrari,69.0,4.0,SOFT,16.0,83.178,28.911,30.334,23.933,293.0,248.0,263.0,325.0,1,False,False,True,False,2026-07-26 14:40:48.098,4.0,31.1,50.3,25.4,False,1.8,116.0
2026,11,Hungarian Grand Prix,R,HAM,Ferrari,70.0,4.0,SOFT,17.0,83.03,28.917,30.223,23.89,303.0,245.0,260.0,325.0,1,False,False,True,False,2026-07-26 14:42:11.276,4.0,31.0,51.1,25.9,False,1.3,148.0
2026,11,Hungarian Grand Prix,R,BOR,Audi,1.0,1.0,SOFT,1.0,97.037,,34.008,25.144,260.0,229.0,263.0,277.0,1,True,False,False,False,2026-07-26 13:03:18.361,13.0,30.0,51.3,25.6,False,1.9,145.0
2026,11,Hungarian Grand Prix,R,BOR,Audi,2.0,1.0,SOFT,2.0,88.743,30.576,32.905,25.262,273.0,230.0,259.0,335.0,1,True,True,True,False,2026-07-26 13:04:55.623,13.0,29.8,50.6,25.9,False,2.3,126.0
2026,11,Hungarian Grand Prix,R,BOR,Audi,3.0,1.0,SOFT,3.0,87.634,30.046,32.475,25.113,266.0,231.0,259.0,337.0,1,True,True,True,False,2026-07-26 13:06:24.366,13.0,29.7,49.7,26.2,False,2.1,79.0
2026,11,Hungarian Grand Prix,R,BOR,Audi,4.0,1.0,SOFT,4.0,87.566,30.149,32.344,25.073,287.0,230.0,259.0,325.0,1,True,True,True,False,2026-07-26 13:07:52.000,13.0,29.7,50.3,26.1,False,1.1,116.0
2026,11,Hungarian Grand Prix,R,BOR,Audi,5.0,1.0,SOFT,5.0,87.675,30.239,32.327,25.109,275.0,233.0,258.0,332.0,1,True,False,True,False,2026-07-26 13:09:19.566,13.0,29.6,50.7,26.1,False,1.4,118.0
2026,11,Hungarian Grand Prix,R,BOR,Audi,6.0,1.0,SOFT,6.0,87.668,30.168,32.368,25.132,279.0,233.0,259.0,329.0,1,True,False,True,False,2026-07-26 13:10:47.241,13.0,29.7,50.4,25.6,False,3.2,110.0
2026,11,Hungarian Grand Prix,R,BOR,Audi,7.0,1.0,SOFT,7.0,87.777,30.323,32.298,25.156,287.0,233.0,254.0,333.0,1,True,False,True,False,2026-07-26 13:12:14.909,13.0,29.7,50.6,26.0,False,2.0,138.0
2026,11,Hungarian Grand Prix,R,BOR,Audi,8.0,1.0,SOFT,8.0,88.395,30.661,32.509,25.225,286.0,232.0,257.0,327.0,1,True,False,True,False,2026-07-26 13:13:42.686,14.0,29.8,50.1,25.3,False,0.9,134.0
2026,11,Hungarian Grand Prix,R,BOR,Audi,9.0,1.0,SOFT,9.0,88.201,30.363,32.764,25.074,278.0,231.0,258.0,327.0,1,True,False,True,False,2026-07-26 13:15:11.081,14.0,29.7,49.2,26.4,False,3.7,83.0
2026,11,Hungarian Grand Prix,R,BOR,Audi,10.0,1.0,SOFT,10.0,87.953,30.335,32.405,25.213,280.0,231.0,258.0,329.0,1,True,False,True,False,2026-07-26 13:16:39.282,14.0,29.7,51.5,26.1,False,2.3,119.0
2026,11,Hungarian Grand Prix,R,BOR,Audi,11.0,1.0,SOFT,11.0,88.014,30.474,32.386,25.154,283.0,229.0,259.0,327.0,1,True,False,True,False,2026-07-26 13:18:07.235,14.0,29.9,51.9,26.1,False,2.1,104.0
2026,11,Hungarian Grand Prix,R,BOR,Audi,12.0,1.0,SOFT,12.0,88.717,30.422,33.035,25.26,248.0,231.0,257.0,328.0,1,True,False,True,False,2026-07-26 13:19:35.249,14.0,30.0,52.3,26.1,False,2.6,115.0
2026,11,Hungarian Grand Prix,R,BOR,Audi,13.0,1.0,SOFT,13.0,88.381,30.535,32.613,25.233,283.0,231.0,257.0,326.0,1,True,False,True,False,2026-07-26 13:21:03.966,14.0,30.2,53.2,25.2,False,1.2,153.0
2026,11,Hungarian Grand Prix,R,BOR,Audi,14.0,1.0,SOFT,14.0,88.119,30.307,32.839,24.973,274.0,226.0,257.0,328.0,1,True,False,True,False,2026-07-26 13:22:32.347,13.0,30.2,52.6,25.8,False,3.3,134.0
2026,11,Hungarian Grand Prix,R,BOR,Audi,15.0,1.0,SOFT,15.0,87.184,30.26,32.005,24.919,287.0,231.0,257.0,316.0,1,True,True,True,False,2026-07-26 13:24:00.466,13.0,30.4,51.9,25.0,False,2.9,122.0
2026,11,Hungarian Grand Prix,R,BOR,Audi,16.0,1.0,SOFT,16.0,87.128,30.307,31.957,24.864,282.0,230.0,257.0,316.0,1,True,True,True,False,2026-07-26 13:25:27.650,12.0,30.4,52.0,25.1,False,2.0,100.0
2026,11,Hungarian Grand Prix,R,BOR,Audi,17.0,1.0,SOFT,17.0,87.33,30.53,31.964,24.836,289.0,233.0,254.0,316.0,1,True,False,True,False,2026-07-26 13:26:54.778,12.0,30.4,51.7,25.9,False,2.8,125.0
2026,11,Hungarian Grand Prix,R,BOR,Audi,18.0,1.0,SOFT,18.0,86.797,30.182,31.783,24.832,286.0,234.0,258.0,316.0,1,True,True,True,False,2026-07-26 13:28:22.108,12.0,30.4,52.0,25.8,False,2.7,163.0
2026,11,Hungarian Grand Prix,R,BOR,Audi,19.0,1.0,SOFT,19.0,86.927,30.236,31.833,24.858,286.0,230.0,257.0,316.0,1,True,False,True,False,2026-07-26 13:29:48.905,12.0,30.4,52.4,25.6,False,2.8,144.0
2026,11,Hungarian Grand Prix,R,BOR,Audi,20.0,1.0,SOFT,20.0,87.548,30.466,32.221,24.861,284.0,232.0,257.0,316.0,1,True,False,True,False,2026-07-26 13:31:15.832,11.0,30.5,52.0,25.4,False,2.1,129.0
2026,11,Hungarian Grand Prix,R,BOR,Audi,21.0,1.0,SOFT,21.0,86.823,30.033,31.877,24.913,283.0,231.0,256.0,319.0,1,True,False,True,False,2026-07-26 13:32:43.380,10.0,30.3,52.5,25.2,False,3.7,109.0
2026,11,Hungarian Grand Prix,R,BOR,Audi,22.0,1.0,SOFT,22.0,86.79,30.219,31.745,24.826,287.0,231.0,259.0,317.0,1,True,True,True,False,2026-07-26 13:34:10.203,9.0,30.2,52.0,25.0,False,2.8,107.0
2026,11,Hungarian Grand Prix,R,BOR,Audi,23.0,1.0,SOFT,23.0,87.145,30.25,32.01,24.885,286.0,231.0,257.0,318.0,1,True,False,True,False,2026-07-26 13:35:36.993,9.0,30.2,51.1,25.3,False,2.4,136.0
2026,11,Hungarian Grand Prix,R,BOR,Audi,24.0,1.0,SOFT,24.0,87.27,30.19,32.129,24.951,286.0,232.0,257.0,317.0,1,True,False,True,False,2026-07-26 13:37:04.138,9.0,30.2,52.1,25.6,False,2.4,140.0
2026,11,Hungarian Grand Prix,R,BOR,Audi,25.0,1.0,SOFT,25.0,86.893,30.109,31.857,24.927,287.0,232.0,256.0,317.0,1,True,False,True,False,2026-07-26 13:38:31.408,9.0,30.2,52.1,25.6,False,0.5,143.0
2026,11,Hungarian Grand Prix,R,BOR,Audi,26.0,1.0,SOFT,26.0,87.243,30.146,31.931,25.166,290.0,232.0,257.0,318.0,1,True,False,True,False,2026-07-26 13:39:58.301,9.0,30.4,52.7,26.0,False,3.0,132.0
2026,11,Hungarian Grand Prix,R,BOR,Audi,27.0,1.0,SOFT,27.0,87.136,30.314,31.909,24.913,288.0,230.0,257.0,317.0,1,True,False,True,False,2026-07-26 13:41:25.544,9.0,30.7,52.6,25.0,False,2.5,152.0
2026,11,Hungarian Grand Prix,R,BOR,Audi,28.0,1.0,SOFT,28.0,87.68,30.16,32.351,25.169,286.0,229.0,257.0,318.0,1,True,False,True,False,2026-07-26 13:42:52.680,8.0,30.7,52.5,25.1,False,2.4,161.0
2026,11,Hungarian Grand Prix,R,BOR,Audi,29.0,1.0,SOFT,29.0,91.099,30.521,32.775,27.803,232.0,231.0,,317.0,1,True,False,False,False,2026-07-26 13:44:20.360,10.0,30.8,51.0,24.8,False,4.1,180.0
2026,11,Hungarian Grand Prix,R,BOR,Audi,30.0,2.0,HARD,1.0,104.949,49.211,31.473,24.265,290.0,236.0,262.0,317.0,1,True,False,False,False,2026-07-26 13:45:51.459,14.0,29.8,50.7,24.5,False,1.7,206.0
2026,11,Hungarian Grand Prix,R,BOR,Audi,31.0,2.0,HARD,2.0,84.915,29.448,31.132,24.335,292.0,236.0,262.0,319.0,1,True,True,True,False,2026-07-26 13:47:36.408,14.0,30.3,52.2,25.3,False,1.7,105.0
2026,11,Hungarian Grand Prix,R,BOR,Audi,32.0,2.0,HARD,3.0,87.019,29.637,32.386,24.996,286.0,233.0,264.0,322.0,1,True,False,True,False,2026-07-26 13:49:01.323,14.0,30.2,50.8,25.0,False,2.8,105.0
2026,11,Hungarian Grand Prix,R,BOR,Audi,33.0,2.0,HARD,4.0,84.783,29.56,30.947,24.276,294.0,237.0,261.0,326.0,1,True,True,True,False,2026-07-26 13:50:28.342,13.0,30.2,51.2,25.1,False,1.4,70.0
2026,11,Hungarian Grand Prix,R,BOR,Audi,34.0,2.0,HARD,5.0,85.182,29.585,31.283,24.314,291.0,235.0,260.0,319.0,1,True,False,True,False,2026-07-26 13:51:53.125,13.0,30.4,51.3,25.6,False,3.5,109.0
2026,11,Hungarian Grand Prix,R,BOR,Audi,35.0,2.0,HARD,6.0,85.238,29.618,31.278,24.342,290.0,236.0,259.0,320.0,1,True,False,True,False,2026-07-26 13:53:18.307,13.0,30.4,52.5,25.3,False,1.6,113.0
2026,11,Hungarian Grand Prix,R,BOR,Audi,36.0,2.0,HARD,7.0,85.388,29.632,31.276,24.48,285.0,234.0,263.0,320.0,1,True,False,True,False,2026-07-26 13:54:43.545,13.0,30.3,51.5,25.1,False,1.1,155.0
2026,11,Hungarian Grand Prix,R,BOR,Audi,37.0,2.0,HARD,8.0,87.928,29.74,32.924,25.264,287.0,233.0,260.0,330.0,1,True,False,True,False,2026-07-26 13:56:08.933,13.0,30.4,52.0,25.6,False,2.7,108.0
2026,11,Hungarian Grand Prix,R,BOR,Audi,38.0,2.0,HARD,9.0,85.89,29.857,31.44,24.593,288.0,235.0,259.0,330.0,12,True,False,True,False,2026-07-26 13:57:36.861,12.0,30.4,52.8,25.2,False,4.7,118.0
2026,11,Hungarian Grand Prix,R,BOR,Audi,39.0,2.0,HARD,10.0,85.238,29.633,31.175,24.43,286.0,238.0,259.0,317.0,1,True,False,True,False,2026-07-26 13:59:02.751,12.0,31.0,51.4,25.0,False,4.7,107.0
2026,11,Hungarian Grand Prix,R,BOR,Audi,40.0,2.0,HARD,11.0,84.991,29.76,31.057,24.174,290.0,239.0,261.0,318.0,1,True,False,True,False,2026-07-26 14:00:27.989,11.0,30.4,52.1,25.9,False,2.4,125.0
2026,11,Hungarian Grand Prix,R,BOR,Audi,41.0,2.0,HARD,12.0,85.137,29.689,31.088,24.36,290.0,238.0,261.0,319.0,1,True,False,True,False,2026-07-26 14:01:52.980,11.0,30.5,52.7,25.4,False,2.0,120.0
2026,11,Hungarian Grand Prix,R,BOR,Audi,42.0,2.0,HARD,13.0,85.202,29.653,31.057,24.492,289.0,234.0,261.0,319.0,1,True,False,True,False,2026-07-26 14:03:18.117,11.0,30.6,52.9,25.5,False,3.2,139.0
2026,11,Hungarian Grand Prix,R,BOR,Audi,43.0,2.0,HARD,14.0,85.312,29.617,31.236,24.459,293.0,235.0,260.0,320.0,1,True,False,True,False,2026-07-26 14:04:43.319,10.0,30.6,52.7,25.2,False,2.2,120.0
2026,11,Hungarian Grand Prix,R,BOR,Audi,44.0,2.0,HARD,15.0,85.923,29.673000000000002,31.464,24.786,293.0,235.0,259.0,320.0,1,True,False,True,False,2026-07-26 14:06:08.631,10.0,30.7,51.0,25.0,False,2.3,93.0
2026,11,Hungarian Grand Prix,R,BOR,Audi,45.0,2.0,HARD,16.0,85.561,29.74,31.315,24.506,293.0,238.0,261.0,320.0,1,True,False,True,False,2026-07-26 14:07:34.554,10.0,30.7,51.7,25.1,False,1.7,130.0
2026,11,Hungarian Grand Prix,R,BOR,Audi,46.0,2.0,HARD,17.0,85.704,29.714,31.393,24.597,292.0,237.0,262.0,321.0,1,True,False,True,False,2026-07-26 14:09:00.115,10.0,30.7,52.8,25.5,False,2.0,134.0
2026,11,Hungarian Grand Prix,R,BOR,Audi,47.0,2.0,HARD,18.0,85.68,29.763,31.4,24.517,293.0,236.0,261.0,322.0,1,True,False,True,False,2026-07-26 14:10:25.819,10.0,30.7,51.0,25.7,False,3.0,134.0
2026,11,Hungarian Grand Prix,R,BOR,Audi,48.0,2.0,HARD,19.0,85.778,29.685,31.375,24.718,292.0,238.0,261.0,322.0,1,True,False,True,False,2026-07-26 14:11:51.499,10.0,30.7,51.1,25.7,False,3.1,128.0
2026,11,Hungarian Grand Prix,R,BOR,Audi,49.0,2.0,HARD,20.0,85.842,29.743,31.475,24.624,293.0,235.0,261.0,322.0,12,True,False,True,False,2026-07-26 14:13:17.277,10.0,30.8,50.5,25.9,False,0.5,58.0
2026,11,Hungarian Grand Prix,R,BOR,Audi,50.0,2.0,HARD,21.0,85.846,29.865,31.319,24.662,294.0,239.0,262.0,323.0,1,True,False,True,False,2026-07-26 14:14:43.119,10.0,30.9,52.4,26.3,False,2.4,153.0
2026,11,Hungarian Grand Prix,R,BOR,Audi,51.0,2.0,HARD,22.0,85.824,29.683,31.526,24.615,292.0,238.0,262.0,325.0,1,True,False,True,False,2026-07-26 14:16:08.965,10.0,30.8,51.6,25.6,False,1.4,79.0
2026,11,Hungarian Grand Prix,R,BOR,Audi,52.0,2.0,HARD,23.0,86.146,29.783,31.651,24.712,298.0,232.0,262.0,323.0,1,True,False,True,False,2026-07-26 14:17:34.789,10.0,30.8,52.5,25.8,False,1.3,123.0
2026,11,Hungarian Grand Prix,R,BOR,Audi,53.0,2.0,HARD,24.0,86.341,29.781,31.76,24.8,284.0,236.0,259.0,323.0,1,True,False,True,False,2026-07-26 14:19:00.935,10.0,30.9,52.9,25.8,False,0.6,121.0
2026,11,Hungarian Grand Prix,R,BOR,Audi,54.0,2.0,HARD,25.0,87.402,30.706,31.95,24.746,288.0,238.0,262.0,323.0,1,True,False,True,False,2026-07-26 14:20:27.276,10.0,31.0,52.3,24.8,False,2.2,195.0
2026,11,Hungarian Grand Prix,R,BOR,Audi,55.0,2.0,HARD,26.0,94.363,29.896,31.835,32.632,298.0,237.0,171.0,324.0,126,True,False,False,False,2026-07-26 14:21:54.678,10.0,31.1,52.3,25.1,False,3.0,147.0
2026,11,Hungarian Grand Prix,R,BOR,Audi,56.0,2.0,HARD,27.0,99.502,40.466,34.31,24.726,240.0,238.0,262.0,247.0,671,True,False,False,False,2026-07-26 14:23:29.041,9.0,31.3,51.6,24.6,False,1.8,108.0
2026,11,Hungarian Grand Prix,R,BOR,Audi,57.0,2.0,HARD,28.0,85.875,29.945,31.44,24.49,291.0,237.0,263.0,320.0,1,True,False,True,False,2026-07-26 14:25:08.543,9.0,31.1,52.4,24.7,False,1.1,151.0
2026,11,Hungarian Grand Prix,R,BOR,Audi,58.0,2.0,HARD,29.0,86.203,29.641,31.933,24.629,294.0,237.0,260.0,321.0,1,True,False,True,False,2026-07-26 14:26:34.418,9.0,30.9,52.4,24.7,False,1.1,151.0
2026,11,Hungarian Grand Prix,R,BOR,Audi,59.0,2.0,HARD,30.0,89.088,30.616,33.315,25.157,241.0,237.0,262.0,321.0,1,True,False,True,False,2026-07-26 14:28:00.621,11.0,30.8,52.1,25.1,False,3.5,156.0
2026,11,Hungarian Grand Prix,R,BOR,Audi,60.0,2.0,HARD,31.0,87.683,29.979,31.917,25.787,293.0,231.0,262.0,324.0,1,True,False,True,False,2026-07-26 14:29:29.709,11.0,31.3,51.9,25.7,False,3.3,156.0
2026,11,Hungarian Grand Prix,R,BOR,Audi,61.0,2.0,HARD,32.0,86.888,30.033,31.962,24.893,295.0,236.0,260.0,332.0,1,True,False,True,False,2026-07-26 14:30:57.392,11.0,31.3,49.6,25.5,False,2.3,115.0
2026,11,Hungarian Grand Prix,R,BOR,Audi,62.0,2.0,HARD,33.0,88.338,29.92,32.33,26.088,294.0,216.0,262.0,322.0,1,True,False,True,False,2026-07-26 14:32:24.280,11.0,31.0,49.8,25.9,False,1.6,111.0
2026,11,Hungarian Grand Prix,R,BOR,Audi,63.0,2.0,HARD,34.0,86.775,29.879,31.99,24.906,292.0,236.0,261.0,334.0,1,True,False,True,False,2026-07-26 14:33:52.618,11.0,30.9,50.7,26.1,False,2.5,94.0
2026,11,Hungarian Grand Prix,R,BOR,Audi,64.0,2.0,HARD,35.0,88.153,30.645,32.363,25.145,290.0,234.0,260.0,324.0,1,True,False,True,False,2026-07-26 14:35:19.393,11.0,30.7,50.6,25.9,False,3.1,107.0
2026,11,Hungarian Grand Prix,R,BOR,Audi,65.0,2.0,HARD,36.0,87.011,29.918,32.172,24.921,288.0,234.0,261.0,324.0,1,True,False,True,False,2026-07-26 14:36:47.546,11.0,30.8,51.3,26.2,False,3.3,132.0
2026,11,Hungarian Grand Prix,R,BOR,Audi,66.0,2.0,HARD,37.0,87.343,29.985,32.355,25.003,288.0,234.0,262.0,332.0,1,True,False,True,False,2026-07-26 14:38:14.557,11.0,31.0,50.5,25.6,False,2.0,106.0
2026,11,Hungarian Grand Prix,R,BOR,Audi,67.0,2.0,HARD,38.0,87.685,30.195,32.387,25.103,288.0,234.0,261.0,332.0,1,True,False,True,False,2026-07-26 14:39:41.900,11.0,31.1,51.2,25.8,False,3.5,130.0
2026,11,Hungarian Grand Prix,R,BOR,Audi,68.0,2.0,HARD,39.0,88.023,30.237,32.564,25.222,291.0,234.0,262.0,332.0,1,True,False,True,False,2026-07-26 14:41:09.585,11.0,31.5,50.3,25.4,False,1.8,116.0
2026,11,Hungarian Grand Prix,R,BOR,Audi,69.0,2.0,HARD,40.0,89.186,30.113,33.4,25.673000000000002,290.0,233.0,253.0,332.0,1,True,False,True,False,2026-07-26 14:42:37.608,11.0,31.0,51.1,25.9,False,1.3,148.0
2026,11,Hungarian Grand Prix,R,SAI,Williams,1.0,1.0,SOFT,1.0,99.271,,35.191,25.394,241.0,227.0,256.0,281.0,1,True,False,False,False,2026-07-26 13:03:18.361,17.0,30.0,51.3,25.6,False,1.9,145.0
2026,11,Hungarian Grand Prix,R,SAI,Williams,2.0,1.0,SOFT,2.0,89.017,30.674,32.87,25.473,270.0,233.0,256.0,309.0,1,True,True,True,False,2026-07-26 13:04:57.857,17.0,29.8,50.6,25.9,False,2.3,126.0
2026,11,Hungarian Grand Prix,R,SAI,Williams,3.0,1.0,SOFT,3.0,89.138,31.002,32.886,25.25,264.0,229.0,258.0,330.0,1,True,False,True,False,2026-07-26 13:06:26.874,18.0,29.7,49.7,26.2,False,2.1,79.0
2026,11,Hungarian Grand Prix,R,SAI,Williams,4.0,1.0,SOFT,4.0,88.343,30.681,32.459,25.203,280.0,229.0,256.0,324.0,1,True,True,True,False,2026-07-26 13:07:56.012,18.0,29.7,50.3,26.1,False,1.1,116.0
2026,11,Hungarian Grand Prix,R,SAI,Williams,5.0,1.0,SOFT,5.0,88.488,30.588,32.502,25.398,282.0,224.0,258.0,323.0,1,True,False,True,False,2026-07-26 13:09:24.355,18.0,29.6,50.7,26.1,False,1.4,118.0
2026,11,Hungarian Grand Prix,R,SAI,Williams,6.0,1.0,SOFT,6.0,88.472,30.753,32.629,25.09,280.0,229.0,259.0,323.0,1,True,False,True,False,2026-07-26 13:10:52.843,18.0,29.7,52.3,25.8,False,3.9,161.0
2026,11,Hungarian Grand Prix,R,SAI,Williams,7.0,1.0,SOFT,7.0,88.328,30.83,32.481,25.017,278.0,228.0,258.0,322.0,1,True,True,True,False,2026-07-26 13:12:21.315,18.0,29.7,50.6,26.0,False,2.0,138.0
2026,11,Hungarian Grand Prix,R,SAI,Williams,8.0,1.0,SOFT,8.0,88.354,30.649,32.557,25.148,280.0,228.0,257.0,322.0,1,True,False,True,False,2026-07-26 13:13:49.643,18.0,29.8,51.4,25.7,False,2.0,162.0
2026,11,Hungarian Grand Prix,R,SAI,Williams,9.0,1.0,SOFT,9.0,88.193,30.58,32.57,25.043,284.0,227.0,258.0,321.0,1,True,True,True,False,2026-07-26 13:15:17.997,18.0,29.7,49.2,26.4,False,3.7,83.0
2026,11,Hungarian Grand Prix,R,SAI,Williams,10.0,1.0,SOFT,10.0,88.12,30.621,32.501,24.998,281.0,227.0,257.0,321.0,1,True,True,True,False,2026-07-26 13:16:46.190,18.0,29.7,51.5,26.1,False,2.3,119.0
2026,11,Hungarian Grand Prix,R,SAI,Williams,11.0,1.0,SOFT,11.0,87.946,30.488,32.459,24.999,282.0,228.0,256.0,320.0,1,True,True,True,False,2026-07-26 13:18:14.310,18.0,29.9,51.9,26.1,False,2.1,104.0
2026,11,Hungarian Grand Prix,R,SAI,Williams,12.0,1.0,SOFT,12.0,88.121,30.543,32.488,25.09,283.0,228.0,256.0,320.0,1,True,False,True,False,2026-07-26 13:19:42.256,18.0,30.0,52.3,26.1,False,2.6,115.0
2026,11,Hungarian Grand Prix,R,SAI,Williams,13.0,1.0,SOFT,13.0,88.374,30.531,32.637,25.206,282.0,228.0,256.0,320.0,1,True,False,True,False,2026-07-26 13:21:10.377,18.0,30.2,53.2,25.2,False,1.2,153.0
2026,11,Hungarian Grand Prix,R,SAI,Williams,14.0,1.0,SOFT,14.0,88.551,30.442,32.883,25.226,282.0,226.0,255.0,321.0,1,True,False,True,False,2026-07-26 13:22:38.751,18.0,30.2,52.6,25.8,False,3.3,134.0
2026,11,Hungarian Grand Prix,R,SAI,Williams,15.0,1.0,SOFT,15.0,88.658,30.838,32.678,25.142,279.0,228.0,257.0,322.0,1,True,False,True,False,2026-07-26 13:24:07.302,18.0,30.4,51.9,25.0,False,2.9,122.0
2026,11,Hungarian Grand Prix,R,SAI,Williams,16.0,1.0,SOFT,16.0,88.154,30.497,32.542,25.115,280.0,231.0,256.0,321.0,1,True,False,True,False,2026-07-26 13:25:35.960,17.0,30.4,52.0,25.1,False,2.0,100.0
2026,11,Hungarian Grand Prix,R,SAI,Williams,17.0,1.0,SOFT,17.0,88.082,30.432,32.576,25.074,282.0,229.0,257.0,321.0,1,True,False,True,False,2026-07-26 13:27:04.114,16.0,30.4,51.7,25.9,False,2.8,125.0
2026,11,Hungarian Grand Prix,R,SAI,Williams,18.0,1.0,SOFT,18.0,90.214,30.394,32.648,27.172,276.0,229.0,,321.0,1,True,False,False,False,2026-07-26 13:28:32.196,15.0,30.4,52.0,25.8,False,2.7,163.0
2026,11,Hungarian Grand Prix,R,SAI,Williams,19.0,2.0,MEDIUM,1.0,104.718,48.861,31.607,24.25,287.0,232.0,260.0,321.0,1,True,False,False,False,2026-07-26 13:30:02.410,20.0,30.4,52.4,25.6,False,2.8,144.0
2026,11,Hungarian Grand Prix,R,SAI,Williams,20.0,2.0,MEDIUM,2.0,86.93,30.128,32.074,24.728,275.0,229.0,260.0,320.0,1,True,True,True,False,2026-07-26 13:31:47.128,20.0,30.5,52.0,25.4,False,2.1,129.0
2026,11,Hungarian Grand Prix,R,SAI,Williams,21.0,2.0,MEDIUM,3.0,86.948,30.117,32.111,24.72,280.0,230.0,258.0,320.0,1,True,False,True,False,2026-07-26 13:33:14.058,20.0,30.2,52.6,25.2,False,2.7,114.0
2026,11,Hungarian Grand Prix,R,SAI,Williams,22.0,2.0,MEDIUM,4.0,87.248,30.363,31.966,24.919,283.0,228.0,258.0,320.0,1,True,False,True,False,2026-07-26 13:34:41.006,20.0,30.2,52.0,25.0,False,2.8,107.0
2026,11,Hungarian Grand Prix,R,SAI,Williams,23.0,2.0,MEDIUM,5.0,87.563,30.295,32.303,24.965,285.0,228.0,257.0,320.0,1,True,False,True,False,2026-07-26 13:36:08.254,19.0,30.2,44.2,25.8,False,2.0,100.0
2026,11,Hungarian Grand Prix,R,SAI,Williams,24.0,2.0,MEDIUM,6.0,87.042,30.173,32.166,24.703,284.0,230.0,258.0,320.0,1,True,False,True,False,2026-07-26 13:37:35.817,19.0,30.2,52.1,25.6,False,2.4,140.0
2026,11,Hungarian Grand Prix,R,SAI,Williams,25.0,2.0,MEDIUM,7.0,87.484,30.207,32.284,24.993,286.0,226.0,258.0,320.0,1,True,False,True,False,2026-07-26 13:39:02.859,19.0,30.2,51.8,25.7,False,2.4,83.0
2026,11,Hungarian Grand Prix,R,SAI,Williams,26.0,2.0,MEDIUM,8.0,88.007,30.358,32.488,25.161,286.0,230.0,256.0,322.0,1,True,False,True,False,2026-07-26 13:40:30.343,18.0,30.4,52.7,26.0,False,3.0,132.0
2026,11,Hungarian Grand Prix,R,SAI,Williams,27.0,2.0,MEDIUM,9.0,87.684,30.352,32.378,24.954,281.0,230.0,259.0,328.0,1,True,False,True,False,2026-07-26 13:41:58.350,18.0,30.7,51.2,24.5,False,2.7,97.0
2026,11,Hungarian Grand Prix,R,SAI,Williams,28.0,2.0,MEDIUM,10.0,87.874,30.451,32.395,25.028,281.0,229.0,259.0,322.0,1,True,False,True,False,2026-07-26 13:43:26.034,18.0,30.7,52.5,25.1,False,2.4,161.0
2026,11,Hungarian Grand Prix,R,SAI,Williams,29.0,2.0,MEDIUM,11.0,87.271,30.297,32.086,24.888,281.0,231.0,261.0,323.0,1,True,False,True,False,2026-07-26 13:44:53.908,18.0,30.7,50.7,24.5,False,1.7,206.0
2026,11,Hungarian Grand Prix,R,SAI,Williams,30.0,2.0,MEDIUM,12.0,87.623,30.313,32.306,25.004,281.0,231.0,261.0,323.0,1,True,False,True,False,2026-07-26 13:46:21.179,18.0,29.8,50.7,24.5,False,1.7,206.0
2026,11,Hungarian Grand Prix,R,SAI,Williams,31.0,2.0,MEDIUM,13.0,89.766,30.284,32.629,26.853,283.0,186.0,260.0,322.0,1,True,False,True,False,2026-07-26 13:47:48.802,18.0,30.2,52.5,25.6,False,1.2,124.0
2026,11,Hungarian Grand Prix,R,SAI,Williams,32.0,2.0,MEDIUM,14.0,88.98,30.362,33.626,24.992,282.0,232.0,259.0,331.0,1,True,False,True,False,2026-07-26 13:49:18.568,18.0,30.2,50.8,25.0,False,2.8,105.0
2026,11,Hungarian Grand Prix,R,SAI,Williams,33.0,2.0,MEDIUM,15.0,87.529,30.469,32.167,24.893,284.0,230.0,260.0,322.0,1,True,False,True,False,2026-07-26 13:50:47.548,18.0,30.2,51.2,25.1,False,1.4,70.0
2026,11,Hungarian Grand Prix,R,SAI,Williams,34.0,2.0,MEDIUM,16.0,89.763,30.228,32.621,26.914,288.0,188.0,241.0,321.0,1,True,False,True,False,2026-07-26 13:52:15.077,18.0,30.4,51.3,25.6,False,3.5,109.0
2026,11,Hungarian Grand Prix,R,SAI,Williams,35.0,2.0,MEDIUM,17.0,88.412,30.993,32.372,25.047,276.0,231.0,247.0,302.0,1,True,False,True,False,2026-07-26 13:53:44.840,17.0,30.4,52.5,25.3,False,1.6,113.0
2026,11,Hungarian Grand Prix,R,SAI,Williams,36.0,2.0,MEDIUM,18.0,87.676,30.705,32.189,24.782,283.0,232.0,258.0,306.0,1,True,False,True,False,2026-07-26 13:55:13.252,16.0,30.2,52.1,25.8,False,2.7,104.0
2026,11,Hungarian Grand Prix,R,SAI,Williams,37.0,2.0,MEDIUM,19.0,91.701,31.697,34.169,25.835,272.0,227.0,259.0,319.0,1,True,False,True,False,2026-07-26 13:56:40.928,17.0,30.4,52.0,25.6,False,2.7,108.0
2026,11,Hungarian Grand Prix,R,SAI,Williams,38.0,2.0,MEDIUM,20.0,87.27,30.304,32.151,24.815,284.0,230.0,259.0,321.0,12,True,False,True,False,2026-07-26 13:58:12.629,15.0,30.4,51.4,25.0,False,4.7,107.0
2026,11,Hungarian Grand Prix,R,SAI,Williams,39.0,2.0,MEDIUM,21.0,88.473,30.328,33.003,25.142,284.0,231.0,257.0,321.0,1,True,False,True,False,2026-07-26 13:59:39.899,16.0,31.0,51.4,25.0,False,4.7,107.0
2026,11,Hungarian Grand Prix,R,SAI,Williams,40.0,2.0,MEDIUM,22.0,88.286,31.023,32.214,25.049,287.0,233.0,256.0,304.0,1,True,False,True,False,2026-07-26 14:01:08.372,16.0,30.5,53.1,25.9,False,3.2,131.0
2026,11,Hungarian Grand Prix,R,SAI,Williams,41.0,2.0,MEDIUM,23.0,88.622,31.004,32.442,25.176,285.0,233.0,259.0,320.0,1,True,False,True,False,2026-07-26 14:02:36.658,17.0,30.5,52.7,25.4,False,2.0,120.0
2026,11,Hungarian Grand Prix,R,SAI,Williams,42.0,2.0,MEDIUM,24.0,87.53,30.323,32.307,24.9,285.0,229.0,260.0,322.0,1,True,False,True,False,2026-07-26 14:04:05.280,17.0,30.6,52.7,25.2,False,2.2,120.0
2026,11,Hungarian Grand Prix,R,SAI,Williams,43.0,2.0,MEDIUM,25.0,90.441,30.278,32.842,27.321,285.0,229.0,,321.0,1,True,False,False,False,2026-07-26 14:05:32.810,17.0,30.6,52.3,25.2,False,4.3,145.0
2026,11,Hungarian Grand Prix,R,SAI,Williams,44.0,3.0,SOFT,4.0,112.387,56.358,31.798000000000002,24.231,276.0,234.0,261.0,321.0,1,False,False,False,False,2026-07-26 14:07:03.251,19.0,30.7,51.7,25.1,False,1.7,130.0
2026,11,Hungarian Grand Prix,R,SAI,Williams,45.0,3.0,SOFT,5.0,86.384,30.01,31.935,24.439,278.0,236.0,259.0,329.0,1,False,True,True,False,2026-07-26 14:08:55.638,19.0,30.7,52.8,25.5,False,2.0,134.0
2026,11,Hungarian Grand Prix,R,SAI,Williams,46.0,3.0,SOFT,6.0,85.932,29.881,31.67,24.381,287.0,235.0,261.0,330.0,1,False,True,True,False,2026-07-26 14:10:22.022,19.0,30.7,51.0,25.7,False,3.0,134.0
2026,11,Hungarian Grand Prix,R,SAI,Williams,47.0,3.0,SOFT,7.0,86.285,30.053,31.62,24.612,286.0,236.0,256.0,331.0,1,False,False,True,False,2026-07-26 14:11:47.954,19.0,30.8,51.4,25.2,False,3.0,175.0
2026,11,Hungarian Grand Prix,R,SAI,Williams,48.0,3.0,SOFT,8.0,86.315,30.063,31.562,24.69,287.0,234.0,262.0,321.0,12,False,False,True,False,2026-07-26 14:13:14.239,19.0,30.8,50.5,25.9,False,0.5,58.0
2026,11,Hungarian Grand Prix,R,SAI,Williams,49.0,3.0,SOFT,9.0,86.285,29.915,31.594,24.776,281.0,235.0,260.0,323.0,21,False,False,True,False,2026-07-26 14:14:40.554,19.0,30.9,52.4,26.3,False,2.4,153.0
2026,11,Hungarian Grand Prix,R,SAI,Williams,50.0,3.0,SOFT,10.0,86.194,29.904,31.615,24.675,289.0,234.0,261.0,322.0,1,False,False,True,False,2026-07-26 14:16:06.839,19.0,30.8,51.6,25.6,False,1.4,79.0
2026,11,Hungarian Grand Prix,R,SAI,Williams,51.0,3.0,SOFT,11.0,86.243,29.9,31.644,24.699,289.0,234.0,261.0,323.0,1,False,False,True,False,2026-07-26 14:17:33.033,19.0,30.8,52.5,25.8,False,1.3,123.0
2026,11,Hungarian Grand Prix,R,SAI,Williams,52.0,3.0,SOFT,12.0,86.258,29.928,31.608,24.722,288.0,236.0,260.0,323.0,1,False,False,True,False,2026-07-26 14:18:59.276,19.0,30.9,52.9,25.8,False,0.6,121.0
2026,11,Hungarian Grand Prix,R,SAI,Williams,53.0,3.0,SOFT,13.0,87.332,29.869,31.663,25.8,289.0,236.0,262.0,323.0,1,False,False,True,False,2026-07-26 14:20:25.534,19.0,31.0,52.3,24.8,False,2.2,195.0
2026,11,Hungarian Grand Prix,R,SAI,Williams,54.0,3.0,SOFT,14.0,94.129,29.97,31.863,32.296,286.0,234.0,,334.0,126,False,False,False,False,2026-07-26 14:21:52.866,19.0,31.1,52.3,25.1,False,3.0,147.0
2026,11,Hungarian Grand Prix,R,SAI,Williams,55.0,4.0,SOFT,4.0,111.75,56.008,31.925,23.817,255.0,239.0,266.0,334.0,671,False,False,False,False,2026-07-26 14:23:26.995,20.0,31.3,51.6,24.6,False,1.8,108.0
2026,11,Hungarian Grand Prix,R,SAI,Williams,56.0,4.0,SOFT,5.0,84.864,29.488,31.073,24.303,292.0,240.0,259.0,323.0,1,False,True,True,False,2026-07-26 14:25:18.745,19.0,31.1,52.4,24.7,False,1.1,151.0
2026,11,Hungarian Grand Prix,R,SAI,Williams,57.0,4.0,SOFT,6.0,86.311,30.859,31.308,24.144,288.0,240.0,263.0,322.0,1,False,False,True,False,2026-07-26 14:26:43.609,19.0,30.9,52.4,24.7,False,1.1,151.0
2026,11,Hungarian Grand Prix,R,SAI,Williams,58.0,4.0,SOFT,7.0,84.926,29.559,31.164,24.203,293.0,237.0,263.0,324.0,1,False,False,True,False,2026-07-26 14:28:09.920,19.0,30.8,52.1,25.1,False,3.5,156.0
2026,11,Hungarian Grand Prix,R,SAI,Williams,59.0,4.0,SOFT,8.0,85.194,29.576999999999998,31.144,24.473,291.0,237.0,263.0,324.0,1,False,False,True,False,2026-07-26 14:29:34.846,19.0,31.3,51.9,25.7,False,3.3,156.0
2026,11,Hungarian Grand Prix,R,SAI,Williams,60.0,4.0,SOFT,9.0,88.39,31.142,32.592,24.656,278.0,236.0,256.0,326.0,1,False,False,True,False,2026-07-26 14:31:00.040,19.0,31.3,49.6,25.5,False,2.3,115.0
2026,11,Hungarian Grand Prix,R,SAI,Williams,61.0,4.0,SOFT,10.0,87.539,29.949,31.609,25.981,292.0,237.0,262.0,321.0,1,False,False,True,False,2026-07-26 14:32:28.430,19.0,31.0,49.8,25.9,False,1.6,111.0
2026,11,Hungarian Grand Prix,R,SAI,Williams,62.0,4.0,SOFT,11.0,86.451,29.947,31.817,24.687,288.0,238.0,258.0,338.0,1,False,False,True,False,2026-07-26 14:33:55.969,19.0,30.9,50.7,26.1,False,2.5,94.0
2026,11,Hungarian Grand Prix,R,SAI,Williams,63.0,4.0,SOFT,12.0,86.504,29.852,31.731,24.921,290.0,233.0,266.0,334.0,1,False,False,True,False,2026-07-26 14:35:22.420,19.0,30.7,50.6,25.9,False,3.1,107.0
2026,11,Hungarian Grand Prix,R,SAI,Williams,64.0,4.0,SOFT,13.0,87.361,30.198,32.212,24.951,284.0,234.0,259.0,345.0,1,False,False,True,False,2026-07-26 14:36:48.924,19.0,30.8,51.3,26.2,False,3.3,132.0
2026,11,Hungarian Grand Prix,R,SAI,Williams,65.0,4.0,SOFT,14.0,87.185,30.078,32.211,24.896,286.0,235.0,265.0,338.0,1,False,False,True,False,2026-07-26 14:38:16.285,19.0,31.0,50.5,25.6,False,2.0,106.0
2026,11,Hungarian Grand Prix,R,SAI,Williams,66.0,4.0,SOFT,15.0,87.394,30.055,32.449,24.89,292.0,235.0,267.0,339.0,1,False,False,True,False,2026-07-26 14:39:43.470,19.0,31.1,51.2,25.8,False,3.5,130.0
2026,11,Hungarian Grand Prix,R,SAI,Williams,67.0,4.0,SOFT,16.0,88.185,30.766,32.393,25.026,276.0,233.0,262.0,346.0,1,False,False,True,False,2026-07-26 14:41:10.864,19.0,31.5,50.3,25.4,False,1.8,116.0
2026,11,Hungarian Grand Prix,R,SAI,Williams,68.0,4.0,SOFT,17.0,88.69,30.216,32.896,25.578,280.0,233.0,266.0,339.0,1,False,False,True,False,2026-07-26 14:42:39.049,19.0,31.0,51.1,25.9,False,1.3,148.0
2026,11,Hungarian Grand Prix,R,HAD,Red Bull Racing,1.0,1.0,MEDIUM,1.0,94.347,,33.631,24.79,249.0,236.0,262.0,276.0,1,True,False,False,False,2026-07-26 13:03:18.361,7.0,30.0,51.3,25.6,False,1.9,145.0
2026,11,Hungarian Grand Prix,R,HAD,Red Bull Racing,2.0,1.0,MEDIUM,2.0,86.269,29.914,31.737,24.618,278.0,239.0,259.0,321.0,1,True,True,True,False,2026-07-26 13:04:52.933,7.0,29.8,50.6,25.9,False,2.3,126.0
2026,11,Hungarian Grand Prix,R,HAD,Red Bull Racing,3.0,1.0,MEDIUM,3.0,85.893,29.784,31.324,24.785,283.0,237.0,260.0,325.0,1,True,True,True,False,2026-07-26 13:06:19.202,7.0,29.7,49.7,26.2,False,2.1,79.0
2026,11,Hungarian Grand Prix,R,HAD,Red Bull Racing,4.0,1.0,MEDIUM,4.0,85.808,29.955,31.161,24.692,291.0,239.0,260.0,323.0,1,True,True,True,False,2026-07-26 13:07:45.095,7.0,29.8,48.6,25.8,False,3.1,149.0
2026,11,Hungarian Grand Prix,R,HAD,Red Bull Racing,5.0,1.0,MEDIUM,5.0,86.077,29.772,31.37,24.935,296.0,238.0,258.0,327.0,1,True,False,True,False,2026-07-26 13:09:10.903,7.0,29.6,50.7,26.1,False,1.4,118.0
2026,11,Hungarian Grand Prix,R,HAD,Red Bull Racing,6.0,1.0,MEDIUM,6.0,86.567,30.172,31.626,24.769,289.0,236.0,258.0,323.0,1,True,False,True,False,2026-07-26 13:10:36.980,7.0,29.7,50.4,25.6,False,3.2,110.0
2026,11,Hungarian Grand Prix,R,HAD,Red Bull Racing,7.0,1.0,MEDIUM,7.0,86.478,30.193,31.507,24.778,288.0,236.0,258.0,319.0,1,True,False,True,False,2026-07-26 13:12:03.547,7.0,29.7,50.6,26.0,False,2.0,138.0
2026,11,Hungarian Grand Prix,R,HAD,Red Bull Racing,8.0,1.0,MEDIUM,8.0,86.73,30.153,31.764,24.813,295.0,235.0,256.0,314.0,1,True,False,True,False,2026-07-26 13:13:30.025,7.0,29.8,50.1,25.3,False,0.9,134.0
2026,11,Hungarian Grand Prix,R,HAD,Red Bull Racing,9.0,1.0,MEDIUM,9.0,86.256,30.158,31.389,24.709,286.0,238.0,256.0,313.0,1,True,False,True,False,2026-07-26 13:14:56.755,7.0,29.7,49.2,26.4,False,3.7,83.0
2026,11,Hungarian Grand Prix,R,HAD,Red Bull Racing,10.0,1.0,MEDIUM,10.0,86.39,30.08,31.517,24.793,286.0,236.0,256.0,317.0,1,True,False,True,False,2026-07-26 13:16:23.011,7.0,29.7,51.5,26.1,False,2.3,119.0
2026,11,Hungarian Grand Prix,R,HAD,Red Bull Racing,11.0,1.0,MEDIUM,11.0,86.781,30.163,31.71,24.908,286.0,236.0,256.0,314.0,1,True,False,True,False,2026-07-26 13:17:49.401,7.0,29.9,51.9,26.1,False,2.1,104.0
2026,11,Hungarian Grand Prix,R,HAD,Red Bull Racing,12.0,1.0,MEDIUM,12.0,86.788,30.211,31.858,24.719,281.0,237.0,253.0,309.0,1,True,False,True,False,2026-07-26 13:19:16.182,7.0,30.0,52.3,26.1,False,2.6,115.0
2026,11,Hungarian Grand Prix,R,HAD,Red Bull Racing,13.0,1.0,MEDIUM,13.0,86.844,30.182,31.873,24.789,285.0,235.0,256.0,315.0,1,True,False,True,False,2026-07-26 13:20:42.970,7.0,30.1,53.1,26.1,False,1.9,119.0
2026,11,Hungarian Grand Prix,R,HAD,Red Bull Racing,14.0,1.0,MEDIUM,14.0,86.995,30.011,31.984,25.0,283.0,234.0,256.0,312.0,1,True,False,True,False,2026-07-26 13:22:09.814,6.0,30.2,52.6,25.8,False,3.3,134.0
2026,11,Hungarian Grand Prix,R,HAD,Red Bull Racing,15.0,1.0,MEDIUM,15.0,86.758,30.197,31.69,24.871,284.0,235.0,256.0,312.0,1,True,False,True,False,2026-07-26 13:23:36.809,5.0,30.4,51.5,24.9,False,4.4,157.0
2026,11,Hungarian Grand Prix,R,HAD,Red Bull Racing,16.0,1.0,MEDIUM,16.0,86.879,30.143,31.806,24.93,284.0,234.0,258.0,311.0,1,True,False,True,False,2026-07-26 13:25:03.567,5.0,30.4,52.0,25.1,False,2.0,100.0
2026,11,Hungarian Grand Prix,R,HAD,Red Bull Racing,17.0,1.0,MEDIUM,17.0,87.317,30.25,32.061,25.006,284.0,234.0,253.0,316.0,1,True,False,True,False,2026-07-26 13:26:30.446,3.0,30.4,50.5,25.2,False,4.3,102.0
2026,11,Hungarian Grand Prix,R,HAD,Red Bull Racing,18.0,1.0,MEDIUM,18.0,86.939,30.266,31.803,24.87,289.0,233.0,258.0,314.0,1,True,False,True,False,2026-07-26 13:27:57.763,2.0,30.4,52.0,25.8,False,2.7,163.0
2026,11,Hungarian Grand Prix,R,HAD,Red Bull Racing,19.0,1.0,MEDIUM,19.0,91.582,31.271,33.286,27.025,269.0,234.0,,307.0,1,True,False,False,False,2026-07-26 13:29:24.702,7.0,30.4,52.0,25.5,False,2.9,128.0
2026,11,Hungarian Grand Prix,R,HAD,Red Bull Racing,20.0,2.0,HARD,1.0,104.672,49.238,31.313,24.121,291.0,241.0,260.0,307.0,1,True,False,False,False,2026-07-26 13:30:56.284,10.0,30.5,52.0,25.4,False,2.1,129.0
2026,11,Hungarian Grand Prix,R,HAD,Red Bull Racing,21.0,2.0,HARD,2.0,84.643,29.423,30.909,24.311,293.0,238.0,261.0,320.0,1,True,True,True,False,2026-07-26 13:32:40.956,9.0,30.3,52.5,25.2,False,3.7,109.0
2026,11,Hungarian Grand Prix,R,HAD,Red Bull Racing,22.0,2.0,HARD,3.0,84.783,29.66,30.912,24.211,285.0,241.0,258.0,315.0,1,True,False,True,False,2026-07-26 13:34:05.599,8.0,30.2,52.0,25.0,False,2.8,107.0
2026,11,Hungarian Grand Prix,R,HAD,Red Bull Racing,23.0,2.0,HARD,4.0,84.908,29.552,31.049,24.307,298.0,239.0,258.0,316.0,1,True,False,True,False,2026-07-26 13:35:30.382,8.0,30.2,51.1,25.3,False,2.4,136.0
2026,11,Hungarian Grand Prix,R,HAD,Red Bull Racing,24.0,2.0,HARD,5.0,84.942,29.676,30.849,24.417,294.0,240.0,259.0,314.0,1,True,False,True,False,2026-07-26 13:36:55.290,8.0,30.2,52.1,25.6,False,2.4,140.0
2026,11,Hungarian Grand Prix,R,HAD,Red Bull Racing,25.0,2.0,HARD,6.0,85.133,29.73,30.973,24.43,295.0,242.0,259.0,313.0,1,True,False,True,False,2026-07-26 13:38:20.232,8.0,30.2,52.1,25.6,False,0.5,143.0
2026,11,Hungarian Grand Prix,R,HAD,Red Bull Racing,26.0,2.0,HARD,7.0,85.546,29.806,31.136,24.604,296.0,240.0,257.0,317.0,1,True,False,True,False,2026-07-26 13:39:45.365,8.0,30.2,51.8,25.7,False,2.4,83.0
2026,11,Hungarian Grand Prix,R,HAD,Red Bull Racing,27.0,2.0,HARD,8.0,85.748,29.858,31.285,24.605,295.0,240.0,260.0,318.0,1,True,False,True,False,2026-07-26 13:41:10.911,8.0,30.7,52.6,25.0,False,2.5,152.0
2026,11,Hungarian Grand Prix,R,HAD,Red Bull Racing,28.0,2.0,HARD,9.0,85.569,29.8,31.074,24.695,300.0,241.0,260.0,316.0,1,True,False,True,False,2026-07-26 13:42:36.659,7.0,30.7,51.2,24.5,False,2.7,97.0
2026,11,Hungarian Grand Prix,R,HAD,Red Bull Racing,29.0,2.0,HARD,10.0,85.443,29.72,31.128,24.595,296.0,240.0,258.0,319.0,1,True,False,True,False,2026-07-26 13:44:02.228,7.0,30.8,51.0,24.8,False,4.1,180.0
2026,11,Hungarian Grand Prix,R,HAD,Red Bull Racing,30.0,2.0,HARD,11.0,85.566,29.81,31.202,24.554,293.0,240.0,260.0,321.0,1,True,False,True,False,2026-07-26 13:45:27.671,7.0,30.7,50.7,24.5,False,1.7,206.0
2026,11,Hungarian Grand Prix,R,HAD,Red Bull Racing,31.0,2.0,HARD,12.0,85.838,30.038,31.139,24.661,294.0,241.0,259.0,318.0,1,True,False,True,False,2026-07-26 13:46:53.237,6.0,30.3,52.2,25.3,False,1.7,105.0
2026,11,Hungarian Grand Prix,R,HAD,Red Bull Racing,32.0,2.0,HARD,13.0,86.388,30.276,31.42,24.692,293.0,238.0,259.0,316.0,1,True,False,True,False,2026-07-26 13:48:19.075,7.0,30.2,52.5,25.6,False,1.2,124.0
2026,11,Hungarian Grand Prix,R,HAD,Red Bull Racing,33.0,2.0,HARD,14.0,85.487,29.802,31.103,24.582,298.0,240.0,260.0,318.0,1,True,False,True,False,2026-07-26 13:49:45.463,7.0,30.2,50.8,25.0,False,2.8,105.0
2026,11,Hungarian Grand Prix,R,HAD,Red Bull Racing,34.0,2.0,HARD,15.0,85.493,29.898,31.077,24.518,298.0,240.0,260.0,316.0,1,True,False,True,False,2026-07-26 13:51:10.950,7.0,30.3,52.3,26.0,False,1.1,97.0
2026,11,Hungarian Grand Prix,R,HAD,Red Bull Racing,35.0,2.0,HARD,16.0,85.495,29.761,31.192,24.542,302.0,240.0,259.0,320.0,1,True,False,True,False,2026-07-26 13:52:36.443,7.0,30.4,51.3,25.6,False,3.5,109.0
2026,11,Hungarian Grand Prix,R,HAD,Red Bull Racing,36.0,2.0,HARD,17.0,85.648,29.826,31.221,24.601,300.0,239.0,261.0,319.0,1,True,False,True,False,2026-07-26 13:54:01.938,7.0,30.3,51.5,25.1,False,1.1,155.0
2026,11,Hungarian Grand Prix,R,HAD,Red Bull Racing,37.0,2.0,HARD,18.0,87.797,30.604,32.469,24.724,275.0,237.0,259.0,319.0,1,True,False,True,False,2026-07-26 13:55:27.586,6.0,30.2,52.1,25.8,False,2.7,104.0
2026,11,Hungarian Grand Prix,R,HAD,Red Bull Racing,38.0,2.0,HARD,19.0,86.934,30.377,31.799,24.758,288.0,240.0,259.0,317.0,1,True,False,True,False,2026-07-26 13:56:55.383,7.0,30.4,52.8,25.2,False,4.7,118.0
2026,11,Hungarian Grand Prix,R,HAD,Red Bull Racing,39.0,2.0,HARD,20.0,87.532,30.248,32.297,24.987,290.0,237.0,259.0,320.0,12,True,False,True,False,2026-07-26 13:58:22.317,7.0,30.4,51.4,25.0,False,4.7,107.0
2026,11,Hungarian Grand Prix,R,HAD,Red Bull Racing,40.0,2.0,HARD,21.0,87.587,30.443,32.175,24.969,281.0,240.0,260.0,330.0,1,True,False,True,False,2026-07-26 13:59:49.849,7.0,30.4,52.1,25.9,False,2.4,125.0
2026,11,Hungarian Grand Prix,R,HAD,Red Bull Racing,41.0,2.0,HARD,22.0,86.07,30.195,31.354,24.521,295.0,241.0,259.0,332.0,1,True,False,True,False,2026-07-26 14:01:17.436,7.0,30.5,53.1,25.9,False,3.2,131.0
2026,11,Hungarian Grand Prix,R,HAD,Red Bull Racing,42.0,2.0,HARD,23.0,87.928,29.684,31.392,26.852,302.0,242.0,,320.0,1,True,False,False,False,2026-07-26 14:02:43.506,7.0,30.5,52.7,25.4,False,2.0,120.0
2026,11,Hungarian Grand Prix,R,HAD,Red Bull Racing,43.0,3.0,HARD,1.0,103.421,48.938,30.776,23.707,299.0,245.0,265.0,320.0,1,True,False,False,False,2026-07-26 14:04:11.434,8.0,30.6,52.7,25.2,False,2.2,120.0
2026,11,Hungarian Grand Prix,R,HAD,Red Bull Racing,44.0,3.0,HARD,2.0,83.63,29.33,30.587,23.713,293.0,242.0,263.0,322.0,1,True,True,True,False,2026-07-26 14:05:54.855,8.0,30.7,51.0,25.0,False,2.3,93.0
2026,11,Hungarian Grand Prix,R,HAD,Red Bull Racing,45.0,3.0,HARD,3.0,83.218,29.036,30.278,23.904,297.0,247.0,263.0,317.0,1,True,True,True,False,2026-07-26 14:07:18.485,8.0,30.7,51.7,25.1,False,1.7,130.0
2026,11,Hungarian Grand Prix,R,HAD,Red Bull Racing,46.0,3.0,HARD,4.0,84.545,29.387,30.524,24.634,295.0,241.0,265.0,315.0,1,True,False,True,False,2026-07-26 14:08:41.703,8.0,30.7,51.7,25.2,False,0.8,128.0
2026,11,Hungarian Grand Prix,R,HAD,Red Bull Racing,47.0,3.0,HARD,5.0,83.634,29.235,30.492,23.907,301.0,243.0,262.0,325.0,1,True,False,True,False,2026-07-26 14:10:06.248,8.0,30.7,51.0,25.7,False,3.0,134.0
2026,11,Hungarian Grand Prix,R,HAD,Red Bull Racing,48.0,3.0,HARD,6.0,83.948,29.357,30.533,24.058,302.0,246.0,261.0,320.0,1,True,False,True,False,2026-07-26 14:11:29.882,8.0,30.8,51.4,25.2,False,3.0,175.0
2026,11,Hungarian Grand Prix,R,HAD,Red Bull Racing,49.0,3.0,HARD,7.0,84.469,29.519,30.65,24.3,298.0,244.0,262.0,319.0,1,True,False,True,False,2026-07-26 14:12:53.830,8.0,30.8,50.5,25.9,False,0.5,58.0
2026,11,Hungarian Grand Prix,R,HAD,Red Bull Racing,50.0,3.0,HARD,8.0,84.604,29.584,30.923000000000002,24.097,299.0,244.0,261.0,323.0,12,True,False,True,False,2026-07-26 14:14:18.299,8.0,30.9,52.4,26.3,False,2.4,153.0
2026,11,Hungarian Grand Prix,R,HAD,Red Bull Racing,51.0,3.0,HARD,9.0,83.743,29.304,30.402,24.037,301.0,245.0,262.0,322.0,1,True,False,True,False,2026-07-26 14:15:42.903,8.0,30.9,51.0,25.4,False,2.8,153.0
2026,11,Hungarian Grand Prix,R,HAD,Red Bull Racing,52.0,3.0,HARD,10.0,84.122,29.376,30.387,24.359,301.0,247.0,261.0,319.0,1,True,False,True,False,2026-07-26 14:17:06.646,8.0,30.8,52.5,25.8,False,1.3,123.0
2026,11,Hungarian Grand Prix,R,HAD,Red Bull Racing,53.0,3.0,HARD,11.0,84.043,29.472,30.443,24.128,300.0,246.0,260.0,320.0,1,True,False,True,False,2026-07-26 14:18:30.768,8.0,30.9,51.4,25.4,False,1.4,101.0
2026,11,Hungarian Grand Prix,R,HAD,Red Bull Racing,54.0,3.0,HARD,12.0,84.314,29.561,30.518,24.235,302.0,247.0,263.0,321.0,1,True,False,True,False,2026-07-26 14:19:54.811,8.0,31.0,52.3,24.8,False,2.2,195.0
2026,11,Hungarian Grand Prix,R,HAD,Red Bull Racing,55.0,3.0,HARD,13.0,84.26,29.505,30.502,24.253,302.0,245.0,263.0,321.0,12,True,False,True,False,2026-07-26 14:21:19.125,7.0,31.1,52.3,25.1,False,3.0,147.0
2026,11,Hungarian Grand Prix,R,HAD,Red Bull Racing,56.0,3.0,HARD,14.0,106.086,39.333,36.721,30.032,256.0,187.0,259.0,325.0,2671,True,False,False,False,2026-07-26 14:22:43.385,6.0,31.1,52.3,25.1,False,3.0,147.0
2026,11,Hungarian Grand Prix,R,HAD,Red Bull Racing,57.0,3.0,HARD,15.0,85.35,29.79,31.466,24.094,299.0,238.0,263.0,323.0,1,True,False,True,False,2026-07-26 14:24:29.471,6.0,31.5,51.6,24.6,False,1.8,108.0
2026,11,Hungarian Grand Prix,R,HAD,Red Bull Racing,58.0,3.0,HARD,16.0,83.887,29.362,30.566,23.959,304.0,246.0,263.0,317.0,1,True,False,True,False,2026-07-26 14:25:54.821,6.0,30.9,52.4,24.7,False,1.1,151.0
2026,11,Hungarian Grand Prix,R,HAD,Red Bull Racing,59.0,3.0,HARD,17.0,83.886,29.312,30.553,24.021,307.0,248.0,262.0,320.0,1,True,False,True,False,2026-07-26 14:27:18.708,6.0,31.1,52.1,25.1,False,3.5,156.0
2026,11,Hungarian Grand Prix,R,HAD,Red Bull Racing,60.0,3.0,HARD,18.0,83.886,29.23,30.56,24.096,305.0,245.0,264.0,320.0,1,True,False,True,False,2026-07-26 14:28:42.594,6.0,30.8,52.1,25.1,False,3.5,156.0
2026,11,Hungarian Grand Prix,R,HAD,Red Bull Racing,61.0,3.0,HARD,19.0,84.214,29.218,30.607,24.389,303.0,244.0,261.0,320.0,1,True,False,True,False,2026-07-26 14:30:06.480,6.0,31.1,51.9,25.7,False,3.3,156.0
2026,11,Hungarian Grand Prix,R,HAD,Red Bull Racing,62.0,3.0,HARD,20.0,84.35,29.28,30.64,24.43,305.0,246.0,261.0,320.0,1,True,False,True,False,2026-07-26 14:31:30.694,6.0,31.3,49.6,25.5,False,2.3,115.0
2026,11,Hungarian Grand Prix,R,HAD,Red Bull Racing,63.0,3.0,HARD,21.0,84.704,29.406,30.675,24.623,304.0,245.0,262.0,323.0,1,True,False,True,False,2026-07-26 14:32:55.044,6.0,31.0,50.7,26.1,False,1.7,115.0
2026,11,Hungarian Grand Prix,R,HAD,Red Bull Racing,64.0,3.0,HARD,22.0,84.986,29.58,30.99,24.416,300.0,245.0,263.0,320.0,1,True,False,True,False,2026-07-26 14:34:19.748,6.0,30.9,50.7,26.1,False,2.5,94.0
2026,11,Hungarian Grand Prix,R,HAD,Red Bull Racing,65.0,3.0,HARD,23.0,84.509,29.342,30.796,24.371,303.0,242.0,264.0,324.0,1,True,False,True,False,2026-07-26 14:35:44.734,6.0,30.7,50.6,25.9,False,3.1,107.0
2026,11,Hungarian Grand Prix,R,HAD,Red Bull Racing,66.0,3.0,HARD,24.0,84.524,29.469,30.793,24.262,303.0,243.0,262.0,323.0,1,True,False,True,False,2026-07-26 14:37:09.243,6.0,30.9,50.0,25.6,False,3.7,109.0
2026,11,Hungarian Grand Prix,R,HAD,Red Bull Racing,67.0,3.0,HARD,25.0,84.21,29.351,30.551,24.308,303.0,245.0,264.0,321.0,1,True,False,True,False,2026-07-26 14:38:33.767,6.0,31.0,50.5,25.6,False,2.0,106.0
2026,11,Hungarian Grand Prix,R,HAD,Red Bull Racing,68.0,3.0,HARD,26.0,84.123,29.324,30.532,24.267,303.0,244.0,264.0,323.0,1,True,False,True,False,2026-07-26 14:39:57.977,6.0,31.1,50.3,25.4,False,1.8,116.0
2026,11,Hungarian Grand Prix,R,HAD,Red Bull Racing,69.0,3.0,HARD,27.0,84.032,29.312,30.627,24.093,304.0,243.0,265.0,322.0,1,True,False,True,False,2026-07-26 14:41:22.100,6.0,31.5,50.3,25.4,False,1.8,116.0
2026,11,Hungarian Grand Prix,R,HAD,Red Bull Racing,70.0,3.0,HARD,28.0,84.122,29.27,30.574,24.278,307.0,244.0,265.0,325.0,1,True,False,True,False,2026-07-26 14:42:46.132,6.0,31.0,51.1,25.9,False,1.3,148.0
2026,11,Hungarian Grand Prix,R,RUS,Mercedes,1.0,1.0,MEDIUM,1.0,100.218,,35.466,25.324,223.0,229.0,259.0,267.0,1,True,False,False,False,2026-07-26 13:03:18.361,19.0,30.0,51.3,25.6,False,1.9,145.0
2026,11,Hungarian Grand Prix,R,RUS,Mercedes,2.0,1.0,MEDIUM,2.0,88.386,30.348,32.619,25.419,283.0,229.0,259.0,336.0,1,True,True,True,False,2026-07-26 13:04:58.804,18.0,29.8,50.6,25.9,False,2.3,126.0
2026,11,Hungarian Grand Prix,R,RUS,Mercedes,3.0,1.0,MEDIUM,3.0,87.407,30.126,32.082,25.199,278.0,233.0,262.0,339.0,1,True,True,True,False,2026-07-26 13:06:27.190,17.0,29.7,49.7,26.2,False,2.1,79.0
2026,11,Hungarian Grand Prix,R,RUS,Mercedes,4.0,1.0,MEDIUM,4.0,87.264,30.248,32.151,24.865,282.0,232.0,262.0,340.0,1,True,True,True,False,2026-07-26 13:07:54.597,16.0,29.7,50.3,26.1,False,1.1,116.0
2026,11,Hungarian Grand Prix,R,RUS,Mercedes,5.0,1.0,MEDIUM,5.0,87.339,30.409,31.947,24.983,284.0,231.0,261.0,339.0,1,True,False,True,False,2026-07-26 13:09:21.861,15.0,29.6,50.7,26.1,False,1.4,118.0
2026,11,Hungarian Grand Prix,R,RUS,Mercedes,6.0,1.0,MEDIUM,6.0,86.556,30.213,31.457,24.886,291.0,232.0,258.0,331.0,1,True,True,True,False,2026-07-26 13:10:49.200,14.0,29.7,52.3,25.8,False,3.9,161.0
2026,11,Hungarian Grand Prix,R,RUS,Mercedes,7.0,1.0,MEDIUM,7.0,87.165,30.297,31.835,25.033,294.0,235.0,262.0,332.0,1,True,False,True,False,2026-07-26 13:12:15.756,14.0,29.7,50.6,26.0,False,2.0,138.0
2026,11,Hungarian Grand Prix,R,RUS,Mercedes,8.0,1.0,MEDIUM,8.0,87.348,29.927,32.534,24.887,275.0,234.0,262.0,341.0,1,True,False,True,False,2026-07-26 13:13:42.921,13.0,29.8,50.1,25.3,False,0.9,134.0
2026,11,Hungarian Grand Prix,R,RUS,Mercedes,9.0,1.0,MEDIUM,9.0,86.075,30.03,31.452,24.593,297.0,228.0,260.0,335.0,1,True,True,True,False,2026-07-26 13:15:10.269,12.0,29.7,49.2,26.4,False,3.7,83.0
2026,11,Hungarian Grand Prix,R,RUS,Mercedes,10.0,1.0,MEDIUM,10.0,86.683,30.301,31.612,24.77,294.0,231.0,260.0,324.0,1,True,False,True,False,2026-07-26 13:16:36.344,12.0,29.7,51.5,26.1,False,2.3,119.0
2026,11,Hungarian Grand Prix,R,RUS,Mercedes,11.0,1.0,MEDIUM,11.0,87.622,30.248,32.188,25.186,292.0,231.0,259.0,331.0,1,True,False,True,False,2026-07-26 13:18:03.027,12.0,29.9,51.9,26.1,False,2.1,104.0
2026,11,Hungarian Grand Prix,R,RUS,Mercedes,12.0,1.0,MEDIUM,12.0,86.685,30.218,31.77,24.697,289.0,229.0,259.0,332.0,1,True,False,True,False,2026-07-26 13:19:30.649,11.0,30.0,52.3,26.1,False,2.6,115.0
2026,11,Hungarian Grand Prix,R,RUS,Mercedes,13.0,1.0,MEDIUM,13.0,86.257,30.073,31.576,24.608,293.0,231.0,260.0,321.0,1,True,False,True,False,2026-07-26 13:20:57.334,11.0,30.2,53.2,25.2,False,1.2,153.0
2026,11,Hungarian Grand Prix,R,RUS,Mercedes,14.0,1.0,MEDIUM,14.0,86.597,30.111,31.801,24.685,290.0,234.0,260.0,321.0,1,True,False,True,False,2026-07-26 13:22:23.591,11.0,30.2,52.6,25.8,False,3.3,134.0
2026,11,Hungarian Grand Prix,R,RUS,Mercedes,15.0,1.0,MEDIUM,15.0,86.714,30.118,31.735,24.861,285.0,235.0,260.0,322.0,1,True,False,True,False,2026-07-26 13:23:50.188,11.0,30.4,51.9,25.0,False,2.9,122.0
2026,11,Hungarian Grand Prix,R,RUS,Mercedes,16.0,1.0,MEDIUM,16.0,87.232,30.327,32.137,24.768,289.0,236.0,265.0,334.0,1,True,False,True,False,2026-07-26 13:25:16.902,11.0,30.4,52.0,25.1,False,2.0,100.0
2026,11,Hungarian Grand Prix,R,RUS,Mercedes,17.0,1.0,MEDIUM,17.0,86.514,30.175,31.706,24.633,289.0,233.0,260.0,331.0,1,True,False,True,False,2026-07-26 13:26:44.134,10.0,30.4,50.5,25.2,False,4.3,102.0
2026,11,Hungarian Grand Prix,R,RUS,Mercedes,18.0,1.0,MEDIUM,18.0,86.082,29.896,31.614,24.572,292.0,234.0,260.0,336.0,1,True,False,True,False,2026-07-26 13:28:10.648,9.0,30.4,52.0,25.8,False,2.7,163.0
2026,11,Hungarian Grand Prix,R,RUS,Mercedes,19.0,1.0,MEDIUM,19.0,86.246,30.099,31.518,24.629,292.0,233.0,260.0,321.0,1,True,False,True,False,2026-07-26 13:29:36.730,9.0,30.4,52.0,25.5,False,2.9,128.0
2026,11,Hungarian Grand Prix,R,RUS,Mercedes,20.0,1.0,MEDIUM,20.0,86.703,30.08,31.852,24.771,293.0,236.0,261.0,323.0,1,True,False,True,False,2026-07-26 13:31:02.976,8.0,30.5,52.0,25.4,False,2.1,129.0
2026,11,Hungarian Grand Prix,R,RUS,Mercedes,21.0,1.0,MEDIUM,21.0,85.954,29.987,31.484,24.483,289.0,233.0,261.0,333.0,1,True,True,True,False,2026-07-26 13:32:29.679,7.0,30.3,52.5,25.2,False,3.7,109.0
2026,11,Hungarian Grand Prix,R,RUS,Mercedes,22.0,1.0,MEDIUM,22.0,85.609,29.928,31.314,24.367,292.0,237.0,261.0,319.0,1,True,True,True,False,2026-07-26 13:33:55.633,7.0,30.2,52.0,25.0,False,2.8,107.0
2026,11,Hungarian Grand Prix,R,RUS,Mercedes,23.0,1.0,MEDIUM,23.0,86.076,30.103,31.527,24.446,293.0,234.0,260.0,321.0,1,True,False,True,False,2026-07-26 13:35:21.242,7.0,30.2,51.1,25.3,False,2.4,136.0
2026,11,Hungarian Grand Prix,R,RUS,Mercedes,24.0,1.0,MEDIUM,24.0,86.206,30.002,31.642,24.562,293.0,234.0,260.0,321.0,1,True,False,True,False,2026-07-26 13:36:47.318,7.0,30.2,44.2,25.8,False,2.0,100.0
2026,11,Hungarian Grand Prix,R,RUS,Mercedes,25.0,1.0,MEDIUM,25.0,86.324,30.109,31.59,24.625,291.0,234.0,259.0,321.0,1,True,False,True,False,2026-07-26 13:38:13.524,7.0,30.2,52.1,25.6,False,0.5,143.0
2026,11,Hungarian Grand Prix,R,RUS,Mercedes,26.0,1.0,MEDIUM,26.0,86.737,30.094,31.753,24.89,290.0,232.0,259.0,321.0,1,True,False,True,False,2026-07-26 13:39:39.848,7.0,30.2,51.8,25.7,False,2.4,83.0
2026,11,Hungarian Grand Prix,R,RUS,Mercedes,27.0,1.0,MEDIUM,27.0,89.524,30.276,31.788,27.46,288.0,236.0,,322.0,1,True,False,False,False,2026-07-26 13:41:06.585,7.0,30.7,52.6,25.0,False,2.5,152.0
2026,11,Hungarian Grand Prix,R,RUS,Mercedes,28.0,2.0,HARD,1.0,105.061,49.793,31.324,23.944,290.0,237.0,266.0,322.0,1,True,False,False,False,2026-07-26 13:42:36.109,9.0,30.7,51.2,24.5,False,2.7,97.0
2026,11,Hungarian Grand Prix,R,RUS,Mercedes,29.0,2.0,HARD,2.0,84.279,29.581,30.878,23.82,293.0,239.0,264.0,326.0,1,True,True,True,False,2026-07-26 13:44:21.170,8.0,30.8,51.0,24.8,False,4.1,180.0
2026,11,Hungarian Grand Prix,R,RUS,Mercedes,30.0,2.0,HARD,3.0,84.013,29.519,30.584,23.91,292.0,240.0,262.0,317.0,1,True,True,True,False,2026-07-26 13:45:45.449,8.0,30.7,50.7,24.5,False,1.7,206.0
2026,11,Hungarian Grand Prix,R,RUS,Mercedes,31.0,2.0,HARD,4.0,84.132,29.578,30.598,23.956,295.0,239.0,263.0,319.0,1,True,False,True,False,2026-07-26 13:47:09.462,8.0,30.3,52.2,25.3,False,1.7,105.0
2026,11,Hungarian Grand Prix,R,RUS,Mercedes,32.0,2.0,HARD,5.0,84.103,29.475,30.581,24.047,294.0,239.0,262.0,321.0,1,True,False,True,False,2026-07-26 13:48:33.594,8.0,30.2,52.5,25.6,False,1.2,124.0
2026,11,Hungarian Grand Prix,R,RUS,Mercedes,33.0,2.0,HARD,6.0,84.382,29.574,30.763,24.045,293.0,240.0,261.0,320.0,1,True,False,True,False,2026-07-26 13:49:57.697,8.0,30.2,51.2,25.1,False,1.4,70.0
2026,11,Hungarian Grand Prix,R,RUS,Mercedes,34.0,2.0,HARD,7.0,85.073,29.604,31.123,24.346,295.0,235.0,262.0,322.0,1,True,False,True,False,2026-07-26 13:51:22.079,8.0,30.3,52.3,26.0,False,1.1,97.0
2026,11,Hungarian Grand Prix,R,RUS,Mercedes,35.0,2.0,HARD,8.0,84.659,29.703,30.917,24.039,292.0,236.0,262.0,322.0,1,True,False,True,False,2026-07-26 13:52:47.152,8.0,30.4,51.3,25.6,False,3.5,109.0
2026,11,Hungarian Grand Prix,R,RUS,Mercedes,36.0,2.0,HARD,9.0,84.584,29.619,30.799,24.166,295.0,234.0,263.0,321.0,1,True,False,True,False,2026-07-26 13:54:11.811,8.0,30.3,51.5,25.1,False,1.1,155.0
2026,11,Hungarian Grand Prix,R,RUS,Mercedes,37.0,2.0,HARD,10.0,84.67,29.606,30.878,24.186,294.0,236.0,263.0,321.0,1,True,False,True,False,2026-07-26 13:55:36.395,8.0,30.2,52.1,25.8,False,2.7,104.0
2026,11,Hungarian Grand Prix,R,RUS,Mercedes,38.0,2.0,HARD,11.0,85.217,29.743,31.149,24.325,294.0,236.0,262.0,323.0,1,True,False,True,False,2026-07-26 13:57:01.065,8.0,30.4,52.8,25.2,False,4.7,118.0
2026,11,Hungarian Grand Prix,R,RUS,Mercedes,39.0,2.0,HARD,12.0,85.807,29.815,31.368,24.624,296.0,234.0,261.0,323.0,12,True,False,True,False,2026-07-26 13:58:26.282,8.0,30.4,51.4,25.0,False,4.7,107.0
2026,11,Hungarian Grand Prix,R,RUS,Mercedes,40.0,2.0,HARD,13.0,87.4,30.19,32.5,24.71,288.0,231.0,263.0,327.0,1,True,False,True,False,2026-07-26 13:59:52.089,8.0,30.4,52.1,25.9,False,2.4,125.0
2026,11,Hungarian Grand Prix,R,RUS,Mercedes,41.0,2.0,HARD,14.0,86.798,29.95,32.07,24.778,288.0,230.0,261.0,327.0,1,True,False,True,False,2026-07-26 14:01:19.489,8.0,30.5,53.1,25.9,False,3.2,131.0
2026,11,Hungarian Grand Prix,R,RUS,Mercedes,42.0,2.0,HARD,15.0,85.34,29.799,31.259,24.282,292.0,238.0,262.0,334.0,1,True,False,True,False,2026-07-26 14:02:46.287,8.0,30.5,52.7,25.4,False,2.0,120.0
2026,11,Hungarian Grand Prix,R,RUS,Mercedes,43.0,2.0,HARD,16.0,85.008,29.723,31.006,24.279,293.0,236.0,263.0,322.0,1,True,False,True,False,2026-07-26 14:04:11.627,7.0,30.6,52.7,25.2,False,2.2,120.0
2026,11,Hungarian Grand Prix,R,RUS,Mercedes,44.0,2.0,HARD,17.0,85.299,29.714,31.342,24.243,294.0,236.0,263.0,322.0,1,True,False,True,False,2026-07-26 14:05:36.635,7.0,30.6,52.3,25.2,False,4.3,145.0
2026,11,Hungarian Grand Prix,R,RUS,Mercedes,45.0,2.0,HARD,18.0,84.545,29.47,30.898,24.177,294.0,238.0,262.0,322.0,1,True,False,True,False,2026-07-26 14:07:01.934,7.0,30.7,51.7,25.1,False,1.7,130.0
2026,11,Hungarian Grand Prix,R,RUS,Mercedes,46.0,2.0,HARD,19.0,84.762,29.698,30.9,24.164,294.0,238.0,264.0,321.0,1,True,False,True,False,2026-07-26 14:08:26.479,7.0,30.7,51.7,25.2,False,0.8,128.0
2026,11,Hungarian Grand Prix,R,RUS,Mercedes,47.0,2.0,HARD,20.0,84.784,29.715,30.96,24.109,294.0,235.0,263.0,323.0,1,True,False,True,False,2026-07-26 14:09:51.241,7.0,30.7,51.0,25.7,False,3.0,134.0
2026,11,Hungarian Grand Prix,R,RUS,Mercedes,48.0,2.0,HARD,21.0,85.15,29.736,30.842,24.572,295.0,240.0,261.0,322.0,1,True,False,True,False,2026-07-26 14:11:16.025,7.0,30.8,51.4,25.2,False,3.0,175.0
2026,11,Hungarian Grand Prix,R,RUS,Mercedes,49.0,2.0,HARD,22.0,85.264,29.647,31.161,24.456,295.0,238.0,263.0,322.0,1,True,False,True,False,2026-07-26 14:12:41.175,7.0,30.7,51.1,25.7,False,3.1,128.0
2026,11,Hungarian Grand Prix,R,RUS,Mercedes,50.0,2.0,HARD,23.0,85.663,29.745,31.608,24.31,296.0,236.0,263.0,323.0,12,True,False,True,False,2026-07-26 14:14:06.439,7.0,30.9,52.4,26.3,False,2.4,153.0
2026,11,Hungarian Grand Prix,R,RUS,Mercedes,51.0,2.0,HARD,24.0,85.05,29.607,31.182,24.261,297.0,240.0,265.0,324.0,1,True,False,True,False,2026-07-26 14:15:32.102,7.0,30.9,51.0,25.4,False,2.8,153.0
2026,11,Hungarian Grand Prix,R,RUS,Mercedes,52.0,2.0,HARD,25.0,85.346,29.742,31.159,24.445,295.0,240.0,263.0,326.0,1,True,False,True,False,2026-07-26 14:16:57.152,7.0,30.8,52.5,25.8,False,1.3,123.0
2026,11,Hungarian Grand Prix,R,RUS,Mercedes,53.0,2.0,HARD,26.0,85.086,29.764,31.016,24.306,292.0,238.0,264.0,325.0,1,True,False,True,False,2026-07-26 14:18:22.498,7.0,30.9,51.4,25.4,False,1.4,101.0
2026,11,Hungarian Grand Prix,R,RUS,Mercedes,54.0,2.0,HARD,27.0,88.032,29.747,31.162,27.123,295.0,240.0,,322.0,1,True,False,False,False,2026-07-26 14:19:47.584,7.0,30.9,52.9,25.8,False,0.6,121.0
2026,11,Hungarian Grand Prix,R,RUS,Mercedes,55.0,3.0,HARD,1.0,103.672,48.995,30.532,24.145,293.0,244.0,145.0,322.0,126,True,False,False,False,2026-07-26 14:21:15.616,8.0,31.1,52.3,25.1,False,3.0,147.0
2026,11,Hungarian Grand Prix,R,RUS,Mercedes,56.0,3.0,HARD,2.0,106.228,45.619,35.448,25.161,230.0,180.0,268.0,151.0,671,True,False,False,False,2026-07-26 14:22:59.288,7.0,31.3,51.6,24.6,False,1.8,108.0
2026,11,Hungarian Grand Prix,R,RUS,Mercedes,57.0,3.0,HARD,3.0,82.602,29.096,30.087,23.419,288.0,243.0,266.0,325.0,1,True,True,True,False,2026-07-26 14:24:45.516,7.0,31.5,51.6,24.6,False,1.8,108.0
2026,11,Hungarian Grand Prix,R,RUS,Mercedes,58.0,3.0,HARD,4.0,82.589,28.963,30.209,23.417,295.0,243.0,266.0,322.0,1,True,True,True,False,2026-07-26 14:26:08.118,7.0,30.9,52.4,24.7,False,1.1,151.0
2026,11,Hungarian Grand Prix,R,RUS,Mercedes,59.0,3.0,HARD,5.0,82.71,29.061,30.099,23.55,298.0,245.0,267.0,323.0,1,True,False,True,False,2026-07-26 14:27:30.707,7.0,31.1,52.1,25.1,False,3.5,156.0
2026,11,Hungarian Grand Prix,R,RUS,Mercedes,60.0,3.0,HARD,6.0,82.743,28.966,30.036,23.741,297.0,243.0,267.0,325.0,1,True,False,True,False,2026-07-26 14:28:53.417,7.0,31.3,51.9,25.7,False,3.3,156.0
2026,11,Hungarian Grand Prix,R,RUS,Mercedes,61.0,3.0,HARD,7.0,84.359,29.284,30.988,24.087,299.0,237.0,264.0,325.0,1,True,False,True,False,2026-07-26 14:30:16.160,7.0,31.1,51.9,25.7,False,3.3,156.0
2026,11,Hungarian Grand Prix,R,RUS,Mercedes,62.0,3.0,HARD,8.0,83.537,29.179,30.359,23.999,297.0,242.0,265.0,324.0,1,True,False,True,False,2026-07-26 14:31:40.519,7.0,31.3,49.6,25.5,False,2.3,115.0
2026,11,Hungarian Grand Prix,R,RUS,Mercedes,63.0,3.0,HARD,9.0,84.157,29.266,30.703,24.188,297.0,243.0,263.0,325.0,1,True,False,True,False,2026-07-26 14:33:04.056,7.0,31.0,50.7,26.1,False,1.7,115.0
2026,11,Hungarian Grand Prix,R,RUS,Mercedes,64.0,3.0,HARD,10.0,83.667,29.286,30.453,23.928,296.0,245.0,265.0,330.0,1,True,False,True,False,2026-07-26 14:34:28.213,7.0,30.9,50.7,26.1,False,2.5,94.0
2026,11,Hungarian Grand Prix,R,RUS,Mercedes,65.0,3.0,HARD,11.0,83.218,29.229,30.185,23.804,297.0,243.0,265.0,322.0,1,True,False,True,False,2026-07-26 14:35:51.880,7.0,30.8,51.3,26.2,False,3.3,132.0
2026,11,Hungarian Grand Prix,R,RUS,Mercedes,66.0,3.0,HARD,12.0,82.943,29.064,30.212,23.667,296.0,243.0,267.0,323.0,1,True,False,True,False,2026-07-26 14:37:15.098,7.0,30.9,50.0,25.6,False,3.7,109.0
2026,11,Hungarian Grand Prix,R,RUS,Mercedes,67.0,3.0,HARD,13.0,83.255,29.162,30.191,23.902,301.0,244.0,267.0,325.0,1,True,False,True,False,2026-07-26 14:38:38.041,7.0,31.0,50.5,25.6,False,2.0,106.0
2026,11,Hungarian Grand Prix,R,RUS,Mercedes,68.0,3.0,HARD,14.0,83.648,29.515,30.247,23.886,301.0,243.0,267.0,335.0,1,True,False,True,False,2026-07-26 14:40:01.296,7.0,31.1,50.3,25.4,False,1.8,116.0
2026,11,Hungarian Grand Prix,R,RUS,Mercedes,69.0,3.0,HARD,15.0,83.566,29.147,30.441,23.978,301.0,243.0,267.0,325.0,1,True,False,True,False,2026-07-26 14:41:24.944,7.0,31.5,50.3,25.4,False,1.8,116.0
2026,11,Hungarian Grand Prix,R,RUS,Mercedes,70.0,3.0,HARD,16.0,83.759,29.12,30.525,24.114,307.0,240.0,263.0,327.0,1,True,False,True,False,2026-07-26 14:42:48.510,7.0,31.0,51.1,25.9,False,1.3,148.0
2026,11,Hungarian Grand Prix,R,BOT,Cadillac,1.0,1.0,MEDIUM,1.0,100.812,,35.927,25.514,239.0,229.0,256.0,297.0,1,True,False,False,False,2026-07-26 13:03:18.361,21.0,30.0,51.3,25.6,False,1.9,145.0
2026,11,Hungarian Grand Prix,R,BOT,Cadillac,2.0,1.0,MEDIUM,2.0,89.99,30.756,33.966,25.268,244.0,232.0,256.0,332.0,1,True,True,True,False,2026-07-26 13:04:59.398,20.0,29.8,50.6,25.9,False,2.3,126.0
2026,11,Hungarian Grand Prix,R,BOT,Cadillac,3.0,1.0,MEDIUM,3.0,89.155,30.802,33.267,25.086,268.0,229.0,255.0,322.0,1,True,True,True,False,2026-07-26 13:06:29.388,21.0,29.7,49.7,26.2,False,2.1,79.0
2026,11,Hungarian Grand Prix,R,BOT,Cadillac,4.0,1.0,MEDIUM,4.0,87.959,30.228,32.521,25.21,284.0,231.0,254.0,327.0,1,True,True,True,False,2026-07-26 13:07:58.543,21.0,29.7,50.3,26.1,False,1.1,116.0
2026,11,Hungarian Grand Prix,R,BOT,Cadillac,5.0,1.0,MEDIUM,5.0,89.154,30.631,32.867,25.656,280.0,231.0,252.0,327.0,1,True,False,True,False,2026-07-26 13:09:26.502,21.0,29.6,50.7,26.1,False,1.4,118.0
2026,11,Hungarian Grand Prix,R,BOT,Cadillac,6.0,1.0,MEDIUM,6.0,88.847,30.811,32.728,25.308,280.0,230.0,252.0,325.0,1,True,False,True,False,2026-07-26 13:10:55.656,21.0,29.7,52.3,25.8,False,3.9,161.0
2026,11,Hungarian Grand Prix,R,BOT,Cadillac,7.0,1.0,MEDIUM,7.0,88.764,30.775,32.581,25.408,281.0,234.0,252.0,324.0,1,True,False,True,False,2026-07-26 13:12:24.503,21.0,29.7,50.6,26.0,False,2.0,138.0
2026,11,Hungarian Grand Prix,R,BOT,Cadillac,8.0,1.0,MEDIUM,8.0,89.003,30.781,32.829,25.393,279.0,232.0,253.0,318.0,1,True,False,True,False,2026-07-26 13:13:53.267,21.0,29.8,51.4,25.7,False,2.0,162.0
2026,11,Hungarian Grand Prix,R,BOT,Cadillac,9.0,1.0,MEDIUM,9.0,88.802,30.741,32.668,25.393,275.0,228.0,252.0,317.0,1,True,False,True,False,2026-07-26 13:15:22.270,20.0,29.7,49.2,26.4,False,3.7,83.0
2026,11,Hungarian Grand Prix,R,BOT,Cadillac,10.0,1.0,MEDIUM,10.0,88.874,30.863,32.583,25.428,280.0,231.0,252.0,316.0,1,True,False,True,False,2026-07-26 13:16:51.072,20.0,29.8,51.6,25.7,False,0.8,116.0
2026,11,Hungarian Grand Prix,R,BOT,Cadillac,11.0,1.0,MEDIUM,11.0,88.935,30.865,32.737,25.333,272.0,231.0,252.0,316.0,1,True,False,True,False,2026-07-26 13:18:19.946,20.0,29.9,51.9,26.1,False,2.1,104.0
2026,11,Hungarian Grand Prix,R,BOT,Cadillac,12.0,1.0,MEDIUM,12.0,89.344,30.838,33.109,25.397,282.0,229.0,252.0,315.0,1,True,False,True,False,2026-07-26 13:19:48.881,20.0,30.1,53.1,26.1,False,1.9,119.0
2026,11,Hungarian Grand Prix,R,BOT,Cadillac,13.0,1.0,MEDIUM,13.0,89.621,30.918,33.119,25.584,274.0,230.0,251.0,316.0,1,True,False,True,False,2026-07-26 13:21:18.225,20.0,30.2,53.2,25.2,False,1.2,153.0
2026,11,Hungarian Grand Prix,R,BOT,Cadillac,14.0,1.0,MEDIUM,14.0,,31.423,47.298,,255.0,134.0,,316.0,1,True,False,False,False,2026-07-26 13:22:47.846,22.0,30.2,52.6,25.8,False,3.3,134.0
2026,11,Hungarian Grand Prix,R,PIA,McLaren,1.0,1.0,MEDIUM,1.0,90.286,,31.562,24.279,271.0,233.0,260.0,264.0,1,True,False,False,False,2026-07-26 13:03:18.361,1.0,30.0,51.3,25.6,False,1.9,145.0
2026,11,Hungarian Grand Prix,R,PIA,McLaren,2.0,1.0,MEDIUM,2.0,86.06,30.06,31.643,24.357,276.0,234.0,261.0,318.0,1,True,True,True,False,2026-07-26 13:04:48.872,1.0,29.8,50.6,25.9,False,2.3,126.0
2026,11,Hungarian Grand Prix,R,PIA,McLaren,3.0,1.0,MEDIUM,3.0,85.272,29.724,31.241,24.307,281.0,236.0,261.0,317.0,1,True,True,True,False,2026-07-26 13:06:14.932,1.0,29.7,49.7,26.2,False,2.1,79.0
2026,11,Hungarian Grand Prix,R,PIA,McLaren,4.0,1.0,MEDIUM,4.0,85.154,29.886,30.996,24.272,284.0,236.0,260.0,307.0,1,True,True,True,False,2026-07-26 13:07:40.204,1.0,29.8,48.6,25.8,False,3.1,149.0
2026,11,Hungarian Grand Prix,R,PIA,McLaren,5.0,1.0,MEDIUM,5.0,85.095,29.943,30.799,24.353,280.0,239.0,261.0,315.0,1,True,True,True,False,2026-07-26 13:09:05.358,1.0,29.6,50.7,26.1,False,1.4,118.0
2026,11,Hungarian Grand Prix,R,PIA,McLaren,6.0,1.0,MEDIUM,6.0,85.03,29.906,30.915,24.209,283.0,236.0,261.0,317.0,1,True,True,True,False,2026-07-26 13:10:30.453,1.0,29.7,50.4,25.6,False,3.2,110.0
2026,11,Hungarian Grand Prix,R,PIA,McLaren,7.0,1.0,MEDIUM,7.0,84.84,29.709,30.842,24.289,284.0,241.0,260.0,316.0,1,True,True,True,False,2026-07-26 13:11:55.483,1.0,29.7,50.6,26.0,False,2.0,138.0
2026,11,Hungarian Grand Prix,R,PIA,McLaren,8.0,1.0,MEDIUM,8.0,85.339,29.871,31.214,24.254,284.0,234.0,261.0,312.0,1,True,False,True,False,2026-07-26 13:13:20.323,1.0,29.8,50.1,25.3,False,0.9,134.0
2026,11,Hungarian Grand Prix,R,PIA,McLaren,9.0,1.0,MEDIUM,9.0,85.389,29.95,31.135,24.304,284.0,237.0,260.0,316.0,1,True,False,True,False,2026-07-26 13:14:45.662,1.0,29.8,51.4,25.7,False,2.0,162.0
2026,11,Hungarian Grand Prix,R,PIA,McLaren,10.0,1.0,MEDIUM,10.0,85.666,30.07,31.273,24.323,282.0,234.0,261.0,317.0,1,True,False,True,False,2026-07-26 13:16:11.051,1.0,29.7,51.5,26.1,False,2.3,119.0
2026,11,Hungarian Grand Prix,R,PIA,McLaren,11.0,1.0,MEDIUM,11.0,85.418,29.889,31.287,24.242,283.0,233.0,261.0,317.0,1,True,False,True,False,2026-07-26 13:17:36.717,1.0,29.8,51.6,25.7,False,0.8,116.0
2026,11,Hungarian Grand Prix,R,PIA,McLaren,12.0,1.0,MEDIUM,12.0,85.798,30.109,31.361,24.328,282.0,232.0,259.0,316.0,1,True,False,True,False,2026-07-26 13:19:02.135,1.0,30.0,52.3,26.1,False,2.6,115.0
2026,11,Hungarian Grand Prix,R,PIA,McLaren,13.0,1.0,MEDIUM,13.0,85.925,30.154,31.437,24.334,282.0,234.0,260.0,315.0,1,True,False,True,False,2026-07-26 13:20:27.933,1.0,30.1,53.1,26.1,False,1.9,119.0
2026,11,Hungarian Grand Prix,R,PIA,McLaren,14.0,1.0,MEDIUM,14.0,85.681,29.975,31.288,24.418,283.0,237.0,260.0,316.0,1,True,False,True,False,2026-07-26 13:21:53.858,1.0,30.2,52.6,25.8,False,3.3,134.0
2026,11,Hungarian Grand Prix,R,PIA,McLaren,15.0,1.0,MEDIUM,15.0,85.643,29.977,31.206,24.46,282.0,237.0,256.0,317.0,1,True,False,True,False,2026-07-26 13:23:19.539,1.0,30.4,51.5,24.9,False,4.4,157.0
2026,11,Hungarian Grand Prix,R,PIA,McLaren,16.0,1.0,MEDIUM,16.0,88.518,29.969,31.544,27.005,283.0,234.0,,316.0,1,True,False,False,False,2026-07-26 13:24:45.182,2.0,30.4,51.9,25.0,False,2.9,122.0
2026,11,Hungarian Grand Prix,R,PIA,McLaren,17.0,2.0,HARD,1.0,104.725,49.324,31.538,23.863,284.0,239.0,263.0,316.0,1,True,False,False,False,2026-07-26 13:26:13.700,4.0,30.4,50.5,25.2,False,4.3,102.0
2026,11,Hungarian Grand Prix,R,PIA,McLaren,18.0,2.0,HARD,2.0,86.476,29.784,32.12,24.572,264.0,235.0,264.0,324.0,1,True,False,True,False,2026-07-26 13:27:58.425,3.0,30.4,52.0,25.8,False,2.7,163.0
2026,11,Hungarian Grand Prix,R,PIA,McLaren,19.0,2.0,HARD,3.0,84.843,29.894,31.004,23.945,279.0,239.0,261.0,331.0,1,True,False,True,False,2026-07-26 13:29:24.901,2.0,30.4,52.0,25.5,False,2.9,128.0
2026,11,Hungarian Grand Prix,R,PIA,McLaren,20.0,2.0,HARD,4.0,84.507,29.671,30.871,23.965,283.0,239.0,261.0,317.0,1,True,True,True,False,2026-07-26 13:30:49.744,2.0,30.5,52.0,25.4,False,2.1,129.0
2026,11,Hungarian Grand Prix,R,PIA,McLaren,21.0,2.0,HARD,5.0,84.446,29.588,30.799,24.059,281.0,238.0,262.0,317.0,1,True,True,True,False,2026-07-26 13:32:14.251,2.0,30.3,52.5,25.2,False,3.7,109.0
2026,11,Hungarian Grand Prix,R,PIA,McLaren,22.0,2.0,HARD,6.0,84.282,29.594,30.746,23.942,283.0,240.0,261.0,319.0,1,True,True,True,False,2026-07-26 13:33:38.697,2.0,30.2,52.6,25.2,False,2.7,114.0
2026,11,Hungarian Grand Prix,R,PIA,McLaren,23.0,2.0,HARD,7.0,84.478,29.726,30.744,24.008,285.0,238.0,262.0,319.0,1,True,False,True,False,2026-07-26 13:35:02.979,1.0,30.2,51.1,25.3,False,2.4,136.0
2026,11,Hungarian Grand Prix,R,PIA,McLaren,24.0,2.0,HARD,8.0,84.792,29.682,30.855,24.255,286.0,237.0,262.0,319.0,1,True,False,True,False,2026-07-26 13:36:27.457,1.0,30.2,44.2,25.8,False,2.0,100.0
2026,11,Hungarian Grand Prix,R,PIA,McLaren,25.0,2.0,HARD,9.0,84.957,29.781,31.03,24.146,286.0,236.0,261.0,317.0,1,True,False,True,False,2026-07-26 13:37:52.249,1.0,30.2,52.1,25.6,False,0.5,143.0
2026,11,Hungarian Grand Prix,R,PIA,McLaren,26.0,2.0,HARD,10.0,85.405,29.921,31.188,24.296,285.0,239.0,261.0,320.0,1,True,False,True,False,2026-07-26 13:39:17.206,1.0,30.2,51.8,25.7,False,2.4,83.0
2026,11,Hungarian Grand Prix,R,PIA,McLaren,27.0,2.0,HARD,11.0,85.465,30.015,31.119,24.331,286.0,237.0,263.0,320.0,1,True,False,True,False,2026-07-26 13:40:42.611,1.0,30.4,52.7,26.0,False,3.0,132.0
2026,11,Hungarian Grand Prix,R,PIA,McLaren,28.0,2.0,HARD,12.0,85.122,29.764,31.075,24.283,287.0,234.0,262.0,321.0,1,True,False,True,False,2026-07-26 13:42:08.076,1.0,30.7,51.2,24.5,False,2.7,97.0
2026,11,Hungarian Grand Prix,R,PIA,McLaren,29.0,2.0,HARD,13.0,85.832,29.798000000000002,31.453,24.581,284.0,237.0,262.0,321.0,1,True,False,True,False,2026-07-26 13:43:33.198,1.0,30.7,52.5,25.1,False,2.4,161.0
2026,11,Hungarian Grand Prix,R,PIA,McLaren,30.0,2.0,HARD,14.0,85.735,29.89,31.298,24.547,284.0,234.0,263.0,322.0,1,True,False,True,False,2026-07-26 13:44:59.030,1.0,30.7,50.7,24.5,False,1.7,206.0
2026,11,Hungarian Grand Prix,R,PIA,McLaren,31.0,2.0,HARD,15.0,85.843,29.899,31.419,24.525,287.0,235.0,263.0,323.0,1,True,False,True,False,2026-07-26 13:46:24.765,1.0,29.8,50.7,24.5,False,1.7,206.0
2026,11,Hungarian Grand Prix,R,PIA,McLaren,32.0,2.0,HARD,16.0,85.831,29.876,31.514,24.441,289.0,229.0,263.0,325.0,1,True,False,True,False,2026-07-26 13:47:50.608,1.0,30.2,52.5,25.6,False,1.2,124.0
2026,11,Hungarian Grand Prix,R,PIA,McLaren,33.0,2.0,HARD,17.0,88.013,29.767,31.242,27.004,285.0,238.0,,323.0,1,True,False,False,False,2026-07-26 13:49:16.439,2.0,30.2,50.8,25.0,False,2.8,105.0
2026,11,Hungarian Grand Prix,R,PIA,McLaren,34.0,3.0,HARD,1.0,104.099,48.957,31.219,23.923000000000002,289.0,235.0,266.0,323.0,1,True,False,False,False,2026-07-26 13:50:44.452,5.0,30.2,51.2,25.1,False,1.4,70.0
2026,11,Hungarian Grand Prix,R,PIA,McLaren,35.0,3.0,HARD,2.0,83.896,29.357,30.737,23.802,288.0,238.0,265.0,321.0,1,True,True,True,False,2026-07-26 13:52:28.551,5.0,30.4,51.3,25.6,False,3.5,109.0
2026,11,Hungarian Grand Prix,R,PIA,McLaren,36.0,3.0,HARD,3.0,84.135,29.353,30.826999999999998,23.955,288.0,239.0,264.0,320.0,1,True,False,True,False,2026-07-26 13:53:52.447,5.0,30.3,51.5,25.1,False,1.1,155.0
2026,11,Hungarian Grand Prix,R,PIA,McLaren,37.0,3.0,HARD,4.0,85.506,29.467,31.593,24.446,289.0,231.0,263.0,322.0,1,True,False,True,False,2026-07-26 13:55:16.582,4.0,30.2,52.1,25.8,False,2.7,104.0
2026,11,Hungarian Grand Prix,R,PIA,McLaren,38.0,3.0,HARD,5.0,86.364,31.026,31.507,23.831,276.0,241.0,264.0,326.0,1,True,False,True,False,2026-07-26 13:56:42.088,4.0,30.4,52.0,25.6,False,2.7,108.0
2026,11,Hungarian Grand Prix,R,PIA,McLaren,39.0,3.0,HARD,6.0,84.402,29.404,31.077,23.921,290.0,233.0,262.0,323.0,12,True,False,True,False,2026-07-26 13:58:08.452,4.0,30.4,51.4,25.0,False,4.7,107.0
2026,11,Hungarian Grand Prix,R,PIA,McLaren,40.0,3.0,HARD,7.0,84.873,29.659,31.134,24.08,277.0,240.0,262.0,321.0,1,True,False,True,False,2026-07-26 13:59:32.854,4.0,31.0,51.4,25.0,False,4.7,107.0
2026,11,Hungarian Grand Prix,R,PIA,McLaren,41.0,3.0,HARD,8.0,84.385,29.639,30.857,23.889,290.0,241.0,263.0,322.0,1,True,False,True,False,2026-07-26 14:00:57.727,4.0,30.5,53.1,25.9,False,3.2,131.0
2026,11,Hungarian Grand Prix,R,PIA,McLaren,42.0,3.0,HARD,9.0,84.272,29.527,30.759,23.986,289.0,240.0,262.0,322.0,1,True,False,True,False,2026-07-26 14:02:22.112,3.0,30.5,52.7,25.4,False,2.0,120.0
2026,11,Hungarian Grand Prix,R,PIA,McLaren,43.0,3.0,HARD,10.0,84.082,29.514,30.687,23.881,288.0,240.0,265.0,321.0,1,True,False,True,False,2026-07-26 14:03:46.384,3.0,30.6,52.9,25.5,False,3.2,139.0
2026,11,Hungarian Grand Prix,R,PIA,McLaren,44.0,3.0,HARD,11.0,84.408,29.658,30.694,24.056,289.0,237.0,262.0,321.0,1,True,False,True,False,2026-07-26 14:05:10.466,3.0,30.6,52.3,25.2,False,4.3,145.0
2026,11,Hungarian Grand Prix,R,PIA,McLaren,45.0,3.0,HARD,12.0,84.306,29.608,30.704,23.994,289.0,240.0,263.0,321.0,1,True,False,True,False,2026-07-26 14:06:34.874,3.0,30.7,51.0,25.0,False,2.3,93.0
2026,11,Hungarian Grand Prix,R,PIA,McLaren,46.0,3.0,HARD,13.0,84.297,29.464,30.753,24.08,290.0,239.0,263.0,321.0,1,True,False,True,False,2026-07-26 14:07:59.180,3.0,30.7,51.7,25.2,False,0.8,128.0
2026,11,Hungarian Grand Prix,R,PIA,McLaren,47.0,3.0,HARD,14.0,84.249,29.382,30.719,24.148,289.0,238.0,262.0,322.0,1,True,False,True,False,2026-07-26 14:09:23.477,3.0,30.7,52.8,25.5,False,2.0,134.0
2026,11,Hungarian Grand Prix,R,PIA,McLaren,48.0,3.0,HARD,15.0,84.687,29.585,31.019,24.083,290.0,238.0,263.0,322.0,1,True,False,True,False,2026-07-26 14:10:47.726,3.0,30.7,51.0,25.7,False,3.0,134.0
2026,11,Hungarian Grand Prix,R,PIA,McLaren,49.0,3.0,HARD,16.0,85.076,29.638,30.907,24.531,288.0,241.0,263.0,322.0,1,True,False,True,False,2026-07-26 14:12:12.413,3.0,30.7,51.1,25.7,False,3.1,128.0
2026,11,Hungarian Grand Prix,R,PIA,McLaren,50.0,3.0,HARD,17.0,84.395,29.439,30.809,24.147,289.0,240.0,264.0,322.0,12,True,False,True,False,2026-07-26 14:13:37.489,3.0,30.8,50.5,25.9,False,0.5,58.0
2026,11,Hungarian Grand Prix,R,PIA,McLaren,51.0,3.0,HARD,18.0,84.714,29.62,30.825,24.269,289.0,239.0,265.0,322.0,1,True,False,True,False,2026-07-26 14:15:01.884,3.0,30.9,51.0,25.4,False,2.8,153.0
2026,11,Hungarian Grand Prix,R,PIA,McLaren,52.0,3.0,HARD,19.0,84.373,29.53,30.739,24.104,289.0,236.0,264.0,323.0,1,True,False,True,False,2026-07-26 14:16:26.598,3.0,30.8,51.6,25.6,False,1.4,79.0
2026,11,Hungarian Grand Prix,R,PIA,McLaren,53.0,3.0,HARD,20.0,84.552,29.447,30.842,24.263,290.0,239.0,265.0,323.0,1,True,False,True,False,2026-07-26 14:17:50.971,3.0,30.9,51.4,25.4,False,1.4,101.0
2026,11,Hungarian Grand Prix,R,PIA,McLaren,54.0,3.0,HARD,21.0,84.6,29.479,30.972,24.149,288.0,239.0,264.0,323.0,1,True,False,True,False,2026-07-26 14:19:15.523,2.0,30.9,52.9,25.8,False,0.6,121.0
2026,11,Hungarian Grand Prix,R,PIA,McLaren,55.0,3.0,HARD,22.0,84.596,29.497,30.874,24.225,291.0,237.0,261.0,323.0,1,True,False,True,False,2026-07-26 14:20:40.123,2.0,31.0,52.3,24.8,False,2.2,195.0
2026,11,Hungarian Grand Prix,R,PIA,McLaren,56.0,3.0,HARD,23.0,,,,,,,,,1267,True,False,False,False,,,,,,False,,
2026,11,Hungarian Grand Prix,R,BEA,Haas F1 Team,1.0,1.0,MEDIUM,1.0,98.777,,34.798,25.516,232.0,233.0,256.0,287.0,1,True,False,False,False,2026-07-26 13:03:18.361,16.0,30.0,51.3,25.6,False,1.9,145.0
2026,11,Hungarian Grand Prix,R,BEA,Haas F1 Team,2.0,1.0,MEDIUM,2.0,88.919,30.409,33.014,25.496,260.0,236.0,255.0,330.0,1,True,True,True,False,2026-07-26 13:04:57.363,16.0,29.8,50.6,25.9,False,2.3,126.0
2026,11,Hungarian Grand Prix,R,BEA,Haas F1 Team,3.0,1.0,MEDIUM,3.0,88.008,30.314,32.534,25.16,269.0,234.0,258.0,330.0,1,True,True,True,False,2026-07-26 13:06:26.282,16.0,29.7,49.7,26.2,False,2.1,79.0
2026,11,Hungarian Grand Prix,R,BEA,Haas F1 Team,4.0,1.0,MEDIUM,4.0,88.723,31.042,32.569,25.112,269.0,233.0,255.0,331.0,1,True,False,True,False,2026-07-26 13:07:54.290,17.0,29.7,50.3,26.1,False,1.1,116.0
2026,11,Hungarian Grand Prix,R,BEA,Haas F1 Team,5.0,1.0,MEDIUM,5.0,88.462,30.47,32.566,25.426,265.0,237.0,255.0,328.0,1,True,False,True,False,2026-07-26 13:09:23.013,17.0,29.6,50.7,26.1,False,1.4,118.0
2026,11,Hungarian Grand Prix,R,BEA,Haas F1 Team,6.0,1.0,MEDIUM,6.0,88.112,30.701999999999998,32.327,25.083,275.0,234.0,256.0,329.0,1,True,False,True,False,2026-07-26 13:10:51.475,17.0,29.7,52.3,25.8,False,3.9,161.0
2026,11,Hungarian Grand Prix,R,BEA,Haas F1 Team,7.0,1.0,MEDIUM,7.0,88.182,30.754,32.15,25.278,278.0,234.0,255.0,321.0,1,True,False,True,False,2026-07-26 13:12:19.587,17.0,29.7,50.6,26.0,False,2.0,138.0
2026,11,Hungarian Grand Prix,R,BEA,Haas F1 Team,8.0,1.0,MEDIUM,8.0,88.033,30.562,32.228,25.243,282.0,231.0,255.0,318.0,1,True,False,True,False,2026-07-26 13:13:47.769,17.0,29.8,50.1,25.3,False,0.9,134.0
2026,11,Hungarian Grand Prix,R,BEA,Haas F1 Team,9.0,1.0,MEDIUM,9.0,88.085,30.516,32.302,25.267,279.0,233.0,254.0,320.0,1,True,False,True,False,2026-07-26 13:15:15.802,17.0,29.7,49.2,26.4,False,3.7,83.0
2026,11,Hungarian Grand Prix,R,BEA,Haas F1 Team,10.0,1.0,MEDIUM,10.0,88.232,30.609,32.357,25.266,283.0,231.0,255.0,319.0,1,True,False,True,False,2026-07-26 13:16:43.887,17.0,29.7,51.5,26.1,False,2.3,119.0
2026,11,Hungarian Grand Prix,R,BEA,Haas F1 Team,11.0,1.0,MEDIUM,11.0,88.129,30.515,32.376,25.238,281.0,233.0,252.0,318.0,1,True,False,True,False,2026-07-26 13:18:12.119,17.0,29.9,51.9,26.1,False,2.1,104.0
2026,11,Hungarian Grand Prix,R,BEA,Haas F1 Team,12.0,1.0,MEDIUM,12.0,88.359,30.614,32.4,25.345,280.0,234.0,253.0,317.0,1,True,False,True,False,2026-07-26 13:19:40.248,17.0,30.0,52.3,26.1,False,2.6,115.0
2026,11,Hungarian Grand Prix,R,BEA,Haas F1 Team,13.0,1.0,MEDIUM,13.0,88.612,30.553,32.548,25.511,282.0,232.0,254.0,318.0,1,True,False,True,False,2026-07-26 13:21:08.607,17.0,30.2,53.2,25.2,False,1.2,153.0
2026,11,Hungarian Grand Prix,R,BEA,Haas F1 Team,14.0,1.0,MEDIUM,14.0,88.512,30.473,32.516,25.523,283.0,232.0,254.0,318.0,1,True,False,True,False,2026-07-26 13:22:37.219,17.0,30.2,52.6,25.8,False,3.3,134.0
2026,11,Hungarian Grand Prix,R,BEA,Haas F1 Team,15.0,1.0,MEDIUM,15.0,88.489,30.707,32.447,25.335,282.0,231.0,254.0,319.0,1,True,False,True,False,2026-07-26 13:24:05.731,17.0,30.4,51.9,25.0,False,2.9,122.0
2026,11,Hungarian Grand Prix,R,BEA,Haas F1 Team,16.0,1.0,MEDIUM,16.0,88.383,30.505,32.446,25.432,284.0,231.0,253.0,318.0,1,True,False,True,False,2026-07-26 13:25:34.220,16.0,30.4,52.0,25.1,False,2.0,100.0
2026,11,Hungarian Grand Prix,R,BEA,Haas F1 Team,17.0,1.0,MEDIUM,17.0,88.363,30.558,32.515,25.29,283.0,230.0,254.0,317.0,1,True,False,True,False,2026-07-26 13:27:02.603,15.0,30.4,51.7,25.9,False,2.8,125.0
2026,11,Hungarian Grand Prix,R,BEA,Haas F1 Team,18.0,1.0,MEDIUM,18.0,87.898,30.265,32.349,25.284,281.0,233.0,255.0,317.0,1,True,True,True,False,2026-07-26 13:28:30.966,14.0,30.4,52.0,25.8,False,2.7,163.0
2026,11,Hungarian Grand Prix,R,BEA,Haas F1 Team,19.0,1.0,MEDIUM,19.0,88.083,30.512,32.371,25.2,286.0,232.0,254.0,317.0,1,True,False,True,False,2026-07-26 13:29:58.864,14.0,30.4,52.4,25.6,False,2.8,144.0
2026,11,Hungarian Grand Prix,R,BEA,Haas F1 Team,20.0,1.0,MEDIUM,20.0,88.356,30.325,32.526,25.505,283.0,232.0,250.0,318.0,1,True,False,True,False,2026-07-26 13:31:26.947,14.0,30.5,52.0,25.4,False,2.1,129.0
2026,11,Hungarian Grand Prix,R,BEA,Haas F1 Team,21.0,1.0,MEDIUM,21.0,89.195,30.661,32.902,25.632,273.0,235.0,255.0,323.0,1,True,False,True,False,2026-07-26 13:32:55.303,14.0,30.2,52.6,25.2,False,2.7,114.0
2026,11,Hungarian Grand Prix,R,BEA,Haas F1 Team,22.0,1.0,MEDIUM,22.0,91.004,31.139,32.643,27.222,276.0,237.0,,319.0,1,True,False,False,False,2026-07-26 13:34:24.498,15.0,30.2,52.0,25.0,False,2.8,107.0
2026,11,Hungarian Grand Prix,R,BEA,Haas F1 Team,23.0,2.0,HARD,1.0,105.84,49.703,31.662,24.475,278.0,236.0,258.0,319.0,1,True,False,False,False,2026-07-26 13:35:55.502,20.0,30.2,44.2,25.8,False,2.0,100.0
2026,11,Hungarian Grand Prix,R,BEA,Haas F1 Team,24.0,2.0,HARD,2.0,85.884,29.78,31.576,24.528,282.0,240.0,257.0,319.0,1,True,True,True,False,2026-07-26 13:37:41.342,20.0,30.2,52.1,25.6,False,2.4,140.0
2026,11,Hungarian Grand Prix,R,BEA,Haas F1 Team,25.0,2.0,HARD,3.0,86.627,30.035,31.785,24.807,278.0,238.0,253.0,319.0,1,True,False,True,False,2026-07-26 13:39:07.226,20.0,30.2,51.8,25.7,False,2.4,83.0
2026,11,Hungarian Grand Prix,R,BEA,Haas F1 Team,26.0,2.0,HARD,4.0,86.978,30.284,31.879,24.815,279.0,237.0,258.0,318.0,1,True,False,True,False,2026-07-26 13:40:33.853,20.0,30.4,52.7,26.0,False,3.0,132.0
2026,11,Hungarian Grand Prix,R,BEA,Haas F1 Team,27.0,2.0,HARD,5.0,86.972,30.154,31.857,24.961,281.0,234.0,257.0,321.0,1,True,False,True,False,2026-07-26 13:42:00.831,19.0,30.7,51.2,24.5,False,2.7,97.0
2026,11,Hungarian Grand Prix,R,BEA,Haas F1 Team,28.0,2.0,HARD,6.0,87.115,30.106,32.018,24.991,285.0,233.0,261.0,322.0,1,True,False,True,False,2026-07-26 13:43:27.803,19.0,30.7,52.5,25.1,False,2.4,161.0
2026,11,Hungarian Grand Prix,R,BEA,Haas F1 Team,29.0,2.0,HARD,7.0,87.122,30.165,31.898,25.059,278.0,237.0,257.0,325.0,1,True,False,True,False,2026-07-26 13:44:54.918,19.0,30.7,50.7,24.5,False,1.7,206.0
2026,11,Hungarian Grand Prix,R,BEA,Haas F1 Team,30.0,2.0,HARD,8.0,87.382,30.262,31.95,25.17,283.0,233.0,259.0,331.0,1,True,False,True,False,2026-07-26 13:46:22.040,19.0,29.8,50.7,24.5,False,1.7,206.0
2026,11,Hungarian Grand Prix,R,BEA,Haas F1 Team,31.0,2.0,HARD,9.0,89.83,31.717,32.852,25.261,144.0,238.0,257.0,333.0,1,True,False,True,False,2026-07-26 13:47:49.422,19.0,30.2,52.5,25.6,False,1.2,124.0
2026,11,Hungarian Grand Prix,R,BEA,Haas F1 Team,32.0,2.0,HARD,10.0,89.138,31.352,32.333,25.453,278.0,235.0,256.0,333.0,1,True,False,True,False,2026-07-26 13:49:19.252,19.0,30.2,50.8,25.0,False,2.8,105.0
2026,11,Hungarian Grand Prix,R,BEA,Haas F1 Team,33.0,2.0,HARD,11.0,89.631,30.525,32.032,27.074,278.0,235.0,260.0,331.0,1,True,False,True,False,2026-07-26 13:50:48.390,19.0,30.2,51.2,25.1,False,1.4,70.0
2026,11,Hungarian Grand Prix,R,BEA,Haas F1 Team,34.0,2.0,HARD,12.0,87.608,30.243,32.075,25.29,285.0,235.0,258.0,333.0,1,True,False,True,False,2026-07-26 13:52:18.021,19.0,30.4,51.3,25.6,False,3.5,109.0
2026,11,Hungarian Grand Prix,R,BEA,Haas F1 Team,35.0,2.0,HARD,13.0,88.269,30.585,32.417,25.267,274.0,238.0,258.0,334.0,1,True,False,True,False,2026-07-26 13:53:45.629,18.0,30.4,52.5,25.3,False,1.6,113.0
2026,11,Hungarian Grand Prix,R,BEA,Haas F1 Team,36.0,2.0,HARD,14.0,89.239,30.656,32.694,25.889,265.0,234.0,260.0,333.0,1,True,False,True,False,2026-07-26 13:55:13.898,18.0,30.2,52.1,25.8,False,2.7,104.0
2026,11,Hungarian Grand Prix,R,BEA,Haas F1 Team,37.0,2.0,HARD,15.0,89.915,30.188,33.682,26.045,247.0,232.0,256.0,332.0,1,True,False,True,False,2026-07-26 13:56:43.137,18.0,30.4,52.0,25.6,False,2.7,108.0
2026,11,Hungarian Grand Prix,R,BEA,Haas F1 Team,38.0,2.0,HARD,16.0,96.3,37.71,33.076,25.514,261.0,237.0,249.0,335.0,12,True,False,True,False,2026-07-26 13:58:13.052,18.0,30.4,51.4,25.0,False,4.7,107.0
2026,11,Hungarian Grand Prix,R,BEA,Haas F1 Team,39.0,2.0,HARD,17.0,87.292,30.338,31.987,24.967,285.0,237.0,258.0,320.0,1,True,False,True,False,2026-07-26 13:59:49.352,18.0,30.4,52.1,25.9,False,2.4,125.0
2026,11,Hungarian Grand Prix,R,BEA,Haas F1 Team,40.0,2.0,HARD,18.0,88.634,31.395,32.288,24.951,278.0,234.0,257.0,320.0,1,True,False,True,False,2026-07-26 14:01:16.644,18.0,30.5,53.1,25.9,False,3.2,131.0
2026,11,Hungarian Grand Prix,R,BEA,Haas F1 Team,41.0,2.0,HARD,19.0,89.694,32.005,32.494,25.195,273.0,239.0,256.0,321.0,1,True,False,True,False,2026-07-26 14:02:45.278,19.0,30.5,52.7,25.4,False,2.0,120.0
2026,11,Hungarian Grand Prix,R,BEA,Haas F1 Team,42.0,2.0,HARD,20.0,89.372,30.186,32.071,27.115,282.0,232.0,,321.0,1,True,False,False,False,2026-07-26 14:04:14.972,20.0,30.6,52.7,25.2,False,2.2,120.0
2026,11,Hungarian Grand Prix,R,BEA,Haas F1 Team,43.0,3.0,HARD,1.0,105.916,49.684,31.738,24.494,278.0,239.0,260.0,321.0,1,True,False,False,False,2026-07-26 14:05:44.344,20.0,30.6,52.3,25.2,False,4.3,145.0
2026,11,Hungarian Grand Prix,R,BEA,Haas F1 Team,44.0,3.0,HARD,2.0,86.173,29.83,31.724,24.619,281.0,242.0,260.0,321.0,1,True,False,True,False,2026-07-26 14:07:30.260,20.0,30.7,51.7,25.1,False,1.7,130.0
2026,11,Hungarian Grand Prix,R,BEA,Haas F1 Team,45.0,3.0,HARD,3.0,86.234,29.875,31.69,24.669,285.0,241.0,262.0,332.0,1,True,False,True,False,2026-07-26 14:08:56.433,20.0,30.7,52.8,25.5,False,2.0,134.0
2026,11,Hungarian Grand Prix,R,BEA,Haas F1 Team,46.0,3.0,HARD,4.0,86.314,29.907,31.724,24.683,277.0,236.0,262.0,334.0,1,True,False,True,False,2026-07-26 14:10:22.667,20.0,30.7,51.0,25.7,False,3.0,134.0
2026,11,Hungarian Grand Prix,R,BEA,Haas F1 Team,47.0,3.0,HARD,5.0,86.467,30.057,31.664,24.746,282.0,244.0,258.0,324.0,1,True,False,True,False,2026-07-26 14:11:48.981,20.0,30.7,51.1,25.7,False,3.1,128.0
2026,11,Hungarian Grand Prix,R,BEA,Haas F1 Team,48.0,3.0,HARD,6.0,86.167,29.978,31.521,24.668,283.0,241.0,261.0,322.0,12,True,False,True,False,2026-07-26 14:13:15.448,20.0,30.8,50.5,25.9,False,0.5,58.0
2026,11,Hungarian Grand Prix,R,BEA,Haas F1 Team,49.0,3.0,HARD,7.0,86.184,29.79,31.496,24.898,288.0,240.0,260.0,324.0,1,True,False,True,False,2026-07-26 14:14:41.615,20.0,30.9,52.4,26.3,False,2.4,153.0
2026,11,Hungarian Grand Prix,R,BEA,Haas F1 Team,50.0,3.0,HARD,8.0,88.289,31.176,32.4,24.713,195.0,240.0,260.0,331.0,1,True,False,True,False,2026-07-26 14:16:07.799,20.0,30.8,51.6,25.6,False,1.4,79.0
2026,11,Hungarian Grand Prix,R,BEA,Haas F1 Team,51.0,3.0,HARD,9.0,86.414,29.982,31.683,24.749,289.0,241.0,259.0,324.0,1,True,False,True,False,2026-07-26 14:17:36.088,20.0,30.8,52.5,25.8,False,1.3,123.0
2026,11,Hungarian Grand Prix,R,BEA,Haas F1 Team,52.0,3.0,HARD,10.0,87.285,30.89,31.678,24.717,284.0,240.0,259.0,324.0,1,True,False,True,False,2026-07-26 14:19:02.502,20.0,30.9,52.9,25.8,False,0.6,121.0
2026,11,Hungarian Grand Prix,R,BEA,Haas F1 Team,53.0,3.0,HARD,11.0,86.535,30.026,31.687,24.822,286.0,239.0,260.0,324.0,1,True,False,True,False,2026-07-26 14:20:29.787,20.0,31.0,52.3,24.8,False,2.2,195.0
2026,11,Hungarian Grand Prix,R,BEA,Haas F1 Team,54.0,3.0,HARD,12.0,94.636,29.971,32.315,32.35,289.0,144.0,189.0,324.0,126,True,False,False,False,2026-07-26 14:21:56.322,20.0,31.1,52.3,25.1,False,3.0,147.0
2026,11,Hungarian Grand Prix,R,BEA,Haas F1 Team,55.0,3.0,HARD,13.0,100.145,40.594,34.044,25.507,204.0,238.0,258.0,223.0,671,True,False,False,False,2026-07-26 14:23:30.958,18.0,31.3,51.6,24.6,False,1.8,108.0
2026,11,Hungarian Grand Prix,R,BEA,Haas F1 Team,56.0,3.0,HARD,14.0,87.029,30.703,31.699,24.627,276.0,239.0,258.0,334.0,1,True,False,True,False,2026-07-26 14:25:11.103,17.0,31.1,52.4,24.7,False,1.1,151.0
2026,11,Hungarian Grand Prix,R,BEA,Haas F1 Team,57.0,3.0,HARD,15.0,86.416,30.26,31.544,24.612,287.0,239.0,260.0,324.0,1,True,False,True,False,2026-07-26 14:26:38.132,17.0,30.9,52.4,24.7,False,1.1,151.0
2026,11,Hungarian Grand Prix,R,BEA,Haas F1 Team,58.0,3.0,HARD,16.0,86.363,30.003,31.649,24.711,285.0,242.0,262.0,323.0,1,True,False,True,False,2026-07-26 14:28:04.548,17.0,30.8,52.1,25.1,False,3.5,156.0
2026,11,Hungarian Grand Prix,R,BEA,Haas F1 Team,59.0,3.0,HARD,17.0,87.145,30.601,31.969,24.575,211.0,239.0,262.0,326.0,1,True,False,True,False,2026-07-26 14:29:30.911,17.0,31.3,51.9,25.7,False,3.3,156.0
2026,11,Hungarian Grand Prix,R,BEA,Haas F1 Team,60.0,3.0,HARD,18.0,86.911,29.926,31.96,25.025,291.0,241.0,263.0,336.0,1,True,False,True,False,2026-07-26 14:30:58.056,17.0,31.3,49.6,25.5,False,2.3,115.0
2026,11,Hungarian Grand Prix,R,BEA,Haas F1 Team,61.0,3.0,HARD,19.0,88.685,31.502,32.049,25.134,280.0,239.0,264.0,337.0,1,True,False,True,False,2026-07-26 14:32:24.967,17.0,31.0,49.8,25.9,False,1.6,111.0
2026,11,Hungarian Grand Prix,R,BEA,Haas F1 Team,62.0,3.0,HARD,20.0,87.103,30.059,31.681,25.363,291.0,241.0,259.0,326.0,1,True,False,True,False,2026-07-26 14:33:53.652,17.0,30.9,50.7,26.1,False,2.5,94.0
2026,11,Hungarian Grand Prix,R,BEA,Haas F1 Team,63.0,3.0,HARD,21.0,87.384,30.001,32.12,25.263,290.0,233.0,264.0,335.0,1,True,False,True,False,2026-07-26 14:35:20.755,17.0,30.7,50.6,25.9,False,3.1,107.0
2026,11,Hungarian Grand Prix,R,BEA,Haas F1 Team,64.0,3.0,HARD,22.0,87.035,29.816,32.174,25.045,292.0,237.0,264.0,339.0,1,True,False,True,False,2026-07-26 14:36:48.139,17.0,30.8,51.3,26.2,False,3.3,132.0
2026,11,Hungarian Grand Prix,R,BEA,Haas F1 Team,65.0,3.0,HARD,23.0,87.288,29.862,32.295,25.131,290.0,241.0,266.0,339.0,1,True,False,True,False,2026-07-26 14:38:15.174,17.0,31.0,50.5,25.6,False,2.0,106.0
2026,11,Hungarian Grand Prix,R,BEA,Haas F1 Team,66.0,3.0,HARD,24.0,87.642,29.974,32.511,25.157,282.0,239.0,264.0,339.0,1,True,False,True,False,2026-07-26 14:39:42.462,17.0,31.1,51.2,25.8,False,3.5,130.0
2026,11,Hungarian Grand Prix,R,BEA,Haas F1 Team,67.0,3.0,HARD,25.0,87.9,30.176,32.536,25.188,271.0,236.0,265.0,338.0,1,True,False,True,False,2026-07-26 14:41:10.104,17.0,31.5,50.3,25.4,False,1.8,116.0
2026,11,Hungarian Grand Prix,R,BEA,Haas F1 Team,68.0,3.0,HARD,26.0,88.96,30.338,33.073,25.549,271.0,238.0,261.0,340.0,1,True,False,True,False,2026-07-26 14:42:38.004,17.0,31.0,51.1,25.9,False,1.3,148.0
