season,round,event_name,session_code,driver,team,lap_number,stint,compound,tyre_life,lap_time_s,sector_1_s,sector_2_s,sector_3_s,speed_i1,speed_i2,speed_fl,speed_st,track_status,fresh_tyre,is_personal_best,is_accurate,deleted,lap_start_time,position,air_temp_c,track_temp_c,humidity_pct,rainfall,wind_speed_mps,wind_direction_deg
2026,9,British Grand Prix,R,NOR,McLaren,1.0,1.0,MEDIUM,1.0,100.454,,39.496,26.468,325.0,254.0,244.0,307.0,12,True,False,False,False,2026-07-05 14:03:54.055,7.0,22.8,37.9,55.9,False,1.4,212.0
2026,9,British Grand Prix,R,NOR,McLaren,2.0,1.0,MEDIUM,2.0,94.836,30.17,38.718,25.948,301.0,255.0,248.0,304.0,12,True,True,True,False,2026-07-05 14:05:34.745,7.0,22.9,37.8,56.6,False,0.5,345.0
2026,9,British Grand Prix,R,NOR,McLaren,3.0,1.0,MEDIUM,3.0,95.241,30.061,38.936,26.244,299.0,255.0,243.0,308.0,1,True,False,True,False,2026-07-05 14:07:09.581,7.0,23.0,37.6,55.8,False,0.7,248.0
2026,9,British Grand Prix,R,NOR,McLaren,4.0,1.0,MEDIUM,4.0,95.116,29.899,39.002,26.215,311.0,256.0,246.0,310.0,1,True,False,True,False,2026-07-05 14:08:44.822,7.0,23.2,39.2,54.5,False,0.9,123.0
2026,9,British Grand Prix,R,NOR,McLaren,5.0,1.0,MEDIUM,5.0,95.154,29.884,38.996,26.274,305.0,257.0,245.0,304.0,1,True,False,True,False,2026-07-05 14:10:19.938,7.0,23.3,38.1,54.8,False,1.4,100.0
2026,9,British Grand Prix,R,NOR,McLaren,6.0,1.0,MEDIUM,6.0,94.875,29.883,38.807,26.185,306.0,256.0,246.0,303.0,1,True,False,True,False,2026-07-05 14:11:55.092,7.0,23.1,37.8,55.9,False,1.8,220.0
2026,9,British Grand Prix,R,NOR,McLaren,7.0,1.0,MEDIUM,7.0,95.086,30.129,38.659,26.298,300.0,255.0,246.0,299.0,1,True,False,True,False,2026-07-05 14:13:29.967,7.0,23.4,38.2,56.2,False,1.6,233.0
2026,9,British Grand Prix,R,NOR,McLaren,8.0,1.0,MEDIUM,8.0,95.281,30.385,38.638,26.258,296.0,254.0,247.0,298.0,1,True,False,True,False,2026-07-05 14:15:05.053,7.0,23.1,38.7,55.8,False,1.1,294.0
2026,9,British Grand Prix,R,NOR,McLaren,9.0,1.0,MEDIUM,9.0,95.62,30.516,38.839,26.265,296.0,254.0,246.0,300.0,1,True,False,True,False,2026-07-05 14:16:40.334,7.0,23.3,40.7,54.5,False,1.0,238.0
2026,9,British Grand Prix,R,NOR,McLaren,10.0,1.0,MEDIUM,10.0,95.286,30.408,38.711,26.167,295.0,253.0,246.0,299.0,1,True,False,True,False,2026-07-05 14:18:15.954,7.0,23.3,41.1,54.1,False,1.9,264.0
2026,9,British Grand Prix,R,NOR,McLaren,11.0,1.0,MEDIUM,11.0,95.318,30.259,38.809,26.25,297.0,254.0,245.0,302.0,1,True,False,True,False,2026-07-05 14:19:51.240,7.0,23.4,41.1,53.5,False,0.8,193.0
2026,9,British Grand Prix,R,NOR,McLaren,12.0,1.0,MEDIUM,12.0,95.442,30.276,38.887,26.279,296.0,250.0,245.0,302.0,1,True,False,True,False,2026-07-05 14:21:26.558,7.0,23.4,41.1,53.5,False,0.8,193.0
2026,9,British Grand Prix,R,NOR,McLaren,13.0,1.0,MEDIUM,13.0,95.147,30.217,38.838,26.092,298.0,254.0,244.0,309.0,1,True,False,True,False,2026-07-05 14:23:02.000,7.0,23.7,40.2,53.3,False,2.9,227.0
2026,9,British Grand Prix,R,NOR,McLaren,14.0,1.0,MEDIUM,14.0,95.09,29.919,38.986,26.185,303.0,254.0,249.0,303.0,1,True,False,True,False,2026-07-05 14:24:37.147,7.0,23.8,39.2,53.2,False,2.8,246.0
2026,9,British Grand Prix,R,NOR,McLaren,15.0,1.0,MEDIUM,15.0,95.14,29.88,39.092,26.168,300.0,253.0,247.0,305.0,1,True,False,True,False,2026-07-05 14:26:12.237,7.0,23.7,39.2,53.2,False,2.8,246.0
2026,9,British Grand Prix,R,NOR,McLaren,16.0,1.0,MEDIUM,16.0,95.278,30.093,38.939,26.246,305.0,254.0,247.0,302.0,1,True,False,True,False,2026-07-05 14:27:47.377,7.0,23.6,39.2,53.2,False,2.8,246.0
2026,9,British Grand Prix,R,NOR,McLaren,17.0,1.0,MEDIUM,17.0,95.716,29.987,39.504,26.225,305.0,256.0,247.0,298.0,1,True,False,True,False,2026-07-05 14:29:22.655,7.0,23.6,38.6,53.5,False,1.3,288.0
2026,9,British Grand Prix,R,NOR,McLaren,18.0,1.0,MEDIUM,18.0,94.741,29.963,38.567,26.211,299.0,253.0,243.0,299.0,1,True,True,True,False,2026-07-05 14:30:58.371,6.0,23.4,37.6,54.3,False,3.1,267.0
2026,9,British Grand Prix,R,NOR,McLaren,19.0,1.0,MEDIUM,19.0,94.581,30.031,38.653,25.897,304.0,256.0,249.0,301.0,1,True,True,True,False,2026-07-05 14:32:33.112,6.0,23.7,38.9,53.4,False,1.3,295.0
2026,9,British Grand Prix,R,NOR,McLaren,20.0,1.0,MEDIUM,20.0,94.722,30.138,38.431,26.153,290.0,255.0,248.0,293.0,1,True,False,True,False,2026-07-05 14:34:07.693,5.0,23.7,38.9,53.4,False,1.3,295.0
2026,9,British Grand Prix,R,NOR,McLaren,21.0,1.0,MEDIUM,21.0,94.58,30.127,38.358,26.095,294.0,255.0,249.0,295.0,1,True,True,True,False,2026-07-05 14:35:42.415,5.0,23.9,38.9,53.4,False,1.3,295.0
2026,9,British Grand Prix,R,NOR,McLaren,22.0,1.0,MEDIUM,22.0,105.666,36.756,43.012,25.898,255.0,259.0,250.0,301.0,167,True,False,False,False,2026-07-05 14:37:16.995,5.0,24.0,39.3,52.5,False,1.3,248.0
2026,9,British Grand Prix,R,NOR,McLaren,23.0,1.0,MEDIUM,23.0,94.73,29.988,38.627,26.115,295.0,255.0,249.0,294.0,1,True,False,True,False,2026-07-05 14:39:02.661,5.0,23.9,38.9,51.4,False,2.4,209.0
2026,9,British Grand Prix,R,NOR,McLaren,24.0,1.0,MEDIUM,24.0,94.882,30.112,38.62,26.15,293.0,255.0,250.0,293.0,1,True,False,True,False,2026-07-05 14:40:37.391,3.0,24.0,40.6,54.4,False,2.2,230.0
2026,9,British Grand Prix,R,NOR,McLaren,25.0,1.0,MEDIUM,25.0,94.519,29.96,38.427,26.132,293.0,255.0,249.0,294.0,1,True,True,True,False,2026-07-05 14:42:12.273,3.0,23.9,40.6,52.8,False,2.7,241.0
2026,9,British Grand Prix,R,NOR,McLaren,26.0,1.0,MEDIUM,26.0,94.724,29.94,38.729,26.055,296.0,257.0,249.0,298.0,1,True,False,True,False,2026-07-05 14:43:46.792,3.0,24.0,40.6,52.8,False,2.7,241.0
2026,9,British Grand Prix,R,NOR,McLaren,27.0,1.0,MEDIUM,27.0,94.525,29.967,38.518,26.04,295.0,258.0,249.0,298.0,1,True,False,True,False,2026-07-05 14:45:21.516,3.0,24.6,40.6,52.8,False,2.7,241.0
2026,9,British Grand Prix,R,NOR,McLaren,28.0,1.0,MEDIUM,28.0,94.291,29.935,38.81,25.546,295.0,258.0,,306.0,1,True,False,False,False,2026-07-05 14:46:56.041,3.0,24.4,41.5,51.0,False,0.9,244.0
2026,9,British Grand Prix,R,NOR,McLaren,29.0,2.0,HARD,1.0,114.51,50.486,38.297,25.727,305.0,258.0,253.0,304.0,1,True,False,False,False,2026-07-05 14:48:30.332,7.0,24.1,41.5,49.7,False,0.7,167.0
2026,9,British Grand Prix,R,NOR,McLaren,30.0,2.0,HARD,2.0,92.901,29.542,37.804,25.555,308.0,264.0,253.0,307.0,1,True,True,True,False,2026-07-05 14:50:24.842,6.0,24.5,42.1,50.2,False,1.5,323.0
2026,9,British Grand Prix,R,NOR,McLaren,31.0,2.0,HARD,3.0,93.454,29.679,38.043,25.732,294.0,257.0,251.0,299.0,1,True,False,True,False,2026-07-05 14:51:57.743,6.0,24.8,41.9,50.8,False,3.3,205.0
2026,9,British Grand Prix,R,NOR,McLaren,32.0,2.0,HARD,4.0,93.196,29.74,37.777,25.679,298.0,258.0,253.0,296.0,1,True,False,True,False,2026-07-05 14:53:31.197,6.0,24.4,39.4,50.3,False,1.6,206.0
2026,9,British Grand Prix,R,NOR,McLaren,33.0,2.0,HARD,5.0,93.33,29.834,37.713,25.783,295.0,257.0,252.0,296.0,1,True,False,True,False,2026-07-05 14:55:04.393,6.0,24.4,39.3,49.5,False,1.2,171.0
2026,9,British Grand Prix,R,NOR,McLaren,34.0,2.0,HARD,6.0,93.468,29.718,37.892,25.858,294.0,258.0,251.0,297.0,1,True,False,True,False,2026-07-05 14:56:37.723,6.0,24.3,41.1,51.2,False,1.6,167.0
2026,9,British Grand Prix,R,NOR,McLaren,35.0,2.0,HARD,7.0,93.532,29.893,37.847,25.792,293.0,258.0,251.0,298.0,1,True,False,True,False,2026-07-05 14:58:11.191,5.0,24.3,41.1,51.2,False,1.6,167.0
2026,9,British Grand Prix,R,NOR,McLaren,36.0,2.0,HARD,8.0,93.514,29.912,37.887,25.715,293.0,259.0,252.0,298.0,1,True,False,True,False,2026-07-05 14:59:44.723,5.0,24.4,40.6,52.3,False,1.3,185.0
2026,9,British Grand Prix,R,NOR,McLaren,37.0,2.0,HARD,9.0,93.913,29.821,38.265,25.826999999999998,295.0,259.0,251.0,298.0,1,True,False,True,False,2026-07-05 15:01:18.237,5.0,24.6,42.2,50.7,False,1.4,273.0
2026,9,British Grand Prix,R,NOR,McLaren,38.0,2.0,HARD,10.0,99.35,29.864,38.986,30.5,295.0,259.0,,133.0,126,True,False,False,False,2026-07-05 15:02:52.150,5.0,24.6,42.3,50.0,False,2.2,265.0
2026,9,British Grand Prix,R,NOR,McLaren,39.0,3.0,MEDIUM,7.0,122.902,58.54,38.687,25.675,226.0,258.0,255.0,293.0,671,False,False,False,False,2026-07-05 15:04:31.500,6.0,24.5,41.7,50.4,False,1.6,262.0
2026,9,British Grand Prix,R,NOR,McLaren,40.0,3.0,MEDIUM,8.0,92.759,29.644,37.519,25.596,292.0,261.0,254.0,295.0,1,False,True,True,False,2026-07-05 15:06:34.402,6.0,24.5,41.3,50.1,False,2.3,287.0
2026,9,British Grand Prix,R,NOR,McLaren,41.0,3.0,MEDIUM,9.0,93.022,29.693,37.646,25.683,296.0,259.0,254.0,296.0,1,False,False,True,False,2026-07-05 15:08:07.161,6.0,24.5,42.3,49.9,False,2.8,250.0
2026,9,British Grand Prix,R,NOR,McLaren,42.0,3.0,MEDIUM,10.0,93.302,29.649,38.01,25.643,305.0,261.0,254.0,299.0,1,False,False,True,False,2026-07-05 15:09:40.183,5.0,24.8,42.3,49.8,False,0.8,180.0
2026,9,British Grand Prix,R,NOR,McLaren,43.0,3.0,MEDIUM,11.0,93.167,29.61,37.964,25.593,303.0,261.0,253.0,297.0,1,False,False,True,False,2026-07-05 15:11:13.485,5.0,25.0,42.4,47.9,False,1.4,137.0
2026,9,British Grand Prix,R,NOR,McLaren,44.0,3.0,MEDIUM,12.0,92.775,29.707,37.526,25.542,296.0,260.0,255.0,297.0,1,False,False,True,False,2026-07-05 15:12:46.652,5.0,25.3,41.5,46.7,False,0.9,77.0
2026,9,British Grand Prix,R,NOR,McLaren,45.0,3.0,MEDIUM,13.0,92.625,29.603,37.49,25.532,295.0,262.0,254.0,299.0,1,False,True,True,False,2026-07-05 15:14:19.427,5.0,25.2,42.4,46.7,False,2.8,78.0
2026,9,British Grand Prix,R,NOR,McLaren,46.0,3.0,MEDIUM,14.0,93.028,29.66,37.619,25.749,296.0,262.0,252.0,299.0,1,False,False,True,False,2026-07-05 15:15:52.052,5.0,25.2,42.4,46.7,False,2.8,78.0
2026,9,British Grand Prix,R,NOR,McLaren,47.0,3.0,MEDIUM,15.0,98.834,29.826999999999998,37.7,31.307,299.0,262.0,143.0,292.0,124,False,False,False,False,2026-07-05 15:17:25.080,4.0,24.9,42.4,46.7,False,2.8,78.0
2026,9,British Grand Prix,R,NOR,McLaren,48.0,3.0,MEDIUM,16.0,124.605,38.636,51.976,33.993,231.0,201.0,,232.0,4,False,False,False,False,2026-07-05 15:19:03.914,4.0,25.0,42.4,46.7,False,2.8,78.0
2026,9,British Grand Prix,R,NOR,McLaren,49.0,4.0,SOFT,4.0,142.722,57.181,50.427,35.114,257.0,202.0,253.0,255.0,4,False,False,False,False,2026-07-05 15:21:08.519,4.0,25.0,43.8,48.3,False,0.4,146.0
2026,9,British Grand Prix,R,NOR,McLaren,50.0,4.0,SOFT,5.0,144.647,31.067,65.347,48.233,255.0,118.0,85.0,140.0,4,False,False,False,False,2026-07-05 15:23:31.241,4.0,25.0,42.9,48.6,False,3.7,251.0
2026,9,British Grand Prix,R,NOR,McLaren,51.0,4.0,SOFT,6.0,,57.647,66.615,43.876,75.0,140.0,143.0,142.0,4,False,False,False,False,2026-07-05 15:25:55.888,4.0,24.9,42.6,48.6,False,1.1,220.0
2026,9,British Grand Prix,R,NOR,McLaren,52.0,4.0,SOFT,7.0,142.749,46.901,59.162,36.686,154.0,129.0,205.0,208.0,4,False,False,False,False,2026-07-05 15:28:44.145,4.0,25.3,41.5,48.5,False,3.3,231.0
2026,9,British Grand Prix,R,GAS,Alpine,1.0,1.0,MEDIUM,1.0,105.047,,41.201,27.363,308.0,260.0,226.0,336.0,12,True,False,False,False,2026-07-05 14:03:54.055,12.0,22.8,37.9,55.9,False,1.4,212.0
2026,9,British Grand Prix,R,GAS,Alpine,2.0,1.0,MEDIUM,2.0,97.382,31.118,39.719,26.545,308.0,259.0,232.0,336.0,12,True,True,True,False,2026-07-05 14:05:39.338,13.0,22.9,37.8,56.6,False,0.5,345.0
2026,9,British Grand Prix,R,GAS,Alpine,3.0,1.0,MEDIUM,3.0,96.022,30.552,39.314,26.156,294.0,258.0,235.0,344.0,1,True,True,True,False,2026-07-05 14:07:16.720,12.0,23.0,37.6,55.8,False,0.7,248.0
2026,9,British Grand Prix,R,GAS,Alpine,4.0,1.0,MEDIUM,4.0,96.294,30.874,39.105,26.315,297.0,258.0,236.0,326.0,1,True,False,True,False,2026-07-05 14:08:52.742,12.0,23.2,39.2,54.5,False,0.9,123.0
2026,9,British Grand Prix,R,GAS,Alpine,5.0,1.0,MEDIUM,5.0,97.169,30.573,39.654,26.942,297.0,259.0,237.0,325.0,1,True,False,True,False,2026-07-05 14:10:29.036,12.0,23.2,37.6,55.3,False,1.5,171.0
2026,9,British Grand Prix,R,GAS,Alpine,6.0,1.0,MEDIUM,6.0,96.336,30.456,39.57,26.31,307.0,259.0,238.0,342.0,1,True,False,True,False,2026-07-05 14:12:06.205,11.0,23.1,37.8,55.9,False,1.8,220.0
2026,9,British Grand Prix,R,GAS,Alpine,7.0,1.0,MEDIUM,7.0,97.056,31.197,39.707,26.152,288.0,257.0,237.0,334.0,1,True,False,True,False,2026-07-05 14:13:42.541,11.0,23.4,38.2,56.2,False,1.6,233.0
2026,9,British Grand Prix,R,GAS,Alpine,8.0,1.0,MEDIUM,8.0,97.256,31.005,40.012,26.239,291.0,258.0,239.0,322.0,1,True,False,True,False,2026-07-05 14:15:19.597,11.0,23.1,38.7,55.8,False,1.1,294.0
2026,9,British Grand Prix,R,GAS,Alpine,9.0,1.0,MEDIUM,9.0,96.887,30.905,39.277,26.705,293.0,250.0,244.0,297.0,1,True,False,True,False,2026-07-05 14:16:56.853,11.0,23.3,40.7,54.5,False,1.0,238.0
2026,9,British Grand Prix,R,GAS,Alpine,10.0,1.0,MEDIUM,10.0,96.162,30.447,39.175,26.54,294.0,251.0,242.0,298.0,1,True,False,True,False,2026-07-05 14:18:33.740,11.0,23.4,41.1,53.5,False,0.8,193.0
2026,9,British Grand Prix,R,GAS,Alpine,11.0,1.0,MEDIUM,11.0,96.225,30.573,39.203,26.449,293.0,251.0,242.0,297.0,1,True,False,True,False,2026-07-05 14:20:09.902,11.0,23.4,41.1,53.5,False,0.8,193.0
2026,9,British Grand Prix,R,GAS,Alpine,12.0,1.0,MEDIUM,12.0,96.165,30.44,39.183,26.542,292.0,251.0,244.0,297.0,1,True,False,True,False,2026-07-05 14:21:46.127,11.0,23.4,41.1,53.5,False,0.8,193.0
2026,9,British Grand Prix,R,GAS,Alpine,13.0,1.0,MEDIUM,13.0,96.45,30.571,39.329,26.55,291.0,251.0,244.0,295.0,1,True,False,True,False,2026-07-05 14:23:22.292,11.0,23.7,40.2,53.3,False,2.9,227.0
2026,9,British Grand Prix,R,GAS,Alpine,14.0,1.0,MEDIUM,14.0,96.146,30.236,39.287,26.623,295.0,249.0,244.0,296.0,1,True,False,True,False,2026-07-05 14:24:58.742,11.0,23.8,39.2,53.2,False,2.8,246.0
2026,9,British Grand Prix,R,GAS,Alpine,15.0,1.0,MEDIUM,15.0,95.989,30.292,39.258,26.439,300.0,250.0,245.0,298.0,1,True,True,True,False,2026-07-05 14:26:34.888,11.0,23.5,39.2,53.2,False,2.8,246.0
2026,9,British Grand Prix,R,GAS,Alpine,16.0,1.0,MEDIUM,16.0,96.296,30.327,39.316,26.653,298.0,250.0,243.0,295.0,1,True,False,True,False,2026-07-05 14:28:10.877,11.0,23.6,39.2,53.2,False,2.8,246.0
2026,9,British Grand Prix,R,GAS,Alpine,17.0,1.0,MEDIUM,17.0,96.175,30.381,39.229,26.565,294.0,251.0,244.0,295.0,1,True,False,True,False,2026-07-05 14:29:47.173,11.0,23.5,37.6,54.3,False,3.1,267.0
2026,9,British Grand Prix,R,GAS,Alpine,18.0,1.0,MEDIUM,18.0,96.323,30.459,39.154,26.71,293.0,250.0,243.0,294.0,1,True,False,True,False,2026-07-05 14:31:23.348,11.0,23.4,37.6,54.3,False,3.1,267.0
2026,9,British Grand Prix,R,GAS,Alpine,19.0,1.0,MEDIUM,19.0,95.953,30.322,39.114,26.517,292.0,251.0,245.0,294.0,1,True,True,True,False,2026-07-05 14:32:59.671,11.0,23.7,38.9,53.4,False,1.3,295.0
2026,9,British Grand Prix,R,GAS,Alpine,20.0,1.0,MEDIUM,20.0,95.675,30.412,38.921,26.342,293.0,252.0,243.0,298.0,1,True,True,True,False,2026-07-05 14:34:35.624,11.0,24.3,38.9,53.4,False,1.3,295.0
2026,9,British Grand Prix,R,GAS,Alpine,21.0,1.0,MEDIUM,21.0,99.978,30.442,38.9,30.636,293.0,252.0,185.0,297.0,16,True,False,False,False,2026-07-05 14:36:11.299,11.0,23.9,38.9,53.4,False,1.3,295.0
2026,9,British Grand Prix,R,GAS,Alpine,22.0,1.0,MEDIUM,22.0,101.621,35.663,39.334,26.624,285.0,249.0,242.0,292.0,671,True,False,False,False,2026-07-05 14:37:51.277,11.0,23.8,38.9,51.4,False,2.4,209.0
2026,9,British Grand Prix,R,GAS,Alpine,23.0,1.0,MEDIUM,23.0,95.388,30.518,39.001,25.869,298.0,252.0,,294.0,1,True,False,False,False,2026-07-05 14:39:32.898,11.0,23.8,40.7,53.9,False,1.3,223.0
2026,9,British Grand Prix,R,GAS,Alpine,24.0,2.0,HARD,1.0,122.407,55.598,40.176,26.633,318.0,252.0,247.0,309.0,1,True,False,False,False,2026-07-05 14:41:08.286,14.0,24.0,40.6,54.4,False,2.2,230.0
2026,9,British Grand Prix,R,GAS,Alpine,25.0,2.0,HARD,2.0,94.576,29.865,38.529,26.182,311.0,253.0,248.0,301.0,1,True,True,True,False,2026-07-05 14:43:10.693,13.0,24.3,40.6,52.8,False,2.7,241.0
2026,9,British Grand Prix,R,GAS,Alpine,26.0,2.0,HARD,3.0,95.614,29.824,39.451,26.339,302.0,253.0,244.0,308.0,1,True,False,True,False,2026-07-05 14:44:45.269,13.0,24.6,40.6,52.8,False,2.7,241.0
2026,9,British Grand Prix,R,GAS,Alpine,27.0,2.0,HARD,4.0,94.731,30.025,38.438,26.268,309.0,257.0,246.0,300.0,1,True,False,True,False,2026-07-05 14:46:20.883,12.0,24.6,41.5,51.0,False,0.9,244.0
2026,9,British Grand Prix,R,GAS,Alpine,28.0,2.0,HARD,5.0,94.618,29.951999999999998,38.441,26.225,296.0,255.0,246.0,297.0,1,True,False,True,False,2026-07-05 14:47:55.614,12.0,24.4,41.5,49.7,False,0.7,167.0
2026,9,British Grand Prix,R,GAS,Alpine,29.0,2.0,HARD,6.0,94.437,29.927,38.271,26.239,297.0,255.0,248.0,297.0,1,True,True,True,False,2026-07-05 14:49:30.232,12.0,24.5,41.2,49.9,False,1.1,12.0
2026,9,British Grand Prix,R,GAS,Alpine,30.0,2.0,HARD,7.0,94.619,30.057,38.444,26.118,296.0,254.0,247.0,298.0,1,True,False,True,False,2026-07-05 14:51:04.669,12.0,24.5,42.1,50.2,False,1.5,323.0
2026,9,British Grand Prix,R,GAS,Alpine,31.0,2.0,HARD,8.0,94.721,30.01,38.492,26.219,294.0,254.0,247.0,298.0,1,True,False,True,False,2026-07-05 14:52:39.288,12.0,24.9,40.4,49.0,False,1.0,286.0
2026,9,British Grand Prix,R,GAS,Alpine,32.0,2.0,HARD,9.0,95.063,30.287,38.568,26.208,293.0,252.0,246.0,297.0,1,True,False,True,False,2026-07-05 14:54:14.009,12.0,24.4,39.4,50.3,False,1.6,206.0
2026,9,British Grand Prix,R,GAS,Alpine,33.0,2.0,HARD,10.0,94.963,30.137,38.632,26.194,296.0,252.0,244.0,299.0,1,True,False,True,False,2026-07-05 14:55:49.072,12.0,24.3,39.3,49.5,False,1.2,171.0
2026,9,British Grand Prix,R,GAS,Alpine,34.0,2.0,HARD,11.0,94.996,30.067,38.548,26.381,296.0,254.0,246.0,300.0,1,True,False,True,False,2026-07-05 14:57:24.035,12.0,24.3,41.1,51.2,False,1.6,167.0
2026,9,British Grand Prix,R,GAS,Alpine,35.0,2.0,HARD,12.0,95.558,30.377,38.863,26.318,296.0,250.0,245.0,308.0,1,True,False,True,False,2026-07-05 14:58:59.031,12.0,24.5,40.6,52.3,False,1.3,185.0
2026,9,British Grand Prix,R,GAS,Alpine,36.0,2.0,HARD,13.0,94.937,30.191,38.489,26.257,294.0,254.0,248.0,300.0,1,True,False,True,False,2026-07-05 15:00:34.589,12.0,24.6,42.2,50.7,False,1.4,273.0
2026,9,British Grand Prix,R,GAS,Alpine,37.0,2.0,HARD,14.0,94.861,30.021,38.569,26.271,301.0,254.0,243.0,298.0,12,True,False,True,False,2026-07-05 15:02:09.526,12.0,24.4,42.3,50.0,False,2.2,265.0
2026,9,British Grand Prix,R,GAS,Alpine,38.0,2.0,HARD,15.0,117.887,35.476,50.755,31.656,196.0,173.0,243.0,233.0,2671,True,False,False,False,2026-07-05 15:03:44.387,12.0,24.6,42.3,50.2,False,1.5,296.0
2026,9,British Grand Prix,R,GAS,Alpine,39.0,2.0,HARD,16.0,94.522,30.15,38.255,26.117,295.0,255.0,250.0,297.0,1,True,False,True,False,2026-07-05 15:05:42.274,12.0,24.5,42.6,49.9,False,2.3,217.0
2026,9,British Grand Prix,R,GAS,Alpine,40.0,2.0,HARD,17.0,94.455,29.906,38.476,26.073,300.0,255.0,251.0,297.0,1,True,False,True,False,2026-07-05 15:07:16.796,12.0,24.5,41.3,50.1,False,2.3,287.0
2026,9,British Grand Prix,R,GAS,Alpine,41.0,2.0,HARD,18.0,94.312,29.838,38.395,26.079,299.0,255.0,248.0,300.0,1,True,True,True,False,2026-07-05 15:08:51.251,12.0,24.5,42.3,49.9,False,2.8,250.0
2026,9,British Grand Prix,R,GAS,Alpine,42.0,2.0,HARD,19.0,94.303,29.93,38.316,26.057,299.0,256.0,250.0,302.0,1,True,True,True,False,2026-07-05 15:10:25.563,12.0,25.0,42.4,47.9,False,1.4,137.0
2026,9,British Grand Prix,R,GAS,Alpine,43.0,2.0,HARD,20.0,94.387,29.799,38.522,26.066,298.0,256.0,247.0,302.0,1,True,False,True,False,2026-07-05 15:11:59.866,12.0,25.0,41.5,46.7,False,0.9,77.0
2026,9,British Grand Prix,R,GAS,Alpine,44.0,2.0,HARD,21.0,94.179,29.956,38.2,26.023,298.0,256.0,248.0,303.0,1,True,True,True,False,2026-07-05 15:13:34.253,12.0,25.2,42.4,46.7,False,2.8,78.0
2026,9,British Grand Prix,R,GAS,Alpine,45.0,2.0,HARD,22.0,94.51,29.984,38.309,26.217,300.0,258.0,243.0,302.0,1,True,False,True,False,2026-07-05 15:15:08.432,12.0,25.2,42.4,46.7,False,2.8,78.0
2026,9,British Grand Prix,R,GAS,Alpine,46.0,2.0,HARD,23.0,95.978,31.417,38.712,25.849,304.0,263.0,238.0,323.0,1,True,False,True,False,2026-07-05 15:16:42.942,12.0,25.0,42.4,46.7,False,2.8,78.0
2026,9,British Grand Prix,R,GAS,Alpine,47.0,2.0,HARD,24.0,116.905,30.515,51.809,34.581,295.0,208.0,133.0,196.0,124,True,False,False,False,2026-07-05 15:18:18.920,11.0,24.9,42.4,46.7,False,2.8,78.0
2026,9,British Grand Prix,R,GAS,Alpine,48.0,2.0,HARD,25.0,122.352,40.418,52.377,29.557,255.0,200.0,,221.0,4,True,False,False,False,2026-07-05 15:20:15.825,10.0,25.0,43.7,48.3,False,1.1,249.0
2026,9,British Grand Prix,R,GAS,Alpine,49.0,3.0,SOFT,1.0,126.98,53.294,41.82,31.866,267.0,236.0,233.0,246.0,4,True,False,False,False,2026-07-05 15:22:18.177,11.0,24.9,43.7,49.0,False,2.7,232.0
2026,9,British Grand Prix,R,GAS,Alpine,50.0,3.0,SOFT,2.0,103.339,32.755,40.122,30.462,268.0,242.0,114.0,286.0,4,True,False,False,False,2026-07-05 15:24:25.157,11.0,25.0,42.6,48.6,False,1.1,220.0
2026,9,British Grand Prix,R,GAS,Alpine,51.0,3.0,SOFT,3.0,,50.661,67.046,43.288,189.0,102.0,137.0,169.0,4,True,False,False,False,2026-07-05 15:26:08.496,11.0,24.9,42.6,48.6,False,1.1,220.0
2026,9,British Grand Prix,R,GAS,Alpine,52.0,3.0,SOFT,4.0,139.58,47.674,57.877,34.029,171.0,144.0,243.0,251.0,4,True,False,False,False,2026-07-05 15:28:49.591,11.0,25.3,41.5,48.5,False,3.3,231.0
2026,9,British Grand Prix,R,PER,Cadillac,1.0,1.0,MEDIUM,1.0,106.587,,42.152,27.509,317.0,253.0,227.0,311.0,12,True,False,False,False,2026-07-05 14:03:54.055,17.0,22.8,37.9,55.9,False,1.4,212.0
2026,9,British Grand Prix,R,PER,Cadillac,2.0,1.0,MEDIUM,2.0,97.781,31.392,40.0,26.389,302.0,258.0,244.0,315.0,12,True,True,True,False,2026-07-05 14:05:40.878,15.0,22.9,37.8,56.6,False,0.5,345.0
2026,9,British Grand Prix,R,PER,Cadillac,3.0,1.0,MEDIUM,3.0,96.934,30.41,39.585,26.939,298.0,253.0,241.0,307.0,1,True,True,True,False,2026-07-05 14:07:18.659,15.0,23.0,37.6,55.8,False,0.7,248.0
2026,9,British Grand Prix,R,PER,Cadillac,4.0,1.0,MEDIUM,4.0,97.232,30.533,39.855,26.844,292.0,250.0,239.0,299.0,1,True,False,True,False,2026-07-05 14:08:55.593,15.0,23.2,39.2,54.5,False,0.9,123.0
2026,9,British Grand Prix,R,PER,Cadillac,5.0,1.0,MEDIUM,5.0,97.229,30.527,39.981,26.721,291.0,251.0,242.0,298.0,1,True,False,True,False,2026-07-05 14:10:32.825,15.0,23.2,37.6,55.3,False,1.5,171.0
2026,9,British Grand Prix,R,PER,Cadillac,6.0,1.0,MEDIUM,6.0,96.94,30.598,39.641,26.701,293.0,251.0,242.0,300.0,1,True,False,True,False,2026-07-05 14:12:10.054,15.0,23.1,37.8,55.9,False,1.8,220.0
2026,9,British Grand Prix,R,PER,Cadillac,7.0,1.0,MEDIUM,7.0,97.311,30.723,39.97,26.618,292.0,254.0,241.0,299.0,1,True,False,True,False,2026-07-05 14:13:46.994,15.0,23.4,38.2,56.2,False,1.6,233.0
2026,9,British Grand Prix,R,PER,Cadillac,8.0,1.0,MEDIUM,8.0,97.54,30.948,39.764,26.828,286.0,249.0,241.0,293.0,1,True,False,True,False,2026-07-05 14:15:24.305,15.0,23.2,40.2,54.2,False,1.6,181.0
2026,9,British Grand Prix,R,PER,Cadillac,9.0,1.0,MEDIUM,9.0,97.662,30.901,40.02,26.741,287.0,250.0,240.0,297.0,1,True,False,True,False,2026-07-05 14:17:01.845,15.0,23.3,40.7,54.5,False,1.0,238.0
2026,9,British Grand Prix,R,PER,Cadillac,10.0,1.0,MEDIUM,10.0,97.773,30.951,40.092,26.73,287.0,251.0,238.0,294.0,1,True,False,True,False,2026-07-05 14:18:39.507,15.0,23.4,41.1,53.5,False,0.8,193.0
2026,9,British Grand Prix,R,PER,Cadillac,11.0,1.0,MEDIUM,11.0,97.545,30.966,39.785,26.794,285.0,250.0,238.0,293.0,1,True,False,True,False,2026-07-05 14:20:17.280,15.0,23.4,41.1,53.5,False,0.8,193.0
2026,9,British Grand Prix,R,PER,Cadillac,12.0,1.0,MEDIUM,12.0,97.825,30.844,40.206,26.775,285.0,250.0,238.0,302.0,1,True,False,True,False,2026-07-05 14:21:54.825,16.0,23.4,41.1,53.5,False,0.8,193.0
2026,9,British Grand Prix,R,PER,Cadillac,13.0,1.0,MEDIUM,13.0,97.294,30.693,39.892,26.709,291.0,251.0,240.0,301.0,1,True,False,True,False,2026-07-05 14:23:32.650,16.0,23.8,40.0,52.8,False,2.6,248.0
2026,9,British Grand Prix,R,PER,Cadillac,14.0,1.0,MEDIUM,14.0,97.156,30.579,39.77,26.807,290.0,255.0,239.0,304.0,1,True,False,True,False,2026-07-05 14:25:09.944,16.0,23.8,39.2,53.2,False,2.8,246.0
2026,9,British Grand Prix,R,PER,Cadillac,15.0,1.0,MEDIUM,15.0,96.975,30.727,39.731,26.517,288.0,255.0,239.0,303.0,1,True,False,True,False,2026-07-05 14:26:47.100,16.0,23.5,39.2,53.2,False,2.8,246.0
2026,9,British Grand Prix,R,PER,Cadillac,16.0,1.0,MEDIUM,16.0,97.265,30.784,39.769,26.712,287.0,253.0,241.0,297.0,1,True,False,True,False,2026-07-05 14:28:24.075,16.0,23.6,39.2,53.2,False,2.8,246.0
2026,9,British Grand Prix,R,PER,Cadillac,17.0,1.0,MEDIUM,17.0,96.947,30.646,39.721,26.58,287.0,252.0,242.0,296.0,1,True,False,True,False,2026-07-05 14:30:01.340,16.0,23.5,37.6,54.3,False,3.1,267.0
2026,9,British Grand Prix,R,PER,Cadillac,18.0,1.0,MEDIUM,18.0,97.577,30.828,39.977,26.772,284.0,254.0,240.0,297.0,1,True,False,True,False,2026-07-05 14:31:38.287,15.0,23.5,37.6,54.3,False,3.1,267.0
2026,9,British Grand Prix,R,PER,Cadillac,19.0,1.0,MEDIUM,19.0,97.094,30.779,39.607,26.708,284.0,254.0,242.0,298.0,1,True,False,True,False,2026-07-05 14:33:15.864,15.0,23.7,38.9,53.4,False,1.3,295.0
2026,9,British Grand Prix,R,PER,Cadillac,20.0,1.0,MEDIUM,20.0,96.721,30.636,39.561,26.524,285.0,253.0,240.0,297.0,1,True,True,True,False,2026-07-05 14:34:52.958,15.0,24.3,38.9,53.4,False,1.3,295.0
2026,9,British Grand Prix,R,PER,Cadillac,21.0,1.0,MEDIUM,21.0,106.363,30.753,42.344,33.266,286.0,122.0,,249.0,167,True,False,False,False,2026-07-05 14:36:29.679,14.0,24.0,39.3,52.5,False,1.3,248.0
2026,9,British Grand Prix,R,PER,Cadillac,22.0,2.0,HARD,1.0,117.455,51.777,39.128,26.55,285.0,254.0,247.0,293.0,1,True,False,False,False,2026-07-05 14:38:16.042,18.0,23.8,38.9,51.4,False,2.4,209.0
2026,9,British Grand Prix,R,PER,Cadillac,23.0,2.0,HARD,2.0,97.496,32.015,39.167,26.314,295.0,255.0,243.0,305.0,1,True,False,True,False,2026-07-05 14:40:13.497,18.0,23.8,40.7,53.9,False,1.3,223.0
2026,9,British Grand Prix,R,PER,Cadillac,24.0,2.0,HARD,3.0,97.186,31.45,39.041,26.695,302.0,254.0,244.0,303.0,1,True,False,True,False,2026-07-05 14:41:50.993,18.0,23.9,40.6,52.8,False,2.7,241.0
2026,9,British Grand Prix,R,PER,Cadillac,25.0,2.0,HARD,4.0,95.826,30.367,39.232,26.227,291.0,256.0,245.0,306.0,1,True,True,True,False,2026-07-05 14:43:28.179,17.0,24.0,40.6,52.8,False,2.7,241.0
2026,9,British Grand Prix,R,PER,Cadillac,26.0,2.0,HARD,5.0,95.661,30.229,39.135,26.297,288.0,258.0,246.0,298.0,1,True,True,True,False,2026-07-05 14:45:04.005,17.0,24.6,40.6,52.8,False,2.7,241.0
2026,9,British Grand Prix,R,PER,Cadillac,27.0,2.0,HARD,6.0,96.824,30.369,38.921,27.534,287.0,254.0,237.0,290.0,1,True,False,True,False,2026-07-05 14:46:39.666,18.0,24.4,41.5,51.0,False,0.9,244.0
2026,9,British Grand Prix,R,PER,Cadillac,28.0,2.0,HARD,7.0,96.534,30.666,39.387,26.481,295.0,261.0,243.0,324.0,1,True,False,True,False,2026-07-05 14:48:16.490,18.0,24.4,41.5,49.7,False,0.7,167.0
2026,9,British Grand Prix,R,PER,Cadillac,29.0,2.0,HARD,8.0,97.003,30.431,39.341,27.231,291.0,259.0,242.0,274.0,1,True,False,True,False,2026-07-05 14:49:53.024,18.0,24.5,41.2,49.9,False,1.1,12.0
2026,9,British Grand Prix,R,PER,Cadillac,30.0,2.0,HARD,9.0,96.389,30.485,39.59,26.314,292.0,259.0,245.0,325.0,1,True,False,True,False,2026-07-05 14:51:30.027,17.0,24.8,41.9,50.8,False,3.3,205.0
2026,9,British Grand Prix,R,PER,Cadillac,31.0,2.0,HARD,10.0,96.666,30.334,39.176,27.156,290.0,255.0,241.0,304.0,1,True,False,True,False,2026-07-05 14:53:06.416,18.0,24.9,40.4,49.0,False,1.0,286.0
2026,9,British Grand Prix,R,PER,Cadillac,32.0,2.0,HARD,11.0,96.292,30.489,39.482,26.321,294.0,254.0,244.0,311.0,1,True,False,True,False,2026-07-05 14:54:43.082,18.0,24.4,39.3,49.5,False,1.2,171.0
2026,9,British Grand Prix,R,PER,Cadillac,33.0,2.0,HARD,12.0,96.403,30.357,39.408,26.638,293.0,255.0,244.0,301.0,1,True,False,True,False,2026-07-05 14:56:19.374,18.0,24.3,39.3,49.5,False,1.2,171.0
2026,9,British Grand Prix,R,PER,Cadillac,34.0,2.0,HARD,13.0,98.576,30.481,39.392,28.703,287.0,255.0,240.0,299.0,1,True,False,True,False,2026-07-05 14:57:55.777,18.0,24.3,41.1,51.2,False,1.6,167.0
2026,9,British Grand Prix,R,PER,Cadillac,35.0,2.0,HARD,14.0,96.497,30.5,39.441,26.556,292.0,253.0,246.0,307.0,1,True,False,True,False,2026-07-05 14:59:34.353,18.0,24.4,40.6,52.3,False,1.3,185.0
2026,9,British Grand Prix,R,PER,Cadillac,36.0,2.0,HARD,15.0,96.457,30.52,39.389,26.548000000000002,288.0,257.0,243.0,303.0,1,True,False,True,False,2026-07-05 15:01:10.850,18.0,24.6,42.2,50.7,False,1.4,273.0
2026,9,British Grand Prix,R,PER,Cadillac,37.0,2.0,HARD,16.0,103.49,30.553,39.488,33.449,288.0,258.0,117.0,292.0,126,True,False,False,False,2026-07-05 15:02:47.307,17.0,24.6,42.3,50.0,False,2.2,265.0
2026,9,British Grand Prix,R,PER,Cadillac,38.0,2.0,HARD,17.0,110.614,42.38,42.047,26.187,175.0,257.0,246.0,310.0,671,True,False,False,False,2026-07-05 15:04:30.797,17.0,24.5,41.7,50.4,False,1.6,262.0
2026,9,British Grand Prix,R,PER,Cadillac,39.0,2.0,HARD,18.0,96.798,30.987,39.421,26.39,296.0,256.0,245.0,301.0,1,True,False,True,False,2026-07-05 15:06:21.411,17.0,24.5,42.6,49.9,False,2.3,217.0
2026,9,British Grand Prix,R,PER,Cadillac,40.0,2.0,HARD,19.0,97.296,30.979,39.934,26.383,222.0,259.0,246.0,304.0,1,True,False,True,False,2026-07-05 15:07:58.209,17.0,24.5,42.3,49.9,False,2.8,250.0
2026,9,British Grand Prix,R,PER,Cadillac,41.0,2.0,HARD,20.0,95.713,30.378,38.942,26.393,291.0,257.0,247.0,302.0,1,True,False,True,False,2026-07-05 15:09:35.505,17.0,24.8,42.3,49.8,False,0.8,180.0
2026,9,British Grand Prix,R,PER,Cadillac,42.0,2.0,HARD,21.0,98.281,30.431,41.159,26.691,289.0,257.0,244.0,305.0,1,True,False,True,False,2026-07-05 15:11:11.218,17.0,25.0,42.4,47.9,False,1.4,137.0
2026,9,British Grand Prix,R,PER,Cadillac,43.0,2.0,HARD,22.0,95.557,30.352,38.896,26.309,290.0,257.0,247.0,301.0,1,True,True,True,False,2026-07-05 15:12:49.499,17.0,25.3,41.5,46.7,False,0.9,77.0
2026,9,British Grand Prix,R,PER,Cadillac,44.0,2.0,HARD,23.0,95.52,30.315,38.873,26.332,287.0,258.0,246.0,298.0,1,True,True,True,False,2026-07-05 15:14:25.056,17.0,25.2,42.4,46.7,False,2.8,78.0
2026,9,British Grand Prix,R,PER,Cadillac,45.0,2.0,HARD,24.0,96.872,30.277,38.847,27.748,288.0,257.0,243.0,258.0,1,True,False,True,False,2026-07-05 15:16:00.576,17.0,25.2,42.4,46.7,False,2.8,78.0
2026,9,British Grand Prix,R,PER,Cadillac,46.0,2.0,HARD,25.0,101.146,30.306,39.011,31.829,293.0,258.0,,207.0,124,True,False,False,False,2026-07-05 15:17:37.448,17.0,24.9,42.4,46.7,False,2.8,78.0
2026,9,British Grand Prix,R,PER,Cadillac,47.0,3.0,SOFT,1.0,144.894,58.546,52.962,33.386,183.0,186.0,225.0,273.0,4,True,False,False,False,2026-07-05 15:19:18.594,16.0,25.0,42.4,46.7,False,2.8,78.0
2026,9,British Grand Prix,R,PER,Cadillac,48.0,3.0,SOFT,2.0,120.247,34.68,51.131,34.436,271.0,227.0,236.0,155.0,4,True,False,False,False,2026-07-05 15:21:43.488,16.0,24.9,43.7,49.0,False,2.7,232.0
2026,9,British Grand Prix,R,PER,Cadillac,49.0,3.0,SOFT,3.0,136.502,32.148,56.421,47.933,252.0,107.0,97.0,201.0,4,True,False,False,False,2026-07-05 15:23:43.735,16.0,25.0,42.9,48.6,False,3.7,251.0
2026,9,British Grand Prix,R,PER,Cadillac,50.0,3.0,SOFT,4.0,108.807,42.391,40.172,26.244,233.0,264.0,249.0,312.0,4,True,False,False,False,2026-07-05 15:26:00.237,16.0,24.9,42.6,48.6,False,1.1,220.0
2026,9,British Grand Prix,R,PER,Cadillac,51.0,3.0,SOFT,5.0,98.756,32.152,39.765,26.839,264.0,261.0,245.0,292.0,4,True,False,False,False,2026-07-05 15:27:49.044,16.0,25.5,41.4,47.7,False,4.2,267.0
2026,9,British Grand Prix,R,PER,Cadillac,52.0,3.0,SOFT,6.0,105.229,29.954,43.883,31.392,292.0,207.0,246.0,264.0,4,True,False,False,False,2026-07-05 15:29:27.800,16.0,25.3,40.8,48.4,False,1.2,267.0
2026,9,British Grand Prix,R,ANT,Mercedes,1.0,1.0,MEDIUM,1.0,97.447,,38.438,25.774,301.0,262.0,249.0,316.0,12,True,False,False,False,2026-07-05 14:03:54.055,3.0,22.8,37.9,55.9,False,1.4,212.0
2026,9,British Grand Prix,R,ANT,Mercedes,2.0,1.0,MEDIUM,2.0,94.414,29.781,38.76,25.873,311.0,255.0,250.0,310.0,12,True,True,True,False,2026-07-05 14:05:31.738,3.0,22.9,37.8,56.6,False,0.5,345.0
2026,9,British Grand Prix,R,ANT,Mercedes,3.0,1.0,MEDIUM,3.0,94.05,29.661,38.357,26.032,312.0,254.0,247.0,312.0,1,True,True,True,False,2026-07-05 14:07:06.152,3.0,23.0,37.6,55.8,False,0.7,248.0
2026,9,British Grand Prix,R,ANT,Mercedes,4.0,1.0,MEDIUM,4.0,94.373,29.815,38.584,25.974,310.0,256.0,248.0,311.0,1,True,False,True,False,2026-07-05 14:08:40.202,3.0,23.2,39.2,54.5,False,0.9,123.0
2026,9,British Grand Prix,R,ANT,Mercedes,5.0,1.0,MEDIUM,5.0,94.751,29.993,38.591,26.167,300.0,254.0,246.0,303.0,1,True,False,True,False,2026-07-05 14:10:14.575,3.0,23.3,38.1,54.8,False,1.4,100.0
2026,9,British Grand Prix,R,ANT,Mercedes,6.0,1.0,MEDIUM,6.0,94.464,29.966,38.486,26.012,304.0,255.0,247.0,304.0,1,True,False,True,False,2026-07-05 14:11:49.326,3.0,23.1,37.8,55.9,False,1.8,220.0
2026,9,British Grand Prix,R,ANT,Mercedes,7.0,1.0,MEDIUM,7.0,94.477,29.818,38.543,26.116,317.0,257.0,243.0,316.0,1,True,False,True,False,2026-07-05 14:13:23.790,3.0,23.1,37.5,56.2,False,1.4,229.0
2026,9,British Grand Prix,R,ANT,Mercedes,8.0,1.0,MEDIUM,8.0,94.74,30.071,38.59,26.079,312.0,254.0,245.0,307.0,1,True,False,True,False,2026-07-05 14:14:58.267,3.0,23.1,38.7,55.8,False,1.1,294.0
2026,9,British Grand Prix,R,ANT,Mercedes,9.0,1.0,MEDIUM,9.0,94.965,30.023,38.809,26.133,309.0,257.0,244.0,322.0,1,True,False,True,False,2026-07-05 14:16:33.007,3.0,23.3,40.7,54.5,False,1.0,238.0
2026,9,British Grand Prix,R,ANT,Mercedes,10.0,1.0,MEDIUM,10.0,95.017,30.101,38.786,26.13,304.0,255.0,248.0,308.0,1,True,False,True,False,2026-07-05 14:18:07.972,3.0,23.3,41.1,54.1,False,1.9,264.0
2026,9,British Grand Prix,R,ANT,Mercedes,11.0,1.0,MEDIUM,11.0,94.276,29.798000000000002,38.5,25.978,308.0,254.0,249.0,305.0,1,True,False,True,False,2026-07-05 14:19:42.989,2.0,23.4,41.1,53.5,False,0.8,193.0
2026,9,British Grand Prix,R,ANT,Mercedes,12.0,1.0,MEDIUM,12.0,94.488,29.964,38.383,26.141,291.0,251.0,246.0,296.0,1,True,False,True,False,2026-07-05 14:21:17.265,2.0,23.4,41.1,53.5,False,0.8,193.0
2026,9,British Grand Prix,R,ANT,Mercedes,13.0,1.0,MEDIUM,13.0,94.592,30.299,38.296,25.997,295.0,254.0,246.0,298.0,1,True,False,True,False,2026-07-05 14:22:51.753,2.0,23.7,40.2,53.3,False,2.9,227.0
2026,9,British Grand Prix,R,ANT,Mercedes,14.0,1.0,MEDIUM,14.0,94.117,29.946,38.266,25.905,299.0,256.0,250.0,299.0,1,True,False,True,False,2026-07-05 14:24:26.345,2.0,23.8,39.2,53.2,False,2.8,246.0
2026,9,British Grand Prix,R,ANT,Mercedes,15.0,1.0,MEDIUM,15.0,93.91,29.856,38.187,25.867,296.0,256.0,248.0,300.0,1,True,True,True,False,2026-07-05 14:26:00.462,2.0,23.7,39.2,53.2,False,2.8,246.0
2026,9,British Grand Prix,R,ANT,Mercedes,16.0,1.0,MEDIUM,16.0,94.29,30.088,38.252,25.95,296.0,254.0,250.0,297.0,1,True,False,True,False,2026-07-05 14:27:34.372,2.0,23.6,39.2,53.2,False,2.8,246.0
2026,9,British Grand Prix,R,ANT,Mercedes,17.0,1.0,MEDIUM,17.0,94.544,30.074,38.421,26.049,296.0,254.0,247.0,296.0,1,True,False,True,False,2026-07-05 14:29:08.662,2.0,23.6,38.6,53.5,False,1.3,288.0
2026,9,British Grand Prix,R,ANT,Mercedes,18.0,1.0,MEDIUM,18.0,94.259,29.921,38.277,26.061,303.0,254.0,248.0,298.0,1,True,False,True,False,2026-07-05 14:30:43.206,2.0,23.4,37.6,54.3,False,3.1,267.0
2026,9,British Grand Prix,R,ANT,Mercedes,19.0,1.0,MEDIUM,19.0,94.268,29.978,38.255,26.035,300.0,255.0,249.0,299.0,1,True,False,True,False,2026-07-05 14:32:17.465,2.0,23.5,37.6,54.3,False,3.1,267.0
2026,9,British Grand Prix,R,ANT,Mercedes,20.0,1.0,MEDIUM,20.0,94.066,29.913,38.291,25.862,303.0,256.0,247.0,298.0,1,True,False,True,False,2026-07-05 14:33:51.733,2.0,23.7,38.9,53.4,False,1.3,295.0
2026,9,British Grand Prix,R,ANT,Mercedes,21.0,1.0,MEDIUM,21.0,94.078,30.005,38.157,25.916,302.0,255.0,248.0,298.0,1,True,False,True,False,2026-07-05 14:35:25.799,2.0,23.9,38.9,53.4,False,1.3,295.0
2026,9,British Grand Prix,R,ANT,Mercedes,22.0,1.0,MEDIUM,22.0,104.368,29.903,48.585,25.88,301.0,252.0,251.0,295.0,167,True,False,False,False,2026-07-05 14:36:59.877,2.0,24.0,39.3,52.5,False,1.3,248.0
2026,9,British Grand Prix,R,ANT,Mercedes,23.0,1.0,MEDIUM,23.0,93.914,29.847,38.095,25.972,304.0,254.0,249.0,298.0,1,True,False,True,False,2026-07-05 14:38:44.245,2.0,23.9,38.9,51.4,False,2.4,209.0
2026,9,British Grand Prix,R,ANT,Mercedes,24.0,1.0,MEDIUM,24.0,93.955,29.888,38.179,25.888,310.0,255.0,249.0,300.0,1,True,False,True,False,2026-07-05 14:40:18.159,2.0,23.8,40.7,53.9,False,1.3,223.0
2026,9,British Grand Prix,R,ANT,Mercedes,25.0,1.0,MEDIUM,25.0,94.001,29.822,38.16,26.019,307.0,254.0,246.0,299.0,1,True,False,True,False,2026-07-05 14:41:52.114,2.0,23.9,40.6,52.8,False,2.7,241.0
2026,9,British Grand Prix,R,ANT,Mercedes,26.0,1.0,MEDIUM,26.0,93.951,29.89,38.241,25.82,301.0,255.0,250.0,296.0,1,True,False,True,False,2026-07-05 14:43:26.115,1.0,24.0,40.6,52.8,False,2.7,241.0
2026,9,British Grand Prix,R,ANT,Mercedes,27.0,1.0,MEDIUM,27.0,93.686,29.728,38.14,25.818,308.0,257.0,249.0,297.0,1,True,True,True,False,2026-07-05 14:45:00.066,1.0,24.6,40.6,52.8,False,2.7,241.0
2026,9,British Grand Prix,R,ANT,Mercedes,28.0,1.0,MEDIUM,28.0,93.52,29.63,37.902,25.988,306.0,259.0,251.0,297.0,1,True,True,True,False,2026-07-05 14:46:33.752,1.0,24.4,41.5,51.0,False,0.9,244.0
2026,9,British Grand Prix,R,ANT,Mercedes,29.0,1.0,MEDIUM,29.0,93.467,29.568,37.98,25.919,305.0,258.0,249.0,299.0,1,True,True,True,False,2026-07-05 14:48:07.272,1.0,24.4,41.5,49.7,False,0.7,167.0
2026,9,British Grand Prix,R,ANT,Mercedes,30.0,1.0,MEDIUM,30.0,93.72,29.828,38.064,25.828,305.0,257.0,251.0,300.0,1,True,False,True,False,2026-07-05 14:49:40.739,1.0,24.5,41.2,49.9,False,1.1,12.0
2026,9,British Grand Prix,R,ANT,Mercedes,31.0,1.0,MEDIUM,31.0,93.772,29.832,38.043,25.897,303.0,254.0,249.0,300.0,1,True,False,True,False,2026-07-05 14:51:14.459,1.0,24.5,42.1,50.2,False,1.5,323.0
2026,9,British Grand Prix,R,ANT,Mercedes,32.0,1.0,MEDIUM,32.0,93.451,29.808,38.007,25.636,303.0,257.0,249.0,306.0,1,True,True,True,False,2026-07-05 14:52:48.231,1.0,24.9,40.4,49.0,False,1.0,286.0
2026,9,British Grand Prix,R,ANT,Mercedes,33.0,1.0,MEDIUM,33.0,93.601,29.75,38.052,25.799,302.0,255.0,251.0,297.0,1,True,False,True,False,2026-07-05 14:54:21.682,1.0,24.4,39.4,50.3,False,1.6,206.0
2026,9,British Grand Prix,R,ANT,Mercedes,34.0,1.0,MEDIUM,34.0,93.725,29.752,38.081,25.892,302.0,250.0,250.0,298.0,1,True,False,True,False,2026-07-05 14:55:55.283,1.0,24.3,39.3,49.5,False,1.2,171.0
2026,9,British Grand Prix,R,ANT,Mercedes,35.0,1.0,MEDIUM,35.0,92.976,29.773,38.062,25.141,301.0,256.0,,300.0,1,True,False,False,False,2026-07-05 14:57:29.008,1.0,24.3,41.1,51.2,False,1.6,167.0
2026,9,British Grand Prix,R,ANT,Mercedes,36.0,2.0,HARD,1.0,113.81,50.934,37.576,25.3,297.0,259.0,254.0,298.0,1,True,False,False,False,2026-07-05 14:59:01.984,2.0,24.5,40.6,52.3,False,1.3,185.0
2026,9,British Grand Prix,R,ANT,Mercedes,37.0,2.0,HARD,2.0,91.777,29.501,37.119,25.157,298.0,261.0,255.0,301.0,1,True,True,True,False,2026-07-05 15:00:55.794,2.0,24.6,42.2,50.7,False,1.4,273.0
2026,9,British Grand Prix,R,ANT,Mercedes,38.0,2.0,HARD,3.0,92.149,29.408,37.221,25.52,302.0,260.0,254.0,308.0,12,True,False,True,False,2026-07-05 15:02:27.571,2.0,24.6,42.3,50.0,False,2.2,265.0
2026,9,British Grand Prix,R,ANT,Mercedes,39.0,2.0,HARD,4.0,117.371,39.557,51.067,26.747,220.0,181.0,253.0,280.0,2671,True,False,False,False,2026-07-05 15:03:59.720,2.0,24.6,42.3,50.2,False,1.5,296.0
2026,9,British Grand Prix,R,ANT,Mercedes,40.0,2.0,HARD,5.0,91.904,29.538,37.17,25.196,298.0,260.0,255.0,301.0,1,True,False,True,False,2026-07-05 15:05:57.091,2.0,24.5,42.6,49.9,False,2.3,217.0
2026,9,British Grand Prix,R,ANT,Mercedes,41.0,2.0,HARD,6.0,97.116,29.496,39.535,28.085,304.0,210.0,,248.0,1,True,False,False,False,2026-07-05 15:07:28.995,2.0,24.5,42.3,49.9,False,2.8,250.0
2026,9,British Grand Prix,R,ANT,Mercedes,42.0,3.0,MEDIUM,7.0,137.782,63.729,45.55,28.503,293.0,240.0,223.0,283.0,1,False,False,False,False,2026-07-05 15:09:06.111,6.0,24.5,42.3,49.9,False,2.8,250.0
2026,9,British Grand Prix,R,ANT,Mercedes,43.0,3.0,MEDIUM,8.0,99.872,31.421,41.314,27.137,309.0,240.0,,290.0,1,False,False,False,False,2026-07-05 15:11:23.893,7.0,25.0,42.4,47.9,False,1.4,137.0
2026,9,British Grand Prix,R,ANT,Mercedes,44.0,4.0,MEDIUM,9.0,121.316,55.712,39.71,25.894,295.0,255.0,253.0,296.0,1,False,False,False,False,2026-07-05 15:13:03.765,10.0,25.3,41.5,46.7,False,0.9,77.0
2026,9,British Grand Prix,R,ANT,Mercedes,45.0,4.0,MEDIUM,10.0,93.812,29.709,38.21,25.893,297.0,256.0,253.0,296.0,1,False,False,True,False,2026-07-05 15:15:05.081,10.0,25.2,42.4,46.7,False,2.8,78.0
2026,9,British Grand Prix,R,ANT,Mercedes,46.0,4.0,MEDIUM,11.0,93.503,29.585,38.161,25.757,302.0,257.0,251.0,299.0,1,False,False,True,False,2026-07-05 15:16:38.893,10.0,25.0,42.4,46.7,False,2.8,78.0
2026,9,British Grand Prix,R,ANT,Mercedes,47.0,4.0,MEDIUM,12.0,112.822,29.654,51.394,31.774,304.0,238.0,176.0,231.0,124,False,False,False,False,2026-07-05 15:18:12.396,9.0,24.9,42.4,46.7,False,2.8,78.0
2026,9,British Grand Prix,R,ANT,Mercedes,48.0,4.0,MEDIUM,13.0,125.074,40.652,51.683,32.739,215.0,207.0,248.0,223.0,4,False,False,False,False,2026-07-05 15:20:05.218,9.0,25.0,43.7,48.3,False,1.1,249.0
2026,9,British Grand Prix,R,ANT,Mercedes,49.0,4.0,MEDIUM,14.0,102.439,30.581,41.107,30.751,252.0,247.0,225.0,234.0,4,False,False,False,False,2026-07-05 15:22:10.292,9.0,24.9,43.7,49.0,False,2.7,232.0
2026,9,British Grand Prix,R,ANT,Mercedes,50.0,4.0,MEDIUM,15.0,132.263,31.569,51.705,48.989,260.0,109.0,78.0,203.0,4,False,False,False,False,2026-07-05 15:23:52.731,9.0,25.0,42.9,48.6,False,3.7,251.0
2026,9,British Grand Prix,R,ANT,Mercedes,51.0,4.0,MEDIUM,16.0,,51.755,68.167,43.447,164.0,106.0,136.0,157.0,4,False,False,False,False,2026-07-05 15:26:04.994,9.0,24.9,42.6,48.6,False,1.1,220.0
2026,9,British Grand Prix,R,ANT,Mercedes,52.0,4.0,MEDIUM,17.0,140.268,46.651,59.382,34.235,206.0,140.0,235.0,255.0,4,False,False,False,False,2026-07-05 15:28:48.482,9.0,25.3,41.5,48.5,False,3.3,231.0
2026,9,British Grand Prix,R,ALO,Aston Martin,1.0,1.0,MEDIUM,1.0,111.095,,40.971,27.126,286.0,251.0,235.0,302.0,12,True,False,False,False,2026-07-05 14:03:54.055,21.0,22.8,37.9,55.9,False,1.4,212.0
2026,9,British Grand Prix,R,ALO,Aston Martin,2.0,1.0,MEDIUM,2.0,100.031,31.526,40.994,27.511,281.0,250.0,234.0,297.0,12,True,True,True,False,2026-07-05 14:05:45.386,20.0,22.9,37.8,56.6,False,0.5,345.0
2026,9,British Grand Prix,R,ALO,Aston Martin,3.0,1.0,MEDIUM,3.0,98.632,31.286,40.494,26.852,286.0,248.0,235.0,302.0,1,True,True,True,False,2026-07-05 14:07:25.417,20.0,23.1,38.5,54.9,False,1.0,158.0
2026,9,British Grand Prix,R,ALO,Aston Martin,4.0,1.0,MEDIUM,4.0,98.775,31.361,40.589,26.825,277.0,249.0,235.0,294.0,1,True,False,True,False,2026-07-05 14:09:04.049,20.0,23.2,39.2,54.5,False,0.9,123.0
2026,9,British Grand Prix,R,ALO,Aston Martin,5.0,1.0,MEDIUM,5.0,98.933,31.436,40.543,26.954,276.0,250.0,235.0,295.0,1,True,False,True,False,2026-07-05 14:10:42.824,20.0,23.2,37.6,55.3,False,1.5,171.0
2026,9,British Grand Prix,R,ALO,Aston Martin,6.0,1.0,MEDIUM,6.0,98.79,31.597,40.295,26.898,277.0,251.0,236.0,295.0,1,True,False,True,False,2026-07-05 14:12:21.757,20.0,23.1,37.8,55.9,False,1.8,220.0
2026,9,British Grand Prix,R,ALO,Aston Martin,7.0,1.0,MEDIUM,7.0,98.384,31.403,40.13,26.851,279.0,250.0,236.0,293.0,1,True,True,True,False,2026-07-05 14:14:00.547,20.0,23.4,38.2,56.2,False,1.6,233.0
2026,9,British Grand Prix,R,ALO,Aston Martin,8.0,1.0,MEDIUM,8.0,98.792,31.502,40.359,26.931,276.0,249.0,236.0,297.0,1,True,False,True,False,2026-07-05 14:15:38.931,20.0,23.2,40.2,54.2,False,1.6,181.0
2026,9,British Grand Prix,R,ALO,Aston Martin,9.0,1.0,MEDIUM,9.0,99.472,31.521,40.849,27.102,278.0,237.0,235.0,301.0,1,True,False,True,False,2026-07-05 14:17:17.723,20.0,23.3,40.7,54.5,False,1.0,238.0
2026,9,British Grand Prix,R,ALO,Aston Martin,10.0,1.0,MEDIUM,10.0,99.093,31.415,40.618,27.06,281.0,249.0,236.0,301.0,1,True,False,True,False,2026-07-05 14:18:57.195,20.0,23.4,41.1,53.5,False,0.8,193.0
2026,9,British Grand Prix,R,ALO,Aston Martin,11.0,1.0,MEDIUM,11.0,99.003,31.209,40.742,27.052,285.0,245.0,234.0,306.0,1,True,False,True,False,2026-07-05 14:20:36.288,20.0,23.4,41.1,53.5,False,0.8,193.0
2026,9,British Grand Prix,R,ALO,Aston Martin,12.0,1.0,MEDIUM,12.0,99.136,31.424,40.66,27.052,285.0,249.0,235.0,305.0,1,True,False,True,False,2026-07-05 14:22:15.291,20.0,23.4,41.1,53.5,False,0.8,193.0
2026,9,British Grand Prix,R,ALO,Aston Martin,13.0,1.0,MEDIUM,13.0,98.877,31.147,40.834,26.896,289.0,250.0,237.0,307.0,1,True,False,True,False,2026-07-05 14:23:54.427,20.0,23.8,40.0,52.8,False,2.6,248.0
2026,9,British Grand Prix,R,ALO,Aston Martin,14.0,1.0,MEDIUM,14.0,99.086,31.155,40.96,26.971,291.0,246.0,237.0,309.0,1,True,False,True,False,2026-07-05 14:25:33.304,20.0,23.7,39.2,53.2,False,2.8,246.0
2026,9,British Grand Prix,R,ALO,Aston Martin,15.0,1.0,MEDIUM,15.0,99.451,31.282,41.178,26.991,288.0,249.0,236.0,334.0,1,True,False,True,False,2026-07-05 14:27:12.390,21.0,23.5,39.2,53.2,False,2.8,246.0
2026,9,British Grand Prix,R,ALO,Aston Martin,16.0,1.0,MEDIUM,16.0,99.21,31.11,41.152,26.948,295.0,248.0,237.0,307.0,1,True,False,True,False,2026-07-05 14:28:51.841,21.0,23.6,38.6,53.5,False,1.3,288.0
2026,9,British Grand Prix,R,ALO,Aston Martin,17.0,1.0,MEDIUM,17.0,99.342,31.49,40.699,27.153,292.0,249.0,235.0,310.0,1,True,False,True,False,2026-07-05 14:30:31.051,21.0,23.4,37.6,54.3,False,3.1,267.0
2026,9,British Grand Prix,R,ALO,Aston Martin,18.0,1.0,MEDIUM,18.0,99.31,31.238,41.056,27.016,287.0,250.0,235.0,309.0,1,True,False,True,False,2026-07-05 14:32:10.393,21.0,23.5,37.6,54.3,False,3.1,267.0
2026,9,British Grand Prix,R,ALO,Aston Martin,19.0,1.0,MEDIUM,19.0,99.415,31.799,40.757,26.859,255.0,251.0,233.0,296.0,1,True,False,True,False,2026-07-05 14:33:49.703,20.0,23.7,38.9,53.4,False,1.3,295.0
2026,9,British Grand Prix,R,ALO,Aston Martin,20.0,1.0,MEDIUM,20.0,98.549,31.376,40.885,26.288,277.0,249.0,,297.0,1,True,False,False,False,2026-07-05 14:35:29.118,20.0,23.9,38.9,53.4,False,1.3,295.0
2026,9,British Grand Prix,R,ALO,Aston Martin,21.0,2.0,HARD,1.0,125.709,58.662,40.665,26.382,279.0,257.0,240.0,305.0,167,True,False,False,False,2026-07-05 14:37:07.667,21.0,24.0,39.3,52.5,False,1.3,248.0
2026,9,British Grand Prix,R,ALO,Aston Martin,22.0,2.0,HARD,2.0,97.414,31.303,39.379,26.732,283.0,253.0,240.0,287.0,1,True,True,True,False,2026-07-05 14:39:13.376,20.0,23.9,38.9,51.4,False,2.4,209.0
2026,9,British Grand Prix,R,ALO,Aston Martin,23.0,2.0,HARD,3.0,97.404,31.108,39.66,26.636,289.0,251.0,236.0,297.0,1,True,True,True,False,2026-07-05 14:40:50.790,20.0,24.0,40.6,54.4,False,2.2,230.0
2026,9,British Grand Prix,R,ALO,Aston Martin,24.0,2.0,HARD,4.0,99.922,31.384,39.963,28.575,272.0,252.0,237.0,291.0,1,True,False,True,False,2026-07-05 14:42:28.194,20.0,24.3,40.6,52.8,False,2.7,241.0
2026,9,British Grand Prix,R,ALO,Aston Martin,25.0,2.0,HARD,5.0,98.695,30.81,40.071,27.814,289.0,253.0,236.0,305.0,1,True,False,True,False,2026-07-05 14:44:08.116,20.0,24.0,40.6,52.8,False,2.7,241.0
2026,9,British Grand Prix,R,ALO,Aston Martin,26.0,2.0,HARD,6.0,97.375,30.936,39.868,26.571,286.0,254.0,237.0,302.0,1,True,True,True,False,2026-07-05 14:45:46.811,20.0,24.6,41.5,51.0,False,0.9,244.0
2026,9,British Grand Prix,R,ALO,Aston Martin,27.0,2.0,HARD,7.0,97.736,31.168,39.989,26.579,276.0,254.0,236.0,295.0,1,True,False,True,False,2026-07-05 14:47:24.186,20.0,24.4,41.5,51.0,False,0.9,244.0
2026,9,British Grand Prix,R,ALO,Aston Martin,28.0,2.0,HARD,8.0,98.043,31.402,39.949,26.692,274.0,253.0,239.0,294.0,1,True,False,True,False,2026-07-05 14:49:01.922,20.0,24.1,41.5,49.7,False,0.7,167.0
2026,9,British Grand Prix,R,ALO,Aston Martin,29.0,2.0,HARD,9.0,97.534,31.244,39.701,26.589,276.0,254.0,239.0,295.0,1,True,False,True,False,2026-07-05 14:50:39.965,20.0,24.5,42.1,50.2,False,1.5,323.0
2026,9,British Grand Prix,R,ALO,Aston Martin,30.0,2.0,HARD,10.0,97.544,31.135,39.708,26.701,276.0,250.0,239.0,295.0,1,True,False,True,False,2026-07-05 14:52:17.499,20.0,24.8,41.9,50.8,False,3.3,205.0
2026,9,British Grand Prix,R,ALO,Aston Martin,31.0,2.0,HARD,11.0,100.146,31.672,41.824,26.65,263.0,250.0,238.0,298.0,1,True,False,True,False,2026-07-05 14:53:55.043,20.0,24.4,39.4,50.3,False,1.6,206.0
2026,9,British Grand Prix,R,ALO,Aston Martin,32.0,2.0,HARD,12.0,97.845,31.277,39.928,26.64,281.0,251.0,239.0,296.0,1,True,False,True,False,2026-07-05 14:55:35.189,20.0,24.3,39.3,49.5,False,1.2,171.0
2026,9,British Grand Prix,R,ALO,Aston Martin,33.0,2.0,HARD,13.0,97.52,31.14,39.804,26.576,279.0,250.0,239.0,296.0,1,True,False,True,False,2026-07-05 14:57:13.034,20.0,24.3,41.1,51.2,False,1.6,167.0
2026,9,British Grand Prix,R,ALO,Aston Martin,34.0,2.0,HARD,14.0,97.891,31.433,39.862,26.596,277.0,251.0,239.0,297.0,1,True,False,True,False,2026-07-05 14:58:50.554,20.0,24.5,40.6,52.3,False,1.3,185.0
2026,9,British Grand Prix,R,ALO,Aston Martin,35.0,2.0,HARD,15.0,98.76,31.353,40.844,26.563,275.0,252.0,239.0,303.0,1,True,False,True,False,2026-07-05 15:00:28.445,20.0,24.6,42.2,50.7,False,1.4,273.0
2026,9,British Grand Prix,R,ALO,Aston Martin,36.0,2.0,HARD,16.0,99.164,31.118,41.419,26.627,287.0,252.0,230.0,304.0,12,True,False,True,False,2026-07-05 15:02:07.205,20.0,24.4,42.3,50.0,False,2.2,265.0
2026,9,British Grand Prix,R,ALO,Aston Martin,37.0,2.0,HARD,17.0,119.005,38.117,52.291,28.597,232.0,231.0,239.0,273.0,2671,True,False,False,False,2026-07-05 15:03:46.369,19.0,24.6,42.3,50.2,False,1.5,296.0
2026,9,British Grand Prix,R,ALO,Aston Martin,38.0,2.0,HARD,18.0,97.33,31.05,39.709,26.571,289.0,252.0,239.0,294.0,1,True,True,True,False,2026-07-05 15:05:45.374,19.0,24.5,42.6,49.9,False,2.3,217.0
2026,9,British Grand Prix,R,ALO,Aston Martin,39.0,2.0,HARD,19.0,98.699,31.15,41.068,26.481,277.0,250.0,239.0,314.0,1,True,False,True,False,2026-07-05 15:07:22.704,19.0,24.5,41.3,50.1,False,2.3,287.0
2026,9,British Grand Prix,R,ALO,Aston Martin,40.0,2.0,HARD,20.0,97.543,31.184,39.886,26.473,280.0,254.0,241.0,297.0,1,True,False,True,False,2026-07-05 15:09:01.403,19.0,24.5,42.3,49.9,False,2.8,250.0
2026,9,British Grand Prix,R,ALO,Aston Martin,41.0,2.0,HARD,21.0,96.695,30.714,39.511,26.47,293.0,253.0,241.0,296.0,1,True,True,True,False,2026-07-05 15:10:38.946,19.0,25.0,42.4,47.9,False,1.4,137.0
2026,9,British Grand Prix,R,ALO,Aston Martin,42.0,2.0,HARD,22.0,97.102,30.961,39.578,26.563,284.0,256.0,241.0,299.0,1,True,False,True,False,2026-07-05 15:12:15.641,19.0,25.0,41.5,46.7,False,0.9,77.0
2026,9,British Grand Prix,R,ALO,Aston Martin,43.0,2.0,HARD,23.0,97.26,30.955,39.827,26.478,279.0,251.0,241.0,297.0,1,True,False,True,False,2026-07-05 15:13:52.743,19.0,25.2,42.4,46.7,False,2.8,78.0
2026,9,British Grand Prix,R,ALO,Aston Martin,44.0,2.0,HARD,24.0,99.391,31.359,41.234,26.798000000000002,275.0,255.0,232.0,303.0,1,True,False,True,False,2026-07-05 15:15:30.003,19.0,25.2,42.4,46.7,False,2.8,78.0
2026,9,British Grand Prix,R,ALO,Aston Martin,45.0,2.0,HARD,25.0,99.377,32.587,39.811,26.979,285.0,256.0,236.0,305.0,12,True,False,True,False,2026-07-05 15:17:09.394,19.0,25.0,42.4,46.7,False,2.8,78.0
2026,9,British Grand Prix,R,ALO,Aston Martin,46.0,2.0,HARD,26.0,124.776,41.194,51.414,32.168,196.0,226.0,,234.0,24,True,False,False,False,2026-07-05 15:18:48.771,19.0,25.0,42.4,46.7,False,2.8,78.0
2026,9,British Grand Prix,R,ALO,Aston Martin,47.0,3.0,SOFT,1.0,143.032,58.759,50.079,34.194,187.0,206.0,218.0,178.0,4,True,False,False,False,2026-07-05 15:20:53.547,18.0,25.0,43.8,48.3,False,0.4,146.0
2026,9,British Grand Prix,R,ALO,Aston Martin,48.0,3.0,SOFT,2.0,,39.031,70.404,48.418,150.0,111.0,77.0,134.0,4,True,False,False,False,2026-07-05 15:23:16.579,18.0,24.8,42.9,49.0,False,1.4,263.0
2026,9,British Grand Prix,R,ALO,Aston Martin,49.0,3.0,SOFT,3.0,102.668,37.177,39.349,26.142,274.0,259.0,245.0,296.0,4,True,False,False,False,2026-07-05 15:25:54.426,18.0,24.9,42.6,48.6,False,1.1,220.0
2026,9,British Grand Prix,R,ALO,Aston Martin,50.0,3.0,SOFT,4.0,95.827,30.331,39.352,26.144,280.0,256.0,244.0,295.0,4,True,True,False,False,2026-07-05 15:27:37.094,18.0,25.5,41.4,47.7,False,4.2,267.0
2026,9,British Grand Prix,R,ALO,Aston Martin,51.0,3.0,SOFT,5.0,117.679,30.975,53.227,33.477,255.0,182.0,240.0,257.0,4,True,False,False,False,2026-07-05 15:29:12.921,18.0,25.3,41.5,48.5,False,3.3,231.0
2026,9,British Grand Prix,R,LEC,Ferrari,1.0,1.0,MEDIUM,1.0,96.275,,38.001,25.919,294.0,256.0,245.0,298.0,12,True,False,False,False,2026-07-05 14:03:54.055,1.0,22.8,37.9,55.9,False,1.4,212.0
2026,9,British Grand Prix,R,LEC,Ferrari,2.0,1.0,MEDIUM,2.0,93.916,29.982,38.284,25.65,304.0,255.0,246.0,300.0,12,True,True,True,False,2026-07-05 14:05:30.566,1.0,22.9,37.8,56.6,False,0.5,345.0
2026,9,British Grand Prix,R,LEC,Ferrari,3.0,1.0,MEDIUM,3.0,93.995,29.923000000000002,38.167,25.905,305.0,253.0,245.0,297.0,1,True,False,True,False,2026-07-05 14:07:04.482,1.0,23.0,37.6,55.8,False,0.7,248.0
2026,9,British Grand Prix,R,LEC,Ferrari,4.0,1.0,MEDIUM,4.0,93.737,29.976,38.148,25.613,305.0,257.0,246.0,303.0,1,True,True,True,False,2026-07-05 14:08:38.477,1.0,23.2,39.2,54.5,False,0.9,123.0
2026,9,British Grand Prix,R,LEC,Ferrari,5.0,1.0,MEDIUM,5.0,94.32,30.039,38.356,25.925,307.0,254.0,245.0,299.0,1,True,False,True,False,2026-07-05 14:10:12.214,1.0,23.3,38.1,54.8,False,1.4,100.0
2026,9,British Grand Prix,R,LEC,Ferrari,6.0,1.0,MEDIUM,6.0,94.069,30.025,38.263,25.781,309.0,259.0,244.0,306.0,1,True,False,True,False,2026-07-05 14:11:46.534,1.0,23.1,37.8,55.9,False,1.8,220.0
2026,9,British Grand Prix,R,LEC,Ferrari,7.0,1.0,MEDIUM,7.0,94.66,30.072,38.547,26.041,310.0,254.0,245.0,297.0,1,True,False,True,False,2026-07-05 14:13:20.603,1.0,23.1,37.5,56.2,False,1.4,229.0
2026,9,British Grand Prix,R,LEC,Ferrari,8.0,1.0,MEDIUM,8.0,94.342,30.205,38.42,25.717,303.0,256.0,246.0,303.0,1,True,False,True,False,2026-07-05 14:14:55.263,1.0,23.1,38.7,55.8,False,1.1,294.0
2026,9,British Grand Prix,R,LEC,Ferrari,9.0,1.0,MEDIUM,9.0,94.452,30.06,38.435,25.957,303.0,254.0,244.0,299.0,1,True,False,True,False,2026-07-05 14:16:29.605,1.0,23.3,40.7,54.5,False,1.0,238.0
2026,9,British Grand Prix,R,LEC,Ferrari,10.0,1.0,MEDIUM,10.0,94.302,30.177,38.43,25.695,305.0,255.0,245.0,303.0,1,True,False,True,False,2026-07-05 14:18:04.057,1.0,23.3,41.1,54.1,False,1.9,264.0
2026,9,British Grand Prix,R,LEC,Ferrari,11.0,1.0,MEDIUM,11.0,94.614,30.13,38.578,25.906,305.0,254.0,245.0,302.0,1,True,False,True,False,2026-07-05 14:19:38.359,1.0,23.4,41.1,53.5,False,0.8,193.0
2026,9,British Grand Prix,R,LEC,Ferrari,12.0,1.0,MEDIUM,12.0,94.346,30.044,38.495,25.807,305.0,253.0,244.0,304.0,1,True,False,True,False,2026-07-05 14:21:12.973,1.0,23.4,41.1,53.5,False,0.8,193.0
2026,9,British Grand Prix,R,LEC,Ferrari,13.0,1.0,MEDIUM,13.0,94.46,30.108,38.423,25.929,306.0,255.0,245.0,303.0,1,True,False,True,False,2026-07-05 14:22:47.319,1.0,23.7,40.2,53.3,False,2.9,227.0
2026,9,British Grand Prix,R,LEC,Ferrari,14.0,1.0,MEDIUM,14.0,94.149,29.947,38.584,25.618,308.0,257.0,246.0,303.0,1,True,False,True,False,2026-07-05 14:24:21.779,1.0,23.8,40.0,52.8,False,2.6,248.0
2026,9,British Grand Prix,R,LEC,Ferrari,15.0,1.0,MEDIUM,15.0,93.964,29.844,38.312,25.808,306.0,258.0,246.0,303.0,1,True,False,True,False,2026-07-05 14:25:55.928,1.0,23.7,39.2,53.2,False,2.8,246.0
2026,9,British Grand Prix,R,LEC,Ferrari,16.0,1.0,MEDIUM,16.0,94.403,30.002,38.428,25.973,306.0,254.0,244.0,300.0,1,True,False,True,False,2026-07-05 14:27:29.892,1.0,23.6,39.2,53.2,False,2.8,246.0
2026,9,British Grand Prix,R,LEC,Ferrari,17.0,1.0,MEDIUM,17.0,94.238,29.9,38.45,25.888,307.0,254.0,245.0,302.0,1,True,False,True,False,2026-07-05 14:29:04.295,1.0,23.6,38.6,53.5,False,1.3,288.0
2026,9,British Grand Prix,R,LEC,Ferrari,18.0,1.0,MEDIUM,18.0,94.567,30.09,38.531,25.946,306.0,254.0,245.0,303.0,1,True,False,True,False,2026-07-05 14:30:38.533,1.0,23.4,37.6,54.3,False,3.1,267.0
2026,9,British Grand Prix,R,LEC,Ferrari,19.0,1.0,MEDIUM,19.0,94.66,30.024,38.884,25.752,310.0,256.0,248.0,311.0,1,True,False,True,False,2026-07-05 14:32:13.100,1.0,23.5,37.6,54.3,False,3.1,267.0
2026,9,British Grand Prix,R,LEC,Ferrari,20.0,1.0,MEDIUM,20.0,94.33,29.844,38.443,26.043,305.0,254.0,245.0,294.0,1,True,False,True,False,2026-07-05 14:33:47.760,1.0,23.7,38.9,53.4,False,1.3,295.0
2026,9,British Grand Prix,R,LEC,Ferrari,21.0,1.0,MEDIUM,21.0,94.291,30.073,38.34,25.878,305.0,255.0,246.0,300.0,1,True,False,True,False,2026-07-05 14:35:22.090,1.0,24.3,38.9,53.4,False,1.3,295.0
2026,9,British Grand Prix,R,LEC,Ferrari,22.0,1.0,MEDIUM,22.0,103.978,30.035,48.616,25.327,305.0,258.0,248.0,315.0,167,True,False,False,False,2026-07-05 14:36:56.381,1.0,24.0,39.3,52.5,False,1.3,248.0
2026,9,British Grand Prix,R,LEC,Ferrari,23.0,1.0,MEDIUM,23.0,94.457,29.879,38.471,26.107,310.0,257.0,245.0,304.0,1,True,False,True,False,2026-07-05 14:38:40.359,1.0,23.9,38.9,51.4,False,2.4,209.0
2026,9,British Grand Prix,R,LEC,Ferrari,24.0,1.0,MEDIUM,24.0,94.316,30.082,38.463,25.771,307.0,257.0,246.0,306.0,1,True,False,True,False,2026-07-05 14:40:14.816,1.0,23.8,40.7,53.9,False,1.3,223.0
2026,9,British Grand Prix,R,LEC,Ferrari,25.0,1.0,MEDIUM,25.0,94.043,29.977,38.641,25.425,311.0,257.0,,310.0,1,True,False,False,False,2026-07-05 14:41:49.132,1.0,23.9,40.6,52.8,False,2.7,241.0
2026,9,British Grand Prix,R,LEC,Ferrari,26.0,2.0,HARD,1.0,113.087,50.075,37.395,25.617,292.0,260.0,255.0,300.0,1,True,False,False,False,2026-07-05 14:43:23.175,2.0,24.3,40.6,52.8,False,2.7,241.0
2026,9,British Grand Prix,R,LEC,Ferrari,27.0,2.0,HARD,2.0,92.951,28.981,37.864,26.106,306.0,251.0,250.0,289.0,1,True,True,True,False,2026-07-05 14:45:16.262,2.0,24.6,40.6,52.8,False,2.7,241.0
2026,9,British Grand Prix,R,LEC,Ferrari,28.0,2.0,HARD,3.0,93.427,29.534,37.783,26.11,304.0,257.0,247.0,296.0,1,True,False,True,False,2026-07-05 14:46:49.213,2.0,24.4,41.5,51.0,False,0.9,244.0
2026,9,British Grand Prix,R,LEC,Ferrari,29.0,2.0,HARD,4.0,93.007,29.642,37.753,25.612,307.0,262.0,248.0,305.0,1,True,False,True,False,2026-07-05 14:48:22.640,2.0,24.4,41.5,49.7,False,0.7,167.0
2026,9,British Grand Prix,R,LEC,Ferrari,30.0,2.0,HARD,5.0,93.26,29.649,37.811,25.8,300.0,263.0,248.0,309.0,1,True,False,True,False,2026-07-05 14:49:55.647,2.0,24.5,41.2,49.9,False,1.1,12.0
2026,9,British Grand Prix,R,LEC,Ferrari,31.0,2.0,HARD,6.0,93.347,29.842,37.89,25.615,294.0,258.0,248.0,303.0,1,True,False,True,False,2026-07-05 14:51:28.907,2.0,24.8,41.9,50.8,False,3.3,205.0
2026,9,British Grand Prix,R,LEC,Ferrari,32.0,2.0,HARD,7.0,93.072,29.694,37.749,25.629,293.0,259.0,249.0,301.0,1,True,False,True,False,2026-07-05 14:53:02.254,2.0,24.9,40.4,49.0,False,1.0,286.0
2026,9,British Grand Prix,R,LEC,Ferrari,33.0,2.0,HARD,8.0,93.392,29.816,37.856,25.72,293.0,258.0,248.0,299.0,1,True,False,True,False,2026-07-05 14:54:35.326,2.0,24.4,39.3,49.5,False,1.2,171.0
2026,9,British Grand Prix,R,LEC,Ferrari,34.0,2.0,HARD,9.0,93.247,29.674,37.767,25.806,297.0,259.0,248.0,303.0,1,True,False,True,False,2026-07-05 14:56:08.718,2.0,24.3,39.3,49.5,False,1.2,171.0
2026,9,British Grand Prix,R,LEC,Ferrari,35.0,2.0,HARD,10.0,93.335,29.78,37.873,25.682,305.0,259.0,248.0,306.0,1,True,False,True,False,2026-07-05 14:57:41.965,2.0,24.3,41.1,51.2,False,1.6,167.0
2026,9,British Grand Prix,R,LEC,Ferrari,36.0,2.0,HARD,11.0,93.448,29.919,37.905,25.624,309.0,259.0,248.0,307.0,1,True,False,True,False,2026-07-05 14:59:15.300,1.0,24.5,40.6,52.3,False,1.3,185.0
2026,9,British Grand Prix,R,LEC,Ferrari,37.0,2.0,HARD,12.0,93.449,29.784,38.02,25.645,315.0,257.0,248.0,305.0,1,True,False,True,False,2026-07-05 15:00:48.748,1.0,24.6,42.2,50.7,False,1.4,273.0
2026,9,British Grand Prix,R,LEC,Ferrari,38.0,2.0,HARD,13.0,93.309,29.805,37.812,25.692,308.0,257.0,248.0,301.0,12,True,False,True,False,2026-07-05 15:02:22.197,1.0,24.4,42.3,50.0,False,2.2,265.0
2026,9,British Grand Prix,R,LEC,Ferrari,39.0,2.0,HARD,14.0,116.733,38.158,53.025,25.55,206.0,247.0,251.0,309.0,2671,True,False,False,False,2026-07-05 15:03:55.506,1.0,24.6,42.3,50.2,False,1.5,296.0
2026,9,British Grand Prix,R,LEC,Ferrari,40.0,2.0,HARD,15.0,93.101,29.466,37.972,25.663,310.0,258.0,247.0,301.0,1,True,False,True,False,2026-07-05 15:05:52.239,1.0,24.5,42.6,49.9,False,2.3,217.0
2026,9,British Grand Prix,R,LEC,Ferrari,41.0,2.0,HARD,16.0,92.893,29.746,37.879,25.268,311.0,261.0,251.0,307.0,1,True,True,True,False,2026-07-05 15:07:25.340,1.0,24.5,42.3,49.9,False,2.8,250.0
2026,9,British Grand Prix,R,LEC,Ferrari,42.0,2.0,HARD,17.0,93.422,29.64,38.109,25.673000000000002,309.0,259.0,248.0,302.0,1,True,False,True,False,2026-07-05 15:08:58.233,1.0,24.5,42.3,49.9,False,2.8,250.0
2026,9,British Grand Prix,R,LEC,Ferrari,43.0,2.0,HARD,18.0,92.871,29.579,37.836,25.456,312.0,262.0,249.0,307.0,1,True,True,True,False,2026-07-05 15:10:31.655,1.0,25.0,42.4,47.9,False,1.4,137.0
2026,9,British Grand Prix,R,LEC,Ferrari,44.0,2.0,HARD,19.0,93.09,29.493,37.877,25.72,311.0,258.0,248.0,303.0,1,True,False,True,False,2026-07-05 15:12:04.526,1.0,25.0,41.5,46.7,False,0.9,77.0
2026,9,British Grand Prix,R,LEC,Ferrari,45.0,2.0,HARD,20.0,92.89,29.728,37.637,25.525,312.0,262.0,246.0,309.0,1,True,False,True,False,2026-07-05 15:13:37.616,1.0,25.2,42.4,46.7,False,2.8,78.0
2026,9,British Grand Prix,R,LEC,Ferrari,46.0,2.0,HARD,21.0,93.385,29.525,37.89,25.97,313.0,259.0,245.0,306.0,1,True,False,True,False,2026-07-05 15:15:10.506,1.0,25.2,42.4,46.7,False,2.8,78.0
2026,9,British Grand Prix,R,LEC,Ferrari,47.0,2.0,HARD,22.0,93.275,29.686,37.931,25.658,312.0,262.0,246.0,309.0,1,True,False,True,False,2026-07-05 15:16:43.891,1.0,25.0,42.4,46.7,False,2.8,78.0
2026,9,British Grand Prix,R,LEC,Ferrari,48.0,2.0,HARD,23.0,114.61,29.721,52.26,32.629,319.0,229.0,,173.0,124,True,False,False,False,2026-07-05 15:18:17.166,1.0,24.9,42.4,46.7,False,2.8,78.0
2026,9,British Grand Prix,R,LEC,Ferrari,49.0,3.0,SOFT,4.0,,57.603,61.873,48.979,281.0,92.0,114.0,134.0,4,False,False,False,False,2026-07-05 15:20:11.776,1.0,25.0,43.7,48.3,False,1.1,249.0
2026,9,British Grand Prix,R,LEC,Ferrari,50.0,3.0,SOFT,5.0,,51.263,70.103,47.22,119.0,90.0,103.0,142.0,4,False,False,False,False,2026-07-05 15:23:00.295,1.0,24.8,42.9,49.0,False,1.4,263.0
2026,9,British Grand Prix,R,LEC,Ferrari,51.0,3.0,SOFT,6.0,,60.981,67.803,44.254,137.0,95.0,155.0,150.0,4,False,False,False,False,2026-07-05 15:25:48.896,1.0,24.9,42.6,48.6,False,1.1,220.0
2026,9,British Grand Prix,R,LEC,Ferrari,52.0,3.0,SOFT,7.0,143.771,46.273,60.351,37.147,154.0,141.0,193.0,210.0,4,False,False,False,False,2026-07-05 15:28:41.911,1.0,25.3,41.5,48.5,False,3.3,231.0
2026,9,British Grand Prix,R,STR,Aston Martin,1.0,1.0,MEDIUM,1.0,108.01,,42.968,27.328,300.0,251.0,236.0,309.0,12,True,False,False,False,2026-07-05 14:03:54.055,19.0,22.8,37.9,55.9,False,1.4,212.0
2026,9,British Grand Prix,R,STR,Aston Martin,2.0,1.0,MEDIUM,2.0,99.889,31.497,40.854,27.538,290.0,253.0,237.0,307.0,12,True,True,True,False,2026-07-05 14:05:42.301,18.0,22.9,37.8,56.6,False,0.5,345.0
2026,9,British Grand Prix,R,STR,Aston Martin,3.0,1.0,MEDIUM,3.0,98.764,30.949,40.805,27.01,295.0,250.0,236.0,302.0,1,True,True,True,False,2026-07-05 14:07:22.190,18.0,23.0,37.6,55.8,False,0.7,248.0
2026,9,British Grand Prix,R,STR,Aston Martin,4.0,1.0,MEDIUM,4.0,99.417,31.212,41.226,26.979,270.0,249.0,238.0,297.0,1,True,False,True,False,2026-07-05 14:09:00.954,19.0,23.2,39.2,54.5,False,0.9,123.0
2026,9,British Grand Prix,R,STR,Aston Martin,5.0,1.0,MEDIUM,5.0,98.909,31.288,40.653,26.968,282.0,250.0,238.0,293.0,1,True,False,True,False,2026-07-05 14:10:40.371,19.0,23.2,37.6,55.3,False,1.5,171.0
2026,9,British Grand Prix,R,STR,Aston Martin,6.0,1.0,MEDIUM,6.0,99.129,31.362,40.654,27.113,283.0,249.0,238.0,291.0,1,True,False,True,False,2026-07-05 14:12:19.280,19.0,23.1,37.8,55.9,False,1.8,220.0
2026,9,British Grand Prix,R,STR,Aston Martin,7.0,1.0,MEDIUM,7.0,98.907,31.252,40.618,27.037,279.0,249.0,237.0,289.0,1,True,False,True,False,2026-07-05 14:13:58.409,19.0,23.4,38.2,56.2,False,1.6,233.0
2026,9,British Grand Prix,R,STR,Aston Martin,8.0,1.0,MEDIUM,8.0,99.493,31.601,40.648,27.244,275.0,248.0,234.0,291.0,1,True,False,True,False,2026-07-05 14:15:37.316,19.0,23.2,40.2,54.2,False,1.6,181.0
2026,9,British Grand Prix,R,STR,Aston Martin,9.0,1.0,MEDIUM,9.0,99.331,31.448,40.739,27.144,275.0,247.0,234.0,291.0,1,True,False,True,False,2026-07-05 14:17:16.809,19.0,23.3,40.7,54.5,False,1.0,238.0
2026,9,British Grand Prix,R,STR,Aston Martin,10.0,1.0,MEDIUM,10.0,99.256,31.385,40.727,27.144,278.0,249.0,236.0,292.0,1,True,False,True,False,2026-07-05 14:18:56.140,19.0,23.4,41.1,53.5,False,0.8,193.0
2026,9,British Grand Prix,R,STR,Aston Martin,11.0,1.0,MEDIUM,11.0,99.195,31.415,40.641,27.139,275.0,247.0,237.0,293.0,1,True,False,True,False,2026-07-05 14:20:35.396,19.0,23.4,41.1,53.5,False,0.8,193.0
2026,9,British Grand Prix,R,STR,Aston Martin,12.0,1.0,MEDIUM,12.0,98.983,31.248,40.697,27.038,285.0,248.0,238.0,303.0,1,True,False,True,False,2026-07-05 14:22:14.591,19.0,23.4,41.1,53.5,False,0.8,193.0
2026,9,British Grand Prix,R,STR,Aston Martin,13.0,1.0,MEDIUM,13.0,99.005,31.35,40.844,26.811,277.0,250.0,235.0,302.0,1,True,False,True,False,2026-07-05 14:23:53.574,19.0,23.8,40.0,52.8,False,2.6,248.0
2026,9,British Grand Prix,R,STR,Aston Martin,14.0,1.0,MEDIUM,14.0,99.034,31.54,40.706,26.788,273.0,250.0,235.0,301.0,1,True,False,True,False,2026-07-05 14:25:32.579,19.0,23.7,39.2,53.2,False,2.8,246.0
2026,9,British Grand Prix,R,STR,Aston Martin,15.0,1.0,MEDIUM,15.0,99.617,31.442,41.269,26.906,276.0,250.0,235.0,307.0,1,True,False,True,False,2026-07-05 14:27:11.613,20.0,23.5,39.2,53.2,False,2.8,246.0
2026,9,British Grand Prix,R,STR,Aston Martin,16.0,1.0,MEDIUM,16.0,99.129,31.412,40.827,26.89,279.0,248.0,236.0,296.0,1,True,False,True,False,2026-07-05 14:28:51.230,20.0,23.6,38.6,53.5,False,1.3,288.0
2026,9,British Grand Prix,R,STR,Aston Martin,17.0,1.0,MEDIUM,17.0,99.335,31.495,40.932,26.908,276.0,247.0,237.0,301.0,1,True,False,True,False,2026-07-05 14:30:30.359,20.0,23.4,37.6,54.3,False,3.1,267.0
2026,9,British Grand Prix,R,STR,Aston Martin,18.0,1.0,MEDIUM,18.0,98.555,31.403,40.671,26.481,276.0,249.0,,292.0,1,True,False,False,False,2026-07-05 14:32:09.694,20.0,23.5,37.6,54.3,False,3.1,267.0
2026,9,British Grand Prix,R,STR,Aston Martin,19.0,2.0,HARD,1.0,117.914,50.974,40.206,26.734,281.0,253.0,237.0,292.0,1,True,False,False,False,2026-07-05 14:33:48.249,21.0,23.7,38.9,53.4,False,1.3,295.0
2026,9,British Grand Prix,R,STR,Aston Martin,20.0,2.0,HARD,2.0,98.266,31.314,40.179,26.773,278.0,252.0,239.0,292.0,1,True,True,True,False,2026-07-05 14:35:46.163,21.0,23.9,38.9,53.4,False,1.3,295.0
2026,9,British Grand Prix,R,STR,Aston Martin,21.0,2.0,HARD,3.0,108.393,38.43,43.447,26.516,225.0,253.0,235.0,304.0,167,True,False,False,False,2026-07-05 14:37:24.429,20.0,23.8,38.9,51.4,False,2.4,209.0
2026,9,British Grand Prix,R,STR,Aston Martin,22.0,2.0,HARD,4.0,99.207,32.238,40.256,26.713,281.0,253.0,240.0,296.0,1,True,False,True,False,2026-07-05 14:39:12.822,21.0,23.9,38.9,51.4,False,2.4,209.0
2026,9,British Grand Prix,R,STR,Aston Martin,23.0,2.0,HARD,5.0,98.142,31.137,40.21,26.795,280.0,252.0,237.0,296.0,1,True,True,True,False,2026-07-05 14:40:52.029,21.0,24.0,40.6,54.4,False,2.2,230.0
2026,9,British Grand Prix,R,STR,Aston Martin,24.0,2.0,HARD,6.0,101.329,32.934,40.401,27.994,287.0,252.0,237.0,263.0,1,True,False,True,False,2026-07-05 14:42:30.171,21.0,24.3,40.6,52.8,False,2.7,241.0
2026,9,British Grand Prix,R,STR,Aston Martin,25.0,2.0,HARD,7.0,99.245,31.009,41.607,26.629,231.0,256.0,239.0,309.0,1,True,False,True,False,2026-07-05 14:44:11.500,21.0,24.0,40.6,52.8,False,2.7,241.0
2026,9,British Grand Prix,R,STR,Aston Martin,26.0,2.0,HARD,8.0,97.697,30.892,40.028,26.777,281.0,254.0,239.0,295.0,1,True,True,True,False,2026-07-05 14:45:50.745,21.0,24.6,41.5,51.0,False,0.9,244.0
2026,9,British Grand Prix,R,STR,Aston Martin,27.0,2.0,HARD,9.0,98.034,30.991,40.168,26.875,282.0,253.0,239.0,296.0,1,True,False,True,False,2026-07-05 14:47:28.442,21.0,24.4,41.5,49.7,False,0.7,167.0
2026,9,British Grand Prix,R,STR,Aston Martin,28.0,2.0,HARD,10.0,97.9,31.139,40.085,26.676,279.0,253.0,240.0,293.0,1,True,False,True,False,2026-07-05 14:49:06.476,21.0,24.1,41.5,49.7,False,0.7,167.0
2026,9,British Grand Prix,R,STR,Aston Martin,29.0,2.0,HARD,11.0,98.909,31.148,39.859,27.902,278.0,254.0,238.0,293.0,1,True,False,True,False,2026-07-05 14:50:44.376,21.0,24.5,42.1,50.2,False,1.5,323.0
2026,9,British Grand Prix,R,STR,Aston Martin,30.0,2.0,HARD,12.0,98.796,31.758,40.247,26.791,291.0,253.0,238.0,302.0,1,True,False,True,False,2026-07-05 14:52:23.285,21.0,24.8,41.9,50.8,False,3.3,205.0
2026,9,British Grand Prix,R,STR,Aston Martin,31.0,2.0,HARD,13.0,98.108,31.146,40.148,26.814,276.0,250.0,239.0,293.0,1,True,False,True,False,2026-07-05 14:54:02.081,21.0,24.4,39.4,50.3,False,1.6,206.0
2026,9,British Grand Prix,R,STR,Aston Martin,32.0,2.0,HARD,14.0,97.735,31.041,39.984,26.71,281.0,251.0,240.0,292.0,1,True,False,True,False,2026-07-05 14:55:40.189,21.0,24.3,39.3,49.5,False,1.2,171.0
2026,9,British Grand Prix,R,STR,Aston Martin,33.0,2.0,HARD,15.0,98.557,30.962,40.085,27.51,279.0,251.0,239.0,274.0,1,True,False,True,False,2026-07-05 14:57:17.924,21.0,24.3,41.1,51.2,False,1.6,167.0
2026,9,British Grand Prix,R,STR,Aston Martin,34.0,2.0,HARD,16.0,98.884,30.968,40.136,27.78,288.0,254.0,240.0,247.0,1,True,False,True,False,2026-07-05 14:58:56.481,21.0,24.5,40.6,52.3,False,1.3,185.0
2026,9,British Grand Prix,R,STR,Aston Martin,35.0,2.0,HARD,17.0,97.272,30.909,39.84,26.523,288.0,253.0,241.0,302.0,1,True,True,True,False,2026-07-05 15:00:35.365,21.0,24.6,42.2,50.7,False,1.4,273.0
2026,9,British Grand Prix,R,STR,Aston Martin,36.0,2.0,HARD,18.0,97.796,31.002,40.019,26.775,281.0,253.0,239.0,293.0,12,True,False,True,False,2026-07-05 15:02:12.637,21.0,24.4,42.3,50.0,False,2.2,265.0
2026,9,British Grand Prix,R,STR,Aston Martin,37.0,2.0,HARD,19.0,119.566,38.929,53.86,26.777,187.0,247.0,242.0,290.0,2671,True,False,False,False,2026-07-05 15:03:50.433,20.0,24.6,42.3,50.2,False,1.5,296.0
2026,9,British Grand Prix,R,STR,Aston Martin,38.0,2.0,HARD,20.0,97.286,30.433,40.247,26.606,290.0,248.0,242.0,301.0,1,True,True,True,False,2026-07-05 15:05:49.999,20.0,24.5,42.6,49.9,False,2.3,217.0
2026,9,British Grand Prix,R,STR,Aston Martin,39.0,2.0,HARD,21.0,98.264,31.183,40.327,26.754,229.0,253.0,239.0,295.0,1,True,False,True,False,2026-07-05 15:07:27.285,20.0,24.5,42.3,49.9,False,2.8,250.0
2026,9,British Grand Prix,R,STR,Aston Martin,40.0,2.0,HARD,22.0,97.36,30.866,39.904,26.59,283.0,253.0,241.0,296.0,1,True,False,True,False,2026-07-05 15:09:05.549,20.0,24.5,42.3,49.9,False,2.8,250.0
2026,9,British Grand Prix,R,STR,Aston Martin,41.0,2.0,HARD,23.0,97.232,30.663,39.895,26.674,285.0,254.0,240.0,294.0,1,True,True,True,False,2026-07-05 15:10:42.909,20.0,25.0,42.4,47.9,False,1.4,137.0
2026,9,British Grand Prix,R,STR,Aston Martin,42.0,2.0,HARD,24.0,100.212,30.78,40.861,28.571,283.0,252.0,234.0,309.0,1,True,False,True,False,2026-07-05 15:12:20.141,20.0,25.0,41.5,46.7,False,0.9,77.0
2026,9,British Grand Prix,R,STR,Aston Martin,43.0,2.0,HARD,25.0,97.51,30.835,40.09,26.585,288.0,254.0,243.0,302.0,1,True,False,True,False,2026-07-05 15:14:00.353,20.0,25.2,42.4,46.7,False,2.8,78.0
2026,9,British Grand Prix,R,STR,Aston Martin,44.0,2.0,HARD,26.0,97.703,31.03,39.965,26.708,289.0,251.0,240.0,297.0,1,True,False,True,False,2026-07-05 15:15:37.863,20.0,25.2,42.4,46.7,False,2.8,78.0
2026,9,British Grand Prix,R,STR,Aston Martin,45.0,2.0,HARD,27.0,101.932,31.249,39.976,30.707,290.0,257.0,104.0,284.0,124,True,False,False,False,2026-07-05 15:17:15.566,20.0,25.0,42.4,46.7,False,2.8,78.0
2026,9,British Grand Prix,R,STR,Aston Martin,46.0,2.0,HARD,28.0,123.014,41.084,49.635,32.295,244.0,231.0,,207.0,4,True,False,False,False,2026-07-05 15:18:57.498,20.0,25.0,42.4,46.7,False,2.8,78.0
2026,9,British Grand Prix,R,STR,Aston Martin,47.0,3.0,SOFT,1.0,,73.862,52.343,34.23,197.0,234.0,227.0,160.0,4,True,False,False,False,2026-07-05 15:21:00.512,19.0,25.0,43.8,48.3,False,0.4,146.0
2026,9,British Grand Prix,R,STR,Aston Martin,48.0,3.0,SOFT,2.0,136.94,32.283,56.39,48.267,262.0,117.0,102.0,153.0,4,True,False,False,False,2026-07-05 15:23:40.992,19.0,25.0,42.9,48.6,False,3.7,251.0
2026,9,British Grand Prix,R,STR,Aston Martin,49.0,3.0,SOFT,3.0,110.413,44.345,39.935,26.133,261.0,257.0,244.0,297.0,4,True,False,False,False,2026-07-05 15:25:57.932,19.0,24.9,42.6,48.6,False,1.1,220.0
2026,9,British Grand Prix,R,STR,Aston Martin,50.0,3.0,SOFT,4.0,98.245,32.393,39.749,26.103,247.0,258.0,245.0,293.0,4,True,False,False,False,2026-07-05 15:27:48.345,19.0,25.5,41.4,47.7,False,4.2,267.0
2026,9,British Grand Prix,R,STR,Aston Martin,51.0,3.0,SOFT,5.0,105.831,30.425,43.367,32.039,281.0,204.0,237.0,232.0,4,True,False,False,False,2026-07-05 15:29:26.590,19.0,25.3,40.8,48.4,False,1.2,267.0
2026,9,British Grand Prix,R,ALB,Williams,1.0,1.0,MEDIUM,1.0,142.352,,65.963,39.205,308.0,147.0,,166.0,12,True,False,False,False,2026-07-05 14:03:54.055,22.0,22.8,37.9,55.9,False,1.4,212.0
2026,9,British Grand Prix,R,ALB,Williams,2.0,2.0,HARD,1.0,133.382,66.877,39.698,26.807,289.0,250.0,242.0,294.0,12,True,False,False,False,2026-07-05 14:06:16.643,22.0,22.9,37.8,56.6,False,0.5,345.0
2026,9,British Grand Prix,R,ALB,Williams,3.0,2.0,HARD,2.0,95.816,30.272,39.016,26.528,292.0,251.0,243.0,293.0,1,True,True,True,False,2026-07-05 14:08:30.025,22.0,23.2,39.2,54.5,False,0.9,123.0
2026,9,British Grand Prix,R,ALB,Williams,4.0,2.0,HARD,3.0,96.46,30.481,39.356,26.623,288.0,252.0,245.0,294.0,1,True,False,True,False,2026-07-05 14:10:05.841,22.0,23.3,38.1,54.8,False,1.4,100.0
2026,9,British Grand Prix,R,ALB,Williams,5.0,2.0,HARD,4.0,96.299,30.311,39.303,26.685,290.0,253.0,240.0,294.0,1,True,False,True,False,2026-07-05 14:11:42.301,22.0,23.1,37.8,55.9,False,1.8,220.0
2026,9,British Grand Prix,R,ALB,Williams,6.0,2.0,HARD,5.0,98.07,30.375,39.389,28.306,293.0,250.0,238.0,232.0,1,True,False,True,False,2026-07-05 14:13:18.600,22.0,23.1,37.5,56.2,False,1.4,229.0
2026,9,British Grand Prix,R,ALB,Williams,7.0,2.0,HARD,6.0,105.128,32.977,42.426,29.725,293.0,243.0,235.0,210.0,1,True,False,True,False,2026-07-05 14:14:56.670,22.0,23.1,38.7,55.8,False,1.1,294.0
2026,9,British Grand Prix,R,ALB,Williams,8.0,2.0,HARD,7.0,97.882,31.137,39.853,26.892,285.0,250.0,241.0,297.0,1,True,False,True,False,2026-07-05 14:16:41.798,22.0,23.3,40.7,54.5,False,1.0,238.0
2026,9,British Grand Prix,R,ALB,Williams,9.0,2.0,HARD,8.0,97.185,30.711,39.686,26.788,286.0,250.0,239.0,296.0,1,True,False,True,False,2026-07-05 14:18:19.680,22.0,23.3,41.1,54.1,False,1.9,264.0
2026,9,British Grand Prix,R,ALB,Williams,10.0,2.0,HARD,9.0,97.124,30.512,39.659,26.953,291.0,248.0,240.0,294.0,1,True,False,True,False,2026-07-05 14:19:56.865,22.0,23.4,41.1,53.5,False,0.8,193.0
2026,9,British Grand Prix,R,ALB,Williams,11.0,2.0,HARD,10.0,97.148,30.595,39.691,26.862,294.0,250.0,241.0,294.0,1,True,False,True,False,2026-07-05 14:21:33.989,22.0,23.4,41.1,53.5,False,0.8,193.0
2026,9,British Grand Prix,R,ALB,Williams,12.0,2.0,HARD,11.0,100.539,32.756,40.798,26.985,222.0,250.0,239.0,297.0,1,True,False,True,False,2026-07-05 14:23:11.137,22.0,23.7,40.2,53.3,False,2.9,227.0
2026,9,British Grand Prix,R,ALB,Williams,13.0,2.0,HARD,12.0,99.328,31.528,40.765,27.035,192.0,249.0,238.0,301.0,1,True,False,True,False,2026-07-05 14:24:51.676,22.0,23.8,39.2,53.2,False,2.8,246.0
2026,9,British Grand Prix,R,ALB,Williams,14.0,2.0,HARD,13.0,96.301,30.712,39.667,25.922,289.0,252.0,,300.0,1,True,False,False,False,2026-07-05 14:26:31.004,22.0,23.5,39.2,53.2,False,2.8,246.0
2026,9,British Grand Prix,R,ALB,Williams,15.0,3.0,MEDIUM,8.0,130.478,64.134,39.637,26.707,289.0,251.0,244.0,294.0,1,False,False,False,False,2026-07-05 14:28:07.305,22.0,23.6,39.2,53.2,False,2.8,246.0
2026,9,British Grand Prix,R,ALB,Williams,16.0,3.0,MEDIUM,9.0,96.453,30.324,39.451,26.678,290.0,252.0,242.0,294.0,1,False,False,True,False,2026-07-05 14:30:17.783,22.0,23.5,37.6,54.3,False,3.1,267.0
2026,9,British Grand Prix,R,ALB,Williams,17.0,3.0,MEDIUM,10.0,96.659,30.373,39.544,26.742,292.0,250.0,244.0,294.0,1,False,False,True,False,2026-07-05 14:31:54.236,22.0,23.5,37.6,54.3,False,3.1,267.0
2026,9,British Grand Prix,R,ALB,Williams,18.0,3.0,MEDIUM,11.0,96.373,30.304,39.403,26.666,295.0,253.0,243.0,297.0,1,False,False,True,False,2026-07-05 14:33:30.895,22.0,23.7,38.9,53.4,False,1.3,295.0
2026,9,British Grand Prix,R,ALB,Williams,19.0,3.0,MEDIUM,12.0,96.387,30.341,39.316,26.73,293.0,254.0,241.0,297.0,1,False,False,True,False,2026-07-05 14:35:07.268,22.0,24.3,38.9,53.4,False,1.3,295.0
2026,9,British Grand Prix,R,ALB,Williams,20.0,3.0,MEDIUM,13.0,109.164,31.037,51.257,26.87,190.0,254.0,242.0,293.0,167,False,False,False,False,2026-07-05 14:36:43.655,22.0,24.0,39.3,52.5,False,1.3,248.0
2026,9,British Grand Prix,R,ALB,Williams,21.0,3.0,MEDIUM,14.0,96.902,30.898,39.248,26.756,288.0,251.0,241.0,296.0,1,False,False,True,False,2026-07-05 14:38:32.819,22.0,23.9,38.9,51.4,False,2.4,209.0
2026,9,British Grand Prix,R,ALB,Williams,22.0,3.0,MEDIUM,15.0,96.85,30.613,39.526,26.711,292.0,251.0,240.0,303.0,1,False,False,True,False,2026-07-05 14:40:09.721,22.0,23.8,40.7,53.9,False,1.3,223.0
2026,9,British Grand Prix,R,ALB,Williams,23.0,3.0,MEDIUM,16.0,95.696,30.478,39.397,25.821,305.0,252.0,,294.0,1,False,False,False,False,2026-07-05 14:41:46.571,22.0,23.9,40.6,52.8,False,2.7,241.0
2026,9,British Grand Prix,R,ALB,Williams,24.0,4.0,SOFT,3.0,131.274,65.834,39.225,26.215,297.0,257.0,247.0,300.0,1,False,False,False,False,2026-07-05 14:43:22.267,22.0,24.3,40.6,52.8,False,2.7,241.0
2026,9,British Grand Prix,R,ALB,Williams,25.0,4.0,SOFT,4.0,94.897,29.82,38.803,26.274,296.0,255.0,246.0,296.0,1,False,True,True,False,2026-07-05 14:45:33.541,22.0,24.6,41.5,51.0,False,0.9,244.0
2026,9,British Grand Prix,R,ALB,Williams,26.0,4.0,SOFT,5.0,95.09,29.881,38.901,26.308,294.0,257.0,245.0,300.0,1,False,False,True,False,2026-07-05 14:47:08.438,22.0,24.4,41.5,51.0,False,0.9,244.0
2026,9,British Grand Prix,R,ALB,Williams,27.0,4.0,SOFT,6.0,95.574,30.121,38.92,26.533,295.0,255.0,244.0,295.0,1,False,False,True,False,2026-07-05 14:48:43.528,22.0,24.1,41.5,49.7,False,0.7,167.0
2026,9,British Grand Prix,R,ALB,Williams,28.0,4.0,SOFT,7.0,95.493,30.166,38.857,26.47,295.0,255.0,246.0,295.0,1,False,False,True,False,2026-07-05 14:50:19.102,22.0,24.5,41.2,49.9,False,1.1,12.0
2026,9,British Grand Prix,R,ALB,Williams,29.0,4.0,SOFT,8.0,95.253,30.09,38.845,26.318,293.0,253.0,246.0,295.0,1,False,False,True,False,2026-07-05 14:51:54.595,22.0,24.8,41.9,50.8,False,3.3,205.0
2026,9,British Grand Prix,R,ALB,Williams,30.0,4.0,SOFT,9.0,97.374,30.543,40.392,26.439,195.0,252.0,246.0,297.0,1,False,False,True,False,2026-07-05 14:53:29.848,22.0,24.4,39.4,50.3,False,1.6,206.0
2026,9,British Grand Prix,R,ALB,Williams,31.0,4.0,SOFT,10.0,97.85,30.09,41.02,26.74,297.0,249.0,242.0,296.0,1,False,False,True,False,2026-07-05 14:55:07.222,22.0,24.4,39.3,49.5,False,1.2,171.0
2026,9,British Grand Prix,R,ALB,Williams,32.0,4.0,SOFT,11.0,95.828,30.299,39.009,26.52,293.0,254.0,243.0,298.0,1,False,False,True,False,2026-07-05 14:56:45.072,22.0,24.3,41.1,51.2,False,1.6,167.0
2026,9,British Grand Prix,R,ALB,Williams,33.0,4.0,SOFT,12.0,95.737,30.334,39.025,26.378,293.0,256.0,243.0,305.0,1,False,False,True,False,2026-07-05 14:58:20.900,22.0,24.3,41.1,51.2,False,1.6,167.0
2026,9,British Grand Prix,R,ALB,Williams,34.0,4.0,SOFT,13.0,95.537,30.183,38.947,26.407,294.0,254.0,244.0,299.0,1,False,False,True,False,2026-07-05 14:59:56.637,22.0,24.4,40.6,52.3,False,1.3,185.0
2026,9,British Grand Prix,R,ALB,Williams,35.0,4.0,SOFT,14.0,94.973,30.176,38.945,25.852,293.0,254.0,,299.0,1,False,False,False,False,2026-07-05 15:01:32.174,22.0,24.4,42.3,50.0,False,2.2,265.0
2026,9,British Grand Prix,R,ALB,Williams,36.0,5.0,SOFT,4.0,141.237,54.512,56.136,30.589,302.0,209.0,244.0,235.0,1267,False,False,False,False,2026-07-05 15:03:07.147,22.0,24.6,42.3,50.0,False,2.2,265.0
2026,9,British Grand Prix,R,ALB,Williams,37.0,5.0,SOFT,5.0,98.129,30.316,39.418,28.395,288.0,241.0,249.0,283.0,71,False,False,False,False,2026-07-05 15:05:28.384,21.0,24.5,42.6,49.9,False,2.3,217.0
2026,9,British Grand Prix,R,ALB,Williams,38.0,5.0,SOFT,6.0,94.169,29.924,38.317,25.928,287.0,258.0,250.0,297.0,1,False,True,True,False,2026-07-05 15:07:06.513,21.0,24.5,41.3,50.1,False,2.3,287.0
2026,9,British Grand Prix,R,ALB,Williams,39.0,5.0,SOFT,7.0,94.562,29.798000000000002,38.585,26.179,291.0,255.0,248.0,296.0,1,False,False,True,False,2026-07-05 15:08:40.682,21.0,24.5,42.3,49.9,False,2.8,250.0
2026,9,British Grand Prix,R,ALB,Williams,40.0,5.0,SOFT,8.0,94.492,29.757,38.499,26.236,295.0,257.0,,297.0,1,False,False,False,False,2026-07-05 15:10:15.244,21.0,24.8,42.3,49.8,False,0.8,180.0
2026,9,British Grand Prix,R,ALB,Williams,41.0,6.0,SOFT,4.0,119.819,54.713,38.905,26.201,300.0,256.0,251.0,295.0,1,False,False,False,False,2026-07-05 15:11:49.736,21.0,25.0,41.5,46.7,False,0.9,77.0
2026,9,British Grand Prix,R,ALB,Williams,42.0,6.0,SOFT,5.0,93.867,29.658,38.296,25.913,297.0,257.0,252.0,295.0,1,False,True,True,False,2026-07-05 15:13:49.555,21.0,25.2,42.4,46.7,False,2.8,78.0
2026,9,British Grand Prix,R,ALB,Williams,43.0,6.0,SOFT,6.0,98.689,29.677,38.545,30.467,294.0,255.0,,260.0,1,False,False,False,False,2026-07-05 15:15:23.422,21.0,25.2,42.4,46.7,False,2.8,78.0
2026,9,British Grand Prix,R,HUL,Audi,1.0,1.0,MEDIUM,1.0,105.779,,41.393,27.77,314.0,256.0,236.0,316.0,12,True,False,False,False,2026-07-05 14:03:54.055,15.0,22.8,37.9,55.9,False,1.4,212.0
2026,9,British Grand Prix,R,HUL,Audi,2.0,1.0,MEDIUM,2.0,104.639,31.313,46.849,26.477,295.0,254.0,238.0,320.0,12,True,True,True,False,2026-07-05 14:05:40.070,19.0,22.9,37.8,56.6,False,0.5,345.0
2026,9,British Grand Prix,R,HUL,Audi,3.0,1.0,MEDIUM,3.0,96.803,30.737,39.602,26.464,288.0,252.0,242.0,300.0,1,True,True,True,False,2026-07-05 14:07:24.709,19.0,23.1,38.5,54.9,False,1.0,158.0
2026,9,British Grand Prix,R,HUL,Audi,4.0,1.0,MEDIUM,4.0,96.654,30.623,39.466,26.565,294.0,254.0,242.0,299.0,1,True,True,True,False,2026-07-05 14:09:01.512,18.0,23.2,39.2,54.5,False,0.9,123.0
2026,9,British Grand Prix,R,HUL,Audi,5.0,1.0,MEDIUM,5.0,96.676,30.575,39.602,26.499,291.0,253.0,243.0,300.0,1,True,False,True,False,2026-07-05 14:10:38.166,18.0,23.2,37.6,55.3,False,1.5,171.0
2026,9,British Grand Prix,R,HUL,Audi,6.0,1.0,MEDIUM,6.0,96.766,30.696,39.531,26.539,297.0,255.0,240.0,302.0,1,True,False,True,False,2026-07-05 14:12:14.842,18.0,23.1,37.8,55.9,False,1.8,220.0
2026,9,British Grand Prix,R,HUL,Audi,7.0,1.0,MEDIUM,7.0,96.294,30.593,39.49,26.211,298.0,258.0,240.0,334.0,1,True,True,True,False,2026-07-05 14:13:51.608,17.0,23.4,38.2,56.2,False,1.6,233.0
2026,9,British Grand Prix,R,HUL,Audi,8.0,1.0,MEDIUM,8.0,97.217,30.718,39.757,26.742,290.0,251.0,241.0,300.0,1,True,False,True,False,2026-07-05 14:15:27.902,17.0,23.2,40.2,54.2,False,1.6,181.0
2026,9,British Grand Prix,R,HUL,Audi,9.0,1.0,MEDIUM,9.0,96.884,30.641,39.637,26.606,291.0,253.0,242.0,308.0,1,True,False,True,False,2026-07-05 14:17:05.119,17.0,23.3,40.7,54.5,False,1.0,238.0
2026,9,British Grand Prix,R,HUL,Audi,10.0,1.0,MEDIUM,10.0,96.607,30.082,39.942,26.583,316.0,253.0,243.0,299.0,1,True,False,True,False,2026-07-05 14:18:42.003,16.0,23.4,41.1,53.5,False,0.8,193.0
2026,9,British Grand Prix,R,HUL,Audi,11.0,1.0,MEDIUM,11.0,96.774,30.637,39.533,26.604,290.0,254.0,242.0,303.0,1,True,False,True,False,2026-07-05 14:20:18.610,16.0,23.4,41.1,53.5,False,0.8,193.0
2026,9,British Grand Prix,R,HUL,Audi,12.0,1.0,MEDIUM,12.0,96.055,30.221,39.285,26.549,302.0,252.0,244.0,295.0,1,True,True,True,False,2026-07-05 14:21:55.384,15.0,23.4,41.1,53.5,False,0.8,193.0
2026,9,British Grand Prix,R,HUL,Audi,13.0,1.0,MEDIUM,13.0,96.758,30.71,39.698,26.35,287.0,253.0,243.0,297.0,1,True,False,True,False,2026-07-05 14:23:31.439,15.0,23.8,40.0,52.8,False,2.6,248.0
2026,9,British Grand Prix,R,HUL,Audi,14.0,1.0,MEDIUM,14.0,96.095,30.361,39.242,26.492,290.0,253.0,244.0,298.0,1,True,False,True,False,2026-07-05 14:25:08.197,15.0,23.8,39.2,53.2,False,2.8,246.0
2026,9,British Grand Prix,R,HUL,Audi,15.0,1.0,MEDIUM,15.0,95.853,30.263,39.29,26.3,294.0,254.0,243.0,300.0,1,True,True,True,False,2026-07-05 14:26:44.292,15.0,23.5,39.2,53.2,False,2.8,246.0
2026,9,British Grand Prix,R,HUL,Audi,16.0,1.0,MEDIUM,16.0,95.962,30.185,39.503,26.274,296.0,255.0,242.0,302.0,1,True,False,True,False,2026-07-05 14:28:20.145,15.0,23.6,39.2,53.2,False,2.8,246.0
2026,9,British Grand Prix,R,HUL,Audi,17.0,1.0,MEDIUM,17.0,95.32,30.073,39.841,25.406,299.0,258.0,,325.0,1,True,False,False,False,2026-07-05 14:29:56.107,14.0,23.5,37.6,54.3,False,3.1,267.0
2026,9,British Grand Prix,R,HUL,Audi,18.0,2.0,HARD,1.0,117.052,51.017,39.42,26.615,282.0,252.0,241.0,289.0,1,True,False,False,False,2026-07-05 14:31:31.427,18.0,23.5,37.6,54.3,False,3.1,267.0
2026,9,British Grand Prix,R,HUL,Audi,19.0,2.0,HARD,2.0,95.979,30.427,39.27,26.282,288.0,257.0,246.0,297.0,1,True,False,True,False,2026-07-05 14:33:28.479,18.0,23.7,38.9,53.4,False,1.3,295.0
2026,9,British Grand Prix,R,HUL,Audi,20.0,2.0,HARD,3.0,95.386,30.234,39.195,25.957,292.0,258.0,245.0,310.0,1,True,True,True,False,2026-07-05 14:35:04.458,17.0,24.3,38.9,53.4,False,1.3,295.0
2026,9,British Grand Prix,R,HUL,Audi,21.0,2.0,HARD,4.0,105.144,30.239,45.646,29.259,293.0,216.0,247.0,270.0,167,True,False,False,False,2026-07-05 14:36:39.844,17.0,24.0,39.3,52.5,False,1.3,248.0
2026,9,British Grand Prix,R,HUL,Audi,22.0,2.0,HARD,5.0,95.115,30.256,38.782,26.077,291.0,257.0,245.0,300.0,1,True,True,True,False,2026-07-05 14:38:24.988,15.0,23.9,38.9,51.4,False,2.4,209.0
2026,9,British Grand Prix,R,HUL,Audi,23.0,2.0,HARD,6.0,95.077,30.176,38.672,26.229,293.0,255.0,246.0,299.0,1,True,True,True,False,2026-07-05 14:40:00.103,15.0,23.8,40.7,53.9,False,1.3,223.0
2026,9,British Grand Prix,R,HUL,Audi,24.0,2.0,HARD,7.0,96.02,30.171,39.14,26.709,296.0,254.0,246.0,318.0,1,True,False,True,False,2026-07-05 14:41:35.180,15.0,23.9,40.6,52.8,False,2.7,241.0
2026,9,British Grand Prix,R,HUL,Audi,25.0,2.0,HARD,8.0,95.04,30.251,38.92,25.869,296.0,261.0,246.0,339.0,1,True,True,True,False,2026-07-05 14:43:11.200,14.0,24.3,40.6,52.8,False,2.7,241.0
2026,9,British Grand Prix,R,HUL,Audi,26.0,2.0,HARD,9.0,95.073,30.138,38.749,26.186,289.0,259.0,244.0,311.0,1,True,False,True,False,2026-07-05 14:44:46.240,14.0,24.6,40.6,52.8,False,2.7,241.0
2026,9,British Grand Prix,R,HUL,Audi,27.0,2.0,HARD,10.0,95.019,30.229,38.684,26.106,296.0,259.0,245.0,306.0,1,True,True,True,False,2026-07-05 14:46:21.313,13.0,24.6,41.5,51.0,False,0.9,244.0
2026,9,British Grand Prix,R,HUL,Audi,28.0,2.0,HARD,11.0,94.584,29.991,38.496,26.097,293.0,260.0,247.0,306.0,1,True,True,True,False,2026-07-05 14:47:56.332,13.0,24.4,41.5,49.7,False,0.7,167.0
2026,9,British Grand Prix,R,HUL,Audi,29.0,2.0,HARD,12.0,94.554,29.953,38.227,26.374,295.0,261.0,245.0,330.0,1,True,True,True,False,2026-07-05 14:49:30.916,13.0,24.5,41.2,49.9,False,1.1,12.0
2026,9,British Grand Prix,R,HUL,Audi,30.0,2.0,HARD,13.0,94.758,30.259,38.439,26.06,286.0,258.0,245.0,304.0,1,True,False,True,False,2026-07-05 14:51:05.470,13.0,24.5,42.1,50.2,False,1.5,323.0
2026,9,British Grand Prix,R,HUL,Audi,31.0,2.0,HARD,14.0,94.783,30.142,38.52,26.121,287.0,257.0,248.0,303.0,1,True,False,True,False,2026-07-05 14:52:40.228,13.0,24.9,40.4,49.0,False,1.0,286.0
2026,9,British Grand Prix,R,HUL,Audi,32.0,2.0,HARD,15.0,95.08,30.181,38.801,26.098,291.0,256.0,247.0,304.0,1,True,False,True,False,2026-07-05 14:54:15.011,13.0,24.4,39.4,50.3,False,1.6,206.0
2026,9,British Grand Prix,R,HUL,Audi,33.0,2.0,HARD,16.0,94.947,30.059,38.735,26.153,297.0,255.0,246.0,302.0,1,True,False,True,False,2026-07-05 14:55:50.091,13.0,24.3,39.3,49.5,False,1.2,171.0
2026,9,British Grand Prix,R,HUL,Audi,34.0,2.0,HARD,17.0,95.7,29.975,38.606,27.119,296.0,257.0,,305.0,1,True,False,False,False,2026-07-05 14:57:25.038,13.0,24.3,41.1,51.2,False,1.6,167.0
2026,9,British Grand Prix,R,HUL,Audi,35.0,3.0,SOFT,1.0,119.552,55.529,38.26,25.763,286.0,257.0,248.0,296.0,1,True,False,False,False,2026-07-05 14:59:00.738,15.0,24.5,40.6,52.3,False,1.3,185.0
2026,9,British Grand Prix,R,HUL,Audi,36.0,3.0,SOFT,2.0,93.433,29.75,38.09,25.593,290.0,261.0,253.0,300.0,1,True,True,True,False,2026-07-05 15:01:00.290,15.0,24.6,42.2,50.7,False,1.4,273.0
2026,9,British Grand Prix,R,HUL,Audi,37.0,3.0,SOFT,3.0,,,,,,,,,12,True,False,False,False,,,,,,False,,
2026,9,British Grand Prix,R,VER,Red Bull Racing,1.0,1.0,MEDIUM,1.0,99.3,,38.936,25.905,302.0,256.0,247.0,313.0,12,True,False,False,False,2026-07-05 14:03:54.055,6.0,22.8,37.9,55.9,False,1.4,212.0
2026,9,British Grand Prix,R,VER,Red Bull Racing,2.0,1.0,MEDIUM,2.0,94.919,30.134,38.98,25.805,310.0,261.0,249.0,330.0,12,True,True,True,False,2026-07-05 14:05:33.591,6.0,22.9,37.8,56.6,False,0.5,345.0
2026,9,British Grand Prix,R,VER,Red Bull Racing,3.0,1.0,MEDIUM,3.0,95.127,30.125,38.998,26.004,296.0,256.0,247.0,305.0,1,True,False,True,False,2026-07-05 14:07:08.510,5.0,23.0,37.6,55.8,False,0.7,248.0
2026,9,British Grand Prix,R,VER,Red Bull Racing,4.0,1.0,MEDIUM,4.0,94.726,30.031,38.74,25.955,305.0,257.0,245.0,304.0,1,True,True,True,False,2026-07-05 14:08:43.637,5.0,23.2,39.2,54.5,False,0.9,123.0
2026,9,British Grand Prix,R,VER,Red Bull Racing,5.0,1.0,MEDIUM,5.0,94.801,30.236,38.494,26.071,305.0,256.0,247.0,304.0,1,True,False,True,False,2026-07-05 14:10:18.363,5.0,23.3,38.1,54.8,False,1.4,100.0
2026,9,British Grand Prix,R,VER,Red Bull Racing,6.0,1.0,MEDIUM,6.0,94.588,30.106,38.55,25.932,306.0,258.0,246.0,305.0,1,True,True,True,False,2026-07-05 14:11:53.164,5.0,23.1,37.8,55.9,False,1.8,220.0
2026,9,British Grand Prix,R,VER,Red Bull Racing,7.0,1.0,MEDIUM,7.0,94.514,30.198,38.327,25.989,305.0,256.0,247.0,304.0,1,True,True,True,False,2026-07-05 14:13:27.752,5.0,23.4,38.2,56.2,False,1.6,233.0
2026,9,British Grand Prix,R,VER,Red Bull Racing,8.0,1.0,MEDIUM,8.0,94.675,30.308,38.518,25.849,302.0,257.0,248.0,303.0,1,True,False,True,False,2026-07-05 14:15:02.266,5.0,23.1,38.7,55.8,False,1.1,294.0
2026,9,British Grand Prix,R,VER,Red Bull Racing,9.0,1.0,MEDIUM,9.0,94.948,30.369,38.613,25.966,303.0,256.0,246.0,306.0,1,True,False,True,False,2026-07-05 14:16:36.941,5.0,23.3,40.7,54.5,False,1.0,238.0
2026,9,British Grand Prix,R,VER,Red Bull Racing,10.0,1.0,MEDIUM,10.0,95.103,30.352,38.816,25.935,300.0,254.0,246.0,306.0,1,True,False,True,False,2026-07-05 14:18:11.889,5.0,23.3,41.1,54.1,False,1.9,264.0
2026,9,British Grand Prix,R,VER,Red Bull Racing,11.0,1.0,MEDIUM,11.0,94.835,30.034,38.659,26.142,305.0,257.0,244.0,309.0,1,True,False,True,False,2026-07-05 14:19:46.992,5.0,23.4,41.1,53.5,False,0.8,193.0
2026,9,British Grand Prix,R,VER,Red Bull Racing,12.0,1.0,MEDIUM,12.0,94.909,30.148,38.687,26.074,302.0,256.0,246.0,308.0,1,True,False,True,False,2026-07-05 14:21:21.827,5.0,23.4,41.1,53.5,False,0.8,193.0
2026,9,British Grand Prix,R,VER,Red Bull Racing,13.0,1.0,MEDIUM,13.0,94.979,30.235,38.877,25.867,305.0,256.0,246.0,307.0,1,True,False,True,False,2026-07-05 14:22:56.736,5.0,23.7,40.2,53.3,False,2.9,227.0
2026,9,British Grand Prix,R,VER,Red Bull Racing,14.0,1.0,MEDIUM,14.0,94.55,29.915,38.689,25.946,313.0,258.0,247.0,312.0,1,True,False,True,False,2026-07-05 14:24:31.715,5.0,23.8,39.2,53.2,False,2.8,246.0
2026,9,British Grand Prix,R,VER,Red Bull Racing,15.0,1.0,MEDIUM,15.0,94.57,29.765,38.956,25.849,316.0,258.0,249.0,313.0,1,True,False,True,False,2026-07-05 14:26:06.265,5.0,23.7,39.2,53.2,False,2.8,246.0
2026,9,British Grand Prix,R,VER,Red Bull Racing,16.0,1.0,MEDIUM,16.0,94.758,29.885,38.922,25.951,315.0,257.0,247.0,314.0,1,True,False,True,False,2026-07-05 14:27:40.835,5.0,23.6,39.2,53.2,False,2.8,246.0
2026,9,British Grand Prix,R,VER,Red Bull Racing,17.0,1.0,MEDIUM,17.0,94.07,29.751,38.766,25.553,319.0,255.0,,300.0,1,True,False,False,False,2026-07-05 14:29:15.593,4.0,23.6,38.6,53.5,False,1.3,288.0
2026,9,British Grand Prix,R,VER,Red Bull Racing,18.0,2.0,HARD,1.0,113.805,50.24,38.071,25.494,301.0,259.0,251.0,300.0,1,True,False,False,False,2026-07-05 14:30:49.663,7.0,23.4,37.6,54.3,False,3.1,267.0
2026,9,British Grand Prix,R,VER,Red Bull Racing,19.0,2.0,HARD,2.0,93.562,29.887,38.042,25.633,295.0,259.0,249.0,297.0,1,True,True,True,False,2026-07-05 14:32:43.468,7.0,23.7,38.9,53.4,False,1.3,295.0
2026,9,British Grand Prix,R,VER,Red Bull Racing,20.0,2.0,HARD,3.0,93.619,29.967,38.074,25.578,299.0,259.0,248.0,302.0,1,True,False,True,False,2026-07-05 14:34:17.030,6.0,23.7,38.9,53.4,False,1.3,295.0
2026,9,British Grand Prix,R,VER,Red Bull Racing,21.0,2.0,HARD,4.0,94.135,30.027,38.198,25.91,301.0,257.0,248.0,306.0,1,True,False,True,False,2026-07-05 14:35:50.649,6.0,23.9,38.9,53.4,False,1.3,295.0
2026,9,British Grand Prix,R,VER,Red Bull Racing,22.0,2.0,HARD,5.0,104.865,37.344,41.587,25.934,218.0,252.0,248.0,290.0,167,True,False,False,False,2026-07-05 14:37:24.784,6.0,23.8,38.9,51.4,False,2.4,209.0
2026,9,British Grand Prix,R,VER,Red Bull Racing,23.0,2.0,HARD,6.0,94.258,30.15,38.229,25.879,296.0,257.0,249.0,298.0,1,True,False,True,False,2026-07-05 14:39:09.649,6.0,23.9,38.9,51.4,False,2.4,209.0
2026,9,British Grand Prix,R,VER,Red Bull Racing,24.0,2.0,HARD,7.0,94.135,30.08,38.354,25.701,297.0,257.0,249.0,299.0,1,True,False,True,False,2026-07-05 14:40:43.907,4.0,24.0,40.6,54.4,False,2.2,230.0
2026,9,British Grand Prix,R,VER,Red Bull Racing,25.0,2.0,HARD,8.0,93.964,29.945,38.202,25.817,300.0,258.0,247.0,302.0,1,True,False,True,False,2026-07-05 14:42:18.042,4.0,23.9,40.6,52.8,False,2.7,241.0
2026,9,British Grand Prix,R,VER,Red Bull Racing,26.0,2.0,HARD,9.0,94.028,29.964,38.304,25.76,302.0,259.0,248.0,303.0,1,True,False,True,False,2026-07-05 14:43:52.006,4.0,24.0,40.6,52.8,False,2.7,241.0
2026,9,British Grand Prix,R,VER,Red Bull Racing,27.0,2.0,HARD,10.0,94.143,29.961,38.384,25.798000000000002,301.0,260.0,249.0,303.0,1,True,False,True,False,2026-07-05 14:45:26.034,4.0,24.6,41.5,51.0,False,0.9,244.0
2026,9,British Grand Prix,R,VER,Red Bull Racing,28.0,2.0,HARD,11.0,93.823,29.88,38.188,25.755,303.0,260.0,249.0,304.0,1,True,False,True,False,2026-07-05 14:47:00.177,4.0,24.4,41.5,51.0,False,0.9,244.0
2026,9,British Grand Prix,R,VER,Red Bull Racing,29.0,2.0,HARD,12.0,94.05,30.028,38.288,25.734,300.0,259.0,250.0,301.0,1,True,False,True,False,2026-07-05 14:48:34.000,3.0,24.1,41.5,49.7,False,0.7,167.0
2026,9,British Grand Prix,R,VER,Red Bull Racing,30.0,2.0,HARD,13.0,93.973,29.947,38.243,25.783,300.0,258.0,248.0,302.0,1,True,False,True,False,2026-07-05 14:50:08.050,3.0,24.5,41.2,49.9,False,1.1,12.0
2026,9,British Grand Prix,R,VER,Red Bull Racing,31.0,2.0,HARD,14.0,93.958,30.012,38.234,25.712,302.0,256.0,248.0,304.0,1,True,False,True,False,2026-07-05 14:51:42.023,3.0,24.8,41.9,50.8,False,3.3,205.0
2026,9,British Grand Prix,R,VER,Red Bull Racing,32.0,2.0,HARD,15.0,94.209,30.069,38.292,25.848,297.0,257.0,249.0,301.0,1,True,False,True,False,2026-07-05 14:53:15.981,3.0,24.9,40.4,49.0,False,1.0,286.0
2026,9,British Grand Prix,R,VER,Red Bull Racing,33.0,2.0,HARD,16.0,94.313,30.129,38.235,25.949,300.0,257.0,248.0,318.0,1,True,False,True,False,2026-07-05 14:54:50.190,3.0,24.4,39.3,49.5,False,1.2,171.0
2026,9,British Grand Prix,R,VER,Red Bull Racing,34.0,2.0,HARD,17.0,94.444,29.949,38.361,26.134,300.0,258.0,248.0,302.0,1,True,False,True,False,2026-07-05 14:56:24.503,4.0,24.3,41.1,51.2,False,1.6,167.0
2026,9,British Grand Prix,R,VER,Red Bull Racing,35.0,2.0,HARD,18.0,93.739,29.95,38.133,25.656,302.0,260.0,250.0,308.0,1,True,False,True,False,2026-07-05 14:57:58.947,3.0,24.3,41.1,51.2,False,1.6,167.0
2026,9,British Grand Prix,R,VER,Red Bull Racing,36.0,2.0,HARD,19.0,93.951,30.024,38.193,25.734,300.0,257.0,250.0,304.0,1,True,False,True,False,2026-07-05 14:59:32.686,3.0,24.4,40.6,52.3,False,1.3,185.0
2026,9,British Grand Prix,R,VER,Red Bull Racing,37.0,2.0,HARD,20.0,94.272,29.89,37.978,26.404,304.0,257.0,244.0,305.0,1,True,False,True,False,2026-07-05 15:01:06.637,3.0,24.6,42.2,50.7,False,1.4,273.0
2026,9,British Grand Prix,R,VER,Red Bull Racing,38.0,2.0,HARD,21.0,94.716,30.204,38.973,25.539,301.0,259.0,,311.0,126,True,False,False,False,2026-07-05 15:02:40.909,3.0,24.6,42.3,50.0,False,2.2,265.0
2026,9,British Grand Prix,R,VER,Red Bull Racing,39.0,3.0,MEDIUM,1.0,126.998,60.24,41.794,24.964,191.0,266.0,257.0,311.0,671,True,False,False,False,2026-07-05 15:04:15.625,4.0,24.6,42.3,50.2,False,1.5,296.0
2026,9,British Grand Prix,R,VER,Red Bull Racing,40.0,3.0,MEDIUM,2.0,92.101,29.326,37.412,25.363,293.0,262.0,251.0,300.0,1,True,True,True,False,2026-07-05 15:06:22.623,4.0,24.5,42.6,49.9,False,2.3,217.0
2026,9,British Grand Prix,R,VER,Red Bull Racing,41.0,3.0,MEDIUM,3.0,92.935,29.884,37.761,25.29,299.0,263.0,253.0,303.0,1,True,False,True,False,2026-07-05 15:07:54.724,4.0,24.5,42.3,49.9,False,2.8,250.0
2026,9,British Grand Prix,R,VER,Red Bull Racing,42.0,3.0,MEDIUM,4.0,92.544,29.555,37.651,25.338,306.0,263.0,251.0,311.0,1,True,False,True,False,2026-07-05 15:09:27.659,3.0,24.8,42.3,49.8,False,0.8,180.0
2026,9,British Grand Prix,R,VER,Red Bull Racing,43.0,3.0,MEDIUM,5.0,92.621,29.426,37.844,25.351,313.0,263.0,250.0,312.0,1,True,False,True,False,2026-07-05 15:11:00.203,3.0,25.0,42.4,47.9,False,1.4,137.0
2026,9,British Grand Prix,R,VER,Red Bull Racing,44.0,3.0,MEDIUM,6.0,92.39,29.651,37.447,25.292,306.0,264.0,254.0,306.0,1,True,False,True,False,2026-07-05 15:12:32.824,3.0,25.3,41.5,46.7,False,0.9,77.0
2026,9,British Grand Prix,R,VER,Red Bull Racing,45.0,3.0,MEDIUM,7.0,92.873,29.641,37.651,25.581,303.0,264.0,249.0,313.0,1,True,False,True,False,2026-07-05 15:14:05.214,3.0,25.2,42.4,46.7,False,2.8,78.0
2026,9,British Grand Prix,R,VER,Red Bull Racing,46.0,3.0,MEDIUM,8.0,92.907,29.624,37.896,25.387,296.0,262.0,252.0,307.0,1,True,False,True,False,2026-07-05 15:15:38.087,3.0,25.2,42.4,46.7,False,2.8,78.0
2026,9,British Grand Prix,R,VER,Red Bull Racing,47.0,3.0,MEDIUM,9.0,,,,,,,,,1,True,False,False,False,,,,,,False,,
2026,9,British Grand Prix,R,LAW,Racing Bulls,1.0,1.0,MEDIUM,1.0,101.28,,39.931,26.268,309.0,256.0,241.0,317.0,12,True,False,False,False,2026-07-05 14:03:54.055,8.0,22.8,37.9,55.9,False,1.4,212.0
2026,9,British Grand Prix,R,LAW,Racing Bulls,2.0,1.0,MEDIUM,2.0,96.083,30.707,39.2,26.176,296.0,255.0,249.0,303.0,12,True,True,True,False,2026-07-05 14:05:35.571,8.0,22.9,37.8,56.6,False,0.5,345.0
2026,9,British Grand Prix,R,LAW,Racing Bulls,3.0,1.0,MEDIUM,3.0,96.255,30.311,39.518,26.426,292.0,254.0,248.0,299.0,1,True,False,True,False,2026-07-05 14:07:11.654,8.0,23.0,37.6,55.8,False,0.7,248.0
2026,9,British Grand Prix,R,LAW,Racing Bulls,4.0,1.0,MEDIUM,4.0,95.707,30.252,39.206,26.249,294.0,255.0,251.0,297.0,1,True,True,True,False,2026-07-05 14:08:47.909,8.0,23.2,39.2,54.5,False,0.9,123.0
2026,9,British Grand Prix,R,LAW,Racing Bulls,5.0,1.0,MEDIUM,5.0,95.639,30.103,39.218,26.318,293.0,255.0,249.0,297.0,1,True,True,True,False,2026-07-05 14:10:23.616,8.0,23.3,38.1,54.8,False,1.4,100.0
2026,9,British Grand Prix,R,LAW,Racing Bulls,6.0,1.0,MEDIUM,6.0,95.737,30.205,39.252,26.28,295.0,257.0,250.0,298.0,1,True,False,True,False,2026-07-05 14:11:59.255,8.0,23.1,37.8,55.9,False,1.8,220.0
2026,9,British Grand Prix,R,LAW,Racing Bulls,7.0,1.0,MEDIUM,7.0,96.097,30.426,39.311,26.36,291.0,254.0,249.0,294.0,1,True,False,True,False,2026-07-05 14:13:34.992,8.0,23.4,38.2,56.2,False,1.6,233.0
2026,9,British Grand Prix,R,LAW,Racing Bulls,8.0,1.0,MEDIUM,8.0,95.971,30.422,39.272,26.277,288.0,255.0,249.0,297.0,1,True,False,True,False,2026-07-05 14:15:11.089,8.0,23.1,38.7,55.8,False,1.1,294.0
2026,9,British Grand Prix,R,LAW,Racing Bulls,9.0,1.0,MEDIUM,9.0,96.326,30.537,39.414,26.375,293.0,255.0,247.0,298.0,1,True,False,True,False,2026-07-05 14:16:47.060,8.0,23.3,40.7,54.5,False,1.0,238.0
2026,9,British Grand Prix,R,LAW,Racing Bulls,10.0,1.0,MEDIUM,10.0,96.255,30.479,39.461,26.315,291.0,255.0,246.0,298.0,1,True,False,True,False,2026-07-05 14:18:23.386,8.0,23.3,41.1,54.1,False,1.9,264.0
2026,9,British Grand Prix,R,LAW,Racing Bulls,11.0,1.0,MEDIUM,11.0,96.158,30.332,39.498,26.328,290.0,255.0,248.0,299.0,1,True,False,True,False,2026-07-05 14:19:59.641,8.0,23.4,41.1,53.5,False,0.8,193.0
2026,9,British Grand Prix,R,LAW,Racing Bulls,12.0,1.0,MEDIUM,12.0,96.401,30.359,39.615,26.427,292.0,255.0,248.0,303.0,1,True,False,True,False,2026-07-05 14:21:35.799,8.0,23.4,41.1,53.5,False,0.8,193.0
2026,9,British Grand Prix,R,LAW,Racing Bulls,13.0,1.0,MEDIUM,13.0,95.831,30.344,39.29,26.197,290.0,256.0,250.0,297.0,1,True,False,True,False,2026-07-05 14:23:12.200,8.0,23.7,40.2,53.3,False,2.9,227.0
2026,9,British Grand Prix,R,LAW,Racing Bulls,14.0,1.0,MEDIUM,14.0,95.903,30.15,39.416,26.337,291.0,254.0,247.0,296.0,1,True,False,True,False,2026-07-05 14:24:48.031,8.0,23.8,39.2,53.2,False,2.8,246.0
2026,9,British Grand Prix,R,LAW,Racing Bulls,15.0,1.0,MEDIUM,15.0,95.66,30.184,39.276,26.2,291.0,255.0,250.0,297.0,1,True,False,True,False,2026-07-05 14:26:23.934,8.0,23.7,39.2,53.2,False,2.8,246.0
2026,9,British Grand Prix,R,LAW,Racing Bulls,16.0,1.0,MEDIUM,16.0,95.721,30.187,39.271,26.263,291.0,255.0,250.0,295.0,1,True,False,True,False,2026-07-05 14:27:59.594,8.0,23.6,39.2,53.2,False,2.8,246.0
2026,9,British Grand Prix,R,LAW,Racing Bulls,17.0,1.0,MEDIUM,17.0,95.603,30.11,39.318,26.175,291.0,255.0,249.0,293.0,1,True,True,True,False,2026-07-05 14:29:35.315,8.0,23.5,37.6,54.3,False,3.1,267.0
2026,9,British Grand Prix,R,LAW,Racing Bulls,18.0,1.0,MEDIUM,18.0,95.81,30.228,39.273,26.309,294.0,255.0,248.0,297.0,1,True,False,True,False,2026-07-05 14:31:10.918,8.0,23.4,37.6,54.3,False,3.1,267.0
2026,9,British Grand Prix,R,LAW,Racing Bulls,19.0,1.0,MEDIUM,19.0,95.688,30.174,39.239,26.275,291.0,256.0,249.0,296.0,1,True,False,True,False,2026-07-05 14:32:46.728,8.0,23.7,38.9,53.4,False,1.3,295.0
2026,9,British Grand Prix,R,LAW,Racing Bulls,20.0,1.0,MEDIUM,20.0,95.635,30.085,39.257,26.293,293.0,256.0,249.0,298.0,1,True,False,True,False,2026-07-05 14:34:22.416,7.0,23.7,38.9,53.4,False,1.3,295.0
2026,9,British Grand Prix,R,LAW,Racing Bulls,21.0,1.0,MEDIUM,21.0,95.607,30.167,39.223,26.217,292.0,256.0,247.0,298.0,1,True,False,True,False,2026-07-05 14:35:58.051,7.0,23.9,38.9,53.4,False,1.3,295.0
2026,9,British Grand Prix,R,LAW,Racing Bulls,22.0,1.0,MEDIUM,22.0,105.658,39.755,39.753,26.15,205.0,258.0,247.0,299.0,167,True,False,False,False,2026-07-05 14:37:33.658,7.0,23.8,38.9,51.4,False,2.4,209.0
2026,9,British Grand Prix,R,LAW,Racing Bulls,23.0,1.0,MEDIUM,23.0,96.051,30.289,39.322,26.44,292.0,257.0,246.0,296.0,1,True,False,True,False,2026-07-05 14:39:19.316,7.0,23.9,38.9,51.4,False,2.4,209.0
2026,9,British Grand Prix,R,LAW,Racing Bulls,24.0,1.0,MEDIUM,24.0,95.788,30.278,39.283,26.227,294.0,257.0,245.0,300.0,1,True,False,True,False,2026-07-05 14:40:55.367,7.0,24.0,40.6,54.4,False,2.2,230.0
2026,9,British Grand Prix,R,LAW,Racing Bulls,25.0,1.0,MEDIUM,25.0,96.438,30.311,39.217,26.91,297.0,258.0,243.0,306.0,1,True,False,True,False,2026-07-05 14:42:31.155,8.0,24.3,40.6,52.8,False,2.7,241.0
2026,9,British Grand Prix,R,LAW,Racing Bulls,26.0,1.0,MEDIUM,26.0,95.447,30.036,39.291,26.12,305.0,260.0,249.0,307.0,1,True,True,True,False,2026-07-05 14:44:07.593,8.0,24.0,40.6,52.8,False,2.7,241.0
2026,9,British Grand Prix,R,LAW,Racing Bulls,27.0,1.0,MEDIUM,27.0,95.183,29.923000000000002,39.14,26.12,297.0,259.0,247.0,303.0,1,True,True,True,False,2026-07-05 14:45:43.040,8.0,24.6,41.5,51.0,False,0.9,244.0
2026,9,British Grand Prix,R,LAW,Racing Bulls,28.0,1.0,MEDIUM,28.0,94.425,29.834,38.954,25.637,302.0,259.0,,303.0,1,True,False,False,False,2026-07-05 14:47:18.223,8.0,24.4,41.5,51.0,False,0.9,244.0
2026,9,British Grand Prix,R,LAW,Racing Bulls,29.0,2.0,HARD,1.0,115.256,50.626,38.859,25.771,312.0,260.0,251.0,300.0,1,True,False,False,False,2026-07-05 14:48:52.648,8.0,24.1,41.5,49.7,False,0.7,167.0
2026,9,British Grand Prix,R,LAW,Racing Bulls,30.0,2.0,HARD,2.0,94.445,29.921,38.611,25.913,292.0,261.0,253.0,306.0,1,True,True,True,False,2026-07-05 14:50:47.904,8.0,24.5,42.1,50.2,False,1.5,323.0
2026,9,British Grand Prix,R,LAW,Racing Bulls,31.0,2.0,HARD,3.0,94.099,29.815,38.523,25.761,291.0,259.0,253.0,303.0,1,True,True,True,False,2026-07-05 14:52:22.349,8.0,24.8,41.9,50.8,False,3.3,205.0
2026,9,British Grand Prix,R,LAW,Racing Bulls,32.0,2.0,HARD,4.0,93.938,29.856,38.43,25.652,292.0,260.0,254.0,305.0,1,True,True,True,False,2026-07-05 14:53:56.448,8.0,24.4,39.4,50.3,False,1.6,206.0
2026,9,British Grand Prix,R,LAW,Racing Bulls,33.0,2.0,HARD,5.0,93.857,29.851,38.295,25.711,291.0,259.0,254.0,300.0,1,True,True,True,False,2026-07-05 14:55:30.386,8.0,24.3,39.3,49.5,False,1.2,171.0
2026,9,British Grand Prix,R,LAW,Racing Bulls,34.0,2.0,HARD,6.0,93.867,29.793,38.346,25.728,291.0,262.0,252.0,301.0,1,True,False,True,False,2026-07-05 14:57:04.243,8.0,24.3,41.1,51.2,False,1.6,167.0
2026,9,British Grand Prix,R,LAW,Racing Bulls,35.0,2.0,HARD,7.0,94.178,29.81,38.486,25.882,292.0,259.0,251.0,300.0,1,True,False,True,False,2026-07-05 14:58:38.110,8.0,24.5,40.6,52.3,False,1.3,185.0
2026,9,British Grand Prix,R,LAW,Racing Bulls,36.0,2.0,HARD,8.0,94.238,29.914,38.557,25.767,292.0,260.0,252.0,301.0,1,True,False,True,False,2026-07-05 15:00:12.288,8.0,24.4,40.6,52.3,False,1.3,185.0
2026,9,British Grand Prix,R,LAW,Racing Bulls,37.0,2.0,HARD,9.0,93.943,29.769,38.479,25.695,293.0,260.0,251.0,300.0,1,True,False,True,False,2026-07-05 15:01:46.526,8.0,24.4,42.3,50.0,False,2.2,265.0
2026,9,British Grand Prix,R,LAW,Racing Bulls,38.0,2.0,HARD,10.0,111.89,29.834,52.422,29.634,293.0,221.0,220.0,253.0,126,True,False,False,False,2026-07-05 15:03:20.469,8.0,24.6,42.3,50.0,False,2.2,265.0
2026,9,British Grand Prix,R,LAW,Racing Bulls,39.0,2.0,HARD,11.0,98.314,34.328,38.389,25.597,304.0,263.0,252.0,308.0,671,True,False,False,False,2026-07-05 15:05:12.359,8.0,24.5,41.7,50.4,False,1.6,262.0
2026,9,British Grand Prix,R,LAW,Racing Bulls,40.0,2.0,HARD,12.0,93.912,29.748,38.381,25.783,292.0,261.0,252.0,298.0,1,True,False,True,False,2026-07-05 15:06:50.673,8.0,24.5,41.3,50.1,False,2.3,287.0
2026,9,British Grand Prix,R,LAW,Racing Bulls,41.0,2.0,HARD,13.0,94.246,29.984,38.512,25.75,294.0,261.0,253.0,300.0,1,True,False,True,False,2026-07-05 15:08:24.585,8.0,24.5,42.3,49.9,False,2.8,250.0
2026,9,British Grand Prix,R,LAW,Racing Bulls,42.0,2.0,HARD,14.0,93.804,29.646,38.438,25.72,298.0,261.0,253.0,302.0,1,True,True,True,False,2026-07-05 15:09:58.831,8.0,24.8,42.3,49.8,False,0.8,180.0
2026,9,British Grand Prix,R,LAW,Racing Bulls,43.0,2.0,HARD,15.0,94.026,29.726,38.563,25.737,295.0,262.0,254.0,303.0,1,True,False,True,False,2026-07-05 15:11:32.635,8.0,25.0,41.5,46.7,False,0.9,77.0
2026,9,British Grand Prix,R,LAW,Racing Bulls,44.0,2.0,HARD,16.0,93.705,29.629,38.387,25.689,296.0,261.0,254.0,301.0,1,True,True,True,False,2026-07-05 15:13:06.661,7.0,25.3,41.5,46.7,False,0.9,77.0
2026,9,British Grand Prix,R,LAW,Racing Bulls,45.0,2.0,HARD,17.0,93.648,29.728,38.239,25.681,296.0,261.0,252.0,300.0,1,True,True,True,False,2026-07-05 15:14:40.366,7.0,25.2,42.4,46.7,False,2.8,78.0
2026,9,British Grand Prix,R,LAW,Racing Bulls,46.0,2.0,HARD,18.0,93.918,29.738,38.454,25.726,296.0,261.0,252.0,300.0,1,True,False,True,False,2026-07-05 15:16:14.014,7.0,25.2,42.4,46.7,False,2.8,78.0
2026,9,British Grand Prix,R,LAW,Racing Bulls,47.0,2.0,HARD,19.0,106.438,29.708,42.869,33.861,296.0,128.0,,173.0,124,True,False,False,False,2026-07-05 15:17:47.932,6.0,24.9,42.4,46.7,False,2.8,78.0
2026,9,British Grand Prix,R,LAW,Racing Bulls,48.0,3.0,SOFT,4.0,139.319,52.859,51.847,34.613,250.0,240.0,239.0,203.0,4,False,False,False,False,2026-07-05 15:19:34.370,6.0,25.0,43.7,48.3,False,1.1,249.0
2026,9,British Grand Prix,R,LAW,Racing Bulls,49.0,3.0,SOFT,5.0,112.541,31.843,46.514,34.184,257.0,197.0,237.0,155.0,4,False,False,False,False,2026-07-05 15:21:53.689,6.0,24.9,43.7,49.0,False,2.7,232.0
2026,9,British Grand Prix,R,LAW,Racing Bulls,50.0,3.0,SOFT,6.0,135.984,32.495,54.552,48.937,262.0,102.0,81.0,221.0,4,False,False,False,False,2026-07-05 15:23:46.230,6.0,25.0,42.9,48.6,False,3.7,251.0
2026,9,British Grand Prix,R,LAW,Racing Bulls,51.0,3.0,SOFT,7.0,,52.593,67.51,43.462,96.0,117.0,141.0,156.0,4,False,False,False,False,2026-07-05 15:26:02.214,6.0,24.9,42.6,48.6,False,1.1,220.0
2026,9,British Grand Prix,R,LAW,Racing Bulls,52.0,3.0,SOFT,8.0,141.87,46.488,60.233,35.149,189.0,124.0,230.0,241.0,4,False,False,False,False,2026-07-05 15:28:45.844,6.0,25.3,41.5,48.5,False,3.3,231.0
2026,9,British Grand Prix,R,OCO,Haas F1 Team,1.0,1.0,MEDIUM,1.0,104.681,,40.985,27.327,312.0,259.0,241.0,318.0,12,True,False,False,False,2026-07-05 14:03:54.055,11.0,22.8,37.9,55.9,False,1.4,212.0
2026,9,British Grand Prix,R,OCO,Haas F1 Team,2.0,1.0,MEDIUM,2.0,97.203,30.759,39.56,26.884,297.0,259.0,242.0,308.0,12,True,True,True,False,2026-07-05 14:05:38.972,12.0,22.9,37.8,56.6,False,0.5,345.0
2026,9,British Grand Prix,R,OCO,Haas F1 Team,3.0,1.0,MEDIUM,3.0,97.122,30.471,39.449,27.202,298.0,254.0,241.0,306.0,1,True,True,True,False,2026-07-05 14:07:16.175,13.0,23.0,37.6,55.8,False,0.7,248.0
2026,9,British Grand Prix,R,OCO,Haas F1 Team,4.0,1.0,MEDIUM,4.0,96.797,30.767,39.557,26.473,304.0,257.0,242.0,308.0,1,True,True,True,False,2026-07-05 14:08:53.297,13.0,23.2,39.2,54.5,False,0.9,123.0
2026,9,British Grand Prix,R,OCO,Haas F1 Team,5.0,1.0,MEDIUM,5.0,97.673,30.528,39.923,27.222,294.0,256.0,239.0,304.0,1,True,False,True,False,2026-07-05 14:10:30.094,14.0,23.2,37.6,55.3,False,1.5,171.0
2026,9,British Grand Prix,R,OCO,Haas F1 Team,6.0,1.0,MEDIUM,6.0,97.297,31.119,39.705,26.473,300.0,258.0,241.0,316.0,1,True,False,True,False,2026-07-05 14:12:07.767,14.0,23.1,37.8,55.9,False,1.8,220.0
2026,9,British Grand Prix,R,OCO,Haas F1 Team,7.0,1.0,MEDIUM,7.0,96.697,30.669,39.655,26.373,297.0,257.0,242.0,309.0,1,True,True,True,False,2026-07-05 14:13:45.064,14.0,23.4,38.2,56.2,False,1.6,233.0
2026,9,British Grand Prix,R,OCO,Haas F1 Team,8.0,1.0,MEDIUM,8.0,97.005,30.885,39.657,26.463,291.0,256.0,240.0,307.0,1,True,False,True,False,2026-07-05 14:15:21.761,14.0,23.1,38.7,55.8,False,1.1,294.0
2026,9,British Grand Prix,R,OCO,Haas F1 Team,9.0,1.0,MEDIUM,9.0,97.375,31.047,39.863,26.465,295.0,255.0,239.0,309.0,1,True,False,True,False,2026-07-05 14:16:58.766,14.0,23.3,40.7,54.5,False,1.0,238.0
2026,9,British Grand Prix,R,OCO,Haas F1 Team,10.0,1.0,MEDIUM,10.0,97.684,30.895,40.037,26.752,294.0,256.0,237.0,313.0,1,True,False,True,False,2026-07-05 14:18:36.141,14.0,23.4,41.1,53.5,False,0.8,193.0
2026,9,British Grand Prix,R,OCO,Haas F1 Team,11.0,1.0,MEDIUM,11.0,97.088,30.715,39.945,26.428,294.0,256.0,238.0,310.0,1,True,False,True,False,2026-07-05 14:20:13.825,14.0,23.4,41.1,53.5,False,0.8,193.0
2026,9,British Grand Prix,R,OCO,Haas F1 Team,12.0,1.0,MEDIUM,12.0,97.021,30.875,39.651,26.495,290.0,255.0,239.0,307.0,1,True,False,True,False,2026-07-05 14:21:50.913,14.0,23.4,41.1,53.5,False,0.8,193.0
2026,9,British Grand Prix,R,OCO,Haas F1 Team,13.0,1.0,MEDIUM,13.0,96.689,30.609,39.721,26.359,293.0,256.0,241.0,307.0,1,True,True,True,False,2026-07-05 14:23:27.934,14.0,23.8,40.0,52.8,False,2.6,248.0
2026,9,British Grand Prix,R,OCO,Haas F1 Team,14.0,1.0,MEDIUM,14.0,96.866,30.491,39.683,26.692,292.0,255.0,239.0,302.0,1,True,False,True,False,2026-07-05 14:25:04.623,14.0,23.8,39.2,53.2,False,2.8,246.0
2026,9,British Grand Prix,R,OCO,Haas F1 Team,15.0,1.0,MEDIUM,15.0,96.67,30.621,39.595,26.454,290.0,255.0,240.0,302.0,1,True,True,True,False,2026-07-05 14:26:41.489,14.0,23.5,39.2,53.2,False,2.8,246.0
2026,9,British Grand Prix,R,OCO,Haas F1 Team,16.0,1.0,MEDIUM,16.0,97.073,30.738,39.677,26.658,291.0,255.0,237.0,296.0,1,True,False,True,False,2026-07-05 14:28:18.159,14.0,23.6,39.2,53.2,False,2.8,246.0
2026,9,British Grand Prix,R,OCO,Haas F1 Team,17.0,1.0,MEDIUM,17.0,97.263,30.672,39.674,26.917,291.0,255.0,240.0,298.0,1,True,False,True,False,2026-07-05 14:29:55.232,15.0,23.5,37.6,54.3,False,3.1,267.0
2026,9,British Grand Prix,R,OCO,Haas F1 Team,18.0,1.0,MEDIUM,18.0,96.953,30.793,39.557,26.603,288.0,256.0,241.0,301.0,1,True,False,True,False,2026-07-05 14:31:32.495,14.0,23.5,37.6,54.3,False,3.1,267.0
2026,9,British Grand Prix,R,OCO,Haas F1 Team,19.0,1.0,MEDIUM,19.0,96.765,30.749,39.379,26.637,286.0,257.0,242.0,298.0,1,True,False,True,False,2026-07-05 14:33:09.448,14.0,23.7,38.9,53.4,False,1.3,295.0
2026,9,British Grand Prix,R,OCO,Haas F1 Team,20.0,1.0,MEDIUM,20.0,96.514,30.732,39.328,26.454,287.0,255.0,243.0,296.0,1,True,True,True,False,2026-07-05 14:34:46.213,14.0,24.3,38.9,53.4,False,1.3,295.0
2026,9,British Grand Prix,R,OCO,Haas F1 Team,21.0,1.0,MEDIUM,21.0,100.308,30.652,39.243,30.413,286.0,254.0,,127.0,167,True,False,False,False,2026-07-05 14:36:22.727,13.0,23.9,38.9,53.4,False,1.3,295.0
2026,9,British Grand Prix,R,OCO,Haas F1 Team,22.0,2.0,HARD,1.0,133.694,65.995,40.619,27.08,288.0,238.0,247.0,284.0,71,True,False,False,False,2026-07-05 14:38:03.035,19.0,23.8,38.9,51.4,False,2.4,209.0
2026,9,British Grand Prix,R,OCO,Haas F1 Team,23.0,2.0,HARD,2.0,96.507,30.285,40.055,26.167,292.0,259.0,245.0,311.0,1,True,True,True,False,2026-07-05 14:40:16.729,19.0,23.8,40.7,53.9,False,1.3,223.0
2026,9,British Grand Prix,R,OCO,Haas F1 Team,24.0,2.0,HARD,3.0,95.533,30.131,38.928,26.474,295.0,255.0,242.0,304.0,1,True,True,True,False,2026-07-05 14:41:53.236,19.0,23.9,40.6,52.8,False,2.7,241.0
2026,9,British Grand Prix,R,OCO,Haas F1 Team,25.0,2.0,HARD,4.0,95.738,30.277,39.189,26.272,297.0,260.0,243.0,332.0,1,True,False,True,False,2026-07-05 14:43:28.769,18.0,24.0,40.6,52.8,False,2.7,241.0
2026,9,British Grand Prix,R,OCO,Haas F1 Team,26.0,2.0,HARD,5.0,95.711,30.27,39.078,26.363,297.0,259.0,244.0,313.0,1,True,False,True,False,2026-07-05 14:45:04.507,18.0,24.6,40.6,52.8,False,2.7,241.0
2026,9,British Grand Prix,R,OCO,Haas F1 Team,27.0,2.0,HARD,6.0,95.844,30.25,39.085,26.509,293.0,258.0,242.0,324.0,1,True,False,True,False,2026-07-05 14:46:40.218,17.0,24.4,41.5,51.0,False,0.9,244.0
2026,9,British Grand Prix,R,OCO,Haas F1 Team,28.0,2.0,HARD,7.0,95.946,30.669,38.925,26.352,286.0,260.0,245.0,295.0,1,True,False,True,False,2026-07-05 14:48:16.062,17.0,24.4,41.5,49.7,False,0.7,167.0
2026,9,British Grand Prix,R,OCO,Haas F1 Team,29.0,2.0,HARD,8.0,95.893,30.458,39.056,26.379,285.0,256.0,246.0,292.0,1,True,False,True,False,2026-07-05 14:49:52.008,17.0,24.5,41.2,49.9,False,1.1,12.0
2026,9,British Grand Prix,R,OCO,Haas F1 Team,30.0,2.0,HARD,9.0,97.178,31.805,39.078,26.295,290.0,255.0,246.0,299.0,1,True,False,True,False,2026-07-05 14:51:27.901,16.0,24.8,41.9,50.8,False,3.3,205.0
2026,9,British Grand Prix,R,OCO,Haas F1 Team,31.0,2.0,HARD,10.0,95.36,30.334,38.807,26.219,284.0,255.0,246.0,295.0,1,True,True,True,False,2026-07-05 14:53:05.079,16.0,24.9,40.4,49.0,False,1.0,286.0
2026,9,British Grand Prix,R,OCO,Haas F1 Team,32.0,2.0,HARD,11.0,95.614,30.447,38.924,26.243,284.0,254.0,247.0,292.0,1,True,False,True,False,2026-07-05 14:54:40.439,16.0,24.4,39.3,49.5,False,1.2,171.0
2026,9,British Grand Prix,R,OCO,Haas F1 Team,33.0,2.0,HARD,12.0,95.41,30.307,38.811,26.292,286.0,255.0,243.0,293.0,1,True,False,True,False,2026-07-05 14:56:16.053,16.0,24.3,39.3,49.5,False,1.2,171.0
2026,9,British Grand Prix,R,OCO,Haas F1 Team,34.0,2.0,HARD,13.0,96.252,30.445,38.844,26.963,285.0,256.0,241.0,295.0,1,True,False,True,False,2026-07-05 14:57:51.463,17.0,24.3,41.1,51.2,False,1.6,167.0
2026,9,British Grand Prix,R,OCO,Haas F1 Team,35.0,2.0,HARD,14.0,95.455,30.46,38.991,26.004,295.0,258.0,244.0,312.0,1,True,False,True,False,2026-07-05 14:59:27.715,17.0,24.4,40.6,52.3,False,1.3,185.0
2026,9,British Grand Prix,R,OCO,Haas F1 Team,36.0,2.0,HARD,15.0,95.142,30.237,38.837,26.068,296.0,258.0,244.0,314.0,1,True,True,True,False,2026-07-05 15:01:03.170,17.0,24.6,42.2,50.7,False,1.4,273.0
2026,9,British Grand Prix,R,OCO,Haas F1 Team,37.0,2.0,HARD,16.0,100.71,30.36,38.963,31.387,293.0,251.0,170.0,295.0,126,True,False,False,False,2026-07-05 15:02:38.312,15.0,24.6,42.3,50.0,False,2.2,265.0
2026,9,British Grand Prix,R,OCO,Haas F1 Team,38.0,2.0,HARD,17.0,113.76,41.113,45.576,27.071,207.0,259.0,240.0,322.0,671,True,False,False,False,2026-07-05 15:04:19.022,15.0,24.6,42.3,50.2,False,1.5,296.0
2026,9,British Grand Prix,R,OCO,Haas F1 Team,39.0,2.0,HARD,18.0,95.393,30.07,39.438,25.885,303.0,260.0,245.0,322.0,1,True,False,True,False,2026-07-05 15:06:12.782,16.0,24.5,42.6,49.9,False,2.3,217.0
2026,9,British Grand Prix,R,OCO,Haas F1 Team,40.0,2.0,HARD,19.0,95.486,30.304,39.037,26.145,293.0,258.0,245.0,307.0,1,True,False,True,False,2026-07-05 15:07:48.175,16.0,24.5,42.3,49.9,False,2.8,250.0
2026,9,British Grand Prix,R,OCO,Haas F1 Team,41.0,2.0,HARD,20.0,95.127,30.237,38.738,26.152,295.0,257.0,245.0,305.0,1,True,True,True,False,2026-07-05 15:09:23.661,16.0,24.5,42.3,49.9,False,2.8,250.0
2026,9,British Grand Prix,R,OCO,Haas F1 Team,42.0,2.0,HARD,21.0,95.893,30.077,39.694,26.122,295.0,258.0,245.0,308.0,1,True,False,True,False,2026-07-05 15:10:58.788,16.0,25.0,42.4,47.9,False,1.4,137.0
2026,9,British Grand Prix,R,OCO,Haas F1 Team,43.0,2.0,HARD,22.0,94.792,30.217,38.568,26.007,295.0,260.0,245.0,310.0,1,True,True,True,False,2026-07-05 15:12:34.681,16.0,25.3,41.5,46.7,False,0.9,77.0
2026,9,British Grand Prix,R,OCO,Haas F1 Team,44.0,2.0,HARD,23.0,95.925,31.043,38.848,26.034,302.0,259.0,244.0,309.0,1,True,False,True,False,2026-07-05 15:14:09.473,16.0,25.2,42.4,46.7,False,2.8,78.0
2026,9,British Grand Prix,R,OCO,Haas F1 Team,45.0,2.0,HARD,24.0,94.896,30.125,38.702,26.069,295.0,261.0,243.0,309.0,1,True,False,True,False,2026-07-05 15:15:45.398,16.0,25.2,42.4,46.7,False,2.8,78.0
2026,9,British Grand Prix,R,OCO,Haas F1 Team,46.0,2.0,HARD,25.0,101.821,30.274,38.698,32.849,296.0,261.0,150.0,300.0,124,True,False,False,False,2026-07-05 15:17:20.294,16.0,25.0,42.4,46.7,False,2.8,78.0
2026,9,British Grand Prix,R,OCO,Haas F1 Team,47.0,2.0,HARD,26.0,126.003,39.859,49.457,36.687,248.0,216.0,,200.0,4,True,False,False,False,2026-07-05 15:19:02.115,15.0,25.0,42.4,46.7,False,2.8,78.0
2026,9,British Grand Prix,R,OCO,Haas F1 Team,48.0,3.0,SOFT,1.0,145.596,58.443,50.356,36.797,262.0,233.0,250.0,226.0,4,True,False,False,False,2026-07-05 15:21:08.118,15.0,25.0,43.8,48.3,False,0.4,146.0
2026,9,British Grand Prix,R,OCO,Haas F1 Team,49.0,3.0,SOFT,2.0,142.847,29.444,65.17,48.233,281.0,120.0,120.0,126.0,4,True,False,False,False,2026-07-05 15:23:33.714,15.0,25.0,42.9,48.6,False,3.7,251.0
2026,9,British Grand Prix,R,OCO,Haas F1 Team,50.0,3.0,SOFT,3.0,102.089,36.199,39.366,26.524,223.0,252.0,237.0,296.0,4,True,False,False,False,2026-07-05 15:25:56.561,15.0,24.9,42.6,48.6,False,1.1,220.0
2026,9,British Grand Prix,R,OCO,Haas F1 Team,51.0,3.0,SOFT,4.0,95.859,30.223,38.958,26.678,286.0,250.0,245.0,293.0,4,True,False,False,False,2026-07-05 15:27:38.650,15.0,25.5,41.4,47.7,False,4.2,267.0
2026,9,British Grand Prix,R,OCO,Haas F1 Team,52.0,3.0,SOFT,5.0,116.629,30.551,54.064,32.014,274.0,168.0,247.0,243.0,4,True,False,False,False,2026-07-05 15:29:14.509,15.0,25.3,41.5,48.5,False,3.3,231.0
2026,9,British Grand Prix,R,LIN,Racing Bulls,1.0,1.0,MEDIUM,1.0,103.006,,41.421,26.48,315.0,252.0,242.0,311.0,12,True,False,False,False,2026-07-05 14:03:54.055,9.0,22.8,37.9,55.9,False,1.4,212.0
2026,9,British Grand Prix,R,LIN,Racing Bulls,2.0,1.0,MEDIUM,2.0,96.203,30.578,39.289,26.336,297.0,255.0,249.0,302.0,12,True,True,True,False,2026-07-05 14:05:37.297,9.0,22.9,37.8,56.6,False,0.5,345.0
2026,9,British Grand Prix,R,LIN,Racing Bulls,3.0,1.0,MEDIUM,3.0,95.959,30.256,39.387,26.316,296.0,254.0,247.0,301.0,1,True,True,True,False,2026-07-05 14:07:13.500,9.0,23.0,37.6,55.8,False,0.7,248.0
2026,9,British Grand Prix,R,LIN,Racing Bulls,4.0,1.0,MEDIUM,4.0,95.642,30.122,39.283,26.237,295.0,256.0,249.0,302.0,1,True,True,True,False,2026-07-05 14:08:49.459,9.0,23.2,39.2,54.5,False,0.9,123.0
2026,9,British Grand Prix,R,LIN,Racing Bulls,5.0,1.0,MEDIUM,5.0,95.73,30.149,39.285,26.296,296.0,256.0,248.0,302.0,1,True,False,True,False,2026-07-05 14:10:25.101,9.0,23.2,37.6,55.3,False,1.5,171.0
2026,9,British Grand Prix,R,LIN,Racing Bulls,6.0,1.0,MEDIUM,6.0,95.824,30.218,39.256,26.35,295.0,256.0,249.0,301.0,1,True,False,True,False,2026-07-05 14:12:00.831,9.0,23.1,37.8,55.9,False,1.8,220.0
2026,9,British Grand Prix,R,LIN,Racing Bulls,7.0,1.0,MEDIUM,7.0,95.972,30.306,39.199,26.467,294.0,255.0,247.0,300.0,1,True,False,True,False,2026-07-05 14:13:36.655,9.0,23.4,38.2,56.2,False,1.6,233.0
2026,9,British Grand Prix,R,LIN,Racing Bulls,8.0,1.0,MEDIUM,8.0,96.144,30.408,39.338,26.398,294.0,255.0,248.0,300.0,1,True,False,True,False,2026-07-05 14:15:12.627,9.0,23.1,38.7,55.8,False,1.1,294.0
2026,9,British Grand Prix,R,LIN,Racing Bulls,9.0,1.0,MEDIUM,9.0,96.4,30.426,39.516,26.458,289.0,253.0,245.0,301.0,1,True,False,True,False,2026-07-05 14:16:48.771,9.0,23.3,40.7,54.5,False,1.0,238.0
2026,9,British Grand Prix,R,LIN,Racing Bulls,10.0,1.0,MEDIUM,10.0,96.249,30.418,39.527,26.304,294.0,254.0,246.0,301.0,1,True,False,True,False,2026-07-05 14:18:25.171,9.0,23.4,41.1,53.5,False,0.8,193.0
2026,9,British Grand Prix,R,LIN,Racing Bulls,11.0,1.0,MEDIUM,11.0,96.093,30.293,39.41,26.39,293.0,254.0,247.0,299.0,1,True,False,True,False,2026-07-05 14:20:01.420,9.0,23.4,41.1,53.5,False,0.8,193.0
2026,9,British Grand Prix,R,LIN,Racing Bulls,12.0,1.0,MEDIUM,12.0,95.905,30.329,39.378,26.198,294.0,256.0,247.0,305.0,1,True,False,True,False,2026-07-05 14:21:37.513,9.0,23.4,41.1,53.5,False,0.8,193.0
2026,9,British Grand Prix,R,LIN,Racing Bulls,13.0,1.0,MEDIUM,13.0,96.167,30.431,39.429,26.307,296.0,255.0,248.0,301.0,1,True,False,True,False,2026-07-05 14:23:13.418,9.0,23.7,40.2,53.3,False,2.9,227.0
2026,9,British Grand Prix,R,LIN,Racing Bulls,14.0,1.0,MEDIUM,14.0,95.72,30.036,39.409,26.275,296.0,255.0,248.0,302.0,1,True,False,True,False,2026-07-05 14:24:49.585,9.0,23.8,39.2,53.2,False,2.8,246.0
2026,9,British Grand Prix,R,LIN,Racing Bulls,15.0,1.0,MEDIUM,15.0,95.448,30.129,39.203,26.116,295.0,256.0,249.0,304.0,1,True,True,True,False,2026-07-05 14:26:25.305,9.0,23.5,39.2,53.2,False,2.8,246.0
2026,9,British Grand Prix,R,LIN,Racing Bulls,16.0,1.0,MEDIUM,16.0,95.99,30.323,39.437,26.23,294.0,254.0,248.0,299.0,1,True,False,True,False,2026-07-05 14:28:00.753,9.0,23.6,39.2,53.2,False,2.8,246.0
2026,9,British Grand Prix,R,LIN,Racing Bulls,17.0,1.0,MEDIUM,17.0,95.751,30.188,39.332,26.231,296.0,255.0,248.0,299.0,1,True,False,True,False,2026-07-05 14:29:36.743,9.0,23.5,37.6,54.3,False,3.1,267.0
2026,9,British Grand Prix,R,LIN,Racing Bulls,18.0,1.0,MEDIUM,18.0,95.857,30.261,39.286,26.31,295.0,255.0,247.0,299.0,1,True,False,True,False,2026-07-05 14:31:12.494,9.0,23.4,37.6,54.3,False,3.1,267.0
2026,9,British Grand Prix,R,LIN,Racing Bulls,19.0,1.0,MEDIUM,19.0,95.923,30.322,39.331,26.27,293.0,256.0,248.0,300.0,1,True,False,True,False,2026-07-05 14:32:48.351,9.0,23.7,38.9,53.4,False,1.3,295.0
2026,9,British Grand Prix,R,LIN,Racing Bulls,20.0,1.0,MEDIUM,20.0,95.841,30.356,39.209,26.276,293.0,255.0,249.0,299.0,1,True,False,True,False,2026-07-05 14:34:24.274,8.0,24.3,38.9,53.4,False,1.3,295.0
2026,9,British Grand Prix,R,LIN,Racing Bulls,21.0,1.0,MEDIUM,21.0,95.779,30.339,39.187,26.253,293.0,257.0,247.0,300.0,16,True,False,False,False,2026-07-05 14:36:00.115,8.0,23.9,38.9,53.4,False,1.3,295.0
2026,9,British Grand Prix,R,LIN,Racing Bulls,22.0,1.0,MEDIUM,22.0,106.791,40.762,39.517,26.512,239.0,257.0,247.0,299.0,671,True,False,False,False,2026-07-05 14:37:35.894,8.0,23.8,38.9,51.4,False,2.4,209.0
2026,9,British Grand Prix,R,LIN,Racing Bulls,23.0,1.0,MEDIUM,23.0,96.608,30.374,39.904,26.33,294.0,257.0,248.0,305.0,1,True,False,True,False,2026-07-05 14:39:22.685,9.0,23.9,38.9,51.4,False,2.4,209.0
2026,9,British Grand Prix,R,LIN,Racing Bulls,24.0,1.0,MEDIUM,24.0,95.523,30.24,39.132,26.151,297.0,256.0,248.0,301.0,1,True,False,True,False,2026-07-05 14:40:59.293,9.0,24.0,40.6,54.4,False,2.2,230.0
2026,9,British Grand Prix,R,LIN,Racing Bulls,25.0,1.0,MEDIUM,25.0,95.82,30.156,39.293,26.371,296.0,258.0,247.0,310.0,1,True,False,True,False,2026-07-05 14:42:34.816,9.0,24.3,40.6,52.8,False,2.7,241.0
2026,9,British Grand Prix,R,LIN,Racing Bulls,26.0,1.0,MEDIUM,26.0,95.523,30.103,39.241,26.179,298.0,260.0,249.0,312.0,1,True,False,True,False,2026-07-05 14:44:10.636,9.0,24.0,40.6,52.8,False,2.7,241.0
2026,9,British Grand Prix,R,LIN,Racing Bulls,27.0,1.0,MEDIUM,27.0,94.582,30.168,39.137,25.277,295.0,259.0,,303.0,1,True,False,False,False,2026-07-05 14:45:46.159,9.0,24.6,41.5,51.0,False,0.9,244.0
2026,9,British Grand Prix,R,LIN,Racing Bulls,28.0,2.0,HARD,1.0,115.314,51.402,38.415,25.497,291.0,264.0,255.0,302.0,1,True,False,False,False,2026-07-05 14:47:20.741,9.0,24.4,41.5,51.0,False,0.9,244.0
2026,9,British Grand Prix,R,LIN,Racing Bulls,29.0,2.0,HARD,2.0,93.632,29.688,38.382,25.562,294.0,262.0,254.0,304.0,1,True,True,True,False,2026-07-05 14:49:16.055,9.0,24.1,41.5,49.7,False,0.7,167.0
2026,9,British Grand Prix,R,LIN,Racing Bulls,30.0,2.0,HARD,3.0,93.928,29.809,38.237,25.882,295.0,262.0,251.0,307.0,1,True,False,True,False,2026-07-05 14:50:49.687,9.0,24.5,42.1,50.2,False,1.5,323.0
2026,9,British Grand Prix,R,LIN,Racing Bulls,31.0,2.0,HARD,4.0,93.748,29.775,38.453,25.52,298.0,261.0,254.0,311.0,1,True,False,True,False,2026-07-05 14:52:23.615,9.0,24.8,41.9,50.8,False,3.3,205.0
2026,9,British Grand Prix,R,LIN,Racing Bulls,32.0,2.0,HARD,5.0,93.919,29.611,38.599,25.709,304.0,260.0,252.0,307.0,1,True,False,True,False,2026-07-05 14:53:57.363,9.0,24.4,39.4,50.3,False,1.6,206.0
2026,9,British Grand Prix,R,LIN,Racing Bulls,33.0,2.0,HARD,6.0,93.853,29.71,38.46,25.683,303.0,260.0,249.0,331.0,1,True,False,True,False,2026-07-05 14:55:31.282,9.0,24.3,39.3,49.5,False,1.2,171.0
2026,9,British Grand Prix,R,LIN,Racing Bulls,34.0,2.0,HARD,7.0,94.074,29.932,38.412,25.73,299.0,261.0,251.0,308.0,1,True,False,True,False,2026-07-05 14:57:05.135,9.0,24.3,41.1,51.2,False,1.6,167.0
2026,9,British Grand Prix,R,LIN,Racing Bulls,35.0,2.0,HARD,8.0,94.158,29.88,38.494,25.784,298.0,260.0,252.0,308.0,1,True,False,True,False,2026-07-05 14:58:39.209,9.0,24.5,40.6,52.3,False,1.3,185.0
2026,9,British Grand Prix,R,LIN,Racing Bulls,36.0,2.0,HARD,9.0,94.38,29.914,38.813,25.653,297.0,260.0,253.0,306.0,1,True,False,True,False,2026-07-05 15:00:13.367,9.0,24.4,40.6,52.3,False,1.3,185.0
2026,9,British Grand Prix,R,LIN,Racing Bulls,37.0,2.0,HARD,10.0,94.247,29.805,38.626,25.816,297.0,261.0,250.0,306.0,1,True,False,True,False,2026-07-05 15:01:47.747,9.0,24.4,42.3,50.0,False,2.2,265.0
2026,9,British Grand Prix,R,LIN,Racing Bulls,38.0,2.0,HARD,11.0,113.527,29.859,52.78,30.888,299.0,233.0,124.0,253.0,1267,True,False,False,False,2026-07-05 15:03:21.994,9.0,24.6,42.3,50.0,False,2.2,265.0
2026,9,British Grand Prix,R,LIN,Racing Bulls,39.0,2.0,HARD,12.0,97.215,33.307,38.294,25.614,298.0,264.0,251.0,309.0,71,True,False,False,False,2026-07-05 15:05:15.521,9.0,24.5,41.7,50.4,False,1.6,262.0
2026,9,British Grand Prix,R,LIN,Racing Bulls,40.0,2.0,HARD,13.0,94.136,29.795,38.487,25.854,293.0,261.0,253.0,301.0,1,True,False,True,False,2026-07-05 15:06:52.736,9.0,24.5,41.3,50.1,False,2.3,287.0
2026,9,British Grand Prix,R,LIN,Racing Bulls,41.0,2.0,HARD,14.0,94.369,30.105,38.45,25.814,295.0,263.0,252.0,303.0,1,True,False,True,False,2026-07-05 15:08:26.872,9.0,24.5,42.3,49.9,False,2.8,250.0
2026,9,British Grand Prix,R,LIN,Racing Bulls,42.0,2.0,HARD,15.0,94.11,29.775,38.617,25.718,298.0,262.0,252.0,304.0,1,True,False,True,False,2026-07-05 15:10:01.241,9.0,24.8,42.3,49.8,False,0.8,180.0
2026,9,British Grand Prix,R,LIN,Racing Bulls,43.0,2.0,HARD,16.0,94.576,29.834,38.772,25.97,296.0,261.0,252.0,304.0,1,True,False,True,False,2026-07-05 15:11:35.351,9.0,25.0,41.5,46.7,False,0.9,77.0
2026,9,British Grand Prix,R,LIN,Racing Bulls,44.0,2.0,HARD,17.0,94.327,29.943,38.617,25.767,295.0,262.0,254.0,302.0,1,True,False,True,False,2026-07-05 15:13:09.927,8.0,25.3,41.5,46.7,False,0.9,77.0
2026,9,British Grand Prix,R,LIN,Racing Bulls,45.0,2.0,HARD,18.0,94.039,29.801,38.441,25.797,295.0,262.0,253.0,302.0,1,True,False,True,False,2026-07-05 15:14:44.254,8.0,25.2,42.4,46.7,False,2.8,78.0
2026,9,British Grand Prix,R,LIN,Racing Bulls,46.0,2.0,HARD,19.0,94.257,29.864,38.52,25.873,294.0,261.0,253.0,300.0,1,True,False,True,False,2026-07-05 15:16:18.293,8.0,25.2,42.4,46.7,False,2.8,78.0
2026,9,British Grand Prix,R,LIN,Racing Bulls,47.0,2.0,HARD,20.0,104.765,29.848,42.858,32.059,295.0,230.0,,184.0,124,True,False,False,False,2026-07-05 15:17:52.550,7.0,24.9,42.4,46.7,False,2.8,78.0
2026,9,British Grand Prix,R,LIN,Racing Bulls,48.0,3.0,SOFT,4.0,145.651,59.817,51.559,34.275,185.0,172.0,197.0,192.0,4,False,False,False,False,2026-07-05 15:19:37.315,7.0,25.0,43.7,48.3,False,1.1,249.0
2026,9,British Grand Prix,R,LIN,Racing Bulls,49.0,3.0,SOFT,5.0,106.269,33.015,41.596,31.658,251.0,246.0,238.0,266.0,4,False,False,False,False,2026-07-05 15:22:02.966,7.0,24.9,43.7,49.0,False,2.7,232.0
2026,9,British Grand Prix,R,LIN,Racing Bulls,50.0,3.0,SOFT,6.0,133.907,31.788,52.922,49.197,253.0,96.0,79.0,225.0,4,False,False,False,False,2026-07-05 15:23:49.235,7.0,25.0,42.9,48.6,False,3.7,251.0
2026,9,British Grand Prix,R,LIN,Racing Bulls,51.0,3.0,SOFT,7.0,,52.44,67.38,43.407,99.0,112.0,144.0,152.0,4,False,False,False,False,2026-07-05 15:26:03.142,7.0,24.9,42.6,48.6,False,1.1,220.0
2026,9,British Grand Prix,R,LIN,Racing Bulls,52.0,3.0,SOFT,8.0,141.471,46.462,59.957,35.052,197.0,124.0,229.0,234.0,4,False,False,False,False,2026-07-05 15:28:46.469,7.0,25.3,41.5,48.5,False,3.3,231.0
2026,9,British Grand Prix,R,COL,Alpine,1.0,1.0,MEDIUM,1.0,106.174,,42.015,27.603,318.0,262.0,224.0,334.0,12,True,False,False,False,2026-07-05 14:03:54.055,16.0,22.8,37.9,55.9,False,1.4,212.0
2026,9,British Grand Prix,R,COL,Alpine,2.0,1.0,MEDIUM,2.0,97.205,31.003,40.014,26.188,320.0,258.0,234.0,328.0,12,True,True,True,False,2026-07-05 14:05:40.465,14.0,22.9,37.8,56.6,False,0.5,345.0
2026,9,British Grand Prix,R,COL,Alpine,3.0,1.0,MEDIUM,3.0,96.677,30.948,39.167,26.562,293.0,253.0,244.0,307.0,1,True,True,True,False,2026-07-05 14:07:17.670,14.0,23.0,37.6,55.8,False,0.7,248.0
2026,9,British Grand Prix,R,COL,Alpine,4.0,1.0,MEDIUM,4.0,96.311,30.338,39.441,26.532,305.0,251.0,237.0,337.0,1,True,True,True,False,2026-07-05 14:08:54.347,14.0,23.2,39.2,54.5,False,0.9,123.0
2026,9,British Grand Prix,R,COL,Alpine,5.0,1.0,MEDIUM,5.0,96.694,30.458,39.883,26.353,305.0,254.0,231.0,343.0,1,True,False,True,False,2026-07-05 14:10:30.658,13.0,23.2,37.6,55.3,False,1.5,171.0
2026,9,British Grand Prix,R,COL,Alpine,6.0,1.0,MEDIUM,6.0,97.119,30.891,39.401,26.826999999999998,300.0,251.0,239.0,302.0,1,True,False,True,False,2026-07-05 14:12:07.352,13.0,23.1,37.8,55.9,False,1.8,220.0
2026,9,British Grand Prix,R,COL,Alpine,7.0,1.0,MEDIUM,7.0,96.459,30.477,39.405,26.576999999999998,301.0,257.0,235.0,323.0,1,True,False,True,False,2026-07-05 14:13:44.471,13.0,23.4,38.2,56.2,False,1.6,233.0
2026,9,British Grand Prix,R,COL,Alpine,8.0,1.0,MEDIUM,8.0,97.208,30.754,39.67,26.784,304.0,256.0,233.0,327.0,1,True,False,True,False,2026-07-05 14:15:20.930,13.0,23.1,38.7,55.8,False,1.1,294.0
2026,9,British Grand Prix,R,COL,Alpine,9.0,1.0,MEDIUM,9.0,96.548,30.853,39.535,26.16,310.0,256.0,233.0,340.0,1,True,False,True,False,2026-07-05 14:16:58.138,12.0,23.3,40.7,54.5,False,1.0,238.0
2026,9,British Grand Prix,R,COL,Alpine,10.0,1.0,MEDIUM,10.0,97.468,31.278,39.471,26.719,315.0,254.0,238.0,308.0,1,True,False,True,False,2026-07-05 14:18:34.686,12.0,23.4,41.1,53.5,False,0.8,193.0
2026,9,British Grand Prix,R,COL,Alpine,11.0,1.0,MEDIUM,11.0,96.477,30.956,39.259,26.262,286.0,255.0,234.0,319.0,1,True,False,True,False,2026-07-05 14:20:12.154,12.0,23.4,41.1,53.5,False,0.8,193.0
2026,9,British Grand Prix,R,COL,Alpine,12.0,1.0,MEDIUM,12.0,96.843,30.985,39.144,26.714,295.0,251.0,242.0,298.0,1,True,False,True,False,2026-07-05 14:21:48.631,12.0,23.4,41.1,53.5,False,0.8,193.0
2026,9,British Grand Prix,R,COL,Alpine,13.0,1.0,MEDIUM,13.0,96.073,30.349,39.108,26.616,296.0,251.0,243.0,300.0,1,True,True,True,False,2026-07-05 14:23:25.474,12.0,23.8,40.0,52.8,False,2.6,248.0
2026,9,British Grand Prix,R,COL,Alpine,14.0,1.0,MEDIUM,14.0,95.917,30.205,39.127,26.585,298.0,252.0,242.0,302.0,1,True,True,True,False,2026-07-05 14:25:01.547,12.0,23.8,39.2,53.2,False,2.8,246.0
2026,9,British Grand Prix,R,COL,Alpine,15.0,1.0,MEDIUM,15.0,95.857,30.326,39.06,26.471,297.0,252.0,241.0,300.0,1,True,True,True,False,2026-07-05 14:26:37.464,12.0,23.5,39.2,53.2,False,2.8,246.0
2026,9,British Grand Prix,R,COL,Alpine,16.0,1.0,MEDIUM,16.0,96.579,30.454,39.387,26.738,302.0,249.0,241.0,294.0,1,True,False,True,False,2026-07-05 14:28:13.321,12.0,23.6,39.2,53.2,False,2.8,246.0
2026,9,British Grand Prix,R,COL,Alpine,17.0,1.0,MEDIUM,17.0,96.239,30.153,39.376,26.71,302.0,251.0,241.0,295.0,1,True,False,True,False,2026-07-05 14:29:49.900,12.0,23.5,37.6,54.3,False,3.1,267.0
2026,9,British Grand Prix,R,COL,Alpine,18.0,1.0,MEDIUM,18.0,96.248,30.324,39.11,26.814,299.0,252.0,244.0,296.0,1,True,False,True,False,2026-07-05 14:31:26.139,12.0,23.5,37.6,54.3,False,3.1,267.0
2026,9,British Grand Prix,R,COL,Alpine,19.0,1.0,MEDIUM,19.0,96.072,30.352,39.187,26.533,298.0,252.0,243.0,297.0,1,True,False,True,False,2026-07-05 14:33:02.387,12.0,23.7,38.9,53.4,False,1.3,295.0
2026,9,British Grand Prix,R,COL,Alpine,20.0,1.0,MEDIUM,20.0,95.78,30.292,39.044,26.444,300.0,251.0,244.0,297.0,1,True,True,True,False,2026-07-05 14:34:38.459,12.0,24.3,38.9,53.4,False,1.3,295.0
2026,9,British Grand Prix,R,COL,Alpine,21.0,1.0,MEDIUM,21.0,100.468,30.094,38.959,31.415,305.0,253.0,187.0,298.0,16,True,False,False,False,2026-07-05 14:36:14.239,12.0,23.9,38.9,53.4,False,1.3,295.0
2026,9,British Grand Prix,R,COL,Alpine,22.0,1.0,MEDIUM,22.0,99.303,34.376,39.202,25.725,302.0,252.0,,309.0,671,True,False,False,False,2026-07-05 14:37:54.707,12.0,23.8,38.9,51.4,False,2.4,209.0
2026,9,British Grand Prix,R,COL,Alpine,23.0,2.0,HARD,1.0,116.744,51.716,38.626,26.402,302.0,250.0,237.0,325.0,1,True,False,False,False,2026-07-05 14:39:34.010,13.0,23.8,40.7,53.9,False,1.3,223.0
2026,9,British Grand Prix,R,COL,Alpine,24.0,2.0,HARD,2.0,94.712,30.133,38.456,26.123,306.0,255.0,251.0,295.0,1,True,True,True,False,2026-07-05 14:41:30.754,11.0,23.9,40.6,52.8,False,2.7,241.0
2026,9,British Grand Prix,R,COL,Alpine,25.0,2.0,HARD,3.0,94.281,29.79,38.442,26.049,295.0,254.0,249.0,298.0,1,True,True,True,False,2026-07-05 14:43:05.466,11.0,24.3,40.6,52.8,False,2.7,241.0
2026,9,British Grand Prix,R,COL,Alpine,26.0,2.0,HARD,4.0,94.712,29.828,38.509,26.375,302.0,254.0,246.0,296.0,1,True,False,True,False,2026-07-05 14:44:39.747,11.0,24.6,40.6,52.8,False,2.7,241.0
2026,9,British Grand Prix,R,COL,Alpine,27.0,2.0,HARD,5.0,94.61,29.909,38.519,26.182,303.0,256.0,246.0,299.0,1,True,False,True,False,2026-07-05 14:46:14.459,11.0,24.6,41.5,51.0,False,0.9,244.0
2026,9,British Grand Prix,R,COL,Alpine,28.0,2.0,HARD,6.0,94.652,29.848,38.628,26.176,303.0,257.0,248.0,299.0,1,True,False,True,False,2026-07-05 14:47:49.069,11.0,24.4,41.5,49.7,False,0.7,167.0
2026,9,British Grand Prix,R,COL,Alpine,29.0,2.0,HARD,7.0,94.868,29.94,38.619,26.309,305.0,253.0,247.0,296.0,1,True,False,True,False,2026-07-05 14:49:23.721,11.0,24.1,41.5,49.7,False,0.7,167.0
2026,9,British Grand Prix,R,COL,Alpine,30.0,2.0,HARD,8.0,94.744,30.023,38.543,26.178,303.0,253.0,248.0,297.0,1,True,False,True,False,2026-07-05 14:50:58.589,11.0,24.5,42.1,50.2,False,1.5,323.0
2026,9,British Grand Prix,R,COL,Alpine,31.0,2.0,HARD,9.0,95.017,30.046,38.636,26.335,303.0,252.0,246.0,298.0,1,True,False,True,False,2026-07-05 14:52:33.333,11.0,24.9,40.4,49.0,False,1.0,286.0
2026,9,British Grand Prix,R,COL,Alpine,32.0,2.0,HARD,10.0,96.267,30.715,39.063,26.489,300.0,251.0,245.0,297.0,1,True,False,True,False,2026-07-05 14:54:08.350,11.0,24.4,39.4,50.3,False,1.6,206.0
2026,9,British Grand Prix,R,COL,Alpine,33.0,2.0,HARD,11.0,95.319,30.138,38.855,26.326,299.0,252.0,242.0,300.0,1,True,False,True,False,2026-07-05 14:55:44.617,11.0,24.3,39.3,49.5,False,1.2,171.0
2026,9,British Grand Prix,R,COL,Alpine,34.0,2.0,HARD,12.0,95.707,30.13,39.29,26.287,301.0,251.0,247.0,310.0,1,True,False,True,False,2026-07-05 14:57:19.936,11.0,24.3,41.1,51.2,False,1.6,167.0
2026,9,British Grand Prix,R,COL,Alpine,35.0,2.0,HARD,13.0,95.458,30.347,38.595,26.516,295.0,252.0,245.0,299.0,1,True,False,True,False,2026-07-05 14:58:55.643,11.0,24.5,40.6,52.3,False,1.3,185.0
2026,9,British Grand Prix,R,COL,Alpine,36.0,2.0,HARD,14.0,95.137,29.984,38.842,26.311,307.0,251.0,247.0,296.0,1,True,False,True,False,2026-07-05 15:00:31.101,11.0,24.6,42.2,50.7,False,1.4,273.0
2026,9,British Grand Prix,R,COL,Alpine,37.0,2.0,HARD,15.0,94.759,30.013,38.559,26.187,302.0,254.0,247.0,298.0,12,True,False,True,False,2026-07-05 15:02:06.238,11.0,24.4,42.3,50.0,False,2.2,265.0
2026,9,British Grand Prix,R,COL,Alpine,38.0,2.0,HARD,16.0,117.349,36.498,49.303,31.548000000000002,231.0,202.0,249.0,196.0,2671,True,False,False,False,2026-07-05 15:03:40.997,11.0,24.6,42.3,50.2,False,1.5,296.0
2026,9,British Grand Prix,R,COL,Alpine,39.0,2.0,HARD,17.0,94.609,29.991,38.449,26.169,302.0,254.0,249.0,295.0,1,True,False,True,False,2026-07-05 15:05:38.346,11.0,24.5,42.6,49.9,False,2.3,217.0
2026,9,British Grand Prix,R,COL,Alpine,40.0,2.0,HARD,18.0,94.765,30.041,38.584,26.14,303.0,254.0,246.0,296.0,1,True,False,True,False,2026-07-05 15:07:12.955,11.0,24.5,41.3,50.1,False,2.3,287.0
2026,9,British Grand Prix,R,COL,Alpine,41.0,2.0,HARD,19.0,94.718,29.866,38.544,26.308,304.0,254.0,243.0,297.0,1,True,False,True,False,2026-07-05 15:08:47.720,11.0,24.5,42.3,49.9,False,2.8,250.0
2026,9,British Grand Prix,R,COL,Alpine,42.0,2.0,HARD,20.0,94.624,29.891,38.505,26.228,303.0,255.0,249.0,297.0,1,True,False,True,False,2026-07-05 15:10:22.438,11.0,24.8,42.3,49.8,False,0.8,180.0
2026,9,British Grand Prix,R,COL,Alpine,43.0,2.0,HARD,21.0,94.785,29.957,38.566,26.262,305.0,254.0,249.0,297.0,1,True,False,True,False,2026-07-05 15:11:57.062,11.0,25.0,41.5,46.7,False,0.9,77.0
2026,9,British Grand Prix,R,COL,Alpine,44.0,2.0,HARD,22.0,94.432,29.901,38.509,26.022,310.0,255.0,241.0,314.0,1,True,False,True,False,2026-07-05 15:13:31.847,11.0,25.2,42.4,46.7,False,2.8,78.0
2026,9,British Grand Prix,R,COL,Alpine,45.0,2.0,HARD,23.0,94.565,29.924,38.478,26.163,308.0,256.0,245.0,312.0,1,True,False,True,False,2026-07-05 15:15:06.279,11.0,25.2,42.4,46.7,False,2.8,78.0
2026,9,British Grand Prix,R,COL,Alpine,46.0,2.0,HARD,24.0,94.87,30.119,38.559,26.192,299.0,256.0,247.0,299.0,1,True,False,True,False,2026-07-05 15:16:40.844,11.0,25.0,42.4,46.7,False,2.8,78.0
2026,9,British Grand Prix,R,COL,Alpine,47.0,2.0,HARD,25.0,112.11,29.78,51.34,30.99,318.0,226.0,,206.0,124,True,False,False,False,2026-07-05 15:18:15.714,10.0,24.9,42.4,46.7,False,2.8,78.0
2026,9,British Grand Prix,R,COL,Alpine,48.0,3.0,SOFT,1.0,142.491,58.083,51.961,32.447,260.0,190.0,249.0,182.0,4,True,False,False,False,2026-07-05 15:20:07.824,11.0,25.0,43.7,48.3,False,1.1,249.0
2026,9,British Grand Prix,R,COL,Alpine,49.0,3.0,SOFT,2.0,106.198,33.85,43.147,29.201,276.0,242.0,245.0,237.0,4,True,False,False,False,2026-07-05 15:22:30.315,10.0,24.8,42.9,49.0,False,1.4,263.0
2026,9,British Grand Prix,R,COL,Alpine,50.0,3.0,SOFT,3.0,109.756,31.164,41.839,36.753,275.0,243.0,97.0,239.0,4,True,False,False,False,2026-07-05 15:24:16.513,10.0,25.0,42.9,48.6,False,3.7,251.0
2026,9,British Grand Prix,R,COL,Alpine,51.0,3.0,SOFT,4.0,,51.668,67.489,43.47,165.0,100.0,144.0,153.0,4,True,False,False,False,2026-07-05 15:26:06.269,10.0,24.9,42.6,48.6,False,1.1,220.0
2026,9,British Grand Prix,R,COL,Alpine,52.0,3.0,SOFT,5.0,139.959,47.032,58.794,34.133,195.0,139.0,243.0,243.0,4,True,False,False,False,2026-07-05 15:28:48.955,10.0,25.3,41.5,48.5,False,3.3,231.0
2026,9,British Grand Prix,R,HAM,Ferrari,1.0,1.0,MEDIUM,1.0,96.912,,38.368,25.814,307.0,258.0,244.0,311.0,12,True,False,False,False,2026-07-05 14:03:54.055,2.0,22.8,37.9,55.9,False,1.4,212.0
2026,9,British Grand Prix,R,HAM,Ferrari,2.0,1.0,MEDIUM,2.0,94.226,29.917,38.564,25.745,314.0,259.0,246.0,316.0,12,True,True,True,False,2026-07-05 14:05:31.203,2.0,22.9,37.8,56.6,False,0.5,345.0
2026,9,British Grand Prix,R,HAM,Ferrari,3.0,1.0,MEDIUM,3.0,94.05,29.71,38.461,25.879,315.0,256.0,245.0,312.0,1,True,True,True,False,2026-07-05 14:07:05.429,2.0,23.0,37.6,55.8,False,0.7,248.0
2026,9,British Grand Prix,R,HAM,Ferrari,4.0,1.0,MEDIUM,4.0,93.943,29.722,38.638,25.583,316.0,257.0,245.0,309.0,1,True,True,True,False,2026-07-05 14:08:39.479,2.0,23.2,39.2,54.5,False,0.9,123.0
2026,9,British Grand Prix,R,HAM,Ferrari,5.0,1.0,MEDIUM,5.0,94.755,29.928,38.708,26.119,313.0,254.0,245.0,302.0,1,True,False,True,False,2026-07-05 14:10:13.422,2.0,23.3,38.1,54.8,False,1.4,100.0
2026,9,British Grand Prix,R,HAM,Ferrari,6.0,1.0,MEDIUM,6.0,94.672,29.986,38.613,26.073,313.0,255.0,244.0,301.0,1,True,False,True,False,2026-07-05 14:11:48.177,2.0,23.1,37.8,55.9,False,1.8,220.0
2026,9,British Grand Prix,R,HAM,Ferrari,7.0,1.0,MEDIUM,7.0,94.735,30.09,38.667,25.978,310.0,256.0,244.0,303.0,1,True,False,True,False,2026-07-05 14:13:22.849,2.0,23.1,37.5,56.2,False,1.4,229.0
2026,9,British Grand Prix,R,HAM,Ferrari,8.0,1.0,MEDIUM,8.0,94.651,30.132,38.561,25.958,307.0,253.0,244.0,298.0,1,True,False,True,False,2026-07-05 14:14:57.584,2.0,23.1,38.7,55.8,False,1.1,294.0
2026,9,British Grand Prix,R,HAM,Ferrari,9.0,1.0,MEDIUM,9.0,95.009,30.285,38.762,25.962,305.0,255.0,243.0,303.0,1,True,False,True,False,2026-07-05 14:16:32.235,2.0,23.3,40.7,54.5,False,1.0,238.0
2026,9,British Grand Prix,R,HAM,Ferrari,10.0,1.0,MEDIUM,10.0,94.986,30.285,38.789,25.912,305.0,253.0,244.0,304.0,1,True,False,True,False,2026-07-05 14:18:07.244,2.0,23.3,41.1,54.1,False,1.9,264.0
2026,9,British Grand Prix,R,HAM,Ferrari,11.0,1.0,MEDIUM,11.0,95.741,30.22,39.436,26.085,305.0,256.0,242.0,315.0,1,True,False,True,False,2026-07-05 14:19:42.230,3.0,23.4,41.1,53.5,False,0.8,193.0
2026,9,British Grand Prix,R,HAM,Ferrari,12.0,1.0,MEDIUM,12.0,94.641,29.981,38.926,25.734,312.0,256.0,241.0,319.0,1,True,False,True,False,2026-07-05 14:21:17.971,3.0,23.4,41.1,53.5,False,0.8,193.0
2026,9,British Grand Prix,R,HAM,Ferrari,13.0,1.0,MEDIUM,13.0,94.778,30.167,38.887,25.724,313.0,256.0,243.0,316.0,1,True,False,True,False,2026-07-05 14:22:52.612,3.0,23.7,40.2,53.3,False,2.9,227.0
2026,9,British Grand Prix,R,HAM,Ferrari,14.0,1.0,MEDIUM,14.0,94.431,29.924,38.761,25.746,316.0,256.0,243.0,311.0,1,True,False,True,False,2026-07-05 14:24:27.390,3.0,23.8,39.2,53.2,False,2.8,246.0
2026,9,British Grand Prix,R,HAM,Ferrari,15.0,1.0,MEDIUM,15.0,94.761,29.826,38.697,26.238,311.0,251.0,245.0,294.0,1,True,False,True,False,2026-07-05 14:26:01.821,3.0,23.7,39.2,53.2,False,2.8,246.0
2026,9,British Grand Prix,R,HAM,Ferrari,16.0,1.0,MEDIUM,16.0,95.372,30.081,38.762,26.529,307.0,251.0,243.0,296.0,1,True,False,True,False,2026-07-05 14:27:36.582,3.0,23.6,39.2,53.2,False,2.8,246.0
2026,9,British Grand Prix,R,HAM,Ferrari,17.0,1.0,MEDIUM,17.0,95.107,30.268,38.763,26.076,305.0,254.0,245.0,300.0,1,True,False,True,False,2026-07-05 14:29:11.954,3.0,23.6,38.6,53.5,False,1.3,288.0
2026,9,British Grand Prix,R,HAM,Ferrari,18.0,1.0,MEDIUM,18.0,94.887,30.034,38.79,26.063,306.0,255.0,245.0,304.0,1,True,False,True,False,2026-07-05 14:30:47.061,3.0,23.4,37.6,54.3,False,3.1,267.0
2026,9,British Grand Prix,R,HAM,Ferrari,19.0,1.0,MEDIUM,19.0,94.606,30.08,38.473,26.053,305.0,257.0,244.0,303.0,1,True,False,True,False,2026-07-05 14:32:21.948,3.0,23.5,37.6,54.3,False,3.1,267.0
2026,9,British Grand Prix,R,HAM,Ferrari,20.0,1.0,MEDIUM,20.0,94.395,30.099,38.447,25.849,304.0,259.0,245.0,307.0,1,True,False,True,False,2026-07-05 14:33:56.554,3.0,23.7,38.9,53.4,False,1.3,295.0
2026,9,British Grand Prix,R,HAM,Ferrari,21.0,1.0,MEDIUM,21.0,94.801,29.975,38.727,26.099,314.0,256.0,243.0,304.0,1,True,False,True,False,2026-07-05 14:35:30.949,3.0,23.9,38.9,53.4,False,1.3,295.0
2026,9,British Grand Prix,R,HAM,Ferrari,22.0,1.0,MEDIUM,22.0,104.647,30.085,48.792,25.77,302.0,259.0,245.0,307.0,167,True,False,False,False,2026-07-05 14:37:05.750,3.0,24.0,39.3,52.5,False,1.3,248.0
2026,9,British Grand Prix,R,HAM,Ferrari,23.0,1.0,MEDIUM,23.0,94.245,30.077,38.305,25.863,303.0,255.0,,300.0,1,True,False,False,False,2026-07-05 14:38:50.397,3.0,23.9,38.9,51.4,False,2.4,209.0
2026,9,British Grand Prix,R,HAM,Ferrari,24.0,2.0,HARD,1.0,119.696,56.458,37.899,25.339,296.0,259.0,252.0,307.0,1,True,False,False,False,2026-07-05 14:40:24.642,6.0,24.0,40.6,54.4,False,2.2,230.0
2026,9,British Grand Prix,R,HAM,Ferrari,25.0,2.0,HARD,2.0,92.309,28.967,37.735,25.607,316.0,253.0,247.0,307.0,1,True,True,True,False,2026-07-05 14:42:24.338,6.0,24.3,40.6,52.8,False,2.7,241.0
2026,9,British Grand Prix,R,HAM,Ferrari,26.0,2.0,HARD,3.0,92.667,29.465,37.806,25.396,318.0,264.0,247.0,322.0,1,True,False,True,False,2026-07-05 14:43:56.647,6.0,24.0,40.6,52.8,False,2.7,241.0
2026,9,British Grand Prix,R,HAM,Ferrari,27.0,2.0,HARD,4.0,92.916,29.511,38.123,25.282,322.0,263.0,245.0,326.0,1,True,False,True,False,2026-07-05 14:45:29.314,6.0,24.6,41.5,51.0,False,0.9,244.0
2026,9,British Grand Prix,R,HAM,Ferrari,28.0,2.0,HARD,5.0,92.922,29.538,37.801,25.583,323.0,263.0,245.0,327.0,1,True,False,True,False,2026-07-05 14:47:02.230,6.0,24.4,41.5,51.0,False,0.9,244.0
2026,9,British Grand Prix,R,HAM,Ferrari,29.0,2.0,HARD,6.0,94.747,29.684,38.638,26.425,322.0,242.0,245.0,300.0,1,True,False,True,False,2026-07-05 14:48:35.152,5.0,24.1,41.5,49.7,False,0.7,167.0
2026,9,British Grand Prix,R,HAM,Ferrari,30.0,2.0,HARD,7.0,93.207,29.647,37.983,25.576999999999998,322.0,262.0,244.0,339.0,1,True,False,True,False,2026-07-05 14:50:09.899,5.0,24.5,41.2,49.9,False,1.1,12.0
2026,9,British Grand Prix,R,HAM,Ferrari,31.0,2.0,HARD,8.0,94.738,29.786,38.735,26.217,331.0,248.0,246.0,301.0,1,True,False,True,False,2026-07-05 14:51:43.106,5.0,24.8,41.9,50.8,False,3.3,205.0
2026,9,British Grand Prix,R,HAM,Ferrari,32.0,2.0,HARD,9.0,93.746,29.808,38.157,25.781,314.0,258.0,245.0,313.0,1,True,False,True,False,2026-07-05 14:53:17.844,5.0,24.9,40.4,49.0,False,1.0,286.0
2026,9,British Grand Prix,R,HAM,Ferrari,33.0,2.0,HARD,10.0,93.882,29.969,38.265,25.648,317.0,258.0,243.0,317.0,1,True,False,True,False,2026-07-05 14:54:51.590,5.0,24.4,39.3,49.5,False,1.2,171.0
2026,9,British Grand Prix,R,HAM,Ferrari,34.0,2.0,HARD,11.0,93.896,29.79,38.469,25.637,326.0,261.0,241.0,351.0,1,True,False,True,False,2026-07-05 14:56:25.472,5.0,24.3,41.1,51.2,False,1.6,167.0
2026,9,British Grand Prix,R,HAM,Ferrari,35.0,2.0,HARD,12.0,94.034,29.803,38.349,25.882,315.0,260.0,245.0,328.0,1,True,False,True,False,2026-07-05 14:57:59.368,4.0,24.3,41.1,51.2,False,1.6,167.0
2026,9,British Grand Prix,R,HAM,Ferrari,36.0,2.0,HARD,13.0,93.993,29.841,38.473,25.679,317.0,257.0,246.0,321.0,1,True,False,True,False,2026-07-05 14:59:33.402,4.0,24.4,40.6,52.3,False,1.3,185.0
2026,9,British Grand Prix,R,HAM,Ferrari,37.0,2.0,HARD,14.0,93.738,29.59,38.11,26.038,321.0,258.0,237.0,333.0,1,True,False,True,False,2026-07-05 15:01:07.395,4.0,24.6,42.2,50.7,False,1.4,273.0
2026,9,British Grand Prix,R,HAM,Ferrari,38.0,2.0,HARD,15.0,99.294,29.884,38.13,31.28,319.0,261.0,160.0,316.0,126,True,False,False,False,2026-07-05 15:02:41.133,4.0,24.6,42.3,50.0,False,2.2,265.0
2026,9,British Grand Prix,R,HAM,Ferrari,39.0,2.0,HARD,16.0,111.594,40.239,46.045,25.31,215.0,260.0,249.0,331.0,671,True,False,False,False,2026-07-05 15:04:20.427,3.0,24.6,42.3,50.2,False,1.5,296.0
2026,9,British Grand Prix,R,HAM,Ferrari,40.0,2.0,HARD,17.0,93.742,29.533,38.363,25.846,313.0,259.0,247.0,299.0,1,True,False,True,False,2026-07-05 15:06:12.021,3.0,24.5,42.6,49.9,False,2.3,217.0
2026,9,British Grand Prix,R,HAM,Ferrari,41.0,2.0,HARD,18.0,93.421,30.021,38.018,25.382,306.0,259.0,250.0,308.0,1,True,False,True,False,2026-07-05 15:07:45.763,3.0,24.5,42.3,49.9,False,2.8,250.0
2026,9,British Grand Prix,R,HAM,Ferrari,42.0,2.0,HARD,19.0,93.337,29.462,37.99,25.885,310.0,255.0,247.0,298.0,1,True,False,True,False,2026-07-05 15:09:19.184,2.0,24.5,42.3,49.9,False,2.8,250.0
2026,9,British Grand Prix,R,HAM,Ferrari,43.0,2.0,HARD,20.0,93.029,29.611,37.907,25.511,312.0,260.0,247.0,309.0,1,True,False,True,False,2026-07-05 15:10:52.521,2.0,25.0,42.4,47.9,False,1.4,137.0
2026,9,British Grand Prix,R,HAM,Ferrari,44.0,2.0,HARD,21.0,93.042,29.57,37.819,25.653,313.0,260.0,245.0,318.0,1,True,False,True,False,2026-07-05 15:12:25.550,2.0,25.3,41.5,46.7,False,0.9,77.0
2026,9,British Grand Prix,R,HAM,Ferrari,45.0,2.0,HARD,22.0,92.783,29.587,37.899,25.297,311.0,261.0,248.0,312.0,1,True,False,True,False,2026-07-05 15:13:58.592,2.0,25.2,42.4,46.7,False,2.8,78.0
2026,9,British Grand Prix,R,HAM,Ferrari,46.0,2.0,HARD,23.0,92.973,29.566,37.842,25.565,313.0,260.0,246.0,301.0,1,True,False,True,False,2026-07-05 15:15:31.375,2.0,25.2,42.4,46.7,False,2.8,78.0
2026,9,British Grand Prix,R,HAM,Ferrari,47.0,2.0,HARD,24.0,93.06,29.764,37.896,25.4,309.0,261.0,248.0,307.0,12,True,False,True,False,2026-07-05 15:17:04.348,2.0,25.0,42.4,46.7,False,2.8,78.0
2026,9,British Grand Prix,R,HAM,Ferrari,48.0,2.0,HARD,25.0,121.755,39.405,48.611,33.739,231.0,179.0,,221.0,24,True,False,False,False,2026-07-05 15:18:37.408,2.0,25.0,42.4,46.7,False,2.8,78.0
2026,9,British Grand Prix,R,HAM,Ferrari,49.0,3.0,SOFT,4.0,149.166,59.472,50.406,39.288,216.0,179.0,252.0,252.0,4,False,False,False,False,2026-07-05 15:20:39.163,3.0,25.0,43.8,48.3,False,0.4,146.0
2026,9,British Grand Prix,R,HAM,Ferrari,50.0,3.0,SOFT,5.0,,45.015,70.398,48.231,141.0,87.0,97.0,80.0,4,False,False,False,False,2026-07-05 15:23:08.329,3.0,24.8,42.9,49.0,False,1.4,263.0
2026,9,British Grand Prix,R,HAM,Ferrari,51.0,3.0,SOFT,6.0,,60.5,66.61,44.175,80.0,98.0,138.0,141.0,4,False,False,False,False,2026-07-05 15:25:52.039,3.0,24.9,42.6,48.6,False,1.1,220.0
2026,9,British Grand Prix,R,HAM,Ferrari,52.0,3.0,SOFT,7.0,143.14,46.926,59.382,36.832,162.0,132.0,196.0,186.0,4,False,False,False,False,2026-07-05 15:28:43.348,3.0,25.3,41.5,48.5,False,3.3,231.0
2026,9,British Grand Prix,R,BOR,Audi,1.0,1.0,MEDIUM,1.0,105.208,,41.287,28.007,315.0,250.0,230.0,308.0,12,True,False,False,False,2026-07-05 14:03:54.055,13.0,22.8,37.9,55.9,False,1.4,212.0
2026,9,British Grand Prix,R,BOR,Audi,2.0,1.0,MEDIUM,2.0,96.134,30.728,39.366,26.04,295.0,256.0,241.0,332.0,12,True,True,True,False,2026-07-05 14:05:39.499,11.0,22.9,37.8,56.6,False,0.5,345.0
2026,9,British Grand Prix,R,BOR,Audi,3.0,1.0,MEDIUM,3.0,96.169,30.357,39.114,26.698,292.0,253.0,242.0,308.0,1,True,False,True,False,2026-07-05 14:07:15.633,11.0,23.0,37.6,55.8,False,0.7,248.0
2026,9,British Grand Prix,R,BOR,Audi,4.0,1.0,MEDIUM,4.0,96.262,30.499,39.156,26.607,294.0,255.0,242.0,310.0,1,True,False,True,False,2026-07-05 14:08:51.802,11.0,23.2,39.2,54.5,False,0.9,123.0
2026,9,British Grand Prix,R,BOR,Audi,5.0,1.0,MEDIUM,5.0,96.569,30.235,40.014,26.32,326.0,253.0,243.0,296.0,1,True,False,True,False,2026-07-05 14:10:28.064,10.0,23.2,37.6,55.3,False,1.5,171.0
2026,9,British Grand Prix,R,BOR,Audi,6.0,1.0,MEDIUM,6.0,96.503,30.695,39.376,26.432,287.0,254.0,245.0,294.0,1,True,False,True,False,2026-07-05 14:12:04.633,10.0,23.1,37.8,55.9,False,1.8,220.0
2026,9,British Grand Prix,R,BOR,Audi,7.0,1.0,MEDIUM,7.0,95.792,30.486,39.048,26.258,288.0,254.0,245.0,295.0,1,True,True,True,False,2026-07-05 14:13:41.136,10.0,23.4,38.2,56.2,False,1.6,233.0
2026,9,British Grand Prix,R,BOR,Audi,8.0,1.0,MEDIUM,8.0,95.972,30.533,39.181,26.258,288.0,253.0,246.0,295.0,1,True,False,True,False,2026-07-05 14:15:16.928,10.0,23.1,38.7,55.8,False,1.1,294.0
2026,9,British Grand Prix,R,BOR,Audi,9.0,1.0,MEDIUM,9.0,96.141,30.466,39.32,26.355,289.0,252.0,242.0,299.0,1,True,False,True,False,2026-07-05 14:16:52.900,10.0,23.3,40.7,54.5,False,1.0,238.0
2026,9,British Grand Prix,R,BOR,Audi,10.0,1.0,MEDIUM,10.0,96.116,30.555,39.279,26.282,290.0,253.0,242.0,298.0,1,True,False,True,False,2026-07-05 14:18:29.041,10.0,23.4,41.1,53.5,False,0.8,193.0
2026,9,British Grand Prix,R,BOR,Audi,11.0,1.0,MEDIUM,11.0,95.671,30.398,39.007,26.266,289.0,254.0,245.0,298.0,1,True,True,True,False,2026-07-05 14:20:05.157,10.0,23.4,41.1,53.5,False,0.8,193.0
2026,9,British Grand Prix,R,BOR,Audi,12.0,1.0,MEDIUM,12.0,95.88,30.431,39.034,26.415,292.0,255.0,244.0,298.0,1,True,False,True,False,2026-07-05 14:21:40.828,10.0,23.4,41.1,53.5,False,0.8,193.0
2026,9,British Grand Prix,R,BOR,Audi,13.0,1.0,MEDIUM,13.0,96.293,30.461,39.335,26.497,292.0,254.0,243.0,300.0,1,True,False,True,False,2026-07-05 14:23:16.708,10.0,23.7,40.2,53.3,False,2.9,227.0
2026,9,British Grand Prix,R,BOR,Audi,14.0,1.0,MEDIUM,14.0,95.862,30.279,39.33,26.253,295.0,253.0,245.0,298.0,1,True,False,True,False,2026-07-05 14:24:53.001,10.0,23.8,39.2,53.2,False,2.8,246.0
2026,9,British Grand Prix,R,BOR,Audi,15.0,1.0,MEDIUM,15.0,95.766,30.283,39.237,26.246,291.0,254.0,245.0,298.0,1,True,False,True,False,2026-07-05 14:26:28.863,10.0,23.5,39.2,53.2,False,2.8,246.0
2026,9,British Grand Prix,R,BOR,Audi,16.0,1.0,MEDIUM,16.0,96.062,30.476,39.345,26.241,292.0,253.0,246.0,295.0,1,True,False,True,False,2026-07-05 14:28:04.629,10.0,23.6,39.2,53.2,False,2.8,246.0
2026,9,British Grand Prix,R,BOR,Audi,17.0,1.0,MEDIUM,17.0,95.662,30.21,39.201,26.251,292.0,254.0,246.0,295.0,1,True,True,True,False,2026-07-05 14:29:40.691,10.0,23.5,37.6,54.3,False,3.1,267.0
2026,9,British Grand Prix,R,BOR,Audi,18.0,1.0,MEDIUM,18.0,95.885,30.232,39.227,26.426,290.0,255.0,245.0,295.0,1,True,False,True,False,2026-07-05 14:31:16.353,10.0,23.4,37.6,54.3,False,3.1,267.0
2026,9,British Grand Prix,R,BOR,Audi,19.0,1.0,MEDIUM,19.0,95.876,30.321,39.336,26.219,291.0,256.0,245.0,297.0,1,True,False,True,False,2026-07-05 14:32:52.238,10.0,23.7,38.9,53.4,False,1.3,295.0
2026,9,British Grand Prix,R,BOR,Audi,20.0,1.0,MEDIUM,20.0,96.716,30.375,39.92,26.421,291.0,254.0,244.0,306.0,1,True,False,True,False,2026-07-05 14:34:28.114,10.0,24.3,38.9,53.4,False,1.3,295.0
2026,9,British Grand Prix,R,BOR,Audi,21.0,1.0,MEDIUM,21.0,96.56,30.351,38.96,27.249,294.0,256.0,136.0,297.0,16,True,False,False,False,2026-07-05 14:36:04.830,10.0,23.9,38.9,53.4,False,1.3,295.0
2026,9,British Grand Prix,R,BOR,Audi,22.0,1.0,MEDIUM,22.0,104.884,39.414,39.179,26.291,292.0,257.0,240.0,297.0,671,True,False,False,False,2026-07-05 14:37:41.390,10.0,23.8,38.9,51.4,False,2.4,209.0
2026,9,British Grand Prix,R,BOR,Audi,23.0,1.0,MEDIUM,23.0,95.718,30.3,39.145,26.273,295.0,256.0,245.0,300.0,1,True,False,True,False,2026-07-05 14:39:26.274,10.0,23.8,40.7,53.9,False,1.3,223.0
2026,9,British Grand Prix,R,BOR,Audi,24.0,1.0,MEDIUM,24.0,95.663,30.251,39.126,26.286,294.0,256.0,244.0,299.0,1,True,False,True,False,2026-07-05 14:41:01.992,10.0,24.0,40.6,54.4,False,2.2,230.0
2026,9,British Grand Prix,R,BOR,Audi,25.0,1.0,MEDIUM,25.0,95.525,30.074,39.022,26.429,293.0,256.0,244.0,300.0,1,True,True,True,False,2026-07-05 14:42:37.655,10.0,24.3,40.6,52.8,False,2.7,241.0
2026,9,British Grand Prix,R,BOR,Audi,26.0,1.0,MEDIUM,26.0,95.15,30.065,39.531,25.554,299.0,257.0,,301.0,1,True,False,False,False,2026-07-05 14:44:13.180,10.0,24.0,40.6,52.8,False,2.7,241.0
2026,9,British Grand Prix,R,BOR,Audi,27.0,2.0,HARD,1.0,114.633,50.38,38.306,25.947,288.0,258.0,246.0,295.0,1,True,False,False,False,2026-07-05 14:45:48.330,10.0,24.6,41.5,51.0,False,0.9,244.0
2026,9,British Grand Prix,R,BOR,Audi,28.0,2.0,HARD,2.0,94.07,29.733,38.502,25.835,302.0,260.0,248.0,310.0,1,True,True,True,False,2026-07-05 14:47:42.963,10.0,24.4,41.5,49.7,False,0.7,167.0
2026,9,British Grand Prix,R,BOR,Audi,29.0,2.0,HARD,3.0,93.776,29.731,38.138,25.907,295.0,260.0,248.0,310.0,1,True,True,True,False,2026-07-05 14:49:17.033,10.0,24.1,41.5,49.7,False,0.7,167.0
2026,9,British Grand Prix,R,BOR,Audi,30.0,2.0,HARD,4.0,93.65,29.78,38.063,25.807,292.0,260.0,248.0,309.0,1,True,True,True,False,2026-07-05 14:50:50.809,10.0,24.5,42.1,50.2,False,1.5,323.0
2026,9,British Grand Prix,R,BOR,Audi,31.0,2.0,HARD,5.0,94.158,29.958,38.371,25.829,292.0,258.0,248.0,308.0,1,True,False,True,False,2026-07-05 14:52:24.459,10.0,24.9,40.4,49.0,False,1.0,286.0
2026,9,British Grand Prix,R,BOR,Audi,32.0,2.0,HARD,6.0,94.422,29.895,38.555,25.972,294.0,256.0,246.0,300.0,1,True,False,True,False,2026-07-05 14:53:58.617,10.0,24.4,39.4,50.3,False,1.6,206.0
2026,9,British Grand Prix,R,BOR,Audi,33.0,2.0,HARD,7.0,94.652,30.037,38.539,26.076,292.0,256.0,247.0,299.0,1,True,False,True,False,2026-07-05 14:55:33.039,10.0,24.3,39.3,49.5,False,1.2,171.0
2026,9,British Grand Prix,R,BOR,Audi,34.0,2.0,HARD,8.0,94.485,30.004,38.53,25.951,292.0,258.0,247.0,302.0,1,True,False,True,False,2026-07-05 14:57:07.691,10.0,24.3,41.1,51.2,False,1.6,167.0
2026,9,British Grand Prix,R,BOR,Audi,35.0,2.0,HARD,9.0,94.516,30.099,38.408,26.009,290.0,258.0,247.0,301.0,1,True,False,True,False,2026-07-05 14:58:42.176,10.0,24.5,40.6,52.3,False,1.3,185.0
2026,9,British Grand Prix,R,BOR,Audi,36.0,2.0,HARD,10.0,94.588,30.041,38.59,25.957,292.0,258.0,249.0,300.0,1,True,False,True,False,2026-07-05 15:00:16.692,10.0,24.4,40.6,52.3,False,1.3,185.0
2026,9,British Grand Prix,R,BOR,Audi,37.0,2.0,HARD,11.0,94.507,29.938,38.596,25.973,293.0,259.0,246.0,299.0,1,True,False,True,False,2026-07-05 15:01:51.280,10.0,24.4,42.3,50.0,False,2.2,265.0
2026,9,British Grand Prix,R,BOR,Audi,38.0,2.0,HARD,12.0,114.01,30.062,52.073,31.875,291.0,239.0,170.0,274.0,1267,True,False,False,False,2026-07-05 15:03:25.787,10.0,24.6,42.3,50.2,False,1.5,296.0
2026,9,British Grand Prix,R,BOR,Audi,39.0,2.0,HARD,13.0,97.83,33.467,38.436,25.927,293.0,259.0,249.0,300.0,71,True,False,False,False,2026-07-05 15:05:19.797,10.0,24.5,41.7,50.4,False,1.6,262.0
2026,9,British Grand Prix,R,BOR,Audi,40.0,2.0,HARD,14.0,94.412,29.93,38.369,26.113,295.0,260.0,249.0,297.0,1,True,False,True,False,2026-07-05 15:06:57.627,10.0,24.5,41.3,50.1,False,2.3,287.0
2026,9,British Grand Prix,R,BOR,Audi,41.0,2.0,HARD,15.0,94.648,29.953,38.777,25.918,296.0,258.0,248.0,304.0,1,True,False,True,False,2026-07-05 15:08:32.039,10.0,24.5,42.3,49.9,False,2.8,250.0
2026,9,British Grand Prix,R,BOR,Audi,42.0,2.0,HARD,16.0,94.452,29.801,38.677,25.974,294.0,258.0,248.0,301.0,1,True,False,True,False,2026-07-05 15:10:06.687,10.0,24.8,42.3,49.8,False,0.8,180.0
2026,9,British Grand Prix,R,BOR,Audi,43.0,2.0,HARD,17.0,94.658,29.965,38.697,25.996,291.0,258.0,249.0,299.0,1,True,False,True,False,2026-07-05 15:11:41.139,10.0,25.0,41.5,46.7,False,0.9,77.0
2026,9,British Grand Prix,R,BOR,Audi,44.0,2.0,HARD,18.0,94.402,29.968,38.495,25.939,293.0,259.0,249.0,297.0,1,True,False,True,False,2026-07-05 15:13:15.797,9.0,25.3,41.5,46.7,False,0.9,77.0
2026,9,British Grand Prix,R,BOR,Audi,45.0,2.0,HARD,19.0,94.239,29.843,38.525,25.871,292.0,260.0,249.0,299.0,1,True,False,True,False,2026-07-05 15:14:50.199,9.0,25.2,42.4,46.7,False,2.8,78.0
2026,9,British Grand Prix,R,BOR,Audi,46.0,2.0,HARD,20.0,94.538,29.915,38.558,26.065,293.0,258.0,250.0,296.0,1,True,False,True,False,2026-07-05 15:16:24.438,9.0,25.2,42.4,46.7,False,2.8,78.0
2026,9,British Grand Prix,R,BOR,Audi,47.0,2.0,HARD,21.0,106.046,29.929,45.853,30.264,294.0,232.0,,229.0,124,True,False,False,False,2026-07-05 15:17:58.976,8.0,24.9,42.4,46.7,False,2.8,78.0
2026,9,British Grand Prix,R,BOR,Audi,48.0,3.0,SOFT,1.0,142.964,57.885,51.694,33.385,184.0,144.0,224.0,264.0,4,True,False,False,False,2026-07-05 15:19:45.022,8.0,25.0,43.7,48.3,False,1.1,249.0
2026,9,British Grand Prix,R,BOR,Audi,49.0,3.0,SOFT,2.0,103.684,32.507,40.523,30.654,268.0,264.0,223.0,295.0,4,True,False,False,False,2026-07-05 15:22:07.986,8.0,24.9,43.7,49.0,False,2.7,232.0
2026,9,British Grand Prix,R,BOR,Audi,50.0,3.0,SOFT,3.0,132.538,32.051,51.834,48.653,277.0,108.0,81.0,196.0,4,True,False,False,False,2026-07-05 15:23:51.670,8.0,25.0,42.9,48.6,False,3.7,251.0
2026,9,British Grand Prix,R,BOR,Audi,51.0,3.0,SOFT,4.0,,51.856,68.162,43.09,162.0,117.0,148.0,155.0,4,True,False,False,False,2026-07-05 15:26:04.208,8.0,24.9,42.6,48.6,False,1.1,220.0
2026,9,British Grand Prix,R,BOR,Audi,52.0,3.0,SOFT,5.0,140.723,46.097,60.106,34.52,212.0,125.0,242.0,222.0,4,True,False,False,False,2026-07-05 15:28:47.370,8.0,25.3,41.5,48.5,False,3.3,231.0
2026,9,British Grand Prix,R,SAI,Williams,1.0,1.0,MEDIUM,1.0,103.989,,40.704,27.146,316.0,251.0,230.0,302.0,12,True,False,False,False,2026-07-05 14:03:54.055,10.0,22.8,37.9,55.9,False,1.4,212.0
2026,9,British Grand Prix,R,SAI,Williams,2.0,1.0,MEDIUM,2.0,96.527,31.004,39.164,26.359,287.0,256.0,245.0,308.0,12,True,True,True,False,2026-07-05 14:05:38.280,10.0,22.9,37.8,56.6,False,0.5,345.0
2026,9,British Grand Prix,R,SAI,Williams,3.0,1.0,MEDIUM,3.0,96.47,30.254,39.468,26.748,293.0,253.0,242.0,304.0,1,True,True,True,False,2026-07-05 14:07:14.807,10.0,23.0,37.6,55.8,False,0.7,248.0
2026,9,British Grand Prix,R,SAI,Williams,4.0,1.0,MEDIUM,4.0,96.292,30.356,39.349,26.587,296.0,255.0,238.0,308.0,1,True,True,True,False,2026-07-05 14:08:51.277,10.0,23.2,39.2,54.5,False,0.9,123.0
2026,9,British Grand Prix,R,SAI,Williams,5.0,1.0,MEDIUM,5.0,98.075,30.71,39.812,27.553,305.0,243.0,238.0,295.0,1,True,False,True,False,2026-07-05 14:10:27.569,11.0,23.2,37.6,55.3,False,1.5,171.0
2026,9,British Grand Prix,R,SAI,Williams,6.0,1.0,MEDIUM,6.0,97.424,30.479,39.556,27.389,300.0,255.0,241.0,309.0,1,True,False,True,False,2026-07-05 14:12:05.644,12.0,23.1,37.8,55.9,False,1.8,220.0
2026,9,British Grand Prix,R,SAI,Williams,7.0,1.0,MEDIUM,7.0,97.155,30.451,39.366,27.338,312.0,253.0,245.0,295.0,1,True,False,True,False,2026-07-05 14:13:43.068,12.0,23.4,38.2,56.2,False,1.6,233.0
2026,9,British Grand Prix,R,SAI,Williams,8.0,1.0,MEDIUM,8.0,97.177,30.258,39.657,27.262,330.0,250.0,243.0,294.0,1,True,False,True,False,2026-07-05 14:15:20.223,12.0,23.1,38.7,55.8,False,1.1,294.0
2026,9,British Grand Prix,R,SAI,Williams,9.0,1.0,MEDIUM,9.0,97.749,30.977,39.7,27.072,298.0,253.0,241.0,316.0,1,True,False,True,False,2026-07-05 14:16:57.400,13.0,23.3,40.7,54.5,False,1.0,238.0
2026,9,British Grand Prix,R,SAI,Williams,10.0,1.0,MEDIUM,10.0,97.881,30.959,40.115,26.807,315.0,252.0,240.0,305.0,1,True,False,True,False,2026-07-05 14:18:35.149,13.0,23.4,41.1,53.5,False,0.8,193.0
2026,9,British Grand Prix,R,SAI,Williams,11.0,1.0,MEDIUM,11.0,96.954,30.584,39.638,26.732,298.0,253.0,243.0,304.0,1,True,False,True,False,2026-07-05 14:20:13.030,13.0,23.4,41.1,53.5,False,0.8,193.0
2026,9,British Grand Prix,R,SAI,Williams,12.0,1.0,MEDIUM,12.0,96.976,30.56,39.697,26.719,296.0,253.0,242.0,302.0,1,True,False,True,False,2026-07-05 14:21:49.984,13.0,23.4,41.1,53.5,False,0.8,193.0
2026,9,British Grand Prix,R,SAI,Williams,13.0,1.0,MEDIUM,13.0,96.635,30.455,39.517,26.663,295.0,253.0,243.0,300.0,1,True,False,True,False,2026-07-05 14:23:26.960,13.0,23.8,40.0,52.8,False,2.6,248.0
2026,9,British Grand Prix,R,SAI,Williams,14.0,1.0,MEDIUM,14.0,96.051,30.146,39.37,26.535,296.0,254.0,243.0,303.0,1,True,True,True,False,2026-07-05 14:25:03.595,13.0,23.8,39.2,53.2,False,2.8,246.0
2026,9,British Grand Prix,R,SAI,Williams,15.0,1.0,MEDIUM,15.0,96.383,30.243,39.584,26.556,297.0,255.0,245.0,302.0,1,True,False,True,False,2026-07-05 14:26:39.646,13.0,23.5,39.2,53.2,False,2.8,246.0
2026,9,British Grand Prix,R,SAI,Williams,16.0,1.0,MEDIUM,16.0,96.554,30.453,39.615,26.486,295.0,253.0,243.0,296.0,1,True,False,True,False,2026-07-05 14:28:16.029,13.0,23.6,39.2,53.2,False,2.8,246.0
2026,9,British Grand Prix,R,SAI,Williams,17.0,1.0,MEDIUM,17.0,96.586,30.119,39.569,26.898,297.0,254.0,241.0,298.0,1,True,False,True,False,2026-07-05 14:29:52.583,13.0,23.5,37.6,54.3,False,3.1,267.0
2026,9,British Grand Prix,R,SAI,Williams,18.0,1.0,MEDIUM,18.0,96.657,30.422,39.39,26.845,297.0,254.0,243.0,297.0,1,True,False,True,False,2026-07-05 14:31:29.169,13.0,23.5,37.6,54.3,False,3.1,267.0
2026,9,British Grand Prix,R,SAI,Williams,19.0,1.0,MEDIUM,19.0,96.288,30.239,39.468,26.581,294.0,257.0,244.0,300.0,1,True,False,True,False,2026-07-05 14:33:05.826,13.0,23.7,38.9,53.4,False,1.3,295.0
2026,9,British Grand Prix,R,SAI,Williams,20.0,1.0,MEDIUM,20.0,95.516,30.268,39.323,25.925,300.0,253.0,,297.0,1,True,False,False,False,2026-07-05 14:34:42.114,13.0,24.3,38.9,53.4,False,1.3,295.0
2026,9,British Grand Prix,R,SAI,Williams,21.0,2.0,HARD,1.0,125.649,51.054,45.031,29.564,303.0,166.0,238.0,263.0,167,True,False,False,False,2026-07-05 14:36:17.630,16.0,23.9,38.9,53.4,False,1.3,295.0
2026,9,British Grand Prix,R,SAI,Williams,22.0,2.0,HARD,2.0,95.449,30.598,38.711,26.14,288.0,256.0,249.0,296.0,1,True,True,True,False,2026-07-05 14:38:23.279,14.0,23.8,38.9,51.4,False,2.4,209.0
2026,9,British Grand Prix,R,SAI,Williams,23.0,2.0,HARD,3.0,94.923,30.087,38.562,26.274,297.0,257.0,249.0,299.0,1,True,True,True,False,2026-07-05 14:39:58.728,14.0,23.8,40.7,53.9,False,1.3,223.0
2026,9,British Grand Prix,R,SAI,Williams,24.0,2.0,HARD,4.0,96.537,30.238,39.828,26.471,303.0,253.0,246.0,298.0,1,True,False,True,False,2026-07-05 14:41:33.651,13.0,23.9,40.6,52.8,False,2.7,241.0
2026,9,British Grand Prix,R,SAI,Williams,25.0,2.0,HARD,5.0,96.742,30.437,39.231,27.074,292.0,257.0,241.0,309.0,1,True,False,True,False,2026-07-05 14:43:10.188,15.0,24.3,40.6,52.8,False,2.7,241.0
2026,9,British Grand Prix,R,SAI,Williams,26.0,2.0,HARD,6.0,95.549,30.032,39.111,26.406,313.0,259.0,245.0,314.0,1,True,False,True,False,2026-07-05 14:44:46.930,15.0,24.6,40.6,52.8,False,2.7,241.0
2026,9,British Grand Prix,R,SAI,Williams,27.0,2.0,HARD,7.0,95.707,29.917,39.167,26.623,304.0,258.0,237.0,338.0,1,True,False,True,False,2026-07-05 14:46:22.479,15.0,24.6,41.5,51.0,False,0.9,244.0
2026,9,British Grand Prix,R,SAI,Williams,28.0,2.0,HARD,8.0,95.769,30.16,38.974,26.635,332.0,255.0,245.0,296.0,1,True,False,True,False,2026-07-05 14:47:58.186,14.0,24.4,41.5,49.7,False,0.7,167.0
2026,9,British Grand Prix,R,SAI,Williams,29.0,2.0,HARD,9.0,95.453,30.263,38.827,26.363,292.0,256.0,246.0,301.0,1,True,False,True,False,2026-07-05 14:49:33.955,14.0,24.5,41.2,49.9,False,1.1,12.0
2026,9,British Grand Prix,R,SAI,Williams,30.0,2.0,HARD,10.0,95.522,30.236,38.931,26.355,292.0,256.0,246.0,299.0,1,True,False,True,False,2026-07-05 14:51:09.408,14.0,24.5,42.1,50.2,False,1.5,323.0
2026,9,British Grand Prix,R,SAI,Williams,31.0,2.0,HARD,11.0,95.62,30.123,39.146,26.351,293.0,255.0,248.0,298.0,1,True,False,True,False,2026-07-05 14:52:44.930,14.0,24.9,40.4,49.0,False,1.0,286.0
2026,9,British Grand Prix,R,SAI,Williams,32.0,2.0,HARD,12.0,97.184,30.568,40.01,26.606,229.0,255.0,243.0,303.0,1,True,False,True,False,2026-07-05 14:54:20.550,14.0,24.4,39.4,50.3,False,1.6,206.0
2026,9,British Grand Prix,R,SAI,Williams,33.0,2.0,HARD,13.0,96.566,30.181,39.159,27.226,301.0,256.0,239.0,308.0,1,True,False,True,False,2026-07-05 14:55:57.734,15.0,24.3,39.3,49.5,False,1.2,171.0
2026,9,British Grand Prix,R,SAI,Williams,34.0,2.0,HARD,14.0,97.358,30.134,40.251,26.973,332.0,249.0,241.0,301.0,1,True,False,True,False,2026-07-05 14:57:34.300,15.0,24.3,41.1,51.2,False,1.6,167.0
2026,9,British Grand Prix,R,SAI,Williams,35.0,2.0,HARD,15.0,95.775,30.185,39.248,26.342,298.0,258.0,245.0,310.0,1,True,False,True,False,2026-07-05 14:59:11.658,14.0,24.5,40.6,52.3,False,1.3,185.0
2026,9,British Grand Prix,R,SAI,Williams,36.0,2.0,HARD,16.0,96.697,30.158,40.293,26.246,301.0,257.0,246.0,313.0,1,True,False,True,False,2026-07-05 15:00:47.433,14.0,24.6,42.2,50.7,False,1.4,273.0
2026,9,British Grand Prix,R,SAI,Williams,37.0,2.0,HARD,17.0,96.901,30.222,39.128,27.551,294.0,258.0,238.0,272.0,12,True,False,True,False,2026-07-05 15:02:24.130,13.0,24.4,42.3,50.0,False,2.2,265.0
2026,9,British Grand Prix,R,SAI,Williams,38.0,2.0,HARD,18.0,119.393,41.473,51.487,26.433,228.0,260.0,247.0,314.0,2671,True,False,False,False,2026-07-05 15:04:01.031,13.0,24.6,42.3,50.2,False,1.5,296.0
2026,9,British Grand Prix,R,SAI,Williams,39.0,2.0,HARD,19.0,95.26,30.04,38.878,26.342,296.0,258.0,246.0,301.0,1,True,False,True,False,2026-07-05 15:06:00.424,13.0,24.5,42.6,49.9,False,2.3,217.0
2026,9,British Grand Prix,R,SAI,Williams,40.0,2.0,HARD,20.0,95.542,30.162,39.043,26.337,293.0,257.0,248.0,299.0,1,True,False,True,False,2026-07-05 15:07:35.684,13.0,24.5,42.3,49.9,False,2.8,250.0
2026,9,British Grand Prix,R,SAI,Williams,41.0,2.0,HARD,21.0,95.553,30.017,39.18,26.356,299.0,258.0,248.0,301.0,1,True,False,True,False,2026-07-05 15:09:11.226,13.0,24.5,42.3,49.9,False,2.8,250.0
2026,9,British Grand Prix,R,SAI,Williams,42.0,2.0,HARD,22.0,95.085,29.768,38.921,26.396,300.0,259.0,247.0,304.0,1,True,False,True,False,2026-07-05 15:10:46.779,13.0,25.0,42.4,47.9,False,1.4,137.0
2026,9,British Grand Prix,R,SAI,Williams,43.0,2.0,HARD,23.0,95.666,29.842,39.415,26.409,305.0,258.0,245.0,300.0,1,True,False,True,False,2026-07-05 15:12:21.864,13.0,25.0,41.5,46.7,False,0.9,77.0
2026,9,British Grand Prix,R,SAI,Williams,44.0,2.0,HARD,24.0,96.988,30.461,39.718,26.809,231.0,260.0,241.0,326.0,1,True,False,True,False,2026-07-05 15:13:57.530,14.0,25.2,42.4,46.7,False,2.8,78.0
2026,9,British Grand Prix,R,SAI,Williams,45.0,2.0,HARD,25.0,95.6,30.122,39.103,26.375,303.0,261.0,244.0,311.0,1,True,False,True,False,2026-07-05 15:15:34.518,14.0,25.2,42.4,46.7,False,2.8,78.0
2026,9,British Grand Prix,R,SAI,Williams,46.0,2.0,HARD,26.0,96.704,30.325,39.557,26.822,244.0,260.0,244.0,307.0,12,True,False,True,False,2026-07-05 15:17:10.118,14.0,25.0,42.4,46.7,False,2.8,78.0
2026,9,British Grand Prix,R,SAI,Williams,47.0,2.0,HARD,27.0,128.204,39.517,54.426,34.261,207.0,210.0,200.0,263.0,24,True,False,False,False,2026-07-05 15:18:46.822,13.0,25.0,42.4,46.7,False,2.8,78.0
2026,9,British Grand Prix,R,SAI,Williams,48.0,2.0,HARD,28.0,120.574,38.253,50.975,31.346,253.0,190.0,,220.0,4,True,False,False,False,2026-07-05 15:20:55.026,12.0,25.0,43.8,48.3,False,0.4,146.0
2026,9,British Grand Prix,R,SAI,Williams,49.0,3.0,SOFT,1.0,,59.148,70.561,48.184,141.0,110.0,85.0,115.0,4,True,False,False,False,2026-07-05 15:22:55.600,13.0,24.8,42.9,49.0,False,1.4,263.0
2026,9,British Grand Prix,R,SAI,Williams,50.0,3.0,SOFT,2.0,98.352,34.767,37.981,25.604,310.0,265.0,256.0,305.0,4,True,False,False,False,2026-07-05 15:25:53.535,13.0,24.9,42.6,48.6,False,1.1,220.0
2026,9,British Grand Prix,R,SAI,Williams,51.0,3.0,SOFT,3.0,92.734,29.169,37.71,25.855,300.0,265.0,250.0,300.0,4,True,True,False,False,2026-07-05 15:27:31.887,13.0,25.5,41.4,47.7,False,4.2,267.0
2026,9,British Grand Prix,R,SAI,Williams,52.0,3.0,SOFT,4.0,125.438,35.887,55.811,33.74,173.0,150.0,233.0,265.0,4,True,False,False,False,2026-07-05 15:29:04.621,13.0,25.3,41.5,48.5,False,3.3,231.0
2026,9,British Grand Prix,R,HAD,Red Bull Racing,1.0,1.0,MEDIUM,1.0,98.756,,39.212,25.966,314.0,256.0,249.0,311.0,12,True,False,False,False,2026-07-05 14:03:54.055,5.0,22.8,37.9,55.9,False,1.4,212.0
2026,9,British Grand Prix,R,HAD,Red Bull Racing,2.0,1.0,MEDIUM,2.0,94.945,30.149,39.107,25.689,313.0,258.0,244.0,328.0,12,True,True,True,False,2026-07-05 14:05:33.047,5.0,22.9,37.8,56.6,False,0.5,345.0
2026,9,British Grand Prix,R,HAD,Red Bull Racing,3.0,1.0,MEDIUM,3.0,96.372,30.737,39.556,26.079,308.0,256.0,244.0,331.0,1,True,False,True,False,2026-07-05 14:07:07.992,6.0,23.0,37.6,55.8,False,0.7,248.0
2026,9,British Grand Prix,R,HAD,Red Bull Racing,4.0,1.0,MEDIUM,4.0,94.846,29.919,38.927,26.0,311.0,258.0,247.0,313.0,1,True,True,True,False,2026-07-05 14:08:44.364,6.0,23.2,39.2,54.5,False,0.9,123.0
2026,9,British Grand Prix,R,HAD,Red Bull Racing,5.0,1.0,MEDIUM,5.0,95.002,30.016,38.833,26.153,310.0,258.0,247.0,310.0,1,True,False,True,False,2026-07-05 14:10:19.210,6.0,23.3,38.1,54.8,False,1.4,100.0
2026,9,British Grand Prix,R,HAD,Red Bull Racing,6.0,1.0,MEDIUM,6.0,94.531,29.878,38.67,25.983,313.0,259.0,246.0,313.0,1,True,True,True,False,2026-07-05 14:11:54.212,6.0,23.1,37.8,55.9,False,1.8,220.0
2026,9,British Grand Prix,R,HAD,Red Bull Racing,7.0,1.0,MEDIUM,7.0,94.882,29.959,38.81,26.113,311.0,257.0,246.0,306.0,1,True,False,True,False,2026-07-05 14:13:28.743,6.0,23.4,38.2,56.2,False,1.6,233.0
2026,9,British Grand Prix,R,HAD,Red Bull Racing,8.0,1.0,MEDIUM,8.0,95.17,30.257,38.892,26.021,301.0,256.0,247.0,304.0,1,True,False,True,False,2026-07-05 14:15:03.625,6.0,23.1,38.7,55.8,False,1.1,294.0
2026,9,British Grand Prix,R,HAD,Red Bull Racing,9.0,1.0,MEDIUM,9.0,95.34,30.295,39.008,26.037,304.0,256.0,246.0,305.0,1,True,False,True,False,2026-07-05 14:16:38.795,6.0,23.3,40.7,54.5,False,1.0,238.0
2026,9,British Grand Prix,R,HAD,Red Bull Racing,10.0,1.0,MEDIUM,10.0,95.537,30.313,39.133,26.091,301.0,256.0,243.0,304.0,1,True,False,True,False,2026-07-05 14:18:14.135,6.0,23.3,41.1,54.1,False,1.9,264.0
2026,9,British Grand Prix,R,HAD,Red Bull Racing,11.0,1.0,MEDIUM,11.0,95.653,30.168,39.198,26.287,301.0,254.0,245.0,300.0,1,True,False,True,False,2026-07-05 14:19:49.672,6.0,23.4,41.1,53.5,False,0.8,193.0
2026,9,British Grand Prix,R,HAD,Red Bull Racing,12.0,1.0,MEDIUM,12.0,95.565,30.294,39.059,26.212,300.0,253.0,244.0,302.0,1,True,False,True,False,2026-07-05 14:21:25.325,6.0,23.4,41.1,53.5,False,0.8,193.0
2026,9,British Grand Prix,R,HAD,Red Bull Racing,13.0,1.0,MEDIUM,13.0,95.336,30.227,39.052,26.057,300.0,257.0,246.0,302.0,1,True,False,True,False,2026-07-05 14:23:00.890,6.0,23.7,40.2,53.3,False,2.9,227.0
2026,9,British Grand Prix,R,HAD,Red Bull Racing,14.0,1.0,MEDIUM,14.0,95.029,30.044,39.071,25.914,302.0,260.0,247.0,313.0,1,True,False,True,False,2026-07-05 14:24:36.226,6.0,23.8,39.2,53.2,False,2.8,246.0
2026,9,British Grand Prix,R,HAD,Red Bull Racing,15.0,1.0,MEDIUM,15.0,95.305,30.041,39.163,26.101,301.0,256.0,246.0,298.0,1,True,False,True,False,2026-07-05 14:26:11.255,6.0,23.7,39.2,53.2,False,2.8,246.0
2026,9,British Grand Prix,R,HAD,Red Bull Racing,16.0,1.0,MEDIUM,16.0,95.184,30.213,38.964,26.007,300.0,257.0,245.0,300.0,1,True,False,True,False,2026-07-05 14:27:46.560,6.0,23.6,39.2,53.2,False,2.8,246.0
2026,9,British Grand Prix,R,HAD,Red Bull Racing,17.0,1.0,MEDIUM,17.0,95.382,30.104,38.943,26.335,299.0,256.0,246.0,298.0,1,True,False,True,False,2026-07-05 14:29:21.744,6.0,23.6,38.6,53.5,False,1.3,288.0
2026,9,British Grand Prix,R,HAD,Red Bull Racing,18.0,1.0,MEDIUM,18.0,95.024,30.015,38.847,26.162,299.0,256.0,247.0,299.0,1,True,False,True,False,2026-07-05 14:30:57.126,5.0,23.4,37.6,54.3,False,3.1,267.0
2026,9,British Grand Prix,R,HAD,Red Bull Racing,19.0,1.0,MEDIUM,19.0,94.152,30.143,38.785,25.224,295.0,260.0,,310.0,1,True,False,False,False,2026-07-05 14:32:32.150,5.0,23.7,38.9,53.4,False,1.3,295.0
2026,9,British Grand Prix,R,HAD,Red Bull Racing,20.0,2.0,HARD,1.0,117.122,52.342,39.009,25.771,312.0,257.0,250.0,301.0,1,True,False,False,False,2026-07-05 14:34:06.302,9.0,23.7,38.9,53.4,False,1.3,295.0
2026,9,British Grand Prix,R,HAD,Red Bull Racing,21.0,2.0,HARD,2.0,94.043,29.941,38.198,25.904,298.0,258.0,238.0,303.0,16,True,True,False,False,2026-07-05 14:36:03.424,9.0,23.9,38.9,53.4,False,1.3,295.0
2026,9,British Grand Prix,R,HAD,Red Bull Racing,22.0,2.0,HARD,3.0,105.667,40.572,38.771,26.324,266.0,261.0,246.0,327.0,671,True,False,False,False,2026-07-05 14:37:37.467,9.0,23.8,38.9,51.4,False,2.4,209.0
2026,9,British Grand Prix,R,HAD,Red Bull Racing,23.0,2.0,HARD,4.0,94.73,30.119,38.696,25.915,308.0,260.0,249.0,302.0,1,True,False,True,False,2026-07-05 14:39:23.134,8.0,23.9,38.9,51.4,False,2.4,209.0
2026,9,British Grand Prix,R,HAD,Red Bull Racing,24.0,2.0,HARD,5.0,94.502,29.906,38.546,26.05,301.0,257.0,246.0,304.0,1,True,False,True,False,2026-07-05 14:40:57.864,8.0,24.0,40.6,54.4,False,2.2,230.0
2026,9,British Grand Prix,R,HAD,Red Bull Racing,25.0,2.0,HARD,6.0,94.33,29.934,38.79,25.606,308.0,260.0,247.0,326.0,1,True,False,True,False,2026-07-05 14:42:32.366,7.0,24.3,40.6,52.8,False,2.7,241.0
2026,9,British Grand Prix,R,HAD,Red Bull Racing,26.0,2.0,HARD,7.0,94.704,30.01,38.432,26.262,300.0,259.0,247.0,301.0,1,True,False,True,False,2026-07-05 14:44:06.696,7.0,24.0,40.6,52.8,False,2.7,241.0
2026,9,British Grand Prix,R,HAD,Red Bull Racing,27.0,2.0,HARD,8.0,94.636,29.955,38.735,25.946,302.0,259.0,247.0,300.0,1,True,False,True,False,2026-07-05 14:45:41.400,7.0,24.6,41.5,51.0,False,0.9,244.0
2026,9,British Grand Prix,R,HAD,Red Bull Racing,28.0,2.0,HARD,9.0,94.243,29.869,38.43,25.944,304.0,261.0,248.0,302.0,1,True,False,True,False,2026-07-05 14:47:16.036,7.0,24.4,41.5,51.0,False,0.9,244.0
2026,9,British Grand Prix,R,HAD,Red Bull Racing,29.0,2.0,HARD,10.0,93.941,29.957,38.322,25.662,304.0,262.0,248.0,315.0,1,True,True,True,False,2026-07-05 14:48:50.279,6.0,24.1,41.5,49.7,False,0.7,167.0
2026,9,British Grand Prix,R,HAD,Red Bull Racing,30.0,2.0,HARD,11.0,94.877,30.189,38.926,25.762,298.0,262.0,248.0,316.0,1,True,False,True,False,2026-07-05 14:50:24.220,7.0,24.5,41.2,49.9,False,1.1,12.0
2026,9,British Grand Prix,R,HAD,Red Bull Racing,31.0,2.0,HARD,12.0,94.725,30.048,38.681,25.996,300.0,255.0,248.0,303.0,1,True,False,True,False,2026-07-05 14:51:59.097,7.0,24.8,41.9,50.8,False,3.3,205.0
2026,9,British Grand Prix,R,HAD,Red Bull Racing,32.0,2.0,HARD,13.0,94.843,30.105,38.665,26.073,300.0,258.0,249.0,303.0,1,True,False,True,False,2026-07-05 14:53:33.822,7.0,24.4,39.4,50.3,False,1.6,206.0
2026,9,British Grand Prix,R,HAD,Red Bull Racing,33.0,2.0,HARD,14.0,94.76,29.892,38.705,26.163,307.0,257.0,250.0,301.0,1,True,False,True,False,2026-07-05 14:55:08.665,7.0,24.4,39.3,49.5,False,1.2,171.0
2026,9,British Grand Prix,R,HAD,Red Bull Racing,34.0,2.0,HARD,15.0,94.324,29.946,38.438,25.94,300.0,258.0,248.0,301.0,1,True,False,True,False,2026-07-05 14:56:43.425,7.0,24.3,41.1,51.2,False,1.6,167.0
2026,9,British Grand Prix,R,HAD,Red Bull Racing,35.0,2.0,HARD,16.0,94.26,30.006,38.35,25.904,302.0,259.0,248.0,301.0,1,True,False,True,False,2026-07-05 14:58:17.749,6.0,24.3,41.1,51.2,False,1.6,167.0
2026,9,British Grand Prix,R,HAD,Red Bull Racing,36.0,2.0,HARD,17.0,94.961,30.062,38.924,25.975,311.0,259.0,250.0,306.0,1,True,False,True,False,2026-07-05 14:59:52.009,7.0,24.4,40.6,52.3,False,1.3,185.0
2026,9,British Grand Prix,R,HAD,Red Bull Racing,37.0,2.0,HARD,18.0,94.324,30.012,38.39,25.922,302.0,260.0,249.0,303.0,1,True,False,True,False,2026-07-05 15:01:26.970,7.0,24.4,42.3,50.0,False,2.2,265.0
2026,9,British Grand Prix,R,HAD,Red Bull Racing,38.0,2.0,HARD,19.0,102.454,29.847,42.369,30.238,304.0,185.0,,252.0,126,True,False,False,False,2026-07-05 15:03:01.294,7.0,24.6,42.3,50.0,False,2.2,265.0
2026,9,British Grand Prix,R,HAD,Red Bull Racing,39.0,3.0,MEDIUM,1.0,123.195,60.708,37.435,25.052,305.0,263.0,254.0,303.0,671,True,False,False,False,2026-07-05 15:04:43.748,7.0,24.5,41.7,50.4,False,1.6,262.0
2026,9,British Grand Prix,R,HAD,Red Bull Racing,40.0,3.0,MEDIUM,2.0,92.268,29.517,37.38,25.371,294.0,261.0,253.0,299.0,1,True,True,True,False,2026-07-05 15:06:46.943,7.0,24.5,41.3,50.1,False,2.3,287.0
2026,9,British Grand Prix,R,HAD,Red Bull Racing,41.0,3.0,MEDIUM,3.0,92.697,29.653,37.631,25.413,298.0,261.0,250.0,300.0,1,True,False,True,False,2026-07-05 15:08:19.211,7.0,24.5,42.3,49.9,False,2.8,250.0
2026,9,British Grand Prix,R,HAD,Red Bull Racing,42.0,3.0,MEDIUM,4.0,92.919,29.649,37.781,25.489,302.0,262.0,252.0,304.0,1,True,False,True,False,2026-07-05 15:09:51.908,7.0,24.8,42.3,49.8,False,0.8,180.0
2026,9,British Grand Prix,R,HAD,Red Bull Racing,43.0,3.0,MEDIUM,5.0,92.895,29.67,37.749,25.476,304.0,261.0,251.0,303.0,1,True,False,True,False,2026-07-05 15:11:24.827,6.0,25.0,41.5,46.7,False,0.9,77.0
2026,9,British Grand Prix,R,HAD,Red Bull Racing,44.0,3.0,MEDIUM,6.0,92.693,29.633,37.689,25.371,303.0,262.0,251.0,303.0,1,True,False,True,False,2026-07-05 15:12:57.722,6.0,25.3,41.5,46.7,False,0.9,77.0
2026,9,British Grand Prix,R,HAD,Red Bull Racing,45.0,3.0,MEDIUM,7.0,92.481,29.644,37.454,25.383,303.0,263.0,251.0,303.0,1,True,False,True,False,2026-07-05 15:14:30.415,6.0,25.2,42.4,46.7,False,2.8,78.0
2026,9,British Grand Prix,R,HAD,Red Bull Racing,46.0,3.0,MEDIUM,8.0,93.072,29.634,37.925,25.513,308.0,262.0,251.0,307.0,1,True,False,True,False,2026-07-05 15:16:02.896,6.0,25.2,42.4,46.7,False,2.8,78.0
2026,9,British Grand Prix,R,HAD,Red Bull Racing,47.0,3.0,MEDIUM,9.0,97.072,29.73,37.633,29.709,303.0,263.0,,303.0,124,True,False,False,False,2026-07-05 15:17:35.968,5.0,24.9,42.4,46.7,False,2.8,78.0
2026,9,British Grand Prix,R,HAD,Red Bull Racing,48.0,4.0,SOFT,4.0,144.775,59.335,50.946,34.494,162.0,176.0,223.0,269.0,4,False,False,False,False,2026-07-05 15:19:13.040,5.0,25.0,42.4,46.7,False,2.8,78.0
2026,9,British Grand Prix,R,HAD,Red Bull Racing,49.0,4.0,SOFT,5.0,124.842,37.898,52.574,34.37,229.0,208.0,231.0,166.0,4,False,False,False,False,2026-07-05 15:21:37.815,5.0,24.9,43.7,49.0,False,2.7,232.0
2026,9,British Grand Prix,R,HAD,Red Bull Racing,50.0,4.0,SOFT,6.0,136.488,32.264,55.663,48.561,284.0,111.0,98.0,182.0,4,False,False,False,False,2026-07-05 15:23:42.657,5.0,25.0,42.9,48.6,False,3.7,251.0
2026,9,British Grand Prix,R,HAD,Red Bull Racing,51.0,4.0,SOFT,7.0,,55.082,67.074,43.682,97.0,128.0,133.0,177.0,4,False,False,False,False,2026-07-05 15:25:59.145,5.0,24.9,42.6,48.6,False,1.1,220.0
2026,9,British Grand Prix,R,HAD,Red Bull Racing,52.0,4.0,SOFT,8.0,142.241,46.585,60.147,35.509,177.0,133.0,212.0,231.0,4,False,False,False,False,2026-07-05 15:28:45.022,5.0,25.3,41.5,48.5,False,3.3,231.0
2026,9,British Grand Prix,R,RUS,Mercedes,1.0,1.0,MEDIUM,1.0,98.171,,38.912,25.976,320.0,264.0,235.0,332.0,12,True,False,False,False,2026-07-05 14:03:54.055,4.0,22.8,37.9,55.9,False,1.4,212.0
2026,9,British Grand Prix,R,RUS,Mercedes,2.0,1.0,MEDIUM,2.0,94.809,30.687,38.459,25.663,309.0,260.0,244.0,312.0,12,True,True,True,False,2026-07-05 14:05:32.462,4.0,22.9,37.8,56.6,False,0.5,345.0
2026,9,British Grand Prix,R,RUS,Mercedes,3.0,1.0,MEDIUM,3.0,94.725,30.147,38.492,26.086,305.0,256.0,240.0,307.0,1,True,True,True,False,2026-07-05 14:07:07.271,4.0,23.0,37.6,55.8,False,0.7,248.0
2026,9,British Grand Prix,R,RUS,Mercedes,4.0,1.0,MEDIUM,4.0,94.598,30.285,38.353,25.96,304.0,256.0,246.0,301.0,1,True,True,True,False,2026-07-05 14:08:41.996,4.0,23.2,39.2,54.5,False,0.9,123.0
2026,9,British Grand Prix,R,RUS,Mercedes,5.0,1.0,MEDIUM,5.0,94.769,30.342,38.463,25.964,294.0,257.0,246.0,302.0,1,True,False,True,False,2026-07-05 14:10:16.594,4.0,23.3,38.1,54.8,False,1.4,100.0
2026,9,British Grand Prix,R,RUS,Mercedes,6.0,1.0,MEDIUM,6.0,94.872,30.412,38.435,26.025,293.0,257.0,246.0,301.0,1,True,False,True,False,2026-07-05 14:11:51.363,4.0,23.1,37.8,55.9,False,1.8,220.0
2026,9,British Grand Prix,R,RUS,Mercedes,7.0,1.0,MEDIUM,7.0,94.469,30.133,38.329,26.007,303.0,255.0,247.0,300.0,1,True,True,True,False,2026-07-05 14:13:26.235,4.0,23.4,38.2,56.2,False,1.6,233.0
2026,9,British Grand Prix,R,RUS,Mercedes,8.0,1.0,MEDIUM,8.0,94.797,30.302,38.518,25.977,304.0,255.0,247.0,298.0,1,True,False,True,False,2026-07-05 14:15:00.704,4.0,23.1,38.7,55.8,False,1.1,294.0
2026,9,British Grand Prix,R,RUS,Mercedes,9.0,1.0,MEDIUM,9.0,95.043,30.523,38.432,26.088,297.0,254.0,245.0,299.0,1,True,False,True,False,2026-07-05 14:16:35.501,4.0,23.3,40.7,54.5,False,1.0,238.0
2026,9,British Grand Prix,R,RUS,Mercedes,10.0,1.0,MEDIUM,10.0,95.047,30.569,38.497,25.981,294.0,254.0,245.0,300.0,1,True,False,True,False,2026-07-05 14:18:10.544,4.0,23.3,41.1,54.1,False,1.9,264.0
2026,9,British Grand Prix,R,RUS,Mercedes,11.0,1.0,MEDIUM,11.0,95.107,30.377,38.603,26.127,297.0,253.0,245.0,298.0,1,True,False,True,False,2026-07-05 14:19:45.591,4.0,23.4,41.1,53.5,False,0.8,193.0
2026,9,British Grand Prix,R,RUS,Mercedes,12.0,1.0,MEDIUM,12.0,94.961,30.358,38.444,26.159,294.0,254.0,245.0,301.0,1,True,False,True,False,2026-07-05 14:21:20.698,4.0,23.4,41.1,53.5,False,0.8,193.0
2026,9,British Grand Prix,R,RUS,Mercedes,13.0,1.0,MEDIUM,13.0,95.077,30.443,38.633,26.001,300.0,254.0,246.0,297.0,1,True,False,True,False,2026-07-05 14:22:55.659,4.0,23.7,40.2,53.3,False,2.9,227.0
2026,9,British Grand Prix,R,RUS,Mercedes,14.0,1.0,MEDIUM,14.0,94.708,30.153,38.679,25.876,303.0,257.0,244.0,306.0,1,True,False,True,False,2026-07-05 14:24:30.736,4.0,23.8,39.2,53.2,False,2.8,246.0
2026,9,British Grand Prix,R,RUS,Mercedes,15.0,1.0,MEDIUM,15.0,94.564,30.197,38.664,25.703,306.0,260.0,245.0,306.0,1,True,False,True,False,2026-07-05 14:26:05.444,4.0,23.7,39.2,53.2,False,2.8,246.0
2026,9,British Grand Prix,R,RUS,Mercedes,16.0,1.0,MEDIUM,16.0,94.867,30.339,38.684,25.844,304.0,256.0,245.0,303.0,1,True,False,True,False,2026-07-05 14:27:40.008,4.0,23.6,39.2,53.2,False,2.8,246.0
2026,9,British Grand Prix,R,RUS,Mercedes,17.0,1.0,MEDIUM,17.0,95.783,30.232,39.506,26.045,304.0,259.0,235.0,321.0,1,True,False,True,False,2026-07-05 14:29:14.875,5.0,23.6,38.6,53.5,False,1.3,288.0
2026,9,British Grand Prix,R,RUS,Mercedes,18.0,1.0,MEDIUM,18.0,95.196,30.832,38.395,25.969,295.0,255.0,246.0,300.0,1,True,False,True,False,2026-07-05 14:30:50.658,4.0,23.4,37.6,54.3,False,3.1,267.0
2026,9,British Grand Prix,R,RUS,Mercedes,19.0,1.0,MEDIUM,19.0,94.581,30.325,38.301,25.955,291.0,255.0,247.0,299.0,1,True,False,True,False,2026-07-05 14:32:25.854,4.0,23.7,38.9,53.4,False,1.3,295.0
2026,9,British Grand Prix,R,RUS,Mercedes,20.0,1.0,MEDIUM,20.0,94.553,30.336,38.335,25.882,291.0,256.0,246.0,299.0,1,True,False,True,False,2026-07-05 14:34:00.435,4.0,23.7,38.9,53.4,False,1.3,295.0
2026,9,British Grand Prix,R,RUS,Mercedes,21.0,1.0,MEDIUM,21.0,94.405,30.21,38.257,25.938,299.0,256.0,247.0,302.0,1,True,True,True,False,2026-07-05 14:35:34.988,4.0,23.9,38.9,53.4,False,1.3,295.0
2026,9,British Grand Prix,R,RUS,Mercedes,22.0,1.0,MEDIUM,22.0,105.934,32.048,48.073,25.813,116.0,257.0,250.0,300.0,167,True,False,False,False,2026-07-05 14:37:09.393,4.0,24.0,39.3,52.5,False,1.3,248.0
2026,9,British Grand Prix,R,RUS,Mercedes,23.0,1.0,MEDIUM,23.0,93.95,30.078,38.316,25.556,299.0,256.0,,296.0,1,True,False,False,False,2026-07-05 14:38:55.327,4.0,23.9,38.9,51.4,False,2.4,209.0
2026,9,British Grand Prix,R,RUS,Mercedes,24.0,2.0,HARD,1.0,113.703,50.47,37.7,25.533,293.0,259.0,252.0,296.0,1,True,False,False,False,2026-07-05 14:40:29.277,5.0,24.0,40.6,54.4,False,2.2,230.0
2026,9,British Grand Prix,R,RUS,Mercedes,25.0,2.0,HARD,2.0,92.758,29.67,37.571,25.517,294.0,261.0,250.0,304.0,1,True,True,True,False,2026-07-05 14:42:22.980,5.0,23.9,40.6,52.8,False,2.7,241.0
2026,9,British Grand Prix,R,RUS,Mercedes,26.0,2.0,HARD,3.0,92.807,29.621,37.778,25.408,307.0,263.0,247.0,311.0,1,True,False,True,False,2026-07-05 14:43:55.738,5.0,24.0,40.6,52.8,False,2.7,241.0
2026,9,British Grand Prix,R,RUS,Mercedes,27.0,2.0,HARD,4.0,92.953,29.85,37.769,25.334,305.0,265.0,248.0,314.0,1,True,False,True,False,2026-07-05 14:45:28.545,5.0,24.6,41.5,51.0,False,0.9,244.0
2026,9,British Grand Prix,R,RUS,Mercedes,28.0,2.0,HARD,5.0,93.108,29.677,37.886,25.545,313.0,263.0,247.0,317.0,1,True,False,True,False,2026-07-05 14:47:01.498,5.0,24.4,41.5,51.0,False,0.9,244.0
2026,9,British Grand Prix,R,RUS,Mercedes,29.0,2.0,HARD,6.0,94.497,29.68,39.267,25.55,315.0,262.0,245.0,310.0,1,True,False,True,False,2026-07-05 14:48:34.606,4.0,24.1,41.5,49.7,False,0.7,167.0
2026,9,British Grand Prix,R,RUS,Mercedes,30.0,2.0,HARD,7.0,93.734,29.925,37.887,25.922,311.0,262.0,246.0,316.0,1,True,False,True,False,2026-07-05 14:50:09.103,4.0,24.5,41.2,49.9,False,1.1,12.0
2026,9,British Grand Prix,R,RUS,Mercedes,31.0,2.0,HARD,8.0,93.895,30.015,38.129,25.751,315.0,258.0,245.0,308.0,1,True,False,True,False,2026-07-05 14:51:42.837,4.0,24.8,41.9,50.8,False,3.3,205.0
2026,9,British Grand Prix,R,RUS,Mercedes,32.0,2.0,HARD,9.0,94.015,30.07,38.057,25.888,308.0,262.0,247.0,320.0,1,True,False,True,False,2026-07-05 14:53:16.732,4.0,24.9,40.4,49.0,False,1.0,286.0
2026,9,British Grand Prix,R,RUS,Mercedes,33.0,2.0,HARD,10.0,94.18,29.934,38.29,25.956,313.0,263.0,239.0,330.0,1,True,False,True,False,2026-07-05 14:54:50.747,4.0,24.4,39.3,49.5,False,1.2,171.0
2026,9,British Grand Prix,R,RUS,Mercedes,34.0,2.0,HARD,11.0,93.43,30.001,38.335,25.094,319.0,262.0,,325.0,1,True,False,False,False,2026-07-05 14:56:24.927,3.0,24.3,41.1,51.2,False,1.6,167.0
2026,9,British Grand Prix,R,RUS,Mercedes,35.0,3.0,MEDIUM,7.0,114.041,50.42,37.858,25.763,294.0,260.0,248.0,310.0,1,False,False,False,False,2026-07-05 14:57:58.357,7.0,24.3,41.1,51.2,False,1.6,167.0
2026,9,British Grand Prix,R,RUS,Mercedes,36.0,3.0,MEDIUM,8.0,92.489,29.639,37.384,25.466,302.0,262.0,253.0,305.0,1,False,True,True,False,2026-07-05 14:59:52.398,6.0,24.4,40.6,52.3,False,1.3,185.0
2026,9,British Grand Prix,R,RUS,Mercedes,37.0,3.0,MEDIUM,9.0,92.498,29.695,37.379,25.424,295.0,261.0,253.0,302.0,1,False,False,True,False,2026-07-05 15:01:24.887,6.0,24.4,42.3,50.0,False,2.2,265.0
2026,9,British Grand Prix,R,RUS,Mercedes,38.0,3.0,MEDIUM,10.0,104.164,29.621,39.256,35.287,297.0,127.0,172.0,268.0,126,False,False,False,False,2026-07-05 15:02:57.385,6.0,24.6,42.3,50.0,False,2.2,265.0
2026,9,British Grand Prix,R,RUS,Mercedes,39.0,3.0,MEDIUM,11.0,105.496,41.009,38.856,25.631,168.0,263.0,254.0,293.0,671,False,False,False,False,2026-07-05 15:04:41.549,5.0,24.5,41.7,50.4,False,1.6,262.0
2026,9,British Grand Prix,R,RUS,Mercedes,40.0,3.0,MEDIUM,12.0,92.583,29.607,37.46,25.516,300.0,261.0,251.0,299.0,1,False,False,True,False,2026-07-05 15:06:27.045,5.0,24.5,41.3,50.1,False,2.3,287.0
2026,9,British Grand Prix,R,RUS,Mercedes,41.0,3.0,MEDIUM,13.0,92.732,29.786,37.556,25.39,308.0,262.0,252.0,299.0,1,False,False,True,False,2026-07-05 15:07:59.628,5.0,24.5,42.3,49.9,False,2.8,250.0
2026,9,British Grand Prix,R,RUS,Mercedes,42.0,3.0,MEDIUM,14.0,92.686,29.755,37.46,25.471,304.0,261.0,253.0,305.0,1,False,False,True,False,2026-07-05 15:09:32.360,4.0,24.8,42.3,49.8,False,0.8,180.0
2026,9,British Grand Prix,R,RUS,Mercedes,43.0,3.0,MEDIUM,15.0,92.755,29.657,37.409,25.689,303.0,260.0,251.0,303.0,1,False,False,True,False,2026-07-05 15:11:05.046,4.0,25.0,42.4,47.9,False,1.4,137.0
2026,9,British Grand Prix,R,RUS,Mercedes,44.0,3.0,MEDIUM,16.0,92.491,29.681,37.277,25.533,306.0,261.0,249.0,311.0,1,False,False,True,False,2026-07-05 15:12:37.801,4.0,25.3,41.5,46.7,False,0.9,77.0
2026,9,British Grand Prix,R,RUS,Mercedes,45.0,3.0,MEDIUM,17.0,93.142,29.67,37.724,25.748,314.0,261.0,251.0,310.0,1,False,False,True,False,2026-07-05 15:14:10.292,4.0,25.2,42.4,46.7,False,2.8,78.0
2026,9,British Grand Prix,R,RUS,Mercedes,46.0,3.0,MEDIUM,18.0,92.986,29.703,37.579,25.704,300.0,261.0,250.0,303.0,1,False,False,True,False,2026-07-05 15:15:43.434,4.0,25.2,42.4,46.7,False,2.8,78.0
2026,9,British Grand Prix,R,RUS,Mercedes,47.0,3.0,MEDIUM,19.0,93.258,29.544,37.502,26.212,308.0,262.0,253.0,310.0,12,False,False,True,False,2026-07-05 15:17:16.420,3.0,25.0,42.4,46.7,False,2.8,78.0
2026,9,British Grand Prix,R,RUS,Mercedes,48.0,3.0,MEDIUM,20.0,126.839,41.8,50.732,34.307,277.0,249.0,187.0,210.0,24,False,False,False,False,2026-07-05 15:18:49.678,3.0,25.0,42.4,46.7,False,2.8,78.0
2026,9,British Grand Prix,R,RUS,Mercedes,49.0,3.0,MEDIUM,21.0,130.986,41.49,49.764,39.732,236.0,195.0,252.0,241.0,4,False,False,False,False,2026-07-05 15:20:56.517,2.0,25.0,43.8,48.3,False,0.4,146.0
2026,9,British Grand Prix,R,RUS,Mercedes,50.0,3.0,MEDIUM,22.0,,45.025,70.299,47.791,119.0,83.0,97.0,97.0,4,False,False,False,False,2026-07-05 15:23:07.503,2.0,24.8,42.9,49.0,False,1.4,263.0
2026,9,British Grand Prix,R,RUS,Mercedes,51.0,3.0,MEDIUM,23.0,,60.36,67.249,44.541,123.0,95.0,140.0,143.0,4,False,False,False,False,2026-07-05 15:25:50.672,2.0,24.9,42.6,48.6,False,1.1,220.0
2026,9,British Grand Prix,R,RUS,Mercedes,52.0,3.0,MEDIUM,24.0,143.285,46.335,59.951,36.999,166.0,143.0,193.0,186.0,4,False,False,False,False,2026-07-05 15:28:42.796,2.0,25.3,41.5,48.5,False,3.3,231.0
2026,9,British Grand Prix,R,BOT,Cadillac,1.0,1.0,MEDIUM,1.0,107.296,,41.95,27.355,282.0,253.0,235.0,312.0,12,True,False,False,False,2026-07-05 14:03:54.055,18.0,22.8,37.9,55.9,False,1.4,212.0
2026,9,British Grand Prix,R,BOT,Cadillac,2.0,1.0,MEDIUM,2.0,98.708,31.116,40.98,26.612,288.0,256.0,239.0,313.0,12,True,True,True,False,2026-07-05 14:05:41.587,16.0,22.9,37.8,56.6,False,0.5,345.0
2026,9,British Grand Prix,R,BOT,Cadillac,3.0,1.0,MEDIUM,3.0,97.527,30.84,39.779,26.908,290.0,253.0,240.0,302.0,1,True,True,True,False,2026-07-05 14:07:20.295,16.0,23.0,37.6,55.8,False,0.7,248.0
2026,9,British Grand Prix,R,BOT,Cadillac,4.0,1.0,MEDIUM,4.0,97.283,30.729,39.662,26.892,288.0,252.0,241.0,298.0,1,True,True,True,False,2026-07-05 14:08:57.822,16.0,23.2,39.2,54.5,False,0.9,123.0
2026,9,British Grand Prix,R,BOT,Cadillac,5.0,1.0,MEDIUM,5.0,97.157,30.567,39.846,26.744,289.0,252.0,240.0,302.0,1,True,True,True,False,2026-07-05 14:10:35.105,16.0,23.2,37.6,55.3,False,1.5,171.0
2026,9,British Grand Prix,R,BOT,Cadillac,6.0,1.0,MEDIUM,6.0,98.028,30.643,39.707,27.678,293.0,256.0,238.0,304.0,1,True,False,True,False,2026-07-05 14:12:12.262,17.0,23.1,37.8,55.9,False,1.8,220.0
2026,9,British Grand Prix,R,BOT,Cadillac,7.0,1.0,MEDIUM,7.0,98.414,30.995,39.947,27.472,295.0,253.0,238.0,306.0,1,True,False,True,False,2026-07-05 14:13:50.290,18.0,23.4,38.2,56.2,False,1.6,233.0
2026,9,British Grand Prix,R,BOT,Cadillac,8.0,1.0,MEDIUM,8.0,97.759,31.001,40.041,26.717,292.0,253.0,239.0,309.0,1,True,False,True,False,2026-07-05 14:15:28.704,18.0,23.2,40.2,54.2,False,1.6,181.0
2026,9,British Grand Prix,R,BOT,Cadillac,9.0,1.0,MEDIUM,9.0,98.164,30.826,40.158,27.18,289.0,248.0,238.0,301.0,1,True,False,True,False,2026-07-05 14:17:06.463,18.0,23.3,40.7,54.5,False,1.0,238.0
2026,9,British Grand Prix,R,BOT,Cadillac,10.0,1.0,MEDIUM,10.0,98.044,31.05,40.161,26.833,288.0,252.0,238.0,301.0,1,True,False,True,False,2026-07-05 14:18:44.627,18.0,23.4,41.1,53.5,False,0.8,193.0
2026,9,British Grand Prix,R,BOT,Cadillac,11.0,1.0,MEDIUM,11.0,98.082,30.966,40.126,26.99,287.0,251.0,238.0,299.0,1,True,False,True,False,2026-07-05 14:20:22.671,18.0,23.4,41.1,53.5,False,0.8,193.0
2026,9,British Grand Prix,R,BOT,Cadillac,12.0,1.0,MEDIUM,12.0,97.854,30.821,39.99,27.043,287.0,253.0,237.0,300.0,1,True,False,True,False,2026-07-05 14:22:00.753,18.0,23.4,41.1,53.5,False,0.8,193.0
2026,9,British Grand Prix,R,BOT,Cadillac,13.0,1.0,MEDIUM,13.0,97.644,30.877,39.961,26.806,288.0,253.0,239.0,299.0,1,True,False,True,False,2026-07-05 14:23:38.607,18.0,23.8,40.0,52.8,False,2.6,248.0
2026,9,British Grand Prix,R,BOT,Cadillac,14.0,1.0,MEDIUM,14.0,97.7,30.689,40.01,27.001,287.0,252.0,238.0,296.0,1,True,False,True,False,2026-07-05 14:25:16.251,18.0,23.8,39.2,53.2,False,2.8,246.0
2026,9,British Grand Prix,R,BOT,Cadillac,15.0,1.0,MEDIUM,15.0,97.577,30.861,39.892,26.824,286.0,251.0,239.0,294.0,1,True,False,True,False,2026-07-05 14:26:53.951,18.0,23.5,39.2,53.2,False,2.8,246.0
2026,9,British Grand Prix,R,BOT,Cadillac,16.0,1.0,MEDIUM,16.0,97.667,30.922,39.859,26.886,287.0,252.0,240.0,293.0,1,True,False,True,False,2026-07-05 14:28:31.528,18.0,23.6,38.6,53.5,False,1.3,288.0
2026,9,British Grand Prix,R,BOT,Cadillac,17.0,1.0,MEDIUM,17.0,97.675,30.668,39.885,27.122,288.0,250.0,240.0,290.0,1,True,False,True,False,2026-07-05 14:30:09.195,18.0,23.5,37.6,54.3,False,3.1,267.0
2026,9,British Grand Prix,R,BOT,Cadillac,18.0,1.0,MEDIUM,18.0,98.067,30.914,40.043,27.11,284.0,252.0,239.0,292.0,1,True,False,True,False,2026-07-05 14:31:46.870,17.0,23.5,37.6,54.3,False,3.1,267.0
2026,9,British Grand Prix,R,BOT,Cadillac,19.0,1.0,MEDIUM,19.0,97.829,30.919,40.057,26.853,285.0,253.0,241.0,294.0,1,True,False,True,False,2026-07-05 14:33:24.937,17.0,23.7,38.9,53.4,False,1.3,295.0
2026,9,British Grand Prix,R,BOT,Cadillac,20.0,1.0,MEDIUM,20.0,98.788,30.845,40.066,27.877,286.0,250.0,236.0,307.0,1,True,False,True,False,2026-07-05 14:35:02.766,18.0,24.3,38.9,53.4,False,1.3,295.0
2026,9,British Grand Prix,R,BOT,Cadillac,21.0,1.0,MEDIUM,21.0,107.04,31.028,46.491,29.521,287.0,209.0,236.0,263.0,167,True,False,False,False,2026-07-05 14:36:41.554,18.0,24.0,39.3,52.5,False,1.3,248.0
2026,9,British Grand Prix,R,BOT,Cadillac,22.0,1.0,MEDIUM,22.0,99.272,31.891,40.531,26.85,217.0,252.0,235.0,307.0,1,True,False,True,False,2026-07-05 14:38:28.594,17.0,23.9,38.9,51.4,False,2.4,209.0
2026,9,British Grand Prix,R,BOT,Cadillac,23.0,1.0,MEDIUM,23.0,97.992,31.057,39.977,26.958,289.0,252.0,237.0,297.0,1,True,False,True,False,2026-07-05 14:40:07.866,17.0,23.8,40.7,53.9,False,1.3,223.0
2026,9,British Grand Prix,R,BOT,Cadillac,24.0,1.0,MEDIUM,24.0,99.176,31.323,40.311,27.542,282.0,251.0,236.0,278.0,1,True,False,True,False,2026-07-05 14:41:45.858,17.0,23.9,40.6,52.8,False,2.7,241.0
2026,9,British Grand Prix,R,BOT,Cadillac,25.0,1.0,MEDIUM,25.0,100.201,32.198,40.206,27.797,290.0,253.0,236.0,275.0,1,True,False,True,False,2026-07-05 14:43:25.034,19.0,24.0,40.6,52.8,False,2.7,241.0
2026,9,British Grand Prix,R,BOT,Cadillac,26.0,1.0,MEDIUM,26.0,97.5,30.781,40.014,26.705,295.0,257.0,235.0,309.0,1,True,False,True,False,2026-07-05 14:45:05.235,19.0,24.6,40.6,52.8,False,2.7,241.0
2026,9,British Grand Prix,R,BOT,Cadillac,27.0,1.0,MEDIUM,27.0,97.926,30.926,39.974,27.026,293.0,256.0,237.0,304.0,1,True,False,True,False,2026-07-05 14:46:42.735,19.0,24.4,41.5,51.0,False,0.9,244.0
2026,9,British Grand Prix,R,BOT,Cadillac,28.0,1.0,MEDIUM,28.0,98.598,30.839,40.851,26.908,290.0,255.0,237.0,308.0,1,True,False,True,False,2026-07-05 14:48:20.661,19.0,24.4,41.5,49.7,False,0.7,167.0
2026,9,British Grand Prix,R,BOT,Cadillac,29.0,1.0,MEDIUM,29.0,97.033,30.937,40.026,26.07,288.0,255.0,,303.0,1,True,False,False,False,2026-07-05 14:49:59.259,19.0,24.5,41.2,49.9,False,1.1,12.0
2026,9,British Grand Prix,R,BOT,Cadillac,30.0,2.0,HARD,1.0,120.479,54.284,39.718,26.477,294.0,255.0,245.0,301.0,1,True,False,False,False,2026-07-05 14:51:36.292,19.0,24.8,41.9,50.8,False,3.3,205.0
2026,9,British Grand Prix,R,BOT,Cadillac,31.0,2.0,HARD,2.0,95.893,30.324,39.246,26.323,288.0,258.0,245.0,301.0,1,True,True,True,False,2026-07-05 14:53:36.771,19.0,24.4,39.4,50.3,False,1.6,206.0
2026,9,British Grand Prix,R,BOT,Cadillac,32.0,2.0,HARD,3.0,96.192,30.402,39.139,26.651,289.0,256.0,243.0,297.0,1,True,False,True,False,2026-07-05 14:55:12.664,19.0,24.4,39.3,49.5,False,1.2,171.0
2026,9,British Grand Prix,R,BOT,Cadillac,33.0,2.0,HARD,4.0,96.204,30.408,39.152,26.644,289.0,254.0,241.0,298.0,1,True,False,True,False,2026-07-05 14:56:48.856,19.0,24.3,41.1,51.2,False,1.6,167.0
2026,9,British Grand Prix,R,BOT,Cadillac,34.0,2.0,HARD,5.0,96.54,30.59,39.35,26.6,288.0,254.0,242.0,298.0,1,True,False,True,False,2026-07-05 14:58:25.060,19.0,24.5,40.6,52.3,False,1.3,185.0
2026,9,British Grand Prix,R,BOT,Cadillac,35.0,2.0,HARD,6.0,96.131,30.527,39.157,26.447,288.0,255.0,241.0,302.0,1,True,False,True,False,2026-07-05 15:00:01.600,19.0,24.4,40.6,52.3,False,1.3,185.0
2026,9,British Grand Prix,R,BOT,Cadillac,36.0,2.0,HARD,7.0,96.181,30.53,39.048,26.603,288.0,256.0,239.0,301.0,1,True,False,True,False,2026-07-05 15:01:37.731,19.0,24.4,42.3,50.0,False,2.2,265.0
2026,9,British Grand Prix,R,BOT,Cadillac,37.0,2.0,HARD,8.0,111.519,30.651,47.643,33.225,286.0,233.0,173.0,212.0,126,True,False,False,False,2026-07-05 15:03:13.912,18.0,24.6,42.3,50.0,False,2.2,265.0
2026,9,British Grand Prix,R,BOT,Cadillac,38.0,2.0,HARD,9.0,106.271,36.736,41.882,27.653,286.0,254.0,240.0,306.0,671,True,False,False,False,2026-07-05 15:05:05.431,18.0,24.5,41.7,50.4,False,1.6,262.0
2026,9,British Grand Prix,R,BOT,Cadillac,39.0,2.0,HARD,10.0,97.651,31.684,39.546,26.421,302.0,259.0,238.0,309.0,1,True,False,True,False,2026-07-05 15:06:51.702,18.0,24.5,41.3,50.1,False,2.3,287.0
2026,9,British Grand Prix,R,BOT,Cadillac,40.0,2.0,HARD,11.0,98.45,31.078,39.651,27.721,285.0,254.0,240.0,243.0,1,True,False,True,False,2026-07-05 15:08:29.353,18.0,24.5,42.3,49.9,False,2.8,250.0
2026,9,British Grand Prix,R,BOT,Cadillac,41.0,2.0,HARD,12.0,96.141,30.278,39.361,26.502,295.0,257.0,241.0,307.0,1,True,False,True,False,2026-07-05 15:10:07.803,18.0,24.8,42.3,49.8,False,0.8,180.0
2026,9,British Grand Prix,R,BOT,Cadillac,42.0,2.0,HARD,13.0,96.287,30.47,39.249,26.568,292.0,255.0,244.0,297.0,1,True,False,True,False,2026-07-05 15:11:43.944,18.0,25.0,41.5,46.7,False,0.9,77.0
2026,9,British Grand Prix,R,BOT,Cadillac,43.0,2.0,HARD,14.0,96.161,30.457,39.159,26.545,289.0,258.0,245.0,301.0,1,True,False,True,False,2026-07-05 15:13:20.231,18.0,25.3,41.5,46.7,False,0.9,77.0
2026,9,British Grand Prix,R,BOT,Cadillac,44.0,2.0,HARD,15.0,97.012,30.498,39.661,26.853,292.0,256.0,240.0,295.0,1,True,False,True,False,2026-07-05 15:14:56.392,18.0,25.2,42.4,46.7,False,2.8,78.0
2026,9,British Grand Prix,R,BOT,Cadillac,45.0,2.0,HARD,16.0,96.561,30.544,39.381,26.636,290.0,256.0,240.0,300.0,1,True,False,True,False,2026-07-05 15:16:33.404,18.0,25.0,42.4,46.7,False,2.8,78.0
2026,9,British Grand Prix,R,BOT,Cadillac,46.0,2.0,HARD,17.0,113.078,30.985,51.633,30.46,284.0,238.0,,219.0,124,True,False,False,False,2026-07-05 15:18:09.965,18.0,24.9,42.4,46.7,False,2.8,78.0
2026,9,British Grand Prix,R,BOT,Cadillac,47.0,3.0,SOFT,1.0,144.678,58.164,52.734,33.78,239.0,207.0,219.0,213.0,4,True,False,False,False,2026-07-05 15:20:03.043,17.0,25.0,43.7,48.3,False,1.1,249.0
2026,9,British Grand Prix,R,BOT,Cadillac,48.0,3.0,SOFT,2.0,101.889,31.263,40.088,30.538,297.0,252.0,233.0,170.0,4,True,False,False,False,2026-07-05 15:22:27.721,17.0,24.8,42.9,49.0,False,1.4,263.0
2026,9,British Grand Prix,R,BOT,Cadillac,49.0,3.0,SOFT,3.0,113.938,30.362,42.713,40.863,299.0,161.0,168.0,207.0,4,True,False,False,False,2026-07-05 15:24:09.610,17.0,25.0,42.9,48.6,False,3.7,251.0
2026,9,British Grand Prix,R,BOT,Cadillac,50.0,3.0,SOFT,4.0,106.482,39.834,40.253,26.395,256.0,259.0,241.0,316.0,4,True,False,False,False,2026-07-05 15:26:03.548,17.0,24.9,42.6,48.6,False,1.1,220.0
2026,9,British Grand Prix,R,BOT,Cadillac,51.0,3.0,SOFT,5.0,98.626,31.723,40.17,26.733,277.0,260.0,235.0,311.0,4,True,False,False,False,2026-07-05 15:27:50.030,17.0,25.5,41.4,47.7,False,4.2,267.0
2026,9,British Grand Prix,R,BOT,Cadillac,52.0,3.0,SOFT,6.0,105.132,30.176,43.612,31.344,296.0,209.0,243.0,254.0,4,True,False,False,False,2026-07-05 15:29:28.656,17.0,25.3,40.8,48.4,False,1.2,267.0
2026,9,British Grand Prix,R,PIA,McLaren,1.0,1.0,MEDIUM,1.0,105.476,,41.312,29.039,306.0,247.0,223.0,292.0,12,True,False,False,False,2026-07-05 14:03:54.055,14.0,22.8,37.9,55.9,False,1.4,212.0
2026,9,British Grand Prix,R,PIA,McLaren,2.0,1.0,MEDIUM,2.0,120.964,36.201,52.643,32.12,228.0,181.0,,222.0,12,True,False,False,False,2026-07-05 14:05:39.767,21.0,22.9,37.8,56.6,False,0.5,345.0
2026,9,British Grand Prix,R,PIA,McLaren,3.0,2.0,HARD,1.0,127.215,62.771,38.61,25.834,298.0,260.0,252.0,297.0,1,True,False,False,False,2026-07-05 14:07:40.731,21.0,23.1,38.5,54.9,False,1.0,158.0
2026,9,British Grand Prix,R,PIA,McLaren,4.0,2.0,HARD,2.0,94.363,29.699,38.551,26.113,295.0,256.0,251.0,297.0,1,True,True,True,False,2026-07-05 14:09:47.946,21.0,23.3,38.1,54.8,False,1.4,100.0
2026,9,British Grand Prix,R,PIA,McLaren,5.0,2.0,HARD,3.0,94.721,30.083,38.612,26.026,290.0,259.0,251.0,298.0,1,True,False,True,False,2026-07-05 14:11:22.309,21.0,23.2,37.6,55.3,False,1.5,171.0
2026,9,British Grand Prix,R,PIA,McLaren,6.0,2.0,HARD,4.0,94.631,30.059,38.529,26.043,290.0,257.0,249.0,299.0,1,True,False,True,False,2026-07-05 14:12:57.030,21.0,23.1,37.5,56.2,False,1.4,229.0
2026,9,British Grand Prix,R,PIA,McLaren,7.0,2.0,HARD,5.0,94.878,30.238,38.645,25.995,287.0,257.0,250.0,297.0,1,True,False,True,False,2026-07-05 14:14:31.661,21.0,23.1,38.7,55.8,False,1.1,294.0
2026,9,British Grand Prix,R,PIA,McLaren,8.0,2.0,HARD,6.0,94.798,30.259,38.491,26.048,289.0,256.0,249.0,299.0,1,True,False,True,False,2026-07-05 14:16:06.539,21.0,23.2,40.2,54.2,False,1.6,181.0
2026,9,British Grand Prix,R,PIA,McLaren,9.0,2.0,HARD,7.0,95.396,30.393,38.902,26.101,288.0,255.0,250.0,299.0,1,True,False,True,False,2026-07-05 14:17:41.337,21.0,23.3,41.1,54.1,False,1.9,264.0
2026,9,British Grand Prix,R,PIA,McLaren,10.0,2.0,HARD,8.0,95.224,30.284,38.71,26.23,290.0,256.0,247.0,299.0,1,True,False,True,False,2026-07-05 14:19:16.733,21.0,23.4,41.1,53.5,False,0.8,193.0
2026,9,British Grand Prix,R,PIA,McLaren,11.0,2.0,HARD,9.0,95.302,30.249,38.832,26.221,288.0,255.0,249.0,300.0,1,True,False,True,False,2026-07-05 14:20:51.957,21.0,23.4,41.1,53.5,False,0.8,193.0
2026,9,British Grand Prix,R,PIA,McLaren,12.0,2.0,HARD,10.0,95.64,30.387,38.842,26.411,288.0,257.0,249.0,298.0,1,True,False,True,False,2026-07-05 14:22:27.259,21.0,23.7,40.2,53.3,False,2.9,227.0
2026,9,British Grand Prix,R,PIA,McLaren,13.0,2.0,HARD,11.0,95.182,30.132,38.891,26.159,294.0,257.0,250.0,300.0,1,True,False,True,False,2026-07-05 14:24:02.899,21.0,23.8,40.0,52.8,False,2.6,248.0
2026,9,British Grand Prix,R,PIA,McLaren,14.0,2.0,HARD,12.0,95.317,30.155,38.884,26.278,293.0,256.0,248.0,306.0,1,True,False,True,False,2026-07-05 14:25:38.081,21.0,23.7,39.2,53.2,False,2.8,246.0
2026,9,British Grand Prix,R,PIA,McLaren,15.0,2.0,HARD,13.0,96.324,30.305,39.735,26.284,306.0,255.0,249.0,296.0,1,True,False,True,False,2026-07-05 14:27:13.398,19.0,23.5,39.2,53.2,False,2.8,246.0
2026,9,British Grand Prix,R,PIA,McLaren,16.0,2.0,HARD,14.0,95.157,30.136,38.876,26.145,289.0,255.0,249.0,297.0,1,True,False,True,False,2026-07-05 14:28:49.722,19.0,23.6,38.6,53.5,False,1.3,288.0
2026,9,British Grand Prix,R,PIA,McLaren,17.0,2.0,HARD,15.0,95.241,30.129,38.955,26.157,293.0,254.0,250.0,298.0,1,True,False,True,False,2026-07-05 14:30:24.879,19.0,23.4,37.6,54.3,False,3.1,267.0
2026,9,British Grand Prix,R,PIA,McLaren,18.0,2.0,HARD,16.0,94.928,30.043,38.697,26.188,291.0,257.0,250.0,298.0,1,True,False,True,False,2026-07-05 14:32:00.120,19.0,23.5,37.6,54.3,False,3.1,267.0
2026,9,British Grand Prix,R,PIA,McLaren,19.0,2.0,HARD,17.0,94.863,30.088,38.677,26.098,296.0,258.0,249.0,301.0,1,True,False,True,False,2026-07-05 14:33:35.048,19.0,23.7,38.9,53.4,False,1.3,295.0
2026,9,British Grand Prix,R,PIA,McLaren,20.0,2.0,HARD,18.0,94.996,30.127,38.632,26.237,295.0,258.0,247.0,305.0,1,True,False,True,False,2026-07-05 14:35:09.911,19.0,24.3,38.9,53.4,False,1.3,295.0
2026,9,British Grand Prix,R,PIA,McLaren,21.0,2.0,HARD,19.0,105.378,30.093,48.547,26.738,301.0,255.0,249.0,300.0,167,True,False,False,False,2026-07-05 14:36:44.907,19.0,24.0,39.3,52.5,False,1.3,248.0
2026,9,British Grand Prix,R,PIA,McLaren,22.0,2.0,HARD,20.0,95.295,30.171,38.833,26.291,301.0,253.0,249.0,296.0,1,True,False,True,False,2026-07-05 14:38:30.285,16.0,23.9,38.9,51.4,False,2.4,209.0
2026,9,British Grand Prix,R,PIA,McLaren,23.0,2.0,HARD,21.0,94.964,30.07,38.75,26.144,296.0,255.0,251.0,297.0,1,True,False,True,False,2026-07-05 14:40:05.580,16.0,23.8,40.7,53.9,False,1.3,223.0
2026,9,British Grand Prix,R,PIA,McLaren,24.0,2.0,HARD,22.0,94.763,29.969,38.682,26.112,300.0,256.0,248.0,297.0,1,True,False,True,False,2026-07-05 14:41:40.544,16.0,23.9,40.6,52.8,False,2.7,241.0
2026,9,British Grand Prix,R,PIA,McLaren,25.0,2.0,HARD,23.0,94.685,29.986,38.66,26.039,295.0,258.0,249.0,303.0,1,True,False,True,False,2026-07-05 14:43:15.307,16.0,24.3,40.6,52.8,False,2.7,241.0
2026,9,British Grand Prix,R,PIA,McLaren,26.0,2.0,HARD,24.0,94.616,29.931,38.694,25.991,300.0,259.0,249.0,305.0,1,True,False,True,False,2026-07-05 14:44:49.992,16.0,24.6,40.6,52.8,False,2.7,241.0
2026,9,British Grand Prix,R,PIA,McLaren,27.0,2.0,HARD,25.0,94.99,29.847,38.678,26.465,307.0,257.0,244.0,310.0,1,True,False,True,False,2026-07-05 14:46:24.608,16.0,24.4,41.5,51.0,False,0.9,244.0
2026,9,British Grand Prix,R,PIA,McLaren,28.0,2.0,HARD,26.0,95.894,29.965,39.163,26.766,308.0,252.0,245.0,313.0,1,True,False,True,False,2026-07-05 14:47:59.598,16.0,24.4,41.5,49.7,False,0.7,167.0
2026,9,British Grand Prix,R,PIA,McLaren,29.0,2.0,HARD,27.0,95.402,29.997,38.995,26.41,331.0,256.0,250.0,300.0,1,True,False,True,False,2026-07-05 14:49:35.492,15.0,24.5,41.2,49.9,False,1.1,12.0
2026,9,British Grand Prix,R,PIA,McLaren,30.0,2.0,HARD,28.0,95.285,30.177,38.837,26.271,293.0,255.0,250.0,303.0,1,True,False,True,False,2026-07-05 14:51:10.894,15.0,24.5,42.1,50.2,False,1.5,323.0
2026,9,British Grand Prix,R,PIA,McLaren,31.0,2.0,HARD,29.0,96.685,30.001,38.922,27.762,297.0,257.0,246.0,222.0,1,True,False,True,False,2026-07-05 14:52:46.179,15.0,24.9,40.4,49.0,False,1.0,286.0
2026,9,British Grand Prix,R,PIA,McLaren,32.0,2.0,HARD,30.0,95.71,30.248,39.064,26.398,292.0,252.0,250.0,303.0,1,True,False,True,False,2026-07-05 14:54:22.864,15.0,24.4,39.4,50.3,False,1.6,206.0
2026,9,British Grand Prix,R,PIA,McLaren,33.0,2.0,HARD,31.0,95.303,29.698,39.365,26.24,312.0,258.0,242.0,338.0,1,True,False,True,False,2026-07-05 14:55:58.574,14.0,24.3,39.3,49.5,False,1.2,171.0
2026,9,British Grand Prix,R,PIA,McLaren,34.0,2.0,HARD,32.0,96.816,30.523,39.538,26.755,289.0,248.0,248.0,290.0,1,True,False,True,False,2026-07-05 14:57:33.877,14.0,24.3,41.1,51.2,False,1.6,167.0
2026,9,British Grand Prix,R,PIA,McLaren,35.0,2.0,HARD,33.0,95.929,30.297,39.011,26.621,285.0,254.0,246.0,295.0,1,True,False,True,False,2026-07-05 14:59:10.693,13.0,24.5,40.6,52.3,False,1.3,185.0
2026,9,British Grand Prix,R,PIA,McLaren,36.0,2.0,HARD,34.0,94.546,30.259,38.522,25.765,290.0,255.0,,297.0,1,True,False,False,False,2026-07-05 15:00:46.622,13.0,24.6,42.2,50.7,False,1.4,273.0
2026,9,British Grand Prix,R,PIA,McLaren,37.0,3.0,MEDIUM,4.0,121.405,51.19,38.591,31.624,305.0,257.0,152.0,304.0,126,False,False,False,False,2026-07-05 15:02:21.168,16.0,24.4,42.3,50.0,False,2.2,265.0
2026,9,British Grand Prix,R,PIA,McLaren,38.0,3.0,MEDIUM,5.0,111.162,39.459,46.345,25.358,192.0,264.0,255.0,316.0,671,False,False,False,False,2026-07-05 15:04:22.573,16.0,24.6,42.3,50.2,False,1.5,296.0
2026,9,British Grand Prix,R,PIA,McLaren,39.0,3.0,MEDIUM,6.0,93.169,29.221,38.075,25.873,324.0,259.0,251.0,314.0,1,False,True,True,False,2026-07-05 15:06:13.735,15.0,24.5,42.6,49.9,False,2.3,217.0
2026,9,British Grand Prix,R,PIA,McLaren,40.0,3.0,MEDIUM,7.0,93.535,29.857,38.004,25.674,322.0,257.0,252.0,303.0,1,False,False,True,False,2026-07-05 15:07:46.904,14.0,24.5,42.3,49.9,False,2.8,250.0
2026,9,British Grand Prix,R,PIA,McLaren,41.0,3.0,MEDIUM,8.0,93.145,29.591,37.832,25.722,301.0,259.0,254.0,308.0,1,False,True,True,False,2026-07-05 15:09:20.439,14.0,24.5,42.3,49.9,False,2.8,250.0
2026,9,British Grand Prix,R,PIA,McLaren,42.0,3.0,MEDIUM,9.0,92.917,29.338,37.837,25.742,308.0,261.0,252.0,309.0,1,False,True,True,False,2026-07-05 15:10:53.584,14.0,25.0,42.4,47.9,False,1.4,137.0
2026,9,British Grand Prix,R,PIA,McLaren,43.0,3.0,MEDIUM,10.0,93.069,29.411,37.805,25.853,311.0,259.0,252.0,313.0,1,False,False,True,False,2026-07-05 15:12:26.501,14.0,25.3,41.5,46.7,False,0.9,77.0
2026,9,British Grand Prix,R,PIA,McLaren,44.0,3.0,MEDIUM,11.0,94.287,29.704,38.782,25.801,299.0,259.0,253.0,325.0,1,False,False,True,False,2026-07-05 15:13:59.570,13.0,25.2,42.4,46.7,False,2.8,78.0
2026,9,British Grand Prix,R,PIA,McLaren,45.0,3.0,MEDIUM,12.0,93.405,29.671,37.961,25.773,294.0,258.0,252.0,297.0,1,False,False,True,False,2026-07-05 15:15:33.857,13.0,25.2,42.4,46.7,False,2.8,78.0
2026,9,British Grand Prix,R,PIA,McLaren,46.0,3.0,MEDIUM,13.0,93.032,29.662,37.617,25.753,298.0,261.0,253.0,301.0,12,False,False,True,False,2026-07-05 15:17:07.262,13.0,25.0,42.4,46.7,False,2.8,78.0
2026,9,British Grand Prix,R,PIA,McLaren,47.0,3.0,MEDIUM,14.0,120.349,38.814,50.087,31.448,202.0,215.0,,207.0,24,False,False,False,False,2026-07-05 15:18:40.294,12.0,25.0,42.4,46.7,False,2.8,78.0
2026,9,British Grand Prix,R,PIA,McLaren,48.0,4.0,SOFT,4.0,148.893,59.509,50.367,39.017,253.0,244.0,252.0,252.0,4,False,False,False,False,2026-07-05 15:20:40.643,13.0,25.0,43.8,48.3,False,0.4,146.0
2026,9,British Grand Prix,R,PIA,McLaren,49.0,4.0,SOFT,5.0,,44.661,69.974,48.599,138.0,99.0,94.0,89.0,4,False,False,False,False,2026-07-05 15:23:09.536,12.0,24.8,42.9,49.0,False,1.4,263.0
2026,9,British Grand Prix,R,PIA,McLaren,50.0,4.0,SOFT,6.0,94.706,32.075,37.254,25.377,302.0,261.0,259.0,294.0,4,False,False,False,False,2026-07-05 15:25:52.818,12.0,24.9,42.6,48.6,False,1.1,220.0
2026,9,British Grand Prix,R,PIA,McLaren,51.0,4.0,SOFT,7.0,93.586,29.187,37.384,27.015,295.0,263.0,232.0,296.0,4,False,False,False,False,2026-07-05 15:27:27.524,12.0,25.5,41.4,47.7,False,4.2,267.0
2026,9,British Grand Prix,R,PIA,McLaren,52.0,4.0,SOFT,8.0,128.578,36.926,57.888,33.764,168.0,146.0,244.0,238.0,4,False,False,False,False,2026-07-05 15:29:01.110,12.0,25.3,41.5,48.5,False,3.3,231.0
2026,9,British Grand Prix,R,BEA,Haas F1 Team,1.0,1.0,MEDIUM,1.0,109.557,,45.662,26.726,300.0,257.0,240.0,308.0,12,True,False,False,False,2026-07-05 14:03:54.055,20.0,22.8,37.9,55.9,False,1.4,212.0
2026,9,British Grand Prix,R,BEA,Haas F1 Team,2.0,1.0,MEDIUM,2.0,97.833,31.131,40.153,26.549,293.0,256.0,241.0,319.0,12,True,True,True,False,2026-07-05 14:05:43.848,17.0,22.9,37.8,56.6,False,0.5,345.0
2026,9,British Grand Prix,R,BEA,Haas F1 Team,3.0,1.0,MEDIUM,3.0,97.373,30.648,39.82,26.905,294.0,248.0,240.0,298.0,1,True,True,True,False,2026-07-05 14:07:21.681,17.0,23.0,37.6,55.8,False,0.7,248.0
2026,9,British Grand Prix,R,BEA,Haas F1 Team,4.0,1.0,MEDIUM,4.0,97.13,30.764,39.786,26.58,293.0,255.0,240.0,309.0,1,True,True,True,False,2026-07-05 14:08:59.054,17.0,23.2,39.2,54.5,False,0.9,123.0
2026,9,British Grand Prix,R,BEA,Haas F1 Team,5.0,1.0,MEDIUM,5.0,96.867,30.224,39.922,26.721,306.0,253.0,239.0,304.0,1,True,True,True,False,2026-07-05 14:10:36.184,17.0,23.2,37.6,55.3,False,1.5,171.0
2026,9,British Grand Prix,R,BEA,Haas F1 Team,6.0,1.0,MEDIUM,6.0,96.479,30.422,39.678,26.379,311.0,257.0,240.0,339.0,1,True,True,True,False,2026-07-05 14:12:13.051,16.0,23.1,37.8,55.9,False,1.8,220.0
2026,9,British Grand Prix,R,BEA,Haas F1 Team,7.0,1.0,MEDIUM,7.0,97.331,30.795,39.64,26.896,288.0,252.0,240.0,292.0,1,True,False,True,False,2026-07-05 14:13:49.530,16.0,23.4,38.2,56.2,False,1.6,233.0
2026,9,British Grand Prix,R,BEA,Haas F1 Team,8.0,1.0,MEDIUM,8.0,97.205,30.83,39.579,26.796,284.0,252.0,242.0,294.0,1,True,False,True,False,2026-07-05 14:15:26.861,16.0,23.2,40.2,54.2,False,1.6,181.0
2026,9,British Grand Prix,R,BEA,Haas F1 Team,9.0,1.0,MEDIUM,9.0,97.289,30.719,39.748,26.822,289.0,251.0,240.0,299.0,1,True,False,True,False,2026-07-05 14:17:04.066,16.0,23.3,40.7,54.5,False,1.0,238.0
2026,9,British Grand Prix,R,BEA,Haas F1 Team,10.0,1.0,MEDIUM,10.0,98.369,30.849,40.706,26.814,289.0,255.0,236.0,311.0,1,True,False,True,False,2026-07-05 14:18:41.355,17.0,23.4,41.1,53.5,False,0.8,193.0
2026,9,British Grand Prix,R,BEA,Haas F1 Team,11.0,1.0,MEDIUM,11.0,97.041,30.688,39.695,26.658,295.0,254.0,235.0,308.0,1,True,False,True,False,2026-07-05 14:20:19.724,17.0,23.4,41.1,53.5,False,0.8,193.0
2026,9,British Grand Prix,R,BEA,Haas F1 Team,12.0,1.0,MEDIUM,12.0,97.18,30.782,39.642,26.756,290.0,252.0,238.0,305.0,1,True,False,True,False,2026-07-05 14:21:56.765,17.0,23.4,41.1,53.5,False,0.8,193.0
2026,9,British Grand Prix,R,BEA,Haas F1 Team,13.0,1.0,MEDIUM,13.0,97.119,30.628,39.897,26.594,293.0,254.0,237.0,312.0,1,True,False,True,False,2026-07-05 14:23:33.945,17.0,23.8,40.0,52.8,False,2.6,248.0
2026,9,British Grand Prix,R,BEA,Haas F1 Team,14.0,1.0,MEDIUM,14.0,96.894,30.442,39.76,26.692,295.0,256.0,234.0,311.0,1,True,False,True,False,2026-07-05 14:25:11.064,17.0,23.8,39.2,53.2,False,2.8,246.0
2026,9,British Grand Prix,R,BEA,Haas F1 Team,15.0,1.0,MEDIUM,15.0,97.135,30.415,39.887,26.833,306.0,252.0,237.0,299.0,1,True,False,True,False,2026-07-05 14:26:47.958,17.0,23.5,39.2,53.2,False,2.8,246.0
2026,9,British Grand Prix,R,BEA,Haas F1 Team,16.0,1.0,MEDIUM,16.0,96.996,30.596,39.756,26.644,296.0,256.0,236.0,317.0,1,True,False,True,False,2026-07-05 14:28:25.093,17.0,23.6,38.6,53.5,False,1.3,288.0
2026,9,British Grand Prix,R,BEA,Haas F1 Team,17.0,1.0,MEDIUM,17.0,97.008,30.655,39.733,26.62,295.0,255.0,237.0,317.0,1,True,False,True,False,2026-07-05 14:30:02.089,17.0,23.5,37.6,54.3,False,3.1,267.0
2026,9,British Grand Prix,R,BEA,Haas F1 Team,18.0,1.0,MEDIUM,18.0,97.453,30.741,39.895,26.817,293.0,254.0,237.0,320.0,1,True,False,True,False,2026-07-05 14:31:39.097,16.0,23.5,37.6,54.3,False,3.1,267.0
2026,9,British Grand Prix,R,BEA,Haas F1 Team,19.0,1.0,MEDIUM,19.0,97.157,30.873,39.683,26.601,284.0,252.0,239.0,314.0,1,True,False,True,False,2026-07-05 14:33:16.550,16.0,23.7,38.9,53.4,False,1.3,295.0
2026,9,British Grand Prix,R,BEA,Haas F1 Team,20.0,1.0,MEDIUM,20.0,96.729,30.705,39.576,26.448,289.0,256.0,239.0,317.0,1,True,False,True,False,2026-07-05 14:34:53.707,16.0,24.3,38.9,53.4,False,1.3,295.0
2026,9,British Grand Prix,R,BEA,Haas F1 Team,21.0,1.0,MEDIUM,21.0,106.856,30.102,43.217,33.537,327.0,150.0,239.0,244.0,167,True,False,False,False,2026-07-05 14:36:30.436,15.0,24.0,39.3,52.5,False,1.3,248.0
2026,9,British Grand Prix,R,BEA,Haas F1 Team,22.0,1.0,MEDIUM,22.0,96.419,30.689,39.352,26.378,283.0,255.0,240.0,300.0,1,True,True,True,False,2026-07-05 14:38:17.292,13.0,23.8,38.9,51.4,False,2.4,209.0
2026,9,British Grand Prix,R,BEA,Haas F1 Team,23.0,1.0,MEDIUM,23.0,96.657,30.718,39.418,26.521,284.0,255.0,241.0,299.0,1,True,False,True,False,2026-07-05 14:39:53.711,12.0,23.8,40.7,53.9,False,1.3,223.0
2026,9,British Grand Prix,R,BEA,Haas F1 Team,24.0,1.0,MEDIUM,24.0,96.956,30.665,39.775,26.516,285.0,256.0,241.0,306.0,1,True,False,True,False,2026-07-05 14:41:30.368,12.0,23.9,40.6,52.8,False,2.7,241.0
2026,9,British Grand Prix,R,BEA,Haas F1 Team,25.0,1.0,MEDIUM,25.0,96.495,30.546,39.465,26.484,288.0,254.0,241.0,302.0,1,True,False,True,False,2026-07-05 14:43:07.324,12.0,24.3,40.6,52.8,False,2.7,241.0
2026,9,British Grand Prix,R,BEA,Haas F1 Team,26.0,1.0,MEDIUM,26.0,96.617,30.623,39.54,26.454,287.0,258.0,239.0,303.0,1,True,False,True,False,2026-07-05 14:44:43.819,12.0,24.6,40.6,52.8,False,2.7,241.0
2026,9,British Grand Prix,R,BEA,Haas F1 Team,27.0,1.0,MEDIUM,27.0,97.32,30.514,40.151,26.655,287.0,259.0,237.0,315.0,1,True,False,True,False,2026-07-05 14:46:20.436,14.0,24.6,41.5,51.0,False,0.9,244.0
2026,9,British Grand Prix,R,BEA,Haas F1 Team,28.0,1.0,MEDIUM,28.0,97.185,30.457,40.003,26.725,294.0,258.0,239.0,309.0,1,True,False,True,False,2026-07-05 14:47:57.756,15.0,24.4,41.5,49.7,False,0.7,167.0
2026,9,British Grand Prix,R,BEA,Haas F1 Team,29.0,1.0,MEDIUM,29.0,96.36,30.372,40.339,25.649,301.0,258.0,,317.0,1,True,False,False,False,2026-07-05 14:49:34.941,16.0,24.5,41.2,49.9,False,1.1,12.0
2026,9,British Grand Prix,R,BEA,Haas F1 Team,30.0,2.0,HARD,1.0,116.757,51.833,38.877,26.047,292.0,258.0,247.0,302.0,1,True,False,False,False,2026-07-05 14:51:11.301,18.0,24.5,42.1,50.2,False,1.5,323.0
2026,9,British Grand Prix,R,BEA,Haas F1 Team,31.0,2.0,HARD,2.0,94.455,30.039,38.448,25.968,290.0,261.0,248.0,319.0,1,True,True,True,False,2026-07-05 14:53:08.058,17.0,24.9,40.4,49.0,False,1.0,286.0
2026,9,British Grand Prix,R,BEA,Haas F1 Team,32.0,2.0,HARD,3.0,94.854,30.107,38.593,26.154,288.0,254.0,246.0,298.0,1,True,False,True,False,2026-07-05 14:54:42.513,17.0,24.4,39.3,49.5,False,1.2,171.0
2026,9,British Grand Prix,R,BEA,Haas F1 Team,33.0,2.0,HARD,4.0,95.006,30.146,38.598,26.262,291.0,255.0,244.0,303.0,1,True,False,True,False,2026-07-05 14:56:17.367,17.0,24.3,39.3,49.5,False,1.2,171.0
2026,9,British Grand Prix,R,BEA,Haas F1 Team,34.0,2.0,HARD,5.0,94.565,29.872,39.047,25.646,308.0,259.0,245.0,322.0,1,True,False,True,False,2026-07-05 14:57:52.373,16.0,24.3,41.1,51.2,False,1.6,167.0
2026,9,British Grand Prix,R,BEA,Haas F1 Team,35.0,2.0,HARD,6.0,95.352,30.459,38.784,26.109,288.0,257.0,246.0,303.0,1,True,False,True,False,2026-07-05 14:59:26.938,16.0,24.4,40.6,52.3,False,1.3,185.0
2026,9,British Grand Prix,R,BEA,Haas F1 Team,36.0,2.0,HARD,7.0,95.004,30.282,38.567,26.155,287.0,256.0,245.0,295.0,1,True,False,True,False,2026-07-05 15:01:02.290,16.0,24.6,42.2,50.7,False,1.4,273.0
2026,9,British Grand Prix,R,BEA,Haas F1 Team,37.0,2.0,HARD,8.0,99.886,30.398,38.725,30.763,287.0,257.0,165.0,297.0,126,True,False,False,False,2026-07-05 15:02:37.294,14.0,24.6,42.3,50.0,False,2.2,265.0
2026,9,British Grand Prix,R,BEA,Haas F1 Team,38.0,2.0,HARD,9.0,113.009,42.055,45.093,25.861,218.0,260.0,246.0,319.0,671,True,False,False,False,2026-07-05 15:04:17.180,14.0,24.6,42.3,50.2,False,1.5,296.0
2026,9,British Grand Prix,R,BEA,Haas F1 Team,39.0,2.0,HARD,10.0,96.431,30.137,40.253,26.041,288.0,259.0,244.0,323.0,1,True,False,True,False,2026-07-05 15:06:10.189,14.0,24.5,42.6,49.9,False,2.3,217.0
2026,9,British Grand Prix,R,BEA,Haas F1 Team,40.0,2.0,HARD,11.0,95.464,30.143,39.141,26.18,306.0,260.0,244.0,307.0,1,True,False,True,False,2026-07-05 15:07:46.620,15.0,24.5,42.3,49.9,False,2.8,250.0
2026,9,British Grand Prix,R,BEA,Haas F1 Team,41.0,2.0,HARD,12.0,95.163,30.255,38.803,26.105,292.0,259.0,245.0,305.0,1,True,False,True,False,2026-07-05 15:09:22.084,15.0,24.5,42.3,49.9,False,2.8,250.0
2026,9,British Grand Prix,R,BEA,Haas F1 Team,42.0,2.0,HARD,13.0,94.989,30.134,38.71,26.145,291.0,260.0,242.0,305.0,1,True,False,True,False,2026-07-05 15:10:57.247,15.0,25.0,42.4,47.9,False,1.4,137.0
2026,9,British Grand Prix,R,BEA,Haas F1 Team,43.0,2.0,HARD,14.0,95.876,30.909,38.897,26.07,297.0,260.0,244.0,311.0,1,True,False,True,False,2026-07-05 15:12:32.236,15.0,25.3,41.5,46.7,False,0.9,77.0
2026,9,British Grand Prix,R,BEA,Haas F1 Team,44.0,2.0,HARD,15.0,95.994,30.273,38.571,27.15,290.0,261.0,240.0,306.0,1,True,False,True,False,2026-07-05 15:14:08.112,15.0,25.2,42.4,46.7,False,2.8,78.0
2026,9,British Grand Prix,R,BEA,Haas F1 Team,45.0,2.0,HARD,16.0,94.916,30.11,38.607,26.199,307.0,259.0,243.0,301.0,1,True,False,True,False,2026-07-05 15:15:44.106,15.0,25.2,42.4,46.7,False,2.8,78.0
2026,9,British Grand Prix,R,BEA,Haas F1 Team,46.0,2.0,HARD,17.0,100.75,29.922,38.767,32.061,307.0,259.0,128.0,312.0,124,True,False,False,False,2026-07-05 15:17:19.022,15.0,25.0,42.4,46.7,False,2.8,78.0
2026,9,British Grand Prix,R,BEA,Haas F1 Team,47.0,2.0,HARD,18.0,122.264,41.072,48.081,33.111,270.0,192.0,,215.0,4,True,False,False,False,2026-07-05 15:18:59.772,14.0,25.0,42.4,46.7,False,2.8,78.0
2026,9,British Grand Prix,R,BEA,Haas F1 Team,48.0,3.0,SOFT,4.0,143.272,58.881,51.057,33.334,184.0,154.0,252.0,179.0,4,False,False,False,False,2026-07-05 15:21:02.036,14.0,25.0,43.8,48.3,False,0.4,146.0
2026,9,British Grand Prix,R,BEA,Haas F1 Team,49.0,3.0,SOFT,5.0,149.732,33.07,68.25,48.412,196.0,108.0,90.0,108.0,4,False,False,False,False,2026-07-05 15:23:25.308,14.0,25.0,42.9,48.6,False,3.7,251.0
2026,9,British Grand Prix,R,BEA,Haas F1 Team,50.0,3.0,SOFT,6.0,102.712,37.14,39.158,26.414,227.0,263.0,248.0,280.0,4,False,False,False,False,2026-07-05 15:25:55.040,14.0,24.9,42.6,48.6,False,1.1,220.0
2026,9,British Grand Prix,R,BEA,Haas F1 Team,51.0,3.0,SOFT,7.0,96.174,29.887,39.571,26.716,275.0,263.0,245.0,273.0,4,False,False,False,False,2026-07-05 15:27:37.752,14.0,25.5,41.4,47.7,False,4.2,267.0
2026,9,British Grand Prix,R,BEA,Haas F1 Team,52.0,3.0,SOFT,8.0,116.945,30.246,54.01,32.689,234.0,174.0,248.0,245.0,4,False,False,False,False,2026-07-05 15:29:13.926,14.0,25.3,41.5,48.5,False,3.3,231.0
