session_id,session_code,event_name,round,season,position,classified_position,driver_number,broadcast_name,abbreviation,full_name,team_name,team_color,grid_position,q1,q2,q3,time,status,points
2026_01_Q_Australian Grand Prix,Q,Australian Grand Prix,1,2026,1,,63,G RUSSELL,RUS,George Russell,Mercedes,00D7B6,,0 days 00:01:19.507000,0 days 00:01:18.934000,0 days 00:01:18.518000,,,
2026_01_Q_Australian Grand Prix,Q,Australian Grand Prix,1,2026,2,,12,K ANTONELLI,ANT,Kimi Antonelli,Mercedes,00D7B6,,0 days 00:01:20.120000,0 days 00:01:19.435000,0 days 00:01:18.811000,,,
2026_01_Q_Australian Grand Prix,Q,Australian Grand Prix,1,2026,3,,6,I HADJAR,HAD,Isack Hadjar,Red Bull Racing,4781D7,,0 days 00:01:20.023000,0 days 00:01:19.653000,0 days 00:01:19.303000,,,
2026_01_Q_Australian Grand Prix,Q,Australian Grand Prix,1,2026,4,,16,C LECLERC,LEC,Charles Leclerc,Ferrari,ED1131,,0 days 00:01:20.226000,0 days 00:01:19.357000,0 days 00:01:19.327000,,,
2026_01_Q_Australian Grand Prix,Q,Australian Grand Prix,1,2026,5,,81,O PIASTRI,PIA,Oscar Piastri,McLaren,F47600,,0 days 00:01:19.664000,0 days 00:01:19.525000,0 days 00:01:19.380000,,,
2026_01_Q_Australian Grand Prix,Q,Australian Grand Prix,1,2026,6,,1,L NORRIS,NOR,Lando Norris,McLaren,F47600,,0 days 00:01:20.010000,0 days 00:01:19.882000,0 days 00:01:19.475000,,,
2026_01_Q_Australian Grand Prix,Q,Australian Grand Prix,1,2026,7,,44,L HAMILTON,HAM,Lewis Hamilton,Ferrari,ED1131,,0 days 00:01:19.811000,0 days 00:01:19.921000,0 days 00:01:19.478000,,,
2026_01_Q_Australian Grand Prix,Q,Australian Grand Prix,1,2026,8,,30,L LAWSON,LAW,Liam Lawson,Racing Bulls,6C98FF,,0 days 00:01:20.491000,0 days 00:01:20.144000,0 days 00:01:19.994000,,,
2026_01_Q_Australian Grand Prix,Q,Australian Grand Prix,1,2026,9,,41,A LINDBLAD,LIN,Arvid Lindblad,Racing Bulls,6C98FF,,0 days 00:01:20.409000,0 days 00:01:19.971000,0 days 00:01:21.247000,,,
2026_01_Q_Australian Grand Prix,Q,Australian Grand Prix,1,2026,10,,5,G BORTOLETO,BOR,Gabriel Bortoleto,Audi,F50537,,0 days 00:01:20.495000,0 days 00:01:20.221000,,,,
2026_01_Q_Australian Grand Prix,Q,Australian Grand Prix,1,2026,11,,27,N HULKENBERG,HUL,Nico Hulkenberg,Audi,F50537,,0 days 00:01:21.024000,0 days 00:01:20.303000,,,,
2026_01_Q_Australian Grand Prix,Q,Australian Grand Prix,1,2026,12,,87,O BEARMAN,BEA,Oliver Bearman,Haas F1 Team,9C9FA2,,0 days 00:01:21.247000,0 days 00:01:20.311000,,,,
2026_01_Q_Australian Grand Prix,Q,Australian Grand Prix,1,2026,13,,31,E OCON,OCO,Esteban Ocon,Haas F1 Team,9C9FA2,,0 days 00:01:20.759000,0 days 00:01:20.491000,,,,
2026_01_Q_Australian Grand Prix,Q,Australian Grand Prix,1,2026,14,,10,P GASLY,GAS,Pierre Gasly,Alpine,00A1E8,,0 days 00:01:21.138000,0 days 00:01:20.501000,,,,
2026_01_Q_Australian Grand Prix,Q,Australian Grand Prix,1,2026,15,,23,A ALBON,ALB,Alexander Albon,Williams,1868DB,,0 days 00:01:21.051000,0 days 00:01:20.941000,,,,
2026_01_Q_Australian Grand Prix,Q,Australian Grand Prix,1,2026,16,,43,F COLAPINTO,COL,Franco Colapinto,Alpine,00A1E8,,0 days 00:01:21.200000,0 days 00:01:21.270000,,,,
2026_01_Q_Australian Grand Prix,Q,Australian Grand Prix,1,2026,17,,14,F ALONSO,ALO,Fernando Alonso,Aston Martin,229971,,0 days 00:01:21.969000,,,,,
2026_01_Q_Australian Grand Prix,Q,Australian Grand Prix,1,2026,18,,11,S PEREZ,PER,Sergio Perez,Cadillac,909090,,0 days 00:01:22.605000,,,,,
2026_01_Q_Australian Grand Prix,Q,Australian Grand Prix,1,2026,19,,77,V BOTTAS,BOT,Valtteri Bottas,Cadillac,909090,,0 days 00:01:23.244000,,,,,
2026_01_Q_Australian Grand Prix,Q,Australian Grand Prix,1,2026,,,18,L STROLL,STR,Lance Stroll,Aston Martin,229971,,,,,,,
2026_01_Q_Australian Grand Prix,Q,Australian Grand Prix,1,2026,,,3,M VERSTAPPEN,VER,Max Verstappen,Red Bull Racing,4781D7,,,,,,,
2026_01_Q_Australian Grand Prix,Q,Australian Grand Prix,1,2026,,,55,C SAINZ,SAI,Carlos Sainz,Williams,1868DB,,,,,,,
2026_01_R_Australian Grand Prix,R,Australian Grand Prix,1,2026,1,1,63,G RUSSELL,RUS,George Russell,Mercedes,00D7B6,1,,,,0 days 01:23:06.801000,Finished,25.0
2026_01_R_Australian Grand Prix,R,Australian Grand Prix,1,2026,2,2,12,K ANTONELLI,ANT,Kimi Antonelli,Mercedes,00D7B6,2,,,,0 days 00:00:02.974000,Finished,18.0
2026_01_R_Australian Grand Prix,R,Australian Grand Prix,1,2026,3,3,16,C LECLERC,LEC,Charles Leclerc,Ferrari,ED1131,4,,,,0 days 00:00:15.519000,Finished,15.0
2026_01_R_Australian Grand Prix,R,Australian Grand Prix,1,2026,4,4,44,L HAMILTON,HAM,Lewis Hamilton,Ferrari,ED1131,7,,,,0 days 00:00:16.144000,Finished,12.0
2026_01_R_Australian Grand Prix,R,Australian Grand Prix,1,2026,5,5,1,L NORRIS,NOR,Lando Norris,McLaren,F47600,6,,,,0 days 00:00:51.741000,Finished,10.0
2026_01_R_Australian Grand Prix,R,Australian Grand Prix,1,2026,6,6,3,M VERSTAPPEN,VER,Max Verstappen,Red Bull Racing,4781D7,20,,,,0 days 00:00:54.617000,Finished,8.0
2026_01_R_Australian Grand Prix,R,Australian Grand Prix,1,2026,7,7,87,O BEARMAN,BEA,Oliver Bearman,Haas F1 Team,9C9FA2,12,,,,0 days 00:00:04.593000,Lapped,6.0
2026_01_R_Australian Grand Prix,R,Australian Grand Prix,1,2026,8,8,41,A LINDBLAD,LIN,Arvid Lindblad,Racing Bulls,6C98FF,9,,,,0 days 00:00:11.816000,Lapped,4.0
2026_01_R_Australian Grand Prix,R,Australian Grand Prix,1,2026,9,9,5,G BORTOLETO,BOR,Gabriel Bortoleto,Audi,F50537,10,,,,0 days 00:00:12.775000,Lapped,2.0
2026_01_R_Australian Grand Prix,R,Australian Grand Prix,1,2026,10,10,10,P GASLY,GAS,Pierre Gasly,Alpine,00A1E8,14,,,,0 days 00:00:29.027000,Lapped,1.0
2026_01_R_Australian Grand Prix,R,Australian Grand Prix,1,2026,11,11,31,E OCON,OCO,Esteban Ocon,Haas F1 Team,9C9FA2,13,,,,0 days 00:00:29.850000,Lapped,0.0
2026_01_R_Australian Grand Prix,R,Australian Grand Prix,1,2026,12,12,23,A ALBON,ALB,Alexander Albon,Williams,1868DB,15,,,,0 days 00:00:56.075000,Lapped,0.0
2026_01_R_Australian Grand Prix,R,Australian Grand Prix,1,2026,13,13,30,L LAWSON,LAW,Liam Lawson,Racing Bulls,6C98FF,8,,,,0 days 00:00:57.173000,Lapped,0.0
2026_01_R_Australian Grand Prix,R,Australian Grand Prix,1,2026,14,14,43,F COLAPINTO,COL,Franco Colapinto,Alpine,00A1E8,16,,,,0 days 00:00:08.487000,Lapped,0.0
2026_01_R_Australian Grand Prix,R,Australian Grand Prix,1,2026,15,15,55,C SAINZ,SAI,Carlos Sainz,Williams,1868DB,21,,,,0 days 00:00:36.886000,Lapped,0.0
2026_01_R_Australian Grand Prix,R,Australian Grand Prix,1,2026,16,16,11,S PEREZ,PER,Sergio Perez,Cadillac,909090,18,,,,0 days 00:00:07.850000,Lapped,0.0
2026_01_R_Australian Grand Prix,R,Australian Grand Prix,1,2026,17,R,18,L STROLL,STR,Lance Stroll,Aston Martin,229971,22,,,,,Lapped,0.0
2026_01_R_Australian Grand Prix,R,Australian Grand Prix,1,2026,18,R,14,F ALONSO,ALO,Fernando Alonso,Aston Martin,229971,17,,,,,Retired,0.0
2026_01_R_Australian Grand Prix,R,Australian Grand Prix,1,2026,19,R,77,V BOTTAS,BOT,Valtteri Bottas,Cadillac,909090,19,,,,,Retired,0.0
2026_01_R_Australian Grand Prix,R,Australian Grand Prix,1,2026,20,R,6,I HADJAR,HAD,Isack Hadjar,Red Bull Racing,4781D7,3,,,,,Retired,0.0
2026_01_R_Australian Grand Prix,R,Australian Grand Prix,1,2026,21,W,81,O PIASTRI,PIA,Oscar Piastri,McLaren,F47600,5,,,,,Did not start,0.0
2026_01_R_Australian Grand Prix,R,Australian Grand Prix,1,2026,22,W,27,N HULKENBERG,HUL,Nico Hulkenberg,Audi,F50537,11,,,,,Did not start,0.0
2026_02_Q_Chinese Grand Prix,Q,Chinese Grand Prix,2,2026,1,,12,K ANTONELLI,ANT,Kimi Antonelli,Mercedes,00D7B6,,0 days 00:01:33.305000,0 days 00:01:32.443000,0 days 00:01:32.064000,,,
2026_02_Q_Chinese Grand Prix,Q,Chinese Grand Prix,2,2026,2,,63,G RUSSELL,RUS,George Russell,Mercedes,00D7B6,,0 days 00:01:33.262000,0 days 00:01:32.523000,0 days 00:01:32.286000,,,
2026_02_Q_Chinese Grand Prix,Q,Chinese Grand Prix,2,2026,3,,44,L HAMILTON,HAM,Lewis Hamilton,Ferrari,ED1131,,0 days 00:01:33.522000,0 days 00:01:32.567000,0 days 00:01:32.415000,,,
2026_02_Q_Chinese Grand Prix,Q,Chinese Grand Prix,2,2026,4,,16,C LECLERC,LEC,Charles Leclerc,Ferrari,ED1131,,0 days 00:01:33.175000,0 days 00:01:32.486000,0 days 00:01:32.428000,,,
2026_02_Q_Chinese Grand Prix,Q,Chinese Grand Prix,2,2026,5,,81,O PIASTRI,PIA,Oscar Piastri,McLaren,F47600,,0 days 00:01:33.590000,0 days 00:01:33.130000,0 days 00:01:32.550000,,,
2026_02_Q_Chinese Grand Prix,Q,Chinese Grand Prix,2,2026,6,,1,L NORRIS,NOR,Lando Norris,McLaren,F47600,,0 days 00:01:33.535000,0 days 00:01:32.910000,0 days 00:01:32.608000,,,
2026_02_Q_Chinese Grand Prix,Q,Chinese Grand Prix,2,2026,7,,10,P GASLY,GAS,Pierre Gasly,Alpine,00A1E8,,0 days 00:01:33.788000,0 days 00:01:33.003000,0 days 00:01:32.873000,,,
2026_02_Q_Chinese Grand Prix,Q,Chinese Grand Prix,2,2026,8,,3,M VERSTAPPEN,VER,Max Verstappen,Red Bull Racing,4781D7,,0 days 00:01:33.417000,0 days 00:01:33.098000,0 days 00:01:33.002000,,,
2026_02_Q_Chinese Grand Prix,Q,Chinese Grand Prix,2,2026,9,,6,I HADJAR,HAD,Isack Hadjar,Red Bull Racing,4781D7,,0 days 00:01:33.632000,0 days 00:01:33.352000,0 days 00:01:33.121000,,,
2026_02_Q_Chinese Grand Prix,Q,Chinese Grand Prix,2,2026,10,,87,O BEARMAN,BEA,Oliver Bearman,Haas F1 Team,9C9FA2,,0 days 00:01:33.687000,0 days 00:01:33.197000,0 days 00:01:33.292000,,,
2026_02_Q_Chinese Grand Prix,Q,Chinese Grand Prix,2,2026,11,,27,N HULKENBERG,HUL,Nico Hulkenberg,Audi,F50537,,0 days 00:01:34.116000,0 days 00:01:33.354000,,,,
2026_02_Q_Chinese Grand Prix,Q,Chinese Grand Prix,2,2026,12,,43,F COLAPINTO,COL,Franco Colapinto,Alpine,00A1E8,,0 days 00:01:33.634000,0 days 00:01:33.357000,,,,
2026_02_Q_Chinese Grand Prix,Q,Chinese Grand Prix,2,2026,13,,31,E OCON,OCO,Esteban Ocon,Haas F1 Team,9C9FA2,,0 days 00:01:33.974000,0 days 00:01:33.538000,,,,
2026_02_Q_Chinese Grand Prix,Q,Chinese Grand Prix,2,2026,14,,30,L LAWSON,LAW,Liam Lawson,Racing Bulls,6C98FF,,0 days 00:01:34.139000,0 days 00:01:33.765000,,,,
2026_02_Q_Chinese Grand Prix,Q,Chinese Grand Prix,2,2026,15,,41,A LINDBLAD,LIN,Arvid Lindblad,Racing Bulls,6C98FF,,0 days 00:01:33.906000,0 days 00:01:33.784000,,,,
2026_02_Q_Chinese Grand Prix,Q,Chinese Grand Prix,2,2026,16,,5,G BORTOLETO,BOR,Gabriel Bortoleto,Audi,F50537,,0 days 00:01:33.549000,0 days 00:01:33.965000,,,,
2026_02_Q_Chinese Grand Prix,Q,Chinese Grand Prix,2,2026,17,,55,C SAINZ,SAI,Carlos Sainz,Williams,1868DB,,0 days 00:01:34.317000,,,,,
2026_02_Q_Chinese Grand Prix,Q,Chinese Grand Prix,2,2026,18,,23,A ALBON,ALB,Alexander Albon,Williams,1868DB,,0 days 00:01:34.772000,,,,,
2026_02_Q_Chinese Grand Prix,Q,Chinese Grand Prix,2,2026,19,,14,F ALONSO,ALO,Fernando Alonso,Aston Martin,229971,,0 days 00:01:35.203000,,,,,
2026_02_Q_Chinese Grand Prix,Q,Chinese Grand Prix,2,2026,20,,77,V BOTTAS,BOT,Valtteri Bottas,Cadillac,909090,,0 days 00:01:35.436000,,,,,
2026_02_Q_Chinese Grand Prix,Q,Chinese Grand Prix,2,2026,21,,18,L STROLL,STR,Lance Stroll,Aston Martin,229971,,0 days 00:01:35.995000,,,,,
2026_02_Q_Chinese Grand Prix,Q,Chinese Grand Prix,2,2026,22,,11,S PEREZ,PER,Sergio Perez,Cadillac,909090,,0 days 00:01:36.906000,,,,,
2026_02_R_Chinese Grand Prix,R,Chinese Grand Prix,2,2026,1,1,12,K ANTONELLI,ANT,Kimi Antonelli,Mercedes,00D7B6,1,,,,0 days 01:33:15.607000,Finished,25.0
2026_02_R_Chinese Grand Prix,R,Chinese Grand Prix,2,2026,2,2,63,G RUSSELL,RUS,George Russell,Mercedes,00D7B6,2,,,,0 days 00:00:05.515000,Finished,18.0
2026_02_R_Chinese Grand Prix,R,Chinese Grand Prix,2,2026,3,3,44,L HAMILTON,HAM,Lewis Hamilton,Ferrari,ED1131,3,,,,0 days 00:00:25.267000,Finished,15.0
2026_02_R_Chinese Grand Prix,R,Chinese Grand Prix,2,2026,4,4,16,C LECLERC,LEC,Charles Leclerc,Ferrari,ED1131,4,,,,0 days 00:00:28.894000,Finished,12.0
2026_02_R_Chinese Grand Prix,R,Chinese Grand Prix,2,2026,5,5,87,O BEARMAN,BEA,Oliver Bearman,Haas F1 Team,9C9FA2,10,,,,0 days 00:00:57.268000,Finished,10.0
2026_02_R_Chinese Grand Prix,R,Chinese Grand Prix,2,2026,6,6,10,P GASLY,GAS,Pierre Gasly,Alpine,00A1E8,7,,,,0 days 00:00:59.647000,Finished,8.0
2026_02_R_Chinese Grand Prix,R,Chinese Grand Prix,2,2026,7,7,30,L LAWSON,LAW,Liam Lawson,Racing Bulls,6C98FF,14,,,,0 days 00:01:20.588000,Finished,6.0
2026_02_R_Chinese Grand Prix,R,Chinese Grand Prix,2,2026,8,8,6,I HADJAR,HAD,Isack Hadjar,Red Bull Racing,4781D7,9,,,,0 days 00:01:27.247000,Finished,4.0
2026_02_R_Chinese Grand Prix,R,Chinese Grand Prix,2,2026,9,9,55,C SAINZ,SAI,Carlos Sainz,Williams,1868DB,17,,,,0 days 00:00:11.673000,Lapped,2.0
2026_02_R_Chinese Grand Prix,R,Chinese Grand Prix,2,2026,10,10,43,F COLAPINTO,COL,Franco Colapinto,Alpine,00A1E8,12,,,,0 days 00:00:12.403000,Lapped,1.0
2026_02_R_Chinese Grand Prix,R,Chinese Grand Prix,2,2026,11,11,27,N HULKENBERG,HUL,Nico Hulkenberg,Audi,F50537,11,,,,0 days 00:00:21.109000,Lapped,0.0
2026_02_R_Chinese Grand Prix,R,Chinese Grand Prix,2,2026,12,12,41,A LINDBLAD,LIN,Arvid Lindblad,Racing Bulls,6C98FF,15,,,,0 days 00:00:22.828000,Lapped,0.0
2026_02_R_Chinese Grand Prix,R,Chinese Grand Prix,2,2026,13,13,77,V BOTTAS,BOT,Valtteri Bottas,Cadillac,909090,19,,,,0 days 00:00:56.158000,Lapped,0.0
2026_02_R_Chinese Grand Prix,R,Chinese Grand Prix,2,2026,14,14,31,E OCON,OCO,Esteban Ocon,Haas F1 Team,9C9FA2,13,,,,0 days 00:01:06.256000,Lapped,0.0
2026_02_R_Chinese Grand Prix,R,Chinese Grand Prix,2,2026,15,15,11,S PEREZ,PER,Sergio Perez,Cadillac,909090,21,,,,0 days 00:01:14.641000,Lapped,0.0
2026_02_R_Chinese Grand Prix,R,Chinese Grand Prix,2,2026,16,R,3,M VERSTAPPEN,VER,Max Verstappen,Red Bull Racing,4781D7,8,,,,,Retired,0.0
2026_02_R_Chinese Grand Prix,R,Chinese Grand Prix,2,2026,17,R,14,F ALONSO,ALO,Fernando Alonso,Aston Martin,229971,18,,,,,Retired,0.0
2026_02_R_Chinese Grand Prix,R,Chinese Grand Prix,2,2026,18,R,18,L STROLL,STR,Lance Stroll,Aston Martin,229971,20,,,,,Retired,0.0
2026_02_R_Chinese Grand Prix,R,Chinese Grand Prix,2,2026,19,W,81,O PIASTRI,PIA,Oscar Piastri,McLaren,F47600,5,,,,,Did not start,0.0
2026_02_R_Chinese Grand Prix,R,Chinese Grand Prix,2,2026,20,W,1,L NORRIS,NOR,Lando Norris,McLaren,F47600,6,,,,,Did not start,0.0
2026_02_R_Chinese Grand Prix,R,Chinese Grand Prix,2,2026,21,W,5,G BORTOLETO,BOR,Gabriel Bortoleto,Audi,F50537,16,,,,,Did not start,0.0
2026_02_R_Chinese Grand Prix,R,Chinese Grand Prix,2,2026,22,W,23,A ALBON,ALB,Alexander Albon,Williams,1868DB,22,,,,,Did not start,0.0
2026_02_S_Chinese Grand Prix,S,Chinese Grand Prix,2,2026,1,1,63,G RUSSELL,RUS,George Russell,Mercedes,00D7B6,1,,,,0 days 00:33:38.998000,Finished,8.0
2026_02_S_Chinese Grand Prix,S,Chinese Grand Prix,2,2026,2,2,16,C LECLERC,LEC,Charles Leclerc,Ferrari,ED1131,6,,,,0 days 00:00:00.674000,Finished,7.0
2026_02_S_Chinese Grand Prix,S,Chinese Grand Prix,2,2026,3,3,44,L HAMILTON,HAM,Lewis Hamilton,Ferrari,ED1131,4,,,,0 days 00:00:02.554000,Finished,6.0
2026_02_S_Chinese Grand Prix,S,Chinese Grand Prix,2,2026,4,4,1,L NORRIS,NOR,Lando Norris,McLaren,F47600,3,,,,0 days 00:00:04.433000,Finished,5.0
2026_02_S_Chinese Grand Prix,S,Chinese Grand Prix,2,2026,5,5,12,K ANTONELLI,ANT,Kimi Antonelli,Mercedes,00D7B6,2,,,,0 days 00:00:05.688000,Finished,4.0
2026_02_S_Chinese Grand Prix,S,Chinese Grand Prix,2,2026,6,6,81,O PIASTRI,PIA,Oscar Piastri,McLaren,F47600,5,,,,0 days 00:00:06.809000,Finished,3.0
2026_02_S_Chinese Grand Prix,S,Chinese Grand Prix,2,2026,7,7,30,L LAWSON,LAW,Liam Lawson,Racing Bulls,6C98FF,13,,,,0 days 00:00:10.900000,Finished,2.0
2026_02_S_Chinese Grand Prix,S,Chinese Grand Prix,2,2026,8,8,87,O BEARMAN,BEA,Oliver Bearman,Haas F1 Team,9C9FA2,9,,,,0 days 00:00:11.271000,Finished,1.0
2026_02_S_Chinese Grand Prix,S,Chinese Grand Prix,2,2026,9,9,3,M VERSTAPPEN,VER,Max Verstappen,Red Bull Racing,4781D7,8,,,,0 days 00:00:11.619000,Finished,0.0
2026_02_S_Chinese Grand Prix,S,Chinese Grand Prix,2,2026,10,10,31,E OCON,OCO,Esteban Ocon,Haas F1 Team,9C9FA2,12,,,,0 days 00:00:13.887000,Finished,0.0
2026_02_S_Chinese Grand Prix,S,Chinese Grand Prix,2,2026,11,11,10,P GASLY,GAS,Pierre Gasly,Alpine,00A1E8,7,,,,0 days 00:00:14.780000,Finished,0.0
2026_02_S_Chinese Grand Prix,S,Chinese Grand Prix,2,2026,12,12,55,C SAINZ,SAI,Carlos Sainz,Williams,1868DB,17,,,,0 days 00:00:15.753000,Finished,0.0
2026_02_S_Chinese Grand Prix,S,Chinese Grand Prix,2,2026,13,13,5,G BORTOLETO,BOR,Gabriel Bortoleto,Audi,F50537,14,,,,0 days 00:00:15.858000,Finished,0.0
2026_02_S_Chinese Grand Prix,S,Chinese Grand Prix,2,2026,14,14,43,F COLAPINTO,COL,Franco Colapinto,Alpine,00A1E8,16,,,,0 days 00:00:16.393000,Finished,0.0
2026_02_S_Chinese Grand Prix,S,Chinese Grand Prix,2,2026,15,15,6,I HADJAR,HAD,Isack Hadjar,Red Bull Racing,4781D7,10,,,,0 days 00:00:16.430000,Finished,0.0
2026_02_S_Chinese Grand Prix,S,Chinese Grand Prix,2,2026,16,16,23,A ALBON,ALB,Alexander Albon,Williams,1868DB,22,,,,0 days 00:00:20.014000,Finished,0.0
2026_02_S_Chinese Grand Prix,S,Chinese Grand Prix,2,2026,17,17,14,F ALONSO,ALO,Fernando Alonso,Aston Martin,229971,18,,,,0 days 00:00:21.599000,Finished,0.0
2026_02_S_Chinese Grand Prix,S,Chinese Grand Prix,2,2026,18,18,18,L STROLL,STR,Lance Stroll,Aston Martin,229971,19,,,,0 days 00:00:21.971000,Finished,0.0
2026_02_S_Chinese Grand Prix,S,Chinese Grand Prix,2,2026,19,19,11,S PEREZ,PER,Sergio Perez,Cadillac,909090,21,,,,0 days 00:00:28.241000,Finished,0.0
2026_02_S_Chinese Grand Prix,S,Chinese Grand Prix,2,2026,20,R,27,N HULKENBERG,HUL,Nico Hulkenberg,Audi,F50537,11,,,,,Retired,0.0
2026_02_S_Chinese Grand Prix,S,Chinese Grand Prix,2,2026,21,R,77,V BOTTAS,BOT,Valtteri Bottas,Cadillac,909090,20,,,,,Retired,0.0
2026_02_S_Chinese Grand Prix,S,Chinese Grand Prix,2,2026,22,R,41,A LINDBLAD,LIN,Arvid Lindblad,Racing Bulls,6C98FF,15,,,,,Retired,0.0
2026_02_SQ_Chinese Grand Prix,SQ,Chinese Grand Prix,2,2026,,,63,G RUSSELL,RUS,George Russell,Mercedes,00D7B6,,,,,,,
2026_02_SQ_Chinese Grand Prix,SQ,Chinese Grand Prix,2,2026,,,12,K ANTONELLI,ANT,Kimi Antonelli,Mercedes,00D7B6,,,,,,,
2026_02_SQ_Chinese Grand Prix,SQ,Chinese Grand Prix,2,2026,,,1,L NORRIS,NOR,Lando Norris,McLaren,F47600,,,,,,,
2026_02_SQ_Chinese Grand Prix,SQ,Chinese Grand Prix,2,2026,,,81,O PIASTRI,PIA,Oscar Piastri,McLaren,F47600,,,,,,,
2026_02_SQ_Chinese Grand Prix,SQ,Chinese Grand Prix,2,2026,,,16,C LECLERC,LEC,Charles Leclerc,Ferrari,ED1131,,,,,,,
2026_02_SQ_Chinese Grand Prix,SQ,Chinese Grand Prix,2,2026,,,44,L HAMILTON,HAM,Lewis Hamilton,Ferrari,ED1131,,,,,,,
2026_02_SQ_Chinese Grand Prix,SQ,Chinese Grand Prix,2,2026,,,87,O BEARMAN,BEA,Oliver Bearman,Haas F1 Team,9C9FA2,,,,,,,
2026_02_SQ_Chinese Grand Prix,SQ,Chinese Grand Prix,2,2026,,,3,M VERSTAPPEN,VER,Max Verstappen,Red Bull Racing,4781D7,,,,,,,
2026_02_SQ_Chinese Grand Prix,SQ,Chinese Grand Prix,2,2026,,,27,N HULKENBERG,HUL,Nico Hulkenberg,Audi,F50537,,,,,,,
2026_02_SQ_Chinese Grand Prix,SQ,Chinese Grand Prix,2,2026,,,10,P GASLY,GAS,Pierre Gasly,Alpine,00A1E8,,,,,,,
2026_02_SQ_Chinese Grand Prix,SQ,Chinese Grand Prix,2,2026,,,30,L LAWSON,LAW,Liam Lawson,Racing Bulls,6C98FF,,,,,,,
2026_02_SQ_Chinese Grand Prix,SQ,Chinese Grand Prix,2,2026,,,5,G BORTOLETO,BOR,Gabriel Bortoleto,Audi,F50537,,,,,,,
2026_02_SQ_Chinese Grand Prix,SQ,Chinese Grand Prix,2,2026,,,6,I HADJAR,HAD,Isack Hadjar,Red Bull Racing,4781D7,,,,,,,
2026_02_SQ_Chinese Grand Prix,SQ,Chinese Grand Prix,2,2026,,,31,E OCON,OCO,Esteban Ocon,Haas F1 Team,9C9FA2,,,,,,,
2026_02_SQ_Chinese Grand Prix,SQ,Chinese Grand Prix,2,2026,,,43,F COLAPINTO,COL,Franco Colapinto,Alpine,00A1E8,,,,,,,
2026_02_SQ_Chinese Grand Prix,SQ,Chinese Grand Prix,2,2026,,,23,A ALBON,ALB,Alexander Albon,Williams,1868DB,,,,,,,
2026_02_SQ_Chinese Grand Prix,SQ,Chinese Grand Prix,2,2026,,,55,C SAINZ,SAI,Carlos Sainz,Williams,1868DB,,,,,,,
2026_02_SQ_Chinese Grand Prix,SQ,Chinese Grand Prix,2,2026,,,14,F ALONSO,ALO,Fernando Alonso,Aston Martin,229971,,,,,,,
2026_02_SQ_Chinese Grand Prix,SQ,Chinese Grand Prix,2,2026,,,77,V BOTTAS,BOT,Valtteri Bottas,Cadillac,909090,,,,,,,
2026_02_SQ_Chinese Grand Prix,SQ,Chinese Grand Prix,2,2026,,,18,L STROLL,STR,Lance Stroll,Aston Martin,229971,,,,,,,
2026_02_SQ_Chinese Grand Prix,SQ,Chinese Grand Prix,2,2026,,,41,A LINDBLAD,LIN,Arvid Lindblad,Racing Bulls,6C98FF,,,,,,,
2026_02_SQ_Chinese Grand Prix,SQ,Chinese Grand Prix,2,2026,,,11,S PEREZ,PER,Sergio Perez,Cadillac,909090,,,,,,,
2026_03_Q_Japanese Grand Prix,Q,Japanese Grand Prix,3,2026,1,,12,K ANTONELLI,ANT,Kimi Antonelli,Mercedes,00D7B6,,0 days 00:01:30.035000,0 days 00:01:29.048000,0 days 00:01:28.778000,,,
2026_03_Q_Japanese Grand Prix,Q,Japanese Grand Prix,3,2026,2,,63,G RUSSELL,RUS,George Russell,Mercedes,00D7B6,,0 days 00:01:29.967000,0 days 00:01:29.686000,0 days 00:01:29.076000,,,
2026_03_Q_Japanese Grand Prix,Q,Japanese Grand Prix,3,2026,3,,81,O PIASTRI,PIA,Oscar Piastri,McLaren,F47600,,0 days 00:01:30.200000,0 days 00:01:29.451000,0 days 00:01:29.132000,,,
2026_03_Q_Japanese Grand Prix,Q,Japanese Grand Prix,3,2026,4,,16,C LECLERC,LEC,Charles Leclerc,Ferrari,ED1131,,0 days 00:01:29.915000,0 days 00:01:29.303000,0 days 00:01:29.405000,,,
2026_03_Q_Japanese Grand Prix,Q,Japanese Grand Prix,3,2026,5,,1,L NORRIS,NOR,Lando Norris,McLaren,F47600,,0 days 00:01:30.401000,0 days 00:01:29.795000,0 days 00:01:29.409000,,,
2026_03_Q_Japanese Grand Prix,Q,Japanese Grand Prix,3,2026,6,,44,L HAMILTON,HAM,Lewis Hamilton,Ferrari,ED1131,,0 days 00:01:30.309000,0 days 00:01:29.589000,0 days 00:01:29.567000,,,
2026_03_Q_Japanese Grand Prix,Q,Japanese Grand Prix,3,2026,7,,10,P GASLY,GAS,Pierre Gasly,Alpine,00A1E8,,0 days 00:01:30.584000,0 days 00:01:29.874000,0 days 00:01:29.691000,,,
2026_03_Q_Japanese Grand Prix,Q,Japanese Grand Prix,3,2026,8,,6,I HADJAR,HAD,Isack Hadjar,Red Bull Racing,4781D7,,0 days 00:01:30.662000,0 days 00:01:30.104000,0 days 00:01:29.978000,,,
2026_03_Q_Japanese Grand Prix,Q,Japanese Grand Prix,3,2026,9,,5,G BORTOLETO,BOR,Gabriel Bortoleto,Audi,F50537,,0 days 00:01:30.359000,0 days 00:01:29.990000,0 days 00:01:30.274000,,,
2026_03_Q_Japanese Grand Prix,Q,Japanese Grand Prix,3,2026,10,,41,A LINDBLAD,LIN,Arvid Lindblad,Racing Bulls,6C98FF,,0 days 00:01:30.781000,0 days 00:01:30.109000,0 days 00:01:30.319000,,,
2026_03_Q_Japanese Grand Prix,Q,Japanese Grand Prix,3,2026,11,,3,M VERSTAPPEN,VER,Max Verstappen,Red Bull Racing,4781D7,,0 days 00:01:30.519000,0 days 00:01:30.262000,,,,
2026_03_Q_Japanese Grand Prix,Q,Japanese Grand Prix,3,2026,12,,31,E OCON,OCO,Esteban Ocon,Haas F1 Team,9C9FA2,,0 days 00:01:30.915000,0 days 00:01:30.309000,,,,
2026_03_Q_Japanese Grand Prix,Q,Japanese Grand Prix,3,2026,13,,27,N HULKENBERG,HUL,Nico Hulkenberg,Audi,F50537,,0 days 00:01:30.358000,0 days 00:01:30.387000,,,,
2026_03_Q_Japanese Grand Prix,Q,Japanese Grand Prix,3,2026,14,,30,L LAWSON,LAW,Liam Lawson,Racing Bulls,6C98FF,,0 days 00:01:30.657000,0 days 00:01:30.495000,,,,
2026_03_Q_Japanese Grand Prix,Q,Japanese Grand Prix,3,2026,15,,43,F COLAPINTO,COL,Franco Colapinto,Alpine,00A1E8,,0 days 00:01:30.931000,0 days 00:01:30.627000,,,,
2026_03_Q_Japanese Grand Prix,Q,Japanese Grand Prix,3,2026,16,,55,C SAINZ,SAI,Carlos Sainz,Williams,1868DB,,0 days 00:01:30.927000,0 days 00:01:31.033000,,,,
2026_03_Q_Japanese Grand Prix,Q,Japanese Grand Prix,3,2026,17,,23,A ALBON,ALB,Alexander Albon,Williams,1868DB,,0 days 00:01:31.088000,,,,,
2026_03_Q_Japanese Grand Prix,Q,Japanese Grand Prix,3,2026,18,,87,O BEARMAN,BEA,Oliver Bearman,Haas F1 Team,9C9FA2,,0 days 00:01:31.090000,,,,,
2026_03_Q_Japanese Grand Prix,Q,Japanese Grand Prix,3,2026,19,,11,S PEREZ,PER,Sergio Perez,Cadillac,909090,,0 days 00:01:32.206000,,,,,
2026_03_Q_Japanese Grand Prix,Q,Japanese Grand Prix,3,2026,20,,77,V BOTTAS,BOT,Valtteri Bottas,Cadillac,909090,,0 days 00:01:32.330000,,,,,
2026_03_Q_Japanese Grand Prix,Q,Japanese Grand Prix,3,2026,21,,14,F ALONSO,ALO,Fernando Alonso,Aston Martin,229971,,0 days 00:01:32.646000,,,,,
2026_03_Q_Japanese Grand Prix,Q,Japanese Grand Prix,3,2026,22,,18,L STROLL,STR,Lance Stroll,Aston Martin,229971,,0 days 00:01:32.920000,,,,,
2026_03_R_Japanese Grand Prix,R,Japanese Grand Prix,3,2026,1,1,12,K ANTONELLI,ANT,Kimi Antonelli,Mercedes,00D7B6,1,,,,0 days 01:28:03.403000,Finished,25.0
2026_03_R_Japanese Grand Prix,R,Japanese Grand Prix,3,2026,2,2,81,O PIASTRI,PIA,Oscar Piastri,McLaren,F47600,3,,,,0 days 00:00:13.722000,Finished,18.0
2026_03_R_Japanese Grand Prix,R,Japanese Grand Prix,3,2026,3,3,16,C LECLERC,LEC,Charles Leclerc,Ferrari,ED1131,4,,,,0 days 00:00:15.270000,Finished,15.0
2026_03_R_Japanese Grand Prix,R,Japanese Grand Prix,3,2026,4,4,63,G RUSSELL,RUS,George Russell,Mercedes,00D7B6,2,,,,0 days 00:00:15.754000,Finished,12.0
2026_03_R_Japanese Grand Prix,R,Japanese Grand Prix,3,2026,5,5,1,L NORRIS,NOR,Lando Norris,McLaren,F47600,5,,,,0 days 00:00:23.479000,Finished,10.0
2026_03_R_Japanese Grand Prix,R,Japanese Grand Prix,3,2026,6,6,44,L HAMILTON,HAM,Lewis Hamilton,Ferrari,ED1131,6,,,,0 days 00:00:25.037000,Finished,8.0
2026_03_R_Japanese Grand Prix,R,Japanese Grand Prix,3,2026,7,7,10,P GASLY,GAS,Pierre Gasly,Alpine,00A1E8,7,,,,0 days 00:00:32.340000,Finished,6.0
2026_03_R_Japanese Grand Prix,R,Japanese Grand Prix,3,2026,8,8,3,M VERSTAPPEN,VER,Max Verstappen,Red Bull Racing,4781D7,11,,,,0 days 00:00:32.677000,Finished,4.0
2026_03_R_Japanese Grand Prix,R,Japanese Grand Prix,3,2026,9,9,30,L LAWSON,LAW,Liam Lawson,Racing Bulls,6C98FF,14,,,,0 days 00:00:50.180000,Finished,2.0
2026_03_R_Japanese Grand Prix,R,Japanese Grand Prix,3,2026,10,10,31,E OCON,OCO,Esteban Ocon,Haas F1 Team,9C9FA2,12,,,,0 days 00:00:51.216000,Finished,1.0
2026_03_R_Japanese Grand Prix,R,Japanese Grand Prix,3,2026,11,11,27,N HULKENBERG,HUL,Nico Hulkenberg,Audi,F50537,13,,,,0 days 00:00:52.280000,Finished,0.0
2026_03_R_Japanese Grand Prix,R,Japanese Grand Prix,3,2026,12,12,6,I HADJAR,HAD,Isack Hadjar,Red Bull Racing,4781D7,8,,,,0 days 00:00:56.154000,Finished,0.0
2026_03_R_Japanese Grand Prix,R,Japanese Grand Prix,3,2026,13,13,5,G BORTOLETO,BOR,Gabriel Bortoleto,Audi,F50537,9,,,,0 days 00:00:59.078000,Finished,0.0
2026_03_R_Japanese Grand Prix,R,Japanese Grand Prix,3,2026,14,14,41,A LINDBLAD,LIN,Arvid Lindblad,Racing Bulls,6C98FF,10,,,,0 days 00:00:59.848000,Finished,0.0
2026_03_R_Japanese Grand Prix,R,Japanese Grand Prix,3,2026,15,15,55,C SAINZ,SAI,Carlos Sainz,Williams,1868DB,16,,,,0 days 00:01:05.008000,Finished,0.0
2026_03_R_Japanese Grand Prix,R,Japanese Grand Prix,3,2026,16,16,43,F COLAPINTO,COL,Franco Colapinto,Alpine,00A1E8,15,,,,0 days 00:01:05.773000,Finished,0.0
2026_03_R_Japanese Grand Prix,R,Japanese Grand Prix,3,2026,17,17,11,S PEREZ,PER,Sergio Perez,Cadillac,909090,19,,,,0 days 00:01:32.453000,Finished,0.0
2026_03_R_Japanese Grand Prix,R,Japanese Grand Prix,3,2026,18,18,14,F ALONSO,ALO,Fernando Alonso,Aston Martin,229971,21,,,,0 days 00:00:26.548000,Lapped,0.0
2026_03_R_Japanese Grand Prix,R,Japanese Grand Prix,3,2026,19,19,77,V BOTTAS,BOT,Valtteri Bottas,Cadillac,909090,20,,,,0 days 00:00:42.621000,Lapped,0.0
2026_03_R_Japanese Grand Prix,R,Japanese Grand Prix,3,2026,20,20,23,A ALBON,ALB,Alexander Albon,Williams,1868DB,17,,,,0 days 00:00:05.067000,Lapped,0.0
2026_03_R_Japanese Grand Prix,R,Japanese Grand Prix,3,2026,21,R,18,L STROLL,STR,Lance Stroll,Aston Martin,229971,22,,,,,Retired,0.0
2026_03_R_Japanese Grand Prix,R,Japanese Grand Prix,3,2026,22,R,87,O BEARMAN,BEA,Oliver Bearman,Haas F1 Team,9C9FA2,18,,,,,Retired,0.0
2026_04_Q_Miami Grand Prix,Q,Miami Grand Prix,4,2026,1,,12,K ANTONELLI,ANT,Kimi Antonelli,Mercedes,00D7B6,,0 days 00:01:28.653000,0 days 00:01:28.289000,0 days 00:01:27.798000,,,
2026_04_Q_Miami Grand Prix,Q,Miami Grand Prix,4,2026,2,,3,M VERSTAPPEN,VER,Max Verstappen,Red Bull Racing,4781D7,,0 days 00:01:29.099000,0 days 00:01:28.116000,0 days 00:01:27.964000,,,
2026_04_Q_Miami Grand Prix,Q,Miami Grand Prix,4,2026,3,,16,C LECLERC,LEC,Charles Leclerc,Ferrari,ED1131,,0 days 00:01:28.938000,0 days 00:01:28.315000,0 days 00:01:28.143000,,,
2026_04_Q_Miami Grand Prix,Q,Miami Grand Prix,4,2026,4,,1,L NORRIS,NOR,Lando Norris,McLaren,F47600,,0 days 00:01:29.183000,0 days 00:01:28.920000,0 days 00:01:28.183000,,,
2026_04_Q_Miami Grand Prix,Q,Miami Grand Prix,4,2026,5,,63,G RUSSELL,RUS,George Russell,Mercedes,00D7B6,,0 days 00:01:29.492000,0 days 00:01:28.477000,0 days 00:01:28.197000,,,
2026_04_Q_Miami Grand Prix,Q,Miami Grand Prix,4,2026,6,,44,L HAMILTON,HAM,Lewis Hamilton,Ferrari,ED1131,,0 days 00:01:29.483000,0 days 00:01:28.477000,0 days 00:01:28.319000,,,
2026_04_Q_Miami Grand Prix,Q,Miami Grand Prix,4,2026,7,,81,O PIASTRI,PIA,Oscar Piastri,McLaren,F47600,,0 days 00:01:29.920000,0 days 00:01:28.332000,0 days 00:01:28.500000,,,
2026_04_Q_Miami Grand Prix,Q,Miami Grand Prix,4,2026,8,,43,F COLAPINTO,COL,Franco Colapinto,Alpine,00A1E8,,0 days 00:01:29.584000,0 days 00:01:28.975000,0 days 00:01:28.762000,,,
2026_04_Q_Miami Grand Prix,Q,Miami Grand Prix,4,2026,9,,10,P GASLY,GAS,Pierre Gasly,Alpine,00A1E8,,0 days 00:01:29.914000,0 days 00:01:29.070000,0 days 00:01:28.810000,,,
2026_04_Q_Miami Grand Prix,Q,Miami Grand Prix,4,2026,10,,27,N HULKENBERG,HUL,Nico Hulkenberg,Audi,F50537,,0 days 00:01:29.645000,0 days 00:01:29.439000,,,,
2026_04_Q_Miami Grand Prix,Q,Miami Grand Prix,4,2026,11,,30,L LAWSON,LAW,Liam Lawson,Racing Bulls,6C98FF,,0 days 00:01:29.595000,0 days 00:01:29.499000,,,,
2026_04_Q_Miami Grand Prix,Q,Miami Grand Prix,4,2026,12,,87,O BEARMAN,BEA,Oliver Bearman,Haas F1 Team,9C9FA2,,0 days 00:01:29.340000,0 days 00:01:29.567000,,,,
2026_04_Q_Miami Grand Prix,Q,Miami Grand Prix,4,2026,13,,55,C SAINZ,SAI,Carlos Sainz,Williams,1868DB,,0 days 00:01:29.540000,0 days 00:01:29.568000,,,,
2026_04_Q_Miami Grand Prix,Q,Miami Grand Prix,4,2026,14,,31,E OCON,OCO,Esteban Ocon,Haas F1 Team,9C9FA2,,0 days 00:01:29.838000,0 days 00:01:29.772000,,,,
2026_04_Q_Miami Grand Prix,Q,Miami Grand Prix,4,2026,15,,23,A ALBON,ALB,Alexander Albon,Williams,1868DB,,0 days 00:01:29.720000,0 days 00:01:29.946000,,,,
2026_04_Q_Miami Grand Prix,Q,Miami Grand Prix,4,2026,16,,41,A LINDBLAD,LIN,Arvid Lindblad,Racing Bulls,6C98FF,,0 days 00:01:30.133000,,,,,
2026_04_Q_Miami Grand Prix,Q,Miami Grand Prix,4,2026,17,,14,F ALONSO,ALO,Fernando Alonso,Aston Martin,229971,,0 days 00:01:31.098000,,,,,
2026_04_Q_Miami Grand Prix,Q,Miami Grand Prix,4,2026,18,,18,L STROLL,STR,Lance Stroll,Aston Martin,229971,,0 days 00:01:31.164000,,,,,
2026_04_Q_Miami Grand Prix,Q,Miami Grand Prix,4,2026,19,,77,V BOTTAS,BOT,Valtteri Bottas,Cadillac,909090,,0 days 00:01:31.629000,,,,,
2026_04_Q_Miami Grand Prix,Q,Miami Grand Prix,4,2026,20,,11,S PEREZ,PER,Sergio Perez,Cadillac,909090,,0 days 00:01:31.967000,,,,,
2026_04_Q_Miami Grand Prix,Q,Miami Grand Prix,4,2026,21,,5,G BORTOLETO,BOR,Gabriel Bortoleto,Audi,F50537,,0 days 00:01:33.737000,,,,,
2026_04_Q_Miami Grand Prix,Q,Miami Grand Prix,4,2026,22,,6,I HADJAR,HAD,Isack Hadjar,Red Bull Racing,4781D7,,,,,,,
2026_04_R_Miami Grand Prix,R,Miami Grand Prix,4,2026,1,1,12,K ANTONELLI,ANT,Kimi Antonelli,Mercedes,00D7B6,1,,,,0 days 01:33:19.273000,Finished,25.0
2026_04_R_Miami Grand Prix,R,Miami Grand Prix,4,2026,2,2,1,L NORRIS,NOR,Lando Norris,McLaren,F47600,4,,,,0 days 00:00:03.264000,Finished,18.0
2026_04_R_Miami Grand Prix,R,Miami Grand Prix,4,2026,3,3,81,O PIASTRI,PIA,Oscar Piastri,McLaren,F47600,7,,,,0 days 00:00:27.092000,Finished,15.0
2026_04_R_Miami Grand Prix,R,Miami Grand Prix,4,2026,4,4,63,G RUSSELL,RUS,George Russell,Mercedes,00D7B6,5,,,,0 days 00:00:43.051000,Finished,12.0
2026_04_R_Miami Grand Prix,R,Miami Grand Prix,4,2026,5,5,3,M VERSTAPPEN,VER,Max Verstappen,Red Bull Racing,4781D7,2,,,,0 days 00:00:48.949000,Finished,10.0
2026_04_R_Miami Grand Prix,R,Miami Grand Prix,4,2026,6,6,44,L HAMILTON,HAM,Lewis Hamilton,Ferrari,ED1131,6,,,,0 days 00:00:53.753000,Finished,8.0
2026_04_R_Miami Grand Prix,R,Miami Grand Prix,4,2026,7,7,43,F COLAPINTO,COL,Franco Colapinto,Alpine,00A1E8,8,,,,0 days 00:01:01.871000,Finished,6.0
2026_04_R_Miami Grand Prix,R,Miami Grand Prix,4,2026,8,8,16,C LECLERC,LEC,Charles Leclerc,Ferrari,ED1131,3,,,,0 days 00:01:04.245000,Finished,4.0
2026_04_R_Miami Grand Prix,R,Miami Grand Prix,4,2026,9,9,55,C SAINZ,SAI,Carlos Sainz,Williams,1868DB,13,,,,0 days 00:01:22.072000,Finished,2.0
2026_04_R_Miami Grand Prix,R,Miami Grand Prix,4,2026,10,10,23,A ALBON,ALB,Alexander Albon,Williams,1868DB,15,,,,0 days 00:01:30.972000,Finished,1.0
2026_04_R_Miami Grand Prix,R,Miami Grand Prix,4,2026,11,11,87,O BEARMAN,BEA,Oliver Bearman,Haas F1 Team,9C9FA2,12,,,,0 days 00:00:06.400000,Lapped,0.0
2026_04_R_Miami Grand Prix,R,Miami Grand Prix,4,2026,12,12,5,G BORTOLETO,BOR,Gabriel Bortoleto,Audi,F50537,21,,,,0 days 00:00:09.353000,Lapped,0.0
2026_04_R_Miami Grand Prix,R,Miami Grand Prix,4,2026,13,13,31,E OCON,OCO,Esteban Ocon,Haas F1 Team,9C9FA2,14,,,,0 days 00:00:13.873000,Lapped,0.0
2026_04_R_Miami Grand Prix,R,Miami Grand Prix,4,2026,14,14,41,A LINDBLAD,LIN,Arvid Lindblad,Racing Bulls,6C98FF,16,,,,0 days 00:00:44.781000,Lapped,0.0
2026_04_R_Miami Grand Prix,R,Miami Grand Prix,4,2026,15,15,14,F ALONSO,ALO,Fernando Alonso,Aston Martin,229971,17,,,,0 days 00:01:14.964000,Lapped,0.0
2026_04_R_Miami Grand Prix,R,Miami Grand Prix,4,2026,16,16,11,S PEREZ,PER,Sergio Perez,Cadillac,909090,20,,,,0 days 00:01:17.513000,Lapped,0.0
2026_04_R_Miami Grand Prix,R,Miami Grand Prix,4,2026,17,17,18,L STROLL,STR,Lance Stroll,Aston Martin,229971,18,,,,0 days 00:01:22.631000,Lapped,0.0
2026_04_R_Miami Grand Prix,R,Miami Grand Prix,4,2026,18,18,77,V BOTTAS,BOT,Valtteri Bottas,Cadillac,909090,19,,,,0 days 00:01:08.255000,Lapped,0.0
2026_04_R_Miami Grand Prix,R,Miami Grand Prix,4,2026,19,R,27,N HULKENBERG,HUL,Nico Hulkenberg,Audi,F50537,10,,,,,Retired,0.0
2026_04_R_Miami Grand Prix,R,Miami Grand Prix,4,2026,20,R,30,L LAWSON,LAW,Liam Lawson,Racing Bulls,6C98FF,11,,,,,Retired,0.0
2026_04_R_Miami Grand Prix,R,Miami Grand Prix,4,2026,21,R,10,P GASLY,GAS,Pierre Gasly,Alpine,00A1E8,9,,,,,Retired,0.0
2026_04_R_Miami Grand Prix,R,Miami Grand Prix,4,2026,22,R,6,I HADJAR,HAD,Isack Hadjar,Red Bull Racing,4781D7,22,,,,,Retired,0.0
2026_04_S_Miami Grand Prix,S,Miami Grand Prix,4,2026,1,1,1,L NORRIS,NOR,Lando Norris,McLaren,F47600,1,,,,0 days 00:29:15.045000,Finished,8.0
2026_04_S_Miami Grand Prix,S,Miami Grand Prix,4,2026,2,2,81,O PIASTRI,PIA,Oscar Piastri,McLaren,F47600,3,,,,0 days 00:00:03.766000,Finished,7.0
2026_04_S_Miami Grand Prix,S,Miami Grand Prix,4,2026,3,3,16,C LECLERC,LEC,Charles Leclerc,Ferrari,ED1131,4,,,,0 days 00:00:06.251000,Finished,6.0
2026_04_S_Miami Grand Prix,S,Miami Grand Prix,4,2026,4,4,63,G RUSSELL,RUS,George Russell,Mercedes,00D7B6,6,,,,0 days 00:00:12.951000,Finished,5.0
2026_04_S_Miami Grand Prix,S,Miami Grand Prix,4,2026,5,5,3,M VERSTAPPEN,VER,Max Verstappen,Red Bull Racing,4781D7,5,,,,0 days 00:00:13.639000,Finished,4.0
2026_04_S_Miami Grand Prix,S,Miami Grand Prix,4,2026,6,6,12,K ANTONELLI,ANT,Kimi Antonelli,Mercedes,00D7B6,2,,,,0 days 00:00:13.777000,Finished,3.0
2026_04_S_Miami Grand Prix,S,Miami Grand Prix,4,2026,7,7,44,L HAMILTON,HAM,Lewis Hamilton,Ferrari,ED1131,7,,,,0 days 00:00:21.665000,Finished,2.0
2026_04_S_Miami Grand Prix,S,Miami Grand Prix,4,2026,8,8,10,P GASLY,GAS,Pierre Gasly,Alpine,00A1E8,10,,,,0 days 00:00:30.525000,Finished,1.0
2026_04_S_Miami Grand Prix,S,Miami Grand Prix,4,2026,9,9,6,I HADJAR,HAD,Isack Hadjar,Red Bull Racing,4781D7,9,,,,0 days 00:00:35.346000,Finished,0.0
2026_04_S_Miami Grand Prix,S,Miami Grand Prix,4,2026,10,10,43,F COLAPINTO,COL,Franco Colapinto,Alpine,00A1E8,8,,,,0 days 00:00:36.970000,Finished,0.0
2026_04_S_Miami Grand Prix,S,Miami Grand Prix,4,2026,11,11,31,E OCON,OCO,Esteban Ocon,Haas F1 Team,9C9FA2,16,,,,0 days 00:00:56.972000,Finished,0.0
2026_04_S_Miami Grand Prix,S,Miami Grand Prix,4,2026,12,12,87,O BEARMAN,BEA,Oliver Bearman,Haas F1 Team,9C9FA2,13,,,,0 days 00:00:57.365000,Finished,0.0
2026_04_S_Miami Grand Prix,S,Miami Grand Prix,4,2026,13,13,55,C SAINZ,SAI,Carlos Sainz,Williams,1868DB,14,,,,0 days 00:00:58.504000,Finished,0.0
2026_04_S_Miami Grand Prix,S,Miami Grand Prix,4,2026,14,14,30,L LAWSON,LAW,Liam Lawson,Racing Bulls,6C98FF,15,,,,0 days 00:00:59.358000,Finished,0.0
2026_04_S_Miami Grand Prix,S,Miami Grand Prix,4,2026,15,15,14,F ALONSO,ALO,Fernando Alonso,Aston Martin,229971,20,,,,0 days 00:01:16.067000,Finished,0.0
2026_04_S_Miami Grand Prix,S,Miami Grand Prix,4,2026,16,16,11,S PEREZ,PER,Sergio Perez,Cadillac,909090,17,,,,0 days 00:01:16.691000,Finished,0.0
2026_04_S_Miami Grand Prix,S,Miami Grand Prix,4,2026,17,17,18,L STROLL,STR,Lance Stroll,Aston Martin,229971,21,,,,0 days 00:01:17.626000,Finished,0.0
2026_04_S_Miami Grand Prix,S,Miami Grand Prix,4,2026,18,18,23,A ALBON,ALB,Alexander Albon,Williams,1868DB,18,,,,0 days 00:01:28.173000,Finished,0.0
2026_04_S_Miami Grand Prix,S,Miami Grand Prix,4,2026,19,19,77,V BOTTAS,BOT,Valtteri Bottas,Cadillac,909090,19,,,,0 days 00:01:29.597000,Finished,0.0
2026_04_S_Miami Grand Prix,S,Miami Grand Prix,4,2026,20,W,27,N HULKENBERG,HUL,Nico Hulkenberg,Audi,F50537,12,,,,,Did not start,0.0
2026_04_S_Miami Grand Prix,S,Miami Grand Prix,4,2026,21,W,41,A LINDBLAD,LIN,Arvid Lindblad,Racing Bulls,6C98FF,22,,,,,Did not start,0.0
2026_04_S_Miami Grand Prix,S,Miami Grand Prix,4,2026,22,D,5,G BORTOLETO,BOR,Gabriel Bortoleto,Audi,F50537,11,,,,,Disqualified,0.0
2026_04_SQ_Miami Grand Prix,SQ,Miami Grand Prix,4,2026,,,16,C LECLERC,LEC,Charles Leclerc,Ferrari,ED1131,,,,,,,
2026_04_SQ_Miami Grand Prix,SQ,Miami Grand Prix,4,2026,,,3,M VERSTAPPEN,VER,Max Verstappen,Red Bull Racing,4781D7,,,,,,,
2026_04_SQ_Miami Grand Prix,SQ,Miami Grand Prix,4,2026,,,81,O PIASTRI,PIA,Oscar Piastri,McLaren,F47600,,,,,,,
2026_04_SQ_Miami Grand Prix,SQ,Miami Grand Prix,4,2026,,,44,L HAMILTON,HAM,Lewis Hamilton,Ferrari,ED1131,,,,,,,
2026_04_SQ_Miami Grand Prix,SQ,Miami Grand Prix,4,2026,,,12,K ANTONELLI,ANT,Kimi Antonelli,Mercedes,00D7B6,,,,,,,
2026_04_SQ_Miami Grand Prix,SQ,Miami Grand Prix,4,2026,,,63,G RUSSELL,RUS,George Russell,Mercedes,00D7B6,,,,,,,
2026_04_SQ_Miami Grand Prix,SQ,Miami Grand Prix,4,2026,,,1,L NORRIS,NOR,Lando Norris,McLaren,F47600,,,,,,,
2026_04_SQ_Miami Grand Prix,SQ,Miami Grand Prix,4,2026,,,10,P GASLY,GAS,Pierre Gasly,Alpine,00A1E8,,,,,,,
2026_04_SQ_Miami Grand Prix,SQ,Miami Grand Prix,4,2026,,,6,I HADJAR,HAD,Isack Hadjar,Red Bull Racing,4781D7,,,,,,,
2026_04_SQ_Miami Grand Prix,SQ,Miami Grand Prix,4,2026,,,55,C SAINZ,SAI,Carlos Sainz,Williams,1868DB,,,,,,,
2026_04_SQ_Miami Grand Prix,SQ,Miami Grand Prix,4,2026,,,43,F COLAPINTO,COL,Franco Colapinto,Alpine,00A1E8,,,,,,,
2026_04_SQ_Miami Grand Prix,SQ,Miami Grand Prix,4,2026,,,23,A ALBON,ALB,Alexander Albon,Williams,1868DB,,,,,,,
2026_04_SQ_Miami Grand Prix,SQ,Miami Grand Prix,4,2026,,,87,O BEARMAN,BEA,Oliver Bearman,Haas F1 Team,9C9FA2,,,,,,,
2026_04_SQ_Miami Grand Prix,SQ,Miami Grand Prix,4,2026,,,5,G BORTOLETO,BOR,Gabriel Bortoleto,Audi,F50537,,,,,,,
2026_04_SQ_Miami Grand Prix,SQ,Miami Grand Prix,4,2026,,,27,N HULKENBERG,HUL,Nico Hulkenberg,Audi,F50537,,,,,,,
2026_04_SQ_Miami Grand Prix,SQ,Miami Grand Prix,4,2026,,,31,E OCON,OCO,Esteban Ocon,Haas F1 Team,9C9FA2,,,,,,,
2026_04_SQ_Miami Grand Prix,SQ,Miami Grand Prix,4,2026,,,30,L LAWSON,LAW,Liam Lawson,Racing Bulls,6C98FF,,,,,,,
2026_04_SQ_Miami Grand Prix,SQ,Miami Grand Prix,4,2026,,,11,S PEREZ,PER,Sergio Perez,Cadillac,909090,,,,,,,
2026_04_SQ_Miami Grand Prix,SQ,Miami Grand Prix,4,2026,,,14,F ALONSO,ALO,Fernando Alonso,Aston Martin,229971,,,,,,,
2026_04_SQ_Miami Grand Prix,SQ,Miami Grand Prix,4,2026,,,77,V BOTTAS,BOT,Valtteri Bottas,Cadillac,909090,,,,,,,
2026_04_SQ_Miami Grand Prix,SQ,Miami Grand Prix,4,2026,,,41,A LINDBLAD,LIN,Arvid Lindblad,Racing Bulls,6C98FF,,,,,,,
2026_04_SQ_Miami Grand Prix,SQ,Miami Grand Prix,4,2026,,,18,L STROLL,STR,Lance Stroll,Aston Martin,229971,,,,,,,
2026_05_Q_Canadian Grand Prix,Q,Canadian Grand Prix,5,2026,1,,63,G RUSSELL,RUS,George Russell,Mercedes,00D7B6,,0 days 00:01:13.953000,0 days 00:01:13.079000,0 days 00:01:12.578000,,,
2026_05_Q_Canadian Grand Prix,Q,Canadian Grand Prix,5,2026,2,,12,K ANTONELLI,ANT,Kimi Antonelli,Mercedes,00D7B6,,0 days 00:01:13.380000,0 days 00:01:13.076000,0 days 00:01:12.646000,,,
2026_05_Q_Canadian Grand Prix,Q,Canadian Grand Prix,5,2026,3,,1,L NORRIS,NOR,Lando Norris,McLaren,F47600,,0 days 00:01:13.503000,0 days 00:01:13.049000,0 days 00:01:12.729000,,,
2026_05_Q_Canadian Grand Prix,Q,Canadian Grand Prix,5,2026,4,,81,O PIASTRI,PIA,Oscar Piastri,McLaren,F47600,,0 days 00:01:13.559000,0 days 00:01:13.285000,0 days 00:01:12.781000,,,
2026_05_Q_Canadian Grand Prix,Q,Canadian Grand Prix,5,2026,5,,44,L HAMILTON,HAM,Lewis Hamilton,Ferrari,ED1131,,0 days 00:01:13.767000,0 days 00:01:13.041000,0 days 00:01:12.868000,,,
2026_05_Q_Canadian Grand Prix,Q,Canadian Grand Prix,5,2026,6,,3,M VERSTAPPEN,VER,Max Verstappen,Red Bull Racing,4781D7,,0 days 00:01:14.067000,0 days 00:01:13.479000,0 days 00:01:12.907000,,,
2026_05_Q_Canadian Grand Prix,Q,Canadian Grand Prix,5,2026,7,,6,I HADJAR,HAD,Isack Hadjar,Red Bull Racing,4781D7,,0 days 00:01:13.654000,0 days 00:01:12.975000,0 days 00:01:12.935000,,,
2026_05_Q_Canadian Grand Prix,Q,Canadian Grand Prix,5,2026,8,,16,C LECLERC,LEC,Charles Leclerc,Ferrari,ED1131,,0 days 00:01:13.825000,0 days 00:01:13.496000,0 days 00:01:12.976000,,,
2026_05_Q_Canadian Grand Prix,Q,Canadian Grand Prix,5,2026,9,,41,A LINDBLAD,LIN,Arvid Lindblad,Racing Bulls,6C98FF,,0 days 00:01:13.895000,0 days 00:01:13.548000,0 days 00:01:13.280000,,,
2026_05_Q_Canadian Grand Prix,Q,Canadian Grand Prix,5,2026,10,,43,F COLAPINTO,COL,Franco Colapinto,Alpine,00A1E8,,0 days 00:01:14.466000,0 days 00:01:13.857000,0 days 00:01:13.697000,,,
2026_05_Q_Canadian Grand Prix,Q,Canadian Grand Prix,5,2026,11,,27,N HULKENBERG,HUL,Nico Hulkenberg,Audi,F50537,,0 days 00:01:14.562000,0 days 00:01:13.886000,,,,
2026_05_Q_Canadian Grand Prix,Q,Canadian Grand Prix,5,2026,12,,30,L LAWSON,LAW,Liam Lawson,Racing Bulls,6C98FF,,0 days 00:01:14.346000,0 days 00:01:13.897000,,,,
2026_05_Q_Canadian Grand Prix,Q,Canadian Grand Prix,5,2026,13,,5,G BORTOLETO,BOR,Gabriel Bortoleto,Audi,F50537,,0 days 00:01:14.775000,0 days 00:01:14.071000,,,,
2026_05_Q_Canadian Grand Prix,Q,Canadian Grand Prix,5,2026,14,,10,P GASLY,GAS,Pierre Gasly,Alpine,00A1E8,,0 days 00:01:14.698000,0 days 00:01:14.187000,,,,
2026_05_Q_Canadian Grand Prix,Q,Canadian Grand Prix,5,2026,15,,55,C SAINZ,SAI,Carlos Sainz,Williams,1868DB,,0 days 00:01:14.276000,0 days 00:01:14.273000,,,,
2026_05_Q_Canadian Grand Prix,Q,Canadian Grand Prix,5,2026,16,,87,O BEARMAN,BEA,Oliver Bearman,Haas F1 Team,9C9FA2,,0 days 00:01:14.449000,0 days 00:01:14.416000,,,,
2026_05_Q_Canadian Grand Prix,Q,Canadian Grand Prix,5,2026,17,,31,E OCON,OCO,Esteban Ocon,Haas F1 Team,9C9FA2,,0 days 00:01:14.845000,,,,,
2026_05_Q_Canadian Grand Prix,Q,Canadian Grand Prix,5,2026,18,,23,A ALBON,ALB,Alexander Albon,Williams,1868DB,,0 days 00:01:14.851000,,,,,
2026_05_Q_Canadian Grand Prix,Q,Canadian Grand Prix,5,2026,19,,14,F ALONSO,ALO,Fernando Alonso,Aston Martin,229971,,0 days 00:01:15.196000,,,,,
2026_05_Q_Canadian Grand Prix,Q,Canadian Grand Prix,5,2026,20,,11,S PEREZ,PER,Sergio Perez,Cadillac,909090,,0 days 00:01:15.429000,,,,,
2026_05_Q_Canadian Grand Prix,Q,Canadian Grand Prix,5,2026,21,,18,L STROLL,STR,Lance Stroll,Aston Martin,229971,,0 days 00:01:16.195000,,,,,
2026_05_Q_Canadian Grand Prix,Q,Canadian Grand Prix,5,2026,22,,77,V BOTTAS,BOT,Valtteri Bottas,Cadillac,909090,,0 days 00:01:16.272000,,,,,
2026_05_R_Canadian Grand Prix,R,Canadian Grand Prix,5,2026,1,1,12,K ANTONELLI,ANT,Kimi Antonelli,Mercedes,00D7B6,2,,,,0 days 01:28:15.758000,Finished,25.0
2026_05_R_Canadian Grand Prix,R,Canadian Grand Prix,5,2026,2,2,44,L HAMILTON,HAM,Lewis Hamilton,Ferrari,ED1131,5,,,,0 days 00:00:10.768000,Finished,18.0
2026_05_R_Canadian Grand Prix,R,Canadian Grand Prix,5,2026,3,3,3,M VERSTAPPEN,VER,Max Verstappen,Red Bull Racing,4781D7,6,,,,0 days 00:00:11.276000,Finished,15.0
2026_05_R_Canadian Grand Prix,R,Canadian Grand Prix,5,2026,4,4,16,C LECLERC,LEC,Charles Leclerc,Ferrari,ED1131,8,,,,0 days 00:00:44.151000,Finished,12.0
2026_05_R_Canadian Grand Prix,R,Canadian Grand Prix,5,2026,5,5,6,I HADJAR,HAD,Isack Hadjar,Red Bull Racing,4781D7,7,,,,0 days 00:00:05.033000,Lapped,10.0
2026_05_R_Canadian Grand Prix,R,Canadian Grand Prix,5,2026,6,6,43,F COLAPINTO,COL,Franco Colapinto,Alpine,00A1E8,10,,,,0 days 00:00:19.510000,Lapped,8.0
2026_05_R_Canadian Grand Prix,R,Canadian Grand Prix,5,2026,7,7,30,L LAWSON,LAW,Liam Lawson,Racing Bulls,6C98FF,12,,,,0 days 00:00:34.235000,Lapped,6.0
2026_05_R_Canadian Grand Prix,R,Canadian Grand Prix,5,2026,8,8,10,P GASLY,GAS,Pierre Gasly,Alpine,00A1E8,14,,,,0 days 00:00:34.572000,Lapped,4.0
2026_05_R_Canadian Grand Prix,R,Canadian Grand Prix,5,2026,9,9,55,C SAINZ,SAI,Carlos Sainz,Williams,1868DB,15,,,,0 days 00:00:58.014000,Lapped,2.0
2026_05_R_Canadian Grand Prix,R,Canadian Grand Prix,5,2026,10,10,87,O BEARMAN,BEA,Oliver Bearman,Haas F1 Team,9C9FA2,16,,,,0 days 00:00:59.049000,Lapped,1.0
2026_05_R_Canadian Grand Prix,R,Canadian Grand Prix,5,2026,11,11,81,O PIASTRI,PIA,Oscar Piastri,McLaren,F47600,4,,,,0 days 00:00:12.699000,Lapped,0.0
2026_05_R_Canadian Grand Prix,R,Canadian Grand Prix,5,2026,12,12,27,N HULKENBERG,HUL,Nico Hulkenberg,Audi,F50537,11,,,,0 days 00:00:14.182000,Lapped,0.0
2026_05_R_Canadian Grand Prix,R,Canadian Grand Prix,5,2026,13,13,5,G BORTOLETO,BOR,Gabriel Bortoleto,Audi,F50537,13,,,,0 days 00:00:21.156000,Lapped,0.0
2026_05_R_Canadian Grand Prix,R,Canadian Grand Prix,5,2026,14,14,31,E OCON,OCO,Esteban Ocon,Haas F1 Team,9C9FA2,17,,,,0 days 00:01:08.635000,Lapped,0.0
2026_05_R_Canadian Grand Prix,R,Canadian Grand Prix,5,2026,15,15,18,L STROLL,STR,Lance Stroll,Aston Martin,229971,22,,,,0 days 00:00:18.397000,Lapped,0.0
2026_05_R_Canadian Grand Prix,R,Canadian Grand Prix,5,2026,16,16,77,V BOTTAS,BOT,Valtteri Bottas,Cadillac,909090,21,,,,0 days 00:00:53.390000,Lapped,0.0
2026_05_R_Canadian Grand Prix,R,Canadian Grand Prix,5,2026,17,R,11,S PEREZ,PER,Sergio Perez,Cadillac,909090,20,,,,,Retired,0.0
2026_05_R_Canadian Grand Prix,R,Canadian Grand Prix,5,2026,18,R,1,L NORRIS,NOR,Lando Norris,McLaren,F47600,3,,,,,Retired,0.0
2026_05_R_Canadian Grand Prix,R,Canadian Grand Prix,5,2026,19,R,63,G RUSSELL,RUS,George Russell,Mercedes,00D7B6,1,,,,,Retired,0.0
2026_05_R_Canadian Grand Prix,R,Canadian Grand Prix,5,2026,20,R,14,F ALONSO,ALO,Fernando Alonso,Aston Martin,229971,19,,,,,Retired,0.0
2026_05_R_Canadian Grand Prix,R,Canadian Grand Prix,5,2026,21,R,23,A ALBON,ALB,Alexander Albon,Williams,1868DB,18,,,,,Retired,0.0
2026_05_R_Canadian Grand Prix,R,Canadian Grand Prix,5,2026,22,W,41,A LINDBLAD,LIN,Arvid Lindblad,Racing Bulls,6C98FF,9,,,,,Did not start,0.0
2026_05_S_Canadian Grand Prix,S,Canadian Grand Prix,5,2026,1,1,63,G RUSSELL,RUS,George Russell,Mercedes,00D7B6,1,,,,0 days 00:28:50.951000,Finished,8.0
2026_05_S_Canadian Grand Prix,S,Canadian Grand Prix,5,2026,2,2,1,L NORRIS,NOR,Lando Norris,McLaren,F47600,3,,,,0 days 00:00:01.272000,Finished,7.0
2026_05_S_Canadian Grand Prix,S,Canadian Grand Prix,5,2026,3,3,12,K ANTONELLI,ANT,Kimi Antonelli,Mercedes,00D7B6,2,,,,0 days 00:00:01.843000,Finished,6.0
2026_05_S_Canadian Grand Prix,S,Canadian Grand Prix,5,2026,4,4,81,O PIASTRI,PIA,Oscar Piastri,McLaren,F47600,4,,,,0 days 00:00:09.797000,Finished,5.0
2026_05_S_Canadian Grand Prix,S,Canadian Grand Prix,5,2026,5,5,16,C LECLERC,LEC,Charles Leclerc,Ferrari,ED1131,6,,,,0 days 00:00:09.929000,Finished,4.0
2026_05_S_Canadian Grand Prix,S,Canadian Grand Prix,5,2026,6,6,44,L HAMILTON,HAM,Lewis Hamilton,Ferrari,ED1131,5,,,,0 days 00:00:10.545000,Finished,3.0
2026_05_S_Canadian Grand Prix,S,Canadian Grand Prix,5,2026,7,7,3,M VERSTAPPEN,VER,Max Verstappen,Red Bull Racing,4781D7,7,,,,0 days 00:00:15.935000,Finished,2.0
2026_05_S_Canadian Grand Prix,S,Canadian Grand Prix,5,2026,8,8,41,A LINDBLAD,LIN,Arvid Lindblad,Racing Bulls,6C98FF,9,,,,0 days 00:00:29.710000,Finished,1.0
2026_05_S_Canadian Grand Prix,S,Canadian Grand Prix,5,2026,9,9,43,F COLAPINTO,COL,Franco Colapinto,Alpine,00A1E8,13,,,,0 days 00:00:31.621000,Finished,0.0
2026_05_S_Canadian Grand Prix,S,Canadian Grand Prix,5,2026,10,10,55,C SAINZ,SAI,Carlos Sainz,Williams,1868DB,10,,,,0 days 00:00:36.793000,Finished,0.0
2026_05_S_Canadian Grand Prix,S,Canadian Grand Prix,5,2026,11,11,30,L LAWSON,LAW,Liam Lawson,Racing Bulls,6C98FF,18,,,,0 days 00:01:01.344000,Finished,0.0
2026_05_S_Canadian Grand Prix,S,Canadian Grand Prix,5,2026,12,12,5,G BORTOLETO,BOR,Gabriel Bortoleto,Audi,F50537,12,,,,0 days 00:01:01.814000,Finished,0.0
2026_05_S_Canadian Grand Prix,S,Canadian Grand Prix,5,2026,13,13,31,E OCON,OCO,Esteban Ocon,Haas F1 Team,9C9FA2,14,,,,0 days 00:01:04.209000,Finished,0.0
2026_05_S_Canadian Grand Prix,S,Canadian Grand Prix,5,2026,14,14,11,S PEREZ,PER,Sergio Perez,Cadillac,909090,16,,,,0 days 00:01:10.402000,Finished,0.0
2026_05_S_Canadian Grand Prix,S,Canadian Grand Prix,5,2026,15,15,27,N HULKENBERG,HUL,Nico Hulkenberg,Audi,F50537,11,,,,0 days 00:01:12.158000,Finished,0.0
2026_05_S_Canadian Grand Prix,S,Canadian Grand Prix,5,2026,16,16,18,L STROLL,STR,Lance Stroll,Aston Martin,229971,17,,,,0 days 00:00:13.127000,Lapped,0.0
2026_05_S_Canadian Grand Prix,S,Canadian Grand Prix,5,2026,17,17,77,V BOTTAS,BOT,Valtteri Bottas,Cadillac,909090,21,,,,0 days 00:00:17.861000,Lapped,0.0
2026_05_S_Canadian Grand Prix,S,Canadian Grand Prix,5,2026,18,18,87,O BEARMAN,BEA,Oliver Bearman,Haas F1 Team,9C9FA2,19,,,,0 days 00:00:23.846000,Lapped,0.0
2026_05_S_Canadian Grand Prix,S,Canadian Grand Prix,5,2026,19,19,23,A ALBON,ALB,Alexander Albon,Williams,1868DB,22,,,,0 days 00:00:53.493000,Lapped,0.0
2026_05_S_Canadian Grand Prix,S,Canadian Grand Prix,5,2026,20,20,10,P GASLY,GAS,Pierre Gasly,Alpine,00A1E8,20,,,,0 days 00:01:08.477000,Lapped,0.0
2026_05_S_Canadian Grand Prix,S,Canadian Grand Prix,5,2026,21,21,6,I HADJAR,HAD,Isack Hadjar,Red Bull Racing,4781D7,8,,,,0 days 00:00:18.135000,Lapped,0.0
2026_05_S_Canadian Grand Prix,S,Canadian Grand Prix,5,2026,22,R,14,F ALONSO,ALO,Fernando Alonso,Aston Martin,229971,15,,,,,Retired,0.0
2026_05_SQ_Canadian Grand Prix,SQ,Canadian Grand Prix,5,2026,,,12,K ANTONELLI,ANT,Kimi Antonelli,Mercedes,00D7B6,,,,,,,
2026_05_SQ_Canadian Grand Prix,SQ,Canadian Grand Prix,5,2026,,,63,G RUSSELL,RUS,George Russell,Mercedes,00D7B6,,,,,,,
2026_05_SQ_Canadian Grand Prix,SQ,Canadian Grand Prix,5,2026,,,44,L HAMILTON,HAM,Lewis Hamilton,Ferrari,ED1131,,,,,,,
2026_05_SQ_Canadian Grand Prix,SQ,Canadian Grand Prix,5,2026,,,16,C LECLERC,LEC,Charles Leclerc,Ferrari,ED1131,,,,,,,
2026_05_SQ_Canadian Grand Prix,SQ,Canadian Grand Prix,5,2026,,,3,M VERSTAPPEN,VER,Max Verstappen,Red Bull Racing,4781D7,,,,,,,
2026_05_SQ_Canadian Grand Prix,SQ,Canadian Grand Prix,5,2026,,,1,L NORRIS,NOR,Lando Norris,McLaren,F47600,,,,,,,
2026_05_SQ_Canadian Grand Prix,SQ,Canadian Grand Prix,5,2026,,,81,O PIASTRI,PIA,Oscar Piastri,McLaren,F47600,,,,,,,
2026_05_SQ_Canadian Grand Prix,SQ,Canadian Grand Prix,5,2026,,,41,A LINDBLAD,LIN,Arvid Lindblad,Racing Bulls,6C98FF,,,,,,,
2026_05_SQ_Canadian Grand Prix,SQ,Canadian Grand Prix,5,2026,,,27,N HULKENBERG,HUL,Nico Hulkenberg,Audi,F50537,,,,,,,
2026_05_SQ_Canadian Grand Prix,SQ,Canadian Grand Prix,5,2026,,,14,F ALONSO,ALO,Fernando Alonso,Aston Martin,229971,,,,,,,
2026_05_SQ_Canadian Grand Prix,SQ,Canadian Grand Prix,5,2026,,,5,G BORTOLETO,BOR,Gabriel Bortoleto,Audi,F50537,,,,,,,
2026_05_SQ_Canadian Grand Prix,SQ,Canadian Grand Prix,5,2026,,,6,I HADJAR,HAD,Isack Hadjar,Red Bull Racing,4781D7,,,,,,,
2026_05_SQ_Canadian Grand Prix,SQ,Canadian Grand Prix,5,2026,,,31,E OCON,OCO,Esteban Ocon,Haas F1 Team,9C9FA2,,,,,,,
2026_05_SQ_Canadian Grand Prix,SQ,Canadian Grand Prix,5,2026,,,23,A ALBON,ALB,Alexander Albon,Williams,1868DB,,,,,,,
2026_05_SQ_Canadian Grand Prix,SQ,Canadian Grand Prix,5,2026,,,55,C SAINZ,SAI,Carlos Sainz,Williams,1868DB,,,,,,,
2026_05_SQ_Canadian Grand Prix,SQ,Canadian Grand Prix,5,2026,,,10,P GASLY,GAS,Pierre Gasly,Alpine,00A1E8,,,,,,,
2026_05_SQ_Canadian Grand Prix,SQ,Canadian Grand Prix,5,2026,,,18,L STROLL,STR,Lance Stroll,Aston Martin,229971,,,,,,,
2026_05_SQ_Canadian Grand Prix,SQ,Canadian Grand Prix,5,2026,,,30,L LAWSON,LAW,Liam Lawson,Racing Bulls,6C98FF,,,,,,,
2026_05_SQ_Canadian Grand Prix,SQ,Canadian Grand Prix,5,2026,,,87,O BEARMAN,BEA,Oliver Bearman,Haas F1 Team,9C9FA2,,,,,,,
2026_05_SQ_Canadian Grand Prix,SQ,Canadian Grand Prix,5,2026,,,77,V BOTTAS,BOT,Valtteri Bottas,Cadillac,909090,,,,,,,
2026_05_SQ_Canadian Grand Prix,SQ,Canadian Grand Prix,5,2026,,,11,S PEREZ,PER,Sergio Perez,Cadillac,909090,,,,,,,
2026_05_SQ_Canadian Grand Prix,SQ,Canadian Grand Prix,5,2026,,,43,F COLAPINTO,COL,Franco Colapinto,Alpine,00A1E8,,,,,,,
2026_06_Q_Monaco Grand Prix,Q,Monaco Grand Prix,6,2026,1,,12,K ANTONELLI,ANT,Kimi Antonelli,Mercedes,00D7B6,,0 days 00:01:13.599000,0 days 00:01:12.704000,0 days 00:01:12.051000,,,
2026_06_Q_Monaco Grand Prix,Q,Monaco Grand Prix,6,2026,2,,3,M VERSTAPPEN,VER,Max Verstappen,Red Bull Racing,4781D7,,0 days 00:01:13.490000,0 days 00:01:12.499000,0 days 00:01:12.094000,,,
2026_06_Q_Monaco Grand Prix,Q,Monaco Grand Prix,6,2026,3,,44,L HAMILTON,HAM,Lewis Hamilton,Ferrari,ED1131,,0 days 00:01:13.777000,0 days 00:01:12.934000,0 days 00:01:12.279000,,,
2026_06_Q_Monaco Grand Prix,Q,Monaco Grand Prix,6,2026,4,,16,C LECLERC,LEC,Charles Leclerc,Ferrari,ED1131,,0 days 00:01:13.293000,0 days 00:01:12.774000,0 days 00:01:12.351000,,,
2026_06_Q_Monaco Grand Prix,Q,Monaco Grand Prix,6,2026,5,,6,I HADJAR,HAD,Isack Hadjar,Red Bull Racing,4781D7,,0 days 00:01:14.408000,0 days 00:01:12.722000,0 days 00:01:12.434000,,,
2026_06_Q_Monaco Grand Prix,Q,Monaco Grand Prix,6,2026,6,,63,G RUSSELL,RUS,George Russell,Mercedes,00D7B6,,0 days 00:01:14.214000,0 days 00:01:13.238000,0 days 00:01:12.445000,,,
2026_06_Q_Monaco Grand Prix,Q,Monaco Grand Prix,6,2026,7,,81,O PIASTRI,PIA,Oscar Piastri,McLaren,F47600,,0 days 00:01:14.159000,0 days 00:01:12.983000,0 days 00:01:12.624000,,,
2026_06_Q_Monaco Grand Prix,Q,Monaco Grand Prix,6,2026,8,,1,L NORRIS,NOR,Lando Norris,McLaren,F47600,,0 days 00:01:13.630000,0 days 00:01:12.919000,0 days 00:01:12.765000,,,
2026_06_Q_Monaco Grand Prix,Q,Monaco Grand Prix,6,2026,9,,10,P GASLY,GAS,Pierre Gasly,Alpine,00A1E8,,0 days 00:01:14.469000,0 days 00:01:13.762000,0 days 00:01:13.226000,,,
2026_06_Q_Monaco Grand Prix,Q,Monaco Grand Prix,6,2026,10,,30,L LAWSON,LAW,Liam Lawson,Racing Bulls,6C98FF,,0 days 00:01:14.498000,0 days 00:01:13.471000,0 days 00:01:13.412000,,,
2026_06_Q_Monaco Grand Prix,Q,Monaco Grand Prix,6,2026,11,,23,A ALBON,ALB,Alexander Albon,Williams,1868DB,,0 days 00:01:14.321000,0 days 00:01:13.787000,,,,
2026_06_Q_Monaco Grand Prix,Q,Monaco Grand Prix,6,2026,12,,55,C SAINZ,SAI,Carlos Sainz,Williams,1868DB,,0 days 00:01:14.348000,0 days 00:01:13.815000,,,,
2026_06_Q_Monaco Grand Prix,Q,Monaco Grand Prix,6,2026,13,,27,N HULKENBERG,HUL,Nico Hulkenberg,Audi,F50537,,0 days 00:01:13.923000,0 days 00:01:13.902000,,,,
2026_06_Q_Monaco Grand Prix,Q,Monaco Grand Prix,6,2026,14,,43,F COLAPINTO,COL,Franco Colapinto,Alpine,00A1E8,,0 days 00:01:14.573000,0 days 00:01:13.995000,,,,
2026_06_Q_Monaco Grand Prix,Q,Monaco Grand Prix,6,2026,15,,41,A LINDBLAD,LIN,Arvid Lindblad,Racing Bulls,6C98FF,,0 days 00:01:14.685000,0 days 00:01:14.248000,,,,
2026_06_Q_Monaco Grand Prix,Q,Monaco Grand Prix,6,2026,16,,5,G BORTOLETO,BOR,Gabriel Bortoleto,Audi,F50537,,0 days 00:01:14.683000,,,,,
2026_06_Q_Monaco Grand Prix,Q,Monaco Grand Prix,6,2026,17,,31,E OCON,OCO,Esteban Ocon,Haas F1 Team,9C9FA2,,0 days 00:01:14.722000,,,,,
2026_06_Q_Monaco Grand Prix,Q,Monaco Grand Prix,6,2026,18,,11,S PEREZ,PER,Sergio Perez,Cadillac,909090,,0 days 00:01:14.747000,,,,,
2026_06_Q_Monaco Grand Prix,Q,Monaco Grand Prix,6,2026,19,,87,O BEARMAN,BEA,Oliver Bearman,Haas F1 Team,9C9FA2,,0 days 00:01:14.814000,,,,,
2026_06_Q_Monaco Grand Prix,Q,Monaco Grand Prix,6,2026,20,,77,V BOTTAS,BOT,Valtteri Bottas,Cadillac,909090,,0 days 00:01:15.283000,,,,,
2026_06_Q_Monaco Grand Prix,Q,Monaco Grand Prix,6,2026,21,,14,F ALONSO,ALO,Fernando Alonso,Aston Martin,229971,,0 days 00:01:15.349000,,,,,
2026_06_Q_Monaco Grand Prix,Q,Monaco Grand Prix,6,2026,22,,18,L STROLL,STR,Lance Stroll,Aston Martin,229971,,0 days 00:01:16.061000,,,,,
2026_06_R_Monaco Grand Prix,R,Monaco Grand Prix,6,2026,1,1,12,K ANTONELLI,ANT,Kimi Antonelli,Mercedes,00D7B6,1,,,,0 days 02:23:31.243000,Finished,25.0
2026_06_R_Monaco Grand Prix,R,Monaco Grand Prix,6,2026,2,2,44,L HAMILTON,HAM,Lewis Hamilton,Ferrari,ED1131,3,,,,0 days 00:00:06.271000,Finished,18.0
2026_06_R_Monaco Grand Prix,R,Monaco Grand Prix,6,2026,3,3,10,P GASLY,GAS,Pierre Gasly,Alpine,00A1E8,9,,,,0 days 00:00:20.369000,Finished,15.0
2026_06_R_Monaco Grand Prix,R,Monaco Grand Prix,6,2026,4,4,6,I HADJAR,HAD,Isack Hadjar,Red Bull Racing,4781D7,5,,,,0 days 00:00:23.394000,Finished,12.0
2026_06_R_Monaco Grand Prix,R,Monaco Grand Prix,6,2026,5,5,81,O PIASTRI,PIA,Oscar Piastri,McLaren,F47600,7,,,,0 days 00:00:24.261000,Finished,10.0
2026_06_R_Monaco Grand Prix,R,Monaco Grand Prix,6,2026,6,6,30,L LAWSON,LAW,Liam Lawson,Racing Bulls,6C98FF,10,,,,0 days 00:00:26.553000,Finished,8.0
2026_06_R_Monaco Grand Prix,R,Monaco Grand Prix,6,2026,7,7,41,A LINDBLAD,LIN,Arvid Lindblad,Racing Bulls,6C98FF,15,,,,0 days 00:00:29.010000,Finished,6.0
2026_06_R_Monaco Grand Prix,R,Monaco Grand Prix,6,2026,8,8,23,A ALBON,ALB,Alexander Albon,Williams,1868DB,11,,,,0 days 00:00:33.413000,Finished,4.0
2026_06_R_Monaco Grand Prix,R,Monaco Grand Prix,6,2026,9,9,31,E OCON,OCO,Esteban Ocon,Haas F1 Team,9C9FA2,17,,,,0 days 00:00:37.140000,Finished,2.0
2026_06_R_Monaco Grand Prix,R,Monaco Grand Prix,6,2026,10,10,14,F ALONSO,ALO,Fernando Alonso,Aston Martin,229971,21,,,,0 days 00:00:41.899000,Finished,1.0
2026_06_R_Monaco Grand Prix,R,Monaco Grand Prix,6,2026,11,11,5,G BORTOLETO,BOR,Gabriel Bortoleto,Audi,F50537,16,,,,0 days 00:00:42.748000,Finished,0.0
2026_06_R_Monaco Grand Prix,R,Monaco Grand Prix,6,2026,12,12,63,G RUSSELL,RUS,George Russell,Mercedes,00D7B6,6,,,,0 days 00:00:43.353000,Finished,0.0
2026_06_R_Monaco Grand Prix,R,Monaco Grand Prix,6,2026,13,13,27,N HULKENBERG,HUL,Nico Hulkenberg,Audi,F50537,13,,,,0 days 00:00:44.102000,Finished,0.0
2026_06_R_Monaco Grand Prix,R,Monaco Grand Prix,6,2026,14,14,43,F COLAPINTO,COL,Franco Colapinto,Alpine,00A1E8,14,,,,0 days 00:00:48.964000,Finished,0.0
2026_06_R_Monaco Grand Prix,R,Monaco Grand Prix,6,2026,15,15,11,S PEREZ,PER,Sergio Perez,Cadillac,909090,18,,,,0 days 00:00:49.153000,Finished,0.0
2026_06_R_Monaco Grand Prix,R,Monaco Grand Prix,6,2026,16,16,55,C SAINZ,SAI,Carlos Sainz,Williams,1868DB,12,,,,,Retired,0.0
2026_06_R_Monaco Grand Prix,R,Monaco Grand Prix,6,2026,17,R,16,C LECLERC,LEC,Charles Leclerc,Ferrari,ED1131,4,,,,,Retired,0.0
2026_06_R_Monaco Grand Prix,R,Monaco Grand Prix,6,2026,18,R,18,L STROLL,STR,Lance Stroll,Aston Martin,229971,22,,,,,Retired,0.0
2026_06_R_Monaco Grand Prix,R,Monaco Grand Prix,6,2026,19,R,1,L NORRIS,NOR,Lando Norris,McLaren,F47600,8,,,,,Retired,0.0
2026_06_R_Monaco Grand Prix,R,Monaco Grand Prix,6,2026,20,R,87,O BEARMAN,BEA,Oliver Bearman,Haas F1 Team,9C9FA2,19,,,,,Retired,0.0
2026_06_R_Monaco Grand Prix,R,Monaco Grand Prix,6,2026,21,R,77,V BOTTAS,BOT,Valtteri Bottas,Cadillac,909090,20,,,,,Retired,0.0
2026_06_R_Monaco Grand Prix,R,Monaco Grand Prix,6,2026,22,R,3,M VERSTAPPEN,VER,Max Verstappen,Red Bull Racing,4781D7,2,,,,,Retired,0.0
2026_07_Q_Barcelona Grand Prix,Q,Barcelona Grand Prix,7,2026,1,,63,G RUSSELL,RUS,George Russell,Mercedes,00D7B6,,0 days 00:01:15.717000,0 days 00:01:15.228000,0 days 00:01:14.679000,,,
2026_07_Q_Barcelona Grand Prix,Q,Barcelona Grand Prix,7,2026,2,,44,L HAMILTON,HAM,Lewis Hamilton,Ferrari,ED1131,,0 days 00:01:15.625000,0 days 00:01:15.418000,0 days 00:01:14.743000,,,
2026_07_Q_Barcelona Grand Prix,Q,Barcelona Grand Prix,7,2026,3,,12,K ANTONELLI,ANT,Kimi Antonelli,Mercedes,00D7B6,,0 days 00:01:15.977000,0 days 00:01:15.295000,0 days 00:01:14.998000,,,
2026_07_Q_Barcelona Grand Prix,Q,Barcelona Grand Prix,7,2026,4,,1,L NORRIS,NOR,Lando Norris,McLaren,F47600,,0 days 00:01:16.287000,0 days 00:01:15.361000,0 days 00:01:15.001000,,,
2026_07_Q_Barcelona Grand Prix,Q,Barcelona Grand Prix,7,2026,5,,3,M VERSTAPPEN,VER,Max Verstappen,Red Bull Racing,4781D7,,0 days 00:01:16.352000,0 days 00:01:15.484000,0 days 00:01:15.021000,,,
2026_07_Q_Barcelona Grand Prix,Q,Barcelona Grand Prix,7,2026,6,,6,I HADJAR,HAD,Isack Hadjar,Red Bull Racing,4781D7,,0 days 00:01:16.427000,0 days 00:01:15.754000,0 days 00:01:15.077000,,,
2026_07_Q_Barcelona Grand Prix,Q,Barcelona Grand Prix,7,2026,7,,81,O PIASTRI,PIA,Oscar Piastri,McLaren,F47600,,0 days 00:01:16.138000,0 days 00:01:15.518000,0 days 00:01:15.090000,,,
2026_07_Q_Barcelona Grand Prix,Q,Barcelona Grand Prix,7,2026,8,,30,L LAWSON,LAW,Liam Lawson,Racing Bulls,6C98FF,,0 days 00:01:16.673000,0 days 00:01:15.585000,0 days 00:01:16.542000,,,
2026_07_Q_Barcelona Grand Prix,Q,Barcelona Grand Prix,7,2026,9,,27,N HULKENBERG,HUL,Nico Hulkenberg,Audi,F50537,,0 days 00:01:16.066000,0 days 00:01:15.768000,0 days 00:01:16.657000,,,
2026_07_Q_Barcelona Grand Prix,Q,Barcelona Grand Prix,7,2026,10,,16,C LECLERC,LEC,Charles Leclerc,Ferrari,ED1131,,0 days 00:01:15.964000,0 days 00:01:15.281000,,,,
2026_07_Q_Barcelona Grand Prix,Q,Barcelona Grand Prix,7,2026,11,,41,A LINDBLAD,LIN,Arvid Lindblad,Racing Bulls,6C98FF,,0 days 00:01:16.425000,0 days 00:01:15.840000,,,,
2026_07_Q_Barcelona Grand Prix,Q,Barcelona Grand Prix,7,2026,12,,5,G BORTOLETO,BOR,Gabriel Bortoleto,Audi,F50537,,0 days 00:01:16.616000,0 days 00:01:16.001000,,,,
2026_07_Q_Barcelona Grand Prix,Q,Barcelona Grand Prix,7,2026,13,,43,F COLAPINTO,COL,Franco Colapinto,Alpine,00A1E8,,0 days 00:01:16.590000,0 days 00:01:16.191000,,,,
2026_07_Q_Barcelona Grand Prix,Q,Barcelona Grand Prix,7,2026,14,,10,P GASLY,GAS,Pierre Gasly,Alpine,00A1E8,,0 days 00:01:16.599000,0 days 00:01:16.261000,,,,
2026_07_Q_Barcelona Grand Prix,Q,Barcelona Grand Prix,7,2026,15,,87,O BEARMAN,BEA,Oliver Bearman,Haas F1 Team,9C9FA2,,0 days 00:01:16.571000,0 days 00:01:16.389000,,,,
2026_07_Q_Barcelona Grand Prix,Q,Barcelona Grand Prix,7,2026,16,,55,C SAINZ,SAI,Carlos Sainz,Williams,1868DB,,0 days 00:01:16.881000,0 days 00:01:17.827000,,,,
2026_07_Q_Barcelona Grand Prix,Q,Barcelona Grand Prix,7,2026,17,,31,E OCON,OCO,Esteban Ocon,Haas F1 Team,9C9FA2,,0 days 00:01:17.073000,,,,,
2026_07_Q_Barcelona Grand Prix,Q,Barcelona Grand Prix,7,2026,18,,23,A ALBON,ALB,Alexander Albon,Williams,1868DB,,0 days 00:01:17.424000,,,,,
2026_07_Q_Barcelona Grand Prix,Q,Barcelona Grand Prix,7,2026,19,,11,S PEREZ,PER,Sergio Perez,Cadillac,909090,,0 days 00:01:17.545000,,,,,
2026_07_Q_Barcelona Grand Prix,Q,Barcelona Grand Prix,7,2026,20,,77,V BOTTAS,BOT,Valtteri Bottas,Cadillac,909090,,0 days 00:01:17.757000,,,,,
2026_07_Q_Barcelona Grand Prix,Q,Barcelona Grand Prix,7,2026,21,,18,L STROLL,STR,Lance Stroll,Aston Martin,229971,,0 days 00:01:18.758000,,,,,
2026_07_Q_Barcelona Grand Prix,Q,Barcelona Grand Prix,7,2026,22,,14,F ALONSO,ALO,Fernando Alonso,Aston Martin,229971,,0 days 00:01:18.815000,,,,,
2026_07_R_Barcelona Grand Prix,R,Barcelona Grand Prix,7,2026,1,1,44,L HAMILTON,HAM,Lewis Hamilton,Ferrari,ED1131,2,,,,0 days 01:32:28.105000,Finished,25.0
2026_07_R_Barcelona Grand Prix,R,Barcelona Grand Prix,7,2026,2,2,63,G RUSSELL,RUS,George Russell,Mercedes,00D7B6,1,,,,0 days 00:00:19.561000,Finished,18.0
2026_07_R_Barcelona Grand Prix,R,Barcelona Grand Prix,7,2026,3,3,1,L NORRIS,NOR,Lando Norris,McLaren,F47600,4,,,,0 days 00:00:23.719000,Finished,15.0
2026_07_R_Barcelona Grand Prix,R,Barcelona Grand Prix,7,2026,4,4,3,M VERSTAPPEN,VER,Max Verstappen,Red Bull Racing,4781D7,5,,,,0 days 00:00:40.497000,Finished,12.0
2026_07_R_Barcelona Grand Prix,R,Barcelona Grand Prix,7,2026,5,5,81,O PIASTRI,PIA,Oscar Piastri,McLaren,F47600,7,,,,0 days 00:00:58.661000,Finished,10.0
2026_07_R_Barcelona Grand Prix,R,Barcelona Grand Prix,7,2026,6,6,6,I HADJAR,HAD,Isack Hadjar,Red Bull Racing,4781D7,6,,,,0 days 00:00:24.627000,Lapped,8.0
2026_07_R_Barcelona Grand Prix,R,Barcelona Grand Prix,7,2026,7,7,10,P GASLY,GAS,Pierre Gasly,Alpine,00A1E8,14,,,,0 days 00:00:55.789000,Lapped,6.0
2026_07_R_Barcelona Grand Prix,R,Barcelona Grand Prix,7,2026,8,8,30,L LAWSON,LAW,Liam Lawson,Racing Bulls,6C98FF,8,,,,0 days 00:01:12.224000,Lapped,4.0
2026_07_R_Barcelona Grand Prix,R,Barcelona Grand Prix,7,2026,9,9,41,A LINDBLAD,LIN,Arvid Lindblad,Racing Bulls,6C98FF,11,,,,0 days 00:01:18.074000,Lapped,2.0
2026_07_R_Barcelona Grand Prix,R,Barcelona Grand Prix,7,2026,10,10,43,F COLAPINTO,COL,Franco Colapinto,Alpine,00A1E8,13,,,,0 days 00:01:19.867000,Lapped,1.0
2026_07_R_Barcelona Grand Prix,R,Barcelona Grand Prix,7,2026,11,11,5,G BORTOLETO,BOR,Gabriel Bortoleto,Audi,F50537,12,,,,0 days 00:00:26.687000,Lapped,0.0
2026_07_R_Barcelona Grand Prix,R,Barcelona Grand Prix,7,2026,12,12,55,C SAINZ,SAI,Carlos Sainz,Williams,1868DB,16,,,,0 days 00:00:27.866000,Lapped,0.0
2026_07_R_Barcelona Grand Prix,R,Barcelona Grand Prix,7,2026,13,13,31,E OCON,OCO,Esteban Ocon,Haas F1 Team,9C9FA2,17,,,,0 days 00:00:59.149000,Lapped,0.0
2026_07_R_Barcelona Grand Prix,R,Barcelona Grand Prix,7,2026,14,14,11,S PEREZ,PER,Sergio Perez,Cadillac,909090,19,,,,0 days 00:00:07.769000,Lapped,0.0
2026_07_R_Barcelona Grand Prix,R,Barcelona Grand Prix,7,2026,15,15,16,C LECLERC,LEC,Charles Leclerc,Ferrari,ED1131,10,,,,,Retired,0.0
2026_07_R_Barcelona Grand Prix,R,Barcelona Grand Prix,7,2026,16,16,12,K ANTONELLI,ANT,Kimi Antonelli,Mercedes,00D7B6,3,,,,,Retired,0.0
2026_07_R_Barcelona Grand Prix,R,Barcelona Grand Prix,7,2026,17,17,87,O BEARMAN,BEA,Oliver Bearman,Haas F1 Team,9C9FA2,15,,,,,Retired,0.0
2026_07_R_Barcelona Grand Prix,R,Barcelona Grand Prix,7,2026,18,R,23,A ALBON,ALB,Alexander Albon,Williams,1868DB,18,,,,,Lapped,0.0
2026_07_R_Barcelona Grand Prix,R,Barcelona Grand Prix,7,2026,19,R,14,F ALONSO,ALO,Fernando Alonso,Aston Martin,229971,22,,,,,Retired,0.0
2026_07_R_Barcelona Grand Prix,R,Barcelona Grand Prix,7,2026,20,R,27,N HULKENBERG,HUL,Nico Hulkenberg,Audi,F50537,9,,,,,Retired,0.0
2026_07_R_Barcelona Grand Prix,R,Barcelona Grand Prix,7,2026,21,R,77,V BOTTAS,BOT,Valtteri Bottas,Cadillac,909090,20,,,,,Retired,0.0
2026_07_R_Barcelona Grand Prix,R,Barcelona Grand Prix,7,2026,22,R,18,L STROLL,STR,Lance Stroll,Aston Martin,229971,21,,,,,Retired,0.0
2026_08_Q_Austrian Grand Prix,Q,Austrian Grand Prix,8,2026,1,,63,G RUSSELL,RUS,George Russell,Mercedes,00D7B6,,0 days 00:01:07.398000,0 days 00:01:06.979000,0 days 00:01:06.113000,,,
2026_08_Q_Austrian Grand Prix,Q,Austrian Grand Prix,8,2026,2,,16,C LECLERC,LEC,Charles Leclerc,Ferrari,ED1131,,0 days 00:01:07.543000,0 days 00:01:07.030000,0 days 00:01:06.349000,,,
2026_08_Q_Austrian Grand Prix,Q,Austrian Grand Prix,8,2026,3,,44,L HAMILTON,HAM,Lewis Hamilton,Ferrari,ED1131,,0 days 00:01:07.290000,0 days 00:01:06.994000,0 days 00:01:06.408000,,,
2026_08_Q_Austrian Grand Prix,Q,Austrian Grand Prix,8,2026,4,,12,K ANTONELLI,ANT,Kimi Antonelli,Mercedes,00D7B6,,0 days 00:01:07.083000,0 days 00:01:06.763000,0 days 00:01:06.414000,,,
2026_08_Q_Austrian Grand Prix,Q,Austrian Grand Prix,8,2026,5,,3,M VERSTAPPEN,VER,Max Verstappen,Red Bull Racing,4781D7,,0 days 00:01:07.407000,0 days 00:01:07.183000,0 days 00:01:06.475000,,,
2026_08_Q_Austrian Grand Prix,Q,Austrian Grand Prix,8,2026,6,,1,L NORRIS,NOR,Lando Norris,McLaren,F47600,,0 days 00:01:07.259000,0 days 00:01:06.897000,0 days 00:01:06.502000,,,
2026_08_Q_Austrian Grand Prix,Q,Austrian Grand Prix,8,2026,7,,81,O PIASTRI,PIA,Oscar Piastri,McLaren,F47600,,0 days 00:01:07.487000,0 days 00:01:06.890000,0 days 00:01:06.511000,,,
2026_08_Q_Austrian Grand Prix,Q,Austrian Grand Prix,8,2026,8,,6,I HADJAR,HAD,Isack Hadjar,Red Bull Racing,4781D7,,0 days 00:01:07.408000,0 days 00:01:07.086000,0 days 00:01:06.632000,,,
2026_08_Q_Austrian Grand Prix,Q,Austrian Grand Prix,8,2026,9,,30,L LAWSON,LAW,Liam Lawson,Racing Bulls,6C98FF,,0 days 00:01:07.385000,0 days 00:01:07.136000,0 days 00:01:06.955000,,,
2026_08_Q_Austrian Grand Prix,Q,Austrian Grand Prix,8,2026,10,,41,A LINDBLAD,LIN,Arvid Lindblad,Racing Bulls,6C98FF,,0 days 00:01:07.549000,0 days 00:01:07.155000,0 days 00:01:07.007000,,,
2026_08_Q_Austrian Grand Prix,Q,Austrian Grand Prix,8,2026,11,,10,P GASLY,GAS,Pierre Gasly,Alpine,00A1E8,,0 days 00:01:08.038000,0 days 00:01:07.223000,,,,
2026_08_Q_Austrian Grand Prix,Q,Austrian Grand Prix,8,2026,12,,5,G BORTOLETO,BOR,Gabriel Bortoleto,Audi,F50537,,0 days 00:01:08.035000,0 days 00:01:07.293000,,,,
2026_08_Q_Austrian Grand Prix,Q,Austrian Grand Prix,8,2026,13,,87,O BEARMAN,BEA,Oliver Bearman,Haas F1 Team,9C9FA2,,0 days 00:01:08.061000,0 days 00:01:07.523000,,,,
2026_08_Q_Austrian Grand Prix,Q,Austrian Grand Prix,8,2026,14,,27,N HULKENBERG,HUL,Nico Hulkenberg,Audi,F50537,,0 days 00:01:08.066000,0 days 00:01:07.611000,,,,
2026_08_Q_Austrian Grand Prix,Q,Austrian Grand Prix,8,2026,15,,31,E OCON,OCO,Esteban Ocon,Haas F1 Team,9C9FA2,,0 days 00:01:08.231000,0 days 00:01:07.817000,,,,
2026_08_Q_Austrian Grand Prix,Q,Austrian Grand Prix,8,2026,16,,43,F COLAPINTO,COL,Franco Colapinto,Alpine,00A1E8,,0 days 00:01:07.894000,0 days 00:01:08.171000,,,,
2026_08_Q_Austrian Grand Prix,Q,Austrian Grand Prix,8,2026,17,,55,C SAINZ,SAI,Carlos Sainz,Williams,1868DB,,0 days 00:01:08.252000,,,,,
2026_08_Q_Austrian Grand Prix,Q,Austrian Grand Prix,8,2026,18,,23,A ALBON,ALB,Alexander Albon,Williams,1868DB,,0 days 00:01:08.509000,,,,,
2026_08_Q_Austrian Grand Prix,Q,Austrian Grand Prix,8,2026,19,,11,S PEREZ,PER,Sergio Perez,Cadillac,909090,,0 days 00:01:08.945000,,,,,
2026_08_Q_Austrian Grand Prix,Q,Austrian Grand Prix,8,2026,20,,77,V BOTTAS,BOT,Valtteri Bottas,Cadillac,909090,,0 days 00:01:09.030000,,,,,
2026_08_Q_Austrian Grand Prix,Q,Austrian Grand Prix,8,2026,21,,14,F ALONSO,ALO,Fernando Alonso,Aston Martin,229971,,0 days 00:01:09.942000,,,,,
2026_08_Q_Austrian Grand Prix,Q,Austrian Grand Prix,8,2026,22,,18,L STROLL,STR,Lance Stroll,Aston Martin,229971,,0 days 00:01:10.363000,,,,,
2026_08_R_Austrian Grand Prix,R,Austrian Grand Prix,8,2026,1,1,63,G RUSSELL,RUS,George Russell,Mercedes,00D7B6,1,,,,0 days 01:26:37.979000,Finished,25.0
2026_08_R_Austrian Grand Prix,R,Austrian Grand Prix,8,2026,2,2,3,M VERSTAPPEN,VER,Max Verstappen,Red Bull Racing,4781D7,5,,,,0 days 00:00:01.611000,Finished,18.0
2026_08_R_Austrian Grand Prix,R,Austrian Grand Prix,8,2026,3,3,12,K ANTONELLI,ANT,Kimi Antonelli,Mercedes,00D7B6,4,,,,0 days 00:00:01.986000,Finished,15.0
2026_08_R_Austrian Grand Prix,R,Austrian Grand Prix,8,2026,4,4,81,O PIASTRI,PIA,Oscar Piastri,McLaren,F47600,7,,,,0 days 00:00:21.809000,Finished,12.0
2026_08_R_Austrian Grand Prix,R,Austrian Grand Prix,8,2026,5,5,44,L HAMILTON,HAM,Lewis Hamilton,Ferrari,ED1131,3,,,,0 days 00:00:26.393000,Finished,10.0
2026_08_R_Austrian Grand Prix,R,Austrian Grand Prix,8,2026,6,6,6,I HADJAR,HAD,Isack Hadjar,Red Bull Racing,4781D7,8,,,,0 days 00:00:29.399000,Finished,8.0
2026_08_R_Austrian Grand Prix,R,Austrian Grand Prix,8,2026,7,7,1,L NORRIS,NOR,Lando Norris,McLaren,F47600,6,,,,0 days 00:00:31.505000,Finished,6.0
2026_08_R_Austrian Grand Prix,R,Austrian Grand Prix,8,2026,8,8,16,C LECLERC,LEC,Charles Leclerc,Ferrari,ED1131,2,,,,0 days 00:00:45.659000,Finished,4.0
2026_08_R_Austrian Grand Prix,R,Austrian Grand Prix,8,2026,9,9,30,L LAWSON,LAW,Liam Lawson,Racing Bulls,6C98FF,9,,,,0 days 00:00:15.334000,Lapped,2.0
2026_08_R_Austrian Grand Prix,R,Austrian Grand Prix,8,2026,10,10,41,A LINDBLAD,LIN,Arvid Lindblad,Racing Bulls,6C98FF,10,,,,0 days 00:00:19.030000,Lapped,1.0
2026_08_R_Austrian Grand Prix,R,Austrian Grand Prix,8,2026,11,11,5,G BORTOLETO,BOR,Gabriel Bortoleto,Audi,F50537,12,,,,0 days 00:00:30.315000,Lapped,0.0
2026_08_R_Austrian Grand Prix,R,Austrian Grand Prix,8,2026,12,12,27,N HULKENBERG,HUL,Nico Hulkenberg,Audi,F50537,14,,,,0 days 00:00:38.484000,Lapped,0.0
2026_08_R_Austrian Grand Prix,R,Austrian Grand Prix,8,2026,13,13,10,P GASLY,GAS,Pierre Gasly,Alpine,00A1E8,11,,,,0 days 00:00:39.251000,Lapped,0.0
2026_08_R_Austrian Grand Prix,R,Austrian Grand Prix,8,2026,14,14,87,O BEARMAN,BEA,Oliver Bearman,Haas F1 Team,9C9FA2,13,,,,0 days 00:01:02.677000,Lapped,0.0
2026_08_R_Austrian Grand Prix,R,Austrian Grand Prix,8,2026,15,15,43,F COLAPINTO,COL,Franco Colapinto,Alpine,00A1E8,16,,,,0 days 00:01:05.647000,Lapped,0.0
2026_08_R_Austrian Grand Prix,R,Austrian Grand Prix,8,2026,16,16,31,E OCON,OCO,Esteban Ocon,Haas F1 Team,9C9FA2,15,,,,0 days 00:00:25.932000,Lapped,0.0
2026_08_R_Austrian Grand Prix,R,Austrian Grand Prix,8,2026,17,17,23,A ALBON,ALB,Alexander Albon,Williams,1868DB,18,,,,0 days 00:00:28.082000,Lapped,0.0
2026_08_R_Austrian Grand Prix,R,Austrian Grand Prix,8,2026,18,18,14,F ALONSO,ALO,Fernando Alonso,Aston Martin,229971,21,,,,0 days 00:00:04.833000,Lapped,0.0
2026_08_R_Austrian Grand Prix,R,Austrian Grand Prix,8,2026,19,R,18,L STROLL,STR,Lance Stroll,Aston Martin,229971,22,,,,,Retired,0.0
2026_08_R_Austrian Grand Prix,R,Austrian Grand Prix,8,2026,20,R,55,C SAINZ,SAI,Carlos Sainz,Williams,1868DB,17,,,,,Retired,0.0
2026_08_R_Austrian Grand Prix,R,Austrian Grand Prix,8,2026,21,R,11,S PEREZ,PER,Sergio Perez,Cadillac,909090,19,,,,,Retired,0.0
2026_08_R_Austrian Grand Prix,R,Austrian Grand Prix,8,2026,22,R,77,V BOTTAS,BOT,Valtteri Bottas,Cadillac,909090,20,,,,,Retired,0.0
2026_09_Q_British Grand Prix,Q,British Grand Prix,9,2026,1,,12,K ANTONELLI,ANT,Kimi Antonelli,Mercedes,00D7B6,,0 days 00:01:29.719000,0 days 00:01:28.493000,0 days 00:01:28.111000,,,
2026_09_Q_British Grand Prix,Q,British Grand Prix,9,2026,2,,16,C LECLERC,LEC,Charles Leclerc,Ferrari,ED1131,,0 days 00:01:29.534000,0 days 00:01:28.626000,0 days 00:01:28.286000,,,
2026_09_Q_British Grand Prix,Q,British Grand Prix,9,2026,3,,44,L HAMILTON,HAM,Lewis Hamilton,Ferrari,ED1131,,0 days 00:01:29.644000,0 days 00:01:28.864000,0 days 00:01:28.458000,,,
2026_09_Q_British Grand Prix,Q,British Grand Prix,9,2026,4,,63,G RUSSELL,RUS,George Russell,Mercedes,00D7B6,,0 days 00:01:29.985000,0 days 00:01:28.920000,0 days 00:01:28.481000,,,
2026_09_Q_British Grand Prix,Q,British Grand Prix,9,2026,5,,6,I HADJAR,HAD,Isack Hadjar,Red Bull Racing,4781D7,,0 days 00:01:29.276000,0 days 00:01:29.069000,0 days 00:01:28.746000,,,
2026_09_Q_British Grand Prix,Q,British Grand Prix,9,2026,6,,1,L NORRIS,NOR,Lando Norris,McLaren,F47600,,0 days 00:01:30.186000,0 days 00:01:29.383000,0 days 00:01:28.877000,,,
2026_09_Q_British Grand Prix,Q,British Grand Prix,9,2026,7,,3,M VERSTAPPEN,VER,Max Verstappen,Red Bull Racing,4781D7,,0 days 00:01:29.549000,0 days 00:01:29.113000,0 days 00:01:28.893000,,,
2026_09_Q_British Grand Prix,Q,British Grand Prix,9,2026,8,,81,O PIASTRI,PIA,Oscar Piastri,McLaren,F47600,,0 days 00:01:29.971000,0 days 00:01:29.218000,0 days 00:01:29.032000,,,
2026_09_Q_British Grand Prix,Q,British Grand Prix,9,2026,9,,41,A LINDBLAD,LIN,Arvid Lindblad,Racing Bulls,6C98FF,,0 days 00:01:29.661000,0 days 00:01:29.324000,0 days 00:01:29.305000,,,
2026_09_Q_British Grand Prix,Q,British Grand Prix,9,2026,10,,30,L LAWSON,LAW,Liam Lawson,Racing Bulls,6C98FF,,0 days 00:01:29.300000,0 days 00:01:29.429000,0 days 00:01:29.716000,,,
2026_09_Q_British Grand Prix,Q,British Grand Prix,9,2026,11,,5,G BORTOLETO,BOR,Gabriel Bortoleto,Audi,F50537,,0 days 00:01:30.269000,0 days 00:01:29.461000,,,,
2026_09_Q_British Grand Prix,Q,British Grand Prix,9,2026,12,,10,P GASLY,GAS,Pierre Gasly,Alpine,00A1E8,,0 days 00:01:30.345000,0 days 00:01:30.063000,,,,
2026_09_Q_British Grand Prix,Q,British Grand Prix,9,2026,13,,27,N HULKENBERG,HUL,Nico Hulkenberg,Audi,F50537,,0 days 00:01:29.539000,0 days 00:01:30.076000,,,,
2026_09_Q_British Grand Prix,Q,British Grand Prix,9,2026,14,,87,O BEARMAN,BEA,Oliver Bearman,Haas F1 Team,9C9FA2,,0 days 00:01:30.570000,0 days 00:01:30.501000,,,,
2026_09_Q_British Grand Prix,Q,British Grand Prix,9,2026,15,,55,C SAINZ,SAI,Carlos Sainz,Williams,1868DB,,0 days 00:01:30.562000,0 days 00:01:30.623000,,,,
2026_09_Q_British Grand Prix,Q,British Grand Prix,9,2026,16,,23,A ALBON,ALB,Alexander Albon,Williams,1868DB,,0 days 00:01:30.638000,0 days 00:01:31.341000,,,,
2026_09_Q_British Grand Prix,Q,British Grand Prix,9,2026,17,,31,E OCON,OCO,Esteban Ocon,Haas F1 Team,9C9FA2,,0 days 00:01:30.680000,,,,,
2026_09_Q_British Grand Prix,Q,British Grand Prix,9,2026,18,,77,V BOTTAS,BOT,Valtteri Bottas,Cadillac,909090,,0 days 00:01:31.227000,,,,,
2026_09_Q_British Grand Prix,Q,British Grand Prix,9,2026,19,,43,F COLAPINTO,COL,Franco Colapinto,Alpine,00A1E8,,0 days 00:01:31.321000,,,,,
2026_09_Q_British Grand Prix,Q,British Grand Prix,9,2026,20,,11,S PEREZ,PER,Sergio Perez,Cadillac,909090,,0 days 00:01:31.451000,,,,,
2026_09_Q_British Grand Prix,Q,British Grand Prix,9,2026,21,,18,L STROLL,STR,Lance Stroll,Aston Martin,229971,,0 days 00:01:32.863000,,,,,
2026_09_Q_British Grand Prix,Q,British Grand Prix,9,2026,22,,14,F ALONSO,ALO,Fernando Alonso,Aston Martin,229971,,0 days 00:01:33.025000,,,,,
2026_09_R_British Grand Prix,R,British Grand Prix,9,2026,1,1,16,C LECLERC,LEC,Charles Leclerc,Ferrari,ED1131,2,,,,0 days 01:27:11.335000,Finished,25.0
2026_09_R_British Grand Prix,R,British Grand Prix,9,2026,2,2,63,G RUSSELL,RUS,George Russell,Mercedes,00D7B6,4,,,,0 days 00:00:00.427000,Finished,18.0
2026_09_R_British Grand Prix,R,British Grand Prix,9,2026,3,3,44,L HAMILTON,HAM,Lewis Hamilton,Ferrari,ED1131,3,,,,0 days 00:00:00.772000,Finished,15.0
2026_09_R_British Grand Prix,R,British Grand Prix,9,2026,4,4,1,L NORRIS,NOR,Lando Norris,McLaren,F47600,6,,,,0 days 00:00:01.149000,Finished,12.0
2026_09_R_British Grand Prix,R,British Grand Prix,9,2026,5,5,6,I HADJAR,HAD,Isack Hadjar,Red Bull Racing,4781D7,5,,,,0 days 00:00:01.598000,Finished,10.0
2026_09_R_British Grand Prix,R,British Grand Prix,9,2026,6,6,30,L LAWSON,LAW,Liam Lawson,Racing Bulls,6C98FF,10,,,,0 days 00:00:02.023000,Finished,8.0
2026_09_R_British Grand Prix,R,British Grand Prix,9,2026,7,7,41,A LINDBLAD,LIN,Arvid Lindblad,Racing Bulls,6C98FF,9,,,,0 days 00:00:02.214000,Finished,6.0
2026_09_R_British Grand Prix,R,British Grand Prix,9,2026,8,8,5,G BORTOLETO,BOR,Gabriel Bortoleto,Audi,F50537,11,,,,0 days 00:00:02.413000,Finished,4.0
2026_09_R_British Grand Prix,R,British Grand Prix,9,2026,9,9,43,F COLAPINTO,COL,Franco Colapinto,Alpine,00A1E8,19,,,,0 days 00:00:03.229000,Finished,2.0
2026_09_R_British Grand Prix,R,British Grand Prix,9,2026,10,10,10,P GASLY,GAS,Pierre Gasly,Alpine,00A1E8,15,,,,0 days 00:00:03.445000,Finished,1.0
2026_09_R_British Grand Prix,R,British Grand Prix,9,2026,11,11,81,O PIASTRI,PIA,Oscar Piastri,McLaren,F47600,8,,,,0 days 00:00:04.014000,Finished,0.0
2026_09_R_British Grand Prix,R,British Grand Prix,9,2026,12,12,87,O BEARMAN,BEA,Oliver Bearman,Haas F1 Team,9C9FA2,13,,,,0 days 00:00:05.245000,Finished,0.0
2026_09_R_British Grand Prix,R,British Grand Prix,9,2026,13,13,31,E OCON,OCO,Esteban Ocon,Haas F1 Team,9C9FA2,17,,,,0 days 00:00:05.512000,Finished,0.0
2026_09_R_British Grand Prix,R,British Grand Prix,9,2026,14,14,11,S PEREZ,PER,Sergio Perez,Cadillac,909090,20,,,,0 days 00:00:07.403000,Finished,0.0
2026_09_R_British Grand Prix,R,British Grand Prix,9,2026,15,15,12,K ANTONELLI,ANT,Kimi Antonelli,Mercedes,00D7B6,1,,,,0 days 00:00:08.005000,Finished,0.0
2026_09_R_British Grand Prix,R,British Grand Prix,9,2026,16,16,77,V BOTTAS,BOT,Valtteri Bottas,Cadillac,909090,18,,,,0 days 00:00:08.162000,Finished,0.0
2026_09_R_British Grand Prix,R,British Grand Prix,9,2026,17,17,55,C SAINZ,SAI,Carlos Sainz,Williams,1868DB,14,,,,0 days 00:00:04.391000,Lapped,0.0
2026_09_R_British Grand Prix,R,British Grand Prix,9,2026,18,18,14,F ALONSO,ALO,Fernando Alonso,Aston Martin,229971,21,,,,0 days 00:00:04.980000,Lapped,0.0
2026_09_R_British Grand Prix,R,British Grand Prix,9,2026,19,19,18,L STROLL,STR,Lance Stroll,Aston Martin,229971,22,,,,0 days 00:00:06.750000,Lapped,0.0
2026_09_R_British Grand Prix,R,British Grand Prix,9,2026,20,20,3,M VERSTAPPEN,VER,Max Verstappen,Red Bull Racing,4781D7,7,,,,,Retired,0.0
2026_09_R_British Grand Prix,R,British Grand Prix,9,2026,21,R,23,A ALBON,ALB,Alexander Albon,Williams,1868DB,16,,,,,Retired,0.0
2026_09_R_British Grand Prix,R,British Grand Prix,9,2026,22,R,27,N HULKENBERG,HUL,Nico Hulkenberg,Audi,F50537,12,,,,,Retired,0.0
2026_09_S_British Grand Prix,S,British Grand Prix,9,2026,1,1,12,K ANTONELLI,ANT,Kimi Antonelli,Mercedes,00D7B6,2,,,,0 days 00:26:12.129000,Finished,8.0
2026_09_S_British Grand Prix,S,British Grand Prix,9,2026,2,2,44,L HAMILTON,HAM,Lewis Hamilton,Ferrari,ED1131,1,,,,0 days 00:00:02.745000,Finished,7.0
2026_09_S_British Grand Prix,S,British Grand Prix,9,2026,3,3,1,L NORRIS,NOR,Lando Norris,McLaren,F47600,6,,,,0 days 00:00:09.783000,Finished,6.0
2026_09_S_British Grand Prix,S,British Grand Prix,9,2026,4,4,63,G RUSSELL,RUS,George Russell,Mercedes,00D7B6,5,,,,0 days 00:00:10.639000,Finished,5.0
2026_09_S_British Grand Prix,S,British Grand Prix,9,2026,5,5,16,C LECLERC,LEC,Charles Leclerc,Ferrari,ED1131,4,,,,0 days 00:00:12.620000,Finished,4.0
2026_09_S_British Grand Prix,S,British Grand Prix,9,2026,6,6,3,M VERSTAPPEN,VER,Max Verstappen,Red Bull Racing,4781D7,3,,,,0 days 00:00:16.550000,Finished,3.0
2026_09_S_British Grand Prix,S,British Grand Prix,9,2026,7,7,81,O PIASTRI,PIA,Oscar Piastri,McLaren,F47600,7,,,,0 days 00:00:17.551000,Finished,2.0
2026_09_S_British Grand Prix,S,British Grand Prix,9,2026,8,8,30,L LAWSON,LAW,Liam Lawson,Racing Bulls,6C98FF,9,,,,0 days 00:00:30.233000,Finished,1.0
2026_09_S_British Grand Prix,S,British Grand Prix,9,2026,9,9,6,I HADJAR,HAD,Isack Hadjar,Red Bull Racing,4781D7,8,,,,0 days 00:00:30.953000,Finished,0.0
2026_09_S_British Grand Prix,S,British Grand Prix,9,2026,10,10,41,A LINDBLAD,LIN,Arvid Lindblad,Racing Bulls,6C98FF,10,,,,0 days 00:00:35.110000,Finished,0.0
2026_09_S_British Grand Prix,S,British Grand Prix,9,2026,11,11,10,P GASLY,GAS,Pierre Gasly,Alpine,00A1E8,11,,,,0 days 00:00:40.273000,Finished,0.0
2026_09_S_British Grand Prix,S,British Grand Prix,9,2026,12,12,43,F COLAPINTO,COL,Franco Colapinto,Alpine,00A1E8,14,,,,0 days 00:00:41.026000,Finished,0.0
2026_09_S_British Grand Prix,S,British Grand Prix,9,2026,13,13,5,G BORTOLETO,BOR,Gabriel Bortoleto,Audi,F50537,12,,,,0 days 00:00:42.499000,Finished,0.0
2026_09_S_British Grand Prix,S,British Grand Prix,9,2026,14,14,87,O BEARMAN,BEA,Oliver Bearman,Haas F1 Team,9C9FA2,16,,,,0 days 00:00:45.784000,Finished,0.0
2026_09_S_British Grand Prix,S,British Grand Prix,9,2026,15,15,27,N HULKENBERG,HUL,Nico Hulkenberg,Audi,F50537,13,,,,0 days 00:00:46.680000,Finished,0.0
2026_09_S_British Grand Prix,S,British Grand Prix,9,2026,16,16,31,E OCON,OCO,Esteban Ocon,Haas F1 Team,9C9FA2,17,,,,0 days 00:00:49.810000,Finished,0.0
2026_09_S_British Grand Prix,S,British Grand Prix,9,2026,17,17,55,C SAINZ,SAI,Carlos Sainz,Williams,1868DB,15,,,,0 days 00:00:50.379000,Finished,0.0
2026_09_S_British Grand Prix,S,British Grand Prix,9,2026,18,18,23,A ALBON,ALB,Alexander Albon,Williams,1868DB,22,,,,0 days 00:00:50.757000,Finished,0.0
2026_09_S_British Grand Prix,S,British Grand Prix,9,2026,19,19,77,V BOTTAS,BOT,Valtteri Bottas,Cadillac,909090,19,,,,0 days 00:01:15.117000,Finished,0.0
2026_09_S_British Grand Prix,S,British Grand Prix,9,2026,20,20,14,F ALONSO,ALO,Fernando Alonso,Aston Martin,229971,20,,,,0 days 00:01:31.872000,Finished,0.0
2026_09_S_British Grand Prix,S,British Grand Prix,9,2026,21,21,18,L STROLL,STR,Lance Stroll,Aston Martin,229971,21,,,,0 days 00:00:22.277000,Lapped,0.0
2026_09_S_British Grand Prix,S,British Grand Prix,9,2026,22,22,11,S PEREZ,PER,Sergio Perez,Cadillac,909090,18,,,,0 days 00:00:33.566000,Lapped,0.0
2026_09_SQ_British Grand Prix,SQ,British Grand Prix,9,2026,,,44,L HAMILTON,HAM,Lewis Hamilton,Ferrari,ED1131,,,,,,,
2026_09_SQ_British Grand Prix,SQ,British Grand Prix,9,2026,,,12,K ANTONELLI,ANT,Kimi Antonelli,Mercedes,00D7B6,,,,,,,
2026_09_SQ_British Grand Prix,SQ,British Grand Prix,9,2026,,,16,C LECLERC,LEC,Charles Leclerc,Ferrari,ED1131,,,,,,,
2026_09_SQ_British Grand Prix,SQ,British Grand Prix,9,2026,,,63,G RUSSELL,RUS,George Russell,Mercedes,00D7B6,,,,,,,
2026_09_SQ_British Grand Prix,SQ,British Grand Prix,9,2026,,,81,O PIASTRI,PIA,Oscar Piastri,McLaren,F47600,,,,,,,
2026_09_SQ_British Grand Prix,SQ,British Grand Prix,9,2026,,,3,M VERSTAPPEN,VER,Max Verstappen,Red Bull Racing,4781D7,,,,,,,
2026_09_SQ_British Grand Prix,SQ,British Grand Prix,9,2026,,,1,L NORRIS,NOR,Lando Norris,McLaren,F47600,,,,,,,
2026_09_SQ_British Grand Prix,SQ,British Grand Prix,9,2026,,,6,I HADJAR,HAD,Isack Hadjar,Red Bull Racing,4781D7,,,,,,,
2026_09_SQ_British Grand Prix,SQ,British Grand Prix,9,2026,,,27,N HULKENBERG,HUL,Nico Hulkenberg,Audi,F50537,,,,,,,
2026_09_SQ_British Grand Prix,SQ,British Grand Prix,9,2026,,,30,L LAWSON,LAW,Liam Lawson,Racing Bulls,6C98FF,,,,,,,
2026_09_SQ_British Grand Prix,SQ,British Grand Prix,9,2026,,,43,F COLAPINTO,COL,Franco Colapinto,Alpine,00A1E8,,,,,,,
2026_09_SQ_British Grand Prix,SQ,British Grand Prix,9,2026,,,5,G BORTOLETO,BOR,Gabriel Bortoleto,Audi,F50537,,,,,,,
2026_09_SQ_British Grand Prix,SQ,British Grand Prix,9,2026,,,41,A LINDBLAD,LIN,Arvid Lindblad,Racing Bulls,6C98FF,,,,,,,
2026_09_SQ_British Grand Prix,SQ,British Grand Prix,9,2026,,,87,O BEARMAN,BEA,Oliver Bearman,Haas F1 Team,9C9FA2,,,,,,,
2026_09_SQ_British Grand Prix,SQ,British Grand Prix,9,2026,,,55,C SAINZ,SAI,Carlos Sainz,Williams,1868DB,,,,,,,
2026_09_SQ_British Grand Prix,SQ,British Grand Prix,9,2026,,,31,E OCON,OCO,Esteban Ocon,Haas F1 Team,9C9FA2,,,,,,,
2026_09_SQ_British Grand Prix,SQ,British Grand Prix,9,2026,,,23,A ALBON,ALB,Alexander Albon,Williams,1868DB,,,,,,,
2026_09_SQ_British Grand Prix,SQ,British Grand Prix,9,2026,,,77,V BOTTAS,BOT,Valtteri Bottas,Cadillac,909090,,,,,,,
2026_09_SQ_British Grand Prix,SQ,British Grand Prix,9,2026,,,11,S PEREZ,PER,Sergio Perez,Cadillac,909090,,,,,,,
2026_09_SQ_British Grand Prix,SQ,British Grand Prix,9,2026,,,14,F ALONSO,ALO,Fernando Alonso,Aston Martin,229971,,,,,,,
2026_09_SQ_British Grand Prix,SQ,British Grand Prix,9,2026,,,10,P GASLY,GAS,Pierre Gasly,Alpine,00A1E8,,,,,,,
2026_09_SQ_British Grand Prix,SQ,British Grand Prix,9,2026,,,18,L STROLL,STR,Lance Stroll,Aston Martin,229971,,,,,,,
2026_10_FP1_Belgian Grand Prix,FP1,Belgian Grand Prix,10,2026,,,1,L NORRIS,NOR,Lando Norris,McLaren,F47600,,,,,,,
2026_10_FP1_Belgian Grand Prix,FP1,Belgian Grand Prix,10,2026,,,3,M VERSTAPPEN,VER,Max Verstappen,Red Bull Racing,4781D7,,,,,,,
2026_10_FP1_Belgian Grand Prix,FP1,Belgian Grand Prix,10,2026,,,5,G BORTOLETO,BOR,Gabriel Bortoleto,Audi,F50537,,,,,,,
2026_10_FP1_Belgian Grand Prix,FP1,Belgian Grand Prix,10,2026,,,6,I HADJAR,HAD,Isack Hadjar,Red Bull Racing,4781D7,,,,,,,
2026_10_FP1_Belgian Grand Prix,FP1,Belgian Grand Prix,10,2026,,,10,P GASLY,GAS,Pierre Gasly,Alpine,00A1E8,,,,,,,
2026_10_FP1_Belgian Grand Prix,FP1,Belgian Grand Prix,10,2026,,,11,S PEREZ,PER,Sergio Perez,Cadillac,909090,,,,,,,
2026_10_FP1_Belgian Grand Prix,FP1,Belgian Grand Prix,10,2026,,,12,K ANTONELLI,ANT,Kimi Antonelli,Mercedes,00D7B6,,,,,,,
2026_10_FP1_Belgian Grand Prix,FP1,Belgian Grand Prix,10,2026,,,16,C LECLERC,LEC,Charles Leclerc,Ferrari,ED1131,,,,,,,
2026_10_FP1_Belgian Grand Prix,FP1,Belgian Grand Prix,10,2026,,,18,L STROLL,STR,Lance Stroll,Aston Martin,229971,,,,,,,
2026_10_FP1_Belgian Grand Prix,FP1,Belgian Grand Prix,10,2026,,,23,A ALBON,ALB,Alexander Albon,Williams,1868DB,,,,,,,
2026_10_FP1_Belgian Grand Prix,FP1,Belgian Grand Prix,10,2026,,,27,N HULKENBERG,HUL,Nico Hulkenberg,Audi,F50537,,,,,,,
2026_10_FP1_Belgian Grand Prix,FP1,Belgian Grand Prix,10,2026,,,30,L LAWSON,LAW,Liam Lawson,Racing Bulls,6C98FF,,,,,,,
2026_10_FP1_Belgian Grand Prix,FP1,Belgian Grand Prix,10,2026,,,31,E OCON,OCO,Esteban Ocon,Haas F1 Team,9C9FA2,,,,,,,
2026_10_FP1_Belgian Grand Prix,FP1,Belgian Grand Prix,10,2026,,,34,J CRAWFORD,CRA,Jak Crawford,Aston Martin,229971,,,,,,,
2026_10_FP1_Belgian Grand Prix,FP1,Belgian Grand Prix,10,2026,,,41,A LINDBLAD,LIN,Arvid Lindblad,Racing Bulls,6C98FF,,,,,,,
2026_10_FP1_Belgian Grand Prix,FP1,Belgian Grand Prix,10,2026,,,43,F COLAPINTO,COL,Franco Colapinto,Alpine,00A1E8,,,,,,,
2026_10_FP1_Belgian Grand Prix,FP1,Belgian Grand Prix,10,2026,,,44,L HAMILTON,HAM,Lewis Hamilton,Ferrari,ED1131,,,,,,,
2026_10_FP1_Belgian Grand Prix,FP1,Belgian Grand Prix,10,2026,,,55,C SAINZ,SAI,Carlos Sainz,Williams,1868DB,,,,,,,
2026_10_FP1_Belgian Grand Prix,FP1,Belgian Grand Prix,10,2026,,,63,G RUSSELL,RUS,George Russell,Mercedes,00D7B6,,,,,,,
2026_10_FP1_Belgian Grand Prix,FP1,Belgian Grand Prix,10,2026,,,77,V BOTTAS,BOT,Valtteri Bottas,Cadillac,909090,,,,,,,
2026_10_FP1_Belgian Grand Prix,FP1,Belgian Grand Prix,10,2026,,,81,O PIASTRI,PIA,Oscar Piastri,McLaren,F47600,,,,,,,
2026_10_FP1_Belgian Grand Prix,FP1,Belgian Grand Prix,10,2026,,,87,O BEARMAN,BEA,Oliver Bearman,Haas F1 Team,9C9FA2,,,,,,,
2026_10_FP2_Belgian Grand Prix,FP2,Belgian Grand Prix,10,2026,,,1,L NORRIS,NOR,Lando Norris,McLaren,F47600,,,,,,,
2026_10_FP2_Belgian Grand Prix,FP2,Belgian Grand Prix,10,2026,,,3,M VERSTAPPEN,VER,Max Verstappen,Red Bull Racing,4781D7,,,,,,,
2026_10_FP2_Belgian Grand Prix,FP2,Belgian Grand Prix,10,2026,,,5,G BORTOLETO,BOR,Gabriel Bortoleto,Audi,F50537,,,,,,,
2026_10_FP2_Belgian Grand Prix,FP2,Belgian Grand Prix,10,2026,,,6,I HADJAR,HAD,Isack Hadjar,Red Bull Racing,4781D7,,,,,,,
2026_10_FP2_Belgian Grand Prix,FP2,Belgian Grand Prix,10,2026,,,10,P GASLY,GAS,Pierre Gasly,Alpine,00A1E8,,,,,,,
2026_10_FP2_Belgian Grand Prix,FP2,Belgian Grand Prix,10,2026,,,11,S PEREZ,PER,Sergio Perez,Cadillac,909090,,,,,,,
2026_10_FP2_Belgian Grand Prix,FP2,Belgian Grand Prix,10,2026,,,12,K ANTONELLI,ANT,Kimi Antonelli,Mercedes,00D7B6,,,,,,,
2026_10_FP2_Belgian Grand Prix,FP2,Belgian Grand Prix,10,2026,,,14,F ALONSO,ALO,Fernando Alonso,Aston Martin,229971,,,,,,,
2026_10_FP2_Belgian Grand Prix,FP2,Belgian Grand Prix,10,2026,,,16,C LECLERC,LEC,Charles Leclerc,Ferrari,ED1131,,,,,,,
2026_10_FP2_Belgian Grand Prix,FP2,Belgian Grand Prix,10,2026,,,18,L STROLL,STR,Lance Stroll,Aston Martin,229971,,,,,,,
2026_10_FP2_Belgian Grand Prix,FP2,Belgian Grand Prix,10,2026,,,23,A ALBON,ALB,Alexander Albon,Williams,1868DB,,,,,,,
2026_10_FP2_Belgian Grand Prix,FP2,Belgian Grand Prix,10,2026,,,27,N HULKENBERG,HUL,Nico Hulkenberg,Audi,F50537,,,,,,,
2026_10_FP2_Belgian Grand Prix,FP2,Belgian Grand Prix,10,2026,,,30,L LAWSON,LAW,Liam Lawson,Racing Bulls,6C98FF,,,,,,,
2026_10_FP2_Belgian Grand Prix,FP2,Belgian Grand Prix,10,2026,,,31,E OCON,OCO,Esteban Ocon,Haas F1 Team,9C9FA2,,,,,,,
2026_10_FP2_Belgian Grand Prix,FP2,Belgian Grand Prix,10,2026,,,41,A LINDBLAD,LIN,Arvid Lindblad,Racing Bulls,6C98FF,,,,,,,
2026_10_FP2_Belgian Grand Prix,FP2,Belgian Grand Prix,10,2026,,,43,F COLAPINTO,COL,Franco Colapinto,Alpine,00A1E8,,,,,,,
2026_10_FP2_Belgian Grand Prix,FP2,Belgian Grand Prix,10,2026,,,44,L HAMILTON,HAM,Lewis Hamilton,Ferrari,ED1131,,,,,,,
2026_10_FP2_Belgian Grand Prix,FP2,Belgian Grand Prix,10,2026,,,55,C SAINZ,SAI,Carlos Sainz,Williams,1868DB,,,,,,,
2026_10_FP2_Belgian Grand Prix,FP2,Belgian Grand Prix,10,2026,,,63,G RUSSELL,RUS,George Russell,Mercedes,00D7B6,,,,,,,
2026_10_FP2_Belgian Grand Prix,FP2,Belgian Grand Prix,10,2026,,,77,V BOTTAS,BOT,Valtteri Bottas,Cadillac,909090,,,,,,,
2026_10_FP2_Belgian Grand Prix,FP2,Belgian Grand Prix,10,2026,,,81,O PIASTRI,PIA,Oscar Piastri,McLaren,F47600,,,,,,,
2026_10_FP2_Belgian Grand Prix,FP2,Belgian Grand Prix,10,2026,,,87,O BEARMAN,BEA,Oliver Bearman,Haas F1 Team,9C9FA2,,,,,,,
2026_10_FP3_Belgian Grand Prix,FP3,Belgian Grand Prix,10,2026,,,1,L NORRIS,NOR,Lando Norris,McLaren,F47600,,,,,,,
2026_10_FP3_Belgian Grand Prix,FP3,Belgian Grand Prix,10,2026,,,3,M VERSTAPPEN,VER,Max Verstappen,Red Bull Racing,4781D7,,,,,,,
2026_10_FP3_Belgian Grand Prix,FP3,Belgian Grand Prix,10,2026,,,5,G BORTOLETO,BOR,Gabriel Bortoleto,Audi,F50537,,,,,,,
2026_10_FP3_Belgian Grand Prix,FP3,Belgian Grand Prix,10,2026,,,6,I HADJAR,HAD,Isack Hadjar,Red Bull Racing,4781D7,,,,,,,
2026_10_FP3_Belgian Grand Prix,FP3,Belgian Grand Prix,10,2026,,,10,P GASLY,GAS,Pierre Gasly,Alpine,00A1E8,,,,,,,
2026_10_FP3_Belgian Grand Prix,FP3,Belgian Grand Prix,10,2026,,,11,S PEREZ,PER,Sergio Perez,Cadillac,909090,,,,,,,
2026_10_FP3_Belgian Grand Prix,FP3,Belgian Grand Prix,10,2026,,,12,K ANTONELLI,ANT,Kimi Antonelli,Mercedes,00D7B6,,,,,,,
2026_10_FP3_Belgian Grand Prix,FP3,Belgian Grand Prix,10,2026,,,14,F ALONSO,ALO,Fernando Alonso,Aston Martin,229971,,,,,,,
2026_10_FP3_Belgian Grand Prix,FP3,Belgian Grand Prix,10,2026,,,16,C LECLERC,LEC,Charles Leclerc,Ferrari,ED1131,,,,,,,
2026_10_FP3_Belgian Grand Prix,FP3,Belgian Grand Prix,10,2026,,,18,L STROLL,STR,Lance Stroll,Aston Martin,229971,,,,,,,
2026_10_FP3_Belgian Grand Prix,FP3,Belgian Grand Prix,10,2026,,,23,A ALBON,ALB,Alexander Albon,Williams,1868DB,,,,,,,
2026_10_FP3_Belgian Grand Prix,FP3,Belgian Grand Prix,10,2026,,,27,N HULKENBERG,HUL,Nico Hulkenberg,Audi,F50537,,,,,,,
2026_10_FP3_Belgian Grand Prix,FP3,Belgian Grand Prix,10,2026,,,30,L LAWSON,LAW,Liam Lawson,Racing Bulls,6C98FF,,,,,,,
2026_10_FP3_Belgian Grand Prix,FP3,Belgian Grand Prix,10,2026,,,31,E OCON,OCO,Esteban Ocon,Haas F1 Team,9C9FA2,,,,,,,
2026_10_FP3_Belgian Grand Prix,FP3,Belgian Grand Prix,10,2026,,,41,A LINDBLAD,LIN,Arvid Lindblad,Racing Bulls,6C98FF,,,,,,,
2026_10_FP3_Belgian Grand Prix,FP3,Belgian Grand Prix,10,2026,,,43,F COLAPINTO,COL,Franco Colapinto,Alpine,00A1E8,,,,,,,
2026_10_FP3_Belgian Grand Prix,FP3,Belgian Grand Prix,10,2026,,,44,L HAMILTON,HAM,Lewis Hamilton,Ferrari,ED1131,,,,,,,
2026_10_FP3_Belgian Grand Prix,FP3,Belgian Grand Prix,10,2026,,,55,C SAINZ,SAI,Carlos Sainz,Williams,1868DB,,,,,,,
2026_10_FP3_Belgian Grand Prix,FP3,Belgian Grand Prix,10,2026,,,63,G RUSSELL,RUS,George Russell,Mercedes,00D7B6,,,,,,,
2026_10_FP3_Belgian Grand Prix,FP3,Belgian Grand Prix,10,2026,,,77,V BOTTAS,BOT,Valtteri Bottas,Cadillac,909090,,,,,,,
2026_10_FP3_Belgian Grand Prix,FP3,Belgian Grand Prix,10,2026,,,81,O PIASTRI,PIA,Oscar Piastri,McLaren,F47600,,,,,,,
2026_10_FP3_Belgian Grand Prix,FP3,Belgian Grand Prix,10,2026,,,87,O BEARMAN,BEA,Oliver Bearman,Haas F1 Team,9C9FA2,,,,,,,
2026_10_Q_Belgian Grand Prix,Q,Belgian Grand Prix,10,2026,1,,12,K ANTONELLI,ANT,Kimi Antonelli,Mercedes,00D7B6,,0 days 00:01:46.304000,0 days 00:01:45.142000,0 days 00:01:44.361000,,,
2026_10_Q_Belgian Grand Prix,Q,Belgian Grand Prix,10,2026,2,,3,M VERSTAPPEN,VER,Max Verstappen,Red Bull Racing,4781D7,,0 days 00:01:45.930000,0 days 00:01:45.589000,0 days 00:01:44.678000,,,
2026_10_Q_Belgian Grand Prix,Q,Belgian Grand Prix,10,2026,3,,1,L NORRIS,NOR,Lando Norris,McLaren,F47600,,0 days 00:01:45.865000,0 days 00:01:45.454000,0 days 00:01:44.801000,,,
2026_10_Q_Belgian Grand Prix,Q,Belgian Grand Prix,10,2026,4,,63,G RUSSELL,RUS,George Russell,Mercedes,00D7B6,,0 days 00:01:46.185000,0 days 00:01:45.689000,0 days 00:01:44.869000,,,
2026_10_Q_Belgian Grand Prix,Q,Belgian Grand Prix,10,2026,5,,16,C LECLERC,LEC,Charles Leclerc,Ferrari,ED1131,,0 days 00:01:46.278000,0 days 00:01:45.397000,0 days 00:01:44.893000,,,
2026_10_Q_Belgian Grand Prix,Q,Belgian Grand Prix,10,2026,6,,44,L HAMILTON,HAM,Lewis Hamilton,Ferrari,ED1131,,0 days 00:01:46.124000,0 days 00:01:45.543000,0 days 00:01:44.895000,,,
2026_10_Q_Belgian Grand Prix,Q,Belgian Grand Prix,10,2026,7,,81,O PIASTRI,PIA,Oscar Piastri,McLaren,F47600,,0 days 00:01:46.433000,0 days 00:01:45.671000,0 days 00:01:45.016000,,,
2026_10_Q_Belgian Grand Prix,Q,Belgian Grand Prix,10,2026,8,,41,A LINDBLAD,LIN,Arvid Lindblad,Racing Bulls,6C98FF,,0 days 00:01:46.191000,0 days 00:01:45.629000,0 days 00:01:45.143000,,,
2026_10_Q_Belgian Grand Prix,Q,Belgian Grand Prix,10,2026,9,,5,G BORTOLETO,BOR,Gabriel Bortoleto,Audi,F50537,,0 days 00:01:46.609000,0 days 00:01:46.082000,0 days 00:01:45.628000,,,
2026_10_Q_Belgian Grand Prix,Q,Belgian Grand Prix,10,2026,10,,6,I HADJAR,HAD,Isack Hadjar,Red Bull Racing,4781D7,,0 days 00:01:46.062000,0 days 00:01:45.823000,,,,
2026_10_Q_Belgian Grand Prix,Q,Belgian Grand Prix,10,2026,11,,30,L LAWSON,LAW,Liam Lawson,Racing Bulls,6C98FF,,0 days 00:01:46.501000,0 days 00:01:46.120000,,,,
2026_10_Q_Belgian Grand Prix,Q,Belgian Grand Prix,10,2026,12,,10,P GASLY,GAS,Pierre Gasly,Alpine,00A1E8,,0 days 00:01:46.679000,0 days 00:01:46.331000,,,,
2026_10_Q_Belgian Grand Prix,Q,Belgian Grand Prix,10,2026,13,,43,F COLAPINTO,COL,Franco Colapinto,Alpine,00A1E8,,0 days 00:01:46.795000,0 days 00:01:46.392000,,,,
2026_10_Q_Belgian Grand Prix,Q,Belgian Grand Prix,10,2026,14,,27,N HULKENBERG,HUL,Nico Hulkenberg,Audi,F50537,,0 days 00:01:46.893000,0 days 00:01:46.671000,,,,
2026_10_Q_Belgian Grand Prix,Q,Belgian Grand Prix,10,2026,15,,55,C SAINZ,SAI,Carlos Sainz,Williams,1868DB,,0 days 00:01:47.080000,0 days 00:01:46.777000,,,,
2026_10_Q_Belgian Grand Prix,Q,Belgian Grand Prix,10,2026,16,,87,O BEARMAN,BEA,Oliver Bearman,Haas F1 Team,9C9FA2,,0 days 00:01:47.113000,0 days 00:01:46.779000,,,,
2026_10_Q_Belgian Grand Prix,Q,Belgian Grand Prix,10,2026,17,,23,A ALBON,ALB,Alexander Albon,Williams,1868DB,,0 days 00:01:47.120000,,,,,
2026_10_Q_Belgian Grand Prix,Q,Belgian Grand Prix,10,2026,18,,31,E OCON,OCO,Esteban Ocon,Haas F1 Team,9C9FA2,,0 days 00:01:47.801000,,,,,
2026_10_Q_Belgian Grand Prix,Q,Belgian Grand Prix,10,2026,19,,77,V BOTTAS,BOT,Valtteri Bottas,Cadillac,909090,,0 days 00:01:47.823000,,,,,
2026_10_Q_Belgian Grand Prix,Q,Belgian Grand Prix,10,2026,20,,11,S PEREZ,PER,Sergio Perez,Cadillac,909090,,0 days 00:01:47.971000,,,,,
2026_10_Q_Belgian Grand Prix,Q,Belgian Grand Prix,10,2026,21,,14,F ALONSO,ALO,Fernando Alonso,Aston Martin,229971,,0 days 00:01:50.002000,,,,,
2026_10_Q_Belgian Grand Prix,Q,Belgian Grand Prix,10,2026,22,,18,L STROLL,STR,Lance Stroll,Aston Martin,229971,,0 days 00:01:50.177000,,,,,
2026_10_R_Belgian Grand Prix,R,Belgian Grand Prix,10,2026,1,1,12,K ANTONELLI,ANT,Kimi Antonelli,Mercedes,00D7B6,1,,,,0 days 01:24:42.479000,Finished,25.0
2026_10_R_Belgian Grand Prix,R,Belgian Grand Prix,10,2026,2,2,16,C LECLERC,LEC,Charles Leclerc,Ferrari,ED1131,4,,,,0 days 00:00:01.952000,Finished,18.0
2026_10_R_Belgian Grand Prix,R,Belgian Grand Prix,10,2026,3,3,3,M VERSTAPPEN,VER,Max Verstappen,Red Bull Racing,4781D7,2,,,,0 days 00:00:11.586000,Finished,15.0
2026_10_R_Belgian Grand Prix,R,Belgian Grand Prix,10,2026,4,4,44,L HAMILTON,HAM,Lewis Hamilton,Ferrari,ED1131,5,,,,0 days 00:00:17.245000,Finished,12.0
2026_10_R_Belgian Grand Prix,R,Belgian Grand Prix,10,2026,5,5,81,O PIASTRI,PIA,Oscar Piastri,McLaren,F47600,6,,,,0 days 00:00:18.988000,Finished,10.0
2026_10_R_Belgian Grand Prix,R,Belgian Grand Prix,10,2026,6,6,6,I HADJAR,HAD,Isack Hadjar,Red Bull Racing,4781D7,21,,,,0 days 00:00:23.307000,Finished,8.0
2026_10_R_Belgian Grand Prix,R,Belgian Grand Prix,10,2026,7,7,1,L NORRIS,NOR,Lando Norris,McLaren,F47600,13,,,,0 days 00:00:24.014000,Finished,6.0
2026_10_R_Belgian Grand Prix,R,Belgian Grand Prix,10,2026,8,8,5,G BORTOLETO,BOR,Gabriel Bortoleto,Audi,F50537,8,,,,0 days 00:00:49.140000,Finished,4.0
2026_10_R_Belgian Grand Prix,R,Belgian Grand Prix,10,2026,9,9,41,A LINDBLAD,LIN,Arvid Lindblad,Racing Bulls,6C98FF,7,,,,0 days 00:00:50.406000,Finished,2.0
2026_10_R_Belgian Grand Prix,R,Belgian Grand Prix,10,2026,10,10,43,F COLAPINTO,COL,Franco Colapinto,Alpine,00A1E8,11,,,,0 days 00:01:16.037000,Finished,1.0
2026_10_R_Belgian Grand Prix,R,Belgian Grand Prix,10,2026,11,11,10,P GASLY,GAS,Pierre Gasly,Alpine,00A1E8,10,,,,0 days 00:01:16.991000,Finished,0.0
2026_10_R_Belgian Grand Prix,R,Belgian Grand Prix,10,2026,12,12,30,L LAWSON,LAW,Liam Lawson,Racing Bulls,6C98FF,9,,,,0 days 00:01:17.523000,Finished,0.0
2026_10_R_Belgian Grand Prix,R,Belgian Grand Prix,10,2026,13,13,27,N HULKENBERG,HUL,Nico Hulkenberg,Audi,F50537,12,,,,0 days 00:01:18.348000,Finished,0.0
2026_10_R_Belgian Grand Prix,R,Belgian Grand Prix,10,2026,14,14,87,O BEARMAN,BEA,Oliver Bearman,Haas F1 Team,9C9FA2,14,,,,0 days 00:01:34.465000,Finished,0.0
2026_10_R_Belgian Grand Prix,R,Belgian Grand Prix,10,2026,15,15,23,A ALBON,ALB,Alexander Albon,Williams,1868DB,15,,,,0 days 00:01:44.684000,Finished,0.0
2026_10_R_Belgian Grand Prix,R,Belgian Grand Prix,10,2026,16,16,55,C SAINZ,SAI,Carlos Sainz,Williams,1868DB,19,,,,0 days 00:01:45.856000,Finished,0.0
2026_10_R_Belgian Grand Prix,R,Belgian Grand Prix,10,2026,17,17,31,E OCON,OCO,Esteban Ocon,Haas F1 Team,9C9FA2,16,,,,0 days 00:01:50.925000,Finished,0.0
2026_10_R_Belgian Grand Prix,R,Belgian Grand Prix,10,2026,18,18,77,V BOTTAS,BOT,Valtteri Bottas,Cadillac,909090,17,,,,0 days 00:01:00.979000,Lapped,0.0
2026_10_R_Belgian Grand Prix,R,Belgian Grand Prix,10,2026,19,19,14,F ALONSO,ALO,Fernando Alonso,Aston Martin,229971,22,,,,0 days 00:00:20.848000,Lapped,0.0
2026_10_R_Belgian Grand Prix,R,Belgian Grand Prix,10,2026,20,R,18,L STROLL,STR,Lance Stroll,Aston Martin,229971,20,,,,,Retired,0.0
2026_10_R_Belgian Grand Prix,R,Belgian Grand Prix,10,2026,21,R,11,S PEREZ,PER,Sergio Perez,Cadillac,909090,18,,,,,Retired,0.0
2026_10_R_Belgian Grand Prix,R,Belgian Grand Prix,10,2026,22,R,63,G RUSSELL,RUS,George Russell,Mercedes,00D7B6,3,,,,,Retired,0.0
2026_11_FP1_Hungarian Grand Prix,FP1,Hungarian Grand Prix,11,2026,,,1,L NORRIS,NOR,Lando Norris,McLaren,F47600,,,,,,,
2026_11_FP1_Hungarian Grand Prix,FP1,Hungarian Grand Prix,11,2026,,,3,M VERSTAPPEN,VER,Max Verstappen,Red Bull Racing,4781D7,,,,,,,
2026_11_FP1_Hungarian Grand Prix,FP1,Hungarian Grand Prix,11,2026,,,5,G BORTOLETO,BOR,Gabriel Bortoleto,Audi,F50537,,,,,,,
2026_11_FP1_Hungarian Grand Prix,FP1,Hungarian Grand Prix,11,2026,,,6,I HADJAR,HAD,Isack Hadjar,Red Bull Racing,4781D7,,,,,,,
2026_11_FP1_Hungarian Grand Prix,FP1,Hungarian Grand Prix,11,2026,,,10,P GASLY,GAS,Pierre Gasly,Alpine,00A1E8,,,,,,,
2026_11_FP1_Hungarian Grand Prix,FP1,Hungarian Grand Prix,11,2026,,,11,S PEREZ,PER,Sergio Perez,Cadillac,909090,,,,,,,
2026_11_FP1_Hungarian Grand Prix,FP1,Hungarian Grand Prix,11,2026,,,14,F ALONSO,ALO,Fernando Alonso,Aston Martin,229971,,,,,,,
2026_11_FP1_Hungarian Grand Prix,FP1,Hungarian Grand Prix,11,2026,,,16,C LECLERC,LEC,Charles Leclerc,Ferrari,ED1131,,,,,,,
2026_11_FP1_Hungarian Grand Prix,FP1,Hungarian Grand Prix,11,2026,,,18,L STROLL,STR,Lance Stroll,Aston Martin,229971,,,,,,,
2026_11_FP1_Hungarian Grand Prix,FP1,Hungarian Grand Prix,11,2026,,,23,A ALBON,ALB,Alexander Albon,Williams,1868DB,,,,,,,
2026_11_FP1_Hungarian Grand Prix,FP1,Hungarian Grand Prix,11,2026,,,25,C HERTA,HER,Colton Herta,Cadillac,909090,,,,,,,
2026_11_FP1_Hungarian Grand Prix,FP1,Hungarian Grand Prix,11,2026,,,27,N HULKENBERG,HUL,Nico Hulkenberg,Audi,F50537,,,,,,,
2026_11_FP1_Hungarian Grand Prix,FP1,Hungarian Grand Prix,11,2026,,,30,L LAWSON,LAW,Liam Lawson,Racing Bulls,6C98FF,,,,,,,
2026_11_FP1_Hungarian Grand Prix,FP1,Hungarian Grand Prix,11,2026,,,31,E OCON,OCO,Esteban Ocon,Haas F1 Team,9C9FA2,,,,,,,
2026_11_FP1_Hungarian Grand Prix,FP1,Hungarian Grand Prix,11,2026,,,41,A LINDBLAD,LIN,Arvid Lindblad,Racing Bulls,6C98FF,,,,,,,
2026_11_FP1_Hungarian Grand Prix,FP1,Hungarian Grand Prix,11,2026,,,44,L HAMILTON,HAM,Lewis Hamilton,Ferrari,ED1131,,,,,,,
2026_11_FP1_Hungarian Grand Prix,FP1,Hungarian Grand Prix,11,2026,,,50,R HIRAKAWA,HIR,Ryo Hirakawa,Haas F1 Team,9C9FA2,,,,,,,
2026_11_FP1_Hungarian Grand Prix,FP1,Hungarian Grand Prix,11,2026,,,55,C SAINZ,SAI,Carlos Sainz,Williams,1868DB,,,,,,,
2026_11_FP1_Hungarian Grand Prix,FP1,Hungarian Grand Prix,11,2026,,,61,P ARON,ARO,Paul Aron,Alpine,00A1E8,,,,,,,
2026_11_FP1_Hungarian Grand Prix,FP1,Hungarian Grand Prix,11,2026,,,63,G RUSSELL,RUS,George Russell,Mercedes,00D7B6,,,,,,,
2026_11_FP1_Hungarian Grand Prix,FP1,Hungarian Grand Prix,11,2026,,,67,L FORNAROLI,FOR,Leonardo Fornaroli,McLaren,F47600,,,,,,,
2026_11_FP1_Hungarian Grand Prix,FP1,Hungarian Grand Prix,11,2026,,,72,F VESTI,VES,Frederik Vesti,Mercedes,00D7B6,,,,,,,
2026_11_FP2_Hungarian Grand Prix,FP2,Hungarian Grand Prix,11,2026,,,1,L NORRIS,NOR,Lando Norris,McLaren,F47600,,,,,,,
2026_11_FP2_Hungarian Grand Prix,FP2,Hungarian Grand Prix,11,2026,,,3,M VERSTAPPEN,VER,Max Verstappen,Red Bull Racing,4781D7,,,,,,,
2026_11_FP2_Hungarian Grand Prix,FP2,Hungarian Grand Prix,11,2026,,,5,G BORTOLETO,BOR,Gabriel Bortoleto,Audi,F50537,,,,,,,
2026_11_FP2_Hungarian Grand Prix,FP2,Hungarian Grand Prix,11,2026,,,6,I HADJAR,HAD,Isack Hadjar,Red Bull Racing,4781D7,,,,,,,
2026_11_FP2_Hungarian Grand Prix,FP2,Hungarian Grand Prix,11,2026,,,10,P GASLY,GAS,Pierre Gasly,Alpine,00A1E8,,,,,,,
2026_11_FP2_Hungarian Grand Prix,FP2,Hungarian Grand Prix,11,2026,,,11,S PEREZ,PER,Sergio Perez,Cadillac,909090,,,,,,,
2026_11_FP2_Hungarian Grand Prix,FP2,Hungarian Grand Prix,11,2026,,,12,K ANTONELLI,ANT,Kimi Antonelli,Mercedes,00D7B6,,,,,,,
2026_11_FP2_Hungarian Grand Prix,FP2,Hungarian Grand Prix,11,2026,,,14,F ALONSO,ALO,Fernando Alonso,Aston Martin,229971,,,,,,,
2026_11_FP2_Hungarian Grand Prix,FP2,Hungarian Grand Prix,11,2026,,,16,C LECLERC,LEC,Charles Leclerc,Ferrari,ED1131,,,,,,,
2026_11_FP2_Hungarian Grand Prix,FP2,Hungarian Grand Prix,11,2026,,,18,L STROLL,STR,Lance Stroll,Aston Martin,229971,,,,,,,
2026_11_FP2_Hungarian Grand Prix,FP2,Hungarian Grand Prix,11,2026,,,23,A ALBON,ALB,Alexander Albon,Williams,1868DB,,,,,,,
2026_11_FP2_Hungarian Grand Prix,FP2,Hungarian Grand Prix,11,2026,,,27,N HULKENBERG,HUL,Nico Hulkenberg,Audi,F50537,,,,,,,
2026_11_FP2_Hungarian Grand Prix,FP2,Hungarian Grand Prix,11,2026,,,30,L LAWSON,LAW,Liam Lawson,Racing Bulls,6C98FF,,,,,,,
2026_11_FP2_Hungarian Grand Prix,FP2,Hungarian Grand Prix,11,2026,,,31,E OCON,OCO,Esteban Ocon,Haas F1 Team,9C9FA2,,,,,,,
2026_11_FP2_Hungarian Grand Prix,FP2,Hungarian Grand Prix,11,2026,,,41,A LINDBLAD,LIN,Arvid Lindblad,Racing Bulls,6C98FF,,,,,,,
2026_11_FP2_Hungarian Grand Prix,FP2,Hungarian Grand Prix,11,2026,,,43,F COLAPINTO,COL,Franco Colapinto,Alpine,00A1E8,,,,,,,
2026_11_FP2_Hungarian Grand Prix,FP2,Hungarian Grand Prix,11,2026,,,44,L HAMILTON,HAM,Lewis Hamilton,Ferrari,ED1131,,,,,,,
2026_11_FP2_Hungarian Grand Prix,FP2,Hungarian Grand Prix,11,2026,,,55,C SAINZ,SAI,Carlos Sainz,Williams,1868DB,,,,,,,
2026_11_FP2_Hungarian Grand Prix,FP2,Hungarian Grand Prix,11,2026,,,63,G RUSSELL,RUS,George Russell,Mercedes,00D7B6,,,,,,,
2026_11_FP2_Hungarian Grand Prix,FP2,Hungarian Grand Prix,11,2026,,,77,V BOTTAS,BOT,Valtteri Bottas,Cadillac,909090,,,,,,,
2026_11_FP2_Hungarian Grand Prix,FP2,Hungarian Grand Prix,11,2026,,,81,O PIASTRI,PIA,Oscar Piastri,McLaren,F47600,,,,,,,
2026_11_FP2_Hungarian Grand Prix,FP2,Hungarian Grand Prix,11,2026,,,87,O BEARMAN,BEA,Oliver Bearman,Haas F1 Team,9C9FA2,,,,,,,
2026_11_FP3_Hungarian Grand Prix,FP3,Hungarian Grand Prix,11,2026,,,1,L NORRIS,NOR,Lando Norris,McLaren,F47600,,,,,,,
2026_11_FP3_Hungarian Grand Prix,FP3,Hungarian Grand Prix,11,2026,,,3,M VERSTAPPEN,VER,Max Verstappen,Red Bull Racing,4781D7,,,,,,,
2026_11_FP3_Hungarian Grand Prix,FP3,Hungarian Grand Prix,11,2026,,,5,G BORTOLETO,BOR,Gabriel Bortoleto,Audi,F50537,,,,,,,
2026_11_FP3_Hungarian Grand Prix,FP3,Hungarian Grand Prix,11,2026,,,6,I HADJAR,HAD,Isack Hadjar,Red Bull Racing,4781D7,,,,,,,
2026_11_FP3_Hungarian Grand Prix,FP3,Hungarian Grand Prix,11,2026,,,10,P GASLY,GAS,Pierre Gasly,Alpine,00A1E8,,,,,,,
2026_11_FP3_Hungarian Grand Prix,FP3,Hungarian Grand Prix,11,2026,,,11,S PEREZ,PER,Sergio Perez,Cadillac,909090,,,,,,,
2026_11_FP3_Hungarian Grand Prix,FP3,Hungarian Grand Prix,11,2026,,,12,K ANTONELLI,ANT,Kimi Antonelli,Mercedes,00D7B6,,,,,,,
2026_11_FP3_Hungarian Grand Prix,FP3,Hungarian Grand Prix,11,2026,,,14,F ALONSO,ALO,Fernando Alonso,Aston Martin,229971,,,,,,,
2026_11_FP3_Hungarian Grand Prix,FP3,Hungarian Grand Prix,11,2026,,,16,C LECLERC,LEC,Charles Leclerc,Ferrari,ED1131,,,,,,,
2026_11_FP3_Hungarian Grand Prix,FP3,Hungarian Grand Prix,11,2026,,,18,L STROLL,STR,Lance Stroll,Aston Martin,229971,,,,,,,
2026_11_FP3_Hungarian Grand Prix,FP3,Hungarian Grand Prix,11,2026,,,23,A ALBON,ALB,Alexander Albon,Williams,1868DB,,,,,,,
2026_11_FP3_Hungarian Grand Prix,FP3,Hungarian Grand Prix,11,2026,,,27,N HULKENBERG,HUL,Nico Hulkenberg,Audi,F50537,,,,,,,
2026_11_FP3_Hungarian Grand Prix,FP3,Hungarian Grand Prix,11,2026,,,30,L LAWSON,LAW,Liam Lawson,Racing Bulls,6C98FF,,,,,,,
2026_11_FP3_Hungarian Grand Prix,FP3,Hungarian Grand Prix,11,2026,,,31,E OCON,OCO,Esteban Ocon,Haas F1 Team,9C9FA2,,,,,,,
2026_11_FP3_Hungarian Grand Prix,FP3,Hungarian Grand Prix,11,2026,,,41,A LINDBLAD,LIN,Arvid Lindblad,Racing Bulls,6C98FF,,,,,,,
2026_11_FP3_Hungarian Grand Prix,FP3,Hungarian Grand Prix,11,2026,,,43,F COLAPINTO,COL,Franco Colapinto,Alpine,00A1E8,,,,,,,
2026_11_FP3_Hungarian Grand Prix,FP3,Hungarian Grand Prix,11,2026,,,44,L HAMILTON,HAM,Lewis Hamilton,Ferrari,ED1131,,,,,,,
2026_11_FP3_Hungarian Grand Prix,FP3,Hungarian Grand Prix,11,2026,,,55,C SAINZ,SAI,Carlos Sainz,Williams,1868DB,,,,,,,
2026_11_FP3_Hungarian Grand Prix,FP3,Hungarian Grand Prix,11,2026,,,63,G RUSSELL,RUS,George Russell,Mercedes,00D7B6,,,,,,,
2026_11_FP3_Hungarian Grand Prix,FP3,Hungarian Grand Prix,11,2026,,,77,V BOTTAS,BOT,Valtteri Bottas,Cadillac,909090,,,,,,,
2026_11_FP3_Hungarian Grand Prix,FP3,Hungarian Grand Prix,11,2026,,,81,O PIASTRI,PIA,Oscar Piastri,McLaren,F47600,,,,,,,
2026_11_FP3_Hungarian Grand Prix,FP3,Hungarian Grand Prix,11,2026,,,87,O BEARMAN,BEA,Oliver Bearman,Haas F1 Team,9C9FA2,,,,,,,
2026_11_Q_Hungarian Grand Prix,Q,Hungarian Grand Prix,11,2026,1,,1,L NORRIS,NOR,Lando Norris,McLaren,F47600,,0 days 00:01:18.277000,0 days 00:01:17.456000,0 days 00:01:17.207000,,,
2026_11_Q_Hungarian Grand Prix,Q,Hungarian Grand Prix,11,2026,2,,44,L HAMILTON,HAM,Lewis Hamilton,Ferrari,ED1131,,0 days 00:01:18.730000,0 days 00:01:17.803000,0 days 00:01:17.219000,,,
2026_11_Q_Hungarian Grand Prix,Q,Hungarian Grand Prix,11,2026,3,,16,C LECLERC,LEC,Charles Leclerc,Ferrari,ED1131,,0 days 00:01:18.984000,0 days 00:01:17.626000,0 days 00:01:17.445000,,,
2026_11_Q_Hungarian Grand Prix,Q,Hungarian Grand Prix,11,2026,4,,12,K ANTONELLI,ANT,Kimi Antonelli,Mercedes,00D7B6,,0 days 00:01:18.726000,0 days 00:01:18.393000,0 days 00:01:17.479000,,,
2026_11_Q_Hungarian Grand Prix,Q,Hungarian Grand Prix,11,2026,5,,81,O PIASTRI,PIA,Oscar Piastri,McLaren,F47600,,0 days 00:01:18.891000,0 days 00:01:17.928000,0 days 00:01:17.684000,,,
2026_11_Q_Hungarian Grand Prix,Q,Hungarian Grand Prix,11,2026,6,,3,M VERSTAPPEN,VER,Max Verstappen,Red Bull Racing,4781D7,,0 days 00:01:18.656000,0 days 00:01:18.249000,0 days 00:01:17.725000,,,
2026_11_Q_Hungarian Grand Prix,Q,Hungarian Grand Prix,11,2026,7,,63,G RUSSELL,RUS,George Russell,Mercedes,00D7B6,,0 days 00:01:18.856000,0 days 00:01:18.445000,0 days 00:01:17.760000,,,
2026_11_Q_Hungarian Grand Prix,Q,Hungarian Grand Prix,11,2026,8,,6,I HADJAR,HAD,Isack Hadjar,Red Bull Racing,4781D7,,0 days 00:01:18.754000,0 days 00:01:17.872000,0 days 00:01:17.856000,,,
2026_11_Q_Hungarian Grand Prix,Q,Hungarian Grand Prix,11,2026,9,,41,A LINDBLAD,LIN,Arvid Lindblad,Racing Bulls,6C98FF,,0 days 00:01:19.233000,0 days 00:01:18.360000,0 days 00:01:18.281000,,,
2026_11_Q_Hungarian Grand Prix,Q,Hungarian Grand Prix,11,2026,10,,27,N HULKENBERG,HUL,Nico Hulkenberg,Audi,F50537,,0 days 00:01:18.796000,0 days 00:01:18.639000,0 days 00:01:18.686000,,,
2026_11_Q_Hungarian Grand Prix,Q,Hungarian Grand Prix,11,2026,11,,30,L LAWSON,LAW,Liam Lawson,Racing Bulls,6C98FF,,0 days 00:01:19.161000,0 days 00:01:18.765000,,,,
2026_11_Q_Hungarian Grand Prix,Q,Hungarian Grand Prix,11,2026,12,,10,P GASLY,GAS,Pierre Gasly,Alpine,00A1E8,,0 days 00:01:19.741000,0 days 00:01:18.844000,,,,
2026_11_Q_Hungarian Grand Prix,Q,Hungarian Grand Prix,11,2026,13,,43,F COLAPINTO,COL,Franco Colapinto,Alpine,00A1E8,,0 days 00:01:19.771000,0 days 00:01:19.027000,,,,
2026_11_Q_Hungarian Grand Prix,Q,Hungarian Grand Prix,11,2026,14,,5,G BORTOLETO,BOR,Gabriel Bortoleto,Audi,F50537,,0 days 00:01:19.069000,0 days 00:01:19.105000,,,,
2026_11_Q_Hungarian Grand Prix,Q,Hungarian Grand Prix,11,2026,15,,31,E OCON,OCO,Esteban Ocon,Haas F1 Team,9C9FA2,,0 days 00:01:20.010000,0 days 00:01:19.734000,,,,
2026_11_Q_Hungarian Grand Prix,Q,Hungarian Grand Prix,11,2026,16,,14,F ALONSO,ALO,Fernando Alonso,Aston Martin,229971,,0 days 00:01:20.126000,0 days 00:01:19.808000,,,,
2026_11_Q_Hungarian Grand Prix,Q,Hungarian Grand Prix,11,2026,17,,87,O BEARMAN,BEA,Oliver Bearman,Haas F1 Team,9C9FA2,,0 days 00:01:20.233000,,,,,
2026_11_Q_Hungarian Grand Prix,Q,Hungarian Grand Prix,11,2026,18,,55,C SAINZ,SAI,Carlos Sainz,Williams,1868DB,,0 days 00:01:20.621000,,,,,
2026_11_Q_Hungarian Grand Prix,Q,Hungarian Grand Prix,11,2026,19,,23,A ALBON,ALB,Alexander Albon,Williams,1868DB,,0 days 00:01:20.658000,,,,,
2026_11_Q_Hungarian Grand Prix,Q,Hungarian Grand Prix,11,2026,20,,18,L STROLL,STR,Lance Stroll,Aston Martin,229971,,0 days 00:01:20.659000,,,,,
2026_11_Q_Hungarian Grand Prix,Q,Hungarian Grand Prix,11,2026,21,,77,V BOTTAS,BOT,Valtteri Bottas,Cadillac,909090,,0 days 00:01:20.886000,,,,,
2026_11_Q_Hungarian Grand Prix,Q,Hungarian Grand Prix,11,2026,22,,11,S PEREZ,PER,Sergio Perez,Cadillac,909090,,0 days 00:01:21.322000,,,,,
2026_11_R_Hungarian Grand Prix,R,Hungarian Grand Prix,11,2026,1,1,1,L NORRIS,NOR,Lando Norris,McLaren,F47600,1,,,,0 days 01:39:56.180000,Finished,25.0
2026_11_R_Hungarian Grand Prix,R,Hungarian Grand Prix,11,2026,2,2,3,M VERSTAPPEN,VER,Max Verstappen,Red Bull Racing,4781D7,4,,,,0 days 00:00:15.080000,Finished,18.0
2026_11_R_Hungarian Grand Prix,R,Hungarian Grand Prix,11,2026,3,3,12,K ANTONELLI,ANT,Kimi Antonelli,Mercedes,00D7B6,7,,,,0 days 00:00:18.728000,Finished,15.0
2026_11_R_Hungarian Grand Prix,R,Hungarian Grand Prix,11,2026,4,4,16,C LECLERC,LEC,Charles Leclerc,Ferrari,ED1131,2,,,,0 days 00:00:23.840000,Finished,12.0
2026_11_R_Hungarian Grand Prix,R,Hungarian Grand Prix,11,2026,5,5,44,L HAMILTON,HAM,Lewis Hamilton,Ferrari,ED1131,5,,,,0 days 00:00:24.540000,Finished,10.0
2026_11_R_Hungarian Grand Prix,R,Hungarian Grand Prix,11,2026,6,6,6,I HADJAR,HAD,Isack Hadjar,Red Bull Racing,4781D7,8,,,,0 days 00:00:55.488000,Finished,8.0
2026_11_R_Hungarian Grand Prix,R,Hungarian Grand Prix,11,2026,7,7,63,G RUSSELL,RUS,George Russell,Mercedes,00D7B6,6,,,,0 days 00:00:57.503000,Finished,6.0
2026_11_R_Hungarian Grand Prix,R,Hungarian Grand Prix,11,2026,8,8,30,L LAWSON,LAW,Liam Lawson,Racing Bulls,6C98FF,11,,,,0 days 00:00:28.033000,Lapped,4.0
2026_11_R_Hungarian Grand Prix,R,Hungarian Grand Prix,11,2026,9,9,27,N HULKENBERG,HUL,Nico Hulkenberg,Audi,F50537,10,,,,0 days 00:00:30.382000,Lapped,2.0
2026_11_R_Hungarian Grand Prix,R,Hungarian Grand Prix,11,2026,10,10,41,A LINDBLAD,LIN,Arvid Lindblad,Racing Bulls,6C98FF,9,,,,0 days 00:00:51.050000,Lapped,1.0
2026_11_R_Hungarian Grand Prix,R,Hungarian Grand Prix,11,2026,11,11,5,G BORTOLETO,BOR,Gabriel Bortoleto,Audi,F50537,14,,,,0 days 00:00:52.028000,Lapped,0.0
2026_11_R_Hungarian Grand Prix,R,Hungarian Grand Prix,11,2026,12,12,10,P GASLY,GAS,Pierre Gasly,Alpine,00A1E8,12,,,,0 days 00:00:53.429000,Lapped,0.0
2026_11_R_Hungarian Grand Prix,R,Hungarian Grand Prix,11,2026,13,13,18,L STROLL,STR,Lance Stroll,Aston Martin,229971,20,,,,0 days 00:01:03.828000,Lapped,0.0
2026_11_R_Hungarian Grand Prix,R,Hungarian Grand Prix,11,2026,14,14,14,F ALONSO,ALO,Fernando Alonso,Aston Martin,229971,16,,,,0 days 00:01:06.052000,Lapped,0.0
2026_11_R_Hungarian Grand Prix,R,Hungarian Grand Prix,11,2026,15,15,43,F COLAPINTO,COL,Franco Colapinto,Alpine,00A1E8,13,,,,0 days 00:00:03.876000,Lapped,0.0
2026_11_R_Hungarian Grand Prix,R,Hungarian Grand Prix,11,2026,16,16,31,E OCON,OCO,Esteban Ocon,Haas F1 Team,9C9FA2,15,,,,0 days 00:00:12.859000,Lapped,0.0
2026_11_R_Hungarian Grand Prix,R,Hungarian Grand Prix,11,2026,17,17,23,A ALBON,ALB,Alexander Albon,Williams,1868DB,19,,,,0 days 00:00:52.729000,Lapped,0.0
2026_11_R_Hungarian Grand Prix,R,Hungarian Grand Prix,11,2026,18,18,55,C SAINZ,SAI,Carlos Sainz,Williams,1868DB,18,,,,0 days 00:00:52.973000,Lapped,0.0
2026_11_R_Hungarian Grand Prix,R,Hungarian Grand Prix,11,2026,19,19,87,O BEARMAN,BEA,Oliver Bearman,Haas F1 Team,9C9FA2,17,,,,0 days 00:00:57.198000,Lapped,0.0
2026_11_R_Hungarian Grand Prix,R,Hungarian Grand Prix,11,2026,20,R,81,O PIASTRI,PIA,Oscar Piastri,McLaren,F47600,3,,,,,Retired,0.0
2026_11_R_Hungarian Grand Prix,R,Hungarian Grand Prix,11,2026,21,R,11,S PEREZ,PER,Sergio Perez,Cadillac,909090,22,,,,,Retired,0.0
2026_11_R_Hungarian Grand Prix,R,Hungarian Grand Prix,11,2026,22,R,77,V BOTTAS,BOT,Valtteri Bottas,Cadillac,909090,21,,,,,Retired,0.0
2026_12_FP1_Dutch Grand Prix,FP1,Dutch Grand Prix,12,2026,,,1,L NORRIS,NOR,Lando Norris,McLaren,F47600,,,,,,,
2026_12_FP1_Dutch Grand Prix,FP1,Dutch Grand Prix,12,2026,,,3,M VERSTAPPEN,VER,Max Verstappen,Red Bull Racing,4781D7,,,,,,,
2026_12_FP1_Dutch Grand Prix,FP1,Dutch Grand Prix,12,2026,,,5,G BORTOLETO,BOR,Gabriel Bortoleto,Audi,F50537,,,,,,,
2026_12_FP1_Dutch Grand Prix,FP1,Dutch Grand Prix,12,2026,,,10,P GASLY,GAS,Pierre Gasly,Alpine,00A1E8,,,,,,,
2026_12_FP1_Dutch Grand Prix,FP1,Dutch Grand Prix,12,2026,,,11,S PEREZ,PER,Sergio Perez,Cadillac,909090,,,,,,,
2026_12_FP1_Dutch Grand Prix,FP1,Dutch Grand Prix,12,2026,,,12,K ANTONELLI,ANT,Kimi Antonelli,Mercedes,00D7B6,,,,,,,
2026_12_FP1_Dutch Grand Prix,FP1,Dutch Grand Prix,12,2026,,,14,F ALONSO,ALO,Fernando Alonso,Aston Martin,229971,,,,,,,
2026_12_FP1_Dutch Grand Prix,FP1,Dutch Grand Prix,12,2026,,,16,C LECLERC,LEC,Charles Leclerc,Ferrari,ED1131,,,,,,,
2026_12_FP1_Dutch Grand Prix,FP1,Dutch Grand Prix,12,2026,,,18,L STROLL,STR,Lance Stroll,Aston Martin,229971,,,,,,,
2026_12_FP1_Dutch Grand Prix,FP1,Dutch Grand Prix,12,2026,,,22,Y TSUNODA,TSU,Yuki Tsunoda,Racing Bulls,6C98FF,,,,,,,
2026_12_FP1_Dutch Grand Prix,FP1,Dutch Grand Prix,12,2026,,,23,A ALBON,ALB,Alexander Albon,Williams,1868DB,,,,,,,
2026_12_FP1_Dutch Grand Prix,FP1,Dutch Grand Prix,12,2026,,,27,N HULKENBERG,HUL,Nico Hulkenberg,Audi,F50537,,,,,,,
2026_12_FP1_Dutch Grand Prix,FP1,Dutch Grand Prix,12,2026,,,30,L LAWSON,LAW,Liam Lawson,Red Bull Racing,4781D7,,,,,,,
2026_12_FP1_Dutch Grand Prix,FP1,Dutch Grand Prix,12,2026,,,31,E OCON,OCO,Esteban Ocon,Haas F1 Team,9C9FA2,,,,,,,
2026_12_FP1_Dutch Grand Prix,FP1,Dutch Grand Prix,12,2026,,,41,A LINDBLAD,LIN,Arvid Lindblad,Racing Bulls,6C98FF,,,,,,,
2026_12_FP1_Dutch Grand Prix,FP1,Dutch Grand Prix,12,2026,,,43,F COLAPINTO,COL,Franco Colapinto,Alpine,00A1E8,,,,,,,
2026_12_FP1_Dutch Grand Prix,FP1,Dutch Grand Prix,12,2026,,,44,L HAMILTON,HAM,Lewis Hamilton,Ferrari,ED1131,,,,,,,
2026_12_FP1_Dutch Grand Prix,FP1,Dutch Grand Prix,12,2026,,,55,C SAINZ,SAI,Carlos Sainz,Williams,1868DB,,,,,,,
2026_12_FP1_Dutch Grand Prix,FP1,Dutch Grand Prix,12,2026,,,63,G RUSSELL,RUS,George Russell,Mercedes,00D7B6,,,,,,,
2026_12_FP1_Dutch Grand Prix,FP1,Dutch Grand Prix,12,2026,,,77,V BOTTAS,BOT,Valtteri Bottas,Cadillac,909090,,,,,,,
2026_12_FP1_Dutch Grand Prix,FP1,Dutch Grand Prix,12,2026,,,81,O PIASTRI,PIA,Oscar Piastri,McLaren,F47600,,,,,,,
2026_12_FP1_Dutch Grand Prix,FP1,Dutch Grand Prix,12,2026,,,87,O BEARMAN,BEA,Oliver Bearman,Haas F1 Team,9C9FA2,,,,,,,
2026_12_Q_Dutch Grand Prix,Q,Dutch Grand Prix,12,2026,1,,1,L NORRIS,NOR,Lando Norris,McLaren,F47600,,0 days 00:01:12.695000,0 days 00:01:11.628000,0 days 00:01:11.163000,,,
2026_12_Q_Dutch Grand Prix,Q,Dutch Grand Prix,12,2026,2,,63,G RUSSELL,RUS,George Russell,Mercedes,00D7B6,,0 days 00:01:12.924000,0 days 00:01:11.959000,0 days 00:01:11.265000,,,
2026_12_Q_Dutch Grand Prix,Q,Dutch Grand Prix,12,2026,3,,12,K ANTONELLI,ANT,Kimi Antonelli,Mercedes,00D7B6,,0 days 00:01:13.022000,0 days 00:01:11.915000,0 days 00:01:11.296000,,,
2026_12_Q_Dutch Grand Prix,Q,Dutch Grand Prix,12,2026,4,,81,O PIASTRI,PIA,Oscar Piastri,McLaren,F47600,,0 days 00:01:12.610000,0 days 00:01:11.641000,0 days 00:01:11.305000,,,
2026_12_Q_Dutch Grand Prix,Q,Dutch Grand Prix,12,2026,5,,44,L HAMILTON,HAM,Lewis Hamilton,Ferrari,ED1131,,0 days 00:01:12.673000,0 days 00:01:11.970000,0 days 00:01:11.494000,,,
2026_12_Q_Dutch Grand Prix,Q,Dutch Grand Prix,12,2026,6,,16,C LECLERC,LEC,Charles Leclerc,Ferrari,ED1131,,0 days 00:01:13.064000,0 days 00:01:11.910000,0 days 00:01:11.558000,,,
2026_12_Q_Dutch Grand Prix,Q,Dutch Grand Prix,12,2026,7,,3,M VERSTAPPEN,VER,Max Verstappen,Red Bull Racing,4781D7,,0 days 00:01:13.290000,0 days 00:01:11.874000,0 days 00:01:11.618000,,,
2026_12_Q_Dutch Grand Prix,Q,Dutch Grand Prix,12,2026,8,,30,L LAWSON,LAW,Liam Lawson,Red Bull Racing,4781D7,,0 days 00:01:13.392000,0 days 00:01:12.301000,0 days 00:01:11.733000,,,
2026_12_Q_Dutch Grand Prix,Q,Dutch Grand Prix,12,2026,9,,5,G BORTOLETO,BOR,Gabriel Bortoleto,Audi,F50537,,0 days 00:01:13.142000,0 days 00:01:12.433000,0 days 00:01:12.079000,,,
2026_12_Q_Dutch Grand Prix,Q,Dutch Grand Prix,12,2026,10,,41,A LINDBLAD,LIN,Arvid Lindblad,Racing Bulls,6C98FF,,0 days 00:01:13.074000,0 days 00:01:12.525000,0 days 00:01:12.185000,,,
2026_12_Q_Dutch Grand Prix,Q,Dutch Grand Prix,12,2026,11,,10,P GASLY,GAS,Pierre Gasly,Alpine,00A1E8,,0 days 00:01:13.115000,0 days 00:01:12.616000,,,,
2026_12_Q_Dutch Grand Prix,Q,Dutch Grand Prix,12,2026,12,,22,Y TSUNODA,TSU,Yuki Tsunoda,Racing Bulls,6C98FF,,0 days 00:01:13.085000,0 days 00:01:12.627000,,,,
2026_12_Q_Dutch Grand Prix,Q,Dutch Grand Prix,12,2026,13,,27,N HULKENBERG,HUL,Nico Hulkenberg,Audi,F50537,,0 days 00:01:13.188000,0 days 00:01:12.797000,,,,
2026_12_Q_Dutch Grand Prix,Q,Dutch Grand Prix,12,2026,14,,43,F COLAPINTO,COL,Franco Colapinto,Alpine,00A1E8,,0 days 00:01:13.322000,0 days 00:01:12.800000,,,,
2026_12_Q_Dutch Grand Prix,Q,Dutch Grand Prix,12,2026,15,,31,E OCON,OCO,Esteban Ocon,Haas F1 Team,9C9FA2,,0 days 00:01:13.544000,0 days 00:01:13.137000,,,,
2026_12_Q_Dutch Grand Prix,Q,Dutch Grand Prix,12,2026,16,,23,A ALBON,ALB,Alexander Albon,Williams,1868DB,,0 days 00:01:13.552000,0 days 00:01:13.182000,,,,
2026_12_Q_Dutch Grand Prix,Q,Dutch Grand Prix,12,2026,17,,55,C SAINZ,SAI,Carlos Sainz,Williams,1868DB,,0 days 00:01:13.574000,,,,,
2026_12_Q_Dutch Grand Prix,Q,Dutch Grand Prix,12,2026,18,,14,F ALONSO,ALO,Fernando Alonso,Aston Martin,229971,,0 days 00:01:13.650000,,,,,
2026_12_Q_Dutch Grand Prix,Q,Dutch Grand Prix,12,2026,19,,18,L STROLL,STR,Lance Stroll,Aston Martin,229971,,0 days 00:01:13.818000,,,,,
2026_12_Q_Dutch Grand Prix,Q,Dutch Grand Prix,12,2026,20,,87,O BEARMAN,BEA,Oliver Bearman,Haas F1 Team,9C9FA2,,0 days 00:01:13.826000,,,,,
2026_12_Q_Dutch Grand Prix,Q,Dutch Grand Prix,12,2026,21,,77,V BOTTAS,BOT,Valtteri Bottas,Cadillac,909090,,0 days 00:01:14.371000,,,,,
2026_12_Q_Dutch Grand Prix,Q,Dutch Grand Prix,12,2026,22,,11,S PEREZ,PER,Sergio Perez,Cadillac,909090,,0 days 00:01:14.600000,,,,,
2026_12_R_Dutch Grand Prix,R,Dutch Grand Prix,12,2026,1,1,1,L NORRIS,NOR,Lando Norris,McLaren,F47600,1,,,,0 days 02:04:44.859000,Finished,25.0
2026_12_R_Dutch Grand Prix,R,Dutch Grand Prix,12,2026,2,2,12,K ANTONELLI,ANT,Kimi Antonelli,Mercedes,00D7B6,3,,,,0 days 00:00:11.536000,Finished,18.0
2026_12_R_Dutch Grand Prix,R,Dutch Grand Prix,12,2026,3,3,63,G RUSSELL,RUS,George Russell,Mercedes,00D7B6,2,,,,0 days 00:00:15.906000,Finished,15.0
2026_12_R_Dutch Grand Prix,R,Dutch Grand Prix,12,2026,4,4,44,L HAMILTON,HAM,Lewis Hamilton,Ferrari,ED1131,5,,,,0 days 00:00:16.755000,Finished,12.0
2026_12_R_Dutch Grand Prix,R,Dutch Grand Prix,12,2026,5,5,16,C LECLERC,LEC,Charles Leclerc,Ferrari,ED1131,6,,,,0 days 00:00:17.258000,Finished,10.0
2026_12_R_Dutch Grand Prix,R,Dutch Grand Prix,12,2026,6,6,81,O PIASTRI,PIA,Oscar Piastri,McLaren,F47600,4,,,,0 days 00:00:32.332000,Finished,8.0
2026_12_R_Dutch Grand Prix,R,Dutch Grand Prix,12,2026,7,7,30,L LAWSON,LAW,Liam Lawson,Red Bull Racing,4781D7,8,,,,0 days 00:01:19.915000,Finished,6.0
2026_12_R_Dutch Grand Prix,R,Dutch Grand Prix,12,2026,8,8,27,N HULKENBERG,HUL,Nico Hulkenberg,Audi,F50537,13,,,,0 days 00:00:36.049000,Lapped,4.0
2026_12_R_Dutch Grand Prix,R,Dutch Grand Prix,12,2026,9,9,14,F ALONSO,ALO,Fernando Alonso,Aston Martin,229971,18,,,,0 days 00:00:48.393000,Lapped,2.0
2026_12_R_Dutch Grand Prix,R,Dutch Grand Prix,12,2026,10,10,10,P GASLY,GAS,Pierre Gasly,Alpine,00A1E8,11,,,,0 days 00:00:49.640000,Lapped,1.0
2026_12_R_Dutch Grand Prix,R,Dutch Grand Prix,12,2026,11,11,22,Y TSUNODA,TSU,Yuki Tsunoda,Racing Bulls,6C98FF,12,,,,0 days 00:00:54.322000,Lapped,0.0
2026_12_R_Dutch Grand Prix,R,Dutch Grand Prix,12,2026,12,12,41,A LINDBLAD,LIN,Arvid Lindblad,Racing Bulls,6C98FF,10,,,,0 days 00:01:05.680000,Lapped,0.0
2026_12_R_Dutch Grand Prix,R,Dutch Grand Prix,12,2026,13,13,5,G BORTOLETO,BOR,Gabriel Bortoleto,Audi,F50537,9,,,,0 days 00:01:06.235000,Lapped,0.0
2026_12_R_Dutch Grand Prix,R,Dutch Grand Prix,12,2026,14,14,43,F COLAPINTO,COL,Franco Colapinto,Alpine,00A1E8,14,,,,0 days 00:00:20.534000,Lapped,0.0
2026_12_R_Dutch Grand Prix,R,Dutch Grand Prix,12,2026,15,15,11,S PEREZ,PER,Sergio Perez,Cadillac,909090,22,,,,0 days 00:00:58.582000,Lapped,0.0
2026_12_R_Dutch Grand Prix,R,Dutch Grand Prix,12,2026,16,16,55,C SAINZ,SAI,Carlos Sainz,Williams,1868DB,17,,,,0 days 00:01:10.271000,Lapped,0.0
2026_12_R_Dutch Grand Prix,R,Dutch Grand Prix,12,2026,17,17,23,A ALBON,ALB,Alexander Albon,Williams,1868DB,16,,,,,Retired,0.0
2026_12_R_Dutch Grand Prix,R,Dutch Grand Prix,12,2026,18,R,77,V BOTTAS,BOT,Valtteri Bottas,Cadillac,909090,21,,,,,Retired,0.0
2026_12_R_Dutch Grand Prix,R,Dutch Grand Prix,12,2026,19,R,31,E OCON,OCO,Esteban Ocon,Haas F1 Team,9C9FA2,15,,,,,Retired,0.0
2026_12_R_Dutch Grand Prix,R,Dutch Grand Prix,12,2026,20,R,18,L STROLL,STR,Lance Stroll,Aston Martin,229971,19,,,,,Retired,0.0
2026_12_R_Dutch Grand Prix,R,Dutch Grand Prix,12,2026,21,R,87,O BEARMAN,BEA,Oliver Bearman,Haas F1 Team,9C9FA2,20,,,,,Retired,0.0
2026_12_R_Dutch Grand Prix,R,Dutch Grand Prix,12,2026,22,R,3,M VERSTAPPEN,VER,Max Verstappen,Red Bull Racing,4781D7,7,,,,,Retired,0.0
2026_12_S_Dutch Grand Prix,S,Dutch Grand Prix,12,2026,1,1,63,G RUSSELL,RUS,George Russell,Mercedes,00D7B6,1,,,,0 days 00:30:25.318000,Finished,8.0
2026_12_S_Dutch Grand Prix,S,Dutch Grand Prix,12,2026,2,2,16,C LECLERC,LEC,Charles Leclerc,Ferrari,ED1131,3,,,,0 days 00:00:01.360000,Finished,7.0
2026_12_S_Dutch Grand Prix,S,Dutch Grand Prix,12,2026,3,3,1,L NORRIS,NOR,Lando Norris,McLaren,F47600,2,,,,0 days 00:00:05.196000,Finished,6.0
2026_12_S_Dutch Grand Prix,S,Dutch Grand Prix,12,2026,4,4,12,K ANTONELLI,ANT,Kimi Antonelli,Mercedes,00D7B6,5,,,,0 days 00:00:05.581000,Finished,5.0
2026_12_S_Dutch Grand Prix,S,Dutch Grand Prix,12,2026,5,5,81,O PIASTRI,PIA,Oscar Piastri,McLaren,F47600,4,,,,0 days 00:00:10.185000,Finished,4.0
2026_12_S_Dutch Grand Prix,S,Dutch Grand Prix,12,2026,6,6,3,M VERSTAPPEN,VER,Max Verstappen,Red Bull Racing,4781D7,6,,,,0 days 00:00:10.529000,Finished,3.0
2026_12_S_Dutch Grand Prix,S,Dutch Grand Prix,12,2026,7,7,44,L HAMILTON,HAM,Lewis Hamilton,Ferrari,ED1131,7,,,,0 days 00:00:12.188000,Finished,2.0
2026_12_S_Dutch Grand Prix,S,Dutch Grand Prix,12,2026,8,8,10,P GASLY,GAS,Pierre Gasly,Alpine,00A1E8,8,,,,0 days 00:00:42.510000,Finished,1.0
2026_12_S_Dutch Grand Prix,S,Dutch Grand Prix,12,2026,9,9,5,G BORTOLETO,BOR,Gabriel Bortoleto,Audi,F50537,9,,,,0 days 00:00:44.437000,Finished,0.0
2026_12_S_Dutch Grand Prix,S,Dutch Grand Prix,12,2026,10,10,41,A LINDBLAD,LIN,Arvid Lindblad,Racing Bulls,6C98FF,10,,,,0 days 00:00:44.971000,Finished,0.0
2026_12_S_Dutch Grand Prix,S,Dutch Grand Prix,12,2026,11,11,30,L LAWSON,LAW,Liam Lawson,Red Bull Racing,4781D7,11,,,,0 days 00:00:47.471000,Finished,0.0
2026_12_S_Dutch Grand Prix,S,Dutch Grand Prix,12,2026,12,12,43,F COLAPINTO,COL,Franco Colapinto,Alpine,00A1E8,13,,,,0 days 00:00:54.466000,Finished,0.0
2026_12_S_Dutch Grand Prix,S,Dutch Grand Prix,12,2026,13,13,22,Y TSUNODA,TSU,Yuki Tsunoda,Racing Bulls,6C98FF,12,,,,0 days 00:00:56.483000,Finished,0.0
2026_12_S_Dutch Grand Prix,S,Dutch Grand Prix,12,2026,14,14,31,E OCON,OCO,Esteban Ocon,Haas F1 Team,9C9FA2,15,,,,0 days 00:01:06.098000,Finished,0.0
2026_12_S_Dutch Grand Prix,S,Dutch Grand Prix,12,2026,15,15,87,O BEARMAN,BEA,Oliver Bearman,Haas F1 Team,9C9FA2,17,,,,0 days 00:01:06.588000,Finished,0.0
2026_12_S_Dutch Grand Prix,S,Dutch Grand Prix,12,2026,16,16,23,A ALBON,ALB,Alexander Albon,Williams,1868DB,16,,,,0 days 00:01:14.632000,Finished,0.0
2026_12_S_Dutch Grand Prix,S,Dutch Grand Prix,12,2026,17,17,18,L STROLL,STR,Lance Stroll,Aston Martin,229971,18,,,,0 days 00:01:14.650000,Finished,0.0
2026_12_S_Dutch Grand Prix,S,Dutch Grand Prix,12,2026,18,18,14,F ALONSO,ALO,Fernando Alonso,Aston Martin,229971,22,,,,0 days 00:01:15.284000,Finished,0.0
2026_12_S_Dutch Grand Prix,S,Dutch Grand Prix,12,2026,19,19,77,V BOTTAS,BOT,Valtteri Bottas,Cadillac,909090,19,,,,0 days 00:00:03.909000,Lapped,0.0
2026_12_S_Dutch Grand Prix,S,Dutch Grand Prix,12,2026,20,20,55,C SAINZ,SAI,Carlos Sainz,Williams,1868DB,21,,,,0 days 00:00:37.723000,Lapped,0.0
2026_12_S_Dutch Grand Prix,S,Dutch Grand Prix,12,2026,21,21,11,S PEREZ,PER,Sergio Perez,Cadillac,909090,20,,,,0 days 00:01:02.477000,Lapped,0.0
2026_12_S_Dutch Grand Prix,S,Dutch Grand Prix,12,2026,22,R,27,N HULKENBERG,HUL,Nico Hulkenberg,Audi,F50537,14,,,,,Lapped,0.0
2026_12_SQ_Dutch Grand Prix,SQ,Dutch Grand Prix,12,2026,,,12,K ANTONELLI,ANT,Kimi Antonelli,Mercedes,00D7B6,,,,,,,
2026_12_SQ_Dutch Grand Prix,SQ,Dutch Grand Prix,12,2026,,,1,L NORRIS,NOR,Lando Norris,McLaren,F47600,,,,,,,
2026_12_SQ_Dutch Grand Prix,SQ,Dutch Grand Prix,12,2026,,,63,G RUSSELL,RUS,George Russell,Mercedes,00D7B6,,,,,,,
2026_12_SQ_Dutch Grand Prix,SQ,Dutch Grand Prix,12,2026,,,44,L HAMILTON,HAM,Lewis Hamilton,Ferrari,ED1131,,,,,,,
2026_12_SQ_Dutch Grand Prix,SQ,Dutch Grand Prix,12,2026,,,16,C LECLERC,LEC,Charles Leclerc,Ferrari,ED1131,,,,,,,
2026_12_SQ_Dutch Grand Prix,SQ,Dutch Grand Prix,12,2026,,,81,O PIASTRI,PIA,Oscar Piastri,McLaren,F47600,,,,,,,
2026_12_SQ_Dutch Grand Prix,SQ,Dutch Grand Prix,12,2026,,,27,N HULKENBERG,HUL,Nico Hulkenberg,Audi,F50537,,,,,,,
2026_12_SQ_Dutch Grand Prix,SQ,Dutch Grand Prix,12,2026,,,10,P GASLY,GAS,Pierre Gasly,Alpine,00A1E8,,,,,,,
2026_12_SQ_Dutch Grand Prix,SQ,Dutch Grand Prix,12,2026,,,5,G BORTOLETO,BOR,Gabriel Bortoleto,Audi,F50537,,,,,,,
2026_12_SQ_Dutch Grand Prix,SQ,Dutch Grand Prix,12,2026,,,41,A LINDBLAD,LIN,Arvid Lindblad,Racing Bulls,6C98FF,,,,,,,
2026_12_SQ_Dutch Grand Prix,SQ,Dutch Grand Prix,12,2026,,,3,M VERSTAPPEN,VER,Max Verstappen,Red Bull Racing,4781D7,,,,,,,
2026_12_SQ_Dutch Grand Prix,SQ,Dutch Grand Prix,12,2026,,,14,F ALONSO,ALO,Fernando Alonso,Aston Martin,229971,,,,,,,
2026_12_SQ_Dutch Grand Prix,SQ,Dutch Grand Prix,12,2026,,,43,F COLAPINTO,COL,Franco Colapinto,Alpine,00A1E8,,,,,,,
2026_12_SQ_Dutch Grand Prix,SQ,Dutch Grand Prix,12,2026,,,30,L LAWSON,LAW,Liam Lawson,Red Bull Racing,4781D7,,,,,,,
2026_12_SQ_Dutch Grand Prix,SQ,Dutch Grand Prix,12,2026,,,87,O BEARMAN,BEA,Oliver Bearman,Haas F1 Team,9C9FA2,,,,,,,
2026_12_SQ_Dutch Grand Prix,SQ,Dutch Grand Prix,12,2026,,,31,E OCON,OCO,Esteban Ocon,Haas F1 Team,9C9FA2,,,,,,,
2026_12_SQ_Dutch Grand Prix,SQ,Dutch Grand Prix,12,2026,,,22,Y TSUNODA,TSU,Yuki Tsunoda,Racing Bulls,6C98FF,,,,,,,
2026_12_SQ_Dutch Grand Prix,SQ,Dutch Grand Prix,12,2026,,,18,L STROLL,STR,Lance Stroll,Aston Martin,229971,,,,,,,
2026_12_SQ_Dutch Grand Prix,SQ,Dutch Grand Prix,12,2026,,,23,A ALBON,ALB,Alexander Albon,Williams,1868DB,,,,,,,
2026_12_SQ_Dutch Grand Prix,SQ,Dutch Grand Prix,12,2026,,,77,V BOTTAS,BOT,Valtteri Bottas,Cadillac,909090,,,,,,,
2026_12_SQ_Dutch Grand Prix,SQ,Dutch Grand Prix,12,2026,,,11,S PEREZ,PER,Sergio Perez,Cadillac,909090,,,,,,,
2026_12_SQ_Dutch Grand Prix,SQ,Dutch Grand Prix,12,2026,,,55,C SAINZ,SAI,Carlos Sainz,Williams,1868DB,,,,,,,
2026_13_FP1_Italian Grand Prix,FP1,Italian Grand Prix,13,2026,,,1,L NORRIS,NOR,Lando Norris,McLaren,F47600,,,,,,,
2026_13_FP1_Italian Grand Prix,FP1,Italian Grand Prix,13,2026,,,5,G BORTOLETO,BOR,Gabriel Bortoleto,Audi,F50537,,,,,,,
2026_13_FP1_Italian Grand Prix,FP1,Italian Grand Prix,13,2026,,,12,K ANTONELLI,ANT,Kimi Antonelli,Mercedes,00D7B6,,,,,,,
2026_13_FP1_Italian Grand Prix,FP1,Italian Grand Prix,13,2026,,,14,F ALONSO,ALO,Fernando Alonso,Aston Martin,229971,,,,,,,
2026_13_FP1_Italian Grand Prix,FP1,Italian Grand Prix,13,2026,,,16,C LECLERC,LEC,Charles Leclerc,Ferrari,ED1131,,,,,,,
2026_13_FP1_Italian Grand Prix,FP1,Italian Grand Prix,13,2026,,,18,L STROLL,STR,Lance Stroll,Aston Martin,229971,,,,,,,
2026_13_FP1_Italian Grand Prix,FP1,Italian Grand Prix,13,2026,,,22,Y TSUNODA,TSU,Yuki Tsunoda,Racing Bulls,6C98FF,,,,,,,
2026_13_FP1_Italian Grand Prix,FP1,Italian Grand Prix,13,2026,,,25,C HERTA,HER,Colton Herta,Cadillac,909090,,,,,,,
2026_13_FP1_Italian Grand Prix,FP1,Italian Grand Prix,13,2026,,,27,N HULKENBERG,HUL,Nico Hulkenberg,Audi,F50537,,,,,,,
2026_13_FP1_Italian Grand Prix,FP1,Italian Grand Prix,13,2026,,,30,L LAWSON,LAW,Liam Lawson,Red Bull Racing,4781D7,,,,,,,
2026_13_FP1_Italian Grand Prix,FP1,Italian Grand Prix,13,2026,,,31,E OCON,OCO,Esteban Ocon,Haas F1 Team,9C9FA2,,,,,,,
2026_13_FP1_Italian Grand Prix,FP1,Italian Grand Prix,13,2026,,,36,A IWASA,IWA,Ayumu Iwasa,Red Bull Racing,4781D7,,,,,,,
2026_13_FP1_Italian Grand Prix,FP1,Italian Grand Prix,13,2026,,,41,A LINDBLAD,LIN,Arvid Lindblad,Racing Bulls,6C98FF,,,,,,,
2026_13_FP1_Italian Grand Prix,FP1,Italian Grand Prix,13,2026,,,43,F COLAPINTO,COL,Franco Colapinto,Alpine,00A1E8,,,,,,,
2026_13_FP1_Italian Grand Prix,FP1,Italian Grand Prix,13,2026,,,44,L HAMILTON,HAM,Lewis Hamilton,Ferrari,ED1131,,,,,,,
2026_13_FP1_Italian Grand Prix,FP1,Italian Grand Prix,13,2026,,,46,L BROWNING,BRO,Luke Browning,Williams,1868DB,,,,,,,
2026_13_FP1_Italian Grand Prix,FP1,Italian Grand Prix,13,2026,,,55,C SAINZ,SAI,Carlos Sainz,Williams,1868DB,,,,,,,
2026_13_FP1_Italian Grand Prix,FP1,Italian Grand Prix,13,2026,,,61,P ARON,ARO,Paul Aron,Alpine,00A1E8,,,,,,,
2026_13_FP1_Italian Grand Prix,FP1,Italian Grand Prix,13,2026,,,63,G RUSSELL,RUS,George Russell,Mercedes,00D7B6,,,,,,,
2026_13_FP1_Italian Grand Prix,FP1,Italian Grand Prix,13,2026,,,77,V BOTTAS,BOT,Valtteri Bottas,Cadillac,909090,,,,,,,
2026_13_FP1_Italian Grand Prix,FP1,Italian Grand Prix,13,2026,,,81,O PIASTRI,PIA,Oscar Piastri,McLaren,F47600,,,,,,,
2026_13_FP1_Italian Grand Prix,FP1,Italian Grand Prix,13,2026,,,87,O BEARMAN,BEA,Oliver Bearman,Haas F1 Team,9C9FA2,,,,,,,
2026_13_FP2_Italian Grand Prix,FP2,Italian Grand Prix,13,2026,,,1,L NORRIS,NOR,Lando Norris,McLaren,F47600,,,,,,,
2026_13_FP2_Italian Grand Prix,FP2,Italian Grand Prix,13,2026,,,3,M VERSTAPPEN,VER,Max Verstappen,Red Bull Racing,4781D7,,,,,,,
2026_13_FP2_Italian Grand Prix,FP2,Italian Grand Prix,13,2026,,,5,G BORTOLETO,BOR,Gabriel Bortoleto,Audi,F50537,,,,,,,
2026_13_FP2_Italian Grand Prix,FP2,Italian Grand Prix,13,2026,,,10,P GASLY,GAS,Pierre Gasly,Alpine,00A1E8,,,,,,,
2026_13_FP2_Italian Grand Prix,FP2,Italian Grand Prix,13,2026,,,11,S PEREZ,PER,Sergio Perez,Cadillac,909090,,,,,,,
2026_13_FP2_Italian Grand Prix,FP2,Italian Grand Prix,13,2026,,,12,K ANTONELLI,ANT,Kimi Antonelli,Mercedes,00D7B6,,,,,,,
2026_13_FP2_Italian Grand Prix,FP2,Italian Grand Prix,13,2026,,,14,F ALONSO,ALO,Fernando Alonso,Aston Martin,229971,,,,,,,
2026_13_FP2_Italian Grand Prix,FP2,Italian Grand Prix,13,2026,,,16,C LECLERC,LEC,Charles Leclerc,Ferrari,ED1131,,,,,,,
2026_13_FP2_Italian Grand Prix,FP2,Italian Grand Prix,13,2026,,,18,L STROLL,STR,Lance Stroll,Aston Martin,229971,,,,,,,
2026_13_FP2_Italian Grand Prix,FP2,Italian Grand Prix,13,2026,,,22,Y TSUNODA,TSU,Yuki Tsunoda,Racing Bulls,6C98FF,,,,,,,
2026_13_FP2_Italian Grand Prix,FP2,Italian Grand Prix,13,2026,,,23,A ALBON,ALB,Alexander Albon,Williams,1868DB,,,,,,,
2026_13_FP2_Italian Grand Prix,FP2,Italian Grand Prix,13,2026,,,27,N HULKENBERG,HUL,Nico Hulkenberg,Audi,F50537,,,,,,,
2026_13_FP2_Italian Grand Prix,FP2,Italian Grand Prix,13,2026,,,30,L LAWSON,LAW,Liam Lawson,Red Bull Racing,4781D7,,,,,,,
2026_13_FP2_Italian Grand Prix,FP2,Italian Grand Prix,13,2026,,,31,E OCON,OCO,Esteban Ocon,Haas F1 Team,9C9FA2,,,,,,,
2026_13_FP2_Italian Grand Prix,FP2,Italian Grand Prix,13,2026,,,41,A LINDBLAD,LIN,Arvid Lindblad,Racing Bulls,6C98FF,,,,,,,
2026_13_FP2_Italian Grand Prix,FP2,Italian Grand Prix,13,2026,,,43,F COLAPINTO,COL,Franco Colapinto,Alpine,00A1E8,,,,,,,
2026_13_FP2_Italian Grand Prix,FP2,Italian Grand Prix,13,2026,,,44,L HAMILTON,HAM,Lewis Hamilton,Ferrari,ED1131,,,,,,,
2026_13_FP2_Italian Grand Prix,FP2,Italian Grand Prix,13,2026,,,55,C SAINZ,SAI,Carlos Sainz,Williams,1868DB,,,,,,,
2026_13_FP2_Italian Grand Prix,FP2,Italian Grand Prix,13,2026,,,63,G RUSSELL,RUS,George Russell,Mercedes,00D7B6,,,,,,,
2026_13_FP2_Italian Grand Prix,FP2,Italian Grand Prix,13,2026,,,77,V BOTTAS,BOT,Valtteri Bottas,Cadillac,909090,,,,,,,
2026_13_FP2_Italian Grand Prix,FP2,Italian Grand Prix,13,2026,,,81,O PIASTRI,PIA,Oscar Piastri,McLaren,F47600,,,,,,,
2026_13_FP2_Italian Grand Prix,FP2,Italian Grand Prix,13,2026,,,87,O BEARMAN,BEA,Oliver Bearman,Haas F1 Team,9C9FA2,,,,,,,
2026_13_FP3_Italian Grand Prix,FP3,Italian Grand Prix,13,2026,,,1,L NORRIS,NOR,Lando Norris,McLaren,F47600,,,,,,,
2026_13_FP3_Italian Grand Prix,FP3,Italian Grand Prix,13,2026,,,3,M VERSTAPPEN,VER,Max Verstappen,Red Bull Racing,4781D7,,,,,,,
2026_13_FP3_Italian Grand Prix,FP3,Italian Grand Prix,13,2026,,,5,G BORTOLETO,BOR,Gabriel Bortoleto,Audi,F50537,,,,,,,
2026_13_FP3_Italian Grand Prix,FP3,Italian Grand Prix,13,2026,,,10,P GASLY,GAS,Pierre Gasly,Alpine,00A1E8,,,,,,,
2026_13_FP3_Italian Grand Prix,FP3,Italian Grand Prix,13,2026,,,11,S PEREZ,PER,Sergio Perez,Cadillac,909090,,,,,,,
2026_13_FP3_Italian Grand Prix,FP3,Italian Grand Prix,13,2026,,,12,K ANTONELLI,ANT,Kimi Antonelli,Mercedes,00D7B6,,,,,,,
2026_13_FP3_Italian Grand Prix,FP3,Italian Grand Prix,13,2026,,,14,F ALONSO,ALO,Fernando Alonso,Aston Martin,229971,,,,,,,
2026_13_FP3_Italian Grand Prix,FP3,Italian Grand Prix,13,2026,,,16,C LECLERC,LEC,Charles Leclerc,Ferrari,ED1131,,,,,,,
2026_13_FP3_Italian Grand Prix,FP3,Italian Grand Prix,13,2026,,,18,L STROLL,STR,Lance Stroll,Aston Martin,229971,,,,,,,
2026_13_FP3_Italian Grand Prix,FP3,Italian Grand Prix,13,2026,,,22,Y TSUNODA,TSU,Yuki Tsunoda,Racing Bulls,6C98FF,,,,,,,
2026_13_FP3_Italian Grand Prix,FP3,Italian Grand Prix,13,2026,,,23,A ALBON,ALB,Alexander Albon,Williams,1868DB,,,,,,,
2026_13_FP3_Italian Grand Prix,FP3,Italian Grand Prix,13,2026,,,27,N HULKENBERG,HUL,Nico Hulkenberg,Audi,F50537,,,,,,,
2026_13_FP3_Italian Grand Prix,FP3,Italian Grand Prix,13,2026,,,30,L LAWSON,LAW,Liam Lawson,Red Bull Racing,4781D7,,,,,,,
2026_13_FP3_Italian Grand Prix,FP3,Italian Grand Prix,13,2026,,,31,E OCON,OCO,Esteban Ocon,Haas F1 Team,9C9FA2,,,,,,,
2026_13_FP3_Italian Grand Prix,FP3,Italian Grand Prix,13,2026,,,41,A LINDBLAD,LIN,Arvid Lindblad,Racing Bulls,6C98FF,,,,,,,
2026_13_FP3_Italian Grand Prix,FP3,Italian Grand Prix,13,2026,,,43,F COLAPINTO,COL,Franco Colapinto,Alpine,00A1E8,,,,,,,
2026_13_FP3_Italian Grand Prix,FP3,Italian Grand Prix,13,2026,,,44,L HAMILTON,HAM,Lewis Hamilton,Ferrari,ED1131,,,,,,,
2026_13_FP3_Italian Grand Prix,FP3,Italian Grand Prix,13,2026,,,55,C SAINZ,SAI,Carlos Sainz,Williams,1868DB,,,,,,,
2026_13_FP3_Italian Grand Prix,FP3,Italian Grand Prix,13,2026,,,63,G RUSSELL,RUS,George Russell,Mercedes,00D7B6,,,,,,,
2026_13_FP3_Italian Grand Prix,FP3,Italian Grand Prix,13,2026,,,77,V BOTTAS,BOT,Valtteri Bottas,Cadillac,909090,,,,,,,
2026_13_FP3_Italian Grand Prix,FP3,Italian Grand Prix,13,2026,,,81,O PIASTRI,PIA,Oscar Piastri,McLaren,F47600,,,,,,,
2026_13_FP3_Italian Grand Prix,FP3,Italian Grand Prix,13,2026,,,87,O BEARMAN,BEA,Oliver Bearman,Haas F1 Team,9C9FA2,,,,,,,
2026_13_Q_Italian Grand Prix,Q,Italian Grand Prix,13,2026,1,,10,P GASLY,GAS,Pierre Gasly,Alpine,00A1E8,,0 days 00:01:22.612000,0 days 00:01:22.077000,0 days 00:01:21.786000,,,
2026_13_Q_Italian Grand Prix,Q,Italian Grand Prix,13,2026,2,,63,G RUSSELL,RUS,George Russell,Mercedes,00D7B6,,0 days 00:01:22.779000,0 days 00:01:22.161000,0 days 00:01:21.846000,,,
2026_13_Q_Italian Grand Prix,Q,Italian Grand Prix,13,2026,3,,81,O PIASTRI,PIA,Oscar Piastri,McLaren,F47600,,0 days 00:01:22.924000,0 days 00:01:22.017000,0 days 00:01:21.966000,,,
2026_13_Q_Italian Grand Prix,Q,Italian Grand Prix,13,2026,4,,16,C LECLERC,LEC,Charles Leclerc,Ferrari,ED1131,,0 days 00:01:22.902000,0 days 00:01:22.509000,0 days 00:01:22.004000,,,
2026_13_Q_Italian Grand Prix,Q,Italian Grand Prix,13,2026,5,,44,L HAMILTON,HAM,Lewis Hamilton,Ferrari,ED1131,,0 days 00:01:22.847000,0 days 00:01:22.516000,0 days 00:01:22.011000,,,
2026_13_Q_Italian Grand Prix,Q,Italian Grand Prix,13,2026,6,,3,M VERSTAPPEN,VER,Max Verstappen,Red Bull Racing,4781D7,,0 days 00:01:22.631000,0 days 00:01:22.188000,0 days 00:01:22.070000,,,
2026_13_Q_Italian Grand Prix,Q,Italian Grand Prix,13,2026,7,,12,K ANTONELLI,ANT,Kimi Antonelli,Mercedes,00D7B6,,0 days 00:01:22.758000,0 days 00:01:21.882000,0 days 00:01:22.093000,,,
2026_13_Q_Italian Grand Prix,Q,Italian Grand Prix,13,2026,8,,43,F COLAPINTO,COL,Franco Colapinto,Alpine,00A1E8,,0 days 00:01:22.662000,0 days 00:01:22.400000,0 days 00:01:22.220000,,,
2026_13_Q_Italian Grand Prix,Q,Italian Grand Prix,13,2026,9,,1,L NORRIS,NOR,Lando Norris,McLaren,F47600,,0 days 00:01:22.659000,0 days 00:01:22.067000,0 days 00:01:22.256000,,,
2026_13_Q_Italian Grand Prix,Q,Italian Grand Prix,13,2026,10,,41,A LINDBLAD,LIN,Arvid Lindblad,Racing Bulls,6C98FF,,0 days 00:01:22.727000,0 days 00:01:22.345000,0 days 00:01:22.286000,,,
2026_13_Q_Italian Grand Prix,Q,Italian Grand Prix,13,2026,11,,5,G BORTOLETO,BOR,Gabriel Bortoleto,Audi,F50537,,0 days 00:01:22.946000,0 days 00:01:22.517000,,,,
2026_13_Q_Italian Grand Prix,Q,Italian Grand Prix,13,2026,12,,87,O BEARMAN,BEA,Oliver Bearman,Haas F1 Team,9C9FA2,,0 days 00:01:22.906000,0 days 00:01:22.756000,,,,
2026_13_Q_Italian Grand Prix,Q,Italian Grand Prix,13,2026,13,,27,N HULKENBERG,HUL,Nico Hulkenberg,Audi,F50537,,0 days 00:01:23.440000,0 days 00:01:22.779000,,,,
2026_13_Q_Italian Grand Prix,Q,Italian Grand Prix,13,2026,14,,30,L LAWSON,LAW,Liam Lawson,Red Bull Racing,4781D7,,0 days 00:01:22.989000,0 days 00:01:22.821000,,,,
2026_13_Q_Italian Grand Prix,Q,Italian Grand Prix,13,2026,15,,55,C SAINZ,SAI,Carlos Sainz,Williams,1868DB,,0 days 00:01:23.616000,0 days 00:01:23.453000,,,,
2026_13_Q_Italian Grand Prix,Q,Italian Grand Prix,13,2026,16,,31,E OCON,OCO,Esteban Ocon,Haas F1 Team,9C9FA2,,0 days 00:01:23.466000,0 days 00:01:23.454000,,,,
2026_13_Q_Italian Grand Prix,Q,Italian Grand Prix,13,2026,17,,22,Y TSUNODA,TSU,Yuki Tsunoda,Racing Bulls,6C98FF,,0 days 00:01:23.755000,,,,,
2026_13_Q_Italian Grand Prix,Q,Italian Grand Prix,13,2026,18,,23,A ALBON,ALB,Alexander Albon,Williams,1868DB,,0 days 00:01:24.356000,,,,,
2026_13_Q_Italian Grand Prix,Q,Italian Grand Prix,13,2026,19,,77,V BOTTAS,BOT,Valtteri Bottas,Cadillac,909090,,0 days 00:01:24.364000,,,,,
2026_13_Q_Italian Grand Prix,Q,Italian Grand Prix,13,2026,20,,11,S PEREZ,PER,Sergio Perez,Cadillac,909090,,0 days 00:01:24.595000,,,,,
2026_13_Q_Italian Grand Prix,Q,Italian Grand Prix,13,2026,21,,14,F ALONSO,ALO,Fernando Alonso,Aston Martin,229971,,0 days 00:01:25.150000,,,,,
2026_13_Q_Italian Grand Prix,Q,Italian Grand Prix,13,2026,22,,18,L STROLL,STR,Lance Stroll,Aston Martin,229971,,0 days 00:01:25.222000,,,,,
2026_13_R_Italian Grand Prix,R,Italian Grand Prix,13,2026,1,1,12,K ANTONELLI,ANT,Kimi Antonelli,Mercedes,00D7B6,19,,,,0 days 01:51:15.281000,Finished,25.0
2026_13_R_Italian Grand Prix,R,Italian Grand Prix,13,2026,2,2,63,G RUSSELL,RUS,George Russell,Mercedes,00D7B6,2,,,,0 days 00:00:03.857000,Finished,18.0
2026_13_R_Italian Grand Prix,R,Italian Grand Prix,13,2026,3,3,3,M VERSTAPPEN,VER,Max Verstappen,Red Bull Racing,4781D7,5,,,,0 days 00:00:14.718000,Finished,15.0
2026_13_R_Italian Grand Prix,R,Italian Grand Prix,13,2026,4,4,1,L NORRIS,NOR,Lando Norris,McLaren,F47600,8,,,,0 days 00:00:19.056000,Finished,12.0
2026_13_R_Italian Grand Prix,R,Italian Grand Prix,13,2026,5,5,81,O PIASTRI,PIA,Oscar Piastri,McLaren,F47600,6,,,,0 days 00:00:19.253000,Finished,10.0
2026_13_R_Italian Grand Prix,R,Italian Grand Prix,13,2026,6,6,44,L HAMILTON,HAM,Lewis Hamilton,Ferrari,ED1131,4,,,,0 days 00:00:24.655000,Finished,8.0
2026_13_R_Italian Grand Prix,R,Italian Grand Prix,13,2026,7,7,10,P GASLY,GAS,Pierre Gasly,Alpine,00A1E8,1,,,,0 days 00:00:27.351000,Finished,6.0
2026_13_R_Italian Grand Prix,R,Italian Grand Prix,13,2026,8,8,41,A LINDBLAD,LIN,Arvid Lindblad,Racing Bulls,6C98FF,9,,,,0 days 00:00:45.136000,Finished,4.0
2026_13_R_Italian Grand Prix,R,Italian Grand Prix,13,2026,9,9,43,F COLAPINTO,COL,Franco Colapinto,Alpine,00A1E8,7,,,,0 days 00:00:47.353000,Finished,2.0
2026_13_R_Italian Grand Prix,R,Italian Grand Prix,13,2026,10,10,22,Y TSUNODA,TSU,Yuki Tsunoda,Racing Bulls,6C98FF,15,,,,0 days 00:00:58.187000,Finished,1.0
2026_13_R_Italian Grand Prix,R,Italian Grand Prix,13,2026,11,11,5,G BORTOLETO,BOR,Gabriel Bortoleto,Audi,F50537,10,,,,0 days 00:01:05.187000,Finished,0.0
2026_13_R_Italian Grand Prix,R,Italian Grand Prix,13,2026,12,12,27,N HULKENBERG,HUL,Nico Hulkenberg,Audi,F50537,12,,,,0 days 00:01:06.187000,Finished,0.0
2026_13_R_Italian Grand Prix,R,Italian Grand Prix,13,2026,13,13,55,C SAINZ,SAI,Carlos Sainz,Williams,1868DB,13,,,,0 days 00:01:14.117000,Finished,0.0
2026_13_R_Italian Grand Prix,R,Italian Grand Prix,13,2026,14,14,30,L LAWSON,LAW,Liam Lawson,Red Bull Racing,4781D7,22,,,,0 days 00:01:15.609000,Finished,0.0
2026_13_R_Italian Grand Prix,R,Italian Grand Prix,13,2026,15,15,87,O BEARMAN,BEA,Oliver Bearman,Haas F1 Team,9C9FA2,11,,,,0 days 00:01:18.958000,Finished,0.0
2026_13_R_Italian Grand Prix,R,Italian Grand Prix,13,2026,16,16,31,E OCON,OCO,Esteban Ocon,Haas F1 Team,9C9FA2,14,,,,0 days 00:00:06.591000,Lapped,0.0
2026_13_R_Italian Grand Prix,R,Italian Grand Prix,13,2026,17,17,23,A ALBON,ALB,Alexander Albon,Williams,1868DB,20,,,,0 days 00:00:20.268000,Lapped,0.0
2026_13_R_Italian Grand Prix,R,Italian Grand Prix,13,2026,18,18,11,S PEREZ,PER,Sergio Perez,Cadillac,909090,17,,,,0 days 00:01:13.372000,Lapped,0.0
2026_13_R_Italian Grand Prix,R,Italian Grand Prix,13,2026,19,19,77,V BOTTAS,BOT,Valtteri Bottas,Cadillac,909090,16,,,,0 days 00:00:12.880000,Lapped,0.0
2026_13_R_Italian Grand Prix,R,Italian Grand Prix,13,2026,20,R,18,L STROLL,STR,Lance Stroll,Aston Martin,229971,18,,,,,Retired,0.0
2026_13_R_Italian Grand Prix,R,Italian Grand Prix,13,2026,21,R,14,F ALONSO,ALO,Fernando Alonso,Aston Martin,229971,21,,,,,Retired,0.0
2026_13_R_Italian Grand Prix,R,Italian Grand Prix,13,2026,22,R,16,C LECLERC,LEC,Charles Leclerc,Ferrari,ED1131,3,,,,,Retired,0.0
