season,round,event,session,driver,lap_number,compound,stint,segment_id,corner_id,segmentation_confidence,throttle_pickup_distance_m,throttle_pickup_time_s,full_throttle_exit_distance_m,traction_exit_score
2026,1,Australian Grand Prix,Q,ALB,16,SOFT,,australian-grand-prix_corner_02,australian-grand-prix_corner_02,0.55,357.905,4.961,470.649,0.8842
2026,1,Australian Grand Prix,Q,ALB,16,SOFT,,australian-grand-prix_corner_05,australian-grand-prix_corner_05,0.55,1089.856,16.841,1289.057,0.892
2026,1,Australian Grand Prix,Q,ALB,16,SOFT,,australian-grand-prix_corner_06,australian-grand-prix_corner_06,0.55,1320.146,22.361,1320.146,1.0
2026,1,Australian Grand Prix,Q,ALB,16,SOFT,,australian-grand-prix_corner_13,australian-grand-prix_corner_13,0.55,3145.893,46.161,3145.893,0.5452
2026,1,Australian Grand Prix,Q,ALB,16,SOFT,,australian-grand-prix_corner_16,australian-grand-prix_corner_16,0.55,3936.651,57.081,4186.584,0.5635
2026,1,Australian Grand Prix,Q,ALB,16,SOFT,,australian-grand-prix_corner_17,australian-grand-prix_corner_17,0.55,4207.807,62.721,4207.807,0.9228
2026,1,Australian Grand Prix,Q,ALB,16,SOFT,,australian-grand-prix_corner_18,australian-grand-prix_corner_18,0.55,4461.54,66.961,4461.54,0.496
2026,1,Australian Grand Prix,Q,ALB,16,SOFT,,australian-grand-prix_corner_19,australian-grand-prix_corner_19,0.55,4722.864,73.481,4805.198,1.0
2026,1,Australian Grand Prix,Q,ALO,9,SOFT,,australian-grand-prix_corner_02,australian-grand-prix_corner_02,0.55,363.52,5.184,417.417,0.9708
2026,1,Australian Grand Prix,Q,ALO,9,SOFT,,australian-grand-prix_corner_05,australian-grand-prix_corner_05,0.55,1099.554,17.384,1273.342,0.96
2026,1,Australian Grand Prix,Q,ALO,9,SOFT,,australian-grand-prix_corner_06,australian-grand-prix_corner_06,0.55,1316.253,22.503,1316.253,1.0
2026,1,Australian Grand Prix,Q,ALO,9,SOFT,,australian-grand-prix_corner_13,australian-grand-prix_corner_13,0.55,3149.023,47.143,3149.023,0.6117
2026,1,Australian Grand Prix,Q,ALO,9,SOFT,,australian-grand-prix_corner_16,australian-grand-prix_corner_16,0.55,3937.893,58.184,3937.893,0.6608
2026,1,Australian Grand Prix,Q,ALO,9,SOFT,,australian-grand-prix_corner_17,australian-grand-prix_corner_17,0.55,4207.666,63.864,4207.666,0.9911
2026,1,Australian Grand Prix,Q,ALO,9,SOFT,,australian-grand-prix_corner_18,australian-grand-prix_corner_18,0.55,4456.73,68.023,4456.73,0.4473
2026,1,Australian Grand Prix,Q,ALO,9,SOFT,,australian-grand-prix_corner_19,australian-grand-prix_corner_19,0.55,4727.611,74.823,4785.533,1.0
2026,1,Australian Grand Prix,Q,ANT,17,SOFT,,australian-grand-prix_corner_02,australian-grand-prix_corner_02,0.55,370.175,5.328,450.535,0.9917
2026,1,Australian Grand Prix,Q,ANT,17,SOFT,,australian-grand-prix_corner_05,australian-grand-prix_corner_05,0.55,1097.316,16.728,1265.252,1.0
2026,1,Australian Grand Prix,Q,ANT,17,SOFT,,australian-grand-prix_corner_06,australian-grand-prix_corner_06,0.55,1319.197,21.649,1319.197,1.0
2026,1,Australian Grand Prix,Q,ANT,17,SOFT,,australian-grand-prix_corner_13,australian-grand-prix_corner_13,0.55,3148.005,45.128,3148.005,0.5272
2026,1,Australian Grand Prix,Q,ANT,17,SOFT,,australian-grand-prix_corner_16,australian-grand-prix_corner_16,0.55,3940.133,55.689,3940.133,0.6233
2026,1,Australian Grand Prix,Q,ANT,17,SOFT,,australian-grand-prix_corner_17,australian-grand-prix_corner_17,0.55,4210.681,61.169,4210.681,0.928
2026,1,Australian Grand Prix,Q,ANT,17,SOFT,,australian-grand-prix_corner_18,australian-grand-prix_corner_18,0.55,4455.671,65.128,4455.671,0.4786
2026,1,Australian Grand Prix,Q,ANT,17,SOFT,,australian-grand-prix_corner_19,australian-grand-prix_corner_19,0.55,4718.381,71.328,4796.746,1.0
2026,1,Australian Grand Prix,Q,BEA,17,SOFT,,australian-grand-prix_corner_02,australian-grand-prix_corner_02,0.55,359.586,5.198,405.375,0.9409
2026,1,Australian Grand Prix,Q,BEA,17,SOFT,,australian-grand-prix_corner_05,australian-grand-prix_corner_05,0.55,1080.243,16.798,1264.854,0.976
2026,1,Australian Grand Prix,Q,BEA,17,SOFT,,australian-grand-prix_corner_06,australian-grand-prix_corner_06,0.55,1329.121,22.598,1329.121,1.0
2026,1,Australian Grand Prix,Q,BEA,17,SOFT,,australian-grand-prix_corner_13,australian-grand-prix_corner_13,0.55,3157.977,46.238,3157.977,0.5483
2026,1,Australian Grand Prix,Q,BEA,17,SOFT,,australian-grand-prix_corner_16,australian-grand-prix_corner_16,0.55,4093.376,59.758,4146.854,0.6454
2026,1,Australian Grand Prix,Q,BEA,17,SOFT,,australian-grand-prix_corner_17,australian-grand-prix_corner_17,0.55,4207.032,62.439,4207.032,1.0
2026,1,Australian Grand Prix,Q,BEA,17,SOFT,,australian-grand-prix_corner_18,australian-grand-prix_corner_18,0.55,4466.767,66.758,4466.767,0.4737
2026,1,Australian Grand Prix,Q,BEA,17,SOFT,,australian-grand-prix_corner_19,australian-grand-prix_corner_19,0.55,4719.887,73.078,4799.231,1.0
2026,1,Australian Grand Prix,Q,BOR,13,SOFT,,australian-grand-prix_corner_02,australian-grand-prix_corner_02,0.55,364.728,5.171,403.795,0.891
2026,1,Australian Grand Prix,Q,BOR,13,SOFT,,australian-grand-prix_corner_05,australian-grand-prix_corner_05,0.55,1094.073,16.851,1148.828,0.988
2026,1,Australian Grand Prix,Q,BOR,13,SOFT,,australian-grand-prix_corner_06,australian-grand-prix_corner_06,0.55,1324.283,22.251,1324.283,1.0
2026,1,Australian Grand Prix,Q,BOR,13,SOFT,,australian-grand-prix_corner_13,australian-grand-prix_corner_13,0.55,3147.882,45.851,3147.882,0.7055
2026,1,Australian Grand Prix,Q,BOR,13,SOFT,,australian-grand-prix_corner_16,australian-grand-prix_corner_16,0.55,3943.869,56.571,4158.889,0.6376
2026,1,Australian Grand Prix,Q,BOR,13,SOFT,,australian-grand-prix_corner_17,australian-grand-prix_corner_17,0.55,4206.334,62.052,4206.334,0.813
2026,1,Australian Grand Prix,Q,BOR,13,SOFT,,australian-grand-prix_corner_18,australian-grand-prix_corner_18,0.55,4464.401,66.291,4464.401,0.5123
2026,1,Australian Grand Prix,Q,BOR,13,SOFT,,australian-grand-prix_corner_19,australian-grand-prix_corner_19,0.55,4718.928,72.651,4826.124,1.0
2026,1,Australian Grand Prix,Q,BOT,7,SOFT,,australian-grand-prix_corner_02,australian-grand-prix_corner_02,0.55,350.779,5.081,390.734,0.9627
2026,1,Australian Grand Prix,Q,BOT,7,SOFT,,australian-grand-prix_corner_05,australian-grand-prix_corner_05,0.55,1086.893,17.161,1274.788,0.98
2026,1,Australian Grand Prix,Q,BOT,7,SOFT,,australian-grand-prix_corner_06,australian-grand-prix_corner_06,0.55,1330.481,23.161,1330.481,1.0
2026,1,Australian Grand Prix,Q,BOT,7,SOFT,,australian-grand-prix_corner_13,australian-grand-prix_corner_13,0.55,3158.195,47.722,3158.195,0.459
2026,1,Australian Grand Prix,Q,BOT,7,SOFT,,australian-grand-prix_corner_16,australian-grand-prix_corner_16,0.55,3933.194,58.921,3933.194,0.7212
2026,1,Australian Grand Prix,Q,BOT,7,SOFT,,australian-grand-prix_corner_17,australian-grand-prix_corner_17,0.55,4205.163,65.121,4205.163,1.0
2026,1,Australian Grand Prix,Q,BOT,7,SOFT,,australian-grand-prix_corner_18,australian-grand-prix_corner_18,0.55,4470.211,69.682,,0.3783
2026,1,Australian Grand Prix,Q,BOT,7,SOFT,,australian-grand-prix_corner_19,australian-grand-prix_corner_19,0.55,4724.459,76.561,4771.259,1.0
2026,1,Australian Grand Prix,Q,COL,9,SOFT,,australian-grand-prix_corner_02,australian-grand-prix_corner_02,0.55,355.942,5.088,407.675,0.9975
2026,1,Australian Grand Prix,Q,COL,9,SOFT,,australian-grand-prix_corner_05,australian-grand-prix_corner_05,0.55,1093.628,17.168,1263.089,0.9975
2026,1,Australian Grand Prix,Q,COL,9,SOFT,,australian-grand-prix_corner_06,australian-grand-prix_corner_06,0.55,1324.632,22.648,1324.632,1.0
2026,1,Australian Grand Prix,Q,COL,9,SOFT,,australian-grand-prix_corner_13,australian-grand-prix_corner_13,0.55,3148.76,46.449,3148.76,0.2729
2026,1,Australian Grand Prix,Q,COL,9,SOFT,,australian-grand-prix_corner_16,australian-grand-prix_corner_16,0.55,3937.43,57.288,3937.43,0.5837
2026,1,Australian Grand Prix,Q,COL,9,SOFT,,australian-grand-prix_corner_17,australian-grand-prix_corner_17,0.55,4192.824,62.648,4192.824,0.9407
2026,1,Australian Grand Prix,Q,COL,9,SOFT,,australian-grand-prix_corner_18,australian-grand-prix_corner_18,0.55,4468.934,67.169,4468.934,0.5381
2026,1,Australian Grand Prix,Q,COL,9,SOFT,,australian-grand-prix_corner_19,australian-grand-prix_corner_19,0.55,4720.051,73.409,4805.629,1.0
2026,1,Australian Grand Prix,Q,GAS,13,SOFT,,australian-grand-prix_corner_02,australian-grand-prix_corner_02,0.55,376.696,5.33,411.462,0.9958
2026,1,Australian Grand Prix,Q,GAS,13,SOFT,,australian-grand-prix_corner_05,australian-grand-prix_corner_05,0.55,1095.708,16.89,1279.177,0.86
2026,1,Australian Grand Prix,Q,GAS,13,SOFT,,australian-grand-prix_corner_06,australian-grand-prix_corner_06,0.55,1315.599,22.21,1315.599,1.0
2026,1,Australian Grand Prix,Q,GAS,13,SOFT,,australian-grand-prix_corner_13,australian-grand-prix_corner_13,0.55,3151.658,45.971,3151.658,0.1945
2026,1,Australian Grand Prix,Q,GAS,13,SOFT,,australian-grand-prix_corner_16,australian-grand-prix_corner_16,0.55,3938.765,56.73,3938.765,0.5973
2026,1,Australian Grand Prix,Q,GAS,13,SOFT,,australian-grand-prix_corner_17,australian-grand-prix_corner_17,0.55,4194.255,62.13,4194.255,0.9362
2026,1,Australian Grand Prix,Q,GAS,13,SOFT,,australian-grand-prix_corner_18,australian-grand-prix_corner_18,0.55,4463.138,66.531,4463.138,0.4118
2026,1,Australian Grand Prix,Q,GAS,13,SOFT,,australian-grand-prix_corner_19,australian-grand-prix_corner_19,0.55,4721.743,72.891,4800.633,1.0
2026,1,Australian Grand Prix,Q,HAD,18,SOFT,,australian-grand-prix_corner_02,australian-grand-prix_corner_02,0.55,359.362,4.896,411.34,0.8237
2026,1,Australian Grand Prix,Q,HAD,18,SOFT,,australian-grand-prix_corner_05,australian-grand-prix_corner_05,0.55,1092.226,16.617,1165.925,0.98
2026,1,Australian Grand Prix,Q,HAD,18,SOFT,,australian-grand-prix_corner_06,australian-grand-prix_corner_06,0.55,1316.119,21.577,1316.119,1.0
2026,1,Australian Grand Prix,Q,HAD,18,SOFT,,australian-grand-prix_corner_13,australian-grand-prix_corner_13,0.55,3155.328,45.456,3155.328,0.5839
2026,1,Australian Grand Prix,Q,HAD,18,SOFT,,australian-grand-prix_corner_16,australian-grand-prix_corner_16,0.55,3932.108,55.977,3932.108,0.5589
2026,1,Australian Grand Prix,Q,HAD,18,SOFT,,australian-grand-prix_corner_17,australian-grand-prix_corner_17,0.55,4196.083,61.377,4196.083,0.97
2026,1,Australian Grand Prix,Q,HAD,18,SOFT,,australian-grand-prix_corner_18,australian-grand-prix_corner_18,0.55,4458.096,65.696,4458.096,0.4875
2026,1,Australian Grand Prix,Q,HAD,18,SOFT,,australian-grand-prix_corner_19,australian-grand-prix_corner_19,0.55,4717.546,71.977,4805.699,1.0
2026,1,Australian Grand Prix,Q,HAM,24,SOFT,,australian-grand-prix_corner_02,australian-grand-prix_corner_02,0.55,360.13,5.0,444.508,0.9675
2026,1,Australian Grand Prix,Q,HAM,24,SOFT,,australian-grand-prix_corner_05,australian-grand-prix_corner_05,0.55,1091.448,16.679,1154.203,0.896
2026,1,Australian Grand Prix,Q,HAM,24,SOFT,,australian-grand-prix_corner_06,australian-grand-prix_corner_06,0.55,1328.921,21.959,1328.921,1.0
2026,1,Australian Grand Prix,Q,HAM,24,SOFT,,australian-grand-prix_corner_13,australian-grand-prix_corner_13,0.55,3160.857,45.52,3160.857,0.61
2026,1,Australian Grand Prix,Q,HAM,24,SOFT,,australian-grand-prix_corner_16,australian-grand-prix_corner_16,0.55,4112.399,59.32,4162.31,0.6219
2026,1,Australian Grand Prix,Q,HAM,24,SOFT,,australian-grand-prix_corner_17,australian-grand-prix_corner_17,0.55,4199.754,61.36,4199.754,1.0
2026,1,Australian Grand Prix,Q,HAM,24,SOFT,,australian-grand-prix_corner_18,australian-grand-prix_corner_18,0.55,4474.236,65.92,4474.236,0.5539
2026,1,Australian Grand Prix,Q,HAM,24,SOFT,,australian-grand-prix_corner_19,australian-grand-prix_corner_19,0.55,4718.381,71.88,4816.481,1.0
2026,1,Australian Grand Prix,Q,HUL,15,SOFT,,australian-grand-prix_corner_02,australian-grand-prix_corner_02,0.55,347.398,4.88,424.477,0.9365
2026,1,Australian Grand Prix,Q,HUL,15,SOFT,,australian-grand-prix_corner_05,australian-grand-prix_corner_05,0.55,1092.384,17.12,1254.076,1.0
2026,1,Australian Grand Prix,Q,HUL,15,SOFT,,australian-grand-prix_corner_06,australian-grand-prix_corner_06,0.55,1314.76,22.32,1314.76,1.0
2026,1,Australian Grand Prix,Q,HUL,15,SOFT,,australian-grand-prix_corner_13,australian-grand-prix_corner_13,0.55,3149.244,46.081,3149.244,0.5005
2026,1,Australian Grand Prix,Q,HUL,15,SOFT,,australian-grand-prix_corner_16,australian-grand-prix_corner_16,0.55,3932.959,56.68,3932.959,0.6224
2026,1,Australian Grand Prix,Q,HUL,15,SOFT,,australian-grand-prix_corner_17,australian-grand-prix_corner_17,0.55,4199.301,62.08,4199.301,0.9867
2026,1,Australian Grand Prix,Q,HUL,15,SOFT,,australian-grand-prix_corner_18,australian-grand-prix_corner_18,0.55,4472.316,66.641,4472.316,0.5581
2026,1,Australian Grand Prix,Q,HUL,15,SOFT,,australian-grand-prix_corner_19,australian-grand-prix_corner_19,0.55,4720.77,72.841,4779.97,1.0
2026,1,Australian Grand Prix,Q,LAW,23,SOFT,,australian-grand-prix_corner_02,australian-grand-prix_corner_02,0.55,355.707,4.944,403.218,0.9609
2026,1,Australian Grand Prix,Q,LAW,23,SOFT,,australian-grand-prix_corner_05,australian-grand-prix_corner_05,0.55,1092.849,16.545,1259.782,1.0
2026,1,Australian Grand Prix,Q,LAW,23,SOFT,,australian-grand-prix_corner_06,australian-grand-prix_corner_06,0.55,1323.171,22.065,1323.171,1.0
2026,1,Australian Grand Prix,Q,LAW,23,SOFT,,australian-grand-prix_corner_13,australian-grand-prix_corner_13,0.55,3147.054,45.704,3147.054,0.647
2026,1,Australian Grand Prix,Q,LAW,23,SOFT,,australian-grand-prix_corner_16,australian-grand-prix_corner_16,0.55,3941.658,56.545,3941.658,0.636
2026,1,Australian Grand Prix,Q,LAW,23,SOFT,,australian-grand-prix_corner_17,australian-grand-prix_corner_17,0.55,4197.755,61.905,4197.755,0.9489
2026,1,Australian Grand Prix,Q,LAW,23,SOFT,,australian-grand-prix_corner_18,australian-grand-prix_corner_18,0.55,4463.2,66.265,4463.2,0.3896
2026,1,Australian Grand Prix,Q,LAW,23,SOFT,,australian-grand-prix_corner_19,australian-grand-prix_corner_19,0.55,4724.868,72.825,4809.457,1.0
2026,1,Australian Grand Prix,Q,LEC,23,SOFT,,australian-grand-prix_corner_02,australian-grand-prix_corner_02,0.55,363.697,5.108,393.297,0.8759
2026,1,Australian Grand Prix,Q,LEC,23,SOFT,,australian-grand-prix_corner_05,australian-grand-prix_corner_05,0.55,1083.766,16.389,1259.254,0.9975
2026,1,Australian Grand Prix,Q,LEC,23,SOFT,,australian-grand-prix_corner_06,australian-grand-prix_corner_06,0.55,1322.088,21.829,1322.088,1.0
2026,1,Australian Grand Prix,Q,LEC,23,SOFT,,australian-grand-prix_corner_13,australian-grand-prix_corner_13,0.55,3148.846,45.388,3148.846,0.5914
2026,1,Australian Grand Prix,Q,LEC,23,SOFT,,australian-grand-prix_corner_16,australian-grand-prix_corner_16,0.55,4099.642,59.028,4157.454,0.6715
2026,1,Australian Grand Prix,Q,LEC,23,SOFT,,australian-grand-prix_corner_17,australian-grand-prix_corner_17,0.55,4209.876,61.549,4209.876,1.0
2026,1,Australian Grand Prix,Q,LEC,23,SOFT,,australian-grand-prix_corner_18,australian-grand-prix_corner_18,0.55,4473.437,65.868,4473.437,0.5342
2026,1,Australian Grand Prix,Q,LEC,23,SOFT,,australian-grand-prix_corner_19,australian-grand-prix_corner_19,0.55,4718.236,71.788,4801.018,1.0
2026,1,Australian Grand Prix,Q,LIN,14,SOFT,,australian-grand-prix_corner_02,australian-grand-prix_corner_02,0.55,371.762,5.336,404.595,0.9208
2026,1,Australian Grand Prix,Q,LIN,14,SOFT,,australian-grand-prix_corner_05,australian-grand-prix_corner_05,0.55,1081.698,16.737,1240.156,1.0
2026,1,Australian Grand Prix,Q,LIN,14,SOFT,,australian-grand-prix_corner_06,australian-grand-prix_corner_06,0.55,1323.844,22.336,1323.844,1.0
2026,1,Australian Grand Prix,Q,LIN,14,SOFT,,australian-grand-prix_corner_13,australian-grand-prix_corner_13,0.55,3160.048,46.016,3160.048,0.8299
2026,1,Australian Grand Prix,Q,LIN,14,SOFT,,australian-grand-prix_corner_16,australian-grand-prix_corner_16,0.55,3942.144,56.617,3942.144,0.6879
2026,1,Australian Grand Prix,Q,LIN,14,SOFT,,australian-grand-prix_corner_17,australian-grand-prix_corner_17,0.55,4193.496,61.896,4193.496,0.9528
2026,1,Australian Grand Prix,Q,LIN,14,SOFT,,australian-grand-prix_corner_18,australian-grand-prix_corner_18,0.55,4465.466,66.336,4465.466,0.4118
2026,1,Australian Grand Prix,Q,LIN,14,SOFT,,australian-grand-prix_corner_19,australian-grand-prix_corner_19,0.55,4718.777,72.736,4776.166,1.0
2026,1,Australian Grand Prix,Q,NOR,25,SOFT,,australian-grand-prix_corner_02,australian-grand-prix_corner_02,0.55,362.926,4.913,406.282,0.7035
2026,1,Australian Grand Prix,Q,NOR,25,SOFT,,australian-grand-prix_corner_05,australian-grand-prix_corner_05,0.55,1097.046,16.672,1267.28,0.946
2026,1,Australian Grand Prix,Q,NOR,25,SOFT,,australian-grand-prix_corner_06,australian-grand-prix_corner_06,0.55,1317.858,21.753,1317.858,1.0
2026,1,Australian Grand Prix,Q,NOR,25,SOFT,,australian-grand-prix_corner_13,australian-grand-prix_corner_13,0.55,3159.829,45.593,3159.829,0.3776
2026,1,Australian Grand Prix,Q,NOR,25,SOFT,,australian-grand-prix_corner_16,australian-grand-prix_corner_16,0.55,3940.81,56.192,3940.81,0.6431
2026,1,Australian Grand Prix,Q,NOR,25,SOFT,,australian-grand-prix_corner_17,australian-grand-prix_corner_17,0.55,4229.353,62.073,4229.353,1.0
2026,1,Australian Grand Prix,Q,NOR,25,SOFT,,australian-grand-prix_corner_18,australian-grand-prix_corner_18,0.55,4462.991,65.913,4462.991,0.3562
2026,1,Australian Grand Prix,Q,NOR,25,SOFT,,australian-grand-prix_corner_19,australian-grand-prix_corner_19,0.55,4719.217,72.153,4775.128,1.0
2026,1,Australian Grand Prix,Q,OCO,13,SOFT,,australian-grand-prix_corner_02,australian-grand-prix_corner_02,0.55,353.935,5.137,405.679,1.0
2026,1,Australian Grand Prix,Q,OCO,13,SOFT,,australian-grand-prix_corner_05,australian-grand-prix_corner_05,0.55,1087.405,16.777,1284.349,0.916
2026,1,Australian Grand Prix,Q,OCO,13,SOFT,,australian-grand-prix_corner_06,australian-grand-prix_corner_06,0.55,1321.071,22.417,1321.071,1.0
2026,1,Australian Grand Prix,Q,OCO,13,SOFT,,australian-grand-prix_corner_13,australian-grand-prix_corner_13,0.55,3147.701,46.097,3147.701,0.4648
2026,1,Australian Grand Prix,Q,OCO,13,SOFT,,australian-grand-prix_corner_16,australian-grand-prix_corner_16,0.55,4099.117,59.898,4140.272,0.638
2026,1,Australian Grand Prix,Q,OCO,13,SOFT,,australian-grand-prix_corner_17,australian-grand-prix_corner_17,0.55,4197.428,62.257,4197.428,1.0
2026,1,Australian Grand Prix,Q,OCO,13,SOFT,,australian-grand-prix_corner_18,australian-grand-prix_corner_18,0.55,4464.589,66.738,4464.589,0.5096
2026,1,Australian Grand Prix,Q,OCO,13,SOFT,,australian-grand-prix_corner_19,australian-grand-prix_corner_19,0.55,4723.128,73.098,4837.458,1.0
2026,1,Australian Grand Prix,Q,PER,6,SOFT,,australian-grand-prix_corner_02,australian-grand-prix_corner_02,0.55,365.929,5.375,489.484,1.0
2026,1,Australian Grand Prix,Q,PER,6,SOFT,,australian-grand-prix_corner_05,australian-grand-prix_corner_05,0.55,1080.851,17.615,1132.096,0.852
2026,1,Australian Grand Prix,Q,PER,6,SOFT,,australian-grand-prix_corner_06,australian-grand-prix_corner_06,0.55,1344.234,23.615,1344.234,1.0
2026,1,Australian Grand Prix,Q,PER,6,SOFT,,australian-grand-prix_corner_13,australian-grand-prix_corner_13,0.55,3150.444,47.295,3150.444,0.5315
2026,1,Australian Grand Prix,Q,PER,6,SOFT,,australian-grand-prix_corner_16,australian-grand-prix_corner_16,0.55,3947.117,58.615,3947.117,0.663
2026,1,Australian Grand Prix,Q,PER,6,SOFT,,australian-grand-prix_corner_17,australian-grand-prix_corner_17,0.55,4194.407,64.255,4194.407,1.0
2026,1,Australian Grand Prix,Q,PER,6,SOFT,,australian-grand-prix_corner_18,australian-grand-prix_corner_18,0.55,4469.107,68.976,4469.107,0.4373
2026,1,Australian Grand Prix,Q,PER,6,SOFT,,australian-grand-prix_corner_19,australian-grand-prix_corner_19,0.55,4721.983,75.736,4774.883,1.0
2026,1,Australian Grand Prix,Q,PIA,25,SOFT,,australian-grand-prix_corner_02,australian-grand-prix_corner_02,0.55,348.998,4.803,402.298,0.9681
2026,1,Australian Grand Prix,Q,PIA,25,SOFT,,australian-grand-prix_corner_05,australian-grand-prix_corner_05,0.55,1085.711,16.483,1268.335,0.95
2026,1,Australian Grand Prix,Q,PIA,25,SOFT,,australian-grand-prix_corner_06,australian-grand-prix_corner_06,0.55,1327.868,22.002,1327.868,0.99
2026,1,Australian Grand Prix,Q,PIA,25,SOFT,,australian-grand-prix_corner_13,australian-grand-prix_corner_13,0.55,3167.021,45.883,3167.021,0.7853
2026,1,Australian Grand Prix,Q,PIA,25,SOFT,,australian-grand-prix_corner_16,australian-grand-prix_corner_16,0.55,3941.595,56.203,3941.595,0.6148
2026,1,Australian Grand Prix,Q,PIA,25,SOFT,,australian-grand-prix_corner_17,australian-grand-prix_corner_17,0.55,4196.199,61.562,4196.199,0.99
2026,1,Australian Grand Prix,Q,PIA,25,SOFT,,australian-grand-prix_corner_18,australian-grand-prix_corner_18,0.55,4460.443,65.843,4460.443,0.4473
2026,1,Australian Grand Prix,Q,PIA,25,SOFT,,australian-grand-prix_corner_19,australian-grand-prix_corner_19,0.55,4729.339,72.403,4794.149,0.99
2026,1,Australian Grand Prix,Q,RUS,21,SOFT,,australian-grand-prix_corner_02,australian-grand-prix_corner_02,0.55,364.605,5.085,418.494,0.87
2026,1,Australian Grand Prix,Q,RUS,21,SOFT,,australian-grand-prix_corner_05,australian-grand-prix_corner_05,0.55,1094.547,16.606,1275.199,0.935
2026,1,Australian Grand Prix,Q,RUS,21,SOFT,,australian-grand-prix_corner_06,australian-grand-prix_corner_06,0.55,1314.354,21.486,1314.354,1.0
2026,1,Australian Grand Prix,Q,RUS,21,SOFT,,australian-grand-prix_corner_13,australian-grand-prix_corner_13,0.55,3157.322,45.005,3157.322,0.6714
2026,1,Australian Grand Prix,Q,RUS,21,SOFT,,australian-grand-prix_corner_16,australian-grand-prix_corner_16,0.55,3947.271,55.406,3947.271,0.5932
2026,1,Australian Grand Prix,Q,RUS,21,SOFT,,australian-grand-prix_corner_17,australian-grand-prix_corner_17,0.55,4198.125,60.646,4198.125,0.7746
2026,1,Australian Grand Prix,Q,RUS,21,SOFT,,australian-grand-prix_corner_18,australian-grand-prix_corner_18,0.55,4458.072,64.805,4458.072,0.4898
2026,1,Australian Grand Prix,Q,RUS,21,SOFT,,australian-grand-prix_corner_19,australian-grand-prix_corner_19,0.55,4720.294,71.286,4783.389,1.0
2026,1,Australian Grand Prix,R,ALB,36,SOFT,,australian-grand-prix_corner_02,australian-grand-prix_corner_02,0.55,361.9,5.24,468.5,0.9274
2026,1,Australian Grand Prix,R,ALB,36,SOFT,,australian-grand-prix_corner_05,australian-grand-prix_corner_05,0.55,1099.823,17.6,,0.788
2026,1,Australian Grand Prix,R,ALB,36,SOFT,,australian-grand-prix_corner_06,australian-grand-prix_corner_06,0.55,1332.639,23.319,1332.639,1.0
2026,1,Australian Grand Prix,R,ALB,36,SOFT,,australian-grand-prix_corner_13,australian-grand-prix_corner_13,0.55,3298.001,49.96,,0.5226
2026,1,Australian Grand Prix,R,ALB,36,SOFT,,australian-grand-prix_corner_16,australian-grand-prix_corner_16,0.55,4118.714,62.92,4177.169,0.6408
2026,1,Australian Grand Prix,R,ALB,36,SOFT,,australian-grand-prix_corner_17,australian-grand-prix_corner_17,0.55,4217.292,65.2,4217.292,0.9153
2026,1,Australian Grand Prix,R,ALB,36,SOFT,,australian-grand-prix_corner_18,australian-grand-prix_corner_18,0.55,4487.535,70.2,,0.4002
2026,1,Australian Grand Prix,R,ALB,36,SOFT,,australian-grand-prix_corner_19,australian-grand-prix_corner_19,0.55,4755.256,77.52,4845.234,1.0
2026,1,Australian Grand Prix,R,ALO,15,SOFT,,australian-grand-prix_corner_02,australian-grand-prix_corner_02,0.55,328.881,4.571,328.881,0.918
2026,1,Australian Grand Prix,R,ALO,15,SOFT,,australian-grand-prix_corner_05,australian-grand-prix_corner_05,0.55,1100.458,18.091,1275.739,0.988
2026,1,Australian Grand Prix,R,ALO,15,SOFT,,australian-grand-prix_corner_06,australian-grand-prix_corner_06,0.55,1322.761,23.531,1322.761,1.0
2026,1,Australian Grand Prix,R,ALO,15,SOFT,,australian-grand-prix_corner_13,australian-grand-prix_corner_13,0.55,3175.364,49.011,,0.297
2026,1,Australian Grand Prix,R,ALO,15,SOFT,,australian-grand-prix_corner_16,australian-grand-prix_corner_16,0.55,3962.826,60.772,3962.826,0.6868
2026,1,Australian Grand Prix,R,ALO,15,SOFT,,australian-grand-prix_corner_17,australian-grand-prix_corner_17,0.55,4219.418,66.732,4219.418,1.0
2026,1,Australian Grand Prix,R,ALO,15,SOFT,,australian-grand-prix_corner_18,australian-grand-prix_corner_18,0.55,4484.988,71.611,4484.988,0.3815
2026,1,Australian Grand Prix,R,ALO,15,SOFT,,australian-grand-prix_corner_19,australian-grand-prix_corner_19,0.55,4744.902,78.691,4803.051,1.0
2026,1,Australian Grand Prix,R,ANT,57,HARD,,australian-grand-prix_corner_02,australian-grand-prix_corner_02,0.55,386.528,5.399,422.183,0.7921
2026,1,Australian Grand Prix,R,ANT,57,HARD,,australian-grand-prix_corner_05,australian-grand-prix_corner_05,0.55,1114.765,17.559,1283.441,0.922
2026,1,Australian Grand Prix,R,ANT,57,HARD,,australian-grand-prix_corner_06,australian-grand-prix_corner_06,0.55,1327.463,22.839,1327.463,1.0
2026,1,Australian Grand Prix,R,ANT,57,HARD,,australian-grand-prix_corner_13,australian-grand-prix_corner_13,0.55,3280.682,48.44,,0.4162
2026,1,Australian Grand Prix,R,ANT,57,HARD,,australian-grand-prix_corner_16,australian-grand-prix_corner_16,0.55,3955.292,57.639,3955.292,0.6265
2026,1,Australian Grand Prix,R,ANT,57,HARD,,australian-grand-prix_corner_17,australian-grand-prix_corner_17,0.55,4234.116,63.839,4234.116,0.9729
2026,1,Australian Grand Prix,R,ANT,57,HARD,,australian-grand-prix_corner_18,australian-grand-prix_corner_18,0.55,4481.615,68.12,4481.615,0.3668
2026,1,Australian Grand Prix,R,ANT,57,HARD,,australian-grand-prix_corner_19,australian-grand-prix_corner_19,0.55,4747.753,75.2,4815.123,1.0
2026,1,Australian Grand Prix,R,BEA,22,HARD,,australian-grand-prix_corner_02,australian-grand-prix_corner_02,0.55,369.585,5.303,460.518,0.8244
2026,1,Australian Grand Prix,R,BEA,22,HARD,,australian-grand-prix_corner_05,australian-grand-prix_corner_05,0.55,1090.607,17.863,,0.7425
2026,1,Australian Grand Prix,R,BEA,22,HARD,,australian-grand-prix_corner_06,australian-grand-prix_corner_06,0.55,1321.774,23.423,1321.774,1.0
2026,1,Australian Grand Prix,R,BEA,22,HARD,,australian-grand-prix_corner_13,australian-grand-prix_corner_13,0.55,3279.022,49.462,3411.637,0.578
2026,1,Australian Grand Prix,R,BEA,22,HARD,,australian-grand-prix_corner_16,australian-grand-prix_corner_16,0.55,4100.416,62.183,4154.049,0.4843
2026,1,Australian Grand Prix,R,BEA,22,HARD,,australian-grand-prix_corner_17,australian-grand-prix_corner_17,0.55,4218.405,65.063,4218.405,1.0
2026,1,Australian Grand Prix,R,BEA,22,HARD,,australian-grand-prix_corner_18,australian-grand-prix_corner_18,0.55,4494.929,70.023,4494.929,0.3939
2026,1,Australian Grand Prix,R,BEA,22,HARD,,australian-grand-prix_corner_19,australian-grand-prix_corner_19,0.55,4763.831,77.623,4806.409,1.0
2026,1,Australian Grand Prix,R,BOR,45,HARD,,australian-grand-prix_corner_02,australian-grand-prix_corner_02,0.55,367.682,5.215,427.478,0.8116
2026,1,Australian Grand Prix,R,BOR,45,HARD,,australian-grand-prix_corner_05,australian-grand-prix_corner_05,0.55,1088.876,17.334,1280.492,0.966
2026,1,Australian Grand Prix,R,BOR,45,HARD,,australian-grand-prix_corner_06,australian-grand-prix_corner_06,0.55,1319.626,23.134,1319.626,1.0
2026,1,Australian Grand Prix,R,BOR,45,HARD,,australian-grand-prix_corner_13,australian-grand-prix_corner_13,0.55,3183.659,47.814,3183.659,0.6759
2026,1,Australian Grand Prix,R,BOR,45,HARD,,australian-grand-prix_corner_16,australian-grand-prix_corner_16,0.55,3969.544,58.695,3969.544,0.6439
2026,1,Australian Grand Prix,R,BOR,45,HARD,,australian-grand-prix_corner_17,australian-grand-prix_corner_17,0.55,4222.898,64.495,4222.898,1.0
2026,1,Australian Grand Prix,R,BOR,45,HARD,,australian-grand-prix_corner_18,australian-grand-prix_corner_18,0.55,4493.342,69.294,4493.342,0.4577
2026,1,Australian Grand Prix,R,BOR,45,HARD,,australian-grand-prix_corner_19,australian-grand-prix_corner_19,0.55,4747.506,76.134,4821.176,1.0
2026,1,Australian Grand Prix,R,BOT,8,HARD,,australian-grand-prix_corner_02,australian-grand-prix_corner_02,0.55,379.257,5.775,474.675,0.8788
2026,1,Australian Grand Prix,R,BOT,8,HARD,,australian-grand-prix_corner_05,australian-grand-prix_corner_05,0.55,1066.415,17.135,1066.415,0.85
2026,1,Australian Grand Prix,R,BOT,8,HARD,,australian-grand-prix_corner_06,australian-grand-prix_corner_06,0.55,1321.383,24.335,1321.383,1.0
2026,1,Australian Grand Prix,R,BOT,8,HARD,,australian-grand-prix_corner_13,australian-grand-prix_corner_13,0.55,3292.363,51.655,,0.3314
2026,1,Australian Grand Prix,R,BOT,8,HARD,,australian-grand-prix_corner_16,australian-grand-prix_corner_16,0.55,3953.599,61.654,3953.599,0.7203
2026,1,Australian Grand Prix,R,BOT,8,HARD,,australian-grand-prix_corner_17,australian-grand-prix_corner_17,0.55,4221.369,68.134,4221.369,0.743
2026,1,Australian Grand Prix,R,BOT,8,HARD,,australian-grand-prix_corner_18,australian-grand-prix_corner_18,0.55,4596.255,76.535,,0.2917
2026,1,Australian Grand Prix,R,BOT,8,HARD,,australian-grand-prix_corner_19,australian-grand-prix_corner_19,0.55,4748.488,80.775,4787.054,1.0
2026,1,Australian Grand Prix,R,COL,48,SOFT,,australian-grand-prix_corner_02,australian-grand-prix_corner_02,0.55,376.416,5.466,496.518,0.9417
2026,1,Australian Grand Prix,R,COL,48,SOFT,,australian-grand-prix_corner_05,australian-grand-prix_corner_05,0.55,1098.027,17.466,1289.562,0.9325
2026,1,Australian Grand Prix,R,COL,48,SOFT,,australian-grand-prix_corner_06,australian-grand-prix_corner_06,0.55,1317.418,22.985,1317.418,1.0
2026,1,Australian Grand Prix,R,COL,48,SOFT,,australian-grand-prix_corner_13,australian-grand-prix_corner_13,0.55,3289.183,48.745,3418.688,0.6907
2026,1,Australian Grand Prix,R,COL,48,SOFT,,australian-grand-prix_corner_16,australian-grand-prix_corner_16,0.55,4105.474,61.305,4158.252,0.6741
2026,1,Australian Grand Prix,R,COL,48,SOFT,,australian-grand-prix_corner_17,australian-grand-prix_corner_17,0.55,4219.497,63.986,4219.497,0.9631
2026,1,Australian Grand Prix,R,COL,48,SOFT,,australian-grand-prix_corner_18,australian-grand-prix_corner_18,0.55,4619.905,72.226,,0.3594
2026,1,Australian Grand Prix,R,COL,48,SOFT,,australian-grand-prix_corner_19,australian-grand-prix_corner_19,0.55,4756.586,75.865,4817.131,1.0
2026,1,Australian Grand Prix,R,GAS,56,HARD,,australian-grand-prix_corner_02,australian-grand-prix_corner_02,0.55,373.77,5.52,404.304,0.8916
2026,1,Australian Grand Prix,R,GAS,56,HARD,,australian-grand-prix_corner_05,australian-grand-prix_corner_05,0.55,1093.925,17.799,1271.434,0.956
2026,1,Australian Grand Prix,R,GAS,56,HARD,,australian-grand-prix_corner_06,australian-grand-prix_corner_06,0.55,1318.245,23.639,1318.245,1.0
2026,1,Australian Grand Prix,R,GAS,56,HARD,,australian-grand-prix_corner_13,australian-grand-prix_corner_13,0.55,3184.973,48.359,3184.973,0.3175
2026,1,Australian Grand Prix,R,GAS,56,HARD,,australian-grand-prix_corner_16,australian-grand-prix_corner_16,0.55,3966.517,58.76,3966.517,0.3123
2026,1,Australian Grand Prix,R,GAS,56,HARD,,australian-grand-prix_corner_17,australian-grand-prix_corner_17,0.55,4223.908,64.36,4223.908,0.7253
2026,1,Australian Grand Prix,R,GAS,56,HARD,,australian-grand-prix_corner_18,australian-grand-prix_corner_18,0.55,4487.746,69.279,4487.746,0.4863
2026,1,Australian Grand Prix,R,GAS,56,HARD,,australian-grand-prix_corner_19,australian-grand-prix_corner_19,0.55,4786.088,77.119,4873.473,1.0
2026,1,Australian Grand Prix,R,HAD,9,MEDIUM,,australian-grand-prix_corner_02,australian-grand-prix_corner_02,0.55,372.928,5.368,470.471,0.8195
2026,1,Australian Grand Prix,R,HAD,9,MEDIUM,,australian-grand-prix_corner_05,australian-grand-prix_corner_05,0.55,1095.685,17.808,1295.729,0.885
2026,1,Australian Grand Prix,R,HAD,9,MEDIUM,,australian-grand-prix_corner_06,australian-grand-prix_corner_06,0.55,1318.451,23.529,1318.451,1.0
2026,1,Australian Grand Prix,R,HAD,9,MEDIUM,,australian-grand-prix_corner_13,australian-grand-prix_corner_13,0.55,3289.997,51.288,,0.6625
2026,1,Australian Grand Prix,R,HAD,9,MEDIUM,,australian-grand-prix_corner_16,australian-grand-prix_corner_16,0.55,3960.013,60.649,4172.902,0.6315
2026,1,Australian Grand Prix,R,HAD,9,MEDIUM,,australian-grand-prix_corner_17,australian-grand-prix_corner_17,0.55,4222.813,66.729,4222.813,0.9325
2026,1,Australian Grand Prix,R,HAD,9,MEDIUM,,australian-grand-prix_corner_18,australian-grand-prix_corner_18,0.55,4606.202,74.769,,0.2503
2026,1,Australian Grand Prix,R,HAD,9,MEDIUM,,australian-grand-prix_corner_19,australian-grand-prix_corner_19,0.55,4746.548,78.529,4818.781,1.0
2026,1,Australian Grand Prix,R,HAM,55,HARD,,australian-grand-prix_corner_02,australian-grand-prix_corner_02,0.55,384.861,5.275,476.849,0.7695
2026,1,Australian Grand Prix,R,HAM,55,HARD,,australian-grand-prix_corner_05,australian-grand-prix_corner_05,0.55,1104.677,17.235,,0.744
2026,1,Australian Grand Prix,R,HAM,55,HARD,,australian-grand-prix_corner_06,australian-grand-prix_corner_06,0.55,1326.52,22.915,1339.72,1.0
2026,1,Australian Grand Prix,R,HAM,55,HARD,,australian-grand-prix_corner_13,australian-grand-prix_corner_13,0.55,3185.914,47.395,3185.914,0.6736
2026,1,Australian Grand Prix,R,HAM,55,HARD,,australian-grand-prix_corner_16,australian-grand-prix_corner_16,0.55,4099.736,61.035,4175.692,0.6628
2026,1,Australian Grand Prix,R,HAM,55,HARD,,australian-grand-prix_corner_17,australian-grand-prix_corner_17,0.55,4228.236,64.115,4228.236,1.0
2026,1,Australian Grand Prix,R,HAM,55,HARD,,australian-grand-prix_corner_18,australian-grand-prix_corner_18,0.55,4486.291,68.595,4486.291,0.2419
2026,1,Australian Grand Prix,R,HAM,55,HARD,,australian-grand-prix_corner_19,australian-grand-prix_corner_19,0.55,4745.042,75.595,4825.931,0.99
2026,1,Australian Grand Prix,R,LAW,47,SOFT,,australian-grand-prix_corner_02,australian-grand-prix_corner_02,0.55,366.346,5.244,419.369,0.9829
2026,1,Australian Grand Prix,R,LAW,47,SOFT,,australian-grand-prix_corner_05,australian-grand-prix_corner_05,0.55,1097.235,17.284,1279.713,0.964
2026,1,Australian Grand Prix,R,LAW,47,SOFT,,australian-grand-prix_corner_06,australian-grand-prix_corner_06,0.55,1322.313,23.044,1322.313,1.0
2026,1,Australian Grand Prix,R,LAW,47,SOFT,,australian-grand-prix_corner_13,australian-grand-prix_corner_13,0.55,3296.17,49.564,3409.336,0.7003
2026,1,Australian Grand Prix,R,LAW,47,SOFT,,australian-grand-prix_corner_16,australian-grand-prix_corner_16,0.55,4102.291,61.924,4161.686,0.6531
2026,1,Australian Grand Prix,R,LAW,47,SOFT,,australian-grand-prix_corner_17,australian-grand-prix_corner_17,0.55,4223.642,64.884,4223.642,1.0
2026,1,Australian Grand Prix,R,LAW,47,SOFT,,australian-grand-prix_corner_18,australian-grand-prix_corner_18,0.55,4492.125,69.645,,0.4109
2026,1,Australian Grand Prix,R,LAW,47,SOFT,,australian-grand-prix_corner_19,australian-grand-prix_corner_19,0.55,4743.482,76.765,4799.458,1.0
2026,1,Australian Grand Prix,R,LEC,38,HARD,,australian-grand-prix_corner_02,australian-grand-prix_corner_02,0.55,366.528,5.192,480.826,0.9004
2026,1,Australian Grand Prix,R,LEC,38,HARD,,australian-grand-prix_corner_05,australian-grand-prix_corner_05,0.55,1098.811,17.312,1275.955,0.932
2026,1,Australian Grand Prix,R,LEC,38,HARD,,australian-grand-prix_corner_06,australian-grand-prix_corner_06,0.55,1317.477,22.712,1317.477,1.0
2026,1,Australian Grand Prix,R,LEC,38,HARD,,australian-grand-prix_corner_13,australian-grand-prix_corner_13,0.55,3284.177,48.752,,0.491
2026,1,Australian Grand Prix,R,LEC,38,HARD,,australian-grand-prix_corner_16,australian-grand-prix_corner_16,0.55,4107.468,61.193,4172.823,0.6317
2026,1,Australian Grand Prix,R,LEC,38,HARD,,australian-grand-prix_corner_17,australian-grand-prix_corner_17,0.55,4219.49,63.952,4219.49,1.0
2026,1,Australian Grand Prix,R,LEC,38,HARD,,australian-grand-prix_corner_18,australian-grand-prix_corner_18,0.55,4498.688,68.832,4498.688,0.3454
2026,1,Australian Grand Prix,R,LEC,38,HARD,,australian-grand-prix_corner_19,australian-grand-prix_corner_19,0.55,4743.551,75.432,4822.006,1.0
2026,1,Australian Grand Prix,R,LIN,21,HARD,,australian-grand-prix_corner_02,australian-grand-prix_corner_02,0.55,379.061,5.54,425.883,0.8433
2026,1,Australian Grand Prix,R,LIN,21,HARD,,australian-grand-prix_corner_05,australian-grand-prix_corner_05,0.55,1103.827,17.74,1294.238,0.958
2026,1,Australian Grand Prix,R,LIN,21,HARD,,australian-grand-prix_corner_06,australian-grand-prix_corner_06,0.55,1332.624,23.501,1332.624,1.0
2026,1,Australian Grand Prix,R,LIN,21,HARD,,australian-grand-prix_corner_13,australian-grand-prix_corner_13,0.55,3302.617,49.861,3405.949,0.7278
2026,1,Australian Grand Prix,R,LIN,21,HARD,,australian-grand-prix_corner_16,australian-grand-prix_corner_16,0.55,4107.338,62.18,4169.469,0.6571
2026,1,Australian Grand Prix,R,LIN,21,HARD,,australian-grand-prix_corner_17,australian-grand-prix_corner_17,0.55,4228.847,65.26,4228.847,0.9716
2026,1,Australian Grand Prix,R,LIN,21,HARD,,australian-grand-prix_corner_18,australian-grand-prix_corner_18,0.55,4484.423,69.94,,0.4249
2026,1,Australian Grand Prix,R,LIN,21,HARD,,australian-grand-prix_corner_19,australian-grand-prix_corner_19,0.55,4744.088,77.18,4806.599,1.0
2026,1,Australian Grand Prix,R,NOR,53,MEDIUM,,australian-grand-prix_corner_02,australian-grand-prix_corner_02,0.55,386.705,5.607,463.872,0.8906
2026,1,Australian Grand Prix,R,NOR,53,MEDIUM,,australian-grand-prix_corner_05,australian-grand-prix_corner_05,0.55,1107.192,17.687,1281.909,0.914
2026,1,Australian Grand Prix,R,NOR,53,MEDIUM,,australian-grand-prix_corner_06,australian-grand-prix_corner_06,0.55,1331.276,23.008,1331.276,1.0
2026,1,Australian Grand Prix,R,NOR,53,MEDIUM,,australian-grand-prix_corner_13,australian-grand-prix_corner_13,0.55,3162.498,47.168,3162.498,0.4517
2026,1,Australian Grand Prix,R,NOR,53,MEDIUM,,australian-grand-prix_corner_16,australian-grand-prix_corner_16,0.55,3977.757,58.247,4167.047,0.6739
2026,1,Australian Grand Prix,R,NOR,53,MEDIUM,,australian-grand-prix_corner_17,australian-grand-prix_corner_17,0.55,4223.491,63.928,4223.491,0.9771
2026,1,Australian Grand Prix,R,NOR,53,MEDIUM,,australian-grand-prix_corner_18,australian-grand-prix_corner_18,0.55,4483.769,68.488,4483.769,0.1948
2026,1,Australian Grand Prix,R,NOR,53,MEDIUM,,australian-grand-prix_corner_19,australian-grand-prix_corner_19,0.55,4761.097,75.808,4796.808,1.0
2026,1,Australian Grand Prix,R,OCO,25,HARD,,australian-grand-prix_corner_02,australian-grand-prix_corner_02,0.55,363.346,5.044,468.079,0.9177
2026,1,Australian Grand Prix,R,OCO,25,HARD,,australian-grand-prix_corner_05,australian-grand-prix_corner_05,0.55,1099.588,17.644,,0.74
2026,1,Australian Grand Prix,R,OCO,25,HARD,,australian-grand-prix_corner_06,australian-grand-prix_corner_06,0.55,1329.482,23.563,1444.982,1.0
2026,1,Australian Grand Prix,R,OCO,25,HARD,,australian-grand-prix_corner_13,australian-grand-prix_corner_13,0.55,3279.746,49.643,,0.6514
2026,1,Australian Grand Prix,R,OCO,25,HARD,,australian-grand-prix_corner_16,australian-grand-prix_corner_16,0.55,4108.753,62.643,4157.436,0.6592
2026,1,Australian Grand Prix,R,OCO,25,HARD,,australian-grand-prix_corner_17,australian-grand-prix_corner_17,0.55,4229.613,65.524,4229.613,0.9621
2026,1,Australian Grand Prix,R,OCO,25,HARD,,australian-grand-prix_corner_18,australian-grand-prix_corner_18,0.55,4489.041,70.284,,0.393
2026,1,Australian Grand Prix,R,OCO,25,HARD,,australian-grand-prix_corner_19,australian-grand-prix_corner_19,0.55,4743.704,77.404,4814.304,1.0
2026,1,Australian Grand Prix,R,PER,47,SOFT,,australian-grand-prix_corner_02,australian-grand-prix_corner_02,0.55,364.021,5.425,469.542,0.9483
2026,1,Australian Grand Prix,R,PER,47,SOFT,,australian-grand-prix_corner_05,australian-grand-prix_corner_05,0.55,1091.483,18.145,1303.984,0.745
2026,1,Australian Grand Prix,R,PER,47,SOFT,,australian-grand-prix_corner_06,australian-grand-prix_corner_06,0.55,1318.762,24.025,1318.762,1.0
2026,1,Australian Grand Prix,R,PER,47,SOFT,,australian-grand-prix_corner_13,australian-grand-prix_corner_13,0.55,3162.186,48.946,3162.186,0.5299
2026,1,Australian Grand Prix,R,PER,47,SOFT,,australian-grand-prix_corner_16,australian-grand-prix_corner_16,0.55,3961.185,60.826,3961.185,0.7305
2026,1,Australian Grand Prix,R,PER,47,SOFT,,australian-grand-prix_corner_17,australian-grand-prix_corner_17,0.55,4225.537,67.226,4225.537,0.7733
2026,1,Australian Grand Prix,R,PER,47,SOFT,,australian-grand-prix_corner_18,australian-grand-prix_corner_18,0.55,4597.669,75.426,,0.408
2026,1,Australian Grand Prix,R,PER,47,SOFT,,australian-grand-prix_corner_19,australian-grand-prix_corner_19,0.55,4751.44,79.625,4782.953,1.0
2026,1,Australian Grand Prix,R,RUS,21,HARD,,australian-grand-prix_corner_02,australian-grand-prix_corner_02,0.55,388.374,5.378,442.951,0.7157
2026,1,Australian Grand Prix,R,RUS,21,HARD,,australian-grand-prix_corner_05,australian-grand-prix_corner_05,0.55,1102.298,17.699,1283.913,0.995
2026,1,Australian Grand Prix,R,RUS,21,HARD,,australian-grand-prix_corner_06,australian-grand-prix_corner_06,0.55,1323.446,23.018,1323.446,1.0
2026,1,Australian Grand Prix,R,RUS,21,HARD,,australian-grand-prix_corner_13,australian-grand-prix_corner_13,0.55,3304.057,49.538,,0.5709
2026,1,Australian Grand Prix,R,RUS,21,HARD,,australian-grand-prix_corner_16,australian-grand-prix_corner_16,0.55,4091.512,61.298,4148.097,0.6632
2026,1,Australian Grand Prix,R,RUS,21,HARD,,australian-grand-prix_corner_17,australian-grand-prix_corner_17,0.55,4221.715,64.338,4221.715,0.9718
2026,1,Australian Grand Prix,R,RUS,21,HARD,,australian-grand-prix_corner_18,australian-grand-prix_corner_18,0.55,4481.615,68.898,4481.615,0.3556
2026,1,Australian Grand Prix,R,RUS,21,HARD,,australian-grand-prix_corner_19,australian-grand-prix_corner_19,0.55,4746.702,75.858,4801.211,1.0
2026,1,Australian Grand Prix,R,SAI,52,SOFT,,australian-grand-prix_corner_02,australian-grand-prix_corner_02,0.55,368.901,5.266,412.879,0.7741
2026,1,Australian Grand Prix,R,SAI,52,SOFT,,australian-grand-prix_corner_05,australian-grand-prix_corner_05,0.55,1094.842,17.786,1266.534,1.0
2026,1,Australian Grand Prix,R,SAI,52,SOFT,,australian-grand-prix_corner_06,australian-grand-prix_corner_06,0.55,1320.623,23.306,1320.623,1.0
2026,1,Australian Grand Prix,R,SAI,52,SOFT,,australian-grand-prix_corner_13,australian-grand-prix_corner_13,0.55,3280.719,49.586,3409.697,0.7593
2026,1,Australian Grand Prix,R,SAI,52,SOFT,,australian-grand-prix_corner_16,australian-grand-prix_corner_16,0.55,4087.626,61.866,4150.671,0.6799
2026,1,Australian Grand Prix,R,SAI,52,SOFT,,australian-grand-prix_corner_17,australian-grand-prix_corner_17,0.55,4216.337,64.946,4216.337,0.9859
2026,1,Australian Grand Prix,R,SAI,52,SOFT,,australian-grand-prix_corner_18,australian-grand-prix_corner_18,0.55,4480.57,69.706,,0.5071
2026,1,Australian Grand Prix,R,SAI,52,SOFT,,australian-grand-prix_corner_19,australian-grand-prix_corner_19,0.55,4761.535,77.266,4803.024,1.0
2026,1,Australian Grand Prix,R,STR,36,SOFT,,australian-grand-prix_corner_02,australian-grand-prix_corner_02,0.55,367.768,5.518,414.302,0.9322
2026,1,Australian Grand Prix,R,STR,36,SOFT,,australian-grand-prix_corner_05,australian-grand-prix_corner_05,0.55,1095.032,18.038,1144.566,0.988
2026,1,Australian Grand Prix,R,STR,36,SOFT,,australian-grand-prix_corner_06,australian-grand-prix_corner_06,0.55,1327.51,23.597,1327.51,1.0
2026,1,Australian Grand Prix,R,STR,36,SOFT,,australian-grand-prix_corner_13,australian-grand-prix_corner_13,0.55,3173.366,48.918,3173.366,0.4379
2026,1,Australian Grand Prix,R,STR,36,SOFT,,australian-grand-prix_corner_16,australian-grand-prix_corner_16,0.55,3969.461,60.318,3969.461,0.6779
2026,1,Australian Grand Prix,R,STR,36,SOFT,,australian-grand-prix_corner_17,australian-grand-prix_corner_17,0.55,4233.694,66.438,4233.694,1.0
2026,1,Australian Grand Prix,R,STR,36,SOFT,,australian-grand-prix_corner_18,australian-grand-prix_corner_18,0.55,4490.54,71.038,4490.54,0.3792
2026,1,Australian Grand Prix,R,STR,36,SOFT,,australian-grand-prix_corner_19,australian-grand-prix_corner_19,0.55,4742.307,77.758,4817.552,1.0
2026,1,Australian Grand Prix,R,VER,43,HARD,,australian-grand-prix_corner_02,australian-grand-prix_corner_02,0.55,373.986,5.283,416.319,0.807
2026,1,Australian Grand Prix,R,VER,43,HARD,,australian-grand-prix_corner_05,australian-grand-prix_corner_05,0.55,1110.903,17.442,1297.076,0.794
2026,1,Australian Grand Prix,R,VER,43,HARD,,australian-grand-prix_corner_06,australian-grand-prix_corner_06,0.55,1322.889,22.642,1322.889,1.0
2026,1,Australian Grand Prix,R,VER,43,HARD,,australian-grand-prix_corner_13,australian-grand-prix_corner_13,0.55,3305.285,48.843,,0.5518
2026,1,Australian Grand Prix,R,VER,43,HARD,,australian-grand-prix_corner_16,australian-grand-prix_corner_16,0.55,4121.186,61.203,4200.315,0.5501
2026,1,Australian Grand Prix,R,VER,43,HARD,,australian-grand-prix_corner_17,australian-grand-prix_corner_17,0.55,4238.313,63.763,4238.313,0.9585
2026,1,Australian Grand Prix,R,VER,43,HARD,,australian-grand-prix_corner_18,australian-grand-prix_corner_18,0.55,4483.836,68.083,4483.836,0.3617
2026,1,Australian Grand Prix,R,VER,43,HARD,,australian-grand-prix_corner_19,australian-grand-prix_corner_19,0.55,4747.734,75.083,4835.229,1.0
2026,2,Chinese Grand Prix,Q,ALB,9,SOFT,,chinese-grand-prix_corner_03,chinese-grand-prix_corner_03,0.55,562.196,6.343,562.196,0.0
2026,2,Chinese Grand Prix,Q,ALB,9,SOFT,,chinese-grand-prix_corner_04,chinese-grand-prix_corner_04,0.55,874.955,11.063,,0.7329
2026,2,Chinese Grand Prix,Q,ALB,9,SOFT,,chinese-grand-prix_corner_06,chinese-grand-prix_corner_06,0.55,1382.956,22.584,1382.956,0.0
2026,2,Chinese Grand Prix,Q,ALB,9,SOFT,,chinese-grand-prix_corner_09,chinese-grand-prix_corner_09,0.55,2236.879,37.823,2236.879,0.009
2026,2,Chinese Grand Prix,Q,ALB,9,SOFT,,chinese-grand-prix_corner_10,chinese-grand-prix_corner_10,0.55,2486.674,41.984,,0.7118
2026,2,Chinese Grand Prix,Q,ALB,9,SOFT,,chinese-grand-prix_corner_12,chinese-grand-prix_corner_12,0.55,3052.642,52.943,3052.642,0.0875
2026,2,Chinese Grand Prix,Q,ALB,9,SOFT,,chinese-grand-prix_corner_18,chinese-grand-prix_corner_18,0.55,4696.22,77.983,4696.22,0.4938
2026,2,Chinese Grand Prix,Q,ALB,9,SOFT,,chinese-grand-prix_corner_19,chinese-grand-prix_corner_19,0.55,4986.72,85.383,4986.72,0.0
2026,2,Chinese Grand Prix,Q,ALO,8,SOFT,,chinese-grand-prix_corner_03,chinese-grand-prix_corner_03,0.55,807.36,12.744,,0.1493
2026,2,Chinese Grand Prix,Q,ALO,8,SOFT,,chinese-grand-prix_corner_04,chinese-grand-prix_corner_04,0.55,835.882,13.664,993.718,1.0
2026,2,Chinese Grand Prix,Q,ALO,8,SOFT,,chinese-grand-prix_corner_06,chinese-grand-prix_corner_06,0.55,1400.175,24.504,1400.175,0.5099
2026,2,Chinese Grand Prix,Q,ALO,8,SOFT,,chinese-grand-prix_corner_09,chinese-grand-prix_corner_09,0.55,2224.43,39.544,2224.43,0.2194
2026,2,Chinese Grand Prix,Q,ALO,8,SOFT,,chinese-grand-prix_corner_10,chinese-grand-prix_corner_10,0.55,2546.593,46.304,2663.004,1.0
2026,2,Chinese Grand Prix,Q,ALO,8,SOFT,,chinese-grand-prix_corner_12,chinese-grand-prix_corner_12,0.55,3114.676,56.823,,0.5971
2026,2,Chinese Grand Prix,Q,ALO,8,SOFT,,chinese-grand-prix_corner_18,chinese-grand-prix_corner_18,0.55,4754.312,82.624,4810.034,1.0
2026,2,Chinese Grand Prix,Q,ALO,8,SOFT,,chinese-grand-prix_corner_19,chinese-grand-prix_corner_19,0.55,5044.245,88.824,5044.245,0.895
2026,2,Chinese Grand Prix,Q,ANT,14,SOFT,,chinese-grand-prix_corner_03,chinese-grand-prix_corner_03,0.55,594.317,6.889,594.317,0.036
2026,2,Chinese Grand Prix,Q,ANT,14,SOFT,,chinese-grand-prix_corner_04,chinese-grand-prix_corner_04,0.55,832.728,12.689,882.917,1.0
2026,2,Chinese Grand Prix,Q,ANT,14,SOFT,,chinese-grand-prix_corner_06,chinese-grand-prix_corner_06,0.55,1410.928,23.689,1410.928,0.3892
2026,2,Chinese Grand Prix,Q,ANT,14,SOFT,,chinese-grand-prix_corner_09,chinese-grand-prix_corner_09,0.55,2219.328,38.009,2219.328,0.1827
2026,2,Chinese Grand Prix,Q,ANT,14,SOFT,,chinese-grand-prix_corner_10,chinese-grand-prix_corner_10,0.55,2575.867,45.289,2652.734,1.0
2026,2,Chinese Grand Prix,Q,ANT,14,SOFT,,chinese-grand-prix_corner_12,chinese-grand-prix_corner_12,0.55,3133.784,55.129,,0.5325
2026,2,Chinese Grand Prix,Q,ANT,14,SOFT,,chinese-grand-prix_corner_18,chinese-grand-prix_corner_18,0.55,4777.619,80.289,4848.898,1.0
2026,2,Chinese Grand Prix,Q,ANT,14,SOFT,,chinese-grand-prix_corner_19,chinese-grand-prix_corner_19,0.55,4973.632,84.729,4973.632,0.7008
2026,2,Chinese Grand Prix,Q,BEA,10,SOFT,,chinese-grand-prix_corner_03,chinese-grand-prix_corner_03,0.55,670.144,11.005,,0.1579
2026,2,Chinese Grand Prix,Q,BEA,10,SOFT,,chinese-grand-prix_corner_04,chinese-grand-prix_corner_04,0.55,837.011,16.565,918.522,1.0
2026,2,Chinese Grand Prix,Q,BEA,10,SOFT,,chinese-grand-prix_corner_06,chinese-grand-prix_corner_06,0.55,1483.363,28.125,1548.152,0.9295
2026,2,Chinese Grand Prix,Q,BEA,10,SOFT,,chinese-grand-prix_corner_09,chinese-grand-prix_corner_09,0.55,2219.59,40.405,2319.034,0.5012
2026,2,Chinese Grand Prix,Q,BEA,10,SOFT,,chinese-grand-prix_corner_10,chinese-grand-prix_corner_10,0.55,2494.358,46.565,2558.203,1.0
2026,2,Chinese Grand Prix,Q,BEA,10,SOFT,,chinese-grand-prix_corner_12,chinese-grand-prix_corner_12,0.55,3039.013,56.685,3253.093,1.0
2026,2,Chinese Grand Prix,Q,BEA,10,SOFT,,chinese-grand-prix_corner_18,chinese-grand-prix_corner_18,0.55,4698.413,83.045,4714.456,1.0
2026,2,Chinese Grand Prix,Q,BEA,10,SOFT,,chinese-grand-prix_corner_19,chinese-grand-prix_corner_19,0.55,4982.36,87.925,4982.36,1.0
2026,2,Chinese Grand Prix,Q,BOR,8,SOFT,,chinese-grand-prix_corner_03,chinese-grand-prix_corner_03,0.55,712.731,11.265,,0.0
2026,2,Chinese Grand Prix,Q,BOR,8,SOFT,,chinese-grand-prix_corner_04,chinese-grand-prix_corner_04,0.55,854.515,16.026,951.137,1.0
2026,2,Chinese Grand Prix,Q,BOR,8,SOFT,,chinese-grand-prix_corner_06,chinese-grand-prix_corner_06,0.55,1506.411,28.386,1581.099,0.7908
2026,2,Chinese Grand Prix,Q,BOR,8,SOFT,,chinese-grand-prix_corner_09,chinese-grand-prix_corner_09,0.55,2234.355,40.586,2368.9,0.1709
2026,2,Chinese Grand Prix,Q,BOR,8,SOFT,,chinese-grand-prix_corner_10,chinese-grand-prix_corner_10,0.55,2486.866,46.026,2486.866,1.0
2026,2,Chinese Grand Prix,Q,BOR,8,SOFT,,chinese-grand-prix_corner_12,chinese-grand-prix_corner_12,0.55,3057.614,56.426,3288.135,0.9317
2026,2,Chinese Grand Prix,Q,BOR,8,SOFT,,chinese-grand-prix_corner_18,chinese-grand-prix_corner_18,0.55,4696.298,81.626,4825.498,1.0
2026,2,Chinese Grand Prix,Q,BOR,8,SOFT,,chinese-grand-prix_corner_19,chinese-grand-prix_corner_19,0.55,4970.576,87.426,4970.576,0.8338
2026,2,Chinese Grand Prix,Q,BOT,8,SOFT,,chinese-grand-prix_corner_03,chinese-grand-prix_corner_03,0.55,679.987,11.845,,0.1781
2026,2,Chinese Grand Prix,Q,BOT,8,SOFT,,chinese-grand-prix_corner_04,chinese-grand-prix_corner_04,0.55,831.805,17.085,922.339,1.0
2026,2,Chinese Grand Prix,Q,BOT,8,SOFT,,chinese-grand-prix_corner_06,chinese-grand-prix_corner_06,0.55,1474.149,28.805,1536.349,1.0
2026,2,Chinese Grand Prix,Q,BOT,8,SOFT,,chinese-grand-prix_corner_09,chinese-grand-prix_corner_09,0.55,2245.559,42.045,2335.904,0.5381
2026,2,Chinese Grand Prix,Q,BOT,8,SOFT,,chinese-grand-prix_corner_10,chinese-grand-prix_corner_10,0.55,2492.493,47.925,2590.215,1.0
2026,2,Chinese Grand Prix,Q,BOT,8,SOFT,,chinese-grand-prix_corner_12,chinese-grand-prix_corner_12,0.55,3048.336,58.605,3274.536,0.96
2026,2,Chinese Grand Prix,Q,BOT,8,SOFT,,chinese-grand-prix_corner_18,chinese-grand-prix_corner_18,0.55,4697.553,84.685,4723.853,0.2648
2026,2,Chinese Grand Prix,Q,BOT,8,SOFT,,chinese-grand-prix_corner_19,chinese-grand-prix_corner_19,0.55,5016.127,90.565,5067.216,1.0
2026,2,Chinese Grand Prix,Q,COL,14,SOFT,,chinese-grand-prix_corner_03,chinese-grand-prix_corner_03,0.55,600.183,6.866,600.183,0.0755
2026,2,Chinese Grand Prix,Q,COL,14,SOFT,,chinese-grand-prix_corner_04,chinese-grand-prix_corner_04,0.55,829.387,12.706,1043.555,0.986
2026,2,Chinese Grand Prix,Q,COL,14,SOFT,,chinese-grand-prix_corner_06,chinese-grand-prix_corner_06,0.55,1403.896,23.826,1403.896,0.3644
2026,2,Chinese Grand Prix,Q,COL,14,SOFT,,chinese-grand-prix_corner_09,chinese-grand-prix_corner_09,0.55,2210.067,38.266,2210.067,0.6764
2026,2,Chinese Grand Prix,Q,COL,14,SOFT,,chinese-grand-prix_corner_10,chinese-grand-prix_corner_10,0.55,2498.546,43.586,2498.546,1.0
2026,2,Chinese Grand Prix,Q,COL,14,SOFT,,chinese-grand-prix_corner_12,chinese-grand-prix_corner_12,0.55,3140.874,55.746,,0.4397
2026,2,Chinese Grand Prix,Q,COL,14,SOFT,,chinese-grand-prix_corner_18,chinese-grand-prix_corner_18,0.55,4787.133,81.107,4861.987,1.0
2026,2,Chinese Grand Prix,Q,COL,14,SOFT,,chinese-grand-prix_corner_19,chinese-grand-prix_corner_19,0.55,4975.098,85.626,4975.098,0.8233
2026,2,Chinese Grand Prix,Q,GAS,20,SOFT,,chinese-grand-prix_corner_03,chinese-grand-prix_corner_03,0.55,574.788,6.672,574.788,0.1697
2026,2,Chinese Grand Prix,Q,GAS,20,SOFT,,chinese-grand-prix_corner_04,chinese-grand-prix_corner_04,0.55,829.382,12.992,985.229,1.0
2026,2,Chinese Grand Prix,Q,GAS,20,SOFT,,chinese-grand-prix_corner_06,chinese-grand-prix_corner_06,0.55,1400.948,23.792,1400.948,0.4419
2026,2,Chinese Grand Prix,Q,GAS,20,SOFT,,chinese-grand-prix_corner_09,chinese-grand-prix_corner_09,0.55,2214.108,38.152,2214.108,0.1326
2026,2,Chinese Grand Prix,Q,GAS,20,SOFT,,chinese-grand-prix_corner_10,chinese-grand-prix_corner_10,0.55,2533.942,44.392,2682.117,1.0
2026,2,Chinese Grand Prix,Q,GAS,20,SOFT,,chinese-grand-prix_corner_12,chinese-grand-prix_corner_12,0.55,3112.747,55.433,,0.7095
2026,2,Chinese Grand Prix,Q,GAS,20,SOFT,,chinese-grand-prix_corner_18,chinese-grand-prix_corner_18,0.55,4749.755,80.393,4837.703,1.0
2026,2,Chinese Grand Prix,Q,GAS,20,SOFT,,chinese-grand-prix_corner_19,chinese-grand-prix_corner_19,0.55,4970.425,85.512,4970.425,0.8876
2026,2,Chinese Grand Prix,Q,HAD,19,SOFT,,chinese-grand-prix_corner_03,chinese-grand-prix_corner_03,0.55,675.148,8.721,,0.1077
2026,2,Chinese Grand Prix,Q,HAD,19,SOFT,,chinese-grand-prix_corner_04,chinese-grand-prix_corner_04,0.55,838.102,13.641,988.448,1.0
2026,2,Chinese Grand Prix,Q,HAD,19,SOFT,,chinese-grand-prix_corner_06,chinese-grand-prix_corner_06,0.55,1591.584,28.721,1649.773,0.3342
2026,2,Chinese Grand Prix,Q,HAD,19,SOFT,,chinese-grand-prix_corner_09,chinese-grand-prix_corner_09,0.55,2228.296,38.842,2228.296,0.4148
2026,2,Chinese Grand Prix,Q,HAD,19,SOFT,,chinese-grand-prix_corner_10,chinese-grand-prix_corner_10,0.55,2545.95,45.402,2683.298,1.0
2026,2,Chinese Grand Prix,Q,HAD,19,SOFT,,chinese-grand-prix_corner_12,chinese-grand-prix_corner_12,0.55,3128.751,56.241,,0.5509
2026,2,Chinese Grand Prix,Q,HAD,19,SOFT,,chinese-grand-prix_corner_18,chinese-grand-prix_corner_18,0.55,4766.435,81.401,4824.658,1.0
2026,2,Chinese Grand Prix,Q,HAD,19,SOFT,,chinese-grand-prix_corner_19,chinese-grand-prix_corner_19,0.55,4991.175,86.162,4991.175,0.8462
2026,2,Chinese Grand Prix,Q,HAM,18,SOFT,,chinese-grand-prix_corner_03,chinese-grand-prix_corner_03,0.55,622.493,7.714,,0.1335
2026,2,Chinese Grand Prix,Q,HAM,18,SOFT,,chinese-grand-prix_corner_04,chinese-grand-prix_corner_04,0.55,890.806,15.354,1017.211,1.0
2026,2,Chinese Grand Prix,Q,HAM,18,SOFT,,chinese-grand-prix_corner_06,chinese-grand-prix_corner_06,0.55,1403.398,23.995,1403.398,0.5478
2026,2,Chinese Grand Prix,Q,HAM,18,SOFT,,chinese-grand-prix_corner_09,chinese-grand-prix_corner_09,0.55,2228.56,38.554,2228.56,0.1774
2026,2,Chinese Grand Prix,Q,HAM,18,SOFT,,chinese-grand-prix_corner_10,chinese-grand-prix_corner_10,0.55,2528.509,44.394,2688.687,1.0
2026,2,Chinese Grand Prix,Q,HAM,18,SOFT,,chinese-grand-prix_corner_12,chinese-grand-prix_corner_12,0.55,3122.539,55.354,,0.707
2026,2,Chinese Grand Prix,Q,HAM,18,SOFT,,chinese-grand-prix_corner_18,chinese-grand-prix_corner_18,0.55,4761.766,80.314,4826.918,1.0
2026,2,Chinese Grand Prix,Q,HAM,18,SOFT,,chinese-grand-prix_corner_19,chinese-grand-prix_corner_19,0.55,4978.931,85.194,4978.931,0.8278
2026,2,Chinese Grand Prix,Q,HUL,11,SOFT,,chinese-grand-prix_corner_03,chinese-grand-prix_corner_03,0.55,582.079,7.309,582.079,0.226
2026,2,Chinese Grand Prix,Q,HUL,11,SOFT,,chinese-grand-prix_corner_04,chinese-grand-prix_corner_04,0.55,830.197,13.788,847.13,1.0
2026,2,Chinese Grand Prix,Q,HUL,11,SOFT,,chinese-grand-prix_corner_06,chinese-grand-prix_corner_06,0.55,1394.809,24.589,1394.809,0.5636
2026,2,Chinese Grand Prix,Q,HUL,11,SOFT,,chinese-grand-prix_corner_09,chinese-grand-prix_corner_09,0.55,2211.267,39.308,2211.267,0.3824
2026,2,Chinese Grand Prix,Q,HUL,11,SOFT,,chinese-grand-prix_corner_10,chinese-grand-prix_corner_10,0.55,2510.425,45.269,2639.17,1.0
2026,2,Chinese Grand Prix,Q,HUL,11,SOFT,,chinese-grand-prix_corner_12,chinese-grand-prix_corner_12,0.55,3092.951,55.669,3258.077,0.7849
2026,2,Chinese Grand Prix,Q,HUL,11,SOFT,,chinese-grand-prix_corner_18,chinese-grand-prix_corner_18,0.55,4727.316,81.229,4806.005,1.0
2026,2,Chinese Grand Prix,Q,HUL,11,SOFT,,chinese-grand-prix_corner_19,chinese-grand-prix_corner_19,0.55,4973.563,86.669,4973.563,0.9154
2026,2,Chinese Grand Prix,Q,LAW,11,SOFT,,chinese-grand-prix_corner_03,chinese-grand-prix_corner_03,0.55,794.144,12.546,,0.1964
2026,2,Chinese Grand Prix,Q,LAW,11,SOFT,,chinese-grand-prix_corner_04,chinese-grand-prix_corner_04,0.55,892.104,15.825,972.815,1.0
2026,2,Chinese Grand Prix,Q,LAW,11,SOFT,,chinese-grand-prix_corner_06,chinese-grand-prix_corner_06,0.55,1391.077,24.265,1391.077,0.4929
2026,2,Chinese Grand Prix,Q,LAW,11,SOFT,,chinese-grand-prix_corner_09,chinese-grand-prix_corner_09,0.55,2223.022,39.146,2223.022,0.1474
2026,2,Chinese Grand Prix,Q,LAW,11,SOFT,,chinese-grand-prix_corner_10,chinese-grand-prix_corner_10,0.55,2523.572,45.266,2717.418,1.0
2026,2,Chinese Grand Prix,Q,LAW,11,SOFT,,chinese-grand-prix_corner_12,chinese-grand-prix_corner_12,0.55,3119.254,56.265,,0.7917
2026,2,Chinese Grand Prix,Q,LAW,11,SOFT,,chinese-grand-prix_corner_18,chinese-grand-prix_corner_18,0.55,4698.592,82.865,4746.292,0.6222
2026,2,Chinese Grand Prix,Q,LAW,11,SOFT,,chinese-grand-prix_corner_19,chinese-grand-prix_corner_19,0.55,5025.962,88.985,5075.362,1.0
2026,2,Chinese Grand Prix,Q,LEC,19,SOFT,,chinese-grand-prix_corner_03,chinese-grand-prix_corner_03,0.55,593.959,7.08,,0.248
2026,2,Chinese Grand Prix,Q,LEC,19,SOFT,,chinese-grand-prix_corner_04,chinese-grand-prix_corner_04,0.55,832.801,13.24,982.934,1.0
2026,2,Chinese Grand Prix,Q,LEC,19,SOFT,,chinese-grand-prix_corner_06,chinese-grand-prix_corner_06,0.55,1391.443,23.72,1391.443,0.5497
2026,2,Chinese Grand Prix,Q,LEC,19,SOFT,,chinese-grand-prix_corner_09,chinese-grand-prix_corner_09,0.55,2213.581,38.2,2213.581,0.0097
2026,2,Chinese Grand Prix,Q,LEC,19,SOFT,,chinese-grand-prix_corner_10,chinese-grand-prix_corner_10,0.55,2546.22,44.8,2662.899,1.0
2026,2,Chinese Grand Prix,Q,LEC,19,SOFT,,chinese-grand-prix_corner_12,chinese-grand-prix_corner_12,0.55,3111.984,54.96,,0.7374
2026,2,Chinese Grand Prix,Q,LEC,19,SOFT,,chinese-grand-prix_corner_18,chinese-grand-prix_corner_18,0.55,4750.617,80.041,4825.186,1.0
2026,2,Chinese Grand Prix,Q,LEC,19,SOFT,,chinese-grand-prix_corner_19,chinese-grand-prix_corner_19,0.55,4974.352,85.201,4974.352,0.8761
2026,2,Chinese Grand Prix,Q,LIN,11,SOFT,,chinese-grand-prix_corner_03,chinese-grand-prix_corner_03,0.55,566.301,6.492,566.301,0.091
2026,2,Chinese Grand Prix,Q,LIN,11,SOFT,,chinese-grand-prix_corner_04,chinese-grand-prix_corner_04,0.55,833.966,13.012,1016.683,0.994
2026,2,Chinese Grand Prix,Q,LIN,11,SOFT,,chinese-grand-prix_corner_06,chinese-grand-prix_corner_06,0.55,1401.499,23.932,1401.499,0.3507
2026,2,Chinese Grand Prix,Q,LIN,11,SOFT,,chinese-grand-prix_corner_09,chinese-grand-prix_corner_09,0.55,2217.471,38.652,2478.05,0.612
2026,2,Chinese Grand Prix,Q,LIN,11,SOFT,,chinese-grand-prix_corner_10,chinese-grand-prix_corner_10,0.55,2550.316,45.332,2692.121,1.0
2026,2,Chinese Grand Prix,Q,LIN,11,SOFT,,chinese-grand-prix_corner_12,chinese-grand-prix_corner_12,0.55,3139.425,56.252,,0.5501
2026,2,Chinese Grand Prix,Q,LIN,11,SOFT,,chinese-grand-prix_corner_18,chinese-grand-prix_corner_18,0.55,4755.972,81.573,4823.865,1.0
2026,2,Chinese Grand Prix,Q,LIN,11,SOFT,,chinese-grand-prix_corner_19,chinese-grand-prix_corner_19,0.55,4983.719,86.653,4983.719,0.7217
2026,2,Chinese Grand Prix,Q,NOR,16,SOFT,,chinese-grand-prix_corner_03,chinese-grand-prix_corner_03,0.55,789.186,12.24,,0.1973
2026,2,Chinese Grand Prix,Q,NOR,16,SOFT,,chinese-grand-prix_corner_04,chinese-grand-prix_corner_04,0.55,894.325,15.721,971.714,1.0
2026,2,Chinese Grand Prix,Q,NOR,16,SOFT,,chinese-grand-prix_corner_06,chinese-grand-prix_corner_06,0.55,1384.421,23.761,1384.421,0.5554
2026,2,Chinese Grand Prix,Q,NOR,16,SOFT,,chinese-grand-prix_corner_09,chinese-grand-prix_corner_09,0.55,2363.79,41.041,,0.0
2026,2,Chinese Grand Prix,Q,NOR,16,SOFT,,chinese-grand-prix_corner_10,chinese-grand-prix_corner_10,0.55,2529.546,44.801,2634.385,1.0
2026,2,Chinese Grand Prix,Q,NOR,16,SOFT,,chinese-grand-prix_corner_12,chinese-grand-prix_corner_12,0.55,3103.865,55.201,3310.248,0.7917
2026,2,Chinese Grand Prix,Q,NOR,16,SOFT,,chinese-grand-prix_corner_18,chinese-grand-prix_corner_18,0.55,4749.762,80.4,4819.415,1.0
2026,2,Chinese Grand Prix,Q,NOR,16,SOFT,,chinese-grand-prix_corner_19,chinese-grand-prix_corner_19,0.55,4979.47,85.561,4979.47,0.864
2026,2,Chinese Grand Prix,Q,OCO,10,SOFT,,chinese-grand-prix_corner_03,chinese-grand-prix_corner_03,0.55,657.222,8.549,,0.1896
2026,2,Chinese Grand Prix,Q,OCO,10,SOFT,,chinese-grand-prix_corner_04,chinese-grand-prix_corner_04,0.55,832.077,13.669,994.277,1.0
2026,2,Chinese Grand Prix,Q,OCO,10,SOFT,,chinese-grand-prix_corner_06,chinese-grand-prix_corner_06,0.55,1403.655,24.269,1403.655,0.5561
2026,2,Chinese Grand Prix,Q,OCO,10,SOFT,,chinese-grand-prix_corner_09,chinese-grand-prix_corner_09,0.55,2224.547,38.829,,0.0
2026,2,Chinese Grand Prix,Q,OCO,10,SOFT,,chinese-grand-prix_corner_10,chinese-grand-prix_corner_10,0.55,2531.147,45.109,2676.681,1.0
2026,2,Chinese Grand Prix,Q,OCO,10,SOFT,,chinese-grand-prix_corner_12,chinese-grand-prix_corner_12,0.55,3106.813,55.79,,0.775
2026,2,Chinese Grand Prix,Q,OCO,10,SOFT,,chinese-grand-prix_corner_18,chinese-grand-prix_corner_18,0.55,4755.93,81.069,4843.586,1.0
2026,2,Chinese Grand Prix,Q,OCO,10,SOFT,,chinese-grand-prix_corner_19,chinese-grand-prix_corner_19,0.55,4980.175,86.269,4980.175,0.7771
2026,2,Chinese Grand Prix,Q,PER,5,SOFT,,chinese-grand-prix_corner_03,chinese-grand-prix_corner_03,0.55,557.156,9.431,,0.1024
2026,2,Chinese Grand Prix,Q,PER,5,SOFT,,chinese-grand-prix_corner_04,chinese-grand-prix_corner_04,0.55,829.62,17.991,908.962,1.0
2026,2,Chinese Grand Prix,Q,PER,5,SOFT,,chinese-grand-prix_corner_06,chinese-grand-prix_corner_06,0.55,1488.562,30.151,1550.473,0.9576
2026,2,Chinese Grand Prix,Q,PER,5,SOFT,,chinese-grand-prix_corner_09,chinese-grand-prix_corner_09,0.55,2228.551,42.751,2318.184,0.3406
2026,2,Chinese Grand Prix,Q,PER,5,SOFT,,chinese-grand-prix_corner_10,chinese-grand-prix_corner_10,0.55,2486.093,48.951,2585.149,1.0
2026,2,Chinese Grand Prix,Q,PER,5,SOFT,,chinese-grand-prix_corner_12,chinese-grand-prix_corner_12,0.55,3039.862,59.471,3229.128,1.0
2026,2,Chinese Grand Prix,Q,PER,5,SOFT,,chinese-grand-prix_corner_18,chinese-grand-prix_corner_18,0.55,4697.607,86.191,4735.328,0.2756
2026,2,Chinese Grand Prix,Q,PER,5,SOFT,,chinese-grand-prix_corner_19,chinese-grand-prix_corner_19,0.55,5028.161,92.431,5064.53,1.0
2026,2,Chinese Grand Prix,Q,PIA,16,SOFT,,chinese-grand-prix_corner_03,chinese-grand-prix_corner_03,0.55,810.148,13.004,,0.1341
2026,2,Chinese Grand Prix,Q,PIA,16,SOFT,,chinese-grand-prix_corner_04,chinese-grand-prix_corner_04,0.55,887.701,15.683,980.606,0.99
2026,2,Chinese Grand Prix,Q,PIA,16,SOFT,,chinese-grand-prix_corner_06,chinese-grand-prix_corner_06,0.55,1400.573,24.043,1400.573,0.5962
2026,2,Chinese Grand Prix,Q,PIA,16,SOFT,,chinese-grand-prix_corner_09,chinese-grand-prix_corner_09,0.55,2363.051,41.004,,0.0
2026,2,Chinese Grand Prix,Q,PIA,16,SOFT,,chinese-grand-prix_corner_10,chinese-grand-prix_corner_10,0.55,2519.2,44.564,2685.533,0.9975
2026,2,Chinese Grand Prix,Q,PIA,16,SOFT,,chinese-grand-prix_corner_12,chinese-grand-prix_corner_12,0.55,3101.141,55.204,,0.745
2026,2,Chinese Grand Prix,Q,PIA,16,SOFT,,chinese-grand-prix_corner_18,chinese-grand-prix_corner_18,0.55,4741.845,80.324,4819.222,0.994
2026,2,Chinese Grand Prix,Q,PIA,16,SOFT,,chinese-grand-prix_corner_19,chinese-grand-prix_corner_19,0.55,4988.599,85.684,4988.599,0.8946
2026,2,Chinese Grand Prix,Q,RUS,12,SOFT,,chinese-grand-prix_corner_03,chinese-grand-prix_corner_03,0.55,604.435,7.187,,0.1342
2026,2,Chinese Grand Prix,Q,RUS,12,SOFT,,chinese-grand-prix_corner_04,chinese-grand-prix_corner_04,0.55,876.956,14.427,876.956,1.0
2026,2,Chinese Grand Prix,Q,RUS,12,SOFT,,chinese-grand-prix_corner_06,chinese-grand-prix_corner_06,0.55,1399.496,23.668,1399.496,0.5136
2026,2,Chinese Grand Prix,Q,RUS,12,SOFT,,chinese-grand-prix_corner_09,chinese-grand-prix_corner_09,0.55,2219.148,38.308,2219.148,0.7386
2026,2,Chinese Grand Prix,Q,RUS,12,SOFT,,chinese-grand-prix_corner_10,chinese-grand-prix_corner_10,0.55,2491.702,43.107,2491.702,1.0
2026,2,Chinese Grand Prix,Q,RUS,12,SOFT,,chinese-grand-prix_corner_12,chinese-grand-prix_corner_12,0.55,3136.539,55.307,,0.6319
2026,2,Chinese Grand Prix,Q,RUS,12,SOFT,,chinese-grand-prix_corner_18,chinese-grand-prix_corner_18,0.55,4787.436,80.467,4844.502,0.9456
2026,2,Chinese Grand Prix,Q,RUS,12,SOFT,,chinese-grand-prix_corner_19,chinese-grand-prix_corner_19,0.55,4973.183,84.748,4973.183,0.751
2026,2,Chinese Grand Prix,Q,SAI,9,SOFT,,chinese-grand-prix_corner_03,chinese-grand-prix_corner_03,0.55,676.642,8.44,,0.0871
2026,2,Chinese Grand Prix,Q,SAI,9,SOFT,,chinese-grand-prix_corner_04,chinese-grand-prix_corner_04,0.55,833.046,12.999,1002.823,1.0
2026,2,Chinese Grand Prix,Q,SAI,9,SOFT,,chinese-grand-prix_corner_06,chinese-grand-prix_corner_06,0.55,1386.381,23.88,1386.381,0.4264
2026,2,Chinese Grand Prix,Q,SAI,9,SOFT,,chinese-grand-prix_corner_09,chinese-grand-prix_corner_09,0.55,2213.041,38.799,2213.041,0.2281
2026,2,Chinese Grand Prix,Q,SAI,9,SOFT,,chinese-grand-prix_corner_10,chinese-grand-prix_corner_10,0.55,2540.531,45.439,2668.992,1.0
2026,2,Chinese Grand Prix,Q,SAI,9,SOFT,,chinese-grand-prix_corner_12,chinese-grand-prix_corner_12,0.55,3134.371,56.96,,0.6626
2026,2,Chinese Grand Prix,Q,SAI,9,SOFT,,chinese-grand-prix_corner_18,chinese-grand-prix_corner_18,0.55,4697.468,78.839,4697.468,0.6535
2026,2,Chinese Grand Prix,Q,SAI,9,SOFT,,chinese-grand-prix_corner_19,chinese-grand-prix_corner_19,0.55,4972.568,86.119,4972.568,0.7339
2026,2,Chinese Grand Prix,Q,STR,8,SOFT,,chinese-grand-prix_corner_03,chinese-grand-prix_corner_03,0.55,654.594,8.642,,0.2252
2026,2,Chinese Grand Prix,Q,STR,8,SOFT,,chinese-grand-prix_corner_04,chinese-grand-prix_corner_04,0.55,829.898,13.723,978.397,1.0
2026,2,Chinese Grand Prix,Q,STR,8,SOFT,,chinese-grand-prix_corner_06,chinese-grand-prix_corner_06,0.55,1387.636,24.563,1387.636,0.4744
2026,2,Chinese Grand Prix,Q,STR,8,SOFT,,chinese-grand-prix_corner_09,chinese-grand-prix_corner_09,0.55,2215.139,40.043,2215.139,0.0
2026,2,Chinese Grand Prix,Q,STR,8,SOFT,,chinese-grand-prix_corner_10,chinese-grand-prix_corner_10,0.55,2537.906,46.683,2658.704,1.0
2026,2,Chinese Grand Prix,Q,STR,8,SOFT,,chinese-grand-prix_corner_12,chinese-grand-prix_corner_12,0.55,3128.062,58.083,3301.069,0.8283
2026,2,Chinese Grand Prix,Q,STR,8,SOFT,,chinese-grand-prix_corner_18,chinese-grand-prix_corner_18,0.55,4774.469,83.603,4837.581,1.0
2026,2,Chinese Grand Prix,Q,STR,8,SOFT,,chinese-grand-prix_corner_19,chinese-grand-prix_corner_19,0.55,4973.203,88.323,4973.203,0.8507
2026,2,Chinese Grand Prix,Q,VER,19,SOFT,,chinese-grand-prix_corner_03,chinese-grand-prix_corner_03,0.55,706.032,12.362,766.789,0.7464
2026,2,Chinese Grand Prix,Q,VER,19,SOFT,,chinese-grand-prix_corner_04,chinese-grand-prix_corner_04,0.55,835.923,16.281,835.923,1.0
2026,2,Chinese Grand Prix,Q,VER,19,SOFT,,chinese-grand-prix_corner_06,chinese-grand-prix_corner_06,0.55,1410.008,25.202,1410.008,0.6596
2026,2,Chinese Grand Prix,Q,VER,19,SOFT,,chinese-grand-prix_corner_09,chinese-grand-prix_corner_09,0.55,2345.208,41.761,2396.919,0.8539
2026,2,Chinese Grand Prix,Q,VER,19,SOFT,,chinese-grand-prix_corner_10,chinese-grand-prix_corner_10,0.55,2512.013,45.242,2601.337,1.0
2026,2,Chinese Grand Prix,Q,VER,19,SOFT,,chinese-grand-prix_corner_12,chinese-grand-prix_corner_12,0.55,3095.131,56.121,3237.963,1.0
2026,2,Chinese Grand Prix,Q,VER,19,SOFT,,chinese-grand-prix_corner_18,chinese-grand-prix_corner_18,0.55,4703.863,81.321,4758.341,1.0
2026,2,Chinese Grand Prix,Q,VER,19,SOFT,,chinese-grand-prix_corner_19,chinese-grand-prix_corner_19,0.55,4976.694,86.642,4976.694,0.645
2026,2,Chinese Grand Prix,R,ALO,25,HARD,,chinese-grand-prix_corner_03,chinese-grand-prix_corner_03,0.55,587.013,7.234,587.013,1.0
2026,2,Chinese Grand Prix,R,ALO,25,HARD,,chinese-grand-prix_corner_04,chinese-grand-prix_corner_04,0.55,853.413,10.474,853.413,1.0
2026,2,Chinese Grand Prix,R,ALO,25,HARD,,chinese-grand-prix_corner_06,chinese-grand-prix_corner_06,0.55,1410.27,21.875,1410.27,1.0
2026,2,Chinese Grand Prix,R,ALO,25,HARD,,chinese-grand-prix_corner_09,chinese-grand-prix_corner_09,0.55,2254.074,37.914,2254.074,0.3205
2026,2,Chinese Grand Prix,R,ALO,25,HARD,,chinese-grand-prix_corner_10,chinese-grand-prix_corner_10,0.55,2671.526,45.034,,0.0
2026,2,Chinese Grand Prix,R,ALO,25,HARD,,chinese-grand-prix_corner_12,chinese-grand-prix_corner_12,0.55,3108.658,54.675,3108.658,0.0013
2026,2,Chinese Grand Prix,R,ALO,25,HARD,,chinese-grand-prix_corner_17,chinese-grand-prix_corner_17,0.55,4515.921,78.554,4515.921,0.9776
2026,2,Chinese Grand Prix,R,ALO,25,HARD,,chinese-grand-prix_corner_18,chinese-grand-prix_corner_18,0.55,4800.207,81.875,4800.207,0.276
2026,2,Chinese Grand Prix,R,ANT,52,HARD,,chinese-grand-prix_corner_03,chinese-grand-prix_corner_03,0.55,812.696,13.412,,0.195
2026,2,Chinese Grand Prix,R,ANT,52,HARD,,chinese-grand-prix_corner_04,chinese-grand-prix_corner_04,0.55,909.741,16.732,984.319,1.0
2026,2,Chinese Grand Prix,R,ANT,52,HARD,,chinese-grand-prix_corner_06,chinese-grand-prix_corner_06,0.55,1409.597,25.252,1409.597,0.6157
2026,2,Chinese Grand Prix,R,ANT,52,HARD,,chinese-grand-prix_corner_09,chinese-grand-prix_corner_09,0.55,2335.503,41.932,,0.0094
2026,2,Chinese Grand Prix,R,ANT,52,HARD,,chinese-grand-prix_corner_10,chinese-grand-prix_corner_10,0.55,2545.664,46.733,2676.143,1.0
2026,2,Chinese Grand Prix,R,ANT,52,HARD,,chinese-grand-prix_corner_12,chinese-grand-prix_corner_12,0.55,3120.495,57.492,,0.7933
2026,2,Chinese Grand Prix,R,ANT,52,HARD,,chinese-grand-prix_corner_17,chinese-grand-prix_corner_17,0.55,4509.734,77.892,4509.734,0.156
2026,2,Chinese Grand Prix,R,ANT,52,HARD,,chinese-grand-prix_corner_18,chinese-grand-prix_corner_18,0.55,4787.34,84.532,4812.196,0.0272
2026,2,Chinese Grand Prix,R,BEA,56,HARD,,chinese-grand-prix_corner_03,chinese-grand-prix_corner_03,0.55,788.784,12.702,,0.1612
2026,2,Chinese Grand Prix,R,BEA,56,HARD,,chinese-grand-prix_corner_04,chinese-grand-prix_corner_04,0.55,893.322,16.382,1021.489,1.0
2026,2,Chinese Grand Prix,R,BEA,56,HARD,,chinese-grand-prix_corner_06,chinese-grand-prix_corner_06,0.55,1427.514,25.462,1427.514,0.6157
2026,2,Chinese Grand Prix,R,BEA,56,HARD,,chinese-grand-prix_corner_09,chinese-grand-prix_corner_09,0.55,2349.561,42.501,,0.0532
2026,2,Chinese Grand Prix,R,BEA,56,HARD,,chinese-grand-prix_corner_10,chinese-grand-prix_corner_10,0.55,2539.709,47.062,2660.623,1.0
2026,2,Chinese Grand Prix,R,BEA,56,HARD,,chinese-grand-prix_corner_12,chinese-grand-prix_corner_12,0.55,3108.823,57.742,,0.812
2026,2,Chinese Grand Prix,R,BEA,56,HARD,,chinese-grand-prix_corner_17,chinese-grand-prix_corner_17,0.55,4508.499,78.542,4508.499,0.128
2026,2,Chinese Grand Prix,R,BEA,56,HARD,,chinese-grand-prix_corner_18,chinese-grand-prix_corner_18,0.55,4786.801,85.382,4828.912,0.0
2026,2,Chinese Grand Prix,R,BOT,55,HARD,,chinese-grand-prix_corner_03,chinese-grand-prix_corner_03,0.55,800.798,13.326,,0.2056
2026,2,Chinese Grand Prix,R,BOT,55,HARD,,chinese-grand-prix_corner_04,chinese-grand-prix_corner_04,0.55,896.43,16.805,1038.362,1.0
2026,2,Chinese Grand Prix,R,BOT,55,HARD,,chinese-grand-prix_corner_06,chinese-grand-prix_corner_06,0.55,1415.476,25.885,1415.476,0.6776
2026,2,Chinese Grand Prix,R,BOT,55,HARD,,chinese-grand-prix_corner_09,chinese-grand-prix_corner_09,0.55,2370.963,43.805,,0.0
2026,2,Chinese Grand Prix,R,BOT,55,HARD,,chinese-grand-prix_corner_10,chinese-grand-prix_corner_10,0.55,2545.238,48.286,2685.558,1.0
2026,2,Chinese Grand Prix,R,BOT,55,HARD,,chinese-grand-prix_corner_12,chinese-grand-prix_corner_12,0.55,3120.294,59.446,,0.7617
2026,2,Chinese Grand Prix,R,BOT,55,HARD,,chinese-grand-prix_corner_17,chinese-grand-prix_corner_17,0.55,4508.411,80.366,4508.411,0.048
2026,2,Chinese Grand Prix,R,BOT,55,HARD,,chinese-grand-prix_corner_18,chinese-grand-prix_corner_18,0.55,4785.848,87.006,4838.204,0.3946
2026,2,Chinese Grand Prix,R,COL,35,MEDIUM,,chinese-grand-prix_corner_03,chinese-grand-prix_corner_03,0.55,793.372,13.219,,0.1532
2026,2,Chinese Grand Prix,R,COL,35,MEDIUM,,chinese-grand-prix_corner_04,chinese-grand-prix_corner_04,0.55,882.258,16.46,1014.118,1.0
2026,2,Chinese Grand Prix,R,COL,35,MEDIUM,,chinese-grand-prix_corner_06,chinese-grand-prix_corner_06,0.55,1418.294,25.78,1418.294,0.705
2026,2,Chinese Grand Prix,R,COL,35,MEDIUM,,chinese-grand-prix_corner_09,chinese-grand-prix_corner_09,0.55,2319.179,42.42,,0.0188
2026,2,Chinese Grand Prix,R,COL,35,MEDIUM,,chinese-grand-prix_corner_10,chinese-grand-prix_corner_10,0.55,2536.454,47.619,2624.588,1.0
2026,2,Chinese Grand Prix,R,COL,35,MEDIUM,,chinese-grand-prix_corner_12,chinese-grand-prix_corner_12,0.55,3101.98,58.34,,0.9033
2026,2,Chinese Grand Prix,R,COL,35,MEDIUM,,chinese-grand-prix_corner_17,chinese-grand-prix_corner_17,0.55,4514.448,79.18,4514.448,0.2039
2026,2,Chinese Grand Prix,R,COL,35,MEDIUM,,chinese-grand-prix_corner_18,chinese-grand-prix_corner_18,0.55,4791.12,85.98,4821.245,0.2785
2026,2,Chinese Grand Prix,R,GAS,53,HARD,,chinese-grand-prix_corner_03,chinese-grand-prix_corner_03,0.55,788.579,12.892,,0.2445
2026,2,Chinese Grand Prix,R,GAS,53,HARD,,chinese-grand-prix_corner_04,chinese-grand-prix_corner_04,0.55,890.668,16.533,1021.027,1.0
2026,2,Chinese Grand Prix,R,GAS,53,HARD,,chinese-grand-prix_corner_06,chinese-grand-prix_corner_06,0.55,1414.481,25.692,1414.481,0.7331
2026,2,Chinese Grand Prix,R,GAS,53,HARD,,chinese-grand-prix_corner_09,chinese-grand-prix_corner_09,0.55,2270.941,41.213,2410.208,0.0577
2026,2,Chinese Grand Prix,R,GAS,53,HARD,,chinese-grand-prix_corner_10,chinese-grand-prix_corner_10,0.55,2535.427,47.493,2659.738,1.0
2026,2,Chinese Grand Prix,R,GAS,53,HARD,,chinese-grand-prix_corner_12,chinese-grand-prix_corner_12,0.55,3102.732,58.453,,0.872
2026,2,Chinese Grand Prix,R,GAS,53,HARD,,chinese-grand-prix_corner_17,chinese-grand-prix_corner_17,0.55,4531.881,79.253,4531.881,0.1107
2026,2,Chinese Grand Prix,R,GAS,53,HARD,,chinese-grand-prix_corner_18,chinese-grand-prix_corner_18,0.55,4787.598,85.213,4874.027,0.6874
2026,2,Chinese Grand Prix,R,HAD,46,HARD,,chinese-grand-prix_corner_03,chinese-grand-prix_corner_03,0.55,713.643,10.089,713.643,0.8299
2026,2,Chinese Grand Prix,R,HAD,46,HARD,,chinese-grand-prix_corner_04,chinese-grand-prix_corner_04,0.55,854.132,13.29,854.132,1.0
2026,2,Chinese Grand Prix,R,HAD,46,HARD,,chinese-grand-prix_corner_06,chinese-grand-prix_corner_06,0.55,1410.62,24.169,1410.62,0.0
2026,2,Chinese Grand Prix,R,HAD,46,HARD,,chinese-grand-prix_corner_09,chinese-grand-prix_corner_09,0.55,2263.547,39.69,,0.3253
2026,2,Chinese Grand Prix,R,HAD,46,HARD,,chinese-grand-prix_corner_10,chinese-grand-prix_corner_10,0.55,2540.264,44.849,2814.18,0.805
2026,2,Chinese Grand Prix,R,HAD,46,HARD,,chinese-grand-prix_corner_12,chinese-grand-prix_corner_12,0.55,3235.202,59.33,,0.3042
2026,2,Chinese Grand Prix,R,HAD,46,HARD,,chinese-grand-prix_corner_17,chinese-grand-prix_corner_17,0.55,4533.823,78.53,4533.823,0.0
2026,2,Chinese Grand Prix,R,HAD,46,HARD,,chinese-grand-prix_corner_18,chinese-grand-prix_corner_18,0.55,4870.779,85.21,4931.535,1.0
2026,2,Chinese Grand Prix,R,HAM,55,HARD,,chinese-grand-prix_corner_03,chinese-grand-prix_corner_03,0.55,804.201,12.993,,0.1406
2026,2,Chinese Grand Prix,R,HAM,55,HARD,,chinese-grand-prix_corner_04,chinese-grand-prix_corner_04,0.55,915.081,16.912,1025.862,0.998
2026,2,Chinese Grand Prix,R,HAM,55,HARD,,chinese-grand-prix_corner_06,chinese-grand-prix_corner_06,0.55,1412.099,25.152,1412.099,0.6248
2026,2,Chinese Grand Prix,R,HAM,55,HARD,,chinese-grand-prix_corner_09,chinese-grand-prix_corner_09,0.55,2342.705,42.072,,0.0144
2026,2,Chinese Grand Prix,R,HAM,55,HARD,,chinese-grand-prix_corner_10,chinese-grand-prix_corner_10,0.55,2538.421,46.553,2683.697,0.9975
2026,2,Chinese Grand Prix,R,HAM,55,HARD,,chinese-grand-prix_corner_12,chinese-grand-prix_corner_12,0.55,3129.327,57.952,,0.816
2026,2,Chinese Grand Prix,R,HAM,55,HARD,,chinese-grand-prix_corner_17,chinese-grand-prix_corner_17,0.55,4508.452,78.312,4508.452,0.0825
2026,2,Chinese Grand Prix,R,HAM,55,HARD,,chinese-grand-prix_corner_18,chinese-grand-prix_corner_18,0.55,4789.242,84.792,4838.782,0.6724
2026,2,Chinese Grand Prix,R,HUL,38,MEDIUM,,chinese-grand-prix_corner_03,chinese-grand-prix_corner_03,0.55,799.565,12.826,,0.1935
2026,2,Chinese Grand Prix,R,HUL,38,MEDIUM,,chinese-grand-prix_corner_04,chinese-grand-prix_corner_04,0.55,900.043,16.386,991.642,1.0
2026,2,Chinese Grand Prix,R,HUL,38,MEDIUM,,chinese-grand-prix_corner_06,chinese-grand-prix_corner_06,0.55,1563.244,28.666,1638.469,0.6167
2026,2,Chinese Grand Prix,R,HUL,38,MEDIUM,,chinese-grand-prix_corner_09,chinese-grand-prix_corner_09,0.55,2350.991,42.746,,0.0428
2026,2,Chinese Grand Prix,R,HUL,38,MEDIUM,,chinese-grand-prix_corner_10,chinese-grand-prix_corner_10,0.55,2535.104,47.186,2660.726,1.0
2026,2,Chinese Grand Prix,R,HUL,38,MEDIUM,,chinese-grand-prix_corner_12,chinese-grand-prix_corner_12,0.55,3105.342,58.226,,0.912
2026,2,Chinese Grand Prix,R,HUL,38,MEDIUM,,chinese-grand-prix_corner_17,chinese-grand-prix_corner_17,0.55,4527.724,78.666,4527.724,0.2013
2026,2,Chinese Grand Prix,R,HUL,38,MEDIUM,,chinese-grand-prix_corner_18,chinese-grand-prix_corner_18,0.55,4789.179,85.506,4801.879,0.0027
2026,2,Chinese Grand Prix,R,LAW,56,HARD,,chinese-grand-prix_corner_03,chinese-grand-prix_corner_03,0.55,797.771,13.237,,0.1798
2026,2,Chinese Grand Prix,R,LAW,56,HARD,,chinese-grand-prix_corner_04,chinese-grand-prix_corner_04,0.55,898.842,16.798,1008.966,1.0
2026,2,Chinese Grand Prix,R,LAW,56,HARD,,chinese-grand-prix_corner_06,chinese-grand-prix_corner_06,0.55,1576.013,29.558,1638.094,0.6924
2026,2,Chinese Grand Prix,R,LAW,56,HARD,,chinese-grand-prix_corner_09,chinese-grand-prix_corner_09,0.55,2342.843,42.918,,0.0689
2026,2,Chinese Grand Prix,R,LAW,56,HARD,,chinese-grand-prix_corner_10,chinese-grand-prix_corner_10,0.55,2541.838,47.878,2667.204,1.0
2026,2,Chinese Grand Prix,R,LAW,56,HARD,,chinese-grand-prix_corner_12,chinese-grand-prix_corner_12,0.55,3112.62,58.557,,0.89
2026,2,Chinese Grand Prix,R,LAW,56,HARD,,chinese-grand-prix_corner_17,chinese-grand-prix_corner_17,0.55,4527.836,79.558,4527.836,0.1522
2026,2,Chinese Grand Prix,R,LAW,56,HARD,,chinese-grand-prix_corner_18,chinese-grand-prix_corner_18,0.55,4790.996,86.318,4824.818,0.0
2026,2,Chinese Grand Prix,R,LEC,56,HARD,,chinese-grand-prix_corner_03,chinese-grand-prix_corner_03,0.55,680.709,9.102,,0.255
2026,2,Chinese Grand Prix,R,LEC,56,HARD,,chinese-grand-prix_corner_04,chinese-grand-prix_corner_04,0.55,889.129,15.982,1011.811,1.0
2026,2,Chinese Grand Prix,R,LEC,56,HARD,,chinese-grand-prix_corner_06,chinese-grand-prix_corner_06,0.55,1426.528,25.263,1426.528,0.5993
2026,2,Chinese Grand Prix,R,LEC,56,HARD,,chinese-grand-prix_corner_09,chinese-grand-prix_corner_09,0.55,2309.048,41.343,2440.34,0.0
2026,2,Chinese Grand Prix,R,LEC,56,HARD,,chinese-grand-prix_corner_10,chinese-grand-prix_corner_10,0.55,2547.058,46.623,2684.381,1.0
2026,2,Chinese Grand Prix,R,LEC,56,HARD,,chinese-grand-prix_corner_12,chinese-grand-prix_corner_12,0.55,3126.206,57.503,,0.824
2026,2,Chinese Grand Prix,R,LEC,56,HARD,,chinese-grand-prix_corner_17,chinese-grand-prix_corner_17,0.55,4509.228,78.263,4509.228,0.0882
2026,2,Chinese Grand Prix,R,LEC,56,HARD,,chinese-grand-prix_corner_18,chinese-grand-prix_corner_18,0.55,4786.834,84.663,4853.39,1.0
2026,2,Chinese Grand Prix,R,LIN,46,MEDIUM,,chinese-grand-prix_corner_03,chinese-grand-prix_corner_03,0.55,804.307,12.865,,0.1776
2026,2,Chinese Grand Prix,R,LIN,46,MEDIUM,,chinese-grand-prix_corner_04,chinese-grand-prix_corner_04,0.55,902.738,16.346,984.105,1.0
2026,2,Chinese Grand Prix,R,LIN,46,MEDIUM,,chinese-grand-prix_corner_06,chinese-grand-prix_corner_06,0.55,1409.311,25.025,1409.311,0.6389
2026,2,Chinese Grand Prix,R,LIN,46,MEDIUM,,chinese-grand-prix_corner_09,chinese-grand-prix_corner_09,0.55,2357.087,42.546,,0.0303
2026,2,Chinese Grand Prix,R,LIN,46,MEDIUM,,chinese-grand-prix_corner_10,chinese-grand-prix_corner_10,0.55,2541.484,46.986,2659.018,1.0
2026,2,Chinese Grand Prix,R,LIN,46,MEDIUM,,chinese-grand-prix_corner_12,chinese-grand-prix_corner_12,0.55,3114.423,57.706,,0.9025
2026,2,Chinese Grand Prix,R,LIN,46,MEDIUM,,chinese-grand-prix_corner_17,chinese-grand-prix_corner_17,0.55,4537.959,78.625,4537.959,0.0
2026,2,Chinese Grand Prix,R,LIN,46,MEDIUM,,chinese-grand-prix_corner_18,chinese-grand-prix_corner_18,0.55,4792.345,83.506,4859.004,1.0
2026,2,Chinese Grand Prix,R,OCO,54,SOFT,,chinese-grand-prix_corner_03,chinese-grand-prix_corner_03,0.55,806.385,12.999,,0.2096
2026,2,Chinese Grand Prix,R,OCO,54,SOFT,,chinese-grand-prix_corner_04,chinese-grand-prix_corner_04,0.55,902.812,16.398,1001.856,1.0
2026,2,Chinese Grand Prix,R,OCO,54,SOFT,,chinese-grand-prix_corner_06,chinese-grand-prix_corner_06,0.55,1414.701,25.319,1414.701,0.6862
2026,2,Chinese Grand Prix,R,OCO,54,SOFT,,chinese-grand-prix_corner_09,chinese-grand-prix_corner_09,0.55,2310.266,41.518,,0.0288
2026,2,Chinese Grand Prix,R,OCO,54,SOFT,,chinese-grand-prix_corner_10,chinese-grand-prix_corner_10,0.55,2538.14,46.599,2694.175,1.0
2026,2,Chinese Grand Prix,R,OCO,54,SOFT,,chinese-grand-prix_corner_12,chinese-grand-prix_corner_12,0.55,3124.613,57.879,,0.8667
2026,2,Chinese Grand Prix,R,OCO,54,SOFT,,chinese-grand-prix_corner_17,chinese-grand-prix_corner_17,0.55,4507.016,78.279,4507.016,0.1686
2026,2,Chinese Grand Prix,R,OCO,54,SOFT,,chinese-grand-prix_corner_18,chinese-grand-prix_corner_18,0.55,4789.309,85.039,4856.831,0.4229
2026,2,Chinese Grand Prix,R,PER,50,HARD,,chinese-grand-prix_corner_03,chinese-grand-prix_corner_03,0.55,798.804,13.683,,0.082
2026,2,Chinese Grand Prix,R,PER,50,HARD,,chinese-grand-prix_corner_04,chinese-grand-prix_corner_04,0.55,898.482,17.403,1048.493,0.996
2026,2,Chinese Grand Prix,R,PER,50,HARD,,chinese-grand-prix_corner_06,chinese-grand-prix_corner_06,0.55,1421.126,26.203,1421.126,0.6041
2026,2,Chinese Grand Prix,R,PER,50,HARD,,chinese-grand-prix_corner_09,chinese-grand-prix_corner_09,0.55,2298.63,42.764,,0.0022
2026,2,Chinese Grand Prix,R,PER,50,HARD,,chinese-grand-prix_corner_10,chinese-grand-prix_corner_10,0.55,2540.505,48.603,2686.086,1.0
2026,2,Chinese Grand Prix,R,PER,50,HARD,,chinese-grand-prix_corner_12,chinese-grand-prix_corner_12,0.55,3127.325,60.163,,0.784
2026,2,Chinese Grand Prix,R,PER,50,HARD,,chinese-grand-prix_corner_17,chinese-grand-prix_corner_17,0.55,4506.291,80.403,4506.291,0.0523
2026,2,Chinese Grand Prix,R,PER,50,HARD,,chinese-grand-prix_corner_18,chinese-grand-prix_corner_18,0.55,4786.177,86.883,4854.699,1.0
2026,2,Chinese Grand Prix,R,RUS,56,HARD,,chinese-grand-prix_corner_03,chinese-grand-prix_corner_03,0.55,794.998,13.041,,0.1231
2026,2,Chinese Grand Prix,R,RUS,56,HARD,,chinese-grand-prix_corner_04,chinese-grand-prix_corner_04,0.55,895.674,16.522,980.179,1.0
2026,2,Chinese Grand Prix,R,RUS,56,HARD,,chinese-grand-prix_corner_06,chinese-grand-prix_corner_06,0.55,1415.493,25.321,1415.493,0.6667
2026,2,Chinese Grand Prix,R,RUS,56,HARD,,chinese-grand-prix_corner_09,chinese-grand-prix_corner_09,0.55,2343.959,42.122,,0.0479
2026,2,Chinese Grand Prix,R,RUS,56,HARD,,chinese-grand-prix_corner_10,chinese-grand-prix_corner_10,0.55,2535.103,46.601,2674.617,1.0
2026,2,Chinese Grand Prix,R,RUS,56,HARD,,chinese-grand-prix_corner_12,chinese-grand-prix_corner_12,0.55,3106.792,57.562,,0.8083
2026,2,Chinese Grand Prix,R,RUS,56,HARD,,chinese-grand-prix_corner_17,chinese-grand-prix_corner_17,0.55,4511.479,77.881,4511.479,0.0866
2026,2,Chinese Grand Prix,R,RUS,56,HARD,,chinese-grand-prix_corner_18,chinese-grand-prix_corner_18,0.55,4788.02,84.162,4850.642,0.4408
2026,2,Chinese Grand Prix,R,SAI,51,HARD,,chinese-grand-prix_corner_03,chinese-grand-prix_corner_03,0.55,787.868,13.589,,0.0969
2026,2,Chinese Grand Prix,R,SAI,51,HARD,,chinese-grand-prix_corner_04,chinese-grand-prix_corner_04,0.55,883.668,17.109,1022.715,1.0
2026,2,Chinese Grand Prix,R,SAI,51,HARD,,chinese-grand-prix_corner_06,chinese-grand-prix_corner_06,0.55,1558.48,30.509,1619.596,0.734
2026,2,Chinese Grand Prix,R,SAI,51,HARD,,chinese-grand-prix_corner_09,chinese-grand-prix_corner_09,0.55,2365.531,44.55,,0.2962
2026,2,Chinese Grand Prix,R,SAI,51,HARD,,chinese-grand-prix_corner_10,chinese-grand-prix_corner_10,0.55,2542.665,49.309,2641.547,1.0
2026,2,Chinese Grand Prix,R,SAI,51,HARD,,chinese-grand-prix_corner_12,chinese-grand-prix_corner_12,0.55,3098.374,59.909,,0.856
2026,2,Chinese Grand Prix,R,SAI,51,HARD,,chinese-grand-prix_corner_17,chinese-grand-prix_corner_17,0.55,4540.461,80.709,4540.461,0.1404
2026,2,Chinese Grand Prix,R,SAI,51,HARD,,chinese-grand-prix_corner_18,chinese-grand-prix_corner_18,0.55,4796.52,87.029,4867.242,0.6591
2026,2,Chinese Grand Prix,R,STR,9,HARD,,chinese-grand-prix_corner_03,chinese-grand-prix_corner_03,0.55,800.711,14.234,800.711,0.2197
2026,2,Chinese Grand Prix,R,STR,9,HARD,,chinese-grand-prix_corner_04,chinese-grand-prix_corner_04,0.55,889.989,17.474,989.053,1.0
2026,2,Chinese Grand Prix,R,STR,9,HARD,,chinese-grand-prix_corner_06,chinese-grand-prix_corner_06,0.55,1553.829,30.835,1607.831,0.7849
2026,2,Chinese Grand Prix,R,STR,9,HARD,,chinese-grand-prix_corner_09,chinese-grand-prix_corner_09,0.55,2306.97,44.555,2393.613,0.0434
2026,2,Chinese Grand Prix,R,STR,9,HARD,,chinese-grand-prix_corner_10,chinese-grand-prix_corner_10,0.55,2537.668,50.354,2654.924,1.0
2026,2,Chinese Grand Prix,R,STR,9,HARD,,chinese-grand-prix_corner_12,chinese-grand-prix_corner_12,0.55,3103.289,61.954,3138.422,0.866
2026,2,Chinese Grand Prix,R,STR,9,HARD,,chinese-grand-prix_corner_17,chinese-grand-prix_corner_17,0.55,4753.649,89.194,,0.2264
2026,2,Chinese Grand Prix,R,STR,9,HARD,,chinese-grand-prix_corner_18,chinese-grand-prix_corner_18,0.55,4787.951,90.275,4787.951,1.0
2026,2,Chinese Grand Prix,R,VER,39,HARD,,chinese-grand-prix_corner_03,chinese-grand-prix_corner_03,0.55,802.984,13.435,,0.0953
2026,2,Chinese Grand Prix,R,VER,39,HARD,,chinese-grand-prix_corner_04,chinese-grand-prix_corner_04,0.55,900.532,16.916,991.677,1.0
2026,2,Chinese Grand Prix,R,VER,39,HARD,,chinese-grand-prix_corner_06,chinese-grand-prix_corner_06,0.55,1598.127,30.276,1642.183,0.6454
2026,2,Chinese Grand Prix,R,VER,39,HARD,,chinese-grand-prix_corner_09,chinese-grand-prix_corner_09,0.55,2371.972,43.636,,0.046
2026,2,Chinese Grand Prix,R,VER,39,HARD,,chinese-grand-prix_corner_10,chinese-grand-prix_corner_10,0.55,2538.672,47.836,2637.306,1.0
2026,2,Chinese Grand Prix,R,VER,39,HARD,,chinese-grand-prix_corner_12,chinese-grand-prix_corner_12,0.55,3119.86,59.036,,0.884
2026,2,Chinese Grand Prix,R,VER,39,HARD,,chinese-grand-prix_corner_17,chinese-grand-prix_corner_17,0.55,4519.682,79.477,4519.682,0.0731
2026,2,Chinese Grand Prix,R,VER,39,HARD,,chinese-grand-prix_corner_18,chinese-grand-prix_corner_18,0.55,4796.298,86.197,4823.02,0.82
2026,2,Chinese Grand Prix,S,ALB,19,SOFT,,chinese-grand-prix_corner_03,chinese-grand-prix_corner_03,0.55,762.443,11.788,,0.0753
2026,2,Chinese Grand Prix,S,ALB,19,SOFT,,chinese-grand-prix_corner_04,chinese-grand-prix_corner_04,0.55,934.402,17.908,944.847,1.0
2026,2,Chinese Grand Prix,S,ALB,19,SOFT,,chinese-grand-prix_corner_06,chinese-grand-prix_corner_06,0.55,1574.361,29.628,1652.894,1.0
2026,2,Chinese Grand Prix,S,ALB,19,SOFT,,chinese-grand-prix_corner_08,chinese-grand-prix_corner_08,0.55,2169.949,40.068,,0.0
2026,2,Chinese Grand Prix,S,ALB,19,SOFT,,chinese-grand-prix_corner_09,chinese-grand-prix_corner_09,0.55,2535.403,47.748,2685.292,1.0
2026,2,Chinese Grand Prix,S,ALB,19,SOFT,,chinese-grand-prix_corner_10,chinese-grand-prix_corner_10,0.55,2792.703,52.948,2792.703,0.0
2026,2,Chinese Grand Prix,S,ALB,19,SOFT,,chinese-grand-prix_corner_11,chinese-grand-prix_corner_11,0.55,3112.581,59.068,3392.303,0.9083
2026,2,Chinese Grand Prix,S,ALB,19,SOFT,,chinese-grand-prix_corner_16,chinese-grand-prix_corner_16,0.55,4657.792,82.028,4657.792,0.6997
2026,2,Chinese Grand Prix,S,ALO,19,HARD,,chinese-grand-prix_corner_03,chinese-grand-prix_corner_03,0.55,625.582,13.856,848.962,1.0
2026,2,Chinese Grand Prix,S,ALO,19,HARD,,chinese-grand-prix_corner_04,chinese-grand-prix_corner_04,0.55,949.151,22.256,967.973,1.0
2026,2,Chinese Grand Prix,S,ALO,19,HARD,,chinese-grand-prix_corner_06,chinese-grand-prix_corner_06,0.55,1567.329,35.016,1567.329,1.0
2026,2,Chinese Grand Prix,S,ALO,19,HARD,,chinese-grand-prix_corner_08,chinese-grand-prix_corner_08,0.55,2169.918,45.176,2441.702,0.8067
2026,2,Chinese Grand Prix,S,ALO,19,HARD,,chinese-grand-prix_corner_09,chinese-grand-prix_corner_09,0.55,2505.091,52.976,2505.091,0.2855
2026,2,Chinese Grand Prix,S,ALO,19,HARD,,chinese-grand-prix_corner_10,chinese-grand-prix_corner_10,0.55,2890.725,60.056,3094.825,0.4964
2026,2,Chinese Grand Prix,S,ALO,19,HARD,,chinese-grand-prix_corner_11,chinese-grand-prix_corner_11,0.55,3105.091,66.136,3105.091,1.0
2026,2,Chinese Grand Prix,S,ALO,19,HARD,,chinese-grand-prix_corner_16,chinese-grand-prix_corner_16,0.55,4652.686,87.216,4723.052,0.0
2026,2,Chinese Grand Prix,S,ANT,18,SOFT,,chinese-grand-prix_corner_03,chinese-grand-prix_corner_03,0.55,815.783,13.334,,0.1201
2026,2,Chinese Grand Prix,S,ANT,18,SOFT,,chinese-grand-prix_corner_04,chinese-grand-prix_corner_04,0.55,934.053,17.695,999.58,1.0
2026,2,Chinese Grand Prix,S,ANT,18,SOFT,,chinese-grand-prix_corner_06,chinese-grand-prix_corner_06,0.55,1558.662,29.815,1602.762,1.0
2026,2,Chinese Grand Prix,S,ANT,18,SOFT,,chinese-grand-prix_corner_08,chinese-grand-prix_corner_08,0.55,2169.042,39.814,,0.0
2026,2,Chinese Grand Prix,S,ANT,18,SOFT,,chinese-grand-prix_corner_09,chinese-grand-prix_corner_09,0.55,2506.218,46.614,2639.482,1.0
2026,2,Chinese Grand Prix,S,ANT,18,SOFT,,chinese-grand-prix_corner_10,chinese-grand-prix_corner_10,0.55,2808.615,52.215,2808.615,0.0876
2026,2,Chinese Grand Prix,S,ANT,18,SOFT,,chinese-grand-prix_corner_11,chinese-grand-prix_corner_11,0.55,3104.063,58.215,3104.063,1.0
2026,2,Chinese Grand Prix,S,ANT,18,SOFT,,chinese-grand-prix_corner_16,chinese-grand-prix_corner_16,0.55,4685.529,82.855,4744.018,0.7424
2026,2,Chinese Grand Prix,S,BEA,18,MEDIUM,,chinese-grand-prix_corner_03,chinese-grand-prix_corner_03,0.55,763.544,11.873,808.066,0.2326
2026,2,Chinese Grand Prix,S,BEA,18,MEDIUM,,chinese-grand-prix_corner_04,chinese-grand-prix_corner_04,0.55,930.384,17.874,992.217,1.0
2026,2,Chinese Grand Prix,S,BEA,18,MEDIUM,,chinese-grand-prix_corner_06,chinese-grand-prix_corner_06,0.55,1550.522,30.274,1597.833,1.0
2026,2,Chinese Grand Prix,S,BEA,18,MEDIUM,,chinese-grand-prix_corner_08,chinese-grand-prix_corner_08,0.55,2316.869,43.274,,0.0397
2026,2,Chinese Grand Prix,S,BEA,18,MEDIUM,,chinese-grand-prix_corner_09,chinese-grand-prix_corner_09,0.55,2480.105,47.193,2629.882,1.0
2026,2,Chinese Grand Prix,S,BEA,18,MEDIUM,,chinese-grand-prix_corner_10,chinese-grand-prix_corner_10,0.55,2791.451,53.313,2791.451,0.1356
2026,2,Chinese Grand Prix,S,BEA,18,MEDIUM,,chinese-grand-prix_corner_11,chinese-grand-prix_corner_11,0.55,3101.579,60.273,3101.579,1.0
2026,2,Chinese Grand Prix,S,BEA,18,MEDIUM,,chinese-grand-prix_corner_16,chinese-grand-prix_corner_16,0.55,4648.71,90.954,4648.71,1.0
2026,2,Chinese Grand Prix,S,BOR,18,MEDIUM,,chinese-grand-prix_corner_03,chinese-grand-prix_corner_03,0.55,625.237,8.052,625.237,0.0084
2026,2,Chinese Grand Prix,S,BOR,18,MEDIUM,,chinese-grand-prix_corner_04,chinese-grand-prix_corner_04,0.55,956.757,13.812,1002.597,1.0
2026,2,Chinese Grand Prix,S,BOR,18,MEDIUM,,chinese-grand-prix_corner_06,chinese-grand-prix_corner_06,0.55,1718.011,32.012,1744.177,0.9409
2026,2,Chinese Grand Prix,S,BOR,18,MEDIUM,,chinese-grand-prix_corner_08,chinese-grand-prix_corner_08,0.55,2215.245,40.092,2225.911,0.175
2026,2,Chinese Grand Prix,S,BOR,18,MEDIUM,,chinese-grand-prix_corner_09,chinese-grand-prix_corner_09,0.55,2482.027,44.612,2497.582,0.7068
2026,2,Chinese Grand Prix,S,BOR,18,MEDIUM,,chinese-grand-prix_corner_10,chinese-grand-prix_corner_10,0.55,2795.548,51.132,2831.315,0.6653
2026,2,Chinese Grand Prix,S,BOR,18,MEDIUM,,chinese-grand-prix_corner_11,chinese-grand-prix_corner_11,0.55,3254.635,59.732,3254.635,0.3137
2026,2,Chinese Grand Prix,S,BOR,18,MEDIUM,,chinese-grand-prix_corner_16,chinese-grand-prix_corner_16,0.55,4652.085,80.772,4652.085,0.2523
2026,2,Chinese Grand Prix,S,BOT,9,MEDIUM,,chinese-grand-prix_corner_03,chinese-grand-prix_corner_03,0.55,619.746,7.779,619.746,0.0222
2026,2,Chinese Grand Prix,S,BOT,9,MEDIUM,,chinese-grand-prix_corner_04,chinese-grand-prix_corner_04,0.55,931.205,17.38,1045.967,1.0
2026,2,Chinese Grand Prix,S,BOT,9,MEDIUM,,chinese-grand-prix_corner_06,chinese-grand-prix_corner_06,0.55,1592.976,30.259,1669.545,1.0
2026,2,Chinese Grand Prix,S,BOT,9,MEDIUM,,chinese-grand-prix_corner_08,chinese-grand-prix_corner_08,0.55,2180.469,40.979,2180.469,0.2464
2026,2,Chinese Grand Prix,S,BOT,9,MEDIUM,,chinese-grand-prix_corner_09,chinese-grand-prix_corner_09,0.55,2560.314,49.379,2716.557,1.0
2026,2,Chinese Grand Prix,S,BOT,9,MEDIUM,,chinese-grand-prix_corner_10,chinese-grand-prix_corner_10,0.55,2792.735,54.019,2792.735,0.0
2026,2,Chinese Grand Prix,S,BOT,9,MEDIUM,,chinese-grand-prix_corner_11,chinese-grand-prix_corner_11,0.55,3133.236,60.459,3186.759,0.9414
2026,2,Chinese Grand Prix,S,BOT,9,MEDIUM,,chinese-grand-prix_corner_16,chinese-grand-prix_corner_16,0.55,4742.675,87.579,4742.675,1.0
2026,2,Chinese Grand Prix,S,COL,18,SOFT,,chinese-grand-prix_corner_03,chinese-grand-prix_corner_03,0.55,808.542,13.368,,0.1153
2026,2,Chinese Grand Prix,S,COL,18,SOFT,,chinese-grand-prix_corner_04,chinese-grand-prix_corner_04,0.55,929.805,17.728,1056.994,1.0
2026,2,Chinese Grand Prix,S,COL,18,SOFT,,chinese-grand-prix_corner_06,chinese-grand-prix_corner_06,0.55,1573.4,29.847,1639.809,1.0
2026,2,Chinese Grand Prix,S,COL,18,SOFT,,chinese-grand-prix_corner_08,chinese-grand-prix_corner_08,0.55,2182.87,40.288,2182.87,0.0014
2026,2,Chinese Grand Prix,S,COL,18,SOFT,,chinese-grand-prix_corner_09,chinese-grand-prix_corner_09,0.55,2535.804,47.887,2672.693,1.0
2026,2,Chinese Grand Prix,S,COL,18,SOFT,,chinese-grand-prix_corner_10,chinese-grand-prix_corner_10,0.55,2807.071,53.208,2807.071,0.0
2026,2,Chinese Grand Prix,S,COL,18,SOFT,,chinese-grand-prix_corner_11,chinese-grand-prix_corner_11,0.55,3120.872,59.248,3379.046,0.892
2026,2,Chinese Grand Prix,S,COL,18,SOFT,,chinese-grand-prix_corner_16,chinese-grand-prix_corner_16,0.55,4669.043,81.288,4669.043,1.0
2026,2,Chinese Grand Prix,S,GAS,17,MEDIUM,,chinese-grand-prix_corner_03,chinese-grand-prix_corner_03,0.55,793.08,13.844,,0.3558
2026,2,Chinese Grand Prix,S,GAS,17,MEDIUM,,chinese-grand-prix_corner_04,chinese-grand-prix_corner_04,0.55,937.632,19.323,1052.148,1.0
2026,2,Chinese Grand Prix,S,GAS,17,MEDIUM,,chinese-grand-prix_corner_06,chinese-grand-prix_corner_06,0.55,1555.665,33.164,1555.665,0.6205
2026,2,Chinese Grand Prix,S,GAS,17,MEDIUM,,chinese-grand-prix_corner_08,chinese-grand-prix_corner_08,0.55,2284.0,44.843,2284.0,0.3675
2026,2,Chinese Grand Prix,S,GAS,17,MEDIUM,,chinese-grand-prix_corner_09,chinese-grand-prix_corner_09,0.55,2480.761,49.923,2563.583,1.0
2026,2,Chinese Grand Prix,S,GAS,17,MEDIUM,,chinese-grand-prix_corner_10,chinese-grand-prix_corner_10,0.55,2795.678,55.004,2795.678,0.4237
2026,2,Chinese Grand Prix,S,GAS,17,MEDIUM,,chinese-grand-prix_corner_11,chinese-grand-prix_corner_11,0.55,3098.259,62.323,3098.259,0.815
2026,2,Chinese Grand Prix,S,GAS,17,MEDIUM,,chinese-grand-prix_corner_16,chinese-grand-prix_corner_16,0.55,4650.189,87.484,4745.25,0.0
2026,2,Chinese Grand Prix,S,HAD,18,SOFT,,chinese-grand-prix_corner_03,chinese-grand-prix_corner_03,0.55,624.276,7.468,624.276,0.0
2026,2,Chinese Grand Prix,S,HAD,18,SOFT,,chinese-grand-prix_corner_04,chinese-grand-prix_corner_04,0.55,935.996,13.228,935.996,0.93
2026,2,Chinese Grand Prix,S,HAD,18,SOFT,,chinese-grand-prix_corner_06,chinese-grand-prix_corner_06,0.55,1672.302,27.468,1672.302,0.3791
2026,2,Chinese Grand Prix,S,HAD,18,SOFT,,chinese-grand-prix_corner_08,chinese-grand-prix_corner_08,0.55,2179.77,38.189,2179.77,0.2204
2026,2,Chinese Grand Prix,S,HAD,18,SOFT,,chinese-grand-prix_corner_09,chinese-grand-prix_corner_09,0.55,2484.051,43.029,,0.6375
2026,2,Chinese Grand Prix,S,HAD,18,SOFT,,chinese-grand-prix_corner_10,chinese-grand-prix_corner_10,0.55,2793.589,50.509,2809.067,0.98
2026,2,Chinese Grand Prix,S,HAD,18,SOFT,,chinese-grand-prix_corner_11,chinese-grand-prix_corner_11,0.55,3248.481,58.869,,0.241
2026,2,Chinese Grand Prix,S,HAD,18,SOFT,,chinese-grand-prix_corner_16,chinese-grand-prix_corner_16,0.55,4680.907,81.749,4680.907,0.7085
2026,2,Chinese Grand Prix,S,HAM,18,SOFT,,chinese-grand-prix_corner_03,chinese-grand-prix_corner_03,0.55,798.062,12.917,,0.2014
2026,2,Chinese Grand Prix,S,HAM,18,SOFT,,chinese-grand-prix_corner_04,chinese-grand-prix_corner_04,0.55,929.503,17.516,1007.322,1.0
2026,2,Chinese Grand Prix,S,HAM,18,SOFT,,chinese-grand-prix_corner_06,chinese-grand-prix_corner_06,0.55,1563.126,28.797,1633.571,0.996
2026,2,Chinese Grand Prix,S,HAM,18,SOFT,,chinese-grand-prix_corner_08,chinese-grand-prix_corner_08,0.55,2178.919,39.237,2178.919,0.0187
2026,2,Chinese Grand Prix,S,HAM,18,SOFT,,chinese-grand-prix_corner_09,chinese-grand-prix_corner_09,0.55,2513.233,45.837,2673.441,1.0
2026,2,Chinese Grand Prix,S,HAM,18,SOFT,,chinese-grand-prix_corner_10,chinese-grand-prix_corner_10,0.55,2791.466,51.197,2791.466,0.0173
2026,2,Chinese Grand Prix,S,HAM,18,SOFT,,chinese-grand-prix_corner_11,chinese-grand-prix_corner_11,0.55,3103.303,57.076,3367.07,0.988
2026,2,Chinese Grand Prix,S,HAM,18,SOFT,,chinese-grand-prix_corner_16,chinese-grand-prix_corner_16,0.55,4727.619,82.677,4808.018,1.0
2026,2,Chinese Grand Prix,S,HUL,5,MEDIUM,,chinese-grand-prix_corner_03,chinese-grand-prix_corner_03,0.55,798.954,13.694,,0.2061
2026,2,Chinese Grand Prix,S,HUL,5,MEDIUM,,chinese-grand-prix_corner_04,chinese-grand-prix_corner_04,0.55,933.951,18.494,999.906,1.0
2026,2,Chinese Grand Prix,S,HUL,5,MEDIUM,,chinese-grand-prix_corner_06,chinese-grand-prix_corner_06,0.55,1558.288,29.814,1631.601,1.0
2026,2,Chinese Grand Prix,S,HUL,5,MEDIUM,,chinese-grand-prix_corner_08,chinese-grand-prix_corner_08,0.55,2319.723,43.534,,0.0
2026,2,Chinese Grand Prix,S,HUL,5,MEDIUM,,chinese-grand-prix_corner_09,chinese-grand-prix_corner_09,0.55,2511.626,47.854,2649.877,1.0
2026,2,Chinese Grand Prix,S,HUL,5,MEDIUM,,chinese-grand-prix_corner_10,chinese-grand-prix_corner_10,0.55,2796.475,53.494,2796.475,0.0
2026,2,Chinese Grand Prix,S,HUL,5,MEDIUM,,chinese-grand-prix_corner_11,chinese-grand-prix_corner_11,0.55,3131.492,60.134,3131.492,0.9775
2026,2,Chinese Grand Prix,S,HUL,5,MEDIUM,,chinese-grand-prix_corner_16,chinese-grand-prix_corner_16,0.55,4659.335,84.295,4659.335,1.0
2026,2,Chinese Grand Prix,S,LAW,19,HARD,,chinese-grand-prix_corner_03,chinese-grand-prix_corner_03,0.55,625.408,9.789,625.408,0.3484
2026,2,Chinese Grand Prix,S,LAW,19,HARD,,chinese-grand-prix_corner_04,chinese-grand-prix_corner_04,0.55,932.216,18.95,1012.516,1.0
2026,2,Chinese Grand Prix,S,LAW,19,HARD,,chinese-grand-prix_corner_06,chinese-grand-prix_corner_06,0.55,1549.695,30.47,1599.884,1.0
2026,2,Chinese Grand Prix,S,LAW,19,HARD,,chinese-grand-prix_corner_08,chinese-grand-prix_corner_08,0.55,2304.139,43.43,2368.184,0.0
2026,2,Chinese Grand Prix,S,LAW,19,HARD,,chinese-grand-prix_corner_09,chinese-grand-prix_corner_09,0.55,2482.228,47.67,2640.217,1.0
2026,2,Chinese Grand Prix,S,LAW,19,HARD,,chinese-grand-prix_corner_10,chinese-grand-prix_corner_10,0.55,2797.251,53.79,2797.251,0.2
2026,2,Chinese Grand Prix,S,LAW,19,HARD,,chinese-grand-prix_corner_11,chinese-grand-prix_corner_11,0.55,3134.669,61.39,3338.691,0.974
2026,2,Chinese Grand Prix,S,LAW,19,HARD,,chinese-grand-prix_corner_16,chinese-grand-prix_corner_16,0.55,4663.557,82.63,4663.557,1.0
2026,2,Chinese Grand Prix,S,LEC,18,SOFT,,chinese-grand-prix_corner_03,chinese-grand-prix_corner_03,0.55,642.282,8.368,,0.1714
2026,2,Chinese Grand Prix,S,LEC,18,SOFT,,chinese-grand-prix_corner_04,chinese-grand-prix_corner_04,0.55,932.611,17.487,988.477,1.0
2026,2,Chinese Grand Prix,S,LEC,18,SOFT,,chinese-grand-prix_corner_06,chinese-grand-prix_corner_06,0.55,1558.762,28.568,1621.188,0.99
2026,2,Chinese Grand Prix,S,LEC,18,SOFT,,chinese-grand-prix_corner_08,chinese-grand-prix_corner_08,0.55,2177.062,39.247,2177.062,0.0054
2026,2,Chinese Grand Prix,S,LEC,18,SOFT,,chinese-grand-prix_corner_09,chinese-grand-prix_corner_09,0.55,2513.566,46.007,2649.789,1.0
2026,2,Chinese Grand Prix,S,LEC,18,SOFT,,chinese-grand-prix_corner_10,chinese-grand-prix_corner_10,0.55,2815.221,51.567,2815.221,0.0103
2026,2,Chinese Grand Prix,S,LEC,18,SOFT,,chinese-grand-prix_corner_11,chinese-grand-prix_corner_11,0.55,3098.373,56.848,3342.52,0.972
2026,2,Chinese Grand Prix,S,LEC,18,SOFT,,chinese-grand-prix_corner_16,chinese-grand-prix_corner_16,0.55,4731.703,82.488,4815.379,0.998
2026,2,Chinese Grand Prix,S,LIN,6,MEDIUM,,chinese-grand-prix_corner_03,chinese-grand-prix_corner_03,0.55,834.825,14.058,,0.1043
2026,2,Chinese Grand Prix,S,LIN,6,MEDIUM,,chinese-grand-prix_corner_04,chinese-grand-prix_corner_04,0.55,935.181,17.698,1077.206,1.0
2026,2,Chinese Grand Prix,S,LIN,6,MEDIUM,,chinese-grand-prix_corner_06,chinese-grand-prix_corner_06,0.55,1572.223,30.338,1647.49,0.998
2026,2,Chinese Grand Prix,S,LIN,6,MEDIUM,,chinese-grand-prix_corner_08,chinese-grand-prix_corner_08,0.55,2177.521,40.978,,0.0
2026,2,Chinese Grand Prix,S,LIN,6,MEDIUM,,chinese-grand-prix_corner_09,chinese-grand-prix_corner_09,0.55,2511.324,48.178,2662.235,1.0
2026,2,Chinese Grand Prix,S,LIN,6,MEDIUM,,chinese-grand-prix_corner_10,chinese-grand-prix_corner_10,0.55,2797.637,53.939,2797.637,0.0
2026,2,Chinese Grand Prix,S,LIN,6,MEDIUM,,chinese-grand-prix_corner_11,chinese-grand-prix_corner_11,0.55,3141.211,61.178,3141.211,0.974
2026,2,Chinese Grand Prix,S,LIN,6,MEDIUM,,chinese-grand-prix_corner_16,chinese-grand-prix_corner_16,0.55,4722.515,86.139,4798.326,1.0
2026,2,Chinese Grand Prix,S,NOR,19,SOFT,,chinese-grand-prix_corner_03,chinese-grand-prix_corner_03,0.55,621.268,8.253,621.268,0.0196
2026,2,Chinese Grand Prix,S,NOR,19,SOFT,,chinese-grand-prix_corner_04,chinese-grand-prix_corner_04,0.55,933.259,17.293,1003.115,1.0
2026,2,Chinese Grand Prix,S,NOR,19,SOFT,,chinese-grand-prix_corner_06,chinese-grand-prix_corner_06,0.55,1559.984,31.733,1569.04,0.9921
2026,2,Chinese Grand Prix,S,NOR,19,SOFT,,chinese-grand-prix_corner_08,chinese-grand-prix_corner_08,0.55,2300.218,43.493,2300.218,0.2061
2026,2,Chinese Grand Prix,S,NOR,19,SOFT,,chinese-grand-prix_corner_09,chinese-grand-prix_corner_09,0.55,2485.285,48.013,2573.852,1.0
2026,2,Chinese Grand Prix,S,NOR,19,SOFT,,chinese-grand-prix_corner_10,chinese-grand-prix_corner_10,0.55,2796.507,53.213,2796.507,0.103
2026,2,Chinese Grand Prix,S,NOR,19,SOFT,,chinese-grand-prix_corner_11,chinese-grand-prix_corner_11,0.55,3099.818,61.413,3099.818,1.0
2026,2,Chinese Grand Prix,S,NOR,19,SOFT,,chinese-grand-prix_corner_16,chinese-grand-prix_corner_16,0.55,4662.396,86.933,4662.396,0.7468
2026,2,Chinese Grand Prix,S,OCO,18,MEDIUM,,chinese-grand-prix_corner_03,chinese-grand-prix_corner_03,0.55,802.329,13.521,,0.3017
2026,2,Chinese Grand Prix,S,OCO,18,MEDIUM,,chinese-grand-prix_corner_04,chinese-grand-prix_corner_04,0.55,936.44,18.52,1005.915,1.0
2026,2,Chinese Grand Prix,S,OCO,18,MEDIUM,,chinese-grand-prix_corner_06,chinese-grand-prix_corner_06,0.55,1557.468,29.881,1620.324,1.0
2026,2,Chinese Grand Prix,S,OCO,18,MEDIUM,,chinese-grand-prix_corner_08,chinese-grand-prix_corner_08,0.55,2326.616,43.361,,0.0262
2026,2,Chinese Grand Prix,S,OCO,18,MEDIUM,,chinese-grand-prix_corner_09,chinese-grand-prix_corner_09,0.55,2492.288,47.441,2649.562,1.0
2026,2,Chinese Grand Prix,S,OCO,18,MEDIUM,,chinese-grand-prix_corner_10,chinese-grand-prix_corner_10,0.55,2804.105,53.481,2804.105,0.1291
2026,2,Chinese Grand Prix,S,OCO,18,MEDIUM,,chinese-grand-prix_corner_11,chinese-grand-prix_corner_11,0.55,3110.272,60.001,3324.608,0.8284
2026,2,Chinese Grand Prix,S,OCO,18,MEDIUM,,chinese-grand-prix_corner_16,chinese-grand-prix_corner_16,0.55,4713.164,84.36,4799.259,1.0
2026,2,Chinese Grand Prix,S,PER,18,SOFT,,chinese-grand-prix_corner_03,chinese-grand-prix_corner_03,0.55,628.711,8.238,,0.1248
2026,2,Chinese Grand Prix,S,PER,18,SOFT,,chinese-grand-prix_corner_04,chinese-grand-prix_corner_04,0.55,931.384,18.157,1025.022,1.0
2026,2,Chinese Grand Prix,S,PER,18,SOFT,,chinese-grand-prix_corner_06,chinese-grand-prix_corner_06,0.55,1576.605,30.078,1651.232,1.0
2026,2,Chinese Grand Prix,S,PER,18,SOFT,,chinese-grand-prix_corner_08,chinese-grand-prix_corner_08,0.55,2177.274,40.918,,0.0085
2026,2,Chinese Grand Prix,S,PER,18,SOFT,,chinese-grand-prix_corner_09,chinese-grand-prix_corner_09,0.55,2528.144,48.638,2659.724,1.0
2026,2,Chinese Grand Prix,S,PER,18,SOFT,,chinese-grand-prix_corner_10,chinese-grand-prix_corner_10,0.55,2797.699,53.998,2797.699,0.0
2026,2,Chinese Grand Prix,S,PER,18,SOFT,,chinese-grand-prix_corner_11,chinese-grand-prix_corner_11,0.55,3099.987,59.958,3369.066,0.942
2026,2,Chinese Grand Prix,S,PER,18,SOFT,,chinese-grand-prix_corner_16,chinese-grand-prix_corner_16,0.55,4735.229,86.398,4813.029,1.0
2026,2,Chinese Grand Prix,S,PIA,19,SOFT,,chinese-grand-prix_corner_03,chinese-grand-prix_corner_03,0.55,639.178,8.484,,0.1654
2026,2,Chinese Grand Prix,S,PIA,19,SOFT,,chinese-grand-prix_corner_04,chinese-grand-prix_corner_04,0.55,932.055,17.883,984.235,1.0
2026,2,Chinese Grand Prix,S,PIA,19,SOFT,,chinese-grand-prix_corner_06,chinese-grand-prix_corner_06,0.55,1559.791,30.604,1588.017,0.99
2026,2,Chinese Grand Prix,S,PIA,19,SOFT,,chinese-grand-prix_corner_08,chinese-grand-prix_corner_08,0.55,2320.074,42.964,,0.0291
2026,2,Chinese Grand Prix,S,PIA,19,SOFT,,chinese-grand-prix_corner_09,chinese-grand-prix_corner_09,0.55,2481.486,46.924,2631.997,1.0
2026,2,Chinese Grand Prix,S,PIA,19,SOFT,,chinese-grand-prix_corner_10,chinese-grand-prix_corner_10,0.55,2793.963,52.604,2793.963,0.1477
2026,2,Chinese Grand Prix,S,PIA,19,SOFT,,chinese-grand-prix_corner_11,chinese-grand-prix_corner_11,0.55,3100.063,59.444,3141.919,0.99
2026,2,Chinese Grand Prix,S,PIA,19,SOFT,,chinese-grand-prix_corner_16,chinese-grand-prix_corner_16,0.55,4653.541,80.564,4653.541,0.3596
2026,2,Chinese Grand Prix,S,RUS,18,SOFT,,chinese-grand-prix_corner_03,chinese-grand-prix_corner_03,0.55,626.95,8.29,626.95,0.0271
2026,2,Chinese Grand Prix,S,RUS,18,SOFT,,chinese-grand-prix_corner_04,chinese-grand-prix_corner_04,0.55,931.453,17.49,981.779,1.0
2026,2,Chinese Grand Prix,S,RUS,18,SOFT,,chinese-grand-prix_corner_06,chinese-grand-prix_corner_06,0.55,1552.395,30.37,1564.095,0.996
2026,2,Chinese Grand Prix,S,RUS,18,SOFT,,chinese-grand-prix_corner_08,chinese-grand-prix_corner_08,0.55,2174.965,40.249,,0.0365
2026,2,Chinese Grand Prix,S,RUS,18,SOFT,,chinese-grand-prix_corner_09,chinese-grand-prix_corner_09,0.55,2486.702,46.649,2647.276,1.0
2026,2,Chinese Grand Prix,S,RUS,18,SOFT,,chinese-grand-prix_corner_10,chinese-grand-prix_corner_10,0.55,2805.816,52.289,2805.816,0.1783
2026,2,Chinese Grand Prix,S,RUS,18,SOFT,,chinese-grand-prix_corner_11,chinese-grand-prix_corner_11,0.55,3143.224,59.969,3313.037,1.0
2026,2,Chinese Grand Prix,S,RUS,18,SOFT,,chinese-grand-prix_corner_16,chinese-grand-prix_corner_16,0.55,4727.313,82.97,4791.857,1.0
2026,2,Chinese Grand Prix,S,SAI,18,HARD,,chinese-grand-prix_corner_03,chinese-grand-prix_corner_03,0.55,677.488,7.942,677.488,1.0
2026,2,Chinese Grand Prix,S,SAI,18,HARD,,chinese-grand-prix_corner_04,chinese-grand-prix_corner_04,0.55,937.493,11.021,937.493,0.3907
2026,2,Chinese Grand Prix,S,SAI,18,HARD,,chinese-grand-prix_corner_06,chinese-grand-prix_corner_06,0.55,1559.354,24.821,1559.354,0.2386
2026,2,Chinese Grand Prix,S,SAI,18,HARD,,chinese-grand-prix_corner_08,chinese-grand-prix_corner_08,0.55,2170.971,36.981,2431.328,0.5863
2026,2,Chinese Grand Prix,S,SAI,18,HARD,,chinese-grand-prix_corner_09,chinese-grand-prix_corner_09,0.55,2487.528,41.702,2487.528,0.8084
2026,2,Chinese Grand Prix,S,SAI,18,HARD,,chinese-grand-prix_corner_10,chinese-grand-prix_corner_10,0.55,2794.193,47.982,2794.193,1.0
2026,2,Chinese Grand Prix,S,SAI,18,HARD,,chinese-grand-prix_corner_11,chinese-grand-prix_corner_11,0.55,3111.133,54.102,3111.133,0.0839
2026,2,Chinese Grand Prix,S,SAI,18,HARD,,chinese-grand-prix_corner_16,chinese-grand-prix_corner_16,0.55,4663.647,80.862,4663.647,1.0
2026,2,Chinese Grand Prix,S,STR,18,MEDIUM,,chinese-grand-prix_corner_03,chinese-grand-prix_corner_03,0.55,660.966,9.08,,0.128
2026,2,Chinese Grand Prix,S,STR,18,MEDIUM,,chinese-grand-prix_corner_04,chinese-grand-prix_corner_04,0.55,931.971,17.999,1000.804,1.0
2026,2,Chinese Grand Prix,S,STR,18,MEDIUM,,chinese-grand-prix_corner_06,chinese-grand-prix_corner_06,0.55,1581.262,30.08,1630.737,1.0
2026,2,Chinese Grand Prix,S,STR,18,MEDIUM,,chinese-grand-prix_corner_08,chinese-grand-prix_corner_08,0.55,2174.841,40.6,2174.841,0.1186
2026,2,Chinese Grand Prix,S,STR,18,MEDIUM,,chinese-grand-prix_corner_09,chinese-grand-prix_corner_09,0.55,2559.469,48.64,2679.215,1.0
2026,2,Chinese Grand Prix,S,STR,18,MEDIUM,,chinese-grand-prix_corner_10,chinese-grand-prix_corner_10,0.55,2789.907,53.32,2789.907,0.0
2026,2,Chinese Grand Prix,S,STR,18,MEDIUM,,chinese-grand-prix_corner_11,chinese-grand-prix_corner_11,0.55,3127.163,59.92,3344.456,1.0
2026,2,Chinese Grand Prix,S,STR,18,MEDIUM,,chinese-grand-prix_corner_16,chinese-grand-prix_corner_16,0.55,4741.404,85.88,4810.304,1.0
2026,2,Chinese Grand Prix,S,VER,19,SOFT,,chinese-grand-prix_corner_03,chinese-grand-prix_corner_03,0.55,817.589,13.227,,0.0521
2026,2,Chinese Grand Prix,S,VER,19,SOFT,,chinese-grand-prix_corner_04,chinese-grand-prix_corner_04,0.55,936.228,17.268,1005.372,1.0
2026,2,Chinese Grand Prix,S,VER,19,SOFT,,chinese-grand-prix_corner_06,chinese-grand-prix_corner_06,0.55,1601.106,29.508,1662.672,1.0
2026,2,Chinese Grand Prix,S,VER,19,SOFT,,chinese-grand-prix_corner_08,chinese-grand-prix_corner_08,0.55,2181.161,39.468,2181.161,0.2711
2026,2,Chinese Grand Prix,S,VER,19,SOFT,,chinese-grand-prix_corner_09,chinese-grand-prix_corner_09,0.55,2544.839,46.788,2669.884,1.0
2026,2,Chinese Grand Prix,S,VER,19,SOFT,,chinese-grand-prix_corner_10,chinese-grand-prix_corner_10,0.55,2809.839,52.028,2809.839,0.0
2026,2,Chinese Grand Prix,S,VER,19,SOFT,,chinese-grand-prix_corner_11,chinese-grand-prix_corner_11,0.55,3137.795,58.268,,0.86
2026,2,Chinese Grand Prix,S,VER,19,SOFT,,chinese-grand-prix_corner_16,chinese-grand-prix_corner_16,0.55,4743.462,84.148,4793.968,1.0
2026,2,Chinese Grand Prix,SQ,ALB,3,MEDIUM,,chinese-grand-prix_corner_03,chinese-grand-prix_corner_03,0.55,743.182,10.692,,0.0
2026,2,Chinese Grand Prix,SQ,ALB,3,MEDIUM,,chinese-grand-prix_corner_04,chinese-grand-prix_corner_04,0.55,899.815,16.092,1005.326,1.0
2026,2,Chinese Grand Prix,SQ,ALB,3,MEDIUM,,chinese-grand-prix_corner_06,chinese-grand-prix_corner_06,0.55,1583.626,28.652,1652.404,0.8087
2026,2,Chinese Grand Prix,SQ,ALB,3,MEDIUM,,chinese-grand-prix_corner_09,chinese-grand-prix_corner_09,0.55,2353.115,41.292,2353.115,0.4016
2026,2,Chinese Grand Prix,SQ,ALB,3,MEDIUM,,chinese-grand-prix_corner_11,chinese-grand-prix_corner_11,0.55,2949.231,53.133,2949.231,0.1529
2026,2,Chinese Grand Prix,SQ,ALB,3,MEDIUM,,chinese-grand-prix_corner_12,chinese-grand-prix_corner_12,0.55,3241.986,60.492,,0.8567
2026,2,Chinese Grand Prix,SQ,ALB,3,MEDIUM,,chinese-grand-prix_corner_17,chinese-grand-prix_corner_17,0.55,4705.943,79.813,4705.943,0.6853
2026,2,Chinese Grand Prix,SQ,ALB,3,MEDIUM,,chinese-grand-prix_corner_18,chinese-grand-prix_corner_18,0.55,5012.026,87.932,5012.026,0.8715
2026,2,Chinese Grand Prix,SQ,ALO,4,MEDIUM,,chinese-grand-prix_corner_03,chinese-grand-prix_corner_03,0.55,804.146,12.902,,0.0
2026,2,Chinese Grand Prix,SQ,ALO,4,MEDIUM,,chinese-grand-prix_corner_04,chinese-grand-prix_corner_04,0.55,910.809,16.581,989.531,1.0
2026,2,Chinese Grand Prix,SQ,ALO,4,MEDIUM,,chinese-grand-prix_corner_06,chinese-grand-prix_corner_06,0.55,1583.481,28.942,1669.615,0.7163
2026,2,Chinese Grand Prix,SQ,ALO,4,MEDIUM,,chinese-grand-prix_corner_09,chinese-grand-prix_corner_09,0.55,2358.501,42.701,2358.501,0.5549
2026,2,Chinese Grand Prix,SQ,ALO,4,MEDIUM,,chinese-grand-prix_corner_11,chinese-grand-prix_corner_11,0.55,2946.591,53.782,2946.591,0.1985
2026,2,Chinese Grand Prix,SQ,ALO,4,MEDIUM,,chinese-grand-prix_corner_12,chinese-grand-prix_corner_12,0.55,3244.994,61.702,3329.169,1.0
2026,2,Chinese Grand Prix,SQ,ALO,4,MEDIUM,,chinese-grand-prix_corner_17,chinese-grand-prix_corner_17,0.55,4758.32,83.301,4818.308,1.0
2026,2,Chinese Grand Prix,SQ,ALO,4,MEDIUM,,chinese-grand-prix_corner_18,chinese-grand-prix_corner_18,0.55,4998.874,88.702,4998.874,0.9958
2026,2,Chinese Grand Prix,SQ,ANT,12,SOFT,,chinese-grand-prix_corner_03,chinese-grand-prix_corner_03,0.55,651.864,8.039,,0.0
2026,2,Chinese Grand Prix,SQ,ANT,12,SOFT,,chinese-grand-prix_corner_04,chinese-grand-prix_corner_04,0.55,905.472,15.479,983.156,1.0
2026,2,Chinese Grand Prix,SQ,ANT,12,SOFT,,chinese-grand-prix_corner_06,chinese-grand-prix_corner_06,0.55,1595.229,28.039,1644.194,0.8692
2026,2,Chinese Grand Prix,SQ,ANT,12,SOFT,,chinese-grand-prix_corner_09,chinese-grand-prix_corner_09,0.55,2358.393,40.4,2641.328,0.7837
2026,2,Chinese Grand Prix,SQ,ANT,12,SOFT,,chinese-grand-prix_corner_11,chinese-grand-prix_corner_11,0.55,2941.168,51.2,2941.168,0.154
2026,2,Chinese Grand Prix,SQ,ANT,12,SOFT,,chinese-grand-prix_corner_12,chinese-grand-prix_corner_12,0.55,3236.925,58.44,3339.58,1.0
2026,2,Chinese Grand Prix,SQ,ANT,12,SOFT,,chinese-grand-prix_corner_17,chinese-grand-prix_corner_17,0.55,4714.691,76.88,4714.691,0.709
2026,2,Chinese Grand Prix,SQ,ANT,12,SOFT,,chinese-grand-prix_corner_18,chinese-grand-prix_corner_18,0.55,5000.11,84.56,5000.11,0.8871
2026,2,Chinese Grand Prix,SQ,BEA,15,SOFT,,chinese-grand-prix_corner_03,chinese-grand-prix_corner_03,0.55,658.624,8.437,,0.0035
2026,2,Chinese Grand Prix,SQ,BEA,15,SOFT,,chinese-grand-prix_corner_04,chinese-grand-prix_corner_04,0.55,895.709,15.637,984.314,1.0
2026,2,Chinese Grand Prix,SQ,BEA,15,SOFT,,chinese-grand-prix_corner_06,chinese-grand-prix_corner_06,0.55,1586.152,28.517,1654.85,0.9784
2026,2,Chinese Grand Prix,SQ,BEA,15,SOFT,,chinese-grand-prix_corner_09,chinese-grand-prix_corner_09,0.55,2397.097,41.797,2468.703,0.8302
2026,2,Chinese Grand Prix,SQ,BEA,15,SOFT,,chinese-grand-prix_corner_11,chinese-grand-prix_corner_11,0.55,2952.554,52.158,2952.554,0.3474
2026,2,Chinese Grand Prix,SQ,BEA,15,SOFT,,chinese-grand-prix_corner_12,chinese-grand-prix_corner_12,0.55,3245.025,59.678,3394.084,1.0
2026,2,Chinese Grand Prix,SQ,BEA,15,SOFT,,chinese-grand-prix_corner_17,chinese-grand-prix_corner_17,0.55,4712.617,78.518,4712.617,1.0
2026,2,Chinese Grand Prix,SQ,BEA,15,SOFT,,chinese-grand-prix_corner_18,chinese-grand-prix_corner_18,0.55,5003.668,81.999,5003.668,1.0
2026,2,Chinese Grand Prix,SQ,BOR,11,MEDIUM,,chinese-grand-prix_corner_03,chinese-grand-prix_corner_03,0.55,596.57,17.172,654.637,1.0
2026,2,Chinese Grand Prix,SQ,BOR,11,MEDIUM,,chinese-grand-prix_corner_04,chinese-grand-prix_corner_04,0.55,890.903,22.292,890.903,0.0
2026,2,Chinese Grand Prix,SQ,BOR,11,MEDIUM,,chinese-grand-prix_corner_06,chinese-grand-prix_corner_06,0.55,1472.479,33.612,1472.479,0.9658
2026,2,Chinese Grand Prix,SQ,BOR,11,MEDIUM,,chinese-grand-prix_corner_09,chinese-grand-prix_corner_09,0.55,2367.134,49.372,2367.134,1.0
2026,2,Chinese Grand Prix,SQ,BOR,11,MEDIUM,,chinese-grand-prix_corner_11,chinese-grand-prix_corner_11,0.55,2941.146,61.252,3013.168,1.0
2026,2,Chinese Grand Prix,SQ,BOR,11,MEDIUM,,chinese-grand-prix_corner_12,chinese-grand-prix_corner_12,0.55,3244.244,66.053,3244.244,1.0
2026,2,Chinese Grand Prix,SQ,BOR,11,MEDIUM,,chinese-grand-prix_corner_17,chinese-grand-prix_corner_17,0.55,4712.431,86.573,4712.431,0.5379
2026,2,Chinese Grand Prix,SQ,BOR,11,MEDIUM,,chinese-grand-prix_corner_18,chinese-grand-prix_corner_18,0.55,4997.306,92.172,4997.306,1.0
2026,2,Chinese Grand Prix,SQ,BOT,7,MEDIUM,,chinese-grand-prix_corner_03,chinese-grand-prix_corner_03,0.55,592.032,7.352,,0.0
2026,2,Chinese Grand Prix,SQ,BOT,7,MEDIUM,,chinese-grand-prix_corner_04,chinese-grand-prix_corner_04,0.55,890.23,16.153,991.519,1.0
2026,2,Chinese Grand Prix,SQ,BOT,7,MEDIUM,,chinese-grand-prix_corner_06,chinese-grand-prix_corner_06,0.55,1566.861,28.913,1633.795,1.0
2026,2,Chinese Grand Prix,SQ,BOT,7,MEDIUM,,chinese-grand-prix_corner_09,chinese-grand-prix_corner_09,0.55,2353.853,42.593,2628.849,0.87
2026,2,Chinese Grand Prix,SQ,BOT,7,MEDIUM,,chinese-grand-prix_corner_11,chinese-grand-prix_corner_11,0.55,2952.889,54.312,2952.889,0.2428
2026,2,Chinese Grand Prix,SQ,BOT,7,MEDIUM,,chinese-grand-prix_corner_12,chinese-grand-prix_corner_12,0.55,3236.464,62.153,3348.42,1.0
2026,2,Chinese Grand Prix,SQ,BOT,7,MEDIUM,,chinese-grand-prix_corner_17,chinese-grand-prix_corner_17,0.55,4757.255,84.873,4810.177,1.0
2026,2,Chinese Grand Prix,SQ,BOT,7,MEDIUM,,chinese-grand-prix_corner_18,chinese-grand-prix_corner_18,0.55,5001.436,90.153,5001.436,0.9174
2026,2,Chinese Grand Prix,SQ,COL,11,MEDIUM,,chinese-grand-prix_corner_03,chinese-grand-prix_corner_03,0.55,602.654,8.645,,0.3974
2026,2,Chinese Grand Prix,SQ,COL,11,MEDIUM,,chinese-grand-prix_corner_04,chinese-grand-prix_corner_04,0.55,894.924,17.966,929.979,1.0
2026,2,Chinese Grand Prix,SQ,COL,11,MEDIUM,,chinese-grand-prix_corner_06,chinese-grand-prix_corner_06,0.55,1518.894,29.005,1575.178,1.0
2026,2,Chinese Grand Prix,SQ,COL,11,MEDIUM,,chinese-grand-prix_corner_09,chinese-grand-prix_corner_09,0.55,2359.598,43.166,2620.805,0.94
2026,2,Chinese Grand Prix,SQ,COL,11,MEDIUM,,chinese-grand-prix_corner_11,chinese-grand-prix_corner_11,0.55,3043.8,56.806,,0.5745
2026,2,Chinese Grand Prix,SQ,COL,11,MEDIUM,,chinese-grand-prix_corner_12,chinese-grand-prix_corner_12,0.55,3238.287,62.405,3284.697,1.0
2026,2,Chinese Grand Prix,SQ,COL,11,MEDIUM,,chinese-grand-prix_corner_17,chinese-grand-prix_corner_17,0.55,4728.348,82.247,4805.11,1.0
2026,2,Chinese Grand Prix,SQ,COL,11,MEDIUM,,chinese-grand-prix_corner_18,chinese-grand-prix_corner_18,0.55,5001.01,87.966,5001.01,0.7537
2026,2,Chinese Grand Prix,SQ,GAS,14,SOFT,,chinese-grand-prix_corner_03,chinese-grand-prix_corner_03,0.55,804.963,12.697,,0.0
2026,2,Chinese Grand Prix,SQ,GAS,14,SOFT,,chinese-grand-prix_corner_04,chinese-grand-prix_corner_04,0.55,897.156,15.778,986.426,1.0
2026,2,Chinese Grand Prix,SQ,GAS,14,SOFT,,chinese-grand-prix_corner_06,chinese-grand-prix_corner_06,0.55,1586.824,28.377,1642.335,1.0
2026,2,Chinese Grand Prix,SQ,GAS,14,SOFT,,chinese-grand-prix_corner_09,chinese-grand-prix_corner_09,0.55,2357.111,40.977,2632.562,0.8629
2026,2,Chinese Grand Prix,SQ,GAS,14,SOFT,,chinese-grand-prix_corner_11,chinese-grand-prix_corner_11,0.55,2949.278,51.938,2949.278,0.272
2026,2,Chinese Grand Prix,SQ,GAS,14,SOFT,,chinese-grand-prix_corner_12,chinese-grand-prix_corner_12,0.55,3242.925,59.697,3296.292,1.0
2026,2,Chinese Grand Prix,SQ,GAS,14,SOFT,,chinese-grand-prix_corner_17,chinese-grand-prix_corner_17,0.55,4786.809,81.298,4841.698,1.0
2026,2,Chinese Grand Prix,SQ,GAS,14,SOFT,,chinese-grand-prix_corner_18,chinese-grand-prix_corner_18,0.55,4998.687,85.738,4998.687,0.9506
2026,2,Chinese Grand Prix,SQ,HAD,9,MEDIUM,,chinese-grand-prix_corner_03,chinese-grand-prix_corner_03,0.55,792.508,12.278,,0.0
2026,2,Chinese Grand Prix,SQ,HAD,9,MEDIUM,,chinese-grand-prix_corner_04,chinese-grand-prix_corner_04,0.55,901.877,16.078,990.199,1.0
2026,2,Chinese Grand Prix,SQ,HAD,9,MEDIUM,,chinese-grand-prix_corner_06,chinese-grand-prix_corner_06,0.55,1574.892,28.797,1630.049,1.0
2026,2,Chinese Grand Prix,SQ,HAD,9,MEDIUM,,chinese-grand-prix_corner_09,chinese-grand-prix_corner_09,0.55,2376.822,42.398,2630.6,0.804
2026,2,Chinese Grand Prix,SQ,HAD,9,MEDIUM,,chinese-grand-prix_corner_11,chinese-grand-prix_corner_11,0.55,2950.56,53.158,2950.56,0.186
2026,2,Chinese Grand Prix,SQ,HAD,9,MEDIUM,,chinese-grand-prix_corner_12,chinese-grand-prix_corner_12,0.55,3246.983,60.918,3386.318,1.0
2026,2,Chinese Grand Prix,SQ,HAD,9,MEDIUM,,chinese-grand-prix_corner_17,chinese-grand-prix_corner_17,0.55,4769.618,81.958,4832.929,1.0
2026,2,Chinese Grand Prix,SQ,HAD,9,MEDIUM,,chinese-grand-prix_corner_18,chinese-grand-prix_corner_18,0.55,5007.074,87.038,5007.074,0.9846
2026,2,Chinese Grand Prix,SQ,HAM,12,SOFT,,chinese-grand-prix_corner_03,chinese-grand-prix_corner_03,0.55,756.421,11.233,,0.0556
2026,2,Chinese Grand Prix,SQ,HAM,12,SOFT,,chinese-grand-prix_corner_04,chinese-grand-prix_corner_04,0.55,884.436,15.472,970.162,0.995
2026,2,Chinese Grand Prix,SQ,HAM,12,SOFT,,chinese-grand-prix_corner_06,chinese-grand-prix_corner_06,0.55,1561.89,27.952,1608.512,0.994
2026,2,Chinese Grand Prix,SQ,HAM,12,SOFT,,chinese-grand-prix_corner_09,chinese-grand-prix_corner_09,0.55,2353.394,41.072,2619.273,0.948
2026,2,Chinese Grand Prix,SQ,HAM,12,SOFT,,chinese-grand-prix_corner_11,chinese-grand-prix_corner_11,0.55,2949.367,51.793,2949.367,0.348
2026,2,Chinese Grand Prix,SQ,HAM,12,SOFT,,chinese-grand-prix_corner_12,chinese-grand-prix_corner_12,0.55,3243.539,59.473,3313.217,1.0
2026,2,Chinese Grand Prix,SQ,HAM,12,SOFT,,chinese-grand-prix_corner_17,chinese-grand-prix_corner_17,0.55,4742.118,80.073,4809.829,0.994
2026,2,Chinese Grand Prix,SQ,HAM,12,SOFT,,chinese-grand-prix_corner_18,chinese-grand-prix_corner_18,0.55,5002.807,85.713,5002.807,0.9919
2026,2,Chinese Grand Prix,SQ,HUL,11,MEDIUM,,chinese-grand-prix_corner_03,chinese-grand-prix_corner_03,0.55,625.73,7.892,,0.0054
2026,2,Chinese Grand Prix,SQ,HUL,11,MEDIUM,,chinese-grand-prix_corner_04,chinese-grand-prix_corner_04,0.55,901.527,16.012,1028.182,1.0
2026,2,Chinese Grand Prix,SQ,HUL,11,MEDIUM,,chinese-grand-prix_corner_06,chinese-grand-prix_corner_06,0.55,1592.794,28.612,1664.727,0.8134
2026,2,Chinese Grand Prix,SQ,HUL,11,MEDIUM,,chinese-grand-prix_corner_09,chinese-grand-prix_corner_09,0.55,2354.296,41.372,2412.263,0.7271
2026,2,Chinese Grand Prix,SQ,HUL,11,MEDIUM,,chinese-grand-prix_corner_11,chinese-grand-prix_corner_11,0.55,2968.218,52.772,2968.218,0.1491
2026,2,Chinese Grand Prix,SQ,HUL,11,MEDIUM,,chinese-grand-prix_corner_12,chinese-grand-prix_corner_12,0.55,3236.52,59.452,3360.376,1.0
2026,2,Chinese Grand Prix,SQ,HUL,11,MEDIUM,,chinese-grand-prix_corner_17,chinese-grand-prix_corner_17,0.55,4777.903,81.372,4848.536,1.0
2026,2,Chinese Grand Prix,SQ,HUL,11,MEDIUM,,chinese-grand-prix_corner_18,chinese-grand-prix_corner_18,0.55,5016.233,86.852,5016.233,0.9183
2026,2,Chinese Grand Prix,SQ,LAW,12,MEDIUM,,chinese-grand-prix_corner_03,chinese-grand-prix_corner_03,0.55,789.53,12.229,,0.0667
2026,2,Chinese Grand Prix,SQ,LAW,12,MEDIUM,,chinese-grand-prix_corner_04,chinese-grand-prix_corner_04,0.55,892.224,15.748,1003.673,1.0
2026,2,Chinese Grand Prix,SQ,LAW,12,MEDIUM,,chinese-grand-prix_corner_06,chinese-grand-prix_corner_06,0.55,1587.521,28.668,1632.894,0.8712
2026,2,Chinese Grand Prix,SQ,LAW,12,MEDIUM,,chinese-grand-prix_corner_09,chinese-grand-prix_corner_09,0.55,2367.626,41.629,2440.583,0.8319
2026,2,Chinese Grand Prix,SQ,LAW,12,MEDIUM,,chinese-grand-prix_corner_11,chinese-grand-prix_corner_11,0.55,2958.477,52.789,2958.477,0.2035
2026,2,Chinese Grand Prix,SQ,LAW,12,MEDIUM,,chinese-grand-prix_corner_12,chinese-grand-prix_corner_12,0.55,3236.022,60.069,3397.931,1.0
2026,2,Chinese Grand Prix,SQ,LAW,12,MEDIUM,,chinese-grand-prix_corner_17,chinese-grand-prix_corner_17,0.55,4704.776,79.429,4704.776,0.8152
2026,2,Chinese Grand Prix,SQ,LAW,12,MEDIUM,,chinese-grand-prix_corner_18,chinese-grand-prix_corner_18,0.55,5007.07,86.869,5007.07,0.8621
2026,2,Chinese Grand Prix,SQ,LEC,15,SOFT,,chinese-grand-prix_corner_03,chinese-grand-prix_corner_03,0.55,620.099,7.645,,0.0095
2026,2,Chinese Grand Prix,SQ,LEC,15,SOFT,,chinese-grand-prix_corner_04,chinese-grand-prix_corner_04,0.55,888.816,15.245,978.035,1.0
2026,2,Chinese Grand Prix,SQ,LEC,15,SOFT,,chinese-grand-prix_corner_06,chinese-grand-prix_corner_06,0.55,1565.977,27.605,1635.699,0.994
2026,2,Chinese Grand Prix,SQ,LEC,15,SOFT,,chinese-grand-prix_corner_09,chinese-grand-prix_corner_09,0.55,2360.202,41.085,2408.013,0.8785
2026,2,Chinese Grand Prix,SQ,LEC,15,SOFT,,chinese-grand-prix_corner_11,chinese-grand-prix_corner_11,0.55,2967.247,52.005,2967.247,0.2851
2026,2,Chinese Grand Prix,SQ,LEC,15,SOFT,,chinese-grand-prix_corner_12,chinese-grand-prix_corner_12,0.55,3240.87,59.365,3292.093,0.9933
2026,2,Chinese Grand Prix,SQ,LEC,15,SOFT,,chinese-grand-prix_corner_17,chinese-grand-prix_corner_17,0.55,4736.364,80.326,4800.834,1.0
2026,2,Chinese Grand Prix,SQ,LEC,15,SOFT,,chinese-grand-prix_corner_18,chinese-grand-prix_corner_18,0.55,5005.572,86.126,5005.572,0.9255
2026,2,Chinese Grand Prix,SQ,LIN,9,MEDIUM,,chinese-grand-prix_corner_03,chinese-grand-prix_corner_03,0.55,792.074,12.476,,0.03
2026,2,Chinese Grand Prix,SQ,LIN,9,MEDIUM,,chinese-grand-prix_corner_04,chinese-grand-prix_corner_04,0.55,889.736,15.916,995.558,1.0
2026,2,Chinese Grand Prix,SQ,LIN,9,MEDIUM,,chinese-grand-prix_corner_06,chinese-grand-prix_corner_06,0.55,1582.381,28.956,1636.981,1.0
2026,2,Chinese Grand Prix,SQ,LIN,9,MEDIUM,,chinese-grand-prix_corner_09,chinese-grand-prix_corner_09,0.55,2354.984,41.835,2446.487,0.844
2026,2,Chinese Grand Prix,SQ,LIN,9,MEDIUM,,chinese-grand-prix_corner_11,chinese-grand-prix_corner_11,0.55,2968.4,53.236,2968.4,0.1818
2026,2,Chinese Grand Prix,SQ,LIN,9,MEDIUM,,chinese-grand-prix_corner_12,chinese-grand-prix_corner_12,0.55,3238.092,60.436,3362.067,1.0
2026,2,Chinese Grand Prix,SQ,LIN,9,MEDIUM,,chinese-grand-prix_corner_17,chinese-grand-prix_corner_17,0.55,4769.026,82.156,4830.948,1.0
2026,2,Chinese Grand Prix,SQ,LIN,9,MEDIUM,,chinese-grand-prix_corner_18,chinese-grand-prix_corner_18,0.55,5007.193,87.396,5007.193,0.9611
2026,2,Chinese Grand Prix,SQ,NOR,12,SOFT,,chinese-grand-prix_corner_03,chinese-grand-prix_corner_03,0.55,798.066,11.942,,0.0
2026,2,Chinese Grand Prix,SQ,NOR,12,SOFT,,chinese-grand-prix_corner_04,chinese-grand-prix_corner_04,0.55,893.875,15.063,986.637,1.0
2026,2,Chinese Grand Prix,SQ,NOR,12,SOFT,,chinese-grand-prix_corner_06,chinese-grand-prix_corner_06,0.55,1581.199,27.783,1648.31,0.937
2026,2,Chinese Grand Prix,SQ,NOR,12,SOFT,,chinese-grand-prix_corner_09,chinese-grand-prix_corner_09,0.55,2360.37,40.543,2631.591,0.8715
2026,2,Chinese Grand Prix,SQ,NOR,12,SOFT,,chinese-grand-prix_corner_11,chinese-grand-prix_corner_11,0.55,2944.489,51.263,2944.489,0.1442
2026,2,Chinese Grand Prix,SQ,NOR,12,SOFT,,chinese-grand-prix_corner_12,chinese-grand-prix_corner_12,0.55,3238.249,58.662,3329.665,1.0
2026,2,Chinese Grand Prix,SQ,NOR,12,SOFT,,chinese-grand-prix_corner_17,chinese-grand-prix_corner_17,0.55,4778.257,80.103,4853.979,1.0
2026,2,Chinese Grand Prix,SQ,NOR,12,SOFT,,chinese-grand-prix_corner_18,chinese-grand-prix_corner_18,0.55,5008.057,85.263,5008.057,0.9271
2026,2,Chinese Grand Prix,SQ,OCO,9,MEDIUM,,chinese-grand-prix_corner_03,chinese-grand-prix_corner_03,0.55,793.382,12.284,,0.0
2026,2,Chinese Grand Prix,SQ,OCO,9,MEDIUM,,chinese-grand-prix_corner_04,chinese-grand-prix_corner_04,0.55,904.889,16.045,988.663,1.0
2026,2,Chinese Grand Prix,SQ,OCO,9,MEDIUM,,chinese-grand-prix_corner_06,chinese-grand-prix_corner_06,0.55,1587.231,28.725,1650.32,0.9915
2026,2,Chinese Grand Prix,SQ,OCO,9,MEDIUM,,chinese-grand-prix_corner_09,chinese-grand-prix_corner_09,0.55,2361.426,41.405,,0.7774
2026,2,Chinese Grand Prix,SQ,OCO,9,MEDIUM,,chinese-grand-prix_corner_11,chinese-grand-prix_corner_11,0.55,2947.767,52.405,2947.767,0.1307
2026,2,Chinese Grand Prix,SQ,OCO,9,MEDIUM,,chinese-grand-prix_corner_12,chinese-grand-prix_corner_12,0.55,3235.0,59.605,3402.4,1.0
2026,2,Chinese Grand Prix,SQ,OCO,9,MEDIUM,,chinese-grand-prix_corner_17,chinese-grand-prix_corner_17,0.55,4770.856,81.405,4836.534,1.0
2026,2,Chinese Grand Prix,SQ,OCO,9,MEDIUM,,chinese-grand-prix_corner_18,chinese-grand-prix_corner_18,0.55,4997.153,86.485,4997.153,0.9668
2026,2,Chinese Grand Prix,SQ,PIA,12,SOFT,,chinese-grand-prix_corner_03,chinese-grand-prix_corner_03,0.55,797.117,12.266,,0.0
2026,2,Chinese Grand Prix,SQ,PIA,12,SOFT,,chinese-grand-prix_corner_04,chinese-grand-prix_corner_04,0.55,891.577,15.387,990.471,0.995
2026,2,Chinese Grand Prix,SQ,PIA,12,SOFT,,chinese-grand-prix_corner_06,chinese-grand-prix_corner_06,0.55,1577.096,27.826,1636.7,0.99
2026,2,Chinese Grand Prix,SQ,PIA,12,SOFT,,chinese-grand-prix_corner_09,chinese-grand-prix_corner_09,0.55,2359.279,40.746,2637.259,0.9207
2026,2,Chinese Grand Prix,SQ,PIA,12,SOFT,,chinese-grand-prix_corner_11,chinese-grand-prix_corner_11,0.55,2955.877,51.627,2955.877,0.2257
2026,2,Chinese Grand Prix,SQ,PIA,12,SOFT,,chinese-grand-prix_corner_12,chinese-grand-prix_corner_12,0.55,3235.627,59.107,3286.683,0.99
2026,2,Chinese Grand Prix,SQ,PIA,12,SOFT,,chinese-grand-prix_corner_17,chinese-grand-prix_corner_17,0.55,4781.205,80.307,4841.783,0.9983
2026,2,Chinese Grand Prix,SQ,PIA,12,SOFT,,chinese-grand-prix_corner_18,chinese-grand-prix_corner_18,0.55,5019.04,85.427,5019.04,0.8932
2026,2,Chinese Grand Prix,SQ,RUS,10,SOFT,,chinese-grand-prix_corner_03,chinese-grand-prix_corner_03,0.55,802.248,12.225,,0.0
2026,2,Chinese Grand Prix,SQ,RUS,10,SOFT,,chinese-grand-prix_corner_04,chinese-grand-prix_corner_04,0.55,899.481,15.466,983.481,1.0
2026,2,Chinese Grand Prix,SQ,RUS,10,SOFT,,chinese-grand-prix_corner_06,chinese-grand-prix_corner_06,0.55,1585.185,27.986,1645.163,1.0
2026,2,Chinese Grand Prix,SQ,RUS,10,SOFT,,chinese-grand-prix_corner_09,chinese-grand-prix_corner_09,0.55,2389.732,40.986,,0.8327
2026,2,Chinese Grand Prix,SQ,RUS,10,SOFT,,chinese-grand-prix_corner_11,chinese-grand-prix_corner_11,0.55,2941.89,51.106,2941.89,0.1158
2026,2,Chinese Grand Prix,SQ,RUS,10,SOFT,,chinese-grand-prix_corner_12,chinese-grand-prix_corner_12,0.55,3239.459,58.506,3327.997,1.0
2026,2,Chinese Grand Prix,SQ,RUS,10,SOFT,,chinese-grand-prix_corner_17,chinese-grand-prix_corner_17,0.55,4712.857,76.786,4712.857,0.7284
2026,2,Chinese Grand Prix,SQ,RUS,10,SOFT,,chinese-grand-prix_corner_18,chinese-grand-prix_corner_18,0.55,5007.568,84.346,5007.568,0.916
2026,2,Chinese Grand Prix,SQ,SAI,5,MEDIUM,,chinese-grand-prix_corner_03,chinese-grand-prix_corner_03,0.55,664.289,8.696,,0.0
2026,2,Chinese Grand Prix,SQ,SAI,5,MEDIUM,,chinese-grand-prix_corner_04,chinese-grand-prix_corner_04,0.55,892.836,16.016,979.814,1.0
2026,2,Chinese Grand Prix,SQ,SAI,5,MEDIUM,,chinese-grand-prix_corner_06,chinese-grand-prix_corner_06,0.55,1564.467,28.616,1633.112,1.0
2026,2,Chinese Grand Prix,SQ,SAI,5,MEDIUM,,chinese-grand-prix_corner_09,chinese-grand-prix_corner_09,0.55,2354.344,42.176,2638.45,0.862
2026,2,Chinese Grand Prix,SQ,SAI,5,MEDIUM,,chinese-grand-prix_corner_11,chinese-grand-prix_corner_11,0.55,2959.753,53.815,2959.753,0.3188
2026,2,Chinese Grand Prix,SQ,SAI,5,MEDIUM,,chinese-grand-prix_corner_12,chinese-grand-prix_corner_12,0.55,3242.254,61.736,3367.898,1.0
2026,2,Chinese Grand Prix,SQ,SAI,5,MEDIUM,,chinese-grand-prix_corner_17,chinese-grand-prix_corner_17,0.55,4755.881,82.376,4860.025,1.0
2026,2,Chinese Grand Prix,SQ,SAI,5,MEDIUM,,chinese-grand-prix_corner_18,chinese-grand-prix_corner_18,0.55,5006.152,87.936,5006.152,0.9153
2026,2,Chinese Grand Prix,SQ,STR,6,MEDIUM,,chinese-grand-prix_corner_03,chinese-grand-prix_corner_03,0.55,806.898,13.219,,0.0
2026,2,Chinese Grand Prix,SQ,STR,6,MEDIUM,,chinese-grand-prix_corner_04,chinese-grand-prix_corner_04,0.55,901.663,16.5,984.353,1.0
2026,2,Chinese Grand Prix,SQ,STR,6,MEDIUM,,chinese-grand-prix_corner_06,chinese-grand-prix_corner_06,0.55,1566.739,29.18,1669.226,1.0
2026,2,Chinese Grand Prix,SQ,STR,6,MEDIUM,,chinese-grand-prix_corner_09,chinese-grand-prix_corner_09,0.55,2357.896,43.66,2365.718,0.98
2026,2,Chinese Grand Prix,SQ,STR,6,MEDIUM,,chinese-grand-prix_corner_11,chinese-grand-prix_corner_11,0.55,3066.337,57.98,,0.4852
2026,2,Chinese Grand Prix,SQ,STR,6,MEDIUM,,chinese-grand-prix_corner_12,chinese-grand-prix_corner_12,0.55,3243.835,63.22,3271.079,1.0
2026,2,Chinese Grand Prix,SQ,STR,6,MEDIUM,,chinese-grand-prix_corner_17,chinese-grand-prix_corner_17,0.55,4713.349,84.62,4727.282,1.0
2026,2,Chinese Grand Prix,SQ,STR,6,MEDIUM,,chinese-grand-prix_corner_18,chinese-grand-prix_corner_18,0.55,5023.657,94.98,5023.657,1.0
2026,2,Chinese Grand Prix,SQ,VER,14,SOFT,,chinese-grand-prix_corner_03,chinese-grand-prix_corner_03,0.55,677.48,8.63,677.48,0.1701
2026,2,Chinese Grand Prix,SQ,VER,14,SOFT,,chinese-grand-prix_corner_04,chinese-grand-prix_corner_04,0.55,940.076,15.91,1012.772,1.0
2026,2,Chinese Grand Prix,SQ,VER,14,SOFT,,chinese-grand-prix_corner_06,chinese-grand-prix_corner_06,0.55,1480.927,24.75,1480.927,0.766
2026,2,Chinese Grand Prix,SQ,VER,14,SOFT,,chinese-grand-prix_corner_09,chinese-grand-prix_corner_09,0.55,2395.022,41.79,,0.6207
2026,2,Chinese Grand Prix,SQ,VER,14,SOFT,,chinese-grand-prix_corner_11,chinese-grand-prix_corner_11,0.55,2952.036,52.271,2952.036,0.0473
2026,2,Chinese Grand Prix,SQ,VER,14,SOFT,,chinese-grand-prix_corner_12,chinese-grand-prix_corner_12,0.55,3237.41,59.391,3363.918,1.0
2026,2,Chinese Grand Prix,SQ,VER,14,SOFT,,chinese-grand-prix_corner_17,chinese-grand-prix_corner_17,0.55,4766.902,81.59,4848.21,1.0
2026,2,Chinese Grand Prix,SQ,VER,14,SOFT,,chinese-grand-prix_corner_18,chinese-grand-prix_corner_18,0.55,4998.543,86.511,4998.543,0.9305
2026,3,Japanese Grand Prix,Q,ALB,8,SOFT,,japanese-grand-prix_corner_03,japanese-grand-prix_corner_03,0.55,608.934,7.204,608.934,0.4699
2026,3,Japanese Grand Prix,Q,ALB,8,SOFT,,japanese-grand-prix_corner_04,japanese-grand-prix_corner_04,0.55,898.159,12.324,898.159,0.2933
2026,3,Japanese Grand Prix,Q,ALB,8,SOFT,,japanese-grand-prix_corner_05,japanese-grand-prix_corner_05,0.55,1203.672,17.323,1280.408,0.9472
2026,3,Japanese Grand Prix,Q,ALB,8,SOFT,,japanese-grand-prix_corner_06,japanese-grand-prix_corner_06,0.55,1500.821,22.683,1500.821,0.77
2026,3,Japanese Grand Prix,Q,ALB,8,SOFT,,japanese-grand-prix_corner_09,japanese-grand-prix_corner_09,0.55,2424.874,37.443,2489.829,1.0
2026,3,Japanese Grand Prix,Q,ALB,8,SOFT,,japanese-grand-prix_corner_10,japanese-grand-prix_corner_10,0.55,2701.563,42.243,2701.563,0.745
2026,3,Japanese Grand Prix,Q,ALB,8,SOFT,,japanese-grand-prix_corner_14,japanese-grand-prix_corner_14,0.55,3941.946,63.363,4040.415,1.0
2026,3,Japanese Grand Prix,Q,ALB,8,SOFT,,japanese-grand-prix_corner_19,japanese-grand-prix_corner_19,0.55,5425.142,85.364,5466.108,1.0
2026,3,Japanese Grand Prix,Q,ALO,8,SOFT,,japanese-grand-prix_corner_03,japanese-grand-prix_corner_03,0.55,599.397,7.285,599.397,0.3059
2026,3,Japanese Grand Prix,Q,ALO,8,SOFT,,japanese-grand-prix_corner_04,japanese-grand-prix_corner_04,0.55,904.865,12.605,904.865,0.2826
2026,3,Japanese Grand Prix,Q,ALO,8,SOFT,,japanese-grand-prix_corner_05,japanese-grand-prix_corner_05,0.55,1217.414,17.886,,0.1961
2026,3,Japanese Grand Prix,Q,ALO,8,SOFT,,japanese-grand-prix_corner_06,japanese-grand-prix_corner_06,0.55,1547.489,24.006,,0.8475
2026,3,Japanese Grand Prix,Q,ALO,8,SOFT,,japanese-grand-prix_corner_09,japanese-grand-prix_corner_09,0.55,2440.002,38.205,2476.536,1.0
2026,3,Japanese Grand Prix,Q,ALO,8,SOFT,,japanese-grand-prix_corner_10,japanese-grand-prix_corner_10,0.55,2694.546,42.766,2694.546,0.6739
2026,3,Japanese Grand Prix,Q,ALO,8,SOFT,,japanese-grand-prix_corner_14,japanese-grand-prix_corner_14,0.55,3953.677,64.845,4041.866,1.0
2026,3,Japanese Grand Prix,Q,ALO,8,SOFT,,japanese-grand-prix_corner_19,japanese-grand-prix_corner_19,0.55,5379.791,84.845,5461.002,1.0
2026,3,Japanese Grand Prix,Q,ANT,11,SOFT,,japanese-grand-prix_corner_03,japanese-grand-prix_corner_03,0.55,614.325,7.127,614.325,0.1692
2026,3,Japanese Grand Prix,Q,ANT,11,SOFT,,japanese-grand-prix_corner_04,japanese-grand-prix_corner_04,0.55,897.89,11.648,940.512,0.9958
2026,3,Japanese Grand Prix,Q,ANT,11,SOFT,,japanese-grand-prix_corner_05,japanese-grand-prix_corner_05,0.55,1211.958,16.808,1282.169,0.6037
2026,3,Japanese Grand Prix,Q,ANT,11,SOFT,,japanese-grand-prix_corner_06,japanese-grand-prix_corner_06,0.55,1563.938,22.768,1645.093,0.7525
2026,3,Japanese Grand Prix,Q,ANT,11,SOFT,,japanese-grand-prix_corner_09,japanese-grand-prix_corner_09,0.55,2397.273,34.928,2499.873,1.0
2026,3,Japanese Grand Prix,Q,ANT,11,SOFT,,japanese-grand-prix_corner_10,japanese-grand-prix_corner_10,0.55,2699.717,40.448,2699.717,0.4966
2026,3,Japanese Grand Prix,Q,ANT,11,SOFT,,japanese-grand-prix_corner_14,japanese-grand-prix_corner_14,0.55,3964.213,61.728,4091.979,1.0
2026,3,Japanese Grand Prix,Q,BEA,8,SOFT,,japanese-grand-prix_corner_03,japanese-grand-prix_corner_03,0.55,609.643,7.398,609.643,0.41
2026,3,Japanese Grand Prix,Q,BEA,8,SOFT,,japanese-grand-prix_corner_04,japanese-grand-prix_corner_04,0.55,898.276,12.597,898.276,0.2738
2026,3,Japanese Grand Prix,Q,BEA,8,SOFT,,japanese-grand-prix_corner_05,japanese-grand-prix_corner_05,0.55,1216.509,17.837,1248.22,0.0732
2026,3,Japanese Grand Prix,Q,BEA,8,SOFT,,japanese-grand-prix_corner_06,japanese-grand-prix_corner_06,0.55,1521.077,23.198,,0.8967
2026,3,Japanese Grand Prix,Q,BEA,8,SOFT,,japanese-grand-prix_corner_09,japanese-grand-prix_corner_09,0.55,2415.471,37.357,2460.205,1.0
2026,3,Japanese Grand Prix,Q,BEA,8,SOFT,,japanese-grand-prix_corner_10,japanese-grand-prix_corner_10,0.55,2693.698,42.238,2693.698,0.7379
2026,3,Japanese Grand Prix,Q,BEA,8,SOFT,,japanese-grand-prix_corner_14,japanese-grand-prix_corner_14,0.55,3909.414,63.437,4013.236,1.0
2026,3,Japanese Grand Prix,Q,BEA,8,SOFT,,japanese-grand-prix_corner_19,japanese-grand-prix_corner_19,0.55,5381.278,84.917,5479.059,1.0
2026,3,Japanese Grand Prix,Q,BOR,13,SOFT,,japanese-grand-prix_corner_03,japanese-grand-prix_corner_03,0.55,823.731,10.416,891.808,0.5145
2026,3,Japanese Grand Prix,Q,BOR,13,SOFT,,japanese-grand-prix_corner_04,japanese-grand-prix_corner_04,0.55,912.919,12.295,912.919,0.5341
2026,3,Japanese Grand Prix,Q,BOR,13,SOFT,,japanese-grand-prix_corner_05,japanese-grand-prix_corner_05,0.55,1204.414,16.976,1289.033,0.4259
2026,3,Japanese Grand Prix,Q,BOR,13,SOFT,,japanese-grand-prix_corner_06,japanese-grand-prix_corner_06,0.55,1514.557,22.296,1776.564,0.92
2026,3,Japanese Grand Prix,Q,BOR,13,SOFT,,japanese-grand-prix_corner_09,japanese-grand-prix_corner_09,0.55,2439.272,36.816,2492.334,1.0
2026,3,Japanese Grand Prix,Q,BOR,13,SOFT,,japanese-grand-prix_corner_10,japanese-grand-prix_corner_10,0.55,2699.943,41.296,2699.943,0.5702
2026,3,Japanese Grand Prix,Q,BOR,13,SOFT,,japanese-grand-prix_corner_14,japanese-grand-prix_corner_14,0.55,3886.181,60.736,3886.181,1.0
2026,3,Japanese Grand Prix,Q,BOR,13,SOFT,,japanese-grand-prix_corner_19,japanese-grand-prix_corner_19,0.55,5450.48,82.416,5539.963,1.0
2026,3,Japanese Grand Prix,Q,BOT,8,SOFT,,japanese-grand-prix_corner_03,japanese-grand-prix_corner_03,0.55,604.407,7.028,604.407,0.3796
2026,3,Japanese Grand Prix,Q,BOT,8,SOFT,,japanese-grand-prix_corner_04,japanese-grand-prix_corner_04,0.55,899.642,12.189,930.708,0.2304
2026,3,Japanese Grand Prix,Q,BOT,8,SOFT,,japanese-grand-prix_corner_05,japanese-grand-prix_corner_05,0.55,1225.642,17.828,1310.087,0.2169
2026,3,Japanese Grand Prix,Q,BOT,8,SOFT,,japanese-grand-prix_corner_06,japanese-grand-prix_corner_06,0.55,1496.642,22.908,1629.972,0.745
2026,3,Japanese Grand Prix,Q,BOT,8,SOFT,,japanese-grand-prix_corner_09,japanese-grand-prix_corner_09,0.55,2431.109,38.029,2476.781,1.0
2026,3,Japanese Grand Prix,Q,BOT,8,SOFT,,japanese-grand-prix_corner_10,japanese-grand-prix_corner_10,0.55,2703.981,42.868,2703.981,0.6459
2026,3,Japanese Grand Prix,Q,BOT,8,SOFT,,japanese-grand-prix_corner_14,japanese-grand-prix_corner_14,0.55,3940.341,64.348,4019.163,1.0
2026,3,Japanese Grand Prix,Q,BOT,8,SOFT,,japanese-grand-prix_corner_19,japanese-grand-prix_corner_19,0.55,5421.272,86.108,5579.799,1.0
2026,3,Japanese Grand Prix,Q,COL,11,SOFT,,japanese-grand-prix_corner_03,japanese-grand-prix_corner_03,0.55,619.226,7.062,619.226,0.4237
2026,3,Japanese Grand Prix,Q,COL,11,SOFT,,japanese-grand-prix_corner_04,japanese-grand-prix_corner_04,0.55,900.222,11.983,926.089,0.4576
2026,3,Japanese Grand Prix,Q,COL,11,SOFT,,japanese-grand-prix_corner_05,japanese-grand-prix_corner_05,0.55,1206.553,16.983,,0.1513
2026,3,Japanese Grand Prix,Q,COL,11,SOFT,,japanese-grand-prix_corner_06,japanese-grand-prix_corner_06,0.55,1553.57,23.263,,0.8475
2026,3,Japanese Grand Prix,Q,COL,11,SOFT,,japanese-grand-prix_corner_09,japanese-grand-prix_corner_09,0.55,2405.217,35.983,2405.217,0.8877
2026,3,Japanese Grand Prix,Q,COL,11,SOFT,,japanese-grand-prix_corner_10,japanese-grand-prix_corner_10,0.55,2694.437,41.302,2694.437,0.3444
2026,3,Japanese Grand Prix,Q,COL,11,SOFT,,japanese-grand-prix_corner_14,japanese-grand-prix_corner_14,0.55,3886.179,61.102,3886.179,1.0
2026,3,Japanese Grand Prix,Q,COL,11,SOFT,,japanese-grand-prix_corner_19,japanese-grand-prix_corner_19,0.55,5384.742,81.263,5384.742,0.3826
2026,3,Japanese Grand Prix,Q,GAS,17,SOFT,,japanese-grand-prix_corner_03,japanese-grand-prix_corner_03,0.55,617.715,6.998,617.715,0.4175
2026,3,Japanese Grand Prix,Q,GAS,17,SOFT,,japanese-grand-prix_corner_04,japanese-grand-prix_corner_04,0.55,899.134,11.798,899.134,0.2775
2026,3,Japanese Grand Prix,Q,GAS,17,SOFT,,japanese-grand-prix_corner_05,japanese-grand-prix_corner_05,0.55,1199.567,16.638,1314.034,0.3104
2026,3,Japanese Grand Prix,Q,GAS,17,SOFT,,japanese-grand-prix_corner_06,japanese-grand-prix_corner_06,0.55,1548.012,22.758,1773.801,0.9
2026,3,Japanese Grand Prix,Q,GAS,17,SOFT,,japanese-grand-prix_corner_09,japanese-grand-prix_corner_09,0.55,2439.697,36.638,2486.552,1.0
2026,3,Japanese Grand Prix,Q,GAS,17,SOFT,,japanese-grand-prix_corner_10,japanese-grand-prix_corner_10,0.55,2715.352,41.358,2715.352,0.6011
2026,3,Japanese Grand Prix,Q,GAS,17,SOFT,,japanese-grand-prix_corner_14,japanese-grand-prix_corner_14,0.55,3953.034,62.398,4069.19,1.0
2026,3,Japanese Grand Prix,Q,GAS,17,SOFT,,japanese-grand-prix_corner_19,japanese-grand-prix_corner_19,0.55,5384.809,82.398,5501.009,1.0
2026,3,Japanese Grand Prix,Q,HAD,14,SOFT,,japanese-grand-prix_corner_03,japanese-grand-prix_corner_03,0.55,615.523,7.068,615.523,0.3613
2026,3,Japanese Grand Prix,Q,HAD,14,SOFT,,japanese-grand-prix_corner_04,japanese-grand-prix_corner_04,0.55,903.744,12.028,918.755,0.263
2026,3,Japanese Grand Prix,Q,HAD,14,SOFT,,japanese-grand-prix_corner_05,japanese-grand-prix_corner_05,0.55,1199.632,16.828,,0.1313
2026,3,Japanese Grand Prix,Q,HAD,14,SOFT,,japanese-grand-prix_corner_06,japanese-grand-prix_corner_06,0.55,1522.016,22.428,,0.8025
2026,3,Japanese Grand Prix,Q,HAD,14,SOFT,,japanese-grand-prix_corner_09,japanese-grand-prix_corner_09,0.55,2446.256,36.908,2491.734,1.0
2026,3,Japanese Grand Prix,Q,HAD,14,SOFT,,japanese-grand-prix_corner_10,japanese-grand-prix_corner_10,0.55,2709.605,41.309,2709.605,0.482
2026,3,Japanese Grand Prix,Q,HAD,14,SOFT,,japanese-grand-prix_corner_14,japanese-grand-prix_corner_14,0.55,3951.581,62.628,4046.837,1.0
2026,3,Japanese Grand Prix,Q,HAD,14,SOFT,,japanese-grand-prix_corner_19,japanese-grand-prix_corner_19,0.55,5386.465,82.669,5501.257,1.0
2026,3,Japanese Grand Prix,Q,HAM,16,SOFT,,japanese-grand-prix_corner_03,japanese-grand-prix_corner_03,0.55,613.034,7.089,613.034,0.4904
2026,3,Japanese Grand Prix,Q,HAM,16,SOFT,,japanese-grand-prix_corner_04,japanese-grand-prix_corner_04,0.55,901.024,11.929,901.024,0.737
2026,3,Japanese Grand Prix,Q,HAM,16,SOFT,,japanese-grand-prix_corner_05,japanese-grand-prix_corner_05,0.55,1198.492,16.689,,0.1621
2026,3,Japanese Grand Prix,Q,HAM,16,SOFT,,japanese-grand-prix_corner_06,japanese-grand-prix_corner_06,0.55,1547.735,22.57,1774.679,0.9533
2026,3,Japanese Grand Prix,Q,HAM,16,SOFT,,japanese-grand-prix_corner_09,japanese-grand-prix_corner_09,0.55,2430.765,35.97,2487.909,0.99
2026,3,Japanese Grand Prix,Q,HAM,16,SOFT,,japanese-grand-prix_corner_10,japanese-grand-prix_corner_10,0.55,2702.398,40.649,2702.398,0.6339
2026,3,Japanese Grand Prix,Q,HAM,16,SOFT,,japanese-grand-prix_corner_14,japanese-grand-prix_corner_14,0.55,3943.153,61.769,4050.762,0.99
2026,3,Japanese Grand Prix,Q,HAM,16,SOFT,,japanese-grand-prix_corner_19,japanese-grand-prix_corner_19,0.55,5400.076,83.09,5479.865,1.0
2026,3,Japanese Grand Prix,Q,HUL,7,SOFT,,japanese-grand-prix_corner_03,japanese-grand-prix_corner_03,0.55,604.072,7.322,604.072,0.5992
2026,3,Japanese Grand Prix,Q,HUL,7,SOFT,,japanese-grand-prix_corner_04,japanese-grand-prix_corner_04,0.55,905.822,12.722,905.822,0.1449
2026,3,Japanese Grand Prix,Q,HUL,7,SOFT,,japanese-grand-prix_corner_05,japanese-grand-prix_corner_05,0.55,1202.554,17.482,1423.921,0.0127
2026,3,Japanese Grand Prix,Q,HUL,7,SOFT,,japanese-grand-prix_corner_06,japanese-grand-prix_corner_06,0.55,1508.677,22.843,,0.825
2026,3,Japanese Grand Prix,Q,HUL,7,SOFT,,japanese-grand-prix_corner_09,japanese-grand-prix_corner_09,0.55,2428.832,36.842,2481.987,1.0
2026,3,Japanese Grand Prix,Q,HUL,7,SOFT,,japanese-grand-prix_corner_10,japanese-grand-prix_corner_10,0.55,2706.902,41.643,2706.902,0.6673
2026,3,Japanese Grand Prix,Q,HUL,7,SOFT,,japanese-grand-prix_corner_14,japanese-grand-prix_corner_14,0.55,3951.951,62.722,3951.951,1.0
2026,3,Japanese Grand Prix,Q,HUL,7,SOFT,,japanese-grand-prix_corner_19,japanese-grand-prix_corner_19,0.55,5391.37,81.762,5391.37,0.8311
2026,3,Japanese Grand Prix,Q,LAW,14,SOFT,,japanese-grand-prix_corner_03,japanese-grand-prix_corner_03,0.55,605.195,7.01,605.195,0.3563
2026,3,Japanese Grand Prix,Q,LAW,14,SOFT,,japanese-grand-prix_corner_04,japanese-grand-prix_corner_04,0.55,905.801,12.33,922.001,0.3287
2026,3,Japanese Grand Prix,Q,LAW,14,SOFT,,japanese-grand-prix_corner_05,japanese-grand-prix_corner_05,0.55,1209.808,17.37,1316.575,0.0
2026,3,Japanese Grand Prix,Q,LAW,14,SOFT,,japanese-grand-prix_corner_06,japanese-grand-prix_corner_06,0.55,1522.557,22.97,,0.9124
2026,3,Japanese Grand Prix,Q,LAW,14,SOFT,,japanese-grand-prix_corner_09,japanese-grand-prix_corner_09,0.55,2419.076,37.17,2457.565,1.0
2026,3,Japanese Grand Prix,Q,LAW,14,SOFT,,japanese-grand-prix_corner_10,japanese-grand-prix_corner_10,0.55,2710.083,42.129,2710.083,0.6615
2026,3,Japanese Grand Prix,Q,LAW,14,SOFT,,japanese-grand-prix_corner_14,japanese-grand-prix_corner_14,0.55,3906.201,61.529,3906.201,1.0
2026,3,Japanese Grand Prix,Q,LAW,14,SOFT,,japanese-grand-prix_corner_19,japanese-grand-prix_corner_19,0.55,5392.101,79.65,5392.101,0.7438
2026,3,Japanese Grand Prix,Q,LEC,11,SOFT,,japanese-grand-prix_corner_03,japanese-grand-prix_corner_03,0.55,603.416,6.977,603.416,0.4052
2026,3,Japanese Grand Prix,Q,LEC,11,SOFT,,japanese-grand-prix_corner_04,japanese-grand-prix_corner_04,0.55,899.139,11.977,922.683,0.7796
2026,3,Japanese Grand Prix,Q,LEC,11,SOFT,,japanese-grand-prix_corner_05,japanese-grand-prix_corner_05,0.55,1206.727,16.937,1266.683,0.3027
2026,3,Japanese Grand Prix,Q,LEC,11,SOFT,,japanese-grand-prix_corner_06,japanese-grand-prix_corner_06,0.55,1502.783,21.937,1762.538,0.97
2026,3,Japanese Grand Prix,Q,LEC,11,SOFT,,japanese-grand-prix_corner_09,japanese-grand-prix_corner_09,0.55,2431.14,36.057,2481.095,1.0
2026,3,Japanese Grand Prix,Q,LEC,11,SOFT,,japanese-grand-prix_corner_10,japanese-grand-prix_corner_10,0.55,2694.011,40.577,2694.011,0.6729
2026,3,Japanese Grand Prix,Q,LEC,11,SOFT,,japanese-grand-prix_corner_14,japanese-grand-prix_corner_14,0.55,3929.793,61.457,4026.816,1.0
2026,3,Japanese Grand Prix,Q,LEC,11,SOFT,,japanese-grand-prix_corner_19,japanese-grand-prix_corner_19,0.55,5380.554,81.857,5471.793,1.0
2026,3,Japanese Grand Prix,Q,LIN,14,SOFT,,japanese-grand-prix_corner_03,japanese-grand-prix_corner_03,0.55,622.061,7.107,,0.4486
2026,3,Japanese Grand Prix,Q,LIN,14,SOFT,,japanese-grand-prix_corner_04,japanese-grand-prix_corner_04,0.55,897.452,11.987,897.452,0.4494
2026,3,Japanese Grand Prix,Q,LIN,14,SOFT,,japanese-grand-prix_corner_05,japanese-grand-prix_corner_05,0.55,1198.355,16.866,1300.724,0.5026
2026,3,Japanese Grand Prix,Q,LIN,14,SOFT,,japanese-grand-prix_corner_06,japanese-grand-prix_corner_06,0.55,1530.272,22.746,1630.692,0.905
2026,3,Japanese Grand Prix,Q,LIN,14,SOFT,,japanese-grand-prix_corner_09,japanese-grand-prix_corner_09,0.55,2431.773,36.906,2469.593,1.0
2026,3,Japanese Grand Prix,Q,LIN,14,SOFT,,japanese-grand-prix_corner_10,japanese-grand-prix_corner_10,0.55,2712.793,41.667,2712.793,0.4784
2026,3,Japanese Grand Prix,Q,LIN,14,SOFT,,japanese-grand-prix_corner_14,japanese-grand-prix_corner_14,0.55,3900.826,61.467,3942.026,0.9087
2026,3,Japanese Grand Prix,Q,LIN,14,SOFT,,japanese-grand-prix_corner_19,japanese-grand-prix_corner_19,0.55,5391.829,85.227,5425.529,1.0
2026,3,Japanese Grand Prix,Q,NOR,16,SOFT,,japanese-grand-prix_corner_03,japanese-grand-prix_corner_03,0.55,657.456,7.728,657.456,0.3498
2026,3,Japanese Grand Prix,Q,NOR,16,SOFT,,japanese-grand-prix_corner_04,japanese-grand-prix_corner_04,0.55,902.811,12.128,915.811,0.321
2026,3,Japanese Grand Prix,Q,NOR,16,SOFT,,japanese-grand-prix_corner_05,japanese-grand-prix_corner_05,0.55,1218.367,17.168,1280.671,0.247
2026,3,Japanese Grand Prix,Q,NOR,16,SOFT,,japanese-grand-prix_corner_06,japanese-grand-prix_corner_06,0.55,1556.021,22.968,1774.452,0.82
2026,3,Japanese Grand Prix,Q,NOR,16,SOFT,,japanese-grand-prix_corner_09,japanese-grand-prix_corner_09,0.55,2443.236,36.609,2483.529,1.0
2026,3,Japanese Grand Prix,Q,NOR,16,SOFT,,japanese-grand-prix_corner_10,japanese-grand-prix_corner_10,0.55,2705.456,40.968,2705.456,0.5573
2026,3,Japanese Grand Prix,Q,NOR,16,SOFT,,japanese-grand-prix_corner_14,japanese-grand-prix_corner_14,0.55,3967.202,62.288,4023.211,1.0
2026,3,Japanese Grand Prix,Q,NOR,16,SOFT,,japanese-grand-prix_corner_19,japanese-grand-prix_corner_19,0.55,5385.806,82.088,5485.641,1.0
2026,3,Japanese Grand Prix,Q,OCO,14,SOFT,,japanese-grand-prix_corner_03,japanese-grand-prix_corner_03,0.55,607.815,7.354,607.815,0.3991
2026,3,Japanese Grand Prix,Q,OCO,14,SOFT,,japanese-grand-prix_corner_04,japanese-grand-prix_corner_04,0.55,903.993,11.835,945.927,0.5359
2026,3,Japanese Grand Prix,Q,OCO,14,SOFT,,japanese-grand-prix_corner_05,japanese-grand-prix_corner_05,0.55,1200.375,16.714,1333.887,0.8544
2026,3,Japanese Grand Prix,Q,OCO,14,SOFT,,japanese-grand-prix_corner_06,japanese-grand-prix_corner_06,0.55,1612.054,24.115,1612.054,0.765
2026,3,Japanese Grand Prix,Q,OCO,14,SOFT,,japanese-grand-prix_corner_09,japanese-grand-prix_corner_09,0.55,2475.028,37.475,2475.028,1.0
2026,3,Japanese Grand Prix,Q,OCO,14,SOFT,,japanese-grand-prix_corner_10,japanese-grand-prix_corner_10,0.55,2703.149,41.394,2703.149,0.5077
2026,3,Japanese Grand Prix,Q,OCO,14,SOFT,,japanese-grand-prix_corner_14,japanese-grand-prix_corner_14,0.55,3895.598,61.075,3895.598,0.8642
2026,3,Japanese Grand Prix,Q,OCO,14,SOFT,,japanese-grand-prix_corner_19,japanese-grand-prix_corner_19,0.55,5408.693,80.675,5408.693,0.3426
2026,3,Japanese Grand Prix,Q,PER,5,SOFT,,japanese-grand-prix_corner_03,japanese-grand-prix_corner_03,0.55,618.859,7.349,618.859,0.3237
2026,3,Japanese Grand Prix,Q,PER,5,SOFT,,japanese-grand-prix_corner_04,japanese-grand-prix_corner_04,0.55,906.361,12.508,926.049,0.1534
2026,3,Japanese Grand Prix,Q,PER,5,SOFT,,japanese-grand-prix_corner_05,japanese-grand-prix_corner_05,0.55,1214.409,17.788,1272.664,0.0218
2026,3,Japanese Grand Prix,Q,PER,5,SOFT,,japanese-grand-prix_corner_06,japanese-grand-prix_corner_06,0.55,1561.217,24.348,1608.05,0.895
2026,3,Japanese Grand Prix,Q,PER,5,SOFT,,japanese-grand-prix_corner_09,japanese-grand-prix_corner_09,0.55,2435.209,38.348,2464.687,1.0
2026,3,Japanese Grand Prix,Q,PER,5,SOFT,,japanese-grand-prix_corner_10,japanese-grand-prix_corner_10,0.55,2691.065,42.829,2691.065,0.6999
2026,3,Japanese Grand Prix,Q,PER,5,SOFT,,japanese-grand-prix_corner_14,japanese-grand-prix_corner_14,0.55,3952.456,64.628,4023.367,1.0
2026,3,Japanese Grand Prix,Q,PER,5,SOFT,,japanese-grand-prix_corner_19,japanese-grand-prix_corner_19,0.55,5404.146,85.588,5487.92,1.0
2026,3,Japanese Grand Prix,Q,PIA,16,SOFT,,japanese-grand-prix_corner_03,japanese-grand-prix_corner_03,0.55,617.218,7.129,617.218,0.3924
2026,3,Japanese Grand Prix,Q,PIA,16,SOFT,,japanese-grand-prix_corner_04,japanese-grand-prix_corner_04,0.55,905.412,12.049,905.412,0.3929
2026,3,Japanese Grand Prix,Q,PIA,16,SOFT,,japanese-grand-prix_corner_05,japanese-grand-prix_corner_05,0.55,1197.098,16.69,,0.0918
2026,3,Japanese Grand Prix,Q,PIA,16,SOFT,,japanese-grand-prix_corner_06,japanese-grand-prix_corner_06,0.55,1535.498,22.489,1788.185,0.92
2026,3,Japanese Grand Prix,Q,PIA,16,SOFT,,japanese-grand-prix_corner_09,japanese-grand-prix_corner_09,0.55,2446.448,36.61,2487.381,0.99
2026,3,Japanese Grand Prix,Q,PIA,16,SOFT,,japanese-grand-prix_corner_10,japanese-grand-prix_corner_10,0.55,2691.381,40.729,2691.381,0.5479
2026,3,Japanese Grand Prix,Q,PIA,16,SOFT,,japanese-grand-prix_corner_14,japanese-grand-prix_corner_14,0.55,3973.29,62.169,4037.117,0.99
2026,3,Japanese Grand Prix,Q,PIA,16,SOFT,,japanese-grand-prix_corner_19,japanese-grand-prix_corner_19,0.55,5436.345,83.29,5499.406,0.99
2026,3,Japanese Grand Prix,Q,RUS,17,SOFT,,japanese-grand-prix_corner_03,japanese-grand-prix_corner_03,0.55,609.215,7.158,609.215,0.4418
2026,3,Japanese Grand Prix,Q,RUS,17,SOFT,,japanese-grand-prix_corner_04,japanese-grand-prix_corner_04,0.55,901.564,12.078,901.564,0.6476
2026,3,Japanese Grand Prix,Q,RUS,17,SOFT,,japanese-grand-prix_corner_05,japanese-grand-prix_corner_05,0.55,1204.341,16.878,1273.019,0.4004
2026,3,Japanese Grand Prix,Q,RUS,17,SOFT,,japanese-grand-prix_corner_06,japanese-grand-prix_corner_06,0.55,1546.381,22.638,1668.692,0.6007
2026,3,Japanese Grand Prix,Q,RUS,17,SOFT,,japanese-grand-prix_corner_09,japanese-grand-prix_corner_09,0.55,2444.144,36.318,2481.221,1.0
2026,3,Japanese Grand Prix,Q,RUS,17,SOFT,,japanese-grand-prix_corner_10,japanese-grand-prix_corner_10,0.55,2696.254,40.518,2696.254,0.4729
2026,3,Japanese Grand Prix,Q,RUS,17,SOFT,,japanese-grand-prix_corner_14,japanese-grand-prix_corner_14,0.55,3966.475,61.838,4040.231,1.0
2026,3,Japanese Grand Prix,Q,RUS,17,SOFT,,japanese-grand-prix_corner_19,japanese-grand-prix_corner_19,0.55,5386.364,81.279,5468.679,1.0
2026,3,Japanese Grand Prix,Q,SAI,8,SOFT,,japanese-grand-prix_corner_03,japanese-grand-prix_corner_03,0.55,598.789,7.11,598.789,0.521
2026,3,Japanese Grand Prix,Q,SAI,8,SOFT,,japanese-grand-prix_corner_04,japanese-grand-prix_corner_04,0.55,906.908,12.59,906.908,0.1451
2026,3,Japanese Grand Prix,Q,SAI,8,SOFT,,japanese-grand-prix_corner_05,japanese-grand-prix_corner_05,0.55,1206.016,17.55,1257.183,0.9759
2026,3,Japanese Grand Prix,Q,SAI,8,SOFT,,japanese-grand-prix_corner_06,japanese-grand-prix_corner_06,0.55,1498.261,22.789,1498.261,0.7733
2026,3,Japanese Grand Prix,Q,SAI,8,SOFT,,japanese-grand-prix_corner_09,japanese-grand-prix_corner_09,0.55,2420.96,37.59,2465.493,1.0
2026,3,Japanese Grand Prix,Q,SAI,8,SOFT,,japanese-grand-prix_corner_10,japanese-grand-prix_corner_10,0.55,2701.304,42.349,2701.304,0.7051
2026,3,Japanese Grand Prix,Q,SAI,8,SOFT,,japanese-grand-prix_corner_14,japanese-grand-prix_corner_14,0.55,3932.055,63.63,4035.804,1.0
2026,3,Japanese Grand Prix,Q,SAI,8,SOFT,,japanese-grand-prix_corner_19,japanese-grand-prix_corner_19,0.55,5402.002,85.469,5473.346,1.0
2026,3,Japanese Grand Prix,Q,STR,5,SOFT,,japanese-grand-prix_corner_03,japanese-grand-prix_corner_03,0.55,605.545,7.318,605.545,0.4108
2026,3,Japanese Grand Prix,Q,STR,5,SOFT,,japanese-grand-prix_corner_04,japanese-grand-prix_corner_04,0.55,903.384,12.598,903.384,0.2303
2026,3,Japanese Grand Prix,Q,STR,5,SOFT,,japanese-grand-prix_corner_05,japanese-grand-prix_corner_05,0.55,1204.818,17.678,1256.595,0.3801
2026,3,Japanese Grand Prix,Q,STR,5,SOFT,,japanese-grand-prix_corner_06,japanese-grand-prix_corner_06,0.55,1563.095,24.358,1618.617,0.77
2026,3,Japanese Grand Prix,Q,STR,5,SOFT,,japanese-grand-prix_corner_09,japanese-grand-prix_corner_09,0.55,2429.894,38.198,2473.961,1.0
2026,3,Japanese Grand Prix,Q,STR,5,SOFT,,japanese-grand-prix_corner_10,japanese-grand-prix_corner_10,0.55,2696.977,42.998,2696.977,0.6899
2026,3,Japanese Grand Prix,Q,STR,5,SOFT,,japanese-grand-prix_corner_14,japanese-grand-prix_corner_14,0.55,3931.538,64.758,4011.282,1.0
2026,3,Japanese Grand Prix,Q,STR,5,SOFT,,japanese-grand-prix_corner_19,japanese-grand-prix_corner_19,0.55,5391.539,86.518,5447.721,1.0
2026,3,Japanese Grand Prix,Q,VER,11,SOFT,,japanese-grand-prix_corner_03,japanese-grand-prix_corner_03,0.55,611.401,6.998,611.401,0.3285
2026,3,Japanese Grand Prix,Q,VER,11,SOFT,,japanese-grand-prix_corner_04,japanese-grand-prix_corner_04,0.55,902.957,11.957,923.846,0.3081
2026,3,Japanese Grand Prix,Q,VER,11,SOFT,,japanese-grand-prix_corner_05,japanese-grand-prix_corner_05,0.55,1222.36,17.157,1328.794,0.4605
2026,3,Japanese Grand Prix,Q,VER,11,SOFT,,japanese-grand-prix_corner_06,japanese-grand-prix_corner_06,0.55,1563.542,23.317,1617.387,0.935
2026,3,Japanese Grand Prix,Q,VER,11,SOFT,,japanese-grand-prix_corner_09,japanese-grand-prix_corner_09,0.55,2437.2,36.877,2492.178,1.0
2026,3,Japanese Grand Prix,Q,VER,11,SOFT,,japanese-grand-prix_corner_10,japanese-grand-prix_corner_10,0.55,2698.34,41.278,2698.34,0.4134
2026,3,Japanese Grand Prix,Q,VER,11,SOFT,,japanese-grand-prix_corner_14,japanese-grand-prix_corner_14,0.55,3963.549,63.037,4034.238,1.0
2026,3,Japanese Grand Prix,Q,VER,11,SOFT,,japanese-grand-prix_corner_19,japanese-grand-prix_corner_19,0.55,5382.943,82.677,5486.625,1.0
2026,3,Japanese Grand Prix,R,ALB,51,MEDIUM,,japanese-grand-prix_corner_03,japanese-grand-prix_corner_03,0.55,627.087,7.591,627.087,0.3209
2026,3,Japanese Grand Prix,R,ALB,51,MEDIUM,,japanese-grand-prix_corner_05,japanese-grand-prix_corner_05,0.55,1215.357,18.152,,0.199
2026,3,Japanese Grand Prix,R,ALB,51,MEDIUM,,japanese-grand-prix_corner_06,japanese-grand-prix_corner_06,0.55,1577.079,25.192,,0.7375
2026,3,Japanese Grand Prix,R,ALB,51,MEDIUM,,japanese-grand-prix_corner_09,japanese-grand-prix_corner_09,0.55,2428.954,38.912,2509.22,1.0
2026,3,Japanese Grand Prix,R,ALB,51,MEDIUM,,japanese-grand-prix_corner_10,japanese-grand-prix_corner_10,0.55,2693.466,43.632,2693.466,0.5623
2026,3,Japanese Grand Prix,R,ALB,51,MEDIUM,,japanese-grand-prix_corner_14,japanese-grand-prix_corner_14,0.55,3950.908,65.712,4063.953,1.0
2026,3,Japanese Grand Prix,R,ALB,51,MEDIUM,,japanese-grand-prix_corner_18,japanese-grand-prix_corner_18,0.55,5111.76,80.672,5111.76,0.0533
2026,3,Japanese Grand Prix,R,ALB,51,MEDIUM,,japanese-grand-prix_corner_19,japanese-grand-prix_corner_19,0.55,5382.926,86.032,5556.31,1.0
2026,3,Japanese Grand Prix,R,ALO,47,MEDIUM,,japanese-grand-prix_corner_03,japanese-grand-prix_corner_03,0.55,614.676,7.583,614.676,0.3791
2026,3,Japanese Grand Prix,R,ALO,47,MEDIUM,,japanese-grand-prix_corner_05,japanese-grand-prix_corner_05,0.55,1212.331,18.622,,0.2052
2026,3,Japanese Grand Prix,R,ALO,47,MEDIUM,,japanese-grand-prix_corner_06,japanese-grand-prix_corner_06,0.55,1547.467,25.342,,0.6568
2026,3,Japanese Grand Prix,R,ALO,47,MEDIUM,,japanese-grand-prix_corner_09,japanese-grand-prix_corner_09,0.55,2439.396,40.583,2497.007,1.0
2026,3,Japanese Grand Prix,R,ALO,47,MEDIUM,,japanese-grand-prix_corner_10,japanese-grand-prix_corner_10,0.55,2700.343,45.302,2700.343,0.5072
2026,3,Japanese Grand Prix,R,ALO,47,MEDIUM,,japanese-grand-prix_corner_14,japanese-grand-prix_corner_14,0.55,3957.998,68.263,4027.187,1.0
2026,3,Japanese Grand Prix,R,ALO,47,MEDIUM,,japanese-grand-prix_corner_18,japanese-grand-prix_corner_18,0.55,5082.756,82.863,5082.756,0.0289
2026,3,Japanese Grand Prix,R,ALO,47,MEDIUM,,japanese-grand-prix_corner_19,japanese-grand-prix_corner_19,0.55,5394.634,89.583,5498.831,1.0
2026,3,Japanese Grand Prix,R,ANT,49,HARD,,japanese-grand-prix_corner_03,japanese-grand-prix_corner_03,0.55,605.683,7.052,605.683,0.2853
2026,3,Japanese Grand Prix,R,ANT,49,HARD,,japanese-grand-prix_corner_05,japanese-grand-prix_corner_05,0.55,1210.862,17.532,1284.473,0.3942
2026,3,Japanese Grand Prix,R,ANT,49,HARD,,japanese-grand-prix_corner_06,japanese-grand-prix_corner_06,0.55,1545.762,23.852,1635.404,0.5739
2026,3,Japanese Grand Prix,R,ANT,49,HARD,,japanese-grand-prix_corner_09,japanese-grand-prix_corner_09,0.55,2432.035,38.132,2488.542,1.0
2026,3,Japanese Grand Prix,R,ANT,49,HARD,,japanese-grand-prix_corner_10,japanese-grand-prix_corner_10,0.55,2696.699,42.852,2696.699,0.5964
2026,3,Japanese Grand Prix,R,ANT,49,HARD,,japanese-grand-prix_corner_14,japanese-grand-prix_corner_14,0.55,3953.711,65.013,4036.266,1.0
2026,3,Japanese Grand Prix,R,ANT,49,HARD,,japanese-grand-prix_corner_18,japanese-grand-prix_corner_18,0.55,5105.088,79.813,5105.088,0.0676
2026,3,Japanese Grand Prix,R,ANT,49,HARD,,japanese-grand-prix_corner_19,japanese-grand-prix_corner_19,0.55,5407.094,86.173,5510.557,1.0
2026,3,Japanese Grand Prix,R,BEA,20,HARD,,japanese-grand-prix_corner_03,japanese-grand-prix_corner_03,0.55,600.678,8.734,600.678,1.0
2026,3,Japanese Grand Prix,R,BEA,20,HARD,,japanese-grand-prix_corner_05,japanese-grand-prix_corner_05,0.55,1210.811,15.774,1210.811,0.1069
2026,3,Japanese Grand Prix,R,BEA,20,HARD,,japanese-grand-prix_corner_06,japanese-grand-prix_corner_06,0.55,1497.333,19.854,1564.067,1.0
2026,3,Japanese Grand Prix,R,BEA,20,HARD,,japanese-grand-prix_corner_09,japanese-grand-prix_corner_09,0.55,2397.544,36.174,2397.544,0.4173
2026,3,Japanese Grand Prix,R,BEA,20,HARD,,japanese-grand-prix_corner_10,japanese-grand-prix_corner_10,0.55,2693.355,41.494,2767.032,0.431
2026,3,Japanese Grand Prix,R,BEA,20,HARD,,japanese-grand-prix_corner_14,japanese-grand-prix_corner_14,0.55,3891.182,62.054,3891.182,0.3475
2026,3,Japanese Grand Prix,R,BEA,20,HARD,,japanese-grand-prix_corner_18,japanese-grand-prix_corner_18,0.55,5088.653,79.614,5088.653,0.9159
2026,3,Japanese Grand Prix,R,BEA,20,HARD,,japanese-grand-prix_corner_19,japanese-grand-prix_corner_19,0.55,5401.623,83.294,5401.623,1.0
2026,3,Japanese Grand Prix,R,BOR,40,HARD,,japanese-grand-prix_corner_03,japanese-grand-prix_corner_03,0.55,825.215,10.687,,0.3389
2026,3,Japanese Grand Prix,R,BOR,40,HARD,,japanese-grand-prix_corner_05,japanese-grand-prix_corner_05,0.55,1257.268,18.848,1257.268,0.4563
2026,3,Japanese Grand Prix,R,BOR,40,HARD,,japanese-grand-prix_corner_06,japanese-grand-prix_corner_06,0.55,1564.244,24.847,,0.6862
2026,3,Japanese Grand Prix,R,BOR,40,HARD,,japanese-grand-prix_corner_09,japanese-grand-prix_corner_09,0.55,2428.735,39.248,2481.313,1.0
2026,3,Japanese Grand Prix,R,BOR,40,HARD,,japanese-grand-prix_corner_10,japanese-grand-prix_corner_10,0.55,2692.702,43.968,2692.702,0.487
2026,3,Japanese Grand Prix,R,BOR,40,HARD,,japanese-grand-prix_corner_14,japanese-grand-prix_corner_14,0.55,3932.004,66.168,4022.837,1.0
2026,3,Japanese Grand Prix,R,BOR,40,HARD,,japanese-grand-prix_corner_18,japanese-grand-prix_corner_18,0.55,5086.336,80.928,5086.336,0.141
2026,3,Japanese Grand Prix,R,BOR,40,HARD,,japanese-grand-prix_corner_19,japanese-grand-prix_corner_19,0.55,5419.524,88.128,5545.648,0.9522
2026,3,Japanese Grand Prix,R,BOT,52,MEDIUM,,japanese-grand-prix_corner_03,japanese-grand-prix_corner_03,0.55,846.581,11.597,,0.3225
2026,3,Japanese Grand Prix,R,BOT,52,MEDIUM,,japanese-grand-prix_corner_05,japanese-grand-prix_corner_05,0.55,1224.648,18.757,1283.151,0.1485
2026,3,Japanese Grand Prix,R,BOT,52,MEDIUM,,japanese-grand-prix_corner_06,japanese-grand-prix_corner_06,0.55,1549.089,25.437,1639.822,0.6033
2026,3,Japanese Grand Prix,R,BOT,52,MEDIUM,,japanese-grand-prix_corner_09,japanese-grand-prix_corner_09,0.55,2433.551,40.676,2494.098,1.0
2026,3,Japanese Grand Prix,R,BOT,52,MEDIUM,,japanese-grand-prix_corner_10,japanese-grand-prix_corner_10,0.55,2691.687,45.477,2691.687,0.6478
2026,3,Japanese Grand Prix,R,BOT,52,MEDIUM,,japanese-grand-prix_corner_14,japanese-grand-prix_corner_14,0.55,3951.944,67.957,4024.755,1.0
2026,3,Japanese Grand Prix,R,BOT,52,MEDIUM,,japanese-grand-prix_corner_18,japanese-grand-prix_corner_18,0.55,5093.023,82.757,5093.023,0.082
2026,3,Japanese Grand Prix,R,BOT,52,MEDIUM,,japanese-grand-prix_corner_19,japanese-grand-prix_corner_19,0.55,5383.457,88.517,5559.846,1.0
2026,3,Japanese Grand Prix,R,COL,41,HARD,,japanese-grand-prix_corner_03,japanese-grand-prix_corner_03,0.55,603.884,6.931,,0.2437
2026,3,Japanese Grand Prix,R,COL,41,HARD,,japanese-grand-prix_corner_05,japanese-grand-prix_corner_05,0.55,1199.566,17.891,,0.0022
2026,3,Japanese Grand Prix,R,COL,41,HARD,,japanese-grand-prix_corner_06,japanese-grand-prix_corner_06,0.55,1541.114,24.732,,0.76
2026,3,Japanese Grand Prix,R,COL,41,HARD,,japanese-grand-prix_corner_09,japanese-grand-prix_corner_09,0.55,2434.739,39.772,2486.013,1.0
2026,3,Japanese Grand Prix,R,COL,41,HARD,,japanese-grand-prix_corner_10,japanese-grand-prix_corner_10,0.55,2714.613,44.692,2714.613,0.5898
2026,3,Japanese Grand Prix,R,COL,41,HARD,,japanese-grand-prix_corner_14,japanese-grand-prix_corner_14,0.55,3935.058,66.572,4032.272,1.0
2026,3,Japanese Grand Prix,R,COL,41,HARD,,japanese-grand-prix_corner_18,japanese-grand-prix_corner_18,0.55,5096.267,81.491,5096.267,0.1124
2026,3,Japanese Grand Prix,R,COL,41,HARD,,japanese-grand-prix_corner_19,japanese-grand-prix_corner_19,0.55,5386.027,87.731,5541.298,1.0
2026,3,Japanese Grand Prix,R,GAS,39,HARD,,japanese-grand-prix_corner_03,japanese-grand-prix_corner_03,0.55,606.948,7.043,606.948,0.3
2026,3,Japanese Grand Prix,R,GAS,39,HARD,,japanese-grand-prix_corner_05,japanese-grand-prix_corner_05,0.55,1231.671,18.164,1293.793,0.4993
2026,3,Japanese Grand Prix,R,GAS,39,HARD,,japanese-grand-prix_corner_06,japanese-grand-prix_corner_06,0.55,1533.872,23.924,1637.405,0.5253
2026,3,Japanese Grand Prix,R,GAS,39,HARD,,japanese-grand-prix_corner_09,japanese-grand-prix_corner_09,0.55,2433.505,38.884,2483.518,1.0
2026,3,Japanese Grand Prix,R,GAS,39,HARD,,japanese-grand-prix_corner_10,japanese-grand-prix_corner_10,0.55,2696.419,43.644,2696.419,0.5749
2026,3,Japanese Grand Prix,R,GAS,39,HARD,,japanese-grand-prix_corner_14,japanese-grand-prix_corner_14,0.55,3965.019,66.244,4023.449,1.0
2026,3,Japanese Grand Prix,R,GAS,39,HARD,,japanese-grand-prix_corner_18,japanese-grand-prix_corner_18,0.55,5099.067,80.763,5099.067,0.1162
2026,3,Japanese Grand Prix,R,GAS,39,HARD,,japanese-grand-prix_corner_19,japanese-grand-prix_corner_19,0.55,5406.651,87.323,5509.499,1.0
2026,3,Japanese Grand Prix,R,HAD,53,HARD,,japanese-grand-prix_corner_03,japanese-grand-prix_corner_03,0.55,603.803,7.139,603.803,0.1957
2026,3,Japanese Grand Prix,R,HAD,53,HARD,,japanese-grand-prix_corner_05,japanese-grand-prix_corner_05,0.55,1221.551,18.138,,0.2976
2026,3,Japanese Grand Prix,R,HAD,53,HARD,,japanese-grand-prix_corner_06,japanese-grand-prix_corner_06,0.55,1562.991,24.778,,0.5224
2026,3,Japanese Grand Prix,R,HAD,53,HARD,,japanese-grand-prix_corner_09,japanese-grand-prix_corner_09,0.55,2443.722,39.379,2506.344,1.0
2026,3,Japanese Grand Prix,R,HAD,53,HARD,,japanese-grand-prix_corner_10,japanese-grand-prix_corner_10,0.55,2695.133,43.899,2695.133,0.5478
2026,3,Japanese Grand Prix,R,HAD,53,HARD,,japanese-grand-prix_corner_14,japanese-grand-prix_corner_14,0.55,3945.559,66.139,4048.036,1.0
2026,3,Japanese Grand Prix,R,HAD,53,HARD,,japanese-grand-prix_corner_18,japanese-grand-prix_corner_18,0.55,5098.691,80.859,5098.691,0.0137
2026,3,Japanese Grand Prix,R,HAD,53,HARD,,japanese-grand-prix_corner_19,japanese-grand-prix_corner_19,0.55,5382.277,86.059,5561.571,1.0
2026,3,Japanese Grand Prix,R,HAM,48,HARD,,japanese-grand-prix_corner_03,japanese-grand-prix_corner_03,0.55,598.82,6.722,598.82,0.3249
2026,3,Japanese Grand Prix,R,HAM,48,HARD,,japanese-grand-prix_corner_05,japanese-grand-prix_corner_05,0.55,1205.376,17.403,,0.2651
2026,3,Japanese Grand Prix,R,HAM,48,HARD,,japanese-grand-prix_corner_06,japanese-grand-prix_corner_06,0.55,1541.518,23.803,,0.68
2026,3,Japanese Grand Prix,R,HAM,48,HARD,,japanese-grand-prix_corner_09,japanese-grand-prix_corner_09,0.55,2433.784,38.643,2486.418,0.99
2026,3,Japanese Grand Prix,R,HAM,48,HARD,,japanese-grand-prix_corner_10,japanese-grand-prix_corner_10,0.55,2694.382,43.283,2694.382,0.5924
2026,3,Japanese Grand Prix,R,HAM,48,HARD,,japanese-grand-prix_corner_14,japanese-grand-prix_corner_14,0.55,3932.378,65.003,4045.134,0.995
2026,3,Japanese Grand Prix,R,HAM,48,HARD,,japanese-grand-prix_corner_18,japanese-grand-prix_corner_18,0.55,5085.289,79.683,5085.289,0.0475
2026,3,Japanese Grand Prix,R,HAM,48,HARD,,japanese-grand-prix_corner_19,japanese-grand-prix_corner_19,0.55,5421.106,86.764,5549.585,1.0
2026,3,Japanese Grand Prix,R,HUL,47,HARD,,japanese-grand-prix_corner_03,japanese-grand-prix_corner_03,0.55,610.019,6.706,610.019,0.3352
2026,3,Japanese Grand Prix,R,HUL,47,HARD,,japanese-grand-prix_corner_05,japanese-grand-prix_corner_05,0.55,1203.428,17.107,1286.964,0.6493
2026,3,Japanese Grand Prix,R,HUL,47,HARD,,japanese-grand-prix_corner_06,japanese-grand-prix_corner_06,0.55,1551.849,23.787,,0.6717
2026,3,Japanese Grand Prix,R,HUL,47,HARD,,japanese-grand-prix_corner_09,japanese-grand-prix_corner_09,0.55,2444.077,38.466,2501.611,1.0
2026,3,Japanese Grand Prix,R,HUL,47,HARD,,japanese-grand-prix_corner_10,japanese-grand-prix_corner_10,0.55,2700.854,43.147,2700.854,0.5517
2026,3,Japanese Grand Prix,R,HUL,47,HARD,,japanese-grand-prix_corner_14,japanese-grand-prix_corner_14,0.55,3938.3,65.146,4045.825,1.0
2026,3,Japanese Grand Prix,R,HUL,47,HARD,,japanese-grand-prix_corner_18,japanese-grand-prix_corner_18,0.55,5103.502,80.467,5103.502,0.0726
2026,3,Japanese Grand Prix,R,HUL,47,HARD,,japanese-grand-prix_corner_19,japanese-grand-prix_corner_19,0.55,5384.066,85.906,5516.848,1.0
2026,3,Japanese Grand Prix,R,LAW,53,HARD,,japanese-grand-prix_corner_03,japanese-grand-prix_corner_03,0.55,603.767,7.147,603.767,0.3629
2026,3,Japanese Grand Prix,R,LAW,53,HARD,,japanese-grand-prix_corner_05,japanese-grand-prix_corner_05,0.55,1203.338,17.906,,0.0
2026,3,Japanese Grand Prix,R,LAW,53,HARD,,japanese-grand-prix_corner_06,japanese-grand-prix_corner_06,0.55,1582.52,25.307,,0.7125
2026,3,Japanese Grand Prix,R,LAW,53,HARD,,japanese-grand-prix_corner_09,japanese-grand-prix_corner_09,0.55,2445.911,39.467,2491.755,1.0
2026,3,Japanese Grand Prix,R,LAW,53,HARD,,japanese-grand-prix_corner_10,japanese-grand-prix_corner_10,0.55,2712.488,44.226,2712.488,0.6042
2026,3,Japanese Grand Prix,R,LAW,53,HARD,,japanese-grand-prix_corner_14,japanese-grand-prix_corner_14,0.55,3931.08,65.867,4041.124,1.0
2026,3,Japanese Grand Prix,R,LAW,53,HARD,,japanese-grand-prix_corner_18,japanese-grand-prix_corner_18,0.55,5094.001,81.027,5094.001,0.075
2026,3,Japanese Grand Prix,R,LAW,53,HARD,,japanese-grand-prix_corner_19,japanese-grand-prix_corner_19,0.55,5382.732,86.707,5540.585,1.0
2026,3,Japanese Grand Prix,R,LEC,53,HARD,,japanese-grand-prix_corner_03,japanese-grand-prix_corner_03,0.55,609.004,7.02,609.004,0.3434
2026,3,Japanese Grand Prix,R,LEC,53,HARD,,japanese-grand-prix_corner_05,japanese-grand-prix_corner_05,0.55,1203.814,17.379,,0.2673
2026,3,Japanese Grand Prix,R,LEC,53,HARD,,japanese-grand-prix_corner_06,japanese-grand-prix_corner_06,0.55,1516.847,23.26,,0.6367
2026,3,Japanese Grand Prix,R,LEC,53,HARD,,japanese-grand-prix_corner_09,japanese-grand-prix_corner_09,0.55,2443.463,38.46,2479.474,1.0
2026,3,Japanese Grand Prix,R,LEC,53,HARD,,japanese-grand-prix_corner_10,japanese-grand-prix_corner_10,0.55,2703.619,43.1,2703.619,0.5411
2026,3,Japanese Grand Prix,R,LEC,53,HARD,,japanese-grand-prix_corner_14,japanese-grand-prix_corner_14,0.55,3941.817,64.619,4046.271,1.0
2026,3,Japanese Grand Prix,R,LEC,53,HARD,,japanese-grand-prix_corner_18,japanese-grand-prix_corner_18,0.55,5092.461,79.42,5092.461,0.0548
2026,3,Japanese Grand Prix,R,LEC,53,HARD,,japanese-grand-prix_corner_19,japanese-grand-prix_corner_19,0.55,5385.338,84.98,5531.149,0.998
2026,3,Japanese Grand Prix,R,LIN,53,HARD,,japanese-grand-prix_corner_03,japanese-grand-prix_corner_03,0.55,887.469,12.225,,0.1416
2026,3,Japanese Grand Prix,R,LIN,53,HARD,,japanese-grand-prix_corner_05,japanese-grand-prix_corner_05,0.55,1206.118,17.905,,0.3749
2026,3,Japanese Grand Prix,R,LIN,53,HARD,,japanese-grand-prix_corner_06,japanese-grand-prix_corner_06,0.55,1577.151,25.225,,0.6304
2026,3,Japanese Grand Prix,R,LIN,53,HARD,,japanese-grand-prix_corner_09,japanese-grand-prix_corner_09,0.55,2447.683,39.825,2501.127,1.0
2026,3,Japanese Grand Prix,R,LIN,53,HARD,,japanese-grand-prix_corner_10,japanese-grand-prix_corner_10,0.55,2691.59,44.385,2691.59,0.2755
2026,3,Japanese Grand Prix,R,LIN,53,HARD,,japanese-grand-prix_corner_14,japanese-grand-prix_corner_14,0.55,3898.368,64.625,4088.154,1.0
2026,3,Japanese Grand Prix,R,LIN,53,HARD,,japanese-grand-prix_corner_18,japanese-grand-prix_corner_18,0.55,5084.82,80.545,5084.82,0.0
2026,3,Japanese Grand Prix,R,LIN,53,HARD,,japanese-grand-prix_corner_19,japanese-grand-prix_corner_19,0.55,5418.599,86.705,5632.841,0.9967
2026,3,Japanese Grand Prix,R,NOR,52,HARD,,japanese-grand-prix_corner_03,japanese-grand-prix_corner_03,0.55,632.836,7.285,632.836,0.3216
2026,3,Japanese Grand Prix,R,NOR,52,HARD,,japanese-grand-prix_corner_05,japanese-grand-prix_corner_05,0.55,1208.269,17.524,1274.636,0.0232
2026,3,Japanese Grand Prix,R,NOR,52,HARD,,japanese-grand-prix_corner_06,japanese-grand-prix_corner_06,0.55,1569.239,24.364,1635.469,0.5475
2026,3,Japanese Grand Prix,R,NOR,52,HARD,,japanese-grand-prix_corner_09,japanese-grand-prix_corner_09,0.55,2430.616,38.644,2494.254,1.0
2026,3,Japanese Grand Prix,R,NOR,52,HARD,,japanese-grand-prix_corner_10,japanese-grand-prix_corner_10,0.55,2697.97,43.404,2697.97,0.6349
2026,3,Japanese Grand Prix,R,NOR,52,HARD,,japanese-grand-prix_corner_14,japanese-grand-prix_corner_14,0.55,3929.387,65.125,4031.02,1.0
2026,3,Japanese Grand Prix,R,NOR,52,HARD,,japanese-grand-prix_corner_18,japanese-grand-prix_corner_18,0.55,5096.452,80.325,5096.452,0.0818
2026,3,Japanese Grand Prix,R,NOR,52,HARD,,japanese-grand-prix_corner_19,japanese-grand-prix_corner_19,0.55,5407.145,87.005,5501.641,1.0
2026,3,Japanese Grand Prix,R,OCO,53,HARD,,japanese-grand-prix_corner_03,japanese-grand-prix_corner_03,0.55,606.239,7.094,606.239,0.3507
2026,3,Japanese Grand Prix,R,OCO,53,HARD,,japanese-grand-prix_corner_05,japanese-grand-prix_corner_05,0.55,1216.38,18.334,1267.991,0.2757
2026,3,Japanese Grand Prix,R,OCO,53,HARD,,japanese-grand-prix_corner_06,japanese-grand-prix_corner_06,0.55,1562.997,25.214,,0.7168
2026,3,Japanese Grand Prix,R,OCO,53,HARD,,japanese-grand-prix_corner_09,japanese-grand-prix_corner_09,0.55,2423.437,39.534,2499.671,1.0
2026,3,Japanese Grand Prix,R,OCO,53,HARD,,japanese-grand-prix_corner_10,japanese-grand-prix_corner_10,0.55,2710.294,44.694,2710.294,0.6073
2026,3,Japanese Grand Prix,R,OCO,53,HARD,,japanese-grand-prix_corner_14,japanese-grand-prix_corner_14,0.55,3940.63,66.494,4035.797,1.0
2026,3,Japanese Grand Prix,R,OCO,53,HARD,,japanese-grand-prix_corner_18,japanese-grand-prix_corner_18,0.55,5095.829,81.174,5095.829,0.1363
2026,3,Japanese Grand Prix,R,OCO,53,HARD,,japanese-grand-prix_corner_19,japanese-grand-prix_corner_19,0.55,5400.996,87.774,5542.133,1.0
2026,3,Japanese Grand Prix,R,PER,53,HARD,,japanese-grand-prix_corner_03,japanese-grand-prix_corner_03,0.55,623.724,7.496,623.724,0.3029
2026,3,Japanese Grand Prix,R,PER,53,HARD,,japanese-grand-prix_corner_05,japanese-grand-prix_corner_05,0.55,1206.577,18.376,1254.31,0.0459
2026,3,Japanese Grand Prix,R,PER,53,HARD,,japanese-grand-prix_corner_06,japanese-grand-prix_corner_06,0.55,1557.977,25.296,1638.844,0.714
2026,3,Japanese Grand Prix,R,PER,53,HARD,,japanese-grand-prix_corner_09,japanese-grand-prix_corner_09,0.55,2420.609,39.936,2466.698,1.0
2026,3,Japanese Grand Prix,R,PER,53,HARD,,japanese-grand-prix_corner_10,japanese-grand-prix_corner_10,0.55,2704.363,45.136,2704.363,0.6304
2026,3,Japanese Grand Prix,R,PER,53,HARD,,japanese-grand-prix_corner_14,japanese-grand-prix_corner_14,0.55,3957.356,67.616,4022.244,1.0
2026,3,Japanese Grand Prix,R,PER,53,HARD,,japanese-grand-prix_corner_18,japanese-grand-prix_corner_18,0.55,5083.066,82.216,5083.066,0.0923
2026,3,Japanese Grand Prix,R,PER,53,HARD,,japanese-grand-prix_corner_19,japanese-grand-prix_corner_19,0.55,5382.981,89.176,5556.23,1.0
2026,3,Japanese Grand Prix,R,PIA,49,HARD,,japanese-grand-prix_corner_03,japanese-grand-prix_corner_03,0.55,813.058,11.345,,0.3825
2026,3,Japanese Grand Prix,R,PIA,49,HARD,,japanese-grand-prix_corner_05,japanese-grand-prix_corner_05,0.55,1226.437,18.785,,0.0265
2026,3,Japanese Grand Prix,R,PIA,49,HARD,,japanese-grand-prix_corner_06,japanese-grand-prix_corner_06,0.55,1514.95,24.345,,0.8875
2026,3,Japanese Grand Prix,R,PIA,49,HARD,,japanese-grand-prix_corner_09,japanese-grand-prix_corner_09,0.55,2400.274,38.946,2443.518,0.99
2026,3,Japanese Grand Prix,R,PIA,49,HARD,,japanese-grand-prix_corner_10,japanese-grand-prix_corner_10,0.55,2695.238,43.905,2921.929,0.8411
2026,3,Japanese Grand Prix,R,PIA,49,HARD,,japanese-grand-prix_corner_14,japanese-grand-prix_corner_14,0.55,3916.842,65.506,4001.942,0.99
2026,3,Japanese Grand Prix,R,PIA,49,HARD,,japanese-grand-prix_corner_18,japanese-grand-prix_corner_18,0.55,5093.331,80.706,5093.331,0.0189
2026,3,Japanese Grand Prix,R,PIA,49,HARD,,japanese-grand-prix_corner_19,japanese-grand-prix_corner_19,0.55,5381.826,87.186,5504.225,0.99
2026,3,Japanese Grand Prix,R,RUS,53,HARD,,japanese-grand-prix_corner_03,japanese-grand-prix_corner_03,0.55,620.925,7.204,620.925,0.2571
2026,3,Japanese Grand Prix,R,RUS,53,HARD,,japanese-grand-prix_corner_05,japanese-grand-prix_corner_05,0.55,1225.185,17.883,,0.3469
2026,3,Japanese Grand Prix,R,RUS,53,HARD,,japanese-grand-prix_corner_06,japanese-grand-prix_corner_06,0.55,1556.112,24.243,,0.1929
2026,3,Japanese Grand Prix,R,RUS,53,HARD,,japanese-grand-prix_corner_09,japanese-grand-prix_corner_09,0.55,2450.722,38.764,2499.167,1.0
2026,3,Japanese Grand Prix,R,RUS,53,HARD,,japanese-grand-prix_corner_10,japanese-grand-prix_corner_10,0.55,2693.49,43.123,2693.49,0.4321
2026,3,Japanese Grand Prix,R,RUS,53,HARD,,japanese-grand-prix_corner_14,japanese-grand-prix_corner_14,0.55,3984.197,65.724,4046.897,1.0
2026,3,Japanese Grand Prix,R,RUS,53,HARD,,japanese-grand-prix_corner_18,japanese-grand-prix_corner_18,0.55,5098.242,79.324,5098.242,0.0
2026,3,Japanese Grand Prix,R,RUS,53,HARD,,japanese-grand-prix_corner_19,japanese-grand-prix_corner_19,0.55,5400.129,85.204,5554.018,1.0
2026,3,Japanese Grand Prix,R,SAI,38,HARD,,japanese-grand-prix_corner_03,japanese-grand-prix_corner_03,0.55,879.428,12.017,,0.1728
2026,3,Japanese Grand Prix,R,SAI,38,HARD,,japanese-grand-prix_corner_05,japanese-grand-prix_corner_05,0.55,1238.984,18.577,,0.4383
2026,3,Japanese Grand Prix,R,SAI,38,HARD,,japanese-grand-prix_corner_06,japanese-grand-prix_corner_06,0.55,1578.361,25.457,1640.572,0.6542
2026,3,Japanese Grand Prix,R,SAI,38,HARD,,japanese-grand-prix_corner_09,japanese-grand-prix_corner_09,0.55,2444.414,39.777,2485.769,1.0
2026,3,Japanese Grand Prix,R,SAI,38,HARD,,japanese-grand-prix_corner_10,japanese-grand-prix_corner_10,0.55,2701.736,44.417,2701.736,0.5506
2026,3,Japanese Grand Prix,R,SAI,38,HARD,,japanese-grand-prix_corner_14,japanese-grand-prix_corner_14,0.55,3946.278,66.697,4028.049,1.0
2026,3,Japanese Grand Prix,R,SAI,38,HARD,,japanese-grand-prix_corner_18,japanese-grand-prix_corner_18,0.55,5084.733,81.458,5084.733,0.0706
2026,3,Japanese Grand Prix,R,SAI,38,HARD,,japanese-grand-prix_corner_19,japanese-grand-prix_corner_19,0.55,5408.65,88.658,5526.075,1.0
2026,3,Japanese Grand Prix,R,STR,29,MEDIUM,,japanese-grand-prix_corner_03,japanese-grand-prix_corner_03,0.55,814.004,11.084,,0.318
2026,3,Japanese Grand Prix,R,STR,29,MEDIUM,,japanese-grand-prix_corner_05,japanese-grand-prix_corner_05,0.55,1203.033,18.644,,0.0023
2026,3,Japanese Grand Prix,R,STR,29,MEDIUM,,japanese-grand-prix_corner_06,japanese-grand-prix_corner_06,0.55,1571.09,26.164,1631.268,0.6623
2026,3,Japanese Grand Prix,R,STR,29,MEDIUM,,japanese-grand-prix_corner_09,japanese-grand-prix_corner_09,0.55,2426.362,40.963,2468.762,1.0
2026,3,Japanese Grand Prix,R,STR,29,MEDIUM,,japanese-grand-prix_corner_10,japanese-grand-prix_corner_10,0.55,2702.48,46.084,2702.48,0.5757
2026,3,Japanese Grand Prix,R,STR,29,MEDIUM,,japanese-grand-prix_corner_14,japanese-grand-prix_corner_14,0.55,3955.755,68.963,4062.964,1.0
2026,3,Japanese Grand Prix,R,STR,29,MEDIUM,,japanese-grand-prix_corner_18,japanese-grand-prix_corner_18,0.55,5106.155,83.924,5106.155,0.1046
2026,3,Japanese Grand Prix,R,STR,29,MEDIUM,,japanese-grand-prix_corner_19,japanese-grand-prix_corner_19,0.55,5402.947,90.564,5493.402,1.0
2026,3,Japanese Grand Prix,R,VER,41,HARD,,japanese-grand-prix_corner_03,japanese-grand-prix_corner_03,0.55,848.094,11.13,,0.2354
2026,3,Japanese Grand Prix,R,VER,41,HARD,,japanese-grand-prix_corner_05,japanese-grand-prix_corner_05,0.55,1215.531,17.85,1283.42,0.0
2026,3,Japanese Grand Prix,R,VER,41,HARD,,japanese-grand-prix_corner_06,japanese-grand-prix_corner_06,0.55,1555.847,24.45,1624.265,0.5562
2026,3,Japanese Grand Prix,R,VER,41,HARD,,japanese-grand-prix_corner_09,japanese-grand-prix_corner_09,0.55,2426.273,38.85,2476.864,1.0
2026,3,Japanese Grand Prix,R,VER,41,HARD,,japanese-grand-prix_corner_10,japanese-grand-prix_corner_10,0.55,2701.125,43.85,2701.125,0.5525
2026,3,Japanese Grand Prix,R,VER,41,HARD,,japanese-grand-prix_corner_14,japanese-grand-prix_corner_14,0.55,3946.877,65.891,4031.258,1.0
2026,3,Japanese Grand Prix,R,VER,41,HARD,,japanese-grand-prix_corner_18,japanese-grand-prix_corner_18,0.55,5103.105,80.691,5103.105,0.0586
2026,3,Japanese Grand Prix,R,VER,41,HARD,,japanese-grand-prix_corner_19,japanese-grand-prix_corner_19,0.55,5410.874,87.531,5514.255,1.0
2026,4,Miami Grand Prix,Q,ALB,8,SOFT,,miami-grand-prix_corner_02,miami-grand-prix_corner_02,0.55,392.38,6.521,,0.5363
2026,4,Miami Grand Prix,Q,ALB,8,SOFT,,miami-grand-prix_corner_03,miami-grand-prix_corner_03,0.55,546.46,10.2,633.449,1.0
2026,4,Miami Grand Prix,Q,ALB,8,SOFT,,miami-grand-prix_corner_06,miami-grand-prix_corner_06,0.55,1338.889,21.6,1338.889,0.0
2026,4,Miami Grand Prix,Q,ALB,8,SOFT,,miami-grand-prix_corner_07,miami-grand-prix_corner_07,0.55,1617.301,26.921,1702.004,1.0
2026,4,Miami Grand Prix,Q,ALB,8,SOFT,,miami-grand-prix_corner_12,miami-grand-prix_corner_12,0.55,2946.036,43.6,2946.036,0.0
2026,4,Miami Grand Prix,Q,ALB,8,SOFT,,miami-grand-prix_corner_13,miami-grand-prix_corner_13,0.55,3226.618,51.481,3301.362,0.1624
2026,4,Miami Grand Prix,Q,ALB,8,SOFT,,miami-grand-prix_corner_14,miami-grand-prix_corner_14,0.55,3507.407,60.681,3563.079,1.0
2026,4,Miami Grand Prix,Q,ALB,8,SOFT,,miami-grand-prix_corner_19,miami-grand-prix_corner_19,0.55,4841.091,80.881,4949.675,1.0
2026,4,Miami Grand Prix,Q,ALO,5,SOFT,,miami-grand-prix_corner_02,miami-grand-prix_corner_02,0.55,387.99,6.58,525.053,0.53
2026,4,Miami Grand Prix,Q,ALO,5,SOFT,,miami-grand-prix_corner_03,miami-grand-prix_corner_03,0.55,538.053,10.3,602.364,1.0
2026,4,Miami Grand Prix,Q,ALO,5,SOFT,,miami-grand-prix_corner_06,miami-grand-prix_corner_06,0.55,1338.922,22.02,,0.0
2026,4,Miami Grand Prix,Q,ALO,5,SOFT,,miami-grand-prix_corner_07,miami-grand-prix_corner_07,0.55,1630.177,27.82,1685.879,1.0
2026,4,Miami Grand Prix,Q,ALO,5,SOFT,,miami-grand-prix_corner_12,miami-grand-prix_corner_12,0.55,2960.658,44.58,2960.658,0.0
2026,4,Miami Grand Prix,Q,ALO,5,SOFT,,miami-grand-prix_corner_13,miami-grand-prix_corner_13,0.55,3224.84,52.22,,0.2062
2026,4,Miami Grand Prix,Q,ALO,5,SOFT,,miami-grand-prix_corner_14,miami-grand-prix_corner_14,0.55,3516.705,61.94,3564.361,1.0
2026,4,Miami Grand Prix,Q,ALO,5,SOFT,,miami-grand-prix_corner_19,miami-grand-prix_corner_19,0.55,4847.042,82.3,4915.009,1.0
2026,4,Miami Grand Prix,Q,ANT,14,SOFT,,miami-grand-prix_corner_02,miami-grand-prix_corner_02,0.55,406.094,6.764,520.814,0.5725
2026,4,Miami Grand Prix,Q,ANT,14,SOFT,,miami-grand-prix_corner_03,miami-grand-prix_corner_03,0.55,541.214,9.843,592.436,1.0
2026,4,Miami Grand Prix,Q,ANT,14,SOFT,,miami-grand-prix_corner_06,miami-grand-prix_corner_06,0.55,1338.354,20.844,1338.354,0.0207
2026,4,Miami Grand Prix,Q,ANT,14,SOFT,,miami-grand-prix_corner_07,miami-grand-prix_corner_07,0.55,1635.871,26.564,1701.671,1.0
2026,4,Miami Grand Prix,Q,ANT,14,SOFT,,miami-grand-prix_corner_12,miami-grand-prix_corner_12,0.55,2949.351,42.763,2949.351,0.0007
2026,4,Miami Grand Prix,Q,ANT,14,SOFT,,miami-grand-prix_corner_13,miami-grand-prix_corner_13,0.55,3235.811,50.683,3273.789,0.1701
2026,4,Miami Grand Prix,Q,ANT,14,SOFT,,miami-grand-prix_corner_14,miami-grand-prix_corner_14,0.55,3534.238,60.444,3585.049,1.0
2026,4,Miami Grand Prix,Q,ANT,14,SOFT,,miami-grand-prix_corner_19,miami-grand-prix_corner_19,0.55,4861.413,79.644,4940.057,1.0
2026,4,Miami Grand Prix,Q,BEA,5,SOFT,,miami-grand-prix_corner_02,miami-grand-prix_corner_02,0.55,392.249,6.464,,0.5815
2026,4,Miami Grand Prix,Q,BEA,5,SOFT,,miami-grand-prix_corner_03,miami-grand-prix_corner_03,0.55,555.047,10.424,631.869,1.0
2026,4,Miami Grand Prix,Q,BEA,5,SOFT,,miami-grand-prix_corner_06,miami-grand-prix_corner_06,0.55,1348.871,21.864,1348.871,0.0044
2026,4,Miami Grand Prix,Q,BEA,5,SOFT,,miami-grand-prix_corner_07,miami-grand-prix_corner_07,0.55,1622.004,27.064,1701.796,1.0
2026,4,Miami Grand Prix,Q,BEA,5,SOFT,,miami-grand-prix_corner_12,miami-grand-prix_corner_12,0.55,2943.141,43.664,2943.141,0.0
2026,4,Miami Grand Prix,Q,BEA,5,SOFT,,miami-grand-prix_corner_13,miami-grand-prix_corner_13,0.55,3214.541,50.864,,0.344
2026,4,Miami Grand Prix,Q,BEA,5,SOFT,,miami-grand-prix_corner_14,miami-grand-prix_corner_14,0.55,3521.508,60.864,3594.157,1.0
2026,4,Miami Grand Prix,Q,BEA,5,SOFT,,miami-grand-prix_corner_19,miami-grand-prix_corner_19,0.55,4848.645,80.504,4945.572,1.0
2026,4,Miami Grand Prix,Q,BOR,2,SOFT,,miami-grand-prix_corner_02,miami-grand-prix_corner_02,0.55,392.772,6.667,519.003,0.6227
2026,4,Miami Grand Prix,Q,BOR,2,SOFT,,miami-grand-prix_corner_03,miami-grand-prix_corner_03,0.55,539.403,10.348,539.403,1.0
2026,4,Miami Grand Prix,Q,BOR,2,SOFT,,miami-grand-prix_corner_06,miami-grand-prix_corner_06,0.55,1338.654,22.468,1338.654,0.0045
2026,4,Miami Grand Prix,Q,BOR,2,SOFT,,miami-grand-prix_corner_07,miami-grand-prix_corner_07,0.55,1606.554,27.907,1686.212,1.0
2026,4,Miami Grand Prix,Q,BOR,2,SOFT,,miami-grand-prix_corner_12,miami-grand-prix_corner_12,0.55,2958.177,45.947,2958.177,0.0
2026,4,Miami Grand Prix,Q,BOR,2,SOFT,,miami-grand-prix_corner_13,miami-grand-prix_corner_13,0.55,3223.276,53.427,3293.917,0.4434
2026,4,Miami Grand Prix,Q,BOR,2,SOFT,,miami-grand-prix_corner_14,miami-grand-prix_corner_14,0.55,3517.878,63.108,3581.067,0.99
2026,4,Miami Grand Prix,Q,BOR,2,SOFT,,miami-grand-prix_corner_19,miami-grand-prix_corner_19,0.55,4845.345,83.988,4930.945,1.0
2026,4,Miami Grand Prix,Q,BOT,8,SOFT,,miami-grand-prix_corner_02,miami-grand-prix_corner_02,0.55,388.388,6.611,519.06,0.6268
2026,4,Miami Grand Prix,Q,BOT,8,SOFT,,miami-grand-prix_corner_03,miami-grand-prix_corner_03,0.55,542.527,10.41,602.849,1.0
2026,4,Miami Grand Prix,Q,BOT,8,SOFT,,miami-grand-prix_corner_06,miami-grand-prix_corner_06,0.55,1356.702,22.371,1444.641,0.0
2026,4,Miami Grand Prix,Q,BOT,8,SOFT,,miami-grand-prix_corner_07,miami-grand-prix_corner_07,0.55,1612.681,27.531,1688.515,1.0
2026,4,Miami Grand Prix,Q,BOT,8,SOFT,,miami-grand-prix_corner_12,miami-grand-prix_corner_12,0.55,2949.764,44.53,,0.0
2026,4,Miami Grand Prix,Q,BOT,8,SOFT,,miami-grand-prix_corner_13,miami-grand-prix_corner_13,0.55,3212.216,52.211,3285.66,0.1989
2026,4,Miami Grand Prix,Q,BOT,8,SOFT,,miami-grand-prix_corner_14,miami-grand-prix_corner_14,0.55,3514.179,62.571,3570.231,1.0
2026,4,Miami Grand Prix,Q,BOT,8,SOFT,,miami-grand-prix_corner_19,miami-grand-prix_corner_19,0.55,4838.276,82.891,4919.8,1.0
2026,4,Miami Grand Prix,Q,COL,16,SOFT,,miami-grand-prix_corner_02,miami-grand-prix_corner_02,0.55,392.321,6.256,,0.6778
2026,4,Miami Grand Prix,Q,COL,16,SOFT,,miami-grand-prix_corner_03,miami-grand-prix_corner_03,0.55,553.668,10.095,613.535,1.0
2026,4,Miami Grand Prix,Q,COL,16,SOFT,,miami-grand-prix_corner_06,miami-grand-prix_corner_06,0.55,1349.441,21.416,,0.0
2026,4,Miami Grand Prix,Q,COL,16,SOFT,,miami-grand-prix_corner_07,miami-grand-prix_corner_07,0.55,1644.466,27.136,1697.223,1.0
2026,4,Miami Grand Prix,Q,COL,16,SOFT,,miami-grand-prix_corner_12,miami-grand-prix_corner_12,0.55,2942.757,43.055,2942.757,0.0411
2026,4,Miami Grand Prix,Q,COL,16,SOFT,,miami-grand-prix_corner_13,miami-grand-prix_corner_13,0.55,3239.933,50.975,,0.1838
2026,4,Miami Grand Prix,Q,COL,16,SOFT,,miami-grand-prix_corner_14,miami-grand-prix_corner_14,0.55,3477.358,58.136,3590.226,1.0
2026,4,Miami Grand Prix,Q,COL,16,SOFT,,miami-grand-prix_corner_19,miami-grand-prix_corner_19,0.55,4852.469,79.816,4933.02,1.0
2026,4,Miami Grand Prix,Q,GAS,19,SOFT,,miami-grand-prix_corner_02,miami-grand-prix_corner_02,0.55,395.899,6.422,526.955,0.647
2026,4,Miami Grand Prix,Q,GAS,19,SOFT,,miami-grand-prix_corner_03,miami-grand-prix_corner_03,0.55,538.122,9.822,538.122,1.0
2026,4,Miami Grand Prix,Q,GAS,19,SOFT,,miami-grand-prix_corner_06,miami-grand-prix_corner_06,0.55,1339.388,21.262,1360.188,0.0
2026,4,Miami Grand Prix,Q,GAS,19,SOFT,,miami-grand-prix_corner_07,miami-grand-prix_corner_07,0.55,1641.312,27.103,1723.007,1.0
2026,4,Miami Grand Prix,Q,GAS,19,SOFT,,miami-grand-prix_corner_12,miami-grand-prix_corner_12,0.55,3122.687,47.183,,0.0059
2026,4,Miami Grand Prix,Q,GAS,19,SOFT,,miami-grand-prix_corner_13,miami-grand-prix_corner_13,0.55,3220.769,50.422,3303.258,0.2073
2026,4,Miami Grand Prix,Q,GAS,19,SOFT,,miami-grand-prix_corner_14,miami-grand-prix_corner_14,0.55,3526.786,60.543,3588.977,1.0
2026,4,Miami Grand Prix,Q,GAS,19,SOFT,,miami-grand-prix_corner_19,miami-grand-prix_corner_19,0.55,4854.758,79.943,4968.584,1.0
2026,4,Miami Grand Prix,Q,HAD,17,SOFT,,miami-grand-prix_corner_02,miami-grand-prix_corner_02,0.55,269.838,3.31,519.725,0.5376
2026,4,Miami Grand Prix,Q,HAD,17,SOFT,,miami-grand-prix_corner_03,miami-grand-prix_corner_03,0.55,546.536,10.07,612.903,1.0
2026,4,Miami Grand Prix,Q,HAD,17,SOFT,,miami-grand-prix_corner_06,miami-grand-prix_corner_06,0.55,1349.588,21.551,,0.0
2026,4,Miami Grand Prix,Q,HAD,17,SOFT,,miami-grand-prix_corner_07,miami-grand-prix_corner_07,0.55,1628.557,26.95,1688.359,1.0
2026,4,Miami Grand Prix,Q,HAD,17,SOFT,,miami-grand-prix_corner_12,miami-grand-prix_corner_12,0.55,2944.598,43.19,2944.598,0.0
2026,4,Miami Grand Prix,Q,HAD,17,SOFT,,miami-grand-prix_corner_13,miami-grand-prix_corner_13,0.55,3239.173,51.15,,0.1769
2026,4,Miami Grand Prix,Q,HAD,17,SOFT,,miami-grand-prix_corner_14,miami-grand-prix_corner_14,0.55,3531.054,60.791,3574.465,1.0
2026,4,Miami Grand Prix,Q,HAD,17,SOFT,,miami-grand-prix_corner_19,miami-grand-prix_corner_19,0.55,4862.354,80.711,4933.276,1.0
2026,4,Miami Grand Prix,Q,HAM,20,SOFT,,miami-grand-prix_corner_02,miami-grand-prix_corner_02,0.55,268.899,3.265,268.899,0.6046
2026,4,Miami Grand Prix,Q,HAM,20,SOFT,,miami-grand-prix_corner_03,miami-grand-prix_corner_03,0.55,556.251,10.065,651.518,1.0
2026,4,Miami Grand Prix,Q,HAM,20,SOFT,,miami-grand-prix_corner_06,miami-grand-prix_corner_06,0.55,1356.929,21.305,1356.929,0.0
2026,4,Miami Grand Prix,Q,HAM,20,SOFT,,miami-grand-prix_corner_07,miami-grand-prix_corner_07,0.55,1631.554,26.465,1706.054,1.0
2026,4,Miami Grand Prix,Q,HAM,20,SOFT,,miami-grand-prix_corner_12,miami-grand-prix_corner_12,0.55,2947.396,43.025,2947.396,0.0375
2026,4,Miami Grand Prix,Q,HAM,20,SOFT,,miami-grand-prix_corner_13,miami-grand-prix_corner_13,0.55,3220.056,50.025,3296.784,0.245
2026,4,Miami Grand Prix,Q,HAM,20,SOFT,,miami-grand-prix_corner_14,miami-grand-prix_corner_14,0.55,3482.636,58.026,3580.031,1.0
2026,4,Miami Grand Prix,Q,HAM,20,SOFT,,miami-grand-prix_corner_19,miami-grand-prix_corner_19,0.55,4861.338,79.625,4916.893,1.0
2026,4,Miami Grand Prix,Q,HUL,13,SOFT,,miami-grand-prix_corner_02,miami-grand-prix_corner_02,0.55,394.489,6.588,517.156,0.6857
2026,4,Miami Grand Prix,Q,HUL,13,SOFT,,miami-grand-prix_corner_03,miami-grand-prix_corner_03,0.55,564.923,10.429,598.789,1.0
2026,4,Miami Grand Prix,Q,HUL,13,SOFT,,miami-grand-prix_corner_06,miami-grand-prix_corner_06,0.55,1347.797,21.589,1347.797,0.0058
2026,4,Miami Grand Prix,Q,HUL,13,SOFT,,miami-grand-prix_corner_07,miami-grand-prix_corner_07,0.55,1605.171,26.348,1695.165,1.0
2026,4,Miami Grand Prix,Q,HUL,13,SOFT,,miami-grand-prix_corner_12,miami-grand-prix_corner_12,0.55,2950.024,43.309,2950.024,0.0142
2026,4,Miami Grand Prix,Q,HUL,13,SOFT,,miami-grand-prix_corner_13,miami-grand-prix_corner_13,0.55,3209.745,50.389,,0.1896
2026,4,Miami Grand Prix,Q,HUL,13,SOFT,,miami-grand-prix_corner_14,miami-grand-prix_corner_14,0.55,3527.411,61.069,3578.656,1.0
2026,4,Miami Grand Prix,Q,HUL,13,SOFT,,miami-grand-prix_corner_19,miami-grand-prix_corner_19,0.55,4844.647,80.269,4925.736,1.0
2026,4,Miami Grand Prix,Q,LAW,13,SOFT,,miami-grand-prix_corner_02,miami-grand-prix_corner_02,0.55,386.109,6.305,525.042,0.5935
2026,4,Miami Grand Prix,Q,LAW,13,SOFT,,miami-grand-prix_corner_03,miami-grand-prix_corner_03,0.55,561.429,10.504,605.451,1.0
2026,4,Miami Grand Prix,Q,LAW,13,SOFT,,miami-grand-prix_corner_06,miami-grand-prix_corner_06,0.55,1345.942,21.705,1345.942,0.0
2026,4,Miami Grand Prix,Q,LAW,13,SOFT,,miami-grand-prix_corner_07,miami-grand-prix_corner_07,0.55,1626.558,27.105,1681.324,1.0
2026,4,Miami Grand Prix,Q,LAW,13,SOFT,,miami-grand-prix_corner_12,miami-grand-prix_corner_12,0.55,2949.004,43.465,2949.004,0.0008
2026,4,Miami Grand Prix,Q,LAW,13,SOFT,,miami-grand-prix_corner_13,miami-grand-prix_corner_13,0.55,3224.425,51.105,,0.2439
2026,4,Miami Grand Prix,Q,LAW,13,SOFT,,miami-grand-prix_corner_14,miami-grand-prix_corner_14,0.55,3520.603,60.865,3608.892,1.0
2026,4,Miami Grand Prix,Q,LAW,13,SOFT,,miami-grand-prix_corner_19,miami-grand-prix_corner_19,0.55,4846.537,80.705,4932.748,1.0
2026,4,Miami Grand Prix,Q,LEC,17,SOFT,,miami-grand-prix_corner_02,miami-grand-prix_corner_02,0.55,397.854,6.433,513.479,0.4977
2026,4,Miami Grand Prix,Q,LEC,17,SOFT,,miami-grand-prix_corner_03,miami-grand-prix_corner_03,0.55,535.867,9.753,535.867,1.0
2026,4,Miami Grand Prix,Q,LEC,17,SOFT,,miami-grand-prix_corner_06,miami-grand-prix_corner_06,0.55,1350.988,21.354,1350.988,0.008
2026,4,Miami Grand Prix,Q,LEC,17,SOFT,,miami-grand-prix_corner_07,miami-grand-prix_corner_07,0.55,1627.99,26.433,1737.773,1.0
2026,4,Miami Grand Prix,Q,LEC,17,SOFT,,miami-grand-prix_corner_12,miami-grand-prix_corner_12,0.55,2956.258,43.074,2956.258,0.0776
2026,4,Miami Grand Prix,Q,LEC,17,SOFT,,miami-grand-prix_corner_13,miami-grand-prix_corner_13,0.55,3224.559,49.994,3297.574,0.2716
2026,4,Miami Grand Prix,Q,LEC,17,SOFT,,miami-grand-prix_corner_14,miami-grand-prix_corner_14,0.55,3482.082,57.873,3592.304,1.0
2026,4,Miami Grand Prix,Q,LEC,17,SOFT,,miami-grand-prix_corner_19,miami-grand-prix_corner_19,0.55,4858.132,79.233,4951.765,1.0
2026,4,Miami Grand Prix,Q,LIN,8,SOFT,,miami-grand-prix_corner_02,miami-grand-prix_corner_02,0.55,398.341,7.008,508.572,0.7083
2026,4,Miami Grand Prix,Q,LIN,8,SOFT,,miami-grand-prix_corner_03,miami-grand-prix_corner_03,0.55,542.716,10.449,579.694,1.0
2026,4,Miami Grand Prix,Q,LIN,8,SOFT,,miami-grand-prix_corner_06,miami-grand-prix_corner_06,0.55,1347.474,22.049,1347.474,0.0
2026,4,Miami Grand Prix,Q,LIN,8,SOFT,,miami-grand-prix_corner_07,miami-grand-prix_corner_07,0.55,1625.199,27.528,1680.804,1.0
2026,4,Miami Grand Prix,Q,LIN,8,SOFT,,miami-grand-prix_corner_12,miami-grand-prix_corner_12,0.55,2951.852,44.009,2951.852,0.0
2026,4,Miami Grand Prix,Q,LIN,8,SOFT,,miami-grand-prix_corner_13,miami-grand-prix_corner_13,0.55,3224.115,51.729,,0.2799
2026,4,Miami Grand Prix,Q,LIN,8,SOFT,,miami-grand-prix_corner_14,miami-grand-prix_corner_14,0.55,3521.466,61.689,3571.011,1.0
2026,4,Miami Grand Prix,Q,LIN,8,SOFT,,miami-grand-prix_corner_19,miami-grand-prix_corner_19,0.55,4850.301,81.449,4960.646,1.0
2026,4,Miami Grand Prix,Q,NOR,16,SOFT,,miami-grand-prix_corner_02,miami-grand-prix_corner_02,0.55,404.147,6.721,514.87,0.5568
2026,4,Miami Grand Prix,Q,NOR,16,SOFT,,miami-grand-prix_corner_03,miami-grand-prix_corner_03,0.55,543.615,10.002,594.293,1.0
2026,4,Miami Grand Prix,Q,NOR,16,SOFT,,miami-grand-prix_corner_06,miami-grand-prix_corner_06,0.55,1350.742,21.361,,0.0062
2026,4,Miami Grand Prix,Q,NOR,16,SOFT,,miami-grand-prix_corner_07,miami-grand-prix_corner_07,0.55,1644.895,27.081,1700.55,1.0
2026,4,Miami Grand Prix,Q,NOR,16,SOFT,,miami-grand-prix_corner_12,miami-grand-prix_corner_12,0.55,2955.501,43.202,2955.501,0.0179
2026,4,Miami Grand Prix,Q,NOR,16,SOFT,,miami-grand-prix_corner_13,miami-grand-prix_corner_13,0.55,3228.572,50.562,,0.184
2026,4,Miami Grand Prix,Q,NOR,16,SOFT,,miami-grand-prix_corner_14,miami-grand-prix_corner_14,0.55,3535.281,60.521,3585.581,1.0
2026,4,Miami Grand Prix,Q,NOR,16,SOFT,,miami-grand-prix_corner_19,miami-grand-prix_corner_19,0.55,4856.746,80.041,4929.903,1.0
2026,4,Miami Grand Prix,Q,OCO,14,SOFT,,miami-grand-prix_corner_02,miami-grand-prix_corner_02,0.55,393.346,6.537,,0.5252
2026,4,Miami Grand Prix,Q,OCO,14,SOFT,,miami-grand-prix_corner_03,miami-grand-prix_corner_03,0.55,546.768,10.217,635.704,1.0
2026,4,Miami Grand Prix,Q,OCO,14,SOFT,,miami-grand-prix_corner_06,miami-grand-prix_corner_06,0.55,1351.98,21.817,,0.0293
2026,4,Miami Grand Prix,Q,OCO,14,SOFT,,miami-grand-prix_corner_07,miami-grand-prix_corner_07,0.55,1623.902,27.097,1709.014,1.0
2026,4,Miami Grand Prix,Q,OCO,14,SOFT,,miami-grand-prix_corner_12,miami-grand-prix_corner_12,0.55,2955.801,43.817,2955.801,0.0426
2026,4,Miami Grand Prix,Q,OCO,14,SOFT,,miami-grand-prix_corner_13,miami-grand-prix_corner_13,0.55,3233.03,51.538,3286.18,0.3314
2026,4,Miami Grand Prix,Q,OCO,14,SOFT,,miami-grand-prix_corner_14,miami-grand-prix_corner_14,0.55,3480.811,59.057,3574.133,1.0
2026,4,Miami Grand Prix,Q,OCO,14,SOFT,,miami-grand-prix_corner_19,miami-grand-prix_corner_19,0.55,4854.597,80.857,4939.675,1.0
2026,4,Miami Grand Prix,Q,PER,8,SOFT,,miami-grand-prix_corner_02,miami-grand-prix_corner_02,0.55,398.252,6.55,523.626,0.5354
2026,4,Miami Grand Prix,Q,PER,8,SOFT,,miami-grand-prix_corner_03,miami-grand-prix_corner_03,0.55,538.715,10.069,609.081,1.0
2026,4,Miami Grand Prix,Q,PER,8,SOFT,,miami-grand-prix_corner_06,miami-grand-prix_corner_06,0.55,1353.401,21.949,1353.401,0.0266
2026,4,Miami Grand Prix,Q,PER,8,SOFT,,miami-grand-prix_corner_07,miami-grand-prix_corner_07,0.55,1640.74,27.83,1701.872,1.0
2026,4,Miami Grand Prix,Q,PER,8,SOFT,,miami-grand-prix_corner_12,miami-grand-prix_corner_12,0.55,2948.242,44.11,2948.242,0.0058
2026,4,Miami Grand Prix,Q,PER,8,SOFT,,miami-grand-prix_corner_13,miami-grand-prix_corner_13,0.55,3249.187,52.75,3304.92,0.2088
2026,4,Miami Grand Prix,Q,PER,8,SOFT,,miami-grand-prix_corner_14,miami-grand-prix_corner_14,0.55,3479.032,60.95,3594.416,1.0
2026,4,Miami Grand Prix,Q,PER,8,SOFT,,miami-grand-prix_corner_19,miami-grand-prix_corner_19,0.55,4860.587,83.47,4947.887,1.0
2026,4,Miami Grand Prix,Q,PIA,13,SOFT,,miami-grand-prix_corner_02,miami-grand-prix_corner_02,0.55,398.76,6.579,513.712,0.6506
2026,4,Miami Grand Prix,Q,PIA,13,SOFT,,miami-grand-prix_corner_03,miami-grand-prix_corner_03,0.55,540.268,9.979,540.268,0.99
2026,4,Miami Grand Prix,Q,PIA,13,SOFT,,miami-grand-prix_corner_06,miami-grand-prix_corner_06,0.55,1364.058,21.578,,0.0
2026,4,Miami Grand Prix,Q,PIA,13,SOFT,,miami-grand-prix_corner_07,miami-grand-prix_corner_07,0.55,1632.29,26.779,1695.591,0.99
2026,4,Miami Grand Prix,Q,PIA,13,SOFT,,miami-grand-prix_corner_12,miami-grand-prix_corner_12,0.55,2961.753,43.219,,0.0
2026,4,Miami Grand Prix,Q,PIA,13,SOFT,,miami-grand-prix_corner_13,miami-grand-prix_corner_13,0.55,3223.598,50.659,3292.309,0.1396
2026,4,Miami Grand Prix,Q,PIA,13,SOFT,,miami-grand-prix_corner_14,miami-grand-prix_corner_14,0.55,3523.256,60.379,3584.05,0.99
2026,4,Miami Grand Prix,Q,PIA,13,SOFT,,miami-grand-prix_corner_19,miami-grand-prix_corner_19,0.55,4845.627,79.899,4904.761,0.99
2026,4,Miami Grand Prix,Q,RUS,14,SOFT,,miami-grand-prix_corner_02,miami-grand-prix_corner_02,0.55,396.606,6.546,520.982,0.5496
2026,4,Miami Grand Prix,Q,RUS,14,SOFT,,miami-grand-prix_corner_03,miami-grand-prix_corner_03,0.55,546.404,10.067,546.404,1.0
2026,4,Miami Grand Prix,Q,RUS,14,SOFT,,miami-grand-prix_corner_06,miami-grand-prix_corner_06,0.55,1357.608,21.307,1357.608,0.0
2026,4,Miami Grand Prix,Q,RUS,14,SOFT,,miami-grand-prix_corner_07,miami-grand-prix_corner_07,0.55,1650.2,27.027,1691.077,1.0
2026,4,Miami Grand Prix,Q,RUS,14,SOFT,,miami-grand-prix_corner_12,miami-grand-prix_corner_12,0.55,2966.78,43.067,2966.78,0.0
2026,4,Miami Grand Prix,Q,RUS,14,SOFT,,miami-grand-prix_corner_13,miami-grand-prix_corner_13,0.55,3262.475,51.546,3289.708,0.3166
2026,4,Miami Grand Prix,Q,RUS,14,SOFT,,miami-grand-prix_corner_14,miami-grand-prix_corner_14,0.55,3532.376,60.467,3585.387,1.0
2026,4,Miami Grand Prix,Q,RUS,14,SOFT,,miami-grand-prix_corner_19,miami-grand-prix_corner_19,0.55,4858.912,79.907,4920.456,1.0
2026,4,Miami Grand Prix,Q,SAI,8,SOFT,,miami-grand-prix_corner_02,miami-grand-prix_corner_02,0.55,394.046,6.599,524.716,0.6555
2026,4,Miami Grand Prix,Q,SAI,8,SOFT,,miami-grand-prix_corner_03,miami-grand-prix_corner_03,0.55,551.249,10.358,593.938,1.0
2026,4,Miami Grand Prix,Q,SAI,8,SOFT,,miami-grand-prix_corner_06,miami-grand-prix_corner_06,0.55,1347.71,21.839,1347.71,0.0
2026,4,Miami Grand Prix,Q,SAI,8,SOFT,,miami-grand-prix_corner_07,miami-grand-prix_corner_07,0.55,1637.309,27.439,1693.231,1.0
2026,4,Miami Grand Prix,Q,SAI,8,SOFT,,miami-grand-prix_corner_12,miami-grand-prix_corner_12,0.55,3103.47,47.479,,0.0073
2026,4,Miami Grand Prix,Q,SAI,8,SOFT,,miami-grand-prix_corner_13,miami-grand-prix_corner_13,0.55,3222.209,51.518,3298.418,0.2418
2026,4,Miami Grand Prix,Q,SAI,8,SOFT,,miami-grand-prix_corner_14,miami-grand-prix_corner_14,0.55,3514.624,61.159,3578.846,1.0
2026,4,Miami Grand Prix,Q,SAI,8,SOFT,,miami-grand-prix_corner_19,miami-grand-prix_corner_19,0.55,4833.598,80.559,4914.809,1.0
2026,4,Miami Grand Prix,Q,STR,5,SOFT,,miami-grand-prix_corner_02,miami-grand-prix_corner_02,0.55,274.173,3.505,274.173,0.5653
2026,4,Miami Grand Prix,Q,STR,5,SOFT,,miami-grand-prix_corner_03,miami-grand-prix_corner_03,0.55,538.143,10.265,612.421,1.0
2026,4,Miami Grand Prix,Q,STR,5,SOFT,,miami-grand-prix_corner_06,miami-grand-prix_corner_06,0.55,1349.977,22.265,1349.977,0.0
2026,4,Miami Grand Prix,Q,STR,5,SOFT,,miami-grand-prix_corner_07,miami-grand-prix_corner_07,0.55,1619.155,27.505,1690.103,1.0
2026,4,Miami Grand Prix,Q,STR,5,SOFT,,miami-grand-prix_corner_12,miami-grand-prix_corner_12,0.55,2959.471,44.625,2959.471,0.0006
2026,4,Miami Grand Prix,Q,STR,5,SOFT,,miami-grand-prix_corner_13,miami-grand-prix_corner_13,0.55,3223.983,52.265,3272.616,0.2552
2026,4,Miami Grand Prix,Q,STR,5,SOFT,,miami-grand-prix_corner_14,miami-grand-prix_corner_14,0.55,3525.728,62.465,3577.251,1.0
2026,4,Miami Grand Prix,Q,STR,5,SOFT,,miami-grand-prix_corner_19,miami-grand-prix_corner_19,0.55,4844.746,82.265,4923.391,1.0
2026,4,Miami Grand Prix,Q,VER,14,SOFT,,miami-grand-prix_corner_02,miami-grand-prix_corner_02,0.55,401.84,6.506,514.399,0.5065
2026,4,Miami Grand Prix,Q,VER,14,SOFT,,miami-grand-prix_corner_03,miami-grand-prix_corner_03,0.55,536.343,9.666,536.343,1.0
2026,4,Miami Grand Prix,Q,VER,14,SOFT,,miami-grand-prix_corner_06,miami-grand-prix_corner_06,0.55,1348.697,21.346,1348.697,0.0
2026,4,Miami Grand Prix,Q,VER,14,SOFT,,miami-grand-prix_corner_07,miami-grand-prix_corner_07,0.55,1640.443,26.987,1679.081,1.0
2026,4,Miami Grand Prix,Q,VER,14,SOFT,,miami-grand-prix_corner_12,miami-grand-prix_corner_12,0.55,2954.055,42.986,2954.055,0.0
2026,4,Miami Grand Prix,Q,VER,14,SOFT,,miami-grand-prix_corner_13,miami-grand-prix_corner_13,0.55,3245.546,50.986,3303.713,0.1738
2026,4,Miami Grand Prix,Q,VER,14,SOFT,,miami-grand-prix_corner_14,miami-grand-prix_corner_14,0.55,3543.504,60.667,3569.302,1.0
2026,4,Miami Grand Prix,Q,VER,14,SOFT,,miami-grand-prix_corner_19,miami-grand-prix_corner_19,0.55,4857.325,79.707,4927.642,1.0
2026,4,Miami Grand Prix,R,ALB,30,HARD,,miami-grand-prix_corner_02,miami-grand-prix_corner_02,0.55,394.81,6.909,,0.4136
2026,4,Miami Grand Prix,R,ALB,30,HARD,,miami-grand-prix_corner_03,miami-grand-prix_corner_03,0.55,543.439,10.868,656.153,1.0
2026,4,Miami Grand Prix,R,ALB,30,HARD,,miami-grand-prix_corner_06,miami-grand-prix_corner_06,0.55,1347.659,23.628,,0.0
2026,4,Miami Grand Prix,R,ALB,30,HARD,,miami-grand-prix_corner_07,miami-grand-prix_corner_07,0.55,1636.609,29.988,1717.564,1.0
2026,4,Miami Grand Prix,R,ALB,30,HARD,,miami-grand-prix_corner_12,miami-grand-prix_corner_12,0.55,3108.147,50.748,,0.0027
2026,4,Miami Grand Prix,R,ALB,30,HARD,,miami-grand-prix_corner_13,miami-grand-prix_corner_13,0.55,3213.568,54.349,,0.2291
2026,4,Miami Grand Prix,R,ALB,30,HARD,,miami-grand-prix_corner_14,miami-grand-prix_corner_14,0.55,3517.592,64.748,3597.929,1.0
2026,4,Miami Grand Prix,R,ALB,30,HARD,,miami-grand-prix_corner_19,miami-grand-prix_corner_19,0.55,4837.561,85.108,4989.302,1.0
2026,4,Miami Grand Prix,R,ALO,45,SOFT,,miami-grand-prix_corner_02,miami-grand-prix_corner_02,0.55,396.96,6.907,,0.4461
2026,4,Miami Grand Prix,R,ALO,45,SOFT,,miami-grand-prix_corner_03,miami-grand-prix_corner_03,0.55,541.135,10.746,617.219,1.0
2026,4,Miami Grand Prix,R,ALO,45,SOFT,,miami-grand-prix_corner_06,miami-grand-prix_corner_06,0.55,1341.366,23.306,,0.0
2026,4,Miami Grand Prix,R,ALO,45,SOFT,,miami-grand-prix_corner_07,miami-grand-prix_corner_07,0.55,1639.714,29.746,1708.862,1.0
2026,4,Miami Grand Prix,R,ALO,45,SOFT,,miami-grand-prix_corner_12,miami-grand-prix_corner_12,0.55,3112.263,50.987,,0.0
2026,4,Miami Grand Prix,R,ALO,45,SOFT,,miami-grand-prix_corner_13,miami-grand-prix_corner_13,0.55,3235.141,55.267,,0.2536
2026,4,Miami Grand Prix,R,ALO,45,SOFT,,miami-grand-prix_corner_14,miami-grand-prix_corner_14,0.55,3521.994,65.267,3592.094,1.0
2026,4,Miami Grand Prix,R,ALO,45,SOFT,,miami-grand-prix_corner_19,miami-grand-prix_corner_19,0.55,4842.236,85.507,4928.391,1.0
2026,4,Miami Grand Prix,R,ANT,34,HARD,,miami-grand-prix_corner_02,miami-grand-prix_corner_02,0.55,396.377,6.992,,0.5162
2026,4,Miami Grand Prix,R,ANT,34,HARD,,miami-grand-prix_corner_03,miami-grand-prix_corner_03,0.55,542.075,10.751,609.096,1.0
2026,4,Miami Grand Prix,R,ANT,34,HARD,,miami-grand-prix_corner_06,miami-grand-prix_corner_06,0.55,1346.761,22.711,1346.761,0.0152
2026,4,Miami Grand Prix,R,ANT,34,HARD,,miami-grand-prix_corner_07,miami-grand-prix_corner_07,0.55,1617.074,28.311,1712.641,1.0
2026,4,Miami Grand Prix,R,ANT,34,HARD,,miami-grand-prix_corner_12,miami-grand-prix_corner_12,0.55,2955.987,45.672,,0.0063
2026,4,Miami Grand Prix,R,ANT,34,HARD,,miami-grand-prix_corner_13,miami-grand-prix_corner_13,0.55,3224.992,53.552,3274.203,0.1302
2026,4,Miami Grand Prix,R,ANT,34,HARD,,miami-grand-prix_corner_14,miami-grand-prix_corner_14,0.55,3525.628,63.671,3582.819,1.0
2026,4,Miami Grand Prix,R,ANT,34,HARD,,miami-grand-prix_corner_19,miami-grand-prix_corner_19,0.55,4846.172,83.912,4928.728,1.0
2026,4,Miami Grand Prix,R,BEA,28,HARD,,miami-grand-prix_corner_02,miami-grand-prix_corner_02,0.55,379.963,6.496,,0.6115
2026,4,Miami Grand Prix,R,BEA,28,HARD,,miami-grand-prix_corner_03,miami-grand-prix_corner_03,0.55,544.212,10.897,632.668,1.0
2026,4,Miami Grand Prix,R,BEA,28,HARD,,miami-grand-prix_corner_06,miami-grand-prix_corner_06,0.55,1345.279,23.537,1345.279,0.0451
2026,4,Miami Grand Prix,R,BEA,28,HARD,,miami-grand-prix_corner_07,miami-grand-prix_corner_07,0.55,1616.343,29.337,1700.843,1.0
2026,4,Miami Grand Prix,R,BEA,28,HARD,,miami-grand-prix_corner_12,miami-grand-prix_corner_12,0.55,3100.913,50.417,,0.0215
2026,4,Miami Grand Prix,R,BEA,28,HARD,,miami-grand-prix_corner_13,miami-grand-prix_corner_13,0.55,3216.175,54.416,,0.2242
2026,4,Miami Grand Prix,R,BEA,28,HARD,,miami-grand-prix_corner_14,miami-grand-prix_corner_14,0.55,3507.814,64.297,3595.926,1.0
2026,4,Miami Grand Prix,R,BEA,28,HARD,,miami-grand-prix_corner_19,miami-grand-prix_corner_19,0.55,4832.404,84.657,4980.028,1.0
2026,4,Miami Grand Prix,R,BOR,55,HARD,,miami-grand-prix_corner_02,miami-grand-prix_corner_02,0.55,398.501,6.792,523.539,0.5249
2026,4,Miami Grand Prix,R,BOR,55,HARD,,miami-grand-prix_corner_03,miami-grand-prix_corner_03,0.55,548.778,10.912,608.278,1.0
2026,4,Miami Grand Prix,R,BOR,55,HARD,,miami-grand-prix_corner_06,miami-grand-prix_corner_06,0.55,1341.976,23.111,1341.976,0.0039
2026,4,Miami Grand Prix,R,BOR,55,HARD,,miami-grand-prix_corner_07,miami-grand-prix_corner_07,0.55,1627.826,29.032,1704.014,1.0
2026,4,Miami Grand Prix,R,BOR,55,HARD,,miami-grand-prix_corner_12,miami-grand-prix_corner_12,0.55,3114.091,50.031,3157.393,0.0
2026,4,Miami Grand Prix,R,BOR,55,HARD,,miami-grand-prix_corner_13,miami-grand-prix_corner_13,0.55,3234.182,54.272,3301.704,0.312
2026,4,Miami Grand Prix,R,BOR,55,HARD,,miami-grand-prix_corner_14,miami-grand-prix_corner_14,0.55,3479.927,62.112,3599.548,1.0
2026,4,Miami Grand Prix,R,BOR,55,HARD,,miami-grand-prix_corner_19,miami-grand-prix_corner_19,0.55,4852.972,84.232,4978.972,1.0
2026,4,Miami Grand Prix,R,BOT,16,SOFT,,miami-grand-prix_corner_02,miami-grand-prix_corner_02,0.55,389.945,7.036,,0.6533
2026,4,Miami Grand Prix,R,BOT,16,SOFT,,miami-grand-prix_corner_03,miami-grand-prix_corner_03,0.55,546.287,11.237,649.448,1.0
2026,4,Miami Grand Prix,R,BOT,16,SOFT,,miami-grand-prix_corner_06,miami-grand-prix_corner_06,0.55,1347.638,24.317,,0.0
2026,4,Miami Grand Prix,R,BOT,16,SOFT,,miami-grand-prix_corner_07,miami-grand-prix_corner_07,0.55,1609.802,30.077,1690.58,1.0
2026,4,Miami Grand Prix,R,BOT,16,SOFT,,miami-grand-prix_corner_12,miami-grand-prix_corner_12,0.55,3095.796,51.957,,0.045
2026,4,Miami Grand Prix,R,BOT,16,SOFT,,miami-grand-prix_corner_13,miami-grand-prix_corner_13,0.55,3221.321,56.637,3265.332,0.0971
2026,4,Miami Grand Prix,R,BOT,16,SOFT,,miami-grand-prix_corner_14,miami-grand-prix_corner_14,0.55,3494.939,66.476,3562.597,1.0
2026,4,Miami Grand Prix,R,BOT,16,SOFT,,miami-grand-prix_corner_19,miami-grand-prix_corner_19,0.55,4821.978,87.557,4974.134,1.0
2026,4,Miami Grand Prix,R,COL,33,HARD,,miami-grand-prix_corner_02,miami-grand-prix_corner_02,0.55,397.56,6.711,,0.4583
2026,4,Miami Grand Prix,R,COL,33,HARD,,miami-grand-prix_corner_03,miami-grand-prix_corner_03,0.55,541.563,10.552,671.439,1.0
2026,4,Miami Grand Prix,R,COL,33,HARD,,miami-grand-prix_corner_06,miami-grand-prix_corner_06,0.55,1349.513,22.871,,0.0
2026,4,Miami Grand Prix,R,COL,33,HARD,,miami-grand-prix_corner_07,miami-grand-prix_corner_07,0.55,1642.543,29.151,1725.305,1.0
2026,4,Miami Grand Prix,R,COL,33,HARD,,miami-grand-prix_corner_12,miami-grand-prix_corner_12,0.55,2951.569,46.072,,0.0011
2026,4,Miami Grand Prix,R,COL,33,HARD,,miami-grand-prix_corner_13,miami-grand-prix_corner_13,0.55,3251.827,54.471,,0.2252
2026,4,Miami Grand Prix,R,COL,33,HARD,,miami-grand-prix_corner_14,miami-grand-prix_corner_14,0.55,3482.378,61.711,3599.567,1.0
2026,4,Miami Grand Prix,R,COL,33,HARD,,miami-grand-prix_corner_19,miami-grand-prix_corner_19,0.55,4856.157,84.152,4963.94,1.0
2026,4,Miami Grand Prix,R,GAS,4,MEDIUM,,miami-grand-prix_corner_02,miami-grand-prix_corner_02,0.55,272.343,3.506,272.343,0.3138
2026,4,Miami Grand Prix,R,GAS,4,MEDIUM,,miami-grand-prix_corner_03,miami-grand-prix_corner_03,0.55,547.997,11.026,702.092,1.0
2026,4,Miami Grand Prix,R,GAS,4,MEDIUM,,miami-grand-prix_corner_06,miami-grand-prix_corner_06,0.55,1346.088,24.026,1346.088,0.0
2026,4,Miami Grand Prix,R,GAS,4,MEDIUM,,miami-grand-prix_corner_07,miami-grand-prix_corner_07,0.55,1644.359,30.546,1706.952,1.0
2026,4,Miami Grand Prix,R,GAS,4,MEDIUM,,miami-grand-prix_corner_12,miami-grand-prix_corner_12,0.55,2948.079,46.747,,0.0154
2026,4,Miami Grand Prix,R,GAS,4,MEDIUM,,miami-grand-prix_corner_13,miami-grand-prix_corner_13,0.55,3237.696,55.147,,0.2171
2026,4,Miami Grand Prix,R,GAS,4,MEDIUM,,miami-grand-prix_corner_14,miami-grand-prix_corner_14,0.55,3535.863,65.547,3607.697,1.0
2026,4,Miami Grand Prix,R,GAS,4,MEDIUM,,miami-grand-prix_corner_19,miami-grand-prix_corner_19,0.55,4866.413,85.587,4952.902,1.0
2026,4,Miami Grand Prix,R,HAD,4,HARD,,miami-grand-prix_corner_02,miami-grand-prix_corner_02,0.55,410.199,7.409,,0.4001
2026,4,Miami Grand Prix,R,HAD,4,HARD,,miami-grand-prix_corner_03,miami-grand-prix_corner_03,0.55,545.882,11.088,641.271,1.0
2026,4,Miami Grand Prix,R,HAD,4,HARD,,miami-grand-prix_corner_06,miami-grand-prix_corner_06,0.55,1386.937,24.288,,0.0
2026,4,Miami Grand Prix,R,HAD,4,HARD,,miami-grand-prix_corner_07,miami-grand-prix_corner_07,0.55,1640.38,30.128,1713.125,1.0
2026,4,Miami Grand Prix,R,HAD,4,HARD,,miami-grand-prix_corner_12,miami-grand-prix_corner_12,0.55,3125.465,51.688,,0.0012
2026,4,Miami Grand Prix,R,HAD,4,HARD,,miami-grand-prix_corner_13,miami-grand-prix_corner_13,0.55,3239.143,55.729,,0.2352
2026,4,Miami Grand Prix,R,HAD,4,HARD,,miami-grand-prix_corner_14,miami-grand-prix_corner_14,0.55,3525.114,65.648,3591.59,1.0
2026,4,Miami Grand Prix,R,HAD,4,HARD,,miami-grand-prix_corner_19,miami-grand-prix_corner_19,0.55,4854.908,86.129,,0.89
2026,4,Miami Grand Prix,R,HAM,29,HARD,,miami-grand-prix_corner_02,miami-grand-prix_corner_02,0.55,280.483,3.476,,0.4046
2026,4,Miami Grand Prix,R,HAM,29,HARD,,miami-grand-prix_corner_03,miami-grand-prix_corner_03,0.55,540.145,10.476,658.79,1.0
2026,4,Miami Grand Prix,R,HAM,29,HARD,,miami-grand-prix_corner_06,miami-grand-prix_corner_06,0.55,1352.391,22.956,,0.0118
2026,4,Miami Grand Prix,R,HAM,29,HARD,,miami-grand-prix_corner_07,miami-grand-prix_corner_07,0.55,1631.646,28.676,1734.876,1.0
2026,4,Miami Grand Prix,R,HAM,29,HARD,,miami-grand-prix_corner_12,miami-grand-prix_corner_12,0.55,2947.32,45.956,2947.32,0.0254
2026,4,Miami Grand Prix,R,HAM,29,HARD,,miami-grand-prix_corner_13,miami-grand-prix_corner_13,0.55,3237.739,53.916,,0.2317
2026,4,Miami Grand Prix,R,HAM,29,HARD,,miami-grand-prix_corner_14,miami-grand-prix_corner_14,0.55,3481.625,61.596,3602.884,1.0
2026,4,Miami Grand Prix,R,HAM,29,HARD,,miami-grand-prix_corner_19,miami-grand-prix_corner_19,0.55,4861.668,83.997,4981.841,1.0
2026,4,Miami Grand Prix,R,HUL,4,MEDIUM,,miami-grand-prix_corner_02,miami-grand-prix_corner_02,0.55,394.116,6.957,,0.6292
2026,4,Miami Grand Prix,R,HUL,4,MEDIUM,,miami-grand-prix_corner_03,miami-grand-prix_corner_03,0.55,548.1,11.037,613.533,1.0
2026,4,Miami Grand Prix,R,HUL,4,MEDIUM,,miami-grand-prix_corner_06,miami-grand-prix_corner_06,0.55,1346.746,23.716,1346.746,0.0058
2026,4,Miami Grand Prix,R,HUL,4,MEDIUM,,miami-grand-prix_corner_07,miami-grand-prix_corner_07,0.55,1643.969,30.156,1703.897,1.0
2026,4,Miami Grand Prix,R,HUL,4,MEDIUM,,miami-grand-prix_corner_12,miami-grand-prix_corner_12,0.55,3116.288,50.877,,0.0293
2026,4,Miami Grand Prix,R,HUL,4,MEDIUM,,miami-grand-prix_corner_13,miami-grand-prix_corner_13,0.55,3216.811,54.397,,0.3083
2026,4,Miami Grand Prix,R,HUL,4,MEDIUM,,miami-grand-prix_corner_14,miami-grand-prix_corner_14,0.55,3520.836,64.517,3609.836,1.0
2026,4,Miami Grand Prix,R,HUL,4,MEDIUM,,miami-grand-prix_corner_19,miami-grand-prix_corner_19,0.55,4850.334,85.197,4971.622,1.0
2026,4,Miami Grand Prix,R,LAW,3,MEDIUM,,miami-grand-prix_corner_02,miami-grand-prix_corner_02,0.55,404.34,7.331,,0.5564
2026,4,Miami Grand Prix,R,LAW,3,MEDIUM,,miami-grand-prix_corner_03,miami-grand-prix_corner_03,0.55,546.148,11.051,642.293,1.0
2026,4,Miami Grand Prix,R,LAW,3,MEDIUM,,miami-grand-prix_corner_06,miami-grand-prix_corner_06,0.55,1344.26,23.571,,0.0
2026,4,Miami Grand Prix,R,LAW,3,MEDIUM,,miami-grand-prix_corner_07,miami-grand-prix_corner_07,0.55,1639.353,29.971,1689.887,1.0
2026,4,Miami Grand Prix,R,LAW,3,MEDIUM,,miami-grand-prix_corner_12,miami-grand-prix_corner_12,0.55,3107.386,51.131,,0.0114
2026,4,Miami Grand Prix,R,LAW,3,MEDIUM,,miami-grand-prix_corner_13,miami-grand-prix_corner_13,0.55,3227.301,55.252,,0.2707
2026,4,Miami Grand Prix,R,LAW,3,MEDIUM,,miami-grand-prix_corner_14,miami-grand-prix_corner_14,0.55,3515.524,64.931,3567.568,1.0
2026,4,Miami Grand Prix,R,LAW,3,MEDIUM,,miami-grand-prix_corner_19,miami-grand-prix_corner_19,0.55,4840.509,85.851,4918.597,1.0
2026,4,Miami Grand Prix,R,LEC,44,HARD,,miami-grand-prix_corner_02,miami-grand-prix_corner_02,0.55,401.417,6.715,,0.475
2026,4,Miami Grand Prix,R,LEC,44,HARD,,miami-grand-prix_corner_03,miami-grand-prix_corner_03,0.55,541.126,10.475,658.437,1.0
2026,4,Miami Grand Prix,R,LEC,44,HARD,,miami-grand-prix_corner_06,miami-grand-prix_corner_06,0.55,1340.712,22.795,1340.712,0.0
2026,4,Miami Grand Prix,R,LEC,44,HARD,,miami-grand-prix_corner_07,miami-grand-prix_corner_07,0.55,1623.677,28.555,1700.644,1.0
2026,4,Miami Grand Prix,R,LEC,44,HARD,,miami-grand-prix_corner_12,miami-grand-prix_corner_12,0.55,2966.99,46.235,2966.99,0.019
2026,4,Miami Grand Prix,R,LEC,44,HARD,,miami-grand-prix_corner_13,miami-grand-prix_corner_13,0.55,3228.71,53.795,,0.2093
2026,4,Miami Grand Prix,R,LEC,44,HARD,,miami-grand-prix_corner_14,miami-grand-prix_corner_14,0.55,3522.249,63.635,3603.083,1.0
2026,4,Miami Grand Prix,R,LEC,44,HARD,,miami-grand-prix_corner_19,miami-grand-prix_corner_19,0.55,4843.99,83.435,4982.695,1.0
2026,4,Miami Grand Prix,R,LIN,30,HARD,,miami-grand-prix_corner_02,miami-grand-prix_corner_02,0.55,401.95,7.091,,0.5062
2026,4,Miami Grand Prix,R,LIN,30,HARD,,miami-grand-prix_corner_03,miami-grand-prix_corner_03,0.55,537.227,10.65,642.373,1.0
2026,4,Miami Grand Prix,R,LIN,30,HARD,,miami-grand-prix_corner_06,miami-grand-prix_corner_06,0.55,1343.098,23.13,1343.098,0.0
2026,4,Miami Grand Prix,R,LIN,30,HARD,,miami-grand-prix_corner_07,miami-grand-prix_corner_07,0.55,1627.332,29.17,1687.021,1.0
2026,4,Miami Grand Prix,R,LIN,30,HARD,,miami-grand-prix_corner_12,miami-grand-prix_corner_12,0.55,3115.821,50.57,,0.048
2026,4,Miami Grand Prix,R,LIN,30,HARD,,miami-grand-prix_corner_13,miami-grand-prix_corner_13,0.55,3232.619,54.571,,0.277
2026,4,Miami Grand Prix,R,LIN,30,HARD,,miami-grand-prix_corner_14,miami-grand-prix_corner_14,0.55,3524.305,64.33,3580.226,1.0
2026,4,Miami Grand Prix,R,LIN,30,HARD,,miami-grand-prix_corner_19,miami-grand-prix_corner_19,0.55,4853.078,85.331,4929.767,1.0
2026,4,Miami Grand Prix,R,NOR,35,HARD,,miami-grand-prix_corner_02,miami-grand-prix_corner_02,0.55,411.773,7.087,,0.2999
2026,4,Miami Grand Prix,R,NOR,35,HARD,,miami-grand-prix_corner_03,miami-grand-prix_corner_03,0.55,555.466,10.647,621.654,1.0
2026,4,Miami Grand Prix,R,NOR,35,HARD,,miami-grand-prix_corner_06,miami-grand-prix_corner_06,0.55,1344.13,22.526,1344.13,0.0
2026,4,Miami Grand Prix,R,NOR,35,HARD,,miami-grand-prix_corner_07,miami-grand-prix_corner_07,0.55,1646.512,28.887,1706.248,1.0
2026,4,Miami Grand Prix,R,NOR,35,HARD,,miami-grand-prix_corner_12,miami-grand-prix_corner_12,0.55,2945.805,45.527,2945.805,0.0
2026,4,Miami Grand Prix,R,NOR,35,HARD,,miami-grand-prix_corner_13,miami-grand-prix_corner_13,0.55,3229.571,53.527,,0.1431
2026,4,Miami Grand Prix,R,NOR,35,HARD,,miami-grand-prix_corner_14,miami-grand-prix_corner_14,0.55,3520.894,63.327,3598.571,1.0
2026,4,Miami Grand Prix,R,NOR,35,HARD,,miami-grand-prix_corner_19,miami-grand-prix_corner_19,0.55,4856.081,83.647,4939.404,1.0
2026,4,Miami Grand Prix,R,OCO,33,HARD,,miami-grand-prix_corner_02,miami-grand-prix_corner_02,0.55,396.705,6.864,,0.4793
2026,4,Miami Grand Prix,R,OCO,33,HARD,,miami-grand-prix_corner_03,miami-grand-prix_corner_03,0.55,542.089,10.665,645.103,1.0
2026,4,Miami Grand Prix,R,OCO,33,HARD,,miami-grand-prix_corner_06,miami-grand-prix_corner_06,0.55,1349.393,23.265,1349.393,0.0
2026,4,Miami Grand Prix,R,OCO,33,HARD,,miami-grand-prix_corner_07,miami-grand-prix_corner_07,0.55,1625.978,29.105,1702.789,1.0
2026,4,Miami Grand Prix,R,OCO,33,HARD,,miami-grand-prix_corner_12,miami-grand-prix_corner_12,0.55,2958.166,46.704,,0.0411
2026,4,Miami Grand Prix,R,OCO,33,HARD,,miami-grand-prix_corner_13,miami-grand-prix_corner_13,0.55,3238.877,54.945,3279.41,0.249
2026,4,Miami Grand Prix,R,OCO,33,HARD,,miami-grand-prix_corner_14,miami-grand-prix_corner_14,0.55,3529.449,64.625,3590.279,1.0
2026,4,Miami Grand Prix,R,OCO,33,HARD,,miami-grand-prix_corner_19,miami-grand-prix_corner_19,0.55,4850.894,84.825,4961.472,1.0
2026,4,Miami Grand Prix,R,PER,31,HARD,,miami-grand-prix_corner_02,miami-grand-prix_corner_02,0.55,399.393,6.855,,0.4163
2026,4,Miami Grand Prix,R,PER,31,HARD,,miami-grand-prix_corner_03,miami-grand-prix_corner_03,0.55,538.338,10.495,652.938,1.0
2026,4,Miami Grand Prix,R,PER,31,HARD,,miami-grand-prix_corner_06,miami-grand-prix_corner_06,0.55,1350.33,23.414,1350.33,0.0
2026,4,Miami Grand Prix,R,PER,31,HARD,,miami-grand-prix_corner_07,miami-grand-prix_corner_07,0.55,1630.9,29.494,1725.489,1.0
2026,4,Miami Grand Prix,R,PER,31,HARD,,miami-grand-prix_corner_12,miami-grand-prix_corner_12,0.55,3111.144,51.255,,0.0199
2026,4,Miami Grand Prix,R,PER,31,HARD,,miami-grand-prix_corner_13,miami-grand-prix_corner_13,0.55,3239.411,55.615,,0.1822
2026,4,Miami Grand Prix,R,PER,31,HARD,,miami-grand-prix_corner_14,miami-grand-prix_corner_14,0.55,3522.444,65.575,3586.422,1.0
2026,4,Miami Grand Prix,R,PER,31,HARD,,miami-grand-prix_corner_19,miami-grand-prix_corner_19,0.55,4846.43,86.535,4962.293,1.0
2026,4,Miami Grand Prix,R,PIA,30,HARD,,miami-grand-prix_corner_02,miami-grand-prix_corner_02,0.55,400.946,6.989,533.619,0.4527
2026,4,Miami Grand Prix,R,PIA,30,HARD,,miami-grand-prix_corner_03,miami-grand-prix_corner_03,0.55,548.189,10.669,650.589,0.99
2026,4,Miami Grand Prix,R,PIA,30,HARD,,miami-grand-prix_corner_06,miami-grand-prix_corner_06,0.55,1345.392,22.67,1345.392,0.0
2026,4,Miami Grand Prix,R,PIA,30,HARD,,miami-grand-prix_corner_07,miami-grand-prix_corner_07,0.55,1637.831,28.67,1714.164,0.9867
2026,4,Miami Grand Prix,R,PIA,30,HARD,,miami-grand-prix_corner_12,miami-grand-prix_corner_12,0.55,2957.825,45.669,,0.0
2026,4,Miami Grand Prix,R,PIA,30,HARD,,miami-grand-prix_corner_13,miami-grand-prix_corner_13,0.55,3232.519,53.469,3290.356,0.1555
2026,4,Miami Grand Prix,R,PIA,30,HARD,,miami-grand-prix_corner_14,miami-grand-prix_corner_14,0.55,3528.108,63.27,3619.168,0.99
2026,4,Miami Grand Prix,R,PIA,30,HARD,,miami-grand-prix_corner_19,miami-grand-prix_corner_19,0.55,4862.861,83.35,4944.664,0.99
2026,4,Miami Grand Prix,R,RUS,53,HARD,,miami-grand-prix_corner_02,miami-grand-prix_corner_02,0.55,407.261,7.173,,0.4354
2026,4,Miami Grand Prix,R,RUS,53,HARD,,miami-grand-prix_corner_03,miami-grand-prix_corner_03,0.55,539.314,10.532,626.088,1.0
2026,4,Miami Grand Prix,R,RUS,53,HARD,,miami-grand-prix_corner_06,miami-grand-prix_corner_06,0.55,1342.466,22.653,,0.0
2026,4,Miami Grand Prix,R,RUS,53,HARD,,miami-grand-prix_corner_07,miami-grand-prix_corner_07,0.55,1631.087,28.733,1709.881,1.0
2026,4,Miami Grand Prix,R,RUS,53,HARD,,miami-grand-prix_corner_12,miami-grand-prix_corner_12,0.55,2962.881,45.573,2962.881,0.0
2026,4,Miami Grand Prix,R,RUS,53,HARD,,miami-grand-prix_corner_13,miami-grand-prix_corner_13,0.55,3248.812,53.973,,0.1615
2026,4,Miami Grand Prix,R,RUS,53,HARD,,miami-grand-prix_corner_14,miami-grand-prix_corner_14,0.55,3535.504,64.013,3598.848,1.0
2026,4,Miami Grand Prix,R,RUS,53,HARD,,miami-grand-prix_corner_19,miami-grand-prix_corner_19,0.55,4857.419,84.094,4978.608,1.0
2026,4,Miami Grand Prix,R,SAI,30,HARD,,miami-grand-prix_corner_02,miami-grand-prix_corner_02,0.55,406.103,7.101,,0.4121
2026,4,Miami Grand Prix,R,SAI,30,HARD,,miami-grand-prix_corner_03,miami-grand-prix_corner_03,0.55,551.12,10.861,656.776,1.0
2026,4,Miami Grand Prix,R,SAI,30,HARD,,miami-grand-prix_corner_06,miami-grand-prix_corner_06,0.55,1340.389,23.022,1340.389,0.0
2026,4,Miami Grand Prix,R,SAI,30,HARD,,miami-grand-prix_corner_07,miami-grand-prix_corner_07,0.55,1640.095,29.422,1695.916,1.0
2026,4,Miami Grand Prix,R,SAI,30,HARD,,miami-grand-prix_corner_12,miami-grand-prix_corner_12,0.55,2949.037,46.301,,0.004
2026,4,Miami Grand Prix,R,SAI,30,HARD,,miami-grand-prix_corner_13,miami-grand-prix_corner_13,0.55,3238.292,54.342,3305.17,0.2809
2026,4,Miami Grand Prix,R,SAI,30,HARD,,miami-grand-prix_corner_14,miami-grand-prix_corner_14,0.55,3525.541,64.061,3596.841,1.0
2026,4,Miami Grand Prix,R,SAI,30,HARD,,miami-grand-prix_corner_19,miami-grand-prix_corner_19,0.55,4850.113,84.341,4940.173,1.0
2026,4,Miami Grand Prix,R,STR,56,SOFT,,miami-grand-prix_corner_02,miami-grand-prix_corner_02,0.55,379.5,6.962,,0.6
2026,4,Miami Grand Prix,R,STR,56,SOFT,,miami-grand-prix_corner_03,miami-grand-prix_corner_03,0.55,552.138,11.603,616.633,1.0
2026,4,Miami Grand Prix,R,STR,56,SOFT,,miami-grand-prix_corner_06,miami-grand-prix_corner_06,0.55,1346.339,24.203,1346.339,0.0
2026,4,Miami Grand Prix,R,STR,56,SOFT,,miami-grand-prix_corner_07,miami-grand-prix_corner_07,0.55,1613.628,30.003,1678.206,1.0
2026,4,Miami Grand Prix,R,STR,56,SOFT,,miami-grand-prix_corner_12,miami-grand-prix_corner_12,0.55,3084.948,50.683,,0.0
2026,4,Miami Grand Prix,R,STR,56,SOFT,,miami-grand-prix_corner_13,miami-grand-prix_corner_13,0.55,3214.606,55.243,3279.273,0.1646
2026,4,Miami Grand Prix,R,STR,56,SOFT,,miami-grand-prix_corner_14,miami-grand-prix_corner_14,0.55,3509.784,65.562,3567.673,1.0
2026,4,Miami Grand Prix,R,STR,56,SOFT,,miami-grand-prix_corner_19,miami-grand-prix_corner_19,0.55,4823.761,85.363,4917.915,1.0
2026,4,Miami Grand Prix,R,VER,24,HARD,,miami-grand-prix_corner_02,miami-grand-prix_corner_02,0.55,417.146,7.704,525.623,0.5028
2026,4,Miami Grand Prix,R,VER,24,HARD,,miami-grand-prix_corner_03,miami-grand-prix_corner_03,0.55,548.279,10.904,621.579,1.0
2026,4,Miami Grand Prix,R,VER,24,HARD,,miami-grand-prix_corner_06,miami-grand-prix_corner_06,0.55,1352.868,23.184,1352.868,0.0
2026,4,Miami Grand Prix,R,VER,24,HARD,,miami-grand-prix_corner_07,miami-grand-prix_corner_07,0.55,1625.994,28.984,1702.649,1.0
2026,4,Miami Grand Prix,R,VER,24,HARD,,miami-grand-prix_corner_12,miami-grand-prix_corner_12,0.55,3117.571,50.304,,0.0
2026,4,Miami Grand Prix,R,VER,24,HARD,,miami-grand-prix_corner_13,miami-grand-prix_corner_13,0.55,3240.309,54.544,3281.331,0.1708
2026,4,Miami Grand Prix,R,VER,24,HARD,,miami-grand-prix_corner_14,miami-grand-prix_corner_14,0.55,3528.874,64.344,3575.259,1.0
2026,4,Miami Grand Prix,R,VER,24,HARD,,miami-grand-prix_corner_19,miami-grand-prix_corner_19,0.55,4861.308,84.904,4924.476,1.0
2026,4,Miami Grand Prix,S,ALB,18,MEDIUM,,miami-grand-prix_corner_02,miami-grand-prix_corner_02,0.55,396.195,6.673,,0.4575
2026,4,Miami Grand Prix,S,ALB,18,MEDIUM,,miami-grand-prix_corner_03,miami-grand-prix_corner_03,0.55,545.1,10.513,694.244,1.0
2026,4,Miami Grand Prix,S,ALB,18,MEDIUM,,miami-grand-prix_corner_06,miami-grand-prix_corner_06,0.55,1352.019,22.834,,0.0
2026,4,Miami Grand Prix,S,ALB,18,MEDIUM,,miami-grand-prix_corner_07,miami-grand-prix_corner_07,0.55,1629.73,28.714,1736.191,1.0
2026,4,Miami Grand Prix,S,ALB,18,MEDIUM,,miami-grand-prix_corner_12,miami-grand-prix_corner_12,0.55,3109.256,49.594,,0.0
2026,4,Miami Grand Prix,S,ALB,18,MEDIUM,,miami-grand-prix_corner_13,miami-grand-prix_corner_13,0.55,3221.223,53.714,,0.2322
2026,4,Miami Grand Prix,S,ALB,18,MEDIUM,,miami-grand-prix_corner_14,miami-grand-prix_corner_14,0.55,3522.753,64.233,3610.185,1.0
2026,4,Miami Grand Prix,S,ALB,18,MEDIUM,,miami-grand-prix_corner_19,miami-grand-prix_corner_19,0.55,4838.106,84.873,4978.539,1.0
2026,4,Miami Grand Prix,S,ALO,11,SOFT,,miami-grand-prix_corner_02,miami-grand-prix_corner_02,0.55,396.518,6.863,,0.4785
2026,4,Miami Grand Prix,S,ALO,11,SOFT,,miami-grand-prix_corner_03,miami-grand-prix_corner_03,0.55,544.663,10.743,669.351,1.0
2026,4,Miami Grand Prix,S,ALO,11,SOFT,,miami-grand-prix_corner_06,miami-grand-prix_corner_06,0.55,1351.529,23.663,,0.0014
2026,4,Miami Grand Prix,S,ALO,11,SOFT,,miami-grand-prix_corner_07,miami-grand-prix_corner_07,0.55,1605.153,29.223,1685.975,1.0
2026,4,Miami Grand Prix,S,ALO,11,SOFT,,miami-grand-prix_corner_12,miami-grand-prix_corner_12,0.55,3080.857,50.823,,0.0406
2026,4,Miami Grand Prix,S,ALO,11,SOFT,,miami-grand-prix_corner_13,miami-grand-prix_corner_13,0.55,3205.792,55.304,,0.0882
2026,4,Miami Grand Prix,S,ALO,11,SOFT,,miami-grand-prix_corner_14,miami-grand-prix_corner_14,0.55,3488.438,65.103,3548.793,1.0
2026,4,Miami Grand Prix,S,ALO,11,SOFT,,miami-grand-prix_corner_19,miami-grand-prix_corner_19,0.55,4811.319,85.543,4904.874,1.0
2026,4,Miami Grand Prix,S,ANT,11,MEDIUM,,miami-grand-prix_corner_02,miami-grand-prix_corner_02,0.55,397.662,6.66,525.339,0.5843
2026,4,Miami Grand Prix,S,ANT,11,MEDIUM,,miami-grand-prix_corner_03,miami-grand-prix_corner_03,0.55,544.539,10.34,597.627,1.0
2026,4,Miami Grand Prix,S,ANT,11,MEDIUM,,miami-grand-prix_corner_06,miami-grand-prix_corner_06,0.55,1345.07,22.14,1345.07,0.0036
2026,4,Miami Grand Prix,S,ANT,11,MEDIUM,,miami-grand-prix_corner_07,miami-grand-prix_corner_07,0.55,1627.414,28.02,1718.703,1.0
2026,4,Miami Grand Prix,S,ANT,11,MEDIUM,,miami-grand-prix_corner_12,miami-grand-prix_corner_12,0.55,3115.382,49.18,,0.0018
2026,4,Miami Grand Prix,S,ANT,11,MEDIUM,,miami-grand-prix_corner_13,miami-grand-prix_corner_13,0.55,3227.482,53.1,3286.288,0.1266
2026,4,Miami Grand Prix,S,ANT,11,MEDIUM,,miami-grand-prix_corner_14,miami-grand-prix_corner_14,0.55,3519.932,63.3,3582.288,1.0
2026,4,Miami Grand Prix,S,ANT,11,MEDIUM,,miami-grand-prix_corner_19,miami-grand-prix_corner_19,0.55,4845.828,83.74,4962.437,1.0
2026,4,Miami Grand Prix,S,BEA,6,MEDIUM,,miami-grand-prix_corner_02,miami-grand-prix_corner_02,0.55,388.48,6.543,,0.506
2026,4,Miami Grand Prix,S,BEA,6,MEDIUM,,miami-grand-prix_corner_03,miami-grand-prix_corner_03,0.55,547.22,10.902,656.271,1.0
2026,4,Miami Grand Prix,S,BEA,6,MEDIUM,,miami-grand-prix_corner_06,miami-grand-prix_corner_06,0.55,1344.428,23.462,1344.428,0.0043
2026,4,Miami Grand Prix,S,BEA,6,MEDIUM,,miami-grand-prix_corner_07,miami-grand-prix_corner_07,0.55,1619.589,29.222,1715.321,1.0
2026,4,Miami Grand Prix,S,BEA,6,MEDIUM,,miami-grand-prix_corner_12,miami-grand-prix_corner_12,0.55,3101.897,50.422,,0.0007
2026,4,Miami Grand Prix,S,BEA,6,MEDIUM,,miami-grand-prix_corner_13,miami-grand-prix_corner_13,0.55,3206.598,54.183,,0.2298
2026,4,Miami Grand Prix,S,BEA,6,MEDIUM,,miami-grand-prix_corner_14,miami-grand-prix_corner_14,0.55,3515.299,64.983,3624.202,1.0
2026,4,Miami Grand Prix,S,BEA,6,MEDIUM,,miami-grand-prix_corner_19,miami-grand-prix_corner_19,0.55,4837.985,85.303,5022.917,0.944
2026,4,Miami Grand Prix,S,BOR,8,MEDIUM,,miami-grand-prix_corner_02,miami-grand-prix_corner_02,0.55,400.843,6.916,518.821,0.5847
2026,4,Miami Grand Prix,S,BOR,8,MEDIUM,,miami-grand-prix_corner_03,miami-grand-prix_corner_03,0.55,544.488,10.716,544.488,1.0
2026,4,Miami Grand Prix,S,BOR,8,MEDIUM,,miami-grand-prix_corner_06,miami-grand-prix_corner_06,0.55,1343.21,23.156,1343.21,0.0
2026,4,Miami Grand Prix,S,BOR,8,MEDIUM,,miami-grand-prix_corner_07,miami-grand-prix_corner_07,0.55,1612.822,28.596,1719.944,1.0
2026,4,Miami Grand Prix,S,BOR,8,MEDIUM,,miami-grand-prix_corner_12,miami-grand-prix_corner_12,0.55,3113.569,49.876,,0.0
2026,4,Miami Grand Prix,S,BOR,8,MEDIUM,,miami-grand-prix_corner_13,miami-grand-prix_corner_13,0.55,3230.472,54.117,,0.2619
2026,4,Miami Grand Prix,S,BOR,8,MEDIUM,,miami-grand-prix_corner_14,miami-grand-prix_corner_14,0.55,3473.79,61.996,3608.79,1.0
2026,4,Miami Grand Prix,S,BOR,8,MEDIUM,,miami-grand-prix_corner_19,miami-grand-prix_corner_19,0.55,4853.746,84.756,4988.52,1.0
2026,4,Miami Grand Prix,S,BOT,10,HARD,,miami-grand-prix_corner_02,miami-grand-prix_corner_02,0.55,394.668,6.708,,0.4673
2026,4,Miami Grand Prix,S,BOT,10,HARD,,miami-grand-prix_corner_03,miami-grand-prix_corner_03,0.55,540.049,10.668,639.704,1.0
2026,4,Miami Grand Prix,S,BOT,10,HARD,,miami-grand-prix_corner_06,miami-grand-prix_corner_06,0.55,1340.83,23.668,1340.83,0.0
2026,4,Miami Grand Prix,S,BOT,10,HARD,,miami-grand-prix_corner_07,miami-grand-prix_corner_07,0.55,1607.197,29.308,1701.63,1.0
2026,4,Miami Grand Prix,S,BOT,10,HARD,,miami-grand-prix_corner_12,miami-grand-prix_corner_12,0.55,3111.934,51.628,,0.0036
2026,4,Miami Grand Prix,S,BOT,10,HARD,,miami-grand-prix_corner_13,miami-grand-prix_corner_13,0.55,3219.688,55.748,,0.1689
2026,4,Miami Grand Prix,S,BOT,10,HARD,,miami-grand-prix_corner_14,miami-grand-prix_corner_14,0.55,3516.788,66.428,3627.396,1.0
2026,4,Miami Grand Prix,S,BOT,10,HARD,,miami-grand-prix_corner_19,miami-grand-prix_corner_19,0.55,4842.185,87.028,4992.751,1.0
2026,4,Miami Grand Prix,S,COL,6,MEDIUM,,miami-grand-prix_corner_02,miami-grand-prix_corner_02,0.55,403.238,6.717,,0.4397
2026,4,Miami Grand Prix,S,COL,6,MEDIUM,,miami-grand-prix_corner_03,miami-grand-prix_corner_03,0.55,542.5,10.518,637.921,1.0
2026,4,Miami Grand Prix,S,COL,6,MEDIUM,,miami-grand-prix_corner_06,miami-grand-prix_corner_06,0.55,1343.341,22.718,,0.0
2026,4,Miami Grand Prix,S,COL,6,MEDIUM,,miami-grand-prix_corner_07,miami-grand-prix_corner_07,0.55,1626.223,28.517,1741.57,1.0
2026,4,Miami Grand Prix,S,COL,6,MEDIUM,,miami-grand-prix_corner_12,miami-grand-prix_corner_12,0.55,3109.281,49.398,,0.014
2026,4,Miami Grand Prix,S,COL,6,MEDIUM,,miami-grand-prix_corner_13,miami-grand-prix_corner_13,0.55,3235.264,53.917,,0.1686
2026,4,Miami Grand Prix,S,COL,6,MEDIUM,,miami-grand-prix_corner_14,miami-grand-prix_corner_14,0.55,3475.176,61.717,3594.043,1.0
2026,4,Miami Grand Prix,S,COL,6,MEDIUM,,miami-grand-prix_corner_19,miami-grand-prix_corner_19,0.55,4852.479,84.478,4961.649,1.0
2026,4,Miami Grand Prix,S,GAS,10,MEDIUM,,miami-grand-prix_corner_02,miami-grand-prix_corner_02,0.55,271.064,3.383,271.064,0.4903
2026,4,Miami Grand Prix,S,GAS,10,MEDIUM,,miami-grand-prix_corner_03,miami-grand-prix_corner_03,0.55,542.208,10.502,658.808,1.0
2026,4,Miami Grand Prix,S,GAS,10,MEDIUM,,miami-grand-prix_corner_06,miami-grand-prix_corner_06,0.55,1351.914,22.703,1351.914,0.0
2026,4,Miami Grand Prix,S,GAS,10,MEDIUM,,miami-grand-prix_corner_07,miami-grand-prix_corner_07,0.55,1641.409,28.823,1737.751,1.0
2026,4,Miami Grand Prix,S,GAS,10,MEDIUM,,miami-grand-prix_corner_12,miami-grand-prix_corner_12,0.55,3108.431,49.423,,0.0
2026,4,Miami Grand Prix,S,GAS,10,MEDIUM,,miami-grand-prix_corner_13,miami-grand-prix_corner_13,0.55,3220.759,53.503,,0.2554
2026,4,Miami Grand Prix,S,GAS,10,MEDIUM,,miami-grand-prix_corner_14,miami-grand-prix_corner_14,0.55,3518.782,63.943,3591.673,1.0
2026,4,Miami Grand Prix,S,GAS,10,MEDIUM,,miami-grand-prix_corner_19,miami-grand-prix_corner_19,0.55,4840.71,84.423,4976.473,1.0
2026,4,Miami Grand Prix,S,HAD,11,MEDIUM,,miami-grand-prix_corner_02,miami-grand-prix_corner_02,0.55,408.452,7.237,,0.38
2026,4,Miami Grand Prix,S,HAD,11,MEDIUM,,miami-grand-prix_corner_03,miami-grand-prix_corner_03,0.55,537.041,10.517,615.364,1.0
2026,4,Miami Grand Prix,S,HAD,11,MEDIUM,,miami-grand-prix_corner_06,miami-grand-prix_corner_06,0.55,1344.454,22.557,,0.0
2026,4,Miami Grand Prix,S,HAD,11,MEDIUM,,miami-grand-prix_corner_07,miami-grand-prix_corner_07,0.55,1625.91,28.477,1702.51,1.0
2026,4,Miami Grand Prix,S,HAD,11,MEDIUM,,miami-grand-prix_corner_12,miami-grand-prix_corner_12,0.55,3118.264,49.957,,0.0134
2026,4,Miami Grand Prix,S,HAD,11,MEDIUM,,miami-grand-prix_corner_13,miami-grand-prix_corner_13,0.55,3232.097,54.117,,0.169
2026,4,Miami Grand Prix,S,HAD,11,MEDIUM,,miami-grand-prix_corner_14,miami-grand-prix_corner_14,0.55,3519.963,64.277,3580.23,1.0
2026,4,Miami Grand Prix,S,HAD,11,MEDIUM,,miami-grand-prix_corner_19,miami-grand-prix_corner_19,0.55,4845.776,84.797,4962.695,1.0
2026,4,Miami Grand Prix,S,HAM,6,MEDIUM,,miami-grand-prix_corner_02,miami-grand-prix_corner_02,0.55,400.703,6.79,,0.4589
2026,4,Miami Grand Prix,S,HAM,6,MEDIUM,,miami-grand-prix_corner_03,miami-grand-prix_corner_03,0.55,540.053,10.431,657.242,1.0
2026,4,Miami Grand Prix,S,HAM,6,MEDIUM,,miami-grand-prix_corner_06,miami-grand-prix_corner_06,0.55,1349.427,22.95,1364.027,0.0445
2026,4,Miami Grand Prix,S,HAM,6,MEDIUM,,miami-grand-prix_corner_07,miami-grand-prix_corner_07,0.55,1609.906,28.19,1726.313,1.0
2026,4,Miami Grand Prix,S,HAM,6,MEDIUM,,miami-grand-prix_corner_12,miami-grand-prix_corner_12,0.55,3102.598,49.11,,0.0055
2026,4,Miami Grand Prix,S,HAM,6,MEDIUM,,miami-grand-prix_corner_13,miami-grand-prix_corner_13,0.55,3221.976,53.35,,0.1526
2026,4,Miami Grand Prix,S,HAM,6,MEDIUM,,miami-grand-prix_corner_14,miami-grand-prix_corner_14,0.55,3526.679,64.071,3589.59,1.0
2026,4,Miami Grand Prix,S,HAM,6,MEDIUM,,miami-grand-prix_corner_19,miami-grand-prix_corner_19,0.55,4838.609,83.631,4977.775,1.0
2026,4,Miami Grand Prix,S,LAW,10,MEDIUM,,miami-grand-prix_corner_02,miami-grand-prix_corner_02,0.55,390.1,6.805,,0.6827
2026,4,Miami Grand Prix,S,LAW,10,MEDIUM,,miami-grand-prix_corner_03,miami-grand-prix_corner_03,0.55,542.416,10.804,655.637,1.0
2026,4,Miami Grand Prix,S,LAW,10,MEDIUM,,miami-grand-prix_corner_06,miami-grand-prix_corner_06,0.55,1346.96,23.084,,0.0
2026,4,Miami Grand Prix,S,LAW,10,MEDIUM,,miami-grand-prix_corner_07,miami-grand-prix_corner_07,0.55,1618.429,28.805,1684.641,1.0
2026,4,Miami Grand Prix,S,LAW,10,MEDIUM,,miami-grand-prix_corner_12,miami-grand-prix_corner_12,0.55,3110.657,50.404,,0.0
2026,4,Miami Grand Prix,S,LAW,10,MEDIUM,,miami-grand-prix_corner_13,miami-grand-prix_corner_13,0.55,3224.793,54.525,,0.1672
2026,4,Miami Grand Prix,S,LAW,10,MEDIUM,,miami-grand-prix_corner_14,miami-grand-prix_corner_14,0.55,3518.697,64.965,3588.753,1.0
2026,4,Miami Grand Prix,S,LAW,10,MEDIUM,,miami-grand-prix_corner_19,miami-grand-prix_corner_19,0.55,4844.074,85.565,4986.852,0.998
2026,4,Miami Grand Prix,S,LEC,11,MEDIUM,,miami-grand-prix_corner_02,miami-grand-prix_corner_02,0.55,396.298,6.636,,0.6023
2026,4,Miami Grand Prix,S,LEC,11,MEDIUM,,miami-grand-prix_corner_03,miami-grand-prix_corner_03,0.55,535.521,10.236,613.814,1.0
2026,4,Miami Grand Prix,S,LEC,11,MEDIUM,,miami-grand-prix_corner_06,miami-grand-prix_corner_06,0.55,1337.981,22.356,1337.981,0.0111
2026,4,Miami Grand Prix,S,LEC,11,MEDIUM,,miami-grand-prix_corner_07,miami-grand-prix_corner_07,0.55,1631.191,28.276,1694.536,1.0
2026,4,Miami Grand Prix,S,LEC,11,MEDIUM,,miami-grand-prix_corner_12,miami-grand-prix_corner_12,0.55,2951.173,45.276,2951.173,0.0104
2026,4,Miami Grand Prix,S,LEC,11,MEDIUM,,miami-grand-prix_corner_13,miami-grand-prix_corner_13,0.55,3227.996,53.196,,0.3016
2026,4,Miami Grand Prix,S,LEC,11,MEDIUM,,miami-grand-prix_corner_14,miami-grand-prix_corner_14,0.55,3519.146,62.996,3618.457,1.0
2026,4,Miami Grand Prix,S,LEC,11,MEDIUM,,miami-grand-prix_corner_19,miami-grand-prix_corner_19,0.55,4840.934,82.996,4960.217,1.0
2026,4,Miami Grand Prix,S,NOR,10,MEDIUM,,miami-grand-prix_corner_02,miami-grand-prix_corner_02,0.55,410.127,7.268,526.789,0.5754
2026,4,Miami Grand Prix,S,NOR,10,MEDIUM,,miami-grand-prix_corner_03,miami-grand-prix_corner_03,0.55,537.511,10.349,613.455,1.0
2026,4,Miami Grand Prix,S,NOR,10,MEDIUM,,miami-grand-prix_corner_06,miami-grand-prix_corner_06,0.55,1350.455,22.589,,0.0
2026,4,Miami Grand Prix,S,NOR,10,MEDIUM,,miami-grand-prix_corner_07,miami-grand-prix_corner_07,0.55,1622.299,28.188,1707.056,1.0
2026,4,Miami Grand Prix,S,NOR,10,MEDIUM,,miami-grand-prix_corner_12,miami-grand-prix_corner_12,0.55,2947.41,45.349,,0.0
2026,4,Miami Grand Prix,S,NOR,10,MEDIUM,,miami-grand-prix_corner_13,miami-grand-prix_corner_13,0.55,3223.282,53.428,,0.1478
2026,4,Miami Grand Prix,S,NOR,10,MEDIUM,,miami-grand-prix_corner_14,miami-grand-prix_corner_14,0.55,3518.941,63.469,3596.152,1.0
2026,4,Miami Grand Prix,S,NOR,10,MEDIUM,,miami-grand-prix_corner_19,miami-grand-prix_corner_19,0.55,4846.772,83.669,4923.394,1.0
2026,4,Miami Grand Prix,S,OCO,6,MEDIUM,,miami-grand-prix_corner_02,miami-grand-prix_corner_02,0.55,400.045,6.858,,0.4259
2026,4,Miami Grand Prix,S,OCO,6,MEDIUM,,miami-grand-prix_corner_03,miami-grand-prix_corner_03,0.55,540.482,10.619,666.371,1.0
2026,4,Miami Grand Prix,S,OCO,6,MEDIUM,,miami-grand-prix_corner_06,miami-grand-prix_corner_06,0.55,1337.864,23.378,1347.197,0.0127
2026,4,Miami Grand Prix,S,OCO,6,MEDIUM,,miami-grand-prix_corner_07,miami-grand-prix_corner_07,0.55,1612.832,29.098,1740.877,1.0
2026,4,Miami Grand Prix,S,OCO,6,MEDIUM,,miami-grand-prix_corner_12,miami-grand-prix_corner_12,0.55,3106.197,50.499,,0.0241
2026,4,Miami Grand Prix,S,OCO,6,MEDIUM,,miami-grand-prix_corner_13,miami-grand-prix_corner_13,0.55,3225.713,54.738,,0.2531
2026,4,Miami Grand Prix,S,OCO,6,MEDIUM,,miami-grand-prix_corner_14,miami-grand-prix_corner_14,0.55,3507.642,64.499,3610.537,1.0
2026,4,Miami Grand Prix,S,OCO,6,MEDIUM,,miami-grand-prix_corner_19,miami-grand-prix_corner_19,0.55,4841.038,85.419,5008.407,1.0
2026,4,Miami Grand Prix,S,PER,6,HARD,,miami-grand-prix_corner_02,miami-grand-prix_corner_02,0.55,400.114,7.254,,0.5302
2026,4,Miami Grand Prix,S,PER,6,HARD,,miami-grand-prix_corner_03,miami-grand-prix_corner_03,0.55,543.951,11.013,645.582,1.0
2026,4,Miami Grand Prix,S,PER,6,HARD,,miami-grand-prix_corner_06,miami-grand-prix_corner_06,0.55,1345.763,23.933,1345.763,0.0143
2026,4,Miami Grand Prix,S,PER,6,HARD,,miami-grand-prix_corner_07,miami-grand-prix_corner_07,0.55,1613.964,29.733,1722.686,1.0
2026,4,Miami Grand Prix,S,PER,6,HARD,,miami-grand-prix_corner_12,miami-grand-prix_corner_12,0.55,3096.647,51.133,,0.0006
2026,4,Miami Grand Prix,S,PER,6,HARD,,miami-grand-prix_corner_13,miami-grand-prix_corner_13,0.55,3223.512,55.573,,0.1951
2026,4,Miami Grand Prix,S,PER,6,HARD,,miami-grand-prix_corner_14,miami-grand-prix_corner_14,0.55,3507.726,65.894,3576.937,1.0
2026,4,Miami Grand Prix,S,PER,6,HARD,,miami-grand-prix_corner_19,miami-grand-prix_corner_19,0.55,4821.433,86.214,4998.492,1.0
2026,4,Miami Grand Prix,S,PIA,16,MEDIUM,,miami-grand-prix_corner_02,miami-grand-prix_corner_02,0.55,401.506,7.074,521.333,0.6061
2026,4,Miami Grand Prix,S,PIA,16,MEDIUM,,miami-grand-prix_corner_03,miami-grand-prix_corner_03,0.55,536.344,10.393,627.613,0.99
2026,4,Miami Grand Prix,S,PIA,16,MEDIUM,,miami-grand-prix_corner_06,miami-grand-prix_corner_06,0.55,1390.51,23.193,,0.0
2026,4,Miami Grand Prix,S,PIA,16,MEDIUM,,miami-grand-prix_corner_07,miami-grand-prix_corner_07,0.55,1627.202,28.313,1697.846,0.99
2026,4,Miami Grand Prix,S,PIA,16,MEDIUM,,miami-grand-prix_corner_12,miami-grand-prix_corner_12,0.55,3104.259,49.233,,0.0005
2026,4,Miami Grand Prix,S,PIA,16,MEDIUM,,miami-grand-prix_corner_13,miami-grand-prix_corner_13,0.55,3216.612,53.234,,0.1032
2026,4,Miami Grand Prix,S,PIA,16,MEDIUM,,miami-grand-prix_corner_14,miami-grand-prix_corner_14,0.55,3516.384,63.553,3587.463,0.99
2026,4,Miami Grand Prix,S,PIA,16,MEDIUM,,miami-grand-prix_corner_19,miami-grand-prix_corner_19,0.55,4834.046,83.714,4968.302,0.99
2026,4,Miami Grand Prix,S,RUS,10,MEDIUM,,miami-grand-prix_corner_02,miami-grand-prix_corner_02,0.55,405.772,7.25,,0.4981
2026,4,Miami Grand Prix,S,RUS,10,MEDIUM,,miami-grand-prix_corner_03,miami-grand-prix_corner_03,0.55,536.279,10.491,604.001,1.0
2026,4,Miami Grand Prix,S,RUS,10,MEDIUM,,miami-grand-prix_corner_06,miami-grand-prix_corner_06,0.55,1347.503,22.771,1347.503,0.0
2026,4,Miami Grand Prix,S,RUS,10,MEDIUM,,miami-grand-prix_corner_07,miami-grand-prix_corner_07,0.55,1640.126,29.011,1688.915,1.0
2026,4,Miami Grand Prix,S,RUS,10,MEDIUM,,miami-grand-prix_corner_12,miami-grand-prix_corner_12,0.55,2961.965,45.21,2961.965,0.0
2026,4,Miami Grand Prix,S,RUS,10,MEDIUM,,miami-grand-prix_corner_13,miami-grand-prix_corner_13,0.55,3249.666,53.931,,0.1646
2026,4,Miami Grand Prix,S,RUS,10,MEDIUM,,miami-grand-prix_corner_14,miami-grand-prix_corner_14,0.55,3531.521,63.731,3597.08,1.0
2026,4,Miami Grand Prix,S,RUS,10,MEDIUM,,miami-grand-prix_corner_19,miami-grand-prix_corner_19,0.55,4861.036,84.371,4989.761,1.0
2026,4,Miami Grand Prix,S,SAI,5,MEDIUM,,miami-grand-prix_corner_02,miami-grand-prix_corner_02,0.55,391.146,6.754,,0.5858
2026,4,Miami Grand Prix,S,SAI,5,MEDIUM,,miami-grand-prix_corner_03,miami-grand-prix_corner_03,0.55,541.635,10.674,670.499,1.0
2026,4,Miami Grand Prix,S,SAI,5,MEDIUM,,miami-grand-prix_corner_06,miami-grand-prix_corner_06,0.55,1348.405,23.194,1348.405,0.0
2026,4,Miami Grand Prix,S,SAI,5,MEDIUM,,miami-grand-prix_corner_07,miami-grand-prix_corner_07,0.55,1623.64,29.114,1703.243,1.0
2026,4,Miami Grand Prix,S,SAI,5,MEDIUM,,miami-grand-prix_corner_12,miami-grand-prix_corner_12,0.55,3108.639,50.194,,0.0311
2026,4,Miami Grand Prix,S,SAI,5,MEDIUM,,miami-grand-prix_corner_13,miami-grand-prix_corner_13,0.55,3229.391,54.474,,0.157
2026,4,Miami Grand Prix,S,SAI,5,MEDIUM,,miami-grand-prix_corner_14,miami-grand-prix_corner_14,0.55,3531.582,65.315,3611.999,1.0
2026,4,Miami Grand Prix,S,SAI,5,MEDIUM,,miami-grand-prix_corner_19,miami-grand-prix_corner_19,0.55,4816.946,84.675,4994.133,1.0
2026,4,Miami Grand Prix,S,STR,10,SOFT,,miami-grand-prix_corner_02,miami-grand-prix_corner_02,0.55,399.114,7.054,515.814,0.3509
2026,4,Miami Grand Prix,S,STR,10,SOFT,,miami-grand-prix_corner_03,miami-grand-prix_corner_03,0.55,537.521,10.773,537.521,1.0
2026,4,Miami Grand Prix,S,STR,10,SOFT,,miami-grand-prix_corner_06,miami-grand-prix_corner_06,0.55,1337.293,23.694,1337.293,0.0
2026,4,Miami Grand Prix,S,STR,10,SOFT,,miami-grand-prix_corner_07,miami-grand-prix_corner_07,0.55,1638.451,30.094,1684.236,1.0
2026,4,Miami Grand Prix,S,STR,10,SOFT,,miami-grand-prix_corner_12,miami-grand-prix_corner_12,0.55,3112.413,50.854,,0.0202
2026,4,Miami Grand Prix,S,STR,10,SOFT,,miami-grand-prix_corner_13,miami-grand-prix_corner_13,0.55,3226.066,54.934,3287.899,0.1391
2026,4,Miami Grand Prix,S,STR,10,SOFT,,miami-grand-prix_corner_14,miami-grand-prix_corner_14,0.55,3522.471,65.213,3581.834,1.0
2026,4,Miami Grand Prix,S,STR,10,SOFT,,miami-grand-prix_corner_19,miami-grand-prix_corner_19,0.55,4847.984,85.854,4939.206,1.0
2026,4,Miami Grand Prix,S,VER,19,MEDIUM,,miami-grand-prix_corner_02,miami-grand-prix_corner_02,0.55,413.382,7.273,522.104,0.3097
2026,4,Miami Grand Prix,S,VER,19,MEDIUM,,miami-grand-prix_corner_03,miami-grand-prix_corner_03,0.55,538.282,10.392,538.282,1.0
2026,4,Miami Grand Prix,S,VER,19,MEDIUM,,miami-grand-prix_corner_06,miami-grand-prix_corner_06,0.55,1346.717,22.473,1346.717,0.0
2026,4,Miami Grand Prix,S,VER,19,MEDIUM,,miami-grand-prix_corner_07,miami-grand-prix_corner_07,0.55,1645.417,28.793,1692.444,1.0
2026,4,Miami Grand Prix,S,VER,19,MEDIUM,,miami-grand-prix_corner_12,miami-grand-prix_corner_12,0.55,3133.017,49.753,,0.0062
2026,4,Miami Grand Prix,S,VER,19,MEDIUM,,miami-grand-prix_corner_13,miami-grand-prix_corner_13,0.55,3264.547,54.473,3297.025,0.1154
2026,4,Miami Grand Prix,S,VER,19,MEDIUM,,miami-grand-prix_corner_14,miami-grand-prix_corner_14,0.55,3537.356,63.992,3581.623,1.0
2026,4,Miami Grand Prix,S,VER,19,MEDIUM,,miami-grand-prix_corner_19,miami-grand-prix_corner_19,0.55,4846.391,83.752,4952.559,1.0
2026,4,Miami Grand Prix,SQ,ALB,8,MEDIUM,,miami-grand-prix_corner_02,miami-grand-prix_corner_02,0.55,401.784,6.815,535.544,0.6479
2026,4,Miami Grand Prix,SQ,ALB,8,MEDIUM,,miami-grand-prix_corner_06,miami-grand-prix_corner_06,0.55,1356.388,21.934,1356.388,0.0276
2026,4,Miami Grand Prix,SQ,ALB,8,MEDIUM,,miami-grand-prix_corner_07,miami-grand-prix_corner_07,0.55,1622.911,27.454,1689.611,1.0
2026,4,Miami Grand Prix,SQ,ALB,8,MEDIUM,,miami-grand-prix_corner_12,miami-grand-prix_corner_12,0.55,3114.891,47.974,,0.0296
2026,4,Miami Grand Prix,SQ,ALB,8,MEDIUM,,miami-grand-prix_corner_13,miami-grand-prix_corner_13,0.55,3240.065,52.255,3307.934,0.0995
2026,4,Miami Grand Prix,SQ,ALB,8,MEDIUM,,miami-grand-prix_corner_14,miami-grand-prix_corner_14,0.55,3522.439,61.414,3590.081,1.0
2026,4,Miami Grand Prix,SQ,ALB,8,MEDIUM,,miami-grand-prix_corner_18,miami-grand-prix_corner_18,0.55,4597.401,75.934,4597.401,0.0096
2026,4,Miami Grand Prix,SQ,ALB,8,MEDIUM,,miami-grand-prix_corner_19,miami-grand-prix_corner_19,0.55,4857.363,81.614,4937.066,1.0
2026,4,Miami Grand Prix,SQ,ALO,2,MEDIUM,,miami-grand-prix_corner_02,miami-grand-prix_corner_02,0.55,394.008,6.808,,0.5082
2026,4,Miami Grand Prix,SQ,ALO,2,MEDIUM,,miami-grand-prix_corner_06,miami-grand-prix_corner_06,0.55,1353.608,22.847,,0.0
2026,4,Miami Grand Prix,SQ,ALO,2,MEDIUM,,miami-grand-prix_corner_07,miami-grand-prix_corner_07,0.55,1630.91,28.567,1706.263,1.0
2026,4,Miami Grand Prix,SQ,ALO,2,MEDIUM,,miami-grand-prix_corner_12,miami-grand-prix_corner_12,0.55,3098.506,49.167,,0.0407
2026,4,Miami Grand Prix,SQ,ALO,2,MEDIUM,,miami-grand-prix_corner_13,miami-grand-prix_corner_13,0.55,3238.209,54.008,,0.0313
2026,4,Miami Grand Prix,SQ,ALO,2,MEDIUM,,miami-grand-prix_corner_14,miami-grand-prix_corner_14,0.55,3512.134,63.208,3583.012,1.0
2026,4,Miami Grand Prix,SQ,ALO,2,MEDIUM,,miami-grand-prix_corner_18,miami-grand-prix_corner_18,0.55,4614.796,78.408,4614.796,0.0117
2026,4,Miami Grand Prix,SQ,ALO,2,MEDIUM,,miami-grand-prix_corner_19,miami-grand-prix_corner_19,0.55,4861.204,89.488,,0.5
2026,4,Miami Grand Prix,SQ,ANT,13,SOFT,,miami-grand-prix_corner_02,miami-grand-prix_corner_02,0.55,409.878,6.775,536.767,0.5221
2026,4,Miami Grand Prix,SQ,ANT,13,SOFT,,miami-grand-prix_corner_06,miami-grand-prix_corner_06,0.55,1358.251,21.495,1358.251,0.0181
2026,4,Miami Grand Prix,SQ,ANT,13,SOFT,,miami-grand-prix_corner_07,miami-grand-prix_corner_07,0.55,1640.378,26.815,1689.256,1.0
2026,4,Miami Grand Prix,SQ,ANT,13,SOFT,,miami-grand-prix_corner_12,miami-grand-prix_corner_12,0.55,2972.291,43.256,,0.0347
2026,4,Miami Grand Prix,SQ,ANT,13,SOFT,,miami-grand-prix_corner_13,miami-grand-prix_corner_13,0.55,3241.349,50.856,3277.275,0.0816
2026,4,Miami Grand Prix,SQ,ANT,13,SOFT,,miami-grand-prix_corner_14,miami-grand-prix_corner_14,0.55,3538.189,60.375,3587.334,1.0
2026,4,Miami Grand Prix,SQ,ANT,13,SOFT,,miami-grand-prix_corner_18,miami-grand-prix_corner_18,0.55,4590.925,74.095,4590.925,0.003
2026,4,Miami Grand Prix,SQ,ANT,13,SOFT,,miami-grand-prix_corner_19,miami-grand-prix_corner_19,0.55,4870.835,80.255,4921.413,1.0
2026,4,Miami Grand Prix,SQ,BEA,8,MEDIUM,,miami-grand-prix_corner_02,miami-grand-prix_corner_02,0.55,386.361,6.223,531.469,0.5414
2026,4,Miami Grand Prix,SQ,BEA,8,MEDIUM,,miami-grand-prix_corner_06,miami-grand-prix_corner_06,0.55,1358.381,22.104,1358.381,0.0039
2026,4,Miami Grand Prix,SQ,BEA,8,MEDIUM,,miami-grand-prix_corner_07,miami-grand-prix_corner_07,0.55,1623.582,27.264,1699.159,1.0
2026,4,Miami Grand Prix,SQ,BEA,8,MEDIUM,,miami-grand-prix_corner_12,miami-grand-prix_corner_12,0.55,2983.476,44.544,,0.1119
2026,4,Miami Grand Prix,SQ,BEA,8,MEDIUM,,miami-grand-prix_corner_13,miami-grand-prix_corner_13,0.55,3239.869,52.024,3304.438,0.1758
2026,4,Miami Grand Prix,SQ,BEA,8,MEDIUM,,miami-grand-prix_corner_14,miami-grand-prix_corner_14,0.55,3528.629,61.544,3604.006,1.0
2026,4,Miami Grand Prix,SQ,BEA,8,MEDIUM,,miami-grand-prix_corner_18,miami-grand-prix_corner_18,0.55,4602.998,76.024,4602.998,0.0231
2026,4,Miami Grand Prix,SQ,BEA,8,MEDIUM,,miami-grand-prix_corner_19,miami-grand-prix_corner_19,0.55,4859.809,81.584,4951.831,1.0
2026,4,Miami Grand Prix,SQ,BOR,8,MEDIUM,,miami-grand-prix_corner_02,miami-grand-prix_corner_02,0.55,394.379,6.474,520.519,0.6409
2026,4,Miami Grand Prix,SQ,BOR,8,MEDIUM,,miami-grand-prix_corner_06,miami-grand-prix_corner_06,0.55,1362.979,22.113,1362.979,0.0697
2026,4,Miami Grand Prix,SQ,BOR,8,MEDIUM,,miami-grand-prix_corner_07,miami-grand-prix_corner_07,0.55,1619.806,27.233,1682.217,1.0
2026,4,Miami Grand Prix,SQ,BOR,8,MEDIUM,,miami-grand-prix_corner_12,miami-grand-prix_corner_12,0.55,3120.686,47.753,,0.0
2026,4,Miami Grand Prix,SQ,BOR,8,MEDIUM,,miami-grand-prix_corner_13,miami-grand-prix_corner_13,0.55,3240.716,51.794,3306.496,0.2394
2026,4,Miami Grand Prix,SQ,BOR,8,MEDIUM,,miami-grand-prix_corner_14,miami-grand-prix_corner_14,0.55,3533.076,61.153,3600.274,0.99
2026,4,Miami Grand Prix,SQ,BOR,8,MEDIUM,,miami-grand-prix_corner_18,miami-grand-prix_corner_18,0.55,4598.994,75.633,4598.994,0.0
2026,4,Miami Grand Prix,SQ,BOR,8,MEDIUM,,miami-grand-prix_corner_19,miami-grand-prix_corner_19,0.55,4861.798,80.753,4958.778,1.0
2026,4,Miami Grand Prix,SQ,BOT,5,MEDIUM,,miami-grand-prix_corner_02,miami-grand-prix_corner_02,0.55,387.007,6.732,525.852,0.7041
2026,4,Miami Grand Prix,SQ,BOT,5,MEDIUM,,miami-grand-prix_corner_06,miami-grand-prix_corner_06,0.55,1362.242,22.772,,0.1784
2026,4,Miami Grand Prix,SQ,BOT,5,MEDIUM,,miami-grand-prix_corner_07,miami-grand-prix_corner_07,0.55,1621.386,28.293,1677.61,1.0
2026,4,Miami Grand Prix,SQ,BOT,5,MEDIUM,,miami-grand-prix_corner_12,miami-grand-prix_corner_12,0.55,3104.249,48.933,,0.1061
2026,4,Miami Grand Prix,SQ,BOT,5,MEDIUM,,miami-grand-prix_corner_13,miami-grand-prix_corner_13,0.55,3238.182,53.733,3273.094,0.0
2026,4,Miami Grand Prix,SQ,BOT,5,MEDIUM,,miami-grand-prix_corner_14,miami-grand-prix_corner_14,0.55,3508.75,62.972,3554.639,1.0
2026,4,Miami Grand Prix,SQ,BOT,5,MEDIUM,,miami-grand-prix_corner_18,miami-grand-prix_corner_18,0.55,4587.846,77.452,4587.846,0.1144
2026,4,Miami Grand Prix,SQ,BOT,5,MEDIUM,,miami-grand-prix_corner_19,miami-grand-prix_corner_19,0.55,4855.928,83.932,4907.283,1.0
2026,4,Miami Grand Prix,SQ,COL,14,SOFT,,miami-grand-prix_corner_02,miami-grand-prix_corner_02,0.55,395.459,6.327,,0.6186
2026,4,Miami Grand Prix,SQ,COL,14,SOFT,,miami-grand-prix_corner_06,miami-grand-prix_corner_06,0.55,1365.704,21.647,,0.0
2026,4,Miami Grand Prix,SQ,COL,14,SOFT,,miami-grand-prix_corner_07,miami-grand-prix_corner_07,0.55,1638.461,27.126,1702.775,1.0
2026,4,Miami Grand Prix,SQ,COL,14,SOFT,,miami-grand-prix_corner_12,miami-grand-prix_corner_12,0.55,3117.409,47.287,,0.0267
2026,4,Miami Grand Prix,SQ,COL,14,SOFT,,miami-grand-prix_corner_13,miami-grand-prix_corner_13,0.55,3241.22,51.367,3297.365,0.161
2026,4,Miami Grand Prix,SQ,COL,14,SOFT,,miami-grand-prix_corner_14,miami-grand-prix_corner_14,0.55,3537.489,61.087,3591.522,1.0
2026,4,Miami Grand Prix,SQ,COL,14,SOFT,,miami-grand-prix_corner_18,miami-grand-prix_corner_18,0.55,4584.187,75.007,4584.187,0.0157
2026,4,Miami Grand Prix,SQ,COL,14,SOFT,,miami-grand-prix_corner_19,miami-grand-prix_corner_19,0.55,4860.073,80.728,4931.653,1.0
2026,4,Miami Grand Prix,SQ,GAS,14,SOFT,,miami-grand-prix_corner_02,miami-grand-prix_corner_02,0.55,386.721,6.345,518.506,0.6654
2026,4,Miami Grand Prix,SQ,GAS,14,SOFT,,miami-grand-prix_corner_06,miami-grand-prix_corner_06,0.55,1354.887,21.825,1354.887,0.0437
2026,4,Miami Grand Prix,SQ,GAS,14,SOFT,,miami-grand-prix_corner_07,miami-grand-prix_corner_07,0.55,1630.241,27.265,1691.829,1.0
2026,4,Miami Grand Prix,SQ,GAS,14,SOFT,,miami-grand-prix_corner_12,miami-grand-prix_corner_12,0.55,3114.637,47.665,,0.1083
2026,4,Miami Grand Prix,SQ,GAS,14,SOFT,,miami-grand-prix_corner_13,miami-grand-prix_corner_13,0.55,3242.158,51.905,3294.824,0.055
2026,4,Miami Grand Prix,SQ,GAS,14,SOFT,,miami-grand-prix_corner_14,miami-grand-prix_corner_14,0.55,3518.446,60.905,3572.246,1.0
2026,4,Miami Grand Prix,SQ,GAS,14,SOFT,,miami-grand-prix_corner_18,miami-grand-prix_corner_18,0.55,4603.979,75.385,4603.979,0.0408
2026,4,Miami Grand Prix,SQ,GAS,14,SOFT,,miami-grand-prix_corner_19,miami-grand-prix_corner_19,0.55,4856.893,81.185,4918.213,1.0
2026,4,Miami Grand Prix,SQ,HAD,14,SOFT,,miami-grand-prix_corner_02,miami-grand-prix_corner_02,0.55,404.121,6.778,526.043,0.5194
2026,4,Miami Grand Prix,SQ,HAD,14,SOFT,,miami-grand-prix_corner_06,miami-grand-prix_corner_06,0.55,1350.346,21.658,,0.0321
2026,4,Miami Grand Prix,SQ,HAD,14,SOFT,,miami-grand-prix_corner_07,miami-grand-prix_corner_07,0.55,1620.32,26.858,1686.509,1.0
2026,4,Miami Grand Prix,SQ,HAD,14,SOFT,,miami-grand-prix_corner_12,miami-grand-prix_corner_12,0.55,3118.5,47.738,,0.0396
2026,4,Miami Grand Prix,SQ,HAD,14,SOFT,,miami-grand-prix_corner_13,miami-grand-prix_corner_13,0.55,3237.322,51.698,,0.0
2026,4,Miami Grand Prix,SQ,HAD,14,SOFT,,miami-grand-prix_corner_14,miami-grand-prix_corner_14,0.55,3516.717,60.738,3570.584,1.0
2026,4,Miami Grand Prix,SQ,HAD,14,SOFT,,miami-grand-prix_corner_18,miami-grand-prix_corner_18,0.55,4612.467,75.578,4612.467,0.0136
2026,4,Miami Grand Prix,SQ,HAD,14,SOFT,,miami-grand-prix_corner_19,miami-grand-prix_corner_19,0.55,4857.857,81.058,4925.635,1.0
2026,4,Miami Grand Prix,SQ,HAM,14,SOFT,,miami-grand-prix_corner_02,miami-grand-prix_corner_02,0.55,391.109,6.375,528.154,0.6748
2026,4,Miami Grand Prix,SQ,HAM,14,SOFT,,miami-grand-prix_corner_06,miami-grand-prix_corner_06,0.55,1361.694,21.335,1361.694,0.0265
2026,4,Miami Grand Prix,SQ,HAM,14,SOFT,,miami-grand-prix_corner_07,miami-grand-prix_corner_07,0.55,1626.941,26.295,1714.497,1.0
2026,4,Miami Grand Prix,SQ,HAM,14,SOFT,,miami-grand-prix_corner_12,miami-grand-prix_corner_12,0.55,2974.1,43.534,2974.1,0.0388
2026,4,Miami Grand Prix,SQ,HAM,14,SOFT,,miami-grand-prix_corner_13,miami-grand-prix_corner_13,0.55,3240.474,50.934,3302.515,0.1435
2026,4,Miami Grand Prix,SQ,HAM,14,SOFT,,miami-grand-prix_corner_14,miami-grand-prix_corner_14,0.55,3519.786,60.095,3575.319,1.0
2026,4,Miami Grand Prix,SQ,HAM,14,SOFT,,miami-grand-prix_corner_18,miami-grand-prix_corner_18,0.55,4585.993,74.375,4585.993,0.0172
2026,4,Miami Grand Prix,SQ,HAM,14,SOFT,,miami-grand-prix_corner_19,miami-grand-prix_corner_19,0.55,4857.346,80.015,4912.891,1.0
2026,4,Miami Grand Prix,SQ,HUL,8,MEDIUM,,miami-grand-prix_corner_02,miami-grand-prix_corner_02,0.55,388.149,6.174,533.389,0.5068
2026,4,Miami Grand Prix,SQ,HUL,8,MEDIUM,,miami-grand-prix_corner_06,miami-grand-prix_corner_06,0.55,1366.531,22.095,1366.531,0.0186
2026,4,Miami Grand Prix,SQ,HUL,8,MEDIUM,,miami-grand-prix_corner_07,miami-grand-prix_corner_07,0.55,1618.714,26.934,1696.073,1.0
2026,4,Miami Grand Prix,SQ,HUL,8,MEDIUM,,miami-grand-prix_corner_12,miami-grand-prix_corner_12,0.55,2970.714,44.054,2970.714,0.0543
2026,4,Miami Grand Prix,SQ,HUL,8,MEDIUM,,miami-grand-prix_corner_13,miami-grand-prix_corner_13,0.55,3239.756,51.654,,0.1956
2026,4,Miami Grand Prix,SQ,HUL,8,MEDIUM,,miami-grand-prix_corner_14,miami-grand-prix_corner_14,0.55,3529.037,61.095,3597.004,1.0
2026,4,Miami Grand Prix,SQ,HUL,8,MEDIUM,,miami-grand-prix_corner_18,miami-grand-prix_corner_18,0.55,4586.864,75.615,4586.864,0.0059
2026,4,Miami Grand Prix,SQ,HUL,8,MEDIUM,,miami-grand-prix_corner_19,miami-grand-prix_corner_19,0.55,4857.122,80.775,4929.422,1.0
2026,4,Miami Grand Prix,SQ,LAW,4,MEDIUM,,miami-grand-prix_corner_02,miami-grand-prix_corner_02,0.55,396.094,6.895,532.672,0.6282
2026,4,Miami Grand Prix,SQ,LAW,4,MEDIUM,,miami-grand-prix_corner_06,miami-grand-prix_corner_06,0.55,1352.606,22.295,,0.0087
2026,4,Miami Grand Prix,SQ,LAW,4,MEDIUM,,miami-grand-prix_corner_07,miami-grand-prix_corner_07,0.55,1637.386,28.175,1686.742,1.0
2026,4,Miami Grand Prix,SQ,LAW,4,MEDIUM,,miami-grand-prix_corner_12,miami-grand-prix_corner_12,0.55,3113.847,48.495,,0.0087
2026,4,Miami Grand Prix,SQ,LAW,4,MEDIUM,,miami-grand-prix_corner_13,miami-grand-prix_corner_13,0.55,3239.761,52.815,3308.327,0.1147
2026,4,Miami Grand Prix,SQ,LAW,4,MEDIUM,,miami-grand-prix_corner_14,miami-grand-prix_corner_14,0.55,3529.149,62.415,3590.551,1.0
2026,4,Miami Grand Prix,SQ,LAW,4,MEDIUM,,miami-grand-prix_corner_18,miami-grand-prix_corner_18,0.55,4586.159,76.696,4586.159,0.0
2026,4,Miami Grand Prix,SQ,LAW,4,MEDIUM,,miami-grand-prix_corner_19,miami-grand-prix_corner_19,0.55,4854.439,82.575,4922.659,1.0
2026,4,Miami Grand Prix,SQ,LEC,14,SOFT,,miami-grand-prix_corner_02,miami-grand-prix_corner_02,0.55,387.947,6.406,522.217,0.7894
2026,4,Miami Grand Prix,SQ,LEC,14,SOFT,,miami-grand-prix_corner_06,miami-grand-prix_corner_06,0.55,1356.465,21.205,1356.465,0.0037
2026,4,Miami Grand Prix,SQ,LEC,14,SOFT,,miami-grand-prix_corner_07,miami-grand-prix_corner_07,0.55,1618.609,26.086,1687.322,1.0
2026,4,Miami Grand Prix,SQ,LEC,14,SOFT,,miami-grand-prix_corner_12,miami-grand-prix_corner_12,0.55,2972.165,43.326,2972.165,0.1
2026,4,Miami Grand Prix,SQ,LEC,14,SOFT,,miami-grand-prix_corner_13,miami-grand-prix_corner_13,0.55,3240.269,50.926,3284.725,0.0457
2026,4,Miami Grand Prix,SQ,LEC,14,SOFT,,miami-grand-prix_corner_14,miami-grand-prix_corner_14,0.55,3520.853,60.006,3581.112,1.0
2026,4,Miami Grand Prix,SQ,LEC,14,SOFT,,miami-grand-prix_corner_18,miami-grand-prix_corner_18,0.55,4614.745,74.486,4614.745,0.0657
2026,4,Miami Grand Prix,SQ,LEC,14,SOFT,,miami-grand-prix_corner_19,miami-grand-prix_corner_19,0.55,4858.612,79.966,4915.862,1.0
2026,4,Miami Grand Prix,SQ,LIN,8,MEDIUM,,miami-grand-prix_corner_02,miami-grand-prix_corner_02,0.55,396.088,6.902,,0.654
2026,4,Miami Grand Prix,SQ,LIN,8,MEDIUM,,miami-grand-prix_corner_06,miami-grand-prix_corner_06,0.55,1356.512,22.263,1356.512,0.0
2026,4,Miami Grand Prix,SQ,LIN,8,MEDIUM,,miami-grand-prix_corner_07,miami-grand-prix_corner_07,0.55,1619.512,27.503,1684.067,1.0
2026,4,Miami Grand Prix,SQ,LIN,8,MEDIUM,,miami-grand-prix_corner_12,miami-grand-prix_corner_12,0.55,3099.376,47.823,3099.376,0.3886
2026,4,Miami Grand Prix,SQ,LIN,8,MEDIUM,,miami-grand-prix_corner_13,miami-grand-prix_corner_13,0.55,3239.346,52.622,3239.346,0.0467
2026,4,Miami Grand Prix,SQ,LIN,8,MEDIUM,,miami-grand-prix_corner_14,miami-grand-prix_corner_14,0.55,3523.669,61.943,3583.258,1.0
2026,4,Miami Grand Prix,SQ,LIN,8,MEDIUM,,miami-grand-prix_corner_18,miami-grand-prix_corner_18,0.55,4601.253,76.463,4601.253,0.0411
2026,4,Miami Grand Prix,SQ,LIN,8,MEDIUM,,miami-grand-prix_corner_19,miami-grand-prix_corner_19,0.55,4856.372,82.223,4915.917,1.0
2026,4,Miami Grand Prix,SQ,NOR,14,SOFT,,miami-grand-prix_corner_02,miami-grand-prix_corner_02,0.55,397.251,6.507,506.889,0.6781
2026,4,Miami Grand Prix,SQ,NOR,14,SOFT,,miami-grand-prix_corner_06,miami-grand-prix_corner_06,0.55,1360.629,21.226,1360.629,0.0
2026,4,Miami Grand Prix,SQ,NOR,14,SOFT,,miami-grand-prix_corner_07,miami-grand-prix_corner_07,0.55,1633.771,26.587,1675.411,1.0
2026,4,Miami Grand Prix,SQ,NOR,14,SOFT,,miami-grand-prix_corner_12,miami-grand-prix_corner_12,0.55,2970.277,43.187,,0.0648
2026,4,Miami Grand Prix,SQ,NOR,14,SOFT,,miami-grand-prix_corner_13,miami-grand-prix_corner_13,0.55,3239.828,51.107,3282.073,0.0114
2026,4,Miami Grand Prix,SQ,NOR,14,SOFT,,miami-grand-prix_corner_14,miami-grand-prix_corner_14,0.55,3507.988,59.547,3564.638,1.0
2026,4,Miami Grand Prix,SQ,NOR,14,SOFT,,miami-grand-prix_corner_18,miami-grand-prix_corner_18,0.55,4591.36,74.066,4591.36,0.062
2026,4,Miami Grand Prix,SQ,NOR,14,SOFT,,miami-grand-prix_corner_19,miami-grand-prix_corner_19,0.55,4865.861,80.467,4894.672,1.0
2026,4,Miami Grand Prix,SQ,OCO,5,MEDIUM,,miami-grand-prix_corner_02,miami-grand-prix_corner_02,0.55,405.893,6.92,536.182,0.4919
2026,4,Miami Grand Prix,SQ,OCO,5,MEDIUM,,miami-grand-prix_corner_06,miami-grand-prix_corner_06,0.55,1358.885,22.56,1358.885,0.0189
2026,4,Miami Grand Prix,SQ,OCO,5,MEDIUM,,miami-grand-prix_corner_07,miami-grand-prix_corner_07,0.55,1619.353,27.72,1735.04,1.0
2026,4,Miami Grand Prix,SQ,OCO,5,MEDIUM,,miami-grand-prix_corner_12,miami-grand-prix_corner_12,0.55,2967.615,45.12,2967.615,0.0
2026,4,Miami Grand Prix,SQ,OCO,5,MEDIUM,,miami-grand-prix_corner_13,miami-grand-prix_corner_13,0.55,3247.221,53.04,3297.776,0.1625
2026,4,Miami Grand Prix,SQ,OCO,5,MEDIUM,,miami-grand-prix_corner_14,miami-grand-prix_corner_14,0.55,3531.991,62.28,3605.439,1.0
2026,4,Miami Grand Prix,SQ,OCO,5,MEDIUM,,miami-grand-prix_corner_18,miami-grand-prix_corner_18,0.55,4610.612,76.961,4610.612,0.0
2026,4,Miami Grand Prix,SQ,OCO,5,MEDIUM,,miami-grand-prix_corner_19,miami-grand-prix_corner_19,0.55,4858.201,82.12,4954.111,1.0
2026,4,Miami Grand Prix,SQ,PER,2,MEDIUM,,miami-grand-prix_corner_02,miami-grand-prix_corner_02,0.55,399.067,6.96,518.574,0.6753
2026,4,Miami Grand Prix,SQ,PER,2,MEDIUM,,miami-grand-prix_corner_06,miami-grand-prix_corner_06,0.55,1357.615,22.519,1357.615,0.0292
2026,4,Miami Grand Prix,SQ,PER,2,MEDIUM,,miami-grand-prix_corner_07,miami-grand-prix_corner_07,0.55,1640.932,28.32,1698.288,1.0
2026,4,Miami Grand Prix,SQ,PER,2,MEDIUM,,miami-grand-prix_corner_12,miami-grand-prix_corner_12,0.55,3116.164,48.84,,0.0211
2026,4,Miami Grand Prix,SQ,PER,2,MEDIUM,,miami-grand-prix_corner_13,miami-grand-prix_corner_13,0.55,3241.976,53.04,,0.0419
2026,4,Miami Grand Prix,SQ,PER,2,MEDIUM,,miami-grand-prix_corner_14,miami-grand-prix_corner_14,0.55,3520.076,62.64,3582.209,1.0
2026,4,Miami Grand Prix,SQ,PER,2,MEDIUM,,miami-grand-prix_corner_18,miami-grand-prix_corner_18,0.55,4594.052,77.16,4594.052,0.0337
2026,4,Miami Grand Prix,SQ,PER,2,MEDIUM,,miami-grand-prix_corner_19,miami-grand-prix_corner_19,0.55,4856.405,83.04,4918.005,1.0
2026,4,Miami Grand Prix,SQ,PIA,10,SOFT,,miami-grand-prix_corner_02,miami-grand-prix_corner_02,0.55,393.82,6.489,519.144,0.6422
2026,4,Miami Grand Prix,SQ,PIA,10,SOFT,,miami-grand-prix_corner_06,miami-grand-prix_corner_06,0.55,1352.155,21.289,1352.155,0.0042
2026,4,Miami Grand Prix,SQ,PIA,10,SOFT,,miami-grand-prix_corner_07,miami-grand-prix_corner_07,0.55,1624.533,26.489,1688.933,0.99
2026,4,Miami Grand Prix,SQ,PIA,10,SOFT,,miami-grand-prix_corner_12,miami-grand-prix_corner_12,0.55,3107.018,46.889,,0.0893
2026,4,Miami Grand Prix,SQ,PIA,10,SOFT,,miami-grand-prix_corner_13,miami-grand-prix_corner_13,0.55,3240.456,51.329,,0.0008
2026,4,Miami Grand Prix,SQ,PIA,10,SOFT,,miami-grand-prix_corner_14,miami-grand-prix_corner_14,0.55,3518.571,60.209,3573.329,0.99
2026,4,Miami Grand Prix,SQ,PIA,10,SOFT,,miami-grand-prix_corner_18,miami-grand-prix_corner_18,0.55,4586.373,74.209,4586.373,0.051
2026,4,Miami Grand Prix,SQ,PIA,10,SOFT,,miami-grand-prix_corner_19,miami-grand-prix_corner_19,0.55,4860.468,80.369,4902.28,0.99
2026,4,Miami Grand Prix,SQ,RUS,14,SOFT,,miami-grand-prix_corner_02,miami-grand-prix_corner_02,0.55,394.973,6.516,499.317,0.6733
2026,4,Miami Grand Prix,SQ,RUS,14,SOFT,,miami-grand-prix_corner_06,miami-grand-prix_corner_06,0.55,1370.126,21.796,1370.126,0.0
2026,4,Miami Grand Prix,SQ,RUS,14,SOFT,,miami-grand-prix_corner_07,miami-grand-prix_corner_07,0.55,1629.42,26.836,1695.531,1.0
2026,4,Miami Grand Prix,SQ,RUS,14,SOFT,,miami-grand-prix_corner_12,miami-grand-prix_corner_12,0.55,2976.263,43.556,2976.263,0.0675
2026,4,Miami Grand Prix,SQ,RUS,14,SOFT,,miami-grand-prix_corner_13,miami-grand-prix_corner_13,0.55,3240.656,51.236,3284.812,0.0886
2026,4,Miami Grand Prix,SQ,RUS,14,SOFT,,miami-grand-prix_corner_14,miami-grand-prix_corner_14,0.55,3529.611,60.596,3571.356,1.0
2026,4,Miami Grand Prix,SQ,RUS,14,SOFT,,miami-grand-prix_corner_18,miami-grand-prix_corner_18,0.55,4599.428,74.516,4599.428,0.0187
2026,4,Miami Grand Prix,SQ,RUS,14,SOFT,,miami-grand-prix_corner_19,miami-grand-prix_corner_19,0.55,4858.266,80.236,4907.833,1.0
2026,4,Miami Grand Prix,SQ,SAI,8,MEDIUM,,miami-grand-prix_corner_02,miami-grand-prix_corner_02,0.55,407.871,6.979,532.581,0.6131
2026,4,Miami Grand Prix,SQ,SAI,8,MEDIUM,,miami-grand-prix_corner_06,miami-grand-prix_corner_06,0.55,1349.913,21.858,1349.913,0.0
2026,4,Miami Grand Prix,SQ,SAI,8,MEDIUM,,miami-grand-prix_corner_07,miami-grand-prix_corner_07,0.55,1632.618,27.499,1701.638,1.0
2026,4,Miami Grand Prix,SQ,SAI,8,MEDIUM,,miami-grand-prix_corner_12,miami-grand-prix_corner_12,0.55,3112.079,47.819,,0.0261
2026,4,Miami Grand Prix,SQ,SAI,8,MEDIUM,,miami-grand-prix_corner_13,miami-grand-prix_corner_13,0.55,3237.962,52.099,3305.618,0.1702
2026,4,Miami Grand Prix,SQ,SAI,8,MEDIUM,,miami-grand-prix_corner_14,miami-grand-prix_corner_14,0.55,3532.901,61.978,3592.43,1.0
2026,4,Miami Grand Prix,SQ,SAI,8,MEDIUM,,miami-grand-prix_corner_18,miami-grand-prix_corner_18,0.55,4586.588,75.898,4586.588,0.0298
2026,4,Miami Grand Prix,SQ,SAI,8,MEDIUM,,miami-grand-prix_corner_19,miami-grand-prix_corner_19,0.55,4854.69,81.779,4928.842,1.0
2026,4,Miami Grand Prix,SQ,STR,2,MEDIUM,,miami-grand-prix_corner_02,miami-grand-prix_corner_02,0.55,390.637,6.881,518.072,0.466
2026,4,Miami Grand Prix,SQ,STR,2,MEDIUM,,miami-grand-prix_corner_06,miami-grand-prix_corner_06,0.55,1367.831,23.52,1367.831,0.0
2026,4,Miami Grand Prix,SQ,STR,2,MEDIUM,,miami-grand-prix_corner_07,miami-grand-prix_corner_07,0.55,1635.353,29.2,1682.075,1.0
2026,4,Miami Grand Prix,SQ,STR,2,MEDIUM,,miami-grand-prix_corner_12,miami-grand-prix_corner_12,0.55,3093.976,49.52,,0.0775
2026,4,Miami Grand Prix,SQ,STR,2,MEDIUM,,miami-grand-prix_corner_13,miami-grand-prix_corner_13,0.55,3239.525,54.561,3272.821,0.0316
2026,4,Miami Grand Prix,SQ,STR,2,MEDIUM,,miami-grand-prix_corner_14,miami-grand-prix_corner_14,0.55,3508.545,63.721,3553.023,1.0
2026,4,Miami Grand Prix,SQ,STR,2,MEDIUM,,miami-grand-prix_corner_18,miami-grand-prix_corner_18,0.55,4586.316,78.401,4586.316,0.0
2026,4,Miami Grand Prix,SQ,STR,2,MEDIUM,,miami-grand-prix_corner_19,miami-grand-prix_corner_19,0.55,4870.39,107.521,4992.779,0.6721
2026,4,Miami Grand Prix,SQ,VER,11,SOFT,,miami-grand-prix_corner_02,miami-grand-prix_corner_02,0.55,404.388,6.718,526.612,0.5588
2026,4,Miami Grand Prix,SQ,VER,11,SOFT,,miami-grand-prix_corner_06,miami-grand-prix_corner_06,0.55,1352.138,21.478,1352.138,0.0
2026,4,Miami Grand Prix,SQ,VER,11,SOFT,,miami-grand-prix_corner_07,miami-grand-prix_corner_07,0.55,1632.514,26.878,1692.625,1.0
2026,4,Miami Grand Prix,SQ,VER,11,SOFT,,miami-grand-prix_corner_12,miami-grand-prix_corner_12,0.55,2975.215,43.558,2975.215,0.0
2026,4,Miami Grand Prix,SQ,VER,11,SOFT,,miami-grand-prix_corner_13,miami-grand-prix_corner_13,0.55,3246.572,51.318,3287.294,0.115
2026,4,Miami Grand Prix,SQ,VER,11,SOFT,,miami-grand-prix_corner_14,miami-grand-prix_corner_14,0.55,3543.804,61.158,3577.026,1.0
2026,4,Miami Grand Prix,SQ,VER,11,SOFT,,miami-grand-prix_corner_18,miami-grand-prix_corner_18,0.55,4607.579,74.758,4607.579,0.0034
2026,4,Miami Grand Prix,SQ,VER,11,SOFT,,miami-grand-prix_corner_19,miami-grand-prix_corner_19,0.55,4865.391,80.358,4917.946,1.0
2026,5,Canadian Grand Prix,Q,ALB,9,SOFT,,canadian-grand-prix_corner_02,canadian-grand-prix_corner_02,0.55,329.816,6.998,412.797,0.938
2026,5,Canadian Grand Prix,Q,ALB,9,SOFT,,canadian-grand-prix_corner_04,canadian-grand-prix_corner_04,0.55,712.489,15.037,809.434,1.0
2026,5,Canadian Grand Prix,Q,ALB,9,SOFT,,canadian-grand-prix_corner_06,canadian-grand-prix_corner_06,0.55,1097.691,21.637,1097.691,0.4334
2026,5,Canadian Grand Prix,Q,ALB,9,SOFT,,canadian-grand-prix_corner_07,canadian-grand-prix_corner_07,0.55,1303.129,26.918,1386.839,1.0
2026,5,Canadian Grand Prix,Q,ALB,9,SOFT,,canadian-grand-prix_corner_10,canadian-grand-prix_corner_10,0.55,1985.349,37.437,2073.798,1.0
2026,5,Canadian Grand Prix,Q,ALB,9,SOFT,,canadian-grand-prix_corner_13,canadian-grand-prix_corner_13,0.55,2671.561,50.077,2743.173,1.0
2026,5,Canadian Grand Prix,Q,ALB,9,SOFT,,canadian-grand-prix_corner_18,canadian-grand-prix_corner_18,0.55,3714.041,64.558,3714.041,0.2194
2026,5,Canadian Grand Prix,Q,ALB,9,SOFT,,canadian-grand-prix_corner_19,canadian-grand-prix_corner_19,0.55,3903.374,68.318,3930.354,1.0
2026,5,Canadian Grand Prix,Q,ALO,10,SOFT,,canadian-grand-prix_corner_02,canadian-grand-prix_corner_02,0.55,319.338,6.626,399.138,1.0
2026,5,Canadian Grand Prix,Q,ALO,10,SOFT,,canadian-grand-prix_corner_04,canadian-grand-prix_corner_04,0.55,720.578,15.266,818.201,1.0
2026,5,Canadian Grand Prix,Q,ALO,10,SOFT,,canadian-grand-prix_corner_06,canadian-grand-prix_corner_06,0.55,1092.2,21.666,1092.2,0.3678
2026,5,Canadian Grand Prix,Q,ALO,10,SOFT,,canadian-grand-prix_corner_07,canadian-grand-prix_corner_07,0.55,1302.183,26.786,1335.261,1.0
2026,5,Canadian Grand Prix,Q,ALO,10,SOFT,,canadian-grand-prix_corner_10,canadian-grand-prix_corner_10,0.55,1998.715,37.825,2076.315,1.0
2026,5,Canadian Grand Prix,Q,ALO,10,SOFT,,canadian-grand-prix_corner_13,canadian-grand-prix_corner_13,0.55,2673.988,50.065,2753.446,0.9598
2026,5,Canadian Grand Prix,Q,ALO,10,SOFT,,canadian-grand-prix_corner_18,canadian-grand-prix_corner_18,0.55,3680.756,64.505,3680.756,0.2237
2026,5,Canadian Grand Prix,Q,ALO,10,SOFT,,canadian-grand-prix_corner_19,canadian-grand-prix_corner_19,0.55,3896.741,68.546,3940.03,1.0
2026,5,Canadian Grand Prix,Q,ANT,23,SOFT,,canadian-grand-prix_corner_02,canadian-grand-prix_corner_02,0.55,328.498,6.912,389.034,0.992
2026,5,Canadian Grand Prix,Q,ANT,23,SOFT,,canadian-grand-prix_corner_04,canadian-grand-prix_corner_04,0.55,705.876,14.392,790.631,1.0
2026,5,Canadian Grand Prix,Q,ANT,23,SOFT,,canadian-grand-prix_corner_06,canadian-grand-prix_corner_06,0.55,1116.587,21.192,1116.587,0.466
2026,5,Canadian Grand Prix,Q,ANT,23,SOFT,,canadian-grand-prix_corner_07,canadian-grand-prix_corner_07,0.55,1313.574,26.352,1351.93,1.0
2026,5,Canadian Grand Prix,Q,ANT,23,SOFT,,canadian-grand-prix_corner_10,canadian-grand-prix_corner_10,0.55,1993.535,36.551,2071.583,1.0
2026,5,Canadian Grand Prix,Q,ANT,23,SOFT,,canadian-grand-prix_corner_13,canadian-grand-prix_corner_13,0.55,2664.259,48.472,2713.391,1.0
2026,5,Canadian Grand Prix,Q,ANT,23,SOFT,,canadian-grand-prix_corner_18,canadian-grand-prix_corner_18,0.55,3683.016,62.432,3683.016,0.1682
2026,5,Canadian Grand Prix,Q,ANT,23,SOFT,,canadian-grand-prix_corner_19,canadian-grand-prix_corner_19,0.55,3901.167,66.352,3915.389,1.0
2026,5,Canadian Grand Prix,Q,BEA,21,SOFT,,canadian-grand-prix_corner_02,canadian-grand-prix_corner_02,0.55,247.834,4.111,403.259,0.962
2026,5,Canadian Grand Prix,Q,BEA,21,SOFT,,canadian-grand-prix_corner_04,canadian-grand-prix_corner_04,0.55,700.372,14.632,794.679,1.0
2026,5,Canadian Grand Prix,Q,BEA,21,SOFT,,canadian-grand-prix_corner_06,canadian-grand-prix_corner_06,0.55,1100.255,21.511,1100.255,0.3946
2026,5,Canadian Grand Prix,Q,BEA,21,SOFT,,canadian-grand-prix_corner_07,canadian-grand-prix_corner_07,0.55,1303.371,26.632,1356.671,1.0
2026,5,Canadian Grand Prix,Q,BEA,21,SOFT,,canadian-grand-prix_corner_10,canadian-grand-prix_corner_10,0.55,1984.36,37.071,2087.045,1.0
2026,5,Canadian Grand Prix,Q,BEA,21,SOFT,,canadian-grand-prix_corner_13,canadian-grand-prix_corner_13,0.55,2669.707,49.391,2738.619,1.0
2026,5,Canadian Grand Prix,Q,BEA,21,SOFT,,canadian-grand-prix_corner_18,canadian-grand-prix_corner_18,0.55,3691.517,63.791,3691.517,0.2892
2026,5,Canadian Grand Prix,Q,BEA,21,SOFT,,canadian-grand-prix_corner_19,canadian-grand-prix_corner_19,0.55,3907.428,68.112,3928.606,1.0
2026,5,Canadian Grand Prix,Q,BOR,21,SOFT,,canadian-grand-prix_corner_02,canadian-grand-prix_corner_02,0.55,317.12,6.599,,0.964
2026,5,Canadian Grand Prix,Q,BOR,21,SOFT,,canadian-grand-prix_corner_04,canadian-grand-prix_corner_04,0.55,707.726,15.04,794.73,0.98
2026,5,Canadian Grand Prix,Q,BOR,21,SOFT,,canadian-grand-prix_corner_06,canadian-grand-prix_corner_06,0.55,1094.423,21.56,,0.3929
2026,5,Canadian Grand Prix,Q,BOR,21,SOFT,,canadian-grand-prix_corner_07,canadian-grand-prix_corner_07,0.55,1306.622,26.88,1346.2,0.99
2026,5,Canadian Grand Prix,Q,BOR,21,SOFT,,canadian-grand-prix_corner_10,canadian-grand-prix_corner_10,0.55,1987.16,37.199,2080.06,0.99
2026,5,Canadian Grand Prix,Q,BOR,21,SOFT,,canadian-grand-prix_corner_13,canadian-grand-prix_corner_13,0.55,2662.406,49.359,2748.972,0.98
2026,5,Canadian Grand Prix,Q,BOR,21,SOFT,,canadian-grand-prix_corner_18,canadian-grand-prix_corner_18,0.55,3693.497,63.719,,0.1791
2026,5,Canadian Grand Prix,Q,BOR,21,SOFT,,canadian-grand-prix_corner_19,canadian-grand-prix_corner_19,0.55,3895.961,67.32,4056.388,1.0
2026,5,Canadian Grand Prix,Q,BOT,5,SOFT,,canadian-grand-prix_corner_02,canadian-grand-prix_corner_02,0.55,315.811,6.752,399.984,0.92
2026,5,Canadian Grand Prix,Q,BOT,5,SOFT,,canadian-grand-prix_corner_04,canadian-grand-prix_corner_04,0.55,705.264,15.393,791.629,1.0
2026,5,Canadian Grand Prix,Q,BOT,5,SOFT,,canadian-grand-prix_corner_06,canadian-grand-prix_corner_06,0.55,1105.819,22.433,1105.819,0.3405
2026,5,Canadian Grand Prix,Q,BOT,5,SOFT,,canadian-grand-prix_corner_07,canadian-grand-prix_corner_07,0.55,1302.021,27.712,1348.253,1.0
2026,5,Canadian Grand Prix,Q,BOT,5,SOFT,,canadian-grand-prix_corner_10,canadian-grand-prix_corner_10,0.55,1970.36,38.392,2052.982,1.0
2026,5,Canadian Grand Prix,Q,BOT,5,SOFT,,canadian-grand-prix_corner_13,canadian-grand-prix_corner_13,0.55,2647.237,51.112,2695.593,1.0
2026,5,Canadian Grand Prix,Q,BOT,5,SOFT,,canadian-grand-prix_corner_18,canadian-grand-prix_corner_18,0.55,3693.415,65.792,3693.415,0.349
2026,5,Canadian Grand Prix,Q,BOT,5,SOFT,,canadian-grand-prix_corner_19,canadian-grand-prix_corner_19,0.55,3897.253,70.313,3897.253,1.0
2026,5,Canadian Grand Prix,Q,COL,22,SOFT,,canadian-grand-prix_corner_02,canadian-grand-prix_corner_02,0.55,315.917,6.62,392.117,0.9
2026,5,Canadian Grand Prix,Q,COL,22,SOFT,,canadian-grand-prix_corner_04,canadian-grand-prix_corner_04,0.55,705.105,14.78,788.527,1.0
2026,5,Canadian Grand Prix,Q,COL,22,SOFT,,canadian-grand-prix_corner_06,canadian-grand-prix_corner_06,0.55,1093.915,21.38,1093.915,0.3452
2026,5,Canadian Grand Prix,Q,COL,22,SOFT,,canadian-grand-prix_corner_07,canadian-grand-prix_corner_07,0.55,1298.768,26.54,1348.423,1.0
2026,5,Canadian Grand Prix,Q,COL,22,SOFT,,canadian-grand-prix_corner_10,canadian-grand-prix_corner_10,0.55,1979.467,36.98,2066.916,1.0
2026,5,Canadian Grand Prix,Q,COL,22,SOFT,,canadian-grand-prix_corner_13,canadian-grand-prix_corner_13,0.55,2658.057,49.1,2720.524,1.0
2026,5,Canadian Grand Prix,Q,COL,22,SOFT,,canadian-grand-prix_corner_18,canadian-grand-prix_corner_18,0.55,3686.535,63.5,3686.535,0.2671
2026,5,Canadian Grand Prix,Q,COL,22,SOFT,,canadian-grand-prix_corner_19,canadian-grand-prix_corner_19,0.55,3900.179,67.66,3916.979,1.0
2026,5,Canadian Grand Prix,Q,GAS,19,SOFT,,canadian-grand-prix_corner_02,canadian-grand-prix_corner_02,0.55,317.125,6.565,387.259,0.97
2026,5,Canadian Grand Prix,Q,GAS,19,SOFT,,canadian-grand-prix_corner_04,canadian-grand-prix_corner_04,0.55,719.137,15.204,814.698,1.0
2026,5,Canadian Grand Prix,Q,GAS,19,SOFT,,canadian-grand-prix_corner_06,canadian-grand-prix_corner_06,0.55,1084.718,21.444,1084.718,0.4317
2026,5,Canadian Grand Prix,Q,GAS,19,SOFT,,canadian-grand-prix_corner_07,canadian-grand-prix_corner_07,0.55,1309.916,27.005,1354.726,1.0
2026,5,Canadian Grand Prix,Q,GAS,19,SOFT,,canadian-grand-prix_corner_10,canadian-grand-prix_corner_10,0.55,1981.775,37.205,2091.231,1.0
2026,5,Canadian Grand Prix,Q,GAS,19,SOFT,,canadian-grand-prix_corner_13,canadian-grand-prix_corner_13,0.55,2658.515,49.364,2715.958,1.0
2026,5,Canadian Grand Prix,Q,GAS,19,SOFT,,canadian-grand-prix_corner_18,canadian-grand-prix_corner_18,0.55,3694.395,63.925,3694.395,0.217
2026,5,Canadian Grand Prix,Q,GAS,19,SOFT,,canadian-grand-prix_corner_19,canadian-grand-prix_corner_19,0.55,3904.513,68.124,3924.268,1.0
2026,5,Canadian Grand Prix,Q,HAD,21,SOFT,,canadian-grand-prix_corner_02,canadian-grand-prix_corner_02,0.55,321.434,6.67,391.445,0.96
2026,5,Canadian Grand Prix,Q,HAD,21,SOFT,,canadian-grand-prix_corner_04,canadian-grand-prix_corner_04,0.55,716.512,14.71,804.669,1.0
2026,5,Canadian Grand Prix,Q,HAD,21,SOFT,,canadian-grand-prix_corner_06,canadian-grand-prix_corner_06,0.55,1091.87,20.83,1091.87,0.3203
2026,5,Canadian Grand Prix,Q,HAD,21,SOFT,,canadian-grand-prix_corner_07,canadian-grand-prix_corner_07,0.55,1302.559,25.99,1357.792,1.0
2026,5,Canadian Grand Prix,Q,HAD,21,SOFT,,canadian-grand-prix_corner_10,canadian-grand-prix_corner_10,0.55,1986.996,36.39,2067.324,1.0
2026,5,Canadian Grand Prix,Q,HAD,21,SOFT,,canadian-grand-prix_corner_13,canadian-grand-prix_corner_13,0.55,2668.442,48.83,2722.864,1.0
2026,5,Canadian Grand Prix,Q,HAD,21,SOFT,,canadian-grand-prix_corner_18,canadian-grand-prix_corner_18,0.55,3691.843,62.71,3691.843,0.1505
2026,5,Canadian Grand Prix,Q,HAD,21,SOFT,,canadian-grand-prix_corner_19,canadian-grand-prix_corner_19,0.55,3904.747,66.63,3941.369,1.0
2026,5,Canadian Grand Prix,Q,HAM,23,SOFT,,canadian-grand-prix_corner_02,canadian-grand-prix_corner_02,0.55,256.702,4.215,399.493,0.9925
2026,5,Canadian Grand Prix,Q,HAM,23,SOFT,,canadian-grand-prix_corner_04,canadian-grand-prix_corner_04,0.55,702.926,14.375,803.544,1.0
2026,5,Canadian Grand Prix,Q,HAM,23,SOFT,,canadian-grand-prix_corner_06,canadian-grand-prix_corner_06,0.55,1231.064,24.135,,0.5502
2026,5,Canadian Grand Prix,Q,HAM,23,SOFT,,canadian-grand-prix_corner_07,canadian-grand-prix_corner_07,0.55,1306.253,26.135,1344.053,1.0
2026,5,Canadian Grand Prix,Q,HAM,23,SOFT,,canadian-grand-prix_corner_10,canadian-grand-prix_corner_10,0.55,1981.738,36.215,2061.871,0.9967
2026,5,Canadian Grand Prix,Q,HAM,23,SOFT,,canadian-grand-prix_corner_13,canadian-grand-prix_corner_13,0.55,2656.46,48.215,2725.793,0.998
2026,5,Canadian Grand Prix,Q,HAM,23,SOFT,,canadian-grand-prix_corner_18,canadian-grand-prix_corner_18,0.55,3682.893,62.455,3682.893,0.2979
2026,5,Canadian Grand Prix,Q,HAM,23,SOFT,,canadian-grand-prix_corner_19,canadian-grand-prix_corner_19,0.55,3897.115,66.295,3931.782,1.0
2026,5,Canadian Grand Prix,Q,HUL,20,SOFT,,canadian-grand-prix_corner_02,canadian-grand-prix_corner_02,0.55,315.088,6.519,397.773,1.0
2026,5,Canadian Grand Prix,Q,HUL,20,SOFT,,canadian-grand-prix_corner_04,canadian-grand-prix_corner_04,0.55,692.746,14.438,800.246,1.0
2026,5,Canadian Grand Prix,Q,HUL,20,SOFT,,canadian-grand-prix_corner_06,canadian-grand-prix_corner_06,0.55,1085.488,21.278,1085.488,0.3509
2026,5,Canadian Grand Prix,Q,HUL,20,SOFT,,canadian-grand-prix_corner_07,canadian-grand-prix_corner_07,0.55,1303.931,26.639,1341.953,1.0
2026,5,Canadian Grand Prix,Q,HUL,20,SOFT,,canadian-grand-prix_corner_10,canadian-grand-prix_corner_10,0.55,1989.623,37.038,2086.027,1.0
2026,5,Canadian Grand Prix,Q,HUL,20,SOFT,,canadian-grand-prix_corner_13,canadian-grand-prix_corner_13,0.55,2672.657,49.238,2743.501,1.0
2026,5,Canadian Grand Prix,Q,HUL,20,SOFT,,canadian-grand-prix_corner_18,canadian-grand-prix_corner_18,0.55,3686.548,63.398,3686.548,0.3278
2026,5,Canadian Grand Prix,Q,HUL,20,SOFT,,canadian-grand-prix_corner_19,canadian-grand-prix_corner_19,0.55,3902.889,67.399,3929.731,1.0
2026,5,Canadian Grand Prix,Q,LAW,21,SOFT,,canadian-grand-prix_corner_02,canadian-grand-prix_corner_02,0.55,312.608,6.326,388.005,0.97
2026,5,Canadian Grand Prix,Q,LAW,21,SOFT,,canadian-grand-prix_corner_04,canadian-grand-prix_corner_04,0.55,703.955,14.647,787.18,1.0
2026,5,Canadian Grand Prix,Q,LAW,21,SOFT,,canadian-grand-prix_corner_06,canadian-grand-prix_corner_06,0.55,1103.484,21.407,1103.484,0.4196
2026,5,Canadian Grand Prix,Q,LAW,21,SOFT,,canadian-grand-prix_corner_07,canadian-grand-prix_corner_07,0.55,1303.808,26.606,1354.403,1.0
2026,5,Canadian Grand Prix,Q,LAW,21,SOFT,,canadian-grand-prix_corner_10,canadian-grand-prix_corner_10,0.55,1972.673,36.726,2063.406,1.0
2026,5,Canadian Grand Prix,Q,LAW,21,SOFT,,canadian-grand-prix_corner_13,canadian-grand-prix_corner_13,0.55,2662.928,49.246,2716.306,1.0
2026,5,Canadian Grand Prix,Q,LAW,21,SOFT,,canadian-grand-prix_corner_18,canadian-grand-prix_corner_18,0.55,3709.015,63.806,3709.015,0.2823
2026,5,Canadian Grand Prix,Q,LAW,21,SOFT,,canadian-grand-prix_corner_19,canadian-grand-prix_corner_19,0.55,3899.987,67.727,3912.354,1.0
2026,5,Canadian Grand Prix,Q,LEC,28,SOFT,,canadian-grand-prix_corner_02,canadian-grand-prix_corner_02,0.55,252.512,4.024,396.657,0.9575
2026,5,Canadian Grand Prix,Q,LEC,28,SOFT,,canadian-grand-prix_corner_04,canadian-grand-prix_corner_04,0.55,702.544,14.385,812.301,1.0
2026,5,Canadian Grand Prix,Q,LEC,28,SOFT,,canadian-grand-prix_corner_06,canadian-grand-prix_corner_06,0.55,1096.315,20.985,1096.315,0.4441
2026,5,Canadian Grand Prix,Q,LEC,28,SOFT,,canadian-grand-prix_corner_07,canadian-grand-prix_corner_07,0.55,1302.103,25.985,1353.736,1.0
2026,5,Canadian Grand Prix,Q,LEC,28,SOFT,,canadian-grand-prix_corner_10,canadian-grand-prix_corner_10,0.55,1978.528,36.065,2088.463,1.0
2026,5,Canadian Grand Prix,Q,LEC,28,SOFT,,canadian-grand-prix_corner_13,canadian-grand-prix_corner_13,0.55,2667.99,48.505,2722.07,0.998
2026,5,Canadian Grand Prix,Q,LEC,28,SOFT,,canadian-grand-prix_corner_18,canadian-grand-prix_corner_18,0.55,3709.33,62.945,3709.33,0.2796
2026,5,Canadian Grand Prix,Q,LEC,28,SOFT,,canadian-grand-prix_corner_19,canadian-grand-prix_corner_19,0.55,3896.754,66.425,3945.266,1.0
2026,5,Canadian Grand Prix,Q,LIN,27,SOFT,,canadian-grand-prix_corner_02,canadian-grand-prix_corner_02,0.55,246.478,4.012,377.356,1.0
2026,5,Canadian Grand Prix,Q,LIN,27,SOFT,,canadian-grand-prix_corner_04,canadian-grand-prix_corner_04,0.55,704.746,14.532,810.734,1.0
2026,5,Canadian Grand Prix,Q,LIN,27,SOFT,,canadian-grand-prix_corner_06,canadian-grand-prix_corner_06,0.55,1088.264,20.852,1088.264,0.431
2026,5,Canadian Grand Prix,Q,LIN,27,SOFT,,canadian-grand-prix_corner_07,canadian-grand-prix_corner_07,0.55,1310.969,26.371,1330.191,1.0
2026,5,Canadian Grand Prix,Q,LIN,27,SOFT,,canadian-grand-prix_corner_10,canadian-grand-prix_corner_10,0.55,1970.41,36.212,2049.14,1.0
2026,5,Canadian Grand Prix,Q,LIN,27,SOFT,,canadian-grand-prix_corner_13,canadian-grand-prix_corner_13,0.55,2666.493,49.052,2720.004,1.0
2026,5,Canadian Grand Prix,Q,LIN,27,SOFT,,canadian-grand-prix_corner_18,canadian-grand-prix_corner_18,0.55,3687.946,63.052,3687.946,0.2716
2026,5,Canadian Grand Prix,Q,LIN,27,SOFT,,canadian-grand-prix_corner_19,canadian-grand-prix_corner_19,0.55,3898.484,67.052,3898.484,1.0
2026,5,Canadian Grand Prix,Q,NOR,23,SOFT,,canadian-grand-prix_corner_02,canadian-grand-prix_corner_02,0.55,332.636,6.946,401.329,0.99
2026,5,Canadian Grand Prix,Q,NOR,23,SOFT,,canadian-grand-prix_corner_04,canadian-grand-prix_corner_04,0.55,734.204,15.027,812.104,1.0
2026,5,Canadian Grand Prix,Q,NOR,23,SOFT,,canadian-grand-prix_corner_06,canadian-grand-prix_corner_06,0.55,1100.748,20.947,1100.748,0.3244
2026,5,Canadian Grand Prix,Q,NOR,23,SOFT,,canadian-grand-prix_corner_07,canadian-grand-prix_corner_07,0.55,1299.593,25.827,1339.837,1.0
2026,5,Canadian Grand Prix,Q,NOR,23,SOFT,,canadian-grand-prix_corner_10,canadian-grand-prix_corner_10,0.55,1984.446,36.147,2081.423,1.0
2026,5,Canadian Grand Prix,Q,NOR,23,SOFT,,canadian-grand-prix_corner_13,canadian-grand-prix_corner_13,0.55,2675.071,48.627,2731.204,1.0
2026,5,Canadian Grand Prix,Q,NOR,23,SOFT,,canadian-grand-prix_corner_18,canadian-grand-prix_corner_18,0.55,3693.282,62.667,3693.282,0.2006
2026,5,Canadian Grand Prix,Q,NOR,23,SOFT,,canadian-grand-prix_corner_19,canadian-grand-prix_corner_19,0.55,3896.938,66.347,3942.058,1.0
2026,5,Canadian Grand Prix,Q,OCO,11,SOFT,,canadian-grand-prix_corner_02,canadian-grand-prix_corner_02,0.55,311.234,6.579,403.543,0.9425
2026,5,Canadian Grand Prix,Q,OCO,11,SOFT,,canadian-grand-prix_corner_04,canadian-grand-prix_corner_04,0.55,708.267,15.018,797.334,1.0
2026,5,Canadian Grand Prix,Q,OCO,11,SOFT,,canadian-grand-prix_corner_06,canadian-grand-prix_corner_06,0.55,1093.477,21.698,1093.477,0.453
2026,5,Canadian Grand Prix,Q,OCO,11,SOFT,,canadian-grand-prix_corner_07,canadian-grand-prix_corner_07,0.55,1307.062,27.099,1368.111,1.0
2026,5,Canadian Grand Prix,Q,OCO,11,SOFT,,canadian-grand-prix_corner_10,canadian-grand-prix_corner_10,0.55,1979.918,37.338,2091.675,1.0
2026,5,Canadian Grand Prix,Q,OCO,11,SOFT,,canadian-grand-prix_corner_13,canadian-grand-prix_corner_13,0.55,2664.927,50.098,2730.571,1.0
2026,5,Canadian Grand Prix,Q,OCO,11,SOFT,,canadian-grand-prix_corner_18,canadian-grand-prix_corner_18,0.55,3696.417,64.419,3696.417,0.2735
2026,5,Canadian Grand Prix,Q,OCO,11,SOFT,,canadian-grand-prix_corner_19,canadian-grand-prix_corner_19,0.55,3899.656,68.498,3930.222,1.0
2026,5,Canadian Grand Prix,Q,PER,9,SOFT,,canadian-grand-prix_corner_02,canadian-grand-prix_corner_02,0.55,250.024,4.334,393.625,0.956
2026,5,Canadian Grand Prix,Q,PER,9,SOFT,,canadian-grand-prix_corner_04,canadian-grand-prix_corner_04,0.55,708.491,15.214,781.891,1.0
2026,5,Canadian Grand Prix,Q,PER,9,SOFT,,canadian-grand-prix_corner_06,canadian-grand-prix_corner_06,0.55,1083.18,21.654,1083.18,0.3626
2026,5,Canadian Grand Prix,Q,PER,9,SOFT,,canadian-grand-prix_corner_07,canadian-grand-prix_corner_07,0.55,1305.422,27.294,1350.289,1.0
2026,5,Canadian Grand Prix,Q,PER,9,SOFT,,canadian-grand-prix_corner_10,canadian-grand-prix_corner_10,0.55,1971.856,37.734,2061.473,1.0
2026,5,Canadian Grand Prix,Q,PER,9,SOFT,,canadian-grand-prix_corner_13,canadian-grand-prix_corner_13,0.55,2651.598,50.494,2714.431,1.0
2026,5,Canadian Grand Prix,Q,PER,9,SOFT,,canadian-grand-prix_corner_18,canadian-grand-prix_corner_18,0.55,3698.284,65.014,3698.284,0.2369
2026,5,Canadian Grand Prix,Q,PER,9,SOFT,,canadian-grand-prix_corner_19,canadian-grand-prix_corner_19,0.55,3895.428,69.054,3913.451,1.0
2026,5,Canadian Grand Prix,Q,PIA,28,SOFT,,canadian-grand-prix_corner_02,canadian-grand-prix_corner_02,0.55,330.625,6.98,390.981,0.944
2026,5,Canadian Grand Prix,Q,PIA,28,SOFT,,canadian-grand-prix_corner_04,canadian-grand-prix_corner_04,0.55,723.502,15.1,807.78,0.99
2026,5,Canadian Grand Prix,Q,PIA,28,SOFT,,canadian-grand-prix_corner_06,canadian-grand-prix_corner_06,0.55,1089.632,21.06,1089.632,0.3541
2026,5,Canadian Grand Prix,Q,PIA,28,SOFT,,canadian-grand-prix_corner_07,canadian-grand-prix_corner_07,0.55,1300.77,26.019,1368.326,0.99
2026,5,Canadian Grand Prix,Q,PIA,28,SOFT,,canadian-grand-prix_corner_10,canadian-grand-prix_corner_10,0.55,1996.372,36.66,2076.833,1.0
2026,5,Canadian Grand Prix,Q,PIA,28,SOFT,,canadian-grand-prix_corner_13,canadian-grand-prix_corner_13,0.55,2661.226,48.62,2727.17,0.99
2026,5,Canadian Grand Prix,Q,PIA,28,SOFT,,canadian-grand-prix_corner_18,canadian-grand-prix_corner_18,0.55,3682.502,62.82,3682.502,0.1888
2026,5,Canadian Grand Prix,Q,PIA,28,SOFT,,canadian-grand-prix_corner_19,canadian-grand-prix_corner_19,0.55,3894.923,66.66,3914.478,0.99
2026,5,Canadian Grand Prix,Q,RUS,23,SOFT,,canadian-grand-prix_corner_02,canadian-grand-prix_corner_02,0.55,330.647,6.773,384.322,1.0
2026,5,Canadian Grand Prix,Q,RUS,23,SOFT,,canadian-grand-prix_corner_04,canadian-grand-prix_corner_04,0.55,727.92,14.972,795.254,1.0
2026,5,Canadian Grand Prix,Q,RUS,23,SOFT,,canadian-grand-prix_corner_06,canadian-grand-prix_corner_06,0.55,1082.254,20.733,1082.254,0.4238
2026,5,Canadian Grand Prix,Q,RUS,23,SOFT,,canadian-grand-prix_corner_07,canadian-grand-prix_corner_07,0.55,1306.793,26.133,1350.126,1.0
2026,5,Canadian Grand Prix,Q,RUS,23,SOFT,,canadian-grand-prix_corner_10,canadian-grand-prix_corner_10,0.55,1997.44,36.533,2070.229,1.0
2026,5,Canadian Grand Prix,Q,RUS,23,SOFT,,canadian-grand-prix_corner_13,canadian-grand-prix_corner_13,0.55,2667.111,48.573,2719.511,1.0
2026,5,Canadian Grand Prix,Q,RUS,23,SOFT,,canadian-grand-prix_corner_18,canadian-grand-prix_corner_18,0.55,3681.277,62.373,3681.277,0.1394
2026,5,Canadian Grand Prix,Q,RUS,23,SOFT,,canadian-grand-prix_corner_19,canadian-grand-prix_corner_19,0.55,3908.411,66.453,3922.722,1.0
2026,5,Canadian Grand Prix,Q,SAI,20,SOFT,,canadian-grand-prix_corner_02,canadian-grand-prix_corner_02,0.55,327.867,7.15,392.241,0.975
2026,5,Canadian Grand Prix,Q,SAI,20,SOFT,,canadian-grand-prix_corner_04,canadian-grand-prix_corner_04,0.55,724.767,15.429,815.589,1.0
2026,5,Canadian Grand Prix,Q,SAI,20,SOFT,,canadian-grand-prix_corner_06,canadian-grand-prix_corner_06,0.55,1088.291,21.67,1088.291,0.4138
2026,5,Canadian Grand Prix,Q,SAI,20,SOFT,,canadian-grand-prix_corner_07,canadian-grand-prix_corner_07,0.55,1305.884,26.99,1354.773,1.0
2026,5,Canadian Grand Prix,Q,SAI,20,SOFT,,canadian-grand-prix_corner_10,canadian-grand-prix_corner_10,0.55,1984.7,37.229,2064.744,1.0
2026,5,Canadian Grand Prix,Q,SAI,20,SOFT,,canadian-grand-prix_corner_13,canadian-grand-prix_corner_13,0.55,2659.783,49.429,2723.716,1.0
2026,5,Canadian Grand Prix,Q,SAI,20,SOFT,,canadian-grand-prix_corner_18,canadian-grand-prix_corner_18,0.55,3691.116,63.909,3691.116,0.2277
2026,5,Canadian Grand Prix,Q,SAI,20,SOFT,,canadian-grand-prix_corner_19,canadian-grand-prix_corner_19,0.55,3897.202,67.87,3929.558,1.0
2026,5,Canadian Grand Prix,Q,STR,8,SOFT,,canadian-grand-prix_corner_02,canadian-grand-prix_corner_02,0.55,313.78,6.591,394.247,0.956
2026,5,Canadian Grand Prix,Q,STR,8,SOFT,,canadian-grand-prix_corner_04,canadian-grand-prix_corner_04,0.55,697.748,15.191,785.237,1.0
2026,5,Canadian Grand Prix,Q,STR,8,SOFT,,canadian-grand-prix_corner_06,canadian-grand-prix_corner_06,0.55,1097.596,22.271,1097.596,0.406
2026,5,Canadian Grand Prix,Q,STR,8,SOFT,,canadian-grand-prix_corner_07,canadian-grand-prix_corner_07,0.55,1299.572,27.511,1347.494,1.0
2026,5,Canadian Grand Prix,Q,STR,8,SOFT,,canadian-grand-prix_corner_10,canadian-grand-prix_corner_10,0.55,1979.928,38.271,2067.528,1.0
2026,5,Canadian Grand Prix,Q,STR,8,SOFT,,canadian-grand-prix_corner_13,canadian-grand-prix_corner_13,0.55,2658.435,50.992,2726.061,0.97
2026,5,Canadian Grand Prix,Q,STR,8,SOFT,,canadian-grand-prix_corner_18,canadian-grand-prix_corner_18,0.55,3688.959,65.631,3688.959,0.2908
2026,5,Canadian Grand Prix,Q,STR,8,SOFT,,canadian-grand-prix_corner_19,canadian-grand-prix_corner_19,0.55,3906.204,70.352,3906.204,1.0
2026,5,Canadian Grand Prix,Q,VER,22,SOFT,,canadian-grand-prix_corner_02,canadian-grand-prix_corner_02,0.55,328.795,6.715,399.629,0.9525
2026,5,Canadian Grand Prix,Q,VER,22,SOFT,,canadian-grand-prix_corner_04,canadian-grand-prix_corner_04,0.55,722.412,14.675,798.693,1.0
2026,5,Canadian Grand Prix,Q,VER,22,SOFT,,canadian-grand-prix_corner_06,canadian-grand-prix_corner_06,0.55,1100.593,20.915,1100.593,0.3923
2026,5,Canadian Grand Prix,Q,VER,22,SOFT,,canadian-grand-prix_corner_07,canadian-grand-prix_corner_07,0.55,1305.751,25.875,1344.362,1.0
2026,5,Canadian Grand Prix,Q,VER,22,SOFT,,canadian-grand-prix_corner_10,canadian-grand-prix_corner_10,0.55,1992.042,36.315,2063.442,1.0
2026,5,Canadian Grand Prix,Q,VER,22,SOFT,,canadian-grand-prix_corner_13,canadian-grand-prix_corner_13,0.55,2687.432,49.035,2733.976,1.0
2026,5,Canadian Grand Prix,Q,VER,22,SOFT,,canadian-grand-prix_corner_18,canadian-grand-prix_corner_18,0.55,3705.521,62.835,3705.521,0.1271
2026,5,Canadian Grand Prix,Q,VER,22,SOFT,,canadian-grand-prix_corner_19,canadian-grand-prix_corner_19,0.55,3898.177,66.195,3947.844,1.0
2026,5,Canadian Grand Prix,R,ALB,11,SOFT,,canadian-grand-prix_corner_02,canadian-grand-prix_corner_02,0.55,316.804,6.762,410.419,0.976
2026,5,Canadian Grand Prix,R,ALB,11,SOFT,,canadian-grand-prix_corner_03,canadian-grand-prix_corner_03,0.55,442.574,10.403,442.574,0.0
2026,5,Canadian Grand Prix,R,ALB,11,SOFT,,canadian-grand-prix_corner_04,canadian-grand-prix_corner_04,0.55,705.122,15.362,800.114,1.0
2026,5,Canadian Grand Prix,R,ALB,11,SOFT,,canadian-grand-prix_corner_06,canadian-grand-prix_corner_06,0.55,1096.571,22.403,1096.571,0.3975
2026,5,Canadian Grand Prix,R,ALB,11,SOFT,,canadian-grand-prix_corner_07,canadian-grand-prix_corner_07,0.55,1308.055,28.162,1370.06,1.0
2026,5,Canadian Grand Prix,R,ALB,11,SOFT,,canadian-grand-prix_corner_10,canadian-grand-prix_corner_10,0.55,1970.222,38.523,2090.591,1.0
2026,5,Canadian Grand Prix,R,ALB,11,SOFT,,canadian-grand-prix_corner_13,canadian-grand-prix_corner_13,0.55,2659.718,51.843,2729.899,1.0
2026,5,Canadian Grand Prix,R,ALB,11,SOFT,,canadian-grand-prix_corner_18,canadian-grand-prix_corner_18,0.55,3708.316,66.642,,0.2763
2026,5,Canadian Grand Prix,R,ALO,10,SOFT,,canadian-grand-prix_corner_02,canadian-grand-prix_corner_02,0.55,325.697,7.343,400.531,0.91
2026,5,Canadian Grand Prix,R,ALO,10,SOFT,,canadian-grand-prix_corner_03,canadian-grand-prix_corner_03,0.55,435.342,10.583,435.342,0.0
2026,5,Canadian Grand Prix,R,ALO,10,SOFT,,canadian-grand-prix_corner_04,canadian-grand-prix_corner_04,0.55,709.993,16.103,823.084,1.0
2026,5,Canadian Grand Prix,R,ALO,10,SOFT,,canadian-grand-prix_corner_06,canadian-grand-prix_corner_06,0.55,1090.451,23.103,1090.451,0.3053
2026,5,Canadian Grand Prix,R,ALO,10,SOFT,,canadian-grand-prix_corner_07,canadian-grand-prix_corner_07,0.55,1311.673,29.023,1340.129,1.0
2026,5,Canadian Grand Prix,R,ALO,10,SOFT,,canadian-grand-prix_corner_10,canadian-grand-prix_corner_10,0.55,1986.569,40.183,2080.569,1.0
2026,5,Canadian Grand Prix,R,ALO,10,SOFT,,canadian-grand-prix_corner_13,canadian-grand-prix_corner_13,0.55,2660.865,53.543,2721.731,1.0
2026,5,Canadian Grand Prix,R,ALO,10,SOFT,,canadian-grand-prix_corner_18,canadian-grand-prix_corner_18,0.55,3831.657,71.824,3907.342,0.4476
2026,5,Canadian Grand Prix,R,ANT,68,MEDIUM,,canadian-grand-prix_corner_02,canadian-grand-prix_corner_02,0.55,331.863,6.902,393.629,0.976
2026,5,Canadian Grand Prix,R,ANT,68,MEDIUM,,canadian-grand-prix_corner_03,canadian-grand-prix_corner_03,0.55,451.996,9.982,451.996,0.4418
2026,5,Canadian Grand Prix,R,ANT,68,MEDIUM,,canadian-grand-prix_corner_04,canadian-grand-prix_corner_04,0.55,757.874,15.702,812.996,1.0
2026,5,Canadian Grand Prix,R,ANT,68,MEDIUM,,canadian-grand-prix_corner_06,canadian-grand-prix_corner_06,0.55,1086.518,21.062,1086.518,0.3774
2026,5,Canadian Grand Prix,R,ANT,68,MEDIUM,,canadian-grand-prix_corner_07,canadian-grand-prix_corner_07,0.55,1322.204,26.862,1363.711,1.0
2026,5,Canadian Grand Prix,R,ANT,68,MEDIUM,,canadian-grand-prix_corner_10,canadian-grand-prix_corner_10,0.55,2004.912,37.182,2083.501,1.0
2026,5,Canadian Grand Prix,R,ANT,68,MEDIUM,,canadian-grand-prix_corner_13,canadian-grand-prix_corner_13,0.55,2691.533,50.102,2732.111,1.0
2026,5,Canadian Grand Prix,R,ANT,68,MEDIUM,,canadian-grand-prix_corner_18,canadian-grand-prix_corner_18,0.55,3696.61,63.782,3696.61,0.092
2026,5,Canadian Grand Prix,R,BEA,64,MEDIUM,,canadian-grand-prix_corner_02,canadian-grand-prix_corner_02,0.55,259.69,4.376,421.092,0.87
2026,5,Canadian Grand Prix,R,BEA,64,MEDIUM,,canadian-grand-prix_corner_03,canadian-grand-prix_corner_03,0.55,443.07,10.017,443.07,0.0
2026,5,Canadian Grand Prix,R,BEA,64,MEDIUM,,canadian-grand-prix_corner_04,canadian-grand-prix_corner_04,0.55,713.403,15.097,806.327,1.0
2026,5,Canadian Grand Prix,R,BEA,64,MEDIUM,,canadian-grand-prix_corner_06,canadian-grand-prix_corner_06,0.55,1117.881,22.297,1117.881,0.3664
2026,5,Canadian Grand Prix,R,BEA,64,MEDIUM,,canadian-grand-prix_corner_07,canadian-grand-prix_corner_07,0.55,1310.213,27.457,1423.346,1.0
2026,5,Canadian Grand Prix,R,BEA,64,MEDIUM,,canadian-grand-prix_corner_10,canadian-grand-prix_corner_10,0.55,1988.097,38.136,2096.981,1.0
2026,5,Canadian Grand Prix,R,BEA,64,MEDIUM,,canadian-grand-prix_corner_13,canadian-grand-prix_corner_13,0.55,2669.376,50.856,2738.121,1.0
2026,5,Canadian Grand Prix,R,BEA,64,MEDIUM,,canadian-grand-prix_corner_18,canadian-grand-prix_corner_18,0.55,3703.05,65.616,3703.05,0.2422
2026,5,Canadian Grand Prix,R,BOR,50,MEDIUM,,canadian-grand-prix_corner_02,canadian-grand-prix_corner_02,0.55,267.121,4.671,,0.7898
2026,5,Canadian Grand Prix,R,BOR,50,MEDIUM,,canadian-grand-prix_corner_03,canadian-grand-prix_corner_03,0.55,436.204,10.03,436.204,0.264
2026,5,Canadian Grand Prix,R,BOR,50,MEDIUM,,canadian-grand-prix_corner_04,canadian-grand-prix_corner_04,0.55,714.531,15.31,812.899,0.9833
2026,5,Canadian Grand Prix,R,BOR,50,MEDIUM,,canadian-grand-prix_corner_06,canadian-grand-prix_corner_06,0.55,1102.153,22.15,,0.4269
2026,5,Canadian Grand Prix,R,BOR,50,MEDIUM,,canadian-grand-prix_corner_07,canadian-grand-prix_corner_07,0.55,1304.885,27.431,1371.429,1.0
2026,5,Canadian Grand Prix,R,BOR,50,MEDIUM,,canadian-grand-prix_corner_10,canadian-grand-prix_corner_10,0.55,1990.359,38.271,2086.826,1.0
2026,5,Canadian Grand Prix,R,BOR,50,MEDIUM,,canadian-grand-prix_corner_13,canadian-grand-prix_corner_13,0.55,2668.381,51.071,2737.481,0.9875
2026,5,Canadian Grand Prix,R,BOR,50,MEDIUM,,canadian-grand-prix_corner_18,canadian-grand-prix_corner_18,0.55,3701.691,65.831,3701.691,0.3027
2026,5,Canadian Grand Prix,R,BOT,59,MEDIUM,,canadian-grand-prix_corner_02,canadian-grand-prix_corner_02,0.55,267.654,4.82,414.089,0.9525
2026,5,Canadian Grand Prix,R,BOT,59,MEDIUM,,canadian-grand-prix_corner_03,canadian-grand-prix_corner_03,0.55,435.089,10.381,435.089,0.0
2026,5,Canadian Grand Prix,R,BOT,59,MEDIUM,,canadian-grand-prix_corner_04,canadian-grand-prix_corner_04,0.55,707.881,15.781,795.814,1.0
2026,5,Canadian Grand Prix,R,BOT,59,MEDIUM,,canadian-grand-prix_corner_06,canadian-grand-prix_corner_06,0.55,1095.3,22.861,1095.3,0.3979
2026,5,Canadian Grand Prix,R,BOT,59,MEDIUM,,canadian-grand-prix_corner_07,canadian-grand-prix_corner_07,0.55,1315.028,28.781,1358.917,1.0
2026,5,Canadian Grand Prix,R,BOT,59,MEDIUM,,canadian-grand-prix_corner_10,canadian-grand-prix_corner_10,0.55,1961.664,39.02,2069.752,1.0
2026,5,Canadian Grand Prix,R,BOT,59,MEDIUM,,canadian-grand-prix_corner_13,canadian-grand-prix_corner_13,0.55,2650.887,52.261,2702.209,1.0
2026,5,Canadian Grand Prix,R,BOT,59,MEDIUM,,canadian-grand-prix_corner_18,canadian-grand-prix_corner_18,0.55,3699.621,67.221,3699.621,0.3313
2026,5,Canadian Grand Prix,R,COL,67,HARD,,canadian-grand-prix_corner_02,canadian-grand-prix_corner_02,0.55,319.938,6.964,408.351,0.995
2026,5,Canadian Grand Prix,R,COL,67,HARD,,canadian-grand-prix_corner_03,canadian-grand-prix_corner_03,0.55,447.529,10.404,447.529,0.0
2026,5,Canadian Grand Prix,R,COL,67,HARD,,canadian-grand-prix_corner_04,canadian-grand-prix_corner_04,0.55,716.851,15.444,795.293,1.0
2026,5,Canadian Grand Prix,R,COL,67,HARD,,canadian-grand-prix_corner_06,canadian-grand-prix_corner_06,0.55,1094.427,21.884,1094.427,0.3923
2026,5,Canadian Grand Prix,R,COL,67,HARD,,canadian-grand-prix_corner_07,canadian-grand-prix_corner_07,0.55,1305.429,27.364,1390.283,1.0
2026,5,Canadian Grand Prix,R,COL,67,HARD,,canadian-grand-prix_corner_10,canadian-grand-prix_corner_10,0.55,2002.176,38.324,2060.92,1.0
2026,5,Canadian Grand Prix,R,COL,67,HARD,,canadian-grand-prix_corner_13,canadian-grand-prix_corner_13,0.55,2656.451,50.524,2724.695,1.0
2026,5,Canadian Grand Prix,R,COL,67,HARD,,canadian-grand-prix_corner_18,canadian-grand-prix_corner_18,0.55,3847.841,68.005,,0.3099
2026,5,Canadian Grand Prix,R,GAS,67,HARD,,canadian-grand-prix_corner_02,canadian-grand-prix_corner_02,0.55,321.191,6.75,398.521,0.972
2026,5,Canadian Grand Prix,R,GAS,67,HARD,,canadian-grand-prix_corner_03,canadian-grand-prix_corner_03,0.55,439.71,10.15,439.71,0.0083
2026,5,Canadian Grand Prix,R,GAS,67,HARD,,canadian-grand-prix_corner_04,canadian-grand-prix_corner_04,0.55,713.724,15.35,801.424,1.0
2026,5,Canadian Grand Prix,R,GAS,67,HARD,,canadian-grand-prix_corner_06,canadian-grand-prix_corner_06,0.55,1092.823,21.87,1092.823,0.3616
2026,5,Canadian Grand Prix,R,GAS,67,HARD,,canadian-grand-prix_corner_07,canadian-grand-prix_corner_07,0.55,1304.938,27.431,1351.671,1.0
2026,5,Canadian Grand Prix,R,GAS,67,HARD,,canadian-grand-prix_corner_10,canadian-grand-prix_corner_10,0.55,1985.637,38.23,2072.055,1.0
2026,5,Canadian Grand Prix,R,GAS,67,HARD,,canadian-grand-prix_corner_13,canadian-grand-prix_corner_13,0.55,2650.467,50.51,2714.175,1.0
2026,5,Canadian Grand Prix,R,GAS,67,HARD,,canadian-grand-prix_corner_18,canadian-grand-prix_corner_18,0.55,3836.448,68.031,3900.19,0.5424
2026,5,Canadian Grand Prix,R,HAD,67,SOFT,,canadian-grand-prix_corner_02,canadian-grand-prix_corner_02,0.55,330.816,7.117,406.216,0.93
2026,5,Canadian Grand Prix,R,HAD,67,SOFT,,canadian-grand-prix_corner_03,canadian-grand-prix_corner_03,0.55,440.76,9.997,440.76,0.3079
2026,5,Canadian Grand Prix,R,HAD,67,SOFT,,canadian-grand-prix_corner_04,canadian-grand-prix_corner_04,0.55,721.204,15.197,797.382,1.0
2026,5,Canadian Grand Prix,R,HAD,67,SOFT,,canadian-grand-prix_corner_06,canadian-grand-prix_corner_06,0.55,1089.262,21.438,1089.262,0.2788
2026,5,Canadian Grand Prix,R,HAD,67,SOFT,,canadian-grand-prix_corner_07,canadian-grand-prix_corner_07,0.55,1304.539,26.677,1376.161,1.0
2026,5,Canadian Grand Prix,R,HAD,67,SOFT,,canadian-grand-prix_corner_10,canadian-grand-prix_corner_10,0.55,2000.566,37.677,2082.054,1.0
2026,5,Canadian Grand Prix,R,HAD,67,SOFT,,canadian-grand-prix_corner_13,canadian-grand-prix_corner_13,0.55,2679.689,50.437,2744.289,1.0
2026,5,Canadian Grand Prix,R,HAD,67,SOFT,,canadian-grand-prix_corner_18,canadian-grand-prix_corner_18,0.55,3701.192,64.397,3701.192,0.1563
2026,5,Canadian Grand Prix,R,HAM,61,MEDIUM,,canadian-grand-prix_corner_02,canadian-grand-prix_corner_02,0.55,318.805,6.605,405.897,0.966
2026,5,Canadian Grand Prix,R,HAM,61,MEDIUM,,canadian-grand-prix_corner_03,canadian-grand-prix_corner_03,0.55,449.308,10.125,449.308,0.146
2026,5,Canadian Grand Prix,R,HAM,61,MEDIUM,,canadian-grand-prix_corner_04,canadian-grand-prix_corner_04,0.55,703.892,14.846,809.526,1.0
2026,5,Canadian Grand Prix,R,HAM,61,MEDIUM,,canadian-grand-prix_corner_06,canadian-grand-prix_corner_06,0.55,1087.994,21.606,1087.994,0.4656
2026,5,Canadian Grand Prix,R,HAM,61,MEDIUM,,canadian-grand-prix_corner_07,canadian-grand-prix_corner_07,0.55,1308.48,27.206,1378.316,1.0
2026,5,Canadian Grand Prix,R,HAM,61,MEDIUM,,canadian-grand-prix_corner_10,canadian-grand-prix_corner_10,0.55,1985.633,37.685,2058.133,0.9933
2026,5,Canadian Grand Prix,R,HAM,61,MEDIUM,,canadian-grand-prix_corner_13,canadian-grand-prix_corner_13,0.55,2660.09,50.205,2746.812,0.9975
2026,5,Canadian Grand Prix,R,HAM,61,MEDIUM,,canadian-grand-prix_corner_18,canadian-grand-prix_corner_18,0.55,3710.496,64.405,,0.3134
2026,5,Canadian Grand Prix,R,HUL,57,MEDIUM,,canadian-grand-prix_corner_02,canadian-grand-prix_corner_02,0.55,311.32,6.408,388.206,1.0
2026,5,Canadian Grand Prix,R,HUL,57,MEDIUM,,canadian-grand-prix_corner_03,canadian-grand-prix_corner_03,0.55,442.82,10.248,442.82,0.2182
2026,5,Canadian Grand Prix,R,HUL,57,MEDIUM,,canadian-grand-prix_corner_04,canadian-grand-prix_corner_04,0.55,701.753,15.087,797.227,0.9933
2026,5,Canadian Grand Prix,R,HUL,57,MEDIUM,,canadian-grand-prix_corner_06,canadian-grand-prix_corner_06,0.55,1093.628,21.928,1093.628,0.4427
2026,5,Canadian Grand Prix,R,HUL,57,MEDIUM,,canadian-grand-prix_corner_07,canadian-grand-prix_corner_07,0.55,1303.845,27.407,1350.434,1.0
2026,5,Canadian Grand Prix,R,HUL,57,MEDIUM,,canadian-grand-prix_corner_10,canadian-grand-prix_corner_10,0.55,1980.131,38.008,2076.825,1.0
2026,5,Canadian Grand Prix,R,HUL,57,MEDIUM,,canadian-grand-prix_corner_13,canadian-grand-prix_corner_13,0.55,2664.087,50.928,2726.464,1.0
2026,5,Canadian Grand Prix,R,HUL,57,MEDIUM,,canadian-grand-prix_corner_18,canadian-grand-prix_corner_18,0.55,3702.146,65.728,3702.146,0.3055
2026,5,Canadian Grand Prix,R,LAW,59,SOFT,,canadian-grand-prix_corner_02,canadian-grand-prix_corner_02,0.55,319.388,6.769,395.554,0.956
2026,5,Canadian Grand Prix,R,LAW,59,SOFT,,canadian-grand-prix_corner_03,canadian-grand-prix_corner_03,0.55,446.609,10.209,446.609,0.0
2026,5,Canadian Grand Prix,R,LAW,59,SOFT,,canadian-grand-prix_corner_04,canadian-grand-prix_corner_04,0.55,709.709,15.089,797.365,1.0
2026,5,Canadian Grand Prix,R,LAW,59,SOFT,,canadian-grand-prix_corner_06,canadian-grand-prix_corner_06,0.55,1089.032,21.729,1089.032,0.3892
2026,5,Canadian Grand Prix,R,LAW,59,SOFT,,canadian-grand-prix_corner_07,canadian-grand-prix_corner_07,0.55,1303.754,27.209,1367.43,1.0
2026,5,Canadian Grand Prix,R,LAW,59,SOFT,,canadian-grand-prix_corner_10,canadian-grand-prix_corner_10,0.55,1980.986,37.809,2064.374,1.0
2026,5,Canadian Grand Prix,R,LAW,59,SOFT,,canadian-grand-prix_corner_13,canadian-grand-prix_corner_13,0.55,2663.151,50.769,2734.918,1.0
2026,5,Canadian Grand Prix,R,LAW,59,SOFT,,canadian-grand-prix_corner_18,canadian-grand-prix_corner_18,0.55,3859.872,68.329,,0.3865
2026,5,Canadian Grand Prix,R,LEC,37,MEDIUM,,canadian-grand-prix_corner_02,canadian-grand-prix_corner_02,0.55,256.26,4.278,414.626,0.895
2026,5,Canadian Grand Prix,R,LEC,37,MEDIUM,,canadian-grand-prix_corner_03,canadian-grand-prix_corner_03,0.55,438.47,10.158,438.47,0.0393
2026,5,Canadian Grand Prix,R,LEC,37,MEDIUM,,canadian-grand-prix_corner_04,canadian-grand-prix_corner_04,0.55,703.474,15.078,804.652,1.0
2026,5,Canadian Grand Prix,R,LEC,37,MEDIUM,,canadian-grand-prix_corner_06,canadian-grand-prix_corner_06,0.55,1124.078,22.598,,0.3514
2026,5,Canadian Grand Prix,R,LEC,37,MEDIUM,,canadian-grand-prix_corner_07,canadian-grand-prix_corner_07,0.55,1305.676,27.678,1361.154,1.0
2026,5,Canadian Grand Prix,R,LEC,37,MEDIUM,,canadian-grand-prix_corner_10,canadian-grand-prix_corner_10,0.55,1978.734,38.078,2089.095,1.0
2026,5,Canadian Grand Prix,R,LEC,37,MEDIUM,,canadian-grand-prix_corner_13,canadian-grand-prix_corner_13,0.55,2664.875,50.718,2725.407,1.0
2026,5,Canadian Grand Prix,R,LEC,37,MEDIUM,,canadian-grand-prix_corner_18,canadian-grand-prix_corner_18,0.55,3698.765,65.038,3698.765,0.2105
2026,5,Canadian Grand Prix,R,NOR,36,MEDIUM,,canadian-grand-prix_corner_02,canadian-grand-prix_corner_02,0.55,328.702,6.921,404.781,0.966
2026,5,Canadian Grand Prix,R,NOR,36,MEDIUM,,canadian-grand-prix_corner_03,canadian-grand-prix_corner_03,0.55,450.106,10.321,450.106,0.0
2026,5,Canadian Grand Prix,R,NOR,36,MEDIUM,,canadian-grand-prix_corner_04,canadian-grand-prix_corner_04,0.55,717.384,15.36,799.148,1.0
2026,5,Canadian Grand Prix,R,NOR,36,MEDIUM,,canadian-grand-prix_corner_06,canadian-grand-prix_corner_06,0.55,1105.747,22.24,,0.2955
2026,5,Canadian Grand Prix,R,NOR,36,MEDIUM,,canadian-grand-prix_corner_07,canadian-grand-prix_corner_07,0.55,1308.461,27.6,1359.372,1.0
2026,5,Canadian Grand Prix,R,NOR,36,MEDIUM,,canadian-grand-prix_corner_10,canadian-grand-prix_corner_10,0.55,1978.404,38.361,2058.771,1.0
2026,5,Canadian Grand Prix,R,NOR,36,MEDIUM,,canadian-grand-prix_corner_13,canadian-grand-prix_corner_13,0.55,2655.561,51.281,2712.227,1.0
2026,5,Canadian Grand Prix,R,NOR,36,MEDIUM,,canadian-grand-prix_corner_18,canadian-grand-prix_corner_18,0.55,3857.78,68.44,,0.256
2026,5,Canadian Grand Prix,R,OCO,64,SOFT,,canadian-grand-prix_corner_02,canadian-grand-prix_corner_02,0.55,320.0,6.727,401.762,0.976
2026,5,Canadian Grand Prix,R,OCO,64,SOFT,,canadian-grand-prix_corner_03,canadian-grand-prix_corner_03,0.55,437.096,10.167,437.096,0.0
2026,5,Canadian Grand Prix,R,OCO,64,SOFT,,canadian-grand-prix_corner_04,canadian-grand-prix_corner_04,0.55,713.158,15.326,812.118,1.0
2026,5,Canadian Grand Prix,R,OCO,64,SOFT,,canadian-grand-prix_corner_06,canadian-grand-prix_corner_06,0.55,1100.397,22.286,1100.397,0.3853
2026,5,Canadian Grand Prix,R,OCO,64,SOFT,,canadian-grand-prix_corner_07,canadian-grand-prix_corner_07,0.55,1309.792,27.846,1362.626,1.0
2026,5,Canadian Grand Prix,R,OCO,64,SOFT,,canadian-grand-prix_corner_10,canadian-grand-prix_corner_10,0.55,1985.134,38.447,2088.338,1.0
2026,5,Canadian Grand Prix,R,OCO,64,SOFT,,canadian-grand-prix_corner_13,canadian-grand-prix_corner_13,0.55,2668.255,51.367,2734.199,1.0
2026,5,Canadian Grand Prix,R,OCO,64,SOFT,,canadian-grand-prix_corner_18,canadian-grand-prix_corner_18,0.55,3701.836,66.087,3701.836,0.2556
2026,5,Canadian Grand Prix,R,PER,37,SOFT,,canadian-grand-prix_corner_02,canadian-grand-prix_corner_02,0.55,265.16,4.755,396.4,0.976
2026,5,Canadian Grand Prix,R,PER,37,SOFT,,canadian-grand-prix_corner_03,canadian-grand-prix_corner_03,0.55,440.544,10.474,440.544,0.0
2026,5,Canadian Grand Prix,R,PER,37,SOFT,,canadian-grand-prix_corner_04,canadian-grand-prix_corner_04,0.55,711.595,15.754,809.883,1.0
2026,5,Canadian Grand Prix,R,PER,37,SOFT,,canadian-grand-prix_corner_06,canadian-grand-prix_corner_06,0.55,1097.77,22.674,1097.77,0.3871
2026,5,Canadian Grand Prix,R,PER,37,SOFT,,canadian-grand-prix_corner_07,canadian-grand-prix_corner_07,0.55,1320.681,28.674,1338.081,1.0
2026,5,Canadian Grand Prix,R,PER,37,SOFT,,canadian-grand-prix_corner_10,canadian-grand-prix_corner_10,0.55,1976.064,38.915,2076.541,1.0
2026,5,Canadian Grand Prix,R,PER,37,SOFT,,canadian-grand-prix_corner_13,canadian-grand-prix_corner_13,0.55,2653.087,51.835,2712.764,1.0
2026,5,Canadian Grand Prix,R,PER,37,SOFT,,canadian-grand-prix_corner_18,canadian-grand-prix_corner_18,0.55,3692.731,66.434,3692.731,0.3164
2026,5,Canadian Grand Prix,R,PIA,61,SOFT,,canadian-grand-prix_corner_02,canadian-grand-prix_corner_02,0.55,328.711,7.021,395.84,0.946
2026,5,Canadian Grand Prix,R,PIA,61,SOFT,,canadian-grand-prix_corner_03,canadian-grand-prix_corner_03,0.55,446.662,10.22,446.662,0.0
2026,5,Canadian Grand Prix,R,PIA,61,SOFT,,canadian-grand-prix_corner_04,canadian-grand-prix_corner_04,0.55,721.841,15.501,824.394,0.99
2026,5,Canadian Grand Prix,R,PIA,61,SOFT,,canadian-grand-prix_corner_06,canadian-grand-prix_corner_06,0.55,1089.806,21.981,1089.806,0.2894
2026,5,Canadian Grand Prix,R,PIA,61,SOFT,,canadian-grand-prix_corner_07,canadian-grand-prix_corner_07,0.55,1305.546,27.461,1363.99,0.99
2026,5,Canadian Grand Prix,R,PIA,61,SOFT,,canadian-grand-prix_corner_10,canadian-grand-prix_corner_10,0.55,1988.429,38.141,2099.818,0.99
2026,5,Canadian Grand Prix,R,PIA,61,SOFT,,canadian-grand-prix_corner_13,canadian-grand-prix_corner_13,0.55,2666.384,50.741,2731.684,0.99
2026,5,Canadian Grand Prix,R,PIA,61,SOFT,,canadian-grand-prix_corner_18,canadian-grand-prix_corner_18,0.55,3721.404,65.301,3721.404,0.12
2026,5,Canadian Grand Prix,R,RUS,16,SOFT,,canadian-grand-prix_corner_02,canadian-grand-prix_corner_02,0.55,331.185,7.019,392.04,0.892
2026,5,Canadian Grand Prix,R,RUS,16,SOFT,,canadian-grand-prix_corner_03,canadian-grand-prix_corner_03,0.55,437.773,10.018,437.773,0.5962
2026,5,Canadian Grand Prix,R,RUS,16,SOFT,,canadian-grand-prix_corner_04,canadian-grand-prix_corner_04,0.55,721.167,15.339,810.649,1.0
2026,5,Canadian Grand Prix,R,RUS,16,SOFT,,canadian-grand-prix_corner_06,canadian-grand-prix_corner_06,0.55,1107.675,22.019,1107.675,0.3628
2026,5,Canadian Grand Prix,R,RUS,16,SOFT,,canadian-grand-prix_corner_07,canadian-grand-prix_corner_07,0.55,1307.859,27.179,1342.07,1.0
2026,5,Canadian Grand Prix,R,RUS,16,SOFT,,canadian-grand-prix_corner_10,canadian-grand-prix_corner_10,0.55,2005.713,38.259,2069.491,1.0
2026,5,Canadian Grand Prix,R,RUS,16,SOFT,,canadian-grand-prix_corner_13,canadian-grand-prix_corner_13,0.55,2675.444,50.898,2723.443,1.0
2026,5,Canadian Grand Prix,R,RUS,16,SOFT,,canadian-grand-prix_corner_18,canadian-grand-prix_corner_18,0.55,3697.462,65.059,3697.462,0.2326
2026,5,Canadian Grand Prix,R,SAI,65,MEDIUM,,canadian-grand-prix_corner_02,canadian-grand-prix_corner_02,0.55,259.275,4.32,407.863,0.918
2026,5,Canadian Grand Prix,R,SAI,65,MEDIUM,,canadian-grand-prix_corner_03,canadian-grand-prix_corner_03,0.55,443.563,10.16,443.563,0.282
2026,5,Canadian Grand Prix,R,SAI,65,MEDIUM,,canadian-grand-prix_corner_04,canadian-grand-prix_corner_04,0.55,719.559,15.36,816.17,1.0
2026,5,Canadian Grand Prix,R,SAI,65,MEDIUM,,canadian-grand-prix_corner_06,canadian-grand-prix_corner_06,0.55,1098.907,21.96,1098.907,0.4028
2026,5,Canadian Grand Prix,R,SAI,65,MEDIUM,,canadian-grand-prix_corner_07,canadian-grand-prix_corner_07,0.55,1307.166,27.439,1365.758,1.0
2026,5,Canadian Grand Prix,R,SAI,65,MEDIUM,,canadian-grand-prix_corner_10,canadian-grand-prix_corner_10,0.55,1978.925,37.92,2068.848,1.0
2026,5,Canadian Grand Prix,R,SAI,65,MEDIUM,,canadian-grand-prix_corner_13,canadian-grand-prix_corner_13,0.55,2659.275,50.72,2716.619,1.0
2026,5,Canadian Grand Prix,R,SAI,65,MEDIUM,,canadian-grand-prix_corner_18,canadian-grand-prix_corner_18,0.55,3700.414,65.48,3700.414,0.3609
2026,5,Canadian Grand Prix,R,STR,39,SOFT,,canadian-grand-prix_corner_02,canadian-grand-prix_corner_02,0.55,321.029,6.848,411.449,0.928
2026,5,Canadian Grand Prix,R,STR,39,SOFT,,canadian-grand-prix_corner_03,canadian-grand-prix_corner_03,0.55,448.404,10.528,448.404,0.0
2026,5,Canadian Grand Prix,R,STR,39,SOFT,,canadian-grand-prix_corner_04,canadian-grand-prix_corner_04,0.55,717.672,15.888,808.528,1.0
2026,5,Canadian Grand Prix,R,STR,39,SOFT,,canadian-grand-prix_corner_06,canadian-grand-prix_corner_06,0.55,1097.061,22.808,1097.061,0.3329
2026,5,Canadian Grand Prix,R,STR,39,SOFT,,canadian-grand-prix_corner_07,canadian-grand-prix_corner_07,0.55,1308.43,28.408,1371.663,1.0
2026,5,Canadian Grand Prix,R,STR,39,SOFT,,canadian-grand-prix_corner_10,canadian-grand-prix_corner_10,0.55,1997.386,39.848,2073.899,1.0
2026,5,Canadian Grand Prix,R,STR,39,SOFT,,canadian-grand-prix_corner_13,canadian-grand-prix_corner_13,0.55,2655.254,52.608,2727.438,1.0
2026,5,Canadian Grand Prix,R,STR,39,SOFT,,canadian-grand-prix_corner_18,canadian-grand-prix_corner_18,0.55,3719.239,68.248,3719.239,0.2979
2026,5,Canadian Grand Prix,R,VER,68,MEDIUM,,canadian-grand-prix_corner_02,canadian-grand-prix_corner_02,0.55,334.897,7.254,400.419,1.0
2026,5,Canadian Grand Prix,R,VER,68,MEDIUM,,canadian-grand-prix_corner_03,canadian-grand-prix_corner_03,0.55,439.542,9.974,439.542,0.0
2026,5,Canadian Grand Prix,R,VER,68,MEDIUM,,canadian-grand-prix_corner_04,canadian-grand-prix_corner_04,0.55,725.041,15.334,800.562,1.0
2026,5,Canadian Grand Prix,R,VER,68,MEDIUM,,canadian-grand-prix_corner_06,canadian-grand-prix_corner_06,0.55,1096.473,21.574,1096.473,0.2368
2026,5,Canadian Grand Prix,R,VER,68,MEDIUM,,canadian-grand-prix_corner_07,canadian-grand-prix_corner_07,0.55,1309.322,27.054,1351.233,1.0
2026,5,Canadian Grand Prix,R,VER,68,MEDIUM,,canadian-grand-prix_corner_10,canadian-grand-prix_corner_10,0.55,1993.38,37.654,2080.058,1.0
2026,5,Canadian Grand Prix,R,VER,68,MEDIUM,,canadian-grand-prix_corner_13,canadian-grand-prix_corner_13,0.55,2670.877,50.574,2707.843,1.0
2026,5,Canadian Grand Prix,R,VER,68,MEDIUM,,canadian-grand-prix_corner_18,canadian-grand-prix_corner_18,0.55,3699.871,64.214,,0.1735
2026,5,Canadian Grand Prix,S,ALB,18,SOFT,,canadian-grand-prix_corner_02,canadian-grand-prix_corner_02,0.55,324.727,6.941,415.595,0.942
2026,5,Canadian Grand Prix,S,ALB,18,SOFT,,canadian-grand-prix_corner_04,canadian-grand-prix_corner_04,0.55,730.706,15.781,817.095,1.0
2026,5,Canadian Grand Prix,S,ALB,18,SOFT,,canadian-grand-prix_corner_06,canadian-grand-prix_corner_06,0.55,1087.051,21.861,1087.051,0.4075
2026,5,Canadian Grand Prix,S,ALB,18,SOFT,,canadian-grand-prix_corner_07,canadian-grand-prix_corner_07,0.55,1303.157,27.501,1377.891,1.0
2026,5,Canadian Grand Prix,S,ALB,18,SOFT,,canadian-grand-prix_corner_10,canadian-grand-prix_corner_10,0.55,1988.624,38.181,2081.85,1.0
2026,5,Canadian Grand Prix,S,ALB,18,SOFT,,canadian-grand-prix_corner_13,canadian-grand-prix_corner_13,0.55,2657.613,50.661,2737.003,1.0
2026,5,Canadian Grand Prix,S,ALB,18,SOFT,,canadian-grand-prix_corner_18,canadian-grand-prix_corner_18,0.55,3681.503,65.101,3681.503,0.2185
2026,5,Canadian Grand Prix,S,ALB,18,SOFT,,canadian-grand-prix_corner_19,canadian-grand-prix_corner_19,0.55,3898.025,69.461,3958.492,1.0
2026,5,Canadian Grand Prix,S,ALO,8,MEDIUM,,canadian-grand-prix_corner_02,canadian-grand-prix_corner_02,0.55,317.501,7.001,408.434,0.7975
2026,5,Canadian Grand Prix,S,ALO,8,MEDIUM,,canadian-grand-prix_corner_04,canadian-grand-prix_corner_04,0.55,699.012,15.761,788.301,1.0
2026,5,Canadian Grand Prix,S,ALO,8,MEDIUM,,canadian-grand-prix_corner_06,canadian-grand-prix_corner_06,0.55,1100.42,22.921,1100.42,0.2968
2026,5,Canadian Grand Prix,S,ALO,8,MEDIUM,,canadian-grand-prix_corner_07,canadian-grand-prix_corner_07,0.55,1309.776,28.601,1365.509,1.0
2026,5,Canadian Grand Prix,S,ALO,8,MEDIUM,,canadian-grand-prix_corner_10,canadian-grand-prix_corner_10,0.55,1987.484,39.482,2058.738,1.0
2026,5,Canadian Grand Prix,S,ALO,8,MEDIUM,,canadian-grand-prix_corner_13,canadian-grand-prix_corner_13,0.55,2659.416,52.081,2733.566,1.0
2026,5,Canadian Grand Prix,S,ALO,8,MEDIUM,,canadian-grand-prix_corner_18,canadian-grand-prix_corner_18,0.55,3834.127,70.121,,0.3772
2026,5,Canadian Grand Prix,S,ALO,8,MEDIUM,,canadian-grand-prix_corner_19,canadian-grand-prix_corner_19,0.55,3904.995,71.922,3904.995,1.0
2026,5,Canadian Grand Prix,S,ANT,11,MEDIUM,,canadian-grand-prix_corner_02,canadian-grand-prix_corner_02,0.55,327.032,6.881,405.843,0.818
2026,5,Canadian Grand Prix,S,ANT,11,MEDIUM,,canadian-grand-prix_corner_04,canadian-grand-prix_corner_04,0.55,730.207,15.321,806.452,1.0
2026,5,Canadian Grand Prix,S,ANT,11,MEDIUM,,canadian-grand-prix_corner_06,canadian-grand-prix_corner_06,0.55,1097.824,21.521,1097.824,0.3325
2026,5,Canadian Grand Prix,S,ANT,11,MEDIUM,,canadian-grand-prix_corner_07,canadian-grand-prix_corner_07,0.55,1303.264,26.801,1359.509,1.0
2026,5,Canadian Grand Prix,S,ANT,11,MEDIUM,,canadian-grand-prix_corner_10,canadian-grand-prix_corner_10,0.55,1985.579,37.36,2077.684,1.0
2026,5,Canadian Grand Prix,S,ANT,11,MEDIUM,,canadian-grand-prix_corner_13,canadian-grand-prix_corner_13,0.55,2675.489,50.24,2728.414,1.0
2026,5,Canadian Grand Prix,S,ANT,11,MEDIUM,,canadian-grand-prix_corner_18,canadian-grand-prix_corner_18,0.55,3710.625,64.401,3710.625,0.2072
2026,5,Canadian Grand Prix,S,ANT,11,MEDIUM,,canadian-grand-prix_corner_19,canadian-grand-prix_corner_19,0.55,3906.892,68.361,3928.758,1.0
2026,5,Canadian Grand Prix,S,BEA,22,MEDIUM,,canadian-grand-prix_corner_02,canadian-grand-prix_corner_02,0.55,258.266,4.349,405.484,0.944
2026,5,Canadian Grand Prix,S,BEA,22,MEDIUM,,canadian-grand-prix_corner_04,canadian-grand-prix_corner_04,0.55,707.171,15.149,803.948,1.0
2026,5,Canadian Grand Prix,S,BEA,22,MEDIUM,,canadian-grand-prix_corner_06,canadian-grand-prix_corner_06,0.55,1085.025,21.949,1085.025,0.3529
2026,5,Canadian Grand Prix,S,BEA,22,MEDIUM,,canadian-grand-prix_corner_07,canadian-grand-prix_corner_07,0.55,1300.43,27.47,1380.468,1.0
2026,5,Canadian Grand Prix,S,BEA,22,MEDIUM,,canadian-grand-prix_corner_10,canadian-grand-prix_corner_10,0.55,1997.713,38.589,2088.747,1.0
2026,5,Canadian Grand Prix,S,BEA,22,MEDIUM,,canadian-grand-prix_corner_13,canadian-grand-prix_corner_13,0.55,2664.819,50.869,2732.441,1.0
2026,5,Canadian Grand Prix,S,BEA,22,MEDIUM,,canadian-grand-prix_corner_18,canadian-grand-prix_corner_18,0.55,3700.274,65.669,3700.274,0.2229
2026,5,Canadian Grand Prix,S,BEA,22,MEDIUM,,canadian-grand-prix_corner_19,canadian-grand-prix_corner_19,0.55,3908.254,70.029,3947.92,1.0
2026,5,Canadian Grand Prix,S,BOR,9,MEDIUM,,canadian-grand-prix_corner_02,canadian-grand-prix_corner_02,0.55,255.768,4.321,412.436,0.975
2026,5,Canadian Grand Prix,S,BOR,9,MEDIUM,,canadian-grand-prix_corner_04,canadian-grand-prix_corner_04,0.55,728.873,15.681,806.251,1.0
2026,5,Canadian Grand Prix,S,BOR,9,MEDIUM,,canadian-grand-prix_corner_06,canadian-grand-prix_corner_06,0.55,1085.158,21.841,1085.158,0.4162
2026,5,Canadian Grand Prix,S,BOR,9,MEDIUM,,canadian-grand-prix_corner_07,canadian-grand-prix_corner_07,0.55,1303.467,27.321,1361.6,1.0
2026,5,Canadian Grand Prix,S,BOR,9,MEDIUM,,canadian-grand-prix_corner_10,canadian-grand-prix_corner_10,0.55,1983.918,38.082,2089.452,1.0
2026,5,Canadian Grand Prix,S,BOR,9,MEDIUM,,canadian-grand-prix_corner_13,canadian-grand-prix_corner_13,0.55,2662.625,50.882,2743.405,1.0
2026,5,Canadian Grand Prix,S,BOR,9,MEDIUM,,canadian-grand-prix_corner_18,canadian-grand-prix_corner_18,0.55,3684.439,65.402,,0.1971
2026,5,Canadian Grand Prix,S,BOR,9,MEDIUM,,canadian-grand-prix_corner_19,canadian-grand-prix_corner_19,0.55,3898.348,69.561,3953.76,1.0
2026,5,Canadian Grand Prix,S,BOT,17,SOFT,,canadian-grand-prix_corner_02,canadian-grand-prix_corner_02,0.55,269.133,4.767,405.304,0.9
2026,5,Canadian Grand Prix,S,BOT,17,SOFT,,canadian-grand-prix_corner_04,canadian-grand-prix_corner_04,0.55,720.921,16.046,796.173,1.0
2026,5,Canadian Grand Prix,S,BOT,17,SOFT,,canadian-grand-prix_corner_06,canadian-grand-prix_corner_06,0.55,1100.098,22.766,1100.098,0.3278
2026,5,Canadian Grand Prix,S,BOT,17,SOFT,,canadian-grand-prix_corner_07,canadian-grand-prix_corner_07,0.55,1299.983,28.207,1346.877,1.0
2026,5,Canadian Grand Prix,S,BOT,17,SOFT,,canadian-grand-prix_corner_10,canadian-grand-prix_corner_10,0.55,1965.659,38.967,2075.481,1.0
2026,5,Canadian Grand Prix,S,BOT,17,SOFT,,canadian-grand-prix_corner_13,canadian-grand-prix_corner_13,0.55,2641.598,51.887,2696.965,1.0
2026,5,Canadian Grand Prix,S,BOT,17,SOFT,,canadian-grand-prix_corner_18,canadian-grand-prix_corner_18,0.55,3699.011,67.087,3699.011,0.4855
2026,5,Canadian Grand Prix,S,BOT,17,SOFT,,canadian-grand-prix_corner_19,canadian-grand-prix_corner_19,0.55,3907.549,71.807,3907.549,1.0
2026,5,Canadian Grand Prix,S,COL,12,MEDIUM,,canadian-grand-prix_corner_02,canadian-grand-prix_corner_02,0.55,315.124,6.544,411.68,0.934
2026,5,Canadian Grand Prix,S,COL,12,MEDIUM,,canadian-grand-prix_corner_04,canadian-grand-prix_corner_04,0.55,707.713,15.184,804.28,1.0
2026,5,Canadian Grand Prix,S,COL,12,MEDIUM,,canadian-grand-prix_corner_06,canadian-grand-prix_corner_06,0.55,1095.723,21.864,1095.723,0.355
2026,5,Canadian Grand Prix,S,COL,12,MEDIUM,,canadian-grand-prix_corner_07,canadian-grand-prix_corner_07,0.55,1304.396,27.184,1401.129,1.0
2026,5,Canadian Grand Prix,S,COL,12,MEDIUM,,canadian-grand-prix_corner_10,canadian-grand-prix_corner_10,0.55,1981.107,37.824,2088.117,1.0
2026,5,Canadian Grand Prix,S,COL,12,MEDIUM,,canadian-grand-prix_corner_13,canadian-grand-prix_corner_13,0.55,2666.411,50.384,2732.912,1.0
2026,5,Canadian Grand Prix,S,COL,12,MEDIUM,,canadian-grand-prix_corner_18,canadian-grand-prix_corner_18,0.55,3684.069,64.944,3684.069,0.2127
2026,5,Canadian Grand Prix,S,COL,12,MEDIUM,,canadian-grand-prix_corner_19,canadian-grand-prix_corner_19,0.55,3903.475,69.344,3946.186,1.0
2026,5,Canadian Grand Prix,S,GAS,12,MEDIUM,,canadian-grand-prix_corner_02,canadian-grand-prix_corner_02,0.55,317.874,6.664,406.18,0.936
2026,5,Canadian Grand Prix,S,GAS,12,MEDIUM,,canadian-grand-prix_corner_04,canadian-grand-prix_corner_04,0.55,698.613,15.104,804.896,1.0
2026,5,Canadian Grand Prix,S,GAS,12,MEDIUM,,canadian-grand-prix_corner_06,canadian-grand-prix_corner_06,0.55,1089.865,22.065,1089.865,0.3841
2026,5,Canadian Grand Prix,S,GAS,12,MEDIUM,,canadian-grand-prix_corner_07,canadian-grand-prix_corner_07,0.55,1304.96,27.584,1361.891,1.0
2026,5,Canadian Grand Prix,S,GAS,12,MEDIUM,,canadian-grand-prix_corner_10,canadian-grand-prix_corner_10,0.55,1975.625,38.104,2059.136,1.0
2026,5,Canadian Grand Prix,S,GAS,12,MEDIUM,,canadian-grand-prix_corner_13,canadian-grand-prix_corner_13,0.55,2654.759,50.864,2736.448,1.0
2026,5,Canadian Grand Prix,S,GAS,12,MEDIUM,,canadian-grand-prix_corner_18,canadian-grand-prix_corner_18,0.55,3856.424,68.985,,0.239
2026,5,Canadian Grand Prix,S,GAS,12,MEDIUM,,canadian-grand-prix_corner_19,canadian-grand-prix_corner_19,0.55,3899.035,70.145,3913.036,1.0
2026,5,Canadian Grand Prix,S,HAD,12,SOFT,,canadian-grand-prix_corner_02,canadian-grand-prix_corner_02,0.55,329.127,7.091,403.038,0.9875
2026,5,Canadian Grand Prix,S,HAD,12,SOFT,,canadian-grand-prix_corner_04,canadian-grand-prix_corner_04,0.55,713.176,15.09,814.814,1.0
2026,5,Canadian Grand Prix,S,HAD,12,SOFT,,canadian-grand-prix_corner_06,canadian-grand-prix_corner_06,0.55,1083.078,21.49,1083.078,0.2893
2026,5,Canadian Grand Prix,S,HAD,12,SOFT,,canadian-grand-prix_corner_07,canadian-grand-prix_corner_07,0.55,1301.115,26.771,1360.385,1.0
2026,5,Canadian Grand Prix,S,HAD,12,SOFT,,canadian-grand-prix_corner_10,canadian-grand-prix_corner_10,0.55,1985.181,37.491,2080.059,1.0
2026,5,Canadian Grand Prix,S,HAD,12,SOFT,,canadian-grand-prix_corner_13,canadian-grand-prix_corner_13,0.55,2671.27,50.451,2735.003,1.0
2026,5,Canadian Grand Prix,S,HAD,12,SOFT,,canadian-grand-prix_corner_18,canadian-grand-prix_corner_18,0.55,3691.38,64.611,3691.38,0.1034
2026,5,Canadian Grand Prix,S,HAD,12,SOFT,,canadian-grand-prix_corner_19,canadian-grand-prix_corner_19,0.55,3901.146,68.571,3949.091,1.0
2026,5,Canadian Grand Prix,S,HAM,12,MEDIUM,,canadian-grand-prix_corner_02,canadian-grand-prix_corner_02,0.55,245.605,3.999,420.597,0.955
2026,5,Canadian Grand Prix,S,HAM,12,MEDIUM,,canadian-grand-prix_corner_04,canadian-grand-prix_corner_04,0.55,711.131,15.199,804.031,1.0
2026,5,Canadian Grand Prix,S,HAM,12,MEDIUM,,canadian-grand-prix_corner_06,canadian-grand-prix_corner_06,0.55,1090.742,21.719,1090.742,0.4467
2026,5,Canadian Grand Prix,S,HAM,12,MEDIUM,,canadian-grand-prix_corner_07,canadian-grand-prix_corner_07,0.55,1356.553,28.119,1380.464,1.0
2026,5,Canadian Grand Prix,S,HAM,12,MEDIUM,,canadian-grand-prix_corner_10,canadian-grand-prix_corner_10,0.55,1976.121,37.239,2066.465,0.9967
2026,5,Canadian Grand Prix,S,HAM,12,MEDIUM,,canadian-grand-prix_corner_13,canadian-grand-prix_corner_13,0.55,2666.504,50.039,2740.237,0.974
2026,5,Canadian Grand Prix,S,HAM,12,MEDIUM,,canadian-grand-prix_corner_18,canadian-grand-prix_corner_18,0.55,3690.64,64.399,3690.64,0.2305
2026,5,Canadian Grand Prix,S,HAM,12,MEDIUM,,canadian-grand-prix_corner_19,canadian-grand-prix_corner_19,0.55,3906.236,68.599,3942.27,1.0
2026,5,Canadian Grand Prix,S,HUL,20,MEDIUM,,canadian-grand-prix_corner_02,canadian-grand-prix_corner_02,0.55,252.993,4.413,391.671,0.946
2026,5,Canadian Grand Prix,S,HUL,20,MEDIUM,,canadian-grand-prix_corner_04,canadian-grand-prix_corner_04,0.55,700.264,15.453,797.664,1.0
2026,5,Canadian Grand Prix,S,HUL,20,MEDIUM,,canadian-grand-prix_corner_06,canadian-grand-prix_corner_06,0.55,1106.782,22.613,1106.782,0.4034
2026,5,Canadian Grand Prix,S,HUL,20,MEDIUM,,canadian-grand-prix_corner_07,canadian-grand-prix_corner_07,0.55,1307.663,28.053,1371.574,1.0
2026,5,Canadian Grand Prix,S,HUL,20,MEDIUM,,canadian-grand-prix_corner_10,canadian-grand-prix_corner_10,0.55,1991.424,38.694,2079.291,1.0
2026,5,Canadian Grand Prix,S,HUL,20,MEDIUM,,canadian-grand-prix_corner_13,canadian-grand-prix_corner_13,0.55,2661.18,51.214,2737.258,1.0
2026,5,Canadian Grand Prix,S,HUL,20,MEDIUM,,canadian-grand-prix_corner_18,canadian-grand-prix_corner_18,0.55,3687.134,65.574,3687.134,0.1496
2026,5,Canadian Grand Prix,S,HUL,20,MEDIUM,,canadian-grand-prix_corner_19,canadian-grand-prix_corner_19,0.55,3900.974,69.733,3948.328,1.0
2026,5,Canadian Grand Prix,S,LAW,6,MEDIUM,,canadian-grand-prix_corner_02,canadian-grand-prix_corner_02,0.55,324.389,7.216,399.857,0.9725
2026,5,Canadian Grand Prix,S,LAW,6,MEDIUM,,canadian-grand-prix_corner_04,canadian-grand-prix_corner_04,0.55,714.331,15.696,795.481,1.0
2026,5,Canadian Grand Prix,S,LAW,6,MEDIUM,,canadian-grand-prix_corner_06,canadian-grand-prix_corner_06,0.55,1230.409,25.855,,0.3571
2026,5,Canadian Grand Prix,S,LAW,6,MEDIUM,,canadian-grand-prix_corner_07,canadian-grand-prix_corner_07,0.55,1305.848,27.976,1350.059,1.0
2026,5,Canadian Grand Prix,S,LAW,6,MEDIUM,,canadian-grand-prix_corner_10,canadian-grand-prix_corner_10,0.55,1976.817,38.575,2061.7,1.0
2026,5,Canadian Grand Prix,S,LAW,6,MEDIUM,,canadian-grand-prix_corner_13,canadian-grand-prix_corner_13,0.55,2657.011,51.375,2718.159,1.0
2026,5,Canadian Grand Prix,S,LAW,6,MEDIUM,,canadian-grand-prix_corner_18,canadian-grand-prix_corner_18,0.55,3840.482,68.936,,0.3536
2026,5,Canadian Grand Prix,S,LAW,6,MEDIUM,,canadian-grand-prix_corner_19,canadian-grand-prix_corner_19,0.55,3911.679,70.775,3911.679,1.0
2026,5,Canadian Grand Prix,S,LEC,11,MEDIUM,,canadian-grand-prix_corner_02,canadian-grand-prix_corner_02,0.55,315.029,6.533,392.909,0.9525
2026,5,Canadian Grand Prix,S,LEC,11,MEDIUM,,canadian-grand-prix_corner_04,canadian-grand-prix_corner_04,0.55,701.947,14.852,795.842,1.0
2026,5,Canadian Grand Prix,S,LEC,11,MEDIUM,,canadian-grand-prix_corner_06,canadian-grand-prix_corner_06,0.55,1098.197,21.732,1098.197,0.3804
2026,5,Canadian Grand Prix,S,LEC,11,MEDIUM,,canadian-grand-prix_corner_07,canadian-grand-prix_corner_07,0.55,1301.466,27.092,1359.811,1.0
2026,5,Canadian Grand Prix,S,LEC,11,MEDIUM,,canadian-grand-prix_corner_10,canadian-grand-prix_corner_10,0.55,1989.17,37.693,2061.581,1.0
2026,5,Canadian Grand Prix,S,LEC,11,MEDIUM,,canadian-grand-prix_corner_13,canadian-grand-prix_corner_13,0.55,2672.709,50.053,2739.176,1.0
2026,5,Canadian Grand Prix,S,LEC,11,MEDIUM,,canadian-grand-prix_corner_18,canadian-grand-prix_corner_18,0.55,3717.616,64.653,3717.616,0.2554
2026,5,Canadian Grand Prix,S,LEC,11,MEDIUM,,canadian-grand-prix_corner_19,canadian-grand-prix_corner_19,0.55,3899.742,68.293,3942.786,1.0
2026,5,Canadian Grand Prix,S,LIN,14,HARD,,canadian-grand-prix_corner_02,canadian-grand-prix_corner_02,0.55,324.722,6.879,393.155,0.942
2026,5,Canadian Grand Prix,S,LIN,14,HARD,,canadian-grand-prix_corner_04,canadian-grand-prix_corner_04,0.55,721.337,15.479,811.288,1.0
2026,5,Canadian Grand Prix,S,LIN,14,HARD,,canadian-grand-prix_corner_06,canadian-grand-prix_corner_06,0.55,1093.664,21.919,1093.664,0.3544
2026,5,Canadian Grand Prix,S,LIN,14,HARD,,canadian-grand-prix_corner_07,canadian-grand-prix_corner_07,0.55,1305.274,27.439,1355.008,1.0
2026,5,Canadian Grand Prix,S,LIN,14,HARD,,canadian-grand-prix_corner_10,canadian-grand-prix_corner_10,0.55,1982.894,38.0,2060.727,1.0
2026,5,Canadian Grand Prix,S,LIN,14,HARD,,canadian-grand-prix_corner_13,canadian-grand-prix_corner_13,0.55,2672.416,51.24,2739.649,1.0
2026,5,Canadian Grand Prix,S,LIN,14,HARD,,canadian-grand-prix_corner_18,canadian-grand-prix_corner_18,0.55,3712.119,65.56,3712.119,0.2829
2026,5,Canadian Grand Prix,S,LIN,14,HARD,,canadian-grand-prix_corner_19,canadian-grand-prix_corner_19,0.55,3902.349,69.72,3910.738,1.0
2026,5,Canadian Grand Prix,S,NOR,11,MEDIUM,,canadian-grand-prix_corner_02,canadian-grand-prix_corner_02,0.55,324.723,6.977,401.545,0.904
2026,5,Canadian Grand Prix,S,NOR,11,MEDIUM,,canadian-grand-prix_corner_04,canadian-grand-prix_corner_04,0.55,710.218,15.097,812.529,1.0
2026,5,Canadian Grand Prix,S,NOR,11,MEDIUM,,canadian-grand-prix_corner_06,canadian-grand-prix_corner_06,0.55,1093.149,21.737,1093.149,0.355
2026,5,Canadian Grand Prix,S,NOR,11,MEDIUM,,canadian-grand-prix_corner_07,canadian-grand-prix_corner_07,0.55,1308.558,27.257,1350.091,1.0
2026,5,Canadian Grand Prix,S,NOR,11,MEDIUM,,canadian-grand-prix_corner_10,canadian-grand-prix_corner_10,0.55,1980.273,37.577,2065.216,1.0
2026,5,Canadian Grand Prix,S,NOR,11,MEDIUM,,canadian-grand-prix_corner_13,canadian-grand-prix_corner_13,0.55,2666.39,50.257,2737.226,1.0
2026,5,Canadian Grand Prix,S,NOR,11,MEDIUM,,canadian-grand-prix_corner_18,canadian-grand-prix_corner_18,0.55,3692.917,64.377,,0.1709
2026,5,Canadian Grand Prix,S,NOR,11,MEDIUM,,canadian-grand-prix_corner_19,canadian-grand-prix_corner_19,0.55,3897.856,68.337,3940.467,1.0
2026,5,Canadian Grand Prix,S,OCO,9,MEDIUM,,canadian-grand-prix_corner_02,canadian-grand-prix_corner_02,0.55,319.565,6.761,417.957,0.916
2026,5,Canadian Grand Prix,S,OCO,9,MEDIUM,,canadian-grand-prix_corner_04,canadian-grand-prix_corner_04,0.55,700.214,15.241,811.815,1.0
2026,5,Canadian Grand Prix,S,OCO,9,MEDIUM,,canadian-grand-prix_corner_06,canadian-grand-prix_corner_06,0.55,1100.37,22.522,1100.37,0.3812
2026,5,Canadian Grand Prix,S,OCO,9,MEDIUM,,canadian-grand-prix_corner_07,canadian-grand-prix_corner_07,0.55,1299.542,27.641,1362.745,1.0
2026,5,Canadian Grand Prix,S,OCO,9,MEDIUM,,canadian-grand-prix_corner_10,canadian-grand-prix_corner_10,0.55,2011.841,39.321,2089.43,1.0
2026,5,Canadian Grand Prix,S,OCO,9,MEDIUM,,canadian-grand-prix_corner_13,canadian-grand-prix_corner_13,0.55,2670.541,51.281,2760.985,1.0
2026,5,Canadian Grand Prix,S,OCO,9,MEDIUM,,canadian-grand-prix_corner_18,canadian-grand-prix_corner_18,0.55,3696.153,66.121,3696.153,0.1922
2026,5,Canadian Grand Prix,S,OCO,9,MEDIUM,,canadian-grand-prix_corner_19,canadian-grand-prix_corner_19,0.55,3906.005,70.202,3967.392,1.0
2026,5,Canadian Grand Prix,S,PER,9,SOFT,,canadian-grand-prix_corner_02,canadian-grand-prix_corner_02,0.55,319.701,6.967,407.472,0.958
2026,5,Canadian Grand Prix,S,PER,9,SOFT,,canadian-grand-prix_corner_04,canadian-grand-prix_corner_04,0.55,721.396,15.848,794.823,1.0
2026,5,Canadian Grand Prix,S,PER,9,SOFT,,canadian-grand-prix_corner_06,canadian-grand-prix_corner_06,0.55,1100.889,22.528,1100.889,0.3312
2026,5,Canadian Grand Prix,S,PER,9,SOFT,,canadian-grand-prix_corner_07,canadian-grand-prix_corner_07,0.55,1312.091,28.288,1359.958,1.0
2026,5,Canadian Grand Prix,S,PER,9,SOFT,,canadian-grand-prix_corner_10,canadian-grand-prix_corner_10,0.55,1977.151,38.847,2072.801,1.0
2026,5,Canadian Grand Prix,S,PER,9,SOFT,,canadian-grand-prix_corner_13,canadian-grand-prix_corner_13,0.55,2648.219,51.567,2720.075,1.0
2026,5,Canadian Grand Prix,S,PER,9,SOFT,,canadian-grand-prix_corner_18,canadian-grand-prix_corner_18,0.55,3693.492,66.127,3693.492,0.2391
2026,5,Canadian Grand Prix,S,PER,9,SOFT,,canadian-grand-prix_corner_19,canadian-grand-prix_corner_19,0.55,3905.218,70.807,3931.195,1.0
2026,5,Canadian Grand Prix,S,PIA,17,MEDIUM,,canadian-grand-prix_corner_02,canadian-grand-prix_corner_02,0.55,335.12,7.02,414.808,0.8083
2026,5,Canadian Grand Prix,S,PIA,17,MEDIUM,,canadian-grand-prix_corner_04,canadian-grand-prix_corner_04,0.55,722.913,15.181,819.003,0.99
2026,5,Canadian Grand Prix,S,PIA,17,MEDIUM,,canadian-grand-prix_corner_06,canadian-grand-prix_corner_06,0.55,1089.182,21.581,1089.182,0.2779
2026,5,Canadian Grand Prix,S,PIA,17,MEDIUM,,canadian-grand-prix_corner_07,canadian-grand-prix_corner_07,0.55,1302.582,26.981,1381.982,0.99
2026,5,Canadian Grand Prix,S,PIA,17,MEDIUM,,canadian-grand-prix_corner_10,canadian-grand-prix_corner_10,0.55,1999.592,37.86,2094.793,0.99
2026,5,Canadian Grand Prix,S,PIA,17,MEDIUM,,canadian-grand-prix_corner_13,canadian-grand-prix_corner_13,0.55,2670.873,50.14,2736.051,0.99
2026,5,Canadian Grand Prix,S,PIA,17,MEDIUM,,canadian-grand-prix_corner_18,canadian-grand-prix_corner_18,0.55,3682.643,64.06,,0.1231
2026,5,Canadian Grand Prix,S,PIA,17,MEDIUM,,canadian-grand-prix_corner_19,canadian-grand-prix_corner_19,0.55,3897.526,68.381,3937.104,0.99
2026,5,Canadian Grand Prix,S,RUS,16,MEDIUM,,canadian-grand-prix_corner_02,canadian-grand-prix_corner_02,0.55,223.0,2.849,223.0,0.4314
2026,5,Canadian Grand Prix,S,RUS,16,MEDIUM,,canadian-grand-prix_corner_04,canadian-grand-prix_corner_04,0.55,744.954,15.249,841.676,0.9469
2026,5,Canadian Grand Prix,S,RUS,16,MEDIUM,,canadian-grand-prix_corner_06,canadian-grand-prix_corner_06,0.55,1089.2,21.21,1089.2,0.2641
2026,5,Canadian Grand Prix,S,RUS,16,MEDIUM,,canadian-grand-prix_corner_07,canadian-grand-prix_corner_07,0.55,1309.723,26.409,1388.145,1.0
2026,5,Canadian Grand Prix,S,RUS,16,MEDIUM,,canadian-grand-prix_corner_10,canadian-grand-prix_corner_10,0.55,2017.763,37.689,2100.063,1.0
2026,5,Canadian Grand Prix,S,RUS,16,MEDIUM,,canadian-grand-prix_corner_13,canadian-grand-prix_corner_13,0.55,2701.325,50.369,2758.836,1.0
2026,5,Canadian Grand Prix,S,RUS,16,MEDIUM,,canadian-grand-prix_corner_18,canadian-grand-prix_corner_18,0.55,3690.401,64.089,3690.401,0.0104
2026,5,Canadian Grand Prix,S,RUS,16,MEDIUM,,canadian-grand-prix_corner_19,canadian-grand-prix_corner_19,0.55,3899.338,67.65,3959.036,1.0
2026,5,Canadian Grand Prix,S,SAI,17,MEDIUM,,canadian-grand-prix_corner_02,canadian-grand-prix_corner_02,0.55,263.925,4.488,405.505,0.882
2026,5,Canadian Grand Prix,S,SAI,17,MEDIUM,,canadian-grand-prix_corner_04,canadian-grand-prix_corner_04,0.55,708.08,15.247,801.159,1.0
2026,5,Canadian Grand Prix,S,SAI,17,MEDIUM,,canadian-grand-prix_corner_06,canadian-grand-prix_corner_06,0.55,1084.303,21.887,1084.303,0.3492
2026,5,Canadian Grand Prix,S,SAI,17,MEDIUM,,canadian-grand-prix_corner_07,canadian-grand-prix_corner_07,0.55,1305.172,27.447,1369.828,1.0
2026,5,Canadian Grand Prix,S,SAI,17,MEDIUM,,canadian-grand-prix_corner_10,canadian-grand-prix_corner_10,0.55,1988.277,38.288,2083.503,1.0
2026,5,Canadian Grand Prix,S,SAI,17,MEDIUM,,canadian-grand-prix_corner_13,canadian-grand-prix_corner_13,0.55,2660.17,50.768,2738.27,1.0
2026,5,Canadian Grand Prix,S,SAI,17,MEDIUM,,canadian-grand-prix_corner_18,canadian-grand-prix_corner_18,0.55,3712.352,65.768,3712.352,0.2632
2026,5,Canadian Grand Prix,S,SAI,17,MEDIUM,,canadian-grand-prix_corner_19,canadian-grand-prix_corner_19,0.55,3903.509,69.888,3925.131,1.0
2026,5,Canadian Grand Prix,S,STR,17,SOFT,,canadian-grand-prix_corner_02,canadian-grand-prix_corner_02,0.55,320.681,6.772,386.948,0.952
2026,5,Canadian Grand Prix,S,STR,17,SOFT,,canadian-grand-prix_corner_04,canadian-grand-prix_corner_04,0.55,704.371,15.412,782.398,1.0
2026,5,Canadian Grand Prix,S,STR,17,SOFT,,canadian-grand-prix_corner_06,canadian-grand-prix_corner_06,0.55,1092.23,22.292,1092.23,0.3509
2026,5,Canadian Grand Prix,S,STR,17,SOFT,,canadian-grand-prix_corner_07,canadian-grand-prix_corner_07,0.55,1308.146,27.612,1345.924,1.0
2026,5,Canadian Grand Prix,S,STR,17,SOFT,,canadian-grand-prix_corner_10,canadian-grand-prix_corner_10,0.55,1980.331,38.372,2065.12,1.0
2026,5,Canadian Grand Prix,S,STR,17,SOFT,,canadian-grand-prix_corner_13,canadian-grand-prix_corner_13,0.55,2663.182,51.171,2722.221,1.0
2026,5,Canadian Grand Prix,S,STR,17,SOFT,,canadian-grand-prix_corner_18,canadian-grand-prix_corner_18,0.55,3824.031,69.652,,0.4988
2026,5,Canadian Grand Prix,S,STR,17,SOFT,,canadian-grand-prix_corner_19,canadian-grand-prix_corner_19,0.55,3898.383,71.452,3898.383,1.0
2026,5,Canadian Grand Prix,S,VER,11,MEDIUM,,canadian-grand-prix_corner_02,canadian-grand-prix_corner_02,0.55,338.132,7.393,392.924,1.0
2026,5,Canadian Grand Prix,S,VER,11,MEDIUM,,canadian-grand-prix_corner_04,canadian-grand-prix_corner_04,0.55,723.063,15.434,799.252,1.0
2026,5,Canadian Grand Prix,S,VER,11,MEDIUM,,canadian-grand-prix_corner_06,canadian-grand-prix_corner_06,0.55,1094.811,21.794,1094.811,0.2526
2026,5,Canadian Grand Prix,S,VER,11,MEDIUM,,canadian-grand-prix_corner_07,canadian-grand-prix_corner_07,0.55,1307.693,27.193,1345.222,1.0
2026,5,Canadian Grand Prix,S,VER,11,MEDIUM,,canadian-grand-prix_corner_10,canadian-grand-prix_corner_10,0.55,2004.979,38.074,2089.129,1.0
2026,5,Canadian Grand Prix,S,VER,11,MEDIUM,,canadian-grand-prix_corner_13,canadian-grand-prix_corner_13,0.55,2678.273,50.634,2728.451,1.0
2026,5,Canadian Grand Prix,S,VER,11,MEDIUM,,canadian-grand-prix_corner_18,canadian-grand-prix_corner_18,0.55,3682.618,64.594,3682.618,0.1381
2026,5,Canadian Grand Prix,S,VER,11,MEDIUM,,canadian-grand-prix_corner_19,canadian-grand-prix_corner_19,0.55,3897.541,68.714,3929.141,1.0
2026,5,Canadian Grand Prix,SQ,ALO,5,MEDIUM,,canadian-grand-prix_corner_02,canadian-grand-prix_corner_02,0.55,314.921,6.609,401.299,0.92
2026,5,Canadian Grand Prix,SQ,ALO,5,MEDIUM,,canadian-grand-prix_corner_04,canadian-grand-prix_corner_04,0.55,700.674,15.09,777.352,1.0
2026,5,Canadian Grand Prix,SQ,ALO,5,MEDIUM,,canadian-grand-prix_corner_06,canadian-grand-prix_corner_06,0.55,1100.253,21.93,1100.253,0.3179
2026,5,Canadian Grand Prix,SQ,ALO,5,MEDIUM,,canadian-grand-prix_corner_07,canadian-grand-prix_corner_07,0.55,1301.021,27.09,1344.366,1.0
2026,5,Canadian Grand Prix,SQ,ALO,5,MEDIUM,,canadian-grand-prix_corner_10,canadian-grand-prix_corner_10,0.55,1990.677,38.17,2056.155,1.0
2026,5,Canadian Grand Prix,SQ,ALO,5,MEDIUM,,canadian-grand-prix_corner_13,canadian-grand-prix_corner_13,0.55,2653.188,50.37,2725.663,1.0
2026,5,Canadian Grand Prix,SQ,ALO,5,MEDIUM,,canadian-grand-prix_corner_18,canadian-grand-prix_corner_18,0.55,3683.928,65.45,3683.928,0.3141
2026,5,Canadian Grand Prix,SQ,ALO,5,MEDIUM,,canadian-grand-prix_corner_19,canadian-grand-prix_corner_19,0.55,3901.429,69.97,3901.429,1.0
2026,5,Canadian Grand Prix,SQ,ANT,15,SOFT,,canadian-grand-prix_corner_02,canadian-grand-prix_corner_02,0.55,322.909,6.968,384.798,1.0
2026,5,Canadian Grand Prix,SQ,ANT,15,SOFT,,canadian-grand-prix_corner_04,canadian-grand-prix_corner_04,0.55,718.763,15.048,793.629,1.0
2026,5,Canadian Grand Prix,SQ,ANT,15,SOFT,,canadian-grand-prix_corner_06,canadian-grand-prix_corner_06,0.55,1089.985,21.168,1089.985,0.3891
2026,5,Canadian Grand Prix,SQ,ANT,15,SOFT,,canadian-grand-prix_corner_07,canadian-grand-prix_corner_07,0.55,1305.539,26.449,1329.089,1.0
2026,5,Canadian Grand Prix,SQ,ANT,15,SOFT,,canadian-grand-prix_corner_10,canadian-grand-prix_corner_10,0.55,1987.501,36.728,2067.901,1.0
2026,5,Canadian Grand Prix,SQ,ANT,15,SOFT,,canadian-grand-prix_corner_13,canadian-grand-prix_corner_13,0.55,2670.257,49.128,2717.935,1.0
2026,5,Canadian Grand Prix,SQ,ANT,15,SOFT,,canadian-grand-prix_corner_18,canadian-grand-prix_corner_18,0.55,3679.436,62.768,3679.436,0.1693
2026,5,Canadian Grand Prix,SQ,ANT,15,SOFT,,canadian-grand-prix_corner_19,canadian-grand-prix_corner_19,0.55,3898.843,66.649,3931.932,1.0
2026,5,Canadian Grand Prix,SQ,BEA,16,MEDIUM,,canadian-grand-prix_corner_02,canadian-grand-prix_corner_02,0.55,249.755,4.139,411.195,0.975
2026,5,Canadian Grand Prix,SQ,BEA,16,MEDIUM,,canadian-grand-prix_corner_04,canadian-grand-prix_corner_04,0.55,711.998,14.779,806.698,1.0
2026,5,Canadian Grand Prix,SQ,BEA,16,MEDIUM,,canadian-grand-prix_corner_06,canadian-grand-prix_corner_06,0.55,1091.169,21.339,1091.169,0.3889
2026,5,Canadian Grand Prix,SQ,BEA,16,MEDIUM,,canadian-grand-prix_corner_07,canadian-grand-prix_corner_07,0.55,1300.604,26.578,1368.766,1.0
2026,5,Canadian Grand Prix,SQ,BEA,16,MEDIUM,,canadian-grand-prix_corner_10,canadian-grand-prix_corner_10,0.55,1992.677,37.539,2083.077,1.0
2026,5,Canadian Grand Prix,SQ,BEA,16,MEDIUM,,canadian-grand-prix_corner_13,canadian-grand-prix_corner_13,0.55,2660.334,49.859,2727.934,1.0
2026,5,Canadian Grand Prix,SQ,BEA,16,MEDIUM,,canadian-grand-prix_corner_18,canadian-grand-prix_corner_18,0.55,3695.494,64.499,3695.494,0.2366
2026,5,Canadian Grand Prix,SQ,BEA,16,MEDIUM,,canadian-grand-prix_corner_19,canadian-grand-prix_corner_19,0.55,3907.272,68.779,3950.849,1.0
2026,5,Canadian Grand Prix,SQ,BOR,13,MEDIUM,,canadian-grand-prix_corner_02,canadian-grand-prix_corner_02,0.55,260.027,4.358,400.63,0.882
2026,5,Canadian Grand Prix,SQ,BOR,13,MEDIUM,,canadian-grand-prix_corner_04,canadian-grand-prix_corner_04,0.55,755.027,16.038,858.916,0.985
2026,5,Canadian Grand Prix,SQ,BOR,13,MEDIUM,,canadian-grand-prix_corner_06,canadian-grand-prix_corner_06,0.55,1102.304,21.637,1102.304,0.4137
2026,5,Canadian Grand Prix,SQ,BOR,13,MEDIUM,,canadian-grand-prix_corner_07,canadian-grand-prix_corner_07,0.55,1310.855,26.997,1362.533,1.0
2026,5,Canadian Grand Prix,SQ,BOR,13,MEDIUM,,canadian-grand-prix_corner_10,canadian-grand-prix_corner_10,0.55,1994.914,37.598,2090.036,0.99
2026,5,Canadian Grand Prix,SQ,BOR,13,MEDIUM,,canadian-grand-prix_corner_13,canadian-grand-prix_corner_13,0.55,2667.354,49.998,2729.454,0.98
2026,5,Canadian Grand Prix,SQ,BOR,13,MEDIUM,,canadian-grand-prix_corner_18,canadian-grand-prix_corner_18,0.55,3695.751,64.318,,0.2455
2026,5,Canadian Grand Prix,SQ,BOR,13,MEDIUM,,canadian-grand-prix_corner_19,canadian-grand-prix_corner_19,0.55,3895.628,67.957,3963.28,0.98
2026,5,Canadian Grand Prix,SQ,BOT,5,MEDIUM,,canadian-grand-prix_corner_02,canadian-grand-prix_corner_02,0.55,323.544,7.101,408.311,0.92
2026,5,Canadian Grand Prix,SQ,BOT,5,MEDIUM,,canadian-grand-prix_corner_04,canadian-grand-prix_corner_04,0.55,714.73,15.7,795.661,1.0
2026,5,Canadian Grand Prix,SQ,BOT,5,MEDIUM,,canadian-grand-prix_corner_06,canadian-grand-prix_corner_06,0.55,1091.305,22.42,1091.305,0.3082
2026,5,Canadian Grand Prix,SQ,BOT,5,MEDIUM,,canadian-grand-prix_corner_07,canadian-grand-prix_corner_07,0.55,1309.359,28.141,1352.745,1.0
2026,5,Canadian Grand Prix,SQ,BOT,5,MEDIUM,,canadian-grand-prix_corner_10,canadian-grand-prix_corner_10,0.55,1971.578,38.741,2057.245,1.0
2026,5,Canadian Grand Prix,SQ,BOT,5,MEDIUM,,canadian-grand-prix_corner_13,canadian-grand-prix_corner_13,0.55,2651.311,51.501,2708.156,1.0
2026,5,Canadian Grand Prix,SQ,BOT,5,MEDIUM,,canadian-grand-prix_corner_18,canadian-grand-prix_corner_18,0.55,3682.349,66.181,3682.349,0.2725
2026,5,Canadian Grand Prix,SQ,BOT,5,MEDIUM,,canadian-grand-prix_corner_19,canadian-grand-prix_corner_19,0.55,3902.297,70.741,3916.608,1.0
2026,5,Canadian Grand Prix,SQ,COL,15,MEDIUM,,canadian-grand-prix_corner_02,canadian-grand-prix_corner_02,0.55,321.547,6.765,403.289,0.972
2026,5,Canadian Grand Prix,SQ,COL,15,MEDIUM,,canadian-grand-prix_corner_04,canadian-grand-prix_corner_04,0.55,721.313,15.085,813.845,1.0
2026,5,Canadian Grand Prix,SQ,COL,15,MEDIUM,,canadian-grand-prix_corner_06,canadian-grand-prix_corner_06,0.55,1100.345,21.645,1100.345,0.3926
2026,5,Canadian Grand Prix,SQ,COL,15,MEDIUM,,canadian-grand-prix_corner_07,canadian-grand-prix_corner_07,0.55,1316.567,27.045,1361.278,1.0
2026,5,Canadian Grand Prix,SQ,COL,15,MEDIUM,,canadian-grand-prix_corner_10,canadian-grand-prix_corner_10,0.55,1975.856,37.165,2074.911,1.0
2026,5,Canadian Grand Prix,SQ,COL,15,MEDIUM,,canadian-grand-prix_corner_13,canadian-grand-prix_corner_13,0.55,2656.236,49.885,2722.791,1.0
2026,5,Canadian Grand Prix,SQ,COL,15,MEDIUM,,canadian-grand-prix_corner_18,canadian-grand-prix_corner_18,0.55,3706.846,64.565,3706.846,0.1993
2026,5,Canadian Grand Prix,SQ,COL,15,MEDIUM,,canadian-grand-prix_corner_19,canadian-grand-prix_corner_19,0.55,3899.38,68.685,3926.496,1.0
2026,5,Canadian Grand Prix,SQ,GAS,3,MEDIUM,,canadian-grand-prix_corner_02,canadian-grand-prix_corner_02,0.55,325.716,7.547,399.614,0.985
2026,5,Canadian Grand Prix,SQ,GAS,3,MEDIUM,,canadian-grand-prix_corner_04,canadian-grand-prix_corner_04,0.55,705.79,15.627,787.36,0.9267
2026,5,Canadian Grand Prix,SQ,GAS,3,MEDIUM,,canadian-grand-prix_corner_06,canadian-grand-prix_corner_06,0.55,1086.878,22.267,1086.878,0.3103
2026,5,Canadian Grand Prix,SQ,GAS,3,MEDIUM,,canadian-grand-prix_corner_07,canadian-grand-prix_corner_07,0.55,1304.515,27.987,1342.804,1.0
2026,5,Canadian Grand Prix,SQ,GAS,3,MEDIUM,,canadian-grand-prix_corner_10,canadian-grand-prix_corner_10,0.55,1980.061,38.546,2059.887,1.0
2026,5,Canadian Grand Prix,SQ,GAS,3,MEDIUM,,canadian-grand-prix_corner_13,canadian-grand-prix_corner_13,0.55,2657.364,51.226,2725.898,1.0
2026,5,Canadian Grand Prix,SQ,GAS,3,MEDIUM,,canadian-grand-prix_corner_18,canadian-grand-prix_corner_18,0.55,3701.169,66.027,3701.169,0.1475
2026,5,Canadian Grand Prix,SQ,GAS,3,MEDIUM,,canadian-grand-prix_corner_19,canadian-grand-prix_corner_19,0.55,3905.119,70.226,3934.297,1.0
2026,5,Canadian Grand Prix,SQ,HAD,14,SOFT,,canadian-grand-prix_corner_02,canadian-grand-prix_corner_02,0.55,264.918,4.34,394.504,0.9975
2026,5,Canadian Grand Prix,SQ,HAD,14,SOFT,,canadian-grand-prix_corner_04,canadian-grand-prix_corner_04,0.55,719.858,14.979,812.019,1.0
2026,5,Canadian Grand Prix,SQ,HAD,14,SOFT,,canadian-grand-prix_corner_06,canadian-grand-prix_corner_06,0.55,1090.578,21.179,1090.578,0.2713
2026,5,Canadian Grand Prix,SQ,HAD,14,SOFT,,canadian-grand-prix_corner_07,canadian-grand-prix_corner_07,0.55,1306.784,26.339,1372.973,1.0
2026,5,Canadian Grand Prix,SQ,HAD,14,SOFT,,canadian-grand-prix_corner_10,canadian-grand-prix_corner_10,0.55,1997.023,36.98,2087.344,1.0
2026,5,Canadian Grand Prix,SQ,HAD,14,SOFT,,canadian-grand-prix_corner_13,canadian-grand-prix_corner_13,0.55,2681.166,49.46,2728.022,1.0
2026,5,Canadian Grand Prix,SQ,HAD,14,SOFT,,canadian-grand-prix_corner_18,canadian-grand-prix_corner_18,0.55,3699.785,63.38,3699.785,0.1201
2026,5,Canadian Grand Prix,SQ,HAD,14,SOFT,,canadian-grand-prix_corner_19,canadian-grand-prix_corner_19,0.55,3903.481,67.059,3987.704,1.0
2026,5,Canadian Grand Prix,SQ,HAM,22,SOFT,,canadian-grand-prix_corner_02,canadian-grand-prix_corner_02,0.55,320.163,6.623,405.474,0.974
2026,5,Canadian Grand Prix,SQ,HAM,22,SOFT,,canadian-grand-prix_corner_04,canadian-grand-prix_corner_04,0.55,707.214,14.583,790.969,1.0
2026,5,Canadian Grand Prix,SQ,HAM,22,SOFT,,canadian-grand-prix_corner_06,canadian-grand-prix_corner_06,0.55,1087.489,20.823,1087.489,0.4787
2026,5,Canadian Grand Prix,SQ,HAM,22,SOFT,,canadian-grand-prix_corner_07,canadian-grand-prix_corner_07,0.55,1312.197,26.263,1328.375,1.0
2026,5,Canadian Grand Prix,SQ,HAM,22,SOFT,,canadian-grand-prix_corner_10,canadian-grand-prix_corner_10,0.55,1977.442,36.183,2070.773,1.0
2026,5,Canadian Grand Prix,SQ,HAM,22,SOFT,,canadian-grand-prix_corner_13,canadian-grand-prix_corner_13,0.55,2666.324,48.503,2716.246,0.998
2026,5,Canadian Grand Prix,SQ,HAM,22,SOFT,,canadian-grand-prix_corner_18,canadian-grand-prix_corner_18,0.55,3691.856,62.863,3691.856,0.252
2026,5,Canadian Grand Prix,SQ,HAM,22,SOFT,,canadian-grand-prix_corner_19,canadian-grand-prix_corner_19,0.55,3900.807,66.663,3928.418,1.0
2026,5,Canadian Grand Prix,SQ,HUL,13,MEDIUM,,canadian-grand-prix_corner_02,canadian-grand-prix_corner_02,0.55,254.301,4.236,397.568,0.938
2026,5,Canadian Grand Prix,SQ,HUL,13,MEDIUM,,canadian-grand-prix_corner_04,canadian-grand-prix_corner_04,0.55,703.594,14.877,800.07,1.0
2026,5,Canadian Grand Prix,SQ,HUL,13,MEDIUM,,canadian-grand-prix_corner_06,canadian-grand-prix_corner_06,0.55,1098.579,21.637,1098.579,0.3759
2026,5,Canadian Grand Prix,SQ,HUL,13,MEDIUM,,canadian-grand-prix_corner_07,canadian-grand-prix_corner_07,0.55,1299.67,26.877,1346.259,1.0
2026,5,Canadian Grand Prix,SQ,HUL,13,MEDIUM,,canadian-grand-prix_corner_10,canadian-grand-prix_corner_10,0.55,1974.699,37.196,2070.062,1.0
2026,5,Canadian Grand Prix,SQ,HUL,13,MEDIUM,,canadian-grand-prix_corner_13,canadian-grand-prix_corner_13,0.55,2659.463,49.677,2732.663,1.0
2026,5,Canadian Grand Prix,SQ,HUL,13,MEDIUM,,canadian-grand-prix_corner_18,canadian-grand-prix_corner_18,0.55,3680.079,64.076,3680.079,0.2507
2026,5,Canadian Grand Prix,SQ,HUL,13,MEDIUM,,canadian-grand-prix_corner_19,canadian-grand-prix_corner_19,0.55,3910.831,68.357,3941.32,1.0
2026,5,Canadian Grand Prix,SQ,LEC,18,SOFT,,canadian-grand-prix_corner_02,canadian-grand-prix_corner_02,0.55,311.391,6.344,393.413,0.958
2026,5,Canadian Grand Prix,SQ,LEC,18,SOFT,,canadian-grand-prix_corner_04,canadian-grand-prix_corner_04,0.55,698.202,14.424,803.88,1.0
2026,5,Canadian Grand Prix,SQ,LEC,18,SOFT,,canadian-grand-prix_corner_06,canadian-grand-prix_corner_06,0.55,1097.991,21.264,1097.991,0.4153
2026,5,Canadian Grand Prix,SQ,LEC,18,SOFT,,canadian-grand-prix_corner_07,canadian-grand-prix_corner_07,0.55,1305.991,26.464,1335.357,1.0
2026,5,Canadian Grand Prix,SQ,LEC,18,SOFT,,canadian-grand-prix_corner_10,canadian-grand-prix_corner_10,0.55,1973.759,36.584,2073.692,1.0
2026,5,Canadian Grand Prix,SQ,LEC,18,SOFT,,canadian-grand-prix_corner_13,canadian-grand-prix_corner_13,0.55,2657.949,48.664,2722.938,1.0
2026,5,Canadian Grand Prix,SQ,LEC,18,SOFT,,canadian-grand-prix_corner_18,canadian-grand-prix_corner_18,0.55,3684.922,63.104,3684.922,0.2446
2026,5,Canadian Grand Prix,SQ,LEC,18,SOFT,,canadian-grand-prix_corner_19,canadian-grand-prix_corner_19,0.55,3947.016,67.825,3947.016,1.0
2026,5,Canadian Grand Prix,SQ,LIN,18,SOFT,,canadian-grand-prix_corner_02,canadian-grand-prix_corner_02,0.55,323.397,6.744,387.506,0.932
2026,5,Canadian Grand Prix,SQ,LIN,18,SOFT,,canadian-grand-prix_corner_04,canadian-grand-prix_corner_04,0.55,710.03,14.904,781.477,1.0
2026,5,Canadian Grand Prix,SQ,LIN,18,SOFT,,canadian-grand-prix_corner_06,canadian-grand-prix_corner_06,0.55,1105.578,21.504,1105.578,0.428
2026,5,Canadian Grand Prix,SQ,LIN,18,SOFT,,canadian-grand-prix_corner_07,canadian-grand-prix_corner_07,0.55,1301.701,26.544,1347.235,1.0
2026,5,Canadian Grand Prix,SQ,LIN,18,SOFT,,canadian-grand-prix_corner_10,canadian-grand-prix_corner_10,0.55,1972.09,36.744,2061.401,1.0
2026,5,Canadian Grand Prix,SQ,LIN,18,SOFT,,canadian-grand-prix_corner_13,canadian-grand-prix_corner_13,0.55,2666.2,49.704,2730.734,1.0
2026,5,Canadian Grand Prix,SQ,LIN,18,SOFT,,canadian-grand-prix_corner_18,canadian-grand-prix_corner_18,0.55,3685.209,63.384,3685.209,0.2001
2026,5,Canadian Grand Prix,SQ,LIN,18,SOFT,,canadian-grand-prix_corner_19,canadian-grand-prix_corner_19,0.55,3895.564,67.584,3918.675,1.0
2026,5,Canadian Grand Prix,SQ,NOR,14,SOFT,,canadian-grand-prix_corner_02,canadian-grand-prix_corner_02,0.55,325.484,6.893,393.47,1.0
2026,5,Canadian Grand Prix,SQ,NOR,14,SOFT,,canadian-grand-prix_corner_04,canadian-grand-prix_corner_04,0.55,715.342,14.892,795.453,1.0
2026,5,Canadian Grand Prix,SQ,NOR,14,SOFT,,canadian-grand-prix_corner_06,canadian-grand-prix_corner_06,0.55,1091.109,21.093,1091.109,0.3138
2026,5,Canadian Grand Prix,SQ,NOR,14,SOFT,,canadian-grand-prix_corner_07,canadian-grand-prix_corner_07,0.55,1310.443,26.493,1330.665,1.0
2026,5,Canadian Grand Prix,SQ,NOR,14,SOFT,,canadian-grand-prix_corner_10,canadian-grand-prix_corner_10,0.55,1982.801,36.613,2048.012,1.0
2026,5,Canadian Grand Prix,SQ,NOR,14,SOFT,,canadian-grand-prix_corner_13,canadian-grand-prix_corner_13,0.55,2663.179,48.853,2720.068,1.0
2026,5,Canadian Grand Prix,SQ,NOR,14,SOFT,,canadian-grand-prix_corner_18,canadian-grand-prix_corner_18,0.55,3688.935,63.133,3688.935,0.2261
2026,5,Canadian Grand Prix,SQ,NOR,14,SOFT,,canadian-grand-prix_corner_19,canadian-grand-prix_corner_19,0.55,3898.413,67.013,3913.346,1.0
2026,5,Canadian Grand Prix,SQ,OCO,16,MEDIUM,,canadian-grand-prix_corner_02,canadian-grand-prix_corner_02,0.55,313.764,6.624,397.164,0.954
2026,5,Canadian Grand Prix,SQ,OCO,16,MEDIUM,,canadian-grand-prix_corner_04,canadian-grand-prix_corner_04,0.55,696.281,14.744,826.426,1.0
2026,5,Canadian Grand Prix,SQ,OCO,16,MEDIUM,,canadian-grand-prix_corner_06,canadian-grand-prix_corner_06,0.55,1106.611,21.864,1106.611,0.4017
2026,5,Canadian Grand Prix,SQ,OCO,16,MEDIUM,,canadian-grand-prix_corner_07,canadian-grand-prix_corner_07,0.55,1300.111,26.904,1361.434,1.0
2026,5,Canadian Grand Prix,SQ,OCO,16,MEDIUM,,canadian-grand-prix_corner_10,canadian-grand-prix_corner_10,0.55,1977.569,37.344,2092.499,1.0
2026,5,Canadian Grand Prix,SQ,OCO,16,MEDIUM,,canadian-grand-prix_corner_13,canadian-grand-prix_corner_13,0.55,2659.537,49.784,2731.689,1.0
2026,5,Canadian Grand Prix,SQ,OCO,16,MEDIUM,,canadian-grand-prix_corner_18,canadian-grand-prix_corner_18,0.55,3686.286,64.264,3686.286,0.2539
2026,5,Canadian Grand Prix,SQ,OCO,16,MEDIUM,,canadian-grand-prix_corner_19,canadian-grand-prix_corner_19,0.55,3908.669,68.664,3937.78,1.0
2026,5,Canadian Grand Prix,SQ,PER,6,MEDIUM,,canadian-grand-prix_corner_02,canadian-grand-prix_corner_02,0.55,255.953,4.224,403.738,0.9175
2026,5,Canadian Grand Prix,SQ,PER,6,MEDIUM,,canadian-grand-prix_corner_04,canadian-grand-prix_corner_04,0.55,727.798,15.504,809.509,1.0
2026,5,Canadian Grand Prix,SQ,PER,6,MEDIUM,,canadian-grand-prix_corner_06,canadian-grand-prix_corner_06,0.55,1090.963,21.824,1090.963,0.3645
2026,5,Canadian Grand Prix,SQ,PER,6,MEDIUM,,canadian-grand-prix_corner_07,canadian-grand-prix_corner_07,0.55,1302.464,27.145,1370.072,1.0
2026,5,Canadian Grand Prix,SQ,PER,6,MEDIUM,,canadian-grand-prix_corner_10,canadian-grand-prix_corner_10,0.55,1992.916,38.024,2096.501,1.0
2026,5,Canadian Grand Prix,SQ,PER,6,MEDIUM,,canadian-grand-prix_corner_13,canadian-grand-prix_corner_13,0.55,2677.015,51.224,2732.805,1.0
2026,5,Canadian Grand Prix,SQ,PER,6,MEDIUM,,canadian-grand-prix_corner_18,canadian-grand-prix_corner_18,0.55,3681.726,65.184,3681.726,0.2425
2026,5,Canadian Grand Prix,SQ,PER,6,MEDIUM,,canadian-grand-prix_corner_19,canadian-grand-prix_corner_19,0.55,3899.763,69.464,3941.085,1.0
2026,5,Canadian Grand Prix,SQ,PIA,14,SOFT,,canadian-grand-prix_corner_02,canadian-grand-prix_corner_02,0.55,323.267,6.921,409.77,0.9075
2026,5,Canadian Grand Prix,SQ,PIA,14,SOFT,,canadian-grand-prix_corner_04,canadian-grand-prix_corner_04,0.55,721.881,15.161,814.181,0.99
2026,5,Canadian Grand Prix,SQ,PIA,14,SOFT,,canadian-grand-prix_corner_06,canadian-grand-prix_corner_06,0.55,1082.826,21.081,1082.826,0.3323
2026,5,Canadian Grand Prix,SQ,PIA,14,SOFT,,canadian-grand-prix_corner_07,canadian-grand-prix_corner_07,0.55,1300.993,26.361,1368.359,0.99
2026,5,Canadian Grand Prix,SQ,PIA,14,SOFT,,canadian-grand-prix_corner_10,canadian-grand-prix_corner_10,0.55,1983.423,36.761,2082.812,0.99
2026,5,Canadian Grand Prix,SQ,PIA,14,SOFT,,canadian-grand-prix_corner_13,canadian-grand-prix_corner_13,0.55,2669.022,49.241,2725.755,0.99
2026,5,Canadian Grand Prix,SQ,PIA,14,SOFT,,canadian-grand-prix_corner_18,canadian-grand-prix_corner_18,0.55,3680.308,62.921,3680.308,0.1585
2026,5,Canadian Grand Prix,SQ,PIA,14,SOFT,,canadian-grand-prix_corner_19,canadian-grand-prix_corner_19,0.55,3905.586,67.081,3938.144,0.99
2026,5,Canadian Grand Prix,SQ,RUS,18,SOFT,,canadian-grand-prix_corner_02,canadian-grand-prix_corner_02,0.55,259.833,4.277,400.45,0.9675
2026,5,Canadian Grand Prix,SQ,RUS,18,SOFT,,canadian-grand-prix_corner_04,canadian-grand-prix_corner_04,0.55,714.261,14.997,787.974,1.0
2026,5,Canadian Grand Prix,SQ,RUS,18,SOFT,,canadian-grand-prix_corner_06,canadian-grand-prix_corner_06,0.55,1092.34,21.197,1092.34,0.4051
2026,5,Canadian Grand Prix,SQ,RUS,18,SOFT,,canadian-grand-prix_corner_07,canadian-grand-prix_corner_07,0.55,1301.218,26.397,1335.94,1.0
2026,5,Canadian Grand Prix,SQ,RUS,18,SOFT,,canadian-grand-prix_corner_10,canadian-grand-prix_corner_10,0.55,1991.089,36.717,2077.467,1.0
2026,5,Canadian Grand Prix,SQ,RUS,18,SOFT,,canadian-grand-prix_corner_13,canadian-grand-prix_corner_13,0.55,2671.484,48.958,2729.374,1.0
2026,5,Canadian Grand Prix,SQ,RUS,18,SOFT,,canadian-grand-prix_corner_18,canadian-grand-prix_corner_18,0.55,3681.128,62.677,3681.128,0.1619
2026,5,Canadian Grand Prix,SQ,RUS,18,SOFT,,canadian-grand-prix_corner_19,canadian-grand-prix_corner_19,0.55,3900.817,66.597,3929.884,1.0
2026,5,Canadian Grand Prix,SQ,SAI,23,SOFT,,canadian-grand-prix_corner_02,canadian-grand-prix_corner_02,0.55,261.244,4.332,404.864,0.97
2026,5,Canadian Grand Prix,SQ,SAI,23,SOFT,,canadian-grand-prix_corner_04,canadian-grand-prix_corner_04,0.55,731.881,15.533,820.317,1.0
2026,5,Canadian Grand Prix,SQ,SAI,23,SOFT,,canadian-grand-prix_corner_06,canadian-grand-prix_corner_06,0.55,1096.855,21.653,1096.855,0.3891
2026,5,Canadian Grand Prix,SQ,SAI,23,SOFT,,canadian-grand-prix_corner_07,canadian-grand-prix_corner_07,0.55,1307.34,27.013,1390.662,1.0
2026,5,Canadian Grand Prix,SQ,SAI,23,SOFT,,canadian-grand-prix_corner_10,canadian-grand-prix_corner_10,0.55,1979.451,37.652,2057.11,1.0
2026,5,Canadian Grand Prix,SQ,SAI,23,SOFT,,canadian-grand-prix_corner_13,canadian-grand-prix_corner_13,0.55,2650.155,49.613,2715.744,1.0
2026,5,Canadian Grand Prix,SQ,SAI,23,SOFT,,canadian-grand-prix_corner_18,canadian-grand-prix_corner_18,0.55,3700.608,64.413,3700.608,0.2477
2026,5,Canadian Grand Prix,SQ,SAI,23,SOFT,,canadian-grand-prix_corner_19,canadian-grand-prix_corner_19,0.55,3904.074,68.573,3919.008,1.0
2026,5,Canadian Grand Prix,SQ,STR,5,MEDIUM,,canadian-grand-prix_corner_02,canadian-grand-prix_corner_02,0.55,325.537,6.859,402.27,0.936
2026,5,Canadian Grand Prix,SQ,STR,5,MEDIUM,,canadian-grand-prix_corner_04,canadian-grand-prix_corner_04,0.55,701.542,15.059,811.109,1.0
2026,5,Canadian Grand Prix,SQ,STR,5,MEDIUM,,canadian-grand-prix_corner_06,canadian-grand-prix_corner_06,0.55,1102.587,22.259,1102.587,0.3232
2026,5,Canadian Grand Prix,SQ,STR,5,MEDIUM,,canadian-grand-prix_corner_07,canadian-grand-prix_corner_07,0.55,1304.731,27.419,1351.398,1.0
2026,5,Canadian Grand Prix,SQ,STR,5,MEDIUM,,canadian-grand-prix_corner_10,canadian-grand-prix_corner_10,0.55,1994.231,38.379,2086.109,1.0
2026,5,Canadian Grand Prix,SQ,STR,5,MEDIUM,,canadian-grand-prix_corner_13,canadian-grand-prix_corner_13,0.55,2675.199,50.939,2732.043,1.0
2026,5,Canadian Grand Prix,SQ,STR,5,MEDIUM,,canadian-grand-prix_corner_18,canadian-grand-prix_corner_18,0.55,3687.437,65.659,3687.437,0.2097
2026,5,Canadian Grand Prix,SQ,STR,5,MEDIUM,,canadian-grand-prix_corner_19,canadian-grand-prix_corner_19,0.55,3901.786,69.9,3933.52,1.0
2026,5,Canadian Grand Prix,SQ,VER,14,SOFT,,canadian-grand-prix_corner_02,canadian-grand-prix_corner_02,0.55,331.138,7.132,391.618,0.966
2026,5,Canadian Grand Prix,SQ,VER,14,SOFT,,canadian-grand-prix_corner_04,canadian-grand-prix_corner_04,0.55,724.196,15.052,804.868,1.0
2026,5,Canadian Grand Prix,SQ,VER,14,SOFT,,canadian-grand-prix_corner_06,canadian-grand-prix_corner_06,0.55,1090.213,21.052,1090.213,0.2826
2026,5,Canadian Grand Prix,SQ,VER,14,SOFT,,canadian-grand-prix_corner_07,canadian-grand-prix_corner_07,0.55,1300.033,26.172,1353.933,1.0
2026,5,Canadian Grand Prix,SQ,VER,14,SOFT,,canadian-grand-prix_corner_10,canadian-grand-prix_corner_10,0.55,1997.166,36.892,2078.932,1.0
2026,5,Canadian Grand Prix,SQ,VER,14,SOFT,,canadian-grand-prix_corner_13,canadian-grand-prix_corner_13,0.55,2673.659,49.371,2714.857,1.0
2026,5,Canadian Grand Prix,SQ,VER,14,SOFT,,canadian-grand-prix_corner_18,canadian-grand-prix_corner_18,0.55,3692.168,63.252,3692.168,0.0844
2026,5,Canadian Grand Prix,SQ,VER,14,SOFT,,canadian-grand-prix_corner_19,canadian-grand-prix_corner_19,0.55,3900.335,67.052,3930.49,1.0
2026,6,Monaco Grand Prix,Q,ALB,23,SOFT,,monaco-grand-prix_corner_02,monaco-grand-prix_corner_02,0.55,201.005,3.853,258.18,1.0
2026,6,Monaco Grand Prix,Q,ALB,23,SOFT,,monaco-grand-prix_corner_06,monaco-grand-prix_corner_06,0.55,874.501,16.133,955.945,1.0
2026,6,Monaco Grand Prix,Q,ALB,23,SOFT,,monaco-grand-prix_corner_07,monaco-grand-prix_corner_07,0.55,992.479,18.573,992.479,0.4133
2026,6,Monaco Grand Prix,Q,ALB,23,SOFT,,monaco-grand-prix_corner_08,monaco-grand-prix_corner_08,0.55,1151.497,23.613,,0.2
2026,6,Monaco Grand Prix,Q,ALB,23,SOFT,,monaco-grand-prix_corner_09,monaco-grand-prix_corner_09,0.55,1318.494,31.333,1456.768,0.99
2026,6,Monaco Grand Prix,Q,ALB,23,SOFT,,monaco-grand-prix_corner_13,monaco-grand-prix_corner_13,0.55,2068.55,46.452,,0.6683
2026,6,Monaco Grand Prix,Q,ALB,23,SOFT,,monaco-grand-prix_corner_17,monaco-grand-prix_corner_17,0.55,2675.594,59.253,2711.909,0.0246
2026,6,Monaco Grand Prix,Q,ALB,23,SOFT,,monaco-grand-prix_corner_18,monaco-grand-prix_corner_18,0.55,2853.62,64.493,,0.1963
2026,6,Monaco Grand Prix,Q,ALO,9,SOFT,,monaco-grand-prix_corner_02,monaco-grand-prix_corner_02,0.55,195.532,3.68,232.365,1.0
2026,6,Monaco Grand Prix,Q,ALO,9,SOFT,,monaco-grand-prix_corner_06,monaco-grand-prix_corner_06,0.55,822.438,15.0,930.527,1.0
2026,6,Monaco Grand Prix,Q,ALO,9,SOFT,,monaco-grand-prix_corner_07,monaco-grand-prix_corner_07,0.55,987.06,18.84,987.06,0.4669
2026,6,Monaco Grand Prix,Q,ALO,9,SOFT,,monaco-grand-prix_corner_08,monaco-grand-prix_corner_08,0.55,1159.36,24.24,1159.36,0.0534
2026,6,Monaco Grand Prix,Q,ALO,9,SOFT,,monaco-grand-prix_corner_09,monaco-grand-prix_corner_09,0.55,1315.633,31.64,1437.108,1.0
2026,6,Monaco Grand Prix,Q,ALO,9,SOFT,,monaco-grand-prix_corner_13,monaco-grand-prix_corner_13,0.55,2073.117,47.361,,0.4571
2026,6,Monaco Grand Prix,Q,ALO,9,SOFT,,monaco-grand-prix_corner_17,monaco-grand-prix_corner_17,0.55,2676.895,60.081,2717.084,1.0
2026,6,Monaco Grand Prix,Q,ALO,9,SOFT,,monaco-grand-prix_corner_18,monaco-grand-prix_corner_18,0.55,2868.402,65.681,,0.0458
2026,6,Monaco Grand Prix,Q,ANT,27,SOFT,,monaco-grand-prix_corner_02,monaco-grand-prix_corner_02,0.55,192.117,3.646,229.539,1.0
2026,6,Monaco Grand Prix,Q,ANT,27,SOFT,,monaco-grand-prix_corner_06,monaco-grand-prix_corner_06,0.55,878.832,15.886,928.499,1.0
2026,6,Monaco Grand Prix,Q,ANT,27,SOFT,,monaco-grand-prix_corner_07,monaco-grand-prix_corner_07,0.55,994.513,18.167,994.513,0.3184
2026,6,Monaco Grand Prix,Q,ANT,27,SOFT,,monaco-grand-prix_corner_08,monaco-grand-prix_corner_08,0.55,1156.904,23.166,,0.0831
2026,6,Monaco Grand Prix,Q,ANT,27,SOFT,,monaco-grand-prix_corner_09,monaco-grand-prix_corner_09,0.55,1319.186,30.646,1424.387,1.0
2026,6,Monaco Grand Prix,Q,ANT,27,SOFT,,monaco-grand-prix_corner_13,monaco-grand-prix_corner_13,0.55,2074.095,45.767,2125.633,0.5934
2026,6,Monaco Grand Prix,Q,ANT,27,SOFT,,monaco-grand-prix_corner_17,monaco-grand-prix_corner_17,0.55,2658.805,57.366,2702.44,0.1591
2026,6,Monaco Grand Prix,Q,ANT,27,SOFT,,monaco-grand-prix_corner_18,monaco-grand-prix_corner_18,0.55,2863.711,63.286,,0.2605
2026,6,Monaco Grand Prix,Q,BEA,13,SOFT,,monaco-grand-prix_corner_02,monaco-grand-prix_corner_02,0.55,185.405,3.574,232.349,1.0
2026,6,Monaco Grand Prix,Q,BEA,13,SOFT,,monaco-grand-prix_corner_06,monaco-grand-prix_corner_06,0.55,870.878,16.334,929.978,1.0
2026,6,Monaco Grand Prix,Q,BEA,13,SOFT,,monaco-grand-prix_corner_07,monaco-grand-prix_corner_07,0.55,1107.063,22.214,,0.3769
2026,6,Monaco Grand Prix,Q,BEA,13,SOFT,,monaco-grand-prix_corner_08,monaco-grand-prix_corner_08,0.55,1164.807,24.174,,0.1229
2026,6,Monaco Grand Prix,Q,BEA,13,SOFT,,monaco-grand-prix_corner_09,monaco-grand-prix_corner_09,0.55,1318.571,31.574,1442.626,1.0
2026,6,Monaco Grand Prix,Q,BEA,13,SOFT,,monaco-grand-prix_corner_13,monaco-grand-prix_corner_13,0.55,2077.972,46.975,,0.512
2026,6,Monaco Grand Prix,Q,BEA,13,SOFT,,monaco-grand-prix_corner_17,monaco-grand-prix_corner_17,0.55,2648.656,58.815,2731.467,0.6667
2026,6,Monaco Grand Prix,Q,BEA,13,SOFT,,monaco-grand-prix_corner_18,monaco-grand-prix_corner_18,0.55,2870.615,65.175,,0.0751
2026,6,Monaco Grand Prix,Q,BOR,4,SOFT,,monaco-grand-prix_corner_02,monaco-grand-prix_corner_02,0.55,189.806,3.41,240.961,0.99
2026,6,Monaco Grand Prix,Q,BOR,4,SOFT,,monaco-grand-prix_corner_06,monaco-grand-prix_corner_06,0.55,830.39,14.971,950.141,0.99
2026,6,Monaco Grand Prix,Q,BOR,4,SOFT,,monaco-grand-prix_corner_07,monaco-grand-prix_corner_07,0.55,1009.675,18.93,1009.675,0.2715
2026,6,Monaco Grand Prix,Q,BOR,4,SOFT,,monaco-grand-prix_corner_08,monaco-grand-prix_corner_08,0.55,1156.043,23.73,,0.1351
2026,6,Monaco Grand Prix,Q,BOR,4,SOFT,,monaco-grand-prix_corner_09,monaco-grand-prix_corner_09,0.55,1322.62,31.89,1442.892,0.99
2026,6,Monaco Grand Prix,Q,BOR,4,SOFT,,monaco-grand-prix_corner_13,monaco-grand-prix_corner_13,0.55,2083.552,47.531,,0.5084
2026,6,Monaco Grand Prix,Q,BOR,4,SOFT,,monaco-grand-prix_corner_17,monaco-grand-prix_corner_17,0.55,2680.126,59.73,2734.588,0.2874
2026,6,Monaco Grand Prix,Q,BOR,4,SOFT,,monaco-grand-prix_corner_18,monaco-grand-prix_corner_18,0.55,2863.051,65.09,,0.1478
2026,6,Monaco Grand Prix,Q,BOT,12,SOFT,,monaco-grand-prix_corner_02,monaco-grand-prix_corner_02,0.55,190.217,3.592,243.284,1.0
2026,6,Monaco Grand Prix,Q,BOT,12,SOFT,,monaco-grand-prix_corner_06,monaco-grand-prix_corner_06,0.55,855.819,16.072,950.441,1.0
2026,6,Monaco Grand Prix,Q,BOT,12,SOFT,,monaco-grand-prix_corner_07,monaco-grand-prix_corner_07,0.55,994.597,19.192,994.597,0.4578
2026,6,Monaco Grand Prix,Q,BOT,12,SOFT,,monaco-grand-prix_corner_08,monaco-grand-prix_corner_08,0.55,1156.007,24.392,1156.007,0.1267
2026,6,Monaco Grand Prix,Q,BOT,12,SOFT,,monaco-grand-prix_corner_09,monaco-grand-prix_corner_09,0.55,1323.18,32.192,1430.708,1.0
2026,6,Monaco Grand Prix,Q,BOT,12,SOFT,,monaco-grand-prix_corner_13,monaco-grand-prix_corner_13,0.55,2070.911,47.673,2131.379,0.6416
2026,6,Monaco Grand Prix,Q,BOT,12,SOFT,,monaco-grand-prix_corner_17,monaco-grand-prix_corner_17,0.55,2664.95,60.113,2711.783,0.0
2026,6,Monaco Grand Prix,Q,BOT,12,SOFT,,monaco-grand-prix_corner_18,monaco-grand-prix_corner_18,0.55,2862.362,65.952,,0.2994
2026,6,Monaco Grand Prix,Q,COL,21,SOFT,,monaco-grand-prix_corner_02,monaco-grand-prix_corner_02,0.55,196.291,3.768,233.858,1.0
2026,6,Monaco Grand Prix,Q,COL,21,SOFT,,monaco-grand-prix_corner_06,monaco-grand-prix_corner_06,0.55,879.235,16.208,928.201,1.0
2026,6,Monaco Grand Prix,Q,COL,21,SOFT,,monaco-grand-prix_corner_07,monaco-grand-prix_corner_07,0.55,997.843,18.688,997.843,0.4116
2026,6,Monaco Grand Prix,Q,COL,21,SOFT,,monaco-grand-prix_corner_08,monaco-grand-prix_corner_08,0.55,1164.348,24.009,,0.0443
2026,6,Monaco Grand Prix,Q,COL,21,SOFT,,monaco-grand-prix_corner_09,monaco-grand-prix_corner_09,0.55,1321.118,31.489,1441.776,1.0
2026,6,Monaco Grand Prix,Q,COL,21,SOFT,,monaco-grand-prix_corner_13,monaco-grand-prix_corner_13,0.55,2084.019,47.048,,0.488
2026,6,Monaco Grand Prix,Q,COL,21,SOFT,,monaco-grand-prix_corner_17,monaco-grand-prix_corner_17,0.55,2685.33,59.328,2731.141,0.4793
2026,6,Monaco Grand Prix,Q,COL,21,SOFT,,monaco-grand-prix_corner_18,monaco-grand-prix_corner_18,0.55,2875.472,64.809,,0.0714
2026,6,Monaco Grand Prix,Q,GAS,31,SOFT,,monaco-grand-prix_corner_02,monaco-grand-prix_corner_02,0.55,193.38,3.671,229.903,1.0
2026,6,Monaco Grand Prix,Q,GAS,31,SOFT,,monaco-grand-prix_corner_06,monaco-grand-prix_corner_06,0.55,868.548,15.951,928.436,1.0
2026,6,Monaco Grand Prix,Q,GAS,31,SOFT,,monaco-grand-prix_corner_07,monaco-grand-prix_corner_07,0.55,1000.225,18.671,1000.225,0.5081
2026,6,Monaco Grand Prix,Q,GAS,31,SOFT,,monaco-grand-prix_corner_08,monaco-grand-prix_corner_08,0.55,1162.726,23.911,,0.1156
2026,6,Monaco Grand Prix,Q,GAS,31,SOFT,,monaco-grand-prix_corner_09,monaco-grand-prix_corner_09,0.55,1317.357,31.311,1431.553,1.0
2026,6,Monaco Grand Prix,Q,GAS,31,SOFT,,monaco-grand-prix_corner_13,monaco-grand-prix_corner_13,0.55,2072.223,46.47,2128.266,0.5299
2026,6,Monaco Grand Prix,Q,GAS,31,SOFT,,monaco-grand-prix_corner_17,monaco-grand-prix_corner_17,0.55,2684.744,58.711,2709.188,0.4537
2026,6,Monaco Grand Prix,Q,GAS,31,SOFT,,monaco-grand-prix_corner_18,monaco-grand-prix_corner_18,0.55,2867.302,63.951,,0.0286
2026,6,Monaco Grand Prix,Q,HAD,24,SOFT,,monaco-grand-prix_corner_02,monaco-grand-prix_corner_02,0.55,210.236,4.073,238.936,1.0
2026,6,Monaco Grand Prix,Q,HAD,24,SOFT,,monaco-grand-prix_corner_06,monaco-grand-prix_corner_06,0.55,876.693,15.833,934.604,1.0
2026,6,Monaco Grand Prix,Q,HAD,24,SOFT,,monaco-grand-prix_corner_07,monaco-grand-prix_corner_07,0.55,990.893,18.193,990.893,0.2206
2026,6,Monaco Grand Prix,Q,HAD,24,SOFT,,monaco-grand-prix_corner_08,monaco-grand-prix_corner_08,0.55,1156.384,23.153,,0.0344
2026,6,Monaco Grand Prix,Q,HAD,24,SOFT,,monaco-grand-prix_corner_09,monaco-grand-prix_corner_09,0.55,1320.365,30.553,1438.832,0.94
2026,6,Monaco Grand Prix,Q,HAD,24,SOFT,,monaco-grand-prix_corner_13,monaco-grand-prix_corner_13,0.55,2085.033,45.833,,0.425
2026,6,Monaco Grand Prix,Q,HAD,24,SOFT,,monaco-grand-prix_corner_17,monaco-grand-prix_corner_17,0.55,2690.576,58.033,2726.854,1.0
2026,6,Monaco Grand Prix,Q,HAD,24,SOFT,,monaco-grand-prix_corner_18,monaco-grand-prix_corner_18,0.55,2877.909,63.393,,0.0066
2026,6,Monaco Grand Prix,Q,HAM,27,SOFT,,monaco-grand-prix_corner_02,monaco-grand-prix_corner_02,0.55,193.888,3.698,242.299,1.0
2026,6,Monaco Grand Prix,Q,HAM,27,SOFT,,monaco-grand-prix_corner_06,monaco-grand-prix_corner_06,0.55,875.4,15.938,942.01,0.995
2026,6,Monaco Grand Prix,Q,HAM,27,SOFT,,monaco-grand-prix_corner_07,monaco-grand-prix_corner_07,0.55,998.377,18.378,998.377,0.2792
2026,6,Monaco Grand Prix,Q,HAM,27,SOFT,,monaco-grand-prix_corner_08,monaco-grand-prix_corner_08,0.55,1151.748,23.138,,0.099
2026,6,Monaco Grand Prix,Q,HAM,27,SOFT,,monaco-grand-prix_corner_09,monaco-grand-prix_corner_09,0.55,1326.482,30.898,1438.371,1.0
2026,6,Monaco Grand Prix,Q,HAM,27,SOFT,,monaco-grand-prix_corner_13,monaco-grand-prix_corner_13,0.55,2078.709,45.858,,0.5166
2026,6,Monaco Grand Prix,Q,HAM,27,SOFT,,monaco-grand-prix_corner_17,monaco-grand-prix_corner_17,0.55,2683.317,57.738,2722.606,1.0
2026,6,Monaco Grand Prix,Q,HAM,27,SOFT,,monaco-grand-prix_corner_18,monaco-grand-prix_corner_18,0.55,2871.604,63.059,,0.0252
2026,6,Monaco Grand Prix,Q,HUL,16,SOFT,,monaco-grand-prix_corner_02,monaco-grand-prix_corner_02,0.55,200.205,3.858,242.181,1.0
2026,6,Monaco Grand Prix,Q,HUL,16,SOFT,,monaco-grand-prix_corner_06,monaco-grand-prix_corner_06,0.55,828.127,15.059,932.905,1.0
2026,6,Monaco Grand Prix,Q,HUL,16,SOFT,,monaco-grand-prix_corner_07,monaco-grand-prix_corner_07,0.55,986.872,18.699,986.872,0.358
2026,6,Monaco Grand Prix,Q,HUL,16,SOFT,,monaco-grand-prix_corner_08,monaco-grand-prix_corner_08,0.55,1152.65,23.779,,0.0673
2026,6,Monaco Grand Prix,Q,HUL,16,SOFT,,monaco-grand-prix_corner_09,monaco-grand-prix_corner_09,0.55,1323.14,31.659,1438.751,1.0
2026,6,Monaco Grand Prix,Q,HUL,16,SOFT,,monaco-grand-prix_corner_13,monaco-grand-prix_corner_13,0.55,2074.616,46.939,,0.4989
2026,6,Monaco Grand Prix,Q,HUL,16,SOFT,,monaco-grand-prix_corner_17,monaco-grand-prix_corner_17,0.55,2650.883,58.499,2718.161,0.0571
2026,6,Monaco Grand Prix,Q,HUL,16,SOFT,,monaco-grand-prix_corner_18,monaco-grand-prix_corner_18,0.55,2860.054,64.379,,0.1004
2026,6,Monaco Grand Prix,Q,LAW,28,SOFT,,monaco-grand-prix_corner_02,monaco-grand-prix_corner_02,0.55,183.066,3.436,232.889,1.0
2026,6,Monaco Grand Prix,Q,LAW,28,SOFT,,monaco-grand-prix_corner_06,monaco-grand-prix_corner_06,0.55,869.131,16.036,922.176,1.0
2026,6,Monaco Grand Prix,Q,LAW,28,SOFT,,monaco-grand-prix_corner_07,monaco-grand-prix_corner_07,0.55,990.598,18.516,990.598,0.4741
2026,6,Monaco Grand Prix,Q,LAW,28,SOFT,,monaco-grand-prix_corner_08,monaco-grand-prix_corner_08,0.55,1160.257,23.756,1160.257,0.1316
2026,6,Monaco Grand Prix,Q,LAW,28,SOFT,,monaco-grand-prix_corner_09,monaco-grand-prix_corner_09,0.55,1319.548,31.196,1461.496,0.8267
2026,6,Monaco Grand Prix,Q,LAW,28,SOFT,,monaco-grand-prix_corner_13,monaco-grand-prix_corner_13,0.55,2080.507,46.516,,0.5229
2026,6,Monaco Grand Prix,Q,LAW,28,SOFT,,monaco-grand-prix_corner_17,monaco-grand-prix_corner_17,0.55,2670.532,58.436,2706.554,0.9267
2026,6,Monaco Grand Prix,Q,LAW,28,SOFT,,monaco-grand-prix_corner_18,monaco-grand-prix_corner_18,0.55,2871.653,64.196,,0.0622
2026,6,Monaco Grand Prix,Q,LEC,27,SOFT,,monaco-grand-prix_corner_02,monaco-grand-prix_corner_02,0.55,192.291,3.457,234.903,1.0
2026,6,Monaco Grand Prix,Q,LEC,27,SOFT,,monaco-grand-prix_corner_06,monaco-grand-prix_corner_06,0.55,861.173,15.657,926.484,1.0
2026,6,Monaco Grand Prix,Q,LEC,27,SOFT,,monaco-grand-prix_corner_07,monaco-grand-prix_corner_07,0.55,987.191,18.298,987.191,0.4638
2026,6,Monaco Grand Prix,Q,LEC,27,SOFT,,monaco-grand-prix_corner_08,monaco-grand-prix_corner_08,0.55,1159.379,23.497,,0.2589
2026,6,Monaco Grand Prix,Q,LEC,27,SOFT,,monaco-grand-prix_corner_09,monaco-grand-prix_corner_09,0.55,1322.662,31.018,1434.586,1.0
2026,6,Monaco Grand Prix,Q,LEC,27,SOFT,,monaco-grand-prix_corner_13,monaco-grand-prix_corner_13,0.55,2066.442,45.738,2125.589,0.7164
2026,6,Monaco Grand Prix,Q,LEC,27,SOFT,,monaco-grand-prix_corner_17,monaco-grand-prix_corner_17,0.55,2662.375,57.578,2716.697,0.5752
2026,6,Monaco Grand Prix,Q,LEC,27,SOFT,,monaco-grand-prix_corner_18,monaco-grand-prix_corner_18,0.55,2865.643,63.578,,0.2784
2026,6,Monaco Grand Prix,Q,LIN,15,SOFT,,monaco-grand-prix_corner_02,monaco-grand-prix_corner_02,0.55,200.936,3.718,272.136,1.0
2026,6,Monaco Grand Prix,Q,LIN,15,SOFT,,monaco-grand-prix_corner_06,monaco-grand-prix_corner_06,0.55,832.305,14.798,942.283,1.0
2026,6,Monaco Grand Prix,Q,LIN,15,SOFT,,monaco-grand-prix_corner_07,monaco-grand-prix_corner_07,0.55,993.483,18.518,993.483,0.2244
2026,6,Monaco Grand Prix,Q,LIN,15,SOFT,,monaco-grand-prix_corner_08,monaco-grand-prix_corner_08,0.55,1155.641,23.438,,0.0068
2026,6,Monaco Grand Prix,Q,LIN,15,SOFT,,monaco-grand-prix_corner_09,monaco-grand-prix_corner_09,0.55,1316.851,30.758,1449.929,0.95
2026,6,Monaco Grand Prix,Q,LIN,15,SOFT,,monaco-grand-prix_corner_13,monaco-grand-prix_corner_13,0.55,2088.377,47.239,,0.7229
2026,6,Monaco Grand Prix,Q,LIN,15,SOFT,,monaco-grand-prix_corner_17,monaco-grand-prix_corner_17,0.55,2692.943,59.639,2720.31,1.0
2026,6,Monaco Grand Prix,Q,LIN,15,SOFT,,monaco-grand-prix_corner_18,monaco-grand-prix_corner_18,0.55,2801.199,61.998,2801.199,0.0053
2026,6,Monaco Grand Prix,Q,NOR,24,SOFT,,monaco-grand-prix_corner_02,monaco-grand-prix_corner_02,0.55,208.188,3.944,232.588,1.0
2026,6,Monaco Grand Prix,Q,NOR,24,SOFT,,monaco-grand-prix_corner_06,monaco-grand-prix_corner_06,0.55,870.317,15.945,918.188,1.0
2026,6,Monaco Grand Prix,Q,NOR,24,SOFT,,monaco-grand-prix_corner_07,monaco-grand-prix_corner_07,0.55,1006.166,18.664,,0.4057
2026,6,Monaco Grand Prix,Q,NOR,24,SOFT,,monaco-grand-prix_corner_08,monaco-grand-prix_corner_08,0.55,1161.335,23.584,,0.0986
2026,6,Monaco Grand Prix,Q,NOR,24,SOFT,,monaco-grand-prix_corner_09,monaco-grand-prix_corner_09,0.55,1321.451,31.104,1447.804,0.9933
2026,6,Monaco Grand Prix,Q,NOR,24,SOFT,,monaco-grand-prix_corner_13,monaco-grand-prix_corner_13,0.55,2072.698,46.265,2122.464,0.5655
2026,6,Monaco Grand Prix,Q,NOR,24,SOFT,,monaco-grand-prix_corner_17,monaco-grand-prix_corner_17,0.55,2674.533,58.265,2706.933,0.4381
2026,6,Monaco Grand Prix,Q,NOR,24,SOFT,,monaco-grand-prix_corner_18,monaco-grand-prix_corner_18,0.55,2867.422,63.865,,0.1199
2026,6,Monaco Grand Prix,Q,OCO,10,SOFT,,monaco-grand-prix_corner_02,monaco-grand-prix_corner_02,0.55,194.821,3.654,250.561,1.0
2026,6,Monaco Grand Prix,Q,OCO,10,SOFT,,monaco-grand-prix_corner_06,monaco-grand-prix_corner_06,0.55,824.884,14.893,945.992,1.0
2026,6,Monaco Grand Prix,Q,OCO,10,SOFT,,monaco-grand-prix_corner_07,monaco-grand-prix_corner_07,0.55,1005.561,18.973,1005.561,0.3131
2026,6,Monaco Grand Prix,Q,OCO,10,SOFT,,monaco-grand-prix_corner_08,monaco-grand-prix_corner_08,0.55,1151.282,23.734,,0.0647
2026,6,Monaco Grand Prix,Q,OCO,10,SOFT,,monaco-grand-prix_corner_09,monaco-grand-prix_corner_09,0.55,1315.955,31.174,1451.375,1.0
2026,6,Monaco Grand Prix,Q,OCO,10,SOFT,,monaco-grand-prix_corner_13,monaco-grand-prix_corner_13,0.55,2080.071,47.213,,0.4617
2026,6,Monaco Grand Prix,Q,OCO,10,SOFT,,monaco-grand-prix_corner_17,monaco-grand-prix_corner_17,0.55,2647.236,58.774,2734.978,0.6667
2026,6,Monaco Grand Prix,Q,OCO,10,SOFT,,monaco-grand-prix_corner_18,monaco-grand-prix_corner_18,0.55,2868.363,65.334,,0.1248
2026,6,Monaco Grand Prix,Q,PER,9,SOFT,,monaco-grand-prix_corner_02,monaco-grand-prix_corner_02,0.55,196.473,3.974,233.395,1.0
2026,6,Monaco Grand Prix,Q,PER,9,SOFT,,monaco-grand-prix_corner_06,monaco-grand-prix_corner_06,0.55,864.692,16.134,921.204,1.0
2026,6,Monaco Grand Prix,Q,PER,9,SOFT,,monaco-grand-prix_corner_07,monaco-grand-prix_corner_07,0.55,996.538,18.895,996.538,0.4835
2026,6,Monaco Grand Prix,Q,PER,9,SOFT,,monaco-grand-prix_corner_08,monaco-grand-prix_corner_08,0.55,1155.573,23.974,1155.573,0.1166
2026,6,Monaco Grand Prix,Q,PER,9,SOFT,,monaco-grand-prix_corner_09,monaco-grand-prix_corner_09,0.55,1317.332,31.615,1430.528,0.8667
2026,6,Monaco Grand Prix,Q,PER,9,SOFT,,monaco-grand-prix_corner_13,monaco-grand-prix_corner_13,0.55,2076.281,47.335,,0.5598
2026,6,Monaco Grand Prix,Q,PER,9,SOFT,,monaco-grand-prix_corner_17,monaco-grand-prix_corner_17,0.55,2681.819,59.895,2718.363,0.6499
2026,6,Monaco Grand Prix,Q,PER,9,SOFT,,monaco-grand-prix_corner_18,monaco-grand-prix_corner_18,0.55,2867.504,65.375,,0.093
2026,6,Monaco Grand Prix,Q,PIA,28,SOFT,,monaco-grand-prix_corner_02,monaco-grand-prix_corner_02,0.55,199.747,3.851,238.536,0.99
2026,6,Monaco Grand Prix,Q,PIA,28,SOFT,,monaco-grand-prix_corner_06,monaco-grand-prix_corner_06,0.55,873.776,15.931,941.987,0.99
2026,6,Monaco Grand Prix,Q,PIA,28,SOFT,,monaco-grand-prix_corner_07,monaco-grand-prix_corner_07,0.55,998.298,18.411,998.298,0.3128
2026,6,Monaco Grand Prix,Q,PIA,28,SOFT,,monaco-grand-prix_corner_08,monaco-grand-prix_corner_08,0.55,1232.906,27.45,,0.1452
2026,6,Monaco Grand Prix,Q,PIA,28,SOFT,,monaco-grand-prix_corner_09,monaco-grand-prix_corner_09,0.55,1319.678,31.171,1445.078,0.99
2026,6,Monaco Grand Prix,Q,PIA,28,SOFT,,monaco-grand-prix_corner_13,monaco-grand-prix_corner_13,0.55,2072.211,46.331,2126.076,0.6272
2026,6,Monaco Grand Prix,Q,PIA,28,SOFT,,monaco-grand-prix_corner_17,monaco-grand-prix_corner_17,0.55,2677.853,58.211,2710.075,0.6095
2026,6,Monaco Grand Prix,Q,PIA,28,SOFT,,monaco-grand-prix_corner_18,monaco-grand-prix_corner_18,0.55,2866.217,63.811,,0.1983
2026,6,Monaco Grand Prix,Q,RUS,27,SOFT,,monaco-grand-prix_corner_02,monaco-grand-prix_corner_02,0.55,194.976,3.709,229.787,1.0
2026,6,Monaco Grand Prix,Q,RUS,27,SOFT,,monaco-grand-prix_corner_06,monaco-grand-prix_corner_06,0.55,880.638,16.029,920.449,1.0
2026,6,Monaco Grand Prix,Q,RUS,27,SOFT,,monaco-grand-prix_corner_07,monaco-grand-prix_corner_07,0.55,996.004,18.269,996.004,0.4918
2026,6,Monaco Grand Prix,Q,RUS,27,SOFT,,monaco-grand-prix_corner_08,monaco-grand-prix_corner_08,0.55,1159.793,23.469,1159.793,0.1074
2026,6,Monaco Grand Prix,Q,RUS,27,SOFT,,monaco-grand-prix_corner_09,monaco-grand-prix_corner_09,0.55,1318.42,30.989,1429.803,1.0
2026,6,Monaco Grand Prix,Q,RUS,27,SOFT,,monaco-grand-prix_corner_13,monaco-grand-prix_corner_13,0.55,2072.0,45.989,2125.966,0.707
2026,6,Monaco Grand Prix,Q,RUS,27,SOFT,,monaco-grand-prix_corner_17,monaco-grand-prix_corner_17,0.55,2675.492,57.949,2705.103,0.5746
2026,6,Monaco Grand Prix,Q,RUS,27,SOFT,,monaco-grand-prix_corner_18,monaco-grand-prix_corner_18,0.55,2874.825,63.789,,0.101
2026,6,Monaco Grand Prix,Q,SAI,22,SOFT,,monaco-grand-prix_corner_02,monaco-grand-prix_corner_02,0.55,218.965,4.368,252.676,1.0
2026,6,Monaco Grand Prix,Q,SAI,22,SOFT,,monaco-grand-prix_corner_06,monaco-grand-prix_corner_06,0.55,873.049,15.969,930.072,1.0
2026,6,Monaco Grand Prix,Q,SAI,22,SOFT,,monaco-grand-prix_corner_07,monaco-grand-prix_corner_07,0.55,994.661,18.568,994.661,0.4886
2026,6,Monaco Grand Prix,Q,SAI,22,SOFT,,monaco-grand-prix_corner_08,monaco-grand-prix_corner_08,0.55,1158.722,23.809,1158.722,0.1193
2026,6,Monaco Grand Prix,Q,SAI,22,SOFT,,monaco-grand-prix_corner_09,monaco-grand-prix_corner_09,0.55,1318.07,31.368,1439.646,1.0
2026,6,Monaco Grand Prix,Q,SAI,22,SOFT,,monaco-grand-prix_corner_13,monaco-grand-prix_corner_13,0.55,2071.868,46.569,2125.957,0.5842
2026,6,Monaco Grand Prix,Q,SAI,22,SOFT,,monaco-grand-prix_corner_17,monaco-grand-prix_corner_17,0.55,2681.688,59.049,2713.665,1.0
2026,6,Monaco Grand Prix,Q,SAI,22,SOFT,,monaco-grand-prix_corner_18,monaco-grand-prix_corner_18,0.55,2856.465,64.249,,0.149
2026,6,Monaco Grand Prix,Q,STR,5,SOFT,,monaco-grand-prix_corner_02,monaco-grand-prix_corner_02,0.55,192.928,3.684,235.653,1.0
2026,6,Monaco Grand Prix,Q,STR,5,SOFT,,monaco-grand-prix_corner_06,monaco-grand-prix_corner_06,0.55,906.937,17.444,933.518,1.0
2026,6,Monaco Grand Prix,Q,STR,5,SOFT,,monaco-grand-prix_corner_07,monaco-grand-prix_corner_07,0.55,989.185,19.163,989.185,0.3094
2026,6,Monaco Grand Prix,Q,STR,5,SOFT,,monaco-grand-prix_corner_08,monaco-grand-prix_corner_08,0.55,1152.828,24.404,1158.834,0.0956
2026,6,Monaco Grand Prix,Q,STR,5,SOFT,,monaco-grand-prix_corner_09,monaco-grand-prix_corner_09,0.55,1320.361,32.363,1431.402,1.0
2026,6,Monaco Grand Prix,Q,STR,5,SOFT,,monaco-grand-prix_corner_13,monaco-grand-prix_corner_13,0.55,2074.148,48.084,2118.348,0.572
2026,6,Monaco Grand Prix,Q,STR,5,SOFT,,monaco-grand-prix_corner_17,monaco-grand-prix_corner_17,0.55,2674.514,60.804,2728.847,0.653
2026,6,Monaco Grand Prix,Q,STR,5,SOFT,,monaco-grand-prix_corner_18,monaco-grand-prix_corner_18,0.55,2867.346,66.644,,0.1543
2026,6,Monaco Grand Prix,Q,VER,25,SOFT,,monaco-grand-prix_corner_02,monaco-grand-prix_corner_02,0.55,198.869,3.776,255.403,1.0
2026,6,Monaco Grand Prix,Q,VER,25,SOFT,,monaco-grand-prix_corner_06,monaco-grand-prix_corner_06,0.55,823.236,14.296,931.44,1.0
2026,6,Monaco Grand Prix,Q,VER,25,SOFT,,monaco-grand-prix_corner_07,monaco-grand-prix_corner_07,0.55,994.451,17.976,994.451,0.2207
2026,6,Monaco Grand Prix,Q,VER,25,SOFT,,monaco-grand-prix_corner_08,monaco-grand-prix_corner_08,0.55,1152.662,22.816,1152.662,0.0434
2026,6,Monaco Grand Prix,Q,VER,25,SOFT,,monaco-grand-prix_corner_09,monaco-grand-prix_corner_09,0.55,1320.299,30.296,1437.765,1.0
2026,6,Monaco Grand Prix,Q,VER,25,SOFT,,monaco-grand-prix_corner_13,monaco-grand-prix_corner_13,0.55,2085.303,45.816,,0.5221
2026,6,Monaco Grand Prix,Q,VER,25,SOFT,,monaco-grand-prix_corner_17,monaco-grand-prix_corner_17,0.55,2679.278,57.616,2721.056,1.0
2026,6,Monaco Grand Prix,Q,VER,25,SOFT,,monaco-grand-prix_corner_18,monaco-grand-prix_corner_18,0.55,2799.889,60.136,2799.889,0.0117
2026,6,Monaco Grand Prix,R,ALB,78,SOFT,,monaco-grand-prix_corner_02,monaco-grand-prix_corner_02,0.55,194.96,3.791,251.771,1.0
2026,6,Monaco Grand Prix,R,ALB,78,SOFT,,monaco-grand-prix_corner_06,monaco-grand-prix_corner_06,0.55,884.746,17.191,938.212,1.0
2026,6,Monaco Grand Prix,R,ALB,78,SOFT,,monaco-grand-prix_corner_07,monaco-grand-prix_corner_07,0.55,993.112,19.511,993.112,0.3406
2026,6,Monaco Grand Prix,R,ALB,78,SOFT,,monaco-grand-prix_corner_08,monaco-grand-prix_corner_08,0.55,1153.995,24.791,,0.1474
2026,6,Monaco Grand Prix,R,ALB,78,SOFT,,monaco-grand-prix_corner_09,monaco-grand-prix_corner_09,0.55,1316.051,32.631,1455.071,1.0
2026,6,Monaco Grand Prix,R,ALB,78,SOFT,,monaco-grand-prix_corner_13,monaco-grand-prix_corner_13,0.55,2070.451,48.51,,0.7444
2026,6,Monaco Grand Prix,R,ALB,78,SOFT,,monaco-grand-prix_corner_17,monaco-grand-prix_corner_17,0.55,2664.188,60.99,2723.095,0.0
2026,6,Monaco Grand Prix,R,ALB,78,SOFT,,monaco-grand-prix_corner_18,monaco-grand-prix_corner_18,0.55,2855.862,66.671,,0.2312
2026,6,Monaco Grand Prix,R,ALO,77,SOFT,,monaco-grand-prix_corner_02,monaco-grand-prix_corner_02,0.55,203.184,4.139,235.773,1.0
2026,6,Monaco Grand Prix,R,ALO,77,SOFT,,monaco-grand-prix_corner_06,monaco-grand-prix_corner_06,0.55,872.774,16.939,940.307,1.0
2026,6,Monaco Grand Prix,R,ALO,77,SOFT,,monaco-grand-prix_corner_07,monaco-grand-prix_corner_07,0.55,997.852,19.619,997.852,0.4023
2026,6,Monaco Grand Prix,R,ALO,77,SOFT,,monaco-grand-prix_corner_08,monaco-grand-prix_corner_08,0.55,1163.331,25.059,,0.0616
2026,6,Monaco Grand Prix,R,ALO,77,SOFT,,monaco-grand-prix_corner_09,monaco-grand-prix_corner_09,0.55,1314.991,32.539,1434.353,1.0
2026,6,Monaco Grand Prix,R,ALO,77,SOFT,,monaco-grand-prix_corner_13,monaco-grand-prix_corner_13,0.55,2063.409,48.7,,0.5598
2026,6,Monaco Grand Prix,R,ALO,77,SOFT,,monaco-grand-prix_corner_17,monaco-grand-prix_corner_17,0.55,2667.476,61.82,2713.464,0.0
2026,6,Monaco Grand Prix,R,ALO,77,SOFT,,monaco-grand-prix_corner_18,monaco-grand-prix_corner_18,0.55,2854.419,67.66,,0.2889
2026,6,Monaco Grand Prix,R,ANT,76,SOFT,,monaco-grand-prix_corner_02,monaco-grand-prix_corner_02,0.55,193.034,3.894,229.48,1.0
2026,6,Monaco Grand Prix,R,ANT,76,SOFT,,monaco-grand-prix_corner_06,monaco-grand-prix_corner_06,0.55,865.195,16.014,919.484,1.0
2026,6,Monaco Grand Prix,R,ANT,76,SOFT,,monaco-grand-prix_corner_07,monaco-grand-prix_corner_07,0.55,987.938,18.574,987.938,0.4117
2026,6,Monaco Grand Prix,R,ANT,76,SOFT,,monaco-grand-prix_corner_08,monaco-grand-prix_corner_08,0.55,1155.205,23.734,,0.2478
2026,6,Monaco Grand Prix,R,ANT,76,SOFT,,monaco-grand-prix_corner_09,monaco-grand-prix_corner_09,0.55,1315.551,31.373,1435.959,1.0
2026,6,Monaco Grand Prix,R,ANT,76,SOFT,,monaco-grand-prix_corner_13,monaco-grand-prix_corner_13,0.55,2068.171,46.734,,0.5301
2026,6,Monaco Grand Prix,R,ANT,76,SOFT,,monaco-grand-prix_corner_17,monaco-grand-prix_corner_17,0.55,2717.342,59.814,2717.342,0.0
2026,6,Monaco Grand Prix,R,ANT,76,SOFT,,monaco-grand-prix_corner_18,monaco-grand-prix_corner_18,0.55,2869.959,64.615,,0.1442
2026,6,Monaco Grand Prix,R,BEA,22,HARD,,monaco-grand-prix_corner_02,monaco-grand-prix_corner_02,0.55,192.011,3.718,243.976,1.0
2026,6,Monaco Grand Prix,R,BEA,22,HARD,,monaco-grand-prix_corner_06,monaco-grand-prix_corner_06,0.55,865.462,16.958,945.732,1.0
2026,6,Monaco Grand Prix,R,BEA,22,HARD,,monaco-grand-prix_corner_07,monaco-grand-prix_corner_07,0.55,988.666,19.798,988.666,0.3629
2026,6,Monaco Grand Prix,R,BEA,22,HARD,,monaco-grand-prix_corner_08,monaco-grand-prix_corner_08,0.55,1153.817,25.118,,0.1077
2026,6,Monaco Grand Prix,R,BEA,22,HARD,,monaco-grand-prix_corner_09,monaco-grand-prix_corner_09,0.55,1322.294,33.278,1476.764,0.9667
2026,6,Monaco Grand Prix,R,BEA,22,HARD,,monaco-grand-prix_corner_13,monaco-grand-prix_corner_13,0.55,2082.009,49.438,,0.4318
2026,6,Monaco Grand Prix,R,BEA,22,HARD,,monaco-grand-prix_corner_17,monaco-grand-prix_corner_17,0.55,2687.875,62.878,,0.669
2026,6,Monaco Grand Prix,R,BEA,22,HARD,,monaco-grand-prix_corner_18,monaco-grand-prix_corner_18,0.55,2876.116,68.598,,0.01
2026,6,Monaco Grand Prix,R,BOR,46,MEDIUM,,monaco-grand-prix_corner_02,monaco-grand-prix_corner_02,0.55,197.929,3.768,257.359,1.0
2026,6,Monaco Grand Prix,R,BOR,46,MEDIUM,,monaco-grand-prix_corner_06,monaco-grand-prix_corner_06,0.55,827.854,15.568,939.658,1.0
2026,6,Monaco Grand Prix,R,BOR,46,MEDIUM,,monaco-grand-prix_corner_07,monaco-grand-prix_corner_07,0.55,992.245,19.488,992.245,0.3638
2026,6,Monaco Grand Prix,R,BOR,46,MEDIUM,,monaco-grand-prix_corner_08,monaco-grand-prix_corner_08,0.55,1154.054,24.689,,0.1164
2026,6,Monaco Grand Prix,R,BOR,46,MEDIUM,,monaco-grand-prix_corner_09,monaco-grand-prix_corner_09,0.55,1320.3,32.569,1449.216,0.96
2026,6,Monaco Grand Prix,R,BOR,46,MEDIUM,,monaco-grand-prix_corner_13,monaco-grand-prix_corner_13,0.55,2075.454,48.368,,0.5098
2026,6,Monaco Grand Prix,R,BOR,46,MEDIUM,,monaco-grand-prix_corner_17,monaco-grand-prix_corner_17,0.55,2678.345,61.528,2719.734,0.3152
2026,6,Monaco Grand Prix,R,BOR,46,MEDIUM,,monaco-grand-prix_corner_18,monaco-grand-prix_corner_18,0.55,2862.834,66.968,,0.0724
2026,6,Monaco Grand Prix,R,BOT,8,MEDIUM,,monaco-grand-prix_corner_02,monaco-grand-prix_corner_02,0.55,201.0,4.178,257.178,1.0
2026,6,Monaco Grand Prix,R,BOT,8,MEDIUM,,monaco-grand-prix_corner_06,monaco-grand-prix_corner_06,0.55,822.34,16.538,932.12,1.0
2026,6,Monaco Grand Prix,R,BOT,8,MEDIUM,,monaco-grand-prix_corner_07,monaco-grand-prix_corner_07,0.55,993.753,20.697,993.753,0.4552
2026,6,Monaco Grand Prix,R,BOT,8,MEDIUM,,monaco-grand-prix_corner_08,monaco-grand-prix_corner_08,0.55,1151.403,26.098,,0.1047
2026,6,Monaco Grand Prix,R,BOT,8,MEDIUM,,monaco-grand-prix_corner_09,monaco-grand-prix_corner_09,0.55,1381.765,36.898,1437.798,1.0
2026,6,Monaco Grand Prix,R,BOT,8,MEDIUM,,monaco-grand-prix_corner_13,monaco-grand-prix_corner_13,0.55,2069.847,51.018,,0.5497
2026,6,Monaco Grand Prix,R,BOT,8,MEDIUM,,monaco-grand-prix_corner_17,monaco-grand-prix_corner_17,0.55,2670.442,65.018,2715.198,0.2001
2026,6,Monaco Grand Prix,R,BOT,8,MEDIUM,,monaco-grand-prix_corner_18,monaco-grand-prix_corner_18,0.55,2857.578,70.858,,0.1429
2026,6,Monaco Grand Prix,R,COL,74,SOFT,,monaco-grand-prix_corner_02,monaco-grand-prix_corner_02,0.55,203.837,4.199,242.092,1.0
2026,6,Monaco Grand Prix,R,COL,74,SOFT,,monaco-grand-prix_corner_06,monaco-grand-prix_corner_06,0.55,866.118,16.798,949.933,1.0
2026,6,Monaco Grand Prix,R,COL,74,SOFT,,monaco-grand-prix_corner_07,monaco-grand-prix_corner_07,0.55,990.822,19.519,990.822,0.4043
2026,6,Monaco Grand Prix,R,COL,74,SOFT,,monaco-grand-prix_corner_08,monaco-grand-prix_corner_08,0.55,1157.102,24.959,,0.1957
2026,6,Monaco Grand Prix,R,COL,74,SOFT,,monaco-grand-prix_corner_09,monaco-grand-prix_corner_09,0.55,1319.926,32.959,1454.757,0.9425
2026,6,Monaco Grand Prix,R,COL,74,SOFT,,monaco-grand-prix_corner_13,monaco-grand-prix_corner_13,0.55,2079.441,48.918,,0.5223
2026,6,Monaco Grand Prix,R,COL,74,SOFT,,monaco-grand-prix_corner_17,monaco-grand-prix_corner_17,0.55,2676.988,61.238,2725.921,0.4695
2026,6,Monaco Grand Prix,R,COL,74,SOFT,,monaco-grand-prix_corner_18,monaco-grand-prix_corner_18,0.55,2863.231,66.759,,0.0913
2026,6,Monaco Grand Prix,R,GAS,77,SOFT,,monaco-grand-prix_corner_02,monaco-grand-prix_corner_02,0.55,200.28,3.864,237.058,1.0
2026,6,Monaco Grand Prix,R,GAS,77,SOFT,,monaco-grand-prix_corner_06,monaco-grand-prix_corner_06,0.55,823.048,15.104,970.048,1.0
2026,6,Monaco Grand Prix,R,GAS,77,SOFT,,monaco-grand-prix_corner_07,monaco-grand-prix_corner_07,0.55,999.915,19.025,999.915,0.2785
2026,6,Monaco Grand Prix,R,GAS,77,SOFT,,monaco-grand-prix_corner_08,monaco-grand-prix_corner_08,0.55,1158.945,24.104,,0.0
2026,6,Monaco Grand Prix,R,GAS,77,SOFT,,monaco-grand-prix_corner_09,monaco-grand-prix_corner_09,0.55,1317.281,31.504,1440.213,1.0
2026,6,Monaco Grand Prix,R,GAS,77,SOFT,,monaco-grand-prix_corner_13,monaco-grand-prix_corner_13,0.55,2087.165,47.904,,0.4353
2026,6,Monaco Grand Prix,R,GAS,77,SOFT,,monaco-grand-prix_corner_17,monaco-grand-prix_corner_17,0.55,2693.455,60.545,2730.71,0.5
2026,6,Monaco Grand Prix,R,GAS,77,SOFT,,monaco-grand-prix_corner_18,monaco-grand-prix_corner_18,0.55,2867.707,65.945,,0.0352
2026,6,Monaco Grand Prix,R,HAD,77,SOFT,,monaco-grand-prix_corner_02,monaco-grand-prix_corner_02,0.55,201.187,4.051,243.876,1.0
2026,6,Monaco Grand Prix,R,HAD,77,SOFT,,monaco-grand-prix_corner_06,monaco-grand-prix_corner_06,0.55,881.161,16.812,932.82,1.0
2026,6,Monaco Grand Prix,R,HAD,77,SOFT,,monaco-grand-prix_corner_07,monaco-grand-prix_corner_07,0.55,992.554,19.131,992.554,0.3471
2026,6,Monaco Grand Prix,R,HAD,77,SOFT,,monaco-grand-prix_corner_08,monaco-grand-prix_corner_08,0.55,1152.873,24.171,1163.917,0.0637
2026,6,Monaco Grand Prix,R,HAD,77,SOFT,,monaco-grand-prix_corner_09,monaco-grand-prix_corner_09,0.55,1324.41,32.091,1436.66,1.0
2026,6,Monaco Grand Prix,R,HAD,77,SOFT,,monaco-grand-prix_corner_13,monaco-grand-prix_corner_13,0.55,2077.713,47.851,2124.992,0.5146
2026,6,Monaco Grand Prix,R,HAD,77,SOFT,,monaco-grand-prix_corner_17,monaco-grand-prix_corner_17,0.55,2683.572,60.531,2714.005,1.0
2026,6,Monaco Grand Prix,R,HAD,77,SOFT,,monaco-grand-prix_corner_18,monaco-grand-prix_corner_18,0.55,2797.138,63.092,,0.0404
2026,6,Monaco Grand Prix,R,HAM,74,SOFT,,monaco-grand-prix_corner_02,monaco-grand-prix_corner_02,0.55,190.014,3.881,245.036,1.0
2026,6,Monaco Grand Prix,R,HAM,74,SOFT,,monaco-grand-prix_corner_06,monaco-grand-prix_corner_06,0.55,867.577,16.481,938.344,0.9933
2026,6,Monaco Grand Prix,R,HAM,74,SOFT,,monaco-grand-prix_corner_07,monaco-grand-prix_corner_07,0.55,997.488,19.201,997.488,0.3794
2026,6,Monaco Grand Prix,R,HAM,74,SOFT,,monaco-grand-prix_corner_08,monaco-grand-prix_corner_08,0.55,1157.439,24.321,,0.1406
2026,6,Monaco Grand Prix,R,HAM,74,SOFT,,monaco-grand-prix_corner_09,monaco-grand-prix_corner_09,0.55,1317.649,31.841,1440.608,1.0
2026,6,Monaco Grand Prix,R,HAM,74,SOFT,,monaco-grand-prix_corner_13,monaco-grand-prix_corner_13,0.55,2074.412,47.402,,0.4737
2026,6,Monaco Grand Prix,R,HAM,74,SOFT,,monaco-grand-prix_corner_17,monaco-grand-prix_corner_17,0.55,2670.208,59.642,2728.641,0.323
2026,6,Monaco Grand Prix,R,HAM,74,SOFT,,monaco-grand-prix_corner_18,monaco-grand-prix_corner_18,0.55,2859.799,65.041,,0.1186
2026,6,Monaco Grand Prix,R,HUL,15,HARD,,monaco-grand-prix_corner_02,monaco-grand-prix_corner_02,0.55,199.992,3.862,264.144,1.0
2026,6,Monaco Grand Prix,R,HUL,15,HARD,,monaco-grand-prix_corner_06,monaco-grand-prix_corner_06,0.55,876.444,16.742,942.235,1.0
2026,6,Monaco Grand Prix,R,HUL,15,HARD,,monaco-grand-prix_corner_07,monaco-grand-prix_corner_07,0.55,996.646,19.381,996.646,0.4139
2026,6,Monaco Grand Prix,R,HUL,15,HARD,,monaco-grand-prix_corner_08,monaco-grand-prix_corner_08,0.55,1154.169,24.542,,0.0713
2026,6,Monaco Grand Prix,R,HUL,15,HARD,,monaco-grand-prix_corner_09,monaco-grand-prix_corner_09,0.55,1324.534,32.581,1449.993,0.9875
2026,6,Monaco Grand Prix,R,HUL,15,HARD,,monaco-grand-prix_corner_13,monaco-grand-prix_corner_13,0.55,2080.277,48.342,,0.4233
2026,6,Monaco Grand Prix,R,HUL,15,HARD,,monaco-grand-prix_corner_17,monaco-grand-prix_corner_17,0.55,2654.952,60.502,2713.33,0.6624
2026,6,Monaco Grand Prix,R,HUL,15,HARD,,monaco-grand-prix_corner_18,monaco-grand-prix_corner_18,0.55,2866.882,66.942,,0.0653
2026,6,Monaco Grand Prix,R,LAW,76,SOFT,,monaco-grand-prix_corner_02,monaco-grand-prix_corner_02,0.55,195.483,3.918,257.905,1.0
2026,6,Monaco Grand Prix,R,LAW,76,SOFT,,monaco-grand-prix_corner_06,monaco-grand-prix_corner_06,0.55,873.995,16.718,947.273,1.0
2026,6,Monaco Grand Prix,R,LAW,76,SOFT,,monaco-grand-prix_corner_07,monaco-grand-prix_corner_07,0.55,987.662,19.158,987.662,0.3296
2026,6,Monaco Grand Prix,R,LAW,76,SOFT,,monaco-grand-prix_corner_08,monaco-grand-prix_corner_08,0.55,1154.951,24.398,,0.1055
2026,6,Monaco Grand Prix,R,LAW,76,SOFT,,monaco-grand-prix_corner_09,monaco-grand-prix_corner_09,0.55,1319.247,32.198,1436.297,1.0
2026,6,Monaco Grand Prix,R,LAW,76,SOFT,,monaco-grand-prix_corner_13,monaco-grand-prix_corner_13,0.55,2085.219,48.238,,0.4732
2026,6,Monaco Grand Prix,R,LAW,76,SOFT,,monaco-grand-prix_corner_17,monaco-grand-prix_corner_17,0.55,2681.819,60.678,2726.797,0.9867
2026,6,Monaco Grand Prix,R,LAW,76,SOFT,,monaco-grand-prix_corner_18,monaco-grand-prix_corner_18,0.55,2874.265,66.398,,0.0203
2026,6,Monaco Grand Prix,R,LEC,53,HARD,,monaco-grand-prix_corner_02,monaco-grand-prix_corner_02,0.55,191.378,3.632,254.901,1.0
2026,6,Monaco Grand Prix,R,LEC,53,HARD,,monaco-grand-prix_corner_06,monaco-grand-prix_corner_06,0.55,823.77,15.272,939.449,1.0
2026,6,Monaco Grand Prix,R,LEC,53,HARD,,monaco-grand-prix_corner_07,monaco-grand-prix_corner_07,0.55,988.127,19.071,988.127,0.383
2026,6,Monaco Grand Prix,R,LEC,53,HARD,,monaco-grand-prix_corner_08,monaco-grand-prix_corner_08,0.55,1154.641,24.392,,0.0765
2026,6,Monaco Grand Prix,R,LEC,53,HARD,,monaco-grand-prix_corner_09,monaco-grand-prix_corner_09,0.55,1316.996,32.031,1459.835,0.9733
2026,6,Monaco Grand Prix,R,LEC,53,HARD,,monaco-grand-prix_corner_13,monaco-grand-prix_corner_13,0.55,2079.814,48.152,,0.4745
2026,6,Monaco Grand Prix,R,LEC,53,HARD,,monaco-grand-prix_corner_17,monaco-grand-prix_corner_17,0.55,2687.0,60.992,2734.833,0.505
2026,6,Monaco Grand Prix,R,LEC,53,HARD,,monaco-grand-prix_corner_18,monaco-grand-prix_corner_18,0.55,2869.95,66.392,,0.0308
2026,6,Monaco Grand Prix,R,LIN,76,SOFT,,monaco-grand-prix_corner_02,monaco-grand-prix_corner_02,0.55,200.238,3.998,236.049,1.0
2026,6,Monaco Grand Prix,R,LIN,76,SOFT,,monaco-grand-prix_corner_06,monaco-grand-prix_corner_06,0.55,869.51,16.478,931.877,1.0
2026,6,Monaco Grand Prix,R,LIN,76,SOFT,,monaco-grand-prix_corner_07,monaco-grand-prix_corner_07,0.55,987.099,19.118,987.099,0.3245
2026,6,Monaco Grand Prix,R,LIN,76,SOFT,,monaco-grand-prix_corner_08,monaco-grand-prix_corner_08,0.55,1151.077,24.238,,0.0658
2026,6,Monaco Grand Prix,R,LIN,76,SOFT,,monaco-grand-prix_corner_09,monaco-grand-prix_corner_09,0.55,1321.999,32.118,1442.079,1.0
2026,6,Monaco Grand Prix,R,LIN,76,SOFT,,monaco-grand-prix_corner_13,monaco-grand-prix_corner_13,0.55,2088.171,48.238,,0.4343
2026,6,Monaco Grand Prix,R,LIN,76,SOFT,,monaco-grand-prix_corner_17,monaco-grand-prix_corner_17,0.55,2689.648,60.959,2731.239,1.0
2026,6,Monaco Grand Prix,R,LIN,76,SOFT,,monaco-grand-prix_corner_18,monaco-grand-prix_corner_18,0.55,2792.639,63.278,2792.639,0.0052
2026,6,Monaco Grand Prix,R,NOR,34,MEDIUM,,monaco-grand-prix_corner_02,monaco-grand-prix_corner_02,0.55,206.229,4.237,257.171,1.0
2026,6,Monaco Grand Prix,R,NOR,34,MEDIUM,,monaco-grand-prix_corner_06,monaco-grand-prix_corner_06,0.55,827.141,15.637,,0.72
2026,6,Monaco Grand Prix,R,NOR,34,MEDIUM,,monaco-grand-prix_corner_07,monaco-grand-prix_corner_07,0.55,989.656,19.518,989.656,0.2024
2026,6,Monaco Grand Prix,R,NOR,34,MEDIUM,,monaco-grand-prix_corner_08,monaco-grand-prix_corner_08,0.55,1164.882,25.078,,0.0487
2026,6,Monaco Grand Prix,R,NOR,34,MEDIUM,,monaco-grand-prix_corner_09,monaco-grand-prix_corner_09,0.55,1316.763,32.638,1469.387,0.895
2026,6,Monaco Grand Prix,R,NOR,34,MEDIUM,,monaco-grand-prix_corner_13,monaco-grand-prix_corner_13,0.55,2084.763,49.237,,0.2804
2026,6,Monaco Grand Prix,R,NOR,34,MEDIUM,,monaco-grand-prix_corner_17,monaco-grand-prix_corner_17,0.55,2693.956,62.357,,0.45
2026,6,Monaco Grand Prix,R,NOR,34,MEDIUM,,monaco-grand-prix_corner_18,monaco-grand-prix_corner_18,0.55,2885.122,68.397,,0.0114
2026,6,Monaco Grand Prix,R,OCO,77,SOFT,,monaco-grand-prix_corner_02,monaco-grand-prix_corner_02,0.55,206.114,4.27,246.179,1.0
2026,6,Monaco Grand Prix,R,OCO,77,SOFT,,monaco-grand-prix_corner_06,monaco-grand-prix_corner_06,0.55,876.258,16.91,939.518,0.92
2026,6,Monaco Grand Prix,R,OCO,77,SOFT,,monaco-grand-prix_corner_07,monaco-grand-prix_corner_07,0.55,996.549,19.51,,0.4477
2026,6,Monaco Grand Prix,R,OCO,77,SOFT,,monaco-grand-prix_corner_08,monaco-grand-prix_corner_08,0.55,1230.825,28.67,,0.2208
2026,6,Monaco Grand Prix,R,OCO,77,SOFT,,monaco-grand-prix_corner_09,monaco-grand-prix_corner_09,0.55,1320.471,32.791,1441.418,1.0
2026,6,Monaco Grand Prix,R,OCO,77,SOFT,,monaco-grand-prix_corner_13,monaco-grand-prix_corner_13,0.55,2066.644,48.43,,0.6372
2026,6,Monaco Grand Prix,R,OCO,77,SOFT,,monaco-grand-prix_corner_17,monaco-grand-prix_corner_17,0.55,2667.329,61.35,2752.952,0.0093
2026,6,Monaco Grand Prix,R,OCO,77,SOFT,,monaco-grand-prix_corner_18,monaco-grand-prix_corner_18,0.55,2864.231,67.27,,0.107
2026,6,Monaco Grand Prix,R,PER,78,SOFT,,monaco-grand-prix_corner_02,monaco-grand-prix_corner_02,0.55,192.123,3.927,242.429,1.0
2026,6,Monaco Grand Prix,R,PER,78,SOFT,,monaco-grand-prix_corner_06,monaco-grand-prix_corner_06,0.55,865.384,16.807,940.398,1.0
2026,6,Monaco Grand Prix,R,PER,78,SOFT,,monaco-grand-prix_corner_07,monaco-grand-prix_corner_07,0.55,1104.016,23.207,,0.3154
2026,6,Monaco Grand Prix,R,PER,78,SOFT,,monaco-grand-prix_corner_08,monaco-grand-prix_corner_08,0.55,1153.286,24.928,,0.1051
2026,6,Monaco Grand Prix,R,PER,78,SOFT,,monaco-grand-prix_corner_09,monaco-grand-prix_corner_09,0.55,1315.874,32.768,1437.489,0.97
2026,6,Monaco Grand Prix,R,PER,78,SOFT,,monaco-grand-prix_corner_13,monaco-grand-prix_corner_13,0.55,2097.82,49.607,,0.5546
2026,6,Monaco Grand Prix,R,PER,78,SOFT,,monaco-grand-prix_corner_17,monaco-grand-prix_corner_17,0.55,2683.648,61.728,2725.67,0.5445
2026,6,Monaco Grand Prix,R,PER,78,SOFT,,monaco-grand-prix_corner_18,monaco-grand-prix_corner_18,0.55,2871.287,67.648,,0.0944
2026,6,Monaco Grand Prix,R,PIA,76,SOFT,,monaco-grand-prix_corner_02,monaco-grand-prix_corner_02,0.55,199.929,4.067,267.835,0.99
2026,6,Monaco Grand Prix,R,PIA,76,SOFT,,monaco-grand-prix_corner_06,monaco-grand-prix_corner_06,0.55,876.204,16.747,962.204,0.99
2026,6,Monaco Grand Prix,R,PIA,76,SOFT,,monaco-grand-prix_corner_07,monaco-grand-prix_corner_07,0.55,997.837,19.267,,0.3146
2026,6,Monaco Grand Prix,R,PIA,76,SOFT,,monaco-grand-prix_corner_08,monaco-grand-prix_corner_08,0.55,1159.048,24.587,,0.1011
2026,6,Monaco Grand Prix,R,PIA,76,SOFT,,monaco-grand-prix_corner_09,monaco-grand-prix_corner_09,0.55,1319.136,32.387,1459.358,0.9733
2026,6,Monaco Grand Prix,R,PIA,76,SOFT,,monaco-grand-prix_corner_13,monaco-grand-prix_corner_13,0.55,2080.519,48.347,,0.5284
2026,6,Monaco Grand Prix,R,PIA,76,SOFT,,monaco-grand-prix_corner_17,monaco-grand-prix_corner_17,0.55,2684.203,60.787,2739.947,0.3247
2026,6,Monaco Grand Prix,R,PIA,76,SOFT,,monaco-grand-prix_corner_18,monaco-grand-prix_corner_18,0.55,2871.152,66.547,,0.0289
2026,6,Monaco Grand Prix,R,RUS,56,HARD,,monaco-grand-prix_corner_02,monaco-grand-prix_corner_02,0.55,193.761,3.698,237.325,1.0
2026,6,Monaco Grand Prix,R,RUS,56,HARD,,monaco-grand-prix_corner_06,monaco-grand-prix_corner_06,0.55,871.964,16.458,941.825,1.0
2026,6,Monaco Grand Prix,R,RUS,56,HARD,,monaco-grand-prix_corner_07,monaco-grand-prix_corner_07,0.55,997.747,19.139,997.747,0.1855
2026,6,Monaco Grand Prix,R,RUS,56,HARD,,monaco-grand-prix_corner_08,monaco-grand-prix_corner_08,0.55,1155.478,24.259,,0.0249
2026,6,Monaco Grand Prix,R,RUS,56,HARD,,monaco-grand-prix_corner_09,monaco-grand-prix_corner_09,0.55,1318.722,32.099,1445.576,1.0
2026,6,Monaco Grand Prix,R,RUS,56,HARD,,monaco-grand-prix_corner_13,monaco-grand-prix_corner_13,0.55,2079.51,48.099,2134.635,0.5091
2026,6,Monaco Grand Prix,R,RUS,56,HARD,,monaco-grand-prix_corner_17,monaco-grand-prix_corner_17,0.55,2678.339,60.579,2724.65,0.5048
2026,6,Monaco Grand Prix,R,RUS,56,HARD,,monaco-grand-prix_corner_18,monaco-grand-prix_corner_18,0.55,2877.349,66.819,,0.0526
2026,6,Monaco Grand Prix,R,SAI,51,MEDIUM,,monaco-grand-prix_corner_02,monaco-grand-prix_corner_02,0.55,200.359,3.935,257.648,1.0
2026,6,Monaco Grand Prix,R,SAI,51,MEDIUM,,monaco-grand-prix_corner_06,monaco-grand-prix_corner_06,0.55,868.129,16.975,945.396,1.0
2026,6,Monaco Grand Prix,R,SAI,51,MEDIUM,,monaco-grand-prix_corner_07,monaco-grand-prix_corner_07,0.55,1000.299,19.936,,0.3655
2026,6,Monaco Grand Prix,R,SAI,51,MEDIUM,,monaco-grand-prix_corner_08,monaco-grand-prix_corner_08,0.55,1158.633,25.335,,0.1288
2026,6,Monaco Grand Prix,R,SAI,51,MEDIUM,,monaco-grand-prix_corner_09,monaco-grand-prix_corner_09,0.55,1318.138,33.336,1464.066,0.905
2026,6,Monaco Grand Prix,R,SAI,51,MEDIUM,,monaco-grand-prix_corner_13,monaco-grand-prix_corner_13,0.55,2069.241,49.336,,0.6145
2026,6,Monaco Grand Prix,R,SAI,51,MEDIUM,,monaco-grand-prix_corner_17,monaco-grand-prix_corner_17,0.55,2671.805,62.496,,0.0175
2026,6,Monaco Grand Prix,R,SAI,51,MEDIUM,,monaco-grand-prix_corner_18,monaco-grand-prix_corner_18,0.55,2861.058,68.496,,0.2898
2026,6,Monaco Grand Prix,R,STR,36,SOFT,,monaco-grand-prix_corner_02,monaco-grand-prix_corner_02,0.55,199.866,3.922,245.999,1.0
2026,6,Monaco Grand Prix,R,STR,36,SOFT,,monaco-grand-prix_corner_06,monaco-grand-prix_corner_06,0.55,877.519,17.362,934.364,1.0
2026,6,Monaco Grand Prix,R,STR,36,SOFT,,monaco-grand-prix_corner_07,monaco-grand-prix_corner_07,0.55,986.924,19.883,986.924,0.2964
2026,6,Monaco Grand Prix,R,STR,36,SOFT,,monaco-grand-prix_corner_08,monaco-grand-prix_corner_08,0.55,1151.444,25.282,,0.1218
2026,6,Monaco Grand Prix,R,STR,36,SOFT,,monaco-grand-prix_corner_09,monaco-grand-prix_corner_09,0.55,1316.584,33.682,1424.996,1.0
2026,6,Monaco Grand Prix,R,STR,36,SOFT,,monaco-grand-prix_corner_13,monaco-grand-prix_corner_13,0.55,2073.08,49.922,2131.857,0.527
2026,6,Monaco Grand Prix,R,STR,36,SOFT,,monaco-grand-prix_corner_17,monaco-grand-prix_corner_17,0.55,2667.086,63.162,2702.442,0.0
2026,6,Monaco Grand Prix,R,STR,36,SOFT,,monaco-grand-prix_corner_18,monaco-grand-prix_corner_18,0.55,2853.189,69.002,,0.1511
2026,7,Barcelona Grand Prix,Q,ALB,8,SOFT,,barcelona-grand-prix_corner_04,barcelona-grand-prix_corner_04,0.55,822.194,10.213,,0.422
2026,7,Barcelona Grand Prix,Q,ALB,8,SOFT,,barcelona-grand-prix_corner_08,barcelona-grand-prix_corner_08,0.55,1722.457,24.974,1839.079,0.9667
2026,7,Barcelona Grand Prix,Q,ALB,8,SOFT,,barcelona-grand-prix_corner_09,barcelona-grand-prix_corner_09,0.55,1868.757,28.094,1868.757,0.0
2026,7,Barcelona Grand Prix,Q,ALB,8,SOFT,,barcelona-grand-prix_corner_10,barcelona-grand-prix_corner_10,0.55,2110.345,33.174,2202.701,1.0
2026,7,Barcelona Grand Prix,Q,ALB,8,SOFT,,barcelona-grand-prix_corner_11,barcelona-grand-prix_corner_11,0.55,2349.462,38.094,2349.462,0.1241
2026,7,Barcelona Grand Prix,Q,ALB,8,SOFT,,barcelona-grand-prix_corner_15,barcelona-grand-prix_corner_15,0.55,3274.133,52.454,3274.133,0.0
2026,7,Barcelona Grand Prix,Q,ALB,8,SOFT,,barcelona-grand-prix_corner_16,barcelona-grand-prix_corner_16,0.55,3509.744,57.094,3608.944,0.0
2026,7,Barcelona Grand Prix,Q,ALB,8,SOFT,,barcelona-grand-prix_corner_17,barcelona-grand-prix_corner_17,0.55,3822.448,64.814,3896.103,1.0
2026,7,Barcelona Grand Prix,Q,ALO,7,SOFT,,barcelona-grand-prix_corner_04,barcelona-grand-prix_corner_04,0.55,834.52,10.544,,0.3558
2026,7,Barcelona Grand Prix,Q,ALO,7,SOFT,,barcelona-grand-prix_corner_08,barcelona-grand-prix_corner_08,0.55,1734.203,25.984,1791.714,1.0
2026,7,Barcelona Grand Prix,Q,ALO,7,SOFT,,barcelona-grand-prix_corner_09,barcelona-grand-prix_corner_09,0.55,1877.358,28.904,1877.358,0.0
2026,7,Barcelona Grand Prix,Q,ALO,7,SOFT,,barcelona-grand-prix_corner_10,barcelona-grand-prix_corner_10,0.55,2115.792,34.344,2173.481,1.0
2026,7,Barcelona Grand Prix,Q,ALO,7,SOFT,,barcelona-grand-prix_corner_11,barcelona-grand-prix_corner_11,0.55,2357.712,39.024,2357.712,0.296
2026,7,Barcelona Grand Prix,Q,ALO,7,SOFT,,barcelona-grand-prix_corner_15,barcelona-grand-prix_corner_15,0.55,3271.221,53.544,3271.221,0.0566
2026,7,Barcelona Grand Prix,Q,ALO,7,SOFT,,barcelona-grand-prix_corner_16,barcelona-grand-prix_corner_16,0.55,3505.923,58.424,3586.979,0.0
2026,7,Barcelona Grand Prix,Q,ALO,7,SOFT,,barcelona-grand-prix_corner_17,barcelona-grand-prix_corner_17,0.55,3768.215,64.785,3857.916,1.0
2026,7,Barcelona Grand Prix,Q,ANT,13,SOFT,,barcelona-grand-prix_corner_04,barcelona-grand-prix_corner_04,0.55,844.077,10.393,,0.4301
2026,7,Barcelona Grand Prix,Q,ANT,13,SOFT,,barcelona-grand-prix_corner_08,barcelona-grand-prix_corner_08,0.55,1720.415,24.273,1791.137,1.0
2026,7,Barcelona Grand Prix,Q,ANT,13,SOFT,,barcelona-grand-prix_corner_09,barcelona-grand-prix_corner_09,0.55,1871.593,27.233,1871.593,0.0011
2026,7,Barcelona Grand Prix,Q,ANT,13,SOFT,,barcelona-grand-prix_corner_10,barcelona-grand-prix_corner_10,0.55,2113.812,32.313,2206.097,1.0
2026,7,Barcelona Grand Prix,Q,ANT,13,SOFT,,barcelona-grand-prix_corner_11,barcelona-grand-prix_corner_11,0.55,2343.618,36.673,2343.618,0.393
2026,7,Barcelona Grand Prix,Q,ANT,13,SOFT,,barcelona-grand-prix_corner_15,barcelona-grand-prix_corner_15,0.55,3271.352,50.793,3271.352,0.0893
2026,7,Barcelona Grand Prix,Q,ANT,13,SOFT,,barcelona-grand-prix_corner_16,barcelona-grand-prix_corner_16,0.55,3508.999,55.714,3569.594,0.0
2026,7,Barcelona Grand Prix,Q,ANT,13,SOFT,,barcelona-grand-prix_corner_17,barcelona-grand-prix_corner_17,0.55,3768.487,61.754,3868.62,1.0
2026,7,Barcelona Grand Prix,Q,BEA,14,SOFT,,barcelona-grand-prix_corner_04,barcelona-grand-prix_corner_04,0.55,828.292,10.091,,0.3899
2026,7,Barcelona Grand Prix,Q,BEA,14,SOFT,,barcelona-grand-prix_corner_08,barcelona-grand-prix_corner_08,0.55,1709.128,24.291,1829.946,1.0
2026,7,Barcelona Grand Prix,Q,BEA,14,SOFT,,barcelona-grand-prix_corner_09,barcelona-grand-prix_corner_09,0.55,1879.335,27.772,1879.335,0.0014
2026,7,Barcelona Grand Prix,Q,BEA,14,SOFT,,barcelona-grand-prix_corner_10,barcelona-grand-prix_corner_10,0.55,2113.329,32.851,2197.302,1.0
2026,7,Barcelona Grand Prix,Q,BEA,14,SOFT,,barcelona-grand-prix_corner_11,barcelona-grand-prix_corner_11,0.55,2342.435,37.451,2342.435,0.2899
2026,7,Barcelona Grand Prix,Q,BEA,14,SOFT,,barcelona-grand-prix_corner_15,barcelona-grand-prix_corner_15,0.55,3279.044,51.971,3279.044,0.1814
2026,7,Barcelona Grand Prix,Q,BEA,14,SOFT,,barcelona-grand-prix_corner_16,barcelona-grand-prix_corner_16,0.55,3501.325,56.731,3584.314,0.0192
2026,7,Barcelona Grand Prix,Q,BEA,14,SOFT,,barcelona-grand-prix_corner_17,barcelona-grand-prix_corner_17,0.55,3755.649,62.811,3883.424,1.0
2026,7,Barcelona Grand Prix,Q,BOR,8,SOFT,,barcelona-grand-prix_corner_04,barcelona-grand-prix_corner_04,0.55,705.324,7.75,705.324,0.396
2026,7,Barcelona Grand Prix,Q,BOR,8,SOFT,,barcelona-grand-prix_corner_08,barcelona-grand-prix_corner_08,0.55,1713.424,24.35,1814.298,1.0
2026,7,Barcelona Grand Prix,Q,BOR,8,SOFT,,barcelona-grand-prix_corner_09,barcelona-grand-prix_corner_09,0.55,1878.244,27.75,1878.244,0.0
2026,7,Barcelona Grand Prix,Q,BOR,8,SOFT,,barcelona-grand-prix_corner_10,barcelona-grand-prix_corner_10,0.55,2112.231,32.711,2183.352,1.0
2026,7,Barcelona Grand Prix,Q,BOR,8,SOFT,,barcelona-grand-prix_corner_11,barcelona-grand-prix_corner_11,0.55,2360.841,37.59,2360.841,0.3761
2026,7,Barcelona Grand Prix,Q,BOR,8,SOFT,,barcelona-grand-prix_corner_15,barcelona-grand-prix_corner_15,0.55,3277.701,51.751,3277.701,0.2023
2026,7,Barcelona Grand Prix,Q,BOR,8,SOFT,,barcelona-grand-prix_corner_16,barcelona-grand-prix_corner_16,0.55,3502.928,56.75,3576.013,0.0
2026,7,Barcelona Grand Prix,Q,BOR,8,SOFT,,barcelona-grand-prix_corner_17,barcelona-grand-prix_corner_17,0.55,3761.781,62.91,3855.434,1.0
2026,7,Barcelona Grand Prix,Q,BOT,8,SOFT,,barcelona-grand-prix_corner_04,barcelona-grand-prix_corner_04,0.55,820.01,10.133,,0.3995
2026,7,Barcelona Grand Prix,Q,BOT,8,SOFT,,barcelona-grand-prix_corner_08,barcelona-grand-prix_corner_08,0.55,1695.287,24.533,1808.265,1.0
2026,7,Barcelona Grand Prix,Q,BOT,8,SOFT,,barcelona-grand-prix_corner_09,barcelona-grand-prix_corner_09,0.55,1879.914,28.374,1879.914,0.0778
2026,7,Barcelona Grand Prix,Q,BOT,8,SOFT,,barcelona-grand-prix_corner_10,barcelona-grand-prix_corner_10,0.55,2109.173,33.613,2173.876,1.0
2026,7,Barcelona Grand Prix,Q,BOT,8,SOFT,,barcelona-grand-prix_corner_11,barcelona-grand-prix_corner_11,0.55,2343.25,38.173,2343.25,0.3439
2026,7,Barcelona Grand Prix,Q,BOT,8,SOFT,,barcelona-grand-prix_corner_15,barcelona-grand-prix_corner_15,0.55,3277.723,52.893,3277.723,0.1642
2026,7,Barcelona Grand Prix,Q,BOT,8,SOFT,,barcelona-grand-prix_corner_16,barcelona-grand-prix_corner_16,0.55,3500.539,58.013,3534.383,0.0557
2026,7,Barcelona Grand Prix,Q,BOT,8,SOFT,,barcelona-grand-prix_corner_17,barcelona-grand-prix_corner_17,0.55,3738.564,63.773,3839.786,1.0
2026,7,Barcelona Grand Prix,Q,COL,11,SOFT,,barcelona-grand-prix_corner_04,barcelona-grand-prix_corner_04,0.55,838.671,10.423,,0.4643
2026,7,Barcelona Grand Prix,Q,COL,11,SOFT,,barcelona-grand-prix_corner_08,barcelona-grand-prix_corner_08,0.55,1718.379,24.543,1817.457,1.0
2026,7,Barcelona Grand Prix,Q,COL,11,SOFT,,barcelona-grand-prix_corner_09,barcelona-grand-prix_corner_09,0.55,1884.524,27.864,1884.524,0.0
2026,7,Barcelona Grand Prix,Q,COL,11,SOFT,,barcelona-grand-prix_corner_10,barcelona-grand-prix_corner_10,0.55,2119.469,32.984,2214.473,1.0
2026,7,Barcelona Grand Prix,Q,COL,11,SOFT,,barcelona-grand-prix_corner_11,barcelona-grand-prix_corner_11,0.55,2339.151,37.143,2339.151,0.1321
2026,7,Barcelona Grand Prix,Q,COL,11,SOFT,,barcelona-grand-prix_corner_15,barcelona-grand-prix_corner_15,0.55,3281.912,51.503,3281.912,0.0
2026,7,Barcelona Grand Prix,Q,COL,11,SOFT,,barcelona-grand-prix_corner_16,barcelona-grand-prix_corner_16,0.55,3517.563,56.023,3657.732,0.0
2026,7,Barcelona Grand Prix,Q,COL,11,SOFT,,barcelona-grand-prix_corner_17,barcelona-grand-prix_corner_17,0.55,3791.652,62.503,3886.585,1.0
2026,7,Barcelona Grand Prix,Q,GAS,11,SOFT,,barcelona-grand-prix_corner_04,barcelona-grand-prix_corner_04,0.55,700.889,7.605,700.889,0.3696
2026,7,Barcelona Grand Prix,Q,GAS,11,SOFT,,barcelona-grand-prix_corner_08,barcelona-grand-prix_corner_08,0.55,1722.399,24.406,1808.646,0.9573
2026,7,Barcelona Grand Prix,Q,GAS,11,SOFT,,barcelona-grand-prix_corner_09,barcelona-grand-prix_corner_09,0.55,1871.279,27.525,1871.279,0.0
2026,7,Barcelona Grand Prix,Q,GAS,11,SOFT,,barcelona-grand-prix_corner_10,barcelona-grand-prix_corner_10,0.55,2126.422,32.885,2201.011,1.0
2026,7,Barcelona Grand Prix,Q,GAS,11,SOFT,,barcelona-grand-prix_corner_11,barcelona-grand-prix_corner_11,0.55,2354.862,37.406,2354.862,0.1197
2026,7,Barcelona Grand Prix,Q,GAS,11,SOFT,,barcelona-grand-prix_corner_15,barcelona-grand-prix_corner_15,0.55,3269.356,51.446,3269.356,0.0
2026,7,Barcelona Grand Prix,Q,GAS,11,SOFT,,barcelona-grand-prix_corner_16,barcelona-grand-prix_corner_16,0.55,3508.149,55.885,3614.89,0.0
2026,7,Barcelona Grand Prix,Q,GAS,11,SOFT,,barcelona-grand-prix_corner_17,barcelona-grand-prix_corner_17,0.55,3785.074,62.565,3899.074,1.0
2026,7,Barcelona Grand Prix,Q,HAD,13,SOFT,,barcelona-grand-prix_corner_04,barcelona-grand-prix_corner_04,0.55,703.911,7.773,703.911,0.3008
2026,7,Barcelona Grand Prix,Q,HAD,13,SOFT,,barcelona-grand-prix_corner_08,barcelona-grand-prix_corner_08,0.55,1732.704,24.532,1798.359,1.0
2026,7,Barcelona Grand Prix,Q,HAD,13,SOFT,,barcelona-grand-prix_corner_09,barcelona-grand-prix_corner_09,0.55,1890.381,27.533,1890.381,0.0
2026,7,Barcelona Grand Prix,Q,HAD,13,SOFT,,barcelona-grand-prix_corner_10,barcelona-grand-prix_corner_10,0.55,2119.152,32.492,2176.849,1.0
2026,7,Barcelona Grand Prix,Q,HAD,13,SOFT,,barcelona-grand-prix_corner_11,barcelona-grand-prix_corner_11,0.55,2350.678,36.892,2350.678,0.2756
2026,7,Barcelona Grand Prix,Q,HAD,13,SOFT,,barcelona-grand-prix_corner_15,barcelona-grand-prix_corner_15,0.55,3287.007,51.092,3287.007,0.074
2026,7,Barcelona Grand Prix,Q,HAD,13,SOFT,,barcelona-grand-prix_corner_16,barcelona-grand-prix_corner_16,0.55,3511.296,55.893,3571.131,0.0
2026,7,Barcelona Grand Prix,Q,HAD,13,SOFT,,barcelona-grand-prix_corner_17,barcelona-grand-prix_corner_17,0.55,3772.949,61.973,3868.927,1.0
2026,7,Barcelona Grand Prix,Q,HAM,13,SOFT,,barcelona-grand-prix_corner_04,barcelona-grand-prix_corner_04,0.55,703.981,7.679,703.981,0.3363
2026,7,Barcelona Grand Prix,Q,HAM,13,SOFT,,barcelona-grand-prix_corner_08,barcelona-grand-prix_corner_08,0.55,1707.809,23.718,1835.294,1.0
2026,7,Barcelona Grand Prix,Q,HAM,13,SOFT,,barcelona-grand-prix_corner_09,barcelona-grand-prix_corner_09,0.55,1882.538,27.199,1882.538,0.0
2026,7,Barcelona Grand Prix,Q,HAM,13,SOFT,,barcelona-grand-prix_corner_10,barcelona-grand-prix_corner_10,0.55,2111.673,31.998,2187.337,1.0
2026,7,Barcelona Grand Prix,Q,HAM,13,SOFT,,barcelona-grand-prix_corner_11,barcelona-grand-prix_corner_11,0.55,2335.913,36.518,2335.913,0.3769
2026,7,Barcelona Grand Prix,Q,HAM,13,SOFT,,barcelona-grand-prix_corner_15,barcelona-grand-prix_corner_15,0.55,3269.5,50.518,3269.5,0.1077
2026,7,Barcelona Grand Prix,Q,HAM,13,SOFT,,barcelona-grand-prix_corner_16,barcelona-grand-prix_corner_16,0.55,3503.875,55.119,3570.186,0.0869
2026,7,Barcelona Grand Prix,Q,HAM,13,SOFT,,barcelona-grand-prix_corner_17,barcelona-grand-prix_corner_17,0.55,3771.239,61.359,3870.493,0.9975
2026,7,Barcelona Grand Prix,Q,HUL,11,SOFT,,barcelona-grand-prix_corner_04,barcelona-grand-prix_corner_04,0.55,705.579,7.731,,0.3622
2026,7,Barcelona Grand Prix,Q,HUL,11,SOFT,,barcelona-grand-prix_corner_08,barcelona-grand-prix_corner_08,0.55,1707.666,24.25,1816.855,1.0
2026,7,Barcelona Grand Prix,Q,HUL,11,SOFT,,barcelona-grand-prix_corner_09,barcelona-grand-prix_corner_09,0.55,1873.898,27.651,1873.898,0.0
2026,7,Barcelona Grand Prix,Q,HUL,11,SOFT,,barcelona-grand-prix_corner_10,barcelona-grand-prix_corner_10,0.55,2114.635,32.81,2190.663,1.0
2026,7,Barcelona Grand Prix,Q,HUL,11,SOFT,,barcelona-grand-prix_corner_11,barcelona-grand-prix_corner_11,0.55,2342.396,37.37,2342.396,0.3336
2026,7,Barcelona Grand Prix,Q,HUL,11,SOFT,,barcelona-grand-prix_corner_15,barcelona-grand-prix_corner_15,0.55,3267.242,51.49,3267.242,0.0181
2026,7,Barcelona Grand Prix,Q,HUL,11,SOFT,,barcelona-grand-prix_corner_16,barcelona-grand-prix_corner_16,0.55,3500.447,56.09,3610.481,0.0016
2026,7,Barcelona Grand Prix,Q,HUL,11,SOFT,,barcelona-grand-prix_corner_17,barcelona-grand-prix_corner_17,0.55,3743.188,61.731,3863.92,1.0
2026,7,Barcelona Grand Prix,Q,LAW,8,SOFT,,barcelona-grand-prix_corner_04,barcelona-grand-prix_corner_04,0.55,826.824,10.181,,0.4652
2026,7,Barcelona Grand Prix,Q,LAW,8,SOFT,,barcelona-grand-prix_corner_08,barcelona-grand-prix_corner_08,0.55,1722.564,24.621,1830.919,1.0
2026,7,Barcelona Grand Prix,Q,LAW,8,SOFT,,barcelona-grand-prix_corner_09,barcelona-grand-prix_corner_09,0.55,1882.253,27.741,1882.253,0.0
2026,7,Barcelona Grand Prix,Q,LAW,8,SOFT,,barcelona-grand-prix_corner_10,barcelona-grand-prix_corner_10,0.55,2107.477,32.461,2191.477,1.0
2026,7,Barcelona Grand Prix,Q,LAW,8,SOFT,,barcelona-grand-prix_corner_11,barcelona-grand-prix_corner_11,0.55,2353.668,37.302,2353.668,0.3226
2026,7,Barcelona Grand Prix,Q,LAW,8,SOFT,,barcelona-grand-prix_corner_15,barcelona-grand-prix_corner_15,0.55,3286.806,51.621,3286.806,0.1423
2026,7,Barcelona Grand Prix,Q,LAW,8,SOFT,,barcelona-grand-prix_corner_16,barcelona-grand-prix_corner_16,0.55,3504.54,56.381,3597.614,0.0
2026,7,Barcelona Grand Prix,Q,LAW,8,SOFT,,barcelona-grand-prix_corner_17,barcelona-grand-prix_corner_17,0.55,3752.414,62.061,3870.872,1.0
2026,7,Barcelona Grand Prix,Q,LEC,5,SOFT,,barcelona-grand-prix_corner_04,barcelona-grand-prix_corner_04,0.55,701.216,7.729,701.216,0.4023
2026,7,Barcelona Grand Prix,Q,LEC,5,SOFT,,barcelona-grand-prix_corner_08,barcelona-grand-prix_corner_08,0.55,1705.047,24.01,1792.756,1.0
2026,7,Barcelona Grand Prix,Q,LEC,5,SOFT,,barcelona-grand-prix_corner_09,barcelona-grand-prix_corner_09,0.55,1875.189,27.409,1875.189,0.0
2026,7,Barcelona Grand Prix,Q,LEC,5,SOFT,,barcelona-grand-prix_corner_10,barcelona-grand-prix_corner_10,0.55,2109.917,32.449,2186.028,1.0
2026,7,Barcelona Grand Prix,Q,LEC,5,SOFT,,barcelona-grand-prix_corner_11,barcelona-grand-prix_corner_11,0.55,2353.884,37.21,2353.884,0.3062
2026,7,Barcelona Grand Prix,Q,LEC,5,SOFT,,barcelona-grand-prix_corner_15,barcelona-grand-prix_corner_15,0.55,3271.342,51.05,3271.342,0.0321
2026,7,Barcelona Grand Prix,Q,LEC,5,SOFT,,barcelona-grand-prix_corner_16,barcelona-grand-prix_corner_16,0.55,3502.2,55.569,3567.734,0.0206
2026,7,Barcelona Grand Prix,Q,LEC,5,SOFT,,barcelona-grand-prix_corner_17,barcelona-grand-prix_corner_17,0.55,3775.723,61.929,3871.426,1.0
2026,7,Barcelona Grand Prix,Q,LIN,5,SOFT,,barcelona-grand-prix_corner_04,barcelona-grand-prix_corner_04,0.55,833.969,10.234,,0.3896
2026,7,Barcelona Grand Prix,Q,LIN,5,SOFT,,barcelona-grand-prix_corner_08,barcelona-grand-prix_corner_08,0.55,1726.953,24.554,1840.671,0.995
2026,7,Barcelona Grand Prix,Q,LIN,5,SOFT,,barcelona-grand-prix_corner_09,barcelona-grand-prix_corner_09,0.55,1883.626,27.755,1883.626,0.0014
2026,7,Barcelona Grand Prix,Q,LIN,5,SOFT,,barcelona-grand-prix_corner_10,barcelona-grand-prix_corner_10,0.55,2108.241,32.594,2178.338,1.0
2026,7,Barcelona Grand Prix,Q,LIN,5,SOFT,,barcelona-grand-prix_corner_11,barcelona-grand-prix_corner_11,0.55,2343.992,37.354,2343.992,0.389
2026,7,Barcelona Grand Prix,Q,LIN,5,SOFT,,barcelona-grand-prix_corner_15,barcelona-grand-prix_corner_15,0.55,3272.453,51.634,3272.453,0.0538
2026,7,Barcelona Grand Prix,Q,LIN,5,SOFT,,barcelona-grand-prix_corner_16,barcelona-grand-prix_corner_16,0.55,3501.112,56.434,3588.712,0.0
2026,7,Barcelona Grand Prix,Q,LIN,5,SOFT,,barcelona-grand-prix_corner_17,barcelona-grand-prix_corner_17,0.55,3758.643,62.474,3850.821,1.0
2026,7,Barcelona Grand Prix,Q,NOR,13,SOFT,,barcelona-grand-prix_corner_04,barcelona-grand-prix_corner_04,0.55,843.546,10.482,,0.4058
2026,7,Barcelona Grand Prix,Q,NOR,13,SOFT,,barcelona-grand-prix_corner_08,barcelona-grand-prix_corner_08,0.55,1725.419,24.442,1837.675,1.0
2026,7,Barcelona Grand Prix,Q,NOR,13,SOFT,,barcelona-grand-prix_corner_09,barcelona-grand-prix_corner_09,0.55,1868.122,27.283,1868.122,0.0
2026,7,Barcelona Grand Prix,Q,NOR,13,SOFT,,barcelona-grand-prix_corner_10,barcelona-grand-prix_corner_10,0.55,2118.277,32.482,2191.582,1.0
2026,7,Barcelona Grand Prix,Q,NOR,13,SOFT,,barcelona-grand-prix_corner_11,barcelona-grand-prix_corner_11,0.55,2340.324,36.842,2340.324,0.3007
2026,7,Barcelona Grand Prix,Q,NOR,13,SOFT,,barcelona-grand-prix_corner_15,barcelona-grand-prix_corner_15,0.55,3275.353,51.042,3275.353,0.0895
2026,7,Barcelona Grand Prix,Q,NOR,13,SOFT,,barcelona-grand-prix_corner_16,barcelona-grand-prix_corner_16,0.55,3501.484,55.723,3566.956,0.0
2026,7,Barcelona Grand Prix,Q,NOR,13,SOFT,,barcelona-grand-prix_corner_17,barcelona-grand-prix_corner_17,0.55,3769.189,61.923,3867.267,1.0
2026,7,Barcelona Grand Prix,Q,OCO,8,SOFT,,barcelona-grand-prix_corner_04,barcelona-grand-prix_corner_04,0.55,838.496,10.302,,0.3879
2026,7,Barcelona Grand Prix,Q,OCO,8,SOFT,,barcelona-grand-prix_corner_08,barcelona-grand-prix_corner_08,0.55,1729.574,25.022,1834.319,0.9875
2026,7,Barcelona Grand Prix,Q,OCO,8,SOFT,,barcelona-grand-prix_corner_09,barcelona-grand-prix_corner_09,0.55,1878.131,28.102,1878.131,0.0
2026,7,Barcelona Grand Prix,Q,OCO,8,SOFT,,barcelona-grand-prix_corner_10,barcelona-grand-prix_corner_10,0.55,2116.065,33.062,2215.543,1.0
2026,7,Barcelona Grand Prix,Q,OCO,8,SOFT,,barcelona-grand-prix_corner_11,barcelona-grand-prix_corner_11,0.55,2342.309,37.702,2342.309,0.0469
2026,7,Barcelona Grand Prix,Q,OCO,8,SOFT,,barcelona-grand-prix_corner_15,barcelona-grand-prix_corner_15,0.55,3269.354,52.062,3269.354,0.0
2026,7,Barcelona Grand Prix,Q,OCO,8,SOFT,,barcelona-grand-prix_corner_16,barcelona-grand-prix_corner_16,0.55,3517.671,56.862,3586.359,0.0
2026,7,Barcelona Grand Prix,Q,OCO,8,SOFT,,barcelona-grand-prix_corner_17,barcelona-grand-prix_corner_17,0.55,3789.492,63.502,3901.614,1.0
2026,7,Barcelona Grand Prix,Q,PER,5,SOFT,,barcelona-grand-prix_corner_04,barcelona-grand-prix_corner_04,0.55,866.975,11.116,,0.4022
2026,7,Barcelona Grand Prix,Q,PER,5,SOFT,,barcelona-grand-prix_corner_08,barcelona-grand-prix_corner_08,0.55,1731.062,25.196,1802.151,1.0
2026,7,Barcelona Grand Prix,Q,PER,5,SOFT,,barcelona-grand-prix_corner_09,barcelona-grand-prix_corner_09,0.55,1870.796,28.076,1870.796,0.0
2026,7,Barcelona Grand Prix,Q,PER,5,SOFT,,barcelona-grand-prix_corner_10,barcelona-grand-prix_corner_10,0.55,2123.149,33.476,2185.183,1.0
2026,7,Barcelona Grand Prix,Q,PER,5,SOFT,,barcelona-grand-prix_corner_11,barcelona-grand-prix_corner_11,0.55,2352.016,38.036,2352.016,0.1967
2026,7,Barcelona Grand Prix,Q,PER,5,SOFT,,barcelona-grand-prix_corner_15,barcelona-grand-prix_corner_15,0.55,3284.581,52.716,3284.581,0.0578
2026,7,Barcelona Grand Prix,Q,PER,5,SOFT,,barcelona-grand-prix_corner_16,barcelona-grand-prix_corner_16,0.55,3505.364,57.476,3562.386,0.0272
2026,7,Barcelona Grand Prix,Q,PER,5,SOFT,,barcelona-grand-prix_corner_17,barcelona-grand-prix_corner_17,0.55,3768.96,63.836,3885.305,1.0
2026,7,Barcelona Grand Prix,Q,PIA,14,SOFT,,barcelona-grand-prix_corner_04,barcelona-grand-prix_corner_04,0.55,701.404,7.695,,0.3288
2026,7,Barcelona Grand Prix,Q,PIA,14,SOFT,,barcelona-grand-prix_corner_08,barcelona-grand-prix_corner_08,0.55,1702.168,23.975,1848.409,0.98
2026,7,Barcelona Grand Prix,Q,PIA,14,SOFT,,barcelona-grand-prix_corner_09,barcelona-grand-prix_corner_09,0.55,1879.87,27.455,1889.914,0.0
2026,7,Barcelona Grand Prix,Q,PIA,14,SOFT,,barcelona-grand-prix_corner_10,barcelona-grand-prix_corner_10,0.55,2109.594,32.376,2174.041,0.99
2026,7,Barcelona Grand Prix,Q,PIA,14,SOFT,,barcelona-grand-prix_corner_11,barcelona-grand-prix_corner_11,0.55,2348.418,36.975,2348.418,0.3728
2026,7,Barcelona Grand Prix,Q,PIA,14,SOFT,,barcelona-grand-prix_corner_15,barcelona-grand-prix_corner_15,0.55,3274.344,51.056,3274.344,0.0242
2026,7,Barcelona Grand Prix,Q,PIA,14,SOFT,,barcelona-grand-prix_corner_16,barcelona-grand-prix_corner_16,0.55,3502.079,55.815,3591.643,0.0
2026,7,Barcelona Grand Prix,Q,PIA,14,SOFT,,barcelona-grand-prix_corner_17,barcelona-grand-prix_corner_17,0.55,3759.985,61.815,3865.127,0.99
2026,7,Barcelona Grand Prix,Q,RUS,12,SOFT,,barcelona-grand-prix_corner_04,barcelona-grand-prix_corner_04,0.55,712.021,7.794,,0.3818
2026,7,Barcelona Grand Prix,Q,RUS,12,SOFT,,barcelona-grand-prix_corner_08,barcelona-grand-prix_corner_08,0.55,1708.485,24.114,1795.518,1.0
2026,7,Barcelona Grand Prix,Q,RUS,12,SOFT,,barcelona-grand-prix_corner_09,barcelona-grand-prix_corner_09,0.55,1887.796,27.554,1887.796,0.0
2026,7,Barcelona Grand Prix,Q,RUS,12,SOFT,,barcelona-grand-prix_corner_10,barcelona-grand-prix_corner_10,0.55,2114.005,32.594,2163.105,1.0
2026,7,Barcelona Grand Prix,Q,RUS,12,SOFT,,barcelona-grand-prix_corner_11,barcelona-grand-prix_corner_11,0.55,2339.007,36.795,2339.007,0.4152
2026,7,Barcelona Grand Prix,Q,RUS,12,SOFT,,barcelona-grand-prix_corner_15,barcelona-grand-prix_corner_15,0.55,3286.407,50.995,3286.407,0.0186
2026,7,Barcelona Grand Prix,Q,RUS,12,SOFT,,barcelona-grand-prix_corner_16,barcelona-grand-prix_corner_16,0.55,3511.412,55.915,3565.712,0.0
2026,7,Barcelona Grand Prix,Q,RUS,12,SOFT,,barcelona-grand-prix_corner_17,barcelona-grand-prix_corner_17,0.55,3768.649,61.835,3836.693,1.0
2026,7,Barcelona Grand Prix,Q,SAI,8,SOFT,,barcelona-grand-prix_corner_04,barcelona-grand-prix_corner_04,0.55,701.686,7.742,,0.4338
2026,7,Barcelona Grand Prix,Q,SAI,8,SOFT,,barcelona-grand-prix_corner_08,barcelona-grand-prix_corner_08,0.55,1710.85,24.622,1811.861,1.0
2026,7,Barcelona Grand Prix,Q,SAI,8,SOFT,,barcelona-grand-prix_corner_09,barcelona-grand-prix_corner_09,0.55,1873.639,27.982,1873.639,0.0
2026,7,Barcelona Grand Prix,Q,SAI,8,SOFT,,barcelona-grand-prix_corner_10,barcelona-grand-prix_corner_10,0.55,2106.575,32.942,2186.775,1.0
2026,7,Barcelona Grand Prix,Q,SAI,8,SOFT,,barcelona-grand-prix_corner_11,barcelona-grand-prix_corner_11,0.55,2341.33,37.662,2341.33,0.0886
2026,7,Barcelona Grand Prix,Q,SAI,8,SOFT,,barcelona-grand-prix_corner_15,barcelona-grand-prix_corner_15,0.55,3267.491,51.943,3267.491,0.011
2026,7,Barcelona Grand Prix,Q,SAI,8,SOFT,,barcelona-grand-prix_corner_16,barcelona-grand-prix_corner_16,0.55,3513.798,56.782,3648.343,0.0
2026,7,Barcelona Grand Prix,Q,SAI,8,SOFT,,barcelona-grand-prix_corner_17,barcelona-grand-prix_corner_17,0.55,3762.421,62.742,3902.862,1.0
2026,7,Barcelona Grand Prix,Q,STR,7,SOFT,,barcelona-grand-prix_corner_04,barcelona-grand-prix_corner_04,0.55,713.427,8.059,713.427,0.3949
2026,7,Barcelona Grand Prix,Q,STR,7,SOFT,,barcelona-grand-prix_corner_08,barcelona-grand-prix_corner_08,0.55,1718.079,25.419,1826.049,1.0
2026,7,Barcelona Grand Prix,Q,STR,7,SOFT,,barcelona-grand-prix_corner_09,barcelona-grand-prix_corner_09,0.55,1870.949,28.659,1870.949,0.0
2026,7,Barcelona Grand Prix,Q,STR,7,SOFT,,barcelona-grand-prix_corner_10,barcelona-grand-prix_corner_10,0.55,2105.071,33.659,2176.626,1.0
2026,7,Barcelona Grand Prix,Q,STR,7,SOFT,,barcelona-grand-prix_corner_11,barcelona-grand-prix_corner_11,0.55,2335.082,38.499,2335.082,0.0485
2026,7,Barcelona Grand Prix,Q,STR,7,SOFT,,barcelona-grand-prix_corner_15,barcelona-grand-prix_corner_15,0.55,3350.359,54.219,3350.359,0.0
2026,7,Barcelona Grand Prix,Q,STR,7,SOFT,,barcelona-grand-prix_corner_16,barcelona-grand-prix_corner_16,0.55,3510.326,57.939,3595.103,0.0046
2026,7,Barcelona Grand Prix,Q,STR,7,SOFT,,barcelona-grand-prix_corner_17,barcelona-grand-prix_corner_17,0.55,3776.614,64.539,3881.723,1.0
2026,7,Barcelona Grand Prix,Q,VER,11,SOFT,,barcelona-grand-prix_corner_04,barcelona-grand-prix_corner_04,0.55,831.138,10.207,,0.3291
2026,7,Barcelona Grand Prix,Q,VER,11,SOFT,,barcelona-grand-prix_corner_08,barcelona-grand-prix_corner_08,0.55,1731.152,24.487,1816.244,1.0
2026,7,Barcelona Grand Prix,Q,VER,11,SOFT,,barcelona-grand-prix_corner_09,barcelona-grand-prix_corner_09,0.55,1877.767,27.326,1877.767,0.0
2026,7,Barcelona Grand Prix,Q,VER,11,SOFT,,barcelona-grand-prix_corner_10,barcelona-grand-prix_corner_10,0.55,2116.382,32.487,2169.449,1.0
2026,7,Barcelona Grand Prix,Q,VER,11,SOFT,,barcelona-grand-prix_corner_11,barcelona-grand-prix_corner_11,0.55,2345.006,36.767,2345.006,0.3049
2026,7,Barcelona Grand Prix,Q,VER,11,SOFT,,barcelona-grand-prix_corner_15,barcelona-grand-prix_corner_15,0.55,3273.841,50.807,3273.841,0.0431
2026,7,Barcelona Grand Prix,Q,VER,11,SOFT,,barcelona-grand-prix_corner_16,barcelona-grand-prix_corner_16,0.55,3503.809,55.647,3588.398,0.0
2026,7,Barcelona Grand Prix,Q,VER,11,SOFT,,barcelona-grand-prix_corner_17,barcelona-grand-prix_corner_17,0.55,3782.423,62.247,3847.134,1.0
2026,7,Barcelona Grand Prix,R,ALB,54,SOFT,,barcelona-grand-prix_corner_04,barcelona-grand-prix_corner_04,0.55,834.336,10.674,,0.2786
2026,7,Barcelona Grand Prix,R,ALB,54,SOFT,,barcelona-grand-prix_corner_08,barcelona-grand-prix_corner_08,0.55,1727.572,26.834,,0.8267
2026,7,Barcelona Grand Prix,R,ALB,54,SOFT,,barcelona-grand-prix_corner_09,barcelona-grand-prix_corner_09,0.55,1869.223,29.994,1887.357,0.0
2026,7,Barcelona Grand Prix,R,ALB,54,SOFT,,barcelona-grand-prix_corner_10,barcelona-grand-prix_corner_10,0.55,2111.523,35.434,2215.105,1.0
2026,7,Barcelona Grand Prix,R,ALB,54,SOFT,,barcelona-grand-prix_corner_11,barcelona-grand-prix_corner_11,0.55,2337.507,40.114,2337.507,0.1283
2026,7,Barcelona Grand Prix,R,ALB,54,SOFT,,barcelona-grand-prix_corner_15,barcelona-grand-prix_corner_15,0.55,3255.427,55.314,3255.427,0.0
2026,7,Barcelona Grand Prix,R,ALB,54,SOFT,,barcelona-grand-prix_corner_16,barcelona-grand-prix_corner_16,0.55,3506.147,60.314,,0.0
2026,7,Barcelona Grand Prix,R,ALB,54,SOFT,,barcelona-grand-prix_corner_17,barcelona-grand-prix_corner_17,0.55,3781.78,67.595,3927.232,0.9525
2026,7,Barcelona Grand Prix,R,ALO,27,HARD,,barcelona-grand-prix_corner_04,barcelona-grand-prix_corner_04,0.55,843.124,11.291,,0.3254
2026,7,Barcelona Grand Prix,R,ALO,27,HARD,,barcelona-grand-prix_corner_08,barcelona-grand-prix_corner_08,0.55,1717.612,27.611,1832.497,0.9875
2026,7,Barcelona Grand Prix,R,ALO,27,HARD,,barcelona-grand-prix_corner_09,barcelona-grand-prix_corner_09,0.55,1865.451,31.171,1865.451,0.0
2026,7,Barcelona Grand Prix,R,ALO,27,HARD,,barcelona-grand-prix_corner_10,barcelona-grand-prix_corner_10,0.55,2107.923,36.971,2197.779,1.0
2026,7,Barcelona Grand Prix,R,ALO,27,HARD,,barcelona-grand-prix_corner_11,barcelona-grand-prix_corner_11,0.55,2331.254,41.811,2331.254,0.1588
2026,7,Barcelona Grand Prix,R,ALO,27,HARD,,barcelona-grand-prix_corner_15,barcelona-grand-prix_corner_15,0.55,3271.692,57.931,3271.692,0.0
2026,7,Barcelona Grand Prix,R,ALO,27,HARD,,barcelona-grand-prix_corner_16,barcelona-grand-prix_corner_16,0.55,3506.713,63.052,3600.082,0.0
2026,7,Barcelona Grand Prix,R,ALO,27,HARD,,barcelona-grand-prix_corner_17,barcelona-grand-prix_corner_17,0.55,3778.483,70.411,3895.647,1.0
2026,7,Barcelona Grand Prix,R,ANT,46,HARD,,barcelona-grand-prix_corner_04,barcelona-grand-prix_corner_04,0.55,857.099,11.152,,0.2685
2026,7,Barcelona Grand Prix,R,ANT,46,HARD,,barcelona-grand-prix_corner_08,barcelona-grand-prix_corner_08,0.55,1734.782,26.553,1845.156,0.9425
2026,7,Barcelona Grand Prix,R,ANT,46,HARD,,barcelona-grand-prix_corner_09,barcelona-grand-prix_corner_09,0.55,1867.501,29.393,1867.501,0.0
2026,7,Barcelona Grand Prix,R,ANT,46,HARD,,barcelona-grand-prix_corner_10,barcelona-grand-prix_corner_10,0.55,2119.662,35.353,2191.694,1.0
2026,7,Barcelona Grand Prix,R,ANT,46,HARD,,barcelona-grand-prix_corner_11,barcelona-grand-prix_corner_11,0.55,2335.551,39.793,2335.551,0.2419
2026,7,Barcelona Grand Prix,R,ANT,46,HARD,,barcelona-grand-prix_corner_15,barcelona-grand-prix_corner_15,0.55,3256.852,55.074,3256.852,0.0377
2026,7,Barcelona Grand Prix,R,ANT,46,HARD,,barcelona-grand-prix_corner_16,barcelona-grand-prix_corner_16,0.55,3493.291,60.153,3617.278,0.0
2026,7,Barcelona Grand Prix,R,ANT,46,HARD,,barcelona-grand-prix_corner_17,barcelona-grand-prix_corner_17,0.55,3760.841,66.754,3876.37,1.0
2026,7,Barcelona Grand Prix,R,BEA,43,SOFT,,barcelona-grand-prix_corner_04,barcelona-grand-prix_corner_04,0.55,837.075,10.658,,0.271
2026,7,Barcelona Grand Prix,R,BEA,43,SOFT,,barcelona-grand-prix_corner_08,barcelona-grand-prix_corner_08,0.55,1717.599,26.618,,0.8075
2026,7,Barcelona Grand Prix,R,BEA,43,SOFT,,barcelona-grand-prix_corner_09,barcelona-grand-prix_corner_09,0.55,1880.346,30.339,1880.346,0.0
2026,7,Barcelona Grand Prix,R,BEA,43,SOFT,,barcelona-grand-prix_corner_10,barcelona-grand-prix_corner_10,0.55,2107.629,35.377,2234.217,1.0
2026,7,Barcelona Grand Prix,R,BEA,43,SOFT,,barcelona-grand-prix_corner_11,barcelona-grand-prix_corner_11,0.55,2335.856,40.337,2335.856,0.1867
2026,7,Barcelona Grand Prix,R,BEA,43,SOFT,,barcelona-grand-prix_corner_15,barcelona-grand-prix_corner_15,0.55,3262.736,56.018,3262.736,0.0752
2026,7,Barcelona Grand Prix,R,BEA,43,SOFT,,barcelona-grand-prix_corner_16,barcelona-grand-prix_corner_16,0.55,3495.604,60.977,3618.247,0.0
2026,7,Barcelona Grand Prix,R,BEA,43,SOFT,,barcelona-grand-prix_corner_17,barcelona-grand-prix_corner_17,0.55,3752.586,67.618,3909.923,1.0
2026,7,Barcelona Grand Prix,R,BOR,55,SOFT,,barcelona-grand-prix_corner_04,barcelona-grand-prix_corner_04,0.55,845.135,10.843,,0.2954
2026,7,Barcelona Grand Prix,R,BOR,55,SOFT,,barcelona-grand-prix_corner_08,barcelona-grand-prix_corner_08,0.55,1708.884,26.084,,0.787
2026,7,Barcelona Grand Prix,R,BOR,55,SOFT,,barcelona-grand-prix_corner_09,barcelona-grand-prix_corner_09,0.55,1865.649,29.683,1865.649,0.0
2026,7,Barcelona Grand Prix,R,BOR,55,SOFT,,barcelona-grand-prix_corner_10,barcelona-grand-prix_corner_10,0.55,2110.181,35.043,2198.924,1.0
2026,7,Barcelona Grand Prix,R,BOR,55,SOFT,,barcelona-grand-prix_corner_11,barcelona-grand-prix_corner_11,0.55,2325.546,39.684,2325.546,0.2633
2026,7,Barcelona Grand Prix,R,BOR,55,SOFT,,barcelona-grand-prix_corner_15,barcelona-grand-prix_corner_15,0.55,3265.185,55.523,3265.185,0.0476
2026,7,Barcelona Grand Prix,R,BOR,55,SOFT,,barcelona-grand-prix_corner_16,barcelona-grand-prix_corner_16,0.55,3492.764,60.364,3598.467,0.0
2026,7,Barcelona Grand Prix,R,BOR,55,SOFT,,barcelona-grand-prix_corner_17,barcelona-grand-prix_corner_17,0.55,3756.919,67.124,3875.646,0.99
2026,7,Barcelona Grand Prix,R,BOT,3,MEDIUM,,barcelona-grand-prix_corner_04,barcelona-grand-prix_corner_04,0.55,836.699,10.793,,0.35
2026,7,Barcelona Grand Prix,R,BOT,3,MEDIUM,,barcelona-grand-prix_corner_08,barcelona-grand-prix_corner_08,0.55,1706.955,27.314,1856.824,0.87
2026,7,Barcelona Grand Prix,R,BOT,3,MEDIUM,,barcelona-grand-prix_corner_09,barcelona-grand-prix_corner_09,0.55,1880.957,31.394,1880.957,0.0
2026,7,Barcelona Grand Prix,R,BOT,3,MEDIUM,,barcelona-grand-prix_corner_10,barcelona-grand-prix_corner_10,0.55,2098.351,36.794,2180.479,1.0
2026,7,Barcelona Grand Prix,R,BOT,3,MEDIUM,,barcelona-grand-prix_corner_11,barcelona-grand-prix_corner_11,0.55,2331.874,41.955,2331.874,0.275
2026,7,Barcelona Grand Prix,R,BOT,3,MEDIUM,,barcelona-grand-prix_corner_15,barcelona-grand-prix_corner_15,0.55,3459.581,63.074,,0.1447
2026,7,Barcelona Grand Prix,R,BOT,3,MEDIUM,,barcelona-grand-prix_corner_16,barcelona-grand-prix_corner_16,0.55,3494.431,64.353,3564.817,0.0604
2026,7,Barcelona Grand Prix,R,BOT,3,MEDIUM,,barcelona-grand-prix_corner_17,barcelona-grand-prix_corner_17,0.55,3725.758,70.393,3878.223,0.82
2026,7,Barcelona Grand Prix,R,COL,43,HARD,,barcelona-grand-prix_corner_04,barcelona-grand-prix_corner_04,0.55,834.425,10.694,,0.4094
2026,7,Barcelona Grand Prix,R,COL,43,HARD,,barcelona-grand-prix_corner_08,barcelona-grand-prix_corner_08,0.55,1716.243,26.575,,0.8475
2026,7,Barcelona Grand Prix,R,COL,43,HARD,,barcelona-grand-prix_corner_09,barcelona-grand-prix_corner_09,0.55,1867.4,30.054,1867.4,0.0
2026,7,Barcelona Grand Prix,R,COL,43,HARD,,barcelona-grand-prix_corner_10,barcelona-grand-prix_corner_10,0.55,2113.518,35.815,2207.322,1.0
2026,7,Barcelona Grand Prix,R,COL,43,HARD,,barcelona-grand-prix_corner_11,barcelona-grand-prix_corner_11,0.55,2349.65,40.775,2349.65,0.0628
2026,7,Barcelona Grand Prix,R,COL,43,HARD,,barcelona-grand-prix_corner_15,barcelona-grand-prix_corner_15,0.55,3276.603,56.054,3276.603,0.0036
2026,7,Barcelona Grand Prix,R,COL,43,HARD,,barcelona-grand-prix_corner_16,barcelona-grand-prix_corner_16,0.55,3516.196,61.215,3638.133,0.0
2026,7,Barcelona Grand Prix,R,COL,43,HARD,,barcelona-grand-prix_corner_17,barcelona-grand-prix_corner_17,0.55,3788.792,68.375,3904.69,1.0
2026,7,Barcelona Grand Prix,R,GAS,43,HARD,,barcelona-grand-prix_corner_04,barcelona-grand-prix_corner_04,0.55,842.417,10.81,,0.3632
2026,7,Barcelona Grand Prix,R,GAS,43,HARD,,barcelona-grand-prix_corner_08,barcelona-grand-prix_corner_08,0.55,1716.303,26.29,,0.7484
2026,7,Barcelona Grand Prix,R,GAS,43,HARD,,barcelona-grand-prix_corner_09,barcelona-grand-prix_corner_09,0.55,1861.648,29.729,1861.648,0.0
2026,7,Barcelona Grand Prix,R,GAS,43,HARD,,barcelona-grand-prix_corner_10,barcelona-grand-prix_corner_10,0.55,2117.222,35.409,2217.562,1.0
2026,7,Barcelona Grand Prix,R,GAS,43,HARD,,barcelona-grand-prix_corner_11,barcelona-grand-prix_corner_11,0.55,2351.637,40.409,2351.637,0.1673
2026,7,Barcelona Grand Prix,R,GAS,43,HARD,,barcelona-grand-prix_corner_15,barcelona-grand-prix_corner_15,0.55,3256.858,55.73,3256.858,0.0227
2026,7,Barcelona Grand Prix,R,GAS,43,HARD,,barcelona-grand-prix_corner_16,barcelona-grand-prix_corner_16,0.55,3492.777,60.729,,0.0
2026,7,Barcelona Grand Prix,R,GAS,43,HARD,,barcelona-grand-prix_corner_17,barcelona-grand-prix_corner_17,0.55,3758.982,67.69,3878.606,1.0
2026,7,Barcelona Grand Prix,R,HAD,60,SOFT,,barcelona-grand-prix_corner_04,barcelona-grand-prix_corner_04,0.55,841.443,10.636,,0.1707
2026,7,Barcelona Grand Prix,R,HAD,60,SOFT,,barcelona-grand-prix_corner_08,barcelona-grand-prix_corner_08,0.55,1734.495,26.196,1855.374,0.88
2026,7,Barcelona Grand Prix,R,HAD,60,SOFT,,barcelona-grand-prix_corner_09,barcelona-grand-prix_corner_09,0.55,1873.685,29.156,1873.685,0.0
2026,7,Barcelona Grand Prix,R,HAD,60,SOFT,,barcelona-grand-prix_corner_10,barcelona-grand-prix_corner_10,0.55,2118.927,34.596,2206.536,1.0
2026,7,Barcelona Grand Prix,R,HAD,60,SOFT,,barcelona-grand-prix_corner_11,barcelona-grand-prix_corner_11,0.55,2373.449,39.637,2373.449,0.1397
2026,7,Barcelona Grand Prix,R,HAD,60,SOFT,,barcelona-grand-prix_corner_15,barcelona-grand-prix_corner_15,0.55,3286.012,54.476,3286.012,0.0124
2026,7,Barcelona Grand Prix,R,HAD,60,SOFT,,barcelona-grand-prix_corner_16,barcelona-grand-prix_corner_16,0.55,3502.677,59.477,3574.192,0.0
2026,7,Barcelona Grand Prix,R,HAD,60,SOFT,,barcelona-grand-prix_corner_17,barcelona-grand-prix_corner_17,0.55,3774.224,66.397,3891.833,1.0
2026,7,Barcelona Grand Prix,R,HAM,44,HARD,,barcelona-grand-prix_corner_04,barcelona-grand-prix_corner_04,0.55,824.791,10.436,,0.3048
2026,7,Barcelona Grand Prix,R,HAM,44,HARD,,barcelona-grand-prix_corner_08,barcelona-grand-prix_corner_08,0.55,1726.146,26.196,,0.8521
2026,7,Barcelona Grand Prix,R,HAM,44,HARD,,barcelona-grand-prix_corner_09,barcelona-grand-prix_corner_09,0.55,1864.882,29.196,1864.882,0.0
2026,7,Barcelona Grand Prix,R,HAM,44,HARD,,barcelona-grand-prix_corner_10,barcelona-grand-prix_corner_10,0.55,2115.495,34.716,2192.359,1.0
2026,7,Barcelona Grand Prix,R,HAM,44,HARD,,barcelona-grand-prix_corner_11,barcelona-grand-prix_corner_11,0.55,2326.464,39.076,2326.464,0.1092
2026,7,Barcelona Grand Prix,R,HAM,44,HARD,,barcelona-grand-prix_corner_15,barcelona-grand-prix_corner_15,0.55,3258.795,54.277,3258.795,0.0
2026,7,Barcelona Grand Prix,R,HAM,44,HARD,,barcelona-grand-prix_corner_16,barcelona-grand-prix_corner_16,0.55,3506.134,59.196,3582.139,0.0
2026,7,Barcelona Grand Prix,R,HAM,44,HARD,,barcelona-grand-prix_corner_17,barcelona-grand-prix_corner_17,0.55,3777.457,66.077,3905.476,1.0
2026,7,Barcelona Grand Prix,R,HUL,2,SOFT,,barcelona-grand-prix_corner_04,barcelona-grand-prix_corner_04,0.55,838.541,10.676,,0.2761
2026,7,Barcelona Grand Prix,R,HUL,2,SOFT,,barcelona-grand-prix_corner_08,barcelona-grand-prix_corner_08,0.55,1715.023,26.955,1836.765,0.96
2026,7,Barcelona Grand Prix,R,HUL,2,SOFT,,barcelona-grand-prix_corner_09,barcelona-grand-prix_corner_09,0.55,1862.678,30.316,1862.678,0.0
2026,7,Barcelona Grand Prix,R,HUL,2,SOFT,,barcelona-grand-prix_corner_10,barcelona-grand-prix_corner_10,0.55,2111.79,35.995,2196.757,1.0
2026,7,Barcelona Grand Prix,R,HUL,2,SOFT,,barcelona-grand-prix_corner_11,barcelona-grand-prix_corner_11,0.55,2330.333,40.796,2330.333,0.1394
2026,7,Barcelona Grand Prix,R,HUL,2,SOFT,,barcelona-grand-prix_corner_15,barcelona-grand-prix_corner_15,0.55,3256.644,56.836,3256.644,0.0229
2026,7,Barcelona Grand Prix,R,HUL,2,SOFT,,barcelona-grand-prix_corner_16,barcelona-grand-prix_corner_16,0.55,3495.539,61.875,3618.325,0.0
2026,7,Barcelona Grand Prix,R,HUL,2,SOFT,,barcelona-grand-prix_corner_17,barcelona-grand-prix_corner_17,0.55,3761.238,68.796,3891.519,1.0
2026,7,Barcelona Grand Prix,R,LAW,45,HARD,,barcelona-grand-prix_corner_04,barcelona-grand-prix_corner_04,0.55,821.519,10.465,,0.3697
2026,7,Barcelona Grand Prix,R,LAW,45,HARD,,barcelona-grand-prix_corner_08,barcelona-grand-prix_corner_08,0.55,1718.632,26.825,,0.82
2026,7,Barcelona Grand Prix,R,LAW,45,HARD,,barcelona-grand-prix_corner_09,barcelona-grand-prix_corner_09,0.55,1863.567,30.185,1863.567,0.0
2026,7,Barcelona Grand Prix,R,LAW,45,HARD,,barcelona-grand-prix_corner_10,barcelona-grand-prix_corner_10,0.55,2104.064,35.664,2209.503,1.0
2026,7,Barcelona Grand Prix,R,LAW,45,HARD,,barcelona-grand-prix_corner_11,barcelona-grand-prix_corner_11,0.55,2334.829,40.666,2334.829,0.1867
2026,7,Barcelona Grand Prix,R,LAW,45,HARD,,barcelona-grand-prix_corner_15,barcelona-grand-prix_corner_15,0.55,3259.848,56.105,3259.848,0.0056
2026,7,Barcelona Grand Prix,R,LAW,45,HARD,,barcelona-grand-prix_corner_16,barcelona-grand-prix_corner_16,0.55,3487.538,60.826,3617.214,0.0
2026,7,Barcelona Grand Prix,R,LAW,45,HARD,,barcelona-grand-prix_corner_17,barcelona-grand-prix_corner_17,0.55,3778.746,68.585,3899.783,1.0
2026,7,Barcelona Grand Prix,R,LEC,47,HARD,,barcelona-grand-prix_corner_04,barcelona-grand-prix_corner_04,0.55,830.83,10.372,,0.2719
2026,7,Barcelona Grand Prix,R,LEC,47,HARD,,barcelona-grand-prix_corner_08,barcelona-grand-prix_corner_08,0.55,1705.838,25.652,1845.296,0.91
2026,7,Barcelona Grand Prix,R,LEC,47,HARD,,barcelona-grand-prix_corner_09,barcelona-grand-prix_corner_09,0.55,1879.198,29.452,1879.198,0.0
2026,7,Barcelona Grand Prix,R,LEC,47,HARD,,barcelona-grand-prix_corner_10,barcelona-grand-prix_corner_10,0.55,2109.844,34.573,2202.061,1.0
2026,7,Barcelona Grand Prix,R,LEC,47,HARD,,barcelona-grand-prix_corner_11,barcelona-grand-prix_corner_11,0.55,2346.763,39.651,2346.763,0.1889
2026,7,Barcelona Grand Prix,R,LEC,47,HARD,,barcelona-grand-prix_corner_15,barcelona-grand-prix_corner_15,0.55,3259.775,54.492,3259.775,0.0109
2026,7,Barcelona Grand Prix,R,LEC,47,HARD,,barcelona-grand-prix_corner_16,barcelona-grand-prix_corner_16,0.55,3494.354,59.172,3600.864,0.011
2026,7,Barcelona Grand Prix,R,LEC,47,HARD,,barcelona-grand-prix_corner_17,barcelona-grand-prix_corner_17,0.55,3767.322,66.332,3887.368,1.0
2026,7,Barcelona Grand Prix,R,LIN,45,HARD,,barcelona-grand-prix_corner_04,barcelona-grand-prix_corner_04,0.55,855.502,10.659,,0.2253
2026,7,Barcelona Grand Prix,R,LIN,45,HARD,,barcelona-grand-prix_corner_08,barcelona-grand-prix_corner_08,0.55,1729.938,26.5,,0.7611
2026,7,Barcelona Grand Prix,R,LIN,45,HARD,,barcelona-grand-prix_corner_09,barcelona-grand-prix_corner_09,0.55,1867.142,29.699,1877.976,0.0
2026,7,Barcelona Grand Prix,R,LIN,45,HARD,,barcelona-grand-prix_corner_10,barcelona-grand-prix_corner_10,0.55,2119.362,35.459,2202.591,1.0
2026,7,Barcelona Grand Prix,R,LIN,45,HARD,,barcelona-grand-prix_corner_11,barcelona-grand-prix_corner_11,0.55,2329.833,39.939,2329.833,0.2217
2026,7,Barcelona Grand Prix,R,LIN,45,HARD,,barcelona-grand-prix_corner_15,barcelona-grand-prix_corner_15,0.55,3270.508,55.7,3270.508,0.0256
2026,7,Barcelona Grand Prix,R,LIN,45,HARD,,barcelona-grand-prix_corner_16,barcelona-grand-prix_corner_16,0.55,3494.649,60.659,3589.309,0.0
2026,7,Barcelona Grand Prix,R,LIN,45,HARD,,barcelona-grand-prix_corner_17,barcelona-grand-prix_corner_17,0.55,3763.558,67.739,,0.9725
2026,7,Barcelona Grand Prix,R,NOR,37,HARD,,barcelona-grand-prix_corner_04,barcelona-grand-prix_corner_04,0.55,858.748,11.108,,0.1833
2026,7,Barcelona Grand Prix,R,NOR,37,HARD,,barcelona-grand-prix_corner_08,barcelona-grand-prix_corner_08,0.55,1720.256,26.228,1834.489,0.9233
2026,7,Barcelona Grand Prix,R,NOR,37,HARD,,barcelona-grand-prix_corner_09,barcelona-grand-prix_corner_09,0.55,1863.277,29.348,1863.277,0.0
2026,7,Barcelona Grand Prix,R,NOR,37,HARD,,barcelona-grand-prix_corner_10,barcelona-grand-prix_corner_10,0.55,2105.291,34.869,2176.353,1.0
2026,7,Barcelona Grand Prix,R,NOR,37,HARD,,barcelona-grand-prix_corner_11,barcelona-grand-prix_corner_11,0.55,2333.971,39.548,2333.971,0.176
2026,7,Barcelona Grand Prix,R,NOR,37,HARD,,barcelona-grand-prix_corner_15,barcelona-grand-prix_corner_15,0.55,3273.126,54.948,3273.126,0.0
2026,7,Barcelona Grand Prix,R,NOR,37,HARD,,barcelona-grand-prix_corner_16,barcelona-grand-prix_corner_16,0.55,3505.439,60.189,3579.893,0.0
2026,7,Barcelona Grand Prix,R,NOR,37,HARD,,barcelona-grand-prix_corner_17,barcelona-grand-prix_corner_17,0.55,3749.518,66.108,3868.556,1.0
2026,7,Barcelona Grand Prix,R,OCO,63,SOFT,,barcelona-grand-prix_corner_04,barcelona-grand-prix_corner_04,0.55,850.265,10.96,,0.3272
2026,7,Barcelona Grand Prix,R,OCO,63,SOFT,,barcelona-grand-prix_corner_08,barcelona-grand-prix_corner_08,0.55,1718.65,26.24,,0.7997
2026,7,Barcelona Grand Prix,R,OCO,63,SOFT,,barcelona-grand-prix_corner_09,barcelona-grand-prix_corner_09,0.55,1866.264,29.599,1866.264,0.0
2026,7,Barcelona Grand Prix,R,OCO,63,SOFT,,barcelona-grand-prix_corner_10,barcelona-grand-prix_corner_10,0.55,2100.213,35.08,2196.125,1.0
2026,7,Barcelona Grand Prix,R,OCO,63,SOFT,,barcelona-grand-prix_corner_11,barcelona-grand-prix_corner_11,0.55,2338.115,40.12,2338.115,0.2776
2026,7,Barcelona Grand Prix,R,OCO,63,SOFT,,barcelona-grand-prix_corner_15,barcelona-grand-prix_corner_15,0.55,3258.691,55.44,3258.691,0.1003
2026,7,Barcelona Grand Prix,R,OCO,63,SOFT,,barcelona-grand-prix_corner_16,barcelona-grand-prix_corner_16,0.55,3496.898,60.84,3568.749,0.0054
2026,7,Barcelona Grand Prix,R,OCO,63,SOFT,,barcelona-grand-prix_corner_17,barcelona-grand-prix_corner_17,0.55,3734.654,66.84,3887.43,1.0
2026,7,Barcelona Grand Prix,R,PER,43,MEDIUM,,barcelona-grand-prix_corner_04,barcelona-grand-prix_corner_04,0.55,842.5,10.94,,0.292
2026,7,Barcelona Grand Prix,R,PER,43,MEDIUM,,barcelona-grand-prix_corner_08,barcelona-grand-prix_corner_08,0.55,1719.68,26.86,1838.6,0.92
2026,7,Barcelona Grand Prix,R,PER,43,MEDIUM,,barcelona-grand-prix_corner_09,barcelona-grand-prix_corner_09,0.55,1876.405,30.381,1876.405,0.0
2026,7,Barcelona Grand Prix,R,PER,43,MEDIUM,,barcelona-grand-prix_corner_10,barcelona-grand-prix_corner_10,0.55,2135.376,36.579,2204.885,1.0
2026,7,Barcelona Grand Prix,R,PER,43,MEDIUM,,barcelona-grand-prix_corner_11,barcelona-grand-prix_corner_11,0.55,2338.414,40.579,2338.414,0.1654
2026,7,Barcelona Grand Prix,R,PER,43,MEDIUM,,barcelona-grand-prix_corner_15,barcelona-grand-prix_corner_15,0.55,3476.414,60.94,,0.1049
2026,7,Barcelona Grand Prix,R,PER,43,MEDIUM,,barcelona-grand-prix_corner_16,barcelona-grand-prix_corner_16,0.55,3495.708,61.619,3572.45,0.0116
2026,7,Barcelona Grand Prix,R,PER,43,MEDIUM,,barcelona-grand-prix_corner_17,barcelona-grand-prix_corner_17,0.55,3750.229,68.22,3879.166,0.985
2026,7,Barcelona Grand Prix,R,PIA,46,HARD,,barcelona-grand-prix_corner_04,barcelona-grand-prix_corner_04,0.55,840.02,10.76,,0.1985
2026,7,Barcelona Grand Prix,R,PIA,46,HARD,,barcelona-grand-prix_corner_08,barcelona-grand-prix_corner_08,0.55,1730.573,26.561,,0.7775
2026,7,Barcelona Grand Prix,R,PIA,46,HARD,,barcelona-grand-prix_corner_09,barcelona-grand-prix_corner_09,0.55,1862.435,29.441,1862.435,0.0
2026,7,Barcelona Grand Prix,R,PIA,46,HARD,,barcelona-grand-prix_corner_10,barcelona-grand-prix_corner_10,0.55,2112.506,35.079,2204.623,0.99
2026,7,Barcelona Grand Prix,R,PIA,46,HARD,,barcelona-grand-prix_corner_11,barcelona-grand-prix_corner_11,0.55,2328.87,39.44,2328.87,0.1993
2026,7,Barcelona Grand Prix,R,PIA,46,HARD,,barcelona-grand-prix_corner_15,barcelona-grand-prix_corner_15,0.55,3259.269,54.96,3259.269,0.0011
2026,7,Barcelona Grand Prix,R,PIA,46,HARD,,barcelona-grand-prix_corner_16,barcelona-grand-prix_corner_16,0.55,3494.891,60.001,3629.527,0.0
2026,7,Barcelona Grand Prix,R,PIA,46,HARD,,barcelona-grand-prix_corner_17,barcelona-grand-prix_corner_17,0.55,3767.447,66.88,3881.791,0.99
2026,7,Barcelona Grand Prix,R,RUS,43,HARD,,barcelona-grand-prix_corner_04,barcelona-grand-prix_corner_04,0.55,836.252,10.73,,0.2622
2026,7,Barcelona Grand Prix,R,RUS,43,HARD,,barcelona-grand-prix_corner_08,barcelona-grand-prix_corner_08,0.55,1713.042,25.931,1848.564,0.9
2026,7,Barcelona Grand Prix,R,RUS,43,HARD,,barcelona-grand-prix_corner_09,barcelona-grand-prix_corner_09,0.55,1876.253,29.412,1876.253,0.0
2026,7,Barcelona Grand Prix,R,RUS,43,HARD,,barcelona-grand-prix_corner_10,barcelona-grand-prix_corner_10,0.55,2113.816,34.892,2190.929,1.0
2026,7,Barcelona Grand Prix,R,RUS,43,HARD,,barcelona-grand-prix_corner_11,barcelona-grand-prix_corner_11,0.55,2327.542,39.451,2327.542,0.1864
2026,7,Barcelona Grand Prix,R,RUS,43,HARD,,barcelona-grand-prix_corner_15,barcelona-grand-prix_corner_15,0.55,3263.083,54.772,3263.083,0.0202
2026,7,Barcelona Grand Prix,R,RUS,43,HARD,,barcelona-grand-prix_corner_16,barcelona-grand-prix_corner_16,0.55,3488.367,59.651,,0.0
2026,7,Barcelona Grand Prix,R,RUS,43,HARD,,barcelona-grand-prix_corner_17,barcelona-grand-prix_corner_17,0.55,3768.994,66.891,3871.2,1.0
2026,7,Barcelona Grand Prix,R,SAI,58,MEDIUM,,barcelona-grand-prix_corner_04,barcelona-grand-prix_corner_04,0.55,829.467,10.609,,0.3005
2026,7,Barcelona Grand Prix,R,SAI,58,MEDIUM,,barcelona-grand-prix_corner_08,barcelona-grand-prix_corner_08,0.55,1703.739,26.369,1823.542,0.955
2026,7,Barcelona Grand Prix,R,SAI,58,MEDIUM,,barcelona-grand-prix_corner_09,barcelona-grand-prix_corner_09,0.55,1869.486,30.17,1869.486,0.0172
2026,7,Barcelona Grand Prix,R,SAI,58,MEDIUM,,barcelona-grand-prix_corner_10,barcelona-grand-prix_corner_10,0.55,2101.121,35.409,2183.276,1.0
2026,7,Barcelona Grand Prix,R,SAI,58,MEDIUM,,barcelona-grand-prix_corner_11,barcelona-grand-prix_corner_11,0.55,2330.357,40.209,2330.357,0.155
2026,7,Barcelona Grand Prix,R,SAI,58,MEDIUM,,barcelona-grand-prix_corner_15,barcelona-grand-prix_corner_15,0.55,3272.281,56.209,3272.281,0.1344
2026,7,Barcelona Grand Prix,R,SAI,58,MEDIUM,,barcelona-grand-prix_corner_16,barcelona-grand-prix_corner_16,0.55,3491.749,61.289,3621.695,0.0
2026,7,Barcelona Grand Prix,R,SAI,58,MEDIUM,,barcelona-grand-prix_corner_17,barcelona-grand-prix_corner_17,0.55,3746.54,67.729,3876.549,0.98
2026,7,Barcelona Grand Prix,R,STR,3,HARD,,barcelona-grand-prix_corner_04,barcelona-grand-prix_corner_04,0.55,824.161,10.66,,0.3689
2026,7,Barcelona Grand Prix,R,STR,3,HARD,,barcelona-grand-prix_corner_08,barcelona-grand-prix_corner_08,0.55,1708.183,27.541,1857.945,0.855
2026,7,Barcelona Grand Prix,R,STR,3,HARD,,barcelona-grand-prix_corner_09,barcelona-grand-prix_corner_09,0.55,1877.499,31.462,1877.499,0.0
2026,7,Barcelona Grand Prix,R,STR,3,HARD,,barcelona-grand-prix_corner_10,barcelona-grand-prix_corner_10,0.55,2096.048,36.661,2185.417,1.0
2026,7,Barcelona Grand Prix,R,STR,3,HARD,,barcelona-grand-prix_corner_11,barcelona-grand-prix_corner_11,0.55,2326.061,41.822,2326.061,0.0089
2026,7,Barcelona Grand Prix,R,STR,3,HARD,,barcelona-grand-prix_corner_15,barcelona-grand-prix_corner_15,0.55,3257.43,58.021,3257.43,0.0
2026,7,Barcelona Grand Prix,R,STR,3,HARD,,barcelona-grand-prix_corner_16,barcelona-grand-prix_corner_16,0.55,3503.404,63.18,3593.305,0.0
2026,7,Barcelona Grand Prix,R,STR,3,HARD,,barcelona-grand-prix_corner_17,barcelona-grand-prix_corner_17,0.55,3780.113,70.861,3886.293,1.0
2026,7,Barcelona Grand Prix,R,VER,42,MEDIUM,,barcelona-grand-prix_corner_04,barcelona-grand-prix_corner_04,0.55,844.378,10.721,,0.1273
2026,7,Barcelona Grand Prix,R,VER,42,MEDIUM,,barcelona-grand-prix_corner_08,barcelona-grand-prix_corner_08,0.55,1721.699,25.962,1829.957,0.9275
2026,7,Barcelona Grand Prix,R,VER,42,MEDIUM,,barcelona-grand-prix_corner_09,barcelona-grand-prix_corner_09,0.55,1866.936,29.12,1866.936,0.0
2026,7,Barcelona Grand Prix,R,VER,42,MEDIUM,,barcelona-grand-prix_corner_10,barcelona-grand-prix_corner_10,0.55,2122.406,34.8,2192.578,1.0
2026,7,Barcelona Grand Prix,R,VER,42,MEDIUM,,barcelona-grand-prix_corner_11,barcelona-grand-prix_corner_11,0.55,2325.614,39.002,2325.614,0.0
2026,7,Barcelona Grand Prix,R,VER,42,MEDIUM,,barcelona-grand-prix_corner_15,barcelona-grand-prix_corner_15,0.55,3268.953,54.641,3268.953,0.0221
2026,7,Barcelona Grand Prix,R,VER,42,MEDIUM,,barcelona-grand-prix_corner_16,barcelona-grand-prix_corner_16,0.55,3504.14,59.682,3572.518,0.0
2026,7,Barcelona Grand Prix,R,VER,42,MEDIUM,,barcelona-grand-prix_corner_17,barcelona-grand-prix_corner_17,0.55,3785.853,66.762,3885.221,1.0
2026,8,Austrian Grand Prix,Q,ALB,5,SOFT,,austrian-grand-prix_corner_02,austrian-grand-prix_corner_02,0.55,219.918,2.596,219.918,0.6074
2026,8,Austrian Grand Prix,Q,ALB,5,SOFT,,austrian-grand-prix_corner_03,austrian-grand-prix_corner_03,0.55,443.944,7.397,443.944,1.0
2026,8,Austrian Grand Prix,Q,ALB,5,SOFT,,austrian-grand-prix_corner_07,austrian-grand-prix_corner_07,0.55,1311.874,21.117,1351.541,1.0
2026,8,Austrian Grand Prix,Q,ALB,5,SOFT,,austrian-grand-prix_corner_10,austrian-grand-prix_corner_10,0.55,2102.93,33.757,,0.4559
2026,8,Austrian Grand Prix,Q,ALB,5,SOFT,,austrian-grand-prix_corner_11,austrian-grand-prix_corner_11,0.55,2176.916,35.796,2176.916,1.0
2026,8,Austrian Grand Prix,Q,ALB,5,SOFT,,austrian-grand-prix_corner_13,austrian-grand-prix_corner_13,0.55,2620.706,42.996,2720.918,1.0
2026,8,Austrian Grand Prix,Q,ALB,5,SOFT,,austrian-grand-prix_corner_14,austrian-grand-prix_corner_14,0.55,2923.636,48.397,3012.858,0.9737
2026,8,Austrian Grand Prix,Q,ALB,5,SOFT,,austrian-grand-prix_corner_19,austrian-grand-prix_corner_19,0.55,3904.238,62.796,3936.238,1.0
2026,8,Austrian Grand Prix,Q,ALO,8,SOFT,,austrian-grand-prix_corner_02,austrian-grand-prix_corner_02,0.55,325.589,5.086,385.947,0.8032
2026,8,Austrian Grand Prix,Q,ALO,8,SOFT,,austrian-grand-prix_corner_03,austrian-grand-prix_corner_03,0.55,437.734,7.566,437.734,1.0
2026,8,Austrian Grand Prix,Q,ALO,8,SOFT,,austrian-grand-prix_corner_07,austrian-grand-prix_corner_07,0.55,1302.125,21.646,1341.425,1.0
2026,8,Austrian Grand Prix,Q,ALO,8,SOFT,,austrian-grand-prix_corner_10,austrian-grand-prix_corner_10,0.55,2066.429,33.967,2134.654,0.7957
2026,8,Austrian Grand Prix,Q,ALO,8,SOFT,,austrian-grand-prix_corner_11,austrian-grand-prix_corner_11,0.55,2183.854,36.846,2183.854,1.0
2026,8,Austrian Grand Prix,Q,ALO,8,SOFT,,austrian-grand-prix_corner_13,austrian-grand-prix_corner_13,0.55,2603.062,43.886,2657.162,0.3244
2026,8,Austrian Grand Prix,Q,ALO,8,SOFT,,austrian-grand-prix_corner_14,austrian-grand-prix_corner_14,0.55,2884.051,49.006,3003.007,0.9946
2026,8,Austrian Grand Prix,Q,ALO,8,SOFT,,austrian-grand-prix_corner_19,austrian-grand-prix_corner_19,0.55,3917.106,65.246,3917.106,1.0
2026,8,Austrian Grand Prix,Q,ANT,13,SOFT,,austrian-grand-prix_corner_02,austrian-grand-prix_corner_02,0.55,230.195,2.726,230.195,0.0
2026,8,Austrian Grand Prix,Q,ANT,13,SOFT,,austrian-grand-prix_corner_03,austrian-grand-prix_corner_03,0.55,449.473,6.406,529.026,1.0
2026,8,Austrian Grand Prix,Q,ANT,13,SOFT,,austrian-grand-prix_corner_07,austrian-grand-prix_corner_07,0.55,1371.611,20.766,1454.531,1.0
2026,8,Austrian Grand Prix,Q,ANT,13,SOFT,,austrian-grand-prix_corner_10,austrian-grand-prix_corner_10,0.55,1962.937,30.006,1962.937,0.0
2026,8,Austrian Grand Prix,Q,ANT,13,SOFT,,austrian-grand-prix_corner_11,austrian-grand-prix_corner_11,0.55,2183.177,34.287,2279.692,1.0
2026,8,Austrian Grand Prix,Q,ANT,13,SOFT,,austrian-grand-prix_corner_13,austrian-grand-prix_corner_13,0.55,2695.966,43.166,2763.61,0.9138
2026,8,Austrian Grand Prix,Q,ANT,13,SOFT,,austrian-grand-prix_corner_14,austrian-grand-prix_corner_14,0.55,2825.254,45.486,2825.254,0.4873
2026,8,Austrian Grand Prix,Q,ANT,13,SOFT,,austrian-grand-prix_corner_19,austrian-grand-prix_corner_19,0.55,3954.576,61.447,4012.009,1.0
2026,8,Austrian Grand Prix,Q,BEA,11,SOFT,,austrian-grand-prix_corner_02,austrian-grand-prix_corner_02,0.55,238.827,2.82,238.827,0.2332
2026,8,Austrian Grand Prix,Q,BEA,11,SOFT,,austrian-grand-prix_corner_03,austrian-grand-prix_corner_03,0.55,449.583,6.9,482.083,1.0
2026,8,Austrian Grand Prix,Q,BEA,11,SOFT,,austrian-grand-prix_corner_07,austrian-grand-prix_corner_07,0.55,1355.885,20.54,1435.46,1.0
2026,8,Austrian Grand Prix,Q,BEA,11,SOFT,,austrian-grand-prix_corner_10,austrian-grand-prix_corner_10,0.55,1979.082,30.3,1979.082,0.0307
2026,8,Austrian Grand Prix,Q,BEA,11,SOFT,,austrian-grand-prix_corner_11,austrian-grand-prix_corner_11,0.55,2168.716,34.3,2239.334,1.0
2026,8,Austrian Grand Prix,Q,BEA,11,SOFT,,austrian-grand-prix_corner_13,austrian-grand-prix_corner_13,0.55,2662.504,42.86,2767.582,1.0
2026,8,Austrian Grand Prix,Q,BEA,11,SOFT,,austrian-grand-prix_corner_14,austrian-grand-prix_corner_14,0.55,2829.082,45.94,2829.082,0.6435
2026,8,Austrian Grand Prix,Q,BEA,11,SOFT,,austrian-grand-prix_corner_19,austrian-grand-prix_corner_19,0.55,3939.628,62.061,4007.045,1.0
2026,8,Austrian Grand Prix,Q,BOR,11,SOFT,,austrian-grand-prix_corner_02,austrian-grand-prix_corner_02,0.55,232.443,2.751,232.443,0.1155
2026,8,Austrian Grand Prix,Q,BOR,11,SOFT,,austrian-grand-prix_corner_03,austrian-grand-prix_corner_03,0.55,438.888,6.511,482.521,1.0
2026,8,Austrian Grand Prix,Q,BOR,11,SOFT,,austrian-grand-prix_corner_07,austrian-grand-prix_corner_07,0.55,1370.567,20.911,1438.078,1.0
2026,8,Austrian Grand Prix,Q,BOR,11,SOFT,,austrian-grand-prix_corner_10,austrian-grand-prix_corner_10,0.55,1961.907,30.111,1961.907,0.0
2026,8,Austrian Grand Prix,Q,BOR,11,SOFT,,austrian-grand-prix_corner_11,austrian-grand-prix_corner_11,0.55,2175.341,34.231,2300.852,1.0
2026,8,Austrian Grand Prix,Q,BOR,11,SOFT,,austrian-grand-prix_corner_13,austrian-grand-prix_corner_13,0.55,2698.106,43.231,2783.284,0.9181
2026,8,Austrian Grand Prix,Q,BOR,11,SOFT,,austrian-grand-prix_corner_14,austrian-grand-prix_corner_14,0.55,2833.032,45.712,2833.032,0.6547
2026,8,Austrian Grand Prix,Q,BOR,11,SOFT,,austrian-grand-prix_corner_19,austrian-grand-prix_corner_19,0.55,3958.496,61.911,4013.107,1.0
2026,8,Austrian Grand Prix,Q,BOT,5,SOFT,,austrian-grand-prix_corner_02,austrian-grand-prix_corner_02,0.55,331.875,4.983,394.637,0.7259
2026,8,Austrian Grand Prix,Q,BOT,5,SOFT,,austrian-grand-prix_corner_03,austrian-grand-prix_corner_03,0.55,440.882,7.504,440.882,1.0
2026,8,Austrian Grand Prix,Q,BOT,5,SOFT,,austrian-grand-prix_corner_07,austrian-grand-prix_corner_07,0.55,1306.888,21.264,1343.822,1.0
2026,8,Austrian Grand Prix,Q,BOT,5,SOFT,,austrian-grand-prix_corner_10,austrian-grand-prix_corner_10,0.55,2077.174,33.464,2142.04,0.6283
2026,8,Austrian Grand Prix,Q,BOT,5,SOFT,,austrian-grand-prix_corner_11,austrian-grand-prix_corner_11,0.55,2181.158,36.263,2181.158,1.0
2026,8,Austrian Grand Prix,Q,BOT,5,SOFT,,austrian-grand-prix_corner_13,austrian-grand-prix_corner_13,0.55,2618.159,43.303,2698.648,0.5699
2026,8,Austrian Grand Prix,Q,BOT,5,SOFT,,austrian-grand-prix_corner_14,austrian-grand-prix_corner_14,0.55,2889.985,48.184,3017.885,1.0
2026,8,Austrian Grand Prix,Q,COL,5,SOFT,,austrian-grand-prix_corner_02,austrian-grand-prix_corner_02,0.55,323.184,4.883,395.04,0.8394
2026,8,Austrian Grand Prix,Q,COL,5,SOFT,,austrian-grand-prix_corner_03,austrian-grand-prix_corner_03,0.55,483.54,8.084,483.54,1.0
2026,8,Austrian Grand Prix,Q,COL,5,SOFT,,austrian-grand-prix_corner_07,austrian-grand-prix_corner_07,0.55,1305.485,21.244,1350.929,1.0
2026,8,Austrian Grand Prix,Q,COL,5,SOFT,,austrian-grand-prix_corner_10,austrian-grand-prix_corner_10,0.55,2083.461,33.484,2135.283,0.6593
2026,8,Austrian Grand Prix,Q,COL,5,SOFT,,austrian-grand-prix_corner_11,austrian-grand-prix_corner_11,0.55,2170.416,35.644,2170.416,1.0
2026,8,Austrian Grand Prix,Q,COL,5,SOFT,,austrian-grand-prix_corner_13,austrian-grand-prix_corner_13,0.55,2609.95,42.764,2665.061,0.585
2026,8,Austrian Grand Prix,Q,COL,5,SOFT,,austrian-grand-prix_corner_14,austrian-grand-prix_corner_14,0.55,2871.081,47.244,3015.514,0.9502
2026,8,Austrian Grand Prix,Q,COL,5,SOFT,,austrian-grand-prix_corner_19,austrian-grand-prix_corner_19,0.55,3914.848,63.284,3914.848,1.0
2026,8,Austrian Grand Prix,Q,GAS,11,SOFT,,austrian-grand-prix_corner_02,austrian-grand-prix_corner_02,0.55,222.041,2.599,222.041,0.1151
2026,8,Austrian Grand Prix,Q,GAS,11,SOFT,,austrian-grand-prix_corner_03,austrian-grand-prix_corner_03,0.55,437.419,6.439,492.652,1.0
2026,8,Austrian Grand Prix,Q,GAS,11,SOFT,,austrian-grand-prix_corner_07,austrian-grand-prix_corner_07,0.55,1356.77,20.439,1484.526,0.935
2026,8,Austrian Grand Prix,Q,GAS,11,SOFT,,austrian-grand-prix_corner_10,austrian-grand-prix_corner_10,0.55,1953.222,29.879,1953.222,0.0
2026,8,Austrian Grand Prix,Q,GAS,11,SOFT,,austrian-grand-prix_corner_11,austrian-grand-prix_corner_11,0.55,2184.586,34.319,2238.375,1.0
2026,8,Austrian Grand Prix,Q,GAS,11,SOFT,,austrian-grand-prix_corner_13,austrian-grand-prix_corner_13,0.55,2705.729,43.399,,0.801
2026,8,Austrian Grand Prix,Q,GAS,11,SOFT,,austrian-grand-prix_corner_14,austrian-grand-prix_corner_14,0.55,2825.998,45.6,2825.998,0.5672
2026,8,Austrian Grand Prix,Q,GAS,11,SOFT,,austrian-grand-prix_corner_19,austrian-grand-prix_corner_19,0.55,3951.022,61.959,4003.811,1.0
2026,8,Austrian Grand Prix,Q,HAD,17,SOFT,,austrian-grand-prix_corner_02,austrian-grand-prix_corner_02,0.55,220.595,2.666,220.595,0.0
2026,8,Austrian Grand Prix,Q,HAD,17,SOFT,,austrian-grand-prix_corner_03,austrian-grand-prix_corner_03,0.55,467.281,6.785,518.104,1.0
2026,8,Austrian Grand Prix,Q,HAD,17,SOFT,,austrian-grand-prix_corner_07,austrian-grand-prix_corner_07,0.55,1405.502,21.185,1473.192,0.9372
2026,8,Austrian Grand Prix,Q,HAD,17,SOFT,,austrian-grand-prix_corner_10,austrian-grand-prix_corner_10,0.55,1966.033,29.985,1966.033,0.0
2026,8,Austrian Grand Prix,Q,HAD,17,SOFT,,austrian-grand-prix_corner_11,austrian-grand-prix_corner_11,0.55,2212.194,34.626,2271.294,1.0
2026,8,Austrian Grand Prix,Q,HAD,17,SOFT,,austrian-grand-prix_corner_13,austrian-grand-prix_corner_13,0.55,2725.591,43.505,2784.791,0.8294
2026,8,Austrian Grand Prix,Q,HAD,17,SOFT,,austrian-grand-prix_corner_14,austrian-grand-prix_corner_14,0.55,2826.191,45.345,2826.191,0.3767
2026,8,Austrian Grand Prix,Q,HAD,17,SOFT,,austrian-grand-prix_corner_19,austrian-grand-prix_corner_19,0.55,4003.104,62.266,4042.014,1.0
2026,8,Austrian Grand Prix,Q,HAM,13,SOFT,,austrian-grand-prix_corner_02,austrian-grand-prix_corner_02,0.55,231.465,2.725,231.465,0.0236
2026,8,Austrian Grand Prix,Q,HAM,13,SOFT,,austrian-grand-prix_corner_03,austrian-grand-prix_corner_03,0.55,439.978,6.125,490.1,0.9967
2026,8,Austrian Grand Prix,Q,HAM,13,SOFT,,austrian-grand-prix_corner_07,austrian-grand-prix_corner_07,0.55,1377.997,20.365,1467.008,0.995
2026,8,Austrian Grand Prix,Q,HAM,13,SOFT,,austrian-grand-prix_corner_10,austrian-grand-prix_corner_10,0.55,1965.799,29.725,1965.799,0.0
2026,8,Austrian Grand Prix,Q,HAM,13,SOFT,,austrian-grand-prix_corner_11,austrian-grand-prix_corner_11,0.55,2202.795,34.165,2275.184,1.0
2026,8,Austrian Grand Prix,Q,HAM,13,SOFT,,austrian-grand-prix_corner_13,austrian-grand-prix_corner_13,0.55,2608.757,41.045,2608.757,0.8024
2026,8,Austrian Grand Prix,Q,HAM,13,SOFT,,austrian-grand-prix_corner_14,austrian-grand-prix_corner_14,0.55,2878.289,45.845,2878.289,0.4748
2026,8,Austrian Grand Prix,Q,HAM,13,SOFT,,austrian-grand-prix_corner_19,austrian-grand-prix_corner_19,0.55,3971.631,61.285,4030.498,0.9221
2026,8,Austrian Grand Prix,Q,HUL,14,SOFT,,austrian-grand-prix_corner_02,austrian-grand-prix_corner_02,0.55,223.309,2.691,223.309,0.1153
2026,8,Austrian Grand Prix,Q,HUL,14,SOFT,,austrian-grand-prix_corner_03,austrian-grand-prix_corner_03,0.55,439.176,6.571,490.072,1.0
2026,8,Austrian Grand Prix,Q,HUL,14,SOFT,,austrian-grand-prix_corner_07,austrian-grand-prix_corner_07,0.55,1357.123,20.691,1434.211,1.0
2026,8,Austrian Grand Prix,Q,HUL,14,SOFT,,austrian-grand-prix_corner_10,austrian-grand-prix_corner_10,0.55,1958.053,30.211,1958.053,0.0486
2026,8,Austrian Grand Prix,Q,HUL,14,SOFT,,austrian-grand-prix_corner_11,austrian-grand-prix_corner_11,0.55,2169.804,34.612,2239.173,1.0
2026,8,Austrian Grand Prix,Q,HUL,14,SOFT,,austrian-grand-prix_corner_13,austrian-grand-prix_corner_13,0.55,2680.091,43.451,2806.124,0.885
2026,8,Austrian Grand Prix,Q,HUL,14,SOFT,,austrian-grand-prix_corner_14,austrian-grand-prix_corner_14,0.55,2836.658,46.171,2836.658,0.6292
2026,8,Austrian Grand Prix,Q,HUL,14,SOFT,,austrian-grand-prix_corner_19,austrian-grand-prix_corner_19,0.55,3953.896,62.371,4001.273,1.0
2026,8,Austrian Grand Prix,Q,LAW,17,SOFT,,austrian-grand-prix_corner_02,austrian-grand-prix_corner_02,0.55,224.822,2.7,224.822,0.0
2026,8,Austrian Grand Prix,Q,LAW,17,SOFT,,austrian-grand-prix_corner_03,austrian-grand-prix_corner_03,0.55,438.566,6.22,504.766,1.0
2026,8,Austrian Grand Prix,Q,LAW,17,SOFT,,austrian-grand-prix_corner_07,austrian-grand-prix_corner_07,0.55,1384.778,20.86,1453.409,1.0
2026,8,Austrian Grand Prix,Q,LAW,17,SOFT,,austrian-grand-prix_corner_10,austrian-grand-prix_corner_10,0.55,1958.696,29.981,1958.696,0.0
2026,8,Austrian Grand Prix,Q,LAW,17,SOFT,,austrian-grand-prix_corner_11,austrian-grand-prix_corner_11,0.55,2197.729,34.58,2272.007,1.0
2026,8,Austrian Grand Prix,Q,LAW,17,SOFT,,austrian-grand-prix_corner_13,austrian-grand-prix_corner_13,0.55,2718.854,43.541,2798.775,0.8275
2026,8,Austrian Grand Prix,Q,LAW,17,SOFT,,austrian-grand-prix_corner_14,austrian-grand-prix_corner_14,0.55,2829.675,45.58,2829.675,0.5674
2026,8,Austrian Grand Prix,Q,LAW,17,SOFT,,austrian-grand-prix_corner_19,austrian-grand-prix_corner_19,0.55,3961.494,61.82,4016.801,1.0
2026,8,Austrian Grand Prix,Q,LEC,14,SOFT,,austrian-grand-prix_corner_02,austrian-grand-prix_corner_02,0.55,222.22,2.648,222.22,0.0315
2026,8,Austrian Grand Prix,Q,LEC,14,SOFT,,austrian-grand-prix_corner_03,austrian-grand-prix_corner_03,0.55,443.623,6.329,485.168,1.0
2026,8,Austrian Grand Prix,Q,LEC,14,SOFT,,austrian-grand-prix_corner_07,austrian-grand-prix_corner_07,0.55,1377.9,20.569,1453.152,1.0
2026,8,Austrian Grand Prix,Q,LEC,14,SOFT,,austrian-grand-prix_corner_10,austrian-grand-prix_corner_10,0.55,1954.586,29.728,1954.586,0.0038
2026,8,Austrian Grand Prix,Q,LEC,14,SOFT,,austrian-grand-prix_corner_11,austrian-grand-prix_corner_11,0.55,2193.522,34.129,2249.656,1.0
2026,8,Austrian Grand Prix,Q,LEC,14,SOFT,,austrian-grand-prix_corner_13,austrian-grand-prix_corner_13,0.55,2707.046,42.968,2784.702,0.9167
2026,8,Austrian Grand Prix,Q,LEC,14,SOFT,,austrian-grand-prix_corner_14,austrian-grand-prix_corner_14,0.55,2819.702,45.008,2819.702,0.5894
2026,8,Austrian Grand Prix,Q,LEC,14,SOFT,,austrian-grand-prix_corner_19,austrian-grand-prix_corner_19,0.55,3985.202,61.728,4033.824,1.0
2026,8,Austrian Grand Prix,Q,LIN,17,SOFT,,austrian-grand-prix_corner_02,austrian-grand-prix_corner_02,0.55,241.702,2.897,241.702,0.0
2026,8,Austrian Grand Prix,Q,LIN,17,SOFT,,austrian-grand-prix_corner_03,austrian-grand-prix_corner_03,0.55,451.138,6.416,512.095,1.0
2026,8,Austrian Grand Prix,Q,LIN,17,SOFT,,austrian-grand-prix_corner_07,austrian-grand-prix_corner_07,0.55,1397.898,20.857,1469.987,0.9568
2026,8,Austrian Grand Prix,Q,LIN,17,SOFT,,austrian-grand-prix_corner_10,austrian-grand-prix_corner_10,0.55,1965.46,29.896,1965.46,0.0
2026,8,Austrian Grand Prix,Q,LIN,17,SOFT,,austrian-grand-prix_corner_11,austrian-grand-prix_corner_11,0.55,2208.024,34.577,2266.935,1.0
2026,8,Austrian Grand Prix,Q,LIN,17,SOFT,,austrian-grand-prix_corner_13,austrian-grand-prix_corner_13,0.55,2730.169,43.816,2769.102,0.9204
2026,8,Austrian Grand Prix,Q,LIN,17,SOFT,,austrian-grand-prix_corner_14,austrian-grand-prix_corner_14,0.55,2826.28,45.576,2826.28,0.5395
2026,8,Austrian Grand Prix,Q,LIN,17,SOFT,,austrian-grand-prix_corner_19,austrian-grand-prix_corner_19,0.55,3955.49,61.857,4020.746,1.0
2026,8,Austrian Grand Prix,Q,NOR,14,SOFT,,austrian-grand-prix_corner_02,austrian-grand-prix_corner_02,0.55,217.905,2.614,217.905,0.0
2026,8,Austrian Grand Prix,Q,NOR,14,SOFT,,austrian-grand-prix_corner_03,austrian-grand-prix_corner_03,0.55,450.697,6.413,500.976,1.0
2026,8,Austrian Grand Prix,Q,NOR,14,SOFT,,austrian-grand-prix_corner_07,austrian-grand-prix_corner_07,0.55,1394.221,21.014,1482.395,1.0
2026,8,Austrian Grand Prix,Q,NOR,14,SOFT,,austrian-grand-prix_corner_10,austrian-grand-prix_corner_10,0.55,1966.747,29.733,1966.747,0.0
2026,8,Austrian Grand Prix,Q,NOR,14,SOFT,,austrian-grand-prix_corner_11,austrian-grand-prix_corner_11,0.55,2216.032,34.454,2277.543,1.0
2026,8,Austrian Grand Prix,Q,NOR,14,SOFT,,austrian-grand-prix_corner_13,austrian-grand-prix_corner_13,0.55,2723.505,43.173,2783.605,0.9156
2026,8,Austrian Grand Prix,Q,NOR,14,SOFT,,austrian-grand-prix_corner_14,austrian-grand-prix_corner_14,0.55,2832.782,45.173,2832.782,0.2642
2026,8,Austrian Grand Prix,Q,NOR,14,SOFT,,austrian-grand-prix_corner_19,austrian-grand-prix_corner_19,0.55,3984.389,61.734,,0.83
2026,8,Austrian Grand Prix,Q,OCO,14,SOFT,,austrian-grand-prix_corner_02,austrian-grand-prix_corner_02,0.55,239.915,2.836,239.915,0.2333
2026,8,Austrian Grand Prix,Q,OCO,14,SOFT,,austrian-grand-prix_corner_03,austrian-grand-prix_corner_03,0.55,436.122,6.557,474.767,1.0
2026,8,Austrian Grand Prix,Q,OCO,14,SOFT,,austrian-grand-prix_corner_07,austrian-grand-prix_corner_07,0.55,1348.87,20.397,1435.897,1.0
2026,8,Austrian Grand Prix,Q,OCO,14,SOFT,,austrian-grand-prix_corner_10,austrian-grand-prix_corner_10,0.55,1973.83,30.437,1973.83,0.0453
2026,8,Austrian Grand Prix,Q,OCO,14,SOFT,,austrian-grand-prix_corner_11,austrian-grand-prix_corner_11,0.55,2178.43,34.877,2225.739,1.0
2026,8,Austrian Grand Prix,Q,OCO,14,SOFT,,austrian-grand-prix_corner_13,austrian-grand-prix_corner_13,0.55,2678.596,43.437,2788.119,0.96
2026,8,Austrian Grand Prix,Q,OCO,14,SOFT,,austrian-grand-prix_corner_14,austrian-grand-prix_corner_14,0.55,2846.43,46.477,2846.43,0.6825
2026,8,Austrian Grand Prix,Q,OCO,14,SOFT,,austrian-grand-prix_corner_19,austrian-grand-prix_corner_19,0.55,3941.166,62.398,4002.227,1.0
2026,8,Austrian Grand Prix,Q,PER,5,SOFT,,austrian-grand-prix_corner_02,austrian-grand-prix_corner_02,0.55,348.989,5.258,414.578,0.5684
2026,8,Austrian Grand Prix,Q,PER,5,SOFT,,austrian-grand-prix_corner_03,austrian-grand-prix_corner_03,0.55,436.778,7.338,436.778,1.0
2026,8,Austrian Grand Prix,Q,PER,5,SOFT,,austrian-grand-prix_corner_07,austrian-grand-prix_corner_07,0.55,1306.288,21.219,1349.711,1.0
2026,8,Austrian Grand Prix,Q,PER,5,SOFT,,austrian-grand-prix_corner_10,austrian-grand-prix_corner_10,0.55,2103.047,34.099,2160.681,0.4087
2026,8,Austrian Grand Prix,Q,PER,5,SOFT,,austrian-grand-prix_corner_11,austrian-grand-prix_corner_11,0.55,2173.592,36.059,2173.592,1.0
2026,8,Austrian Grand Prix,Q,PER,5,SOFT,,austrian-grand-prix_corner_13,austrian-grand-prix_corner_13,0.55,2618.924,43.339,2677.643,1.0
2026,8,Austrian Grand Prix,Q,PER,5,SOFT,,austrian-grand-prix_corner_14,austrian-grand-prix_corner_14,0.55,2918.616,48.659,2998.249,0.9836
2026,8,Austrian Grand Prix,Q,PER,5,SOFT,,austrian-grand-prix_corner_19,austrian-grand-prix_corner_19,0.55,3915.658,63.579,3915.658,1.0
2026,8,Austrian Grand Prix,Q,PIA,13,SOFT,,austrian-grand-prix_corner_02,austrian-grand-prix_corner_02,0.55,226.52,2.709,226.52,0.0
2026,8,Austrian Grand Prix,Q,PIA,13,SOFT,,austrian-grand-prix_corner_03,austrian-grand-prix_corner_03,0.55,460.441,6.55,516.342,0.99
2026,8,Austrian Grand Prix,Q,PIA,13,SOFT,,austrian-grand-prix_corner_07,austrian-grand-prix_corner_07,0.55,1393.843,21.029,1468.598,0.976
2026,8,Austrian Grand Prix,Q,PIA,13,SOFT,,austrian-grand-prix_corner_10,austrian-grand-prix_corner_10,0.55,1968.615,29.989,1968.615,0.0
2026,8,Austrian Grand Prix,Q,PIA,13,SOFT,,austrian-grand-prix_corner_11,austrian-grand-prix_corner_11,0.55,2203.089,34.469,2278.034,0.99
2026,8,Austrian Grand Prix,Q,PIA,13,SOFT,,austrian-grand-prix_corner_13,austrian-grand-prix_corner_13,0.55,2722.259,43.429,2803.861,0.7837
2026,8,Austrian Grand Prix,Q,PIA,13,SOFT,,austrian-grand-prix_corner_14,austrian-grand-prix_corner_14,0.55,2820.428,45.23,2820.428,0.4512
2026,8,Austrian Grand Prix,Q,PIA,13,SOFT,,austrian-grand-prix_corner_19,austrian-grand-prix_corner_19,0.55,3973.767,61.749,4045.6,0.99
2026,8,Austrian Grand Prix,Q,RUS,19,SOFT,,austrian-grand-prix_corner_02,austrian-grand-prix_corner_02,0.55,225.945,2.691,225.945,0.0
2026,8,Austrian Grand Prix,Q,RUS,19,SOFT,,austrian-grand-prix_corner_03,austrian-grand-prix_corner_03,0.55,453.205,6.41,513.491,1.0
2026,8,Austrian Grand Prix,Q,RUS,19,SOFT,,austrian-grand-prix_corner_07,austrian-grand-prix_corner_07,0.55,1390.778,20.971,1455.734,0.97
2026,8,Austrian Grand Prix,Q,RUS,19,SOFT,,austrian-grand-prix_corner_10,austrian-grand-prix_corner_10,0.55,1956.482,29.57,1956.482,0.0
2026,8,Austrian Grand Prix,Q,RUS,19,SOFT,,austrian-grand-prix_corner_11,austrian-grand-prix_corner_11,0.55,2200.913,34.131,2252.947,1.0
2026,8,Austrian Grand Prix,Q,RUS,19,SOFT,,austrian-grand-prix_corner_13,austrian-grand-prix_corner_13,0.55,2720.169,43.05,2800.092,0.8586
2026,8,Austrian Grand Prix,Q,RUS,19,SOFT,,austrian-grand-prix_corner_14,austrian-grand-prix_corner_14,0.55,2831.103,45.05,2831.103,0.3739
2026,8,Austrian Grand Prix,Q,RUS,19,SOFT,,austrian-grand-prix_corner_19,austrian-grand-prix_corner_19,0.55,3966.081,61.211,4015.736,1.0
2026,8,Austrian Grand Prix,Q,SAI,8,SOFT,,austrian-grand-prix_corner_02,austrian-grand-prix_corner_02,0.55,325.309,4.923,401.075,0.7509
2026,8,Austrian Grand Prix,Q,SAI,8,SOFT,,austrian-grand-prix_corner_03,austrian-grand-prix_corner_03,0.55,443.287,7.523,443.287,1.0
2026,8,Austrian Grand Prix,Q,SAI,8,SOFT,,austrian-grand-prix_corner_07,austrian-grand-prix_corner_07,0.55,1303.577,21.203,1364.466,1.0
2026,8,Austrian Grand Prix,Q,SAI,8,SOFT,,austrian-grand-prix_corner_10,austrian-grand-prix_corner_10,0.55,2082.366,33.603,2157.611,0.5285
2026,8,Austrian Grand Prix,Q,SAI,8,SOFT,,austrian-grand-prix_corner_11,austrian-grand-prix_corner_11,0.55,2170.077,35.803,2170.077,1.0
2026,8,Austrian Grand Prix,Q,SAI,8,SOFT,,austrian-grand-prix_corner_13,austrian-grand-prix_corner_13,0.55,2609.317,43.004,2673.812,1.0
2026,8,Austrian Grand Prix,Q,SAI,8,SOFT,,austrian-grand-prix_corner_14,austrian-grand-prix_corner_14,0.55,2881.256,47.723,2987.736,1.0
2026,8,Austrian Grand Prix,Q,SAI,8,SOFT,,austrian-grand-prix_corner_19,austrian-grand-prix_corner_19,0.55,3908.678,62.884,3930.456,1.0
2026,8,Austrian Grand Prix,Q,STR,5,SOFT,,austrian-grand-prix_corner_02,austrian-grand-prix_corner_02,0.55,223.511,2.759,223.511,0.6915
2026,8,Austrian Grand Prix,Q,STR,5,SOFT,,austrian-grand-prix_corner_03,austrian-grand-prix_corner_03,0.55,445.476,7.758,445.476,1.0
2026,8,Austrian Grand Prix,Q,STR,5,SOFT,,austrian-grand-prix_corner_07,austrian-grand-prix_corner_07,0.55,1301.769,21.679,1330.758,1.0
2026,8,Austrian Grand Prix,Q,STR,5,SOFT,,austrian-grand-prix_corner_10,austrian-grand-prix_corner_10,0.55,2090.246,34.639,2153.034,0.4898
2026,8,Austrian Grand Prix,Q,STR,5,SOFT,,austrian-grand-prix_corner_11,austrian-grand-prix_corner_11,0.55,2170.434,36.759,2170.434,1.0
2026,8,Austrian Grand Prix,Q,STR,5,SOFT,,austrian-grand-prix_corner_13,austrian-grand-prix_corner_13,0.55,2614.885,44.199,,0.68
2026,8,Austrian Grand Prix,Q,STR,5,SOFT,,austrian-grand-prix_corner_14,austrian-grand-prix_corner_14,0.55,2919.218,50.119,3006.896,1.0
2026,8,Austrian Grand Prix,Q,STR,5,SOFT,,austrian-grand-prix_corner_19,austrian-grand-prix_corner_19,0.55,3911.24,65.238,3911.24,1.0
2026,8,Austrian Grand Prix,Q,VER,8,SOFT,,austrian-grand-prix_corner_02,austrian-grand-prix_corner_02,0.55,234.31,2.797,234.31,0.0
2026,8,Austrian Grand Prix,Q,VER,8,SOFT,,austrian-grand-prix_corner_03,austrian-grand-prix_corner_03,0.55,455.421,6.477,503.454,1.0
2026,8,Austrian Grand Prix,Q,VER,8,SOFT,,austrian-grand-prix_corner_07,austrian-grand-prix_corner_07,0.55,1403.202,21.397,1454.732,1.0
2026,8,Austrian Grand Prix,Q,VER,8,SOFT,,austrian-grand-prix_corner_10,austrian-grand-prix_corner_10,0.55,1979.921,29.997,1979.921,0.0
2026,8,Austrian Grand Prix,Q,VER,8,SOFT,,austrian-grand-prix_corner_11,austrian-grand-prix_corner_11,0.55,2201.777,34.197,2256.084,1.0
2026,8,Austrian Grand Prix,Q,VER,8,SOFT,,austrian-grand-prix_corner_13,austrian-grand-prix_corner_13,0.55,2743.355,43.597,2798.033,0.8661
2026,8,Austrian Grand Prix,Q,VER,8,SOFT,,austrian-grand-prix_corner_14,austrian-grand-prix_corner_14,0.55,2823.599,45.037,2823.599,0.2035
2026,8,Austrian Grand Prix,Q,VER,8,SOFT,,austrian-grand-prix_corner_19,austrian-grand-prix_corner_19,0.55,3984.882,61.718,4029.161,1.0
2026,8,Austrian Grand Prix,R,ALB,43,HARD,,austrian-grand-prix_corner_02,austrian-grand-prix_corner_02,0.55,283.037,4.757,392.259,0.9875
2026,8,Austrian Grand Prix,R,ALB,43,HARD,,austrian-grand-prix_corner_06,austrian-grand-prix_corner_06,0.55,1212.018,20.196,,0.4035
2026,8,Austrian Grand Prix,R,ALB,43,HARD,,austrian-grand-prix_corner_10,austrian-grand-prix_corner_10,0.55,2021.103,34.957,2134.648,0.92
2026,8,Austrian Grand Prix,R,ALB,43,HARD,,austrian-grand-prix_corner_12,austrian-grand-prix_corner_12,0.55,2542.427,45.077,,0.3348
2026,8,Austrian Grand Prix,R,ALB,43,HARD,,austrian-grand-prix_corner_13,austrian-grand-prix_corner_13,0.55,2595.094,46.277,2657.508,0.0
2026,8,Austrian Grand Prix,R,ALB,43,HARD,,austrian-grand-prix_corner_14,austrian-grand-prix_corner_14,0.55,2812.654,50.357,2951.587,1.0
2026,8,Austrian Grand Prix,R,ALB,43,HARD,,austrian-grand-prix_corner_17,austrian-grand-prix_corner_17,0.55,3562.21,61.637,,0.6241
2026,8,Austrian Grand Prix,R,ALB,43,HARD,,austrian-grand-prix_corner_18,austrian-grand-prix_corner_18,0.55,3671.221,63.597,3872.235,0.8657
2026,8,Austrian Grand Prix,R,ALO,52,SOFT,,austrian-grand-prix_corner_02,austrian-grand-prix_corner_02,0.55,267.708,4.582,365.751,1.0
2026,8,Austrian Grand Prix,R,ALO,52,SOFT,,austrian-grand-prix_corner_06,austrian-grand-prix_corner_06,0.55,1210.594,19.782,,0.4516
2026,8,Austrian Grand Prix,R,ALO,52,SOFT,,austrian-grand-prix_corner_10,austrian-grand-prix_corner_10,0.55,2028.405,34.502,2100.461,1.0
2026,8,Austrian Grand Prix,R,ALO,52,SOFT,,austrian-grand-prix_corner_12,austrian-grand-prix_corner_12,0.55,2377.016,41.182,2377.016,0.1813
2026,8,Austrian Grand Prix,R,ALO,52,SOFT,,austrian-grand-prix_corner_13,austrian-grand-prix_corner_13,0.55,2587.205,45.382,2629.625,0.0
2026,8,Austrian Grand Prix,R,ALO,52,SOFT,,austrian-grand-prix_corner_14,austrian-grand-prix_corner_14,0.55,2859.392,50.462,2947.525,1.0
2026,8,Austrian Grand Prix,R,ALO,52,SOFT,,austrian-grand-prix_corner_17,austrian-grand-prix_corner_17,0.55,3449.166,58.782,3449.166,0.676
2026,8,Austrian Grand Prix,R,ALO,52,SOFT,,austrian-grand-prix_corner_18,austrian-grand-prix_corner_18,0.55,3660.194,62.222,3660.194,0.7255
2026,8,Austrian Grand Prix,R,ANT,59,HARD,,austrian-grand-prix_corner_02,austrian-grand-prix_corner_02,0.55,288.067,4.813,366.634,1.0
2026,8,Austrian Grand Prix,R,ANT,59,HARD,,austrian-grand-prix_corner_06,austrian-grand-prix_corner_06,0.55,1222.447,20.013,,0.3829
2026,8,Austrian Grand Prix,R,ANT,59,HARD,,austrian-grand-prix_corner_10,austrian-grand-prix_corner_10,0.55,2034.029,34.054,2105.718,0.99
2026,8,Austrian Grand Prix,R,ANT,59,HARD,,austrian-grand-prix_corner_12,austrian-grand-prix_corner_12,0.55,2376.519,40.333,2376.519,0.3124
2026,8,Austrian Grand Prix,R,ANT,59,HARD,,austrian-grand-prix_corner_13,austrian-grand-prix_corner_13,0.55,2588.722,44.333,2623.044,0.0275
2026,8,Austrian Grand Prix,R,ANT,59,HARD,,austrian-grand-prix_corner_14,austrian-grand-prix_corner_14,0.55,2857.593,49.254,2926.837,1.0
2026,8,Austrian Grand Prix,R,ANT,59,HARD,,austrian-grand-prix_corner_17,austrian-grand-prix_corner_17,0.55,3447.487,57.453,3447.487,0.4845
2026,8,Austrian Grand Prix,R,ANT,59,HARD,,austrian-grand-prix_corner_18,austrian-grand-prix_corner_18,0.55,3662.113,60.854,3674.224,0.7957
2026,8,Austrian Grand Prix,R,BEA,54,MEDIUM,,austrian-grand-prix_corner_02,austrian-grand-prix_corner_02,0.55,281.043,4.537,380.743,1.0
2026,8,Austrian Grand Prix,R,BEA,54,MEDIUM,,austrian-grand-prix_corner_06,austrian-grand-prix_corner_06,0.55,1219.601,19.777,,0.3553
2026,8,Austrian Grand Prix,R,BEA,54,MEDIUM,,austrian-grand-prix_corner_10,austrian-grand-prix_corner_10,0.55,2026.071,34.418,2137.129,0.9375
2026,8,Austrian Grand Prix,R,BEA,54,MEDIUM,,austrian-grand-prix_corner_12,austrian-grand-prix_corner_12,0.55,2373.118,41.258,2373.118,0.3131
2026,8,Austrian Grand Prix,R,BEA,54,MEDIUM,,austrian-grand-prix_corner_13,austrian-grand-prix_corner_13,0.55,2583.647,45.337,2637.713,0.0
2026,8,Austrian Grand Prix,R,BEA,54,MEDIUM,,austrian-grand-prix_corner_14,austrian-grand-prix_corner_14,0.55,2836.374,49.937,2954.497,1.0
2026,8,Austrian Grand Prix,R,BEA,54,MEDIUM,,austrian-grand-prix_corner_17,austrian-grand-prix_corner_17,0.55,3446.141,58.777,3446.141,0.6044
2026,8,Austrian Grand Prix,R,BEA,54,MEDIUM,,austrian-grand-prix_corner_18,austrian-grand-prix_corner_18,0.55,3667.893,62.338,3667.893,0.5114
2026,8,Austrian Grand Prix,R,BOR,59,HARD,,austrian-grand-prix_corner_02,austrian-grand-prix_corner_02,0.55,288.076,4.887,369.976,1.0
2026,8,Austrian Grand Prix,R,BOR,59,HARD,,austrian-grand-prix_corner_06,austrian-grand-prix_corner_06,0.55,1210.882,19.726,,0.4021
2026,8,Austrian Grand Prix,R,BOR,59,HARD,,austrian-grand-prix_corner_10,austrian-grand-prix_corner_10,0.55,2028.544,34.447,2148.499,0.8275
2026,8,Austrian Grand Prix,R,BOR,59,HARD,,austrian-grand-prix_corner_12,austrian-grand-prix_corner_12,0.55,2369.734,40.846,2369.734,0.3665
2026,8,Austrian Grand Prix,R,BOR,59,HARD,,austrian-grand-prix_corner_13,austrian-grand-prix_corner_13,0.55,2598.092,45.407,2648.964,0.0
2026,8,Austrian Grand Prix,R,BOR,59,HARD,,austrian-grand-prix_corner_14,austrian-grand-prix_corner_14,0.55,2849.124,49.967,2959.258,1.0
2026,8,Austrian Grand Prix,R,BOR,59,HARD,,austrian-grand-prix_corner_17,austrian-grand-prix_corner_17,0.55,3476.977,59.047,3476.977,0.5137
2026,8,Austrian Grand Prix,R,BOR,59,HARD,,austrian-grand-prix_corner_18,austrian-grand-prix_corner_18,0.55,3661.523,62.087,3673.356,0.7272
2026,8,Austrian Grand Prix,R,COL,49,MEDIUM,,austrian-grand-prix_corner_02,austrian-grand-prix_corner_02,0.55,274.108,4.512,375.456,1.0
2026,8,Austrian Grand Prix,R,COL,49,MEDIUM,,austrian-grand-prix_corner_06,austrian-grand-prix_corner_06,0.55,1217.301,19.871,,0.3543
2026,8,Austrian Grand Prix,R,COL,49,MEDIUM,,austrian-grand-prix_corner_10,austrian-grand-prix_corner_10,0.55,2035.758,34.671,2122.866,0.985
2026,8,Austrian Grand Prix,R,COL,49,MEDIUM,,austrian-grand-prix_corner_12,austrian-grand-prix_corner_12,0.55,2390.997,41.151,2390.997,0.236
2026,8,Austrian Grand Prix,R,COL,49,MEDIUM,,austrian-grand-prix_corner_13,austrian-grand-prix_corner_13,0.55,2583.821,44.992,2635.266,0.003
2026,8,Austrian Grand Prix,R,COL,49,MEDIUM,,austrian-grand-prix_corner_14,austrian-grand-prix_corner_14,0.55,2855.799,50.032,2952.544,1.0
2026,8,Austrian Grand Prix,R,COL,49,MEDIUM,,austrian-grand-prix_corner_17,austrian-grand-prix_corner_17,0.55,3445.717,58.392,3445.717,0.5536
2026,8,Austrian Grand Prix,R,COL,49,MEDIUM,,austrian-grand-prix_corner_18,austrian-grand-prix_corner_18,0.55,3668.214,62.032,3681.948,0.6941
2026,8,Austrian Grand Prix,R,GAS,54,SOFT,,austrian-grand-prix_corner_02,austrian-grand-prix_corner_02,0.55,267.997,4.524,357.819,1.0
2026,8,Austrian Grand Prix,R,GAS,54,SOFT,,austrian-grand-prix_corner_06,austrian-grand-prix_corner_06,0.55,1205.134,19.643,,0.3973
2026,8,Austrian Grand Prix,R,GAS,54,SOFT,,austrian-grand-prix_corner_10,austrian-grand-prix_corner_10,0.55,2013.516,33.843,2107.682,1.0
2026,8,Austrian Grand Prix,R,GAS,54,SOFT,,austrian-grand-prix_corner_12,austrian-grand-prix_corner_12,0.55,2369.636,40.643,2369.636,0.4387
2026,8,Austrian Grand Prix,R,GAS,54,SOFT,,austrian-grand-prix_corner_13,austrian-grand-prix_corner_13,0.55,2586.122,45.044,2630.737,0.0
2026,8,Austrian Grand Prix,R,GAS,54,SOFT,,austrian-grand-prix_corner_14,austrian-grand-prix_corner_14,0.55,2841.326,49.723,2940.866,1.0
2026,8,Austrian Grand Prix,R,GAS,54,SOFT,,austrian-grand-prix_corner_17,austrian-grand-prix_corner_17,0.55,3576.098,60.323,3633.554,0.7109
2026,8,Austrian Grand Prix,R,GAS,54,SOFT,,austrian-grand-prix_corner_18,austrian-grand-prix_corner_18,0.55,3671.043,62.003,3671.043,0.8661
2026,8,Austrian Grand Prix,R,HAD,42,HARD,,austrian-grand-prix_corner_02,austrian-grand-prix_corner_02,0.55,289.25,4.804,391.905,1.0
2026,8,Austrian Grand Prix,R,HAD,42,HARD,,austrian-grand-prix_corner_06,austrian-grand-prix_corner_06,0.55,1225.837,19.924,,0.3331
2026,8,Austrian Grand Prix,R,HAD,42,HARD,,austrian-grand-prix_corner_10,austrian-grand-prix_corner_10,0.55,2045.001,34.364,2118.701,0.9023
2026,8,Austrian Grand Prix,R,HAD,42,HARD,,austrian-grand-prix_corner_12,austrian-grand-prix_corner_12,0.55,2380.652,40.604,2380.652,0.3012
2026,8,Austrian Grand Prix,R,HAD,42,HARD,,austrian-grand-prix_corner_13,austrian-grand-prix_corner_13,0.55,2590.865,44.685,2655.922,0.3169
2026,8,Austrian Grand Prix,R,HAD,42,HARD,,austrian-grand-prix_corner_14,austrian-grand-prix_corner_14,0.55,2844.433,49.244,,0.8
2026,8,Austrian Grand Prix,R,HAD,42,HARD,,austrian-grand-prix_corner_17,austrian-grand-prix_corner_17,0.55,3463.082,57.925,3463.082,0.3997
2026,8,Austrian Grand Prix,R,HAD,42,HARD,,austrian-grand-prix_corner_18,austrian-grand-prix_corner_18,0.55,3673.321,61.244,3687.454,0.666
2026,8,Austrian Grand Prix,R,HAM,45,HARD,,austrian-grand-prix_corner_02,austrian-grand-prix_corner_02,0.55,283.463,4.6,371.085,0.99
2026,8,Austrian Grand Prix,R,HAM,45,HARD,,austrian-grand-prix_corner_06,austrian-grand-prix_corner_06,0.55,1218.852,19.6,,0.4138
2026,8,Austrian Grand Prix,R,HAM,45,HARD,,austrian-grand-prix_corner_10,austrian-grand-prix_corner_10,0.55,2037.973,34.16,2117.95,0.988
2026,8,Austrian Grand Prix,R,HAM,45,HARD,,austrian-grand-prix_corner_12,austrian-grand-prix_corner_12,0.55,2374.856,40.44,2374.856,0.1962
2026,8,Austrian Grand Prix,R,HAM,45,HARD,,austrian-grand-prix_corner_13,austrian-grand-prix_corner_13,0.55,2585.081,44.36,2651.859,0.0465
2026,8,Austrian Grand Prix,R,HAM,45,HARD,,austrian-grand-prix_corner_14,austrian-grand-prix_corner_14,0.55,2846.455,49.161,2971.368,0.995
2026,8,Austrian Grand Prix,R,HAM,45,HARD,,austrian-grand-prix_corner_17,austrian-grand-prix_corner_17,0.55,3461.212,57.84,3461.212,0.3362
2026,8,Austrian Grand Prix,R,HAM,45,HARD,,austrian-grand-prix_corner_18,austrian-grand-prix_corner_18,0.55,3659.623,61.0,3689.389,0.694
2026,8,Austrian Grand Prix,R,HUL,55,HARD,,austrian-grand-prix_corner_02,austrian-grand-prix_corner_02,0.55,274.911,4.47,372.988,1.0
2026,8,Austrian Grand Prix,R,HUL,55,HARD,,austrian-grand-prix_corner_06,austrian-grand-prix_corner_06,0.55,1219.469,19.831,,0.3721
2026,8,Austrian Grand Prix,R,HUL,55,HARD,,austrian-grand-prix_corner_10,austrian-grand-prix_corner_10,0.55,2025.545,34.151,2101.875,1.0
2026,8,Austrian Grand Prix,R,HUL,55,HARD,,austrian-grand-prix_corner_12,austrian-grand-prix_corner_12,0.55,2370.476,40.751,2370.476,0.3871
2026,8,Austrian Grand Prix,R,HUL,55,HARD,,austrian-grand-prix_corner_13,austrian-grand-prix_corner_13,0.55,2587.707,44.951,2653.54,0.0
2026,8,Austrian Grand Prix,R,HUL,55,HARD,,austrian-grand-prix_corner_14,austrian-grand-prix_corner_14,0.55,2841.789,49.59,2944.395,1.0
2026,8,Austrian Grand Prix,R,HUL,55,HARD,,austrian-grand-prix_corner_17,austrian-grand-prix_corner_17,0.55,3450.489,58.471,3450.489,0.608
2026,8,Austrian Grand Prix,R,HUL,55,HARD,,austrian-grand-prix_corner_18,austrian-grand-prix_corner_18,0.55,3664.764,61.91,3664.764,0.6375
2026,8,Austrian Grand Prix,R,LAW,55,MEDIUM,,austrian-grand-prix_corner_02,austrian-grand-prix_corner_02,0.55,274.518,4.521,373.804,1.0
2026,8,Austrian Grand Prix,R,LAW,55,MEDIUM,,austrian-grand-prix_corner_06,austrian-grand-prix_corner_06,0.55,1217.119,20.042,,0.4499
2026,8,Austrian Grand Prix,R,LAW,55,MEDIUM,,austrian-grand-prix_corner_10,austrian-grand-prix_corner_10,0.55,2026.971,34.401,2130.583,0.96
2026,8,Austrian Grand Prix,R,LAW,55,MEDIUM,,austrian-grand-prix_corner_12,austrian-grand-prix_corner_12,0.55,2381.924,40.961,,0.3076
2026,8,Austrian Grand Prix,R,LAW,55,MEDIUM,,austrian-grand-prix_corner_13,austrian-grand-prix_corner_13,0.55,2593.345,45.242,2636.456,0.0
2026,8,Austrian Grand Prix,R,LAW,55,MEDIUM,,austrian-grand-prix_corner_14,austrian-grand-prix_corner_14,0.55,2830.007,49.481,2945.692,1.0
2026,8,Austrian Grand Prix,R,LAW,55,MEDIUM,,austrian-grand-prix_corner_17,austrian-grand-prix_corner_17,0.55,3583.766,60.402,,0.5592
2026,8,Austrian Grand Prix,R,LAW,55,MEDIUM,,austrian-grand-prix_corner_18,austrian-grand-prix_corner_18,0.55,3672.056,61.961,3672.056,0.7343
2026,8,Austrian Grand Prix,R,LEC,67,SOFT,,austrian-grand-prix_corner_02,austrian-grand-prix_corner_02,0.55,288.386,4.767,365.597,1.0
2026,8,Austrian Grand Prix,R,LEC,67,SOFT,,austrian-grand-prix_corner_06,austrian-grand-prix_corner_06,0.55,1211.511,19.527,,0.4071
2026,8,Austrian Grand Prix,R,LEC,67,SOFT,,austrian-grand-prix_corner_10,austrian-grand-prix_corner_10,0.55,2019.271,33.847,2094.394,1.0
2026,8,Austrian Grand Prix,R,LEC,67,SOFT,,austrian-grand-prix_corner_12,austrian-grand-prix_corner_12,0.55,2370.431,40.567,2370.431,0.377
2026,8,Austrian Grand Prix,R,LEC,67,SOFT,,austrian-grand-prix_corner_13,austrian-grand-prix_corner_13,0.55,2590.541,44.767,2623.119,0.0997
2026,8,Austrian Grand Prix,R,LEC,67,SOFT,,austrian-grand-prix_corner_14,austrian-grand-prix_corner_14,0.55,2850.419,49.367,2926.086,1.0
2026,8,Austrian Grand Prix,R,LEC,67,SOFT,,austrian-grand-prix_corner_17,austrian-grand-prix_corner_17,0.55,3459.686,57.887,3459.686,0.7826
2026,8,Austrian Grand Prix,R,LEC,67,SOFT,,austrian-grand-prix_corner_18,austrian-grand-prix_corner_18,0.55,3672.652,61.247,3672.652,0.8204
2026,8,Austrian Grand Prix,R,LIN,56,MEDIUM,,austrian-grand-prix_corner_02,austrian-grand-prix_corner_02,0.55,284.086,4.701,361.86,1.0
2026,8,Austrian Grand Prix,R,LIN,56,MEDIUM,,austrian-grand-prix_corner_06,austrian-grand-prix_corner_06,0.55,1222.416,19.94,,0.4058
2026,8,Austrian Grand Prix,R,LIN,56,MEDIUM,,austrian-grand-prix_corner_10,austrian-grand-prix_corner_10,0.55,2034.512,34.581,2104.679,1.0
2026,8,Austrian Grand Prix,R,LIN,56,MEDIUM,,austrian-grand-prix_corner_12,austrian-grand-prix_corner_12,0.55,2373.577,40.94,2373.577,0.4013
2026,8,Austrian Grand Prix,R,LIN,56,MEDIUM,,austrian-grand-prix_corner_13,austrian-grand-prix_corner_13,0.55,2589.636,45.301,2645.727,0.0
2026,8,Austrian Grand Prix,R,LIN,56,MEDIUM,,austrian-grand-prix_corner_14,austrian-grand-prix_corner_14,0.55,2853.756,50.141,2962.256,1.0
2026,8,Austrian Grand Prix,R,LIN,56,MEDIUM,,austrian-grand-prix_corner_17,austrian-grand-prix_corner_17,0.55,3589.703,60.7,3651.657,0.6579
2026,8,Austrian Grand Prix,R,LIN,56,MEDIUM,,austrian-grand-prix_corner_18,austrian-grand-prix_corner_18,0.55,3660.901,61.981,3660.901,0.7851
2026,8,Austrian Grand Prix,R,NOR,55,HARD,,austrian-grand-prix_corner_02,austrian-grand-prix_corner_02,0.55,302.902,5.307,369.578,1.0
2026,8,Austrian Grand Prix,R,NOR,55,HARD,,austrian-grand-prix_corner_06,austrian-grand-prix_corner_06,0.55,1222.954,20.148,,0.3043
2026,8,Austrian Grand Prix,R,NOR,55,HARD,,austrian-grand-prix_corner_10,austrian-grand-prix_corner_10,0.55,2039.584,34.427,2106.262,0.9325
2026,8,Austrian Grand Prix,R,NOR,55,HARD,,austrian-grand-prix_corner_12,austrian-grand-prix_corner_12,0.55,2369.709,40.388,2369.709,0.296
2026,8,Austrian Grand Prix,R,NOR,55,HARD,,austrian-grand-prix_corner_13,austrian-grand-prix_corner_13,0.55,2589.614,44.587,2636.447,0.0
2026,8,Austrian Grand Prix,R,NOR,55,HARD,,austrian-grand-prix_corner_14,austrian-grand-prix_corner_14,0.55,2854.724,49.427,2945.202,1.0
2026,8,Austrian Grand Prix,R,NOR,55,HARD,,austrian-grand-prix_corner_17,austrian-grand-prix_corner_17,0.55,3617.797,60.348,3645.264,0.7241
2026,8,Austrian Grand Prix,R,NOR,55,HARD,,austrian-grand-prix_corner_18,austrian-grand-prix_corner_18,0.55,3666.564,61.188,3666.564,0.8481
2026,8,Austrian Grand Prix,R,OCO,37,HARD,,austrian-grand-prix_corner_02,austrian-grand-prix_corner_02,0.55,299.433,5.04,379.733,1.0
2026,8,Austrian Grand Prix,R,OCO,37,HARD,,austrian-grand-prix_corner_06,austrian-grand-prix_corner_06,0.55,1224.545,20.12,,0.3459
2026,8,Austrian Grand Prix,R,OCO,37,HARD,,austrian-grand-prix_corner_10,austrian-grand-prix_corner_10,0.55,2041.371,35.08,2135.414,0.965
2026,8,Austrian Grand Prix,R,OCO,37,HARD,,austrian-grand-prix_corner_12,austrian-grand-prix_corner_12,0.55,2371.492,41.44,2371.492,0.2516
2026,8,Austrian Grand Prix,R,OCO,37,HARD,,austrian-grand-prix_corner_13,austrian-grand-prix_corner_13,0.55,2590.152,45.64,2642.552,0.0
2026,8,Austrian Grand Prix,R,OCO,37,HARD,,austrian-grand-prix_corner_14,austrian-grand-prix_corner_14,0.55,2846.636,50.52,2966.725,0.9567
2026,8,Austrian Grand Prix,R,OCO,37,HARD,,austrian-grand-prix_corner_17,austrian-grand-prix_corner_17,0.55,3449.337,59.4,3449.337,0.4682
2026,8,Austrian Grand Prix,R,OCO,37,HARD,,austrian-grand-prix_corner_18,austrian-grand-prix_corner_18,0.55,3659.026,62.8,3659.026,0.5489
2026,8,Austrian Grand Prix,R,PER,3,MEDIUM,,austrian-grand-prix_corner_02,austrian-grand-prix_corner_02,0.55,275.051,4.803,374.923,1.0
2026,8,Austrian Grand Prix,R,PER,3,MEDIUM,,austrian-grand-prix_corner_06,austrian-grand-prix_corner_06,0.55,1228.426,20.484,,0.3345
2026,8,Austrian Grand Prix,R,PER,3,MEDIUM,,austrian-grand-prix_corner_10,austrian-grand-prix_corner_10,0.55,2051.379,35.564,,0.8224
2026,8,Austrian Grand Prix,R,PER,3,MEDIUM,,austrian-grand-prix_corner_12,austrian-grand-prix_corner_12,0.55,2373.05,41.804,2373.05,0.1907
2026,8,Austrian Grand Prix,R,PER,3,MEDIUM,,austrian-grand-prix_corner_13,austrian-grand-prix_corner_13,0.55,2597.095,46.284,2674.073,0.0
2026,8,Austrian Grand Prix,R,PER,3,MEDIUM,,austrian-grand-prix_corner_14,austrian-grand-prix_corner_14,0.55,2878.083,51.883,2959.928,1.0
2026,8,Austrian Grand Prix,R,PER,3,MEDIUM,,austrian-grand-prix_corner_17,austrian-grand-prix_corner_17,0.55,3633.162,63.443,,0.3717
2026,8,Austrian Grand Prix,R,PER,3,MEDIUM,,austrian-grand-prix_corner_18,austrian-grand-prix_corner_18,0.55,3661.529,64.003,3695.573,0.5977
2026,8,Austrian Grand Prix,R,PIA,45,HARD,,austrian-grand-prix_corner_02,austrian-grand-prix_corner_02,0.55,271.448,4.949,351.959,0.99
2026,8,Austrian Grand Prix,R,PIA,45,HARD,,austrian-grand-prix_corner_06,austrian-grand-prix_corner_06,0.55,1200.292,19.869,,0.5229
2026,8,Austrian Grand Prix,R,PIA,45,HARD,,austrian-grand-prix_corner_10,austrian-grand-prix_corner_10,0.55,2014.571,34.109,2099.493,0.985
2026,8,Austrian Grand Prix,R,PIA,45,HARD,,austrian-grand-prix_corner_12,austrian-grand-prix_corner_12,0.55,2370.213,40.549,2370.213,0.3322
2026,8,Austrian Grand Prix,R,PIA,45,HARD,,austrian-grand-prix_corner_13,austrian-grand-prix_corner_13,0.55,2591.182,44.83,2636.843,0.0
2026,8,Austrian Grand Prix,R,PIA,45,HARD,,austrian-grand-prix_corner_14,austrian-grand-prix_corner_14,0.55,2814.987,48.869,2927.666,0.99
2026,8,Austrian Grand Prix,R,PIA,45,HARD,,austrian-grand-prix_corner_17,austrian-grand-prix_corner_17,0.55,3445.035,57.75,,0.6787
2026,8,Austrian Grand Prix,R,PIA,45,HARD,,austrian-grand-prix_corner_18,austrian-grand-prix_corner_18,0.55,3667.182,61.349,3867.172,0.8852
2026,8,Austrian Grand Prix,R,RUS,49,HARD,,austrian-grand-prix_corner_02,austrian-grand-prix_corner_02,0.55,287.162,4.863,379.243,1.0
2026,8,Austrian Grand Prix,R,RUS,49,HARD,,austrian-grand-prix_corner_06,austrian-grand-prix_corner_06,0.55,1225.064,20.303,,0.4014
2026,8,Austrian Grand Prix,R,RUS,49,HARD,,austrian-grand-prix_corner_10,austrian-grand-prix_corner_10,0.55,2024.25,34.023,2096.795,1.0
2026,8,Austrian Grand Prix,R,RUS,49,HARD,,austrian-grand-prix_corner_12,austrian-grand-prix_corner_12,0.55,2380.16,40.543,2380.16,0.2794
2026,8,Austrian Grand Prix,R,RUS,49,HARD,,austrian-grand-prix_corner_13,austrian-grand-prix_corner_13,0.55,2584.082,44.503,2635.978,0.0
2026,8,Austrian Grand Prix,R,RUS,49,HARD,,austrian-grand-prix_corner_14,austrian-grand-prix_corner_14,0.55,2841.429,49.183,2940.607,1.0
2026,8,Austrian Grand Prix,R,RUS,49,HARD,,austrian-grand-prix_corner_17,austrian-grand-prix_corner_17,0.55,3445.939,57.703,3445.939,0.6168
2026,8,Austrian Grand Prix,R,RUS,49,HARD,,austrian-grand-prix_corner_18,austrian-grand-prix_corner_18,0.55,3678.47,61.383,3678.47,0.6595
2026,8,Austrian Grand Prix,R,SAI,22,MEDIUM,,austrian-grand-prix_corner_02,austrian-grand-prix_corner_02,0.55,286.36,4.875,388.249,1.0
2026,8,Austrian Grand Prix,R,SAI,22,MEDIUM,,austrian-grand-prix_corner_06,austrian-grand-prix_corner_06,0.55,1216.389,20.355,,0.3286
2026,8,Austrian Grand Prix,R,SAI,22,MEDIUM,,austrian-grand-prix_corner_10,austrian-grand-prix_corner_10,0.55,2020.427,34.915,2115.544,0.972
2026,8,Austrian Grand Prix,R,SAI,22,MEDIUM,,austrian-grand-prix_corner_12,austrian-grand-prix_corner_12,0.55,2369.077,41.755,2369.077,0.3637
2026,8,Austrian Grand Prix,R,SAI,22,MEDIUM,,austrian-grand-prix_corner_13,austrian-grand-prix_corner_13,0.55,2584.054,46.115,2631.721,0.0
2026,8,Austrian Grand Prix,R,SAI,22,MEDIUM,,austrian-grand-prix_corner_14,austrian-grand-prix_corner_14,0.55,2839.19,51.075,2944.634,1.0
2026,8,Austrian Grand Prix,R,SAI,22,MEDIUM,,austrian-grand-prix_corner_17,austrian-grand-prix_corner_17,0.55,3468.661,60.315,3638.709,0.7276
2026,8,Austrian Grand Prix,R,SAI,22,MEDIUM,,austrian-grand-prix_corner_18,austrian-grand-prix_corner_18,0.55,3665.175,63.874,3665.175,0.7493
2026,8,Austrian Grand Prix,R,STR,30,SOFT,,austrian-grand-prix_corner_02,austrian-grand-prix_corner_02,0.55,285.794,4.884,359.024,1.0
2026,8,Austrian Grand Prix,R,STR,30,SOFT,,austrian-grand-prix_corner_06,austrian-grand-prix_corner_06,0.55,1232.656,20.803,,0.3652
2026,8,Austrian Grand Prix,R,STR,30,SOFT,,austrian-grand-prix_corner_10,austrian-grand-prix_corner_10,0.55,2042.682,35.244,2129.993,0.918
2026,8,Austrian Grand Prix,R,STR,30,SOFT,,austrian-grand-prix_corner_12,austrian-grand-prix_corner_12,0.55,2375.442,41.764,2375.442,0.0508
2026,8,Austrian Grand Prix,R,STR,30,SOFT,,austrian-grand-prix_corner_13,austrian-grand-prix_corner_13,0.55,2587.242,45.924,2652.773,0.0911
2026,8,Austrian Grand Prix,R,STR,30,SOFT,,austrian-grand-prix_corner_14,austrian-grand-prix_corner_14,0.55,2875.251,51.444,2972.239,1.0
2026,8,Austrian Grand Prix,R,STR,30,SOFT,,austrian-grand-prix_corner_17,austrian-grand-prix_corner_17,0.55,3619.609,62.564,,0.4033
2026,8,Austrian Grand Prix,R,STR,30,SOFT,,austrian-grand-prix_corner_18,austrian-grand-prix_corner_18,0.55,3666.009,63.404,3666.009,0.6588
2026,8,Austrian Grand Prix,R,VER,57,HARD,,austrian-grand-prix_corner_02,austrian-grand-prix_corner_02,0.55,323.206,5.699,371.438,1.0
2026,8,Austrian Grand Prix,R,VER,57,HARD,,austrian-grand-prix_corner_06,austrian-grand-prix_corner_06,0.55,1230.476,20.018,,0.2584
2026,8,Austrian Grand Prix,R,VER,57,HARD,,austrian-grand-prix_corner_10,austrian-grand-prix_corner_10,0.55,2043.911,34.138,2107.5,0.9475
2026,8,Austrian Grand Prix,R,VER,57,HARD,,austrian-grand-prix_corner_12,austrian-grand-prix_corner_12,0.55,2373.564,40.178,2373.564,0.1323
2026,8,Austrian Grand Prix,R,VER,57,HARD,,austrian-grand-prix_corner_13,austrian-grand-prix_corner_13,0.55,2586.008,44.099,2642.975,0.308
2026,8,Austrian Grand Prix,R,VER,57,HARD,,austrian-grand-prix_corner_14,austrian-grand-prix_corner_14,0.55,2878.124,49.419,2957.147,1.0
2026,8,Austrian Grand Prix,R,VER,57,HARD,,austrian-grand-prix_corner_17,austrian-grand-prix_corner_17,0.55,3462.616,57.499,3462.616,0.4852
2026,8,Austrian Grand Prix,R,VER,57,HARD,,austrian-grand-prix_corner_18,austrian-grand-prix_corner_18,0.55,3660.046,60.618,3660.046,0.4497
2026,9,British Grand Prix,Q,ALB,7,SOFT,,british-grand-prix_corner_03,british-grand-prix_corner_03,0.55,599.031,7.238,599.031,0.0
2026,9,British Grand Prix,Q,ALB,7,SOFT,,british-grand-prix_corner_04,british-grand-prix_corner_04,0.55,908.502,12.878,1115.54,0.9883
2026,9,British Grand Prix,Q,ALB,7,SOFT,,british-grand-prix_corner_07,british-grand-prix_corner_07,0.55,1774.594,28.238,1774.594,0.4795
2026,9,British Grand Prix,Q,ALB,7,SOFT,,british-grand-prix_corner_08,british-grand-prix_corner_08,0.55,2161.486,36.158,2288.941,0.964
2026,9,British Grand Prix,Q,ALB,7,SOFT,,british-grand-prix_corner_14,british-grand-prix_corner_14,0.55,3831.004,58.839,4058.299,0.9011
2026,9,British Grand Prix,Q,ALB,7,SOFT,,british-grand-prix_corner_18,british-grand-prix_corner_18,0.55,5011.992,75.078,,0.86
2026,9,British Grand Prix,Q,ALB,7,SOFT,,british-grand-prix_corner_19,british-grand-prix_corner_19,0.55,5301.673,79.478,,0.2068
2026,9,British Grand Prix,Q,ALB,7,SOFT,,british-grand-prix_corner_20,british-grand-prix_corner_20,0.55,5589.731,86.318,5652.676,1.0
2026,9,British Grand Prix,Q,ALO,5,SOFT,,british-grand-prix_corner_03,british-grand-prix_corner_03,0.55,596.99,7.525,596.99,0.0
2026,9,British Grand Prix,Q,ALO,5,SOFT,,british-grand-prix_corner_04,british-grand-prix_corner_04,0.55,900.055,13.085,1109.725,0.995
2026,9,British Grand Prix,Q,ALO,5,SOFT,,british-grand-prix_corner_07,british-grand-prix_corner_07,0.55,1778.55,29.246,1778.55,0.394
2026,9,British Grand Prix,Q,ALO,5,SOFT,,british-grand-prix_corner_08,british-grand-prix_corner_08,0.55,2169.961,37.485,2266.65,1.0
2026,9,British Grand Prix,Q,ALO,5,SOFT,,british-grand-prix_corner_14,british-grand-prix_corner_14,0.55,4007.798,63.806,4036.387,0.9458
2026,9,British Grand Prix,Q,ALO,5,SOFT,,british-grand-prix_corner_18,british-grand-prix_corner_18,0.55,5020.844,77.446,5085.754,1.0
2026,9,British Grand Prix,Q,ALO,5,SOFT,,british-grand-prix_corner_19,british-grand-prix_corner_19,0.55,5304.343,81.886,5304.343,0.33
2026,9,British Grand Prix,Q,ALO,5,SOFT,,british-grand-prix_corner_20,british-grand-prix_corner_20,0.55,5597.61,89.006,5597.61,1.0
2026,9,British Grand Prix,Q,ANT,18,SOFT,,british-grand-prix_corner_03,british-grand-prix_corner_03,0.55,604.559,7.283,604.559,0.0
2026,9,British Grand Prix,Q,ANT,18,SOFT,,british-grand-prix_corner_04,british-grand-prix_corner_04,0.55,909.634,12.723,1108.756,0.93
2026,9,British Grand Prix,Q,ANT,18,SOFT,,british-grand-prix_corner_07,british-grand-prix_corner_07,0.55,1771.212,27.883,1771.212,0.5731
2026,9,British Grand Prix,Q,ANT,18,SOFT,,british-grand-prix_corner_08,british-grand-prix_corner_08,0.55,2063.19,32.883,2244.891,1.0
2026,9,British Grand Prix,Q,ANT,18,SOFT,,british-grand-prix_corner_14,british-grand-prix_corner_14,0.55,3825.106,57.804,4034.114,0.9615
2026,9,British Grand Prix,Q,ANT,18,SOFT,,british-grand-prix_corner_18,british-grand-prix_corner_18,0.55,5018.579,73.523,5060.868,0.9962
2026,9,British Grand Prix,Q,ANT,18,SOFT,,british-grand-prix_corner_19,british-grand-prix_corner_19,0.55,5305.074,77.644,5305.074,0.3382
2026,9,British Grand Prix,Q,ANT,18,SOFT,,british-grand-prix_corner_20,british-grand-prix_corner_20,0.55,5591.567,84.364,5605.411,0.3294
2026,9,British Grand Prix,Q,BEA,14,SOFT,,british-grand-prix_corner_03,british-grand-prix_corner_03,0.55,603.504,7.462,603.504,0.0
2026,9,British Grand Prix,Q,BEA,14,SOFT,,british-grand-prix_corner_04,british-grand-prix_corner_04,0.55,904.594,12.862,1157.991,0.83
2026,9,British Grand Prix,Q,BEA,14,SOFT,,british-grand-prix_corner_07,british-grand-prix_corner_07,0.55,1771.576,28.543,1771.576,0.4198
2026,9,British Grand Prix,Q,BEA,14,SOFT,,british-grand-prix_corner_08,british-grand-prix_corner_08,0.55,2059.706,33.582,2059.706,1.0
2026,9,British Grand Prix,Q,BEA,14,SOFT,,british-grand-prix_corner_14,british-grand-prix_corner_14,0.55,3846.075,59.222,4057.965,0.9035
2026,9,British Grand Prix,Q,BEA,14,SOFT,,british-grand-prix_corner_18,british-grand-prix_corner_18,0.55,5014.762,75.143,5131.565,1.0
2026,9,British Grand Prix,Q,BEA,14,SOFT,,british-grand-prix_corner_19,british-grand-prix_corner_19,0.55,5304.087,79.502,5304.087,0.2868
2026,9,British Grand Prix,Q,BEA,14,SOFT,,british-grand-prix_corner_20,british-grand-prix_corner_20,0.55,5594.442,86.182,5612.664,1.0
2026,9,British Grand Prix,Q,BOR,9,SOFT,,british-grand-prix_corner_03,british-grand-prix_corner_03,0.55,598.899,7.234,598.899,0.0
2026,9,British Grand Prix,Q,BOR,9,SOFT,,british-grand-prix_corner_04,british-grand-prix_corner_04,0.55,916.936,12.914,1136.382,0.9614
2026,9,British Grand Prix,Q,BOR,9,SOFT,,british-grand-prix_corner_07,british-grand-prix_corner_07,0.55,1777.169,27.994,1777.169,0.3817
2026,9,British Grand Prix,Q,BOR,9,SOFT,,british-grand-prix_corner_08,british-grand-prix_corner_08,0.55,2070.214,33.234,2261.638,1.0
2026,9,British Grand Prix,Q,BOR,9,SOFT,,british-grand-prix_corner_14,british-grand-prix_corner_14,0.55,3837.969,58.595,4050.102,0.9351
2026,9,British Grand Prix,Q,BOR,9,SOFT,,british-grand-prix_corner_18,british-grand-prix_corner_18,0.55,5013.325,74.394,5052.57,1.0
2026,9,British Grand Prix,Q,BOR,9,SOFT,,british-grand-prix_corner_19,british-grand-prix_corner_19,0.55,5309.024,78.795,5309.024,0.3686
2026,9,British Grand Prix,Q,BOR,9,SOFT,,british-grand-prix_corner_20,british-grand-prix_corner_20,0.55,5595.272,85.515,5604.605,1.0
2026,9,British Grand Prix,Q,BOT,7,SOFT,,british-grand-prix_corner_03,british-grand-prix_corner_03,0.55,599.882,7.41,599.882,0.0
2026,9,British Grand Prix,Q,BOT,7,SOFT,,british-grand-prix_corner_04,british-grand-prix_corner_04,0.55,899.814,12.81,944.67,0.968
2026,9,British Grand Prix,Q,BOT,7,SOFT,,british-grand-prix_corner_07,british-grand-prix_corner_07,0.55,1766.748,28.371,1766.748,0.3256
2026,9,British Grand Prix,Q,BOT,7,SOFT,,british-grand-prix_corner_08,british-grand-prix_corner_08,0.55,2145.256,36.09,2262.501,1.0
2026,9,British Grand Prix,Q,BOT,7,SOFT,,british-grand-prix_corner_14,british-grand-prix_corner_14,0.55,3975.671,61.891,4037.627,0.976
2026,9,British Grand Prix,Q,BOT,7,SOFT,,british-grand-prix_corner_18,british-grand-prix_corner_18,0.55,5018.835,75.731,5061.834,1.0
2026,9,British Grand Prix,Q,BOT,7,SOFT,,british-grand-prix_corner_19,british-grand-prix_corner_19,0.55,5296.734,80.05,5296.734,0.5285
2026,9,British Grand Prix,Q,BOT,7,SOFT,,british-grand-prix_corner_20,british-grand-prix_corner_20,0.55,5591.757,87.571,5591.757,1.0
2026,9,British Grand Prix,Q,COL,2,SOFT,,british-grand-prix_corner_03,british-grand-prix_corner_03,0.55,597.119,7.335,597.119,0.0
2026,9,British Grand Prix,Q,COL,2,SOFT,,british-grand-prix_corner_04,british-grand-prix_corner_04,0.55,892.49,12.734,1114.106,0.964
2026,9,British Grand Prix,Q,COL,2,SOFT,,british-grand-prix_corner_07,british-grand-prix_corner_07,0.55,1767.349,28.535,1767.349,0.514
2026,9,British Grand Prix,Q,COL,2,SOFT,,british-grand-prix_corner_08,british-grand-prix_corner_08,0.55,2154.87,36.615,2279.072,1.0
2026,9,British Grand Prix,Q,COL,2,SOFT,,british-grand-prix_corner_14,british-grand-prix_corner_14,0.55,3826.938,59.294,4052.209,0.8711
2026,9,British Grand Prix,Q,COL,2,SOFT,,british-grand-prix_corner_18,british-grand-prix_corner_18,0.55,5013.147,75.815,5084.703,1.0
2026,9,British Grand Prix,Q,COL,2,SOFT,,british-grand-prix_corner_19,british-grand-prix_corner_19,0.55,5314.861,80.455,5314.861,0.4289
2026,9,British Grand Prix,Q,COL,2,SOFT,,british-grand-prix_corner_20,british-grand-prix_corner_20,0.55,5593.517,87.455,5604.517,1.0
2026,9,British Grand Prix,Q,GAS,11,SOFT,,british-grand-prix_corner_03,british-grand-prix_corner_03,0.55,596.77,7.083,596.77,0.0
2026,9,British Grand Prix,Q,GAS,11,SOFT,,british-grand-prix_corner_04,british-grand-prix_corner_04,0.55,913.757,12.722,1113.158,0.9433
2026,9,British Grand Prix,Q,GAS,11,SOFT,,british-grand-prix_corner_07,british-grand-prix_corner_07,0.55,1774.282,28.043,1774.282,0.3455
2026,9,British Grand Prix,Q,GAS,11,SOFT,,british-grand-prix_corner_08,british-grand-prix_corner_08,0.55,2060.797,33.123,2273.388,1.0
2026,9,British Grand Prix,Q,GAS,11,SOFT,,british-grand-prix_corner_14,british-grand-prix_corner_14,0.55,3858.846,58.922,4046.971,0.883
2026,9,British Grand Prix,Q,GAS,11,SOFT,,british-grand-prix_corner_18,british-grand-prix_corner_18,0.55,5029.872,75.043,5071.694,1.0
2026,9,British Grand Prix,Q,GAS,11,SOFT,,british-grand-prix_corner_19,british-grand-prix_corner_19,0.55,5310.384,79.323,5310.384,0.346
2026,9,British Grand Prix,Q,GAS,11,SOFT,,british-grand-prix_corner_20,british-grand-prix_corner_20,0.55,5597.248,86.203,5650.648,1.0
2026,9,British Grand Prix,Q,HAD,17,SOFT,,british-grand-prix_corner_03,british-grand-prix_corner_03,0.55,600.777,7.193,600.777,0.0
2026,9,British Grand Prix,Q,HAD,17,SOFT,,british-grand-prix_corner_04,british-grand-prix_corner_04,0.55,917.787,12.913,1110.13,0.95
2026,9,British Grand Prix,Q,HAD,17,SOFT,,british-grand-prix_corner_07,british-grand-prix_corner_07,0.55,1765.455,27.753,1765.455,0.2085
2026,9,British Grand Prix,Q,HAD,17,SOFT,,british-grand-prix_corner_08,british-grand-prix_corner_08,0.55,2067.321,32.833,2276.067,1.0
2026,9,British Grand Prix,Q,HAD,17,SOFT,,british-grand-prix_corner_14,british-grand-prix_corner_14,0.55,3856.678,58.233,4064.889,0.9198
2026,9,British Grand Prix,Q,HAD,17,SOFT,,british-grand-prix_corner_18,british-grand-prix_corner_18,0.55,5011.762,73.513,5106.238,1.0
2026,9,British Grand Prix,Q,HAD,17,SOFT,,british-grand-prix_corner_19,british-grand-prix_corner_19,0.55,5295.305,77.714,5295.305,0.1334
2026,9,British Grand Prix,Q,HAD,17,SOFT,,british-grand-prix_corner_20,british-grand-prix_corner_20,0.55,5612.485,84.834,5624.019,1.0
2026,9,British Grand Prix,Q,HAM,16,SOFT,,british-grand-prix_corner_03,british-grand-prix_corner_03,0.55,599.101,7.266,599.101,0.0
2026,9,British Grand Prix,Q,HAM,16,SOFT,,british-grand-prix_corner_04,british-grand-prix_corner_04,0.55,898.241,12.386,1109.06,0.9983
2026,9,British Grand Prix,Q,HAM,16,SOFT,,british-grand-prix_corner_07,british-grand-prix_corner_07,0.55,1765.144,27.746,1765.144,0.3479
2026,9,British Grand Prix,Q,HAM,16,SOFT,,british-grand-prix_corner_08,british-grand-prix_corner_08,0.55,2064.399,32.746,2282.247,1.0
2026,9,British Grand Prix,Q,HAM,16,SOFT,,british-grand-prix_corner_14,british-grand-prix_corner_14,0.55,3838.424,57.987,4058.867,0.9622
2026,9,British Grand Prix,Q,HAM,16,SOFT,,british-grand-prix_corner_18,british-grand-prix_corner_18,0.55,5000.702,73.386,5079.691,1.0
2026,9,British Grand Prix,Q,HAM,16,SOFT,,british-grand-prix_corner_19,british-grand-prix_corner_19,0.55,5314.493,77.987,5314.493,0.3061
2026,9,British Grand Prix,Q,HAM,16,SOFT,,british-grand-prix_corner_20,british-grand-prix_corner_20,0.55,5591.312,84.307,5634.834,0.9967
2026,9,British Grand Prix,Q,HUL,8,SOFT,,british-grand-prix_corner_03,british-grand-prix_corner_03,0.55,588.716,7.116,588.716,0.0
2026,9,British Grand Prix,Q,HUL,8,SOFT,,british-grand-prix_corner_04,british-grand-prix_corner_04,0.55,903.647,12.755,1154.05,0.864
2026,9,British Grand Prix,Q,HUL,8,SOFT,,british-grand-prix_corner_07,british-grand-prix_corner_07,0.55,1769.319,27.995,1769.319,0.3224
2026,9,British Grand Prix,Q,HUL,8,SOFT,,british-grand-prix_corner_08,british-grand-prix_corner_08,0.55,2060.954,33.036,2269.84,1.0
2026,9,British Grand Prix,Q,HUL,8,SOFT,,british-grand-prix_corner_14,british-grand-prix_corner_14,0.55,3848.019,58.475,4066.192,0.8872
2026,9,British Grand Prix,Q,HUL,8,SOFT,,british-grand-prix_corner_18,british-grand-prix_corner_18,0.55,5022.27,74.356,5128.427,1.0
2026,9,British Grand Prix,Q,HUL,8,SOFT,,british-grand-prix_corner_19,british-grand-prix_corner_19,0.55,5299.682,78.475,5299.682,0.2365
2026,9,British Grand Prix,Q,HUL,8,SOFT,,british-grand-prix_corner_20,british-grand-prix_corner_20,0.55,5594.987,85.196,5650.387,1.0
2026,9,British Grand Prix,Q,LAW,8,SOFT,,british-grand-prix_corner_03,british-grand-prix_corner_03,0.55,590.591,7.073,590.591,0.0
2026,9,British Grand Prix,Q,LAW,8,SOFT,,british-grand-prix_corner_04,british-grand-prix_corner_04,0.55,899.749,12.513,1109.445,0.9717
2026,9,British Grand Prix,Q,LAW,8,SOFT,,british-grand-prix_corner_07,british-grand-prix_corner_07,0.55,1777.642,27.994,1777.642,0.4746
2026,9,British Grand Prix,Q,LAW,8,SOFT,,british-grand-prix_corner_08,british-grand-prix_corner_08,0.55,2144.759,35.194,2269.293,1.0
2026,9,British Grand Prix,Q,LAW,8,SOFT,,british-grand-prix_corner_14,british-grand-prix_corner_14,0.55,3874.004,58.913,4040.788,0.9358
2026,9,British Grand Prix,Q,LAW,8,SOFT,,british-grand-prix_corner_18,british-grand-prix_corner_18,0.55,5006.913,73.994,5077.835,1.0
2026,9,British Grand Prix,Q,LAW,8,SOFT,,british-grand-prix_corner_19,british-grand-prix_corner_19,0.55,5301.314,78.393,5301.314,0.3071
2026,9,British Grand Prix,Q,LAW,8,SOFT,,british-grand-prix_corner_20,british-grand-prix_corner_20,0.55,5590.553,85.073,5625.842,1.0
2026,9,British Grand Prix,Q,LEC,17,SOFT,,british-grand-prix_corner_03,british-grand-prix_corner_03,0.55,617.722,7.493,617.722,0.0072
2026,9,British Grand Prix,Q,LEC,17,SOFT,,british-grand-prix_corner_04,british-grand-prix_corner_04,0.55,904.73,12.533,1117.233,0.9417
2026,9,British Grand Prix,Q,LEC,17,SOFT,,british-grand-prix_corner_07,british-grand-prix_corner_07,0.55,1774.517,27.813,1774.517,0.4561
2026,9,British Grand Prix,Q,LEC,17,SOFT,,british-grand-prix_corner_08,british-grand-prix_corner_08,0.55,2059.193,32.653,2059.193,1.0
2026,9,British Grand Prix,Q,LEC,17,SOFT,,british-grand-prix_corner_14,british-grand-prix_corner_14,0.55,3828.601,57.614,4056.098,0.8918
2026,9,British Grand Prix,Q,LEC,17,SOFT,,british-grand-prix_corner_18,british-grand-prix_corner_18,0.55,5019.601,73.493,5080.101,1.0
2026,9,British Grand Prix,Q,LEC,17,SOFT,,british-grand-prix_corner_19,british-grand-prix_corner_19,0.55,5313.691,77.774,5313.691,0.3135
2026,9,British Grand Prix,Q,LEC,17,SOFT,,british-grand-prix_corner_20,british-grand-prix_corner_20,0.55,5596.219,84.174,5616.497,1.0
2026,9,British Grand Prix,Q,LIN,16,SOFT,,british-grand-prix_corner_03,british-grand-prix_corner_03,0.55,597.174,7.19,597.174,0.0
2026,9,British Grand Prix,Q,LIN,16,SOFT,,british-grand-prix_corner_04,british-grand-prix_corner_04,0.55,903.475,12.55,1096.512,0.965
2026,9,British Grand Prix,Q,LIN,16,SOFT,,british-grand-prix_corner_07,british-grand-prix_corner_07,0.55,1779.397,28.07,1779.397,0.5075
2026,9,British Grand Prix,Q,LIN,16,SOFT,,british-grand-prix_corner_08,british-grand-prix_corner_08,0.55,2064.677,33.07,2266.288,1.0
2026,9,British Grand Prix,Q,LIN,16,SOFT,,british-grand-prix_corner_14,british-grand-prix_corner_14,0.55,3953.898,60.27,4043.19,0.9427
2026,9,British Grand Prix,Q,LIN,16,SOFT,,british-grand-prix_corner_18,british-grand-prix_corner_18,0.55,5013.609,74.15,5038.337,1.0
2026,9,British Grand Prix,Q,LIN,16,SOFT,,british-grand-prix_corner_19,british-grand-prix_corner_19,0.55,5301.025,78.43,5301.025,0.3966
2026,9,British Grand Prix,Q,LIN,16,SOFT,,british-grand-prix_corner_20,british-grand-prix_corner_20,0.55,5600.889,85.51,5600.889,1.0
2026,9,British Grand Prix,Q,NOR,16,SOFT,,british-grand-prix_corner_03,british-grand-prix_corner_03,0.55,592.825,7.204,592.825,0.0
2026,9,British Grand Prix,Q,NOR,16,SOFT,,british-grand-prix_corner_04,british-grand-prix_corner_04,0.55,910.359,12.924,1105.893,0.8933
2026,9,British Grand Prix,Q,NOR,16,SOFT,,british-grand-prix_corner_07,british-grand-prix_corner_07,0.55,1766.381,27.924,1766.381,0.2738
2026,9,British Grand Prix,Q,NOR,16,SOFT,,british-grand-prix_corner_08,british-grand-prix_corner_08,0.55,2173.162,36.084,2245.717,1.0
2026,9,British Grand Prix,Q,NOR,16,SOFT,,british-grand-prix_corner_14,british-grand-prix_corner_14,0.55,3853.106,58.604,4044.79,0.996
2026,9,British Grand Prix,Q,NOR,16,SOFT,,british-grand-prix_corner_18,british-grand-prix_corner_18,0.55,5006.842,73.884,5055.631,1.0
2026,9,British Grand Prix,Q,NOR,16,SOFT,,british-grand-prix_corner_19,british-grand-prix_corner_19,0.55,5317.582,78.444,5317.582,0.3626
2026,9,British Grand Prix,Q,NOR,16,SOFT,,british-grand-prix_corner_20,british-grand-prix_corner_20,0.55,5604.933,85.284,5604.933,1.0
2026,9,British Grand Prix,Q,OCO,8,SOFT,,british-grand-prix_corner_03,british-grand-prix_corner_03,0.55,606.82,7.488,606.82,0.0
2026,9,British Grand Prix,Q,OCO,8,SOFT,,british-grand-prix_corner_04,british-grand-prix_corner_04,0.55,918.273,13.128,1113.78,0.9767
2026,9,British Grand Prix,Q,OCO,8,SOFT,,british-grand-prix_corner_07,british-grand-prix_corner_07,0.55,1783.392,28.568,1783.392,0.3939
2026,9,British Grand Prix,Q,OCO,8,SOFT,,british-grand-prix_corner_08,british-grand-prix_corner_08,0.55,2061.158,33.528,2277.789,1.0
2026,9,British Grand Prix,Q,OCO,8,SOFT,,british-grand-prix_corner_14,british-grand-prix_corner_14,0.55,3966.993,61.168,4040.026,0.9363
2026,9,British Grand Prix,Q,OCO,8,SOFT,,british-grand-prix_corner_18,british-grand-prix_corner_18,0.55,5012.59,75.248,5103.59,1.0
2026,9,British Grand Prix,Q,OCO,8,SOFT,,british-grand-prix_corner_19,british-grand-prix_corner_19,0.55,5294.893,79.529,5294.893,0.2267
2026,9,British Grand Prix,Q,OCO,8,SOFT,,british-grand-prix_corner_20,british-grand-prix_corner_20,0.55,5593.423,85.169,5686.268,1.0
2026,9,British Grand Prix,Q,PER,8,SOFT,,british-grand-prix_corner_03,british-grand-prix_corner_03,0.55,592.515,7.28,592.515,0.0059
2026,9,British Grand Prix,Q,PER,8,SOFT,,british-grand-prix_corner_04,british-grand-prix_corner_04,0.55,909.982,12.921,1107.08,0.9767
2026,9,British Grand Prix,Q,PER,8,SOFT,,british-grand-prix_corner_07,british-grand-prix_corner_07,0.55,1793.776,28.72,1793.776,0.4542
2026,9,British Grand Prix,Q,PER,8,SOFT,,british-grand-prix_corner_08,british-grand-prix_corner_08,0.55,2068.931,33.801,2068.931,0.994
2026,9,British Grand Prix,Q,PER,8,SOFT,,british-grand-prix_corner_14,british-grand-prix_corner_14,0.55,4024.794,62.68,4049.128,0.9209
2026,9,British Grand Prix,Q,PER,8,SOFT,,british-grand-prix_corner_18,british-grand-prix_corner_18,0.55,5026.029,75.88,5055.429,1.0
2026,9,British Grand Prix,Q,PER,8,SOFT,,british-grand-prix_corner_19,british-grand-prix_corner_19,0.55,5304.304,80.241,5304.304,0.2557
2026,9,British Grand Prix,Q,PER,8,SOFT,,british-grand-prix_corner_20,british-grand-prix_corner_20,0.55,5592.765,87.081,5614.476,1.0
2026,9,British Grand Prix,Q,PIA,17,SOFT,,british-grand-prix_corner_03,british-grand-prix_corner_03,0.55,592.146,7.17,592.146,0.0
2026,9,British Grand Prix,Q,PIA,17,SOFT,,british-grand-prix_corner_04,british-grand-prix_corner_04,0.55,910.839,12.81,1121.572,0.9883
2026,9,British Grand Prix,Q,PIA,17,SOFT,,british-grand-prix_corner_07,british-grand-prix_corner_07,0.55,1781.726,28.09,1781.726,0.3104
2026,9,British Grand Prix,Q,PIA,17,SOFT,,british-grand-prix_corner_08,british-grand-prix_corner_08,0.55,2158.048,35.73,2283.091,0.988
2026,9,British Grand Prix,Q,PIA,17,SOFT,,british-grand-prix_corner_14,british-grand-prix_corner_14,0.55,3831.528,58.451,4102.563,0.9257
2026,9,British Grand Prix,Q,PIA,17,SOFT,,british-grand-prix_corner_18,british-grand-prix_corner_18,0.55,5014.879,74.13,5132.812,0.99
2026,9,British Grand Prix,Q,PIA,17,SOFT,,british-grand-prix_corner_19,british-grand-prix_corner_19,0.55,5304.583,78.371,5304.583,0.3009
2026,9,British Grand Prix,Q,PIA,17,SOFT,,british-grand-prix_corner_20,british-grand-prix_corner_20,0.55,5598.444,85.131,5605.911,0.99
2026,9,British Grand Prix,Q,RUS,13,SOFT,,british-grand-prix_corner_03,british-grand-prix_corner_03,0.55,622.733,7.516,622.733,0.0
2026,9,British Grand Prix,Q,RUS,13,SOFT,,british-grand-prix_corner_04,british-grand-prix_corner_04,0.55,914.754,12.797,1109.57,0.9086
2026,9,British Grand Prix,Q,RUS,13,SOFT,,british-grand-prix_corner_07,british-grand-prix_corner_07,0.55,1767.728,27.756,1767.728,0.3181
2026,9,British Grand Prix,Q,RUS,13,SOFT,,british-grand-prix_corner_08,british-grand-prix_corner_08,0.55,2167.605,35.476,2273.583,1.0
2026,9,British Grand Prix,Q,RUS,13,SOFT,,british-grand-prix_corner_14,british-grand-prix_corner_14,0.55,3830.884,57.756,4037.087,0.9506
2026,9,British Grand Prix,Q,RUS,13,SOFT,,british-grand-prix_corner_18,british-grand-prix_corner_18,0.55,5003.246,73.357,5088.146,1.0
2026,9,British Grand Prix,Q,RUS,13,SOFT,,british-grand-prix_corner_19,british-grand-prix_corner_19,0.55,5295.646,77.636,5295.646,0.2608
2026,9,British Grand Prix,Q,RUS,13,SOFT,,british-grand-prix_corner_20,british-grand-prix_corner_20,0.55,5590.521,84.356,5599.119,0.0
2026,9,British Grand Prix,Q,SAI,8,SOFT,,british-grand-prix_corner_03,british-grand-prix_corner_03,0.55,594.04,7.14,594.04,0.0
2026,9,British Grand Prix,Q,SAI,8,SOFT,,british-grand-prix_corner_04,british-grand-prix_corner_04,0.55,895.616,12.421,1104.666,1.0
2026,9,British Grand Prix,Q,SAI,8,SOFT,,british-grand-prix_corner_07,british-grand-prix_corner_07,0.55,1777.619,28.3,1777.619,0.5483
2026,9,British Grand Prix,Q,SAI,8,SOFT,,british-grand-prix_corner_08,british-grand-prix_corner_08,0.55,2170.614,36.5,2282.827,1.0
2026,9,British Grand Prix,Q,SAI,8,SOFT,,british-grand-prix_corner_14,british-grand-prix_corner_14,0.55,3825.848,58.941,4035.761,0.9639
2026,9,British Grand Prix,Q,SAI,8,SOFT,,british-grand-prix_corner_18,british-grand-prix_corner_18,0.55,5007.1,75.06,5070.066,1.0
2026,9,British Grand Prix,Q,SAI,8,SOFT,,british-grand-prix_corner_19,british-grand-prix_corner_19,0.55,5302.623,79.581,5302.623,0.3739
2026,9,British Grand Prix,Q,SAI,8,SOFT,,british-grand-prix_corner_20,british-grand-prix_corner_20,0.55,5632.077,87.46,5632.077,1.0
2026,9,British Grand Prix,Q,STR,8,SOFT,,british-grand-prix_corner_03,british-grand-prix_corner_03,0.55,589.221,7.359,589.221,0.0
2026,9,British Grand Prix,Q,STR,8,SOFT,,british-grand-prix_corner_04,british-grand-prix_corner_04,0.55,915.365,13.359,1100.108,1.0
2026,9,British Grand Prix,Q,STR,8,SOFT,,british-grand-prix_corner_07,british-grand-prix_corner_07,0.55,1776.537,29.159,1776.537,0.3068
2026,9,British Grand Prix,Q,STR,8,SOFT,,british-grand-prix_corner_08,british-grand-prix_corner_08,0.55,2148.156,37.159,2251.522,1.0
2026,9,British Grand Prix,Q,STR,8,SOFT,,british-grand-prix_corner_14,british-grand-prix_corner_14,0.55,3835.961,60.88,4037.038,1.0
2026,9,British Grand Prix,Q,STR,8,SOFT,,british-grand-prix_corner_18,british-grand-prix_corner_18,0.55,5010.96,77.359,5042.516,1.0
2026,9,British Grand Prix,Q,STR,8,SOFT,,british-grand-prix_corner_19,british-grand-prix_corner_19,0.55,5303.717,81.96,5303.717,0.3911
2026,9,British Grand Prix,Q,STR,8,SOFT,,british-grand-prix_corner_20,british-grand-prix_corner_20,0.55,5594.123,89.239,5594.123,1.0
2026,9,British Grand Prix,Q,VER,17,SOFT,,british-grand-prix_corner_03,british-grand-prix_corner_03,0.55,599.097,7.186,599.097,0.0
2026,9,British Grand Prix,Q,VER,17,SOFT,,british-grand-prix_corner_04,british-grand-prix_corner_04,0.55,908.647,12.666,963.025,1.0
2026,9,British Grand Prix,Q,VER,17,SOFT,,british-grand-prix_corner_07,british-grand-prix_corner_07,0.55,1787.5,28.066,1787.5,0.4415
2026,9,British Grand Prix,Q,VER,17,SOFT,,british-grand-prix_corner_08,british-grand-prix_corner_08,0.55,2065.596,32.906,2065.596,1.0
2026,9,British Grand Prix,Q,VER,17,SOFT,,british-grand-prix_corner_14,british-grand-prix_corner_14,0.55,3892.035,58.707,4054.38,0.8868
2026,9,British Grand Prix,Q,VER,17,SOFT,,british-grand-prix_corner_18,british-grand-prix_corner_18,0.55,5028.163,73.906,5122.196,1.0
2026,9,British Grand Prix,Q,VER,17,SOFT,,british-grand-prix_corner_19,british-grand-prix_corner_19,0.55,5309.531,78.107,5309.531,0.1152
2026,9,British Grand Prix,Q,VER,17,SOFT,,british-grand-prix_corner_20,british-grand-prix_corner_20,0.55,5592.197,84.667,5604.408,1.0
2026,9,British Grand Prix,R,ALB,42,SOFT,,british-grand-prix_corner_04,british-grand-prix_corner_04,0.55,908.793,13.391,1146.941,0.9133
2026,9,British Grand Prix,R,ALB,42,SOFT,,british-grand-prix_corner_05,british-grand-prix_corner_05,0.55,1170.696,21.271,1170.696,1.0
2026,9,British Grand Prix,R,ALB,42,SOFT,,british-grand-prix_corner_07,british-grand-prix_corner_07,0.55,2011.198,33.391,,0.3059
2026,9,British Grand Prix,R,ALB,42,SOFT,,british-grand-prix_corner_08,british-grand-prix_corner_08,0.55,2043.876,34.151,2320.121,0.956
2026,9,British Grand Prix,R,ALB,42,SOFT,,british-grand-prix_corner_14,british-grand-prix_corner_14,0.55,3813.234,61.071,,0.8032
2026,9,British Grand Prix,R,ALB,42,SOFT,,british-grand-prix_corner_18,british-grand-prix_corner_18,0.55,5009.704,77.992,5130.694,1.0
2026,9,British Grand Prix,R,ALB,42,SOFT,,british-grand-prix_corner_19,british-grand-prix_corner_19,0.55,5253.358,82.032,5253.358,0.1893
2026,9,British Grand Prix,R,ALB,42,SOFT,,british-grand-prix_corner_20,british-grand-prix_corner_20,0.55,5542.846,88.672,5752.118,1.0
2026,9,British Grand Prix,R,ALO,50,SOFT,,british-grand-prix_corner_04,british-grand-prix_corner_04,0.55,927.767,14.215,1112.463,1.0
2026,9,British Grand Prix,R,ALO,50,SOFT,,british-grand-prix_corner_05,british-grand-prix_corner_05,0.55,1168.23,21.615,1168.23,1.0
2026,9,British Grand Prix,R,ALO,50,SOFT,,british-grand-prix_corner_07,british-grand-prix_corner_07,0.55,1770.974,29.976,1770.974,0.3498
2026,9,British Grand Prix,R,ALO,50,SOFT,,british-grand-prix_corner_08,british-grand-prix_corner_08,0.55,2047.024,35.655,2241.486,1.0
2026,9,British Grand Prix,R,ALO,50,SOFT,,british-grand-prix_corner_14,british-grand-prix_corner_14,0.55,3991.646,66.016,4046.146,0.8776
2026,9,British Grand Prix,R,ALO,50,SOFT,,british-grand-prix_corner_18,british-grand-prix_corner_18,0.55,5003.981,79.816,5064.26,1.0
2026,9,British Grand Prix,R,ALO,50,SOFT,,british-grand-prix_corner_19,british-grand-prix_corner_19,0.55,5254.677,84.016,5254.677,0.1632
2026,9,British Grand Prix,R,ALO,50,SOFT,,british-grand-prix_corner_20,british-grand-prix_corner_20,0.55,5545.251,90.936,5625.551,1.0
2026,9,British Grand Prix,R,ANT,37,HARD,,british-grand-prix_corner_04,british-grand-prix_corner_04,0.55,918.455,13.39,1137.296,0.9
2026,9,British Grand Prix,R,ANT,37,HARD,,british-grand-prix_corner_05,british-grand-prix_corner_05,0.55,1180.807,21.23,1180.807,1.0
2026,9,British Grand Prix,R,ANT,37,HARD,,british-grand-prix_corner_07,british-grand-prix_corner_07,0.55,1767.975,28.95,1767.975,0.1904
2026,9,British Grand Prix,R,ANT,37,HARD,,british-grand-prix_corner_08,british-grand-prix_corner_08,0.55,2059.42,34.11,2272.608,1.0
2026,9,British Grand Prix,R,ANT,37,HARD,,british-grand-prix_corner_14,british-grand-prix_corner_14,0.55,3802.603,59.87,4042.757,0.8731
2026,9,British Grand Prix,R,ANT,37,HARD,,british-grand-prix_corner_18,british-grand-prix_corner_18,0.55,4987.627,76.11,5063.754,1.0
2026,9,British Grand Prix,R,ANT,37,HARD,,british-grand-prix_corner_19,british-grand-prix_corner_19,0.55,5263.486,80.39,5263.486,0.1149
2026,9,British Grand Prix,R,ANT,37,HARD,,british-grand-prix_corner_20,british-grand-prix_corner_20,0.55,5549.301,86.99,5633.601,1.0
2026,9,British Grand Prix,R,BEA,31,HARD,,british-grand-prix_corner_04,british-grand-prix_corner_04,0.55,905.735,13.323,1137.3,0.8814
2026,9,British Grand Prix,R,BEA,31,HARD,,british-grand-prix_corner_05,british-grand-prix_corner_05,0.55,1172.833,21.484,1172.833,1.0
2026,9,British Grand Prix,R,BEA,31,HARD,,british-grand-prix_corner_07,british-grand-prix_corner_07,0.55,1759.846,29.444,1759.846,0.3596
2026,9,British Grand Prix,R,BEA,31,HARD,,british-grand-prix_corner_08,british-grand-prix_corner_08,0.55,2057.116,35.004,2057.116,0.998
2026,9,British Grand Prix,R,BEA,31,HARD,,british-grand-prix_corner_14,british-grand-prix_corner_14,0.55,3877.145,62.524,4058.144,0.8008
2026,9,British Grand Prix,R,BEA,31,HARD,,british-grand-prix_corner_18,british-grand-prix_corner_18,0.55,4996.58,77.964,5117.638,1.0
2026,9,British Grand Prix,R,BEA,31,HARD,,british-grand-prix_corner_19,british-grand-prix_corner_19,0.55,5260.371,82.444,5260.371,0.1821
2026,9,British Grand Prix,R,BEA,31,HARD,,british-grand-prix_corner_20,british-grand-prix_corner_20,0.55,5542.649,89.164,5709.182,1.0
2026,9,British Grand Prix,R,BOR,30,HARD,,british-grand-prix_corner_04,british-grand-prix_corner_04,0.55,908.018,13.253,,0.8283
2026,9,British Grand Prix,R,BOR,30,HARD,,british-grand-prix_corner_05,british-grand-prix_corner_05,0.55,1189.458,21.612,1189.458,1.0
2026,9,British Grand Prix,R,BOR,30,HARD,,british-grand-prix_corner_07,british-grand-prix_corner_07,0.55,1752.556,29.092,1752.556,0.3171
2026,9,British Grand Prix,R,BOR,30,HARD,,british-grand-prix_corner_08,british-grand-prix_corner_08,0.55,2054.0,34.612,2054.0,0.952
2026,9,British Grand Prix,R,BOR,30,HARD,,british-grand-prix_corner_14,british-grand-prix_corner_14,0.55,3875.151,62.012,4055.009,0.874
2026,9,British Grand Prix,R,BOR,30,HARD,,british-grand-prix_corner_18,british-grand-prix_corner_18,0.55,5012.39,77.652,5112.411,1.0
2026,9,British Grand Prix,R,BOR,30,HARD,,british-grand-prix_corner_19,british-grand-prix_corner_19,0.55,5257.066,81.732,5257.066,0.1746
2026,9,British Grand Prix,R,BOR,30,HARD,,british-grand-prix_corner_20,british-grand-prix_corner_20,0.55,5543.38,88.412,5739.015,1.0
2026,9,British Grand Prix,R,BOT,31,HARD,,british-grand-prix_corner_04,british-grand-prix_corner_04,0.55,905.135,13.491,1126.388,0.8857
2026,9,British Grand Prix,R,BOT,31,HARD,,british-grand-prix_corner_05,british-grand-prix_corner_05,0.55,1175.366,21.731,1175.366,1.0
2026,9,British Grand Prix,R,BOT,31,HARD,,british-grand-prix_corner_07,british-grand-prix_corner_07,0.55,1755.169,29.611,1755.169,0.3183
2026,9,British Grand Prix,R,BOT,31,HARD,,british-grand-prix_corner_08,british-grand-prix_corner_08,0.55,2050.154,35.171,2050.154,0.942
2026,9,British Grand Prix,R,BOT,31,HARD,,british-grand-prix_corner_14,british-grand-prix_corner_14,0.55,3867.761,63.251,4030.417,0.8287
2026,9,British Grand Prix,R,BOT,31,HARD,,british-grand-prix_corner_18,british-grand-prix_corner_18,0.55,5002.416,79.411,5078.571,1.0
2026,9,British Grand Prix,R,BOT,31,HARD,,british-grand-prix_corner_19,british-grand-prix_corner_19,0.55,5266.958,83.892,5266.958,0.0982
2026,9,British Grand Prix,R,BOT,31,HARD,,british-grand-prix_corner_20,british-grand-prix_corner_20,0.55,5548.18,90.692,5715.701,1.0
2026,9,British Grand Prix,R,COL,25,HARD,,british-grand-prix_corner_04,british-grand-prix_corner_04,0.55,915.165,13.354,1145.734,0.9117
2026,9,British Grand Prix,R,COL,25,HARD,,british-grand-prix_corner_05,british-grand-prix_corner_05,0.55,1175.77,21.353,1175.77,1.0
2026,9,British Grand Prix,R,COL,25,HARD,,british-grand-prix_corner_07,british-grand-prix_corner_07,0.55,1759.572,29.113,1759.572,0.2416
2026,9,British Grand Prix,R,COL,25,HARD,,british-grand-prix_corner_08,british-grand-prix_corner_08,0.55,2042.631,34.154,2293.202,0.954
2026,9,British Grand Prix,R,COL,25,HARD,,british-grand-prix_corner_14,british-grand-prix_corner_14,0.55,3894.441,62.273,,0.6845
2026,9,British Grand Prix,R,COL,25,HARD,,british-grand-prix_corner_18,british-grand-prix_corner_18,0.55,5032.954,78.354,5144.299,1.0
2026,9,British Grand Prix,R,COL,25,HARD,,british-grand-prix_corner_19,british-grand-prix_corner_19,0.55,5252.557,82.033,5252.557,0.097
2026,9,British Grand Prix,R,COL,25,HARD,,british-grand-prix_corner_20,british-grand-prix_corner_20,0.55,5548.414,88.673,5716.25,1.0
2026,9,British Grand Prix,R,GAS,44,HARD,,british-grand-prix_corner_04,british-grand-prix_corner_04,0.55,908.419,13.333,1127.932,0.8286
2026,9,British Grand Prix,R,GAS,44,HARD,,british-grand-prix_corner_05,british-grand-prix_corner_05,0.55,1168.166,21.533,1168.166,1.0
2026,9,British Grand Prix,R,GAS,44,HARD,,british-grand-prix_corner_07,british-grand-prix_corner_07,0.55,1755.789,29.373,1755.789,0.2905
2026,9,British Grand Prix,R,GAS,44,HARD,,british-grand-prix_corner_08,british-grand-prix_corner_08,0.55,2042.225,34.573,2298.716,0.958
2026,9,British Grand Prix,R,GAS,44,HARD,,british-grand-prix_corner_14,british-grand-prix_corner_14,0.55,3880.93,62.293,4049.762,0.7807
2026,9,British Grand Prix,R,GAS,44,HARD,,british-grand-prix_corner_18,british-grand-prix_corner_18,0.55,5004.15,78.014,5111.761,1.0
2026,9,British Grand Prix,R,GAS,44,HARD,,british-grand-prix_corner_19,british-grand-prix_corner_19,0.55,5261.709,82.293,5261.709,0.1177
2026,9,British Grand Prix,R,GAS,44,HARD,,british-grand-prix_corner_20,british-grand-prix_corner_20,0.55,5544.292,88.893,5661.915,1.0
2026,9,British Grand Prix,R,HAD,40,MEDIUM,,british-grand-prix_corner_04,british-grand-prix_corner_04,0.55,912.55,13.242,1126.287,0.9517
2026,9,British Grand Prix,R,HAD,40,MEDIUM,,british-grand-prix_corner_05,british-grand-prix_corner_05,0.55,1172.831,21.082,1172.831,1.0
2026,9,British Grand Prix,R,HAD,40,MEDIUM,,british-grand-prix_corner_07,british-grand-prix_corner_07,0.55,1758.581,28.882,1758.581,0.2006
2026,9,British Grand Prix,R,HAD,40,MEDIUM,,british-grand-prix_corner_08,british-grand-prix_corner_08,0.55,2044.524,33.882,2290.721,0.96
2026,9,British Grand Prix,R,HAD,40,MEDIUM,,british-grand-prix_corner_14,british-grand-prix_corner_14,0.55,3902.488,61.522,4064.221,0.7063
2026,9,British Grand Prix,R,HAD,40,MEDIUM,,british-grand-prix_corner_18,british-grand-prix_corner_18,0.55,5021.6,76.802,5110.734,1.0
2026,9,British Grand Prix,R,HAD,40,MEDIUM,,british-grand-prix_corner_19,british-grand-prix_corner_19,0.55,5251.689,80.442,5251.689,0.1078
2026,9,British Grand Prix,R,HAD,40,MEDIUM,,british-grand-prix_corner_20,british-grand-prix_corner_20,0.55,5556.673,87.202,5679.831,1.0
2026,9,British Grand Prix,R,HAM,25,HARD,,british-grand-prix_corner_04,british-grand-prix_corner_04,0.55,920.532,13.242,1132.853,0.9557
2026,9,British Grand Prix,R,HAM,25,HARD,,british-grand-prix_corner_05,british-grand-prix_corner_05,0.55,1182.364,20.962,1182.364,1.0
2026,9,British Grand Prix,R,HAM,25,HARD,,british-grand-prix_corner_07,british-grand-prix_corner_07,0.55,1765.731,28.441,1765.731,0.2673
2026,9,British Grand Prix,R,HAM,25,HARD,,british-grand-prix_corner_08,british-grand-prix_corner_08,0.55,2052.725,33.682,2298.694,0.954
2026,9,British Grand Prix,R,HAM,25,HARD,,british-grand-prix_corner_14,british-grand-prix_corner_14,0.55,3803.065,59.802,4064.43,0.7454
2026,9,British Grand Prix,R,HAM,25,HARD,,british-grand-prix_corner_18,british-grand-prix_corner_18,0.55,5007.583,76.481,5080.627,1.0
2026,9,British Grand Prix,R,HAM,25,HARD,,british-grand-prix_corner_19,british-grand-prix_corner_19,0.55,5252.699,80.442,5252.699,0.1889
2026,9,British Grand Prix,R,HAM,25,HARD,,british-grand-prix_corner_20,british-grand-prix_corner_20,0.55,5543.213,87.042,5668.176,1.0
2026,9,British Grand Prix,R,HUL,36,SOFT,,british-grand-prix_corner_04,british-grand-prix_corner_04,0.55,915.064,13.693,1109.408,0.9733
2026,9,British Grand Prix,R,HUL,36,SOFT,,british-grand-prix_corner_05,british-grand-prix_corner_05,0.55,1188.69,21.574,1188.69,1.0
2026,9,British Grand Prix,R,HUL,36,SOFT,,british-grand-prix_corner_07,british-grand-prix_corner_07,0.55,1797.014,29.614,1797.014,0.4167
2026,9,British Grand Prix,R,HUL,36,SOFT,,british-grand-prix_corner_08,british-grand-prix_corner_08,0.55,2054.594,34.654,2257.928,0.982
2026,9,British Grand Prix,R,HUL,36,SOFT,,british-grand-prix_corner_14,british-grand-prix_corner_14,0.55,3855.499,61.614,4064.499,0.7754
2026,9,British Grand Prix,R,HUL,36,SOFT,,british-grand-prix_corner_18,british-grand-prix_corner_18,0.55,4999.587,77.374,5121.461,1.0
2026,9,British Grand Prix,R,HUL,36,SOFT,,british-grand-prix_corner_19,british-grand-prix_corner_19,0.55,5254.248,81.494,5254.248,0.1427
2026,9,British Grand Prix,R,HUL,36,SOFT,,british-grand-prix_corner_20,british-grand-prix_corner_20,0.55,5543.11,87.974,5695.754,1.0
2026,9,British Grand Prix,R,LAW,45,HARD,,british-grand-prix_corner_04,british-grand-prix_corner_04,0.55,903.993,13.101,1124.705,0.9229
2026,9,British Grand Prix,R,LAW,45,HARD,,british-grand-prix_corner_05,british-grand-prix_corner_05,0.55,1169.951,21.3,1169.951,1.0
2026,9,British Grand Prix,R,LAW,45,HARD,,british-grand-prix_corner_07,british-grand-prix_corner_07,0.55,1773.431,29.3,1773.431,0.3849
2026,9,British Grand Prix,R,LAW,45,HARD,,british-grand-prix_corner_08,british-grand-prix_corner_08,0.55,2053.383,34.58,2277.137,1.0
2026,9,British Grand Prix,R,LAW,45,HARD,,british-grand-prix_corner_14,british-grand-prix_corner_14,0.55,3980.694,63.821,4065.439,0.6945
2026,9,British Grand Prix,R,LAW,45,HARD,,british-grand-prix_corner_18,british-grand-prix_corner_18,0.55,4998.631,77.581,5102.576,1.0
2026,9,British Grand Prix,R,LAW,45,HARD,,british-grand-prix_corner_19,british-grand-prix_corner_19,0.55,5255.24,81.74,5255.24,0.1163
2026,9,British Grand Prix,R,LAW,45,HARD,,british-grand-prix_corner_20,british-grand-prix_corner_20,0.55,5549.588,88.66,5720.671,1.0
2026,9,British Grand Prix,R,LEC,43,HARD,,british-grand-prix_corner_04,british-grand-prix_corner_04,0.55,914.29,13.57,1134.657,0.895
2026,9,British Grand Prix,R,LEC,43,HARD,,british-grand-prix_corner_05,british-grand-prix_corner_05,0.55,1170.846,21.45,1170.846,1.0
2026,9,British Grand Prix,R,LEC,43,HARD,,british-grand-prix_corner_07,british-grand-prix_corner_07,0.55,1754.229,28.971,1754.229,0.2529
2026,9,British Grand Prix,R,LEC,43,HARD,,british-grand-prix_corner_08,british-grand-prix_corner_08,0.55,2043.097,34.09,2292.816,0.968
2026,9,British Grand Prix,R,LEC,43,HARD,,british-grand-prix_corner_14,british-grand-prix_corner_14,0.55,3798.227,60.531,4068.063,0.7234
2026,9,British Grand Prix,R,LEC,43,HARD,,british-grand-prix_corner_18,british-grand-prix_corner_18,0.55,5000.482,76.931,5091.671,1.0
2026,9,British Grand Prix,R,LEC,43,HARD,,british-grand-prix_corner_19,british-grand-prix_corner_19,0.55,5254.949,81.05,5254.949,0.1563
2026,9,British Grand Prix,R,LEC,43,HARD,,british-grand-prix_corner_20,british-grand-prix_corner_20,0.55,5542.528,87.65,5684.652,1.0
2026,9,British Grand Prix,R,LIN,29,HARD,,british-grand-prix_corner_04,british-grand-prix_corner_04,0.55,920.54,13.566,1124.331,0.9067
2026,9,British Grand Prix,R,LIN,29,HARD,,british-grand-prix_corner_05,british-grand-prix_corner_05,0.55,1183.851,21.405,1183.851,1.0
2026,9,British Grand Prix,R,LIN,29,HARD,,british-grand-prix_corner_07,british-grand-prix_corner_07,0.55,1757.191,29.046,1757.191,0.3214
2026,9,British Grand Prix,R,LIN,29,HARD,,british-grand-prix_corner_08,british-grand-prix_corner_08,0.55,2049.057,34.406,2293.087,0.9733
2026,9,British Grand Prix,R,LIN,29,HARD,,british-grand-prix_corner_14,british-grand-prix_corner_14,0.55,3841.89,61.686,4049.39,0.8996
2026,9,British Grand Prix,R,LIN,29,HARD,,british-grand-prix_corner_18,british-grand-prix_corner_18,0.55,5034.631,78.406,5091.908,1.0
2026,9,British Grand Prix,R,LIN,29,HARD,,british-grand-prix_corner_19,british-grand-prix_corner_19,0.55,5256.873,81.926,5256.873,0.1637
2026,9,British Grand Prix,R,LIN,29,HARD,,british-grand-prix_corner_20,british-grand-prix_corner_20,0.55,5542.595,88.487,5688.994,1.0
2026,9,British Grand Prix,R,NOR,45,MEDIUM,,british-grand-prix_corner_04,british-grand-prix_corner_04,0.55,910.895,13.36,1123.481,0.9057
2026,9,British Grand Prix,R,NOR,45,MEDIUM,,british-grand-prix_corner_05,british-grand-prix_corner_05,0.55,1176.748,21.4,1176.748,1.0
2026,9,British Grand Prix,R,NOR,45,MEDIUM,,british-grand-prix_corner_07,british-grand-prix_corner_07,0.55,1997.979,33.12,,0.2841
2026,9,British Grand Prix,R,NOR,45,MEDIUM,,british-grand-prix_corner_08,british-grand-prix_corner_08,0.55,2044.812,34.2,2279.506,0.9967
2026,9,British Grand Prix,R,NOR,45,MEDIUM,,british-grand-prix_corner_14,british-grand-prix_corner_14,0.55,3869.708,61.4,4020.171,0.9661
2026,9,British Grand Prix,R,NOR,45,MEDIUM,,british-grand-prix_corner_18,british-grand-prix_corner_18,0.55,5026.883,77.359,5108.973,1.0
2026,9,British Grand Prix,R,NOR,45,MEDIUM,,british-grand-prix_corner_19,british-grand-prix_corner_19,0.55,5257.562,81.08,5257.562,0.1185
2026,9,British Grand Prix,R,NOR,45,MEDIUM,,british-grand-prix_corner_20,british-grand-prix_corner_20,0.55,5551.641,87.96,5657.541,1.0
2026,9,British Grand Prix,R,OCO,43,HARD,,british-grand-prix_corner_04,british-grand-prix_corner_04,0.55,904.216,13.145,1146.936,0.91
2026,9,British Grand Prix,R,OCO,43,HARD,,british-grand-prix_corner_05,british-grand-prix_corner_05,0.55,1179.825,21.905,1179.825,1.0
2026,9,British Grand Prix,R,OCO,43,HARD,,british-grand-prix_corner_07,british-grand-prix_corner_07,0.55,1759.51,29.665,1759.51,0.2969
2026,9,British Grand Prix,R,OCO,43,HARD,,british-grand-prix_corner_08,british-grand-prix_corner_08,0.55,2046.829,35.065,2294.254,0.942
2026,9,British Grand Prix,R,OCO,43,HARD,,british-grand-prix_corner_14,british-grand-prix_corner_14,0.55,3791.735,61.705,4071.337,0.7452
2026,9,British Grand Prix,R,OCO,43,HARD,,british-grand-prix_corner_18,british-grand-prix_corner_18,0.55,5023.469,78.866,5117.639,1.0
2026,9,British Grand Prix,R,OCO,43,HARD,,british-grand-prix_corner_19,british-grand-prix_corner_19,0.55,5259.561,82.865,5259.561,0.1753
2026,9,British Grand Prix,R,OCO,43,HARD,,british-grand-prix_corner_20,british-grand-prix_corner_20,0.55,5542.028,89.705,5705.728,1.0
2026,9,British Grand Prix,R,PER,44,HARD,,british-grand-prix_corner_04,british-grand-prix_corner_04,0.55,912.629,13.731,1136.624,0.91
2026,9,British Grand Prix,R,PER,44,HARD,,british-grand-prix_corner_05,british-grand-prix_corner_05,0.55,1177.501,21.811,1177.501,1.0
2026,9,British Grand Prix,R,PER,44,HARD,,british-grand-prix_corner_07,british-grand-prix_corner_07,0.55,1783.612,29.97,1783.612,0.2533
2026,9,British Grand Prix,R,PER,44,HARD,,british-grand-prix_corner_08,british-grand-prix_corner_08,0.55,2043.615,34.891,2297.429,0.9367
2026,9,British Grand Prix,R,PER,44,HARD,,british-grand-prix_corner_14,british-grand-prix_corner_14,0.55,4009.457,65.571,4073.302,0.7015
2026,9,British Grand Prix,R,PER,44,HARD,,british-grand-prix_corner_18,british-grand-prix_corner_18,0.55,5013.182,79.131,5074.86,1.0
2026,9,British Grand Prix,R,PER,44,HARD,,british-grand-prix_corner_19,british-grand-prix_corner_19,0.55,5252.649,83.251,5252.649,0.0668
2026,9,British Grand Prix,R,PER,44,HARD,,british-grand-prix_corner_20,british-grand-prix_corner_20,0.55,5547.118,90.091,5718.824,1.0
2026,9,British Grand Prix,R,PIA,42,MEDIUM,,british-grand-prix_corner_04,british-grand-prix_corner_04,0.55,928.156,13.762,1130.707,0.9543
2026,9,British Grand Prix,R,PIA,42,MEDIUM,,british-grand-prix_corner_05,british-grand-prix_corner_05,0.55,1173.585,21.202,1173.585,0.99
2026,9,British Grand Prix,R,PIA,42,MEDIUM,,british-grand-prix_corner_07,british-grand-prix_corner_07,0.55,1759.11,28.762,1759.11,0.2063
2026,9,British Grand Prix,R,PIA,42,MEDIUM,,british-grand-prix_corner_08,british-grand-prix_corner_08,0.55,2049.664,34.082,,0.948
2026,9,British Grand Prix,R,PIA,42,MEDIUM,,british-grand-prix_corner_14,british-grand-prix_corner_14,0.55,3870.646,61.362,,0.8559
2026,9,British Grand Prix,R,PIA,42,MEDIUM,,british-grand-prix_corner_18,british-grand-prix_corner_18,0.55,5013.182,77.082,5126.093,0.99
2026,9,British Grand Prix,R,PIA,42,MEDIUM,,british-grand-prix_corner_19,british-grand-prix_corner_19,0.55,5249.938,80.922,5249.938,0.1206
2026,9,British Grand Prix,R,PIA,42,MEDIUM,,british-grand-prix_corner_20,british-grand-prix_corner_20,0.55,5541.516,87.682,5715.993,0.98
2026,9,British Grand Prix,R,RUS,36,MEDIUM,,british-grand-prix_corner_04,british-grand-prix_corner_04,0.55,905.452,13.265,1115.74,0.8657
2026,9,British Grand Prix,R,RUS,36,MEDIUM,,british-grand-prix_corner_05,british-grand-prix_corner_05,0.55,1168.062,21.465,1168.062,1.0
2026,9,British Grand Prix,R,RUS,36,MEDIUM,,british-grand-prix_corner_07,british-grand-prix_corner_07,0.55,1765.687,29.265,1765.687,0.352
2026,9,British Grand Prix,R,RUS,36,MEDIUM,,british-grand-prix_corner_08,british-grand-prix_corner_08,0.55,2046.163,34.425,2276.481,1.0
2026,9,British Grand Prix,R,RUS,36,MEDIUM,,british-grand-prix_corner_14,british-grand-prix_corner_14,0.55,3887.214,61.545,4048.892,0.7875
2026,9,British Grand Prix,R,RUS,36,MEDIUM,,british-grand-prix_corner_18,british-grand-prix_corner_18,0.55,4997.317,76.546,5116.139,1.0
2026,9,British Grand Prix,R,RUS,36,MEDIUM,,british-grand-prix_corner_19,british-grand-prix_corner_19,0.55,5256.663,80.665,5256.663,0.155
2026,9,British Grand Prix,R,RUS,36,MEDIUM,,british-grand-prix_corner_20,british-grand-prix_corner_20,0.55,5551.366,87.545,5650.669,1.0
2026,9,British Grand Prix,R,SAI,51,SOFT,,british-grand-prix_corner_04,british-grand-prix_corner_04,0.55,907.588,12.982,1119.056,0.986
2026,9,British Grand Prix,R,SAI,51,SOFT,,british-grand-prix_corner_05,british-grand-prix_corner_05,0.55,1175.878,20.862,1175.878,1.0
2026,9,British Grand Prix,R,SAI,51,SOFT,,british-grand-prix_corner_07,british-grand-prix_corner_07,0.55,1784.556,28.783,1784.556,0.3153
2026,9,British Grand Prix,R,SAI,51,SOFT,,british-grand-prix_corner_08,british-grand-prix_corner_08,0.55,2060.645,33.942,2285.003,0.984
2026,9,British Grand Prix,R,SAI,51,SOFT,,british-grand-prix_corner_14,british-grand-prix_corner_14,0.55,3879.504,61.102,4068.442,0.84
2026,9,British Grand Prix,R,SAI,51,SOFT,,british-grand-prix_corner_18,british-grand-prix_corner_18,0.55,4995.303,76.463,5097.137,1.0
2026,9,British Grand Prix,R,SAI,51,SOFT,,british-grand-prix_corner_19,british-grand-prix_corner_19,0.55,5260.462,80.742,5260.462,0.2116
2026,9,British Grand Prix,R,SAI,51,SOFT,,british-grand-prix_corner_20,british-grand-prix_corner_20,0.55,5546.134,87.463,5747.679,1.0
2026,9,British Grand Prix,R,STR,41,HARD,,british-grand-prix_corner_04,british-grand-prix_corner_04,0.55,912.066,13.917,1099.61,1.0
2026,9,British Grand Prix,R,STR,41,HARD,,british-grand-prix_corner_05,british-grand-prix_corner_05,0.55,1180.688,22.237,1180.688,1.0
2026,9,British Grand Prix,R,STR,41,HARD,,british-grand-prix_corner_07,british-grand-prix_corner_07,0.55,1763.455,30.156,1763.455,0.3472
2026,9,British Grand Prix,R,STR,41,HARD,,british-grand-prix_corner_08,british-grand-prix_corner_08,0.55,2046.167,35.597,2046.167,0.91
2026,9,British Grand Prix,R,STR,41,HARD,,british-grand-prix_corner_14,british-grand-prix_corner_14,0.55,3869.526,64.277,4039.704,0.8694
2026,9,British Grand Prix,R,STR,41,HARD,,british-grand-prix_corner_18,british-grand-prix_corner_18,0.55,5030.195,81.037,5071.084,1.0
2026,9,British Grand Prix,R,STR,41,HARD,,british-grand-prix_corner_19,british-grand-prix_corner_19,0.55,5257.629,84.877,5257.629,0.0904
2026,9,British Grand Prix,R,STR,41,HARD,,british-grand-prix_corner_20,british-grand-prix_corner_20,0.55,5541.741,91.597,5649.33,1.0
2026,9,British Grand Prix,R,VER,40,MEDIUM,,british-grand-prix_corner_04,british-grand-prix_corner_04,0.55,922.137,13.521,1113.577,0.94
2026,9,British Grand Prix,R,VER,40,MEDIUM,,british-grand-prix_corner_05,british-grand-prix_corner_05,0.55,1174.088,20.961,1174.088,1.0
2026,9,British Grand Prix,R,VER,40,MEDIUM,,british-grand-prix_corner_07,british-grand-prix_corner_07,0.55,1762.594,28.762,1762.594,0.2297
2026,9,British Grand Prix,R,VER,40,MEDIUM,,british-grand-prix_corner_08,british-grand-prix_corner_08,0.55,2055.373,34.041,2282.732,0.918
2026,9,British Grand Prix,R,VER,40,MEDIUM,,british-grand-prix_corner_14,british-grand-prix_corner_14,0.55,3874.801,60.962,4052.034,0.8976
2026,9,British Grand Prix,R,VER,40,MEDIUM,,british-grand-prix_corner_18,british-grand-prix_corner_18,0.55,5051.047,77.242,5072.814,1.0
2026,9,British Grand Prix,R,VER,40,MEDIUM,,british-grand-prix_corner_19,british-grand-prix_corner_19,0.55,5265.603,80.562,5265.603,0.1627
2026,9,British Grand Prix,R,VER,40,MEDIUM,,british-grand-prix_corner_20,british-grand-prix_corner_20,0.55,5556.714,87.162,5658.303,1.0
2026,9,British Grand Prix,S,ALB,17,MEDIUM,,british-grand-prix_corner_04,british-grand-prix_corner_04,0.55,903.548,13.085,1134.43,0.8286
2026,9,British Grand Prix,S,ALB,17,MEDIUM,,british-grand-prix_corner_05,british-grand-prix_corner_05,0.55,1165.963,21.685,1165.963,1.0
2026,9,British Grand Prix,S,ALB,17,MEDIUM,,british-grand-prix_corner_07,british-grand-prix_corner_07,0.55,1762.024,29.445,1762.024,0.1682
2026,9,British Grand Prix,S,ALB,17,MEDIUM,,british-grand-prix_corner_08,british-grand-prix_corner_08,0.55,2039.806,34.565,2294.414,0.974
2026,9,British Grand Prix,S,ALB,17,MEDIUM,,british-grand-prix_corner_14,british-grand-prix_corner_14,0.55,3954.98,63.645,4053.336,0.787
2026,9,British Grand Prix,S,ALB,17,MEDIUM,,british-grand-prix_corner_18,british-grand-prix_corner_18,0.55,5003.618,77.485,5128.518,1.0
2026,9,British Grand Prix,S,ALB,17,MEDIUM,,british-grand-prix_corner_19,british-grand-prix_corner_19,0.55,5244.851,81.525,5244.851,0.1795
2026,9,British Grand Prix,S,ALB,17,MEDIUM,,british-grand-prix_corner_20,british-grand-prix_corner_20,0.55,5534.35,88.525,5766.389,0.9433
2026,9,British Grand Prix,S,ALO,8,SOFT,,british-grand-prix_corner_04,british-grand-prix_corner_04,0.55,899.822,13.751,1137.356,0.8971
2026,9,British Grand Prix,S,ALO,8,SOFT,,british-grand-prix_corner_05,british-grand-prix_corner_05,0.55,1171.956,22.19,1171.956,1.0
2026,9,British Grand Prix,S,ALO,8,SOFT,,british-grand-prix_corner_07,british-grand-prix_corner_07,0.55,1749.506,30.07,1749.506,0.3274
2026,9,British Grand Prix,S,ALO,8,SOFT,,british-grand-prix_corner_08,british-grand-prix_corner_08,0.55,2142.434,39.151,2228.812,1.0
2026,9,British Grand Prix,S,ALO,8,SOFT,,british-grand-prix_corner_14,british-grand-prix_corner_14,0.55,3854.925,64.31,3854.925,0.8669
2026,9,British Grand Prix,S,ALO,8,SOFT,,british-grand-prix_corner_18,british-grand-prix_corner_18,0.55,4995.213,80.031,5049.091,1.0
2026,9,British Grand Prix,S,ALO,8,SOFT,,british-grand-prix_corner_19,british-grand-prix_corner_19,0.55,5251.255,84.43,5251.255,0.1291
2026,9,British Grand Prix,S,ALO,8,SOFT,,british-grand-prix_corner_20,british-grand-prix_corner_20,0.55,5539.949,91.591,5605.326,1.0
2026,9,British Grand Prix,S,ANT,17,MEDIUM,,british-grand-prix_corner_04,british-grand-prix_corner_04,0.55,924.227,13.62,1147.778,0.8129
2026,9,British Grand Prix,S,ANT,17,MEDIUM,,british-grand-prix_corner_05,british-grand-prix_corner_05,0.55,1169.111,21.22,1169.111,1.0
2026,9,British Grand Prix,S,ANT,17,MEDIUM,,british-grand-prix_corner_07,british-grand-prix_corner_07,0.55,1773.329,29.22,1773.329,0.3868
2026,9,British Grand Prix,S,ANT,17,MEDIUM,,british-grand-prix_corner_08,british-grand-prix_corner_08,0.55,2050.852,34.18,2050.852,1.0
2026,9,British Grand Prix,S,ANT,17,MEDIUM,,british-grand-prix_corner_14,british-grand-prix_corner_14,0.55,3796.236,59.98,4041.603,0.9027
2026,9,British Grand Prix,S,ANT,17,MEDIUM,,british-grand-prix_corner_18,british-grand-prix_corner_18,0.55,4987.175,75.98,5068.498,1.0
2026,9,British Grand Prix,S,ANT,17,MEDIUM,,british-grand-prix_corner_19,british-grand-prix_corner_19,0.55,5244.032,80.06,5244.032,0.1823
2026,9,British Grand Prix,S,ANT,17,MEDIUM,,british-grand-prix_corner_20,british-grand-prix_corner_20,0.55,5542.0,86.7,5624.344,1.0
2026,9,British Grand Prix,S,BEA,17,MEDIUM,,british-grand-prix_corner_04,british-grand-prix_corner_04,0.55,907.206,13.323,1143.3,0.8871
2026,9,British Grand Prix,S,BEA,17,MEDIUM,,british-grand-prix_corner_05,british-grand-prix_corner_05,0.55,1180.711,21.762,1180.711,1.0
2026,9,British Grand Prix,S,BEA,17,MEDIUM,,british-grand-prix_corner_07,british-grand-prix_corner_07,0.55,1789.894,29.923,1789.894,0.3517
2026,9,British Grand Prix,S,BEA,17,MEDIUM,,british-grand-prix_corner_08,british-grand-prix_corner_08,0.55,2042.805,34.722,2042.805,0.92
2026,9,British Grand Prix,S,BEA,17,MEDIUM,,british-grand-prix_corner_14,british-grand-prix_corner_14,0.55,3798.312,61.283,4048.012,0.71
2026,9,British Grand Prix,S,BEA,17,MEDIUM,,british-grand-prix_corner_18,british-grand-prix_corner_18,0.55,4984.879,77.443,5065.79,1.0
2026,9,British Grand Prix,S,BEA,17,MEDIUM,,british-grand-prix_corner_19,british-grand-prix_corner_19,0.55,5249.837,81.764,5249.837,0.1649
2026,9,British Grand Prix,S,BEA,17,MEDIUM,,british-grand-prix_corner_20,british-grand-prix_corner_20,0.55,5539.533,88.364,5653.166,1.0
2026,9,British Grand Prix,S,BOR,17,MEDIUM,,british-grand-prix_corner_04,british-grand-prix_corner_04,0.55,897.664,13.06,1153.09,0.8571
2026,9,British Grand Prix,S,BOR,17,MEDIUM,,british-grand-prix_corner_05,british-grand-prix_corner_05,0.55,1170.779,21.58,1170.779,1.0
2026,9,British Grand Prix,S,BOR,17,MEDIUM,,british-grand-prix_corner_07,british-grand-prix_corner_07,0.55,1761.24,29.46,1761.24,0.4554
2026,9,British Grand Prix,S,BOR,17,MEDIUM,,british-grand-prix_corner_08,british-grand-prix_corner_08,0.55,2042.372,34.94,2042.372,0.97
2026,9,British Grand Prix,S,BOR,17,MEDIUM,,british-grand-prix_corner_14,british-grand-prix_corner_14,0.55,3844.087,62.14,4031.654,0.9084
2026,9,British Grand Prix,S,BOR,17,MEDIUM,,british-grand-prix_corner_18,british-grand-prix_corner_18,0.55,4973.054,77.14,5069.365,1.0
2026,9,British Grand Prix,S,BOR,17,MEDIUM,,british-grand-prix_corner_19,british-grand-prix_corner_19,0.55,5252.621,81.74,5252.621,0.1298
2026,9,British Grand Prix,S,BOR,17,MEDIUM,,british-grand-prix_corner_20,british-grand-prix_corner_20,0.55,5537.004,88.46,5704.676,1.0
2026,9,British Grand Prix,S,BOT,17,SOFT,,british-grand-prix_corner_04,british-grand-prix_corner_04,0.55,906.422,13.627,1135.494,0.89
2026,9,British Grand Prix,S,BOT,17,SOFT,,british-grand-prix_corner_05,british-grand-prix_corner_05,0.55,1182.917,22.107,1182.917,1.0
2026,9,British Grand Prix,S,BOT,17,SOFT,,british-grand-prix_corner_07,british-grand-prix_corner_07,0.55,1751.95,29.627,1751.95,0.3193
2026,9,British Grand Prix,S,BOT,17,SOFT,,british-grand-prix_corner_08,british-grand-prix_corner_08,0.55,2044.295,35.107,2044.295,0.916
2026,9,British Grand Prix,S,BOT,17,SOFT,,british-grand-prix_corner_14,british-grand-prix_corner_14,0.55,3890.026,63.467,4025.304,0.8936
2026,9,British Grand Prix,S,BOT,17,SOFT,,british-grand-prix_corner_18,british-grand-prix_corner_18,0.55,5002.199,79.027,5124.09,1.0
2026,9,British Grand Prix,S,BOT,17,SOFT,,british-grand-prix_corner_19,british-grand-prix_corner_19,0.55,5259.572,83.307,5259.572,0.0572
2026,9,British Grand Prix,S,BOT,17,SOFT,,british-grand-prix_corner_20,british-grand-prix_corner_20,0.55,5546.425,90.227,5733.317,1.0
2026,9,British Grand Prix,S,COL,17,MEDIUM,,british-grand-prix_corner_04,british-grand-prix_corner_04,0.55,907.979,13.226,1154.657,0.8686
2026,9,British Grand Prix,S,COL,17,MEDIUM,,british-grand-prix_corner_05,british-grand-prix_corner_05,0.55,1165.601,21.427,1165.601,1.0
2026,9,British Grand Prix,S,COL,17,MEDIUM,,british-grand-prix_corner_07,british-grand-prix_corner_07,0.55,1760.537,29.267,1760.537,0.2276
2026,9,British Grand Prix,S,COL,17,MEDIUM,,british-grand-prix_corner_08,british-grand-prix_corner_08,0.55,2049.536,34.627,2291.764,0.975
2026,9,British Grand Prix,S,COL,17,MEDIUM,,british-grand-prix_corner_14,british-grand-prix_corner_14,0.55,3806.399,61.027,4038.799,0.8227
2026,9,British Grand Prix,S,COL,17,MEDIUM,,british-grand-prix_corner_18,british-grand-prix_corner_18,0.55,4986.488,77.227,5088.799,1.0
2026,9,British Grand Prix,S,COL,17,MEDIUM,,british-grand-prix_corner_19,british-grand-prix_corner_19,0.55,5266.198,81.787,5266.198,0.1747
2026,9,British Grand Prix,S,COL,17,MEDIUM,,british-grand-prix_corner_20,british-grand-prix_corner_20,0.55,5538.394,88.307,5656.617,1.0
2026,9,British Grand Prix,S,GAS,17,MEDIUM,,british-grand-prix_corner_04,british-grand-prix_corner_04,0.55,913.84,13.38,1140.112,0.88
2026,9,British Grand Prix,S,GAS,17,MEDIUM,,british-grand-prix_corner_05,british-grand-prix_corner_05,0.55,1175.299,21.58,1175.299,1.0
2026,9,British Grand Prix,S,GAS,17,MEDIUM,,british-grand-prix_corner_07,british-grand-prix_corner_07,0.55,1752.566,29.34,1752.566,0.291
2026,9,British Grand Prix,S,GAS,17,MEDIUM,,british-grand-prix_corner_08,british-grand-prix_corner_08,0.55,2042.824,34.539,2295.202,0.978
2026,9,British Grand Prix,S,GAS,17,MEDIUM,,british-grand-prix_corner_14,british-grand-prix_corner_14,0.55,3854.19,61.98,4049.746,0.8187
2026,9,British Grand Prix,S,GAS,17,MEDIUM,,british-grand-prix_corner_18,british-grand-prix_corner_18,0.55,4975.679,77.46,5088.946,1.0
2026,9,British Grand Prix,S,GAS,17,MEDIUM,,british-grand-prix_corner_19,british-grand-prix_corner_19,0.55,5254.223,82.06,5254.223,0.1436
2026,9,British Grand Prix,S,GAS,17,MEDIUM,,british-grand-prix_corner_20,british-grand-prix_corner_20,0.55,5537.578,88.66,5701.278,1.0
2026,9,British Grand Prix,S,HAD,9,MEDIUM,,british-grand-prix_corner_04,british-grand-prix_corner_04,0.55,916.017,13.561,1133.785,0.855
2026,9,British Grand Prix,S,HAD,9,MEDIUM,,british-grand-prix_corner_05,british-grand-prix_corner_05,0.55,1165.118,21.201,1165.118,1.0
2026,9,British Grand Prix,S,HAD,9,MEDIUM,,british-grand-prix_corner_07,british-grand-prix_corner_07,0.55,1755.572,28.922,1755.572,0.1758
2026,9,British Grand Prix,S,HAD,9,MEDIUM,,british-grand-prix_corner_08,british-grand-prix_corner_08,0.55,2043.599,34.281,2276.354,1.0
2026,9,British Grand Prix,S,HAD,9,MEDIUM,,british-grand-prix_corner_14,british-grand-prix_corner_14,0.55,3884.609,62.002,4061.131,0.7571
2026,9,British Grand Prix,S,HAD,9,MEDIUM,,british-grand-prix_corner_18,british-grand-prix_corner_18,0.55,4982.957,76.882,5109.768,1.0
2026,9,British Grand Prix,S,HAD,9,MEDIUM,,british-grand-prix_corner_19,british-grand-prix_corner_19,0.55,5248.247,81.322,5248.247,0.0549
2026,9,British Grand Prix,S,HAD,9,MEDIUM,,british-grand-prix_corner_20,british-grand-prix_corner_20,0.55,5535.336,88.122,5629.491,1.0
2026,9,British Grand Prix,S,HAM,5,MEDIUM,,british-grand-prix_corner_04,british-grand-prix_corner_04,0.55,906.564,13.255,1135.131,0.9367
2026,9,British Grand Prix,S,HAM,5,MEDIUM,,british-grand-prix_corner_05,british-grand-prix_corner_05,0.55,1166.342,21.335,1166.342,0.9967
2026,9,British Grand Prix,S,HAM,5,MEDIUM,,british-grand-prix_corner_07,british-grand-prix_corner_07,0.55,1767.884,29.335,1767.884,0.2808
2026,9,British Grand Prix,S,HAM,5,MEDIUM,,british-grand-prix_corner_08,british-grand-prix_corner_08,0.55,2042.786,34.215,2274.699,0.988
2026,9,British Grand Prix,S,HAM,5,MEDIUM,,british-grand-prix_corner_14,british-grand-prix_corner_14,0.55,3801.902,60.095,4034.869,0.8717
2026,9,British Grand Prix,S,HAM,5,MEDIUM,,british-grand-prix_corner_18,british-grand-prix_corner_18,0.55,4977.457,76.136,5045.368,0.9933
2026,9,British Grand Prix,S,HAM,5,MEDIUM,,british-grand-prix_corner_19,british-grand-prix_corner_19,0.55,5254.23,80.495,5254.23,0.1563
2026,9,British Grand Prix,S,HAM,5,MEDIUM,,british-grand-prix_corner_20,british-grand-prix_corner_20,0.55,5544.621,87.295,5616.083,1.0
2026,9,British Grand Prix,S,HUL,17,MEDIUM,,british-grand-prix_corner_04,british-grand-prix_corner_04,0.55,906.099,13.43,1116.498,0.9414
2026,9,British Grand Prix,S,HUL,17,MEDIUM,,british-grand-prix_corner_05,british-grand-prix_corner_05,0.55,1174.309,21.67,1174.309,1.0
2026,9,British Grand Prix,S,HUL,17,MEDIUM,,british-grand-prix_corner_07,british-grand-prix_corner_07,0.55,1767.756,29.67,1767.756,0.4723
2026,9,British Grand Prix,S,HUL,17,MEDIUM,,british-grand-prix_corner_08,british-grand-prix_corner_08,0.55,2052.639,35.07,2052.639,1.0
2026,9,British Grand Prix,S,HUL,17,MEDIUM,,british-grand-prix_corner_14,british-grand-prix_corner_14,0.55,3863.0,62.47,4033.089,0.8508
2026,9,British Grand Prix,S,HUL,17,MEDIUM,,british-grand-prix_corner_18,british-grand-prix_corner_18,0.55,4985.911,77.35,5082.216,1.0
2026,9,British Grand Prix,S,HUL,17,MEDIUM,,british-grand-prix_corner_19,british-grand-prix_corner_19,0.55,5251.789,81.63,5251.789,0.1593
2026,9,British Grand Prix,S,HUL,17,MEDIUM,,british-grand-prix_corner_20,british-grand-prix_corner_20,0.55,5539.945,88.27,5724.73,1.0
2026,9,British Grand Prix,S,LAW,16,MEDIUM,,british-grand-prix_corner_04,british-grand-prix_corner_04,0.55,904.411,13.204,1159.992,0.8571
2026,9,British Grand Prix,S,LAW,16,MEDIUM,,british-grand-prix_corner_05,british-grand-prix_corner_05,0.55,1168.737,21.403,1168.737,1.0
2026,9,British Grand Prix,S,LAW,16,MEDIUM,,british-grand-prix_corner_07,british-grand-prix_corner_07,0.55,1758.913,29.283,1758.913,0.3553
2026,9,British Grand Prix,S,LAW,16,MEDIUM,,british-grand-prix_corner_08,british-grand-prix_corner_08,0.55,2047.469,34.604,2290.133,0.928
2026,9,British Grand Prix,S,LAW,16,MEDIUM,,british-grand-prix_corner_14,british-grand-prix_corner_14,0.55,3877.351,62.163,4041.953,0.8143
2026,9,British Grand Prix,S,LAW,16,MEDIUM,,british-grand-prix_corner_18,british-grand-prix_corner_18,0.55,4987.138,77.163,5091.463,1.0
2026,9,British Grand Prix,S,LAW,16,MEDIUM,,british-grand-prix_corner_19,british-grand-prix_corner_19,0.55,5255.863,81.404,5255.863,0.1318
2026,9,British Grand Prix,S,LAW,16,MEDIUM,,british-grand-prix_corner_20,british-grand-prix_corner_20,0.55,5542.691,88.004,5681.049,1.0
2026,9,British Grand Prix,S,LEC,17,MEDIUM,,british-grand-prix_corner_04,british-grand-prix_corner_04,0.55,909.479,13.31,1141.672,0.8571
2026,9,British Grand Prix,S,LEC,17,MEDIUM,,british-grand-prix_corner_05,british-grand-prix_corner_05,0.55,1181.124,21.631,1181.124,1.0
2026,9,British Grand Prix,S,LEC,17,MEDIUM,,british-grand-prix_corner_07,british-grand-prix_corner_07,0.55,1747.404,29.111,1747.404,0.3533
2026,9,British Grand Prix,S,LEC,17,MEDIUM,,british-grand-prix_corner_08,british-grand-prix_corner_08,0.55,2041.584,34.23,2041.584,0.96
2026,9,British Grand Prix,S,LEC,17,MEDIUM,,british-grand-prix_corner_14,british-grand-prix_corner_14,0.55,3793.843,59.83,3793.843,0.8104
2026,9,British Grand Prix,S,LEC,17,MEDIUM,,british-grand-prix_corner_18,british-grand-prix_corner_18,0.55,5016.703,76.271,5061.314,0.9788
2026,9,British Grand Prix,S,LEC,17,MEDIUM,,british-grand-prix_corner_19,british-grand-prix_corner_19,0.55,5253.916,80.15,5253.916,0.1816
2026,9,British Grand Prix,S,LEC,17,MEDIUM,,british-grand-prix_corner_20,british-grand-prix_corner_20,0.55,5540.828,86.71,5695.594,1.0
2026,9,British Grand Prix,S,LIN,8,MEDIUM,,british-grand-prix_corner_04,british-grand-prix_corner_04,0.55,918.479,13.458,1137.602,0.8217
2026,9,British Grand Prix,S,LIN,8,MEDIUM,,british-grand-prix_corner_05,british-grand-prix_corner_05,0.55,1172.18,21.178,1172.18,1.0
2026,9,British Grand Prix,S,LIN,8,MEDIUM,,british-grand-prix_corner_07,british-grand-prix_corner_07,0.55,1779.263,29.338,1779.263,0.2849
2026,9,British Grand Prix,S,LIN,8,MEDIUM,,british-grand-prix_corner_08,british-grand-prix_corner_08,0.55,2044.05,34.178,2294.185,0.984
2026,9,British Grand Prix,S,LIN,8,MEDIUM,,british-grand-prix_corner_14,british-grand-prix_corner_14,0.55,3789.231,60.738,4061.661,0.8179
2026,9,British Grand Prix,S,LIN,8,MEDIUM,,british-grand-prix_corner_18,british-grand-prix_corner_18,0.55,4993.966,77.459,5071.077,1.0
2026,9,British Grand Prix,S,LIN,8,MEDIUM,,british-grand-prix_corner_19,british-grand-prix_corner_19,0.55,5247.978,81.578,5247.978,0.1457
2026,9,British Grand Prix,S,LIN,8,MEDIUM,,british-grand-prix_corner_20,british-grand-prix_corner_20,0.55,5536.29,88.098,5695.354,1.0
2026,9,British Grand Prix,S,NOR,17,MEDIUM,,british-grand-prix_corner_04,british-grand-prix_corner_04,0.55,906.778,13.42,1131.052,0.8733
2026,9,British Grand Prix,S,NOR,17,MEDIUM,,british-grand-prix_corner_05,british-grand-prix_corner_05,0.55,1170.097,21.58,1170.097,1.0
2026,9,British Grand Prix,S,NOR,17,MEDIUM,,british-grand-prix_corner_07,british-grand-prix_corner_07,0.55,1771.871,29.419,1771.871,0.2809
2026,9,British Grand Prix,S,NOR,17,MEDIUM,,british-grand-prix_corner_08,british-grand-prix_corner_08,0.55,2038.817,34.22,2273.311,0.956
2026,9,British Grand Prix,S,NOR,17,MEDIUM,,british-grand-prix_corner_14,british-grand-prix_corner_14,0.55,3847.345,60.86,4067.354,0.7628
2026,9,British Grand Prix,S,NOR,17,MEDIUM,,british-grand-prix_corner_18,british-grand-prix_corner_18,0.55,5020.329,76.86,5036.74,1.0
2026,9,British Grand Prix,S,NOR,17,MEDIUM,,british-grand-prix_corner_19,british-grand-prix_corner_19,0.55,5243.084,80.42,5243.084,0.1258
2026,9,British Grand Prix,S,NOR,17,MEDIUM,,british-grand-prix_corner_20,british-grand-prix_corner_20,0.55,5538.0,87.26,5640.733,1.0
2026,9,British Grand Prix,S,OCO,9,MEDIUM,,british-grand-prix_corner_04,british-grand-prix_corner_04,0.55,897.927,13.106,1141.661,0.8943
2026,9,British Grand Prix,S,OCO,9,MEDIUM,,british-grand-prix_corner_05,british-grand-prix_corner_05,0.55,1171.761,21.627,1171.761,1.0
2026,9,British Grand Prix,S,OCO,9,MEDIUM,,british-grand-prix_corner_07,british-grand-prix_corner_07,0.55,1761.108,29.707,1761.108,0.293
2026,9,British Grand Prix,S,OCO,9,MEDIUM,,british-grand-prix_corner_08,british-grand-prix_corner_08,0.55,2054.197,35.227,2290.304,0.952
2026,9,British Grand Prix,S,OCO,9,MEDIUM,,british-grand-prix_corner_14,british-grand-prix_corner_14,0.55,3808.521,61.547,4050.509,0.8069
2026,9,British Grand Prix,S,OCO,9,MEDIUM,,british-grand-prix_corner_18,british-grand-prix_corner_18,0.55,4987.181,78.147,5055.615,1.0
2026,9,British Grand Prix,S,OCO,9,MEDIUM,,british-grand-prix_corner_19,british-grand-prix_corner_19,0.55,5248.359,82.467,5248.359,0.2172
2026,9,British Grand Prix,S,OCO,9,MEDIUM,,british-grand-prix_corner_20,british-grand-prix_corner_20,0.55,5542.282,88.707,5744.771,1.0
2026,9,British Grand Prix,S,PER,16,MEDIUM,,british-grand-prix_corner_04,british-grand-prix_corner_04,0.55,905.823,13.215,1135.961,0.8683
2026,9,British Grand Prix,S,PER,16,MEDIUM,,british-grand-prix_corner_05,british-grand-prix_corner_05,0.55,1169.65,21.495,1169.65,1.0
2026,9,British Grand Prix,S,PER,16,MEDIUM,,british-grand-prix_corner_07,british-grand-prix_corner_07,0.55,1748.944,29.295,1748.944,0.4105
2026,9,British Grand Prix,S,PER,16,MEDIUM,,british-grand-prix_corner_08,british-grand-prix_corner_08,0.55,2042.002,34.855,2042.002,0.974
2026,9,British Grand Prix,S,PER,16,MEDIUM,,british-grand-prix_corner_14,british-grand-prix_corner_14,0.55,3874.451,62.615,4039.534,0.8526
2026,9,British Grand Prix,S,PER,16,MEDIUM,,british-grand-prix_corner_18,british-grand-prix_corner_18,0.55,5000.987,78.415,5072.298,1.0
2026,9,British Grand Prix,S,PER,16,MEDIUM,,british-grand-prix_corner_19,british-grand-prix_corner_19,0.55,5245.087,82.495,5245.087,0.1537
2026,9,British Grand Prix,S,PER,16,MEDIUM,,british-grand-prix_corner_20,british-grand-prix_corner_20,0.55,5551.443,89.695,5650.009,1.0
2026,9,British Grand Prix,S,PIA,17,MEDIUM,,british-grand-prix_corner_04,british-grand-prix_corner_04,0.55,910.981,13.125,1153.872,0.8
2026,9,British Grand Prix,S,PIA,17,MEDIUM,,british-grand-prix_corner_05,british-grand-prix_corner_05,0.55,1175.974,21.284,1175.974,0.99
2026,9,British Grand Prix,S,PIA,17,MEDIUM,,british-grand-prix_corner_07,british-grand-prix_corner_07,0.55,1754.781,28.844,1798.181,0.173
2026,9,British Grand Prix,S,PIA,17,MEDIUM,,british-grand-prix_corner_08,british-grand-prix_corner_08,0.55,2157.996,37.165,,0.856
2026,9,British Grand Prix,S,PIA,17,MEDIUM,,british-grand-prix_corner_14,british-grand-prix_corner_14,0.55,3869.624,61.085,,0.7801
2026,9,British Grand Prix,S,PIA,17,MEDIUM,,british-grand-prix_corner_18,british-grand-prix_corner_18,0.55,5017.429,76.525,5149.751,0.99
2026,9,British Grand Prix,S,PIA,17,MEDIUM,,british-grand-prix_corner_19,british-grand-prix_corner_19,0.55,5244.118,80.205,5244.118,0.0753
2026,9,British Grand Prix,S,PIA,17,MEDIUM,,british-grand-prix_corner_20,british-grand-prix_corner_20,0.55,5537.614,86.925,5703.881,0.9775
2026,9,British Grand Prix,S,RUS,17,MEDIUM,,british-grand-prix_corner_04,british-grand-prix_corner_04,0.55,917.1,13.671,1142.841,0.7814
2026,9,British Grand Prix,S,RUS,17,MEDIUM,,british-grand-prix_corner_05,british-grand-prix_corner_05,0.55,1167.774,21.55,1167.774,1.0
2026,9,British Grand Prix,S,RUS,17,MEDIUM,,british-grand-prix_corner_07,british-grand-prix_corner_07,0.55,1761.045,29.23,1761.045,0.2597
2026,9,British Grand Prix,S,RUS,17,MEDIUM,,british-grand-prix_corner_08,british-grand-prix_corner_08,0.55,2039.806,34.071,2321.67,0.776
2026,9,British Grand Prix,S,RUS,17,MEDIUM,,british-grand-prix_corner_14,british-grand-prix_corner_14,0.55,3881.036,60.911,4048.775,0.7941
2026,9,British Grand Prix,S,RUS,17,MEDIUM,,british-grand-prix_corner_18,british-grand-prix_corner_18,0.55,5004.903,76.071,5087.092,1.0
2026,9,British Grand Prix,S,RUS,17,MEDIUM,,british-grand-prix_corner_19,british-grand-prix_corner_19,0.55,5248.981,79.991,5248.981,0.1278
2026,9,British Grand Prix,S,RUS,17,MEDIUM,,british-grand-prix_corner_20,british-grand-prix_corner_20,0.55,5563.069,87.191,5563.069,1.0
2026,9,British Grand Prix,S,SAI,17,MEDIUM,,british-grand-prix_corner_04,british-grand-prix_corner_04,0.55,908.017,13.22,1137.298,0.9
2026,9,British Grand Prix,S,SAI,17,MEDIUM,,british-grand-prix_corner_05,british-grand-prix_corner_05,0.55,1164.987,21.3,1164.987,1.0
2026,9,British Grand Prix,S,SAI,17,MEDIUM,,british-grand-prix_corner_07,british-grand-prix_corner_07,0.55,1751.214,28.82,1751.214,0.2702
2026,9,British Grand Prix,S,SAI,17,MEDIUM,,british-grand-prix_corner_08,british-grand-prix_corner_08,0.55,2044.96,34.62,2269.449,1.0
2026,9,British Grand Prix,S,SAI,17,MEDIUM,,british-grand-prix_corner_14,british-grand-prix_corner_14,0.55,3879.459,62.54,4038.104,0.938
2026,9,British Grand Prix,S,SAI,17,MEDIUM,,british-grand-prix_corner_18,british-grand-prix_corner_18,0.55,4952.792,76.9,5087.094,1.0
2026,9,British Grand Prix,S,SAI,17,MEDIUM,,british-grand-prix_corner_19,british-grand-prix_corner_19,0.55,5250.76,81.82,5250.76,0.0757
2026,9,British Grand Prix,S,SAI,17,MEDIUM,,british-grand-prix_corner_20,british-grand-prix_corner_20,0.55,5544.771,89.1,5729.174,1.0
2026,9,British Grand Prix,S,STR,16,MEDIUM,,british-grand-prix_corner_04,british-grand-prix_corner_04,0.55,913.439,13.723,1104.821,0.9517
2026,9,British Grand Prix,S,STR,16,MEDIUM,,british-grand-prix_corner_05,british-grand-prix_corner_05,0.55,1173.025,21.684,1173.025,1.0
2026,9,British Grand Prix,S,STR,16,MEDIUM,,british-grand-prix_corner_07,british-grand-prix_corner_07,0.55,1759.495,29.684,1759.495,0.44
2026,9,British Grand Prix,S,STR,16,MEDIUM,,british-grand-prix_corner_08,british-grand-prix_corner_08,0.55,2049.071,35.244,2049.071,1.0
2026,9,British Grand Prix,S,STR,16,MEDIUM,,british-grand-prix_corner_14,british-grand-prix_corner_14,0.55,3788.663,62.004,4050.738,0.7984
2026,9,British Grand Prix,S,STR,16,MEDIUM,,british-grand-prix_corner_18,british-grand-prix_corner_18,0.55,5001.626,78.804,5077.727,1.0
2026,9,British Grand Prix,S,STR,16,MEDIUM,,british-grand-prix_corner_19,british-grand-prix_corner_19,0.55,5249.16,83.004,5249.16,0.1504
2026,9,British Grand Prix,S,STR,16,MEDIUM,,british-grand-prix_corner_20,british-grand-prix_corner_20,0.55,5536.949,89.764,5609.204,1.0
2026,9,British Grand Prix,S,VER,7,MEDIUM,,british-grand-prix_corner_04,british-grand-prix_corner_04,0.55,907.431,13.055,1126.73,0.8183
2026,9,British Grand Prix,S,VER,7,MEDIUM,,british-grand-prix_corner_05,british-grand-prix_corner_05,0.55,1170.786,21.054,1170.786,1.0
2026,9,British Grand Prix,S,VER,7,MEDIUM,,british-grand-prix_corner_07,british-grand-prix_corner_07,0.55,1758.295,28.775,1758.295,0.1689
2026,9,British Grand Prix,S,VER,7,MEDIUM,,british-grand-prix_corner_08,british-grand-prix_corner_08,0.55,2050.084,34.055,2276.889,1.0
2026,9,British Grand Prix,S,VER,7,MEDIUM,,british-grand-prix_corner_14,british-grand-prix_corner_14,0.55,3862.937,60.935,4028.915,0.8544
2026,9,British Grand Prix,S,VER,7,MEDIUM,,british-grand-prix_corner_18,british-grand-prix_corner_18,0.55,5011.913,76.735,5091.746,1.0
2026,9,British Grand Prix,S,VER,7,MEDIUM,,british-grand-prix_corner_19,british-grand-prix_corner_19,0.55,5244.746,80.455,5244.746,0.0319
2026,9,British Grand Prix,S,VER,7,MEDIUM,,british-grand-prix_corner_20,british-grand-prix_corner_20,0.55,5534.326,87.015,5672.53,1.0
2026,9,British Grand Prix,SQ,ALB,9,MEDIUM,,british-grand-prix_corner_04,british-grand-prix_corner_04,0.55,908.239,12.738,1118.847,0.935
2026,9,British Grand Prix,SQ,ALB,9,MEDIUM,,british-grand-prix_corner_05,british-grand-prix_corner_05,0.55,1170.313,20.378,1170.313,1.0
2026,9,British Grand Prix,SQ,ALB,9,MEDIUM,,british-grand-prix_corner_07,british-grand-prix_corner_07,0.55,1761.281,27.938,1761.281,0.3643
2026,9,British Grand Prix,SQ,ALB,9,MEDIUM,,british-grand-prix_corner_08,british-grand-prix_corner_08,0.55,2052.949,33.058,2280.923,0.9975
2026,9,British Grand Prix,SQ,ALB,9,MEDIUM,,british-grand-prix_corner_14,british-grand-prix_corner_14,0.55,3810.414,58.578,4066.514,0.8854
2026,9,British Grand Prix,SQ,ALB,9,MEDIUM,,british-grand-prix_corner_18,british-grand-prix_corner_18,0.55,4979.569,74.419,5113.092,1.0
2026,9,British Grand Prix,SQ,ALB,9,MEDIUM,,british-grand-prix_corner_19,british-grand-prix_corner_19,0.55,5273.012,79.058,5273.012,0.1687
2026,9,British Grand Prix,SQ,ALB,9,MEDIUM,,british-grand-prix_corner_20,british-grand-prix_corner_20,0.55,5567.401,85.978,5619.468,1.0
2026,9,British Grand Prix,SQ,ALO,4,MEDIUM,,british-grand-prix_corner_04,british-grand-prix_corner_04,0.55,914.579,13.256,1115.86,1.0
2026,9,British Grand Prix,SQ,ALO,4,MEDIUM,,british-grand-prix_corner_05,british-grand-prix_corner_05,0.55,1179.782,21.176,1179.782,1.0
2026,9,British Grand Prix,SQ,ALO,4,MEDIUM,,british-grand-prix_corner_07,british-grand-prix_corner_07,0.55,1765.329,28.936,1765.329,0.4555
2026,9,British Grand Prix,SQ,ALO,4,MEDIUM,,british-grand-prix_corner_08,british-grand-prix_corner_08,0.55,2161.025,37.456,2234.865,1.0
2026,9,British Grand Prix,SQ,ALO,4,MEDIUM,,british-grand-prix_corner_14,british-grand-prix_corner_14,0.55,3806.777,60.296,4012.222,0.8958
2026,9,British Grand Prix,SQ,ALO,4,MEDIUM,,british-grand-prix_corner_18,british-grand-prix_corner_18,0.55,5031.377,77.496,5062.977,1.0
2026,9,British Grand Prix,SQ,ALO,4,MEDIUM,,british-grand-prix_corner_19,british-grand-prix_corner_19,0.55,5271.288,81.256,5271.288,0.2745
2026,9,British Grand Prix,SQ,ALO,4,MEDIUM,,british-grand-prix_corner_20,british-grand-prix_corner_20,0.55,5557.673,88.256,5585.162,1.0
2026,9,British Grand Prix,SQ,ANT,14,SOFT,,british-grand-prix_corner_04,british-grand-prix_corner_04,0.55,912.224,12.798,956.389,0.97
2026,9,British Grand Prix,SQ,ANT,14,SOFT,,british-grand-prix_corner_05,british-grand-prix_corner_05,0.55,1181.955,20.239,1181.955,1.0
2026,9,British Grand Prix,SQ,ANT,14,SOFT,,british-grand-prix_corner_07,british-grand-prix_corner_07,0.55,1763.782,27.599,1763.782,0.4841
2026,9,British Grand Prix,SQ,ANT,14,SOFT,,british-grand-prix_corner_08,british-grand-prix_corner_08,0.55,2052.846,32.478,2252.138,1.0
2026,9,British Grand Prix,SQ,ANT,14,SOFT,,british-grand-prix_corner_14,british-grand-prix_corner_14,0.55,3817.702,57.718,4022.036,0.9537
2026,9,British Grand Prix,SQ,ANT,14,SOFT,,british-grand-prix_corner_18,british-grand-prix_corner_18,0.55,4977.328,72.959,5068.084,1.0
2026,9,British Grand Prix,SQ,ANT,14,SOFT,,british-grand-prix_corner_19,british-grand-prix_corner_19,0.55,5281.25,77.478,5281.25,0.2078
2026,9,British Grand Prix,SQ,ANT,14,SOFT,,british-grand-prix_corner_20,british-grand-prix_corner_20,0.55,5559.617,83.958,5597.761,0.328
2026,9,British Grand Prix,SQ,BEA,5,MEDIUM,,british-grand-prix_corner_04,british-grand-prix_corner_04,0.55,894.274,12.622,1124.026,0.915
2026,9,British Grand Prix,SQ,BEA,5,MEDIUM,,british-grand-prix_corner_05,british-grand-prix_corner_05,0.55,1175.004,20.902,1175.004,1.0
2026,9,British Grand Prix,SQ,BEA,5,MEDIUM,,british-grand-prix_corner_07,british-grand-prix_corner_07,0.55,1757.194,28.462,1757.194,0.4088
2026,9,British Grand Prix,SQ,BEA,5,MEDIUM,,british-grand-prix_corner_08,british-grand-prix_corner_08,0.55,2047.966,33.662,2047.966,1.0
2026,9,British Grand Prix,SQ,BEA,5,MEDIUM,,british-grand-prix_corner_14,british-grand-prix_corner_14,0.55,3812.218,59.182,4046.296,0.9105
2026,9,British Grand Prix,SQ,BEA,5,MEDIUM,,british-grand-prix_corner_18,british-grand-prix_corner_18,0.55,5018.541,75.702,5091.429,1.0
2026,9,British Grand Prix,SQ,BEA,5,MEDIUM,,british-grand-prix_corner_19,british-grand-prix_corner_19,0.55,5268.329,79.582,5268.329,0.2025
2026,9,British Grand Prix,SQ,BEA,5,MEDIUM,,british-grand-prix_corner_20,british-grand-prix_corner_20,0.55,5558.216,86.382,5636.982,1.0
2026,9,British Grand Prix,SQ,BOR,8,MEDIUM,,british-grand-prix_corner_04,british-grand-prix_corner_04,0.55,909.246,12.773,1132.227,0.9533
2026,9,British Grand Prix,SQ,BOR,8,MEDIUM,,british-grand-prix_corner_05,british-grand-prix_corner_05,0.55,1178.527,20.413,1178.527,1.0
2026,9,British Grand Prix,SQ,BOR,8,MEDIUM,,british-grand-prix_corner_07,british-grand-prix_corner_07,0.55,1754.491,27.853,1754.491,0.3552
2026,9,British Grand Prix,SQ,BOR,8,MEDIUM,,british-grand-prix_corner_08,british-grand-prix_corner_08,0.55,2056.118,32.973,2278.432,0.994
2026,9,British Grand Prix,SQ,BOR,8,MEDIUM,,british-grand-prix_corner_14,british-grand-prix_corner_14,0.55,3817.642,58.373,4036.569,0.8352
2026,9,British Grand Prix,SQ,BOR,8,MEDIUM,,british-grand-prix_corner_18,british-grand-prix_corner_18,0.55,5020.342,74.534,5066.176,1.0
2026,9,British Grand Prix,SQ,BOR,8,MEDIUM,,british-grand-prix_corner_19,british-grand-prix_corner_19,0.55,5261.153,78.174,5261.153,0.2088
2026,9,British Grand Prix,SQ,BOR,8,MEDIUM,,british-grand-prix_corner_20,british-grand-prix_corner_20,0.55,5552.988,85.133,5614.355,1.0
2026,9,British Grand Prix,SQ,BOT,5,MEDIUM,,british-grand-prix_corner_04,british-grand-prix_corner_04,0.55,905.348,13.056,1101.802,0.975
2026,9,British Grand Prix,SQ,BOT,5,MEDIUM,,british-grand-prix_corner_05,british-grand-prix_corner_05,0.55,1178.235,20.976,1178.235,1.0
2026,9,British Grand Prix,SQ,BOT,5,MEDIUM,,british-grand-prix_corner_07,british-grand-prix_corner_07,0.55,1775.852,28.576,1775.852,0.3354
2026,9,British Grand Prix,SQ,BOT,5,MEDIUM,,british-grand-prix_corner_08,british-grand-prix_corner_08,0.55,2130.211,36.176,2258.155,1.0
2026,9,British Grand Prix,SQ,BOT,5,MEDIUM,,british-grand-prix_corner_14,british-grand-prix_corner_14,0.55,3816.074,59.896,4023.629,0.9331
2026,9,British Grand Prix,SQ,BOT,5,MEDIUM,,british-grand-prix_corner_18,british-grand-prix_corner_18,0.55,5005.198,76.296,5069.854,1.0
2026,9,British Grand Prix,SQ,BOT,5,MEDIUM,,british-grand-prix_corner_19,british-grand-prix_corner_19,0.55,5272.509,80.496,5272.509,0.2422
2026,9,British Grand Prix,SQ,BOT,5,MEDIUM,,british-grand-prix_corner_20,british-grand-prix_corner_20,0.55,5577.658,87.936,5586.38,1.0
2026,9,British Grand Prix,SQ,COL,8,MEDIUM,,british-grand-prix_corner_04,british-grand-prix_corner_04,0.55,897.498,12.476,1112.41,0.9883
2026,9,British Grand Prix,SQ,COL,8,MEDIUM,,british-grand-prix_corner_05,british-grand-prix_corner_05,0.55,1176.155,20.396,1176.155,1.0
2026,9,British Grand Prix,SQ,COL,8,MEDIUM,,british-grand-prix_corner_07,british-grand-prix_corner_07,0.55,1773.101,27.877,1773.101,0.2349
2026,9,British Grand Prix,SQ,COL,8,MEDIUM,,british-grand-prix_corner_08,british-grand-prix_corner_08,0.55,2045.823,32.716,2289.496,0.994
2026,9,British Grand Prix,SQ,COL,8,MEDIUM,,british-grand-prix_corner_14,british-grand-prix_corner_14,0.55,3815.0,58.317,4053.995,0.8291
2026,9,British Grand Prix,SQ,COL,8,MEDIUM,,british-grand-prix_corner_18,british-grand-prix_corner_18,0.55,4985.499,74.157,5070.455,1.0
2026,9,British Grand Prix,SQ,COL,8,MEDIUM,,british-grand-prix_corner_19,british-grand-prix_corner_19,0.55,5262.321,78.437,5262.321,0.1205
2026,9,British Grand Prix,SQ,COL,8,MEDIUM,,british-grand-prix_corner_20,british-grand-prix_corner_20,0.55,5558.432,85.277,5609.42,1.0
2026,9,British Grand Prix,SQ,GAS,8,MEDIUM,,british-grand-prix_corner_04,british-grand-prix_corner_04,0.55,910.855,12.85,1097.921,0.9667
2026,9,British Grand Prix,SQ,GAS,8,MEDIUM,,british-grand-prix_corner_05,british-grand-prix_corner_05,0.55,1168.977,20.25,1168.977,1.0
2026,9,British Grand Prix,SQ,GAS,8,MEDIUM,,british-grand-prix_corner_07,british-grand-prix_corner_07,0.55,1774.669,27.891,1774.669,0.4738
2026,9,British Grand Prix,SQ,GAS,8,MEDIUM,,british-grand-prix_corner_08,british-grand-prix_corner_08,0.55,2155.883,35.851,2244.605,1.0
2026,9,British Grand Prix,SQ,GAS,8,MEDIUM,,british-grand-prix_corner_14,british-grand-prix_corner_14,0.55,3804.598,58.131,4029.523,0.8996
2026,9,British Grand Prix,SQ,GAS,8,MEDIUM,,british-grand-prix_corner_18,british-grand-prix_corner_18,0.55,4973.406,73.81,5057.444,1.0
2026,9,British Grand Prix,SQ,GAS,8,MEDIUM,,british-grand-prix_corner_19,british-grand-prix_corner_19,0.55,5264.155,78.251,5264.155,0.1454
2026,9,British Grand Prix,SQ,GAS,8,MEDIUM,,british-grand-prix_corner_20,british-grand-prix_corner_20,0.55,5560.847,85.131,5579.425,1.0
2026,9,British Grand Prix,SQ,HAD,13,SOFT,,british-grand-prix_corner_04,british-grand-prix_corner_04,0.55,912.833,12.867,1114.481,0.995
2026,9,British Grand Prix,SQ,HAD,13,SOFT,,british-grand-prix_corner_05,british-grand-prix_corner_05,0.55,1168.892,20.067,1168.892,1.0
2026,9,British Grand Prix,SQ,HAD,13,SOFT,,british-grand-prix_corner_07,british-grand-prix_corner_07,0.55,1770.467,27.707,1770.467,0.3352
2026,9,British Grand Prix,SQ,HAD,13,SOFT,,british-grand-prix_corner_08,british-grand-prix_corner_08,0.55,2046.149,32.427,2263.181,1.0
2026,9,British Grand Prix,SQ,HAD,13,SOFT,,british-grand-prix_corner_14,british-grand-prix_corner_14,0.55,3806.593,57.588,3806.593,0.8614
2026,9,British Grand Prix,SQ,HAD,13,SOFT,,british-grand-prix_corner_18,british-grand-prix_corner_18,0.55,4981.378,73.187,5097.963,1.0
2026,9,British Grand Prix,SQ,HAD,13,SOFT,,british-grand-prix_corner_19,british-grand-prix_corner_19,0.55,5263.63,77.388,5263.63,0.068
2026,9,British Grand Prix,SQ,HAD,13,SOFT,,british-grand-prix_corner_20,british-grand-prix_corner_20,0.55,5556.15,83.948,5613.061,1.0
2026,9,British Grand Prix,SQ,HAM,13,SOFT,,british-grand-prix_corner_04,british-grand-prix_corner_04,0.55,899.755,12.29,1122.781,0.97
2026,9,British Grand Prix,SQ,HAM,13,SOFT,,british-grand-prix_corner_05,british-grand-prix_corner_05,0.55,1170.959,19.89,1170.959,1.0
2026,9,British Grand Prix,SQ,HAM,13,SOFT,,british-grand-prix_corner_07,british-grand-prix_corner_07,0.55,1756.96,27.409,1756.96,0.2791
2026,9,British Grand Prix,SQ,HAM,13,SOFT,,british-grand-prix_corner_08,british-grand-prix_corner_08,0.55,2061.261,32.45,2270.696,1.0
2026,9,British Grand Prix,SQ,HAM,13,SOFT,,british-grand-prix_corner_14,british-grand-prix_corner_14,0.55,3800.542,57.21,3800.542,0.9049
2026,9,British Grand Prix,SQ,HAM,13,SOFT,,british-grand-prix_corner_18,british-grand-prix_corner_18,0.55,5034.776,73.77,5103.979,0.995
2026,9,British Grand Prix,SQ,HAM,13,SOFT,,british-grand-prix_corner_19,british-grand-prix_corner_19,0.55,5274.575,77.25,5274.575,0.1748
2026,9,British Grand Prix,SQ,HAM,13,SOFT,,british-grand-prix_corner_20,british-grand-prix_corner_20,0.55,5557.868,83.289,5633.303,1.0
2026,9,British Grand Prix,SQ,HUL,11,MEDIUM,,british-grand-prix_corner_04,british-grand-prix_corner_04,0.55,908.157,12.735,1155.352,0.7267
2026,9,British Grand Prix,SQ,HUL,11,MEDIUM,,british-grand-prix_corner_05,british-grand-prix_corner_05,0.55,1175.452,20.335,1175.452,1.0
2026,9,British Grand Prix,SQ,HUL,11,MEDIUM,,british-grand-prix_corner_07,british-grand-prix_corner_07,0.55,1768.086,28.055,1768.086,0.3206
2026,9,British Grand Prix,SQ,HUL,11,MEDIUM,,british-grand-prix_corner_08,british-grand-prix_corner_08,0.55,2055.198,32.975,2074.909,0.984
2026,9,British Grand Prix,SQ,HUL,11,MEDIUM,,british-grand-prix_corner_14,british-grand-prix_corner_14,0.55,3811.194,58.216,4068.934,0.8235
2026,9,British Grand Prix,SQ,HUL,11,MEDIUM,,british-grand-prix_corner_18,british-grand-prix_corner_18,0.55,5020.022,74.455,5135.811,1.0
2026,9,British Grand Prix,SQ,HUL,11,MEDIUM,,british-grand-prix_corner_19,british-grand-prix_corner_19,0.55,5266.728,78.176,5266.728,0.2056
2026,9,British Grand Prix,SQ,HUL,11,MEDIUM,,british-grand-prix_corner_20,british-grand-prix_corner_20,0.55,5553.92,84.335,5612.787,1.0
2026,9,British Grand Prix,SQ,LAW,11,SOFT,,british-grand-prix_corner_04,british-grand-prix_corner_04,0.55,891.702,12.429,1100.651,1.0
2026,9,British Grand Prix,SQ,LAW,11,SOFT,,british-grand-prix_corner_05,british-grand-prix_corner_05,0.55,1184.607,20.429,1184.607,1.0
2026,9,British Grand Prix,SQ,LAW,11,SOFT,,british-grand-prix_corner_07,british-grand-prix_corner_07,0.55,1761.752,27.708,1761.752,0.3905
2026,9,British Grand Prix,SQ,LAW,11,SOFT,,british-grand-prix_corner_08,british-grand-prix_corner_08,0.55,2050.798,32.709,2250.652,1.0
2026,9,British Grand Prix,SQ,LAW,11,SOFT,,british-grand-prix_corner_14,british-grand-prix_corner_14,0.55,3808.064,57.868,4036.996,0.9023
2026,9,British Grand Prix,SQ,LAW,11,SOFT,,british-grand-prix_corner_18,british-grand-prix_corner_18,0.55,4985.563,73.509,5080.245,1.0
2026,9,British Grand Prix,SQ,LAW,11,SOFT,,british-grand-prix_corner_19,british-grand-prix_corner_19,0.55,5263.889,77.668,5263.889,0.2434
2026,9,British Grand Prix,SQ,LAW,11,SOFT,,british-grand-prix_corner_20,british-grand-prix_corner_20,0.55,5552.256,84.228,5595.408,1.0
2026,9,British Grand Prix,SQ,LEC,13,SOFT,,british-grand-prix_corner_04,british-grand-prix_corner_04,0.55,891.868,12.085,1117.693,0.98
2026,9,British Grand Prix,SQ,LEC,13,SOFT,,british-grand-prix_corner_05,british-grand-prix_corner_05,0.55,1177.282,20.005,1177.282,1.0
2026,9,British Grand Prix,SQ,LEC,13,SOFT,,british-grand-prix_corner_07,british-grand-prix_corner_07,0.55,1767.817,27.525,1767.817,0.2708
2026,9,British Grand Prix,SQ,LEC,13,SOFT,,british-grand-prix_corner_08,british-grand-prix_corner_08,0.55,2052.818,32.245,2260.784,1.0
2026,9,British Grand Prix,SQ,LEC,13,SOFT,,british-grand-prix_corner_14,british-grand-prix_corner_14,0.55,3809.429,57.326,3809.429,0.7902
2026,9,British Grand Prix,SQ,LEC,13,SOFT,,british-grand-prix_corner_18,british-grand-prix_corner_18,0.55,5011.196,73.285,5099.94,1.0
2026,9,British Grand Prix,SQ,LEC,13,SOFT,,british-grand-prix_corner_19,british-grand-prix_corner_19,0.55,5261.638,77.046,5261.638,0.2672
2026,9,British Grand Prix,SQ,LEC,13,SOFT,,british-grand-prix_corner_20,british-grand-prix_corner_20,0.55,5560.004,83.366,5630.326,1.0
2026,9,British Grand Prix,SQ,LIN,8,MEDIUM,,british-grand-prix_corner_04,british-grand-prix_corner_04,0.55,903.858,12.651,1108.961,0.922
2026,9,British Grand Prix,SQ,LIN,8,MEDIUM,,british-grand-prix_corner_05,british-grand-prix_corner_05,0.55,1177.784,20.331,1177.784,1.0
2026,9,British Grand Prix,SQ,LIN,8,MEDIUM,,british-grand-prix_corner_07,british-grand-prix_corner_07,0.55,1772.785,27.891,1772.785,0.4356
2026,9,British Grand Prix,SQ,LIN,8,MEDIUM,,british-grand-prix_corner_08,british-grand-prix_corner_08,0.55,2055.993,32.891,2267.466,0.982
2026,9,British Grand Prix,SQ,LIN,8,MEDIUM,,british-grand-prix_corner_14,british-grand-prix_corner_14,0.55,3801.761,57.811,4035.117,0.881
2026,9,British Grand Prix,SQ,LIN,8,MEDIUM,,british-grand-prix_corner_18,british-grand-prix_corner_18,0.55,4968.903,73.331,5049.759,1.0
2026,9,British Grand Prix,SQ,LIN,8,MEDIUM,,british-grand-prix_corner_19,british-grand-prix_corner_19,0.55,5262.565,77.771,5262.565,0.181
2026,9,British Grand Prix,SQ,LIN,8,MEDIUM,,british-grand-prix_corner_20,british-grand-prix_corner_20,0.55,5554.678,84.331,5626.745,1.0
2026,9,British Grand Prix,SQ,NOR,14,SOFT,,british-grand-prix_corner_04,british-grand-prix_corner_04,0.55,911.811,12.9,1108.32,1.0
2026,9,British Grand Prix,SQ,NOR,14,SOFT,,british-grand-prix_corner_05,british-grand-prix_corner_05,0.55,1179.139,20.3,1179.139,1.0
2026,9,British Grand Prix,SQ,NOR,14,SOFT,,british-grand-prix_corner_07,british-grand-prix_corner_07,0.55,1758.891,27.62,1758.891,0.1726
2026,9,British Grand Prix,SQ,NOR,14,SOFT,,british-grand-prix_corner_08,british-grand-prix_corner_08,0.55,2047.731,32.499,2273.524,1.0
2026,9,British Grand Prix,SQ,NOR,14,SOFT,,british-grand-prix_corner_14,british-grand-prix_corner_14,0.55,3827.561,58.099,4023.386,0.9449
2026,9,British Grand Prix,SQ,NOR,14,SOFT,,british-grand-prix_corner_18,british-grand-prix_corner_18,0.55,4995.862,73.46,5051.018,1.0
2026,9,British Grand Prix,SQ,NOR,14,SOFT,,british-grand-prix_corner_19,british-grand-prix_corner_19,0.55,5259.852,77.419,5259.852,0.131
2026,9,British Grand Prix,SQ,NOR,14,SOFT,,british-grand-prix_corner_20,british-grand-prix_corner_20,0.55,5565.516,84.219,5592.894,1.0
2026,9,British Grand Prix,SQ,OCO,2,MEDIUM,,british-grand-prix_corner_04,british-grand-prix_corner_04,0.55,906.524,12.914,1127.398,0.9683
2026,9,British Grand Prix,SQ,OCO,2,MEDIUM,,british-grand-prix_corner_05,british-grand-prix_corner_05,0.55,1178.509,20.913,1178.509,1.0
2026,9,British Grand Prix,SQ,OCO,2,MEDIUM,,british-grand-prix_corner_07,british-grand-prix_corner_07,0.55,1754.737,28.394,1754.737,0.3297
2026,9,British Grand Prix,SQ,OCO,2,MEDIUM,,british-grand-prix_corner_08,british-grand-prix_corner_08,0.55,2052.358,33.673,2281.756,0.995
2026,9,British Grand Prix,SQ,OCO,2,MEDIUM,,british-grand-prix_corner_14,british-grand-prix_corner_14,0.55,3825.365,59.754,4039.752,0.9115
2026,9,British Grand Prix,SQ,OCO,2,MEDIUM,,british-grand-prix_corner_18,british-grand-prix_corner_18,0.55,5013.363,75.954,5117.474,1.0
2026,9,British Grand Prix,SQ,OCO,2,MEDIUM,,british-grand-prix_corner_19,british-grand-prix_corner_19,0.55,5261.73,79.874,5261.73,0.1257
2026,9,British Grand Prix,SQ,OCO,2,MEDIUM,,british-grand-prix_corner_20,british-grand-prix_corner_20,0.55,5556.541,86.594,5630.507,1.0
2026,9,British Grand Prix,SQ,PER,5,MEDIUM,,british-grand-prix_corner_04,british-grand-prix_corner_04,0.55,911.097,13.097,1118.315,0.9167
2026,9,British Grand Prix,SQ,PER,5,MEDIUM,,british-grand-prix_corner_05,british-grand-prix_corner_05,0.55,1172.271,20.858,1172.271,1.0
2026,9,British Grand Prix,SQ,PER,5,MEDIUM,,british-grand-prix_corner_07,british-grand-prix_corner_07,0.55,1764.561,28.618,1764.561,0.2739
2026,9,British Grand Prix,SQ,PER,5,MEDIUM,,british-grand-prix_corner_08,british-grand-prix_corner_08,0.55,2054.207,33.818,2054.207,0.976
2026,9,British Grand Prix,SQ,PER,5,MEDIUM,,british-grand-prix_corner_14,british-grand-prix_corner_14,0.55,3885.071,60.778,4028.259,0.8769
2026,9,British Grand Prix,SQ,PER,5,MEDIUM,,british-grand-prix_corner_18,british-grand-prix_corner_18,0.55,5000.104,75.778,5083.16,1.0
2026,9,British Grand Prix,SQ,PER,5,MEDIUM,,british-grand-prix_corner_19,british-grand-prix_corner_19,0.55,5262.602,79.938,5262.602,0.1234
2026,9,British Grand Prix,SQ,PER,5,MEDIUM,,british-grand-prix_corner_20,british-grand-prix_corner_20,0.55,5552.78,86.538,5613.391,1.0
2026,9,British Grand Prix,SQ,PIA,11,SOFT,,british-grand-prix_corner_04,british-grand-prix_corner_04,0.55,907.774,12.723,1113.968,0.9667
2026,9,British Grand Prix,SQ,PIA,11,SOFT,,british-grand-prix_corner_05,british-grand-prix_corner_05,0.55,1181.829,20.324,1181.829,0.99
2026,9,British Grand Prix,SQ,PIA,11,SOFT,,british-grand-prix_corner_07,british-grand-prix_corner_07,0.55,1763.046,27.604,1763.046,0.2981
2026,9,British Grand Prix,SQ,PIA,11,SOFT,,british-grand-prix_corner_08,british-grand-prix_corner_08,0.55,2047.244,32.483,,0.7875
2026,9,British Grand Prix,SQ,PIA,11,SOFT,,british-grand-prix_corner_14,british-grand-prix_corner_14,0.55,3813.896,57.763,,0.9011
2026,9,British Grand Prix,SQ,PIA,11,SOFT,,british-grand-prix_corner_18,british-grand-prix_corner_18,0.55,5021.169,73.724,5156.435,0.99
2026,9,British Grand Prix,SQ,PIA,11,SOFT,,british-grand-prix_corner_19,british-grand-prix_corner_19,0.55,5285.135,77.603,5285.135,0.0575
2026,9,British Grand Prix,SQ,PIA,11,SOFT,,british-grand-prix_corner_20,british-grand-prix_corner_20,0.55,5554.096,83.643,5640.129,0.98
2026,9,British Grand Prix,SQ,RUS,14,SOFT,,british-grand-prix_corner_04,british-grand-prix_corner_04,0.55,907.678,12.567,1112.947,0.93
2026,9,British Grand Prix,SQ,RUS,14,SOFT,,british-grand-prix_corner_05,british-grand-prix_corner_05,0.55,1178.113,20.167,1178.113,1.0
2026,9,British Grand Prix,SQ,RUS,14,SOFT,,british-grand-prix_corner_07,british-grand-prix_corner_07,0.55,1756.477,27.607,1756.477,0.4175
2026,9,British Grand Prix,SQ,RUS,14,SOFT,,british-grand-prix_corner_08,british-grand-prix_corner_08,0.55,2064.846,32.727,2259.648,1.0
2026,9,British Grand Prix,SQ,RUS,14,SOFT,,british-grand-prix_corner_14,british-grand-prix_corner_14,0.55,3808.03,57.648,3808.03,0.8981
2026,9,British Grand Prix,SQ,RUS,14,SOFT,,british-grand-prix_corner_18,british-grand-prix_corner_18,0.55,5004.842,73.487,5064.172,1.0
2026,9,British Grand Prix,SQ,RUS,14,SOFT,,british-grand-prix_corner_19,british-grand-prix_corner_19,0.55,5277.094,77.528,5277.094,0.2125
2026,9,British Grand Prix,SQ,RUS,14,SOFT,,british-grand-prix_corner_20,british-grand-prix_corner_20,0.55,5552.771,83.528,5618.804,1.0
2026,9,British Grand Prix,SQ,SAI,9,MEDIUM,,british-grand-prix_corner_04,british-grand-prix_corner_04,0.55,906.963,12.654,1111.032,0.93
2026,9,British Grand Prix,SQ,SAI,9,MEDIUM,,british-grand-prix_corner_05,british-grand-prix_corner_05,0.55,1179.054,20.534,1179.054,1.0
2026,9,British Grand Prix,SQ,SAI,9,MEDIUM,,british-grand-prix_corner_07,british-grand-prix_corner_07,0.55,1756.336,27.894,1756.336,0.4401
2026,9,British Grand Prix,SQ,SAI,9,MEDIUM,,british-grand-prix_corner_08,british-grand-prix_corner_08,0.55,2057.268,33.174,2057.268,1.0
2026,9,British Grand Prix,SQ,SAI,9,MEDIUM,,british-grand-prix_corner_14,british-grand-prix_corner_14,0.55,3819.589,58.734,4046.158,0.9195
2026,9,British Grand Prix,SQ,SAI,9,MEDIUM,,british-grand-prix_corner_18,british-grand-prix_corner_18,0.55,5005.466,74.775,5094.377,1.0
2026,9,British Grand Prix,SQ,SAI,9,MEDIUM,,british-grand-prix_corner_19,british-grand-prix_corner_19,0.55,5264.608,78.734,5264.608,0.1151
2026,9,British Grand Prix,SQ,SAI,9,MEDIUM,,british-grand-prix_corner_20,british-grand-prix_corner_20,0.55,5556.766,85.414,5629.066,1.0
2026,9,British Grand Prix,SQ,STR,4,MEDIUM,,british-grand-prix_corner_04,british-grand-prix_corner_04,0.55,913.624,13.124,1132.39,0.9314
2026,9,British Grand Prix,SQ,STR,4,MEDIUM,,british-grand-prix_corner_05,british-grand-prix_corner_05,0.55,1176.557,21.004,1176.557,1.0
2026,9,British Grand Prix,SQ,STR,4,MEDIUM,,british-grand-prix_corner_07,british-grand-prix_corner_07,0.55,1755.814,28.804,1755.814,0.4011
2026,9,British Grand Prix,SQ,STR,4,MEDIUM,,british-grand-prix_corner_08,british-grand-prix_corner_08,0.55,2058.881,34.364,2264.592,1.0
2026,9,British Grand Prix,SQ,STR,4,MEDIUM,,british-grand-prix_corner_14,british-grand-prix_corner_14,0.55,3805.481,60.364,4053.771,0.794
2026,9,British Grand Prix,SQ,STR,4,MEDIUM,,british-grand-prix_corner_18,british-grand-prix_corner_18,0.55,5032.028,77.325,5085.739,1.0
2026,9,British Grand Prix,SQ,STR,4,MEDIUM,,british-grand-prix_corner_19,british-grand-prix_corner_19,0.55,5269.284,81.124,5269.284,0.0752
2026,9,British Grand Prix,SQ,STR,4,MEDIUM,,british-grand-prix_corner_20,british-grand-prix_corner_20,0.55,5553.716,87.684,5608.36,1.0
2026,9,British Grand Prix,SQ,VER,11,SOFT,,british-grand-prix_corner_04,british-grand-prix_corner_04,0.55,920.328,12.921,958.794,0.89
2026,9,British Grand Prix,SQ,VER,11,SOFT,,british-grand-prix_corner_05,british-grand-prix_corner_05,0.55,1173.444,20.001,1173.444,1.0
2026,9,British Grand Prix,SQ,VER,11,SOFT,,british-grand-prix_corner_07,british-grand-prix_corner_07,0.55,1766.845,27.6,1766.845,0.2718
2026,9,British Grand Prix,SQ,VER,11,SOFT,,british-grand-prix_corner_08,british-grand-prix_corner_08,0.55,2049.382,32.361,2049.382,0.972
2026,9,British Grand Prix,SQ,VER,11,SOFT,,british-grand-prix_corner_14,british-grand-prix_corner_14,0.55,3808.889,57.521,3808.889,0.8835
2026,9,British Grand Prix,SQ,VER,11,SOFT,,british-grand-prix_corner_18,british-grand-prix_corner_18,0.55,5034.034,73.881,5098.928,1.0
2026,9,British Grand Prix,SQ,VER,11,SOFT,,british-grand-prix_corner_19,british-grand-prix_corner_19,0.55,5266.853,77.361,5266.853,0.0341
2026,9,British Grand Prix,SQ,VER,11,SOFT,,british-grand-prix_corner_20,british-grand-prix_corner_20,0.55,5556.446,83.561,5620.757,1.0
2026,10,Belgian Grand Prix,FP1,ALB,14,SOFT,,belgian-grand-prix_corner_01,belgian-grand-prix_corner_01,0.55,11.521,0.178,11.521,0.0
2026,10,Belgian Grand Prix,FP1,ALB,14,SOFT,,belgian-grand-prix_corner_02,belgian-grand-prix_corner_02,0.55,374.517,7.178,452.161,1.0
2026,10,Belgian Grand Prix,FP1,ALB,14,SOFT,,belgian-grand-prix_corner_08,belgian-grand-prix_corner_08,0.55,2460.467,35.258,2531.612,1.0
2026,10,Belgian Grand Prix,FP1,ALB,14,SOFT,,belgian-grand-prix_corner_09,belgian-grand-prix_corner_09,0.55,2788.78,41.418,2788.78,0.7078
2026,10,Belgian Grand Prix,FP1,ALB,14,SOFT,,belgian-grand-prix_corner_10,belgian-grand-prix_corner_10,0.55,3140.294,49.258,3140.294,1.0
2026,10,Belgian Grand Prix,FP1,ALB,14,SOFT,,belgian-grand-prix_corner_14,belgian-grand-prix_corner_14,0.55,4530.369,70.538,4665.416,0.1542
2026,10,Belgian Grand Prix,FP1,ALB,14,SOFT,,belgian-grand-prix_corner_15,belgian-grand-prix_corner_15,0.55,4916.482,78.058,4977.349,1.0
2026,10,Belgian Grand Prix,FP1,ALB,14,SOFT,,belgian-grand-prix_corner_20,belgian-grand-prix_corner_20,0.55,6691.738,102.458,6797.303,1.0
2026,10,Belgian Grand Prix,FP1,ANT,9,SOFT,,belgian-grand-prix_corner_01,belgian-grand-prix_corner_01,0.55,10.64,0.168,10.64,0.0
2026,10,Belgian Grand Prix,FP1,ANT,9,SOFT,,belgian-grand-prix_corner_02,belgian-grand-prix_corner_02,0.55,399.356,7.608,460.934,1.0
2026,10,Belgian Grand Prix,FP1,ANT,9,SOFT,,belgian-grand-prix_corner_08,belgian-grand-prix_corner_08,0.55,2439.57,34.248,2543.203,1.0
2026,10,Belgian Grand Prix,FP1,ANT,9,SOFT,,belgian-grand-prix_corner_09,belgian-grand-prix_corner_09,0.55,2786.226,40.848,2786.226,0.54
2026,10,Belgian Grand Prix,FP1,ANT,9,SOFT,,belgian-grand-prix_corner_10,belgian-grand-prix_corner_10,0.55,3137.846,48.368,3137.846,1.0
2026,10,Belgian Grand Prix,FP1,ANT,9,SOFT,,belgian-grand-prix_corner_14,belgian-grand-prix_corner_14,0.55,4536.302,69.568,4668.924,0.6351
2026,10,Belgian Grand Prix,FP1,ANT,9,SOFT,,belgian-grand-prix_corner_15,belgian-grand-prix_corner_15,0.55,4912.934,76.528,4971.79,1.0
2026,10,Belgian Grand Prix,FP1,ANT,9,SOFT,,belgian-grand-prix_corner_20,belgian-grand-prix_corner_20,0.55,6714.229,101.048,6823.964,1.0
2026,10,Belgian Grand Prix,FP1,BEA,16,SOFT,,belgian-grand-prix_corner_01,belgian-grand-prix_corner_01,0.55,14.69,0.226,14.69,0.0
2026,10,Belgian Grand Prix,FP1,BEA,16,SOFT,,belgian-grand-prix_corner_02,belgian-grand-prix_corner_02,0.55,371.693,6.946,439.349,1.0
2026,10,Belgian Grand Prix,FP1,BEA,16,SOFT,,belgian-grand-prix_corner_08,belgian-grand-prix_corner_08,0.55,2447.97,35.226,2541.949,1.0
2026,10,Belgian Grand Prix,FP1,BEA,16,SOFT,,belgian-grand-prix_corner_09,belgian-grand-prix_corner_09,0.55,2800.44,41.746,2800.44,0.624
2026,10,Belgian Grand Prix,FP1,BEA,16,SOFT,,belgian-grand-prix_corner_10,belgian-grand-prix_corner_10,0.55,3137.691,49.186,3137.691,1.0
2026,10,Belgian Grand Prix,FP1,BEA,16,SOFT,,belgian-grand-prix_corner_14,belgian-grand-prix_corner_14,0.55,4534.824,70.787,4534.824,0.3922
2026,10,Belgian Grand Prix,FP1,BEA,16,SOFT,,belgian-grand-prix_corner_15,belgian-grand-prix_corner_15,0.55,4910.69,77.947,4910.69,1.0
2026,10,Belgian Grand Prix,FP1,BEA,16,SOFT,,belgian-grand-prix_corner_20,belgian-grand-prix_corner_20,0.55,6694.267,102.267,6810.259,1.0
2026,10,Belgian Grand Prix,FP1,BOR,11,SOFT,,belgian-grand-prix_corner_01,belgian-grand-prix_corner_01,0.55,16.385,0.251,16.385,0.0
2026,10,Belgian Grand Prix,FP1,BOR,11,SOFT,,belgian-grand-prix_corner_02,belgian-grand-prix_corner_02,0.55,388.603,7.331,458.922,1.0
2026,10,Belgian Grand Prix,FP1,BOR,11,SOFT,,belgian-grand-prix_corner_08,belgian-grand-prix_corner_08,0.55,2438.955,34.571,2542.643,1.0
2026,10,Belgian Grand Prix,FP1,BOR,11,SOFT,,belgian-grand-prix_corner_09,belgian-grand-prix_corner_09,0.55,2789.052,41.292,2789.052,0.5112
2026,10,Belgian Grand Prix,FP1,BOR,11,SOFT,,belgian-grand-prix_corner_10,belgian-grand-prix_corner_10,0.55,3142.527,48.812,3158.882,1.0
2026,10,Belgian Grand Prix,FP1,BOR,11,SOFT,,belgian-grand-prix_corner_14,belgian-grand-prix_corner_14,0.55,4526.712,69.292,4613.657,0.1657
2026,10,Belgian Grand Prix,FP1,BOR,11,SOFT,,belgian-grand-prix_corner_15,belgian-grand-prix_corner_15,0.55,4910.457,77.492,4964.846,1.0
2026,10,Belgian Grand Prix,FP1,BOR,11,SOFT,,belgian-grand-prix_corner_20,belgian-grand-prix_corner_20,0.55,6706.966,102.132,6706.966,1.0
2026,10,Belgian Grand Prix,FP1,BOT,12,SOFT,,belgian-grand-prix_corner_01,belgian-grand-prix_corner_01,0.55,7.828,0.122,7.828,0.0
2026,10,Belgian Grand Prix,FP1,BOT,12,SOFT,,belgian-grand-prix_corner_02,belgian-grand-prix_corner_02,0.55,386.895,7.442,512.195,1.0
2026,10,Belgian Grand Prix,FP1,BOT,12,SOFT,,belgian-grand-prix_corner_08,belgian-grand-prix_corner_08,0.55,2442.45,34.562,2571.152,1.0
2026,10,Belgian Grand Prix,FP1,BOT,12,SOFT,,belgian-grand-prix_corner_09,belgian-grand-prix_corner_09,0.55,2786.285,41.402,2786.285,0.3931
2026,10,Belgian Grand Prix,FP1,BOT,12,SOFT,,belgian-grand-prix_corner_10,belgian-grand-prix_corner_10,0.55,3143.734,49.123,3165.507,1.0
2026,10,Belgian Grand Prix,FP1,BOT,12,SOFT,,belgian-grand-prix_corner_14,belgian-grand-prix_corner_14,0.55,4532.269,70.482,4577.047,0.6392
2026,10,Belgian Grand Prix,FP1,BOT,12,SOFT,,belgian-grand-prix_corner_15,belgian-grand-prix_corner_15,0.55,4933.375,78.202,4994.653,0.992
2026,10,Belgian Grand Prix,FP1,BOT,12,SOFT,,belgian-grand-prix_corner_20,belgian-grand-prix_corner_20,0.55,6723.993,103.123,6838.503,0.8295
2026,10,Belgian Grand Prix,FP1,COL,15,SOFT,,belgian-grand-prix_corner_01,belgian-grand-prix_corner_01,0.55,0.56,0.009,0.56,0.0
2026,10,Belgian Grand Prix,FP1,COL,15,SOFT,,belgian-grand-prix_corner_02,belgian-grand-prix_corner_02,0.55,383.459,7.249,463.325,1.0
2026,10,Belgian Grand Prix,FP1,COL,15,SOFT,,belgian-grand-prix_corner_08,belgian-grand-prix_corner_08,0.55,2442.56,34.93,2539.049,1.0
2026,10,Belgian Grand Prix,FP1,COL,15,SOFT,,belgian-grand-prix_corner_09,belgian-grand-prix_corner_09,0.55,2798.169,41.69,2798.169,0.5852
2026,10,Belgian Grand Prix,FP1,COL,15,SOFT,,belgian-grand-prix_corner_10,belgian-grand-prix_corner_10,0.55,3134.851,49.129,3134.851,1.0
2026,10,Belgian Grand Prix,FP1,COL,15,SOFT,,belgian-grand-prix_corner_14,belgian-grand-prix_corner_14,0.55,4533.365,70.329,4680.343,0.0
2026,10,Belgian Grand Prix,FP1,COL,15,SOFT,,belgian-grand-prix_corner_15,belgian-grand-prix_corner_15,0.55,4902.349,77.329,4991.26,1.0
2026,10,Belgian Grand Prix,FP1,COL,15,SOFT,,belgian-grand-prix_corner_20,belgian-grand-prix_corner_20,0.55,6703.779,102.449,6811.917,1.0
2026,10,Belgian Grand Prix,FP1,CRA,16,SOFT,,belgian-grand-prix_corner_01,belgian-grand-prix_corner_01,0.55,2.831,0.049,2.831,0.0
2026,10,Belgian Grand Prix,FP1,CRA,16,SOFT,,belgian-grand-prix_corner_02,belgian-grand-prix_corner_02,0.55,380.921,7.689,437.679,1.0
2026,10,Belgian Grand Prix,FP1,CRA,16,SOFT,,belgian-grand-prix_corner_08,belgian-grand-prix_corner_08,0.55,2483.756,37.37,2501.778,1.0
2026,10,Belgian Grand Prix,FP1,CRA,16,SOFT,,belgian-grand-prix_corner_09,belgian-grand-prix_corner_09,0.55,2797.879,43.41,2797.879,0.7195
2026,10,Belgian Grand Prix,FP1,CRA,16,SOFT,,belgian-grand-prix_corner_10,belgian-grand-prix_corner_10,0.55,3133.413,51.17,3133.413,1.0
2026,10,Belgian Grand Prix,FP1,CRA,16,SOFT,,belgian-grand-prix_corner_14,belgian-grand-prix_corner_14,0.55,4531.418,73.449,4641.165,0.4102
2026,10,Belgian Grand Prix,FP1,CRA,16,SOFT,,belgian-grand-prix_corner_15,belgian-grand-prix_corner_15,0.55,4912.961,81.09,4961.45,1.0
2026,10,Belgian Grand Prix,FP1,CRA,16,SOFT,,belgian-grand-prix_corner_20,belgian-grand-prix_corner_20,0.55,6698.654,106.289,6785.255,0.9897
2026,10,Belgian Grand Prix,FP1,GAS,12,SOFT,,belgian-grand-prix_corner_01,belgian-grand-prix_corner_01,0.55,2.405,0.039,2.405,0.0
2026,10,Belgian Grand Prix,FP1,GAS,12,SOFT,,belgian-grand-prix_corner_02,belgian-grand-prix_corner_02,0.55,386.097,7.639,443.134,1.0
2026,10,Belgian Grand Prix,FP1,GAS,12,SOFT,,belgian-grand-prix_corner_08,belgian-grand-prix_corner_08,0.55,2447.33,35.12,2541.964,1.0
2026,10,Belgian Grand Prix,FP1,GAS,12,SOFT,,belgian-grand-prix_corner_09,belgian-grand-prix_corner_09,0.55,2785.396,41.56,2785.396,0.5686
2026,10,Belgian Grand Prix,FP1,GAS,12,SOFT,,belgian-grand-prix_corner_10,belgian-grand-prix_corner_10,0.55,3147.113,49.44,3147.113,1.0
2026,10,Belgian Grand Prix,FP1,GAS,12,SOFT,,belgian-grand-prix_corner_14,belgian-grand-prix_corner_14,0.55,4533.446,70.36,4674.163,0.1742
2026,10,Belgian Grand Prix,FP1,GAS,12,SOFT,,belgian-grand-prix_corner_15,belgian-grand-prix_corner_15,0.55,4922.084,77.84,4968.923,1.0
2026,10,Belgian Grand Prix,FP1,GAS,12,SOFT,,belgian-grand-prix_corner_20,belgian-grand-prix_corner_20,0.55,6749.704,104.48,6817.113,0.9242
2026,10,Belgian Grand Prix,FP1,HAD,9,SOFT,,belgian-grand-prix_corner_01,belgian-grand-prix_corner_01,0.55,12.142,0.186,12.142,0.0
2026,10,Belgian Grand Prix,FP1,HAD,9,SOFT,,belgian-grand-prix_corner_02,belgian-grand-prix_corner_02,0.55,389.176,7.266,449.35,1.0
2026,10,Belgian Grand Prix,FP1,HAD,9,SOFT,,belgian-grand-prix_corner_08,belgian-grand-prix_corner_08,0.55,2438.475,34.346,2539.418,1.0
2026,10,Belgian Grand Prix,FP1,HAD,9,SOFT,,belgian-grand-prix_corner_09,belgian-grand-prix_corner_09,0.55,2787.65,40.946,2787.65,0.6003
2026,10,Belgian Grand Prix,FP1,HAD,9,SOFT,,belgian-grand-prix_corner_10,belgian-grand-prix_corner_10,0.55,3150.638,48.625,3150.638,1.0
2026,10,Belgian Grand Prix,FP1,HAD,9,SOFT,,belgian-grand-prix_corner_14,belgian-grand-prix_corner_14,0.55,4533.142,69.065,4687.707,0.1855
2026,10,Belgian Grand Prix,FP1,HAD,9,SOFT,,belgian-grand-prix_corner_15,belgian-grand-prix_corner_15,0.55,4924.323,76.345,4987.334,1.0
2026,10,Belgian Grand Prix,FP1,HAD,9,SOFT,,belgian-grand-prix_corner_20,belgian-grand-prix_corner_20,0.55,6719.067,100.986,6820.652,1.0
2026,10,Belgian Grand Prix,FP1,HAM,13,SOFT,,belgian-grand-prix_corner_01,belgian-grand-prix_corner_01,0.55,10.706,0.164,10.706,0.0
2026,10,Belgian Grand Prix,FP1,HAM,13,SOFT,,belgian-grand-prix_corner_02,belgian-grand-prix_corner_02,0.55,383.331,7.044,452.335,1.0
2026,10,Belgian Grand Prix,FP1,HAM,13,SOFT,,belgian-grand-prix_corner_08,belgian-grand-prix_corner_08,0.55,2488.688,35.403,2533.199,1.0
2026,10,Belgian Grand Prix,FP1,HAM,13,SOFT,,belgian-grand-prix_corner_09,belgian-grand-prix_corner_09,0.55,2812.707,41.164,2812.707,0.6203
2026,10,Belgian Grand Prix,FP1,HAM,13,SOFT,,belgian-grand-prix_corner_10,belgian-grand-prix_corner_10,0.55,3134.456,48.164,3134.456,1.0
2026,10,Belgian Grand Prix,FP1,HAM,13,SOFT,,belgian-grand-prix_corner_14,belgian-grand-prix_corner_14,0.55,4532.337,68.883,4562.109,0.6287
2026,10,Belgian Grand Prix,FP1,HAM,13,SOFT,,belgian-grand-prix_corner_15,belgian-grand-prix_corner_15,0.55,4929.329,76.164,4971.018,1.0
2026,10,Belgian Grand Prix,FP1,HAM,13,SOFT,,belgian-grand-prix_corner_20,belgian-grand-prix_corner_20,0.55,6718.775,100.524,6817.23,0.9142
2026,10,Belgian Grand Prix,FP1,HUL,10,SOFT,,belgian-grand-prix_corner_01,belgian-grand-prix_corner_01,0.55,12.244,0.19,12.244,0.0
2026,10,Belgian Grand Prix,FP1,HUL,10,SOFT,,belgian-grand-prix_corner_02,belgian-grand-prix_corner_02,0.55,384.245,7.39,,0.96
2026,10,Belgian Grand Prix,FP1,HUL,10,SOFT,,belgian-grand-prix_corner_08,belgian-grand-prix_corner_08,0.55,2451.16,35.389,2536.46,1.0
2026,10,Belgian Grand Prix,FP1,HUL,10,SOFT,,belgian-grand-prix_corner_09,belgian-grand-prix_corner_09,0.55,2799.73,41.949,2799.73,0.4282
2026,10,Belgian Grand Prix,FP1,HUL,10,SOFT,,belgian-grand-prix_corner_10,belgian-grand-prix_corner_10,0.55,3147.938,49.389,3147.938,1.0
2026,10,Belgian Grand Prix,FP1,HUL,10,SOFT,,belgian-grand-prix_corner_14,belgian-grand-prix_corner_14,0.55,4532.38,69.789,4560.269,0.6242
2026,10,Belgian Grand Prix,FP1,HUL,10,SOFT,,belgian-grand-prix_corner_15,belgian-grand-prix_corner_15,0.55,4923.015,77.149,4991.524,1.0
2026,10,Belgian Grand Prix,FP1,HUL,10,SOFT,,belgian-grand-prix_corner_20,belgian-grand-prix_corner_20,0.55,6717.276,102.069,6832.033,0.8889
2026,10,Belgian Grand Prix,FP1,LAW,14,SOFT,,belgian-grand-prix_corner_01,belgian-grand-prix_corner_01,0.55,2.631,0.041,2.631,0.0
2026,10,Belgian Grand Prix,FP1,LAW,14,SOFT,,belgian-grand-prix_corner_02,belgian-grand-prix_corner_02,0.55,371.025,6.881,465.869,1.0
2026,10,Belgian Grand Prix,FP1,LAW,14,SOFT,,belgian-grand-prix_corner_08,belgian-grand-prix_corner_08,0.55,2443.349,35.082,2527.327,1.0
2026,10,Belgian Grand Prix,FP1,LAW,14,SOFT,,belgian-grand-prix_corner_09,belgian-grand-prix_corner_09,0.55,2799.637,41.762,2799.637,0.5592
2026,10,Belgian Grand Prix,FP1,LAW,14,SOFT,,belgian-grand-prix_corner_10,belgian-grand-prix_corner_10,0.55,3140.882,49.282,3140.882,1.0
2026,10,Belgian Grand Prix,FP1,LAW,14,SOFT,,belgian-grand-prix_corner_14,belgian-grand-prix_corner_14,0.55,4528.41,69.922,4671.748,0.1951
2026,10,Belgian Grand Prix,FP1,LAW,14,SOFT,,belgian-grand-prix_corner_15,belgian-grand-prix_corner_15,0.55,4919.024,77.322,4972.711,1.0
2026,10,Belgian Grand Prix,FP1,LAW,14,SOFT,,belgian-grand-prix_corner_20,belgian-grand-prix_corner_20,0.55,6702.165,101.682,6820.546,1.0
2026,10,Belgian Grand Prix,FP1,LEC,13,SOFT,,belgian-grand-prix_corner_01,belgian-grand-prix_corner_01,0.55,14.433,0.223,14.433,0.0173
2026,10,Belgian Grand Prix,FP1,LEC,13,SOFT,,belgian-grand-prix_corner_02,belgian-grand-prix_corner_02,0.55,376.656,6.863,462.609,1.0
2026,10,Belgian Grand Prix,FP1,LEC,13,SOFT,,belgian-grand-prix_corner_08,belgian-grand-prix_corner_08,0.55,2437.88,34.343,2542.344,1.0
2026,10,Belgian Grand Prix,FP1,LEC,13,SOFT,,belgian-grand-prix_corner_09,belgian-grand-prix_corner_09,0.55,2799.454,40.983,2799.454,0.4657
2026,10,Belgian Grand Prix,FP1,LEC,13,SOFT,,belgian-grand-prix_corner_10,belgian-grand-prix_corner_10,0.55,3134.242,48.183,3134.242,1.0
2026,10,Belgian Grand Prix,FP1,LEC,13,SOFT,,belgian-grand-prix_corner_14,belgian-grand-prix_corner_14,0.55,4526.117,68.903,4554.35,0.2829
2026,10,Belgian Grand Prix,FP1,LEC,13,SOFT,,belgian-grand-prix_corner_15,belgian-grand-prix_corner_15,0.55,4904.584,75.783,4974.428,1.0
2026,10,Belgian Grand Prix,FP1,LEC,13,SOFT,,belgian-grand-prix_corner_20,belgian-grand-prix_corner_20,0.55,6705.529,100.663,6806.803,0.9819
2026,10,Belgian Grand Prix,FP1,LIN,11,SOFT,,belgian-grand-prix_corner_01,belgian-grand-prix_corner_01,0.55,0.582,0.009,0.582,0.0
2026,10,Belgian Grand Prix,FP1,LIN,11,SOFT,,belgian-grand-prix_corner_02,belgian-grand-prix_corner_02,0.55,376.918,6.849,437.72,1.0
2026,10,Belgian Grand Prix,FP1,LIN,11,SOFT,,belgian-grand-prix_corner_08,belgian-grand-prix_corner_08,0.55,2456.562,35.29,2525.773,1.0
2026,10,Belgian Grand Prix,FP1,LIN,11,SOFT,,belgian-grand-prix_corner_09,belgian-grand-prix_corner_09,0.55,2797.805,41.449,2797.805,0.6631
2026,10,Belgian Grand Prix,FP1,LIN,11,SOFT,,belgian-grand-prix_corner_10,belgian-grand-prix_corner_10,0.55,3147.976,49.01,3147.976,1.0
2026,10,Belgian Grand Prix,FP1,LIN,11,SOFT,,belgian-grand-prix_corner_14,belgian-grand-prix_corner_14,0.55,4545.261,70.13,4657.839,0.0015
2026,10,Belgian Grand Prix,FP1,LIN,11,SOFT,,belgian-grand-prix_corner_15,belgian-grand-prix_corner_15,0.55,4907.49,77.01,4938.546,1.0
2026,10,Belgian Grand Prix,FP1,LIN,11,SOFT,,belgian-grand-prix_corner_20,belgian-grand-prix_corner_20,0.55,6690.398,101.41,6805.153,1.0
2026,10,Belgian Grand Prix,FP1,NOR,10,SOFT,,belgian-grand-prix_corner_01,belgian-grand-prix_corner_01,0.55,10.967,0.168,10.967,0.0
2026,10,Belgian Grand Prix,FP1,NOR,10,SOFT,,belgian-grand-prix_corner_02,belgian-grand-prix_corner_02,0.55,382.411,7.208,449.277,1.0
2026,10,Belgian Grand Prix,FP1,NOR,10,SOFT,,belgian-grand-prix_corner_08,belgian-grand-prix_corner_08,0.55,2438.95,34.448,2506.839,1.0
2026,10,Belgian Grand Prix,FP1,NOR,10,SOFT,,belgian-grand-prix_corner_09,belgian-grand-prix_corner_09,0.55,2785.101,40.928,2785.101,0.5775
2026,10,Belgian Grand Prix,FP1,NOR,10,SOFT,,belgian-grand-prix_corner_10,belgian-grand-prix_corner_10,0.55,3136.773,48.448,3136.773,1.0
2026,10,Belgian Grand Prix,FP1,NOR,10,SOFT,,belgian-grand-prix_corner_14,belgian-grand-prix_corner_14,0.55,4525.886,69.168,4543.386,0.2699
2026,10,Belgian Grand Prix,FP1,NOR,10,SOFT,,belgian-grand-prix_corner_15,belgian-grand-prix_corner_15,0.55,4935.949,76.849,4993.305,1.0
2026,10,Belgian Grand Prix,FP1,NOR,10,SOFT,,belgian-grand-prix_corner_20,belgian-grand-prix_corner_20,0.55,6708.032,101.048,6796.53,0.8462
2026,10,Belgian Grand Prix,FP1,OCO,16,SOFT,,belgian-grand-prix_corner_01,belgian-grand-prix_corner_01,0.55,25.214,0.383,25.214,0.0
2026,10,Belgian Grand Prix,FP1,OCO,16,SOFT,,belgian-grand-prix_corner_02,belgian-grand-prix_corner_02,0.55,385.353,7.223,458.419,1.0
2026,10,Belgian Grand Prix,FP1,OCO,16,SOFT,,belgian-grand-prix_corner_08,belgian-grand-prix_corner_08,0.55,2444.991,35.143,2664.171,1.0
2026,10,Belgian Grand Prix,FP1,OCO,16,SOFT,,belgian-grand-prix_corner_09,belgian-grand-prix_corner_09,0.55,2797.104,41.823,2797.104,0.6238
2026,10,Belgian Grand Prix,FP1,OCO,16,SOFT,,belgian-grand-prix_corner_10,belgian-grand-prix_corner_10,0.55,3135.024,49.422,3135.024,1.0
2026,10,Belgian Grand Prix,FP1,OCO,16,SOFT,,belgian-grand-prix_corner_14,belgian-grand-prix_corner_14,0.55,4539.144,70.862,4671.826,0.4725
2026,10,Belgian Grand Prix,FP1,OCO,16,SOFT,,belgian-grand-prix_corner_15,belgian-grand-prix_corner_15,0.55,4906.142,77.702,4989.888,1.0
2026,10,Belgian Grand Prix,FP1,OCO,16,SOFT,,belgian-grand-prix_corner_20,belgian-grand-prix_corner_20,0.55,6705.746,102.423,6816.937,0.9167
2026,10,Belgian Grand Prix,FP1,PER,12,SOFT,,belgian-grand-prix_corner_01,belgian-grand-prix_corner_01,0.55,17.718,0.268,17.718,0.0009
2026,10,Belgian Grand Prix,FP1,PER,12,SOFT,,belgian-grand-prix_corner_02,belgian-grand-prix_corner_02,0.55,381.032,7.188,445.894,1.0
2026,10,Belgian Grand Prix,FP1,PER,12,SOFT,,belgian-grand-prix_corner_08,belgian-grand-prix_corner_08,0.55,2449.385,35.188,2543.363,1.0
2026,10,Belgian Grand Prix,FP1,PER,12,SOFT,,belgian-grand-prix_corner_09,belgian-grand-prix_corner_09,0.55,2802.563,41.948,2802.563,0.6111
2026,10,Belgian Grand Prix,FP1,PER,12,SOFT,,belgian-grand-prix_corner_10,belgian-grand-prix_corner_10,0.55,3144.303,49.548,3144.303,1.0
2026,10,Belgian Grand Prix,FP1,PER,12,SOFT,,belgian-grand-prix_corner_14,belgian-grand-prix_corner_14,0.55,4528.082,70.868,4553.782,0.1708
2026,10,Belgian Grand Prix,FP1,PER,12,SOFT,,belgian-grand-prix_corner_15,belgian-grand-prix_corner_15,0.55,4927.012,78.628,4985.401,1.0
2026,10,Belgian Grand Prix,FP1,PER,12,SOFT,,belgian-grand-prix_corner_20,belgian-grand-prix_corner_20,0.55,6709.375,103.748,6833.289,1.0
2026,10,Belgian Grand Prix,FP1,PIA,13,SOFT,,belgian-grand-prix_corner_01,belgian-grand-prix_corner_01,0.55,15.932,0.242,15.932,0.0
2026,10,Belgian Grand Prix,FP1,PIA,13,SOFT,,belgian-grand-prix_corner_02,belgian-grand-prix_corner_02,0.55,383.173,7.242,445.056,0.988
2026,10,Belgian Grand Prix,FP1,PIA,13,SOFT,,belgian-grand-prix_corner_08,belgian-grand-prix_corner_08,0.55,2468.105,35.243,2544.161,0.985
2026,10,Belgian Grand Prix,FP1,PIA,13,SOFT,,belgian-grand-prix_corner_09,belgian-grand-prix_corner_09,0.55,2787.359,41.002,2787.359,0.4037
2026,10,Belgian Grand Prix,FP1,PIA,13,SOFT,,belgian-grand-prix_corner_10,belgian-grand-prix_corner_10,0.55,3147.198,48.563,3176.664,0.99
2026,10,Belgian Grand Prix,FP1,PIA,13,SOFT,,belgian-grand-prix_corner_14,belgian-grand-prix_corner_14,0.55,4528.244,68.723,4696.122,0.0583
2026,10,Belgian Grand Prix,FP1,PIA,13,SOFT,,belgian-grand-prix_corner_15,belgian-grand-prix_corner_15,0.55,4914.339,75.963,5008.039,0.99
2026,10,Belgian Grand Prix,FP1,PIA,13,SOFT,,belgian-grand-prix_corner_20,belgian-grand-prix_corner_20,0.55,6704.596,100.682,6825.453,0.9886
2026,10,Belgian Grand Prix,FP1,RUS,10,SOFT,,belgian-grand-prix_corner_01,belgian-grand-prix_corner_01,0.55,13.957,0.212,13.957,0.0
2026,10,Belgian Grand Prix,FP1,RUS,10,SOFT,,belgian-grand-prix_corner_02,belgian-grand-prix_corner_02,0.55,382.732,7.052,437.615,1.0
2026,10,Belgian Grand Prix,FP1,RUS,10,SOFT,,belgian-grand-prix_corner_08,belgian-grand-prix_corner_08,0.55,2443.465,34.332,2533.087,1.0
2026,10,Belgian Grand Prix,FP1,RUS,10,SOFT,,belgian-grand-prix_corner_09,belgian-grand-prix_corner_09,0.55,2789.199,40.812,2789.199,0.6162
2026,10,Belgian Grand Prix,FP1,RUS,10,SOFT,,belgian-grand-prix_corner_10,belgian-grand-prix_corner_10,0.55,3138.706,48.411,3138.706,1.0
2026,10,Belgian Grand Prix,FP1,RUS,10,SOFT,,belgian-grand-prix_corner_14,belgian-grand-prix_corner_14,0.55,4525.528,69.371,4662.013,0.3054
2026,10,Belgian Grand Prix,FP1,RUS,10,SOFT,,belgian-grand-prix_corner_15,belgian-grand-prix_corner_15,0.55,4906.67,76.611,4958.559,1.0
2026,10,Belgian Grand Prix,FP1,RUS,10,SOFT,,belgian-grand-prix_corner_20,belgian-grand-prix_corner_20,0.55,6702.477,101.372,6795.21,0.2708
2026,10,Belgian Grand Prix,FP1,SAI,15,SOFT,,belgian-grand-prix_corner_01,belgian-grand-prix_corner_01,0.55,7.286,0.122,7.286,0.0
2026,10,Belgian Grand Prix,FP1,SAI,15,SOFT,,belgian-grand-prix_corner_02,belgian-grand-prix_corner_02,0.55,382.28,7.642,449.689,1.0
2026,10,Belgian Grand Prix,FP1,SAI,15,SOFT,,belgian-grand-prix_corner_08,belgian-grand-prix_corner_08,0.55,2466.538,36.042,2526.487,1.0
2026,10,Belgian Grand Prix,FP1,SAI,15,SOFT,,belgian-grand-prix_corner_09,belgian-grand-prix_corner_09,0.55,2819.969,42.682,2819.969,0.5586
2026,10,Belgian Grand Prix,FP1,SAI,15,SOFT,,belgian-grand-prix_corner_10,belgian-grand-prix_corner_10,0.55,3136.193,49.921,3136.193,1.0
2026,10,Belgian Grand Prix,FP1,SAI,15,SOFT,,belgian-grand-prix_corner_14,belgian-grand-prix_corner_14,0.55,4526.67,71.202,4708.026,0.0335
2026,10,Belgian Grand Prix,FP1,SAI,15,SOFT,,belgian-grand-prix_corner_15,belgian-grand-prix_corner_15,0.55,4914.405,78.762,4970.616,1.0
2026,10,Belgian Grand Prix,FP1,SAI,15,SOFT,,belgian-grand-prix_corner_20,belgian-grand-prix_corner_20,0.55,6686.062,104.162,6793.996,1.0
2026,10,Belgian Grand Prix,FP1,STR,12,SOFT,,belgian-grand-prix_corner_01,belgian-grand-prix_corner_01,0.55,9.571,0.161,9.571,0.0
2026,10,Belgian Grand Prix,FP1,STR,12,SOFT,,belgian-grand-prix_corner_02,belgian-grand-prix_corner_02,0.55,381.997,7.642,431.83,1.0
2026,10,Belgian Grand Prix,FP1,STR,12,SOFT,,belgian-grand-prix_corner_08,belgian-grand-prix_corner_08,0.55,2441.435,36.482,2514.371,1.0
2026,10,Belgian Grand Prix,FP1,STR,12,SOFT,,belgian-grand-prix_corner_09,belgian-grand-prix_corner_09,0.55,2787.51,43.282,2787.51,0.6081
2026,10,Belgian Grand Prix,FP1,STR,12,SOFT,,belgian-grand-prix_corner_10,belgian-grand-prix_corner_10,0.55,3139.39,51.201,3139.39,1.0
2026,10,Belgian Grand Prix,FP1,STR,12,SOFT,,belgian-grand-prix_corner_14,belgian-grand-prix_corner_14,0.55,4530.013,73.202,4547.013,0.0
2026,10,Belgian Grand Prix,FP1,STR,12,SOFT,,belgian-grand-prix_corner_15,belgian-grand-prix_corner_15,0.55,4922.751,80.962,4959.228,1.0
2026,10,Belgian Grand Prix,FP1,STR,12,SOFT,,belgian-grand-prix_corner_20,belgian-grand-prix_corner_20,0.55,6702.194,106.282,6793.072,1.0
2026,10,Belgian Grand Prix,FP1,VER,9,SOFT,,belgian-grand-prix_corner_01,belgian-grand-prix_corner_01,0.55,26.711,0.399,26.711,0.0
2026,10,Belgian Grand Prix,FP1,VER,9,SOFT,,belgian-grand-prix_corner_02,belgian-grand-prix_corner_02,0.55,394.722,7.519,446.862,1.0
2026,10,Belgian Grand Prix,FP1,VER,9,SOFT,,belgian-grand-prix_corner_08,belgian-grand-prix_corner_08,0.55,2441.67,34.519,2532.779,1.0
2026,10,Belgian Grand Prix,FP1,VER,9,SOFT,,belgian-grand-prix_corner_09,belgian-grand-prix_corner_09,0.55,2802.557,41.159,2802.557,0.3752
2026,10,Belgian Grand Prix,FP1,VER,9,SOFT,,belgian-grand-prix_corner_10,belgian-grand-prix_corner_10,0.55,3137.782,48.238,3137.782,1.0
2026,10,Belgian Grand Prix,FP1,VER,9,SOFT,,belgian-grand-prix_corner_14,belgian-grand-prix_corner_14,0.55,4534.402,68.958,4564.679,0.2376
2026,10,Belgian Grand Prix,FP1,VER,9,SOFT,,belgian-grand-prix_corner_15,belgian-grand-prix_corner_15,0.55,4925.673,76.158,,0.96
2026,10,Belgian Grand Prix,FP1,VER,9,SOFT,,belgian-grand-prix_corner_20,belgian-grand-prix_corner_20,0.55,6720.99,100.839,6815.94,0.991
2026,10,Belgian Grand Prix,FP2,ALB,7,SOFT,,belgian-grand-prix_corner_02,belgian-grand-prix_corner_02,0.55,394.268,7.479,456.868,1.0
2026,10,Belgian Grand Prix,FP2,ALB,7,SOFT,,belgian-grand-prix_corner_08,belgian-grand-prix_corner_08,0.55,2451.85,34.558,2546.139,0.986
2026,10,Belgian Grand Prix,FP2,ALB,7,SOFT,,belgian-grand-prix_corner_09,belgian-grand-prix_corner_09,0.55,2804.816,41.159,2804.816,0.5935
2026,10,Belgian Grand Prix,FP2,ALB,7,SOFT,,belgian-grand-prix_corner_10,belgian-grand-prix_corner_10,0.55,3153.109,48.758,3153.109,1.0
2026,10,Belgian Grand Prix,FP2,ALB,7,SOFT,,belgian-grand-prix_corner_13,belgian-grand-prix_corner_13,0.55,4203.125,64.158,4203.125,0.2542
2026,10,Belgian Grand Prix,FP2,ALB,7,SOFT,,belgian-grand-prix_corner_14,belgian-grand-prix_corner_14,0.55,4549.996,69.838,4683.724,0.0
2026,10,Belgian Grand Prix,FP2,ALB,7,SOFT,,belgian-grand-prix_corner_15,belgian-grand-prix_corner_15,0.55,4911.604,76.718,4960.128,1.0
2026,10,Belgian Grand Prix,FP2,ALB,7,SOFT,,belgian-grand-prix_corner_20,belgian-grand-prix_corner_20,0.55,6715.723,101.399,6827.532,1.0
2026,10,Belgian Grand Prix,FP2,ALO,12,SOFT,,belgian-grand-prix_corner_02,belgian-grand-prix_corner_02,0.55,369.45,7.142,429.646,1.0
2026,10,Belgian Grand Prix,FP2,ALO,12,SOFT,,belgian-grand-prix_corner_08,belgian-grand-prix_corner_08,0.55,2461.798,36.661,2498.152,1.0
2026,10,Belgian Grand Prix,FP2,ALO,12,SOFT,,belgian-grand-prix_corner_09,belgian-grand-prix_corner_09,0.55,2808.581,43.181,2808.581,0.7304
2026,10,Belgian Grand Prix,FP2,ALO,12,SOFT,,belgian-grand-prix_corner_10,belgian-grand-prix_corner_10,0.55,3144.763,50.902,3144.763,1.0
2026,10,Belgian Grand Prix,FP2,ALO,12,SOFT,,belgian-grand-prix_corner_13,belgian-grand-prix_corner_13,0.55,4200.434,66.782,4200.434,0.4767
2026,10,Belgian Grand Prix,FP2,ALO,12,SOFT,,belgian-grand-prix_corner_14,belgian-grand-prix_corner_14,0.55,4546.361,72.822,4637.45,0.0766
2026,10,Belgian Grand Prix,FP2,ALO,12,SOFT,,belgian-grand-prix_corner_15,belgian-grand-prix_corner_15,0.55,4902.252,79.662,4928.852,1.0
2026,10,Belgian Grand Prix,FP2,ALO,12,SOFT,,belgian-grand-prix_corner_20,belgian-grand-prix_corner_20,0.55,6674.139,104.542,6777.161,1.0
2026,10,Belgian Grand Prix,FP2,ANT,7,SOFT,,belgian-grand-prix_corner_02,belgian-grand-prix_corner_02,0.55,382.859,7.022,441.681,1.0
2026,10,Belgian Grand Prix,FP2,ANT,7,SOFT,,belgian-grand-prix_corner_08,belgian-grand-prix_corner_08,0.55,2489.9,35.062,2511.045,1.0
2026,10,Belgian Grand Prix,FP2,ANT,7,SOFT,,belgian-grand-prix_corner_09,belgian-grand-prix_corner_09,0.55,2808.22,40.582,2808.22,0.7208
2026,10,Belgian Grand Prix,FP2,ANT,7,SOFT,,belgian-grand-prix_corner_10,belgian-grand-prix_corner_10,0.55,3154.799,48.022,3154.799,1.0
2026,10,Belgian Grand Prix,FP2,ANT,7,SOFT,,belgian-grand-prix_corner_13,belgian-grand-prix_corner_13,0.55,4198.084,62.703,4198.084,0.3315
2026,10,Belgian Grand Prix,FP2,ANT,7,SOFT,,belgian-grand-prix_corner_14,belgian-grand-prix_corner_14,0.55,4554.535,68.462,4554.535,0.0
2026,10,Belgian Grand Prix,FP2,ANT,7,SOFT,,belgian-grand-prix_corner_15,belgian-grand-prix_corner_15,0.55,4919.44,75.062,4987.331,1.0
2026,10,Belgian Grand Prix,FP2,ANT,7,SOFT,,belgian-grand-prix_corner_20,belgian-grand-prix_corner_20,0.55,6712.703,99.623,6821.892,0.8571
2026,10,Belgian Grand Prix,FP2,BEA,7,SOFT,,belgian-grand-prix_corner_02,belgian-grand-prix_corner_02,0.55,374.991,7.035,452.402,1.0
2026,10,Belgian Grand Prix,FP2,BEA,7,SOFT,,belgian-grand-prix_corner_08,belgian-grand-prix_corner_08,0.55,2451.154,34.795,2541.466,1.0
2026,10,Belgian Grand Prix,FP2,BEA,7,SOFT,,belgian-grand-prix_corner_09,belgian-grand-prix_corner_09,0.55,2796.279,41.115,2796.279,0.6515
2026,10,Belgian Grand Prix,FP2,BEA,7,SOFT,,belgian-grand-prix_corner_10,belgian-grand-prix_corner_10,0.55,3154.961,48.875,3154.961,1.0
2026,10,Belgian Grand Prix,FP2,BEA,7,SOFT,,belgian-grand-prix_corner_13,belgian-grand-prix_corner_13,0.55,4208.43,64.276,4208.43,0.4633
2026,10,Belgian Grand Prix,FP2,BEA,7,SOFT,,belgian-grand-prix_corner_14,belgian-grand-prix_corner_14,0.55,4579.325,70.555,4641.243,0.1423
2026,10,Belgian Grand Prix,FP2,BEA,7,SOFT,,belgian-grand-prix_corner_15,belgian-grand-prix_corner_15,0.55,4894.653,76.515,4963.468,1.0
2026,10,Belgian Grand Prix,FP2,BEA,7,SOFT,,belgian-grand-prix_corner_20,belgian-grand-prix_corner_20,0.55,6686.463,100.836,6804.077,1.0
2026,10,Belgian Grand Prix,FP2,BOR,11,SOFT,,belgian-grand-prix_corner_02,belgian-grand-prix_corner_02,0.55,391.571,7.445,480.205,1.0
2026,10,Belgian Grand Prix,FP2,BOR,11,SOFT,,belgian-grand-prix_corner_08,belgian-grand-prix_corner_08,0.55,2448.114,34.845,2535.281,1.0
2026,10,Belgian Grand Prix,FP2,BOR,11,SOFT,,belgian-grand-prix_corner_09,belgian-grand-prix_corner_09,0.55,2801.828,41.485,2801.828,0.595
2026,10,Belgian Grand Prix,FP2,BOR,11,SOFT,,belgian-grand-prix_corner_10,belgian-grand-prix_corner_10,0.55,3150.183,48.885,3150.183,1.0
2026,10,Belgian Grand Prix,FP2,BOR,11,SOFT,,belgian-grand-prix_corner_13,belgian-grand-prix_corner_13,0.55,4201.527,64.006,4201.527,0.192
2026,10,Belgian Grand Prix,FP2,BOR,11,SOFT,,belgian-grand-prix_corner_14,belgian-grand-prix_corner_14,0.55,4551.865,69.646,4563.465,0.3215
2026,10,Belgian Grand Prix,FP2,BOR,11,SOFT,,belgian-grand-prix_corner_15,belgian-grand-prix_corner_15,0.55,4897.313,76.046,4987.658,1.0
2026,10,Belgian Grand Prix,FP2,BOR,11,SOFT,,belgian-grand-prix_corner_20,belgian-grand-prix_corner_20,0.55,6714.209,101.365,6816.067,1.0
2026,10,Belgian Grand Prix,FP2,BOT,8,SOFT,,belgian-grand-prix_corner_02,belgian-grand-prix_corner_02,0.55,378.943,7.203,444.387,1.0
2026,10,Belgian Grand Prix,FP2,BOT,8,SOFT,,belgian-grand-prix_corner_08,belgian-grand-prix_corner_08,0.55,2468.63,35.524,2541.421,1.0
2026,10,Belgian Grand Prix,FP2,BOT,8,SOFT,,belgian-grand-prix_corner_09,belgian-grand-prix_corner_09,0.55,2801.498,41.643,2801.498,0.6079
2026,10,Belgian Grand Prix,FP2,BOT,8,SOFT,,belgian-grand-prix_corner_10,belgian-grand-prix_corner_10,0.55,3149.356,49.244,3149.356,1.0
2026,10,Belgian Grand Prix,FP2,BOT,8,SOFT,,belgian-grand-prix_corner_13,belgian-grand-prix_corner_13,0.55,4199.933,64.683,4199.933,0.3889
2026,10,Belgian Grand Prix,FP2,BOT,8,SOFT,,belgian-grand-prix_corner_14,belgian-grand-prix_corner_14,0.55,4545.548,70.483,4545.548,0.1698
2026,10,Belgian Grand Prix,FP2,BOT,8,SOFT,,belgian-grand-prix_corner_15,belgian-grand-prix_corner_15,0.55,4912.027,77.323,4984.361,1.0
2026,10,Belgian Grand Prix,FP2,BOT,8,SOFT,,belgian-grand-prix_corner_20,belgian-grand-prix_corner_20,0.55,6704.105,102.364,6820.282,1.0
2026,10,Belgian Grand Prix,FP2,COL,10,SOFT,,belgian-grand-prix_corner_02,belgian-grand-prix_corner_02,0.55,381.534,6.907,456.61,1.0
2026,10,Belgian Grand Prix,FP2,COL,10,SOFT,,belgian-grand-prix_corner_08,belgian-grand-prix_corner_08,0.55,2455.675,34.467,2543.12,1.0
2026,10,Belgian Grand Prix,FP2,COL,10,SOFT,,belgian-grand-prix_corner_09,belgian-grand-prix_corner_09,0.55,2809.365,40.947,2809.365,0.6604
2026,10,Belgian Grand Prix,FP2,COL,10,SOFT,,belgian-grand-prix_corner_10,belgian-grand-prix_corner_10,0.55,3150.066,48.388,3150.066,1.0
2026,10,Belgian Grand Prix,FP2,COL,10,SOFT,,belgian-grand-prix_corner_13,belgian-grand-prix_corner_13,0.55,4207.018,63.908,4207.018,0.4053
2026,10,Belgian Grand Prix,FP2,COL,10,SOFT,,belgian-grand-prix_corner_14,belgian-grand-prix_corner_14,0.55,4546.18,69.468,4665.194,0.0075
2026,10,Belgian Grand Prix,FP2,COL,10,SOFT,,belgian-grand-prix_corner_15,belgian-grand-prix_corner_15,0.55,4903.509,76.028,4969.687,1.0
2026,10,Belgian Grand Prix,FP2,COL,10,SOFT,,belgian-grand-prix_corner_20,belgian-grand-prix_corner_20,0.55,6709.131,100.667,6854.45,1.0
2026,10,Belgian Grand Prix,FP2,GAS,7,MEDIUM,,belgian-grand-prix_corner_02,belgian-grand-prix_corner_02,0.55,386.196,7.004,465.663,1.0
2026,10,Belgian Grand Prix,FP2,GAS,7,MEDIUM,,belgian-grand-prix_corner_08,belgian-grand-prix_corner_08,0.55,2462.931,35.164,2546.365,1.0
2026,10,Belgian Grand Prix,FP2,GAS,7,MEDIUM,,belgian-grand-prix_corner_09,belgian-grand-prix_corner_09,0.55,2808.716,41.684,2808.716,0.4832
2026,10,Belgian Grand Prix,FP2,GAS,7,MEDIUM,,belgian-grand-prix_corner_10,belgian-grand-prix_corner_10,0.55,3176.112,49.724,3176.112,1.0
2026,10,Belgian Grand Prix,FP2,GAS,7,MEDIUM,,belgian-grand-prix_corner_13,belgian-grand-prix_corner_13,0.55,4197.901,64.765,4197.901,0.2746
2026,10,Belgian Grand Prix,FP2,GAS,7,MEDIUM,,belgian-grand-prix_corner_14,belgian-grand-prix_corner_14,0.55,4547.283,70.564,4564.783,0.003
2026,10,Belgian Grand Prix,FP2,GAS,7,MEDIUM,,belgian-grand-prix_corner_15,belgian-grand-prix_corner_15,0.55,4926.077,77.765,4961.4,0.98
2026,10,Belgian Grand Prix,FP2,GAS,7,MEDIUM,,belgian-grand-prix_corner_20,belgian-grand-prix_corner_20,0.55,6719.854,102.444,6843.552,1.0
2026,10,Belgian Grand Prix,FP2,HAD,7,SOFT,,belgian-grand-prix_corner_02,belgian-grand-prix_corner_02,0.55,394.98,7.302,456.913,1.0
2026,10,Belgian Grand Prix,FP2,HAD,7,SOFT,,belgian-grand-prix_corner_08,belgian-grand-prix_corner_08,0.55,2483.226,35.102,2581.359,1.0
2026,10,Belgian Grand Prix,FP2,HAD,7,SOFT,,belgian-grand-prix_corner_09,belgian-grand-prix_corner_09,0.55,2801.596,40.782,2801.596,0.6021
2026,10,Belgian Grand Prix,FP2,HAD,7,SOFT,,belgian-grand-prix_corner_10,belgian-grand-prix_corner_10,0.55,3145.535,48.102,3145.535,1.0
2026,10,Belgian Grand Prix,FP2,HAD,7,SOFT,,belgian-grand-prix_corner_13,belgian-grand-prix_corner_13,0.55,4213.873,63.502,4213.873,0.1006
2026,10,Belgian Grand Prix,FP2,HAD,7,SOFT,,belgian-grand-prix_corner_14,belgian-grand-prix_corner_14,0.55,4543.361,68.622,4558.828,0.1542
2026,10,Belgian Grand Prix,FP2,HAD,7,SOFT,,belgian-grand-prix_corner_15,belgian-grand-prix_corner_15,0.55,4921.11,75.542,4963.71,1.0
2026,10,Belgian Grand Prix,FP2,HAD,7,SOFT,,belgian-grand-prix_corner_20,belgian-grand-prix_corner_20,0.55,6719.682,100.303,6819.821,1.0
2026,10,Belgian Grand Prix,FP2,HAM,7,SOFT,,belgian-grand-prix_corner_02,belgian-grand-prix_corner_02,0.55,381.672,7.024,448.139,1.0
2026,10,Belgian Grand Prix,FP2,HAM,7,SOFT,,belgian-grand-prix_corner_08,belgian-grand-prix_corner_08,0.55,2471.934,34.784,2522.268,0.996
2026,10,Belgian Grand Prix,FP2,HAM,7,SOFT,,belgian-grand-prix_corner_09,belgian-grand-prix_corner_09,0.55,2803.354,40.744,2803.354,0.7154
2026,10,Belgian Grand Prix,FP2,HAM,7,SOFT,,belgian-grand-prix_corner_10,belgian-grand-prix_corner_10,0.55,3147.96,48.144,3147.96,1.0
2026,10,Belgian Grand Prix,FP2,HAM,7,SOFT,,belgian-grand-prix_corner_13,belgian-grand-prix_corner_13,0.55,4209.951,63.344,4209.951,0.2536
2026,10,Belgian Grand Prix,FP2,HAM,7,SOFT,,belgian-grand-prix_corner_14,belgian-grand-prix_corner_14,0.55,4546.411,68.824,4556.744,1.0
2026,10,Belgian Grand Prix,FP2,HAM,7,SOFT,,belgian-grand-prix_corner_15,belgian-grand-prix_corner_15,0.55,4892.537,74.864,4892.537,1.0
2026,10,Belgian Grand Prix,FP2,HAM,7,SOFT,,belgian-grand-prix_corner_20,belgian-grand-prix_corner_20,0.55,6747.254,99.984,6856.954,0.8039
2026,10,Belgian Grand Prix,FP2,HUL,10,SOFT,,belgian-grand-prix_corner_02,belgian-grand-prix_corner_02,0.55,377.67,7.212,478.064,1.0
2026,10,Belgian Grand Prix,FP2,HUL,10,SOFT,,belgian-grand-prix_corner_08,belgian-grand-prix_corner_08,0.55,2483.261,35.812,2538.041,1.0
2026,10,Belgian Grand Prix,FP2,HUL,10,SOFT,,belgian-grand-prix_corner_09,belgian-grand-prix_corner_09,0.55,2814.808,41.772,2814.808,0.5652
2026,10,Belgian Grand Prix,FP2,HUL,10,SOFT,,belgian-grand-prix_corner_10,belgian-grand-prix_corner_10,0.55,3154.208,49.132,3154.208,1.0
2026,10,Belgian Grand Prix,FP2,HUL,10,SOFT,,belgian-grand-prix_corner_13,belgian-grand-prix_corner_13,0.55,4206.819,64.452,4206.819,0.3846
2026,10,Belgian Grand Prix,FP2,HUL,10,SOFT,,belgian-grand-prix_corner_14,belgian-grand-prix_corner_14,0.55,4554.839,70.132,4554.839,0.1995
2026,10,Belgian Grand Prix,FP2,HUL,10,SOFT,,belgian-grand-prix_corner_15,belgian-grand-prix_corner_15,0.55,4919.009,76.972,4973.343,1.0
2026,10,Belgian Grand Prix,FP2,HUL,10,SOFT,,belgian-grand-prix_corner_20,belgian-grand-prix_corner_20,0.55,6707.54,101.252,6824.021,1.0
2026,10,Belgian Grand Prix,FP2,LAW,9,SOFT,,belgian-grand-prix_corner_02,belgian-grand-prix_corner_02,0.55,376.99,6.98,446.952,1.0
2026,10,Belgian Grand Prix,FP2,LAW,9,SOFT,,belgian-grand-prix_corner_08,belgian-grand-prix_corner_08,0.55,2460.703,34.979,2523.758,1.0
2026,10,Belgian Grand Prix,FP2,LAW,9,SOFT,,belgian-grand-prix_corner_09,belgian-grand-prix_corner_09,0.55,2798.284,41.1,2798.284,0.6173
2026,10,Belgian Grand Prix,FP2,LAW,9,SOFT,,belgian-grand-prix_corner_10,belgian-grand-prix_corner_10,0.55,3145.679,48.579,3145.679,1.0
2026,10,Belgian Grand Prix,FP2,LAW,9,SOFT,,belgian-grand-prix_corner_13,belgian-grand-prix_corner_13,0.55,4211.521,63.859,4211.521,0.3853
2026,10,Belgian Grand Prix,FP2,LAW,9,SOFT,,belgian-grand-prix_corner_14,belgian-grand-prix_corner_14,0.55,4550.124,69.419,4677.501,0.0
2026,10,Belgian Grand Prix,FP2,LAW,9,SOFT,,belgian-grand-prix_corner_15,belgian-grand-prix_corner_15,0.55,4922.622,76.379,4956.311,1.0
2026,10,Belgian Grand Prix,FP2,LAW,9,SOFT,,belgian-grand-prix_corner_20,belgian-grand-prix_corner_20,0.55,6698.565,100.18,6809.288,1.0
2026,10,Belgian Grand Prix,FP2,LEC,10,SOFT,,belgian-grand-prix_corner_02,belgian-grand-prix_corner_02,0.55,365.974,57.896,365.974,0.9288
2026,10,Belgian Grand Prix,FP2,LEC,10,SOFT,,belgian-grand-prix_corner_08,belgian-grand-prix_corner_08,0.55,2462.655,88.456,2462.655,0.8987
2026,10,Belgian Grand Prix,FP2,LEC,10,SOFT,,belgian-grand-prix_corner_09,belgian-grand-prix_corner_09,0.55,2813.933,92.696,2813.933,1.0
2026,10,Belgian Grand Prix,FP2,LEC,10,SOFT,,belgian-grand-prix_corner_10,belgian-grand-prix_corner_10,0.55,3170.199,97.216,3170.199,0.6099
2026,10,Belgian Grand Prix,FP2,LIN,12,SOFT,,belgian-grand-prix_corner_02,belgian-grand-prix_corner_02,0.55,375.728,6.899,446.179,1.0
2026,10,Belgian Grand Prix,FP2,LIN,12,SOFT,,belgian-grand-prix_corner_08,belgian-grand-prix_corner_08,0.55,2456.79,34.779,2540.856,1.0
2026,10,Belgian Grand Prix,FP2,LIN,12,SOFT,,belgian-grand-prix_corner_09,belgian-grand-prix_corner_09,0.55,2804.149,40.979,2804.149,0.6281
2026,10,Belgian Grand Prix,FP2,LIN,12,SOFT,,belgian-grand-prix_corner_10,belgian-grand-prix_corner_10,0.55,3145.588,48.378,3145.588,1.0
2026,10,Belgian Grand Prix,FP2,LIN,12,SOFT,,belgian-grand-prix_corner_13,belgian-grand-prix_corner_13,0.55,4210.992,63.738,4210.992,0.3543
2026,10,Belgian Grand Prix,FP2,LIN,12,SOFT,,belgian-grand-prix_corner_14,belgian-grand-prix_corner_14,0.55,4549.388,69.378,4549.388,0.1489
2026,10,Belgian Grand Prix,FP2,LIN,12,SOFT,,belgian-grand-prix_corner_15,belgian-grand-prix_corner_15,0.55,4898.928,75.818,4964.973,1.0
2026,10,Belgian Grand Prix,FP2,LIN,12,SOFT,,belgian-grand-prix_corner_20,belgian-grand-prix_corner_20,0.55,6705.564,100.659,6805.125,1.0
2026,10,Belgian Grand Prix,FP2,NOR,9,SOFT,,belgian-grand-prix_corner_02,belgian-grand-prix_corner_02,0.55,385.39,7.091,444.761,1.0
2026,10,Belgian Grand Prix,FP2,NOR,9,SOFT,,belgian-grand-prix_corner_08,belgian-grand-prix_corner_08,0.55,2477.203,34.932,2525.225,1.0
2026,10,Belgian Grand Prix,FP2,NOR,9,SOFT,,belgian-grand-prix_corner_09,belgian-grand-prix_corner_09,0.55,2796.593,40.611,2796.593,0.681
2026,10,Belgian Grand Prix,FP2,NOR,9,SOFT,,belgian-grand-prix_corner_10,belgian-grand-prix_corner_10,0.55,3154.509,48.172,3154.509,1.0
2026,10,Belgian Grand Prix,FP2,NOR,9,SOFT,,belgian-grand-prix_corner_13,belgian-grand-prix_corner_13,0.55,4208.106,63.012,4208.106,0.4738
2026,10,Belgian Grand Prix,FP2,NOR,9,SOFT,,belgian-grand-prix_corner_14,belgian-grand-prix_corner_14,0.55,4546.789,68.452,4546.789,0.0443
2026,10,Belgian Grand Prix,FP2,NOR,9,SOFT,,belgian-grand-prix_corner_15,belgian-grand-prix_corner_15,0.55,4909.691,74.932,4975.08,1.0
2026,10,Belgian Grand Prix,FP2,NOR,9,SOFT,,belgian-grand-prix_corner_20,belgian-grand-prix_corner_20,0.55,6709.573,99.851,6820.262,1.0
2026,10,Belgian Grand Prix,FP2,OCO,10,SOFT,,belgian-grand-prix_corner_02,belgian-grand-prix_corner_02,0.55,372.952,6.94,441.563,1.0
2026,10,Belgian Grand Prix,FP2,OCO,10,SOFT,,belgian-grand-prix_corner_08,belgian-grand-prix_corner_08,0.55,2454.875,34.86,2532.355,1.0
2026,10,Belgian Grand Prix,FP2,OCO,10,SOFT,,belgian-grand-prix_corner_09,belgian-grand-prix_corner_09,0.55,2802.455,41.26,2802.455,0.7065
2026,10,Belgian Grand Prix,FP2,OCO,10,SOFT,,belgian-grand-prix_corner_10,belgian-grand-prix_corner_10,0.55,3153.488,48.78,3153.488,1.0
2026,10,Belgian Grand Prix,FP2,OCO,10,SOFT,,belgian-grand-prix_corner_13,belgian-grand-prix_corner_13,0.55,4196.87,63.981,4196.87,0.4206
2026,10,Belgian Grand Prix,FP2,OCO,10,SOFT,,belgian-grand-prix_corner_14,belgian-grand-prix_corner_14,0.55,4551.063,69.741,4645.319,0.0158
2026,10,Belgian Grand Prix,FP2,OCO,10,SOFT,,belgian-grand-prix_corner_15,belgian-grand-prix_corner_15,0.55,4897.402,76.301,4976.991,1.0
2026,10,Belgian Grand Prix,FP2,OCO,10,SOFT,,belgian-grand-prix_corner_20,belgian-grand-prix_corner_20,0.55,6702.057,101.18,6824.281,1.0
2026,10,Belgian Grand Prix,FP2,PER,7,SOFT,,belgian-grand-prix_corner_02,belgian-grand-prix_corner_02,0.55,384.075,7.201,437.431,1.0
2026,10,Belgian Grand Prix,FP2,PER,7,SOFT,,belgian-grand-prix_corner_08,belgian-grand-prix_corner_08,0.55,2464.269,35.361,2519.069,1.0
2026,10,Belgian Grand Prix,FP2,PER,7,SOFT,,belgian-grand-prix_corner_09,belgian-grand-prix_corner_09,0.55,2796.848,41.521,2796.848,0.712
2026,10,Belgian Grand Prix,FP2,PER,7,SOFT,,belgian-grand-prix_corner_10,belgian-grand-prix_corner_10,0.55,3157.57,49.281,3157.57,1.0
2026,10,Belgian Grand Prix,FP2,PER,7,SOFT,,belgian-grand-prix_corner_13,belgian-grand-prix_corner_13,0.55,4204.194,64.601,4204.194,0.3685
2026,10,Belgian Grand Prix,FP2,PER,7,SOFT,,belgian-grand-prix_corner_14,belgian-grand-prix_corner_14,0.55,4558.892,70.722,4650.61,0.0153
2026,10,Belgian Grand Prix,FP2,PER,7,SOFT,,belgian-grand-prix_corner_15,belgian-grand-prix_corner_15,0.55,4922.642,77.602,4967.441,1.0
2026,10,Belgian Grand Prix,FP2,PER,7,SOFT,,belgian-grand-prix_corner_20,belgian-grand-prix_corner_20,0.55,6703.127,102.882,6814.904,1.0
2026,10,Belgian Grand Prix,FP2,PIA,5,SOFT,,belgian-grand-prix_corner_02,belgian-grand-prix_corner_02,0.55,386.938,7.216,447.34,0.99
2026,10,Belgian Grand Prix,FP2,PIA,5,SOFT,,belgian-grand-prix_corner_08,belgian-grand-prix_corner_08,0.55,2483.238,35.217,2536.649,0.99
2026,10,Belgian Grand Prix,FP2,PIA,5,SOFT,,belgian-grand-prix_corner_09,belgian-grand-prix_corner_09,0.55,2801.931,40.896,2801.931,0.6909
2026,10,Belgian Grand Prix,FP2,PIA,5,SOFT,,belgian-grand-prix_corner_10,belgian-grand-prix_corner_10,0.55,3150.746,48.377,3150.746,0.99
2026,10,Belgian Grand Prix,FP2,PIA,5,SOFT,,belgian-grand-prix_corner_13,belgian-grand-prix_corner_13,0.55,4193.326,63.537,4193.326,0.2492
2026,10,Belgian Grand Prix,FP2,PIA,5,SOFT,,belgian-grand-prix_corner_14,belgian-grand-prix_corner_14,0.55,4556.013,69.417,4699.246,0.0
2026,10,Belgian Grand Prix,FP2,PIA,5,SOFT,,belgian-grand-prix_corner_15,belgian-grand-prix_corner_15,0.55,4911.455,75.857,5011.699,0.99
2026,10,Belgian Grand Prix,FP2,PIA,5,SOFT,,belgian-grand-prix_corner_20,belgian-grand-prix_corner_20,0.55,6714.598,100.778,6822.23,0.99
2026,10,Belgian Grand Prix,FP2,RUS,10,SOFT,,belgian-grand-prix_corner_02,belgian-grand-prix_corner_02,0.55,393.063,7.151,468.085,1.0
2026,10,Belgian Grand Prix,FP2,RUS,10,SOFT,,belgian-grand-prix_corner_08,belgian-grand-prix_corner_08,0.55,2446.73,34.311,2532.008,1.0
2026,10,Belgian Grand Prix,FP2,RUS,10,SOFT,,belgian-grand-prix_corner_09,belgian-grand-prix_corner_09,0.55,2819.646,41.071,2819.646,0.6098
2026,10,Belgian Grand Prix,FP2,RUS,10,SOFT,,belgian-grand-prix_corner_10,belgian-grand-prix_corner_10,0.55,3151.446,48.271,3151.446,1.0
2026,10,Belgian Grand Prix,FP2,RUS,10,SOFT,,belgian-grand-prix_corner_13,belgian-grand-prix_corner_13,0.55,4205.119,63.271,4205.119,0.3311
2026,10,Belgian Grand Prix,FP2,RUS,10,SOFT,,belgian-grand-prix_corner_14,belgian-grand-prix_corner_14,0.55,4555.563,69.071,4574.263,0.2958
2026,10,Belgian Grand Prix,FP2,RUS,10,SOFT,,belgian-grand-prix_corner_15,belgian-grand-prix_corner_15,0.55,4913.043,75.551,4987.276,1.0
2026,10,Belgian Grand Prix,FP2,RUS,10,SOFT,,belgian-grand-prix_corner_20,belgian-grand-prix_corner_20,0.55,6721.046,100.671,6832.142,0.0
2026,10,Belgian Grand Prix,FP2,SAI,10,SOFT,,belgian-grand-prix_corner_02,belgian-grand-prix_corner_02,0.55,380.406,7.108,448.964,1.0
2026,10,Belgian Grand Prix,FP2,SAI,10,SOFT,,belgian-grand-prix_corner_08,belgian-grand-prix_corner_08,0.55,2448.676,34.708,2537.809,1.0
2026,10,Belgian Grand Prix,FP2,SAI,10,SOFT,,belgian-grand-prix_corner_09,belgian-grand-prix_corner_09,0.55,2800.749,41.228,2800.749,0.5205
2026,10,Belgian Grand Prix,FP2,SAI,10,SOFT,,belgian-grand-prix_corner_10,belgian-grand-prix_corner_10,0.55,3148.496,48.869,3148.496,1.0
2026,10,Belgian Grand Prix,FP2,STR,12,SOFT,,belgian-grand-prix_corner_02,belgian-grand-prix_corner_02,0.55,382.684,7.395,442.426,1.0
2026,10,Belgian Grand Prix,FP2,STR,12,SOFT,,belgian-grand-prix_corner_08,belgian-grand-prix_corner_08,0.55,2446.415,35.755,2513.693,1.0
2026,10,Belgian Grand Prix,FP2,STR,12,SOFT,,belgian-grand-prix_corner_09,belgian-grand-prix_corner_09,0.55,2804.454,42.635,2804.454,0.7082
2026,10,Belgian Grand Prix,FP2,STR,12,SOFT,,belgian-grand-prix_corner_10,belgian-grand-prix_corner_10,0.55,3162.559,50.715,3162.559,1.0
2026,10,Belgian Grand Prix,FP2,STR,12,SOFT,,belgian-grand-prix_corner_13,belgian-grand-prix_corner_13,0.55,4197.775,66.315,4197.775,0.5328
2026,10,Belgian Grand Prix,FP2,STR,12,SOFT,,belgian-grand-prix_corner_14,belgian-grand-prix_corner_14,0.55,4554.321,72.515,4554.321,0.2038
2026,10,Belgian Grand Prix,FP2,STR,12,SOFT,,belgian-grand-prix_corner_15,belgian-grand-prix_corner_15,0.55,4902.072,79.235,4969.009,1.0
2026,10,Belgian Grand Prix,FP2,STR,12,SOFT,,belgian-grand-prix_corner_20,belgian-grand-prix_corner_20,0.55,6693.124,104.315,6793.646,1.0
2026,10,Belgian Grand Prix,FP2,VER,7,SOFT,,belgian-grand-prix_corner_02,belgian-grand-prix_corner_02,0.55,395.112,7.334,456.586,1.0
2026,10,Belgian Grand Prix,FP2,VER,7,SOFT,,belgian-grand-prix_corner_08,belgian-grand-prix_corner_08,0.55,2485.52,35.014,2518.32,1.0
2026,10,Belgian Grand Prix,FP2,VER,7,SOFT,,belgian-grand-prix_corner_09,belgian-grand-prix_corner_09,0.55,2808.584,40.774,2808.584,0.6034
2026,10,Belgian Grand Prix,FP2,VER,7,SOFT,,belgian-grand-prix_corner_10,belgian-grand-prix_corner_10,0.55,3148.409,48.054,3148.409,1.0
2026,10,Belgian Grand Prix,FP2,VER,7,SOFT,,belgian-grand-prix_corner_13,belgian-grand-prix_corner_13,0.55,4194.317,63.095,4194.317,0.1729
2026,10,Belgian Grand Prix,FP2,VER,7,SOFT,,belgian-grand-prix_corner_14,belgian-grand-prix_corner_14,0.55,4556.703,68.815,4683.669,0.2064
2026,10,Belgian Grand Prix,FP2,VER,7,SOFT,,belgian-grand-prix_corner_15,belgian-grand-prix_corner_15,0.55,4924.892,75.615,4968.626,1.0
2026,10,Belgian Grand Prix,FP2,VER,7,SOFT,,belgian-grand-prix_corner_20,belgian-grand-prix_corner_20,0.55,6706.454,100.214,6791.766,1.0
2026,10,Belgian Grand Prix,FP3,ALB,14,SOFT,,belgian-grand-prix_corner_01,belgian-grand-prix_corner_01,0.55,11.922,0.185,11.922,0.0
2026,10,Belgian Grand Prix,FP3,ALB,14,SOFT,,belgian-grand-prix_corner_02,belgian-grand-prix_corner_02,0.55,381.695,7.185,455.106,1.0
2026,10,Belgian Grand Prix,FP3,ALB,14,SOFT,,belgian-grand-prix_corner_08,belgian-grand-prix_corner_08,0.55,2445.536,34.825,2555.643,1.0
2026,10,Belgian Grand Prix,FP3,ALB,14,SOFT,,belgian-grand-prix_corner_09,belgian-grand-prix_corner_09,0.55,2798.13,41.385,2798.13,0.6113
2026,10,Belgian Grand Prix,FP3,ALB,14,SOFT,,belgian-grand-prix_corner_10,belgian-grand-prix_corner_10,0.55,3140.906,48.825,3140.906,1.0
2026,10,Belgian Grand Prix,FP3,ALB,14,SOFT,,belgian-grand-prix_corner_13,belgian-grand-prix_corner_13,0.55,4184.801,64.224,4184.801,0.3346
2026,10,Belgian Grand Prix,FP3,ALB,14,SOFT,,belgian-grand-prix_corner_14,belgian-grand-prix_corner_14,0.55,4531.209,69.825,4674.664,0.3956
2026,10,Belgian Grand Prix,FP3,ALB,14,SOFT,,belgian-grand-prix_corner_15,belgian-grand-prix_corner_15,0.55,4892.453,76.585,4994.567,1.0
2026,10,Belgian Grand Prix,FP3,ALB,14,SOFT,,belgian-grand-prix_corner_20,belgian-grand-prix_corner_20,0.55,6712.332,101.585,6809.822,1.0
2026,10,Belgian Grand Prix,FP3,ALO,11,SOFT,,belgian-grand-prix_corner_01,belgian-grand-prix_corner_01,0.55,24.153,0.37,24.153,0.0
2026,10,Belgian Grand Prix,FP3,ALO,11,SOFT,,belgian-grand-prix_corner_02,belgian-grand-prix_corner_02,0.55,384.54,7.21,446.838,1.0
2026,10,Belgian Grand Prix,FP3,ALO,11,SOFT,,belgian-grand-prix_corner_08,belgian-grand-prix_corner_08,0.55,2440.081,34.849,2530.313,1.0
2026,10,Belgian Grand Prix,FP3,ALO,11,SOFT,,belgian-grand-prix_corner_09,belgian-grand-prix_corner_09,0.55,2796.125,41.77,2796.125,0.7137
2026,10,Belgian Grand Prix,FP3,ALO,11,SOFT,,belgian-grand-prix_corner_10,belgian-grand-prix_corner_10,0.55,3147.552,49.69,3147.552,1.0
2026,10,Belgian Grand Prix,FP3,ALO,11,SOFT,,belgian-grand-prix_corner_13,belgian-grand-prix_corner_13,0.55,4195.724,65.53,4195.724,0.0
2026,10,Belgian Grand Prix,FP3,ALO,11,SOFT,,belgian-grand-prix_corner_14,belgian-grand-prix_corner_14,0.55,4541.483,71.33,4665.527,0.4089
2026,10,Belgian Grand Prix,FP3,ALO,11,SOFT,,belgian-grand-prix_corner_15,belgian-grand-prix_corner_15,0.55,4928.072,78.81,4968.161,1.0
2026,10,Belgian Grand Prix,FP3,ALO,11,SOFT,,belgian-grand-prix_corner_20,belgian-grand-prix_corner_20,0.55,6706.277,103.37,6801.711,1.0
2026,10,Belgian Grand Prix,FP3,ANT,2,SOFT,,belgian-grand-prix_corner_01,belgian-grand-prix_corner_01,0.55,0.453,0.007,0.453,0.0
2026,10,Belgian Grand Prix,FP3,ANT,2,SOFT,,belgian-grand-prix_corner_02,belgian-grand-prix_corner_02,0.55,378.077,6.927,445.331,1.0
2026,10,Belgian Grand Prix,FP3,ANT,2,SOFT,,belgian-grand-prix_corner_08,belgian-grand-prix_corner_08,0.55,2444.489,34.166,2530.789,1.0
2026,10,Belgian Grand Prix,FP3,ANT,2,SOFT,,belgian-grand-prix_corner_09,belgian-grand-prix_corner_09,0.55,2789.074,40.407,2789.074,0.6481
2026,10,Belgian Grand Prix,FP3,ANT,2,SOFT,,belgian-grand-prix_corner_10,belgian-grand-prix_corner_10,0.55,3140.808,47.846,3140.808,1.0
2026,10,Belgian Grand Prix,FP3,ANT,2,SOFT,,belgian-grand-prix_corner_13,belgian-grand-prix_corner_13,0.55,4195.15,62.887,4195.15,0.3053
2026,10,Belgian Grand Prix,FP3,ANT,2,SOFT,,belgian-grand-prix_corner_14,belgian-grand-prix_corner_14,0.55,4536.081,68.486,4548.281,0.1575
2026,10,Belgian Grand Prix,FP3,ANT,2,SOFT,,belgian-grand-prix_corner_15,belgian-grand-prix_corner_15,0.55,4901.898,75.086,4958.366,1.0
2026,10,Belgian Grand Prix,FP3,ANT,2,SOFT,,belgian-grand-prix_corner_20,belgian-grand-prix_corner_20,0.55,6693.123,99.447,6807.609,0.6548
2026,10,Belgian Grand Prix,FP3,BEA,17,SOFT,,belgian-grand-prix_corner_01,belgian-grand-prix_corner_01,0.55,21.371,0.326,21.371,0.0
2026,10,Belgian Grand Prix,FP3,BEA,17,SOFT,,belgian-grand-prix_corner_02,belgian-grand-prix_corner_02,0.55,378.047,7.046,460.879,1.0
2026,10,Belgian Grand Prix,FP3,BEA,17,SOFT,,belgian-grand-prix_corner_08,belgian-grand-prix_corner_08,0.55,2443.176,34.766,2542.697,1.0
2026,10,Belgian Grand Prix,FP3,BEA,17,SOFT,,belgian-grand-prix_corner_09,belgian-grand-prix_corner_09,0.55,2795.876,41.446,2795.876,0.5127
2026,10,Belgian Grand Prix,FP3,BEA,17,SOFT,,belgian-grand-prix_corner_10,belgian-grand-prix_corner_10,0.55,3137.123,48.846,3137.123,1.0
2026,10,Belgian Grand Prix,FP3,BEA,17,SOFT,,belgian-grand-prix_corner_13,belgian-grand-prix_corner_13,0.55,4210.22,64.567,4210.22,0.3561
2026,10,Belgian Grand Prix,FP3,BEA,17,SOFT,,belgian-grand-prix_corner_14,belgian-grand-prix_corner_14,0.55,4546.061,70.287,4546.061,0.2844
2026,10,Belgian Grand Prix,FP3,BEA,17,SOFT,,belgian-grand-prix_corner_15,belgian-grand-prix_corner_15,0.55,4899.574,76.807,4967.186,1.0
2026,10,Belgian Grand Prix,FP3,BEA,17,SOFT,,belgian-grand-prix_corner_20,belgian-grand-prix_corner_20,0.55,6700.715,101.126,6814.604,0.9537
2026,10,Belgian Grand Prix,FP3,BOR,13,SOFT,,belgian-grand-prix_corner_01,belgian-grand-prix_corner_01,0.55,11.358,0.174,11.358,0.0
2026,10,Belgian Grand Prix,FP3,BOR,13,SOFT,,belgian-grand-prix_corner_02,belgian-grand-prix_corner_02,0.55,386.485,7.414,464.039,1.0
2026,10,Belgian Grand Prix,FP3,BOR,13,SOFT,,belgian-grand-prix_corner_08,belgian-grand-prix_corner_08,0.55,2442.679,34.414,2534.644,1.0
2026,10,Belgian Grand Prix,FP3,BOR,13,SOFT,,belgian-grand-prix_corner_09,belgian-grand-prix_corner_09,0.55,2789.297,40.854,2789.297,0.559
2026,10,Belgian Grand Prix,FP3,BOR,13,SOFT,,belgian-grand-prix_corner_10,belgian-grand-prix_corner_10,0.55,3139.417,48.333,3139.417,1.0
2026,10,Belgian Grand Prix,FP3,BOR,13,SOFT,,belgian-grand-prix_corner_13,belgian-grand-prix_corner_13,0.55,4186.209,63.493,4186.209,0.1734
2026,10,Belgian Grand Prix,FP3,BOR,13,SOFT,,belgian-grand-prix_corner_14,belgian-grand-prix_corner_14,0.55,4533.996,69.094,4562.02,0.1581
2026,10,Belgian Grand Prix,FP3,BOR,13,SOFT,,belgian-grand-prix_corner_15,belgian-grand-prix_corner_15,0.55,4924.282,76.173,4980.687,1.0
2026,10,Belgian Grand Prix,FP3,BOR,13,SOFT,,belgian-grand-prix_corner_20,belgian-grand-prix_corner_20,0.55,6722.57,100.614,6826.586,0.9561
2026,10,Belgian Grand Prix,FP3,BOT,17,SOFT,,belgian-grand-prix_corner_01,belgian-grand-prix_corner_01,0.55,1.82,0.028,1.82,0.0
2026,10,Belgian Grand Prix,FP3,BOT,17,SOFT,,belgian-grand-prix_corner_02,belgian-grand-prix_corner_02,0.55,392.915,7.468,476.515,1.0
2026,10,Belgian Grand Prix,FP3,BOT,17,SOFT,,belgian-grand-prix_corner_08,belgian-grand-prix_corner_08,0.55,2441.403,34.548,2531.181,1.0
2026,10,Belgian Grand Prix,FP3,BOT,17,SOFT,,belgian-grand-prix_corner_09,belgian-grand-prix_corner_09,0.55,2797.949,41.388,2797.949,0.5961
2026,10,Belgian Grand Prix,FP3,BOT,17,SOFT,,belgian-grand-prix_corner_10,belgian-grand-prix_corner_10,0.55,3134.619,48.748,3134.619,1.0
2026,10,Belgian Grand Prix,FP3,BOT,17,SOFT,,belgian-grand-prix_corner_13,belgian-grand-prix_corner_13,0.55,4180.442,64.308,4180.442,0.0613
2026,10,Belgian Grand Prix,FP3,BOT,17,SOFT,,belgian-grand-prix_corner_14,belgian-grand-prix_corner_14,0.55,4527.465,69.909,4549.509,0.3419
2026,10,Belgian Grand Prix,FP3,BOT,17,SOFT,,belgian-grand-prix_corner_15,belgian-grand-prix_corner_15,0.55,4921.449,77.389,4981.102,1.0
2026,10,Belgian Grand Prix,FP3,BOT,17,SOFT,,belgian-grand-prix_corner_20,belgian-grand-prix_corner_20,0.55,6714.4,102.228,6809.864,1.0
2026,10,Belgian Grand Prix,FP3,COL,18,SOFT,,belgian-grand-prix_corner_01,belgian-grand-prix_corner_01,0.55,3.158,0.049,3.158,0.0
2026,10,Belgian Grand Prix,FP3,COL,18,SOFT,,belgian-grand-prix_corner_02,belgian-grand-prix_corner_02,0.55,377.047,6.809,455.591,1.0
2026,10,Belgian Grand Prix,FP3,COL,18,SOFT,,belgian-grand-prix_corner_08,belgian-grand-prix_corner_08,0.55,2447.671,34.409,2544.238,0.92
2026,10,Belgian Grand Prix,FP3,COL,18,SOFT,,belgian-grand-prix_corner_09,belgian-grand-prix_corner_09,0.55,2794.913,41.009,3130.949,0.57
2026,10,Belgian Grand Prix,FP3,COL,18,SOFT,,belgian-grand-prix_corner_10,belgian-grand-prix_corner_10,0.55,3146.416,48.569,3146.416,1.0
2026,10,Belgian Grand Prix,FP3,COL,18,SOFT,,belgian-grand-prix_corner_13,belgian-grand-prix_corner_13,0.55,4190.232,64.05,4190.232,0.2888
2026,10,Belgian Grand Prix,FP3,COL,18,SOFT,,belgian-grand-prix_corner_14,belgian-grand-prix_corner_14,0.55,4534.379,69.569,4671.521,0.2106
2026,10,Belgian Grand Prix,FP3,COL,18,SOFT,,belgian-grand-prix_corner_15,belgian-grand-prix_corner_15,0.55,4926.288,76.93,4997.554,1.0
2026,10,Belgian Grand Prix,FP3,COL,18,SOFT,,belgian-grand-prix_corner_20,belgian-grand-prix_corner_20,0.55,6708.429,101.369,6822.606,1.0
2026,10,Belgian Grand Prix,FP3,GAS,19,SOFT,,belgian-grand-prix_corner_01,belgian-grand-prix_corner_01,0.55,21.45,0.33,21.45,0.0
2026,10,Belgian Grand Prix,FP3,GAS,19,SOFT,,belgian-grand-prix_corner_02,belgian-grand-prix_corner_02,0.55,376.864,6.85,453.542,1.0
2026,10,Belgian Grand Prix,FP3,GAS,19,SOFT,,belgian-grand-prix_corner_08,belgian-grand-prix_corner_08,0.55,2442.262,34.73,2542.255,1.0
2026,10,Belgian Grand Prix,FP3,GAS,19,SOFT,,belgian-grand-prix_corner_09,belgian-grand-prix_corner_09,0.55,2788.468,41.17,2788.468,0.5515
2026,10,Belgian Grand Prix,FP3,GAS,19,SOFT,,belgian-grand-prix_corner_10,belgian-grand-prix_corner_10,0.55,3136.306,48.69,3136.306,1.0
2026,10,Belgian Grand Prix,FP3,GAS,19,SOFT,,belgian-grand-prix_corner_13,belgian-grand-prix_corner_13,0.55,4185.214,64.251,4185.214,0.3148
2026,10,Belgian Grand Prix,FP3,GAS,19,SOFT,,belgian-grand-prix_corner_14,belgian-grand-prix_corner_14,0.55,4540.286,70.091,4554.208,0.036
2026,10,Belgian Grand Prix,FP3,GAS,19,SOFT,,belgian-grand-prix_corner_15,belgian-grand-prix_corner_15,0.55,4895.974,76.611,4990.458,1.0
2026,10,Belgian Grand Prix,FP3,GAS,19,SOFT,,belgian-grand-prix_corner_20,belgian-grand-prix_corner_20,0.55,6713.231,101.69,6805.01,1.0
2026,10,Belgian Grand Prix,FP3,HAD,10,MEDIUM,,belgian-grand-prix_corner_01,belgian-grand-prix_corner_01,0.55,29.348,0.433,29.348,0.0
2026,10,Belgian Grand Prix,FP3,HAD,10,MEDIUM,,belgian-grand-prix_corner_02,belgian-grand-prix_corner_02,0.55,391.484,7.313,456.893,1.0
2026,10,Belgian Grand Prix,FP3,HAD,10,MEDIUM,,belgian-grand-prix_corner_08,belgian-grand-prix_corner_08,0.55,2452.66,34.793,2555.584,1.0
2026,10,Belgian Grand Prix,FP3,HAD,10,MEDIUM,,belgian-grand-prix_corner_09,belgian-grand-prix_corner_09,0.55,2797.528,41.153,2797.528,0.5111
2026,10,Belgian Grand Prix,FP3,HAD,10,MEDIUM,,belgian-grand-prix_corner_10,belgian-grand-prix_corner_10,0.55,3148.519,48.714,3148.519,1.0
2026,10,Belgian Grand Prix,FP3,HAD,10,MEDIUM,,belgian-grand-prix_corner_13,belgian-grand-prix_corner_13,0.55,4188.492,63.713,4188.492,0.1531
2026,10,Belgian Grand Prix,FP3,HAD,10,MEDIUM,,belgian-grand-prix_corner_14,belgian-grand-prix_corner_14,0.55,4537.114,69.313,4651.281,0.4286
2026,10,Belgian Grand Prix,FP3,HAD,10,MEDIUM,,belgian-grand-prix_corner_15,belgian-grand-prix_corner_15,0.55,4914.409,76.233,4988.642,1.0
2026,10,Belgian Grand Prix,FP3,HAD,10,MEDIUM,,belgian-grand-prix_corner_20,belgian-grand-prix_corner_20,0.55,6712.418,100.753,6817.693,1.0
2026,10,Belgian Grand Prix,FP3,HAM,14,SOFT,,belgian-grand-prix_corner_01,belgian-grand-prix_corner_01,0.55,15.471,0.235,15.471,0.0
2026,10,Belgian Grand Prix,FP3,HAM,14,SOFT,,belgian-grand-prix_corner_02,belgian-grand-prix_corner_02,0.55,391.559,7.075,461.021,1.0
2026,10,Belgian Grand Prix,FP3,HAM,14,SOFT,,belgian-grand-prix_corner_08,belgian-grand-prix_corner_08,0.55,2452.063,34.195,2539.586,1.0
2026,10,Belgian Grand Prix,FP3,HAM,14,SOFT,,belgian-grand-prix_corner_09,belgian-grand-prix_corner_09,0.55,2801.661,40.675,2801.661,0.5355
2026,10,Belgian Grand Prix,FP3,HAM,14,SOFT,,belgian-grand-prix_corner_10,belgian-grand-prix_corner_10,0.55,3139.236,47.875,3139.236,1.0
2026,10,Belgian Grand Prix,FP3,HAM,14,SOFT,,belgian-grand-prix_corner_13,belgian-grand-prix_corner_13,0.55,4185.221,62.836,4185.221,0.1658
2026,10,Belgian Grand Prix,FP3,HAM,14,SOFT,,belgian-grand-prix_corner_14,belgian-grand-prix_corner_14,0.55,4530.88,68.275,4568.976,0.465
2026,10,Belgian Grand Prix,FP3,HAM,14,SOFT,,belgian-grand-prix_corner_15,belgian-grand-prix_corner_15,0.55,4927.393,75.436,4988.782,1.0
2026,10,Belgian Grand Prix,FP3,HAM,14,SOFT,,belgian-grand-prix_corner_20,belgian-grand-prix_corner_20,0.55,6721.517,99.796,6824.049,0.8365
2026,10,Belgian Grand Prix,FP3,HUL,13,SOFT,,belgian-grand-prix_corner_01,belgian-grand-prix_corner_01,0.55,14.154,0.215,14.154,0.0
2026,10,Belgian Grand Prix,FP3,HUL,13,SOFT,,belgian-grand-prix_corner_02,belgian-grand-prix_corner_02,0.55,396.736,7.455,469.39,1.0
2026,10,Belgian Grand Prix,FP3,HUL,13,SOFT,,belgian-grand-prix_corner_08,belgian-grand-prix_corner_08,0.55,2454.282,34.655,2532.449,1.0
2026,10,Belgian Grand Prix,FP3,HUL,13,SOFT,,belgian-grand-prix_corner_09,belgian-grand-prix_corner_09,0.55,2791.983,40.895,2791.983,0.5255
2026,10,Belgian Grand Prix,FP3,HUL,13,SOFT,,belgian-grand-prix_corner_10,belgian-grand-prix_corner_10,0.55,3136.545,48.255,3136.545,1.0
2026,10,Belgian Grand Prix,FP3,HUL,13,SOFT,,belgian-grand-prix_corner_13,belgian-grand-prix_corner_13,0.55,4192.264,63.735,4192.264,0.3911
2026,10,Belgian Grand Prix,FP3,HUL,13,SOFT,,belgian-grand-prix_corner_14,belgian-grand-prix_corner_14,0.55,4541.853,69.375,4562.46,0.4716
2026,10,Belgian Grand Prix,FP3,HUL,13,SOFT,,belgian-grand-prix_corner_15,belgian-grand-prix_corner_15,0.55,4919.987,76.176,4975.78,1.0
2026,10,Belgian Grand Prix,FP3,HUL,13,SOFT,,belgian-grand-prix_corner_20,belgian-grand-prix_corner_20,0.55,6711.096,100.655,6809.658,1.0
2026,10,Belgian Grand Prix,FP3,LAW,5,SOFT,,belgian-grand-prix_corner_01,belgian-grand-prix_corner_01,0.55,14.495,0.223,14.495,0.0
2026,10,Belgian Grand Prix,FP3,LAW,5,SOFT,,belgian-grand-prix_corner_02,belgian-grand-prix_corner_02,0.55,372.515,6.903,459.318,1.0
2026,10,Belgian Grand Prix,FP3,LAW,5,SOFT,,belgian-grand-prix_corner_08,belgian-grand-prix_corner_08,0.55,2439.342,34.943,2524.925,1.0
2026,10,Belgian Grand Prix,FP3,LAW,5,SOFT,,belgian-grand-prix_corner_09,belgian-grand-prix_corner_09,0.55,2795.336,41.503,2795.336,0.6615
2026,10,Belgian Grand Prix,FP3,LAW,5,SOFT,,belgian-grand-prix_corner_10,belgian-grand-prix_corner_10,0.55,3149.443,49.104,3149.443,1.0
2026,10,Belgian Grand Prix,FP3,LAW,5,SOFT,,belgian-grand-prix_corner_13,belgian-grand-prix_corner_13,0.55,4198.129,64.223,4198.129,0.3718
2026,10,Belgian Grand Prix,FP3,LAW,5,SOFT,,belgian-grand-prix_corner_14,belgian-grand-prix_corner_14,0.55,4534.588,69.704,4643.069,0.1864
2026,10,Belgian Grand Prix,FP3,LAW,5,SOFT,,belgian-grand-prix_corner_15,belgian-grand-prix_corner_15,0.55,4912.221,76.664,4971.543,1.0
2026,10,Belgian Grand Prix,FP3,LAW,5,SOFT,,belgian-grand-prix_corner_20,belgian-grand-prix_corner_20,0.55,6698.604,100.984,6814.454,1.0
2026,10,Belgian Grand Prix,FP3,LEC,14,SOFT,,belgian-grand-prix_corner_01,belgian-grand-prix_corner_01,0.55,11.669,0.178,11.669,0.0
2026,10,Belgian Grand Prix,FP3,LEC,14,SOFT,,belgian-grand-prix_corner_02,belgian-grand-prix_corner_02,0.55,391.998,7.098,473.542,1.0
2026,10,Belgian Grand Prix,FP3,LEC,14,SOFT,,belgian-grand-prix_corner_08,belgian-grand-prix_corner_08,0.55,2450.346,34.458,2545.723,1.0
2026,10,Belgian Grand Prix,FP3,LEC,14,SOFT,,belgian-grand-prix_corner_09,belgian-grand-prix_corner_09,0.55,2794.869,40.858,2794.869,0.5217
2026,10,Belgian Grand Prix,FP3,LEC,14,SOFT,,belgian-grand-prix_corner_10,belgian-grand-prix_corner_10,0.55,3137.801,48.138,3137.801,1.0
2026,10,Belgian Grand Prix,FP3,LEC,14,SOFT,,belgian-grand-prix_corner_13,belgian-grand-prix_corner_13,0.55,4181.149,63.138,4181.149,0.2781
2026,10,Belgian Grand Prix,FP3,LEC,14,SOFT,,belgian-grand-prix_corner_14,belgian-grand-prix_corner_14,0.55,4531.982,68.578,4570.471,0.7211
2026,10,Belgian Grand Prix,FP3,LEC,14,SOFT,,belgian-grand-prix_corner_15,belgian-grand-prix_corner_15,0.55,4925.649,75.698,4978.123,1.0
2026,10,Belgian Grand Prix,FP3,LEC,14,SOFT,,belgian-grand-prix_corner_20,belgian-grand-prix_corner_20,0.55,6733.159,100.298,6833.284,0.8471
2026,10,Belgian Grand Prix,FP3,LIN,17,SOFT,,belgian-grand-prix_corner_01,belgian-grand-prix_corner_01,0.55,6.912,0.105,6.912,0.0
2026,10,Belgian Grand Prix,FP3,LIN,17,SOFT,,belgian-grand-prix_corner_02,belgian-grand-prix_corner_02,0.55,384.793,7.145,445.951,1.0
2026,10,Belgian Grand Prix,FP3,LIN,17,SOFT,,belgian-grand-prix_corner_08,belgian-grand-prix_corner_08,0.55,2449.476,34.466,2539.509,1.0
2026,10,Belgian Grand Prix,FP3,LIN,17,SOFT,,belgian-grand-prix_corner_09,belgian-grand-prix_corner_09,0.55,2806.547,41.026,2806.547,0.6101
2026,10,Belgian Grand Prix,FP3,LIN,17,SOFT,,belgian-grand-prix_corner_10,belgian-grand-prix_corner_10,0.55,3146.736,48.346,3146.736,1.0
2026,10,Belgian Grand Prix,FP3,LIN,17,SOFT,,belgian-grand-prix_corner_13,belgian-grand-prix_corner_13,0.55,4179.022,63.506,4179.022,0.3883
2026,10,Belgian Grand Prix,FP3,LIN,17,SOFT,,belgian-grand-prix_corner_14,belgian-grand-prix_corner_14,0.55,4544.738,69.546,4544.738,0.4174
2026,10,Belgian Grand Prix,FP3,LIN,17,SOFT,,belgian-grand-prix_corner_15,belgian-grand-prix_corner_15,0.55,4903.085,76.226,4962.018,1.0
2026,10,Belgian Grand Prix,FP3,LIN,17,SOFT,,belgian-grand-prix_corner_20,belgian-grand-prix_corner_20,0.55,6703.307,100.666,6804.907,1.0
2026,10,Belgian Grand Prix,FP3,NOR,15,SOFT,,belgian-grand-prix_corner_01,belgian-grand-prix_corner_01,0.55,3.409,0.052,3.409,0.0
2026,10,Belgian Grand Prix,FP3,NOR,15,SOFT,,belgian-grand-prix_corner_02,belgian-grand-prix_corner_02,0.55,384.681,7.132,497.67,1.0
2026,10,Belgian Grand Prix,FP3,NOR,15,SOFT,,belgian-grand-prix_corner_08,belgian-grand-prix_corner_08,0.55,2444.575,34.212,2540.031,1.0
2026,10,Belgian Grand Prix,FP3,NOR,15,SOFT,,belgian-grand-prix_corner_09,belgian-grand-prix_corner_09,0.55,2802.957,40.692,2802.957,0.562
2026,10,Belgian Grand Prix,FP3,NOR,15,SOFT,,belgian-grand-prix_corner_10,belgian-grand-prix_corner_10,0.55,3141.143,47.892,3141.143,1.0
2026,10,Belgian Grand Prix,FP3,NOR,15,SOFT,,belgian-grand-prix_corner_13,belgian-grand-prix_corner_13,0.55,4203.784,63.052,4203.784,0.1984
2026,10,Belgian Grand Prix,FP3,NOR,15,SOFT,,belgian-grand-prix_corner_14,belgian-grand-prix_corner_14,0.55,4536.154,68.332,4536.154,0.2476
2026,10,Belgian Grand Prix,FP3,NOR,15,SOFT,,belgian-grand-prix_corner_15,belgian-grand-prix_corner_15,0.55,4922.648,75.212,4995.103,1.0
2026,10,Belgian Grand Prix,FP3,NOR,15,SOFT,,belgian-grand-prix_corner_20,belgian-grand-prix_corner_20,0.55,6718.569,100.013,6819.413,1.0
2026,10,Belgian Grand Prix,FP3,OCO,16,SOFT,,belgian-grand-prix_corner_01,belgian-grand-prix_corner_01,0.55,8.765,0.139,8.765,0.0
2026,10,Belgian Grand Prix,FP3,OCO,16,SOFT,,belgian-grand-prix_corner_02,belgian-grand-prix_corner_02,0.55,378.504,7.098,468.159,1.0
2026,10,Belgian Grand Prix,FP3,OCO,16,SOFT,,belgian-grand-prix_corner_08,belgian-grand-prix_corner_08,0.55,2439.06,35.019,2545.362,1.0
2026,10,Belgian Grand Prix,FP3,OCO,16,SOFT,,belgian-grand-prix_corner_09,belgian-grand-prix_corner_09,0.55,2797.741,41.899,2797.741,0.5255
2026,10,Belgian Grand Prix,FP3,OCO,16,SOFT,,belgian-grand-prix_corner_10,belgian-grand-prix_corner_10,0.55,3150.248,49.498,3150.248,1.0
2026,10,Belgian Grand Prix,FP3,OCO,16,SOFT,,belgian-grand-prix_corner_13,belgian-grand-prix_corner_13,0.55,4180.116,64.778,4180.116,0.2756
2026,10,Belgian Grand Prix,FP3,OCO,16,SOFT,,belgian-grand-prix_corner_14,belgian-grand-prix_corner_14,0.55,4530.922,70.418,4667.741,0.4859
2026,10,Belgian Grand Prix,FP3,OCO,16,SOFT,,belgian-grand-prix_corner_15,belgian-grand-prix_corner_15,0.55,4920.847,77.658,4991.947,1.0
2026,10,Belgian Grand Prix,FP3,OCO,16,SOFT,,belgian-grand-prix_corner_20,belgian-grand-prix_corner_20,0.55,6716.345,102.139,6828.921,0.8672
2026,10,Belgian Grand Prix,FP3,PER,16,SOFT,,belgian-grand-prix_corner_01,belgian-grand-prix_corner_01,0.55,5.156,0.08,5.156,0.0
2026,10,Belgian Grand Prix,FP3,PER,16,SOFT,,belgian-grand-prix_corner_02,belgian-grand-prix_corner_02,0.55,380.28,7.36,456.411,1.0
2026,10,Belgian Grand Prix,FP3,PER,16,SOFT,,belgian-grand-prix_corner_08,belgian-grand-prix_corner_08,0.55,2438.205,35.001,2549.939,1.0
2026,10,Belgian Grand Prix,FP3,PER,16,SOFT,,belgian-grand-prix_corner_09,belgian-grand-prix_corner_09,0.55,2798.456,41.801,2798.456,0.6339
2026,10,Belgian Grand Prix,FP3,PER,16,SOFT,,belgian-grand-prix_corner_10,belgian-grand-prix_corner_10,0.55,3141.646,49.321,3141.646,1.0
2026,10,Belgian Grand Prix,FP3,PER,16,SOFT,,belgian-grand-prix_corner_13,belgian-grand-prix_corner_13,0.55,4182.935,64.721,4182.935,0.2467
2026,10,Belgian Grand Prix,FP3,PER,16,SOFT,,belgian-grand-prix_corner_14,belgian-grand-prix_corner_14,0.55,4531.935,70.521,4556.769,0.3333
2026,10,Belgian Grand Prix,FP3,PER,16,SOFT,,belgian-grand-prix_corner_15,belgian-grand-prix_corner_15,0.55,4922.62,77.841,4973.264,1.0
2026,10,Belgian Grand Prix,FP3,PER,16,SOFT,,belgian-grand-prix_corner_20,belgian-grand-prix_corner_20,0.55,6705.598,102.761,6812.987,1.0
2026,10,Belgian Grand Prix,FP3,PIA,14,SOFT,,belgian-grand-prix_corner_01,belgian-grand-prix_corner_01,0.55,7.893,0.123,7.893,0.0
2026,10,Belgian Grand Prix,FP3,PIA,14,SOFT,,belgian-grand-prix_corner_02,belgian-grand-prix_corner_02,0.55,386.39,7.283,480.868,0.99
2026,10,Belgian Grand Prix,FP3,PIA,14,SOFT,,belgian-grand-prix_corner_08,belgian-grand-prix_corner_08,0.55,2444.219,34.444,2715.797,0.985
2026,10,Belgian Grand Prix,FP3,PIA,14,SOFT,,belgian-grand-prix_corner_09,belgian-grand-prix_corner_09,0.55,2794.652,40.923,2794.652,0.3843
2026,10,Belgian Grand Prix,FP3,PIA,14,SOFT,,belgian-grand-prix_corner_10,belgian-grand-prix_corner_10,0.55,3134.682,48.044,3151.882,0.99
2026,10,Belgian Grand Prix,FP3,PIA,14,SOFT,,belgian-grand-prix_corner_13,belgian-grand-prix_corner_13,0.55,4191.874,63.403,4191.874,0.0771
2026,10,Belgian Grand Prix,FP3,PIA,14,SOFT,,belgian-grand-prix_corner_14,belgian-grand-prix_corner_14,0.55,4529.887,68.644,4742.071,0.2343
2026,10,Belgian Grand Prix,FP3,PIA,14,SOFT,,belgian-grand-prix_corner_15,belgian-grand-prix_corner_15,0.55,4926.455,75.883,5008.932,0.99
2026,10,Belgian Grand Prix,FP3,PIA,14,SOFT,,belgian-grand-prix_corner_20,belgian-grand-prix_corner_20,0.55,6721.716,100.484,6830.705,0.99
2026,10,Belgian Grand Prix,FP3,RUS,8,SOFT,,belgian-grand-prix_corner_01,belgian-grand-prix_corner_01,0.55,4.745,0.073,4.745,0.0
2026,10,Belgian Grand Prix,FP3,RUS,8,SOFT,,belgian-grand-prix_corner_02,belgian-grand-prix_corner_02,0.55,388.635,7.033,448.496,1.0
2026,10,Belgian Grand Prix,FP3,RUS,8,SOFT,,belgian-grand-prix_corner_08,belgian-grand-prix_corner_08,0.55,2438.762,33.993,2548.003,1.0
2026,10,Belgian Grand Prix,FP3,RUS,8,SOFT,,belgian-grand-prix_corner_09,belgian-grand-prix_corner_09,0.55,2790.148,40.393,2790.148,0.4413
2026,10,Belgian Grand Prix,FP3,RUS,8,SOFT,,belgian-grand-prix_corner_10,belgian-grand-prix_corner_10,0.55,3142.261,47.793,3142.261,1.0
2026,10,Belgian Grand Prix,FP3,RUS,8,SOFT,,belgian-grand-prix_corner_13,belgian-grand-prix_corner_13,0.55,4180.199,62.714,4180.199,0.1955
2026,10,Belgian Grand Prix,FP3,RUS,8,SOFT,,belgian-grand-prix_corner_14,belgian-grand-prix_corner_14,0.55,4532.092,68.273,4669.465,0.7632
2026,10,Belgian Grand Prix,FP3,RUS,8,SOFT,,belgian-grand-prix_corner_15,belgian-grand-prix_corner_15,0.55,4922.34,75.354,4989.133,1.0
2026,10,Belgian Grand Prix,FP3,RUS,8,SOFT,,belgian-grand-prix_corner_20,belgian-grand-prix_corner_20,0.55,6727.897,100.113,6822.208,0.6577
2026,10,Belgian Grand Prix,FP3,SAI,4,SOFT,,belgian-grand-prix_corner_01,belgian-grand-prix_corner_01,0.55,7.442,0.114,7.442,0.0
2026,10,Belgian Grand Prix,FP3,SAI,4,SOFT,,belgian-grand-prix_corner_02,belgian-grand-prix_corner_02,0.55,376.27,7.074,465.903,1.0
2026,10,Belgian Grand Prix,FP3,SAI,4,SOFT,,belgian-grand-prix_corner_08,belgian-grand-prix_corner_08,0.55,2439.491,35.194,2511.914,1.0
2026,10,Belgian Grand Prix,FP3,SAI,4,SOFT,,belgian-grand-prix_corner_09,belgian-grand-prix_corner_09,0.55,2795.456,41.754,2795.456,0.7243
2026,10,Belgian Grand Prix,FP3,SAI,4,SOFT,,belgian-grand-prix_corner_10,belgian-grand-prix_corner_10,0.55,3135.592,49.434,3135.592,1.0
2026,10,Belgian Grand Prix,FP3,SAI,4,SOFT,,belgian-grand-prix_corner_13,belgian-grand-prix_corner_13,0.55,4182.313,64.795,4182.313,0.4351
2026,10,Belgian Grand Prix,FP3,SAI,4,SOFT,,belgian-grand-prix_corner_14,belgian-grand-prix_corner_14,0.55,4532.489,70.755,4641.239,0.0
2026,10,Belgian Grand Prix,FP3,SAI,4,SOFT,,belgian-grand-prix_corner_15,belgian-grand-prix_corner_15,0.55,4883.817,77.395,4937.417,1.0
2026,10,Belgian Grand Prix,FP3,SAI,4,SOFT,,belgian-grand-prix_corner_20,belgian-grand-prix_corner_20,0.55,6679.01,102.194,6790.697,1.0
2026,10,Belgian Grand Prix,FP3,STR,11,SOFT,,belgian-grand-prix_corner_01,belgian-grand-prix_corner_01,0.55,1.363,0.022,1.363,0.002
2026,10,Belgian Grand Prix,FP3,STR,11,SOFT,,belgian-grand-prix_corner_02,belgian-grand-prix_corner_02,0.55,380.1,7.062,442.87,1.0
2026,10,Belgian Grand Prix,FP3,STR,11,SOFT,,belgian-grand-prix_corner_08,belgian-grand-prix_corner_08,0.55,2470.844,36.023,2516.311,1.0
2026,10,Belgian Grand Prix,FP3,STR,11,SOFT,,belgian-grand-prix_corner_09,belgian-grand-prix_corner_09,0.55,2798.206,42.183,2798.206,0.6043
2026,10,Belgian Grand Prix,FP3,STR,11,SOFT,,belgian-grand-prix_corner_10,belgian-grand-prix_corner_10,0.55,3139.957,49.863,3139.957,1.0
2026,10,Belgian Grand Prix,FP3,STR,11,SOFT,,belgian-grand-prix_corner_13,belgian-grand-prix_corner_13,0.55,4189.543,65.823,4189.543,0.4372
2026,10,Belgian Grand Prix,FP3,STR,11,SOFT,,belgian-grand-prix_corner_14,belgian-grand-prix_corner_14,0.55,4531.476,71.823,4643.144,0.3122
2026,10,Belgian Grand Prix,FP3,STR,11,SOFT,,belgian-grand-prix_corner_15,belgian-grand-prix_corner_15,0.55,4912.655,79.263,4944.536,1.0
2026,10,Belgian Grand Prix,FP3,STR,11,SOFT,,belgian-grand-prix_corner_20,belgian-grand-prix_corner_20,0.55,6678.742,103.743,6758.773,1.0
2026,10,Belgian Grand Prix,FP3,VER,8,SOFT,,belgian-grand-prix_corner_01,belgian-grand-prix_corner_01,0.55,6.933,0.104,6.933,0.0
2026,10,Belgian Grand Prix,FP3,VER,8,SOFT,,belgian-grand-prix_corner_02,belgian-grand-prix_corner_02,0.55,386.679,7.224,443.435,1.0
2026,10,Belgian Grand Prix,FP3,VER,8,SOFT,,belgian-grand-prix_corner_08,belgian-grand-prix_corner_08,0.55,2485.014,35.104,2543.748,1.0
2026,10,Belgian Grand Prix,FP3,VER,8,SOFT,,belgian-grand-prix_corner_09,belgian-grand-prix_corner_09,0.55,2807.581,40.864,2807.581,0.5466
2026,10,Belgian Grand Prix,FP3,VER,8,SOFT,,belgian-grand-prix_corner_10,belgian-grand-prix_corner_10,0.55,3141.816,48.225,3141.816,1.0
2026,10,Belgian Grand Prix,FP3,VER,8,SOFT,,belgian-grand-prix_corner_13,belgian-grand-prix_corner_13,0.55,4181.217,63.144,4181.217,0.2824
2026,10,Belgian Grand Prix,FP3,VER,8,SOFT,,belgian-grand-prix_corner_14,belgian-grand-prix_corner_14,0.55,4539.929,68.864,4539.929,0.198
2026,10,Belgian Grand Prix,FP3,VER,8,SOFT,,belgian-grand-prix_corner_15,belgian-grand-prix_corner_15,0.55,4919.71,75.704,4973.632,1.0
2026,10,Belgian Grand Prix,FP3,VER,8,SOFT,,belgian-grand-prix_corner_20,belgian-grand-prix_corner_20,0.55,6709.908,99.784,6801.771,1.0
2026,10,Belgian Grand Prix,Q,ALB,5,SOFT,,belgian-grand-prix_corner_02,belgian-grand-prix_corner_02,0.55,373.966,6.856,453.311,1.0
2026,10,Belgian Grand Prix,Q,ALB,5,SOFT,,belgian-grand-prix_corner_08,belgian-grand-prix_corner_08,0.55,2440.938,34.256,2542.56,1.0
2026,10,Belgian Grand Prix,Q,ALB,5,SOFT,,belgian-grand-prix_corner_09,belgian-grand-prix_corner_09,0.55,2797.714,40.896,2797.714,0.6098
2026,10,Belgian Grand Prix,Q,ALB,5,SOFT,,belgian-grand-prix_corner_10,belgian-grand-prix_corner_10,0.55,3142.386,48.296,3142.386,1.0
2026,10,Belgian Grand Prix,Q,ALB,5,SOFT,,belgian-grand-prix_corner_13,belgian-grand-prix_corner_13,0.55,4194.681,63.577,4194.681,0.2866
2026,10,Belgian Grand Prix,Q,ALB,5,SOFT,,belgian-grand-prix_corner_14,belgian-grand-prix_corner_14,0.55,4530.504,69.016,4692.094,0.0461
2026,10,Belgian Grand Prix,Q,ALB,5,SOFT,,belgian-grand-prix_corner_15,belgian-grand-prix_corner_15,0.55,4907.738,76.056,4967.494,1.0
2026,10,Belgian Grand Prix,Q,ALB,5,SOFT,,belgian-grand-prix_corner_20,belgian-grand-prix_corner_20,0.55,6699.256,100.776,6804.104,1.0
2026,10,Belgian Grand Prix,Q,ALO,5,SOFT,,belgian-grand-prix_corner_02,belgian-grand-prix_corner_02,0.55,379.223,7.056,444.312,1.0
2026,10,Belgian Grand Prix,Q,ALO,5,SOFT,,belgian-grand-prix_corner_08,belgian-grand-prix_corner_08,0.55,2482.316,35.896,2558.805,1.0
2026,10,Belgian Grand Prix,Q,ALO,5,SOFT,,belgian-grand-prix_corner_09,belgian-grand-prix_corner_09,0.55,2793.359,41.856,2793.359,0.7031
2026,10,Belgian Grand Prix,Q,ALO,5,SOFT,,belgian-grand-prix_corner_10,belgian-grand-prix_corner_10,0.55,3140.063,49.496,3140.063,1.0
2026,10,Belgian Grand Prix,Q,ALO,5,SOFT,,belgian-grand-prix_corner_13,belgian-grand-prix_corner_13,0.55,4188.347,65.337,4188.347,0.1023
2026,10,Belgian Grand Prix,Q,ALO,5,SOFT,,belgian-grand-prix_corner_14,belgian-grand-prix_corner_14,0.55,4529.895,70.936,4664.771,0.1713
2026,10,Belgian Grand Prix,Q,ALO,5,SOFT,,belgian-grand-prix_corner_15,belgian-grand-prix_corner_15,0.55,4922.759,78.537,4944.981,1.0
2026,10,Belgian Grand Prix,Q,ALO,5,SOFT,,belgian-grand-prix_corner_20,belgian-grand-prix_corner_20,0.55,6701.871,103.336,6803.187,1.0
2026,10,Belgian Grand Prix,Q,ANT,14,SOFT,,belgian-grand-prix_corner_02,belgian-grand-prix_corner_02,0.55,377.435,6.828,449.787,1.0
2026,10,Belgian Grand Prix,Q,ANT,14,SOFT,,belgian-grand-prix_corner_08,belgian-grand-prix_corner_08,0.55,2440.366,33.548,2542.271,1.0
2026,10,Belgian Grand Prix,Q,ANT,14,SOFT,,belgian-grand-prix_corner_09,belgian-grand-prix_corner_09,0.55,2808.325,40.028,2808.325,0.6976
2026,10,Belgian Grand Prix,Q,ANT,14,SOFT,,belgian-grand-prix_corner_10,belgian-grand-prix_corner_10,0.55,3138.208,46.828,3138.208,1.0
2026,10,Belgian Grand Prix,Q,ANT,14,SOFT,,belgian-grand-prix_corner_13,belgian-grand-prix_corner_13,0.55,4192.7,61.829,4192.7,0.3083
2026,10,Belgian Grand Prix,Q,ANT,14,SOFT,,belgian-grand-prix_corner_14,belgian-grand-prix_corner_14,0.55,4528.528,67.148,4547.428,0.6223
2026,10,Belgian Grand Prix,Q,ANT,14,SOFT,,belgian-grand-prix_corner_15,belgian-grand-prix_corner_15,0.55,4909.632,73.868,4969.472,1.0
2026,10,Belgian Grand Prix,Q,ANT,14,SOFT,,belgian-grand-prix_corner_20,belgian-grand-prix_corner_20,0.55,6704.918,98.109,6797.667,0.517
2026,10,Belgian Grand Prix,Q,BEA,11,SOFT,,belgian-grand-prix_corner_02,belgian-grand-prix_corner_02,0.55,370.271,6.697,449.534,1.0
2026,10,Belgian Grand Prix,Q,BEA,11,SOFT,,belgian-grand-prix_corner_08,belgian-grand-prix_corner_08,0.55,2448.778,34.618,2513.167,1.0
2026,10,Belgian Grand Prix,Q,BEA,11,SOFT,,belgian-grand-prix_corner_09,belgian-grand-prix_corner_09,0.55,2787.576,40.778,2787.576,0.6349
2026,10,Belgian Grand Prix,Q,BEA,11,SOFT,,belgian-grand-prix_corner_10,belgian-grand-prix_corner_10,0.55,3136.687,48.178,3136.687,1.0
2026,10,Belgian Grand Prix,Q,BEA,11,SOFT,,belgian-grand-prix_corner_13,belgian-grand-prix_corner_13,0.55,4182.231,63.337,4182.231,0.3957
2026,10,Belgian Grand Prix,Q,BEA,11,SOFT,,belgian-grand-prix_corner_14,belgian-grand-prix_corner_14,0.55,4540.823,69.177,4540.823,0.1644
2026,10,Belgian Grand Prix,Q,BEA,11,SOFT,,belgian-grand-prix_corner_15,belgian-grand-prix_corner_15,0.55,4890.73,75.458,4962.228,1.0
2026,10,Belgian Grand Prix,Q,BEA,11,SOFT,,belgian-grand-prix_corner_20,belgian-grand-prix_corner_20,0.55,6692.747,100.098,6792.135,1.0
2026,10,Belgian Grand Prix,Q,BOR,17,SOFT,,belgian-grand-prix_corner_02,belgian-grand-prix_corner_02,0.55,395.06,7.461,465.027,1.0
2026,10,Belgian Grand Prix,Q,BOR,17,SOFT,,belgian-grand-prix_corner_08,belgian-grand-prix_corner_08,0.55,2445.266,33.901,2565.644,1.0
2026,10,Belgian Grand Prix,Q,BOR,17,SOFT,,belgian-grand-prix_corner_09,belgian-grand-prix_corner_09,0.55,2787.359,40.141,2787.359,0.6624
2026,10,Belgian Grand Prix,Q,BOR,17,SOFT,,belgian-grand-prix_corner_10,belgian-grand-prix_corner_10,0.55,3145.266,47.501,3145.266,1.0
2026,10,Belgian Grand Prix,Q,BOR,17,SOFT,,belgian-grand-prix_corner_13,belgian-grand-prix_corner_13,0.55,4186.207,62.381,4186.207,0.3857
2026,10,Belgian Grand Prix,Q,BOR,17,SOFT,,belgian-grand-prix_corner_14,belgian-grand-prix_corner_14,0.55,4540.091,67.941,4574.413,0.655
2026,10,Belgian Grand Prix,Q,BOR,17,SOFT,,belgian-grand-prix_corner_15,belgian-grand-prix_corner_15,0.55,4922.005,74.781,4985.972,1.0
2026,10,Belgian Grand Prix,Q,BOR,17,SOFT,,belgian-grand-prix_corner_20,belgian-grand-prix_corner_20,0.55,6724.351,99.301,6833.685,0.8852
2026,10,Belgian Grand Prix,Q,BOT,7,SOFT,,belgian-grand-prix_corner_02,belgian-grand-prix_corner_02,0.55,389.123,7.156,454.153,1.0
2026,10,Belgian Grand Prix,Q,BOT,7,SOFT,,belgian-grand-prix_corner_08,belgian-grand-prix_corner_08,0.55,2438.331,34.036,2537.563,1.0
2026,10,Belgian Grand Prix,Q,BOT,7,SOFT,,belgian-grand-prix_corner_09,belgian-grand-prix_corner_09,0.55,2795.266,40.956,2795.266,0.5316
2026,10,Belgian Grand Prix,Q,BOT,7,SOFT,,belgian-grand-prix_corner_10,belgian-grand-prix_corner_10,0.55,3150.655,48.477,3150.655,1.0
2026,10,Belgian Grand Prix,Q,BOT,7,SOFT,,belgian-grand-prix_corner_13,belgian-grand-prix_corner_13,0.55,4182.557,63.677,4182.557,0.1757
2026,10,Belgian Grand Prix,Q,BOT,7,SOFT,,belgian-grand-prix_corner_14,belgian-grand-prix_corner_14,0.55,4535.879,69.397,4573.235,0.5719
2026,10,Belgian Grand Prix,Q,BOT,7,SOFT,,belgian-grand-prix_corner_15,belgian-grand-prix_corner_15,0.55,4937.813,76.877,4995.668,1.0
2026,10,Belgian Grand Prix,Q,BOT,7,SOFT,,belgian-grand-prix_corner_20,belgian-grand-prix_corner_20,0.55,6720.281,101.237,6813.714,0.9256
2026,10,Belgian Grand Prix,Q,COL,11,SOFT,,belgian-grand-prix_corner_02,belgian-grand-prix_corner_02,0.55,386.302,6.978,458.769,1.0
2026,10,Belgian Grand Prix,Q,COL,11,SOFT,,belgian-grand-prix_corner_08,belgian-grand-prix_corner_08,0.55,2448.717,34.178,2529.661,1.0
2026,10,Belgian Grand Prix,Q,COL,11,SOFT,,belgian-grand-prix_corner_09,belgian-grand-prix_corner_09,0.55,2800.815,40.578,2800.815,0.6361
2026,10,Belgian Grand Prix,Q,COL,11,SOFT,,belgian-grand-prix_corner_10,belgian-grand-prix_corner_10,0.55,3136.484,47.698,3136.484,1.0
2026,10,Belgian Grand Prix,Q,COL,11,SOFT,,belgian-grand-prix_corner_13,belgian-grand-prix_corner_13,0.55,4180.459,62.978,4180.459,0.2972
2026,10,Belgian Grand Prix,Q,COL,11,SOFT,,belgian-grand-prix_corner_14,belgian-grand-prix_corner_14,0.55,4529.726,68.618,4668.259,0.0042
2026,10,Belgian Grand Prix,Q,COL,11,SOFT,,belgian-grand-prix_corner_15,belgian-grand-prix_corner_15,0.55,4897.866,75.218,4970.722,1.0
2026,10,Belgian Grand Prix,Q,COL,11,SOFT,,belgian-grand-prix_corner_20,belgian-grand-prix_corner_20,0.55,6716.691,100.418,6807.838,1.0
2026,10,Belgian Grand Prix,Q,GAS,11,SOFT,,belgian-grand-prix_corner_02,belgian-grand-prix_corner_02,0.55,378.326,6.747,444.493,1.0
2026,10,Belgian Grand Prix,Q,GAS,11,SOFT,,belgian-grand-prix_corner_08,belgian-grand-prix_corner_08,0.55,2440.62,33.987,2526.887,1.0
2026,10,Belgian Grand Prix,Q,GAS,11,SOFT,,belgian-grand-prix_corner_09,belgian-grand-prix_corner_09,0.55,2810.829,40.707,2810.829,0.6976
2026,10,Belgian Grand Prix,Q,GAS,11,SOFT,,belgian-grand-prix_corner_10,belgian-grand-prix_corner_10,0.55,3134.882,47.627,3134.882,1.0
2026,10,Belgian Grand Prix,Q,GAS,11,SOFT,,belgian-grand-prix_corner_13,belgian-grand-prix_corner_13,0.55,4186.678,63.027,4186.678,0.3855
2026,10,Belgian Grand Prix,Q,GAS,11,SOFT,,belgian-grand-prix_corner_14,belgian-grand-prix_corner_14,0.55,4528.849,68.547,4637.96,0.0039
2026,10,Belgian Grand Prix,Q,GAS,11,SOFT,,belgian-grand-prix_corner_15,belgian-grand-prix_corner_15,0.55,4906.711,75.427,4963.466,1.0
2026,10,Belgian Grand Prix,Q,GAS,11,SOFT,,belgian-grand-prix_corner_20,belgian-grand-prix_corner_20,0.55,6700.094,99.867,6808.349,1.0
2026,10,Belgian Grand Prix,Q,HAD,8,SOFT,,belgian-grand-prix_corner_02,belgian-grand-prix_corner_02,0.55,389.06,7.208,468.189,1.0
2026,10,Belgian Grand Prix,Q,HAD,8,SOFT,,belgian-grand-prix_corner_08,belgian-grand-prix_corner_08,0.55,2480.179,34.928,2549.735,1.0
2026,10,Belgian Grand Prix,Q,HAD,8,SOFT,,belgian-grand-prix_corner_09,belgian-grand-prix_corner_09,0.55,2796.779,40.608,2796.779,0.6826
2026,10,Belgian Grand Prix,Q,HAD,8,SOFT,,belgian-grand-prix_corner_10,belgian-grand-prix_corner_10,0.55,3137.336,47.728,3137.336,1.0
2026,10,Belgian Grand Prix,Q,HAD,8,SOFT,,belgian-grand-prix_corner_13,belgian-grand-prix_corner_13,0.55,4189.92,62.848,4189.92,0.176
2026,10,Belgian Grand Prix,Q,HAD,8,SOFT,,belgian-grand-prix_corner_14,belgian-grand-prix_corner_14,0.55,4530.768,68.209,4553.328,0.4148
2026,10,Belgian Grand Prix,Q,HAD,8,SOFT,,belgian-grand-prix_corner_15,belgian-grand-prix_corner_15,0.55,4918.1,75.169,4947.019,1.0
2026,10,Belgian Grand Prix,Q,HAD,8,SOFT,,belgian-grand-prix_corner_20,belgian-grand-prix_corner_20,0.55,6715.248,99.728,6801.003,1.0
2026,10,Belgian Grand Prix,Q,HAM,14,SOFT,,belgian-grand-prix_corner_02,belgian-grand-prix_corner_02,0.55,385.546,6.885,460.968,1.0
2026,10,Belgian Grand Prix,Q,HAM,14,SOFT,,belgian-grand-prix_corner_08,belgian-grand-prix_corner_08,0.55,2443.622,33.525,2539.2,1.0
2026,10,Belgian Grand Prix,Q,HAM,14,SOFT,,belgian-grand-prix_corner_09,belgian-grand-prix_corner_09,0.55,2787.127,39.685,2787.127,0.6931
2026,10,Belgian Grand Prix,Q,HAM,14,SOFT,,belgian-grand-prix_corner_10,belgian-grand-prix_corner_10,0.55,3156.29,47.205,3156.29,1.0
2026,10,Belgian Grand Prix,Q,HAM,14,SOFT,,belgian-grand-prix_corner_13,belgian-grand-prix_corner_13,0.55,4191.962,61.805,4191.962,0.2036
2026,10,Belgian Grand Prix,Q,HAM,14,SOFT,,belgian-grand-prix_corner_14,belgian-grand-prix_corner_14,0.55,4529.85,67.125,4560.417,0.7246
2026,10,Belgian Grand Prix,Q,HAM,14,SOFT,,belgian-grand-prix_corner_15,belgian-grand-prix_corner_15,0.55,4912.806,73.925,4975.961,1.0
2026,10,Belgian Grand Prix,Q,HAM,14,SOFT,,belgian-grand-prix_corner_20,belgian-grand-prix_corner_20,0.55,6723.829,98.526,6820.917,0.8002
2026,10,Belgian Grand Prix,Q,HUL,11,SOFT,,belgian-grand-prix_corner_02,belgian-grand-prix_corner_02,0.55,384.618,7.468,443.44,1.0
2026,10,Belgian Grand Prix,Q,HUL,11,SOFT,,belgian-grand-prix_corner_08,belgian-grand-prix_corner_08,0.55,2444.778,34.548,2525.744,1.0
2026,10,Belgian Grand Prix,Q,HUL,11,SOFT,,belgian-grand-prix_corner_09,belgian-grand-prix_corner_09,0.55,2788.407,40.828,2788.407,0.7437
2026,10,Belgian Grand Prix,Q,HUL,11,SOFT,,belgian-grand-prix_corner_10,belgian-grand-prix_corner_10,0.55,3159.558,48.548,3159.558,1.0
2026,10,Belgian Grand Prix,Q,HUL,11,SOFT,,belgian-grand-prix_corner_13,belgian-grand-prix_corner_13,0.55,4196.088,63.469,4196.088,0.5478
2026,10,Belgian Grand Prix,Q,HUL,11,SOFT,,belgian-grand-prix_corner_14,belgian-grand-prix_corner_14,0.55,4544.84,69.108,4544.84,0.1952
2026,10,Belgian Grand Prix,Q,HUL,11,SOFT,,belgian-grand-prix_corner_15,belgian-grand-prix_corner_15,0.55,4893.533,75.348,4957.142,1.0
2026,10,Belgian Grand Prix,Q,HUL,11,SOFT,,belgian-grand-prix_corner_20,belgian-grand-prix_corner_20,0.55,6705.581,100.388,6792.785,1.0
2026,10,Belgian Grand Prix,Q,LAW,11,SOFT,,belgian-grand-prix_corner_02,belgian-grand-prix_corner_02,0.55,374.465,6.801,453.37,1.0
2026,10,Belgian Grand Prix,Q,LAW,11,SOFT,,belgian-grand-prix_corner_08,belgian-grand-prix_corner_08,0.55,2451.294,34.441,2523.694,1.0
2026,10,Belgian Grand Prix,Q,LAW,11,SOFT,,belgian-grand-prix_corner_09,belgian-grand-prix_corner_09,0.55,2789.284,40.561,2789.284,0.6378
2026,10,Belgian Grand Prix,Q,LAW,11,SOFT,,belgian-grand-prix_corner_10,belgian-grand-prix_corner_10,0.55,3140.411,47.881,3140.411,1.0
2026,10,Belgian Grand Prix,Q,LAW,11,SOFT,,belgian-grand-prix_corner_13,belgian-grand-prix_corner_13,0.55,4190.895,62.922,4190.895,0.4221
2026,10,Belgian Grand Prix,Q,LAW,11,SOFT,,belgian-grand-prix_corner_14,belgian-grand-prix_corner_14,0.55,4533.433,68.402,4662.167,0.0569
2026,10,Belgian Grand Prix,Q,LAW,11,SOFT,,belgian-grand-prix_corner_15,belgian-grand-prix_corner_15,0.55,4909.707,75.162,4965.384,1.0
2026,10,Belgian Grand Prix,Q,LAW,11,SOFT,,belgian-grand-prix_corner_20,belgian-grand-prix_corner_20,0.55,6739.464,101.202,6818.896,1.0
2026,10,Belgian Grand Prix,Q,LEC,14,SOFT,,belgian-grand-prix_corner_02,belgian-grand-prix_corner_02,0.55,380.56,6.842,434.42,1.0
2026,10,Belgian Grand Prix,Q,LEC,14,SOFT,,belgian-grand-prix_corner_08,belgian-grand-prix_corner_08,0.55,2441.529,33.841,2525.651,1.0
2026,10,Belgian Grand Prix,Q,LEC,14,SOFT,,belgian-grand-prix_corner_09,belgian-grand-prix_corner_09,0.55,2801.496,40.161,2801.496,0.6044
2026,10,Belgian Grand Prix,Q,LEC,14,SOFT,,belgian-grand-prix_corner_10,belgian-grand-prix_corner_10,0.55,3145.279,47.281,3145.279,1.0
2026,10,Belgian Grand Prix,Q,LEC,14,SOFT,,belgian-grand-prix_corner_13,belgian-grand-prix_corner_13,0.55,4197.605,62.121,4197.605,0.485
2026,10,Belgian Grand Prix,Q,LEC,14,SOFT,,belgian-grand-prix_corner_14,belgian-grand-prix_corner_14,0.55,4536.455,67.641,4536.455,0.9824
2026,10,Belgian Grand Prix,Q,LEC,14,SOFT,,belgian-grand-prix_corner_15,belgian-grand-prix_corner_15,0.55,4895.049,73.761,4895.049,1.0
2026,10,Belgian Grand Prix,Q,LEC,14,SOFT,,belgian-grand-prix_corner_20,belgian-grand-prix_corner_20,0.55,6724.602,98.28,6824.02,0.787
2026,10,Belgian Grand Prix,Q,LIN,17,SOFT,,belgian-grand-prix_corner_02,belgian-grand-prix_corner_02,0.55,378.812,6.801,439.951,1.0
2026,10,Belgian Grand Prix,Q,LIN,17,SOFT,,belgian-grand-prix_corner_08,belgian-grand-prix_corner_08,0.55,2442.072,33.601,2511.45,1.0
2026,10,Belgian Grand Prix,Q,LIN,17,SOFT,,belgian-grand-prix_corner_09,belgian-grand-prix_corner_09,0.55,2799.631,40.081,2799.631,0.6054
2026,10,Belgian Grand Prix,Q,LIN,17,SOFT,,belgian-grand-prix_corner_10,belgian-grand-prix_corner_10,0.55,3146.528,47.282,3146.528,1.0
2026,10,Belgian Grand Prix,Q,LIN,17,SOFT,,belgian-grand-prix_corner_13,belgian-grand-prix_corner_13,0.55,4185.884,62.202,4185.884,0.3429
2026,10,Belgian Grand Prix,Q,LIN,17,SOFT,,belgian-grand-prix_corner_14,belgian-grand-prix_corner_14,0.55,4530.639,67.602,4641.294,0.4126
2026,10,Belgian Grand Prix,Q,LIN,17,SOFT,,belgian-grand-prix_corner_15,belgian-grand-prix_corner_15,0.55,4888.156,73.962,4962.322,1.0
2026,10,Belgian Grand Prix,Q,LIN,17,SOFT,,belgian-grand-prix_corner_20,belgian-grand-prix_corner_20,0.55,6700.123,98.362,6799.547,1.0
2026,10,Belgian Grand Prix,Q,NOR,8,SOFT,,belgian-grand-prix_corner_02,belgian-grand-prix_corner_02,0.55,398.389,7.468,457.056,1.0
2026,10,Belgian Grand Prix,Q,NOR,8,SOFT,,belgian-grand-prix_corner_08,belgian-grand-prix_corner_08,0.55,2440.382,33.748,2522.026,1.0
2026,10,Belgian Grand Prix,Q,NOR,8,SOFT,,belgian-grand-prix_corner_09,belgian-grand-prix_corner_09,0.55,2792.242,40.028,2792.242,0.6645
2026,10,Belgian Grand Prix,Q,NOR,8,SOFT,,belgian-grand-prix_corner_10,belgian-grand-prix_corner_10,0.55,3141.802,47.268,3141.802,1.0
2026,10,Belgian Grand Prix,Q,NOR,8,SOFT,,belgian-grand-prix_corner_13,belgian-grand-prix_corner_13,0.55,4194.037,62.187,4194.037,0.2865
2026,10,Belgian Grand Prix,Q,NOR,8,SOFT,,belgian-grand-prix_corner_14,belgian-grand-prix_corner_14,0.55,4540.304,67.627,4540.304,0.625
2026,10,Belgian Grand Prix,Q,NOR,8,SOFT,,belgian-grand-prix_corner_15,belgian-grand-prix_corner_15,0.55,4913.7,74.187,4975.511,1.0
2026,10,Belgian Grand Prix,Q,NOR,8,SOFT,,belgian-grand-prix_corner_20,belgian-grand-prix_corner_20,0.55,6699.843,98.708,6794.653,1.0
2026,10,Belgian Grand Prix,Q,OCO,5,SOFT,,belgian-grand-prix_corner_02,belgian-grand-prix_corner_02,0.55,378.834,6.91,450.789,1.0
2026,10,Belgian Grand Prix,Q,OCO,5,SOFT,,belgian-grand-prix_corner_08,belgian-grand-prix_corner_08,0.55,2441.573,34.59,2507.951,1.0
2026,10,Belgian Grand Prix,Q,OCO,5,SOFT,,belgian-grand-prix_corner_09,belgian-grand-prix_corner_09,0.55,2790.873,41.23,2790.873,0.5227
2026,10,Belgian Grand Prix,Q,OCO,5,SOFT,,belgian-grand-prix_corner_10,belgian-grand-prix_corner_10,0.55,3150.762,48.87,3150.762,1.0
2026,10,Belgian Grand Prix,Q,OCO,5,SOFT,,belgian-grand-prix_corner_13,belgian-grand-prix_corner_13,0.55,4185.73,63.91,4185.73,0.2588
2026,10,Belgian Grand Prix,Q,OCO,5,SOFT,,belgian-grand-prix_corner_14,belgian-grand-prix_corner_14,0.55,4528.886,69.47,4558.836,0.4752
2026,10,Belgian Grand Prix,Q,OCO,5,SOFT,,belgian-grand-prix_corner_15,belgian-grand-prix_corner_15,0.55,4916.096,76.631,4966.714,1.0
2026,10,Belgian Grand Prix,Q,OCO,5,SOFT,,belgian-grand-prix_corner_20,belgian-grand-prix_corner_20,0.55,6703.058,101.15,6810.439,1.0
2026,10,Belgian Grand Prix,Q,PER,7,SOFT,,belgian-grand-prix_corner_02,belgian-grand-prix_corner_02,0.55,381.904,6.985,465.226,1.0
2026,10,Belgian Grand Prix,Q,PER,7,SOFT,,belgian-grand-prix_corner_08,belgian-grand-prix_corner_08,0.55,2470.21,34.905,2539.543,1.0
2026,10,Belgian Grand Prix,Q,PER,7,SOFT,,belgian-grand-prix_corner_09,belgian-grand-prix_corner_09,0.55,2804.588,41.105,2804.588,0.6331
2026,10,Belgian Grand Prix,Q,PER,7,SOFT,,belgian-grand-prix_corner_10,belgian-grand-prix_corner_10,0.55,3142.231,48.425,3142.231,1.0
2026,10,Belgian Grand Prix,Q,PER,7,SOFT,,belgian-grand-prix_corner_13,belgian-grand-prix_corner_13,0.55,4183.855,63.745,4183.855,0.1263
2026,10,Belgian Grand Prix,Q,PER,7,SOFT,,belgian-grand-prix_corner_14,belgian-grand-prix_corner_14,0.55,4539.266,69.505,4659.286,0.2174
2026,10,Belgian Grand Prix,Q,PER,7,SOFT,,belgian-grand-prix_corner_15,belgian-grand-prix_corner_15,0.55,4934.232,76.865,4970.376,1.0
2026,10,Belgian Grand Prix,Q,PER,7,SOFT,,belgian-grand-prix_corner_20,belgian-grand-prix_corner_20,0.55,6722.41,101.665,6812.674,0.969
2026,10,Belgian Grand Prix,Q,PIA,16,SOFT,,belgian-grand-prix_corner_02,belgian-grand-prix_corner_02,0.55,385.498,7.132,439.343,0.99
2026,10,Belgian Grand Prix,Q,PIA,16,SOFT,,belgian-grand-prix_corner_08,belgian-grand-prix_corner_08,0.55,2463.915,34.332,2535.782,0.99
2026,10,Belgian Grand Prix,Q,PIA,16,SOFT,,belgian-grand-prix_corner_09,belgian-grand-prix_corner_09,0.55,2794.096,40.092,2794.096,0.6086
2026,10,Belgian Grand Prix,Q,PIA,16,SOFT,,belgian-grand-prix_corner_10,belgian-grand-prix_corner_10,0.55,3144.302,47.372,3144.302,0.99
2026,10,Belgian Grand Prix,Q,PIA,16,SOFT,,belgian-grand-prix_corner_13,belgian-grand-prix_corner_13,0.55,4184.128,62.052,4184.128,0.2356
2026,10,Belgian Grand Prix,Q,PIA,16,SOFT,,belgian-grand-prix_corner_14,belgian-grand-prix_corner_14,0.55,4529.495,67.412,4707.384,0.1976
2026,10,Belgian Grand Prix,Q,PIA,16,SOFT,,belgian-grand-prix_corner_15,belgian-grand-prix_corner_15,0.55,4920.84,74.372,4983.218,0.99
2026,10,Belgian Grand Prix,Q,PIA,16,SOFT,,belgian-grand-prix_corner_20,belgian-grand-prix_corner_20,0.55,6741.305,100.612,6802.038,0.99
2026,10,Belgian Grand Prix,Q,RUS,17,SOFT,,belgian-grand-prix_corner_02,belgian-grand-prix_corner_02,0.55,383.52,6.792,456.619,1.0
2026,10,Belgian Grand Prix,Q,RUS,17,SOFT,,belgian-grand-prix_corner_08,belgian-grand-prix_corner_08,0.55,2448.235,33.632,2531.307,1.0
2026,10,Belgian Grand Prix,Q,RUS,17,SOFT,,belgian-grand-prix_corner_09,belgian-grand-prix_corner_09,0.55,2805.93,39.952,2805.93,0.654
2026,10,Belgian Grand Prix,Q,RUS,17,SOFT,,belgian-grand-prix_corner_10,belgian-grand-prix_corner_10,0.55,3145.949,46.992,3145.949,1.0
2026,10,Belgian Grand Prix,Q,RUS,17,SOFT,,belgian-grand-prix_corner_13,belgian-grand-prix_corner_13,0.55,4184.329,61.832,4184.329,0.309
2026,10,Belgian Grand Prix,Q,RUS,17,SOFT,,belgian-grand-prix_corner_14,belgian-grand-prix_corner_14,0.55,4528.55,67.232,4547.15,0.6629
2026,10,Belgian Grand Prix,Q,RUS,17,SOFT,,belgian-grand-prix_corner_15,belgian-grand-prix_corner_15,0.55,4913.141,74.112,4992.453,1.0
2026,10,Belgian Grand Prix,Q,RUS,17,SOFT,,belgian-grand-prix_corner_20,belgian-grand-prix_corner_20,0.55,6719.731,98.752,6807.686,0.6111
2026,10,Belgian Grand Prix,Q,SAI,11,SOFT,,belgian-grand-prix_corner_02,belgian-grand-prix_corner_02,0.55,380.871,7.197,447.549,1.0
2026,10,Belgian Grand Prix,Q,SAI,11,SOFT,,belgian-grand-prix_corner_08,belgian-grand-prix_corner_08,0.55,2439.94,34.277,2530.707,1.0
2026,10,Belgian Grand Prix,Q,SAI,11,SOFT,,belgian-grand-prix_corner_09,belgian-grand-prix_corner_09,0.55,2807.672,41.037,2807.672,0.6851
2026,10,Belgian Grand Prix,Q,SAI,11,SOFT,,belgian-grand-prix_corner_10,belgian-grand-prix_corner_10,0.55,3135.209,48.317,3135.209,1.0
2026,10,Belgian Grand Prix,Q,SAI,11,SOFT,,belgian-grand-prix_corner_13,belgian-grand-prix_corner_13,0.55,4193.014,63.598,4193.014,0.3389
2026,10,Belgian Grand Prix,Q,SAI,11,SOFT,,belgian-grand-prix_corner_14,belgian-grand-prix_corner_14,0.55,4530.56,69.077,4643.19,0.1938
2026,10,Belgian Grand Prix,Q,SAI,11,SOFT,,belgian-grand-prix_corner_15,belgian-grand-prix_corner_15,0.55,4901.491,75.957,4953.271,1.0
2026,10,Belgian Grand Prix,Q,SAI,11,SOFT,,belgian-grand-prix_corner_20,belgian-grand-prix_corner_20,0.55,6688.04,100.277,6790.585,1.0
2026,10,Belgian Grand Prix,Q,STR,7,SOFT,,belgian-grand-prix_corner_02,belgian-grand-prix_corner_02,0.55,386.437,7.281,441.854,1.0
2026,10,Belgian Grand Prix,Q,STR,7,SOFT,,belgian-grand-prix_corner_08,belgian-grand-prix_corner_08,0.55,2444.736,35.041,2533.314,1.0
2026,10,Belgian Grand Prix,Q,STR,7,SOFT,,belgian-grand-prix_corner_09,belgian-grand-prix_corner_09,0.55,2795.421,41.881,2795.421,0.6509
2026,10,Belgian Grand Prix,Q,STR,7,SOFT,,belgian-grand-prix_corner_10,belgian-grand-prix_corner_10,0.55,3142.933,49.441,3142.933,1.0
2026,10,Belgian Grand Prix,Q,STR,7,SOFT,,belgian-grand-prix_corner_13,belgian-grand-prix_corner_13,0.55,4181.379,65.121,4181.379,0.2393
2026,10,Belgian Grand Prix,Q,STR,7,SOFT,,belgian-grand-prix_corner_14,belgian-grand-prix_corner_14,0.55,4532.409,70.961,4555.743,0.6297
2026,10,Belgian Grand Prix,Q,STR,7,SOFT,,belgian-grand-prix_corner_15,belgian-grand-prix_corner_15,0.55,4919.769,78.401,4957.135,1.0
2026,10,Belgian Grand Prix,Q,STR,7,SOFT,,belgian-grand-prix_corner_20,belgian-grand-prix_corner_20,0.55,6700.26,103.121,6778.697,0.8982
2026,10,Belgian Grand Prix,Q,VER,11,SOFT,,belgian-grand-prix_corner_02,belgian-grand-prix_corner_02,0.55,386.269,7.112,435.969,1.0
2026,10,Belgian Grand Prix,Q,VER,11,SOFT,,belgian-grand-prix_corner_08,belgian-grand-prix_corner_08,0.55,2484.378,34.673,2530.623,1.0
2026,10,Belgian Grand Prix,Q,VER,11,SOFT,,belgian-grand-prix_corner_09,belgian-grand-prix_corner_09,0.55,2802.838,40.232,2802.838,0.4977
2026,10,Belgian Grand Prix,Q,VER,11,SOFT,,belgian-grand-prix_corner_10,belgian-grand-prix_corner_10,0.55,3146.784,47.272,3146.784,1.0
2026,10,Belgian Grand Prix,Q,VER,11,SOFT,,belgian-grand-prix_corner_13,belgian-grand-prix_corner_13,0.55,4183.597,62.033,4183.597,0.0973
2026,10,Belgian Grand Prix,Q,VER,11,SOFT,,belgian-grand-prix_corner_14,belgian-grand-prix_corner_14,0.55,4530.366,67.312,4556.861,0.4254
2026,10,Belgian Grand Prix,Q,VER,11,SOFT,,belgian-grand-prix_corner_15,belgian-grand-prix_corner_15,0.55,4932.915,74.553,4974.782,1.0
2026,10,Belgian Grand Prix,Q,VER,11,SOFT,,belgian-grand-prix_corner_20,belgian-grand-prix_corner_20,0.55,6722.562,98.553,6821.175,0.8516
2026,10,Belgian Grand Prix,R,ALB,21,HARD,,belgian-grand-prix_corner_02,belgian-grand-prix_corner_02,0.55,382.297,7.215,466.08,1.0
2026,10,Belgian Grand Prix,R,ALB,21,HARD,,belgian-grand-prix_corner_08,belgian-grand-prix_corner_08,0.55,2438.214,35.214,2680.81,1.0
2026,10,Belgian Grand Prix,R,ALB,21,HARD,,belgian-grand-prix_corner_09,belgian-grand-prix_corner_09,0.55,2794.937,42.214,2794.937,0.4613
2026,10,Belgian Grand Prix,R,ALB,21,HARD,,belgian-grand-prix_corner_10,belgian-grand-prix_corner_10,0.55,3129.584,49.774,3146.784,1.0
2026,10,Belgian Grand Prix,R,ALB,21,HARD,,belgian-grand-prix_corner_13,belgian-grand-prix_corner_13,0.55,4172.207,65.774,4172.207,0.1945
2026,10,Belgian Grand Prix,R,ALB,21,HARD,,belgian-grand-prix_corner_14,belgian-grand-prix_corner_14,0.55,4523.658,71.854,4724.228,0.3167
2026,10,Belgian Grand Prix,R,ALB,21,HARD,,belgian-grand-prix_corner_15,belgian-grand-prix_corner_15,0.55,4915.786,79.734,5019.706,0.8225
2026,10,Belgian Grand Prix,R,ALB,21,HARD,,belgian-grand-prix_corner_20,belgian-grand-prix_corner_20,0.55,6697.611,105.374,6822.653,1.0
2026,10,Belgian Grand Prix,R,ALO,34,HARD,,belgian-grand-prix_corner_02,belgian-grand-prix_corner_02,0.55,380.229,7.598,465.829,1.0
2026,10,Belgian Grand Prix,R,ALO,34,HARD,,belgian-grand-prix_corner_08,belgian-grand-prix_corner_08,0.55,2433.247,35.637,2542.158,1.0
2026,10,Belgian Grand Prix,R,ALO,34,HARD,,belgian-grand-prix_corner_09,belgian-grand-prix_corner_09,0.55,2782.885,42.797,2782.885,0.4839
2026,10,Belgian Grand Prix,R,ALO,34,HARD,,belgian-grand-prix_corner_10,belgian-grand-prix_corner_10,0.55,3127.657,50.597,3127.657,1.0
2026,10,Belgian Grand Prix,R,ALO,34,HARD,,belgian-grand-prix_corner_13,belgian-grand-prix_corner_13,0.55,4172.144,66.998,4172.144,0.2166
2026,10,Belgian Grand Prix,R,ALO,34,HARD,,belgian-grand-prix_corner_14,belgian-grand-prix_corner_14,0.55,4521.122,72.878,4650.907,0.1575
2026,10,Belgian Grand Prix,R,ALO,34,HARD,,belgian-grand-prix_corner_15,belgian-grand-prix_corner_15,0.55,4897.084,80.478,4967.884,1.0
2026,10,Belgian Grand Prix,R,ALO,34,HARD,,belgian-grand-prix_corner_20,belgian-grand-prix_corner_20,0.55,6684.415,106.118,6796.374,0.9717
2026,10,Belgian Grand Prix,R,ANT,41,SOFT,,belgian-grand-prix_corner_02,belgian-grand-prix_corner_02,0.55,402.383,8.186,485.651,1.0
2026,10,Belgian Grand Prix,R,ANT,41,SOFT,,belgian-grand-prix_corner_08,belgian-grand-prix_corner_08,0.55,2432.997,34.746,2537.904,1.0
2026,10,Belgian Grand Prix,R,ANT,41,SOFT,,belgian-grand-prix_corner_09,belgian-grand-prix_corner_09,0.55,2789.242,41.546,2789.242,0.4178
2026,10,Belgian Grand Prix,R,ANT,41,SOFT,,belgian-grand-prix_corner_10,belgian-grand-prix_corner_10,0.55,3133.04,49.146,3133.04,1.0
2026,10,Belgian Grand Prix,R,ANT,41,SOFT,,belgian-grand-prix_corner_13,belgian-grand-prix_corner_13,0.55,4170.386,64.745,4170.386,0.1095
2026,10,Belgian Grand Prix,R,ANT,41,SOFT,,belgian-grand-prix_corner_14,belgian-grand-prix_corner_14,0.55,4519.069,70.427,4686.949,0.72
2026,10,Belgian Grand Prix,R,ANT,41,SOFT,,belgian-grand-prix_corner_15,belgian-grand-prix_corner_15,0.55,4921.627,78.225,4976.023,0.9825
2026,10,Belgian Grand Prix,R,ANT,41,SOFT,,belgian-grand-prix_corner_20,belgian-grand-prix_corner_20,0.55,6712.911,102.866,6815.494,0.8971
2026,10,Belgian Grand Prix,R,BEA,22,HARD,,belgian-grand-prix_corner_02,belgian-grand-prix_corner_02,0.55,391.37,7.396,490.002,1.0
2026,10,Belgian Grand Prix,R,BEA,22,HARD,,belgian-grand-prix_corner_08,belgian-grand-prix_corner_08,0.55,2435.6,35.236,2545.066,1.0
2026,10,Belgian Grand Prix,R,BEA,22,HARD,,belgian-grand-prix_corner_09,belgian-grand-prix_corner_09,0.55,2786.403,42.237,2786.403,0.4022
2026,10,Belgian Grand Prix,R,BEA,22,HARD,,belgian-grand-prix_corner_10,belgian-grand-prix_corner_10,0.55,3130.826,49.717,3130.826,1.0
2026,10,Belgian Grand Prix,R,BEA,22,HARD,,belgian-grand-prix_corner_13,belgian-grand-prix_corner_13,0.55,4174.889,65.717,4174.889,0.0941
2026,10,Belgian Grand Prix,R,BEA,22,HARD,,belgian-grand-prix_corner_14,belgian-grand-prix_corner_14,0.55,4520.856,71.317,4567.856,0.4382
2026,10,Belgian Grand Prix,R,BEA,22,HARD,,belgian-grand-prix_corner_15,belgian-grand-prix_corner_15,0.55,4919.467,79.197,5019.823,1.0
2026,10,Belgian Grand Prix,R,BEA,22,HARD,,belgian-grand-prix_corner_20,belgian-grand-prix_corner_20,0.55,6723.996,104.637,6842.603,0.8987
2026,10,Belgian Grand Prix,R,BOR,22,HARD,,belgian-grand-prix_corner_02,belgian-grand-prix_corner_02,0.55,396.965,7.72,455.243,1.0
2026,10,Belgian Grand Prix,R,BOR,22,HARD,,belgian-grand-prix_corner_08,belgian-grand-prix_corner_08,0.55,2446.321,35.24,2535.097,1.0
2026,10,Belgian Grand Prix,R,BOR,22,HARD,,belgian-grand-prix_corner_09,belgian-grand-prix_corner_09,0.55,2794.061,41.96,2794.061,0.5406
2026,10,Belgian Grand Prix,R,BOR,22,HARD,,belgian-grand-prix_corner_10,belgian-grand-prix_corner_10,0.55,3128.18,49.2,3128.18,1.0
2026,10,Belgian Grand Prix,R,BOR,22,HARD,,belgian-grand-prix_corner_13,belgian-grand-prix_corner_13,0.55,4170.218,64.88,4170.218,0.1121
2026,10,Belgian Grand Prix,R,BOR,22,HARD,,belgian-grand-prix_corner_14,belgian-grand-prix_corner_14,0.55,4523.863,70.44,4565.973,0.205
2026,10,Belgian Grand Prix,R,BOR,22,HARD,,belgian-grand-prix_corner_15,belgian-grand-prix_corner_15,0.55,4941.578,78.639,4989.939,1.0
2026,10,Belgian Grand Prix,R,BOR,22,HARD,,belgian-grand-prix_corner_20,belgian-grand-prix_corner_20,0.55,6719.786,103.72,6844.727,0.8866
2026,10,Belgian Grand Prix,R,BOT,35,SOFT,,belgian-grand-prix_corner_02,belgian-grand-prix_corner_02,0.55,392.98,7.61,457.199,1.0
2026,10,Belgian Grand Prix,R,BOT,35,SOFT,,belgian-grand-prix_corner_08,belgian-grand-prix_corner_08,0.55,2450.602,35.489,2534.269,1.0
2026,10,Belgian Grand Prix,R,BOT,35,SOFT,,belgian-grand-prix_corner_09,belgian-grand-prix_corner_09,0.55,2789.484,42.289,2789.484,0.3686
2026,10,Belgian Grand Prix,R,BOT,35,SOFT,,belgian-grand-prix_corner_10,belgian-grand-prix_corner_10,0.55,3127.847,49.889,3138.581,1.0
2026,10,Belgian Grand Prix,R,BOT,35,SOFT,,belgian-grand-prix_corner_13,belgian-grand-prix_corner_13,0.55,4169.652,66.17,4169.652,0.1222
2026,10,Belgian Grand Prix,R,BOT,35,SOFT,,belgian-grand-prix_corner_14,belgian-grand-prix_corner_14,0.55,4528.111,72.05,4562.522,0.3361
2026,10,Belgian Grand Prix,R,BOT,35,SOFT,,belgian-grand-prix_corner_15,belgian-grand-prix_corner_15,0.55,4917.63,79.77,5000.263,0.885
2026,10,Belgian Grand Prix,R,BOT,35,SOFT,,belgian-grand-prix_corner_20,belgian-grand-prix_corner_20,0.55,6601.655,101.97,6843.51,0.8251
2026,10,Belgian Grand Prix,R,COL,42,HARD,,belgian-grand-prix_corner_02,belgian-grand-prix_corner_02,0.55,386.577,7.452,468.338,1.0
2026,10,Belgian Grand Prix,R,COL,42,HARD,,belgian-grand-prix_corner_08,belgian-grand-prix_corner_08,0.55,2445.382,35.492,2671.489,1.0
2026,10,Belgian Grand Prix,R,COL,42,HARD,,belgian-grand-prix_corner_09,belgian-grand-prix_corner_09,0.55,2790.963,42.212,2790.963,0.4763
2026,10,Belgian Grand Prix,R,COL,42,HARD,,belgian-grand-prix_corner_10,belgian-grand-prix_corner_10,0.55,3141.959,50.172,3141.959,1.0
2026,10,Belgian Grand Prix,R,COL,42,HARD,,belgian-grand-prix_corner_13,belgian-grand-prix_corner_13,0.55,4181.756,65.892,4181.756,0.2323
2026,10,Belgian Grand Prix,R,COL,42,HARD,,belgian-grand-prix_corner_14,belgian-grand-prix_corner_14,0.55,4523.659,71.733,4695.964,0.4321
2026,10,Belgian Grand Prix,R,COL,42,HARD,,belgian-grand-prix_corner_15,belgian-grand-prix_corner_15,0.55,4914.65,79.412,4977.422,0.948
2026,10,Belgian Grand Prix,R,COL,42,HARD,,belgian-grand-prix_corner_20,belgian-grand-prix_corner_20,0.55,6696.419,104.533,6833.589,1.0
2026,10,Belgian Grand Prix,R,GAS,39,HARD,,belgian-grand-prix_corner_02,belgian-grand-prix_corner_02,0.55,378.634,6.903,468.972,1.0
2026,10,Belgian Grand Prix,R,GAS,39,HARD,,belgian-grand-prix_corner_08,belgian-grand-prix_corner_08,0.55,2444.987,35.103,2540.087,1.0
2026,10,Belgian Grand Prix,R,GAS,39,HARD,,belgian-grand-prix_corner_09,belgian-grand-prix_corner_09,0.55,2784.22,41.903,2784.22,0.4842
2026,10,Belgian Grand Prix,R,GAS,39,HARD,,belgian-grand-prix_corner_10,belgian-grand-prix_corner_10,0.55,3130.645,49.783,3130.645,1.0
2026,10,Belgian Grand Prix,R,GAS,39,HARD,,belgian-grand-prix_corner_13,belgian-grand-prix_corner_13,0.55,4178.591,65.623,4178.591,0.3048
2026,10,Belgian Grand Prix,R,GAS,39,HARD,,belgian-grand-prix_corner_14,belgian-grand-prix_corner_14,0.55,4530.311,71.743,4680.209,0.0236
2026,10,Belgian Grand Prix,R,GAS,39,HARD,,belgian-grand-prix_corner_15,belgian-grand-prix_corner_15,0.55,4908.864,79.383,4962.955,1.0
2026,10,Belgian Grand Prix,R,GAS,39,HARD,,belgian-grand-prix_corner_20,belgian-grand-prix_corner_20,0.55,6697.495,104.503,6807.882,1.0
2026,10,Belgian Grand Prix,R,HAD,44,HARD,,belgian-grand-prix_corner_02,belgian-grand-prix_corner_02,0.55,402.733,7.914,472.878,1.0
2026,10,Belgian Grand Prix,R,HAD,44,HARD,,belgian-grand-prix_corner_08,belgian-grand-prix_corner_08,0.55,2442.068,34.715,2699.349,1.0
2026,10,Belgian Grand Prix,R,HAD,44,HARD,,belgian-grand-prix_corner_09,belgian-grand-prix_corner_09,0.55,2788.372,41.474,2788.372,0.2734
2026,10,Belgian Grand Prix,R,HAD,44,HARD,,belgian-grand-prix_corner_10,belgian-grand-prix_corner_10,0.55,3129.703,49.034,3168.063,1.0
2026,10,Belgian Grand Prix,R,HAD,44,HARD,,belgian-grand-prix_corner_13,belgian-grand-prix_corner_13,0.55,4189.739,64.914,4189.739,0.0
2026,10,Belgian Grand Prix,R,HAD,44,HARD,,belgian-grand-prix_corner_14,belgian-grand-prix_corner_14,0.55,4531.583,70.474,4713.172,0.5009
2026,10,Belgian Grand Prix,R,HAD,44,HARD,,belgian-grand-prix_corner_15,belgian-grand-prix_corner_15,0.55,4920.728,78.234,4999.472,0.9475
2026,10,Belgian Grand Prix,R,HAD,44,HARD,,belgian-grand-prix_corner_20,belgian-grand-prix_corner_20,0.55,6722.898,103.154,6845.732,0.8975
2026,10,Belgian Grand Prix,R,HAM,33,HARD,,belgian-grand-prix_corner_02,belgian-grand-prix_corner_02,0.55,389.218,7.325,480.362,1.0
2026,10,Belgian Grand Prix,R,HAM,33,HARD,,belgian-grand-prix_corner_08,belgian-grand-prix_corner_08,0.55,2444.425,34.685,2545.156,0.994
2026,10,Belgian Grand Prix,R,HAM,33,HARD,,belgian-grand-prix_corner_09,belgian-grand-prix_corner_09,0.55,2795.511,41.605,2795.511,0.395
2026,10,Belgian Grand Prix,R,HAM,33,HARD,,belgian-grand-prix_corner_10,belgian-grand-prix_corner_10,0.55,3130.647,49.045,3130.647,1.0
2026,10,Belgian Grand Prix,R,HAM,33,HARD,,belgian-grand-prix_corner_13,belgian-grand-prix_corner_13,0.55,4177.023,64.646,4177.023,0.0743
2026,10,Belgian Grand Prix,R,HAM,33,HARD,,belgian-grand-prix_corner_14,belgian-grand-prix_corner_14,0.55,4520.504,70.125,4687.301,0.8676
2026,10,Belgian Grand Prix,R,HAM,33,HARD,,belgian-grand-prix_corner_15,belgian-grand-prix_corner_15,0.55,4911.584,77.686,4987.415,0.945
2026,10,Belgian Grand Prix,R,HAM,33,HARD,,belgian-grand-prix_corner_20,belgian-grand-prix_corner_20,0.55,6710.877,102.966,6831.443,0.8603
2026,10,Belgian Grand Prix,R,HUL,41,HARD,,belgian-grand-prix_corner_02,belgian-grand-prix_corner_02,0.55,398.019,7.702,480.663,1.0
2026,10,Belgian Grand Prix,R,HUL,41,HARD,,belgian-grand-prix_corner_08,belgian-grand-prix_corner_08,0.55,2440.905,34.662,2541.783,1.0
2026,10,Belgian Grand Prix,R,HUL,41,HARD,,belgian-grand-prix_corner_09,belgian-grand-prix_corner_09,0.55,2785.742,41.542,2785.742,0.4962
2026,10,Belgian Grand Prix,R,HUL,41,HARD,,belgian-grand-prix_corner_10,belgian-grand-prix_corner_10,0.55,3132.629,49.302,3132.629,1.0
2026,10,Belgian Grand Prix,R,HUL,41,HARD,,belgian-grand-prix_corner_13,belgian-grand-prix_corner_13,0.55,4195.842,65.462,4195.842,0.0259
2026,10,Belgian Grand Prix,R,HUL,41,HARD,,belgian-grand-prix_corner_14,belgian-grand-prix_corner_14,0.55,4521.231,70.742,4699.276,0.4263
2026,10,Belgian Grand Prix,R,HUL,41,HARD,,belgian-grand-prix_corner_15,belgian-grand-prix_corner_15,0.55,4934.544,79.022,4983.446,1.0
2026,10,Belgian Grand Prix,R,HUL,41,HARD,,belgian-grand-prix_corner_20,belgian-grand-prix_corner_20,0.55,6716.269,103.862,6823.821,0.9689
2026,10,Belgian Grand Prix,R,LAW,44,HARD,,belgian-grand-prix_corner_02,belgian-grand-prix_corner_02,0.55,390.216,7.5,461.566,1.0
2026,10,Belgian Grand Prix,R,LAW,44,HARD,,belgian-grand-prix_corner_08,belgian-grand-prix_corner_08,0.55,2449.02,35.061,2665.467,1.0
2026,10,Belgian Grand Prix,R,LAW,44,HARD,,belgian-grand-prix_corner_09,belgian-grand-prix_corner_09,0.55,2784.6,41.9,2784.6,0.459
2026,10,Belgian Grand Prix,R,LAW,44,HARD,,belgian-grand-prix_corner_10,belgian-grand-prix_corner_10,0.55,3128.29,49.82,3139.336,1.0
2026,10,Belgian Grand Prix,R,LAW,44,HARD,,belgian-grand-prix_corner_13,belgian-grand-prix_corner_13,0.55,4217.38,66.5,4217.38,0.1076
2026,10,Belgian Grand Prix,R,LAW,44,HARD,,belgian-grand-prix_corner_14,belgian-grand-prix_corner_14,0.55,4525.69,71.78,4698.667,0.5005
2026,10,Belgian Grand Prix,R,LAW,44,HARD,,belgian-grand-prix_corner_15,belgian-grand-prix_corner_15,0.55,4917.189,79.78,4975.611,1.0
2026,10,Belgian Grand Prix,R,LAW,44,HARD,,belgian-grand-prix_corner_20,belgian-grand-prix_corner_20,0.55,6709.564,104.7,6802.631,1.0
2026,10,Belgian Grand Prix,R,LEC,23,HARD,,belgian-grand-prix_corner_02,belgian-grand-prix_corner_02,0.55,387.963,7.176,482.574,1.0
2026,10,Belgian Grand Prix,R,LEC,23,HARD,,belgian-grand-prix_corner_08,belgian-grand-prix_corner_08,0.55,2438.4,33.936,2556.7,1.0
2026,10,Belgian Grand Prix,R,LEC,23,HARD,,belgian-grand-prix_corner_09,belgian-grand-prix_corner_09,0.55,2782.324,40.896,2782.324,0.4358
2026,10,Belgian Grand Prix,R,LEC,23,HARD,,belgian-grand-prix_corner_10,belgian-grand-prix_corner_10,0.55,3139.984,48.656,3139.984,1.0
2026,10,Belgian Grand Prix,R,LEC,23,HARD,,belgian-grand-prix_corner_13,belgian-grand-prix_corner_13,0.55,4181.881,64.296,4181.881,0.1408
2026,10,Belgian Grand Prix,R,LEC,23,HARD,,belgian-grand-prix_corner_14,belgian-grand-prix_corner_14,0.55,4519.526,69.616,4697.435,0.6872
2026,10,Belgian Grand Prix,R,LEC,23,HARD,,belgian-grand-prix_corner_15,belgian-grand-prix_corner_15,0.55,4913.635,77.096,4993.702,0.96
2026,10,Belgian Grand Prix,R,LEC,23,HARD,,belgian-grand-prix_corner_20,belgian-grand-prix_corner_20,0.55,6726.313,102.776,6849.111,0.8675
2026,10,Belgian Grand Prix,R,LIN,23,HARD,,belgian-grand-prix_corner_02,belgian-grand-prix_corner_02,0.55,385.294,7.591,469.561,1.0
2026,10,Belgian Grand Prix,R,LIN,23,HARD,,belgian-grand-prix_corner_08,belgian-grand-prix_corner_08,0.55,2440.021,35.111,2670.442,1.0
2026,10,Belgian Grand Prix,R,LIN,23,HARD,,belgian-grand-prix_corner_09,belgian-grand-prix_corner_09,0.55,2781.653,41.791,2781.653,0.5774
2026,10,Belgian Grand Prix,R,LIN,23,HARD,,belgian-grand-prix_corner_10,belgian-grand-prix_corner_10,0.55,3135.551,49.631,3135.551,1.0
2026,10,Belgian Grand Prix,R,LIN,23,HARD,,belgian-grand-prix_corner_13,belgian-grand-prix_corner_13,0.55,4185.726,65.591,4185.726,0.2199
2026,10,Belgian Grand Prix,R,LIN,23,HARD,,belgian-grand-prix_corner_14,belgian-grand-prix_corner_14,0.55,4528.215,71.312,4681.579,0.3516
2026,10,Belgian Grand Prix,R,LIN,23,HARD,,belgian-grand-prix_corner_15,belgian-grand-prix_corner_15,0.55,4914.328,78.831,4977.417,1.0
2026,10,Belgian Grand Prix,R,LIN,23,HARD,,belgian-grand-prix_corner_20,belgian-grand-prix_corner_20,0.55,6694.816,104.072,6810.962,1.0
2026,10,Belgian Grand Prix,R,NOR,44,MEDIUM,,belgian-grand-prix_corner_02,belgian-grand-prix_corner_02,0.55,387.597,7.587,456.044,1.0
2026,10,Belgian Grand Prix,R,NOR,44,MEDIUM,,belgian-grand-prix_corner_08,belgian-grand-prix_corner_08,0.55,2433.862,34.708,2515.862,1.0
2026,10,Belgian Grand Prix,R,NOR,44,MEDIUM,,belgian-grand-prix_corner_09,belgian-grand-prix_corner_09,0.55,2786.984,41.547,2786.984,0.4627
2026,10,Belgian Grand Prix,R,NOR,44,MEDIUM,,belgian-grand-prix_corner_10,belgian-grand-prix_corner_10,0.55,3135.179,49.428,3135.179,1.0
2026,10,Belgian Grand Prix,R,NOR,44,MEDIUM,,belgian-grand-prix_corner_13,belgian-grand-prix_corner_13,0.55,4172.979,64.788,4172.979,0.2675
2026,10,Belgian Grand Prix,R,NOR,44,MEDIUM,,belgian-grand-prix_corner_14,belgian-grand-prix_corner_14,0.55,4527.517,70.828,4672.751,0.1838
2026,10,Belgian Grand Prix,R,NOR,44,MEDIUM,,belgian-grand-prix_corner_15,belgian-grand-prix_corner_15,0.55,4908.473,78.228,4989.971,1.0
2026,10,Belgian Grand Prix,R,NOR,44,MEDIUM,,belgian-grand-prix_corner_20,belgian-grand-prix_corner_20,0.55,6691.091,102.428,6816.368,1.0
2026,10,Belgian Grand Prix,R,OCO,44,HARD,,belgian-grand-prix_corner_02,belgian-grand-prix_corner_02,0.55,381.191,7.527,472.045,1.0
2026,10,Belgian Grand Prix,R,OCO,44,HARD,,belgian-grand-prix_corner_08,belgian-grand-prix_corner_08,0.55,2474.215,36.727,2525.956,1.0
2026,10,Belgian Grand Prix,R,OCO,44,HARD,,belgian-grand-prix_corner_09,belgian-grand-prix_corner_09,0.55,2789.018,42.887,2789.018,0.5368
2026,10,Belgian Grand Prix,R,OCO,44,HARD,,belgian-grand-prix_corner_10,belgian-grand-prix_corner_10,0.55,3140.421,50.968,3140.421,1.0
2026,10,Belgian Grand Prix,R,OCO,44,HARD,,belgian-grand-prix_corner_13,belgian-grand-prix_corner_13,0.55,4170.491,66.687,4170.491,0.2211
2026,10,Belgian Grand Prix,R,OCO,44,HARD,,belgian-grand-prix_corner_14,belgian-grand-prix_corner_14,0.55,4529.986,72.687,4680.775,0.3785
2026,10,Belgian Grand Prix,R,OCO,44,HARD,,belgian-grand-prix_corner_15,belgian-grand-prix_corner_15,0.55,4925.132,80.607,4994.51,1.0
2026,10,Belgian Grand Prix,R,OCO,44,HARD,,belgian-grand-prix_corner_20,belgian-grand-prix_corner_20,0.55,6700.47,104.968,6827.017,0.9955
2026,10,Belgian Grand Prix,R,PER,10,SOFT,,belgian-grand-prix_corner_02,belgian-grand-prix_corner_02,0.55,385.372,7.431,468.471,1.0
2026,10,Belgian Grand Prix,R,PER,10,SOFT,,belgian-grand-prix_corner_08,belgian-grand-prix_corner_08,0.55,2441.419,35.872,2539.297,1.0
2026,10,Belgian Grand Prix,R,PER,10,SOFT,,belgian-grand-prix_corner_09,belgian-grand-prix_corner_09,0.55,2785.089,42.832,2785.089,0.5209
2026,10,Belgian Grand Prix,R,PER,10,SOFT,,belgian-grand-prix_corner_10,belgian-grand-prix_corner_10,0.55,3137.212,50.793,3137.212,1.0
2026,10,Belgian Grand Prix,R,PER,10,SOFT,,belgian-grand-prix_corner_13,belgian-grand-prix_corner_13,0.55,4183.63,67.192,4183.63,0.0213
2026,10,Belgian Grand Prix,R,PER,10,SOFT,,belgian-grand-prix_corner_14,belgian-grand-prix_corner_14,0.55,4519.609,72.911,4710.261,0.5596
2026,10,Belgian Grand Prix,R,PER,10,SOFT,,belgian-grand-prix_corner_15,belgian-grand-prix_corner_15,0.55,4915.723,81.072,4980.701,0.96
2026,10,Belgian Grand Prix,R,PER,10,SOFT,,belgian-grand-prix_corner_20,belgian-grand-prix_corner_20,0.55,6704.266,106.952,6821.136,1.0
2026,10,Belgian Grand Prix,R,PIA,23,HARD,,belgian-grand-prix_corner_02,belgian-grand-prix_corner_02,0.55,377.902,7.518,458.298,0.99
2026,10,Belgian Grand Prix,R,PIA,23,HARD,,belgian-grand-prix_corner_08,belgian-grand-prix_corner_08,0.55,2475.616,35.878,2679.341,0.99
2026,10,Belgian Grand Prix,R,PIA,23,HARD,,belgian-grand-prix_corner_09,belgian-grand-prix_corner_09,0.55,2793.841,41.798,2793.841,0.5026
2026,10,Belgian Grand Prix,R,PIA,23,HARD,,belgian-grand-prix_corner_10,belgian-grand-prix_corner_10,0.55,3132.266,49.399,3132.266,0.9875
2026,10,Belgian Grand Prix,R,PIA,23,HARD,,belgian-grand-prix_corner_13,belgian-grand-prix_corner_13,0.55,4188.824,64.998,4188.824,0.1261
2026,10,Belgian Grand Prix,R,PIA,23,HARD,,belgian-grand-prix_corner_14,belgian-grand-prix_corner_14,0.55,4518.891,70.478,4730.246,0.1354
2026,10,Belgian Grand Prix,R,PIA,23,HARD,,belgian-grand-prix_corner_15,belgian-grand-prix_corner_15,0.55,4898.16,77.878,4977.916,0.99
2026,10,Belgian Grand Prix,R,PIA,23,HARD,,belgian-grand-prix_corner_20,belgian-grand-prix_corner_20,0.55,6694.686,103.118,6820.864,0.99
2026,10,Belgian Grand Prix,R,SAI,24,HARD,,belgian-grand-prix_corner_02,belgian-grand-prix_corner_02,0.55,382.815,7.305,472.112,1.0
2026,10,Belgian Grand Prix,R,SAI,24,HARD,,belgian-grand-prix_corner_08,belgian-grand-prix_corner_08,0.55,2433.353,34.946,2522.742,1.0
2026,10,Belgian Grand Prix,R,SAI,24,HARD,,belgian-grand-prix_corner_09,belgian-grand-prix_corner_09,0.55,2781.486,41.906,2781.486,0.5556
2026,10,Belgian Grand Prix,R,SAI,24,HARD,,belgian-grand-prix_corner_10,belgian-grand-prix_corner_10,0.55,3130.428,49.786,3130.428,1.0
2026,10,Belgian Grand Prix,R,SAI,24,HARD,,belgian-grand-prix_corner_13,belgian-grand-prix_corner_13,0.55,4170.188,65.585,4170.188,0.2423
2026,10,Belgian Grand Prix,R,SAI,24,HARD,,belgian-grand-prix_corner_14,belgian-grand-prix_corner_14,0.55,4526.345,71.585,4674.244,0.1961
2026,10,Belgian Grand Prix,R,SAI,24,HARD,,belgian-grand-prix_corner_15,belgian-grand-prix_corner_15,0.55,4904.861,79.226,4967.142,0.9725
2026,10,Belgian Grand Prix,R,SAI,24,HARD,,belgian-grand-prix_corner_20,belgian-grand-prix_corner_20,0.55,6693.456,104.745,6820.009,1.0
2026,10,Belgian Grand Prix,R,STR,21,SOFT,,belgian-grand-prix_corner_02,belgian-grand-prix_corner_02,0.55,383.896,7.525,436.254,1.0
2026,10,Belgian Grand Prix,R,STR,21,SOFT,,belgian-grand-prix_corner_08,belgian-grand-prix_corner_08,0.55,2437.276,36.124,2515.821,1.0
2026,10,Belgian Grand Prix,R,STR,21,SOFT,,belgian-grand-prix_corner_09,belgian-grand-prix_corner_09,0.55,2797.142,43.364,2797.142,0.5837
2026,10,Belgian Grand Prix,R,STR,21,SOFT,,belgian-grand-prix_corner_10,belgian-grand-prix_corner_10,0.55,3132.751,50.924,3132.751,1.0
2026,10,Belgian Grand Prix,R,STR,21,SOFT,,belgian-grand-prix_corner_13,belgian-grand-prix_corner_13,0.55,4179.343,67.485,4179.343,0.0551
2026,10,Belgian Grand Prix,R,STR,21,SOFT,,belgian-grand-prix_corner_14,belgian-grand-prix_corner_14,0.55,4521.371,73.245,4658.538,0.5069
2026,10,Belgian Grand Prix,R,STR,21,SOFT,,belgian-grand-prix_corner_15,belgian-grand-prix_corner_15,0.55,4931.39,81.405,4956.601,0.866
2026,10,Belgian Grand Prix,R,STR,21,SOFT,,belgian-grand-prix_corner_20,belgian-grand-prix_corner_20,0.55,6709.767,107.525,6811.324,0.9722
2026,10,Belgian Grand Prix,R,VER,23,HARD,,belgian-grand-prix_corner_02,belgian-grand-prix_corner_02,0.55,395.276,7.969,475.598,1.0
2026,10,Belgian Grand Prix,R,VER,23,HARD,,belgian-grand-prix_corner_08,belgian-grand-prix_corner_08,0.55,2438.472,35.009,2542.106,1.0
2026,10,Belgian Grand Prix,R,VER,23,HARD,,belgian-grand-prix_corner_09,belgian-grand-prix_corner_09,0.55,2788.508,41.729,2788.508,0.4909
2026,10,Belgian Grand Prix,R,VER,23,HARD,,belgian-grand-prix_corner_10,belgian-grand-prix_corner_10,0.55,3141.863,49.449,3141.863,1.0
2026,10,Belgian Grand Prix,R,VER,23,HARD,,belgian-grand-prix_corner_13,belgian-grand-prix_corner_13,0.55,4183.664,65.01,4183.664,0.1222
2026,10,Belgian Grand Prix,R,VER,23,HARD,,belgian-grand-prix_corner_14,belgian-grand-prix_corner_14,0.55,4523.866,70.569,4555.266,0.0
2026,10,Belgian Grand Prix,R,VER,23,HARD,,belgian-grand-prix_corner_15,belgian-grand-prix_corner_15,0.55,4921.512,78.129,,0.69
2026,10,Belgian Grand Prix,R,VER,23,HARD,,belgian-grand-prix_corner_20,belgian-grand-prix_corner_20,0.55,6705.972,103.489,6806.004,1.0
2026,11,Hungarian Grand Prix,FP1,ALB,13,SOFT,,hungarian-grand-prix_corner_03,hungarian-grand-prix_corner_03,0.55,448.646,5.219,448.646,0.2401
2026,11,Hungarian Grand Prix,FP1,ALB,13,SOFT,,hungarian-grand-prix_corner_06,hungarian-grand-prix_corner_06,0.55,1156.755,19.739,1248.633,0.9033
2026,11,Hungarian Grand Prix,FP1,ALB,13,SOFT,,hungarian-grand-prix_corner_10,hungarian-grand-prix_corner_10,0.55,2056.318,34.459,2157.773,1.0
2026,11,Hungarian Grand Prix,FP1,ALB,13,SOFT,,hungarian-grand-prix_corner_11,hungarian-grand-prix_corner_11,0.55,2233.192,37.9,2233.192,0.4761
2026,11,Hungarian Grand Prix,FP1,ALB,13,SOFT,,hungarian-grand-prix_corner_16,hungarian-grand-prix_corner_16,0.55,3356.69,59.619,3356.69,0.4682
2026,11,Hungarian Grand Prix,FP1,ALB,13,SOFT,,hungarian-grand-prix_corner_17,hungarian-grand-prix_corner_17,0.55,3574.995,64.7,3574.995,0.1017
2026,11,Hungarian Grand Prix,FP1,ALB,13,SOFT,,hungarian-grand-prix_corner_18,hungarian-grand-prix_corner_18,0.55,3796.038,70.099,3895.002,0.0
2026,11,Hungarian Grand Prix,FP1,ALB,13,SOFT,,hungarian-grand-prix_corner_19,hungarian-grand-prix_corner_19,0.55,4061.68,76.499,4165.954,1.0
2026,11,Hungarian Grand Prix,FP1,ALO,14,SOFT,,hungarian-grand-prix_corner_03,hungarian-grand-prix_corner_03,0.55,499.956,6.158,499.956,1.0
2026,11,Hungarian Grand Prix,FP1,ALO,14,SOFT,,hungarian-grand-prix_corner_06,hungarian-grand-prix_corner_06,0.55,1223.781,20.038,1301.87,0.9326
2026,11,Hungarian Grand Prix,FP1,ALO,14,SOFT,,hungarian-grand-prix_corner_10,hungarian-grand-prix_corner_10,0.55,2098.252,34.279,2196.019,0.8987
2026,11,Hungarian Grand Prix,FP1,ALO,14,SOFT,,hungarian-grand-prix_corner_11,hungarian-grand-prix_corner_11,0.55,2245.274,37.399,2245.274,0.2045
2026,11,Hungarian Grand Prix,FP1,ALO,14,SOFT,,hungarian-grand-prix_corner_16,hungarian-grand-prix_corner_16,0.55,3361.942,59.159,3361.942,1.0
2026,11,Hungarian Grand Prix,FP1,ALO,14,SOFT,,hungarian-grand-prix_corner_17,hungarian-grand-prix_corner_17,0.55,3576.12,62.319,3576.12,0.7828
2026,11,Hungarian Grand Prix,FP1,ALO,14,SOFT,,hungarian-grand-prix_corner_18,hungarian-grand-prix_corner_18,0.55,3803.931,66.719,3803.931,0.9461
2026,11,Hungarian Grand Prix,FP1,ALO,14,SOFT,,hungarian-grand-prix_corner_19,hungarian-grand-prix_corner_19,0.55,4024.964,72.719,4024.964,0.3707
2026,11,Hungarian Grand Prix,FP1,ARO,14,SOFT,,hungarian-grand-prix_corner_03,hungarian-grand-prix_corner_03,0.55,456.919,5.291,456.919,0.187
2026,11,Hungarian Grand Prix,FP1,ARO,14,SOFT,,hungarian-grand-prix_corner_06,hungarian-grand-prix_corner_06,0.55,1151.242,19.731,1236.51,0.8933
2026,11,Hungarian Grand Prix,FP1,ARO,14,SOFT,,hungarian-grand-prix_corner_10,hungarian-grand-prix_corner_10,0.55,2060.273,34.65,2137.841,1.0
2026,11,Hungarian Grand Prix,FP1,ARO,14,SOFT,,hungarian-grand-prix_corner_11,hungarian-grand-prix_corner_11,0.55,2242.085,38.211,2242.085,0.4309
2026,11,Hungarian Grand Prix,FP1,ARO,14,SOFT,,hungarian-grand-prix_corner_16,hungarian-grand-prix_corner_16,0.55,3365.184,59.851,3365.184,0.3808
2026,11,Hungarian Grand Prix,FP1,ARO,14,SOFT,,hungarian-grand-prix_corner_17,hungarian-grand-prix_corner_17,0.55,3575.306,64.771,3588.14,0.164
2026,11,Hungarian Grand Prix,FP1,ARO,14,SOFT,,hungarian-grand-prix_corner_18,hungarian-grand-prix_corner_18,0.55,3803.657,70.571,3894.024,0.0017
2026,11,Hungarian Grand Prix,FP1,ARO,14,SOFT,,hungarian-grand-prix_corner_19,hungarian-grand-prix_corner_19,0.55,4035.743,76.171,4164.632,1.0
2026,11,Hungarian Grand Prix,FP1,BOR,16,SOFT,,hungarian-grand-prix_corner_03,hungarian-grand-prix_corner_03,0.55,458.442,5.309,458.442,0.2006
2026,11,Hungarian Grand Prix,FP1,BOR,16,SOFT,,hungarian-grand-prix_corner_06,hungarian-grand-prix_corner_06,0.55,1145.631,19.069,1228.164,0.965
2026,11,Hungarian Grand Prix,FP1,BOR,16,SOFT,,hungarian-grand-prix_corner_10,hungarian-grand-prix_corner_10,0.55,2047.575,33.789,2134.988,1.0
2026,11,Hungarian Grand Prix,FP1,BOR,16,SOFT,,hungarian-grand-prix_corner_11,hungarian-grand-prix_corner_11,0.55,2235.225,37.429,2235.225,0.5738
2026,11,Hungarian Grand Prix,FP1,BOR,16,SOFT,,hungarian-grand-prix_corner_16,hungarian-grand-prix_corner_16,0.55,3361.39,58.629,3361.39,0.4668
2026,11,Hungarian Grand Prix,FP1,BOR,16,SOFT,,hungarian-grand-prix_corner_17,hungarian-grand-prix_corner_17,0.55,3583.239,63.549,3583.239,0.0872
2026,11,Hungarian Grand Prix,FP1,BOR,16,SOFT,,hungarian-grand-prix_corner_18,hungarian-grand-prix_corner_18,0.55,3798.4,68.748,3905.668,0.0
2026,11,Hungarian Grand Prix,FP1,BOR,16,SOFT,,hungarian-grand-prix_corner_19,hungarian-grand-prix_corner_19,0.55,4065.244,75.108,4160.284,1.0
2026,11,Hungarian Grand Prix,FP1,FOR,6,MEDIUM,,hungarian-grand-prix_corner_03,hungarian-grand-prix_corner_03,0.55,465.98,5.392,465.98,0.1872
2026,11,Hungarian Grand Prix,FP1,FOR,6,MEDIUM,,hungarian-grand-prix_corner_06,hungarian-grand-prix_corner_06,0.55,1148.223,19.753,1208.856,0.95
2026,11,Hungarian Grand Prix,FP1,FOR,6,MEDIUM,,hungarian-grand-prix_corner_10,hungarian-grand-prix_corner_10,0.55,2054.667,34.833,2134.423,0.9825
2026,11,Hungarian Grand Prix,FP1,FOR,6,MEDIUM,,hungarian-grand-prix_corner_11,hungarian-grand-prix_corner_11,0.55,2235.427,38.312,2235.427,0.568
2026,11,Hungarian Grand Prix,FP1,FOR,6,MEDIUM,,hungarian-grand-prix_corner_16,hungarian-grand-prix_corner_16,0.55,3362.659,59.953,3362.659,0.4308
2026,11,Hungarian Grand Prix,FP1,FOR,6,MEDIUM,,hungarian-grand-prix_corner_17,hungarian-grand-prix_corner_17,0.55,3578.757,65.072,3578.757,0.1328
2026,11,Hungarian Grand Prix,FP1,FOR,6,MEDIUM,,hungarian-grand-prix_corner_18,hungarian-grand-prix_corner_18,0.55,3795.89,70.633,3881.619,0.0
2026,11,Hungarian Grand Prix,FP1,FOR,6,MEDIUM,,hungarian-grand-prix_corner_19,hungarian-grand-prix_corner_19,0.55,4034.641,76.353,4128.312,0.99
2026,11,Hungarian Grand Prix,FP1,GAS,18,SOFT,,hungarian-grand-prix_corner_03,hungarian-grand-prix_corner_03,0.55,462.898,5.384,462.898,0.2103
2026,11,Hungarian Grand Prix,FP1,GAS,18,SOFT,,hungarian-grand-prix_corner_06,hungarian-grand-prix_corner_06,0.55,1141.875,19.384,1235.29,0.9133
2026,11,Hungarian Grand Prix,FP1,GAS,18,SOFT,,hungarian-grand-prix_corner_10,hungarian-grand-prix_corner_10,0.55,2049.242,34.304,2127.404,1.0
2026,11,Hungarian Grand Prix,FP1,GAS,18,SOFT,,hungarian-grand-prix_corner_11,hungarian-grand-prix_corner_11,0.55,2260.571,38.384,2260.571,0.4448
2026,11,Hungarian Grand Prix,FP1,GAS,18,SOFT,,hungarian-grand-prix_corner_16,hungarian-grand-prix_corner_16,0.55,3355.962,59.744,3355.962,0.4529
2026,11,Hungarian Grand Prix,FP1,GAS,18,SOFT,,hungarian-grand-prix_corner_17,hungarian-grand-prix_corner_17,0.55,3583.779,64.784,3583.779,0.1002
2026,11,Hungarian Grand Prix,FP1,GAS,18,SOFT,,hungarian-grand-prix_corner_18,hungarian-grand-prix_corner_18,0.55,3798.343,70.024,3869.032,0.0104
2026,11,Hungarian Grand Prix,FP1,GAS,18,SOFT,,hungarian-grand-prix_corner_19,hungarian-grand-prix_corner_19,0.55,4057.684,76.184,4148.096,1.0
2026,11,Hungarian Grand Prix,FP1,HAD,11,SOFT,,hungarian-grand-prix_corner_03,hungarian-grand-prix_corner_03,0.55,470.314,5.466,470.314,0.1494
2026,11,Hungarian Grand Prix,FP1,HAD,11,SOFT,,hungarian-grand-prix_corner_06,hungarian-grand-prix_corner_06,0.55,1140.852,18.866,1207.573,0.9867
2026,11,Hungarian Grand Prix,FP1,HAD,11,SOFT,,hungarian-grand-prix_corner_10,hungarian-grand-prix_corner_10,0.55,2069.231,33.945,2146.264,1.0
2026,11,Hungarian Grand Prix,FP1,HAD,11,SOFT,,hungarian-grand-prix_corner_11,hungarian-grand-prix_corner_11,0.55,2385.436,40.585,,0.4226
2026,11,Hungarian Grand Prix,FP1,HAD,11,SOFT,,hungarian-grand-prix_corner_16,hungarian-grand-prix_corner_16,0.55,3371.787,58.426,3371.787,0.3281
2026,11,Hungarian Grand Prix,FP1,HAD,11,SOFT,,hungarian-grand-prix_corner_17,hungarian-grand-prix_corner_17,0.55,3583.97,63.265,3583.97,0.0651
2026,11,Hungarian Grand Prix,FP1,HAD,11,SOFT,,hungarian-grand-prix_corner_18,hungarian-grand-prix_corner_18,0.55,3800.251,68.425,3886.253,0.0
2026,11,Hungarian Grand Prix,FP1,HAD,11,SOFT,,hungarian-grand-prix_corner_19,hungarian-grand-prix_corner_19,0.55,4063.47,74.705,4166.337,1.0
2026,11,Hungarian Grand Prix,FP1,HAM,12,SOFT,,hungarian-grand-prix_corner_03,hungarian-grand-prix_corner_03,0.55,477.222,5.606,477.222,0.261
2026,11,Hungarian Grand Prix,FP1,HAM,12,SOFT,,hungarian-grand-prix_corner_06,hungarian-grand-prix_corner_06,0.55,1138.295,18.806,1246.187,0.93
2026,11,Hungarian Grand Prix,FP1,HAM,12,SOFT,,hungarian-grand-prix_corner_10,hungarian-grand-prix_corner_10,0.55,2053.881,33.326,2136.503,0.9967
2026,11,Hungarian Grand Prix,FP1,HAM,12,SOFT,,hungarian-grand-prix_corner_11,hungarian-grand-prix_corner_11,0.55,2233.264,36.806,2233.264,0.4275
2026,11,Hungarian Grand Prix,FP1,HAM,12,SOFT,,hungarian-grand-prix_corner_16,hungarian-grand-prix_corner_16,0.55,3367.722,58.286,3367.722,0.4907
2026,11,Hungarian Grand Prix,FP1,HAM,12,SOFT,,hungarian-grand-prix_corner_17,hungarian-grand-prix_corner_17,0.55,3578.989,63.046,3578.989,0.1299
2026,11,Hungarian Grand Prix,FP1,HAM,12,SOFT,,hungarian-grand-prix_corner_18,hungarian-grand-prix_corner_18,0.55,3803.805,68.485,3866.454,0.1021
2026,11,Hungarian Grand Prix,FP1,HAM,12,SOFT,,hungarian-grand-prix_corner_19,hungarian-grand-prix_corner_19,0.55,4059.065,74.366,4162.473,0.99
2026,11,Hungarian Grand Prix,FP1,HER,14,SOFT,,hungarian-grand-prix_corner_03,hungarian-grand-prix_corner_03,0.55,452.764,5.287,452.764,0.1817
2026,11,Hungarian Grand Prix,FP1,HER,14,SOFT,,hungarian-grand-prix_corner_06,hungarian-grand-prix_corner_06,0.55,1156.485,19.767,1242.829,0.66
2026,11,Hungarian Grand Prix,FP1,HER,14,SOFT,,hungarian-grand-prix_corner_10,hungarian-grand-prix_corner_10,0.55,2051.701,35.086,2159.814,1.0
2026,11,Hungarian Grand Prix,FP1,HER,14,SOFT,,hungarian-grand-prix_corner_11,hungarian-grand-prix_corner_11,0.55,2258.758,39.207,2258.758,0.387
2026,11,Hungarian Grand Prix,FP1,HER,14,SOFT,,hungarian-grand-prix_corner_16,hungarian-grand-prix_corner_16,0.55,3356.694,60.967,3356.694,0.3084
2026,11,Hungarian Grand Prix,FP1,HER,14,SOFT,,hungarian-grand-prix_corner_17,hungarian-grand-prix_corner_17,0.55,3573.157,65.887,3590.935,0.0105
2026,11,Hungarian Grand Prix,FP1,HER,14,SOFT,,hungarian-grand-prix_corner_18,hungarian-grand-prix_corner_18,0.55,3796.25,71.367,3872.773,0.0
2026,11,Hungarian Grand Prix,FP1,HER,14,SOFT,,hungarian-grand-prix_corner_19,hungarian-grand-prix_corner_19,0.55,4065.744,77.807,4182.644,1.0
2026,11,Hungarian Grand Prix,FP1,HIR,21,SOFT,,hungarian-grand-prix_corner_03,hungarian-grand-prix_corner_03,0.55,456.629,5.333,456.629,0.2026
2026,11,Hungarian Grand Prix,FP1,HIR,21,SOFT,,hungarian-grand-prix_corner_06,hungarian-grand-prix_corner_06,0.55,1127.069,18.893,1265.894,0.7867
2026,11,Hungarian Grand Prix,FP1,HIR,21,SOFT,,hungarian-grand-prix_corner_10,hungarian-grand-prix_corner_10,0.55,2038.733,34.094,2167.322,1.0
2026,11,Hungarian Grand Prix,FP1,HIR,21,SOFT,,hungarian-grand-prix_corner_11,hungarian-grand-prix_corner_11,0.55,2240.278,38.174,2240.278,0.4869
2026,11,Hungarian Grand Prix,FP1,HIR,21,SOFT,,hungarian-grand-prix_corner_16,hungarian-grand-prix_corner_16,0.55,3354.151,59.774,3354.151,0.325
2026,11,Hungarian Grand Prix,FP1,HIR,21,SOFT,,hungarian-grand-prix_corner_17,hungarian-grand-prix_corner_17,0.55,3576.484,64.774,3593.484,0.1886
2026,11,Hungarian Grand Prix,FP1,HIR,21,SOFT,,hungarian-grand-prix_corner_18,hungarian-grand-prix_corner_18,0.55,3800.121,70.214,3899.027,0.0485
2026,11,Hungarian Grand Prix,FP1,HIR,21,SOFT,,hungarian-grand-prix_corner_19,hungarian-grand-prix_corner_19,0.55,4024.644,75.414,4171.844,1.0
2026,11,Hungarian Grand Prix,FP1,HUL,15,SOFT,,hungarian-grand-prix_corner_03,hungarian-grand-prix_corner_03,0.55,637.913,9.286,,0.2078
2026,11,Hungarian Grand Prix,FP1,HUL,15,SOFT,,hungarian-grand-prix_corner_06,hungarian-grand-prix_corner_06,0.55,1148.655,19.445,1222.029,0.9267
2026,11,Hungarian Grand Prix,FP1,HUL,15,SOFT,,hungarian-grand-prix_corner_10,hungarian-grand-prix_corner_10,0.55,2020.469,33.405,2144.633,1.0
2026,11,Hungarian Grand Prix,FP1,HUL,15,SOFT,,hungarian-grand-prix_corner_11,hungarian-grand-prix_corner_11,0.55,2245.077,37.766,2245.077,0.4812
2026,11,Hungarian Grand Prix,FP1,HUL,15,SOFT,,hungarian-grand-prix_corner_16,hungarian-grand-prix_corner_16,0.55,3361.19,58.965,3361.19,0.5131
2026,11,Hungarian Grand Prix,FP1,HUL,15,SOFT,,hungarian-grand-prix_corner_17,hungarian-grand-prix_corner_17,0.55,3577.631,63.846,3577.631,0.1839
2026,11,Hungarian Grand Prix,FP1,HUL,15,SOFT,,hungarian-grand-prix_corner_18,hungarian-grand-prix_corner_18,0.55,3802.368,69.326,3860.757,0.0
2026,11,Hungarian Grand Prix,FP1,HUL,15,SOFT,,hungarian-grand-prix_corner_19,hungarian-grand-prix_corner_19,0.55,4043.581,74.846,4163.325,1.0
2026,11,Hungarian Grand Prix,FP1,LAW,13,SOFT,,hungarian-grand-prix_corner_03,hungarian-grand-prix_corner_03,0.55,460.48,5.292,460.48,0.2259
2026,11,Hungarian Grand Prix,FP1,LAW,13,SOFT,,hungarian-grand-prix_corner_06,hungarian-grand-prix_corner_06,0.55,1130.313,18.972,1236.09,0.96
2026,11,Hungarian Grand Prix,FP1,LAW,13,SOFT,,hungarian-grand-prix_corner_10,hungarian-grand-prix_corner_10,0.55,2037.439,33.853,2121.2,1.0
2026,11,Hungarian Grand Prix,FP1,LAW,13,SOFT,,hungarian-grand-prix_corner_11,hungarian-grand-prix_corner_11,0.55,2239.155,37.652,2239.155,0.5138
2026,11,Hungarian Grand Prix,FP1,LAW,13,SOFT,,hungarian-grand-prix_corner_16,hungarian-grand-prix_corner_16,0.55,3358.821,58.973,3358.821,0.564
2026,11,Hungarian Grand Prix,FP1,LAW,13,SOFT,,hungarian-grand-prix_corner_17,hungarian-grand-prix_corner_17,0.55,3579.476,64.092,3579.476,0.2061
2026,11,Hungarian Grand Prix,FP1,LAW,13,SOFT,,hungarian-grand-prix_corner_18,hungarian-grand-prix_corner_18,0.55,3796.181,69.173,3874.873,0.0
2026,11,Hungarian Grand Prix,FP1,LAW,13,SOFT,,hungarian-grand-prix_corner_19,hungarian-grand-prix_corner_19,0.55,4064.617,75.693,4118.827,1.0
2026,11,Hungarian Grand Prix,FP1,LEC,14,SOFT,,hungarian-grand-prix_corner_03,hungarian-grand-prix_corner_03,0.55,451.166,5.278,451.166,0.2205
2026,11,Hungarian Grand Prix,FP1,LEC,14,SOFT,,hungarian-grand-prix_corner_06,hungarian-grand-prix_corner_06,0.55,1142.981,19.038,1211.87,0.9933
2026,11,Hungarian Grand Prix,FP1,LEC,14,SOFT,,hungarian-grand-prix_corner_10,hungarian-grand-prix_corner_10,0.55,2020.636,32.718,2150.319,1.0
2026,11,Hungarian Grand Prix,FP1,LEC,14,SOFT,,hungarian-grand-prix_corner_11,hungarian-grand-prix_corner_11,0.55,2237.547,36.958,2237.547,0.5283
2026,11,Hungarian Grand Prix,FP1,LEC,14,SOFT,,hungarian-grand-prix_corner_16,hungarian-grand-prix_corner_16,0.55,3356.143,57.758,3356.143,0.4464
2026,11,Hungarian Grand Prix,FP1,LEC,14,SOFT,,hungarian-grand-prix_corner_17,hungarian-grand-prix_corner_17,0.55,3576.543,62.479,3576.543,0.0874
2026,11,Hungarian Grand Prix,FP1,LEC,14,SOFT,,hungarian-grand-prix_corner_18,hungarian-grand-prix_corner_18,0.55,3800.734,67.718,3882.328,0.0802
2026,11,Hungarian Grand Prix,FP1,LEC,14,SOFT,,hungarian-grand-prix_corner_19,hungarian-grand-prix_corner_19,0.55,4083.472,74.318,4159.145,0.9967
2026,11,Hungarian Grand Prix,FP1,LIN,13,SOFT,,hungarian-grand-prix_corner_03,hungarian-grand-prix_corner_03,0.55,466.2,5.421,466.2,0.2687
2026,11,Hungarian Grand Prix,FP1,LIN,13,SOFT,,hungarian-grand-prix_corner_06,hungarian-grand-prix_corner_06,0.55,1137.697,19.42,1219.186,0.91
2026,11,Hungarian Grand Prix,FP1,LIN,13,SOFT,,hungarian-grand-prix_corner_10,hungarian-grand-prix_corner_10,0.55,2048.602,34.42,2123.968,1.0
2026,11,Hungarian Grand Prix,FP1,LIN,13,SOFT,,hungarian-grand-prix_corner_11,hungarian-grand-prix_corner_11,0.55,2244.676,38.061,2244.676,0.5976
2026,11,Hungarian Grand Prix,FP1,LIN,13,SOFT,,hungarian-grand-prix_corner_16,hungarian-grand-prix_corner_16,0.55,3356.185,59.021,3356.185,0.5055
2026,11,Hungarian Grand Prix,FP1,LIN,13,SOFT,,hungarian-grand-prix_corner_17,hungarian-grand-prix_corner_17,0.55,3575.934,64.061,3575.934,0.1816
2026,11,Hungarian Grand Prix,FP1,LIN,13,SOFT,,hungarian-grand-prix_corner_18,hungarian-grand-prix_corner_18,0.55,3801.619,69.621,3867.686,0.0406
2026,11,Hungarian Grand Prix,FP1,LIN,13,SOFT,,hungarian-grand-prix_corner_19,hungarian-grand-prix_corner_19,0.55,4045.55,75.22,4159.208,1.0
2026,11,Hungarian Grand Prix,FP1,NOR,13,SOFT,,hungarian-grand-prix_corner_03,hungarian-grand-prix_corner_03,0.55,448.252,5.216,448.252,0.1181
2026,11,Hungarian Grand Prix,FP1,NOR,13,SOFT,,hungarian-grand-prix_corner_06,hungarian-grand-prix_corner_06,0.55,1161.843,19.737,1210.11,1.0
2026,11,Hungarian Grand Prix,FP1,NOR,13,SOFT,,hungarian-grand-prix_corner_10,hungarian-grand-prix_corner_10,0.55,2055.163,34.017,2134.552,1.0
2026,11,Hungarian Grand Prix,FP1,NOR,13,SOFT,,hungarian-grand-prix_corner_11,hungarian-grand-prix_corner_11,0.55,2247.453,37.696,2247.453,0.365
2026,11,Hungarian Grand Prix,FP1,NOR,13,SOFT,,hungarian-grand-prix_corner_16,hungarian-grand-prix_corner_16,0.55,3365.018,58.657,3365.018,0.538
2026,11,Hungarian Grand Prix,FP1,NOR,13,SOFT,,hungarian-grand-prix_corner_17,hungarian-grand-prix_corner_17,0.55,3579.329,63.497,3579.329,0.0721
2026,11,Hungarian Grand Prix,FP1,NOR,13,SOFT,,hungarian-grand-prix_corner_18,hungarian-grand-prix_corner_18,0.55,3798.363,68.857,3861.419,0.0
2026,11,Hungarian Grand Prix,FP1,NOR,13,SOFT,,hungarian-grand-prix_corner_19,hungarian-grand-prix_corner_19,0.55,4063.199,74.937,,0.42
2026,11,Hungarian Grand Prix,FP1,OCO,16,SOFT,,hungarian-grand-prix_corner_03,hungarian-grand-prix_corner_03,0.55,471.321,5.398,471.321,0.1892
2026,11,Hungarian Grand Prix,FP1,OCO,16,SOFT,,hungarian-grand-prix_corner_06,hungarian-grand-prix_corner_06,0.55,1160.064,19.638,1237.653,0.9275
2026,11,Hungarian Grand Prix,FP1,OCO,16,SOFT,,hungarian-grand-prix_corner_10,hungarian-grand-prix_corner_10,0.55,2055.326,34.118,2156.504,1.0
2026,11,Hungarian Grand Prix,FP1,OCO,16,SOFT,,hungarian-grand-prix_corner_11,hungarian-grand-prix_corner_11,0.55,2236.398,37.679,2236.398,0.4342
2026,11,Hungarian Grand Prix,FP1,OCO,16,SOFT,,hungarian-grand-prix_corner_16,hungarian-grand-prix_corner_16,0.55,3366.074,59.278,3366.074,0.3408
2026,11,Hungarian Grand Prix,FP1,OCO,16,SOFT,,hungarian-grand-prix_corner_17,hungarian-grand-prix_corner_17,0.55,3573.222,63.919,3592.844,0.0932
2026,11,Hungarian Grand Prix,FP1,OCO,16,SOFT,,hungarian-grand-prix_corner_18,hungarian-grand-prix_corner_18,0.55,3801.093,69.518,3895.052,0.0054
2026,11,Hungarian Grand Prix,FP1,OCO,16,SOFT,,hungarian-grand-prix_corner_19,hungarian-grand-prix_corner_19,0.55,4069.808,75.998,4180.135,1.0
2026,11,Hungarian Grand Prix,FP1,PER,11,SOFT,,hungarian-grand-prix_corner_03,hungarian-grand-prix_corner_03,0.55,617.222,9.21,,0.3592
2026,11,Hungarian Grand Prix,FP1,PER,11,SOFT,,hungarian-grand-prix_corner_06,hungarian-grand-prix_corner_06,0.55,1129.748,19.491,1213.826,0.9167
2026,11,Hungarian Grand Prix,FP1,PER,11,SOFT,,hungarian-grand-prix_corner_10,hungarian-grand-prix_corner_10,0.55,2018.053,34.331,2145.501,1.0
2026,11,Hungarian Grand Prix,FP1,PER,11,SOFT,,hungarian-grand-prix_corner_11,hungarian-grand-prix_corner_11,0.55,2234.041,38.571,2234.041,0.529
2026,11,Hungarian Grand Prix,FP1,PER,11,SOFT,,hungarian-grand-prix_corner_16,hungarian-grand-prix_corner_16,0.55,3483.546,63.57,3531.668,0.6559
2026,11,Hungarian Grand Prix,FP1,PER,11,SOFT,,hungarian-grand-prix_corner_17,hungarian-grand-prix_corner_17,0.55,3591.324,66.051,3591.324,0.2534
2026,11,Hungarian Grand Prix,FP1,PER,11,SOFT,,hungarian-grand-prix_corner_18,hungarian-grand-prix_corner_18,0.55,3797.625,71.611,3836.903,0.0444
2026,11,Hungarian Grand Prix,FP1,PER,11,SOFT,,hungarian-grand-prix_corner_19,hungarian-grand-prix_corner_19,0.55,4023.413,76.85,4110.203,1.0
2026,11,Hungarian Grand Prix,FP1,RUS,11,SOFT,,hungarian-grand-prix_corner_03,hungarian-grand-prix_corner_03,0.55,452.876,5.281,452.876,0.188
2026,11,Hungarian Grand Prix,FP1,RUS,11,SOFT,,hungarian-grand-prix_corner_06,hungarian-grand-prix_corner_06,0.55,1150.649,19.282,1231.227,0.8625
2026,11,Hungarian Grand Prix,FP1,RUS,11,SOFT,,hungarian-grand-prix_corner_10,hungarian-grand-prix_corner_10,0.55,2043.917,33.642,2142.817,1.0
2026,11,Hungarian Grand Prix,FP1,RUS,11,SOFT,,hungarian-grand-prix_corner_11,hungarian-grand-prix_corner_11,0.55,2247.662,37.602,2247.662,0.5104
2026,11,Hungarian Grand Prix,FP1,RUS,11,SOFT,,hungarian-grand-prix_corner_16,hungarian-grand-prix_corner_16,0.55,3358.741,58.562,3358.741,0.2852
2026,11,Hungarian Grand Prix,FP1,RUS,11,SOFT,,hungarian-grand-prix_corner_17,hungarian-grand-prix_corner_17,0.55,3573.563,63.242,3573.563,0.1181
2026,11,Hungarian Grand Prix,FP1,RUS,11,SOFT,,hungarian-grand-prix_corner_18,hungarian-grand-prix_corner_18,0.55,3800.456,68.762,3876.545,0.0
2026,11,Hungarian Grand Prix,FP1,RUS,11,SOFT,,hungarian-grand-prix_corner_19,hungarian-grand-prix_corner_19,0.55,4052.007,74.682,4127.241,1.0
2026,11,Hungarian Grand Prix,FP1,SAI,7,MEDIUM,,hungarian-grand-prix_corner_03,hungarian-grand-prix_corner_03,0.55,460.15,5.372,,0.2618
2026,11,Hungarian Grand Prix,FP1,SAI,7,MEDIUM,,hungarian-grand-prix_corner_06,hungarian-grand-prix_corner_06,0.55,1140.069,19.852,1212.58,0.955
2026,11,Hungarian Grand Prix,FP1,SAI,7,MEDIUM,,hungarian-grand-prix_corner_10,hungarian-grand-prix_corner_10,0.55,2028.78,34.892,2145.362,1.0
2026,11,Hungarian Grand Prix,FP1,SAI,7,MEDIUM,,hungarian-grand-prix_corner_11,hungarian-grand-prix_corner_11,0.55,2250.9,39.252,2250.9,0.5806
2026,11,Hungarian Grand Prix,FP1,SAI,7,MEDIUM,,hungarian-grand-prix_corner_16,hungarian-grand-prix_corner_16,0.55,3355.459,61.172,3355.459,0.4906
2026,11,Hungarian Grand Prix,FP1,SAI,7,MEDIUM,,hungarian-grand-prix_corner_17,hungarian-grand-prix_corner_17,0.55,3575.545,66.412,3575.545,0.205
2026,11,Hungarian Grand Prix,FP1,SAI,7,MEDIUM,,hungarian-grand-prix_corner_18,hungarian-grand-prix_corner_18,0.55,3798.657,72.292,3874.457,0.0
2026,11,Hungarian Grand Prix,FP1,SAI,7,MEDIUM,,hungarian-grand-prix_corner_19,hungarian-grand-prix_corner_19,0.55,4038.838,78.093,4159.667,1.0
2026,11,Hungarian Grand Prix,FP1,STR,4,HARD,,hungarian-grand-prix_corner_03,hungarian-grand-prix_corner_03,0.55,458.298,5.676,458.298,0.17
2026,11,Hungarian Grand Prix,FP1,STR,4,HARD,,hungarian-grand-prix_corner_06,hungarian-grand-prix_corner_06,0.55,1154.185,20.437,1223.918,0.7933
2026,11,Hungarian Grand Prix,FP1,STR,4,HARD,,hungarian-grand-prix_corner_10,hungarian-grand-prix_corner_10,0.55,2041.215,35.397,2137.049,1.0
2026,11,Hungarian Grand Prix,FP1,STR,4,HARD,,hungarian-grand-prix_corner_11,hungarian-grand-prix_corner_11,0.55,2246.44,39.517,2246.44,0.4813
2026,11,Hungarian Grand Prix,FP1,STR,4,HARD,,hungarian-grand-prix_corner_16,hungarian-grand-prix_corner_16,0.55,3357.901,61.437,3357.901,0.4531
2026,11,Hungarian Grand Prix,FP1,STR,4,HARD,,hungarian-grand-prix_corner_17,hungarian-grand-prix_corner_17,0.55,3585.446,66.677,3585.446,0.1077
2026,11,Hungarian Grand Prix,FP1,STR,4,HARD,,hungarian-grand-prix_corner_18,hungarian-grand-prix_corner_18,0.55,3800.408,72.038,3873.888,0.0099
2026,11,Hungarian Grand Prix,FP1,STR,4,HARD,,hungarian-grand-prix_corner_19,hungarian-grand-prix_corner_19,0.55,4060.632,78.197,4145.43,1.0
2026,11,Hungarian Grand Prix,FP1,VER,10,SOFT,,hungarian-grand-prix_corner_03,hungarian-grand-prix_corner_03,0.55,474.24,5.528,,0.1663
2026,11,Hungarian Grand Prix,FP1,VER,10,SOFT,,hungarian-grand-prix_corner_06,hungarian-grand-prix_corner_06,0.55,1144.043,19.248,1205.954,1.0
2026,11,Hungarian Grand Prix,FP1,VER,10,SOFT,,hungarian-grand-prix_corner_10,hungarian-grand-prix_corner_10,0.55,2049.368,33.728,2133.468,1.0
2026,11,Hungarian Grand Prix,FP1,VER,10,SOFT,,hungarian-grand-prix_corner_11,hungarian-grand-prix_corner_11,0.55,2244.341,37.369,2244.341,0.5489
2026,11,Hungarian Grand Prix,FP1,VER,10,SOFT,,hungarian-grand-prix_corner_16,hungarian-grand-prix_corner_16,0.55,3350.398,58.128,3350.398,0.4281
2026,11,Hungarian Grand Prix,FP1,VER,10,SOFT,,hungarian-grand-prix_corner_17,hungarian-grand-prix_corner_17,0.55,3578.821,63.089,3578.821,0.0874
2026,11,Hungarian Grand Prix,FP1,VER,10,SOFT,,hungarian-grand-prix_corner_18,hungarian-grand-prix_corner_18,0.55,3802.848,68.528,3868.986,0.0
2026,11,Hungarian Grand Prix,FP1,VER,10,SOFT,,hungarian-grand-prix_corner_19,hungarian-grand-prix_corner_19,0.55,4064.227,74.488,4137.741,1.0
2026,11,Hungarian Grand Prix,FP1,VES,17,SOFT,,hungarian-grand-prix_corner_03,hungarian-grand-prix_corner_03,0.55,633.701,9.377,,0.2297
2026,11,Hungarian Grand Prix,FP1,VES,17,SOFT,,hungarian-grand-prix_corner_06,hungarian-grand-prix_corner_06,0.55,1154.556,19.777,1223.722,0.99
2026,11,Hungarian Grand Prix,FP1,VES,17,SOFT,,hungarian-grand-prix_corner_10,hungarian-grand-prix_corner_10,0.55,2053.337,34.377,2122.092,1.0
2026,11,Hungarian Grand Prix,FP1,VES,17,SOFT,,hungarian-grand-prix_corner_11,hungarian-grand-prix_corner_11,0.55,2243.675,37.937,2243.675,0.5947
2026,11,Hungarian Grand Prix,FP1,VES,17,SOFT,,hungarian-grand-prix_corner_16,hungarian-grand-prix_corner_16,0.55,3362.118,58.977,3362.118,0.4809
2026,11,Hungarian Grand Prix,FP1,VES,17,SOFT,,hungarian-grand-prix_corner_17,hungarian-grand-prix_corner_17,0.55,3579.069,63.977,3579.069,0.1221
2026,11,Hungarian Grand Prix,FP1,VES,17,SOFT,,hungarian-grand-prix_corner_18,hungarian-grand-prix_corner_18,0.55,3799.647,69.537,3864.607,0.0
2026,11,Hungarian Grand Prix,FP1,VES,17,SOFT,,hungarian-grand-prix_corner_19,hungarian-grand-prix_corner_19,0.55,4045.985,75.177,4140.569,1.0
2026,11,Hungarian Grand Prix,FP2,ALB,14,SOFT,,hungarian-grand-prix_corner_03,hungarian-grand-prix_corner_03,0.55,436.483,5.083,436.483,0.1796
2026,11,Hungarian Grand Prix,FP2,ALB,14,SOFT,,hungarian-grand-prix_corner_06,hungarian-grand-prix_corner_06,0.55,1137.165,19.123,1240.695,1.0
2026,11,Hungarian Grand Prix,FP2,ALB,14,SOFT,,hungarian-grand-prix_corner_11,hungarian-grand-prix_corner_11,0.55,2176.654,36.604,2176.654,0.1863
2026,11,Hungarian Grand Prix,FP2,ALB,14,SOFT,,hungarian-grand-prix_corner_12,hungarian-grand-prix_corner_12,0.55,2399.289,41.604,2470.856,0.4127
2026,11,Hungarian Grand Prix,FP2,ALB,14,SOFT,,hungarian-grand-prix_corner_13,hungarian-grand-prix_corner_13,0.55,2619.147,46.483,2780.788,1.0
2026,11,Hungarian Grand Prix,FP2,ALB,14,SOFT,,hungarian-grand-prix_corner_17,hungarian-grand-prix_corner_17,0.55,3504.707,62.164,3576.918,0.0
2026,11,Hungarian Grand Prix,FP2,ALB,14,SOFT,,hungarian-grand-prix_corner_18,hungarian-grand-prix_corner_18,0.55,3769.488,68.764,3872.959,0.992
2026,11,Hungarian Grand Prix,FP2,ALB,14,SOFT,,hungarian-grand-prix_corner_19,hungarian-grand-prix_corner_19,0.55,4053.022,75.804,,0.6097
2026,11,Hungarian Grand Prix,FP2,ALO,11,SOFT,,hungarian-grand-prix_corner_03,hungarian-grand-prix_corner_03,0.55,452.931,5.465,452.931,0.1411
2026,11,Hungarian Grand Prix,FP2,ALO,11,SOFT,,hungarian-grand-prix_corner_06,hungarian-grand-prix_corner_06,0.55,1156.755,19.825,1216.588,0.9525
2026,11,Hungarian Grand Prix,FP2,ALO,11,SOFT,,hungarian-grand-prix_corner_11,hungarian-grand-prix_corner_11,0.55,2178.337,37.186,2178.337,0.1316
2026,11,Hungarian Grand Prix,FP2,ALO,11,SOFT,,hungarian-grand-prix_corner_12,hungarian-grand-prix_corner_12,0.55,2397.029,42.025,2453.984,0.2673
2026,11,Hungarian Grand Prix,FP2,ALO,11,SOFT,,hungarian-grand-prix_corner_13,hungarian-grand-prix_corner_13,0.55,2611.062,46.785,2628.839,1.0
2026,11,Hungarian Grand Prix,FP2,ALO,11,SOFT,,hungarian-grand-prix_corner_17,hungarian-grand-prix_corner_17,0.55,3517.887,62.985,3568.494,0.6667
2026,11,Hungarian Grand Prix,FP2,ALO,11,SOFT,,hungarian-grand-prix_corner_18,hungarian-grand-prix_corner_18,0.55,3785.562,69.706,3856.752,1.0
2026,11,Hungarian Grand Prix,FP2,ALO,11,SOFT,,hungarian-grand-prix_corner_19,hungarian-grand-prix_corner_19,0.55,3920.841,73.105,3920.841,0.5977
2026,11,Hungarian Grand Prix,FP2,ANT,10,MEDIUM,,hungarian-grand-prix_corner_03,hungarian-grand-prix_corner_03,0.55,450.904,5.213,450.904,0.1209
2026,11,Hungarian Grand Prix,FP2,ANT,10,MEDIUM,,hungarian-grand-prix_corner_06,hungarian-grand-prix_corner_06,0.55,1132.363,18.893,1219.024,0.9367
2026,11,Hungarian Grand Prix,FP2,ANT,10,MEDIUM,,hungarian-grand-prix_corner_11,hungarian-grand-prix_corner_11,0.55,2196.099,36.894,2196.099,0.2
2026,11,Hungarian Grand Prix,FP2,ANT,10,MEDIUM,,hungarian-grand-prix_corner_12,hungarian-grand-prix_corner_12,0.55,2399.731,41.654,2451.764,0.39
2026,11,Hungarian Grand Prix,FP2,ANT,10,MEDIUM,,hungarian-grand-prix_corner_13,hungarian-grand-prix_corner_13,0.55,2617.35,46.413,2775.819,1.0
2026,11,Hungarian Grand Prix,FP2,ANT,10,MEDIUM,,hungarian-grand-prix_corner_17,hungarian-grand-prix_corner_17,0.55,3513.313,62.174,3575.613,0.0
2026,11,Hungarian Grand Prix,FP2,ANT,10,MEDIUM,,hungarian-grand-prix_corner_18,hungarian-grand-prix_corner_18,0.55,3781.094,68.854,3863.194,1.0
2026,11,Hungarian Grand Prix,FP2,ANT,10,MEDIUM,,hungarian-grand-prix_corner_19,hungarian-grand-prix_corner_19,0.55,3923.576,72.293,3923.576,0.6138
2026,11,Hungarian Grand Prix,FP2,BEA,15,SOFT,,hungarian-grand-prix_corner_03,hungarian-grand-prix_corner_03,0.55,625.348,9.263,,0.1793
2026,11,Hungarian Grand Prix,FP2,BEA,15,SOFT,,hungarian-grand-prix_corner_06,hungarian-grand-prix_corner_06,0.55,1131.573,19.102,1214.251,0.93
2026,11,Hungarian Grand Prix,FP2,BEA,15,SOFT,,hungarian-grand-prix_corner_11,hungarian-grand-prix_corner_11,0.55,2182.854,36.823,2182.854,0.304
2026,11,Hungarian Grand Prix,FP2,BEA,15,SOFT,,hungarian-grand-prix_corner_12,hungarian-grand-prix_corner_12,0.55,2397.397,41.782,2459.733,0.4818
2026,11,Hungarian Grand Prix,FP2,BEA,15,SOFT,,hungarian-grand-prix_corner_13,hungarian-grand-prix_corner_13,0.55,2615.526,46.582,2792.213,1.0
2026,11,Hungarian Grand Prix,FP2,BEA,15,SOFT,,hungarian-grand-prix_corner_17,hungarian-grand-prix_corner_17,0.55,3507.892,62.223,3572.559,0.564
2026,11,Hungarian Grand Prix,FP2,BEA,15,SOFT,,hungarian-grand-prix_corner_18,hungarian-grand-prix_corner_18,0.55,3756.221,68.423,3874.196,0.9475
2026,11,Hungarian Grand Prix,FP2,BEA,15,SOFT,,hungarian-grand-prix_corner_19,hungarian-grand-prix_corner_19,0.55,4035.789,75.503,,0.7419
2026,11,Hungarian Grand Prix,FP2,BOR,16,SOFT,,hungarian-grand-prix_corner_03,hungarian-grand-prix_corner_03,0.55,439.2,5.101,439.2,0.1524
2026,11,Hungarian Grand Prix,FP2,BOR,16,SOFT,,hungarian-grand-prix_corner_06,hungarian-grand-prix_corner_06,0.55,1139.249,19.261,1218.691,0.9875
2026,11,Hungarian Grand Prix,FP2,BOR,16,SOFT,,hungarian-grand-prix_corner_11,hungarian-grand-prix_corner_11,0.55,2177.613,36.701,2177.613,0.2983
2026,11,Hungarian Grand Prix,FP2,BOR,16,SOFT,,hungarian-grand-prix_corner_12,hungarian-grand-prix_corner_12,0.55,2394.669,41.621,2441.624,0.3718
2026,11,Hungarian Grand Prix,FP2,BOR,16,SOFT,,hungarian-grand-prix_corner_13,hungarian-grand-prix_corner_13,0.55,2613.591,46.501,2776.113,1.0
2026,11,Hungarian Grand Prix,FP2,BOR,16,SOFT,,hungarian-grand-prix_corner_17,hungarian-grand-prix_corner_17,0.55,3510.485,62.141,3551.396,0.0
2026,11,Hungarian Grand Prix,FP2,BOR,16,SOFT,,hungarian-grand-prix_corner_18,hungarian-grand-prix_corner_18,0.55,3767.92,68.341,3883.009,0.97
2026,11,Hungarian Grand Prix,FP2,BOR,16,SOFT,,hungarian-grand-prix_corner_19,hungarian-grand-prix_corner_19,0.55,4042.991,75.061,,0.6626
2026,11,Hungarian Grand Prix,FP2,BOT,18,SOFT,,hungarian-grand-prix_corner_03,hungarian-grand-prix_corner_03,0.55,438.818,5.074,438.818,0.173
2026,11,Hungarian Grand Prix,FP2,BOT,18,SOFT,,hungarian-grand-prix_corner_06,hungarian-grand-prix_corner_06,0.55,1138.126,19.034,1240.227,0.9375
2026,11,Hungarian Grand Prix,FP2,BOT,18,SOFT,,hungarian-grand-prix_corner_11,hungarian-grand-prix_corner_11,0.55,2178.012,36.794,2178.012,0.145
2026,11,Hungarian Grand Prix,FP2,BOT,18,SOFT,,hungarian-grand-prix_corner_12,hungarian-grand-prix_corner_12,0.55,2399.696,41.715,2459.41,0.0304
2026,11,Hungarian Grand Prix,FP2,BOT,18,SOFT,,hungarian-grand-prix_corner_13,hungarian-grand-prix_corner_13,0.55,2614.618,46.555,2644.407,0.9867
2026,11,Hungarian Grand Prix,FP2,BOT,18,SOFT,,hungarian-grand-prix_corner_17,hungarian-grand-prix_corner_17,0.55,3526.127,62.955,3569.029,0.5762
2026,11,Hungarian Grand Prix,FP2,BOT,18,SOFT,,hungarian-grand-prix_corner_18,hungarian-grand-prix_corner_18,0.55,3785.776,69.195,3862.301,1.0
2026,11,Hungarian Grand Prix,FP2,BOT,18,SOFT,,hungarian-grand-prix_corner_19,hungarian-grand-prix_corner_19,0.55,3917.809,72.675,3917.809,0.599
2026,11,Hungarian Grand Prix,FP2,COL,5,MEDIUM,,hungarian-grand-prix_corner_03,hungarian-grand-prix_corner_03,0.55,449.695,5.275,449.695,0.181
2026,11,Hungarian Grand Prix,FP2,COL,5,MEDIUM,,hungarian-grand-prix_corner_06,hungarian-grand-prix_corner_06,0.55,1139.539,19.515,1228.247,0.895
2026,11,Hungarian Grand Prix,FP2,COL,5,MEDIUM,,hungarian-grand-prix_corner_11,hungarian-grand-prix_corner_11,0.55,2176.669,37.475,2176.669,0.1563
2026,11,Hungarian Grand Prix,FP2,COL,5,MEDIUM,,hungarian-grand-prix_corner_12,hungarian-grand-prix_corner_12,0.55,2402.402,42.595,2501.524,0.2579
2026,11,Hungarian Grand Prix,FP2,COL,5,MEDIUM,,hungarian-grand-prix_corner_13,hungarian-grand-prix_corner_13,0.55,2615.602,47.315,2791.425,0.9967
2026,11,Hungarian Grand Prix,FP2,COL,5,MEDIUM,,hungarian-grand-prix_corner_17,hungarian-grand-prix_corner_17,0.55,3505.432,63.395,3579.165,0.0
2026,11,Hungarian Grand Prix,FP2,COL,5,MEDIUM,,hungarian-grand-prix_corner_18,hungarian-grand-prix_corner_18,0.55,3778.514,70.315,3868.636,1.0
2026,11,Hungarian Grand Prix,FP2,COL,5,MEDIUM,,hungarian-grand-prix_corner_19,hungarian-grand-prix_corner_19,0.55,3927.725,74.035,,0.6569
2026,11,Hungarian Grand Prix,FP2,GAS,13,SOFT,,hungarian-grand-prix_corner_03,hungarian-grand-prix_corner_03,0.55,457.514,5.247,457.514,0.1811
2026,11,Hungarian Grand Prix,FP2,GAS,13,SOFT,,hungarian-grand-prix_corner_06,hungarian-grand-prix_corner_06,0.55,1149.203,19.408,1207.725,1.0
2026,11,Hungarian Grand Prix,FP2,GAS,13,SOFT,,hungarian-grand-prix_corner_11,hungarian-grand-prix_corner_11,0.55,2190.789,36.807,2190.789,0.2864
2026,11,Hungarian Grand Prix,FP2,GAS,13,SOFT,,hungarian-grand-prix_corner_12,hungarian-grand-prix_corner_12,0.55,2405.76,41.848,2447.982,0.5193
2026,11,Hungarian Grand Prix,FP2,GAS,13,SOFT,,hungarian-grand-prix_corner_13,hungarian-grand-prix_corner_13,0.55,2619.578,46.488,2619.578,1.0
2026,11,Hungarian Grand Prix,FP2,GAS,13,SOFT,,hungarian-grand-prix_corner_17,hungarian-grand-prix_corner_17,0.55,3518.189,62.328,3556.605,0.0
2026,11,Hungarian Grand Prix,FP2,GAS,13,SOFT,,hungarian-grand-prix_corner_18,hungarian-grand-prix_corner_18,0.55,3774.987,68.648,3859.398,1.0
2026,11,Hungarian Grand Prix,FP2,GAS,13,SOFT,,hungarian-grand-prix_corner_19,hungarian-grand-prix_corner_19,0.55,4049.858,75.408,,0.7165
2026,11,Hungarian Grand Prix,FP2,HAD,7,SOFT,,hungarian-grand-prix_corner_03,hungarian-grand-prix_corner_03,0.55,459.001,5.335,459.001,0.0628
2026,11,Hungarian Grand Prix,FP2,HAD,7,SOFT,,hungarian-grand-prix_corner_06,hungarian-grand-prix_corner_06,0.55,1145.653,19.135,1224.331,1.0
2026,11,Hungarian Grand Prix,FP2,HAD,7,SOFT,,hungarian-grand-prix_corner_11,hungarian-grand-prix_corner_11,0.55,2201.889,36.496,2201.889,0.1236
2026,11,Hungarian Grand Prix,FP2,HAD,7,SOFT,,hungarian-grand-prix_corner_12,hungarian-grand-prix_corner_12,0.55,2401.444,41.055,2471.977,0.195
2026,11,Hungarian Grand Prix,FP2,HAD,7,SOFT,,hungarian-grand-prix_corner_13,hungarian-grand-prix_corner_13,0.55,2626.848,46.015,2783.798,1.0
2026,11,Hungarian Grand Prix,FP2,HAD,7,SOFT,,hungarian-grand-prix_corner_17,hungarian-grand-prix_corner_17,0.55,3524.539,61.455,3583.521,0.4186
2026,11,Hungarian Grand Prix,FP2,HAD,7,SOFT,,hungarian-grand-prix_corner_18,hungarian-grand-prix_corner_18,0.55,3793.982,68.055,3881.515,0.9725
2026,11,Hungarian Grand Prix,FP2,HAD,7,SOFT,,hungarian-grand-prix_corner_19,hungarian-grand-prix_corner_19,0.55,3922.715,71.136,3922.715,0.4208
2026,11,Hungarian Grand Prix,FP2,HAM,15,SOFT,,hungarian-grand-prix_corner_03,hungarian-grand-prix_corner_03,0.55,450.874,5.203,450.874,0.1415
2026,11,Hungarian Grand Prix,FP2,HAM,15,SOFT,,hungarian-grand-prix_corner_06,hungarian-grand-prix_corner_06,0.55,1133.233,18.603,1208.133,1.0
2026,11,Hungarian Grand Prix,FP2,HAM,15,SOFT,,hungarian-grand-prix_corner_11,hungarian-grand-prix_corner_11,0.55,2176.814,35.843,2176.814,0.2413
2026,11,Hungarian Grand Prix,FP2,HAM,15,SOFT,,hungarian-grand-prix_corner_12,hungarian-grand-prix_corner_12,0.55,2397.292,40.722,2453.517,0.3168
2026,11,Hungarian Grand Prix,FP2,HAM,15,SOFT,,hungarian-grand-prix_corner_13,hungarian-grand-prix_corner_13,0.55,2648.162,46.083,2767.962,0.9967
2026,11,Hungarian Grand Prix,FP2,HAM,15,SOFT,,hungarian-grand-prix_corner_17,hungarian-grand-prix_corner_17,0.55,3506.606,60.683,3561.995,0.0153
2026,11,Hungarian Grand Prix,FP2,HAM,15,SOFT,,hungarian-grand-prix_corner_18,hungarian-grand-prix_corner_18,0.55,3770.673,67.003,3849.851,0.995
2026,11,Hungarian Grand Prix,FP2,HAM,15,SOFT,,hungarian-grand-prix_corner_19,hungarian-grand-prix_corner_19,0.55,3917.273,70.523,,0.7054
2026,11,Hungarian Grand Prix,FP2,HUL,15,SOFT,,hungarian-grand-prix_corner_03,hungarian-grand-prix_corner_03,0.55,447.846,5.195,447.846,0.0962
2026,11,Hungarian Grand Prix,FP2,HUL,15,SOFT,,hungarian-grand-prix_corner_06,hungarian-grand-prix_corner_06,0.55,1142.672,18.995,1221.161,0.9733
2026,11,Hungarian Grand Prix,FP2,HUL,15,SOFT,,hungarian-grand-prix_corner_11,hungarian-grand-prix_corner_11,0.55,2184.289,36.556,2184.289,0.1678
2026,11,Hungarian Grand Prix,FP2,HUL,15,SOFT,,hungarian-grand-prix_corner_12,hungarian-grand-prix_corner_12,0.55,2395.879,41.075,2466.094,0.0558
2026,11,Hungarian Grand Prix,FP2,HUL,15,SOFT,,hungarian-grand-prix_corner_13,hungarian-grand-prix_corner_13,0.55,2614.306,45.795,2789.623,1.0
2026,11,Hungarian Grand Prix,FP2,HUL,15,SOFT,,hungarian-grand-prix_corner_17,hungarian-grand-prix_corner_17,0.55,3531.96,61.796,3574.138,0.2886
2026,11,Hungarian Grand Prix,FP2,HUL,15,SOFT,,hungarian-grand-prix_corner_18,hungarian-grand-prix_corner_18,0.55,3792.438,68.196,3879.249,0.9975
2026,11,Hungarian Grand Prix,FP2,HUL,15,SOFT,,hungarian-grand-prix_corner_19,hungarian-grand-prix_corner_19,0.55,3923.074,71.475,3923.074,0.6574
2026,11,Hungarian Grand Prix,FP2,LAW,14,SOFT,,hungarian-grand-prix_corner_03,hungarian-grand-prix_corner_03,0.55,439.725,5.105,439.725,0.1669
2026,11,Hungarian Grand Prix,FP2,LAW,14,SOFT,,hungarian-grand-prix_corner_06,hungarian-grand-prix_corner_06,0.55,1142.126,19.265,1226.149,0.9933
2026,11,Hungarian Grand Prix,FP2,LAW,14,SOFT,,hungarian-grand-prix_corner_11,hungarian-grand-prix_corner_11,0.55,2198.351,36.706,2198.351,0.2701
2026,11,Hungarian Grand Prix,FP2,LAW,14,SOFT,,hungarian-grand-prix_corner_12,hungarian-grand-prix_corner_12,0.55,2393.375,41.105,2447.841,0.2978
2026,11,Hungarian Grand Prix,FP2,LAW,14,SOFT,,hungarian-grand-prix_corner_13,hungarian-grand-prix_corner_13,0.55,2612.688,45.945,2772.324,1.0
2026,11,Hungarian Grand Prix,FP2,LAW,14,SOFT,,hungarian-grand-prix_corner_17,hungarian-grand-prix_corner_17,0.55,3509.864,61.705,3571.023,0.0
2026,11,Hungarian Grand Prix,FP2,LAW,14,SOFT,,hungarian-grand-prix_corner_18,hungarian-grand-prix_corner_18,0.55,3760.582,67.745,3888.113,0.99
2026,11,Hungarian Grand Prix,FP2,LAW,14,SOFT,,hungarian-grand-prix_corner_19,hungarian-grand-prix_corner_19,0.55,3928.435,71.866,,0.7042
2026,11,Hungarian Grand Prix,FP2,LEC,16,SOFT,,hungarian-grand-prix_corner_03,hungarian-grand-prix_corner_03,0.55,445.211,5.107,445.211,0.1423
2026,11,Hungarian Grand Prix,FP2,LEC,16,SOFT,,hungarian-grand-prix_corner_06,hungarian-grand-prix_corner_06,0.55,1129.454,18.547,1217.676,1.0
2026,11,Hungarian Grand Prix,FP2,LEC,16,SOFT,,hungarian-grand-prix_corner_11,hungarian-grand-prix_corner_11,0.55,2177.615,35.826,2177.615,0.2399
2026,11,Hungarian Grand Prix,FP2,LEC,16,SOFT,,hungarian-grand-prix_corner_12,hungarian-grand-prix_corner_12,0.55,2431.823,41.507,2478.799,0.4231
2026,11,Hungarian Grand Prix,FP2,LEC,16,SOFT,,hungarian-grand-prix_corner_13,hungarian-grand-prix_corner_13,0.55,2613.397,45.227,2778.102,0.9967
2026,11,Hungarian Grand Prix,FP2,LEC,16,SOFT,,hungarian-grand-prix_corner_17,hungarian-grand-prix_corner_17,0.55,3512.098,60.547,3573.078,0.3162
2026,11,Hungarian Grand Prix,FP2,LEC,16,SOFT,,hungarian-grand-prix_corner_18,hungarian-grand-prix_corner_18,0.55,3772.207,66.707,3873.149,0.995
2026,11,Hungarian Grand Prix,FP2,LEC,16,SOFT,,hungarian-grand-prix_corner_19,hungarian-grand-prix_corner_19,0.55,3927.671,70.587,3927.671,0.6037
2026,11,Hungarian Grand Prix,FP2,LIN,14,SOFT,,hungarian-grand-prix_corner_03,hungarian-grand-prix_corner_03,0.55,455.525,5.275,455.525,0.1864
2026,11,Hungarian Grand Prix,FP2,LIN,14,SOFT,,hungarian-grand-prix_corner_06,hungarian-grand-prix_corner_06,0.55,1128.648,18.675,1208.65,0.95
2026,11,Hungarian Grand Prix,FP2,LIN,14,SOFT,,hungarian-grand-prix_corner_11,hungarian-grand-prix_corner_11,0.55,2175.509,36.194,2175.509,0.2594
2026,11,Hungarian Grand Prix,FP2,LIN,14,SOFT,,hungarian-grand-prix_corner_12,hungarian-grand-prix_corner_12,0.55,2400.899,41.194,2440.966,0.4608
2026,11,Hungarian Grand Prix,FP2,LIN,14,SOFT,,hungarian-grand-prix_corner_13,hungarian-grand-prix_corner_13,0.55,2620.861,45.994,2759.838,1.0
2026,11,Hungarian Grand Prix,FP2,LIN,14,SOFT,,hungarian-grand-prix_corner_17,hungarian-grand-prix_corner_17,0.55,3520.993,61.874,3570.604,0.0
2026,11,Hungarian Grand Prix,FP2,LIN,14,SOFT,,hungarian-grand-prix_corner_18,hungarian-grand-prix_corner_18,0.55,3783.08,68.354,3861.309,1.0
2026,11,Hungarian Grand Prix,FP2,LIN,14,SOFT,,hungarian-grand-prix_corner_19,hungarian-grand-prix_corner_19,0.55,4046.956,74.754,4128.269,0.7122
2026,11,Hungarian Grand Prix,FP2,NOR,8,SOFT,,hungarian-grand-prix_corner_03,hungarian-grand-prix_corner_03,0.55,449.791,5.182,449.791,0.1335
2026,11,Hungarian Grand Prix,FP2,NOR,8,SOFT,,hungarian-grand-prix_corner_06,hungarian-grand-prix_corner_06,0.55,1147.232,19.222,1199.298,1.0
2026,11,Hungarian Grand Prix,FP2,NOR,8,SOFT,,hungarian-grand-prix_corner_11,hungarian-grand-prix_corner_11,0.55,2178.313,36.022,2178.313,0.2221
2026,11,Hungarian Grand Prix,FP2,NOR,8,SOFT,,hungarian-grand-prix_corner_12,hungarian-grand-prix_corner_12,0.55,2395.647,40.822,2457.067,0.259
2026,11,Hungarian Grand Prix,FP2,NOR,8,SOFT,,hungarian-grand-prix_corner_13,hungarian-grand-prix_corner_13,0.55,2693.979,47.262,2769.797,1.0
2026,11,Hungarian Grand Prix,FP2,NOR,8,SOFT,,hungarian-grand-prix_corner_17,hungarian-grand-prix_corner_17,0.55,3522.159,61.303,3556.856,0.0
2026,11,Hungarian Grand Prix,FP2,NOR,8,SOFT,,hungarian-grand-prix_corner_18,hungarian-grand-prix_corner_18,0.55,3780.705,67.543,3846.639,1.0
2026,11,Hungarian Grand Prix,FP2,NOR,8,SOFT,,hungarian-grand-prix_corner_19,hungarian-grand-prix_corner_19,0.55,3915.994,70.742,4132.698,0.6825
2026,11,Hungarian Grand Prix,FP2,OCO,11,SOFT,,hungarian-grand-prix_corner_03,hungarian-grand-prix_corner_03,0.55,437.944,5.056,437.944,0.1296
2026,11,Hungarian Grand Prix,FP2,OCO,11,SOFT,,hungarian-grand-prix_corner_06,hungarian-grand-prix_corner_06,0.55,1145.149,19.256,1222.708,1.0
2026,11,Hungarian Grand Prix,FP2,OCO,11,SOFT,,hungarian-grand-prix_corner_11,hungarian-grand-prix_corner_11,0.55,2181.895,36.576,2181.895,0.0964
2026,11,Hungarian Grand Prix,FP2,OCO,11,SOFT,,hungarian-grand-prix_corner_12,hungarian-grand-prix_corner_12,0.55,2393.538,41.177,2471.534,0.2116
2026,11,Hungarian Grand Prix,FP2,OCO,11,SOFT,,hungarian-grand-prix_corner_13,hungarian-grand-prix_corner_13,0.55,2610.957,46.136,2780.853,1.0
2026,11,Hungarian Grand Prix,FP2,OCO,11,SOFT,,hungarian-grand-prix_corner_17,hungarian-grand-prix_corner_17,0.55,3517.149,62.257,3574.818,0.0025
2026,11,Hungarian Grand Prix,FP2,OCO,11,SOFT,,hungarian-grand-prix_corner_18,hungarian-grand-prix_corner_18,0.55,3773.669,68.377,3874.288,0.985
2026,11,Hungarian Grand Prix,FP2,OCO,11,SOFT,,hungarian-grand-prix_corner_19,hungarian-grand-prix_corner_19,0.55,4047.101,75.177,4130.226,0.7473
2026,11,Hungarian Grand Prix,FP2,PER,10,SOFT,,hungarian-grand-prix_corner_03,hungarian-grand-prix_corner_03,0.55,636.666,9.522,,0.1388
2026,11,Hungarian Grand Prix,FP2,PER,10,SOFT,,hungarian-grand-prix_corner_06,hungarian-grand-prix_corner_06,0.55,1149.178,19.402,1219.245,1.0
2026,11,Hungarian Grand Prix,FP2,PER,10,SOFT,,hungarian-grand-prix_corner_11,hungarian-grand-prix_corner_11,0.55,2182.404,37.002,2182.404,0.19
2026,11,Hungarian Grand Prix,FP2,PER,10,SOFT,,hungarian-grand-prix_corner_12,hungarian-grand-prix_corner_12,0.55,2400.673,42.042,2474.473,0.1859
2026,11,Hungarian Grand Prix,FP2,PER,10,SOFT,,hungarian-grand-prix_corner_13,hungarian-grand-prix_corner_13,0.55,2612.68,46.843,2635.203,0.9733
2026,11,Hungarian Grand Prix,FP2,PER,10,SOFT,,hungarian-grand-prix_corner_17,hungarian-grand-prix_corner_17,0.55,3529.706,63.322,3576.317,0.5061
2026,11,Hungarian Grand Prix,FP2,PER,10,SOFT,,hungarian-grand-prix_corner_18,hungarian-grand-prix_corner_18,0.55,3786.824,69.682,3871.435,1.0
2026,11,Hungarian Grand Prix,FP2,PER,10,SOFT,,hungarian-grand-prix_corner_19,hungarian-grand-prix_corner_19,0.55,3931.173,73.243,3931.173,0.5253
2026,11,Hungarian Grand Prix,FP2,PIA,15,SOFT,,hungarian-grand-prix_corner_03,hungarian-grand-prix_corner_03,0.55,444.556,5.127,444.556,0.0403
2026,11,Hungarian Grand Prix,FP2,PIA,15,SOFT,,hungarian-grand-prix_corner_06,hungarian-grand-prix_corner_06,0.55,1156.108,19.287,1233.463,0.99
2026,11,Hungarian Grand Prix,FP2,PIA,15,SOFT,,hungarian-grand-prix_corner_11,hungarian-grand-prix_corner_11,0.55,2189.149,36.246,2189.149,0.0962
2026,11,Hungarian Grand Prix,FP2,PIA,15,SOFT,,hungarian-grand-prix_corner_12,hungarian-grand-prix_corner_12,0.55,2400.935,40.847,2505.343,0.1576
2026,11,Hungarian Grand Prix,FP2,PIA,15,SOFT,,hungarian-grand-prix_corner_13,hungarian-grand-prix_corner_13,0.55,2619.742,45.647,2824.592,0.8733
2026,11,Hungarian Grand Prix,FP2,PIA,15,SOFT,,hungarian-grand-prix_corner_17,hungarian-grand-prix_corner_17,0.55,3525.243,61.687,3590.829,0.0
2026,11,Hungarian Grand Prix,FP2,PIA,15,SOFT,,hungarian-grand-prix_corner_18,hungarian-grand-prix_corner_18,0.55,3787.774,68.247,3891.84,0.9525
2026,11,Hungarian Grand Prix,FP2,PIA,15,SOFT,,hungarian-grand-prix_corner_19,hungarian-grand-prix_corner_19,0.55,4077.807,75.207,,0.4293
2026,11,Hungarian Grand Prix,FP2,RUS,10,SOFT,,hungarian-grand-prix_corner_03,hungarian-grand-prix_corner_03,0.55,449.071,5.181,449.071,0.0586
2026,11,Hungarian Grand Prix,FP2,RUS,10,SOFT,,hungarian-grand-prix_corner_06,hungarian-grand-prix_corner_06,0.55,1161.572,19.421,1217.928,1.0
2026,11,Hungarian Grand Prix,FP2,RUS,10,SOFT,,hungarian-grand-prix_corner_11,hungarian-grand-prix_corner_11,0.55,2182.101,36.1,2182.101,0.0607
2026,11,Hungarian Grand Prix,FP2,RUS,10,SOFT,,hungarian-grand-prix_corner_12,hungarian-grand-prix_corner_12,0.55,2401.001,40.861,2470.3,0.1269
2026,11,Hungarian Grand Prix,FP2,RUS,10,SOFT,,hungarian-grand-prix_corner_13,hungarian-grand-prix_corner_13,0.55,2616.58,45.581,2780.682,1.0
2026,11,Hungarian Grand Prix,FP2,RUS,10,SOFT,,hungarian-grand-prix_corner_17,hungarian-grand-prix_corner_17,0.55,3536.241,61.62,3586.541,1.0
2026,11,Hungarian Grand Prix,FP2,RUS,10,SOFT,,hungarian-grand-prix_corner_18,hungarian-grand-prix_corner_18,0.55,3784.541,67.501,3876.889,1.0
2026,11,Hungarian Grand Prix,FP2,RUS,10,SOFT,,hungarian-grand-prix_corner_19,hungarian-grand-prix_corner_19,0.55,3927.91,71.181,3927.91,0.5361
2026,11,Hungarian Grand Prix,FP2,SAI,12,SOFT,,hungarian-grand-prix_corner_03,hungarian-grand-prix_corner_03,0.55,435.606,5.083,435.606,0.1673
2026,11,Hungarian Grand Prix,FP2,SAI,12,SOFT,,hungarian-grand-prix_corner_06,hungarian-grand-prix_corner_06,0.55,1149.315,19.563,1228.17,0.9567
2026,11,Hungarian Grand Prix,FP2,SAI,12,SOFT,,hungarian-grand-prix_corner_11,hungarian-grand-prix_corner_11,0.55,2189.567,36.964,2189.567,0.2297
2026,11,Hungarian Grand Prix,FP2,SAI,12,SOFT,,hungarian-grand-prix_corner_12,hungarian-grand-prix_corner_12,0.55,2393.911,41.523,2467.497,0.1515
2026,11,Hungarian Grand Prix,FP2,SAI,12,SOFT,,hungarian-grand-prix_corner_13,hungarian-grand-prix_corner_13,0.55,2615.053,46.483,2766.519,1.0
2026,11,Hungarian Grand Prix,FP2,SAI,12,SOFT,,hungarian-grand-prix_corner_17,hungarian-grand-prix_corner_17,0.55,3518.699,62.804,3565.599,0.009
2026,11,Hungarian Grand Prix,FP2,SAI,12,SOFT,,hungarian-grand-prix_corner_18,hungarian-grand-prix_corner_18,0.55,3769.582,68.923,3884.043,0.974
2026,11,Hungarian Grand Prix,FP2,SAI,12,SOFT,,hungarian-grand-prix_corner_19,hungarian-grand-prix_corner_19,0.55,4058.604,76.164,,0.5184
2026,11,Hungarian Grand Prix,FP2,VER,7,SOFT,,hungarian-grand-prix_corner_03,hungarian-grand-prix_corner_03,0.55,457.865,5.343,457.865,0.1275
2026,11,Hungarian Grand Prix,FP2,VER,7,SOFT,,hungarian-grand-prix_corner_06,hungarian-grand-prix_corner_06,0.55,1136.723,19.023,1207.467,1.0
2026,11,Hungarian Grand Prix,FP2,VER,7,SOFT,,hungarian-grand-prix_corner_11,hungarian-grand-prix_corner_11,0.55,2194.65,36.383,2194.65,0.1876
2026,11,Hungarian Grand Prix,FP2,VER,7,SOFT,,hungarian-grand-prix_corner_12,hungarian-grand-prix_corner_12,0.55,2408.404,41.303,2450.893,0.2032
2026,11,Hungarian Grand Prix,FP2,VER,7,SOFT,,hungarian-grand-prix_corner_13,hungarian-grand-prix_corner_13,0.55,2610.613,45.583,2622.146,1.0
2026,11,Hungarian Grand Prix,FP2,VER,7,SOFT,,hungarian-grand-prix_corner_17,hungarian-grand-prix_corner_17,0.55,3518.74,61.303,3574.018,0.4013
2026,11,Hungarian Grand Prix,FP2,VER,7,SOFT,,hungarian-grand-prix_corner_18,hungarian-grand-prix_corner_18,0.55,3777.954,67.583,3864.842,1.0
2026,11,Hungarian Grand Prix,FP2,VER,7,SOFT,,hungarian-grand-prix_corner_19,hungarian-grand-prix_corner_19,0.55,4070.597,74.583,4132.467,0.6511
2026,11,Hungarian Grand Prix,FP3,ALB,4,SOFT,,hungarian-grand-prix_corner_03,hungarian-grand-prix_corner_03,0.55,627.068,9.204,,0.1741
2026,11,Hungarian Grand Prix,FP3,ALB,4,SOFT,,hungarian-grand-prix_corner_06,hungarian-grand-prix_corner_06,0.55,1127.854,19.004,1231.365,0.9625
2026,11,Hungarian Grand Prix,FP3,ALB,4,SOFT,,hungarian-grand-prix_corner_10,hungarian-grand-prix_corner_10,0.55,2036.343,34.124,2148.495,1.0
2026,11,Hungarian Grand Prix,FP3,ALB,4,SOFT,,hungarian-grand-prix_corner_11,hungarian-grand-prix_corner_11,0.55,2190.217,37.364,2190.217,0.2259
2026,11,Hungarian Grand Prix,FP3,ALB,4,SOFT,,hungarian-grand-prix_corner_13,hungarian-grand-prix_corner_13,0.55,2614.112,47.004,2779.763,1.0
2026,11,Hungarian Grand Prix,FP3,ALB,4,SOFT,,hungarian-grand-prix_corner_17,hungarian-grand-prix_corner_17,0.55,3510.012,62.765,3588.046,0.0
2026,11,Hungarian Grand Prix,FP3,ALB,4,SOFT,,hungarian-grand-prix_corner_18,hungarian-grand-prix_corner_18,0.55,3764.727,69.205,3867.175,1.0
2026,11,Hungarian Grand Prix,FP3,ALB,4,SOFT,,hungarian-grand-prix_corner_19,hungarian-grand-prix_corner_19,0.55,4036.921,75.885,,0.5616
2026,11,Hungarian Grand Prix,FP3,ALO,11,SOFT,,hungarian-grand-prix_corner_03,hungarian-grand-prix_corner_03,0.55,445.436,5.243,445.436,0.141
2026,11,Hungarian Grand Prix,FP3,ALO,11,SOFT,,hungarian-grand-prix_corner_06,hungarian-grand-prix_corner_06,0.55,1146.85,19.363,1216.929,1.0
2026,11,Hungarian Grand Prix,FP3,ALO,11,SOFT,,hungarian-grand-prix_corner_10,hungarian-grand-prix_corner_10,0.55,2045.054,33.923,2121.301,1.0
2026,11,Hungarian Grand Prix,FP3,ALO,11,SOFT,,hungarian-grand-prix_corner_11,hungarian-grand-prix_corner_11,0.55,2182.168,36.803,2182.168,0.3748
2026,11,Hungarian Grand Prix,FP3,ALO,11,SOFT,,hungarian-grand-prix_corner_13,hungarian-grand-prix_corner_13,0.55,2620.469,46.483,2620.469,1.0
2026,11,Hungarian Grand Prix,FP3,ALO,11,SOFT,,hungarian-grand-prix_corner_17,hungarian-grand-prix_corner_17,0.55,3501.991,61.763,3551.335,0.4736
2026,11,Hungarian Grand Prix,FP3,ALO,11,SOFT,,hungarian-grand-prix_corner_18,hungarian-grand-prix_corner_18,0.55,3772.091,68.403,3841.579,1.0
2026,11,Hungarian Grand Prix,FP3,ALO,11,SOFT,,hungarian-grand-prix_corner_19,hungarian-grand-prix_corner_19,0.55,3929.002,72.163,4126.614,0.7465
2026,11,Hungarian Grand Prix,FP3,ANT,12,SOFT,,hungarian-grand-prix_corner_03,hungarian-grand-prix_corner_03,0.55,442.339,5.002,442.339,0.0682
2026,11,Hungarian Grand Prix,FP3,ANT,12,SOFT,,hungarian-grand-prix_corner_06,hungarian-grand-prix_corner_06,0.55,1144.7,18.922,1221.434,0.9575
2026,11,Hungarian Grand Prix,FP3,ANT,12,SOFT,,hungarian-grand-prix_corner_10,hungarian-grand-prix_corner_10,0.55,2041.288,33.282,2118.638,1.0
2026,11,Hungarian Grand Prix,FP3,ANT,12,SOFT,,hungarian-grand-prix_corner_11,hungarian-grand-prix_corner_11,0.55,2177.594,36.083,2177.594,0.2981
2026,11,Hungarian Grand Prix,FP3,ANT,12,SOFT,,hungarian-grand-prix_corner_13,hungarian-grand-prix_corner_13,0.55,2618.153,45.202,2766.755,1.0
2026,11,Hungarian Grand Prix,FP3,ANT,12,SOFT,,hungarian-grand-prix_corner_17,hungarian-grand-prix_corner_17,0.55,3504.319,60.282,3568.911,0.0
2026,11,Hungarian Grand Prix,FP3,ANT,12,SOFT,,hungarian-grand-prix_corner_18,hungarian-grand-prix_corner_18,0.55,3768.85,66.722,3843.972,1.0
2026,11,Hungarian Grand Prix,FP3,ANT,12,SOFT,,hungarian-grand-prix_corner_19,hungarian-grand-prix_corner_19,0.55,3925.039,70.363,4126.198,0.7568
2026,11,Hungarian Grand Prix,FP3,BEA,11,SOFT,,hungarian-grand-prix_corner_03,hungarian-grand-prix_corner_03,0.55,462.2,5.239,462.2,0.1538
2026,11,Hungarian Grand Prix,FP3,BEA,11,SOFT,,hungarian-grand-prix_corner_06,hungarian-grand-prix_corner_06,0.55,1145.19,19.28,1237.542,0.9533
2026,11,Hungarian Grand Prix,FP3,BEA,11,SOFT,,hungarian-grand-prix_corner_10,hungarian-grand-prix_corner_10,0.55,2031.02,33.639,2153.442,0.9467
2026,11,Hungarian Grand Prix,FP3,BEA,11,SOFT,,hungarian-grand-prix_corner_11,hungarian-grand-prix_corner_11,0.55,2181.709,36.759,2181.709,0.3137
2026,11,Hungarian Grand Prix,FP3,BEA,11,SOFT,,hungarian-grand-prix_corner_13,hungarian-grand-prix_corner_13,0.55,2632.349,46.8,2782.926,1.0
2026,11,Hungarian Grand Prix,FP3,BEA,11,SOFT,,hungarian-grand-prix_corner_17,hungarian-grand-prix_corner_17,0.55,3507.366,61.879,3580.055,0.0
2026,11,Hungarian Grand Prix,FP3,BEA,11,SOFT,,hungarian-grand-prix_corner_18,hungarian-grand-prix_corner_18,0.55,3771.904,68.399,3866.171,0.9575
2026,11,Hungarian Grand Prix,FP3,BEA,11,SOFT,,hungarian-grand-prix_corner_19,hungarian-grand-prix_corner_19,0.55,4026.984,74.399,,0.6379
2026,11,Hungarian Grand Prix,FP3,BOR,15,SOFT,,hungarian-grand-prix_corner_03,hungarian-grand-prix_corner_03,0.55,435.753,4.984,435.753,0.0898
2026,11,Hungarian Grand Prix,FP3,BOR,15,SOFT,,hungarian-grand-prix_corner_06,hungarian-grand-prix_corner_06,0.55,1148.549,19.103,1251.76,1.0
2026,11,Hungarian Grand Prix,FP3,BOR,15,SOFT,,hungarian-grand-prix_corner_10,hungarian-grand-prix_corner_10,0.55,2061.073,33.863,2136.329,1.0
2026,11,Hungarian Grand Prix,FP3,BOR,15,SOFT,,hungarian-grand-prix_corner_11,hungarian-grand-prix_corner_11,0.55,2182.862,36.383,2182.862,0.162
2026,11,Hungarian Grand Prix,FP3,BOR,15,SOFT,,hungarian-grand-prix_corner_13,hungarian-grand-prix_corner_13,0.55,2611.903,45.544,2786.434,1.0
2026,11,Hungarian Grand Prix,FP3,BOR,15,SOFT,,hungarian-grand-prix_corner_17,hungarian-grand-prix_corner_17,0.55,3523.555,61.103,3590.822,0.3023
2026,11,Hungarian Grand Prix,FP3,BOR,15,SOFT,,hungarian-grand-prix_corner_18,hungarian-grand-prix_corner_18,0.55,3789.341,67.543,3879.477,0.9775
2026,11,Hungarian Grand Prix,FP3,BOR,15,SOFT,,hungarian-grand-prix_corner_19,hungarian-grand-prix_corner_19,0.55,3934.122,71.064,3934.122,0.5075
2026,11,Hungarian Grand Prix,FP3,BOT,10,SOFT,,hungarian-grand-prix_corner_03,hungarian-grand-prix_corner_03,0.55,457.641,5.199,457.641,0.1382
2026,11,Hungarian Grand Prix,FP3,BOT,10,SOFT,,hungarian-grand-prix_corner_06,hungarian-grand-prix_corner_06,0.55,1133.373,19.039,1230.295,1.0
2026,11,Hungarian Grand Prix,FP3,BOT,10,SOFT,,hungarian-grand-prix_corner_10,hungarian-grand-prix_corner_10,0.55,2042.793,34.359,2120.37,1.0
2026,11,Hungarian Grand Prix,FP3,BOT,10,SOFT,,hungarian-grand-prix_corner_11,hungarian-grand-prix_corner_11,0.55,2178.781,37.28,2178.781,0.286
2026,11,Hungarian Grand Prix,FP3,BOT,10,SOFT,,hungarian-grand-prix_corner_13,hungarian-grand-prix_corner_13,0.55,2623.878,47.239,2639.256,1.0
2026,11,Hungarian Grand Prix,FP3,BOT,10,SOFT,,hungarian-grand-prix_corner_17,hungarian-grand-prix_corner_17,0.55,3512.521,62.96,3559.054,0.0
2026,11,Hungarian Grand Prix,FP3,BOT,10,SOFT,,hungarian-grand-prix_corner_18,hungarian-grand-prix_corner_18,0.55,3773.025,69.4,3881.253,0.995
2026,11,Hungarian Grand Prix,FP3,BOT,10,SOFT,,hungarian-grand-prix_corner_19,hungarian-grand-prix_corner_19,0.55,3924.042,73.079,3924.042,0.6362
2026,11,Hungarian Grand Prix,FP3,COL,25,SOFT,,hungarian-grand-prix_corner_03,hungarian-grand-prix_corner_03,0.55,458.059,5.166,458.059,0.1253
2026,11,Hungarian Grand Prix,FP3,COL,25,SOFT,,hungarian-grand-prix_corner_06,hungarian-grand-prix_corner_06,0.55,1147.8,19.206,1240.351,0.95
2026,11,Hungarian Grand Prix,FP3,COL,25,SOFT,,hungarian-grand-prix_corner_10,hungarian-grand-prix_corner_10,0.55,2053.184,33.847,2174.609,0.9161
2026,11,Hungarian Grand Prix,FP3,COL,25,SOFT,,hungarian-grand-prix_corner_11,hungarian-grand-prix_corner_11,0.55,2186.22,36.646,2186.22,0.2007
2026,11,Hungarian Grand Prix,FP3,COL,25,SOFT,,hungarian-grand-prix_corner_13,hungarian-grand-prix_corner_13,0.55,2620.914,46.007,2791.418,1.0
2026,11,Hungarian Grand Prix,FP3,COL,25,SOFT,,hungarian-grand-prix_corner_17,hungarian-grand-prix_corner_17,0.55,3523.072,61.766,3590.561,0.1962
2026,11,Hungarian Grand Prix,FP3,COL,25,SOFT,,hungarian-grand-prix_corner_18,hungarian-grand-prix_corner_18,0.55,3779.284,67.967,3890.991,0.98
2026,11,Hungarian Grand Prix,FP3,COL,25,SOFT,,hungarian-grand-prix_corner_19,hungarian-grand-prix_corner_19,0.55,3926.046,71.646,3926.046,0.4642
2026,11,Hungarian Grand Prix,FP3,GAS,13,SOFT,,hungarian-grand-prix_corner_03,hungarian-grand-prix_corner_03,0.55,441.293,4.995,441.293,0.1925
2026,11,Hungarian Grand Prix,FP3,GAS,13,SOFT,,hungarian-grand-prix_corner_06,hungarian-grand-prix_corner_06,0.55,1141.268,19.036,1217.001,1.0
2026,11,Hungarian Grand Prix,FP3,GAS,13,SOFT,,hungarian-grand-prix_corner_10,hungarian-grand-prix_corner_10,0.55,2043.997,33.836,2121.319,1.0
2026,11,Hungarian Grand Prix,FP3,GAS,13,SOFT,,hungarian-grand-prix_corner_11,hungarian-grand-prix_corner_11,0.55,2184.808,36.756,2184.808,0.2974
2026,11,Hungarian Grand Prix,FP3,GAS,13,SOFT,,hungarian-grand-prix_corner_13,hungarian-grand-prix_corner_13,0.55,2617.249,46.156,2757.694,1.0
2026,11,Hungarian Grand Prix,FP3,GAS,13,SOFT,,hungarian-grand-prix_corner_17,hungarian-grand-prix_corner_17,0.55,3514.978,61.756,3572.922,0.0218
2026,11,Hungarian Grand Prix,FP3,GAS,13,SOFT,,hungarian-grand-prix_corner_18,hungarian-grand-prix_corner_18,0.55,3769.831,68.036,3845.076,1.0
2026,11,Hungarian Grand Prix,FP3,GAS,13,SOFT,,hungarian-grand-prix_corner_19,hungarian-grand-prix_corner_19,0.55,4022.844,74.036,,0.7199
2026,11,Hungarian Grand Prix,FP3,HAD,15,SOFT,,hungarian-grand-prix_corner_03,hungarian-grand-prix_corner_03,0.55,440.542,5.038,440.542,0.1241
2026,11,Hungarian Grand Prix,FP3,HAD,15,SOFT,,hungarian-grand-prix_corner_06,hungarian-grand-prix_corner_06,0.55,1130.068,18.878,1232.264,1.0
2026,11,Hungarian Grand Prix,FP3,HAD,15,SOFT,,hungarian-grand-prix_corner_10,hungarian-grand-prix_corner_10,0.55,2047.953,33.598,2128.908,1.0
2026,11,Hungarian Grand Prix,FP3,HAD,15,SOFT,,hungarian-grand-prix_corner_11,hungarian-grand-prix_corner_11,0.55,2181.23,36.317,2181.23,0.1966
2026,11,Hungarian Grand Prix,FP3,HAD,15,SOFT,,hungarian-grand-prix_corner_13,hungarian-grand-prix_corner_13,0.55,2624.553,45.878,2753.032,1.0
2026,11,Hungarian Grand Prix,FP3,HAD,15,SOFT,,hungarian-grand-prix_corner_17,hungarian-grand-prix_corner_17,0.55,3510.478,60.878,3567.33,0.0
2026,11,Hungarian Grand Prix,FP3,HAD,15,SOFT,,hungarian-grand-prix_corner_18,hungarian-grand-prix_corner_18,0.55,3790.219,67.558,3868.297,1.0
2026,11,Hungarian Grand Prix,FP3,HAD,15,SOFT,,hungarian-grand-prix_corner_19,hungarian-grand-prix_corner_19,0.55,3920.986,70.638,3920.986,0.4813
2026,11,Hungarian Grand Prix,FP3,HAM,15,SOFT,,hungarian-grand-prix_corner_03,hungarian-grand-prix_corner_03,0.55,444.079,4.978,444.079,0.1499
2026,11,Hungarian Grand Prix,FP3,HAM,15,SOFT,,hungarian-grand-prix_corner_06,hungarian-grand-prix_corner_06,0.55,1139.056,18.658,1233.908,0.9233
2026,11,Hungarian Grand Prix,FP3,HAM,15,SOFT,,hungarian-grand-prix_corner_10,hungarian-grand-prix_corner_10,0.55,2048.82,33.297,2126.253,0.9933
2026,11,Hungarian Grand Prix,FP3,HAM,15,SOFT,,hungarian-grand-prix_corner_11,hungarian-grand-prix_corner_11,0.55,2197.209,36.138,2197.209,0.2126
2026,11,Hungarian Grand Prix,FP3,HAM,15,SOFT,,hungarian-grand-prix_corner_13,hungarian-grand-prix_corner_13,0.55,2617.212,45.338,2624.989,0.9933
2026,11,Hungarian Grand Prix,FP3,HAM,15,SOFT,,hungarian-grand-prix_corner_17,hungarian-grand-prix_corner_17,0.55,3507.742,60.217,3562.74,0.2435
2026,11,Hungarian Grand Prix,FP3,HAM,15,SOFT,,hungarian-grand-prix_corner_18,hungarian-grand-prix_corner_18,0.55,3763.873,66.178,3863.761,0.9975
2026,11,Hungarian Grand Prix,FP3,HAM,15,SOFT,,hungarian-grand-prix_corner_19,hungarian-grand-prix_corner_19,0.55,3928.472,70.098,,0.7445
2026,11,Hungarian Grand Prix,FP3,HUL,17,SOFT,,hungarian-grand-prix_corner_03,hungarian-grand-prix_corner_03,0.55,437.07,4.974,437.07,0.1531
2026,11,Hungarian Grand Prix,FP3,HUL,17,SOFT,,hungarian-grand-prix_corner_06,hungarian-grand-prix_corner_06,0.55,1153.358,19.214,1238.417,0.99
2026,11,Hungarian Grand Prix,FP3,HUL,17,SOFT,,hungarian-grand-prix_corner_10,hungarian-grand-prix_corner_10,0.55,2055.797,33.614,2125.79,0.9952
2026,11,Hungarian Grand Prix,FP3,HUL,17,SOFT,,hungarian-grand-prix_corner_11,hungarian-grand-prix_corner_11,0.55,2186.001,36.294,2186.001,0.2344
2026,11,Hungarian Grand Prix,FP3,HUL,17,SOFT,,hungarian-grand-prix_corner_13,hungarian-grand-prix_corner_13,0.55,2619.165,45.534,2778.562,1.0
2026,11,Hungarian Grand Prix,FP3,HUL,17,SOFT,,hungarian-grand-prix_corner_17,hungarian-grand-prix_corner_17,0.55,3519.797,60.855,3576.001,0.4299
2026,11,Hungarian Grand Prix,FP3,HUL,17,SOFT,,hungarian-grand-prix_corner_18,hungarian-grand-prix_corner_18,0.55,3780.561,67.135,3881.064,0.985
2026,11,Hungarian Grand Prix,FP3,HUL,17,SOFT,,hungarian-grand-prix_corner_19,hungarian-grand-prix_corner_19,0.55,3920.175,70.614,3920.175,0.5804
2026,11,Hungarian Grand Prix,FP3,LAW,17,SOFT,,hungarian-grand-prix_corner_03,hungarian-grand-prix_corner_03,0.55,451.401,5.187,451.401,0.1332
2026,11,Hungarian Grand Prix,FP3,LAW,17,SOFT,,hungarian-grand-prix_corner_06,hungarian-grand-prix_corner_06,0.55,1139.047,19.067,1235.413,0.915
2026,11,Hungarian Grand Prix,FP3,LAW,17,SOFT,,hungarian-grand-prix_corner_10,hungarian-grand-prix_corner_10,0.55,2041.173,33.507,2110.261,0.9767
2026,11,Hungarian Grand Prix,FP3,LAW,17,SOFT,,hungarian-grand-prix_corner_11,hungarian-grand-prix_corner_11,0.55,2178.817,36.267,2178.817,0.1408
2026,11,Hungarian Grand Prix,FP3,LAW,17,SOFT,,hungarian-grand-prix_corner_13,hungarian-grand-prix_corner_13,0.55,2619.029,45.667,2759.341,1.0
2026,11,Hungarian Grand Prix,FP3,LAW,17,SOFT,,hungarian-grand-prix_corner_17,hungarian-grand-prix_corner_17,0.55,3504.511,60.787,3565.583,0.5215
2026,11,Hungarian Grand Prix,FP3,LAW,17,SOFT,,hungarian-grand-prix_corner_18,hungarian-grand-prix_corner_18,0.55,3773.161,67.107,3862.932,1.0
2026,11,Hungarian Grand Prix,FP3,LAW,17,SOFT,,hungarian-grand-prix_corner_19,hungarian-grand-prix_corner_19,0.55,3928.809,70.867,3928.809,0.6751
2026,11,Hungarian Grand Prix,FP3,LEC,16,SOFT,,hungarian-grand-prix_corner_03,hungarian-grand-prix_corner_03,0.55,449.973,5.138,449.973,0.1372
2026,11,Hungarian Grand Prix,FP3,LEC,16,SOFT,,hungarian-grand-prix_corner_06,hungarian-grand-prix_corner_06,0.55,1158.357,19.058,1237.644,1.0
2026,11,Hungarian Grand Prix,FP3,LEC,16,SOFT,,hungarian-grand-prix_corner_10,hungarian-grand-prix_corner_10,0.55,2026.913,32.498,2143.903,0.9467
2026,11,Hungarian Grand Prix,FP3,LEC,16,SOFT,,hungarian-grand-prix_corner_11,hungarian-grand-prix_corner_11,0.55,2189.851,35.898,2189.851,0.1257
2026,11,Hungarian Grand Prix,FP3,LEC,16,SOFT,,hungarian-grand-prix_corner_13,hungarian-grand-prix_corner_13,0.55,2620.59,45.178,2783.775,0.99
2026,11,Hungarian Grand Prix,FP3,LEC,16,SOFT,,hungarian-grand-prix_corner_17,hungarian-grand-prix_corner_17,0.55,3520.986,60.537,3567.675,0.7575
2026,11,Hungarian Grand Prix,FP3,LEC,16,SOFT,,hungarian-grand-prix_corner_18,hungarian-grand-prix_corner_18,0.55,3773.947,66.617,3866.663,0.9675
2026,11,Hungarian Grand Prix,FP3,LEC,16,SOFT,,hungarian-grand-prix_corner_19,hungarian-grand-prix_corner_19,0.55,3924.108,70.298,3924.108,0.637
2026,11,Hungarian Grand Prix,FP3,LIN,4,SOFT,,hungarian-grand-prix_corner_03,hungarian-grand-prix_corner_03,0.55,455.596,5.166,455.596,0.1548
2026,11,Hungarian Grand Prix,FP3,LIN,4,SOFT,,hungarian-grand-prix_corner_06,hungarian-grand-prix_corner_06,0.55,1131.423,18.766,1248.019,0.9033
2026,11,Hungarian Grand Prix,FP3,LIN,4,SOFT,,hungarian-grand-prix_corner_10,hungarian-grand-prix_corner_10,0.55,2033.394,33.565,2133.044,1.0
2026,11,Hungarian Grand Prix,FP3,LIN,4,SOFT,,hungarian-grand-prix_corner_11,hungarian-grand-prix_corner_11,0.55,2179.933,36.566,2179.933,0.356
2026,11,Hungarian Grand Prix,FP3,LIN,4,SOFT,,hungarian-grand-prix_corner_13,hungarian-grand-prix_corner_13,0.55,2621.935,46.126,2761.343,1.0
2026,11,Hungarian Grand Prix,FP3,LIN,4,SOFT,,hungarian-grand-prix_corner_17,hungarian-grand-prix_corner_17,0.55,3508.319,61.606,3556.797,0.0
2026,11,Hungarian Grand Prix,FP3,LIN,4,SOFT,,hungarian-grand-prix_corner_18,hungarian-grand-prix_corner_18,0.55,3777.133,68.006,3851.855,1.0
2026,11,Hungarian Grand Prix,FP3,LIN,4,SOFT,,hungarian-grand-prix_corner_19,hungarian-grand-prix_corner_19,0.55,3918.122,71.566,3918.122,0.6958
2026,11,Hungarian Grand Prix,FP3,NOR,16,SOFT,,hungarian-grand-prix_corner_03,hungarian-grand-prix_corner_03,0.55,443.638,5.055,443.638,0.1056
2026,11,Hungarian Grand Prix,FP3,NOR,16,SOFT,,hungarian-grand-prix_corner_06,hungarian-grand-prix_corner_06,0.55,1143.149,18.975,1221.577,1.0
2026,11,Hungarian Grand Prix,FP3,NOR,16,SOFT,,hungarian-grand-prix_corner_10,hungarian-grand-prix_corner_10,0.55,2047.358,33.215,2110.067,1.0
2026,11,Hungarian Grand Prix,FP3,NOR,16,SOFT,,hungarian-grand-prix_corner_11,hungarian-grand-prix_corner_11,0.55,2178.622,35.775,2178.622,0.2755
2026,11,Hungarian Grand Prix,FP3,NOR,16,SOFT,,hungarian-grand-prix_corner_13,hungarian-grand-prix_corner_13,0.55,2615.262,44.935,2760.155,1.0
2026,11,Hungarian Grand Prix,FP3,NOR,16,SOFT,,hungarian-grand-prix_corner_17,hungarian-grand-prix_corner_17,0.55,3507.636,60.015,3559.262,0.0
2026,11,Hungarian Grand Prix,FP3,NOR,16,SOFT,,hungarian-grand-prix_corner_18,hungarian-grand-prix_corner_18,0.55,3769.651,66.335,3847.754,0.97
2026,11,Hungarian Grand Prix,FP3,NOR,16,SOFT,,hungarian-grand-prix_corner_19,hungarian-grand-prix_corner_19,0.55,4046.388,72.775,4114.701,0.8127
2026,11,Hungarian Grand Prix,FP3,OCO,12,SOFT,,hungarian-grand-prix_corner_03,hungarian-grand-prix_corner_03,0.55,455.704,5.174,455.704,0.0756
2026,11,Hungarian Grand Prix,FP3,OCO,12,SOFT,,hungarian-grand-prix_corner_06,hungarian-grand-prix_corner_06,0.55,1134.834,19.014,1236.934,1.0
2026,11,Hungarian Grand Prix,FP3,OCO,12,SOFT,,hungarian-grand-prix_corner_10,hungarian-grand-prix_corner_10,0.55,2057.314,34.134,2150.874,1.0
2026,11,Hungarian Grand Prix,FP3,OCO,12,SOFT,,hungarian-grand-prix_corner_11,hungarian-grand-prix_corner_11,0.55,2196.997,36.974,2196.997,0.1959
2026,11,Hungarian Grand Prix,FP3,OCO,12,SOFT,,hungarian-grand-prix_corner_13,hungarian-grand-prix_corner_13,0.55,2616.086,46.214,2786.854,1.0
2026,11,Hungarian Grand Prix,FP3,OCO,12,SOFT,,hungarian-grand-prix_corner_17,hungarian-grand-prix_corner_17,0.55,3526.583,62.055,3601.651,0.4127
2026,11,Hungarian Grand Prix,FP3,OCO,12,SOFT,,hungarian-grand-prix_corner_18,hungarian-grand-prix_corner_18,0.55,3781.6,68.255,3892.772,0.95
2026,11,Hungarian Grand Prix,FP3,OCO,12,SOFT,,hungarian-grand-prix_corner_19,hungarian-grand-prix_corner_19,0.55,3932.25,72.014,3932.25,0.5915
2026,11,Hungarian Grand Prix,FP3,PIA,17,SOFT,,hungarian-grand-prix_corner_03,hungarian-grand-prix_corner_03,0.55,445.353,5.096,445.353,0.0433
2026,11,Hungarian Grand Prix,FP3,PIA,17,SOFT,,hungarian-grand-prix_corner_06,hungarian-grand-prix_corner_06,0.55,1163.595,19.496,1237.04,0.99
2026,11,Hungarian Grand Prix,FP3,PIA,17,SOFT,,hungarian-grand-prix_corner_10,hungarian-grand-prix_corner_10,0.55,2053.458,33.496,2172.56,0.9533
2026,11,Hungarian Grand Prix,FP3,PIA,17,SOFT,,hungarian-grand-prix_corner_11,hungarian-grand-prix_corner_11,0.55,2189.593,36.216,2189.593,0.1819
2026,11,Hungarian Grand Prix,FP3,PIA,17,SOFT,,hungarian-grand-prix_corner_13,hungarian-grand-prix_corner_13,0.55,2616.904,45.336,2771.79,0.99
2026,11,Hungarian Grand Prix,FP3,PIA,17,SOFT,,hungarian-grand-prix_corner_17,hungarian-grand-prix_corner_17,0.55,3524.421,60.935,3587.852,0.0
2026,11,Hungarian Grand Prix,FP3,PIA,17,SOFT,,hungarian-grand-prix_corner_18,hungarian-grand-prix_corner_18,0.55,3777.241,67.056,3872.602,0.965
2026,11,Hungarian Grand Prix,FP3,PIA,17,SOFT,,hungarian-grand-prix_corner_19,hungarian-grand-prix_corner_19,0.55,3920.868,70.456,,0.7389
2026,11,Hungarian Grand Prix,FP3,RUS,13,SOFT,,hungarian-grand-prix_corner_03,hungarian-grand-prix_corner_03,0.55,450.339,5.13,450.339,0.0802
2026,11,Hungarian Grand Prix,FP3,RUS,13,SOFT,,hungarian-grand-prix_corner_06,hungarian-grand-prix_corner_06,0.55,1148.908,19.21,1233.907,1.0
2026,11,Hungarian Grand Prix,FP3,RUS,13,SOFT,,hungarian-grand-prix_corner_10,hungarian-grand-prix_corner_10,0.55,2034.043,33.29,2130.332,0.9967
2026,11,Hungarian Grand Prix,FP3,RUS,13,SOFT,,hungarian-grand-prix_corner_11,hungarian-grand-prix_corner_11,0.55,2197.143,36.61,2197.143,0.1403
2026,11,Hungarian Grand Prix,FP3,RUS,13,SOFT,,hungarian-grand-prix_corner_13,hungarian-grand-prix_corner_13,0.55,2612.382,45.53,2756.793,1.0
2026,11,Hungarian Grand Prix,FP3,RUS,13,SOFT,,hungarian-grand-prix_corner_17,hungarian-grand-prix_corner_17,0.55,3510.014,60.97,3549.126,0.3652
2026,11,Hungarian Grand Prix,FP3,RUS,13,SOFT,,hungarian-grand-prix_corner_18,hungarian-grand-prix_corner_18,0.55,3751.243,66.93,3832.732,1.0
2026,11,Hungarian Grand Prix,FP3,RUS,13,SOFT,,hungarian-grand-prix_corner_19,hungarian-grand-prix_corner_19,0.55,4043.339,73.81,4125.105,0.8084
2026,11,Hungarian Grand Prix,FP3,SAI,9,SOFT,,hungarian-grand-prix_corner_03,hungarian-grand-prix_corner_03,0.55,454.903,5.255,454.903,0.1716
2026,11,Hungarian Grand Prix,FP3,SAI,9,SOFT,,hungarian-grand-prix_corner_06,hungarian-grand-prix_corner_06,0.55,1143.903,19.335,1240.758,1.0
2026,11,Hungarian Grand Prix,FP3,SAI,9,SOFT,,hungarian-grand-prix_corner_10,hungarian-grand-prix_corner_10,0.55,2057.323,34.455,2155.723,0.98
2026,11,Hungarian Grand Prix,FP3,SAI,9,SOFT,,hungarian-grand-prix_corner_11,hungarian-grand-prix_corner_11,0.55,2229.798,37.855,2229.798,0.2266
2026,11,Hungarian Grand Prix,FP3,SAI,9,SOFT,,hungarian-grand-prix_corner_13,hungarian-grand-prix_corner_13,0.55,2616.695,46.775,2796.788,0.9933
2026,11,Hungarian Grand Prix,FP3,SAI,9,SOFT,,hungarian-grand-prix_corner_17,hungarian-grand-prix_corner_17,0.55,3518.846,62.855,3590.857,0.0
2026,11,Hungarian Grand Prix,FP3,SAI,9,SOFT,,hungarian-grand-prix_corner_18,hungarian-grand-prix_corner_18,0.55,3780.69,69.455,3886.979,0.98
2026,11,Hungarian Grand Prix,FP3,SAI,9,SOFT,,hungarian-grand-prix_corner_19,hungarian-grand-prix_corner_19,0.55,3920.157,72.895,3920.157,0.5404
2026,11,Hungarian Grand Prix,FP3,STR,13,SOFT,,hungarian-grand-prix_corner_03,hungarian-grand-prix_corner_03,0.55,439.22,5.231,439.22,0.0668
2026,11,Hungarian Grand Prix,FP3,STR,13,SOFT,,hungarian-grand-prix_corner_06,hungarian-grand-prix_corner_06,0.55,1157.03,19.951,1245.465,1.0
2026,11,Hungarian Grand Prix,FP3,STR,13,SOFT,,hungarian-grand-prix_corner_10,hungarian-grand-prix_corner_10,0.55,2050.926,34.55,2130.859,0.825
2026,11,Hungarian Grand Prix,FP3,STR,13,SOFT,,hungarian-grand-prix_corner_11,hungarian-grand-prix_corner_11,0.55,2177.626,37.23,2177.626,0.178
2026,11,Hungarian Grand Prix,FP3,STR,13,SOFT,,hungarian-grand-prix_corner_13,hungarian-grand-prix_corner_13,0.55,2616.352,46.831,2623.552,1.0
2026,11,Hungarian Grand Prix,FP3,STR,13,SOFT,,hungarian-grand-prix_corner_17,hungarian-grand-prix_corner_17,0.55,3518.618,62.55,3566.607,1.0
2026,11,Hungarian Grand Prix,FP3,STR,13,SOFT,,hungarian-grand-prix_corner_18,hungarian-grand-prix_corner_18,0.55,3784.816,69.03,3882.987,0.9375
2026,11,Hungarian Grand Prix,FP3,STR,13,SOFT,,hungarian-grand-prix_corner_19,hungarian-grand-prix_corner_19,0.55,3917.609,72.431,3917.609,0.5561
2026,11,Hungarian Grand Prix,FP3,VER,7,SOFT,,hungarian-grand-prix_corner_03,hungarian-grand-prix_corner_03,0.55,447.186,5.101,447.186,0.0828
2026,11,Hungarian Grand Prix,FP3,VER,7,SOFT,,hungarian-grand-prix_corner_06,hungarian-grand-prix_corner_06,0.55,1146.184,18.94,1227.316,1.0
2026,11,Hungarian Grand Prix,FP3,VER,7,SOFT,,hungarian-grand-prix_corner_10,hungarian-grand-prix_corner_10,0.55,2051.492,33.221,2126.847,1.0
2026,11,Hungarian Grand Prix,FP3,VER,7,SOFT,,hungarian-grand-prix_corner_11,hungarian-grand-prix_corner_11,0.55,2181.669,35.861,2181.669,0.1951
2026,11,Hungarian Grand Prix,FP3,VER,7,SOFT,,hungarian-grand-prix_corner_13,hungarian-grand-prix_corner_13,0.55,2617.212,45.221,2633.123,1.0
2026,11,Hungarian Grand Prix,FP3,VER,7,SOFT,,hungarian-grand-prix_corner_17,hungarian-grand-prix_corner_17,0.55,3512.579,60.501,3573.157,0.0
2026,11,Hungarian Grand Prix,FP3,VER,7,SOFT,,hungarian-grand-prix_corner_18,hungarian-grand-prix_corner_18,0.55,3783.656,67.061,3851.711,1.0
2026,11,Hungarian Grand Prix,FP3,VER,7,SOFT,,hungarian-grand-prix_corner_19,hungarian-grand-prix_corner_19,0.55,4060.989,73.461,,0.4996
2026,11,Hungarian Grand Prix,Q,ALB,8,SOFT,,hungarian-grand-prix_corner_03,hungarian-grand-prix_corner_03,0.55,454.264,5.1,454.264,0.1484
2026,11,Hungarian Grand Prix,Q,ALB,8,SOFT,,hungarian-grand-prix_corner_06,hungarian-grand-prix_corner_06,0.55,1153.553,19.5,1231.062,0.9775
2026,11,Hungarian Grand Prix,Q,ALB,8,SOFT,,hungarian-grand-prix_corner_10,hungarian-grand-prix_corner_10,0.55,2048.802,33.94,2151.023,1.0
2026,11,Hungarian Grand Prix,Q,ALB,8,SOFT,,hungarian-grand-prix_corner_11,hungarian-grand-prix_corner_11,0.55,2180.367,36.74,2180.367,0.1723
2026,11,Hungarian Grand Prix,Q,ALB,8,SOFT,,hungarian-grand-prix_corner_13,hungarian-grand-prix_corner_13,0.55,2616.977,46.26,2785.145,1.0
2026,11,Hungarian Grand Prix,Q,ALB,8,SOFT,,hungarian-grand-prix_corner_17,hungarian-grand-prix_corner_17,0.55,3518.443,61.941,3583.234,0.1898
2026,11,Hungarian Grand Prix,Q,ALB,8,SOFT,,hungarian-grand-prix_corner_18,hungarian-grand-prix_corner_18,0.55,3781.25,68.501,3895.968,0.9675
2026,11,Hungarian Grand Prix,Q,ALB,8,SOFT,,hungarian-grand-prix_corner_19,hungarian-grand-prix_corner_19,0.55,3920.968,72.02,3920.968,0.5415
2026,11,Hungarian Grand Prix,Q,ALO,14,SOFT,,hungarian-grand-prix_corner_03,hungarian-grand-prix_corner_03,0.55,447.788,5.204,447.788,0.1255
2026,11,Hungarian Grand Prix,Q,ALO,14,SOFT,,hungarian-grand-prix_corner_06,hungarian-grand-prix_corner_06,0.55,1143.608,19.324,1226.999,1.0
2026,11,Hungarian Grand Prix,Q,ALO,14,SOFT,,hungarian-grand-prix_corner_10,hungarian-grand-prix_corner_10,0.55,2048.686,34.085,2113.73,1.0
2026,11,Hungarian Grand Prix,Q,ALO,14,SOFT,,hungarian-grand-prix_corner_11,hungarian-grand-prix_corner_11,0.55,2178.486,36.725,2178.486,0.3387
2026,11,Hungarian Grand Prix,Q,ALO,14,SOFT,,hungarian-grand-prix_corner_13,hungarian-grand-prix_corner_13,0.55,2617.05,46.164,2617.05,1.0
2026,11,Hungarian Grand Prix,Q,ALO,14,SOFT,,hungarian-grand-prix_corner_17,hungarian-grand-prix_corner_17,0.55,3505.597,61.485,3576.174,0.0
2026,11,Hungarian Grand Prix,Q,ALO,14,SOFT,,hungarian-grand-prix_corner_18,hungarian-grand-prix_corner_18,0.55,3780.733,68.205,3840.599,1.0
2026,11,Hungarian Grand Prix,Q,ALO,14,SOFT,,hungarian-grand-prix_corner_19,hungarian-grand-prix_corner_19,0.55,4021.221,73.685,4131.076,0.722
2026,11,Hungarian Grand Prix,Q,ANT,19,SOFT,,hungarian-grand-prix_corner_03,hungarian-grand-prix_corner_03,0.55,456.891,5.154,456.891,0.1212
2026,11,Hungarian Grand Prix,Q,ANT,19,SOFT,,hungarian-grand-prix_corner_06,hungarian-grand-prix_corner_06,0.55,1140.638,18.793,1219.582,0.97
2026,11,Hungarian Grand Prix,Q,ANT,19,SOFT,,hungarian-grand-prix_corner_10,hungarian-grand-prix_corner_10,0.55,2046.679,33.033,2114.324,1.0
2026,11,Hungarian Grand Prix,Q,ANT,19,SOFT,,hungarian-grand-prix_corner_11,hungarian-grand-prix_corner_11,0.55,2188.657,35.833,2188.657,0.3039
2026,11,Hungarian Grand Prix,Q,ANT,19,SOFT,,hungarian-grand-prix_corner_13,hungarian-grand-prix_corner_13,0.55,2621.381,44.874,2760.335,1.0
2026,11,Hungarian Grand Prix,Q,ANT,19,SOFT,,hungarian-grand-prix_corner_17,hungarian-grand-prix_corner_17,0.55,3507.914,59.833,3555.125,0.0
2026,11,Hungarian Grand Prix,Q,ANT,19,SOFT,,hungarian-grand-prix_corner_18,hungarian-grand-prix_corner_18,0.55,3773.807,66.153,3845.996,0.83
2026,11,Hungarian Grand Prix,Q,ANT,19,SOFT,,hungarian-grand-prix_corner_19,hungarian-grand-prix_corner_19,0.55,4039.493,72.354,4111.211,0.8913
2026,11,Hungarian Grand Prix,Q,BEA,5,SOFT,,hungarian-grand-prix_corner_03,hungarian-grand-prix_corner_03,0.55,448.147,5.032,448.147,0.1185
2026,11,Hungarian Grand Prix,Q,BEA,5,SOFT,,hungarian-grand-prix_corner_06,hungarian-grand-prix_corner_06,0.55,1146.046,19.232,1241.968,0.9633
2026,11,Hungarian Grand Prix,Q,BEA,5,SOFT,,hungarian-grand-prix_corner_10,hungarian-grand-prix_corner_10,0.55,2032.621,33.472,2148.66,0.97
2026,11,Hungarian Grand Prix,Q,BEA,5,SOFT,,hungarian-grand-prix_corner_11,hungarian-grand-prix_corner_11,0.55,2193.155,36.792,2193.155,0.2355
2026,11,Hungarian Grand Prix,Q,BEA,5,SOFT,,hungarian-grand-prix_corner_13,hungarian-grand-prix_corner_13,0.55,2613.811,46.112,2782.0,1.0
2026,11,Hungarian Grand Prix,Q,BEA,5,SOFT,,hungarian-grand-prix_corner_17,hungarian-grand-prix_corner_17,0.55,3519.342,61.792,3571.218,0.3784
2026,11,Hungarian Grand Prix,Q,BEA,5,SOFT,,hungarian-grand-prix_corner_18,hungarian-grand-prix_corner_18,0.55,3779.69,68.192,3883.351,0.9775
2026,11,Hungarian Grand Prix,Q,BEA,5,SOFT,,hungarian-grand-prix_corner_19,hungarian-grand-prix_corner_19,0.55,3920.485,71.712,3920.485,0.5535
2026,11,Hungarian Grand Prix,Q,BOR,5,SOFT,,hungarian-grand-prix_corner_03,hungarian-grand-prix_corner_03,0.55,437.79,4.921,437.79,0.1138
2026,11,Hungarian Grand Prix,Q,BOR,5,SOFT,,hungarian-grand-prix_corner_06,hungarian-grand-prix_corner_06,0.55,1158.676,18.962,1259.509,0.9725
2026,11,Hungarian Grand Prix,Q,BOR,5,SOFT,,hungarian-grand-prix_corner_10,hungarian-grand-prix_corner_10,0.55,2072.468,33.761,2137.946,0.9757
2026,11,Hungarian Grand Prix,Q,BOR,5,SOFT,,hungarian-grand-prix_corner_11,hungarian-grand-prix_corner_11,0.55,2184.09,36.081,2184.09,0.1558
2026,11,Hungarian Grand Prix,Q,BOR,5,SOFT,,hungarian-grand-prix_corner_13,hungarian-grand-prix_corner_13,0.55,2615.1,45.322,2779.841,1.0
2026,11,Hungarian Grand Prix,Q,BOR,5,SOFT,,hungarian-grand-prix_corner_17,hungarian-grand-prix_corner_17,0.55,3526.781,60.961,3582.037,0.5029
2026,11,Hungarian Grand Prix,Q,BOR,5,SOFT,,hungarian-grand-prix_corner_18,hungarian-grand-prix_corner_18,0.55,3791.211,67.361,3887.122,0.99
2026,11,Hungarian Grand Prix,Q,BOR,5,SOFT,,hungarian-grand-prix_corner_19,hungarian-grand-prix_corner_19,0.55,3935.544,70.841,3935.544,0.497
2026,11,Hungarian Grand Prix,Q,BOT,9,SOFT,,hungarian-grand-prix_corner_03,hungarian-grand-prix_corner_03,0.55,447.662,5.032,447.662,0.1062
2026,11,Hungarian Grand Prix,Q,BOT,9,SOFT,,hungarian-grand-prix_corner_06,hungarian-grand-prix_corner_06,0.55,1155.197,19.512,1235.598,0.975
2026,11,Hungarian Grand Prix,Q,BOT,9,SOFT,,hungarian-grand-prix_corner_10,hungarian-grand-prix_corner_10,0.55,2044.287,33.953,2143.522,0.9533
2026,11,Hungarian Grand Prix,Q,BOT,9,SOFT,,hungarian-grand-prix_corner_11,hungarian-grand-prix_corner_11,0.55,2177.211,36.792,2177.211,0.2318
2026,11,Hungarian Grand Prix,Q,BOT,9,SOFT,,hungarian-grand-prix_corner_13,hungarian-grand-prix_corner_13,0.55,2618.964,46.593,2757.989,1.0
2026,11,Hungarian Grand Prix,Q,BOT,9,SOFT,,hungarian-grand-prix_corner_17,hungarian-grand-prix_corner_17,0.55,3508.492,62.113,3577.062,0.1829
2026,11,Hungarian Grand Prix,Q,BOT,9,SOFT,,hungarian-grand-prix_corner_18,hungarian-grand-prix_corner_18,0.55,3770.606,68.593,3869.869,0.9875
2026,11,Hungarian Grand Prix,Q,BOT,9,SOFT,,hungarian-grand-prix_corner_19,hungarian-grand-prix_corner_19,0.55,3917.669,72.392,3917.669,0.6115
2026,11,Hungarian Grand Prix,Q,COL,11,SOFT,,hungarian-grand-prix_corner_03,hungarian-grand-prix_corner_03,0.55,439.656,4.881,439.656,0.1253
2026,11,Hungarian Grand Prix,Q,COL,11,SOFT,,hungarian-grand-prix_corner_06,hungarian-grand-prix_corner_06,0.55,1146.263,19.241,1222.351,1.0
2026,11,Hungarian Grand Prix,Q,COL,11,SOFT,,hungarian-grand-prix_corner_10,hungarian-grand-prix_corner_10,0.55,2038.629,33.4,2111.355,1.0
2026,11,Hungarian Grand Prix,Q,COL,11,SOFT,,hungarian-grand-prix_corner_11,hungarian-grand-prix_corner_11,0.55,2182.033,36.321,2182.033,0.2919
2026,11,Hungarian Grand Prix,Q,COL,11,SOFT,,hungarian-grand-prix_corner_13,hungarian-grand-prix_corner_13,0.55,2614.966,45.561,,0.6758
2026,11,Hungarian Grand Prix,Q,COL,11,SOFT,,hungarian-grand-prix_corner_17,hungarian-grand-prix_corner_17,0.55,3522.956,60.84,3584.08,0.4167
2026,11,Hungarian Grand Prix,Q,COL,11,SOFT,,hungarian-grand-prix_corner_18,hungarian-grand-prix_corner_18,0.55,3780.421,67.04,3884.872,0.985
2026,11,Hungarian Grand Prix,Q,COL,11,SOFT,,hungarian-grand-prix_corner_19,hungarian-grand-prix_corner_19,0.55,3927.617,70.681,3927.617,0.6042
2026,11,Hungarian Grand Prix,Q,GAS,11,SOFT,,hungarian-grand-prix_corner_03,hungarian-grand-prix_corner_03,0.55,451.063,5.007,451.063,0.1857
2026,11,Hungarian Grand Prix,Q,GAS,11,SOFT,,hungarian-grand-prix_corner_06,hungarian-grand-prix_corner_06,0.55,1139.628,18.807,1236.782,0.9867
2026,11,Hungarian Grand Prix,Q,GAS,11,SOFT,,hungarian-grand-prix_corner_10,hungarian-grand-prix_corner_10,0.55,2042.932,33.367,2118.713,1.0
2026,11,Hungarian Grand Prix,Q,GAS,11,SOFT,,hungarian-grand-prix_corner_11,hungarian-grand-prix_corner_11,0.55,2180.106,36.167,2180.106,0.2903
2026,11,Hungarian Grand Prix,Q,GAS,11,SOFT,,hungarian-grand-prix_corner_13,hungarian-grand-prix_corner_13,0.55,2622.945,45.567,2757.016,1.0
2026,11,Hungarian Grand Prix,Q,GAS,11,SOFT,,hungarian-grand-prix_corner_17,hungarian-grand-prix_corner_17,0.55,3506.005,60.527,3567.006,0.0052
2026,11,Hungarian Grand Prix,Q,GAS,11,SOFT,,hungarian-grand-prix_corner_18,hungarian-grand-prix_corner_18,0.55,3772.072,66.967,3849.117,1.0
2026,11,Hungarian Grand Prix,Q,GAS,11,SOFT,,hungarian-grand-prix_corner_19,hungarian-grand-prix_corner_19,0.55,3927.006,70.647,,0.6528
2026,11,Hungarian Grand Prix,Q,HAD,10,SOFT,,hungarian-grand-prix_corner_03,hungarian-grand-prix_corner_03,0.55,458.742,5.182,458.742,0.0251
2026,11,Hungarian Grand Prix,Q,HAD,10,SOFT,,hungarian-grand-prix_corner_06,hungarian-grand-prix_corner_06,0.55,1143.623,18.822,1248.634,0.9775
2026,11,Hungarian Grand Prix,Q,HAD,10,SOFT,,hungarian-grand-prix_corner_10,hungarian-grand-prix_corner_10,0.55,2053.351,33.222,2143.84,1.0
2026,11,Hungarian Grand Prix,Q,HAD,10,SOFT,,hungarian-grand-prix_corner_11,hungarian-grand-prix_corner_11,0.55,2179.282,35.741,2179.282,0.0528
2026,11,Hungarian Grand Prix,Q,HAD,10,SOFT,,hungarian-grand-prix_corner_13,hungarian-grand-prix_corner_13,0.55,2627.005,45.262,2784.739,1.0
2026,11,Hungarian Grand Prix,Q,HAD,10,SOFT,,hungarian-grand-prix_corner_17,hungarian-grand-prix_corner_17,0.55,3537.276,60.822,3581.854,0.021
2026,11,Hungarian Grand Prix,Q,HAD,10,SOFT,,hungarian-grand-prix_corner_18,hungarian-grand-prix_corner_18,0.55,3789.808,66.662,3868.764,1.0
2026,11,Hungarian Grand Prix,Q,HAD,10,SOFT,,hungarian-grand-prix_corner_19,hungarian-grand-prix_corner_19,0.55,3931.023,69.861,3931.023,0.4975
2026,11,Hungarian Grand Prix,Q,HAM,11,SOFT,,hungarian-grand-prix_corner_03,hungarian-grand-prix_corner_03,0.55,445.949,5.046,445.949,0.1611
2026,11,Hungarian Grand Prix,Q,HAM,11,SOFT,,hungarian-grand-prix_corner_06,hungarian-grand-prix_corner_06,0.55,1142.273,18.566,1224.197,1.0
2026,11,Hungarian Grand Prix,Q,HAM,11,SOFT,,hungarian-grand-prix_corner_10,hungarian-grand-prix_corner_10,0.55,2056.724,32.847,2134.635,0.9761
2026,11,Hungarian Grand Prix,Q,HAM,11,SOFT,,hungarian-grand-prix_corner_11,hungarian-grand-prix_corner_11,0.55,2180.368,35.327,2180.368,0.1307
2026,11,Hungarian Grand Prix,Q,HAM,11,SOFT,,hungarian-grand-prix_corner_13,hungarian-grand-prix_corner_13,0.55,2612.778,44.407,2770.968,1.0
2026,11,Hungarian Grand Prix,Q,HAM,11,SOFT,,hungarian-grand-prix_corner_17,hungarian-grand-prix_corner_17,0.55,3522.824,59.647,3567.324,0.6615
2026,11,Hungarian Grand Prix,Q,HAM,11,SOFT,,hungarian-grand-prix_corner_18,hungarian-grand-prix_corner_18,0.55,3788.546,65.847,3872.824,0.995
2026,11,Hungarian Grand Prix,Q,HAM,11,SOFT,,hungarian-grand-prix_corner_19,hungarian-grand-prix_corner_19,0.55,3929.701,69.207,3929.701,0.6747
2026,11,Hungarian Grand Prix,Q,HUL,11,SOFT,,hungarian-grand-prix_corner_03,hungarian-grand-prix_corner_03,0.55,438.912,4.964,,0.113
2026,11,Hungarian Grand Prix,Q,HUL,11,SOFT,,hungarian-grand-prix_corner_06,hungarian-grand-prix_corner_06,0.55,1152.845,19.045,1220.245,0.99
2026,11,Hungarian Grand Prix,Q,HUL,11,SOFT,,hungarian-grand-prix_corner_10,hungarian-grand-prix_corner_10,0.55,2049.07,33.365,2120.166,1.0
2026,11,Hungarian Grand Prix,Q,HUL,11,SOFT,,hungarian-grand-prix_corner_11,hungarian-grand-prix_corner_11,0.55,2187.255,36.164,2187.255,0.2087
2026,11,Hungarian Grand Prix,Q,HUL,11,SOFT,,hungarian-grand-prix_corner_13,hungarian-grand-prix_corner_13,0.55,2623.118,45.405,2634.651,1.0
2026,11,Hungarian Grand Prix,Q,HUL,11,SOFT,,hungarian-grand-prix_corner_17,hungarian-grand-prix_corner_17,0.55,3511.877,60.325,3568.71,0.2694
2026,11,Hungarian Grand Prix,Q,HUL,11,SOFT,,hungarian-grand-prix_corner_18,hungarian-grand-prix_corner_18,0.55,3777.381,66.765,3860.085,1.0
2026,11,Hungarian Grand Prix,Q,HUL,11,SOFT,,hungarian-grand-prix_corner_19,hungarian-grand-prix_corner_19,0.55,3918.674,70.284,3918.674,0.6972
2026,11,Hungarian Grand Prix,Q,LAW,11,SOFT,,hungarian-grand-prix_corner_03,hungarian-grand-prix_corner_03,0.55,449.752,5.107,449.752,0.1629
2026,11,Hungarian Grand Prix,Q,LAW,11,SOFT,,hungarian-grand-prix_corner_06,hungarian-grand-prix_corner_06,0.55,1150.686,19.587,1233.109,0.96
2026,11,Hungarian Grand Prix,Q,LAW,11,SOFT,,hungarian-grand-prix_corner_10,hungarian-grand-prix_corner_10,0.55,2033.282,33.388,2098.493,1.0
2026,11,Hungarian Grand Prix,Q,LAW,11,SOFT,,hungarian-grand-prix_corner_11,hungarian-grand-prix_corner_11,0.55,2180.849,36.308,2180.849,0.2712
2026,11,Hungarian Grand Prix,Q,LAW,11,SOFT,,hungarian-grand-prix_corner_13,hungarian-grand-prix_corner_13,0.55,2612.424,45.507,2747.294,1.0
2026,11,Hungarian Grand Prix,Q,LAW,11,SOFT,,hungarian-grand-prix_corner_17,hungarian-grand-prix_corner_17,0.55,3502.485,60.628,3554.451,0.0
2026,11,Hungarian Grand Prix,Q,LAW,11,SOFT,,hungarian-grand-prix_corner_18,hungarian-grand-prix_corner_18,0.55,3768.432,66.868,3848.999,1.0
2026,11,Hungarian Grand Prix,Q,LAW,11,SOFT,,hungarian-grand-prix_corner_19,hungarian-grand-prix_corner_19,0.55,4036.009,73.028,,0.6195
2026,11,Hungarian Grand Prix,Q,LEC,16,SOFT,,hungarian-grand-prix_corner_03,hungarian-grand-prix_corner_03,0.55,446.227,5.074,446.227,0.1459
2026,11,Hungarian Grand Prix,Q,LEC,16,SOFT,,hungarian-grand-prix_corner_06,hungarian-grand-prix_corner_06,0.55,1140.444,18.594,1277.667,0.9467
2026,11,Hungarian Grand Prix,Q,LEC,16,SOFT,,hungarian-grand-prix_corner_10,hungarian-grand-prix_corner_10,0.55,2030.951,32.394,2130.429,0.9404
2026,11,Hungarian Grand Prix,Q,LEC,16,SOFT,,hungarian-grand-prix_corner_11,hungarian-grand-prix_corner_11,0.55,2184.34,35.594,2184.34,0.2094
2026,11,Hungarian Grand Prix,Q,LEC,16,SOFT,,hungarian-grand-prix_corner_13,hungarian-grand-prix_corner_13,0.55,2614.06,44.674,2775.471,1.0
2026,11,Hungarian Grand Prix,Q,LEC,16,SOFT,,hungarian-grand-prix_corner_17,hungarian-grand-prix_corner_17,0.55,3510.795,59.514,3563.973,0.6756
2026,11,Hungarian Grand Prix,Q,LEC,16,SOFT,,hungarian-grand-prix_corner_18,hungarian-grand-prix_corner_18,0.55,3770.373,65.714,3856.028,0.9975
2026,11,Hungarian Grand Prix,Q,LEC,16,SOFT,,hungarian-grand-prix_corner_19,hungarian-grand-prix_corner_19,0.55,3920.317,69.394,3920.317,0.6646
2026,11,Hungarian Grand Prix,Q,LIN,14,SOFT,,hungarian-grand-prix_corner_03,hungarian-grand-prix_corner_03,0.55,453.45,5.17,453.45,0.0972
2026,11,Hungarian Grand Prix,Q,LIN,14,SOFT,,hungarian-grand-prix_corner_06,hungarian-grand-prix_corner_06,0.55,1145.886,18.93,1231.253,1.0
2026,11,Hungarian Grand Prix,Q,LIN,14,SOFT,,hungarian-grand-prix_corner_10,hungarian-grand-prix_corner_10,0.55,2039.565,33.13,2117.365,1.0
2026,11,Hungarian Grand Prix,Q,LIN,14,SOFT,,hungarian-grand-prix_corner_11,hungarian-grand-prix_corner_11,0.55,2190.765,36.21,2190.765,0.2721
2026,11,Hungarian Grand Prix,Q,LIN,14,SOFT,,hungarian-grand-prix_corner_13,hungarian-grand-prix_corner_13,0.55,2619.791,45.25,2783.224,1.0
2026,11,Hungarian Grand Prix,Q,LIN,14,SOFT,,hungarian-grand-prix_corner_17,hungarian-grand-prix_corner_17,0.55,3514.88,60.21,3584.913,0.0
2026,11,Hungarian Grand Prix,Q,LIN,14,SOFT,,hungarian-grand-prix_corner_18,hungarian-grand-prix_corner_18,0.55,3777.027,66.41,3870.649,1.0
2026,11,Hungarian Grand Prix,Q,LIN,14,SOFT,,hungarian-grand-prix_corner_19,hungarian-grand-prix_corner_19,0.55,3921.827,70.05,3921.827,0.6599
2026,11,Hungarian Grand Prix,Q,NOR,15,SOFT,,hungarian-grand-prix_corner_03,hungarian-grand-prix_corner_03,0.55,461.077,5.227,461.077,0.1166
2026,11,Hungarian Grand Prix,Q,NOR,15,SOFT,,hungarian-grand-prix_corner_06,hungarian-grand-prix_corner_06,0.55,1160.618,19.067,1223.796,1.0
2026,11,Hungarian Grand Prix,Q,NOR,15,SOFT,,hungarian-grand-prix_corner_10,hungarian-grand-prix_corner_10,0.55,2042.751,32.707,2127.951,1.0
2026,11,Hungarian Grand Prix,Q,NOR,15,SOFT,,hungarian-grand-prix_corner_11,hungarian-grand-prix_corner_11,0.55,2181.218,35.467,2181.218,0.244
2026,11,Hungarian Grand Prix,Q,NOR,15,SOFT,,hungarian-grand-prix_corner_13,hungarian-grand-prix_corner_13,0.55,2626.525,44.827,2754.636,1.0
2026,11,Hungarian Grand Prix,Q,NOR,15,SOFT,,hungarian-grand-prix_corner_17,hungarian-grand-prix_corner_17,0.55,3515.762,59.707,3562.239,0.0
2026,11,Hungarian Grand Prix,Q,NOR,15,SOFT,,hungarian-grand-prix_corner_18,hungarian-grand-prix_corner_18,0.55,3770.534,65.707,3861.301,1.0
2026,11,Hungarian Grand Prix,Q,NOR,15,SOFT,,hungarian-grand-prix_corner_19,hungarian-grand-prix_corner_19,0.55,3923.83,69.346,4119.339,0.6785
2026,11,Hungarian Grand Prix,Q,OCO,11,SOFT,,hungarian-grand-prix_corner_03,hungarian-grand-prix_corner_03,0.55,449.867,5.081,449.867,0.1743
2026,11,Hungarian Grand Prix,Q,OCO,11,SOFT,,hungarian-grand-prix_corner_06,hungarian-grand-prix_corner_06,0.55,1141.244,19.202,1230.133,1.0
2026,11,Hungarian Grand Prix,Q,OCO,11,SOFT,,hungarian-grand-prix_corner_10,hungarian-grand-prix_corner_10,0.55,2043.111,33.802,2123.844,1.0
2026,11,Hungarian Grand Prix,Q,OCO,11,SOFT,,hungarian-grand-prix_corner_11,hungarian-grand-prix_corner_11,0.55,2195.163,36.881,2195.163,0.3237
2026,11,Hungarian Grand Prix,Q,OCO,11,SOFT,,hungarian-grand-prix_corner_13,hungarian-grand-prix_corner_13,0.55,2621.919,46.322,2775.908,1.0
2026,11,Hungarian Grand Prix,Q,OCO,11,SOFT,,hungarian-grand-prix_corner_17,hungarian-grand-prix_corner_17,0.55,3494.058,61.202,3565.225,0.2534
2026,11,Hungarian Grand Prix,Q,OCO,11,SOFT,,hungarian-grand-prix_corner_18,hungarian-grand-prix_corner_18,0.55,3765.209,68.082,3844.874,0.6543
2026,11,Hungarian Grand Prix,Q,OCO,11,SOFT,,hungarian-grand-prix_corner_19,hungarian-grand-prix_corner_19,0.55,4039.108,74.602,4131.553,0.9833
2026,11,Hungarian Grand Prix,Q,PER,8,SOFT,,hungarian-grand-prix_corner_03,hungarian-grand-prix_corner_03,0.55,626.401,9.023,,0.139
2026,11,Hungarian Grand Prix,Q,PER,8,SOFT,,hungarian-grand-prix_corner_06,hungarian-grand-prix_corner_06,0.55,1144.369,19.383,1219.947,0.88
2026,11,Hungarian Grand Prix,Q,PER,8,SOFT,,hungarian-grand-prix_corner_10,hungarian-grand-prix_corner_10,0.55,2045.065,34.303,2131.547,1.0
2026,11,Hungarian Grand Prix,Q,PER,8,SOFT,,hungarian-grand-prix_corner_11,hungarian-grand-prix_corner_11,0.55,2190.325,37.304,2190.325,0.2458
2026,11,Hungarian Grand Prix,Q,PER,8,SOFT,,hungarian-grand-prix_corner_13,hungarian-grand-prix_corner_13,0.55,2613.603,46.863,2627.914,1.0
2026,11,Hungarian Grand Prix,Q,PER,8,SOFT,,hungarian-grand-prix_corner_17,hungarian-grand-prix_corner_17,0.55,3506.459,62.744,3568.693,0.0
2026,11,Hungarian Grand Prix,Q,PER,8,SOFT,,hungarian-grand-prix_corner_18,hungarian-grand-prix_corner_18,0.55,3762.541,68.944,3857.452,1.0
2026,11,Hungarian Grand Prix,Q,PER,8,SOFT,,hungarian-grand-prix_corner_19,hungarian-grand-prix_corner_19,0.55,3919.258,72.823,3919.258,0.6626
2026,11,Hungarian Grand Prix,Q,PIA,12,SOFT,,hungarian-grand-prix_corner_03,hungarian-grand-prix_corner_03,0.55,445.338,5.048,445.338,0.1181
2026,11,Hungarian Grand Prix,Q,PIA,12,SOFT,,hungarian-grand-prix_corner_06,hungarian-grand-prix_corner_06,0.55,1146.278,19.088,1203.855,0.99
2026,11,Hungarian Grand Prix,Q,PIA,12,SOFT,,hungarian-grand-prix_corner_10,hungarian-grand-prix_corner_10,0.55,2059.556,33.487,2123.923,0.99
2026,11,Hungarian Grand Prix,Q,PIA,12,SOFT,,hungarian-grand-prix_corner_11,hungarian-grand-prix_corner_11,0.55,2188.957,35.888,2188.957,0.2237
2026,11,Hungarian Grand Prix,Q,PIA,12,SOFT,,hungarian-grand-prix_corner_13,hungarian-grand-prix_corner_13,0.55,2616.275,44.888,2756.466,0.99
2026,11,Hungarian Grand Prix,Q,PIA,12,SOFT,,hungarian-grand-prix_corner_17,hungarian-grand-prix_corner_17,0.55,3500.556,59.927,3583.021,0.0
2026,11,Hungarian Grand Prix,Q,PIA,12,SOFT,,hungarian-grand-prix_corner_18,hungarian-grand-prix_corner_18,0.55,3757.666,66.128,3858.322,0.9875
2026,11,Hungarian Grand Prix,Q,PIA,12,SOFT,,hungarian-grand-prix_corner_19,hungarian-grand-prix_corner_19,0.55,3917.9,69.928,,0.7057
2026,11,Hungarian Grand Prix,Q,RUS,16,SOFT,,hungarian-grand-prix_corner_03,hungarian-grand-prix_corner_03,0.55,453.664,5.102,453.664,0.163
2026,11,Hungarian Grand Prix,Q,RUS,16,SOFT,,hungarian-grand-prix_corner_06,hungarian-grand-prix_corner_06,0.55,1127.418,18.582,1200.162,1.0
2026,11,Hungarian Grand Prix,Q,RUS,16,SOFT,,hungarian-grand-prix_corner_10,hungarian-grand-prix_corner_10,0.55,2040.51,32.982,2130.088,1.0
2026,11,Hungarian Grand Prix,Q,RUS,16,SOFT,,hungarian-grand-prix_corner_11,hungarian-grand-prix_corner_11,0.55,2192.224,35.982,2192.224,0.3244
2026,11,Hungarian Grand Prix,Q,RUS,16,SOFT,,hungarian-grand-prix_corner_13,hungarian-grand-prix_corner_13,0.55,2614.081,44.862,2755.326,1.0
2026,11,Hungarian Grand Prix,Q,RUS,16,SOFT,,hungarian-grand-prix_corner_17,hungarian-grand-prix_corner_17,0.55,3506.102,59.862,3562.502,0.0
2026,11,Hungarian Grand Prix,Q,RUS,16,SOFT,,hungarian-grand-prix_corner_18,hungarian-grand-prix_corner_18,0.55,3759.412,66.022,3846.723,1.0
2026,11,Hungarian Grand Prix,Q,RUS,16,SOFT,,hungarian-grand-prix_corner_19,hungarian-grand-prix_corner_19,0.55,4018.831,72.062,4121.753,0.7994
2026,11,Hungarian Grand Prix,Q,SAI,8,SOFT,,hungarian-grand-prix_corner_03,hungarian-grand-prix_corner_03,0.55,456.287,5.171,456.287,0.1518
2026,11,Hungarian Grand Prix,Q,SAI,8,SOFT,,hungarian-grand-prix_corner_06,hungarian-grand-prix_corner_06,0.55,1156.343,19.611,1216.176,0.92
2026,11,Hungarian Grand Prix,Q,SAI,8,SOFT,,hungarian-grand-prix_corner_10,hungarian-grand-prix_corner_10,0.55,2052.063,34.251,2130.563,1.0
2026,11,Hungarian Grand Prix,Q,SAI,8,SOFT,,hungarian-grand-prix_corner_11,hungarian-grand-prix_corner_11,0.55,2195.251,37.131,2195.251,0.1832
2026,11,Hungarian Grand Prix,Q,SAI,8,SOFT,,hungarian-grand-prix_corner_13,hungarian-grand-prix_corner_13,0.55,2616.348,46.291,2757.823,1.0
2026,11,Hungarian Grand Prix,Q,SAI,8,SOFT,,hungarian-grand-prix_corner_17,hungarian-grand-prix_corner_17,0.55,3512.782,61.852,3580.706,0.0
2026,11,Hungarian Grand Prix,Q,SAI,8,SOFT,,hungarian-grand-prix_corner_18,hungarian-grand-prix_corner_18,0.55,3773.743,68.332,3859.068,0.9725
2026,11,Hungarian Grand Prix,Q,SAI,8,SOFT,,hungarian-grand-prix_corner_19,hungarian-grand-prix_corner_19,0.55,4042.78,74.932,,0.5018
2026,11,Hungarian Grand Prix,Q,STR,5,SOFT,,hungarian-grand-prix_corner_03,hungarian-grand-prix_corner_03,0.55,447.313,5.211,447.313,0.1165
2026,11,Hungarian Grand Prix,Q,STR,5,SOFT,,hungarian-grand-prix_corner_06,hungarian-grand-prix_corner_06,0.55,1165.243,19.89,1232.398,1.0
2026,11,Hungarian Grand Prix,Q,STR,5,SOFT,,hungarian-grand-prix_corner_10,hungarian-grand-prix_corner_10,0.55,2040.709,33.89,2129.981,1.0
2026,11,Hungarian Grand Prix,Q,STR,5,SOFT,,hungarian-grand-prix_corner_11,hungarian-grand-prix_corner_11,0.55,2190.648,36.971,2190.648,0.2517
2026,11,Hungarian Grand Prix,Q,STR,5,SOFT,,hungarian-grand-prix_corner_13,hungarian-grand-prix_corner_13,0.55,2617.525,46.371,2626.692,1.0
2026,11,Hungarian Grand Prix,Q,STR,5,SOFT,,hungarian-grand-prix_corner_17,hungarian-grand-prix_corner_17,0.55,3517.896,62.251,3561.496,1.0
2026,11,Hungarian Grand Prix,Q,STR,5,SOFT,,hungarian-grand-prix_corner_18,hungarian-grand-prix_corner_18,0.55,3814.856,69.891,3859.423,1.0
2026,11,Hungarian Grand Prix,Q,STR,5,SOFT,,hungarian-grand-prix_corner_19,hungarian-grand-prix_corner_19,0.55,3927.834,72.411,3927.834,0.5654
2026,11,Hungarian Grand Prix,Q,VER,14,SOFT,,hungarian-grand-prix_corner_03,hungarian-grand-prix_corner_03,0.55,456.34,5.209,456.34,0.0659
2026,11,Hungarian Grand Prix,Q,VER,14,SOFT,,hungarian-grand-prix_corner_06,hungarian-grand-prix_corner_06,0.55,1144.822,19.089,1202.489,1.0
2026,11,Hungarian Grand Prix,Q,VER,14,SOFT,,hungarian-grand-prix_corner_10,hungarian-grand-prix_corner_10,0.55,2048.076,33.209,2112.236,1.0
2026,11,Hungarian Grand Prix,Q,VER,14,SOFT,,hungarian-grand-prix_corner_11,hungarian-grand-prix_corner_11,0.55,2225.07,36.448,2225.07,0.2447
2026,11,Hungarian Grand Prix,Q,VER,14,SOFT,,hungarian-grand-prix_corner_13,hungarian-grand-prix_corner_13,0.55,2617.322,44.809,2627.378,1.0
2026,11,Hungarian Grand Prix,Q,VER,14,SOFT,,hungarian-grand-prix_corner_17,hungarian-grand-prix_corner_17,0.55,3520.932,60.249,3562.566,0.0
2026,11,Hungarian Grand Prix,Q,VER,14,SOFT,,hungarian-grand-prix_corner_18,hungarian-grand-prix_corner_18,0.55,3780.907,66.569,3844.262,1.0
2026,11,Hungarian Grand Prix,Q,VER,14,SOFT,,hungarian-grand-prix_corner_19,hungarian-grand-prix_corner_19,0.55,4053.621,72.769,,0.6447
2026,11,Hungarian Grand Prix,R,ALB,57,SOFT,,hungarian-grand-prix_corner_01,hungarian-grand-prix_corner_01,0.55,12.216,0.137,12.216,1.0
2026,11,Hungarian Grand Prix,R,ALB,57,SOFT,,hungarian-grand-prix_corner_05,hungarian-grand-prix_corner_05,0.55,971.333,18.897,1013.255,1.0
2026,11,Hungarian Grand Prix,R,ALB,57,SOFT,,hungarian-grand-prix_corner_06,hungarian-grand-prix_corner_06,0.55,1213.85,24.096,1213.85,1.0
2026,11,Hungarian Grand Prix,R,ALB,57,SOFT,,hungarian-grand-prix_corner_09,hungarian-grand-prix_corner_09,0.55,1943.345,35.697,1943.345,0.3927
2026,11,Hungarian Grand Prix,R,ALB,57,SOFT,,hungarian-grand-prix_corner_10,hungarian-grand-prix_corner_10,0.55,2214.565,43.497,2403.032,0.9333
2026,11,Hungarian Grand Prix,R,ALB,57,SOFT,,hungarian-grand-prix_corner_12,hungarian-grand-prix_corner_12,0.55,2669.109,52.657,2699.109,1.0
2026,11,Hungarian Grand Prix,R,ALB,57,SOFT,,hungarian-grand-prix_corner_15,hungarian-grand-prix_corner_15,0.55,,,,0.0
2026,11,Hungarian Grand Prix,R,ALB,57,SOFT,,hungarian-grand-prix_corner_16,hungarian-grand-prix_corner_16,0.55,3777.898,68.057,,0.5841
2026,11,Hungarian Grand Prix,R,ALO,57,SOFT,,hungarian-grand-prix_corner_01,hungarian-grand-prix_corner_01,0.55,11.935,0.186,11.935,1.0
2026,11,Hungarian Grand Prix,R,ALO,57,SOFT,,hungarian-grand-prix_corner_05,hungarian-grand-prix_corner_05,0.55,1081.361,15.425,1094.695,0.9951
2026,11,Hungarian Grand Prix,R,ALO,57,SOFT,,hungarian-grand-prix_corner_06,hungarian-grand-prix_corner_06,0.55,1225.374,17.986,1225.374,0.0
2026,11,Hungarian Grand Prix,R,ALO,57,SOFT,,hungarian-grand-prix_corner_09,hungarian-grand-prix_corner_09,0.55,1934.918,31.666,1934.918,1.0
2026,11,Hungarian Grand Prix,R,ALO,57,SOFT,,hungarian-grand-prix_corner_10,hungarian-grand-prix_corner_10,0.55,2179.129,36.146,2179.129,0.0
2026,11,Hungarian Grand Prix,R,ALO,57,SOFT,,hungarian-grand-prix_corner_12,hungarian-grand-prix_corner_12,0.55,2658.498,48.226,2674.236,1.0
2026,11,Hungarian Grand Prix,R,ALO,57,SOFT,,hungarian-grand-prix_corner_15,hungarian-grand-prix_corner_15,0.55,3388.756,64.466,3538.145,1.0
2026,11,Hungarian Grand Prix,R,ALO,57,SOFT,,hungarian-grand-prix_corner_16,hungarian-grand-prix_corner_16,0.55,3634.427,69.825,3634.427,1.0
2026,11,Hungarian Grand Prix,R,ANT,58,HARD,,hungarian-grand-prix_corner_01,hungarian-grand-prix_corner_01,0.55,41.151,1.336,,0.7225
2026,11,Hungarian Grand Prix,R,ANT,58,HARD,,hungarian-grand-prix_corner_05,hungarian-grand-prix_corner_05,0.55,968.591,22.537,1101.191,1.0
2026,11,Hungarian Grand Prix,R,ANT,58,HARD,,hungarian-grand-prix_corner_06,hungarian-grand-prix_corner_06,0.55,1281.972,28.496,,0.75
2026,11,Hungarian Grand Prix,R,ANT,58,HARD,,hungarian-grand-prix_corner_09,hungarian-grand-prix_corner_09,0.55,1940.494,38.897,1996.571,1.0
2026,11,Hungarian Grand Prix,R,ANT,58,HARD,,hungarian-grand-prix_corner_10,hungarian-grand-prix_corner_10,0.55,2176.031,42.777,2176.031,1.0
2026,11,Hungarian Grand Prix,R,ANT,58,HARD,,hungarian-grand-prix_corner_12,hungarian-grand-prix_corner_12,0.55,,,,0.0504
2026,11,Hungarian Grand Prix,R,ANT,58,HARD,,hungarian-grand-prix_corner_15,hungarian-grand-prix_corner_15,0.55,3385.151,66.256,3385.151,0.1984
2026,11,Hungarian Grand Prix,R,ANT,58,HARD,,hungarian-grand-prix_corner_16,hungarian-grand-prix_corner_16,0.55,3626.477,74.336,3754.348,0.885
2026,11,Hungarian Grand Prix,R,BEA,24,HARD,,hungarian-grand-prix_corner_01,hungarian-grand-prix_corner_01,0.55,1.731,0.041,1.731,0.0
2026,11,Hungarian Grand Prix,R,BEA,24,HARD,,hungarian-grand-prix_corner_05,hungarian-grand-prix_corner_05,0.55,1004.024,27.441,,0.2775
2026,11,Hungarian Grand Prix,R,BEA,24,HARD,,hungarian-grand-prix_corner_06,hungarian-grand-prix_corner_06,0.55,1209.558,34.241,,0.352
2026,11,Hungarian Grand Prix,R,BEA,24,HARD,,hungarian-grand-prix_corner_09,hungarian-grand-prix_corner_09,0.55,1934.055,59.002,1934.055,1.0
2026,11,Hungarian Grand Prix,R,BEA,24,HARD,,hungarian-grand-prix_corner_10,hungarian-grand-prix_corner_10,0.55,2175.833,69.882,2175.833,0.0
2026,11,Hungarian Grand Prix,R,BOR,33,HARD,,hungarian-grand-prix_corner_01,hungarian-grand-prix_corner_01,0.55,6.6,0.165,73.012,0.5477
2026,11,Hungarian Grand Prix,R,BOR,33,HARD,,hungarian-grand-prix_corner_05,hungarian-grand-prix_corner_05,0.55,971.154,22.804,971.154,1.0
2026,11,Hungarian Grand Prix,R,BOR,33,HARD,,hungarian-grand-prix_corner_06,hungarian-grand-prix_corner_06,0.55,1243.688,27.484,1243.688,1.0
2026,11,Hungarian Grand Prix,R,BOR,33,HARD,,hungarian-grand-prix_corner_09,hungarian-grand-prix_corner_09,0.55,1937.47,39.405,1937.47,1.0
2026,11,Hungarian Grand Prix,R,BOR,33,HARD,,hungarian-grand-prix_corner_10,hungarian-grand-prix_corner_10,0.55,2190.439,43.364,2190.439,0.61
2026,11,Hungarian Grand Prix,R,BOR,33,HARD,,hungarian-grand-prix_corner_12,hungarian-grand-prix_corner_12,0.55,2822.568,55.884,,0.2863
2026,11,Hungarian Grand Prix,R,BOR,33,HARD,,hungarian-grand-prix_corner_15,hungarian-grand-prix_corner_15,0.55,3509.621,74.005,3509.621,0.4866
2026,11,Hungarian Grand Prix,R,BOR,33,HARD,,hungarian-grand-prix_corner_16,hungarian-grand-prix_corner_16,0.55,3624.997,78.524,3624.997,1.0
2026,11,Hungarian Grand Prix,R,BOT,4,MEDIUM,,hungarian-grand-prix_corner_01,hungarian-grand-prix_corner_01,0.55,17.55,0.234,17.55,1.0
2026,11,Hungarian Grand Prix,R,BOT,4,MEDIUM,,hungarian-grand-prix_corner_05,hungarian-grand-prix_corner_05,0.55,1161.351,20.594,,0.258
2026,11,Hungarian Grand Prix,R,BOT,4,MEDIUM,,hungarian-grand-prix_corner_06,hungarian-grand-prix_corner_06,0.55,1218.073,22.354,1268.584,1.0
2026,11,Hungarian Grand Prix,R,BOT,4,MEDIUM,,hungarian-grand-prix_corner_09,hungarian-grand-prix_corner_09,0.55,1935.44,33.994,1935.44,0.7502
2026,11,Hungarian Grand Prix,R,BOT,4,MEDIUM,,hungarian-grand-prix_corner_10,hungarian-grand-prix_corner_10,0.55,2185.843,39.954,2185.843,0.3005
2026,11,Hungarian Grand Prix,R,BOT,4,MEDIUM,,hungarian-grand-prix_corner_12,hungarian-grand-prix_corner_12,0.55,2717.596,52.994,2787.94,1.0
2026,11,Hungarian Grand Prix,R,BOT,4,MEDIUM,,hungarian-grand-prix_corner_15,hungarian-grand-prix_corner_15,0.55,3522.641,67.834,3609.714,0.5741
2026,11,Hungarian Grand Prix,R,BOT,4,MEDIUM,,hungarian-grand-prix_corner_16,hungarian-grand-prix_corner_16,0.55,3631.103,70.675,3631.103,0.4185
2026,11,Hungarian Grand Prix,R,COL,40,HARD,,hungarian-grand-prix_corner_01,hungarian-grand-prix_corner_01,0.55,9.894,0.13,9.894,1.0
2026,11,Hungarian Grand Prix,R,COL,40,HARD,,hungarian-grand-prix_corner_05,hungarian-grand-prix_corner_05,0.55,974.454,21.371,1165.285,1.0
2026,11,Hungarian Grand Prix,R,COL,40,HARD,,hungarian-grand-prix_corner_06,hungarian-grand-prix_corner_06,0.55,1224.663,25.53,1224.663,1.0
2026,11,Hungarian Grand Prix,R,COL,40,HARD,,hungarian-grand-prix_corner_09,hungarian-grand-prix_corner_09,0.55,2040.876,35.851,2040.876,0.0
2026,11,Hungarian Grand Prix,R,COL,40,HARD,,hungarian-grand-prix_corner_10,hungarian-grand-prix_corner_10,0.55,2329.314,40.731,2382.37,0.9095
2026,11,Hungarian Grand Prix,R,COL,40,HARD,,hungarian-grand-prix_corner_12,hungarian-grand-prix_corner_12,0.55,2662.259,46.651,2662.259,0.009
2026,11,Hungarian Grand Prix,R,COL,40,HARD,,hungarian-grand-prix_corner_15,hungarian-grand-prix_corner_15,0.55,3386.406,62.81,3386.406,0.1249
2026,11,Hungarian Grand Prix,R,COL,40,HARD,,hungarian-grand-prix_corner_16,hungarian-grand-prix_corner_16,0.55,3749.073,70.93,,0.3523
2026,11,Hungarian Grand Prix,R,GAS,57,SOFT,,hungarian-grand-prix_corner_01,hungarian-grand-prix_corner_01,0.55,22.283,0.42,82.272,0.775
2026,11,Hungarian Grand Prix,R,GAS,57,SOFT,,hungarian-grand-prix_corner_05,hungarian-grand-prix_corner_05,0.55,979.301,21.1,979.301,0.0379
2026,11,Hungarian Grand Prix,R,GAS,57,SOFT,,hungarian-grand-prix_corner_06,hungarian-grand-prix_corner_06,0.55,1391.116,30.261,,0.2932
2026,11,Hungarian Grand Prix,R,GAS,57,SOFT,,hungarian-grand-prix_corner_09,hungarian-grand-prix_corner_09,0.55,1940.035,43.541,2034.968,0.4094
2026,11,Hungarian Grand Prix,R,GAS,57,SOFT,,hungarian-grand-prix_corner_10,hungarian-grand-prix_corner_10,0.55,2191.32,49.621,2374.864,1.0
2026,11,Hungarian Grand Prix,R,GAS,57,SOFT,,hungarian-grand-prix_corner_12,hungarian-grand-prix_corner_12,0.55,2665.12,58.741,2665.12,0.21
2026,11,Hungarian Grand Prix,R,GAS,57,SOFT,,hungarian-grand-prix_corner_15,hungarian-grand-prix_corner_15,0.55,3391.102,70.661,3391.102,1.0
2026,11,Hungarian Grand Prix,R,GAS,57,SOFT,,hungarian-grand-prix_corner_16,hungarian-grand-prix_corner_16,0.55,3640.703,74.341,3640.703,0.37
2026,11,Hungarian Grand Prix,R,HAD,45,HARD,,hungarian-grand-prix_corner_01,hungarian-grand-prix_corner_01,0.55,27.453,0.464,27.453,0.8662
2026,11,Hungarian Grand Prix,R,HAD,45,HARD,,hungarian-grand-prix_corner_05,hungarian-grand-prix_corner_05,0.55,1208.085,21.824,,0.0812
2026,11,Hungarian Grand Prix,R,HAD,45,HARD,,hungarian-grand-prix_corner_06,hungarian-grand-prix_corner_06,0.55,1213.151,21.984,1341.562,1.0
2026,11,Hungarian Grand Prix,R,HAD,45,HARD,,hungarian-grand-prix_corner_09,hungarian-grand-prix_corner_09,0.55,1935.179,39.945,2142.484,1.0
2026,11,Hungarian Grand Prix,R,HAD,45,HARD,,hungarian-grand-prix_corner_10,hungarian-grand-prix_corner_10,0.55,2179.151,46.585,2179.151,0.5567
2026,11,Hungarian Grand Prix,R,HAD,45,HARD,,hungarian-grand-prix_corner_12,hungarian-grand-prix_corner_12,0.55,2669.062,57.985,,0.78
2026,11,Hungarian Grand Prix,R,HAD,45,HARD,,hungarian-grand-prix_corner_15,hungarian-grand-prix_corner_15,0.55,3394.292,71.065,3394.292,1.0
2026,11,Hungarian Grand Prix,R,HAD,45,HARD,,hungarian-grand-prix_corner_16,hungarian-grand-prix_corner_16,0.55,3643.021,74.184,3643.021,1.0
2026,11,Hungarian Grand Prix,R,HAM,59,SOFT,,hungarian-grand-prix_corner_01,hungarian-grand-prix_corner_01,0.55,68.053,1.824,,0.7225
2026,11,Hungarian Grand Prix,R,HAM,59,SOFT,,hungarian-grand-prix_corner_05,hungarian-grand-prix_corner_05,0.55,985.285,17.823,985.285,1.0
2026,11,Hungarian Grand Prix,R,HAM,59,SOFT,,hungarian-grand-prix_corner_06,hungarian-grand-prix_corner_06,0.55,1222.301,20.624,1222.301,0.99
2026,11,Hungarian Grand Prix,R,HAM,59,SOFT,,hungarian-grand-prix_corner_09,hungarian-grand-prix_corner_09,0.55,1994.879,29.424,,0.0
2026,11,Hungarian Grand Prix,R,HAM,59,SOFT,,hungarian-grand-prix_corner_10,hungarian-grand-prix_corner_10,0.55,,,,0.0023
2026,11,Hungarian Grand Prix,R,HAM,59,SOFT,,hungarian-grand-prix_corner_12,hungarian-grand-prix_corner_12,0.55,2670.693,48.264,,0.755
2026,11,Hungarian Grand Prix,R,HAM,59,SOFT,,hungarian-grand-prix_corner_15,hungarian-grand-prix_corner_15,0.55,3393.874,61.184,3393.874,0.0598
2026,11,Hungarian Grand Prix,R,HAM,59,SOFT,,hungarian-grand-prix_corner_16,hungarian-grand-prix_corner_16,0.55,3766.152,70.464,,0.43
2026,11,Hungarian Grand Prix,R,HUL,67,SOFT,,hungarian-grand-prix_corner_01,hungarian-grand-prix_corner_01,0.55,8.958,0.25,17.558,0.85
2026,11,Hungarian Grand Prix,R,HUL,67,SOFT,,hungarian-grand-prix_corner_05,hungarian-grand-prix_corner_05,0.55,978.459,16.85,978.459,1.0
2026,11,Hungarian Grand Prix,R,HUL,67,SOFT,,hungarian-grand-prix_corner_06,hungarian-grand-prix_corner_06,0.55,1213.037,19.57,1213.037,1.0
2026,11,Hungarian Grand Prix,R,HUL,67,SOFT,,hungarian-grand-prix_corner_09,hungarian-grand-prix_corner_09,0.55,,,,0.0
2026,11,Hungarian Grand Prix,R,HUL,67,SOFT,,hungarian-grand-prix_corner_10,hungarian-grand-prix_corner_10,0.55,2293.088,36.77,,0.7403
2026,11,Hungarian Grand Prix,R,HUL,67,SOFT,,hungarian-grand-prix_corner_12,hungarian-grand-prix_corner_12,0.55,2667.344,46.53,2667.344,1.0
2026,11,Hungarian Grand Prix,R,HUL,67,SOFT,,hungarian-grand-prix_corner_15,hungarian-grand-prix_corner_15,0.55,3495.618,61.809,,0.73
2026,11,Hungarian Grand Prix,R,HUL,67,SOFT,,hungarian-grand-prix_corner_16,hungarian-grand-prix_corner_16,0.55,3626.095,65.57,3676.228,0.72
2026,11,Hungarian Grand Prix,R,LAW,64,SOFT,,hungarian-grand-prix_corner_01,hungarian-grand-prix_corner_01,0.55,14.557,0.223,14.557,0.0
2026,11,Hungarian Grand Prix,R,LAW,64,SOFT,,hungarian-grand-prix_corner_05,hungarian-grand-prix_corner_05,0.55,981.322,15.263,981.322,0.0
2026,11,Hungarian Grand Prix,R,LAW,64,SOFT,,hungarian-grand-prix_corner_06,hungarian-grand-prix_corner_06,0.55,1379.626,22.663,1379.626,0.0497
2026,11,Hungarian Grand Prix,R,LAW,64,SOFT,,hungarian-grand-prix_corner_09,hungarian-grand-prix_corner_09,0.55,2065.295,40.703,,0.3476
2026,11,Hungarian Grand Prix,R,LAW,64,SOFT,,hungarian-grand-prix_corner_10,hungarian-grand-prix_corner_10,0.55,2175.922,44.502,2325.419,1.0
2026,11,Hungarian Grand Prix,R,LAW,64,SOFT,,hungarian-grand-prix_corner_12,hungarian-grand-prix_corner_12,0.55,2739.315,57.822,,0.6511
2026,11,Hungarian Grand Prix,R,LAW,64,SOFT,,hungarian-grand-prix_corner_15,hungarian-grand-prix_corner_15,0.55,3386.228,71.023,3386.228,1.0
2026,11,Hungarian Grand Prix,R,LAW,64,SOFT,,hungarian-grand-prix_corner_16,hungarian-grand-prix_corner_16,0.55,3628.943,74.103,3628.943,1.0
2026,11,Hungarian Grand Prix,R,LEC,58,SOFT,,hungarian-grand-prix_corner_01,hungarian-grand-prix_corner_01,0.55,7.757,0.179,77.023,1.0
2026,11,Hungarian Grand Prix,R,LEC,58,SOFT,,hungarian-grand-prix_corner_05,hungarian-grand-prix_corner_05,0.55,981.119,21.739,1076.644,0.0593
2026,11,Hungarian Grand Prix,R,LEC,58,SOFT,,hungarian-grand-prix_corner_06,hungarian-grand-prix_corner_06,0.55,1284.046,27.979,,0.5039
2026,11,Hungarian Grand Prix,R,LEC,58,SOFT,,hungarian-grand-prix_corner_09,hungarian-grand-prix_corner_09,0.55,1941.652,42.139,1941.652,1.0
2026,11,Hungarian Grand Prix,R,LEC,58,SOFT,,hungarian-grand-prix_corner_10,hungarian-grand-prix_corner_10,0.55,2177.99,45.818,2177.99,0.312
2026,11,Hungarian Grand Prix,R,LEC,58,SOFT,,hungarian-grand-prix_corner_12,hungarian-grand-prix_corner_12,0.55,2666.352,53.539,2666.352,1.0
2026,11,Hungarian Grand Prix,R,LEC,58,SOFT,,hungarian-grand-prix_corner_15,hungarian-grand-prix_corner_15,0.55,3513.458,67.939,,0.6053
2026,11,Hungarian Grand Prix,R,LEC,58,SOFT,,hungarian-grand-prix_corner_16,hungarian-grand-prix_corner_16,0.55,3626.926,71.498,3714.808,1.0
2026,11,Hungarian Grand Prix,R,LIN,47,HARD,,hungarian-grand-prix_corner_01,hungarian-grand-prix_corner_01,0.55,,,,0.0108
2026,11,Hungarian Grand Prix,R,LIN,47,HARD,,hungarian-grand-prix_corner_05,hungarian-grand-prix_corner_05,0.55,1148.89,26.27,1183.89,0.4575
2026,11,Hungarian Grand Prix,R,LIN,47,HARD,,hungarian-grand-prix_corner_06,hungarian-grand-prix_corner_06,0.55,1241.023,29.31,1321.05,1.0
2026,11,Hungarian Grand Prix,R,LIN,47,HARD,,hungarian-grand-prix_corner_09,hungarian-grand-prix_corner_09,0.55,2003.415,47.67,,0.8392
2026,11,Hungarian Grand Prix,R,LIN,47,HARD,,hungarian-grand-prix_corner_10,hungarian-grand-prix_corner_10,0.55,2181.255,52.271,2238.239,1.0
2026,11,Hungarian Grand Prix,R,LIN,47,HARD,,hungarian-grand-prix_corner_12,hungarian-grand-prix_corner_12,0.55,2660.834,60.43,2660.834,0.0
2026,11,Hungarian Grand Prix,R,LIN,47,HARD,,hungarian-grand-prix_corner_15,hungarian-grand-prix_corner_15,0.55,3383.355,72.511,3383.355,1.0
2026,11,Hungarian Grand Prix,R,LIN,47,HARD,,hungarian-grand-prix_corner_16,hungarian-grand-prix_corner_16,0.55,3628.417,75.87,3628.417,0.0
2026,11,Hungarian Grand Prix,R,NOR,64,SOFT,,hungarian-grand-prix_corner_01,hungarian-grand-prix_corner_01,0.55,3.695,0.047,3.695,1.0
2026,11,Hungarian Grand Prix,R,NOR,64,SOFT,,hungarian-grand-prix_corner_05,hungarian-grand-prix_corner_05,0.55,967.833,10.846,,0.0
2026,11,Hungarian Grand Prix,R,NOR,64,SOFT,,hungarian-grand-prix_corner_06,hungarian-grand-prix_corner_06,0.55,,,,0.0
2026,11,Hungarian Grand Prix,R,NOR,64,SOFT,,hungarian-grand-prix_corner_09,hungarian-grand-prix_corner_09,0.55,1939.532,32.726,1939.532,1.0
2026,11,Hungarian Grand Prix,R,NOR,64,SOFT,,hungarian-grand-prix_corner_10,hungarian-grand-prix_corner_10,0.55,2189.168,36.286,2189.168,0.0
2026,11,Hungarian Grand Prix,R,NOR,64,SOFT,,hungarian-grand-prix_corner_12,hungarian-grand-prix_corner_12,0.55,2785.337,48.487,2814.199,0.1365
2026,11,Hungarian Grand Prix,R,NOR,64,SOFT,,hungarian-grand-prix_corner_15,hungarian-grand-prix_corner_15,0.55,3398.286,61.527,3398.286,0.0555
2026,11,Hungarian Grand Prix,R,NOR,64,SOFT,,hungarian-grand-prix_corner_16,hungarian-grand-prix_corner_16,0.55,3760.281,67.167,3864.37,0.8908
2026,11,Hungarian Grand Prix,R,OCO,62,HARD,,hungarian-grand-prix_corner_01,hungarian-grand-prix_corner_01,0.55,0.896,0.031,,0.86
2026,11,Hungarian Grand Prix,R,OCO,62,HARD,,hungarian-grand-prix_corner_05,hungarian-grand-prix_corner_05,0.55,983.404,18.672,983.404,1.0
2026,11,Hungarian Grand Prix,R,OCO,62,HARD,,hungarian-grand-prix_corner_06,hungarian-grand-prix_corner_06,0.55,1208.902,21.471,1208.902,0.0
2026,11,Hungarian Grand Prix,R,OCO,62,HARD,,hungarian-grand-prix_corner_09,hungarian-grand-prix_corner_09,0.55,1935.895,33.471,1935.895,0.0244
2026,11,Hungarian Grand Prix,R,OCO,62,HARD,,hungarian-grand-prix_corner_10,hungarian-grand-prix_corner_10,0.55,2236.488,40.871,,0.85
2026,11,Hungarian Grand Prix,R,OCO,62,HARD,,hungarian-grand-prix_corner_12,hungarian-grand-prix_corner_12,0.55,2667.187,49.671,2667.187,0.0
2026,11,Hungarian Grand Prix,R,OCO,62,HARD,,hungarian-grand-prix_corner_15,hungarian-grand-prix_corner_15,0.55,3384.752,65.712,3384.752,0.0
2026,11,Hungarian Grand Prix,R,OCO,62,HARD,,hungarian-grand-prix_corner_16,hungarian-grand-prix_corner_16,0.55,3785.044,72.712,3785.044,0.0
2026,11,Hungarian Grand Prix,R,PER,23,None,,hungarian-grand-prix_corner_01,hungarian-grand-prix_corner_01,0.55,4.213,0.192,185.997,1.0
2026,11,Hungarian Grand Prix,R,PER,23,None,,hungarian-grand-prix_corner_05,hungarian-grand-prix_corner_05,0.55,974.714,27.592,1048.61,0.9825
2026,11,Hungarian Grand Prix,R,PER,23,None,,hungarian-grand-prix_corner_06,hungarian-grand-prix_corner_06,0.55,1210.836,33.992,1210.836,1.0
2026,11,Hungarian Grand Prix,R,PER,23,None,,hungarian-grand-prix_corner_09,hungarian-grand-prix_corner_09,0.55,1951.387,45.312,1951.387,0.6405
2026,11,Hungarian Grand Prix,R,PER,23,None,,hungarian-grand-prix_corner_10,hungarian-grand-prix_corner_10,0.55,2280.767,54.632,,0.53
2026,11,Hungarian Grand Prix,R,PER,23,None,,hungarian-grand-prix_corner_12,hungarian-grand-prix_corner_12,0.55,2660.523,63.873,2696.923,0.9667
2026,11,Hungarian Grand Prix,R,PER,23,None,,hungarian-grand-prix_corner_15,hungarian-grand-prix_corner_15,0.55,3388.597,74.952,3388.597,0.79
2026,11,Hungarian Grand Prix,R,PER,23,None,,hungarian-grand-prix_corner_16,hungarian-grand-prix_corner_16,0.55,3640.221,78.073,,0.0
2026,11,Hungarian Grand Prix,R,PIA,35,HARD,,hungarian-grand-prix_corner_01,hungarian-grand-prix_corner_01,0.55,1.64,0.036,13.973,0.2212
2026,11,Hungarian Grand Prix,R,PIA,35,HARD,,hungarian-grand-prix_corner_05,hungarian-grand-prix_corner_05,0.55,976.56,26.396,976.56,0.2925
2026,11,Hungarian Grand Prix,R,PIA,35,HARD,,hungarian-grand-prix_corner_06,hungarian-grand-prix_corner_06,0.55,1213.516,39.476,1240.256,0.5413
2026,11,Hungarian Grand Prix,R,PIA,35,HARD,,hungarian-grand-prix_corner_09,hungarian-grand-prix_corner_09,0.55,1934.279,82.795,,0.316
2026,11,Hungarian Grand Prix,R,RUS,58,HARD,,hungarian-grand-prix_corner_01,hungarian-grand-prix_corner_01,0.55,41.917,1.356,103.03,0.716
2026,11,Hungarian Grand Prix,R,RUS,58,HARD,,hungarian-grand-prix_corner_05,hungarian-grand-prix_corner_05,0.55,985.45,18.556,985.45,1.0
2026,11,Hungarian Grand Prix,R,RUS,58,HARD,,hungarian-grand-prix_corner_06,hungarian-grand-prix_corner_06,0.55,1220.972,21.476,1220.972,0.0
2026,11,Hungarian Grand Prix,R,RUS,58,HARD,,hungarian-grand-prix_corner_09,hungarian-grand-prix_corner_09,0.55,1939.57,32.476,1939.57,0.0
2026,11,Hungarian Grand Prix,R,RUS,58,HARD,,hungarian-grand-prix_corner_10,hungarian-grand-prix_corner_10,0.55,2262.818,39.436,,0.6356
2026,11,Hungarian Grand Prix,R,RUS,58,HARD,,hungarian-grand-prix_corner_12,hungarian-grand-prix_corner_12,0.55,2666.629,48.556,2666.629,0.9319
2026,11,Hungarian Grand Prix,R,RUS,58,HARD,,hungarian-grand-prix_corner_15,hungarian-grand-prix_corner_15,0.55,3387.989,65.916,3387.989,0.0
2026,11,Hungarian Grand Prix,R,RUS,58,HARD,,hungarian-grand-prix_corner_16,hungarian-grand-prix_corner_16,0.55,3625.799,70.636,,0.1572
2026,11,Hungarian Grand Prix,R,SAI,56,SOFT,,hungarian-grand-prix_corner_01,hungarian-grand-prix_corner_01,0.55,18.436,0.488,178.996,1.0
2026,11,Hungarian Grand Prix,R,SAI,56,SOFT,,hungarian-grand-prix_corner_05,hungarian-grand-prix_corner_05,0.55,974.685,17.728,1119.785,1.0
2026,11,Hungarian Grand Prix,R,SAI,56,SOFT,,hungarian-grand-prix_corner_06,hungarian-grand-prix_corner_06,0.55,1214.443,21.929,1214.443,1.0
2026,11,Hungarian Grand Prix,R,SAI,56,SOFT,,hungarian-grand-prix_corner_09,hungarian-grand-prix_corner_09,0.55,2037.786,36.569,,0.675
2026,11,Hungarian Grand Prix,R,SAI,56,SOFT,,hungarian-grand-prix_corner_10,hungarian-grand-prix_corner_10,0.55,2175.854,40.688,2216.446,0.57
2026,11,Hungarian Grand Prix,R,SAI,56,SOFT,,hungarian-grand-prix_corner_12,hungarian-grand-prix_corner_12,0.55,2718.19,53.528,,0.68
2026,11,Hungarian Grand Prix,R,SAI,56,SOFT,,hungarian-grand-prix_corner_15,hungarian-grand-prix_corner_15,0.55,3387.678,70.369,3513.673,0.9025
2026,11,Hungarian Grand Prix,R,SAI,56,SOFT,,hungarian-grand-prix_corner_16,hungarian-grand-prix_corner_16,0.55,3636.94,76.649,3685.273,1.0
2026,11,Hungarian Grand Prix,R,STR,57,SOFT,,hungarian-grand-prix_corner_01,hungarian-grand-prix_corner_01,0.55,6.477,0.178,6.477,0.9
2026,11,Hungarian Grand Prix,R,STR,57,SOFT,,hungarian-grand-prix_corner_05,hungarian-grand-prix_corner_05,0.55,972.573,22.099,1091.688,1.0
2026,11,Hungarian Grand Prix,R,STR,57,SOFT,,hungarian-grand-prix_corner_06,hungarian-grand-prix_corner_06,0.55,1220.07,28.019,1220.07,0.0
2026,11,Hungarian Grand Prix,R,STR,57,SOFT,,hungarian-grand-prix_corner_09,hungarian-grand-prix_corner_09,0.55,1940.996,44.539,1940.996,1.0
2026,11,Hungarian Grand Prix,R,STR,57,SOFT,,hungarian-grand-prix_corner_10,hungarian-grand-prix_corner_10,0.55,2191.621,49.019,2191.621,0.4978
2026,11,Hungarian Grand Prix,R,STR,57,SOFT,,hungarian-grand-prix_corner_12,hungarian-grand-prix_corner_12,0.55,2667.11,56.779,2708.354,1.0
2026,11,Hungarian Grand Prix,R,STR,57,SOFT,,hungarian-grand-prix_corner_15,hungarian-grand-prix_corner_15,0.55,,,,0.0
2026,11,Hungarian Grand Prix,R,STR,57,SOFT,,hungarian-grand-prix_corner_16,hungarian-grand-prix_corner_16,0.55,3719.005,75.739,3813.738,1.0
2026,11,Hungarian Grand Prix,R,VER,66,SOFT,,hungarian-grand-prix_corner_01,hungarian-grand-prix_corner_01,0.55,162.118,5.935,,0.2656
2026,11,Hungarian Grand Prix,R,VER,66,SOFT,,hungarian-grand-prix_corner_05,hungarian-grand-prix_corner_05,0.55,970.42,20.896,970.42,0.0
2026,11,Hungarian Grand Prix,R,VER,66,SOFT,,hungarian-grand-prix_corner_06,hungarian-grand-prix_corner_06,0.55,1353.453,30.096,,0.33
2026,11,Hungarian Grand Prix,R,VER,66,SOFT,,hungarian-grand-prix_corner_09,hungarian-grand-prix_corner_09,0.55,1956.309,42.336,1956.309,1.0
2026,11,Hungarian Grand Prix,R,VER,66,SOFT,,hungarian-grand-prix_corner_10,hungarian-grand-prix_corner_10,0.55,2180.176,45.416,2180.176,1.0
2026,11,Hungarian Grand Prix,R,VER,66,SOFT,,hungarian-grand-prix_corner_12,hungarian-grand-prix_corner_12,0.55,2672.794,51.456,2672.794,0.0311
2026,11,Hungarian Grand Prix,R,VER,66,SOFT,,hungarian-grand-prix_corner_15,hungarian-grand-prix_corner_15,0.55,3541.443,66.377,3541.443,0.0066
2026,11,Hungarian Grand Prix,R,VER,66,SOFT,,hungarian-grand-prix_corner_16,hungarian-grand-prix_corner_16,0.55,3660.45,69.576,,0.82
2026,12,Dutch Grand Prix,FP1,ALB,25,MEDIUM,,dutch-grand-prix_corner_01,dutch-grand-prix_corner_01,0.55,23.823,0.274,23.823,0.1299
2026,12,Dutch Grand Prix,FP1,ALB,25,MEDIUM,,dutch-grand-prix_corner_02,dutch-grand-prix_corner_02,0.55,353.499,5.875,,0.4768
2026,12,Dutch Grand Prix,FP1,ALB,25,MEDIUM,,dutch-grand-prix_corner_04,dutch-grand-prix_corner_04,0.55,696.964,12.795,,0.352
2026,12,Dutch Grand Prix,FP1,ALB,25,MEDIUM,,dutch-grand-prix_corner_11,dutch-grand-prix_corner_11,0.55,2240.16,38.835,2348.354,0.9575
2026,12,Dutch Grand Prix,FP1,ALB,25,MEDIUM,,dutch-grand-prix_corner_12,dutch-grand-prix_corner_12,0.55,2490.564,45.235,,0.7467
2026,12,Dutch Grand Prix,FP1,ALB,25,MEDIUM,,dutch-grand-prix_corner_15,dutch-grand-prix_corner_15,0.55,3083.73,56.034,3211.444,0.8766
2026,12,Dutch Grand Prix,FP1,ALB,25,MEDIUM,,dutch-grand-prix_corner_16,dutch-grand-prix_corner_16,0.55,3235.083,60.674,3235.083,0.0
2026,12,Dutch Grand Prix,FP1,ALB,25,MEDIUM,,dutch-grand-prix_corner_17,dutch-grand-prix_corner_17,0.55,3460.694,64.715,3541.839,1.0
2026,12,Dutch Grand Prix,FP1,ALO,21,SOFT,,dutch-grand-prix_corner_01,dutch-grand-prix_corner_01,0.55,5.892,0.07,5.892,0.9968
2026,12,Dutch Grand Prix,FP1,ALO,21,SOFT,,dutch-grand-prix_corner_02,dutch-grand-prix_corner_02,0.55,225.656,2.631,225.656,0.1424
2026,12,Dutch Grand Prix,FP1,ALO,21,SOFT,,dutch-grand-prix_corner_04,dutch-grand-prix_corner_04,0.55,654.565,10.55,654.565,0.0
2026,12,Dutch Grand Prix,FP1,ALO,21,SOFT,,dutch-grand-prix_corner_11,dutch-grand-prix_corner_11,0.55,2164.012,35.07,2164.012,0.3119
2026,12,Dutch Grand Prix,FP1,ALO,21,SOFT,,dutch-grand-prix_corner_12,dutch-grand-prix_corner_12,0.55,2367.956,39.63,2399.601,0.0574
2026,12,Dutch Grand Prix,FP1,ALO,21,SOFT,,dutch-grand-prix_corner_15,dutch-grand-prix_corner_15,0.55,3029.784,52.35,3029.784,0.0
2026,12,Dutch Grand Prix,FP1,ALO,21,SOFT,,dutch-grand-prix_corner_16,dutch-grand-prix_corner_16,0.55,3222.312,57.31,3286.967,1.0
2026,12,Dutch Grand Prix,FP1,ALO,21,SOFT,,dutch-grand-prix_corner_17,dutch-grand-prix_corner_17,0.55,3444.05,62.071,3444.05,0.8347
2026,12,Dutch Grand Prix,FP1,ANT,31,SOFT,,dutch-grand-prix_corner_01,dutch-grand-prix_corner_01,0.55,25.149,0.293,25.149,0.2953
2026,12,Dutch Grand Prix,FP1,ANT,31,SOFT,,dutch-grand-prix_corner_02,dutch-grand-prix_corner_02,0.55,363.85,6.054,,0.4129
2026,12,Dutch Grand Prix,FP1,ANT,31,SOFT,,dutch-grand-prix_corner_04,dutch-grand-prix_corner_04,0.55,681.164,12.054,,0.2849
2026,12,Dutch Grand Prix,FP1,ANT,31,SOFT,,dutch-grand-prix_corner_11,dutch-grand-prix_corner_11,0.55,2157.983,35.333,2157.983,0.8039
2026,12,Dutch Grand Prix,FP1,ANT,31,SOFT,,dutch-grand-prix_corner_12,dutch-grand-prix_corner_12,0.55,2375.161,40.973,2558.638,0.7411
2026,12,Dutch Grand Prix,FP1,ANT,31,SOFT,,dutch-grand-prix_corner_15,dutch-grand-prix_corner_15,0.55,3025.974,52.294,3025.974,0.3279
2026,12,Dutch Grand Prix,FP1,ANT,31,SOFT,,dutch-grand-prix_corner_16,dutch-grand-prix_corner_16,0.55,3234.597,58.254,3234.597,0.0
2026,12,Dutch Grand Prix,FP1,ANT,31,SOFT,,dutch-grand-prix_corner_17,dutch-grand-prix_corner_17,0.55,3492.531,62.733,3597.98,1.0
2026,12,Dutch Grand Prix,FP1,BEA,25,SOFT,,dutch-grand-prix_corner_01,dutch-grand-prix_corner_01,0.55,6.375,0.075,6.375,0.0
2026,12,Dutch Grand Prix,FP1,BEA,25,SOFT,,dutch-grand-prix_corner_02,dutch-grand-prix_corner_02,0.55,345.228,5.675,,0.5186
2026,12,Dutch Grand Prix,FP1,BEA,25,SOFT,,dutch-grand-prix_corner_04,dutch-grand-prix_corner_04,0.55,693.984,12.835,,0.47
2026,12,Dutch Grand Prix,FP1,BEA,25,SOFT,,dutch-grand-prix_corner_11,dutch-grand-prix_corner_11,0.55,2233.173,38.436,2297.363,0.9396
2026,12,Dutch Grand Prix,FP1,BEA,25,SOFT,,dutch-grand-prix_corner_12,dutch-grand-prix_corner_12,0.55,2362.819,41.715,2362.819,0.6107
2026,12,Dutch Grand Prix,FP1,BEA,25,SOFT,,dutch-grand-prix_corner_15,dutch-grand-prix_corner_15,0.55,3087.425,55.676,,0.6769
2026,12,Dutch Grand Prix,FP1,BEA,25,SOFT,,dutch-grand-prix_corner_16,dutch-grand-prix_corner_16,0.55,3222.602,60.035,3222.602,0.0222
2026,12,Dutch Grand Prix,FP1,BEA,25,SOFT,,dutch-grand-prix_corner_17,dutch-grand-prix_corner_17,0.55,3460.757,64.276,3537.569,1.0
2026,12,Dutch Grand Prix,FP1,BOR,22,MEDIUM,,dutch-grand-prix_corner_01,dutch-grand-prix_corner_01,0.55,23.594,0.274,23.594,0.4666
2026,12,Dutch Grand Prix,FP1,BOR,22,MEDIUM,,dutch-grand-prix_corner_02,dutch-grand-prix_corner_02,0.55,361.638,5.994,,0.4634
2026,12,Dutch Grand Prix,FP1,BOR,22,MEDIUM,,dutch-grand-prix_corner_04,dutch-grand-prix_corner_04,0.55,699.452,12.634,,0.3408
2026,12,Dutch Grand Prix,FP1,BOR,22,MEDIUM,,dutch-grand-prix_corner_11,dutch-grand-prix_corner_11,0.55,2150.587,35.513,2150.587,0.8237
2026,12,Dutch Grand Prix,FP1,BOR,22,MEDIUM,,dutch-grand-prix_corner_12,dutch-grand-prix_corner_12,0.55,2375.475,41.074,2375.475,0.4381
2026,12,Dutch Grand Prix,FP1,BOR,22,MEDIUM,,dutch-grand-prix_corner_15,dutch-grand-prix_corner_15,0.55,3102.29,54.874,,0.3723
2026,12,Dutch Grand Prix,FP1,BOR,22,MEDIUM,,dutch-grand-prix_corner_16,dutch-grand-prix_corner_16,0.55,3222.977,58.914,3236.666,0.0
2026,12,Dutch Grand Prix,FP1,BOR,22,MEDIUM,,dutch-grand-prix_corner_17,dutch-grand-prix_corner_17,0.55,3488.531,63.713,3557.903,1.0
2026,12,Dutch Grand Prix,FP1,BOT,21,SOFT,,dutch-grand-prix_corner_01,dutch-grand-prix_corner_01,0.55,5.184,0.062,5.184,0.5552
2026,12,Dutch Grand Prix,FP1,BOT,21,SOFT,,dutch-grand-prix_corner_02,dutch-grand-prix_corner_02,0.55,367.671,6.302,,0.3561
2026,12,Dutch Grand Prix,FP1,BOT,21,SOFT,,dutch-grand-prix_corner_04,dutch-grand-prix_corner_04,0.55,704.379,13.142,738.503,0.3117
2026,12,Dutch Grand Prix,FP1,BOT,21,SOFT,,dutch-grand-prix_corner_11,dutch-grand-prix_corner_11,0.55,2263.991,39.622,2320.882,0.8462
2026,12,Dutch Grand Prix,FP1,BOT,21,SOFT,,dutch-grand-prix_corner_12,dutch-grand-prix_corner_12,0.55,2364.038,42.143,2364.038,0.5839
2026,12,Dutch Grand Prix,FP1,BOT,21,SOFT,,dutch-grand-prix_corner_15,dutch-grand-prix_corner_15,0.55,3085.131,56.103,3221.136,0.515
2026,12,Dutch Grand Prix,FP1,BOT,21,SOFT,,dutch-grand-prix_corner_16,dutch-grand-prix_corner_16,0.55,3227.892,60.743,3227.892,0.0
2026,12,Dutch Grand Prix,FP1,BOT,21,SOFT,,dutch-grand-prix_corner_17,dutch-grand-prix_corner_17,0.55,3487.336,65.423,3523.022,1.0
2026,12,Dutch Grand Prix,FP1,COL,21,SOFT,,dutch-grand-prix_corner_01,dutch-grand-prix_corner_01,0.55,9.472,0.11,9.472,0.0
2026,12,Dutch Grand Prix,FP1,COL,21,SOFT,,dutch-grand-prix_corner_02,dutch-grand-prix_corner_02,0.55,382.257,6.59,,0.4473
2026,12,Dutch Grand Prix,FP1,COL,21,SOFT,,dutch-grand-prix_corner_04,dutch-grand-prix_corner_04,0.55,692.023,12.55,,0.3391
2026,12,Dutch Grand Prix,FP1,COL,21,SOFT,,dutch-grand-prix_corner_11,dutch-grand-prix_corner_11,0.55,2262.581,39.07,2355.585,0.7571
2026,12,Dutch Grand Prix,FP1,COL,21,SOFT,,dutch-grand-prix_corner_12,dutch-grand-prix_corner_12,0.55,2363.496,41.671,2363.496,0.5614
2026,12,Dutch Grand Prix,FP1,COL,21,SOFT,,dutch-grand-prix_corner_15,dutch-grand-prix_corner_15,0.55,3086.779,55.631,,0.5079
2026,12,Dutch Grand Prix,FP1,COL,21,SOFT,,dutch-grand-prix_corner_16,dutch-grand-prix_corner_16,0.55,3222.881,60.03,3245.948,0.0118
2026,12,Dutch Grand Prix,FP1,COL,21,SOFT,,dutch-grand-prix_corner_17,dutch-grand-prix_corner_17,0.55,3478.879,64.59,3539.834,1.0
2026,12,Dutch Grand Prix,FP1,GAS,21,SOFT,,dutch-grand-prix_corner_01,dutch-grand-prix_corner_01,0.55,13.433,0.156,13.433,0.0
2026,12,Dutch Grand Prix,FP1,GAS,21,SOFT,,dutch-grand-prix_corner_02,dutch-grand-prix_corner_02,0.55,356.122,5.716,,0.4239
2026,12,Dutch Grand Prix,FP1,GAS,21,SOFT,,dutch-grand-prix_corner_04,dutch-grand-prix_corner_04,0.55,696.817,12.436,,0.3923
2026,12,Dutch Grand Prix,FP1,GAS,21,SOFT,,dutch-grand-prix_corner_11,dutch-grand-prix_corner_11,0.55,2261.511,38.116,2349.366,0.7047
2026,12,Dutch Grand Prix,FP1,GAS,21,SOFT,,dutch-grand-prix_corner_12,dutch-grand-prix_corner_12,0.55,2363.133,40.716,2363.133,0.5572
2026,12,Dutch Grand Prix,FP1,GAS,21,SOFT,,dutch-grand-prix_corner_15,dutch-grand-prix_corner_15,0.55,3154.108,56.917,,0.5438
2026,12,Dutch Grand Prix,FP1,GAS,21,SOFT,,dutch-grand-prix_corner_16,dutch-grand-prix_corner_16,0.55,3223.879,59.036,3223.879,0.0
2026,12,Dutch Grand Prix,FP1,GAS,21,SOFT,,dutch-grand-prix_corner_17,dutch-grand-prix_corner_17,0.55,3484.786,63.717,3536.46,1.0
2026,12,Dutch Grand Prix,FP1,HAM,27,SOFT,,dutch-grand-prix_corner_01,dutch-grand-prix_corner_01,0.55,19.203,0.223,19.203,0.9521
2026,12,Dutch Grand Prix,FP1,HAM,27,SOFT,,dutch-grand-prix_corner_02,dutch-grand-prix_corner_02,0.55,354.527,5.742,,0.3681
2026,12,Dutch Grand Prix,FP1,HAM,27,SOFT,,dutch-grand-prix_corner_04,dutch-grand-prix_corner_04,0.55,680.303,12.062,,0.4992
2026,12,Dutch Grand Prix,FP1,HAM,27,SOFT,,dutch-grand-prix_corner_11,dutch-grand-prix_corner_11,0.55,2148.658,34.942,2341.968,0.733
2026,12,Dutch Grand Prix,FP1,HAM,27,SOFT,,dutch-grand-prix_corner_12,dutch-grand-prix_corner_12,0.55,2378.001,40.423,2378.001,0.5684
2026,12,Dutch Grand Prix,FP1,HAM,27,SOFT,,dutch-grand-prix_corner_15,dutch-grand-prix_corner_15,0.55,3159.407,56.222,,0.5149
2026,12,Dutch Grand Prix,FP1,HAM,27,SOFT,,dutch-grand-prix_corner_16,dutch-grand-prix_corner_16,0.55,3225.285,58.222,3234.229,0.2994
2026,12,Dutch Grand Prix,FP1,HAM,27,SOFT,,dutch-grand-prix_corner_17,dutch-grand-prix_corner_17,0.55,3476.298,62.662,3544.576,0.995
2026,12,Dutch Grand Prix,FP1,HUL,26,MEDIUM,,dutch-grand-prix_corner_01,dutch-grand-prix_corner_01,0.55,23.92,0.276,23.92,0.932
2026,12,Dutch Grand Prix,FP1,HUL,26,MEDIUM,,dutch-grand-prix_corner_02,dutch-grand-prix_corner_02,0.55,353.577,5.757,429.091,0.4705
2026,12,Dutch Grand Prix,FP1,HUL,26,MEDIUM,,dutch-grand-prix_corner_04,dutch-grand-prix_corner_04,0.55,681.181,12.317,,0.401
2026,12,Dutch Grand Prix,FP1,HUL,26,MEDIUM,,dutch-grand-prix_corner_11,dutch-grand-prix_corner_11,0.55,2258.151,38.197,2328.818,0.8672
2026,12,Dutch Grand Prix,FP1,HUL,26,MEDIUM,,dutch-grand-prix_corner_12,dutch-grand-prix_corner_12,0.55,2363.407,40.796,2363.407,0.6545
2026,12,Dutch Grand Prix,FP1,HUL,26,MEDIUM,,dutch-grand-prix_corner_15,dutch-grand-prix_corner_15,0.55,3098.572,54.836,,0.5238
2026,12,Dutch Grand Prix,FP1,HUL,26,MEDIUM,,dutch-grand-prix_corner_16,dutch-grand-prix_corner_16,0.55,3227.678,58.997,3227.678,0.0
2026,12,Dutch Grand Prix,FP1,HUL,26,MEDIUM,,dutch-grand-prix_corner_17,dutch-grand-prix_corner_17,0.55,3470.084,63.236,3547.089,1.0
2026,12,Dutch Grand Prix,FP1,LAW,24,SOFT,,dutch-grand-prix_corner_01,dutch-grand-prix_corner_01,0.55,15.589,0.184,15.589,0.9936
2026,12,Dutch Grand Prix,FP1,LAW,24,SOFT,,dutch-grand-prix_corner_02,dutch-grand-prix_corner_02,0.55,378.822,6.344,,0.2314
2026,12,Dutch Grand Prix,FP1,LAW,24,SOFT,,dutch-grand-prix_corner_04,dutch-grand-prix_corner_04,0.55,703.326,12.665,,0.2644
2026,12,Dutch Grand Prix,FP1,LAW,24,SOFT,,dutch-grand-prix_corner_11,dutch-grand-prix_corner_11,0.55,2152.338,35.864,2341.796,0.7269
2026,12,Dutch Grand Prix,FP1,LAW,24,SOFT,,dutch-grand-prix_corner_12,dutch-grand-prix_corner_12,0.55,2365.085,41.344,2365.085,0.4177
2026,12,Dutch Grand Prix,FP1,LAW,24,SOFT,,dutch-grand-prix_corner_15,dutch-grand-prix_corner_15,0.55,3165.916,57.864,,0.2867
2026,12,Dutch Grand Prix,FP1,LAW,24,SOFT,,dutch-grand-prix_corner_16,dutch-grand-prix_corner_16,0.55,3225.755,59.705,3254.342,0.0
2026,12,Dutch Grand Prix,FP1,LAW,24,SOFT,,dutch-grand-prix_corner_17,dutch-grand-prix_corner_17,0.55,3490.297,64.704,3534.666,1.0
2026,12,Dutch Grand Prix,FP1,LEC,34,SOFT,,dutch-grand-prix_corner_01,dutch-grand-prix_corner_01,0.55,25.836,0.301,25.836,0.9809
2026,12,Dutch Grand Prix,FP1,LEC,34,SOFT,,dutch-grand-prix_corner_02,dutch-grand-prix_corner_02,0.55,361.876,5.981,,0.3521
2026,12,Dutch Grand Prix,FP1,LEC,34,SOFT,,dutch-grand-prix_corner_04,dutch-grand-prix_corner_04,0.55,698.644,12.621,,0.4286
2026,12,Dutch Grand Prix,FP1,LEC,34,SOFT,,dutch-grand-prix_corner_11,dutch-grand-prix_corner_11,0.55,2158.35,35.3,2334.816,0.7917
2026,12,Dutch Grand Prix,FP1,LEC,34,SOFT,,dutch-grand-prix_corner_12,dutch-grand-prix_corner_12,0.55,2370.916,40.661,2370.916,0.6181
2026,12,Dutch Grand Prix,FP1,LEC,34,SOFT,,dutch-grand-prix_corner_15,dutch-grand-prix_corner_15,0.55,3091.769,54.341,,0.4771
2026,12,Dutch Grand Prix,FP1,LEC,34,SOFT,,dutch-grand-prix_corner_16,dutch-grand-prix_corner_16,0.55,3224.774,58.621,3224.774,0.0925
2026,12,Dutch Grand Prix,FP1,LEC,34,SOFT,,dutch-grand-prix_corner_17,dutch-grand-prix_corner_17,0.55,3464.083,62.74,3533.622,1.0
2026,12,Dutch Grand Prix,FP1,LIN,31,MEDIUM,,dutch-grand-prix_corner_01,dutch-grand-prix_corner_01,0.55,27.986,0.325,27.986,0.9904
2026,12,Dutch Grand Prix,FP1,LIN,31,MEDIUM,,dutch-grand-prix_corner_02,dutch-grand-prix_corner_02,0.55,218.764,2.525,218.764,0.3676
2026,12,Dutch Grand Prix,FP1,LIN,31,MEDIUM,,dutch-grand-prix_corner_04,dutch-grand-prix_corner_04,0.55,694.681,12.325,,0.4109
2026,12,Dutch Grand Prix,FP1,LIN,31,MEDIUM,,dutch-grand-prix_corner_11,dutch-grand-prix_corner_11,0.55,2160.87,35.605,2349.981,0.6417
2026,12,Dutch Grand Prix,FP1,LIN,31,MEDIUM,,dutch-grand-prix_corner_12,dutch-grand-prix_corner_12,0.55,2369.82,41.005,2369.82,0.5428
2026,12,Dutch Grand Prix,FP1,LIN,31,MEDIUM,,dutch-grand-prix_corner_15,dutch-grand-prix_corner_15,0.55,3104.423,55.165,,0.4764
2026,12,Dutch Grand Prix,FP1,LIN,31,MEDIUM,,dutch-grand-prix_corner_16,dutch-grand-prix_corner_16,0.55,3226.725,59.326,3226.725,0.0
2026,12,Dutch Grand Prix,FP1,LIN,31,MEDIUM,,dutch-grand-prix_corner_17,dutch-grand-prix_corner_17,0.55,3475.363,63.765,3535.407,1.0
2026,12,Dutch Grand Prix,FP1,NOR,27,SOFT,,dutch-grand-prix_corner_01,dutch-grand-prix_corner_01,0.55,14.088,0.158,14.088,0.0
2026,12,Dutch Grand Prix,FP1,NOR,27,SOFT,,dutch-grand-prix_corner_02,dutch-grand-prix_corner_02,0.55,354.455,5.678,429.216,0.4583
2026,12,Dutch Grand Prix,FP1,NOR,27,SOFT,,dutch-grand-prix_corner_04,dutch-grand-prix_corner_04,0.55,702.338,12.478,,0.3268
2026,12,Dutch Grand Prix,FP1,NOR,27,SOFT,,dutch-grand-prix_corner_11,dutch-grand-prix_corner_11,0.55,2284.448,38.358,2332.826,0.896
2026,12,Dutch Grand Prix,FP1,NOR,27,SOFT,,dutch-grand-prix_corner_12,dutch-grand-prix_corner_12,0.55,2377.245,40.439,2377.245,0.4478
2026,12,Dutch Grand Prix,FP1,NOR,27,SOFT,,dutch-grand-prix_corner_15,dutch-grand-prix_corner_15,0.55,3098.131,54.239,3214.389,0.4226
2026,12,Dutch Grand Prix,FP1,NOR,27,SOFT,,dutch-grand-prix_corner_16,dutch-grand-prix_corner_16,0.55,3222.778,58.318,3222.778,0.0
2026,12,Dutch Grand Prix,FP1,NOR,27,SOFT,,dutch-grand-prix_corner_17,dutch-grand-prix_corner_17,0.55,3485.347,62.958,3532.192,1.0
2026,12,Dutch Grand Prix,FP1,OCO,27,SOFT,,dutch-grand-prix_corner_01,dutch-grand-prix_corner_01,0.55,13.86,0.162,13.86,0.4598
2026,12,Dutch Grand Prix,FP1,OCO,27,SOFT,,dutch-grand-prix_corner_02,dutch-grand-prix_corner_02,0.55,361.279,6.162,,0.4302
2026,12,Dutch Grand Prix,FP1,OCO,27,SOFT,,dutch-grand-prix_corner_04,dutch-grand-prix_corner_04,0.55,676.927,12.402,,0.4404
2026,12,Dutch Grand Prix,FP1,OCO,27,SOFT,,dutch-grand-prix_corner_11,dutch-grand-prix_corner_11,0.55,2244.305,38.642,2297.654,0.8227
2026,12,Dutch Grand Prix,FP1,OCO,27,SOFT,,dutch-grand-prix_corner_12,dutch-grand-prix_corner_12,0.55,2362.843,41.723,2362.843,0.6983
2026,12,Dutch Grand Prix,FP1,OCO,27,SOFT,,dutch-grand-prix_corner_15,dutch-grand-prix_corner_15,0.55,3080.463,55.563,3214.047,0.8342
2026,12,Dutch Grand Prix,FP1,OCO,27,SOFT,,dutch-grand-prix_corner_16,dutch-grand-prix_corner_16,0.55,3229.114,60.203,3229.114,0.0
2026,12,Dutch Grand Prix,FP1,OCO,27,SOFT,,dutch-grand-prix_corner_17,dutch-grand-prix_corner_17,0.55,3467.733,64.402,3525.522,1.0
2026,12,Dutch Grand Prix,FP1,PER,21,SOFT,,dutch-grand-prix_corner_01,dutch-grand-prix_corner_01,0.55,0.597,0.007,0.597,0.1831
2026,12,Dutch Grand Prix,FP1,PER,21,SOFT,,dutch-grand-prix_corner_02,dutch-grand-prix_corner_02,0.55,355.871,6.207,,0.455
2026,12,Dutch Grand Prix,FP1,PER,21,SOFT,,dutch-grand-prix_corner_04,dutch-grand-prix_corner_04,0.55,687.848,12.927,,0.3419
2026,12,Dutch Grand Prix,FP1,PER,21,SOFT,,dutch-grand-prix_corner_11,dutch-grand-prix_corner_11,0.55,2244.844,39.007,2315.522,0.7815
2026,12,Dutch Grand Prix,FP1,PER,21,SOFT,,dutch-grand-prix_corner_12,dutch-grand-prix_corner_12,0.55,2363.033,42.047,2363.033,0.6461
2026,12,Dutch Grand Prix,FP1,PER,21,SOFT,,dutch-grand-prix_corner_15,dutch-grand-prix_corner_15,0.55,3085.588,56.247,3218.231,0.6486
2026,12,Dutch Grand Prix,FP1,PER,21,SOFT,,dutch-grand-prix_corner_16,dutch-grand-prix_corner_16,0.55,3231.376,60.847,3231.376,0.0503
2026,12,Dutch Grand Prix,FP1,PER,21,SOFT,,dutch-grand-prix_corner_17,dutch-grand-prix_corner_17,0.55,3461.819,65.007,3534.785,1.0
2026,12,Dutch Grand Prix,FP1,PIA,26,SOFT,,dutch-grand-prix_corner_01,dutch-grand-prix_corner_01,0.55,8.392,0.095,8.392,0.0
2026,12,Dutch Grand Prix,FP1,PIA,26,SOFT,,dutch-grand-prix_corner_02,dutch-grand-prix_corner_02,0.55,365.958,6.135,,0.3606
2026,12,Dutch Grand Prix,FP1,PIA,26,SOFT,,dutch-grand-prix_corner_04,dutch-grand-prix_corner_04,0.55,693.721,12.495,,0.4113
2026,12,Dutch Grand Prix,FP1,PIA,26,SOFT,,dutch-grand-prix_corner_11,dutch-grand-prix_corner_11,0.55,2147.834,35.015,2345.303,0.8035
2026,12,Dutch Grand Prix,FP1,PIA,26,SOFT,,dutch-grand-prix_corner_12,dutch-grand-prix_corner_12,0.55,2363.536,40.375,2363.536,0.4359
2026,12,Dutch Grand Prix,FP1,PIA,26,SOFT,,dutch-grand-prix_corner_15,dutch-grand-prix_corner_15,0.55,3089.551,54.495,,0.5458
2026,12,Dutch Grand Prix,FP1,PIA,26,SOFT,,dutch-grand-prix_corner_16,dutch-grand-prix_corner_16,0.55,3230.422,58.975,3230.422,0.0
2026,12,Dutch Grand Prix,FP1,PIA,26,SOFT,,dutch-grand-prix_corner_17,dutch-grand-prix_corner_17,0.55,3466.911,63.255,3536.099,1.0
2026,12,Dutch Grand Prix,FP1,RUS,34,SOFT,,dutch-grand-prix_corner_01,dutch-grand-prix_corner_01,0.55,,,,0.0
2026,12,Dutch Grand Prix,FP1,SAI,28,MEDIUM,,dutch-grand-prix_corner_01,dutch-grand-prix_corner_01,0.55,7.59,0.089,7.59,0.0368
2026,12,Dutch Grand Prix,FP1,SAI,28,MEDIUM,,dutch-grand-prix_corner_02,dutch-grand-prix_corner_02,0.55,357.923,6.009,,0.4094
2026,12,Dutch Grand Prix,FP1,SAI,28,MEDIUM,,dutch-grand-prix_corner_04,dutch-grand-prix_corner_04,0.55,674.985,12.569,,0.3628
2026,12,Dutch Grand Prix,FP1,SAI,28,MEDIUM,,dutch-grand-prix_corner_11,dutch-grand-prix_corner_11,0.55,2232.253,39.409,2329.418,0.7275
2026,12,Dutch Grand Prix,FP1,SAI,28,MEDIUM,,dutch-grand-prix_corner_12,dutch-grand-prix_corner_12,0.55,2484.633,46.129,2572.733,0.7195
2026,12,Dutch Grand Prix,FP1,SAI,28,MEDIUM,,dutch-grand-prix_corner_15,dutch-grand-prix_corner_15,0.55,3058.671,56.568,3218.759,0.885
2026,12,Dutch Grand Prix,FP1,SAI,28,MEDIUM,,dutch-grand-prix_corner_16,dutch-grand-prix_corner_16,0.55,3234.225,61.889,3234.225,0.0
2026,12,Dutch Grand Prix,FP1,SAI,28,MEDIUM,,dutch-grand-prix_corner_17,dutch-grand-prix_corner_17,0.55,3456.499,66.009,3527.965,1.0
2026,12,Dutch Grand Prix,FP1,STR,19,SOFT,,dutch-grand-prix_corner_01,dutch-grand-prix_corner_01,0.55,3.114,0.037,3.114,0.6317
2026,12,Dutch Grand Prix,FP1,STR,19,SOFT,,dutch-grand-prix_corner_02,dutch-grand-prix_corner_02,0.55,359.398,5.957,,0.4351
2026,12,Dutch Grand Prix,FP1,STR,19,SOFT,,dutch-grand-prix_corner_04,dutch-grand-prix_corner_04,0.55,667.336,12.117,,0.3319
2026,12,Dutch Grand Prix,FP1,STR,19,SOFT,,dutch-grand-prix_corner_11,dutch-grand-prix_corner_11,0.55,2148.933,36.397,2148.933,0.8382
2026,12,Dutch Grand Prix,FP1,STR,19,SOFT,,dutch-grand-prix_corner_12,dutch-grand-prix_corner_12,0.55,2371.673,41.916,2371.673,0.5704
2026,12,Dutch Grand Prix,FP1,STR,19,SOFT,,dutch-grand-prix_corner_15,dutch-grand-prix_corner_15,0.55,3081.837,55.636,3216.624,0.6209
2026,12,Dutch Grand Prix,FP1,STR,19,SOFT,,dutch-grand-prix_corner_16,dutch-grand-prix_corner_16,0.55,3225.736,60.237,3225.736,0.0336
2026,12,Dutch Grand Prix,FP1,STR,19,SOFT,,dutch-grand-prix_corner_17,dutch-grand-prix_corner_17,0.55,3451.238,64.197,3522.115,1.0
2026,12,Dutch Grand Prix,FP1,TSU,26,MEDIUM,,dutch-grand-prix_corner_01,dutch-grand-prix_corner_01,0.55,9.497,0.111,9.497,0.0
2026,12,Dutch Grand Prix,FP1,TSU,26,MEDIUM,,dutch-grand-prix_corner_02,dutch-grand-prix_corner_02,0.55,362.519,6.111,,0.5846
2026,12,Dutch Grand Prix,FP1,TSU,26,MEDIUM,,dutch-grand-prix_corner_04,dutch-grand-prix_corner_04,0.55,682.969,12.431,,0.4358
2026,12,Dutch Grand Prix,FP1,TSU,26,MEDIUM,,dutch-grand-prix_corner_11,dutch-grand-prix_corner_11,0.55,2149.799,35.991,2347.79,0.6384
2026,12,Dutch Grand Prix,FP1,TSU,26,MEDIUM,,dutch-grand-prix_corner_12,dutch-grand-prix_corner_12,0.55,2365.541,41.431,2365.541,0.5925
2026,12,Dutch Grand Prix,FP1,TSU,26,MEDIUM,,dutch-grand-prix_corner_15,dutch-grand-prix_corner_15,0.55,3096.361,55.751,3220.228,0.689
2026,12,Dutch Grand Prix,FP1,TSU,26,MEDIUM,,dutch-grand-prix_corner_16,dutch-grand-prix_corner_16,0.55,3232.517,60.151,3232.517,0.0
2026,12,Dutch Grand Prix,FP1,TSU,26,MEDIUM,,dutch-grand-prix_corner_17,dutch-grand-prix_corner_17,0.55,3476.664,64.551,3543.819,1.0
2026,12,Dutch Grand Prix,FP1,VER,20,SOFT,,dutch-grand-prix_corner_01,dutch-grand-prix_corner_01,0.55,5.185,0.061,5.185,0.492
2026,12,Dutch Grand Prix,FP1,VER,20,SOFT,,dutch-grand-prix_corner_02,dutch-grand-prix_corner_02,0.55,379.227,6.422,,0.2688
2026,12,Dutch Grand Prix,FP1,VER,20,SOFT,,dutch-grand-prix_corner_04,dutch-grand-prix_corner_04,0.55,703.133,12.662,,0.1718
2026,12,Dutch Grand Prix,FP1,VER,20,SOFT,,dutch-grand-prix_corner_11,dutch-grand-prix_corner_11,0.55,2269.851,38.782,2332.351,0.8169
2026,12,Dutch Grand Prix,FP1,VER,20,SOFT,,dutch-grand-prix_corner_12,dutch-grand-prix_corner_12,0.55,2376.617,41.382,2376.617,0.4315
2026,12,Dutch Grand Prix,FP1,VER,20,SOFT,,dutch-grand-prix_corner_15,dutch-grand-prix_corner_15,0.55,3103.189,55.342,,0.3316
2026,12,Dutch Grand Prix,FP1,VER,20,SOFT,,dutch-grand-prix_corner_16,dutch-grand-prix_corner_16,0.55,3221.433,59.182,3238.333,0.0
2026,12,Dutch Grand Prix,FP1,VER,20,SOFT,,dutch-grand-prix_corner_17,dutch-grand-prix_corner_17,0.55,3486.662,63.902,3547.106,1.0
2026,12,Dutch Grand Prix,Q,ALB,15,SOFT,,dutch-grand-prix_corner_02,dutch-grand-prix_corner_02,0.55,361.921,5.852,,0.4121
2026,12,Dutch Grand Prix,Q,ALB,15,SOFT,,dutch-grand-prix_corner_04,dutch-grand-prix_corner_04,0.55,697.68,12.412,,0.1614
2026,12,Dutch Grand Prix,Q,ALB,15,SOFT,,dutch-grand-prix_corner_05,dutch-grand-prix_corner_05,0.55,849.626,16.091,919.021,1.0
2026,12,Dutch Grand Prix,Q,ALB,15,SOFT,,dutch-grand-prix_corner_11,dutch-grand-prix_corner_11,0.55,2135.37,34.891,2135.37,0.4982
2026,12,Dutch Grand Prix,Q,ALB,15,SOFT,,dutch-grand-prix_corner_12,dutch-grand-prix_corner_12,0.55,2343.6,40.092,2351.511,0.4595
2026,12,Dutch Grand Prix,Q,ALB,15,SOFT,,dutch-grand-prix_corner_13,dutch-grand-prix_corner_13,0.55,2586.471,46.052,2586.471,1.0
2026,12,Dutch Grand Prix,Q,ALB,15,SOFT,,dutch-grand-prix_corner_15,dutch-grand-prix_corner_15,0.55,3101.129,54.531,,0.2311
2026,12,Dutch Grand Prix,Q,ALB,15,SOFT,,dutch-grand-prix_corner_16,dutch-grand-prix_corner_16,0.55,3190.521,57.652,3231.409,0.6365
2026,12,Dutch Grand Prix,Q,ALB,15,SOFT,,dutch-grand-prix_corner_17,dutch-grand-prix_corner_17,0.55,3473.457,62.932,3540.101,1.0
2026,12,Dutch Grand Prix,Q,ALO,6,SOFT,,dutch-grand-prix_corner_02,dutch-grand-prix_corner_02,0.55,354.44,5.611,,0.3663
2026,12,Dutch Grand Prix,Q,ALO,6,SOFT,,dutch-grand-prix_corner_04,dutch-grand-prix_corner_04,0.55,697.084,12.371,,0.296
2026,12,Dutch Grand Prix,Q,ALO,6,SOFT,,dutch-grand-prix_corner_05,dutch-grand-prix_corner_05,0.55,855.517,16.251,888.417,1.0
2026,12,Dutch Grand Prix,Q,ALO,6,SOFT,,dutch-grand-prix_corner_11,dutch-grand-prix_corner_11,0.55,2126.019,34.811,2126.019,0.6005
2026,12,Dutch Grand Prix,Q,ALO,6,SOFT,,dutch-grand-prix_corner_12,dutch-grand-prix_corner_12,0.55,2338.303,40.051,2338.303,0.3624
2026,12,Dutch Grand Prix,Q,ALO,6,SOFT,,dutch-grand-prix_corner_13,dutch-grand-prix_corner_13,0.55,2546.636,45.251,2574.301,1.0
2026,12,Dutch Grand Prix,Q,ALO,6,SOFT,,dutch-grand-prix_corner_15,dutch-grand-prix_corner_15,0.55,3139.381,56.131,,0.2143
2026,12,Dutch Grand Prix,Q,ALO,6,SOFT,,dutch-grand-prix_corner_16,dutch-grand-prix_corner_16,0.55,3183.159,57.651,3219.859,0.9028
2026,12,Dutch Grand Prix,Q,ALO,6,SOFT,,dutch-grand-prix_corner_17,dutch-grand-prix_corner_17,0.55,3476.905,63.171,3506.238,1.0
2026,12,Dutch Grand Prix,Q,ANT,20,SOFT,,dutch-grand-prix_corner_02,dutch-grand-prix_corner_02,0.55,354.886,5.687,,0.4903
2026,12,Dutch Grand Prix,Q,ANT,20,SOFT,,dutch-grand-prix_corner_04,dutch-grand-prix_corner_04,0.55,673.501,11.767,,0.3554
2026,12,Dutch Grand Prix,Q,ANT,20,SOFT,,dutch-grand-prix_corner_05,dutch-grand-prix_corner_05,0.55,856.488,15.846,891.155,1.0
2026,12,Dutch Grand Prix,Q,ANT,20,SOFT,,dutch-grand-prix_corner_11,dutch-grand-prix_corner_11,0.55,2129.344,33.847,2129.344,0.6206
2026,12,Dutch Grand Prix,Q,ANT,20,SOFT,,dutch-grand-prix_corner_12,dutch-grand-prix_corner_12,0.55,2342.237,38.967,2342.237,0.3527
2026,12,Dutch Grand Prix,Q,ANT,20,SOFT,,dutch-grand-prix_corner_13,dutch-grand-prix_corner_13,0.55,2548.261,44.006,2572.65,1.0
2026,12,Dutch Grand Prix,Q,ANT,20,SOFT,,dutch-grand-prix_corner_15,dutch-grand-prix_corner_15,0.55,2984.314,50.446,2984.314,0.2739
2026,12,Dutch Grand Prix,Q,ANT,20,SOFT,,dutch-grand-prix_corner_16,dutch-grand-prix_corner_16,0.55,3193.911,56.406,3222.222,0.975
2026,12,Dutch Grand Prix,Q,ANT,20,SOFT,,dutch-grand-prix_corner_17,dutch-grand-prix_corner_17,0.55,3465.917,61.166,3524.339,1.0
2026,12,Dutch Grand Prix,Q,BEA,10,SOFT,,dutch-grand-prix_corner_02,dutch-grand-prix_corner_02,0.55,351.529,5.829,,0.3995
2026,12,Dutch Grand Prix,Q,BEA,10,SOFT,,dutch-grand-prix_corner_04,dutch-grand-prix_corner_04,0.55,676.202,12.309,,0.4826
2026,12,Dutch Grand Prix,Q,BEA,10,SOFT,,dutch-grand-prix_corner_05,dutch-grand-prix_corner_05,0.55,859.16,16.668,894.315,1.0
2026,12,Dutch Grand Prix,Q,BEA,10,SOFT,,dutch-grand-prix_corner_11,dutch-grand-prix_corner_11,0.55,2133.022,35.148,2133.022,0.695
2026,12,Dutch Grand Prix,Q,BEA,10,SOFT,,dutch-grand-prix_corner_12,dutch-grand-prix_corner_12,0.55,2335.065,40.309,2335.065,0.4952
2026,12,Dutch Grand Prix,Q,BEA,10,SOFT,,dutch-grand-prix_corner_13,dutch-grand-prix_corner_13,0.55,2550.467,45.789,2595.533,1.0
2026,12,Dutch Grand Prix,Q,BEA,10,SOFT,,dutch-grand-prix_corner_15,dutch-grand-prix_corner_15,0.55,3078.406,54.349,,0.2146
2026,12,Dutch Grand Prix,Q,BEA,10,SOFT,,dutch-grand-prix_corner_16,dutch-grand-prix_corner_16,0.55,3183.468,57.989,3226.813,1.0
2026,12,Dutch Grand Prix,Q,BEA,10,SOFT,,dutch-grand-prix_corner_17,dutch-grand-prix_corner_17,0.55,3449.124,62.908,3541.763,1.0
2026,12,Dutch Grand Prix,Q,BOR,21,SOFT,,dutch-grand-prix_corner_02,dutch-grand-prix_corner_02,0.55,360.077,5.788,,0.3486
2026,12,Dutch Grand Prix,Q,BOR,21,SOFT,,dutch-grand-prix_corner_04,dutch-grand-prix_corner_04,0.55,680.423,12.029,,0.1751
2026,12,Dutch Grand Prix,Q,BOR,21,SOFT,,dutch-grand-prix_corner_05,dutch-grand-prix_corner_05,0.55,849.098,15.948,887.642,1.0
2026,12,Dutch Grand Prix,Q,BOR,21,SOFT,,dutch-grand-prix_corner_11,dutch-grand-prix_corner_11,0.55,2125.968,34.228,2125.968,0.6809
2026,12,Dutch Grand Prix,Q,BOR,21,SOFT,,dutch-grand-prix_corner_12,dutch-grand-prix_corner_12,0.55,2341.97,39.348,2341.97,0.4117
2026,12,Dutch Grand Prix,Q,BOR,21,SOFT,,dutch-grand-prix_corner_13,dutch-grand-prix_corner_13,0.55,2551.335,44.549,2593.535,1.0
2026,12,Dutch Grand Prix,Q,BOR,21,SOFT,,dutch-grand-prix_corner_15,dutch-grand-prix_corner_15,0.55,2970.126,50.749,,0.1975
2026,12,Dutch Grand Prix,Q,BOR,21,SOFT,,dutch-grand-prix_corner_16,dutch-grand-prix_corner_16,0.55,3182.721,56.509,3214.299,0.4048
2026,12,Dutch Grand Prix,Q,BOR,21,SOFT,,dutch-grand-prix_corner_17,dutch-grand-prix_corner_17,0.55,3457.002,61.508,3522.024,1.0
2026,12,Dutch Grand Prix,Q,BOT,9,SOFT,,dutch-grand-prix_corner_02,dutch-grand-prix_corner_02,0.55,355.736,5.753,,0.3659
2026,12,Dutch Grand Prix,Q,BOT,9,SOFT,,dutch-grand-prix_corner_04,dutch-grand-prix_corner_04,0.55,698.927,12.752,,0.1705
2026,12,Dutch Grand Prix,Q,BOT,9,SOFT,,dutch-grand-prix_corner_05,dutch-grand-prix_corner_05,0.55,861.327,16.752,904.678,1.0
2026,12,Dutch Grand Prix,Q,BOT,9,SOFT,,dutch-grand-prix_corner_11,dutch-grand-prix_corner_11,0.55,2126.57,35.392,2126.57,0.5296
2026,12,Dutch Grand Prix,Q,BOT,9,SOFT,,dutch-grand-prix_corner_12,dutch-grand-prix_corner_12,0.55,2345.409,40.872,2345.409,0.3533
2026,12,Dutch Grand Prix,Q,BOT,9,SOFT,,dutch-grand-prix_corner_13,dutch-grand-prix_corner_13,0.55,2545.479,45.993,2611.016,1.0
2026,12,Dutch Grand Prix,Q,BOT,9,SOFT,,dutch-grand-prix_corner_15,dutch-grand-prix_corner_15,0.55,3080.4,55.032,,0.1591
2026,12,Dutch Grand Prix,Q,BOT,9,SOFT,,dutch-grand-prix_corner_16,dutch-grand-prix_corner_16,0.55,3188.673,58.673,3218.418,1.0
2026,12,Dutch Grand Prix,Q,BOT,9,SOFT,,dutch-grand-prix_corner_17,dutch-grand-prix_corner_17,0.55,3475.3,64.073,3526.234,1.0
2026,12,Dutch Grand Prix,Q,COL,10,SOFT,,dutch-grand-prix_corner_02,dutch-grand-prix_corner_02,0.55,354.709,5.775,,0.3951
2026,12,Dutch Grand Prix,Q,COL,10,SOFT,,dutch-grand-prix_corner_04,dutch-grand-prix_corner_04,0.55,673.237,12.015,,0.5009
2026,12,Dutch Grand Prix,Q,COL,10,SOFT,,dutch-grand-prix_corner_05,dutch-grand-prix_corner_05,0.55,862.347,16.535,895.459,1.0
2026,12,Dutch Grand Prix,Q,COL,10,SOFT,,dutch-grand-prix_corner_11,dutch-grand-prix_corner_11,0.55,2123.046,34.536,2123.046,0.6737
2026,12,Dutch Grand Prix,Q,COL,10,SOFT,,dutch-grand-prix_corner_12,dutch-grand-prix_corner_12,0.55,2341.865,39.895,2341.865,0.4533
2026,12,Dutch Grand Prix,Q,COL,10,SOFT,,dutch-grand-prix_corner_13,dutch-grand-prix_corner_13,0.55,2556.425,45.295,2594.247,1.0
2026,12,Dutch Grand Prix,Q,COL,10,SOFT,,dutch-grand-prix_corner_15,dutch-grand-prix_corner_15,0.55,3086.478,54.216,,0.2956
2026,12,Dutch Grand Prix,Q,COL,10,SOFT,,dutch-grand-prix_corner_16,dutch-grand-prix_corner_16,0.55,3191.25,57.735,3219.917,0.469
2026,12,Dutch Grand Prix,Q,COL,10,SOFT,,dutch-grand-prix_corner_17,dutch-grand-prix_corner_17,0.55,3457.528,62.496,3539.414,1.0
2026,12,Dutch Grand Prix,Q,GAS,13,SOFT,,dutch-grand-prix_corner_02,dutch-grand-prix_corner_02,0.55,365.079,5.717,,0.3167
2026,12,Dutch Grand Prix,Q,GAS,13,SOFT,,dutch-grand-prix_corner_04,dutch-grand-prix_corner_04,0.55,716.744,12.637,,0.1479
2026,12,Dutch Grand Prix,Q,GAS,13,SOFT,,dutch-grand-prix_corner_05,dutch-grand-prix_corner_05,0.55,853.644,16.037,915.483,1.0
2026,12,Dutch Grand Prix,Q,GAS,13,SOFT,,dutch-grand-prix_corner_11,dutch-grand-prix_corner_11,0.55,2128.765,34.437,2128.765,0.534
2026,12,Dutch Grand Prix,Q,GAS,13,SOFT,,dutch-grand-prix_corner_12,dutch-grand-prix_corner_12,0.55,2342.476,39.597,2342.476,0.4554
2026,12,Dutch Grand Prix,Q,GAS,13,SOFT,,dutch-grand-prix_corner_13,dutch-grand-prix_corner_13,0.55,2549.375,44.637,2597.675,1.0
2026,12,Dutch Grand Prix,Q,GAS,13,SOFT,,dutch-grand-prix_corner_15,dutch-grand-prix_corner_15,0.55,3102.854,54.117,,0.1976
2026,12,Dutch Grand Prix,Q,GAS,13,SOFT,,dutch-grand-prix_corner_16,dutch-grand-prix_corner_16,0.55,3189.341,57.118,3229.804,0.545
2026,12,Dutch Grand Prix,Q,GAS,13,SOFT,,dutch-grand-prix_corner_17,dutch-grand-prix_corner_17,0.55,3472.493,62.397,3533.004,1.0
2026,12,Dutch Grand Prix,Q,HAM,24,SOFT,,dutch-grand-prix_corner_02,dutch-grand-prix_corner_02,0.55,354.23,5.56,,0.3559
2026,12,Dutch Grand Prix,Q,HAM,24,SOFT,,dutch-grand-prix_corner_04,dutch-grand-prix_corner_04,0.55,666.698,11.52,,0.3617
2026,12,Dutch Grand Prix,Q,HAM,24,SOFT,,dutch-grand-prix_corner_05,dutch-grand-prix_corner_05,0.55,853.622,15.72,894.111,1.0
2026,12,Dutch Grand Prix,Q,HAM,24,SOFT,,dutch-grand-prix_corner_11,dutch-grand-prix_corner_11,0.55,2122.545,33.8,2122.545,0.538
2026,12,Dutch Grand Prix,Q,HAM,24,SOFT,,dutch-grand-prix_corner_12,dutch-grand-prix_corner_12,0.55,2338.791,38.92,2338.791,0.3666
2026,12,Dutch Grand Prix,Q,HAM,24,SOFT,,dutch-grand-prix_corner_13,dutch-grand-prix_corner_13,0.55,2548.566,43.88,2584.455,0.9933
2026,12,Dutch Grand Prix,Q,HAM,24,SOFT,,dutch-grand-prix_corner_15,dutch-grand-prix_corner_15,0.55,2982.29,50.36,,0.2278
2026,12,Dutch Grand Prix,Q,HAM,24,SOFT,,dutch-grand-prix_corner_16,dutch-grand-prix_corner_16,0.55,3184.368,55.88,3226.857,0.99
2026,12,Dutch Grand Prix,Q,HAM,24,SOFT,,dutch-grand-prix_corner_17,dutch-grand-prix_corner_17,0.55,3464.524,60.92,3543.524,0.9187
2026,12,Dutch Grand Prix,Q,HUL,18,SOFT,,dutch-grand-prix_corner_02,dutch-grand-prix_corner_02,0.55,349.01,5.584,,0.4103
2026,12,Dutch Grand Prix,Q,HUL,18,SOFT,,dutch-grand-prix_corner_04,dutch-grand-prix_corner_04,0.55,681.593,12.344,,0.1119
2026,12,Dutch Grand Prix,Q,HUL,18,SOFT,,dutch-grand-prix_corner_05,dutch-grand-prix_corner_05,0.55,850.876,16.304,907.998,1.0
2026,12,Dutch Grand Prix,Q,HUL,18,SOFT,,dutch-grand-prix_corner_11,dutch-grand-prix_corner_11,0.55,2130.329,34.783,2130.329,0.4268
2026,12,Dutch Grand Prix,Q,HUL,18,SOFT,,dutch-grand-prix_corner_12,dutch-grand-prix_corner_12,0.55,2339.359,39.744,2339.359,0.4644
2026,12,Dutch Grand Prix,Q,HUL,18,SOFT,,dutch-grand-prix_corner_13,dutch-grand-prix_corner_13,0.55,2553.542,45.024,2591.986,1.0
2026,12,Dutch Grand Prix,Q,HUL,18,SOFT,,dutch-grand-prix_corner_15,dutch-grand-prix_corner_15,0.55,3083.801,53.544,,0.2047
2026,12,Dutch Grand Prix,Q,HUL,18,SOFT,,dutch-grand-prix_corner_16,dutch-grand-prix_corner_16,0.55,3185.197,57.024,3215.375,1.0
2026,12,Dutch Grand Prix,Q,HUL,18,SOFT,,dutch-grand-prix_corner_17,dutch-grand-prix_corner_17,0.55,3397.019,60.984,3525.834,0.9336
2026,12,Dutch Grand Prix,Q,LAW,24,SOFT,,dutch-grand-prix_corner_02,dutch-grand-prix_corner_02,0.55,370.033,6.148,,0.3489
2026,12,Dutch Grand Prix,Q,LAW,24,SOFT,,dutch-grand-prix_corner_04,dutch-grand-prix_corner_04,0.55,679.77,11.828,,0.3033
2026,12,Dutch Grand Prix,Q,LAW,24,SOFT,,dutch-grand-prix_corner_05,dutch-grand-prix_corner_05,0.55,857.116,15.869,896.405,1.0
2026,12,Dutch Grand Prix,Q,LAW,24,SOFT,,dutch-grand-prix_corner_11,dutch-grand-prix_corner_11,0.55,2124.946,33.629,2124.946,0.5202
2026,12,Dutch Grand Prix,Q,LAW,24,SOFT,,dutch-grand-prix_corner_12,dutch-grand-prix_corner_12,0.55,2344.403,38.868,2344.403,0.2413
2026,12,Dutch Grand Prix,Q,LAW,24,SOFT,,dutch-grand-prix_corner_13,dutch-grand-prix_corner_13,0.55,2551.755,43.948,2597.477,1.0
2026,12,Dutch Grand Prix,Q,LAW,24,SOFT,,dutch-grand-prix_corner_15,dutch-grand-prix_corner_15,0.55,2981.385,50.308,,0.103
2026,12,Dutch Grand Prix,Q,LAW,24,SOFT,,dutch-grand-prix_corner_16,dutch-grand-prix_corner_16,0.55,3188.918,56.109,3232.557,1.0
2026,12,Dutch Grand Prix,Q,LAW,24,SOFT,,dutch-grand-prix_corner_17,dutch-grand-prix_corner_17,0.55,3484.113,61.509,3537.713,0.9703
2026,12,Dutch Grand Prix,Q,LEC,22,SOFT,,dutch-grand-prix_corner_02,dutch-grand-prix_corner_02,0.55,218.974,2.539,218.974,0.4351
2026,12,Dutch Grand Prix,Q,LEC,22,SOFT,,dutch-grand-prix_corner_04,dutch-grand-prix_corner_04,0.55,642.498,11.058,,0.3186
2026,12,Dutch Grand Prix,Q,LEC,22,SOFT,,dutch-grand-prix_corner_05,dutch-grand-prix_corner_05,0.55,849.77,15.659,899.631,1.0
2026,12,Dutch Grand Prix,Q,LEC,22,SOFT,,dutch-grand-prix_corner_11,dutch-grand-prix_corner_11,0.55,2125.578,33.739,2125.578,0.6946
2026,12,Dutch Grand Prix,Q,LEC,22,SOFT,,dutch-grand-prix_corner_12,dutch-grand-prix_corner_12,0.55,2333.253,38.779,2333.253,0.4281
2026,12,Dutch Grand Prix,Q,LEC,22,SOFT,,dutch-grand-prix_corner_13,dutch-grand-prix_corner_13,0.55,2551.459,43.978,2585.794,1.0
2026,12,Dutch Grand Prix,Q,LEC,22,SOFT,,dutch-grand-prix_corner_15,dutch-grand-prix_corner_15,0.55,2975.509,50.298,2975.509,0.2278
2026,12,Dutch Grand Prix,Q,LEC,22,SOFT,,dutch-grand-prix_corner_16,dutch-grand-prix_corner_16,0.55,3182.021,55.939,3224.286,0.9917
2026,12,Dutch Grand Prix,Q,LEC,22,SOFT,,dutch-grand-prix_corner_17,dutch-grand-prix_corner_17,0.55,3399.754,59.859,3524.498,1.0
2026,12,Dutch Grand Prix,Q,LIN,21,SOFT,,dutch-grand-prix_corner_02,dutch-grand-prix_corner_02,0.55,361.566,5.736,,0.4244
2026,12,Dutch Grand Prix,Q,LIN,21,SOFT,,dutch-grand-prix_corner_04,dutch-grand-prix_corner_04,0.55,704.726,12.377,,0.3013
2026,12,Dutch Grand Prix,Q,LIN,21,SOFT,,dutch-grand-prix_corner_05,dutch-grand-prix_corner_05,0.55,848.943,15.816,875.343,1.0
2026,12,Dutch Grand Prix,Q,LIN,21,SOFT,,dutch-grand-prix_corner_11,dutch-grand-prix_corner_11,0.55,2121.355,34.137,2121.355,0.6412
2026,12,Dutch Grand Prix,Q,LIN,21,SOFT,,dutch-grand-prix_corner_12,dutch-grand-prix_corner_12,0.55,2339.513,39.337,2339.513,0.392
2026,12,Dutch Grand Prix,Q,LIN,21,SOFT,,dutch-grand-prix_corner_13,dutch-grand-prix_corner_13,0.55,2550.391,44.536,2586.194,1.0
2026,12,Dutch Grand Prix,Q,LIN,21,SOFT,,dutch-grand-prix_corner_15,dutch-grand-prix_corner_15,0.55,3085.392,53.297,,0.1756
2026,12,Dutch Grand Prix,Q,LIN,21,SOFT,,dutch-grand-prix_corner_16,dutch-grand-prix_corner_16,0.55,3182.264,56.576,3216.842,0.5
2026,12,Dutch Grand Prix,Q,LIN,21,SOFT,,dutch-grand-prix_corner_17,dutch-grand-prix_corner_17,0.55,3471.129,61.897,3514.896,1.0
2026,12,Dutch Grand Prix,Q,NOR,20,SOFT,,dutch-grand-prix_corner_02,dutch-grand-prix_corner_02,0.55,363.765,5.854,,0.3061
2026,12,Dutch Grand Prix,Q,NOR,20,SOFT,,dutch-grand-prix_corner_04,dutch-grand-prix_corner_04,0.55,681.655,11.814,,0.202
2026,12,Dutch Grand Prix,Q,NOR,20,SOFT,,dutch-grand-prix_corner_05,dutch-grand-prix_corner_05,0.55,854.573,15.653,870.028,1.0
2026,12,Dutch Grand Prix,Q,NOR,20,SOFT,,dutch-grand-prix_corner_11,dutch-grand-prix_corner_11,0.55,2125.968,33.453,2125.968,0.5769
2026,12,Dutch Grand Prix,Q,NOR,20,SOFT,,dutch-grand-prix_corner_12,dutch-grand-prix_corner_12,0.55,2341.525,38.534,2341.525,0.2593
2026,12,Dutch Grand Prix,Q,NOR,20,SOFT,,dutch-grand-prix_corner_13,dutch-grand-prix_corner_13,0.55,2548.832,43.413,2601.808,1.0
2026,12,Dutch Grand Prix,Q,NOR,20,SOFT,,dutch-grand-prix_corner_15,dutch-grand-prix_corner_15,0.55,2981.891,49.973,2981.891,0.1462
2026,12,Dutch Grand Prix,Q,NOR,20,SOFT,,dutch-grand-prix_corner_16,dutch-grand-prix_corner_16,0.55,3181.542,55.533,3213.975,0.9933
2026,12,Dutch Grand Prix,Q,NOR,20,SOFT,,dutch-grand-prix_corner_17,dutch-grand-prix_corner_17,0.55,3480.324,61.013,3544.88,0.9711
2026,12,Dutch Grand Prix,Q,OCO,16,SOFT,,dutch-grand-prix_corner_02,dutch-grand-prix_corner_02,0.55,353.186,5.678,,0.4051
2026,12,Dutch Grand Prix,Q,OCO,16,SOFT,,dutch-grand-prix_corner_04,dutch-grand-prix_corner_04,0.55,699.94,12.438,,0.3625
2026,12,Dutch Grand Prix,Q,OCO,16,SOFT,,dutch-grand-prix_corner_05,dutch-grand-prix_corner_05,0.55,862.978,16.398,910.967,1.0
2026,12,Dutch Grand Prix,Q,OCO,16,SOFT,,dutch-grand-prix_corner_11,dutch-grand-prix_corner_11,0.55,2136.48,34.677,2136.48,0.6478
2026,12,Dutch Grand Prix,Q,OCO,16,SOFT,,dutch-grand-prix_corner_12,dutch-grand-prix_corner_12,0.55,2338.218,39.798,2338.218,0.4201
2026,12,Dutch Grand Prix,Q,OCO,16,SOFT,,dutch-grand-prix_corner_13,dutch-grand-prix_corner_13,0.55,2546.261,45.078,2579.927,1.0
2026,12,Dutch Grand Prix,Q,OCO,16,SOFT,,dutch-grand-prix_corner_15,dutch-grand-prix_corner_15,0.55,2971.601,51.398,2971.601,0.2795
2026,12,Dutch Grand Prix,Q,OCO,16,SOFT,,dutch-grand-prix_corner_16,dutch-grand-prix_corner_16,0.55,3191.153,57.798,3207.642,0.6337
2026,12,Dutch Grand Prix,Q,OCO,16,SOFT,,dutch-grand-prix_corner_17,dutch-grand-prix_corner_17,0.55,3476.064,62.958,3544.553,1.0
2026,12,Dutch Grand Prix,Q,PER,9,SOFT,,dutch-grand-prix_corner_02,dutch-grand-prix_corner_02,0.55,345.315,5.693,,0.3912
2026,12,Dutch Grand Prix,Q,PER,9,SOFT,,dutch-grand-prix_corner_04,dutch-grand-prix_corner_04,0.55,681.915,12.573,,0.1994
2026,12,Dutch Grand Prix,Q,PER,9,SOFT,,dutch-grand-prix_corner_05,dutch-grand-prix_corner_05,0.55,850.984,16.613,920.061,1.0
2026,12,Dutch Grand Prix,Q,PER,9,SOFT,,dutch-grand-prix_corner_11,dutch-grand-prix_corner_11,0.55,2122.693,35.254,2122.693,0.603
2026,12,Dutch Grand Prix,Q,PER,9,SOFT,,dutch-grand-prix_corner_12,dutch-grand-prix_corner_12,0.55,2340.121,40.654,2340.121,0.3126
2026,12,Dutch Grand Prix,Q,PER,9,SOFT,,dutch-grand-prix_corner_13,dutch-grand-prix_corner_13,0.55,2549.302,46.053,2599.264,1.0
2026,12,Dutch Grand Prix,Q,PER,9,SOFT,,dutch-grand-prix_corner_15,dutch-grand-prix_corner_15,0.55,3085.997,55.094,,0.1337
2026,12,Dutch Grand Prix,Q,PER,9,SOFT,,dutch-grand-prix_corner_16,dutch-grand-prix_corner_16,0.55,3182.679,58.533,3230.235,0.8058
2026,12,Dutch Grand Prix,Q,PER,9,SOFT,,dutch-grand-prix_corner_17,dutch-grand-prix_corner_17,0.55,3459.222,63.773,3573.055,1.0
2026,12,Dutch Grand Prix,Q,PIA,20,SOFT,,dutch-grand-prix_corner_02,dutch-grand-prix_corner_02,0.55,365.37,6.055,,0.4563
2026,12,Dutch Grand Prix,Q,PIA,20,SOFT,,dutch-grand-prix_corner_04,dutch-grand-prix_corner_04,0.55,680.339,11.815,,0.2438
2026,12,Dutch Grand Prix,Q,PIA,20,SOFT,,dutch-grand-prix_corner_05,dutch-grand-prix_corner_05,0.55,853.811,15.734,886.544,0.99
2026,12,Dutch Grand Prix,Q,PIA,20,SOFT,,dutch-grand-prix_corner_11,dutch-grand-prix_corner_11,0.55,2132.826,33.655,,0.5517
2026,12,Dutch Grand Prix,Q,PIA,20,SOFT,,dutch-grand-prix_corner_12,dutch-grand-prix_corner_12,0.55,2334.227,38.615,2334.227,0.3321
2026,12,Dutch Grand Prix,Q,PIA,20,SOFT,,dutch-grand-prix_corner_13,dutch-grand-prix_corner_13,0.55,2551.069,43.854,2590.587,0.99
2026,12,Dutch Grand Prix,Q,PIA,20,SOFT,,dutch-grand-prix_corner_15,dutch-grand-prix_corner_15,0.55,3145.022,54.734,,0.1931
2026,12,Dutch Grand Prix,Q,PIA,20,SOFT,,dutch-grand-prix_corner_16,dutch-grand-prix_corner_16,0.55,3183.044,55.974,3225.889,0.9467
2026,12,Dutch Grand Prix,Q,PIA,20,SOFT,,dutch-grand-prix_corner_17,dutch-grand-prix_corner_17,0.55,3467.992,61.095,3530.408,0.99
2026,12,Dutch Grand Prix,Q,RUS,19,SOFT,,dutch-grand-prix_corner_02,dutch-grand-prix_corner_02,0.55,354.039,5.346,,0.328
2026,12,Dutch Grand Prix,Q,RUS,19,SOFT,,dutch-grand-prix_corner_04,dutch-grand-prix_corner_04,0.55,688.627,11.786,,0.3915
2026,12,Dutch Grand Prix,Q,RUS,19,SOFT,,dutch-grand-prix_corner_05,dutch-grand-prix_corner_05,0.55,850.321,15.426,905.477,1.0
2026,12,Dutch Grand Prix,Q,RUS,19,SOFT,,dutch-grand-prix_corner_11,dutch-grand-prix_corner_11,0.55,2124.507,33.547,2124.507,0.565
2026,12,Dutch Grand Prix,Q,RUS,19,SOFT,,dutch-grand-prix_corner_12,dutch-grand-prix_corner_12,0.55,2339.479,38.706,2339.479,0.3778
2026,12,Dutch Grand Prix,Q,RUS,19,SOFT,,dutch-grand-prix_corner_13,dutch-grand-prix_corner_13,0.55,2547.242,43.666,2574.653,1.0
2026,12,Dutch Grand Prix,Q,RUS,19,SOFT,,dutch-grand-prix_corner_15,dutch-grand-prix_corner_15,0.55,2980.337,50.146,2980.337,0.1565
2026,12,Dutch Grand Prix,Q,RUS,19,SOFT,,dutch-grand-prix_corner_16,dutch-grand-prix_corner_16,0.55,3195.853,56.106,3222.042,1.0
2026,12,Dutch Grand Prix,Q,RUS,19,SOFT,,dutch-grand-prix_corner_17,dutch-grand-prix_corner_17,0.55,3485.041,61.347,3547.729,0.9747
2026,12,Dutch Grand Prix,Q,SAI,9,SOFT,,dutch-grand-prix_corner_02,dutch-grand-prix_corner_02,0.55,363.51,5.835,,0.3457
2026,12,Dutch Grand Prix,Q,SAI,9,SOFT,,dutch-grand-prix_corner_04,dutch-grand-prix_corner_04,0.55,675.665,11.955,,0.1897
2026,12,Dutch Grand Prix,Q,SAI,9,SOFT,,dutch-grand-prix_corner_05,dutch-grand-prix_corner_05,0.55,855.901,16.196,897.471,1.0
2026,12,Dutch Grand Prix,Q,SAI,9,SOFT,,dutch-grand-prix_corner_11,dutch-grand-prix_corner_11,0.55,2126.546,34.756,2126.546,0.4876
2026,12,Dutch Grand Prix,Q,SAI,9,SOFT,,dutch-grand-prix_corner_12,dutch-grand-prix_corner_12,0.55,2336.378,40.036,2353.411,0.4156
2026,12,Dutch Grand Prix,Q,SAI,9,SOFT,,dutch-grand-prix_corner_13,dutch-grand-prix_corner_13,0.55,2547.891,45.395,2581.236,1.0
2026,12,Dutch Grand Prix,Q,SAI,9,SOFT,,dutch-grand-prix_corner_15,dutch-grand-prix_corner_15,0.55,3090.205,54.316,,0.1475
2026,12,Dutch Grand Prix,Q,SAI,9,SOFT,,dutch-grand-prix_corner_16,dutch-grand-prix_corner_16,0.55,3189.997,57.675,3249.574,0.6738
2026,12,Dutch Grand Prix,Q,SAI,9,SOFT,,dutch-grand-prix_corner_17,dutch-grand-prix_corner_17,0.55,3466.747,62.956,3536.976,1.0
2026,12,Dutch Grand Prix,Q,STR,9,SOFT,,dutch-grand-prix_corner_02,dutch-grand-prix_corner_02,0.55,359.256,5.922,,0.411
2026,12,Dutch Grand Prix,Q,STR,9,SOFT,,dutch-grand-prix_corner_04,dutch-grand-prix_corner_04,0.55,706.404,12.682,,0.3173
2026,12,Dutch Grand Prix,Q,STR,9,SOFT,,dutch-grand-prix_corner_05,dutch-grand-prix_corner_05,0.55,853.515,16.402,879.626,1.0
2026,12,Dutch Grand Prix,Q,STR,9,SOFT,,dutch-grand-prix_corner_11,dutch-grand-prix_corner_11,0.55,2133.949,35.242,2133.949,0.4287
2026,12,Dutch Grand Prix,Q,STR,9,SOFT,,dutch-grand-prix_corner_12,dutch-grand-prix_corner_12,0.55,2334.863,39.922,2334.863,0.2748
2026,12,Dutch Grand Prix,Q,STR,9,SOFT,,dutch-grand-prix_corner_13,dutch-grand-prix_corner_13,0.55,2545.919,45.123,2579.733,1.0
2026,12,Dutch Grand Prix,Q,STR,9,SOFT,,dutch-grand-prix_corner_15,dutch-grand-prix_corner_15,0.55,2978.998,51.843,2978.998,0.0863
2026,12,Dutch Grand Prix,Q,STR,9,SOFT,,dutch-grand-prix_corner_16,dutch-grand-prix_corner_16,0.55,3184.289,57.563,3221.644,1.0
2026,12,Dutch Grand Prix,Q,STR,9,SOFT,,dutch-grand-prix_corner_17,dutch-grand-prix_corner_17,0.55,3490.576,63.443,3535.976,0.9195
2026,12,Dutch Grand Prix,Q,TSU,14,SOFT,,dutch-grand-prix_corner_02,dutch-grand-prix_corner_02,0.55,216.916,2.516,216.916,0.4164
2026,12,Dutch Grand Prix,Q,TSU,14,SOFT,,dutch-grand-prix_corner_04,dutch-grand-prix_corner_04,0.55,686.088,12.116,,0.2687
2026,12,Dutch Grand Prix,Q,TSU,14,SOFT,,dutch-grand-prix_corner_05,dutch-grand-prix_corner_05,0.55,860.377,16.276,889.655,1.0
2026,12,Dutch Grand Prix,Q,TSU,14,SOFT,,dutch-grand-prix_corner_11,dutch-grand-prix_corner_11,0.55,2121.85,34.436,2121.85,0.7069
2026,12,Dutch Grand Prix,Q,TSU,14,SOFT,,dutch-grand-prix_corner_12,dutch-grand-prix_corner_12,0.55,2333.278,39.556,2333.278,0.4638
2026,12,Dutch Grand Prix,Q,TSU,14,SOFT,,dutch-grand-prix_corner_13,dutch-grand-prix_corner_13,0.55,2547.102,44.956,2588.714,1.0
2026,12,Dutch Grand Prix,Q,TSU,14,SOFT,,dutch-grand-prix_corner_15,dutch-grand-prix_corner_15,0.55,2978.167,51.356,2978.167,0.2262
2026,12,Dutch Grand Prix,Q,TSU,14,SOFT,,dutch-grand-prix_corner_16,dutch-grand-prix_corner_16,0.55,3187.812,57.317,3211.042,1.0
2026,12,Dutch Grand Prix,Q,TSU,14,SOFT,,dutch-grand-prix_corner_17,dutch-grand-prix_corner_17,0.55,3447.364,62.076,3520.264,1.0
2026,12,Dutch Grand Prix,Q,VER,21,SOFT,,dutch-grand-prix_corner_02,dutch-grand-prix_corner_02,0.55,371.816,6.032,,0.4444
2026,12,Dutch Grand Prix,Q,VER,21,SOFT,,dutch-grand-prix_corner_04,dutch-grand-prix_corner_04,0.55,702.281,12.152,,0.3311
2026,12,Dutch Grand Prix,Q,VER,21,SOFT,,dutch-grand-prix_corner_05,dutch-grand-prix_corner_05,0.55,854.611,15.791,875.356,1.0
2026,12,Dutch Grand Prix,Q,VER,21,SOFT,,dutch-grand-prix_corner_11,dutch-grand-prix_corner_11,0.55,2131.503,33.872,2131.503,0.4921
2026,12,Dutch Grand Prix,Q,VER,21,SOFT,,dutch-grand-prix_corner_12,dutch-grand-prix_corner_12,0.55,2336.769,38.832,2336.769,0.2144
2026,12,Dutch Grand Prix,Q,VER,21,SOFT,,dutch-grand-prix_corner_13,dutch-grand-prix_corner_13,0.55,2552.577,44.071,2571.31,1.0
2026,12,Dutch Grand Prix,Q,VER,21,SOFT,,dutch-grand-prix_corner_15,dutch-grand-prix_corner_15,0.55,2979.361,50.351,2979.361,0.0697
2026,12,Dutch Grand Prix,Q,VER,21,SOFT,,dutch-grand-prix_corner_16,dutch-grand-prix_corner_16,0.55,3183.71,55.871,3223.755,0.6667
2026,12,Dutch Grand Prix,Q,VER,21,SOFT,,dutch-grand-prix_corner_17,dutch-grand-prix_corner_17,0.55,3488.833,61.592,3530.15,1.0
2026,12,Dutch Grand Prix,R,ALB,51,MEDIUM,,dutch-grand-prix_corner_03,dutch-grand-prix_corner_03,0.55,503.739,7.797,607.374,0.98
2026,12,Dutch Grand Prix,R,ALB,51,MEDIUM,,dutch-grand-prix_corner_04,dutch-grand-prix_corner_04,0.55,654.032,11.317,654.032,0.2796
2026,12,Dutch Grand Prix,R,ALB,51,MEDIUM,,dutch-grand-prix_corner_05,dutch-grand-prix_corner_05,0.55,863.254,15.277,1060.213,0.8825
2026,12,Dutch Grand Prix,R,ALB,51,MEDIUM,,dutch-grand-prix_corner_11,dutch-grand-prix_corner_11,0.55,2153.295,36.197,,0.0
2026,12,Dutch Grand Prix,R,ALB,51,MEDIUM,,dutch-grand-prix_corner_12,dutch-grand-prix_corner_12,0.55,2400.298,41.797,2518.881,0.1424
2026,12,Dutch Grand Prix,R,ALB,51,MEDIUM,,dutch-grand-prix_corner_13,dutch-grand-prix_corner_13,0.55,2650.47,48.317,2779.101,0.916
2026,12,Dutch Grand Prix,R,ALB,51,MEDIUM,,dutch-grand-prix_corner_16,dutch-grand-prix_corner_16,0.55,3247.389,59.397,3399.373,0.9725
2026,12,Dutch Grand Prix,R,ALB,51,MEDIUM,,dutch-grand-prix_corner_17,dutch-grand-prix_corner_17,0.55,3433.429,64.837,3433.429,0.1548
2026,12,Dutch Grand Prix,R,ALO,59,HARD,,dutch-grand-prix_corner_03,dutch-grand-prix_corner_03,0.55,512.738,7.682,605.676,0.98
2026,12,Dutch Grand Prix,R,ALO,59,HARD,,dutch-grand-prix_corner_04,dutch-grand-prix_corner_04,0.55,652.343,11.001,652.343,0.3261
2026,12,Dutch Grand Prix,R,ALO,59,HARD,,dutch-grand-prix_corner_05,dutch-grand-prix_corner_05,0.55,862.298,14.921,1049.432,0.86
2026,12,Dutch Grand Prix,R,ALO,59,HARD,,dutch-grand-prix_corner_11,dutch-grand-prix_corner_11,0.55,2177.381,36.121,2200.214,0.0
2026,12,Dutch Grand Prix,R,ALO,59,HARD,,dutch-grand-prix_corner_12,dutch-grand-prix_corner_12,0.55,2429.036,41.322,2479.017,0.7578
2026,12,Dutch Grand Prix,R,ALO,59,HARD,,dutch-grand-prix_corner_13,dutch-grand-prix_corner_13,0.55,2681.373,47.962,2775.764,0.8495
2026,12,Dutch Grand Prix,R,ALO,59,HARD,,dutch-grand-prix_corner_16,dutch-grand-prix_corner_16,0.55,3273.949,58.481,,0.3863
2026,12,Dutch Grand Prix,R,ALO,59,HARD,,dutch-grand-prix_corner_17,dutch-grand-prix_corner_17,0.55,3427.491,63.441,3427.491,0.0
2026,12,Dutch Grand Prix,R,ANT,59,SOFT,,dutch-grand-prix_corner_03,dutch-grand-prix_corner_03,0.55,501.677,7.48,586.044,1.0
2026,12,Dutch Grand Prix,R,ANT,59,SOFT,,dutch-grand-prix_corner_04,dutch-grand-prix_corner_04,0.55,643.743,10.839,643.743,0.405
2026,12,Dutch Grand Prix,R,ANT,59,SOFT,,dutch-grand-prix_corner_05,dutch-grand-prix_corner_05,0.55,862.071,14.84,1036.839,0.9567
2026,12,Dutch Grand Prix,R,ANT,59,SOFT,,dutch-grand-prix_corner_11,dutch-grand-prix_corner_11,0.55,2142.119,34.68,2227.574,0.0
2026,12,Dutch Grand Prix,R,ANT,59,SOFT,,dutch-grand-prix_corner_12,dutch-grand-prix_corner_12,0.55,2394.449,39.96,2491.671,0.1685
2026,12,Dutch Grand Prix,R,ANT,59,SOFT,,dutch-grand-prix_corner_13,dutch-grand-prix_corner_13,0.55,2651.81,46.6,2746.71,0.9625
2026,12,Dutch Grand Prix,R,ANT,59,SOFT,,dutch-grand-prix_corner_16,dutch-grand-prix_corner_16,0.55,3232.101,57.04,3372.92,1.0
2026,12,Dutch Grand Prix,R,ANT,59,SOFT,,dutch-grand-prix_corner_17,dutch-grand-prix_corner_17,0.55,3438.02,62.84,3438.02,0.4644
2026,12,Dutch Grand Prix,R,BOR,57,SOFT,,dutch-grand-prix_corner_03,dutch-grand-prix_corner_03,0.55,505.644,7.691,585.832,1.0
2026,12,Dutch Grand Prix,R,BOR,57,SOFT,,dutch-grand-prix_corner_04,dutch-grand-prix_corner_04,0.55,651.551,11.13,651.551,0.2037
2026,12,Dutch Grand Prix,R,BOR,57,SOFT,,dutch-grand-prix_corner_05,dutch-grand-prix_corner_05,0.55,856.621,14.891,1045.295,0.9425
2026,12,Dutch Grand Prix,R,BOR,57,SOFT,,dutch-grand-prix_corner_11,dutch-grand-prix_corner_11,0.55,2164.025,35.571,2236.992,0.0
2026,12,Dutch Grand Prix,R,BOR,57,SOFT,,dutch-grand-prix_corner_12,dutch-grand-prix_corner_12,0.55,2401.506,40.691,2497.951,0.0
2026,12,Dutch Grand Prix,R,BOR,57,SOFT,,dutch-grand-prix_corner_13,dutch-grand-prix_corner_13,0.55,2629.505,46.571,2736.827,1.0
2026,12,Dutch Grand Prix,R,BOR,57,SOFT,,dutch-grand-prix_corner_16,dutch-grand-prix_corner_16,0.55,3241.519,57.97,3365.456,1.0
2026,12,Dutch Grand Prix,R,BOR,57,SOFT,,dutch-grand-prix_corner_17,dutch-grand-prix_corner_17,0.55,3439.19,63.611,3439.19,0.4548
2026,12,Dutch Grand Prix,R,BOT,60,SOFT,,dutch-grand-prix_corner_03,dutch-grand-prix_corner_03,0.55,496.599,7.753,592.121,1.0
2026,12,Dutch Grand Prix,R,BOT,60,SOFT,,dutch-grand-prix_corner_04,dutch-grand-prix_corner_04,0.55,649.665,11.513,649.665,0.1981
2026,12,Dutch Grand Prix,R,BOT,60,SOFT,,dutch-grand-prix_corner_05,dutch-grand-prix_corner_05,0.55,860.653,15.633,1053.756,0.86
2026,12,Dutch Grand Prix,R,BOT,60,SOFT,,dutch-grand-prix_corner_11,dutch-grand-prix_corner_11,0.55,2159.04,37.153,2209.618,0.0
2026,12,Dutch Grand Prix,R,BOT,60,SOFT,,dutch-grand-prix_corner_12,dutch-grand-prix_corner_12,0.55,2379.445,42.233,2462.845,0.0
2026,12,Dutch Grand Prix,R,BOT,60,SOFT,,dutch-grand-prix_corner_13,dutch-grand-prix_corner_13,0.55,2627.057,48.873,2731.424,1.0
2026,12,Dutch Grand Prix,R,BOT,60,SOFT,,dutch-grand-prix_corner_16,dutch-grand-prix_corner_16,0.55,3210.214,59.592,3348.568,1.0
2026,12,Dutch Grand Prix,R,BOT,60,SOFT,,dutch-grand-prix_corner_17,dutch-grand-prix_corner_17,0.55,3425.268,65.593,3425.268,0.4629
2026,12,Dutch Grand Prix,R,COL,48,SOFT,,dutch-grand-prix_corner_03,dutch-grand-prix_corner_03,0.55,488.887,7.503,593.501,1.0
2026,12,Dutch Grand Prix,R,COL,48,SOFT,,dutch-grand-prix_corner_04,dutch-grand-prix_corner_04,0.55,642.267,11.143,642.267,0.4388
2026,12,Dutch Grand Prix,R,COL,48,SOFT,,dutch-grand-prix_corner_05,dutch-grand-prix_corner_05,0.55,862.008,15.182,1046.401,0.98
2026,12,Dutch Grand Prix,R,COL,48,SOFT,,dutch-grand-prix_corner_11,dutch-grand-prix_corner_11,0.55,2156.026,35.503,2223.026,0.0
2026,12,Dutch Grand Prix,R,COL,48,SOFT,,dutch-grand-prix_corner_12,dutch-grand-prix_corner_12,0.55,2385.381,40.463,2485.513,0.0
2026,12,Dutch Grand Prix,R,COL,48,SOFT,,dutch-grand-prix_corner_13,dutch-grand-prix_corner_13,0.55,2632.791,47.063,2755.497,0.975
2026,12,Dutch Grand Prix,R,COL,48,SOFT,,dutch-grand-prix_corner_16,dutch-grand-prix_corner_16,0.55,3216.054,57.863,3358.217,1.0
2026,12,Dutch Grand Prix,R,COL,48,SOFT,,dutch-grand-prix_corner_17,dutch-grand-prix_corner_17,0.55,3426.061,63.703,3426.061,0.5349
2026,12,Dutch Grand Prix,R,GAS,58,MEDIUM,,dutch-grand-prix_corner_03,dutch-grand-prix_corner_03,0.55,499.089,7.368,594.477,1.0
2026,12,Dutch Grand Prix,R,GAS,58,MEDIUM,,dutch-grand-prix_corner_04,dutch-grand-prix_corner_04,0.55,653.055,11.009,653.055,0.3595
2026,12,Dutch Grand Prix,R,GAS,58,MEDIUM,,dutch-grand-prix_corner_05,dutch-grand-prix_corner_05,0.55,857.186,14.808,1038.909,0.92
2026,12,Dutch Grand Prix,R,GAS,58,MEDIUM,,dutch-grand-prix_corner_11,dutch-grand-prix_corner_11,0.55,2153.276,35.369,2235.499,0.0
2026,12,Dutch Grand Prix,R,GAS,58,MEDIUM,,dutch-grand-prix_corner_12,dutch-grand-prix_corner_12,0.55,2404.425,40.928,2501.733,0.3171
2026,12,Dutch Grand Prix,R,GAS,58,MEDIUM,,dutch-grand-prix_corner_13,dutch-grand-prix_corner_13,0.55,2650.46,47.488,2741.145,1.0
2026,12,Dutch Grand Prix,R,GAS,58,MEDIUM,,dutch-grand-prix_corner_16,dutch-grand-prix_corner_16,0.55,3230.223,58.049,3368.013,1.0
2026,12,Dutch Grand Prix,R,GAS,58,MEDIUM,,dutch-grand-prix_corner_17,dutch-grand-prix_corner_17,0.55,3434.168,64.009,3434.168,0.3789
2026,12,Dutch Grand Prix,R,HAM,61,SOFT,,dutch-grand-prix_corner_03,dutch-grand-prix_corner_03,0.55,484.894,7.151,584.483,0.9925
2026,12,Dutch Grand Prix,R,HAM,61,SOFT,,dutch-grand-prix_corner_04,dutch-grand-prix_corner_04,0.55,656.305,11.111,656.305,0.442
2026,12,Dutch Grand Prix,R,HAM,61,SOFT,,dutch-grand-prix_corner_05,dutch-grand-prix_corner_05,0.55,857.484,14.791,1040.213,0.9825
2026,12,Dutch Grand Prix,R,HAM,61,SOFT,,dutch-grand-prix_corner_11,dutch-grand-prix_corner_11,0.55,2142.453,34.671,2213.887,0.0
2026,12,Dutch Grand Prix,R,HAM,61,SOFT,,dutch-grand-prix_corner_12,dutch-grand-prix_corner_12,0.55,2394.569,40.032,2468.792,0.2038
2026,12,Dutch Grand Prix,R,HAM,61,SOFT,,dutch-grand-prix_corner_13,dutch-grand-prix_corner_13,0.55,2635.165,46.192,2761.242,0.9833
2026,12,Dutch Grand Prix,R,HAM,61,SOFT,,dutch-grand-prix_corner_16,dutch-grand-prix_corner_16,0.55,3221.681,56.871,3362.276,0.99
2026,12,Dutch Grand Prix,R,HAM,61,SOFT,,dutch-grand-prix_corner_17,dutch-grand-prix_corner_17,0.55,3425.821,62.631,3425.821,0.5325
2026,12,Dutch Grand Prix,R,HUL,62,HARD,,dutch-grand-prix_corner_03,dutch-grand-prix_corner_03,0.55,490.191,7.365,582.357,1.0
2026,12,Dutch Grand Prix,R,HUL,62,HARD,,dutch-grand-prix_corner_04,dutch-grand-prix_corner_04,0.55,646.861,11.164,646.861,0.3446
2026,12,Dutch Grand Prix,R,HUL,62,HARD,,dutch-grand-prix_corner_05,dutch-grand-prix_corner_05,0.55,868.175,15.245,1044.652,0.9767
2026,12,Dutch Grand Prix,R,HUL,62,HARD,,dutch-grand-prix_corner_11,dutch-grand-prix_corner_11,0.55,2164.064,35.925,2207.764,0.0
2026,12,Dutch Grand Prix,R,HUL,62,HARD,,dutch-grand-prix_corner_12,dutch-grand-prix_corner_12,0.55,2397.631,41.045,2467.976,0.0
2026,12,Dutch Grand Prix,R,HUL,62,HARD,,dutch-grand-prix_corner_13,dutch-grand-prix_corner_13,0.55,2651.509,47.725,2731.953,1.0
2026,12,Dutch Grand Prix,R,HUL,62,HARD,,dutch-grand-prix_corner_16,dutch-grand-prix_corner_16,0.55,3290.319,60.365,3363.708,1.0
2026,12,Dutch Grand Prix,R,HUL,62,HARD,,dutch-grand-prix_corner_17,dutch-grand-prix_corner_17,0.55,3425.042,63.845,3425.042,0.2935
2026,12,Dutch Grand Prix,R,LAW,61,MEDIUM,,dutch-grand-prix_corner_03,dutch-grand-prix_corner_03,0.55,506.411,7.811,590.921,1.0
2026,12,Dutch Grand Prix,R,LAW,61,MEDIUM,,dutch-grand-prix_corner_04,dutch-grand-prix_corner_04,0.55,642.997,10.971,642.997,0.3015
2026,12,Dutch Grand Prix,R,LAW,61,MEDIUM,,dutch-grand-prix_corner_05,dutch-grand-prix_corner_05,0.55,859.512,14.932,1045.986,0.975
2026,12,Dutch Grand Prix,R,LAW,61,MEDIUM,,dutch-grand-prix_corner_11,dutch-grand-prix_corner_11,0.55,2141.535,35.132,2222.913,0.0
2026,12,Dutch Grand Prix,R,LAW,61,MEDIUM,,dutch-grand-prix_corner_12,dutch-grand-prix_corner_12,0.55,2416.834,41.292,2493.167,0.2011
2026,12,Dutch Grand Prix,R,LAW,61,MEDIUM,,dutch-grand-prix_corner_13,dutch-grand-prix_corner_13,0.55,2648.436,47.331,2733.756,1.0
2026,12,Dutch Grand Prix,R,LAW,61,MEDIUM,,dutch-grand-prix_corner_16,dutch-grand-prix_corner_16,0.55,3229.721,57.892,3360.539,1.0
2026,12,Dutch Grand Prix,R,LAW,61,MEDIUM,,dutch-grand-prix_corner_17,dutch-grand-prix_corner_17,0.55,3424.506,63.412,3424.506,0.2767
2026,12,Dutch Grand Prix,R,LEC,60,SOFT,,dutch-grand-prix_corner_03,dutch-grand-prix_corner_03,0.55,497.958,7.398,570.458,1.0
2026,12,Dutch Grand Prix,R,LEC,60,SOFT,,dutch-grand-prix_corner_04,dutch-grand-prix_corner_04,0.55,646.313,10.878,646.313,0.2875
2026,12,Dutch Grand Prix,R,LEC,60,SOFT,,dutch-grand-prix_corner_05,dutch-grand-prix_corner_05,0.55,856.058,14.638,1038.15,0.9275
2026,12,Dutch Grand Prix,R,LEC,60,SOFT,,dutch-grand-prix_corner_11,dutch-grand-prix_corner_11,0.55,2141.088,34.599,2197.587,0.0616
2026,12,Dutch Grand Prix,R,LEC,60,SOFT,,dutch-grand-prix_corner_12,dutch-grand-prix_corner_12,0.55,2395.043,39.958,2453.78,0.2519
2026,12,Dutch Grand Prix,R,LEC,60,SOFT,,dutch-grand-prix_corner_13,dutch-grand-prix_corner_13,0.55,2638.213,46.278,2731.04,1.0
2026,12,Dutch Grand Prix,R,LEC,60,SOFT,,dutch-grand-prix_corner_16,dutch-grand-prix_corner_16,0.55,3227.156,56.878,3347.974,1.0
2026,12,Dutch Grand Prix,R,LEC,60,SOFT,,dutch-grand-prix_corner_17,dutch-grand-prix_corner_17,0.55,3430.316,62.558,3430.316,0.6715
2026,12,Dutch Grand Prix,R,LIN,60,HARD,,dutch-grand-prix_corner_03,dutch-grand-prix_corner_03,0.55,506.129,7.64,606.177,1.0
2026,12,Dutch Grand Prix,R,LIN,60,HARD,,dutch-grand-prix_corner_04,dutch-grand-prix_corner_04,0.55,652.321,11.081,652.321,0.3251
2026,12,Dutch Grand Prix,R,LIN,60,HARD,,dutch-grand-prix_corner_05,dutch-grand-prix_corner_05,0.55,860.237,15.0,1036.596,1.0
2026,12,Dutch Grand Prix,R,LIN,60,HARD,,dutch-grand-prix_corner_11,dutch-grand-prix_corner_11,0.55,2142.972,35.6,2244.27,0.0
2026,12,Dutch Grand Prix,R,LIN,60,HARD,,dutch-grand-prix_corner_12,dutch-grand-prix_corner_12,0.55,2404.458,41.36,2493.23,0.0
2026,12,Dutch Grand Prix,R,LIN,60,HARD,,dutch-grand-prix_corner_13,dutch-grand-prix_corner_13,0.55,2653.476,48.0,2739.46,1.0
2026,12,Dutch Grand Prix,R,LIN,60,HARD,,dutch-grand-prix_corner_16,dutch-grand-prix_corner_16,0.55,3226.696,58.681,3369.673,1.0
2026,12,Dutch Grand Prix,R,LIN,60,HARD,,dutch-grand-prix_corner_17,dutch-grand-prix_corner_17,0.55,3425.973,64.521,3425.973,0.3579
2026,12,Dutch Grand Prix,R,NOR,49,HARD,,dutch-grand-prix_corner_03,dutch-grand-prix_corner_03,0.55,502.249,7.507,586.072,1.0
2026,12,Dutch Grand Prix,R,NOR,49,HARD,,dutch-grand-prix_corner_04,dutch-grand-prix_corner_04,0.55,644.849,10.827,644.849,0.3047
2026,12,Dutch Grand Prix,R,NOR,49,HARD,,dutch-grand-prix_corner_05,dutch-grand-prix_corner_05,0.55,866.207,14.827,1033.842,0.94
2026,12,Dutch Grand Prix,R,NOR,49,HARD,,dutch-grand-prix_corner_11,dutch-grand-prix_corner_11,0.55,2177.365,35.187,,0.0
2026,12,Dutch Grand Prix,R,NOR,49,HARD,,dutch-grand-prix_corner_12,dutch-grand-prix_corner_12,0.55,2412.781,40.347,2478.37,0.0721
2026,12,Dutch Grand Prix,R,NOR,49,HARD,,dutch-grand-prix_corner_13,dutch-grand-prix_corner_13,0.55,2647.934,46.227,2736.245,0.9875
2026,12,Dutch Grand Prix,R,NOR,49,HARD,,dutch-grand-prix_corner_16,dutch-grand-prix_corner_16,0.55,3232.468,56.747,3366.491,1.0
2026,12,Dutch Grand Prix,R,NOR,49,HARD,,dutch-grand-prix_corner_17,dutch-grand-prix_corner_17,0.55,3437.291,62.427,3437.291,0.1357
2026,12,Dutch Grand Prix,R,OCO,48,HARD,,dutch-grand-prix_corner_03,dutch-grand-prix_corner_03,0.55,497.659,7.63,601.925,1.0
2026,12,Dutch Grand Prix,R,OCO,48,HARD,,dutch-grand-prix_corner_04,dutch-grand-prix_corner_04,0.55,643.803,11.27,643.803,0.3335
2026,12,Dutch Grand Prix,R,OCO,48,HARD,,dutch-grand-prix_corner_05,dutch-grand-prix_corner_05,0.55,860.887,15.27,1044.859,0.9425
2026,12,Dutch Grand Prix,R,OCO,48,HARD,,dutch-grand-prix_corner_11,dutch-grand-prix_corner_11,0.55,2152.582,36.19,2208.46,0.0
2026,12,Dutch Grand Prix,R,OCO,48,HARD,,dutch-grand-prix_corner_12,dutch-grand-prix_corner_12,0.55,2396.693,41.87,2494.104,0.0
2026,12,Dutch Grand Prix,R,OCO,48,HARD,,dutch-grand-prix_corner_13,dutch-grand-prix_corner_13,0.55,2638.404,48.47,2746.604,0.98
2026,12,Dutch Grand Prix,R,OCO,48,HARD,,dutch-grand-prix_corner_16,dutch-grand-prix_corner_16,0.55,3212.741,59.231,3372.476,1.0
2026,12,Dutch Grand Prix,R,OCO,48,HARD,,dutch-grand-prix_corner_17,dutch-grand-prix_corner_17,0.55,3424.476,65.43,3424.476,0.5017
2026,12,Dutch Grand Prix,R,PER,70,SOFT,,dutch-grand-prix_corner_03,dutch-grand-prix_corner_03,0.55,496.783,7.632,594.688,0.9575
2026,12,Dutch Grand Prix,R,PER,70,SOFT,,dutch-grand-prix_corner_04,dutch-grand-prix_corner_04,0.55,652.121,11.311,652.121,0.2731
2026,12,Dutch Grand Prix,R,PER,70,SOFT,,dutch-grand-prix_corner_05,dutch-grand-prix_corner_05,0.55,866.034,15.472,1038.318,1.0
2026,12,Dutch Grand Prix,R,PER,70,SOFT,,dutch-grand-prix_corner_11,dutch-grand-prix_corner_11,0.55,2182.051,36.751,2211.718,0.0081
2026,12,Dutch Grand Prix,R,PER,70,SOFT,,dutch-grand-prix_corner_12,dutch-grand-prix_corner_12,0.55,2395.452,41.872,2485.219,0.0
2026,12,Dutch Grand Prix,R,PER,70,SOFT,,dutch-grand-prix_corner_13,dutch-grand-prix_corner_13,0.55,2648.128,48.712,2747.973,1.0
2026,12,Dutch Grand Prix,R,PER,70,SOFT,,dutch-grand-prix_corner_16,dutch-grand-prix_corner_16,0.55,3216.037,58.992,3409.038,0.928
2026,12,Dutch Grand Prix,R,PER,70,SOFT,,dutch-grand-prix_corner_17,dutch-grand-prix_corner_17,0.55,3439.716,65.432,3439.716,0.4536
2026,12,Dutch Grand Prix,R,PIA,61,SOFT,,dutch-grand-prix_corner_03,dutch-grand-prix_corner_03,0.55,499.441,7.528,581.974,0.99
2026,12,Dutch Grand Prix,R,PIA,61,SOFT,,dutch-grand-prix_corner_04,dutch-grand-prix_corner_04,0.55,646.941,10.927,646.941,0.3861
2026,12,Dutch Grand Prix,R,PIA,61,SOFT,,dutch-grand-prix_corner_05,dutch-grand-prix_corner_05,0.55,864.342,14.847,1043.656,0.9867
2026,12,Dutch Grand Prix,R,PIA,61,SOFT,,dutch-grand-prix_corner_11,dutch-grand-prix_corner_11,0.55,2173.244,35.007,2248.799,0.0
2026,12,Dutch Grand Prix,R,PIA,61,SOFT,,dutch-grand-prix_corner_12,dutch-grand-prix_corner_12,0.55,2406.713,40.168,2495.182,0.0021
2026,12,Dutch Grand Prix,R,PIA,61,SOFT,,dutch-grand-prix_corner_13,dutch-grand-prix_corner_13,0.55,2649.484,46.368,2749.969,0.99
2026,12,Dutch Grand Prix,R,PIA,61,SOFT,,dutch-grand-prix_corner_16,dutch-grand-prix_corner_16,0.55,3291.642,58.928,3373.076,0.99
2026,12,Dutch Grand Prix,R,PIA,61,SOFT,,dutch-grand-prix_corner_17,dutch-grand-prix_corner_17,0.55,3434.345,62.527,3434.345,0.3156
2026,12,Dutch Grand Prix,R,RUS,46,HARD,,dutch-grand-prix_corner_03,dutch-grand-prix_corner_03,0.55,500.858,7.481,588.336,1.0
2026,12,Dutch Grand Prix,R,RUS,46,HARD,,dutch-grand-prix_corner_04,dutch-grand-prix_corner_04,0.55,654.358,11.161,654.358,0.3098
2026,12,Dutch Grand Prix,R,RUS,46,HARD,,dutch-grand-prix_corner_05,dutch-grand-prix_corner_05,0.55,863.814,15.041,1030.625,1.0
2026,12,Dutch Grand Prix,R,RUS,46,HARD,,dutch-grand-prix_corner_11,dutch-grand-prix_corner_11,0.55,2145.079,35.321,2222.891,0.0
2026,12,Dutch Grand Prix,R,RUS,46,HARD,,dutch-grand-prix_corner_12,dutch-grand-prix_corner_12,0.55,2400.674,41.001,2476.041,0.0
2026,12,Dutch Grand Prix,R,RUS,46,HARD,,dutch-grand-prix_corner_13,dutch-grand-prix_corner_13,0.55,2639.677,47.161,2725.466,1.0
2026,12,Dutch Grand Prix,R,RUS,46,HARD,,dutch-grand-prix_corner_16,dutch-grand-prix_corner_16,0.55,3218.364,57.761,3343.278,1.0
2026,12,Dutch Grand Prix,R,RUS,46,HARD,,dutch-grand-prix_corner_17,dutch-grand-prix_corner_17,0.55,3432.111,63.681,3432.111,0.5378
2026,12,Dutch Grand Prix,R,SAI,69,SOFT,,dutch-grand-prix_corner_03,dutch-grand-prix_corner_03,0.55,440.736,8.45,462.296,0.0
2026,12,Dutch Grand Prix,R,SAI,69,SOFT,,dutch-grand-prix_corner_04,dutch-grand-prix_corner_04,0.55,682.47,12.97,,0.3715
2026,12,Dutch Grand Prix,R,SAI,69,SOFT,,dutch-grand-prix_corner_05,dutch-grand-prix_corner_05,0.55,864.642,17.65,910.798,1.0
2026,12,Dutch Grand Prix,R,SAI,69,SOFT,,dutch-grand-prix_corner_11,dutch-grand-prix_corner_11,0.55,2230.056,39.57,2339.061,0.845
2026,12,Dutch Grand Prix,R,SAI,69,SOFT,,dutch-grand-prix_corner_12,dutch-grand-prix_corner_12,0.55,2364.294,43.131,,0.5465
2026,12,Dutch Grand Prix,R,SAI,69,SOFT,,dutch-grand-prix_corner_13,dutch-grand-prix_corner_13,0.55,2576.008,49.091,2600.708,1.0
2026,12,Dutch Grand Prix,R,SAI,69,SOFT,,dutch-grand-prix_corner_16,dutch-grand-prix_corner_16,0.55,3213.696,62.411,3226.84,0.0
2026,12,Dutch Grand Prix,R,SAI,69,SOFT,,dutch-grand-prix_corner_17,dutch-grand-prix_corner_17,0.55,3459.436,67.05,3516.216,1.0
2026,12,Dutch Grand Prix,R,STR,37,HARD,,dutch-grand-prix_corner_03,dutch-grand-prix_corner_03,0.55,495.656,7.764,571.664,1.0
2026,12,Dutch Grand Prix,R,STR,37,HARD,,dutch-grand-prix_corner_04,dutch-grand-prix_corner_04,0.55,645.31,11.364,645.31,0.4762
2026,12,Dutch Grand Prix,R,STR,37,HARD,,dutch-grand-prix_corner_05,dutch-grand-prix_corner_05,0.55,952.421,18.004,1033.755,0.94
2026,12,Dutch Grand Prix,R,STR,37,HARD,,dutch-grand-prix_corner_11,dutch-grand-prix_corner_11,0.55,2140.599,36.563,2183.554,0.0
2026,12,Dutch Grand Prix,R,STR,37,HARD,,dutch-grand-prix_corner_12,dutch-grand-prix_corner_12,0.55,2371.729,41.884,2428.386,0.0
2026,12,Dutch Grand Prix,R,STR,37,HARD,,dutch-grand-prix_corner_13,dutch-grand-prix_corner_13,0.55,2606.186,48.004,2705.095,1.0
2026,12,Dutch Grand Prix,R,STR,37,HARD,,dutch-grand-prix_corner_16,dutch-grand-prix_corner_16,0.55,3264.736,61.844,3321.051,1.0
2026,12,Dutch Grand Prix,R,STR,37,HARD,,dutch-grand-prix_corner_17,dutch-grand-prix_corner_17,0.55,3426.836,65.844,3426.836,0.7779
2026,12,Dutch Grand Prix,R,TSU,49,SOFT,,dutch-grand-prix_corner_03,dutch-grand-prix_corner_03,0.55,502.166,7.677,593.344,1.0
2026,12,Dutch Grand Prix,R,TSU,49,SOFT,,dutch-grand-prix_corner_04,dutch-grand-prix_corner_04,0.55,644.476,10.998,644.476,0.4431
2026,12,Dutch Grand Prix,R,TSU,49,SOFT,,dutch-grand-prix_corner_05,dutch-grand-prix_corner_05,0.55,860.904,15.117,1029.627,1.0
2026,12,Dutch Grand Prix,R,TSU,49,SOFT,,dutch-grand-prix_corner_11,dutch-grand-prix_corner_11,0.55,2146.482,35.877,2219.203,0.0
2026,12,Dutch Grand Prix,R,TSU,49,SOFT,,dutch-grand-prix_corner_12,dutch-grand-prix_corner_12,0.55,2396.357,41.437,2493.542,0.2113
2026,12,Dutch Grand Prix,R,TSU,49,SOFT,,dutch-grand-prix_corner_13,dutch-grand-prix_corner_13,0.55,2640.272,47.837,2750.306,0.99
2026,12,Dutch Grand Prix,R,TSU,49,SOFT,,dutch-grand-prix_corner_16,dutch-grand-prix_corner_16,0.55,3218.516,58.517,3359.025,1.0
2026,12,Dutch Grand Prix,R,TSU,49,SOFT,,dutch-grand-prix_corner_17,dutch-grand-prix_corner_17,0.55,3428.914,64.478,3428.914,0.5582
2026,12,Dutch Grand Prix,S,ALB,7,MEDIUM,,dutch-grand-prix_corner_02,dutch-grand-prix_corner_02,0.55,360.338,6.264,,0.3252
2026,12,Dutch Grand Prix,S,ALB,7,MEDIUM,,dutch-grand-prix_corner_04,dutch-grand-prix_corner_04,0.55,688.868,13.144,,0.4443
2026,12,Dutch Grand Prix,S,ALB,7,MEDIUM,,dutch-grand-prix_corner_10,dutch-grand-prix_corner_10,0.55,2010.966,34.904,2083.053,0.6154
2026,12,Dutch Grand Prix,S,ALB,7,MEDIUM,,dutch-grand-prix_corner_11,dutch-grand-prix_corner_11,0.55,2246.53,40.464,,0.7475
2026,12,Dutch Grand Prix,S,ALB,7,MEDIUM,,dutch-grand-prix_corner_12,dutch-grand-prix_corner_12,0.55,2362.094,43.505,,0.4931
2026,12,Dutch Grand Prix,S,ALB,7,MEDIUM,,dutch-grand-prix_corner_15,dutch-grand-prix_corner_15,0.55,3090.523,58.104,,0.321
2026,12,Dutch Grand Prix,S,ALB,7,MEDIUM,,dutch-grand-prix_corner_16,dutch-grand-prix_corner_16,0.55,3207.301,62.264,3248.766,0.0
2026,12,Dutch Grand Prix,S,ALB,7,MEDIUM,,dutch-grand-prix_corner_17,dutch-grand-prix_corner_17,0.55,3469.654,67.264,3544.854,1.0
2026,12,Dutch Grand Prix,S,ALO,4,MEDIUM,,dutch-grand-prix_corner_02,dutch-grand-prix_corner_02,0.55,364.779,6.506,,0.4726
2026,12,Dutch Grand Prix,S,ALO,4,MEDIUM,,dutch-grand-prix_corner_04,dutch-grand-prix_corner_04,0.55,686.287,13.186,,0.5128
2026,12,Dutch Grand Prix,S,ALO,4,MEDIUM,,dutch-grand-prix_corner_10,dutch-grand-prix_corner_10,0.55,2013.941,34.946,2052.974,0.8432
2026,12,Dutch Grand Prix,S,ALO,4,MEDIUM,,dutch-grand-prix_corner_11,dutch-grand-prix_corner_11,0.55,2241.296,39.786,2316.029,0.7323
2026,12,Dutch Grand Prix,S,ALO,4,MEDIUM,,dutch-grand-prix_corner_12,dutch-grand-prix_corner_12,0.55,2349.463,42.706,2349.463,0.4637
2026,12,Dutch Grand Prix,S,ALO,4,MEDIUM,,dutch-grand-prix_corner_15,dutch-grand-prix_corner_15,0.55,3084.795,57.387,,0.2481
2026,12,Dutch Grand Prix,S,ALO,4,MEDIUM,,dutch-grand-prix_corner_16,dutch-grand-prix_corner_16,0.55,3203.742,61.586,3221.697,0.2829
2026,12,Dutch Grand Prix,S,ALO,4,MEDIUM,,dutch-grand-prix_corner_17,dutch-grand-prix_corner_17,0.55,3470.159,66.866,3533.704,1.0
2026,12,Dutch Grand Prix,S,ANT,4,MEDIUM,,dutch-grand-prix_corner_02,dutch-grand-prix_corner_02,0.55,356.979,6.062,,0.3247
2026,12,Dutch Grand Prix,S,ANT,4,MEDIUM,,dutch-grand-prix_corner_04,dutch-grand-prix_corner_04,0.55,682.72,12.582,,0.4626
2026,12,Dutch Grand Prix,S,ANT,4,MEDIUM,,dutch-grand-prix_corner_10,dutch-grand-prix_corner_10,0.55,1991.762,33.503,2076.997,0.5789
2026,12,Dutch Grand Prix,S,ANT,4,MEDIUM,,dutch-grand-prix_corner_11,dutch-grand-prix_corner_11,0.55,2242.583,39.263,2331.089,0.8549
2026,12,Dutch Grand Prix,S,ANT,4,MEDIUM,,dutch-grand-prix_corner_12,dutch-grand-prix_corner_12,0.55,2355.389,42.062,,0.6903
2026,12,Dutch Grand Prix,S,ANT,4,MEDIUM,,dutch-grand-prix_corner_15,dutch-grand-prix_corner_15,0.55,3061.399,55.942,3186.319,0.8488
2026,12,Dutch Grand Prix,S,ANT,4,MEDIUM,,dutch-grand-prix_corner_16,dutch-grand-prix_corner_16,0.55,3217.38,60.782,3217.38,0.0
2026,12,Dutch Grand Prix,S,ANT,4,MEDIUM,,dutch-grand-prix_corner_17,dutch-grand-prix_corner_17,0.55,3433.058,64.662,3503.773,1.0
2026,12,Dutch Grand Prix,S,BEA,5,SOFT,,dutch-grand-prix_corner_02,dutch-grand-prix_corner_02,0.55,359.575,6.022,,0.4195
2026,12,Dutch Grand Prix,S,BEA,5,SOFT,,dutch-grand-prix_corner_04,dutch-grand-prix_corner_04,0.55,678.401,12.622,,0.3892
2026,12,Dutch Grand Prix,S,BEA,5,SOFT,,dutch-grand-prix_corner_10,dutch-grand-prix_corner_10,0.55,2003.374,34.382,2070.36,0.5714
2026,12,Dutch Grand Prix,S,BEA,5,SOFT,,dutch-grand-prix_corner_11,dutch-grand-prix_corner_11,0.55,2236.017,39.662,2317.457,0.8518
2026,12,Dutch Grand Prix,S,BEA,5,SOFT,,dutch-grand-prix_corner_12,dutch-grand-prix_corner_12,0.55,2351.479,42.823,2351.479,0.5717
2026,12,Dutch Grand Prix,S,BEA,5,SOFT,,dutch-grand-prix_corner_15,dutch-grand-prix_corner_15,0.55,3071.788,57.463,,0.5036
2026,12,Dutch Grand Prix,S,BEA,5,SOFT,,dutch-grand-prix_corner_16,dutch-grand-prix_corner_16,0.55,3208.531,62.063,3226.309,0.0
2026,12,Dutch Grand Prix,S,BEA,5,SOFT,,dutch-grand-prix_corner_17,dutch-grand-prix_corner_17,0.55,3442.381,66.462,3543.093,1.0
2026,12,Dutch Grand Prix,S,BOR,5,MEDIUM,,dutch-grand-prix_corner_02,dutch-grand-prix_corner_02,0.55,354.997,5.777,,0.3162
2026,12,Dutch Grand Prix,S,BOR,5,MEDIUM,,dutch-grand-prix_corner_04,dutch-grand-prix_corner_04,0.55,700.086,13.097,,0.2667
2026,12,Dutch Grand Prix,S,BOR,5,MEDIUM,,dutch-grand-prix_corner_10,dutch-grand-prix_corner_10,0.55,1988.829,34.257,2062.636,0.4855
2026,12,Dutch Grand Prix,S,BOR,5,MEDIUM,,dutch-grand-prix_corner_11,dutch-grand-prix_corner_11,0.55,2239.307,39.977,2323.917,0.871
2026,12,Dutch Grand Prix,S,BOR,5,MEDIUM,,dutch-grand-prix_corner_12,dutch-grand-prix_corner_12,0.55,2355.24,43.018,2355.24,0.6112
2026,12,Dutch Grand Prix,S,BOR,5,MEDIUM,,dutch-grand-prix_corner_15,dutch-grand-prix_corner_15,0.55,3059.831,57.338,,0.8176
2026,12,Dutch Grand Prix,S,BOR,5,MEDIUM,,dutch-grand-prix_corner_16,dutch-grand-prix_corner_16,0.55,3201.32,62.018,3201.32,0.0
2026,12,Dutch Grand Prix,S,BOR,5,MEDIUM,,dutch-grand-prix_corner_17,dutch-grand-prix_corner_17,0.55,3437.671,66.417,3516.563,1.0
2026,12,Dutch Grand Prix,S,BOT,5,MEDIUM,,dutch-grand-prix_corner_02,dutch-grand-prix_corner_02,0.55,362.721,6.278,,0.3614
2026,12,Dutch Grand Prix,S,BOT,5,MEDIUM,,dutch-grand-prix_corner_04,dutch-grand-prix_corner_04,0.55,693.953,13.238,,0.2963
2026,12,Dutch Grand Prix,S,BOT,5,MEDIUM,,dutch-grand-prix_corner_10,dutch-grand-prix_corner_10,0.55,1995.795,34.878,2064.855,0.5706
2026,12,Dutch Grand Prix,S,BOT,5,MEDIUM,,dutch-grand-prix_corner_11,dutch-grand-prix_corner_11,0.55,2244.241,40.478,2313.026,0.7688
2026,12,Dutch Grand Prix,S,BOT,5,MEDIUM,,dutch-grand-prix_corner_12,dutch-grand-prix_corner_12,0.55,2354.037,43.437,2354.037,0.509
2026,12,Dutch Grand Prix,S,BOT,5,MEDIUM,,dutch-grand-prix_corner_15,dutch-grand-prix_corner_15,0.55,3072.932,57.957,,0.4255
2026,12,Dutch Grand Prix,S,BOT,5,MEDIUM,,dutch-grand-prix_corner_16,dutch-grand-prix_corner_16,0.55,3200.369,62.277,3208.425,0.2928
2026,12,Dutch Grand Prix,S,BOT,5,MEDIUM,,dutch-grand-prix_corner_17,dutch-grand-prix_corner_17,0.55,3457.875,67.238,3505.408,1.0
2026,12,Dutch Grand Prix,S,COL,4,MEDIUM,,dutch-grand-prix_corner_02,dutch-grand-prix_corner_02,0.55,356.78,5.997,,0.4796
2026,12,Dutch Grand Prix,S,COL,4,MEDIUM,,dutch-grand-prix_corner_04,dutch-grand-prix_corner_04,0.55,684.687,12.997,,0.4098
2026,12,Dutch Grand Prix,S,COL,4,MEDIUM,,dutch-grand-prix_corner_10,dutch-grand-prix_corner_10,0.55,1998.891,34.397,2095.047,0.6383
2026,12,Dutch Grand Prix,S,COL,4,MEDIUM,,dutch-grand-prix_corner_11,dutch-grand-prix_corner_11,0.55,2230.507,39.677,2339.799,0.8671
2026,12,Dutch Grand Prix,S,COL,4,MEDIUM,,dutch-grand-prix_corner_12,dutch-grand-prix_corner_12,0.55,2360.244,43.078,,0.5477
2026,12,Dutch Grand Prix,S,COL,4,MEDIUM,,dutch-grand-prix_corner_15,dutch-grand-prix_corner_15,0.55,3157.145,57.997,3157.145,0.4293
2026,12,Dutch Grand Prix,S,COL,4,MEDIUM,,dutch-grand-prix_corner_16,dutch-grand-prix_corner_16,0.55,3240.301,60.677,3296.334,1.0
2026,12,Dutch Grand Prix,S,COL,4,MEDIUM,,dutch-grand-prix_corner_17,dutch-grand-prix_corner_17,0.55,3425.394,64.398,3425.394,0.8365
2026,12,Dutch Grand Prix,S,GAS,3,MEDIUM,,dutch-grand-prix_corner_02,dutch-grand-prix_corner_02,0.55,346.726,5.712,,0.4708
2026,12,Dutch Grand Prix,S,GAS,3,MEDIUM,,dutch-grand-prix_corner_04,dutch-grand-prix_corner_04,0.55,667.242,12.552,,0.3723
2026,12,Dutch Grand Prix,S,GAS,3,MEDIUM,,dutch-grand-prix_corner_10,dutch-grand-prix_corner_10,0.55,2002.084,34.472,2087.184,0.8595
2026,12,Dutch Grand Prix,S,GAS,3,MEDIUM,,dutch-grand-prix_corner_11,dutch-grand-prix_corner_11,0.55,2255.452,40.112,,0.6565
2026,12,Dutch Grand Prix,S,GAS,3,MEDIUM,,dutch-grand-prix_corner_12,dutch-grand-prix_corner_12,0.55,2358.496,42.832,2358.496,0.5275
2026,12,Dutch Grand Prix,S,GAS,3,MEDIUM,,dutch-grand-prix_corner_15,dutch-grand-prix_corner_15,0.55,3134.751,57.752,3134.751,0.0
2026,12,Dutch Grand Prix,S,GAS,3,MEDIUM,,dutch-grand-prix_corner_16,dutch-grand-prix_corner_16,0.55,3200.507,59.992,3264.529,0.575
2026,12,Dutch Grand Prix,S,GAS,3,MEDIUM,,dutch-grand-prix_corner_17,dutch-grand-prix_corner_17,0.55,3494.106,66.072,3574.283,0.9724
2026,12,Dutch Grand Prix,S,HAM,5,MEDIUM,,dutch-grand-prix_corner_02,dutch-grand-prix_corner_02,0.55,357.431,5.878,,0.3351
2026,12,Dutch Grand Prix,S,HAM,5,MEDIUM,,dutch-grand-prix_corner_04,dutch-grand-prix_corner_04,0.55,667.346,12.358,,0.4538
2026,12,Dutch Grand Prix,S,HAM,5,MEDIUM,,dutch-grand-prix_corner_10,dutch-grand-prix_corner_10,0.55,2005.444,33.879,2055.767,0.6976
2026,12,Dutch Grand Prix,S,HAM,5,MEDIUM,,dutch-grand-prix_corner_11,dutch-grand-prix_corner_11,0.55,2245.294,39.119,2323.694,0.727
2026,12,Dutch Grand Prix,S,HAM,5,MEDIUM,,dutch-grand-prix_corner_12,dutch-grand-prix_corner_12,0.55,2354.705,42.039,2354.705,0.4942
2026,12,Dutch Grand Prix,S,HAM,5,MEDIUM,,dutch-grand-prix_corner_15,dutch-grand-prix_corner_15,0.55,3080.451,56.198,,0.345
2026,12,Dutch Grand Prix,S,HAM,5,MEDIUM,,dutch-grand-prix_corner_16,dutch-grand-prix_corner_16,0.55,3208.276,60.519,3231.165,0.0552
2026,12,Dutch Grand Prix,S,HAM,5,MEDIUM,,dutch-grand-prix_corner_17,dutch-grand-prix_corner_17,0.55,3472.539,65.479,3529.75,1.0
2026,12,Dutch Grand Prix,S,HUL,7,MEDIUM,,dutch-grand-prix_corner_02,dutch-grand-prix_corner_02,0.55,356.406,6.206,,0.4468
2026,12,Dutch Grand Prix,S,HUL,7,MEDIUM,,dutch-grand-prix_corner_04,dutch-grand-prix_corner_04,0.55,686.292,13.406,,0.2328
2026,12,Dutch Grand Prix,S,HUL,7,MEDIUM,,dutch-grand-prix_corner_10,dutch-grand-prix_corner_10,0.55,2016.981,35.406,2070.647,0.8247
2026,12,Dutch Grand Prix,S,HUL,7,MEDIUM,,dutch-grand-prix_corner_11,dutch-grand-prix_corner_11,0.55,2260.971,40.806,2327.082,0.7284
2026,12,Dutch Grand Prix,S,HUL,7,MEDIUM,,dutch-grand-prix_corner_12,dutch-grand-prix_corner_12,0.55,2349.76,43.166,2349.76,0.5606
2026,12,Dutch Grand Prix,S,HUL,7,MEDIUM,,dutch-grand-prix_corner_15,dutch-grand-prix_corner_15,0.55,3085.046,57.646,,0.3796
2026,12,Dutch Grand Prix,S,HUL,7,MEDIUM,,dutch-grand-prix_corner_16,dutch-grand-prix_corner_16,0.55,3210.282,61.966,3238.894,0.0
2026,12,Dutch Grand Prix,S,HUL,7,MEDIUM,,dutch-grand-prix_corner_17,dutch-grand-prix_corner_17,0.55,3457.63,66.726,3548.974,1.0
2026,12,Dutch Grand Prix,S,LAW,6,MEDIUM,,dutch-grand-prix_corner_02,dutch-grand-prix_corner_02,0.55,374.119,6.436,,0.2665
2026,12,Dutch Grand Prix,S,LAW,6,MEDIUM,,dutch-grand-prix_corner_04,dutch-grand-prix_corner_04,0.55,695.726,12.956,,0.1557
2026,12,Dutch Grand Prix,S,LAW,6,MEDIUM,,dutch-grand-prix_corner_10,dutch-grand-prix_corner_10,0.55,2010.765,34.316,2085.731,0.8494
2026,12,Dutch Grand Prix,S,LAW,6,MEDIUM,,dutch-grand-prix_corner_11,dutch-grand-prix_corner_11,0.55,2139.397,36.637,2139.397,0.3829
2026,12,Dutch Grand Prix,S,LAW,6,MEDIUM,,dutch-grand-prix_corner_12,dutch-grand-prix_corner_12,0.55,2364.578,42.677,2364.578,0.2545
2026,12,Dutch Grand Prix,S,LAW,6,MEDIUM,,dutch-grand-prix_corner_15,dutch-grand-prix_corner_15,0.55,3101.666,57.477,,0.2618
2026,12,Dutch Grand Prix,S,LAW,6,MEDIUM,,dutch-grand-prix_corner_16,dutch-grand-prix_corner_16,0.55,3208.527,61.317,3229.683,0.2935
2026,12,Dutch Grand Prix,S,LAW,6,MEDIUM,,dutch-grand-prix_corner_17,dutch-grand-prix_corner_17,0.55,3468.394,66.317,3538.375,1.0
2026,12,Dutch Grand Prix,S,LEC,5,SOFT,,dutch-grand-prix_corner_02,dutch-grand-prix_corner_02,0.55,362.61,6.203,,0.4789
2026,12,Dutch Grand Prix,S,LEC,5,SOFT,,dutch-grand-prix_corner_04,dutch-grand-prix_corner_04,0.55,671.399,12.523,,0.4417
2026,12,Dutch Grand Prix,S,LEC,5,SOFT,,dutch-grand-prix_corner_10,dutch-grand-prix_corner_10,0.55,1984.286,33.283,2066.464,0.5586
2026,12,Dutch Grand Prix,S,LEC,5,SOFT,,dutch-grand-prix_corner_11,dutch-grand-prix_corner_11,0.55,2247.747,39.083,2314.187,0.8601
2026,12,Dutch Grand Prix,S,LEC,5,SOFT,,dutch-grand-prix_corner_12,dutch-grand-prix_corner_12,0.55,2348.509,41.682,2348.509,0.6593
2026,12,Dutch Grand Prix,S,LEC,5,SOFT,,dutch-grand-prix_corner_15,dutch-grand-prix_corner_15,0.55,3073.534,55.802,,0.5104
2026,12,Dutch Grand Prix,S,LEC,5,SOFT,,dutch-grand-prix_corner_16,dutch-grand-prix_corner_16,0.55,3200.75,60.163,3200.75,0.0858
2026,12,Dutch Grand Prix,S,LEC,5,SOFT,,dutch-grand-prix_corner_17,dutch-grand-prix_corner_17,0.55,3421.758,64.163,3499.236,1.0
2026,12,Dutch Grand Prix,S,LIN,5,MEDIUM,,dutch-grand-prix_corner_02,dutch-grand-prix_corner_02,0.55,366.166,6.163,,0.3864
2026,12,Dutch Grand Prix,S,LIN,5,MEDIUM,,dutch-grand-prix_corner_04,dutch-grand-prix_corner_04,0.55,686.03,12.883,,0.4146
2026,12,Dutch Grand Prix,S,LIN,5,MEDIUM,,dutch-grand-prix_corner_10,dutch-grand-prix_corner_10,0.55,2028.083,34.884,2086.539,0.8458
2026,12,Dutch Grand Prix,S,LIN,5,MEDIUM,,dutch-grand-prix_corner_11,dutch-grand-prix_corner_11,0.55,2144.405,37.043,2144.405,0.5579
2026,12,Dutch Grand Prix,S,LIN,5,MEDIUM,,dutch-grand-prix_corner_12,dutch-grand-prix_corner_12,0.55,2358.601,42.724,2378.312,0.4166
2026,12,Dutch Grand Prix,S,LIN,5,MEDIUM,,dutch-grand-prix_corner_15,dutch-grand-prix_corner_15,0.55,3075.511,57.123,,0.3512
2026,12,Dutch Grand Prix,S,LIN,5,MEDIUM,,dutch-grand-prix_corner_16,dutch-grand-prix_corner_16,0.55,3204.992,61.564,3222.825,0.0
2026,12,Dutch Grand Prix,S,LIN,5,MEDIUM,,dutch-grand-prix_corner_17,dutch-grand-prix_corner_17,0.55,3446.4,66.123,3525.278,1.0
2026,12,Dutch Grand Prix,S,NOR,5,MEDIUM,,dutch-grand-prix_corner_02,dutch-grand-prix_corner_02,0.55,363.562,6.296,,0.3941
2026,12,Dutch Grand Prix,S,NOR,5,MEDIUM,,dutch-grand-prix_corner_04,dutch-grand-prix_corner_04,0.55,688.98,12.856,,0.3493
2026,12,Dutch Grand Prix,S,NOR,5,MEDIUM,,dutch-grand-prix_corner_10,dutch-grand-prix_corner_10,0.55,2036.977,34.016,2083.122,0.8648
2026,12,Dutch Grand Prix,S,NOR,5,MEDIUM,,dutch-grand-prix_corner_11,dutch-grand-prix_corner_11,0.55,2254.867,38.816,2319.233,0.8028
2026,12,Dutch Grand Prix,S,NOR,5,MEDIUM,,dutch-grand-prix_corner_12,dutch-grand-prix_corner_12,0.55,2356.198,41.415,2356.198,0.3598
2026,12,Dutch Grand Prix,S,NOR,5,MEDIUM,,dutch-grand-prix_corner_15,dutch-grand-prix_corner_15,0.55,3089.419,55.935,,0.385
2026,12,Dutch Grand Prix,S,NOR,5,MEDIUM,,dutch-grand-prix_corner_16,dutch-grand-prix_corner_16,0.55,3204.122,59.856,3212.622,0.0
2026,12,Dutch Grand Prix,S,NOR,5,MEDIUM,,dutch-grand-prix_corner_17,dutch-grand-prix_corner_17,0.55,3464.203,64.656,3521.914,1.0
2026,12,Dutch Grand Prix,S,OCO,4,MEDIUM,,dutch-grand-prix_corner_02,dutch-grand-prix_corner_02,0.55,359.549,6.019,,0.4571
2026,12,Dutch Grand Prix,S,OCO,4,MEDIUM,,dutch-grand-prix_corner_04,dutch-grand-prix_corner_04,0.55,683.507,12.979,,0.4818
2026,12,Dutch Grand Prix,S,OCO,4,MEDIUM,,dutch-grand-prix_corner_10,dutch-grand-prix_corner_10,0.55,1998.679,34.54,2078.235,0.5926
2026,12,Dutch Grand Prix,S,OCO,4,MEDIUM,,dutch-grand-prix_corner_11,dutch-grand-prix_corner_11,0.55,2233.046,39.779,2323.945,0.8003
2026,12,Dutch Grand Prix,S,OCO,4,MEDIUM,,dutch-grand-prix_corner_12,dutch-grand-prix_corner_12,0.55,2351.455,42.979,2351.455,0.5558
2026,12,Dutch Grand Prix,S,OCO,4,MEDIUM,,dutch-grand-prix_corner_15,dutch-grand-prix_corner_15,0.55,3068.858,57.499,,0.5779
2026,12,Dutch Grand Prix,S,OCO,4,MEDIUM,,dutch-grand-prix_corner_16,dutch-grand-prix_corner_16,0.55,3202.576,62.02,3202.576,0.0179
2026,12,Dutch Grand Prix,S,OCO,4,MEDIUM,,dutch-grand-prix_corner_17,dutch-grand-prix_corner_17,0.55,3445.165,66.579,3498.922,1.0
2026,12,Dutch Grand Prix,S,PER,3,MEDIUM,,dutch-grand-prix_corner_02,dutch-grand-prix_corner_02,0.55,351.537,6.316,,0.5212
2026,12,Dutch Grand Prix,S,PER,3,MEDIUM,,dutch-grand-prix_corner_04,dutch-grand-prix_corner_04,0.55,671.611,12.996,,0.394
2026,12,Dutch Grand Prix,S,PER,3,MEDIUM,,dutch-grand-prix_corner_10,dutch-grand-prix_corner_10,0.55,1993.866,34.757,2099.254,0.9037
2026,12,Dutch Grand Prix,S,PER,3,MEDIUM,,dutch-grand-prix_corner_11,dutch-grand-prix_corner_11,0.55,2238.256,40.156,2319.024,0.7586
2026,12,Dutch Grand Prix,S,PER,3,MEDIUM,,dutch-grand-prix_corner_12,dutch-grand-prix_corner_12,0.55,2348.29,43.037,2348.29,0.4582
2026,12,Dutch Grand Prix,S,PER,3,MEDIUM,,dutch-grand-prix_corner_15,dutch-grand-prix_corner_15,0.55,3066.426,57.477,,0.363
2026,12,Dutch Grand Prix,S,PER,3,MEDIUM,,dutch-grand-prix_corner_16,dutch-grand-prix_corner_16,0.55,3202.453,61.957,3218.453,0.017
2026,12,Dutch Grand Prix,S,PER,3,MEDIUM,,dutch-grand-prix_corner_17,dutch-grand-prix_corner_17,0.55,3440.018,66.396,3528.354,1.0
2026,12,Dutch Grand Prix,S,PIA,3,MEDIUM,,dutch-grand-prix_corner_02,dutch-grand-prix_corner_02,0.55,366.74,6.307,,0.3716
2026,12,Dutch Grand Prix,S,PIA,3,MEDIUM,,dutch-grand-prix_corner_04,dutch-grand-prix_corner_04,0.55,688.032,12.747,,0.3031
2026,12,Dutch Grand Prix,S,PIA,3,MEDIUM,,dutch-grand-prix_corner_10,dutch-grand-prix_corner_10,0.55,2027.447,33.907,2102.593,0.631
2026,12,Dutch Grand Prix,S,PIA,3,MEDIUM,,dutch-grand-prix_corner_11,dutch-grand-prix_corner_11,0.55,2259.916,39.107,,0.5667
2026,12,Dutch Grand Prix,S,PIA,3,MEDIUM,,dutch-grand-prix_corner_12,dutch-grand-prix_corner_12,0.55,2356.378,41.547,2356.378,0.3782
2026,12,Dutch Grand Prix,S,PIA,3,MEDIUM,,dutch-grand-prix_corner_15,dutch-grand-prix_corner_15,0.55,3145.778,58.147,,0.2594
2026,12,Dutch Grand Prix,S,PIA,3,MEDIUM,,dutch-grand-prix_corner_16,dutch-grand-prix_corner_16,0.55,3201.701,59.987,3243.145,0.0223
2026,12,Dutch Grand Prix,S,PIA,3,MEDIUM,,dutch-grand-prix_corner_17,dutch-grand-prix_corner_17,0.55,3474.667,65.147,3549.134,0.99
2026,12,Dutch Grand Prix,S,RUS,5,MEDIUM,,dutch-grand-prix_corner_02,dutch-grand-prix_corner_02,0.55,353.216,5.93,,0.4121
2026,12,Dutch Grand Prix,S,RUS,5,MEDIUM,,dutch-grand-prix_corner_04,dutch-grand-prix_corner_04,0.55,696.094,12.97,,0.5044
2026,12,Dutch Grand Prix,S,RUS,5,MEDIUM,,dutch-grand-prix_corner_10,dutch-grand-prix_corner_10,0.55,1993.988,33.45,2074.244,0.9254
2026,12,Dutch Grand Prix,S,RUS,5,MEDIUM,,dutch-grand-prix_corner_11,dutch-grand-prix_corner_11,0.55,2136.786,35.969,2136.786,0.6603
2026,12,Dutch Grand Prix,S,RUS,5,MEDIUM,,dutch-grand-prix_corner_12,dutch-grand-prix_corner_12,0.55,2351.829,41.49,2351.829,0.499
2026,12,Dutch Grand Prix,S,RUS,5,MEDIUM,,dutch-grand-prix_corner_15,dutch-grand-prix_corner_15,0.55,3074.693,55.649,,0.443
2026,12,Dutch Grand Prix,S,RUS,5,MEDIUM,,dutch-grand-prix_corner_16,dutch-grand-prix_corner_16,0.55,3204.488,59.93,3204.488,0.2876
2026,12,Dutch Grand Prix,S,RUS,5,MEDIUM,,dutch-grand-prix_corner_17,dutch-grand-prix_corner_17,0.55,3461.626,64.689,3568.062,1.0
2026,12,Dutch Grand Prix,S,SAI,5,MEDIUM,,dutch-grand-prix_corner_02,dutch-grand-prix_corner_02,0.55,352.388,5.873,,0.4124
2026,12,Dutch Grand Prix,S,SAI,5,MEDIUM,,dutch-grand-prix_corner_04,dutch-grand-prix_corner_04,0.55,679.491,12.793,,0.429
2026,12,Dutch Grand Prix,S,SAI,5,MEDIUM,,dutch-grand-prix_corner_10,dutch-grand-prix_corner_10,0.55,2006.546,34.473,2095.32,0.9009
2026,12,Dutch Grand Prix,S,SAI,5,MEDIUM,,dutch-grand-prix_corner_11,dutch-grand-prix_corner_11,0.55,2134.864,36.914,,0.5642
2026,12,Dutch Grand Prix,S,SAI,5,MEDIUM,,dutch-grand-prix_corner_12,dutch-grand-prix_corner_12,0.55,2352.163,42.834,2352.163,0.4818
2026,12,Dutch Grand Prix,S,SAI,5,MEDIUM,,dutch-grand-prix_corner_15,dutch-grand-prix_corner_15,0.55,3100.761,57.794,3100.761,0.5514
2026,12,Dutch Grand Prix,S,SAI,5,MEDIUM,,dutch-grand-prix_corner_16,dutch-grand-prix_corner_16,0.55,3200.796,60.953,3200.796,0.6579
2026,12,Dutch Grand Prix,S,SAI,5,MEDIUM,,dutch-grand-prix_corner_17,dutch-grand-prix_corner_17,0.55,3492.237,66.873,3563.471,1.0
2026,12,Dutch Grand Prix,S,STR,8,MEDIUM,,dutch-grand-prix_corner_02,dutch-grand-prix_corner_02,0.55,366.186,6.322,,0.4063
2026,12,Dutch Grand Prix,S,STR,8,MEDIUM,,dutch-grand-prix_corner_04,dutch-grand-prix_corner_04,0.55,686.202,13.042,,0.442
2026,12,Dutch Grand Prix,S,STR,8,MEDIUM,,dutch-grand-prix_corner_10,dutch-grand-prix_corner_10,0.55,2013.72,34.922,2042.242,0.8664
2026,12,Dutch Grand Prix,S,STR,8,MEDIUM,,dutch-grand-prix_corner_11,dutch-grand-prix_corner_11,0.55,2137.952,37.243,2137.952,0.791
2026,12,Dutch Grand Prix,S,STR,8,MEDIUM,,dutch-grand-prix_corner_12,dutch-grand-prix_corner_12,0.55,2361.69,43.323,2361.69,0.4771
2026,12,Dutch Grand Prix,S,STR,8,MEDIUM,,dutch-grand-prix_corner_15,dutch-grand-prix_corner_15,0.55,3077.499,57.843,3200.296,0.4417
2026,12,Dutch Grand Prix,S,STR,8,MEDIUM,,dutch-grand-prix_corner_16,dutch-grand-prix_corner_16,0.55,3211.807,62.402,3211.807,0.0
2026,12,Dutch Grand Prix,S,STR,8,MEDIUM,,dutch-grand-prix_corner_17,dutch-grand-prix_corner_17,0.55,3470.573,67.362,3519.64,1.0
2026,12,Dutch Grand Prix,S,TSU,4,MEDIUM,,dutch-grand-prix_corner_02,dutch-grand-prix_corner_02,0.55,364.248,6.334,,0.4593
2026,12,Dutch Grand Prix,S,TSU,4,MEDIUM,,dutch-grand-prix_corner_04,dutch-grand-prix_corner_04,0.55,674.298,12.774,,0.4306
2026,12,Dutch Grand Prix,S,TSU,4,MEDIUM,,dutch-grand-prix_corner_10,dutch-grand-prix_corner_10,0.55,2001.03,34.374,2077.651,0.8874
2026,12,Dutch Grand Prix,S,TSU,4,MEDIUM,,dutch-grand-prix_corner_11,dutch-grand-prix_corner_11,0.55,2147.272,37.054,,0.6657
2026,12,Dutch Grand Prix,S,TSU,4,MEDIUM,,dutch-grand-prix_corner_12,dutch-grand-prix_corner_12,0.55,2351.801,42.815,,0.4838
2026,12,Dutch Grand Prix,S,TSU,4,MEDIUM,,dutch-grand-prix_corner_15,dutch-grand-prix_corner_15,0.55,3066.354,57.374,3195.327,0.6767
2026,12,Dutch Grand Prix,S,TSU,4,MEDIUM,,dutch-grand-prix_corner_16,dutch-grand-prix_corner_16,0.55,3204.049,61.975,3204.049,0.0
2026,12,Dutch Grand Prix,S,TSU,4,MEDIUM,,dutch-grand-prix_corner_17,dutch-grand-prix_corner_17,0.55,3439.854,66.414,3512.698,1.0
2026,12,Dutch Grand Prix,S,VER,8,MEDIUM,,dutch-grand-prix_corner_02,dutch-grand-prix_corner_02,0.55,373.969,6.58,,0.3246
2026,12,Dutch Grand Prix,S,VER,8,MEDIUM,,dutch-grand-prix_corner_04,dutch-grand-prix_corner_04,0.55,702.74,13.14,,0.3416
2026,12,Dutch Grand Prix,S,VER,8,MEDIUM,,dutch-grand-prix_corner_10,dutch-grand-prix_corner_10,0.55,2004.676,33.78,2064.109,0.8941
2026,12,Dutch Grand Prix,S,VER,8,MEDIUM,,dutch-grand-prix_corner_11,dutch-grand-prix_corner_11,0.55,2263.267,39.46,2347.289,0.5654
2026,12,Dutch Grand Prix,S,VER,8,MEDIUM,,dutch-grand-prix_corner_12,dutch-grand-prix_corner_12,0.55,2355.067,41.78,2355.067,0.3468
2026,12,Dutch Grand Prix,S,VER,8,MEDIUM,,dutch-grand-prix_corner_15,dutch-grand-prix_corner_15,0.55,3076.244,56.221,,0.4201
2026,12,Dutch Grand Prix,S,VER,8,MEDIUM,,dutch-grand-prix_corner_16,dutch-grand-prix_corner_16,0.55,3202.518,60.38,3211.351,0.0
2026,12,Dutch Grand Prix,S,VER,8,MEDIUM,,dutch-grand-prix_corner_17,dutch-grand-prix_corner_17,0.55,3446.624,64.861,3517.687,1.0
2026,12,Dutch Grand Prix,SQ,ALB,9,MEDIUM,,dutch-grand-prix_corner_02,dutch-grand-prix_corner_02,0.55,358.141,5.937,,0.4326
2026,12,Dutch Grand Prix,SQ,ALB,9,MEDIUM,,dutch-grand-prix_corner_04,dutch-grand-prix_corner_04,0.55,689.957,12.417,,0.4143
2026,12,Dutch Grand Prix,SQ,ALB,9,MEDIUM,,dutch-grand-prix_corner_05,dutch-grand-prix_corner_05,0.55,905.728,17.578,905.728,1.0
2026,12,Dutch Grand Prix,SQ,ALB,9,MEDIUM,,dutch-grand-prix_corner_11,dutch-grand-prix_corner_11,0.55,2244.166,38.178,2347.788,0.8933
2026,12,Dutch Grand Prix,SQ,ALB,9,MEDIUM,,dutch-grand-prix_corner_12,dutch-grand-prix_corner_12,0.55,2357.788,41.097,2357.788,0.573
2026,12,Dutch Grand Prix,SQ,ALB,9,MEDIUM,,dutch-grand-prix_corner_15,dutch-grand-prix_corner_15,0.55,3085.676,55.137,3085.676,0.6796
2026,12,Dutch Grand Prix,SQ,ALB,9,MEDIUM,,dutch-grand-prix_corner_16,dutch-grand-prix_corner_16,0.55,3207.446,58.458,3207.446,1.0
2026,12,Dutch Grand Prix,SQ,ALB,9,MEDIUM,,dutch-grand-prix_corner_17,dutch-grand-prix_corner_17,0.55,3433.488,62.618,3433.488,0.9738
2026,12,Dutch Grand Prix,SQ,ALO,4,MEDIUM,,dutch-grand-prix_corner_02,dutch-grand-prix_corner_02,0.55,323.754,5.54,417.076,0.5777
2026,12,Dutch Grand Prix,SQ,ALO,4,MEDIUM,,dutch-grand-prix_corner_04,dutch-grand-prix_corner_04,0.55,671.993,12.82,,0.3683
2026,12,Dutch Grand Prix,SQ,ALO,4,MEDIUM,,dutch-grand-prix_corner_05,dutch-grand-prix_corner_05,0.55,855.837,17.379,878.861,1.0
2026,12,Dutch Grand Prix,SQ,ALO,4,MEDIUM,,dutch-grand-prix_corner_11,dutch-grand-prix_corner_11,0.55,2240.537,39.18,2298.848,0.9062
2026,12,Dutch Grand Prix,SQ,ALO,4,MEDIUM,,dutch-grand-prix_corner_12,dutch-grand-prix_corner_12,0.55,2355.715,42.02,2355.715,0.6819
2026,12,Dutch Grand Prix,SQ,ALO,4,MEDIUM,,dutch-grand-prix_corner_15,dutch-grand-prix_corner_15,0.55,3063.141,55.94,,0.391
2026,12,Dutch Grand Prix,SQ,ALO,4,MEDIUM,,dutch-grand-prix_corner_16,dutch-grand-prix_corner_16,0.55,3207.55,60.66,3207.55,0.0
2026,12,Dutch Grand Prix,SQ,ALO,4,MEDIUM,,dutch-grand-prix_corner_17,dutch-grand-prix_corner_17,0.55,3457.954,65.26,3502.976,1.0
2026,12,Dutch Grand Prix,SQ,ANT,14,SOFT,,dutch-grand-prix_corner_02,dutch-grand-prix_corner_02,0.55,369.599,6.001,423.544,0.5084
2026,12,Dutch Grand Prix,SQ,ANT,14,SOFT,,dutch-grand-prix_corner_04,dutch-grand-prix_corner_04,0.55,684.237,11.801,,0.4599
2026,12,Dutch Grand Prix,SQ,ANT,14,SOFT,,dutch-grand-prix_corner_05,dutch-grand-prix_corner_05,0.55,869.095,16.042,880.228,1.0
2026,12,Dutch Grand Prix,SQ,ANT,14,SOFT,,dutch-grand-prix_corner_11,dutch-grand-prix_corner_11,0.55,2140.505,34.081,2140.505,0.7308
2026,12,Dutch Grand Prix,SQ,ANT,14,SOFT,,dutch-grand-prix_corner_12,dutch-grand-prix_corner_12,0.55,2354.914,39.361,2354.914,0.4885
2026,12,Dutch Grand Prix,SQ,ANT,14,SOFT,,dutch-grand-prix_corner_15,dutch-grand-prix_corner_15,0.55,3146.069,55.162,,0.3501
2026,12,Dutch Grand Prix,SQ,ANT,14,SOFT,,dutch-grand-prix_corner_16,dutch-grand-prix_corner_16,0.55,3203.769,57.002,3220.069,0.0
2026,12,Dutch Grand Prix,SQ,ANT,14,SOFT,,dutch-grand-prix_corner_17,dutch-grand-prix_corner_17,0.55,3469.956,61.642,3530.901,1.0
2026,12,Dutch Grand Prix,SQ,BEA,5,MEDIUM,,dutch-grand-prix_corner_02,dutch-grand-prix_corner_02,0.55,347.778,5.627,,0.4169
2026,12,Dutch Grand Prix,SQ,BEA,5,MEDIUM,,dutch-grand-prix_corner_04,dutch-grand-prix_corner_04,0.55,669.154,12.227,,0.5175
2026,12,Dutch Grand Prix,SQ,BEA,5,MEDIUM,,dutch-grand-prix_corner_05,dutch-grand-prix_corner_05,0.55,860.389,16.747,904.222,1.0
2026,12,Dutch Grand Prix,SQ,BEA,5,MEDIUM,,dutch-grand-prix_corner_11,dutch-grand-prix_corner_11,0.55,2142.153,35.546,2328.43,0.727
2026,12,Dutch Grand Prix,SQ,BEA,5,MEDIUM,,dutch-grand-prix_corner_12,dutch-grand-prix_corner_12,0.55,2348.852,40.947,2348.852,0.4833
2026,12,Dutch Grand Prix,SQ,BEA,5,MEDIUM,,dutch-grand-prix_corner_15,dutch-grand-prix_corner_15,0.55,3058.061,54.987,,0.6622
2026,12,Dutch Grand Prix,SQ,BEA,5,MEDIUM,,dutch-grand-prix_corner_16,dutch-grand-prix_corner_16,0.55,3202.915,59.707,3221.193,0.0
2026,12,Dutch Grand Prix,SQ,BEA,5,MEDIUM,,dutch-grand-prix_corner_17,dutch-grand-prix_corner_17,0.55,3433.695,63.827,3522.128,1.0
2026,12,Dutch Grand Prix,SQ,BOR,11,SOFT,,dutch-grand-prix_corner_02,dutch-grand-prix_corner_02,0.55,344.442,5.468,,0.5138
2026,12,Dutch Grand Prix,SQ,BOR,11,SOFT,,dutch-grand-prix_corner_04,dutch-grand-prix_corner_04,0.55,677.572,11.988,,0.3439
2026,12,Dutch Grand Prix,SQ,BOR,11,SOFT,,dutch-grand-prix_corner_05,dutch-grand-prix_corner_05,0.55,866.092,16.429,889.637,1.0
2026,12,Dutch Grand Prix,SQ,BOR,11,SOFT,,dutch-grand-prix_corner_11,dutch-grand-prix_corner_11,0.55,2141.635,34.549,2141.635,0.7812
2026,12,Dutch Grand Prix,SQ,BOR,11,SOFT,,dutch-grand-prix_corner_12,dutch-grand-prix_corner_12,0.55,2362.855,39.948,2362.855,0.4204
2026,12,Dutch Grand Prix,SQ,BOR,11,SOFT,,dutch-grand-prix_corner_15,dutch-grand-prix_corner_15,0.55,3090.428,53.709,,0.2438
2026,12,Dutch Grand Prix,SQ,BOR,11,SOFT,,dutch-grand-prix_corner_16,dutch-grand-prix_corner_16,0.55,3226.528,57.749,3226.528,0.4773
2026,12,Dutch Grand Prix,SQ,BOR,11,SOFT,,dutch-grand-prix_corner_17,dutch-grand-prix_corner_17,0.55,3482.931,62.269,3547.575,1.0
2026,12,Dutch Grand Prix,SQ,BOT,6,MEDIUM,,dutch-grand-prix_corner_02,dutch-grand-prix_corner_02,0.55,351.175,5.73,,0.3462
2026,12,Dutch Grand Prix,SQ,BOT,6,MEDIUM,,dutch-grand-prix_corner_04,dutch-grand-prix_corner_04,0.55,685.557,12.69,,0.3815
2026,12,Dutch Grand Prix,SQ,BOT,6,MEDIUM,,dutch-grand-prix_corner_05,dutch-grand-prix_corner_05,0.55,861.879,17.17,888.779,1.0
2026,12,Dutch Grand Prix,SQ,BOT,6,MEDIUM,,dutch-grand-prix_corner_11,dutch-grand-prix_corner_11,0.55,2242.779,38.93,2329.111,0.6424
2026,12,Dutch Grand Prix,SQ,BOT,6,MEDIUM,,dutch-grand-prix_corner_12,dutch-grand-prix_corner_12,0.55,2350.919,41.77,2350.919,0.513
2026,12,Dutch Grand Prix,SQ,BOT,6,MEDIUM,,dutch-grand-prix_corner_15,dutch-grand-prix_corner_15,0.55,3071.459,55.93,,0.3526
2026,12,Dutch Grand Prix,SQ,BOT,6,MEDIUM,,dutch-grand-prix_corner_16,dutch-grand-prix_corner_16,0.55,3203.87,60.33,3212.37,0.2849
2026,12,Dutch Grand Prix,SQ,BOT,6,MEDIUM,,dutch-grand-prix_corner_17,dutch-grand-prix_corner_17,0.55,3460.581,64.97,3524.303,1.0
2026,12,Dutch Grand Prix,SQ,COL,8,MEDIUM,,dutch-grand-prix_corner_02,dutch-grand-prix_corner_02,0.55,348.818,5.649,,0.4555
2026,12,Dutch Grand Prix,SQ,COL,8,MEDIUM,,dutch-grand-prix_corner_04,dutch-grand-prix_corner_04,0.55,690.865,12.449,,0.4474
2026,12,Dutch Grand Prix,SQ,COL,8,MEDIUM,,dutch-grand-prix_corner_05,dutch-grand-prix_corner_05,0.55,860.709,16.689,914.146,1.0
2026,12,Dutch Grand Prix,SQ,COL,8,MEDIUM,,dutch-grand-prix_corner_11,dutch-grand-prix_corner_11,0.55,2253.052,38.13,,0.5637
2026,12,Dutch Grand Prix,SQ,COL,8,MEDIUM,,dutch-grand-prix_corner_12,dutch-grand-prix_corner_12,0.55,2377.642,40.929,,0.5037
2026,12,Dutch Grand Prix,SQ,COL,8,MEDIUM,,dutch-grand-prix_corner_15,dutch-grand-prix_corner_15,0.55,3089.584,54.609,,0.3152
2026,12,Dutch Grand Prix,SQ,COL,8,MEDIUM,,dutch-grand-prix_corner_16,dutch-grand-prix_corner_16,0.55,3204.311,58.45,3230.88,0.0
2026,12,Dutch Grand Prix,SQ,COL,8,MEDIUM,,dutch-grand-prix_corner_17,dutch-grand-prix_corner_17,0.55,3465.135,63.169,3544.419,1.0
2026,12,Dutch Grand Prix,SQ,GAS,11,SOFT,,dutch-grand-prix_corner_02,dutch-grand-prix_corner_02,0.55,356.204,5.809,425.13,0.5592
2026,12,Dutch Grand Prix,SQ,GAS,11,SOFT,,dutch-grand-prix_corner_04,dutch-grand-prix_corner_04,0.55,683.874,12.129,,0.3948
2026,12,Dutch Grand Prix,SQ,GAS,11,SOFT,,dutch-grand-prix_corner_05,dutch-grand-prix_corner_05,0.55,859.915,16.449,897.582,1.0
2026,12,Dutch Grand Prix,SQ,GAS,11,SOFT,,dutch-grand-prix_corner_11,dutch-grand-prix_corner_11,0.55,2240.867,37.329,2334.856,0.8205
2026,12,Dutch Grand Prix,SQ,GAS,11,SOFT,,dutch-grand-prix_corner_12,dutch-grand-prix_corner_12,0.55,2348.934,40.049,2348.934,0.6748
2026,12,Dutch Grand Prix,SQ,GAS,11,SOFT,,dutch-grand-prix_corner_15,dutch-grand-prix_corner_15,0.55,3130.121,55.648,,0.1734
2026,12,Dutch Grand Prix,SQ,GAS,11,SOFT,,dutch-grand-prix_corner_16,dutch-grand-prix_corner_16,0.55,3201.726,57.729,3217.726,0.0
2026,12,Dutch Grand Prix,SQ,GAS,11,SOFT,,dutch-grand-prix_corner_17,dutch-grand-prix_corner_17,0.55,3465.764,62.369,3507.864,1.0
2026,12,Dutch Grand Prix,SQ,HAM,14,SOFT,,dutch-grand-prix_corner_02,dutch-grand-prix_corner_02,0.55,368.156,5.815,,0.3658
2026,12,Dutch Grand Prix,SQ,HAM,14,SOFT,,dutch-grand-prix_corner_04,dutch-grand-prix_corner_04,0.55,692.92,12.135,,0.2788
2026,12,Dutch Grand Prix,SQ,HAM,14,SOFT,,dutch-grand-prix_corner_05,dutch-grand-prix_corner_05,0.55,859.815,16.056,905.204,1.0
2026,12,Dutch Grand Prix,SQ,HAM,14,SOFT,,dutch-grand-prix_corner_11,dutch-grand-prix_corner_11,0.55,2138.119,34.376,2138.119,0.6288
2026,12,Dutch Grand Prix,SQ,HAM,14,SOFT,,dutch-grand-prix_corner_12,dutch-grand-prix_corner_12,0.55,2348.623,39.495,2348.623,0.4034
2026,12,Dutch Grand Prix,SQ,HAM,14,SOFT,,dutch-grand-prix_corner_15,dutch-grand-prix_corner_15,0.55,3091.01,53.655,,0.5565
2026,12,Dutch Grand Prix,SQ,HAM,14,SOFT,,dutch-grand-prix_corner_16,dutch-grand-prix_corner_16,0.55,3206.964,57.416,3215.687,0.0515
2026,12,Dutch Grand Prix,SQ,HAM,14,SOFT,,dutch-grand-prix_corner_17,dutch-grand-prix_corner_17,0.55,3450.681,61.656,3539.026,1.0
2026,12,Dutch Grand Prix,SQ,HUL,12,MEDIUM,,dutch-grand-prix_corner_02,dutch-grand-prix_corner_02,0.55,345.049,5.455,426.014,0.4481
2026,12,Dutch Grand Prix,SQ,HUL,12,MEDIUM,,dutch-grand-prix_corner_04,dutch-grand-prix_corner_04,0.55,678.673,12.175,,0.5024
2026,12,Dutch Grand Prix,SQ,HUL,12,MEDIUM,,dutch-grand-prix_corner_05,dutch-grand-prix_corner_05,0.55,864.254,16.696,892.254,1.0
2026,12,Dutch Grand Prix,SQ,HUL,12,MEDIUM,,dutch-grand-prix_corner_11,dutch-grand-prix_corner_11,0.55,2245.309,37.816,2310.481,0.7613
2026,12,Dutch Grand Prix,SQ,HUL,12,MEDIUM,,dutch-grand-prix_corner_12,dutch-grand-prix_corner_12,0.55,2358.181,40.616,2358.181,0.6122
2026,12,Dutch Grand Prix,SQ,HUL,12,MEDIUM,,dutch-grand-prix_corner_15,dutch-grand-prix_corner_15,0.55,3086.744,54.496,,0.5235
2026,12,Dutch Grand Prix,SQ,HUL,12,MEDIUM,,dutch-grand-prix_corner_16,dutch-grand-prix_corner_16,0.55,3207.099,58.456,3219.034,0.0
2026,12,Dutch Grand Prix,SQ,HUL,12,MEDIUM,,dutch-grand-prix_corner_17,dutch-grand-prix_corner_17,0.55,3464.681,63.056,3524.026,1.0
2026,12,Dutch Grand Prix,SQ,LAW,12,MEDIUM,,dutch-grand-prix_corner_02,dutch-grand-prix_corner_02,0.55,356.726,5.873,,0.371
2026,12,Dutch Grand Prix,SQ,LAW,12,MEDIUM,,dutch-grand-prix_corner_04,dutch-grand-prix_corner_04,0.55,700.842,12.553,,0.2404
2026,12,Dutch Grand Prix,SQ,LAW,12,MEDIUM,,dutch-grand-prix_corner_05,dutch-grand-prix_corner_05,0.55,859.675,16.433,897.908,1.0
2026,12,Dutch Grand Prix,SQ,LAW,12,MEDIUM,,dutch-grand-prix_corner_11,dutch-grand-prix_corner_11,0.55,2140.148,34.873,2140.148,0.66
2026,12,Dutch Grand Prix,SQ,LAW,12,MEDIUM,,dutch-grand-prix_corner_12,dutch-grand-prix_corner_12,0.55,2361.56,40.433,2361.56,0.3489
2026,12,Dutch Grand Prix,SQ,LAW,12,MEDIUM,,dutch-grand-prix_corner_15,dutch-grand-prix_corner_15,0.55,3171.531,56.873,,0.178
2026,12,Dutch Grand Prix,SQ,LAW,12,MEDIUM,,dutch-grand-prix_corner_16,dutch-grand-prix_corner_16,0.55,3205.686,57.913,3228.387,0.0
2026,12,Dutch Grand Prix,SQ,LAW,12,MEDIUM,,dutch-grand-prix_corner_17,dutch-grand-prix_corner_17,0.55,3490.35,62.953,3548.761,1.0
2026,12,Dutch Grand Prix,SQ,LEC,15,SOFT,,dutch-grand-prix_corner_02,dutch-grand-prix_corner_02,0.55,219.372,2.509,,0.447
2026,12,Dutch Grand Prix,SQ,LEC,15,SOFT,,dutch-grand-prix_corner_04,dutch-grand-prix_corner_04,0.55,642.509,11.108,,0.4593
2026,12,Dutch Grand Prix,SQ,LEC,15,SOFT,,dutch-grand-prix_corner_05,dutch-grand-prix_corner_05,0.55,870.996,16.149,897.908,1.0
2026,12,Dutch Grand Prix,SQ,LEC,15,SOFT,,dutch-grand-prix_corner_11,dutch-grand-prix_corner_11,0.55,2242.363,36.349,2322.737,0.7292
2026,12,Dutch Grand Prix,SQ,LEC,15,SOFT,,dutch-grand-prix_corner_12,dutch-grand-prix_corner_12,0.55,2357.937,39.228,2357.937,0.4656
2026,12,Dutch Grand Prix,SQ,LEC,15,SOFT,,dutch-grand-prix_corner_15,dutch-grand-prix_corner_15,0.55,3078.758,52.468,,0.3745
2026,12,Dutch Grand Prix,SQ,LEC,15,SOFT,,dutch-grand-prix_corner_16,dutch-grand-prix_corner_16,0.55,3202.457,56.509,3219.191,0.6659
2026,12,Dutch Grand Prix,SQ,LEC,15,SOFT,,dutch-grand-prix_corner_17,dutch-grand-prix_corner_17,0.55,3464.496,61.109,3526.885,1.0
2026,12,Dutch Grand Prix,SQ,LIN,14,SOFT,,dutch-grand-prix_corner_02,dutch-grand-prix_corner_02,0.55,352.574,5.507,419.627,0.3938
2026,12,Dutch Grand Prix,SQ,LIN,14,SOFT,,dutch-grand-prix_corner_04,dutch-grand-prix_corner_04,0.55,671.15,11.707,,0.525
2026,12,Dutch Grand Prix,SQ,LIN,14,SOFT,,dutch-grand-prix_corner_05,dutch-grand-prix_corner_05,0.55,859.372,16.186,881.685,1.0
2026,12,Dutch Grand Prix,SQ,LIN,14,SOFT,,dutch-grand-prix_corner_11,dutch-grand-prix_corner_11,0.55,2136.903,34.346,2136.903,0.6709
2026,12,Dutch Grand Prix,SQ,LIN,14,SOFT,,dutch-grand-prix_corner_12,dutch-grand-prix_corner_12,0.55,2354.073,39.787,2354.073,0.5212
2026,12,Dutch Grand Prix,SQ,LIN,14,SOFT,,dutch-grand-prix_corner_15,dutch-grand-prix_corner_15,0.55,3085.178,53.507,,0.3682
2026,12,Dutch Grand Prix,SQ,LIN,14,SOFT,,dutch-grand-prix_corner_16,dutch-grand-prix_corner_16,0.55,3216.161,57.747,3216.161,0.0
2026,12,Dutch Grand Prix,SQ,LIN,14,SOFT,,dutch-grand-prix_corner_17,dutch-grand-prix_corner_17,0.55,3440.942,61.626,3536.524,1.0
2026,12,Dutch Grand Prix,SQ,NOR,14,SOFT,,dutch-grand-prix_corner_02,dutch-grand-prix_corner_02,0.55,370.034,6.017,,0.311
2026,12,Dutch Grand Prix,SQ,NOR,14,SOFT,,dutch-grand-prix_corner_04,dutch-grand-prix_corner_04,0.55,692.398,12.018,,0.309
2026,12,Dutch Grand Prix,SQ,NOR,14,SOFT,,dutch-grand-prix_corner_05,dutch-grand-prix_corner_05,0.55,858.781,15.897,872.381,1.0
2026,12,Dutch Grand Prix,SQ,NOR,14,SOFT,,dutch-grand-prix_corner_11,dutch-grand-prix_corner_11,0.55,2135.182,33.857,2322.947,0.7299
2026,12,Dutch Grand Prix,SQ,NOR,14,SOFT,,dutch-grand-prix_corner_12,dutch-grand-prix_corner_12,0.55,2358.791,39.178,2358.791,0.3842
2026,12,Dutch Grand Prix,SQ,NOR,14,SOFT,,dutch-grand-prix_corner_15,dutch-grand-prix_corner_15,0.55,3091.926,52.938,,0.2486
2026,12,Dutch Grand Prix,SQ,NOR,14,SOFT,,dutch-grand-prix_corner_16,dutch-grand-prix_corner_16,0.55,3206.229,56.698,3217.973,0.0
2026,12,Dutch Grand Prix,SQ,NOR,14,SOFT,,dutch-grand-prix_corner_17,dutch-grand-prix_corner_17,0.55,3468.891,61.337,3520.435,1.0
2026,12,Dutch Grand Prix,SQ,OCO,8,MEDIUM,,dutch-grand-prix_corner_02,dutch-grand-prix_corner_02,0.55,363.312,6.011,,0.4234
2026,12,Dutch Grand Prix,SQ,OCO,8,MEDIUM,,dutch-grand-prix_corner_04,dutch-grand-prix_corner_04,0.55,706.537,12.611,,0.3262
2026,12,Dutch Grand Prix,SQ,OCO,8,MEDIUM,,dutch-grand-prix_corner_05,dutch-grand-prix_corner_05,0.55,857.966,16.411,906.277,1.0
2026,12,Dutch Grand Prix,SQ,OCO,8,MEDIUM,,dutch-grand-prix_corner_11,dutch-grand-prix_corner_11,0.55,2137.67,35.212,2137.67,0.6792
2026,12,Dutch Grand Prix,SQ,OCO,8,MEDIUM,,dutch-grand-prix_corner_12,dutch-grand-prix_corner_12,0.55,2359.995,40.812,2359.995,0.4879
2026,12,Dutch Grand Prix,SQ,OCO,8,MEDIUM,,dutch-grand-prix_corner_15,dutch-grand-prix_corner_15,0.55,3149.528,56.531,,0.2971
2026,12,Dutch Grand Prix,SQ,OCO,8,MEDIUM,,dutch-grand-prix_corner_16,dutch-grand-prix_corner_16,0.55,3203.961,58.371,3230.228,0.6639
2026,12,Dutch Grand Prix,SQ,OCO,8,MEDIUM,,dutch-grand-prix_corner_17,dutch-grand-prix_corner_17,0.55,3480.615,63.371,3541.437,1.0
2026,12,Dutch Grand Prix,SQ,PER,6,MEDIUM,,dutch-grand-prix_corner_02,dutch-grand-prix_corner_02,0.55,362.812,6.131,,0.3453
2026,12,Dutch Grand Prix,SQ,PER,6,MEDIUM,,dutch-grand-prix_corner_04,dutch-grand-prix_corner_04,0.55,691.754,12.731,,0.271
2026,12,Dutch Grand Prix,SQ,PER,6,MEDIUM,,dutch-grand-prix_corner_05,dutch-grand-prix_corner_05,0.55,864.377,17.051,912.469,1.0
2026,12,Dutch Grand Prix,SQ,PER,6,MEDIUM,,dutch-grand-prix_corner_11,dutch-grand-prix_corner_11,0.55,2250.148,38.972,2332.217,0.724
2026,12,Dutch Grand Prix,SQ,PER,6,MEDIUM,,dutch-grand-prix_corner_12,dutch-grand-prix_corner_12,0.55,2350.017,41.651,2350.017,0.4814
2026,12,Dutch Grand Prix,SQ,PER,6,MEDIUM,,dutch-grand-prix_corner_15,dutch-grand-prix_corner_15,0.55,3081.625,55.971,,0.3205
2026,12,Dutch Grand Prix,SQ,PER,6,MEDIUM,,dutch-grand-prix_corner_16,dutch-grand-prix_corner_16,0.55,3203.542,60.171,3225.72,0.0
2026,12,Dutch Grand Prix,SQ,PER,6,MEDIUM,,dutch-grand-prix_corner_17,dutch-grand-prix_corner_17,0.55,3480.414,65.292,3533.074,1.0
2026,12,Dutch Grand Prix,SQ,PIA,14,SOFT,,dutch-grand-prix_corner_02,dutch-grand-prix_corner_02,0.55,373.957,6.07,,0.3299
2026,12,Dutch Grand Prix,SQ,PIA,14,SOFT,,dutch-grand-prix_corner_04,dutch-grand-prix_corner_04,0.55,692.849,11.95,,0.3155
2026,12,Dutch Grand Prix,SQ,PIA,14,SOFT,,dutch-grand-prix_corner_05,dutch-grand-prix_corner_05,0.55,866.393,15.991,891.937,0.99
2026,12,Dutch Grand Prix,SQ,PIA,14,SOFT,,dutch-grand-prix_corner_11,dutch-grand-prix_corner_11,0.55,2139.576,33.751,2340.788,0.652
2026,12,Dutch Grand Prix,SQ,PIA,14,SOFT,,dutch-grand-prix_corner_12,dutch-grand-prix_corner_12,0.55,2350.566,38.99,2350.566,0.39
2026,12,Dutch Grand Prix,SQ,PIA,14,SOFT,,dutch-grand-prix_corner_15,dutch-grand-prix_corner_15,0.55,3142.59,54.871,,0.3095
2026,12,Dutch Grand Prix,SQ,PIA,14,SOFT,,dutch-grand-prix_corner_16,dutch-grand-prix_corner_16,0.55,3207.356,56.871,3231.867,0.0
2026,12,Dutch Grand Prix,SQ,PIA,14,SOFT,,dutch-grand-prix_corner_17,dutch-grand-prix_corner_17,0.55,3458.724,61.271,3531.513,0.99
2026,12,Dutch Grand Prix,SQ,RUS,16,SOFT,,dutch-grand-prix_corner_02,dutch-grand-prix_corner_02,0.55,352.161,5.494,,0.4088
2026,12,Dutch Grand Prix,SQ,RUS,16,SOFT,,dutch-grand-prix_corner_04,dutch-grand-prix_corner_04,0.55,690.811,11.974,,0.4457
2026,12,Dutch Grand Prix,SQ,RUS,16,SOFT,,dutch-grand-prix_corner_05,dutch-grand-prix_corner_05,0.55,855.196,15.733,904.184,1.0
2026,12,Dutch Grand Prix,SQ,RUS,16,SOFT,,dutch-grand-prix_corner_11,dutch-grand-prix_corner_11,0.55,2138.602,34.014,2138.602,0.6721
2026,12,Dutch Grand Prix,SQ,RUS,16,SOFT,,dutch-grand-prix_corner_12,dutch-grand-prix_corner_12,0.55,2358.151,39.414,2358.151,0.4825
2026,12,Dutch Grand Prix,SQ,RUS,16,SOFT,,dutch-grand-prix_corner_15,dutch-grand-prix_corner_15,0.55,3084.724,53.054,,0.408
2026,12,Dutch Grand Prix,SQ,RUS,16,SOFT,,dutch-grand-prix_corner_16,dutch-grand-prix_corner_16,0.55,3208.353,56.973,3208.353,0.0249
2026,12,Dutch Grand Prix,SQ,RUS,16,SOFT,,dutch-grand-prix_corner_17,dutch-grand-prix_corner_17,0.55,3461.538,61.374,3524.654,1.0
2026,12,Dutch Grand Prix,SQ,SAI,6,MEDIUM,,dutch-grand-prix_corner_02,dutch-grand-prix_corner_02,0.55,346.505,5.547,,0.4662
2026,12,Dutch Grand Prix,SQ,SAI,6,MEDIUM,,dutch-grand-prix_corner_04,dutch-grand-prix_corner_04,0.55,688.084,12.627,,0.4698
2026,12,Dutch Grand Prix,SQ,SAI,6,MEDIUM,,dutch-grand-prix_corner_05,dutch-grand-prix_corner_05,0.55,859.608,16.827,905.686,1.0
2026,12,Dutch Grand Prix,SQ,SAI,6,MEDIUM,,dutch-grand-prix_corner_11,dutch-grand-prix_corner_11,0.55,2247.834,38.427,2343.034,0.6439
2026,12,Dutch Grand Prix,SQ,SAI,6,MEDIUM,,dutch-grand-prix_corner_12,dutch-grand-prix_corner_12,0.55,2352.368,41.227,2352.368,0.5022
2026,12,Dutch Grand Prix,SQ,SAI,6,MEDIUM,,dutch-grand-prix_corner_15,dutch-grand-prix_corner_15,0.55,3009.97,53.267,3009.97,0.1897
2026,12,Dutch Grand Prix,SQ,SAI,6,MEDIUM,,dutch-grand-prix_corner_16,dutch-grand-prix_corner_16,0.55,3207.186,59.107,3244.841,0.1745
2026,12,Dutch Grand Prix,SQ,SAI,6,MEDIUM,,dutch-grand-prix_corner_17,dutch-grand-prix_corner_17,0.55,3483.654,64.307,3534.12,1.0
2026,12,Dutch Grand Prix,SQ,STR,2,MEDIUM,,dutch-grand-prix_corner_02,dutch-grand-prix_corner_02,0.55,349.695,5.822,427.495,0.5491
2026,12,Dutch Grand Prix,SQ,STR,2,MEDIUM,,dutch-grand-prix_corner_04,dutch-grand-prix_corner_04,0.55,719.204,13.302,,0.3392
2026,12,Dutch Grand Prix,SQ,STR,2,MEDIUM,,dutch-grand-prix_corner_05,dutch-grand-prix_corner_05,0.55,855.46,17.022,903.675,1.0
2026,12,Dutch Grand Prix,SQ,STR,2,MEDIUM,,dutch-grand-prix_corner_11,dutch-grand-prix_corner_11,0.55,2138.965,36.062,2138.965,0.7793
2026,12,Dutch Grand Prix,SQ,STR,2,MEDIUM,,dutch-grand-prix_corner_12,dutch-grand-prix_corner_12,0.55,2364.018,41.582,2364.018,0.4215
2026,12,Dutch Grand Prix,SQ,STR,2,MEDIUM,,dutch-grand-prix_corner_15,dutch-grand-prix_corner_15,0.55,3081.273,55.502,,0.2946
2026,12,Dutch Grand Prix,SQ,STR,2,MEDIUM,,dutch-grand-prix_corner_16,dutch-grand-prix_corner_16,0.55,3202.341,59.622,3213.074,0.0
2026,12,Dutch Grand Prix,SQ,STR,2,MEDIUM,,dutch-grand-prix_corner_17,dutch-grand-prix_corner_17,0.55,3490.612,65.062,3520.457,1.0
2026,12,Dutch Grand Prix,SQ,TSU,10,MEDIUM,,dutch-grand-prix_corner_02,dutch-grand-prix_corner_02,0.55,214.999,2.483,419.844,0.4329
2026,12,Dutch Grand Prix,SQ,TSU,10,MEDIUM,,dutch-grand-prix_corner_04,dutch-grand-prix_corner_04,0.55,673.198,11.843,,0.4467
2026,12,Dutch Grand Prix,SQ,TSU,10,MEDIUM,,dutch-grand-prix_corner_05,dutch-grand-prix_corner_05,0.55,857.209,16.323,886.496,1.0
2026,12,Dutch Grand Prix,SQ,TSU,10,MEDIUM,,dutch-grand-prix_corner_11,dutch-grand-prix_corner_11,0.55,2137.415,34.723,2137.415,0.724
2026,12,Dutch Grand Prix,SQ,TSU,10,MEDIUM,,dutch-grand-prix_corner_12,dutch-grand-prix_corner_12,0.55,2355.94,40.203,2355.94,0.6251
2026,12,Dutch Grand Prix,SQ,TSU,10,MEDIUM,,dutch-grand-prix_corner_15,dutch-grand-prix_corner_15,0.55,3079.813,53.963,,0.4204
2026,12,Dutch Grand Prix,SQ,TSU,10,MEDIUM,,dutch-grand-prix_corner_16,dutch-grand-prix_corner_16,0.55,3203.308,58.043,3203.308,0.0
2026,12,Dutch Grand Prix,SQ,TSU,10,MEDIUM,,dutch-grand-prix_corner_17,dutch-grand-prix_corner_17,0.55,3452.319,62.483,3500.354,1.0
2026,12,Dutch Grand Prix,SQ,VER,14,SOFT,,dutch-grand-prix_corner_02,dutch-grand-prix_corner_02,0.55,363.883,5.952,421.539,0.5496
2026,12,Dutch Grand Prix,SQ,VER,14,SOFT,,dutch-grand-prix_corner_04,dutch-grand-prix_corner_04,0.55,696.542,12.192,,0.2695
2026,12,Dutch Grand Prix,SQ,VER,14,SOFT,,dutch-grand-prix_corner_05,dutch-grand-prix_corner_05,0.55,857.782,15.993,873.115,1.0
2026,12,Dutch Grand Prix,SQ,VER,14,SOFT,,dutch-grand-prix_corner_11,dutch-grand-prix_corner_11,0.55,2308.583,38.313,2318.583,0.7545
2026,12,Dutch Grand Prix,SQ,VER,14,SOFT,,dutch-grand-prix_corner_12,dutch-grand-prix_corner_12,0.55,2354.806,39.352,2354.806,0.3727
2026,12,Dutch Grand Prix,SQ,VER,14,SOFT,,dutch-grand-prix_corner_15,dutch-grand-prix_corner_15,0.55,3103.0,53.512,,0.2448
2026,12,Dutch Grand Prix,SQ,VER,14,SOFT,,dutch-grand-prix_corner_16,dutch-grand-prix_corner_16,0.55,3218.044,57.233,3218.044,0.4468
2026,12,Dutch Grand Prix,SQ,VER,14,SOFT,,dutch-grand-prix_corner_17,dutch-grand-prix_corner_17,0.55,3488.023,61.953,3543.889,1.0
