season,round,event,session,corner_id,driver,reference_driver,apex_speed_delta_kph,entry_speed_delta_kph,exit_speed_delta_kph,comparison_scope
2026,1,Australian Grand Prix,Q,australian-grand-prix_corner_02,HAM,HAM,0.0,0.0,0.0,session_best
2026,1,Australian Grand Prix,Q,australian-grand-prix_corner_02,RUS,HAM,0.0,-37.0,-7.0,session_best
2026,1,Australian Grand Prix,Q,australian-grand-prix_corner_02,LEC,HAM,3.0,-9.0,-7.0,session_best
2026,1,Australian Grand Prix,Q,australian-grand-prix_corner_02,PIA,HAM,3.0,-8.667,-11.0,session_best
2026,1,Australian Grand Prix,Q,australian-grand-prix_corner_02,NOR,HAM,5.0,-16.333,23.667,session_best
2026,1,Australian Grand Prix,Q,australian-grand-prix_corner_02,HAD,HAM,7.0,-44.667,-5.333,session_best
2026,1,Australian Grand Prix,Q,australian-grand-prix_corner_02,ANT,HAM,8.0,7.0,-2.667,session_best
2026,1,Australian Grand Prix,Q,australian-grand-prix_corner_02,ALB,HAM,9.0,-10.667,5.333,session_best
2026,1,Australian Grand Prix,Q,australian-grand-prix_corner_02,ALO,HAM,10.0,3.0,2.0,session_best
2026,1,Australian Grand Prix,Q,australian-grand-prix_corner_02,LIN,HAM,12.0,-18.667,-1.0,session_best
2026,1,Australian Grand Prix,Q,australian-grand-prix_corner_02,BOR,HAM,13.0,-1.333,-2.667,session_best
2026,1,Australian Grand Prix,Q,australian-grand-prix_corner_02,HUL,HAM,14.0,4.25,0.0,session_best
2026,1,Australian Grand Prix,Q,australian-grand-prix_corner_02,LAW,HAM,15.0,4.667,-8.333,session_best
2026,1,Australian Grand Prix,Q,australian-grand-prix_corner_02,OCO,HAM,16.0,8.0,-4.0,session_best
2026,1,Australian Grand Prix,Q,australian-grand-prix_corner_02,COL,HAM,17.0,16.25,3.5,session_best
2026,1,Australian Grand Prix,Q,australian-grand-prix_corner_02,BEA,HAM,19.0,7.667,-2.667,session_best
2026,1,Australian Grand Prix,Q,australian-grand-prix_corner_02,GAS,HAM,19.0,3.25,0.0,session_best
2026,1,Australian Grand Prix,Q,australian-grand-prix_corner_02,PER,HAM,21.0,27.0,15.333,session_best
2026,1,Australian Grand Prix,Q,australian-grand-prix_corner_02,BOT,HAM,30.0,12.333,6.0,session_best
2026,1,Australian Grand Prix,Q,australian-grand-prix_corner_05,HAM,HAM,0.0,0.0,0.0,session_best
2026,1,Australian Grand Prix,Q,australian-grand-prix_corner_05,ANT,HAM,2.0,-5.333,-5.733,session_best
2026,1,Australian Grand Prix,Q,australian-grand-prix_corner_05,NOR,HAM,3.0,-2.6,1.0,session_best
2026,1,Australian Grand Prix,Q,australian-grand-prix_corner_05,LEC,HAM,4.0,2.75,-2.4,session_best
2026,1,Australian Grand Prix,Q,australian-grand-prix_corner_05,RUS,HAM,4.0,0.0,-7.4,session_best
2026,1,Australian Grand Prix,Q,australian-grand-prix_corner_05,ALO,HAM,6.0,-0.5,13.6,session_best
2026,1,Australian Grand Prix,Q,australian-grand-prix_corner_05,HUL,HAM,7.0,2.0,-0.65,session_best
2026,1,Australian Grand Prix,Q,australian-grand-prix_corner_05,PIA,HAM,8.0,5.2,-6.8,session_best
2026,1,Australian Grand Prix,Q,australian-grand-prix_corner_05,OCO,HAM,9.0,-1.4,15.2,session_best
2026,1,Australian Grand Prix,Q,australian-grand-prix_corner_05,BEA,HAM,9.0,4.0,2.6,session_best
2026,1,Australian Grand Prix,Q,australian-grand-prix_corner_05,BOR,HAM,9.0,0.6,0.6,session_best
2026,1,Australian Grand Prix,Q,australian-grand-prix_corner_05,HAD,HAM,10.0,0.75,2.1,session_best
2026,1,Australian Grand Prix,Q,australian-grand-prix_corner_05,ALB,HAM,11.0,5.6,13.2,session_best
2026,1,Australian Grand Prix,Q,australian-grand-prix_corner_05,GAS,HAM,11.0,-4.5,18.35,session_best
2026,1,Australian Grand Prix,Q,australian-grand-prix_corner_05,LIN,HAM,11.0,6.4,-8.0,session_best
2026,1,Australian Grand Prix,Q,australian-grand-prix_corner_05,COL,HAM,12.0,5.5,-2.9,session_best
2026,1,Australian Grand Prix,Q,australian-grand-prix_corner_05,PER,HAM,13.0,11.4,12.8,session_best
2026,1,Australian Grand Prix,Q,australian-grand-prix_corner_05,BOT,HAM,14.0,11.0,6.4,session_best
2026,1,Australian Grand Prix,Q,australian-grand-prix_corner_05,LAW,HAM,17.0,4.2,3.2,session_best
2026,1,Australian Grand Prix,Q,australian-grand-prix_corner_06,PIA,PIA,0.0,0.0,0.0,session_best
2026,1,Australian Grand Prix,Q,australian-grand-prix_corner_06,HAM,PIA,1.0,3.5,2.5,session_best
2026,1,Australian Grand Prix,Q,australian-grand-prix_corner_06,PER,PIA,2.0,4.5,8.0,session_best
2026,1,Australian Grand Prix,Q,australian-grand-prix_corner_06,RUS,PIA,2.0,6.5,-0.5,session_best
2026,1,Australian Grand Prix,Q,australian-grand-prix_corner_06,LEC,PIA,3.0,3.333,3.667,session_best
2026,1,Australian Grand Prix,Q,australian-grand-prix_corner_06,ANT,PIA,3.0,7.5,-0.5,session_best
2026,1,Australian Grand Prix,Q,australian-grand-prix_corner_06,BEA,PIA,3.0,5.0,6.667,session_best
2026,1,Australian Grand Prix,Q,australian-grand-prix_corner_06,LIN,PIA,5.0,7.0,10.333,session_best
2026,1,Australian Grand Prix,Q,australian-grand-prix_corner_06,NOR,PIA,6.0,3.0,0.333,session_best
2026,1,Australian Grand Prix,Q,australian-grand-prix_corner_06,BOR,PIA,6.0,8.333,8.667,session_best
2026,1,Australian Grand Prix,Q,australian-grand-prix_corner_06,COL,PIA,6.0,7.0,3.333,session_best
2026,1,Australian Grand Prix,Q,australian-grand-prix_corner_06,HAD,PIA,11.0,8.667,4.0,session_best
2026,1,Australian Grand Prix,Q,australian-grand-prix_corner_06,BOT,PIA,12.0,12.333,18.0,session_best
2026,1,Australian Grand Prix,Q,australian-grand-prix_corner_06,OCO,PIA,12.0,16.0,9.5,session_best
2026,1,Australian Grand Prix,Q,australian-grand-prix_corner_06,ALB,PIA,14.0,14.5,2.0,session_best
2026,1,Australian Grand Prix,Q,australian-grand-prix_corner_06,LAW,PIA,14.0,14.667,14.0,session_best
2026,1,Australian Grand Prix,Q,australian-grand-prix_corner_06,HUL,PIA,14.0,15.0,13.333,session_best
2026,1,Australian Grand Prix,Q,australian-grand-prix_corner_06,GAS,PIA,19.0,18.0,1.333,session_best
2026,1,Australian Grand Prix,Q,australian-grand-prix_corner_06,ALO,PIA,25.0,22.667,14.667,session_best
2026,1,Australian Grand Prix,Q,australian-grand-prix_corner_13,RUS,RUS,0.0,0.0,0.0,session_best
2026,1,Australian Grand Prix,Q,australian-grand-prix_corner_13,LEC,RUS,2.0,1.667,4.5,session_best
2026,1,Australian Grand Prix,Q,australian-grand-prix_corner_13,ANT,RUS,2.0,8.0,1.0,session_best
2026,1,Australian Grand Prix,Q,australian-grand-prix_corner_13,BEA,RUS,3.0,-16.333,4.167,session_best
2026,1,Australian Grand Prix,Q,australian-grand-prix_corner_13,NOR,RUS,3.0,9.0,3.5,session_best
2026,1,Australian Grand Prix,Q,australian-grand-prix_corner_13,PIA,RUS,5.0,19.667,0.5,session_best
2026,1,Australian Grand Prix,Q,australian-grand-prix_corner_13,BOR,RUS,6.0,4.0,2.167,session_best
2026,1,Australian Grand Prix,Q,australian-grand-prix_corner_13,HAM,RUS,6.0,4.0,7.5,session_best
2026,1,Australian Grand Prix,Q,australian-grand-prix_corner_13,COL,RUS,7.0,9.0,11.5,session_best
2026,1,Australian Grand Prix,Q,australian-grand-prix_corner_13,OCO,RUS,7.0,-19.0,11.0,session_best
2026,1,Australian Grand Prix,Q,australian-grand-prix_corner_13,HAD,RUS,8.0,5.5,7.0,session_best
2026,1,Australian Grand Prix,Q,australian-grand-prix_corner_13,LIN,RUS,11.0,-6.5,6.0,session_best
2026,1,Australian Grand Prix,Q,australian-grand-prix_corner_13,LAW,RUS,11.0,-12.0,9.5,session_best
2026,1,Australian Grand Prix,Q,australian-grand-prix_corner_13,HUL,RUS,13.0,-11.0,17.5,session_best
2026,1,Australian Grand Prix,Q,australian-grand-prix_corner_13,ALB,RUS,15.0,0.667,8.833,session_best
2026,1,Australian Grand Prix,Q,australian-grand-prix_corner_13,ALO,RUS,18.0,14.667,20.167,session_best
2026,1,Australian Grand Prix,Q,australian-grand-prix_corner_13,GAS,RUS,18.0,-4.0,18.0,session_best
2026,1,Australian Grand Prix,Q,australian-grand-prix_corner_13,PER,RUS,28.0,-0.333,30.833,session_best
2026,1,Australian Grand Prix,Q,australian-grand-prix_corner_13,BOT,RUS,34.0,-4.0,36.167,session_best
2026,1,Australian Grand Prix,Q,australian-grand-prix_corner_16,HAM,HAM,0.0,0.0,0.0,session_best
2026,1,Australian Grand Prix,Q,australian-grand-prix_corner_16,LEC,HAM,0.0,9.333,-11.0,session_best
2026,1,Australian Grand Prix,Q,australian-grand-prix_corner_16,HAD,HAM,1.0,-6.0,7.167,session_best
2026,1,Australian Grand Prix,Q,australian-grand-prix_corner_16,ANT,HAM,2.0,-11.0,-1.333,session_best
2026,1,Australian Grand Prix,Q,australian-grand-prix_corner_16,ALB,HAM,3.0,-5.333,2.334,session_best
2026,1,Australian Grand Prix,Q,australian-grand-prix_corner_16,BOR,HAM,3.0,-1.5,-7.083,session_best
2026,1,Australian Grand Prix,Q,australian-grand-prix_corner_16,NOR,HAM,4.0,2.25,-2.333,session_best
2026,1,Australian Grand Prix,Q,australian-grand-prix_corner_16,BEA,HAM,4.0,8.5,-2.833,session_best
2026,1,Australian Grand Prix,Q,australian-grand-prix_corner_16,RUS,HAM,5.0,-8.0,8.0,session_best
2026,1,Australian Grand Prix,Q,australian-grand-prix_corner_16,HUL,HAM,5.0,-13.75,-4.833,session_best
2026,1,Australian Grand Prix,Q,australian-grand-prix_corner_16,LIN,HAM,5.0,-3.333,-3.333,session_best
2026,1,Australian Grand Prix,Q,australian-grand-prix_corner_16,PIA,HAM,6.0,-5.75,-4.833,session_best
2026,1,Australian Grand Prix,Q,australian-grand-prix_corner_16,OCO,HAM,7.0,4.25,6.417,session_best
2026,1,Australian Grand Prix,Q,australian-grand-prix_corner_16,LAW,HAM,7.0,-2.5,-0.083,session_best
2026,1,Australian Grand Prix,Q,australian-grand-prix_corner_16,ALO,HAM,9.0,-3.333,-7.333,session_best
2026,1,Australian Grand Prix,Q,australian-grand-prix_corner_16,GAS,HAM,9.0,-12.25,0.417,session_best
2026,1,Australian Grand Prix,Q,australian-grand-prix_corner_16,PER,HAM,10.0,27.5,-6.833,session_best
2026,1,Australian Grand Prix,Q,australian-grand-prix_corner_16,COL,HAM,11.0,-3.0,9.167,session_best
2026,1,Australian Grand Prix,Q,australian-grand-prix_corner_16,BOT,HAM,16.0,33.0,-18.083,session_best
2026,1,Australian Grand Prix,Q,australian-grand-prix_corner_17,ANT,ANT,0.0,0.0,0.0,session_best
2026,1,Australian Grand Prix,Q,australian-grand-prix_corner_17,NOR,ANT,1.0,2.667,-5.833,session_best
2026,1,Australian Grand Prix,Q,australian-grand-prix_corner_17,BOT,ANT,2.0,1.0,2.167,session_best
2026,1,Australian Grand Prix,Q,australian-grand-prix_corner_17,PER,ANT,3.0,2.333,1.833,session_best
2026,1,Australian Grand Prix,Q,australian-grand-prix_corner_17,ALO,ANT,3.0,5.0,-2.833,session_best
2026,1,Australian Grand Prix,Q,australian-grand-prix_corner_17,LIN,ANT,3.0,5.5,-4.0,session_best
2026,1,Australian Grand Prix,Q,australian-grand-prix_corner_17,RUS,ANT,3.0,4.5,-7.5,session_best
2026,1,Australian Grand Prix,Q,australian-grand-prix_corner_17,LAW,ANT,7.0,8.0,-3.5,session_best
2026,1,Australian Grand Prix,Q,australian-grand-prix_corner_17,PIA,ANT,7.0,9.5,-14.0,session_best
2026,1,Australian Grand Prix,Q,australian-grand-prix_corner_17,LEC,ANT,8.0,6.667,-7.833,session_best
2026,1,Australian Grand Prix,Q,australian-grand-prix_corner_17,BOR,ANT,8.0,11.5,-0.5,session_best
2026,1,Australian Grand Prix,Q,australian-grand-prix_corner_17,ALB,ANT,9.0,2.667,1.5,session_best
2026,1,Australian Grand Prix,Q,australian-grand-prix_corner_17,BEA,ANT,10.0,10.667,-5.833,session_best
2026,1,Australian Grand Prix,Q,australian-grand-prix_corner_17,HAD,ANT,11.0,9.0,-8.167,session_best
2026,1,Australian Grand Prix,Q,australian-grand-prix_corner_17,HAM,ANT,12.0,11.667,-5.167,session_best
2026,1,Australian Grand Prix,Q,australian-grand-prix_corner_17,HUL,ANT,13.0,14.5,-3.5,session_best
2026,1,Australian Grand Prix,Q,australian-grand-prix_corner_17,GAS,ANT,16.0,11.0,-1.5,session_best
2026,1,Australian Grand Prix,Q,australian-grand-prix_corner_17,OCO,ANT,16.0,14.667,-4.167,session_best
2026,1,Australian Grand Prix,Q,australian-grand-prix_corner_17,COL,ANT,21.0,17.333,-3.5,session_best
2026,1,Australian Grand Prix,Q,australian-grand-prix_corner_18,OCO,OCO,0.0,0.0,0.0,session_best
2026,1,Australian Grand Prix,Q,australian-grand-prix_corner_18,LEC,OCO,0.0,-3.0,-2.0,session_best
2026,1,Australian Grand Prix,Q,australian-grand-prix_corner_18,ANT,OCO,4.0,-1.5,6.75,session_best
2026,1,Australian Grand Prix,Q,australian-grand-prix_corner_18,BEA,OCO,5.0,2.0,-19.75,session_best
2026,1,Australian Grand Prix,Q,australian-grand-prix_corner_18,ALB,OCO,5.0,5.1,-4.45,session_best
2026,1,Australian Grand Prix,Q,australian-grand-prix_corner_18,HAM,OCO,5.0,-2.0,-16.0,session_best
2026,1,Australian Grand Prix,Q,australian-grand-prix_corner_18,NOR,OCO,6.0,-0.25,-18.25,session_best
2026,1,Australian Grand Prix,Q,australian-grand-prix_corner_18,PIA,OCO,6.0,-9.5,-16.0,session_best
2026,1,Australian Grand Prix,Q,australian-grand-prix_corner_18,LIN,OCO,7.0,5.5,-11.75,session_best
2026,1,Australian Grand Prix,Q,australian-grand-prix_corner_18,BOR,OCO,7.0,0.75,-13.75,session_best
2026,1,Australian Grand Prix,Q,australian-grand-prix_corner_18,RUS,OCO,7.0,-3.9,-8.05,session_best
2026,1,Australian Grand Prix,Q,australian-grand-prix_corner_18,BOT,OCO,8.0,52.5,-8.45,session_best
2026,1,Australian Grand Prix,Q,australian-grand-prix_corner_18,HUL,OCO,8.0,13.0,-3.5,session_best
2026,1,Australian Grand Prix,Q,australian-grand-prix_corner_18,GAS,OCO,8.0,-0.5,-10.25,session_best
2026,1,Australian Grand Prix,Q,australian-grand-prix_corner_18,COL,OCO,8.0,-1.3,-4.25,session_best
2026,1,Australian Grand Prix,Q,australian-grand-prix_corner_18,LAW,OCO,8.0,-1.0,-13.5,session_best
2026,1,Australian Grand Prix,Q,australian-grand-prix_corner_18,HAD,OCO,8.0,-13.0,10.5,session_best
2026,1,Australian Grand Prix,Q,australian-grand-prix_corner_18,PER,OCO,9.0,30.1,-14.05,session_best
2026,1,Australian Grand Prix,Q,australian-grand-prix_corner_18,ALO,OCO,14.0,6.7,-14.05,session_best
2026,1,Australian Grand Prix,Q,australian-grand-prix_corner_19,PIA,PIA,0.0,0.0,0.0,session_best
2026,1,Australian Grand Prix,Q,australian-grand-prix_corner_19,RUS,PIA,5.0,9.333,4.333,session_best
2026,1,Australian Grand Prix,Q,australian-grand-prix_corner_19,ALO,PIA,6.0,10.666,10.0,session_best
2026,1,Australian Grand Prix,Q,australian-grand-prix_corner_19,HAM,PIA,8.0,14.0,8.666,session_best
2026,1,Australian Grand Prix,Q,australian-grand-prix_corner_19,ANT,PIA,9.0,13.0,10.333,session_best
2026,1,Australian Grand Prix,Q,australian-grand-prix_corner_19,NOR,PIA,9.0,12.666,-2.0,session_best
2026,1,Australian Grand Prix,Q,australian-grand-prix_corner_19,HAD,PIA,9.0,14.666,5.666,session_best
2026,1,Australian Grand Prix,Q,australian-grand-prix_corner_19,BEA,PIA,10.0,14.333,6.0,session_best
2026,1,Australian Grand Prix,Q,australian-grand-prix_corner_19,PER,PIA,10.0,17.333,-0.667,session_best
2026,1,Australian Grand Prix,Q,australian-grand-prix_corner_19,OCO,PIA,12.0,19.333,9.666,session_best
2026,1,Australian Grand Prix,Q,australian-grand-prix_corner_19,LAW,PIA,12.0,14.333,7.0,session_best
2026,1,Australian Grand Prix,Q,australian-grand-prix_corner_19,HUL,PIA,13.0,17.666,12.666,session_best
2026,1,Australian Grand Prix,Q,australian-grand-prix_corner_19,BOR,PIA,13.0,20.333,11.833,session_best
2026,1,Australian Grand Prix,Q,australian-grand-prix_corner_19,LEC,PIA,15.0,19.333,9.666,session_best
2026,1,Australian Grand Prix,Q,australian-grand-prix_corner_19,BOT,PIA,15.0,20.0,1.666,session_best
2026,1,Australian Grand Prix,Q,australian-grand-prix_corner_19,ALB,PIA,16.0,21.666,10.0,session_best
2026,1,Australian Grand Prix,Q,australian-grand-prix_corner_19,COL,PIA,16.0,21.666,19.333,session_best
2026,1,Australian Grand Prix,Q,australian-grand-prix_corner_19,LIN,PIA,16.0,19.666,0.333,session_best
2026,1,Australian Grand Prix,Q,australian-grand-prix_corner_19,GAS,PIA,19.0,23.333,29.666,session_best
2026,1,Australian Grand Prix,R,australian-grand-prix_corner_02,RUS,RUS,0.0,0.0,0.0,session_best
2026,1,Australian Grand Prix,R,australian-grand-prix_corner_02,LEC,RUS,5.0,51.0,-9.333,session_best
2026,1,Australian Grand Prix,R,australian-grand-prix_corner_02,HAM,RUS,5.0,18.0,-1.0,session_best
2026,1,Australian Grand Prix,R,australian-grand-prix_corner_02,NOR,RUS,8.0,53.333,-9.333,session_best
2026,1,Australian Grand Prix,R,australian-grand-prix_corner_02,VER,RUS,9.0,50.083,-12.333,session_best
2026,1,Australian Grand Prix,R,australian-grand-prix_corner_02,ALB,RUS,11.0,63.333,-9.583,session_best
2026,1,Australian Grand Prix,R,australian-grand-prix_corner_02,ANT,RUS,12.0,0.0,-3.0,session_best
2026,1,Australian Grand Prix,R,australian-grand-prix_corner_02,LIN,RUS,12.0,44.333,-12.0,session_best
2026,1,Australian Grand Prix,R,australian-grand-prix_corner_02,LAW,RUS,12.0,64.833,-10.583,session_best
2026,1,Australian Grand Prix,R,australian-grand-prix_corner_02,OCO,RUS,12.0,62.666,-4.0,session_best
2026,1,Australian Grand Prix,R,australian-grand-prix_corner_02,BOR,RUS,13.0,38.833,-6.083,session_best
2026,1,Australian Grand Prix,R,australian-grand-prix_corner_02,HAD,RUS,13.0,61.0,-1.333,session_best
2026,1,Australian Grand Prix,R,australian-grand-prix_corner_02,COL,RUS,14.0,55.333,-11.0,session_best
2026,1,Australian Grand Prix,R,australian-grand-prix_corner_02,ALO,RUS,14.0,68.083,-4.583,session_best
2026,1,Australian Grand Prix,R,australian-grand-prix_corner_02,STR,RUS,15.0,58.0,-8.0,session_best
2026,1,Australian Grand Prix,R,australian-grand-prix_corner_02,BEA,RUS,16.0,54.833,0.417,session_best
2026,1,Australian Grand Prix,R,australian-grand-prix_corner_02,SAI,RUS,17.0,50.333,1.667,session_best
2026,1,Australian Grand Prix,R,australian-grand-prix_corner_02,BOT,RUS,22.0,61.666,16.0,session_best
2026,1,Australian Grand Prix,R,australian-grand-prix_corner_02,PER,RUS,22.0,70.583,-1.583,session_best
2026,1,Australian Grand Prix,R,australian-grand-prix_corner_02,GAS,RUS,24.0,55.833,-3.333,session_best
2026,1,Australian Grand Prix,R,australian-grand-prix_corner_05,LEC,LEC,0.0,0.0,0.0,session_best
2026,1,Australian Grand Prix,R,australian-grand-prix_corner_05,STR,LEC,2.0,8.6,-0.4,session_best
2026,1,Australian Grand Prix,R,australian-grand-prix_corner_05,VER,LEC,3.0,-3.8,6.0,session_best
2026,1,Australian Grand Prix,R,australian-grand-prix_corner_05,RUS,LEC,3.0,4.4,-9.5,session_best
2026,1,Australian Grand Prix,R,australian-grand-prix_corner_05,ALB,LEC,4.0,-0.8,15.2,session_best
2026,1,Australian Grand Prix,R,australian-grand-prix_corner_05,HAM,LEC,5.0,-3.2,15.2,session_best
2026,1,Australian Grand Prix,R,australian-grand-prix_corner_05,NOR,LEC,6.0,2.0,1.4,session_best
2026,1,Australian Grand Prix,R,australian-grand-prix_corner_05,BEA,LEC,7.0,12.65,20.0,session_best
2026,1,Australian Grand Prix,R,australian-grand-prix_corner_05,SAI,LEC,7.0,9.15,-9.5,session_best
2026,1,Australian Grand Prix,R,australian-grand-prix_corner_05,ALO,LEC,8.0,-0.4,3.6,session_best
2026,1,Australian Grand Prix,R,australian-grand-prix_corner_05,LIN,LEC,9.0,-0.4,3.0,session_best
2026,1,Australian Grand Prix,R,australian-grand-prix_corner_05,HAD,LEC,9.0,8.9,10.0,session_best
2026,1,Australian Grand Prix,R,australian-grand-prix_corner_05,COL,LEC,10.0,5.65,7.25,session_best
2026,1,Australian Grand Prix,R,australian-grand-prix_corner_05,BOR,LEC,10.0,11.0,0.6,session_best
2026,1,Australian Grand Prix,R,australian-grand-prix_corner_05,OCO,LEC,11.0,2.4,10.8,session_best
2026,1,Australian Grand Prix,R,australian-grand-prix_corner_05,PER,LEC,11.0,15.567,22.667,session_best
2026,1,Australian Grand Prix,R,australian-grand-prix_corner_05,ANT,LEC,13.0,-6.0,8.8,session_best
2026,1,Australian Grand Prix,R,australian-grand-prix_corner_05,LAW,LEC,13.0,-1.6,7.4,session_best
2026,1,Australian Grand Prix,R,australian-grand-prix_corner_05,GAS,LEC,15.0,9.4,9.4,session_best
2026,1,Australian Grand Prix,R,australian-grand-prix_corner_05,BOT,LEC,18.0,11.4,22.0,session_best
2026,1,Australian Grand Prix,R,australian-grand-prix_corner_06,SAI,SAI,0.0,0.0,0.0,session_best
2026,1,Australian Grand Prix,R,australian-grand-prix_corner_06,RUS,SAI,5.0,-1.0,8.5,session_best
2026,1,Australian Grand Prix,R,australian-grand-prix_corner_06,ALB,SAI,6.0,-1.0,16.5,session_best
2026,1,Australian Grand Prix,R,australian-grand-prix_corner_06,ANT,SAI,9.0,6.0,0.5,session_best
2026,1,Australian Grand Prix,R,australian-grand-prix_corner_06,NOR,SAI,9.0,3.5,4.0,session_best
2026,1,Australian Grand Prix,R,australian-grand-prix_corner_06,BEA,SAI,9.0,5.0,7.833,session_best
2026,1,Australian Grand Prix,R,australian-grand-prix_corner_06,STR,SAI,10.0,7.0,13.5,session_best
2026,1,Australian Grand Prix,R,australian-grand-prix_corner_06,GAS,SAI,13.0,5.667,9.167,session_best
2026,1,Australian Grand Prix,R,australian-grand-prix_corner_06,LEC,SAI,13.0,8.0,5.167,session_best
2026,1,Australian Grand Prix,R,australian-grand-prix_corner_06,COL,SAI,13.0,8.0,1.833,session_best
2026,1,Australian Grand Prix,R,australian-grand-prix_corner_06,LIN,SAI,13.0,7.0,6.5,session_best
2026,1,Australian Grand Prix,R,australian-grand-prix_corner_06,LAW,SAI,16.0,12.0,7.5,session_best
2026,1,Australian Grand Prix,R,australian-grand-prix_corner_06,VER,SAI,16.0,3.667,5.833,session_best
2026,1,Australian Grand Prix,R,australian-grand-prix_corner_06,BOR,SAI,18.0,11.0,8.167,session_best
2026,1,Australian Grand Prix,R,australian-grand-prix_corner_06,ALO,SAI,19.0,14.5,15.0,session_best
2026,1,Australian Grand Prix,R,australian-grand-prix_corner_06,HAD,SAI,20.0,12.667,12.5,session_best
2026,1,Australian Grand Prix,R,australian-grand-prix_corner_06,PER,SAI,20.0,11.0,10.5,session_best
2026,1,Australian Grand Prix,R,australian-grand-prix_corner_06,OCO,SAI,26.0,20.667,13.167,session_best
2026,1,Australian Grand Prix,R,australian-grand-prix_corner_06,BOT,SAI,29.0,26.0,38.5,session_best
2026,1,Australian Grand Prix,R,australian-grand-prix_corner_06,HAM,SAI,33.0,19.0,7.5,session_best
2026,1,Australian Grand Prix,R,australian-grand-prix_corner_13,ANT,ANT,0.0,0.0,0.0,session_best
2026,1,Australian Grand Prix,R,australian-grand-prix_corner_13,BOR,ANT,2.0,17.5,-1.0,session_best
2026,1,Australian Grand Prix,R,australian-grand-prix_corner_13,NOR,ANT,2.0,10.333,0.667,session_best
2026,1,Australian Grand Prix,R,australian-grand-prix_corner_13,LEC,ANT,5.0,24.0,4.0,session_best
2026,1,Australian Grand Prix,R,australian-grand-prix_corner_13,HAM,ANT,5.0,13.333,-4.0,session_best
2026,1,Australian Grand Prix,R,australian-grand-prix_corner_13,GAS,ANT,10.0,-14.0,8.0,session_best
2026,1,Australian Grand Prix,R,australian-grand-prix_corner_13,VER,ANT,11.0,10.0,5.667,session_best
2026,1,Australian Grand Prix,R,australian-grand-prix_corner_13,OCO,ANT,12.0,7.5,5.5,session_best
2026,1,Australian Grand Prix,R,australian-grand-prix_corner_13,RUS,ANT,12.0,34.667,6.667,session_best
2026,1,Australian Grand Prix,R,australian-grand-prix_corner_13,BEA,ANT,14.0,10.0,9.333,session_best
2026,1,Australian Grand Prix,R,australian-grand-prix_corner_13,STR,ANT,15.0,42.0,2.667,session_best
2026,1,Australian Grand Prix,R,australian-grand-prix_corner_13,COL,ANT,16.0,7.0,11.0,session_best
2026,1,Australian Grand Prix,R,australian-grand-prix_corner_13,HAD,ANT,18.0,67.0,10.0,session_best
2026,1,Australian Grand Prix,R,australian-grand-prix_corner_13,LAW,ANT,18.0,14.0,6.0,session_best
2026,1,Australian Grand Prix,R,australian-grand-prix_corner_13,SAI,ANT,19.0,30.333,4.0,session_best
2026,1,Australian Grand Prix,R,australian-grand-prix_corner_13,ALB,ANT,19.0,30.0,15.667,session_best
2026,1,Australian Grand Prix,R,australian-grand-prix_corner_13,LIN,ANT,24.0,36.333,15.0,session_best
2026,1,Australian Grand Prix,R,australian-grand-prix_corner_13,ALO,ANT,34.0,39.0,31.667,session_best
2026,1,Australian Grand Prix,R,australian-grand-prix_corner_13,PER,ANT,34.0,18.333,29.333,session_best
2026,1,Australian Grand Prix,R,australian-grand-prix_corner_13,BOT,ANT,41.0,44.333,39.333,session_best
2026,1,Australian Grand Prix,R,australian-grand-prix_corner_16,ALB,ALB,0.0,0.0,0.0,session_best
2026,1,Australian Grand Prix,R,australian-grand-prix_corner_16,STR,ALB,0.0,15.833,0.833,session_best
2026,1,Australian Grand Prix,R,australian-grand-prix_corner_16,NOR,ALB,0.0,14.083,0.833,session_best
2026,1,Australian Grand Prix,R,australian-grand-prix_corner_16,LEC,ALB,0.0,8.833,11.083,session_best
2026,1,Australian Grand Prix,R,australian-grand-prix_corner_16,VER,ALB,1.0,-19.667,8.0,session_best
2026,1,Australian Grand Prix,R,australian-grand-prix_corner_16,HAD,ALB,2.0,17.583,3.833,session_best
2026,1,Australian Grand Prix,R,australian-grand-prix_corner_16,ALO,ALB,3.0,14.833,-0.667,session_best
2026,1,Australian Grand Prix,R,australian-grand-prix_corner_16,COL,ALB,3.0,15.833,4.583,session_best
2026,1,Australian Grand Prix,R,australian-grand-prix_corner_16,HAM,ALB,3.0,5.833,-3.417,session_best
2026,1,Australian Grand Prix,R,australian-grand-prix_corner_16,SAI,ALB,4.0,21.133,-4.867,session_best
2026,1,Australian Grand Prix,R,australian-grand-prix_corner_16,RUS,ALB,4.0,31.083,6.833,session_best
2026,1,Australian Grand Prix,R,australian-grand-prix_corner_16,ANT,ALB,5.0,-5.467,8.133,session_best
2026,1,Australian Grand Prix,R,australian-grand-prix_corner_16,LAW,ALB,7.0,19.833,3.083,session_best
2026,1,Australian Grand Prix,R,australian-grand-prix_corner_16,BOR,ALB,7.0,2.833,11.833,session_best
2026,1,Australian Grand Prix,R,australian-grand-prix_corner_16,BEA,ALB,9.0,5.833,6.833,session_best
2026,1,Australian Grand Prix,R,australian-grand-prix_corner_16,OCO,ALB,9.0,11.333,3.583,session_best
2026,1,Australian Grand Prix,R,australian-grand-prix_corner_16,PER,ALB,9.0,39.333,-5.917,session_best
2026,1,Australian Grand Prix,R,australian-grand-prix_corner_16,LIN,ALB,10.0,2.333,7.083,session_best
2026,1,Australian Grand Prix,R,australian-grand-prix_corner_16,GAS,ALB,12.0,-29.167,49.833,session_best
2026,1,Australian Grand Prix,R,australian-grand-prix_corner_16,BOT,ALB,14.0,29.933,-1.867,session_best
2026,1,Australian Grand Prix,R,australian-grand-prix_corner_17,RUS,RUS,0.0,0.0,0.0,session_best
2026,1,Australian Grand Prix,R,australian-grand-prix_corner_17,HAD,RUS,0.0,1.917,0.0,session_best
2026,1,Australian Grand Prix,R,australian-grand-prix_corner_17,ANT,RUS,2.0,1.667,-3.667,session_best
2026,1,Australian Grand Prix,R,australian-grand-prix_corner_17,HAM,RUS,2.0,6.667,-9.0,session_best
2026,1,Australian Grand Prix,R,australian-grand-prix_corner_17,VER,RUS,4.0,5.334,1.667,session_best
2026,1,Australian Grand Prix,R,australian-grand-prix_corner_17,NOR,RUS,4.0,1.417,-1.75,session_best
2026,1,Australian Grand Prix,R,australian-grand-prix_corner_17,COL,RUS,5.0,0.667,0.0,session_best
2026,1,Australian Grand Prix,R,australian-grand-prix_corner_17,STR,RUS,5.0,7.334,-0.667,session_best
2026,1,Australian Grand Prix,R,australian-grand-prix_corner_17,LAW,RUS,7.0,7.0,-6.0,session_best
2026,1,Australian Grand Prix,R,australian-grand-prix_corner_17,SAI,RUS,8.0,8.667,0.0,session_best
2026,1,Australian Grand Prix,R,australian-grand-prix_corner_17,ALO,RUS,12.0,14.0,3.333,session_best
2026,1,Australian Grand Prix,R,australian-grand-prix_corner_17,BOR,RUS,12.0,14.0,0.667,session_best
2026,1,Australian Grand Prix,R,australian-grand-prix_corner_17,OCO,RUS,13.0,15.667,6.667,session_best
2026,1,Australian Grand Prix,R,australian-grand-prix_corner_17,BEA,RUS,13.0,15.0,-0.333,session_best
2026,1,Australian Grand Prix,R,australian-grand-prix_corner_17,LEC,RUS,14.0,13.667,-6.5,session_best
2026,1,Australian Grand Prix,R,australian-grand-prix_corner_17,ALB,RUS,16.0,7.667,6.0,session_best
2026,1,Australian Grand Prix,R,australian-grand-prix_corner_17,LIN,RUS,17.0,2.334,5.667,session_best
2026,1,Australian Grand Prix,R,australian-grand-prix_corner_17,PER,RUS,18.0,4.334,2.333,session_best
2026,1,Australian Grand Prix,R,australian-grand-prix_corner_17,BOT,RUS,22.0,6.334,5.0,session_best
2026,1,Australian Grand Prix,R,australian-grand-prix_corner_17,GAS,RUS,46.0,38.667,18.0,session_best
2026,1,Australian Grand Prix,R,australian-grand-prix_corner_18,LEC,LEC,0.0,0.0,0.0,session_best
2026,1,Australian Grand Prix,R,australian-grand-prix_corner_18,STR,LEC,2.0,-25.2,6.4,session_best
2026,1,Australian Grand Prix,R,australian-grand-prix_corner_18,PER,LEC,4.0,20.4,4.667,session_best
2026,1,Australian Grand Prix,R,australian-grand-prix_corner_18,HAM,LEC,5.0,-22.35,-0.25,session_best
2026,1,Australian Grand Prix,R,australian-grand-prix_corner_18,RUS,LEC,5.0,-27.4,-2.6,session_best
2026,1,Australian Grand Prix,R,australian-grand-prix_corner_18,ALB,LEC,6.0,-13.4,8.0,session_best
2026,1,Australian Grand Prix,R,australian-grand-prix_corner_18,ALO,LEC,7.0,-8.8,-6.6,session_best
2026,1,Australian Grand Prix,R,australian-grand-prix_corner_18,OCO,LEC,7.0,-6.933,7.5,session_best
2026,1,Australian Grand Prix,R,australian-grand-prix_corner_18,SAI,LEC,7.0,-12.8,-8.0,session_best
2026,1,Australian Grand Prix,R,australian-grand-prix_corner_18,BOT,LEC,7.0,18.8,11.4,session_best
2026,1,Australian Grand Prix,R,australian-grand-prix_corner_18,BOR,LEC,7.0,-31.35,-3.75,session_best
2026,1,Australian Grand Prix,R,australian-grand-prix_corner_18,BEA,LEC,8.0,-6.35,16.0,session_best
2026,1,Australian Grand Prix,R,australian-grand-prix_corner_18,NOR,LEC,8.0,-30.6,-0.2,session_best
2026,1,Australian Grand Prix,R,australian-grand-prix_corner_18,ANT,LEC,9.0,-30.6,2.5,session_best
2026,1,Australian Grand Prix,R,australian-grand-prix_corner_18,GAS,LEC,9.0,-27.0,19.8,session_best
2026,1,Australian Grand Prix,R,australian-grand-prix_corner_18,HAD,LEC,9.0,-3.4,2.6,session_best
2026,1,Australian Grand Prix,R,australian-grand-prix_corner_18,LIN,LEC,9.0,-15.8,8.4,session_best
2026,1,Australian Grand Prix,R,australian-grand-prix_corner_18,COL,LEC,10.0,-25.6,3.5,session_best
2026,1,Australian Grand Prix,R,australian-grand-prix_corner_18,VER,LEC,11.0,-31.8,-0.4,session_best
2026,1,Australian Grand Prix,R,australian-grand-prix_corner_18,LAW,LEC,14.0,1.65,-4.5,session_best
2026,1,Australian Grand Prix,R,australian-grand-prix_corner_19,SAI,SAI,0.0,0.0,0.0,session_best
2026,1,Australian Grand Prix,R,australian-grand-prix_corner_19,RUS,SAI,9.0,5.0,14.5,session_best
2026,1,Australian Grand Prix,R,australian-grand-prix_corner_19,BEA,SAI,10.0,8.667,5.5,session_best
2026,1,Australian Grand Prix,R,australian-grand-prix_corner_19,NOR,SAI,11.0,12.5,1.5,session_best
2026,1,Australian Grand Prix,R,australian-grand-prix_corner_19,ALO,SAI,12.0,10.667,12.167,session_best
2026,1,Australian Grand Prix,R,australian-grand-prix_corner_19,ALB,SAI,13.0,9.667,6.833,session_best
2026,1,Australian Grand Prix,R,australian-grand-prix_corner_19,ANT,SAI,14.0,14.667,7.833,session_best
2026,1,Australian Grand Prix,R,australian-grand-prix_corner_19,VER,SAI,14.0,14.667,2.167,session_best
2026,1,Australian Grand Prix,R,australian-grand-prix_corner_19,BOR,SAI,15.0,16.667,6.5,session_best
2026,1,Australian Grand Prix,R,australian-grand-prix_corner_19,HAM,SAI,15.0,17.5,1.0,session_best
2026,1,Australian Grand Prix,R,australian-grand-prix_corner_19,PER,SAI,15.0,15.0,2.5,session_best
2026,1,Australian Grand Prix,R,australian-grand-prix_corner_19,LAW,SAI,16.0,15.333,8.167,session_best
2026,1,Australian Grand Prix,R,australian-grand-prix_corner_19,LEC,SAI,16.0,18.0,8.833,session_best
2026,1,Australian Grand Prix,R,australian-grand-prix_corner_19,STR,SAI,19.0,14.5,18.0,session_best
2026,1,Australian Grand Prix,R,australian-grand-prix_corner_19,COL,SAI,19.0,18.0,12.833,session_best
2026,1,Australian Grand Prix,R,australian-grand-prix_corner_19,LIN,SAI,20.0,18.5,4.5,session_best
2026,1,Australian Grand Prix,R,australian-grand-prix_corner_19,OCO,SAI,22.0,17.333,5.167,session_best
2026,1,Australian Grand Prix,R,australian-grand-prix_corner_19,BOT,SAI,26.0,22.333,8.5,session_best
2026,1,Australian Grand Prix,R,australian-grand-prix_corner_19,HAD,SAI,27.0,16.667,5.5,session_best
2026,1,Australian Grand Prix,R,australian-grand-prix_corner_19,GAS,SAI,33.0,29.333,37.5,session_best
2026,2,Chinese Grand Prix,Q,chinese-grand-prix_corner_03,ALB,ALB,0.0,0.0,0.0,session_best
2026,2,Chinese Grand Prix,Q,chinese-grand-prix_corner_03,LEC,ALB,33.0,111.8,29.5,session_best
2026,2,Chinese Grand Prix,Q,chinese-grand-prix_corner_03,RUS,ALB,34.0,106.8,33.5,session_best
2026,2,Chinese Grand Prix,Q,chinese-grand-prix_corner_03,OCO,ALB,37.0,117.4,37.7,session_best
2026,2,Chinese Grand Prix,Q,chinese-grand-prix_corner_03,PIA,ALB,37.0,127.25,30.0,session_best
2026,2,Chinese Grand Prix,Q,chinese-grand-prix_corner_03,ALO,ALB,39.0,123.75,40.5,session_best
2026,2,Chinese Grand Prix,Q,chinese-grand-prix_corner_03,STR,ALB,39.0,127.75,38.25,session_best
2026,2,Chinese Grand Prix,Q,chinese-grand-prix_corner_03,GAS,ALB,39.0,70.5,38.25,session_best
2026,2,Chinese Grand Prix,Q,chinese-grand-prix_corner_03,HAM,ALB,39.0,121.5,38.25,session_best
2026,2,Chinese Grand Prix,Q,chinese-grand-prix_corner_03,ANT,ALB,40.0,43.0,42.25,session_best
2026,2,Chinese Grand Prix,Q,chinese-grand-prix_corner_03,HAD,ALB,40.0,123.8,37.7,session_best
2026,2,Chinese Grand Prix,Q,chinese-grand-prix_corner_03,SAI,ALB,41.0,110.0,42.9,session_best
2026,2,Chinese Grand Prix,Q,chinese-grand-prix_corner_03,BOR,ALB,41.0,119.5,31.5,session_best
2026,2,Chinese Grand Prix,Q,chinese-grand-prix_corner_03,LIN,ALB,42.0,79.4,44.3,session_best
2026,2,Chinese Grand Prix,Q,chinese-grand-prix_corner_03,LAW,ALB,42.0,134.4,40.1,session_best
2026,2,Chinese Grand Prix,Q,chinese-grand-prix_corner_03,NOR,ALB,43.0,127.8,38.5,session_best
2026,2,Chinese Grand Prix,Q,chinese-grand-prix_corner_03,PER,ALB,43.0,181.333,46.0,session_best
2026,2,Chinese Grand Prix,Q,chinese-grand-prix_corner_03,BEA,ALB,45.0,164.167,47.5,session_best
2026,2,Chinese Grand Prix,Q,chinese-grand-prix_corner_03,HUL,ALB,45.0,110.2,35.5,session_best
2026,2,Chinese Grand Prix,Q,chinese-grand-prix_corner_03,COL,ALB,45.0,77.5,47.0,session_best
2026,2,Chinese Grand Prix,Q,chinese-grand-prix_corner_03,VER,ALB,45.0,178.167,22.5,session_best
2026,2,Chinese Grand Prix,Q,chinese-grand-prix_corner_03,BOT,ALB,48.0,183.5,48.667,session_best
2026,2,Chinese Grand Prix,Q,chinese-grand-prix_corner_04,HUL,HUL,0.0,0.0,0.0,session_best
2026,2,Chinese Grand Prix,Q,chinese-grand-prix_corner_04,VER,HUL,2.0,1.0,-43.267,session_best
2026,2,Chinese Grand Prix,Q,chinese-grand-prix_corner_04,BEA,HUL,3.0,-1.25,-43.1,session_best
2026,2,Chinese Grand Prix,Q,chinese-grand-prix_corner_04,BOT,HUL,9.0,6.667,-42.267,session_best
2026,2,Chinese Grand Prix,Q,chinese-grand-prix_corner_04,PER,HUL,10.0,12.333,-34.267,session_best
2026,2,Chinese Grand Prix,Q,chinese-grand-prix_corner_04,RUS,HUL,14.0,-9.0,-6.2,session_best
2026,2,Chinese Grand Prix,Q,chinese-grand-prix_corner_04,LEC,HUL,16.0,-5.2,-7.2,session_best
2026,2,Chinese Grand Prix,Q,chinese-grand-prix_corner_04,HAM,HUL,17.0,-0.5,-9.6,session_best
2026,2,Chinese Grand Prix,Q,chinese-grand-prix_corner_04,BOR,HUL,17.0,18.0,-32.1,session_best
2026,2,Chinese Grand Prix,Q,chinese-grand-prix_corner_04,ANT,HUL,17.0,-0.6,9.2,session_best
2026,2,Chinese Grand Prix,Q,chinese-grand-prix_corner_04,COL,HUL,17.0,7.2,4.2,session_best
2026,2,Chinese Grand Prix,Q,chinese-grand-prix_corner_04,GAS,HUL,17.0,-4.0,-1.4,session_best
2026,2,Chinese Grand Prix,Q,chinese-grand-prix_corner_04,SAI,HUL,18.0,-0.6,6.4,session_best
2026,2,Chinese Grand Prix,Q,chinese-grand-prix_corner_04,OCO,HUL,18.0,4.2,-9.2,session_best
2026,2,Chinese Grand Prix,Q,chinese-grand-prix_corner_04,NOR,HUL,18.0,1.8,-10.2,session_best
2026,2,Chinese Grand Prix,Q,chinese-grand-prix_corner_04,ALO,HUL,19.0,0.4,-3.6,session_best
2026,2,Chinese Grand Prix,Q,chinese-grand-prix_corner_04,STR,HUL,19.0,-1.0,4.6,session_best
2026,2,Chinese Grand Prix,Q,chinese-grand-prix_corner_04,LAW,HUL,19.0,0.8,-1.4,session_best
2026,2,Chinese Grand Prix,Q,chinese-grand-prix_corner_04,LIN,HUL,19.0,-1.0,27.6,session_best
2026,2,Chinese Grand Prix,Q,chinese-grand-prix_corner_04,ALB,HUL,21.0,-3.429,81.829,session_best
2026,2,Chinese Grand Prix,Q,chinese-grand-prix_corner_04,PIA,HUL,21.0,10.6,-9.4,session_best
2026,2,Chinese Grand Prix,Q,chinese-grand-prix_corner_04,HAD,HUL,22.0,-1.8,-8.6,session_best
2026,2,Chinese Grand Prix,Q,chinese-grand-prix_corner_06,ALB,ALB,0.0,0.0,0.0,session_best
2026,2,Chinese Grand Prix,Q,chinese-grand-prix_corner_06,BEA,ALB,51.0,94.667,-37.833,session_best
2026,2,Chinese Grand Prix,Q,chinese-grand-prix_corner_06,RUS,ALB,51.0,15.667,28.467,session_best
2026,2,Chinese Grand Prix,Q,chinese-grand-prix_corner_06,LEC,ALB,51.0,9.417,28.167,session_best
2026,2,Chinese Grand Prix,Q,chinese-grand-prix_corner_06,ANT,ALB,52.0,0.667,43.917,session_best
2026,2,Chinese Grand Prix,Q,chinese-grand-prix_corner_06,HAM,ALB,52.0,14.067,30.667,session_best
2026,2,Chinese Grand Prix,Q,chinese-grand-prix_corner_06,PIA,ALB,53.0,17.067,9.467,session_best
2026,2,Chinese Grand Prix,Q,chinese-grand-prix_corner_06,LAW,ALB,53.0,0.267,34.467,session_best
2026,2,Chinese Grand Prix,Q,chinese-grand-prix_corner_06,BOT,ALB,53.0,139.667,-50.083,session_best
2026,2,Chinese Grand Prix,Q,chinese-grand-prix_corner_06,HUL,ALB,53.0,19.267,11.667,session_best
2026,2,Chinese Grand Prix,Q,chinese-grand-prix_corner_06,VER,ALB,54.0,-5.333,-11.833,session_best
2026,2,Chinese Grand Prix,Q,chinese-grand-prix_corner_06,BOR,ALB,54.0,116.067,-34.733,session_best
2026,2,Chinese Grand Prix,Q,chinese-grand-prix_corner_06,HAD,ALB,54.0,4.417,48.917,session_best
2026,2,Chinese Grand Prix,Q,chinese-grand-prix_corner_06,OCO,ALB,54.0,17.667,19.467,session_best
2026,2,Chinese Grand Prix,Q,chinese-grand-prix_corner_06,NOR,ALB,54.0,7.067,20.867,session_best
2026,2,Chinese Grand Prix,Q,chinese-grand-prix_corner_06,ALO,ALB,55.0,4.417,29.167,session_best
2026,2,Chinese Grand Prix,Q,chinese-grand-prix_corner_06,GAS,ALB,55.0,-4.333,43.067,session_best
2026,2,Chinese Grand Prix,Q,chinese-grand-prix_corner_06,COL,ALB,55.0,2.667,44.917,session_best
2026,2,Chinese Grand Prix,Q,chinese-grand-prix_corner_06,LIN,ALB,57.0,-11.533,55.267,session_best
2026,2,Chinese Grand Prix,Q,chinese-grand-prix_corner_06,SAI,ALB,58.0,-4.933,48.667,session_best
2026,2,Chinese Grand Prix,Q,chinese-grand-prix_corner_06,PER,ALB,59.0,100.067,-38.933,session_best
2026,2,Chinese Grand Prix,Q,chinese-grand-prix_corner_06,STR,ALB,65.0,4.667,39.417,session_best
2026,2,Chinese Grand Prix,Q,chinese-grand-prix_corner_09,RUS,RUS,0.0,0.0,0.0,session_best
2026,2,Chinese Grand Prix,Q,chinese-grand-prix_corner_09,COL,RUS,15.0,-12.0,14.0,session_best
2026,2,Chinese Grand Prix,Q,chinese-grand-prix_corner_09,LIN,RUS,20.0,-13.666,15.0,session_best
2026,2,Chinese Grand Prix,Q,chinese-grand-prix_corner_09,VER,RUS,21.0,31.167,16.0,session_best
2026,2,Chinese Grand Prix,Q,chinese-grand-prix_corner_09,ALB,RUS,24.0,-17.0,20.0,session_best
2026,2,Chinese Grand Prix,Q,chinese-grand-prix_corner_09,SAI,RUS,26.0,-14.333,13.333,session_best
2026,2,Chinese Grand Prix,Q,chinese-grand-prix_corner_09,HAM,RUS,27.0,-6.666,8.667,session_best
2026,2,Chinese Grand Prix,Q,chinese-grand-prix_corner_09,ALO,RUS,28.0,0.917,16.75,session_best
2026,2,Chinese Grand Prix,Q,chinese-grand-prix_corner_09,HAD,RUS,33.0,-12.333,13.0,session_best
2026,2,Chinese Grand Prix,Q,chinese-grand-prix_corner_09,GAS,RUS,33.0,-14.333,16.5,session_best
2026,2,Chinese Grand Prix,Q,chinese-grand-prix_corner_09,ANT,RUS,34.0,-0.333,12.75,session_best
2026,2,Chinese Grand Prix,Q,chinese-grand-prix_corner_09,STR,RUS,36.0,-6.666,21.667,session_best
2026,2,Chinese Grand Prix,Q,chinese-grand-prix_corner_09,LEC,RUS,45.0,-11.0,32.667,session_best
2026,2,Chinese Grand Prix,Q,chinese-grand-prix_corner_09,LAW,RUS,46.0,-1.583,27.25,session_best
2026,2,Chinese Grand Prix,Q,chinese-grand-prix_corner_09,OCO,RUS,51.0,5.0,45.0,session_best
2026,2,Chinese Grand Prix,Q,chinese-grand-prix_corner_09,BOR,RUS,52.0,32.167,53.0,session_best
2026,2,Chinese Grand Prix,Q,chinese-grand-prix_corner_09,NOR,RUS,53.0,7.167,42.75,session_best
2026,2,Chinese Grand Prix,Q,chinese-grand-prix_corner_09,PIA,RUS,55.0,-5.333,45.0,session_best
2026,2,Chinese Grand Prix,Q,chinese-grand-prix_corner_09,HUL,RUS,64.0,2.334,27.0,session_best
2026,2,Chinese Grand Prix,Q,chinese-grand-prix_corner_09,BEA,RUS,73.0,41.917,57.25,session_best
2026,2,Chinese Grand Prix,Q,chinese-grand-prix_corner_09,PER,RUS,74.0,64.417,69.25,session_best
2026,2,Chinese Grand Prix,Q,chinese-grand-prix_corner_09,BOT,RUS,78.0,54.467,63.6,session_best
2026,2,Chinese Grand Prix,Q,chinese-grand-prix_corner_10,BEA,BEA,0.0,0.0,0.0,session_best
2026,2,Chinese Grand Prix,Q,chinese-grand-prix_corner_10,BOT,BEA,12.0,15.833,22.833,session_best
2026,2,Chinese Grand Prix,Q,chinese-grand-prix_corner_10,BOR,BEA,23.0,28.333,4.0,session_best
2026,2,Chinese Grand Prix,Q,chinese-grand-prix_corner_10,PER,BEA,25.0,9.0,11.0,session_best
2026,2,Chinese Grand Prix,Q,chinese-grand-prix_corner_10,LEC,BEA,38.0,31.833,30.333,session_best
2026,2,Chinese Grand Prix,Q,chinese-grand-prix_corner_10,NOR,BEA,43.0,40.333,24.583,session_best
2026,2,Chinese Grand Prix,Q,chinese-grand-prix_corner_10,HAM,BEA,43.0,34.133,28.133,session_best
2026,2,Chinese Grand Prix,Q,chinese-grand-prix_corner_10,RUS,BEA,44.0,-24.667,31.833,session_best
2026,2,Chinese Grand Prix,Q,chinese-grand-prix_corner_10,HUL,BEA,44.0,46.0,18.0,session_best
2026,2,Chinese Grand Prix,Q,chinese-grand-prix_corner_10,VER,BEA,44.0,19.583,18.333,session_best
2026,2,Chinese Grand Prix,Q,chinese-grand-prix_corner_10,GAS,BEA,44.0,25.333,36.083,session_best
2026,2,Chinese Grand Prix,Q,chinese-grand-prix_corner_10,STR,BEA,45.0,32.333,45.583,session_best
2026,2,Chinese Grand Prix,Q,chinese-grand-prix_corner_10,LIN,BEA,45.0,27.833,43.583,session_best
2026,2,Chinese Grand Prix,Q,chinese-grand-prix_corner_10,ANT,BEA,46.0,29.583,32.083,session_best
2026,2,Chinese Grand Prix,Q,chinese-grand-prix_corner_10,PIA,BEA,46.0,43.833,18.083,session_best
2026,2,Chinese Grand Prix,Q,chinese-grand-prix_corner_10,ALB,BEA,48.0,-7.467,106.533,session_best
2026,2,Chinese Grand Prix,Q,chinese-grand-prix_corner_10,OCO,BEA,48.0,40.833,41.333,session_best
2026,2,Chinese Grand Prix,Q,chinese-grand-prix_corner_10,HAD,BEA,48.0,35.833,34.083,session_best
2026,2,Chinese Grand Prix,Q,chinese-grand-prix_corner_10,ALO,BEA,49.0,34.083,35.333,session_best
2026,2,Chinese Grand Prix,Q,chinese-grand-prix_corner_10,LAW,BEA,49.0,40.083,27.583,session_best
2026,2,Chinese Grand Prix,Q,chinese-grand-prix_corner_10,COL,BEA,51.0,-10.667,41.333,session_best
2026,2,Chinese Grand Prix,Q,chinese-grand-prix_corner_10,SAI,BEA,51.0,28.333,50.333,session_best
2026,2,Chinese Grand Prix,Q,chinese-grand-prix_corner_12,BEA,BEA,0.0,0.0,0.0,session_best
2026,2,Chinese Grand Prix,Q,chinese-grand-prix_corner_12,BOT,BEA,1.0,7.8,4.0,session_best
2026,2,Chinese Grand Prix,Q,chinese-grand-prix_corner_12,PER,BEA,15.0,11.0,6.8,session_best
2026,2,Chinese Grand Prix,Q,chinese-grand-prix_corner_12,ANT,BEA,18.0,-48.867,58.5,session_best
2026,2,Chinese Grand Prix,Q,chinese-grand-prix_corner_12,OCO,BEA,18.0,-0.533,55.0,session_best
2026,2,Chinese Grand Prix,Q,chinese-grand-prix_corner_12,LAW,BEA,19.0,-15.533,56.667,session_best
2026,2,Chinese Grand Prix,Q,chinese-grand-prix_corner_12,LEC,BEA,20.0,-17.367,56.167,session_best
2026,2,Chinese Grand Prix,Q,chinese-grand-prix_corner_12,HAM,BEA,21.0,-31.6,59.4,session_best
2026,2,Chinese Grand Prix,Q,chinese-grand-prix_corner_12,STR,BEA,21.0,-12.367,54.5,session_best
2026,2,Chinese Grand Prix,Q,chinese-grand-prix_corner_12,ALB,BEA,22.0,-144.6,98.8,session_best
2026,2,Chinese Grand Prix,Q,chinese-grand-prix_corner_12,NOR,BEA,22.0,-8.533,43.667,session_best
2026,2,Chinese Grand Prix,Q,chinese-grand-prix_corner_12,RUS,BEA,22.0,-28.367,57.167,session_best
2026,2,Chinese Grand Prix,Q,chinese-grand-prix_corner_12,COL,BEA,23.0,-52.533,72.0,session_best
2026,2,Chinese Grand Prix,Q,chinese-grand-prix_corner_12,BOR,BEA,23.0,21.467,25.667,session_best
2026,2,Chinese Grand Prix,Q,chinese-grand-prix_corner_12,LIN,BEA,23.0,-44.533,71.333,session_best
2026,2,Chinese Grand Prix,Q,chinese-grand-prix_corner_12,PIA,BEA,24.0,-5.867,42.333,session_best
2026,2,Chinese Grand Prix,Q,chinese-grand-prix_corner_12,GAS,BEA,24.0,-16.867,55.833,session_best
2026,2,Chinese Grand Prix,Q,chinese-grand-prix_corner_12,HAD,BEA,24.0,-22.533,58.167,session_best
2026,2,Chinese Grand Prix,Q,chinese-grand-prix_corner_12,ALO,BEA,25.0,-18.0,60.8,session_best
2026,2,Chinese Grand Prix,Q,chinese-grand-prix_corner_12,HUL,BEA,25.0,-12.367,80.0,session_best
2026,2,Chinese Grand Prix,Q,chinese-grand-prix_corner_12,VER,BEA,26.0,17.967,88.0,session_best
2026,2,Chinese Grand Prix,Q,chinese-grand-prix_corner_12,SAI,BEA,27.0,-23.367,67.667,session_best
2026,2,Chinese Grand Prix,Q,chinese-grand-prix_corner_18,BEA,BEA,0.0,0.0,0.0,session_best
2026,2,Chinese Grand Prix,Q,chinese-grand-prix_corner_18,BOT,BEA,15.0,18.667,0.0,session_best
2026,2,Chinese Grand Prix,Q,chinese-grand-prix_corner_18,PER,BEA,22.0,20.334,-7.0,session_best
2026,2,Chinese Grand Prix,Q,chinese-grand-prix_corner_18,LAW,BEA,27.0,24.917,-17.75,session_best
2026,2,Chinese Grand Prix,Q,chinese-grand-prix_corner_18,ALO,BEA,58.0,25.334,15.167,session_best
2026,2,Chinese Grand Prix,Q,chinese-grand-prix_corner_18,ANT,BEA,60.0,0.334,13.333,session_best
2026,2,Chinese Grand Prix,Q,chinese-grand-prix_corner_18,RUS,BEA,60.0,-18.733,23.0,session_best
2026,2,Chinese Grand Prix,Q,chinese-grand-prix_corner_18,BOR,BEA,60.0,59.667,-3.0,session_best
2026,2,Chinese Grand Prix,Q,chinese-grand-prix_corner_18,HAM,BEA,60.0,29.834,10.0,session_best
2026,2,Chinese Grand Prix,Q,chinese-grand-prix_corner_18,GAS,BEA,60.0,34.867,4.4,session_best
2026,2,Chinese Grand Prix,Q,chinese-grand-prix_corner_18,NOR,BEA,60.0,43.067,-0.2,session_best
2026,2,Chinese Grand Prix,Q,chinese-grand-prix_corner_18,PIA,BEA,60.0,43.267,-0.4,session_best
2026,2,Chinese Grand Prix,Q,chinese-grand-prix_corner_18,STR,BEA,60.0,4.667,26.167,session_best
2026,2,Chinese Grand Prix,Q,chinese-grand-prix_corner_18,VER,BEA,61.0,69.667,-23.0,session_best
2026,2,Chinese Grand Prix,Q,chinese-grand-prix_corner_18,SAI,BEA,62.0,-114.333,31.2,session_best
2026,2,Chinese Grand Prix,Q,chinese-grand-prix_corner_18,HAD,BEA,62.0,30.0,-1.333,session_best
2026,2,Chinese Grand Prix,Q,chinese-grand-prix_corner_18,HUL,BEA,62.0,56.267,-5.8,session_best
2026,2,Chinese Grand Prix,Q,chinese-grand-prix_corner_18,LEC,BEA,62.0,25.467,15.4,session_best
2026,2,Chinese Grand Prix,Q,chinese-grand-prix_corner_18,COL,BEA,63.0,5.667,26.0,session_best
2026,2,Chinese Grand Prix,Q,chinese-grand-prix_corner_18,ALB,BEA,64.0,-149.133,90.4,session_best
2026,2,Chinese Grand Prix,Q,chinese-grand-prix_corner_18,LIN,BEA,65.0,34.167,5.833,session_best
2026,2,Chinese Grand Prix,Q,chinese-grand-prix_corner_18,OCO,BEA,65.0,24.067,5.6,session_best
2026,2,Chinese Grand Prix,Q,chinese-grand-prix_corner_19,BEA,BEA,0.0,0.0,0.0,session_best
2026,2,Chinese Grand Prix,Q,chinese-grand-prix_corner_19,STR,BEA,55.0,8.0,53.0,session_best
2026,2,Chinese Grand Prix,Q,chinese-grand-prix_corner_19,RUS,BEA,56.0,-4.0,46.75,session_best
2026,2,Chinese Grand Prix,Q,chinese-grand-prix_corner_19,HUL,BEA,58.0,-27.667,8.333,session_best
2026,2,Chinese Grand Prix,Q,chinese-grand-prix_corner_19,HAM,BEA,61.0,-22.333,27.0,session_best
2026,2,Chinese Grand Prix,Q,chinese-grand-prix_corner_19,BOR,BEA,61.0,18.5,47.0,session_best
2026,2,Chinese Grand Prix,Q,chinese-grand-prix_corner_19,LIN,BEA,61.0,-25.0,46.333,session_best
2026,2,Chinese Grand Prix,Q,chinese-grand-prix_corner_19,PIA,BEA,62.0,-17.667,19.667,session_best
2026,2,Chinese Grand Prix,Q,chinese-grand-prix_corner_19,COL,BEA,62.0,-5.0,35.667,session_best
2026,2,Chinese Grand Prix,Q,chinese-grand-prix_corner_19,ANT,BEA,63.0,-16.5,55.0,session_best
2026,2,Chinese Grand Prix,Q,chinese-grand-prix_corner_19,ALB,BEA,63.0,36.333,68.0,session_best
2026,2,Chinese Grand Prix,Q,chinese-grand-prix_corner_19,LEC,BEA,63.0,-13.0,21.667,session_best
2026,2,Chinese Grand Prix,Q,chinese-grand-prix_corner_19,VER,BEA,66.0,14.75,73.0,session_best
2026,2,Chinese Grand Prix,Q,chinese-grand-prix_corner_19,OCO,BEA,66.0,-11.333,47.333,session_best
2026,2,Chinese Grand Prix,Q,chinese-grand-prix_corner_19,HAD,BEA,66.0,-27.333,26.0,session_best
2026,2,Chinese Grand Prix,Q,chinese-grand-prix_corner_19,NOR,BEA,66.0,-17.333,27.333,session_best
2026,2,Chinese Grand Prix,Q,chinese-grand-prix_corner_19,GAS,BEA,67.0,-14.25,32.75,session_best
2026,2,Chinese Grand Prix,Q,chinese-grand-prix_corner_19,ALO,BEA,72.0,18.333,22.333,session_best
2026,2,Chinese Grand Prix,Q,chinese-grand-prix_corner_19,LAW,BEA,72.0,56.333,-20.333,session_best
2026,2,Chinese Grand Prix,Q,chinese-grand-prix_corner_19,BOT,BEA,74.0,70.0,42.0,session_best
2026,2,Chinese Grand Prix,Q,chinese-grand-prix_corner_19,PER,BEA,74.0,68.5,62.0,session_best
2026,2,Chinese Grand Prix,Q,chinese-grand-prix_corner_19,SAI,BEA,74.0,3.0,56.667,session_best
2026,2,Chinese Grand Prix,R,chinese-grand-prix_corner_03,ALO,ALO,0.0,0.0,0.0,session_best
2026,2,Chinese Grand Prix,R,chinese-grand-prix_corner_03,HAD,ALO,138.0,106.75,138.0,session_best
2026,2,Chinese Grand Prix,R,chinese-grand-prix_corner_03,OCO,ALO,197.0,88.0,188.0,session_best
2026,2,Chinese Grand Prix,R,chinese-grand-prix_corner_03,ANT,ALO,199.0,83.4,189.6,session_best
2026,2,Chinese Grand Prix,R,chinese-grand-prix_corner_03,RUS,ALO,199.0,98.833,187.167,session_best
2026,2,Chinese Grand Prix,R,chinese-grand-prix_corner_03,HAM,ALO,201.0,94.0,186.6,session_best
2026,2,Chinese Grand Prix,R,chinese-grand-prix_corner_03,LIN,ALO,201.0,92.0,191.833,session_best
2026,2,Chinese Grand Prix,R,chinese-grand-prix_corner_03,BEA,ALO,202.0,94.333,191.0,session_best
2026,2,Chinese Grand Prix,R,chinese-grand-prix_corner_03,HUL,ALO,203.0,97.0,187.833,session_best
2026,2,Chinese Grand Prix,R,chinese-grand-prix_corner_03,BOT,ALO,203.0,111.167,191.833,session_best
2026,2,Chinese Grand Prix,R,chinese-grand-prix_corner_03,STR,ALO,203.0,112.333,191.833,session_best
2026,2,Chinese Grand Prix,R,chinese-grand-prix_corner_03,COL,ALO,204.0,100.0,192.4,session_best
2026,2,Chinese Grand Prix,R,chinese-grand-prix_corner_03,GAS,ALO,204.0,101.167,186.167,session_best
2026,2,Chinese Grand Prix,R,chinese-grand-prix_corner_03,LAW,ALO,207.0,100.8,188.2,session_best
2026,2,Chinese Grand Prix,R,chinese-grand-prix_corner_03,SAI,ALO,208.0,111.833,188.667,session_best
2026,2,Chinese Grand Prix,R,chinese-grand-prix_corner_03,LEC,ALO,208.0,91.2,192.4,session_best
2026,2,Chinese Grand Prix,R,chinese-grand-prix_corner_03,PER,ALO,209.0,113.4,201.0,session_best
2026,2,Chinese Grand Prix,R,chinese-grand-prix_corner_03,VER,ALO,209.0,96.4,191.6,session_best
2026,2,Chinese Grand Prix,R,chinese-grand-prix_corner_04,ALO,ALO,0.0,0.0,0.0,session_best
2026,2,Chinese Grand Prix,R,chinese-grand-prix_corner_04,HAD,ALO,138.0,138.0,138.0,session_best
2026,2,Chinese Grand Prix,R,chinese-grand-prix_corner_04,ANT,ALO,203.0,187.6,66.8,session_best
2026,2,Chinese Grand Prix,R,chinese-grand-prix_corner_04,RUS,ALO,204.0,193.6,64.8,session_best
2026,2,Chinese Grand Prix,R,chinese-grand-prix_corner_04,HUL,ALO,206.0,195.6,84.0,session_best
2026,2,Chinese Grand Prix,R,chinese-grand-prix_corner_04,BEA,ALO,206.0,194.4,66.4,session_best
2026,2,Chinese Grand Prix,R,chinese-grand-prix_corner_04,LEC,ALO,206.0,192.75,77.25,session_best
2026,2,Chinese Grand Prix,R,chinese-grand-prix_corner_04,OCO,ALO,207.0,193.6,73.8,session_best
2026,2,Chinese Grand Prix,R,chinese-grand-prix_corner_04,HAM,ALO,207.0,190.6,73.4,session_best
2026,2,Chinese Grand Prix,R,chinese-grand-prix_corner_04,COL,ALO,207.0,201.2,66.8,session_best
2026,2,Chinese Grand Prix,R,chinese-grand-prix_corner_04,LIN,ALO,208.0,189.8,74.6,session_best
2026,2,Chinese Grand Prix,R,chinese-grand-prix_corner_04,GAS,ALO,209.0,196.25,101.0,session_best
2026,2,Chinese Grand Prix,R,chinese-grand-prix_corner_04,LAW,ALO,209.0,191.8,69.0,session_best
2026,2,Chinese Grand Prix,R,chinese-grand-prix_corner_04,VER,ALO,210.0,193.4,75.8,session_best
2026,2,Chinese Grand Prix,R,chinese-grand-prix_corner_04,STR,ALO,210.0,200.2,96.0,session_best
2026,2,Chinese Grand Prix,R,chinese-grand-prix_corner_04,PER,ALO,211.0,199.6,81.2,session_best
2026,2,Chinese Grand Prix,R,chinese-grand-prix_corner_04,BOT,ALO,212.0,196.4,78.2,session_best
2026,2,Chinese Grand Prix,R,chinese-grand-prix_corner_04,SAI,ALO,214.0,205.2,75.8,session_best
2026,2,Chinese Grand Prix,R,chinese-grand-prix_corner_06,ALO,ALO,0.0,0.0,0.0,session_best
2026,2,Chinese Grand Prix,R,chinese-grand-prix_corner_06,ANT,ALO,123.0,-49.3,97.6,session_best
2026,2,Chinese Grand Prix,R,chinese-grand-prix_corner_06,HAM,ALO,123.0,-48.7,95.4,session_best
2026,2,Chinese Grand Prix,R,chinese-grand-prix_corner_06,STR,ALO,124.0,5.7,76.8,session_best
2026,2,Chinese Grand Prix,R,chinese-grand-prix_corner_06,RUS,ALO,124.0,-25.9,93.4,session_best
2026,2,Chinese Grand Prix,R,chinese-grand-prix_corner_06,OCO,ALO,124.0,-52.5,92.0,session_best
2026,2,Chinese Grand Prix,R,chinese-grand-prix_corner_06,LIN,ALO,125.0,-51.1,103.8,session_best
2026,2,Chinese Grand Prix,R,chinese-grand-prix_corner_06,COL,ALO,125.0,-27.7,83.4,session_best
2026,2,Chinese Grand Prix,R,chinese-grand-prix_corner_06,LAW,ALO,125.0,-32.5,91.0,session_best
2026,2,Chinese Grand Prix,R,chinese-grand-prix_corner_06,BEA,ALO,126.0,-25.5,94.4,session_best
2026,2,Chinese Grand Prix,R,chinese-grand-prix_corner_06,HUL,ALO,126.0,-44.7,90.2,session_best
2026,2,Chinese Grand Prix,R,chinese-grand-prix_corner_06,HAD,ALO,126.0,-59.25,169.25,session_best
2026,2,Chinese Grand Prix,R,chinese-grand-prix_corner_06,PER,ALO,127.0,-31.7,100.8,session_best
2026,2,Chinese Grand Prix,R,chinese-grand-prix_corner_06,BOT,ALO,127.0,-38.7,89.2,session_best
2026,2,Chinese Grand Prix,R,chinese-grand-prix_corner_06,SAI,ALO,127.0,13.1,73.4,session_best
2026,2,Chinese Grand Prix,R,chinese-grand-prix_corner_06,LEC,ALO,127.0,-49.9,102.2,session_best
2026,2,Chinese Grand Prix,R,chinese-grand-prix_corner_06,VER,ALO,127.0,-52.7,102.4,session_best
2026,2,Chinese Grand Prix,R,chinese-grand-prix_corner_06,GAS,ALO,129.0,-28.5,73.6,session_best
2026,2,Chinese Grand Prix,R,chinese-grand-prix_corner_09,ALO,ALO,0.0,0.0,0.0,session_best
2026,2,Chinese Grand Prix,R,chinese-grand-prix_corner_09,HAD,ALO,68.0,-6.167,62.0,session_best
2026,2,Chinese Grand Prix,R,chinese-grand-prix_corner_09,HUL,ALO,109.0,40.933,109.2,session_best
2026,2,Chinese Grand Prix,R,chinese-grand-prix_corner_09,HAM,ALO,109.0,28.583,107.5,session_best
2026,2,Chinese Grand Prix,R,chinese-grand-prix_corner_09,LEC,ALO,109.0,8.833,103.5,session_best
2026,2,Chinese Grand Prix,R,chinese-grand-prix_corner_09,ANT,ALO,110.0,35.583,105.25,session_best
2026,2,Chinese Grand Prix,R,chinese-grand-prix_corner_09,LIN,ALO,110.0,33.833,108.5,session_best
2026,2,Chinese Grand Prix,R,chinese-grand-prix_corner_09,OCO,ALO,111.0,25.133,102.2,session_best
2026,2,Chinese Grand Prix,R,chinese-grand-prix_corner_09,RUS,ALO,111.0,19.666,111.667,session_best
2026,2,Chinese Grand Prix,R,chinese-grand-prix_corner_09,BEA,ALO,111.0,20.333,107.4,session_best
2026,2,Chinese Grand Prix,R,chinese-grand-prix_corner_09,COL,ALO,112.0,44.333,113.25,session_best
2026,2,Chinese Grand Prix,R,chinese-grand-prix_corner_09,BOT,ALO,114.0,44.133,108.0,session_best
2026,2,Chinese Grand Prix,R,chinese-grand-prix_corner_09,PER,ALO,115.0,49.333,111.2,session_best
2026,2,Chinese Grand Prix,R,chinese-grand-prix_corner_09,LAW,ALO,116.0,42.533,114.2,session_best
2026,2,Chinese Grand Prix,R,chinese-grand-prix_corner_09,STR,ALO,116.0,58.333,117.0,session_best
2026,2,Chinese Grand Prix,R,chinese-grand-prix_corner_09,GAS,ALO,119.0,31.583,117.25,session_best
2026,2,Chinese Grand Prix,R,chinese-grand-prix_corner_09,VER,ALO,119.0,36.333,118.0,session_best
2026,2,Chinese Grand Prix,R,chinese-grand-prix_corner_09,SAI,ALO,121.0,54.133,115.4,session_best
2026,2,Chinese Grand Prix,R,chinese-grand-prix_corner_10,SAI,SAI,0.0,0.0,0.0,session_best
2026,2,Chinese Grand Prix,R,chinese-grand-prix_corner_10,ALO,SAI,11.0,-50.5,122.333,session_best
2026,2,Chinese Grand Prix,R,chinese-grand-prix_corner_10,BEA,SAI,15.0,27.0,7.333,session_best
2026,2,Chinese Grand Prix,R,chinese-grand-prix_corner_10,RUS,SAI,16.0,29.0,11.083,session_best
2026,2,Chinese Grand Prix,R,chinese-grand-prix_corner_10,LIN,SAI,16.0,17.333,4.0,session_best
2026,2,Chinese Grand Prix,R,chinese-grand-prix_corner_10,COL,SAI,16.0,28.25,10.583,session_best
2026,2,Chinese Grand Prix,R,chinese-grand-prix_corner_10,HUL,SAI,17.0,29.75,13.083,session_best
2026,2,Chinese Grand Prix,R,chinese-grand-prix_corner_10,LEC,SAI,17.0,34.0,14.333,session_best
2026,2,Chinese Grand Prix,R,chinese-grand-prix_corner_10,ANT,SAI,18.0,39.333,14.666,session_best
2026,2,Chinese Grand Prix,R,chinese-grand-prix_corner_10,LAW,SAI,18.0,37.0,5.0,session_best
2026,2,Chinese Grand Prix,R,chinese-grand-prix_corner_10,STR,SAI,19.0,28.75,22.083,session_best
2026,2,Chinese Grand Prix,R,chinese-grand-prix_corner_10,OCO,SAI,20.0,40.0,10.083,session_best
2026,2,Chinese Grand Prix,R,chinese-grand-prix_corner_10,PER,SAI,20.0,36.75,14.083,session_best
2026,2,Chinese Grand Prix,R,chinese-grand-prix_corner_10,HAM,SAI,20.0,38.5,8.083,session_best
2026,2,Chinese Grand Prix,R,chinese-grand-prix_corner_10,GAS,SAI,22.0,27.75,13.083,session_best
2026,2,Chinese Grand Prix,R,chinese-grand-prix_corner_10,VER,SAI,25.0,37.5,11.083,session_best
2026,2,Chinese Grand Prix,R,chinese-grand-prix_corner_10,BOT,SAI,31.0,47.0,7.833,session_best
2026,2,Chinese Grand Prix,R,chinese-grand-prix_corner_10,HAD,SAI,33.0,-8.0,64.583,session_best
2026,2,Chinese Grand Prix,R,chinese-grand-prix_corner_12,ALO,ALO,0.0,0.0,0.0,session_best
2026,2,Chinese Grand Prix,R,chinese-grand-prix_corner_12,OCO,ALO,3.0,140.666,-84.0,session_best
2026,2,Chinese Grand Prix,R,chinese-grand-prix_corner_12,GAS,ALO,5.0,137.133,-94.467,session_best
2026,2,Chinese Grand Prix,R,chinese-grand-prix_corner_12,LAW,ALO,6.0,147.333,-90.067,session_best
2026,2,Chinese Grand Prix,R,chinese-grand-prix_corner_12,ANT,ALO,7.0,145.666,-82.834,session_best
2026,2,Chinese Grand Prix,R,chinese-grand-prix_corner_12,HAM,ALO,7.0,145.733,-83.467,session_best
2026,2,Chinese Grand Prix,R,chinese-grand-prix_corner_12,LEC,ALO,7.0,142.333,-80.067,session_best
2026,2,Chinese Grand Prix,R,chinese-grand-prix_corner_12,SAI,ALO,7.0,137.733,-88.467,session_best
2026,2,Chinese Grand Prix,R,chinese-grand-prix_corner_12,HUL,ALO,7.0,138.333,-87.867,session_best
2026,2,Chinese Grand Prix,R,chinese-grand-prix_corner_12,COL,ALO,8.0,139.166,-92.834,session_best
2026,2,Chinese Grand Prix,R,chinese-grand-prix_corner_12,RUS,ALO,8.0,143.0,-91.5,session_best
2026,2,Chinese Grand Prix,R,chinese-grand-prix_corner_12,STR,ALO,9.0,148.333,-100.267,session_best
2026,2,Chinese Grand Prix,R,chinese-grand-prix_corner_12,LIN,ALO,9.0,148.333,-80.417,session_best
2026,2,Chinese Grand Prix,R,chinese-grand-prix_corner_12,BEA,ALO,10.0,150.533,-87.867,session_best
2026,2,Chinese Grand Prix,R,chinese-grand-prix_corner_12,PER,ALO,11.0,148.533,-84.667,session_best
2026,2,Chinese Grand Prix,R,chinese-grand-prix_corner_12,VER,ALO,11.0,148.533,-89.667,session_best
2026,2,Chinese Grand Prix,R,chinese-grand-prix_corner_12,BOT,ALO,13.0,151.5,-81.167,session_best
2026,2,Chinese Grand Prix,R,chinese-grand-prix_corner_12,HAD,ALO,18.0,31.166,-25.5,session_best
2026,2,Chinese Grand Prix,R,chinese-grand-prix_corner_17,ALO,ALO,0.0,0.0,0.0,session_best
2026,2,Chinese Grand Prix,R,chinese-grand-prix_corner_17,HAD,ALO,85.0,-10.833,78.333,session_best
2026,2,Chinese Grand Prix,R,chinese-grand-prix_corner_17,LIN,ALO,237.0,0.667,233.666,session_best
2026,2,Chinese Grand Prix,R,chinese-grand-prix_corner_17,HAM,ALO,239.0,8.067,233.133,session_best
2026,2,Chinese Grand Prix,R,chinese-grand-prix_corner_17,ANT,ALO,240.0,7.167,218.083,session_best
2026,2,Chinese Grand Prix,R,chinese-grand-prix_corner_17,HUL,ALO,240.0,-4.833,214.333,session_best
2026,2,Chinese Grand Prix,R,chinese-grand-prix_corner_17,PER,ALO,240.0,-2.133,234.133,session_best
2026,2,Chinese Grand Prix,R,chinese-grand-prix_corner_17,RUS,ALO,240.0,-8.583,229.333,session_best
2026,2,Chinese Grand Prix,R,chinese-grand-prix_corner_17,OCO,ALO,241.0,10.667,223.083,session_best
2026,2,Chinese Grand Prix,R,chinese-grand-prix_corner_17,BEA,ALO,242.0,-13.733,227.733,session_best
2026,2,Chinese Grand Prix,R,chinese-grand-prix_corner_17,VER,ALO,242.0,8.067,226.133,session_best
2026,2,Chinese Grand Prix,R,chinese-grand-prix_corner_17,BOT,ALO,242.0,12.267,236.133,session_best
2026,2,Chinese Grand Prix,R,chinese-grand-prix_corner_17,COL,ALO,242.0,7.067,221.133,session_best
2026,2,Chinese Grand Prix,R,chinese-grand-prix_corner_17,LAW,ALO,243.0,7.867,226.133,session_best
2026,2,Chinese Grand Prix,R,chinese-grand-prix_corner_17,GAS,ALO,244.0,-6.333,232.583,session_best
2026,2,Chinese Grand Prix,R,chinese-grand-prix_corner_17,LEC,ALO,245.0,8.867,236.533,session_best
2026,2,Chinese Grand Prix,R,chinese-grand-prix_corner_17,STR,ALO,245.0,22.467,206.133,session_best
2026,2,Chinese Grand Prix,R,chinese-grand-prix_corner_17,SAI,ALO,246.0,6.867,226.933,session_best
2026,2,Chinese Grand Prix,R,chinese-grand-prix_corner_18,STR,STR,0.0,0.0,0.0,session_best
2026,2,Chinese Grand Prix,R,chinese-grand-prix_corner_18,HUL,STR,13.0,14.333,8.0,session_best
2026,2,Chinese Grand Prix,R,chinese-grand-prix_corner_18,COL,STR,14.0,11.667,-0.667,session_best
2026,2,Chinese Grand Prix,R,chinese-grand-prix_corner_18,LAW,STR,19.0,14.0,1.5,session_best
2026,2,Chinese Grand Prix,R,chinese-grand-prix_corner_18,SAI,STR,20.0,22.5,-10.75,session_best
2026,2,Chinese Grand Prix,R,chinese-grand-prix_corner_18,ANT,STR,25.0,21.25,3.5,session_best
2026,2,Chinese Grand Prix,R,chinese-grand-prix_corner_18,VER,STR,26.0,30.0,-17.667,session_best
2026,2,Chinese Grand Prix,R,chinese-grand-prix_corner_18,BEA,STR,31.0,33.75,-4.0,session_best
2026,2,Chinese Grand Prix,R,chinese-grand-prix_corner_18,RUS,STR,35.0,34.25,-29.0,session_best
2026,2,Chinese Grand Prix,R,chinese-grand-prix_corner_18,OCO,STR,36.0,32.75,-4.75,session_best
2026,2,Chinese Grand Prix,R,chinese-grand-prix_corner_18,GAS,STR,41.0,46.333,-21.667,session_best
2026,2,Chinese Grand Prix,R,chinese-grand-prix_corner_18,HAM,STR,41.0,45.0,-13.25,session_best
2026,2,Chinese Grand Prix,R,chinese-grand-prix_corner_18,PER,STR,46.0,54.0,-17.0,session_best
2026,2,Chinese Grand Prix,R,chinese-grand-prix_corner_18,BOT,STR,46.0,37.5,-10.75,session_best
2026,2,Chinese Grand Prix,R,chinese-grand-prix_corner_18,LEC,STR,47.0,47.75,-13.25,session_best
2026,2,Chinese Grand Prix,R,chinese-grand-prix_corner_18,ALO,STR,70.0,-147.0,106.8,session_best
2026,2,Chinese Grand Prix,R,chinese-grand-prix_corner_18,HAD,STR,70.0,13.5,8.167,session_best
2026,2,Chinese Grand Prix,R,chinese-grand-prix_corner_18,LIN,STR,71.0,83.75,-12.25,session_best
2026,2,Chinese Grand Prix,S,chinese-grand-prix_corner_03,SAI,SAI,0.0,0.0,0.0,session_best
2026,2,Chinese Grand Prix,S,chinese-grand-prix_corner_03,HAD,SAI,196.0,44.0,196.0,session_best
2026,2,Chinese Grand Prix,S,chinese-grand-prix_corner_03,BOR,SAI,198.0,-10.0,198.0,session_best
2026,2,Chinese Grand Prix,S,chinese-grand-prix_corner_03,ALB,SAI,211.0,133.833,207.5,session_best
2026,2,Chinese Grand Prix,S,chinese-grand-prix_corner_03,RUS,SAI,212.0,119.429,205.571,session_best
2026,2,Chinese Grand Prix,S,chinese-grand-prix_corner_03,HAM,SAI,214.0,141.714,206.143,session_best
2026,2,Chinese Grand Prix,S,chinese-grand-prix_corner_03,LEC,SAI,214.0,140.0,206.333,session_best
2026,2,Chinese Grand Prix,S,chinese-grand-prix_corner_03,PER,SAI,214.0,147.857,207.714,session_best
2026,2,Chinese Grand Prix,S,chinese-grand-prix_corner_03,HUL,SAI,214.0,143.0,208.167,session_best
2026,2,Chinese Grand Prix,S,chinese-grand-prix_corner_03,LIN,SAI,215.0,136.714,211.857,session_best
2026,2,Chinese Grand Prix,S,chinese-grand-prix_corner_03,STR,SAI,215.0,151.0,210.286,session_best
2026,2,Chinese Grand Prix,S,chinese-grand-prix_corner_03,BOT,SAI,216.0,102.429,210.0,session_best
2026,2,Chinese Grand Prix,S,chinese-grand-prix_corner_03,BEA,SAI,216.0,150.0,210.0,session_best
2026,2,Chinese Grand Prix,S,chinese-grand-prix_corner_03,PIA,SAI,217.0,134.857,207.714,session_best
2026,2,Chinese Grand Prix,S,chinese-grand-prix_corner_03,VER,SAI,217.0,137.667,207.667,session_best
2026,2,Chinese Grand Prix,S,chinese-grand-prix_corner_03,LAW,SAI,217.0,74.0,192.5,session_best
2026,2,Chinese Grand Prix,S,chinese-grand-prix_corner_03,COL,SAI,217.0,132.667,211.5,session_best
2026,2,Chinese Grand Prix,S,chinese-grand-prix_corner_03,ANT,SAI,218.0,138.5,214.0,session_best
2026,2,Chinese Grand Prix,S,chinese-grand-prix_corner_03,NOR,SAI,218.0,52.0,205.333,session_best
2026,2,Chinese Grand Prix,S,chinese-grand-prix_corner_03,ALO,SAI,220.0,203.667,101.5,session_best
2026,2,Chinese Grand Prix,S,chinese-grand-prix_corner_03,GAS,SAI,222.0,158.125,207.0,session_best
2026,2,Chinese Grand Prix,S,chinese-grand-prix_corner_03,OCO,SAI,227.0,152.167,214.833,session_best
2026,2,Chinese Grand Prix,S,chinese-grand-prix_corner_04,ALO,ALO,0.0,0.0,0.0,session_best
2026,2,Chinese Grand Prix,S,chinese-grand-prix_corner_04,LAW,ALO,105.0,94.667,-1.0,session_best
2026,2,Chinese Grand Prix,S,chinese-grand-prix_corner_04,GAS,ALO,107.0,97.5,-11.25,session_best
2026,2,Chinese Grand Prix,S,chinese-grand-prix_corner_04,OCO,ALO,115.0,109.667,-7.667,session_best
2026,2,Chinese Grand Prix,S,chinese-grand-prix_corner_04,HAM,ALO,118.0,93.0,6.0,session_best
2026,2,Chinese Grand Prix,S,chinese-grand-prix_corner_04,HUL,ALO,120.0,112.667,4.0,session_best
2026,2,Chinese Grand Prix,S,chinese-grand-prix_corner_04,PIA,ALO,123.0,109.75,42.0,session_best
2026,2,Chinese Grand Prix,S,chinese-grand-prix_corner_04,BEA,ALO,126.0,115.5,16.5,session_best
2026,2,Chinese Grand Prix,S,chinese-grand-prix_corner_04,RUS,ALO,127.0,116.667,60.0,session_best
2026,2,Chinese Grand Prix,S,chinese-grand-prix_corner_04,LEC,ALO,128.0,113.0,-1.667,session_best
2026,2,Chinese Grand Prix,S,chinese-grand-prix_corner_04,STR,ALO,128.0,119.5,17.75,session_best
2026,2,Chinese Grand Prix,S,chinese-grand-prix_corner_04,PER,ALO,128.0,121.0,8.25,session_best
2026,2,Chinese Grand Prix,S,chinese-grand-prix_corner_04,ANT,ALO,132.0,121.25,25.0,session_best
2026,2,Chinese Grand Prix,S,chinese-grand-prix_corner_04,VER,ALO,134.0,126.0,8.75,session_best
2026,2,Chinese Grand Prix,S,chinese-grand-prix_corner_04,COL,ALO,137.0,130.25,-4.25,session_best
2026,2,Chinese Grand Prix,S,chinese-grand-prix_corner_04,LIN,ALO,139.0,132.75,3.75,session_best
2026,2,Chinese Grand Prix,S,chinese-grand-prix_corner_04,ALB,ALO,145.0,147.0,5.0,session_best
2026,2,Chinese Grand Prix,S,chinese-grand-prix_corner_04,NOR,ALO,146.0,136.4,69.0,session_best
2026,2,Chinese Grand Prix,S,chinese-grand-prix_corner_04,BOR,ALO,153.0,146.5,89.833,session_best
2026,2,Chinese Grand Prix,S,chinese-grand-prix_corner_04,BOT,ALO,154.0,150.5,20.0,session_best
2026,2,Chinese Grand Prix,S,chinese-grand-prix_corner_04,HAD,ALO,154.0,136.833,65.0,session_best
2026,2,Chinese Grand Prix,S,chinese-grand-prix_corner_04,SAI,ALO,156.0,36.333,133.167,session_best
2026,2,Chinese Grand Prix,S,chinese-grand-prix_corner_06,ALO,ALO,0.0,0.0,0.0,session_best
2026,2,Chinese Grand Prix,S,chinese-grand-prix_corner_06,GAS,ALO,42.0,33.667,-26.5,session_best
2026,2,Chinese Grand Prix,S,chinese-grand-prix_corner_06,NOR,ALO,59.0,56.0,-21.333,session_best
2026,2,Chinese Grand Prix,S,chinese-grand-prix_corner_06,PIA,ALO,106.0,90.417,-23.0,session_best
2026,2,Chinese Grand Prix,S,chinese-grand-prix_corner_06,RUS,ALO,116.0,98.167,-17.75,session_best
2026,2,Chinese Grand Prix,S,chinese-grand-prix_corner_06,LAW,ALO,140.0,134.417,-13.0,session_best
2026,2,Chinese Grand Prix,S,chinese-grand-prix_corner_06,BEA,ALO,142.0,122.917,-16.5,session_best
2026,2,Chinese Grand Prix,S,chinese-grand-prix_corner_06,VER,ALO,144.0,123.267,-3.0,session_best
2026,2,Chinese Grand Prix,S,chinese-grand-prix_corner_06,HAM,ALO,145.0,142.867,-17.2,session_best
2026,2,Chinese Grand Prix,S,chinese-grand-prix_corner_06,HUL,ALO,146.0,145.667,1.75,session_best
2026,2,Chinese Grand Prix,S,chinese-grand-prix_corner_06,HAD,ALO,147.0,-57.333,112.75,session_best
2026,2,Chinese Grand Prix,S,chinese-grand-prix_corner_06,LEC,ALO,147.0,145.267,-12.6,session_best
2026,2,Chinese Grand Prix,S,chinese-grand-prix_corner_06,ANT,ALO,148.0,139.417,-22.5,session_best
2026,2,Chinese Grand Prix,S,chinese-grand-prix_corner_06,ALB,ALO,148.0,142.667,-2.8,session_best
2026,2,Chinese Grand Prix,S,chinese-grand-prix_corner_06,SAI,ALO,148.0,-66.533,139.6,session_best
2026,2,Chinese Grand Prix,S,chinese-grand-prix_corner_06,BOT,ALO,149.0,128.467,7.6,session_best
2026,2,Chinese Grand Prix,S,chinese-grand-prix_corner_06,STR,ALO,149.0,142.167,-1.75,session_best
2026,2,Chinese Grand Prix,S,chinese-grand-prix_corner_06,PER,ALO,149.0,145.867,-2.6,session_best
2026,2,Chinese Grand Prix,S,chinese-grand-prix_corner_06,LIN,ALO,150.0,147.067,-5.0,session_best
2026,2,Chinese Grand Prix,S,chinese-grand-prix_corner_06,BOR,ALO,151.0,49.867,27.0,session_best
2026,2,Chinese Grand Prix,S,chinese-grand-prix_corner_06,COL,ALO,151.0,143.067,-21.2,session_best
2026,2,Chinese Grand Prix,S,chinese-grand-prix_corner_06,OCO,ALO,154.0,147.917,-13.25,session_best
2026,2,Chinese Grand Prix,S,chinese-grand-prix_corner_08,SAI,SAI,0.0,0.0,0.0,session_best
2026,2,Chinese Grand Prix,S,chinese-grand-prix_corner_08,BOR,SAI,49.0,14.667,59.667,session_best
2026,2,Chinese Grand Prix,S,chinese-grand-prix_corner_08,VER,SAI,58.0,10.334,55.667,session_best
2026,2,Chinese Grand Prix,S,chinese-grand-prix_corner_08,HAD,SAI,60.0,6.667,63.0,session_best
2026,2,Chinese Grand Prix,S,chinese-grand-prix_corner_08,BOT,SAI,66.0,29.417,70.667,session_best
2026,2,Chinese Grand Prix,S,chinese-grand-prix_corner_08,STR,SAI,67.0,11.667,69.667,session_best
2026,2,Chinese Grand Prix,S,chinese-grand-prix_corner_08,HUL,SAI,71.0,38.667,74.667,session_best
2026,2,Chinese Grand Prix,S,chinese-grand-prix_corner_08,ALB,SAI,79.0,19.167,70.167,session_best
2026,2,Chinese Grand Prix,S,chinese-grand-prix_corner_08,HAM,SAI,82.0,13.917,80.667,session_best
2026,2,Chinese Grand Prix,S,chinese-grand-prix_corner_08,COL,SAI,86.0,14.417,76.917,session_best
2026,2,Chinese Grand Prix,S,chinese-grand-prix_corner_08,LEC,SAI,91.0,8.667,91.167,session_best
2026,2,Chinese Grand Prix,S,chinese-grand-prix_corner_08,PER,SAI,91.0,30.167,90.167,session_best
2026,2,Chinese Grand Prix,S,chinese-grand-prix_corner_08,LIN,SAI,91.0,33.417,89.417,session_best
2026,2,Chinese Grand Prix,S,chinese-grand-prix_corner_08,ANT,SAI,92.0,13.667,97.417,session_best
2026,2,Chinese Grand Prix,S,chinese-grand-prix_corner_08,NOR,SAI,102.0,62.467,107.667,session_best
2026,2,Chinese Grand Prix,S,chinese-grand-prix_corner_08,RUS,SAI,103.0,18.667,107.267,session_best
2026,2,Chinese Grand Prix,S,chinese-grand-prix_corner_08,PIA,SAI,108.0,35.867,112.267,session_best
2026,2,Chinese Grand Prix,S,chinese-grand-prix_corner_08,OCO,SAI,108.0,51.167,110.167,session_best
2026,2,Chinese Grand Prix,S,chinese-grand-prix_corner_08,LAW,SAI,110.0,27.167,112.667,session_best
2026,2,Chinese Grand Prix,S,chinese-grand-prix_corner_08,ALO,SAI,112.0,85.667,48.334,session_best
2026,2,Chinese Grand Prix,S,chinese-grand-prix_corner_08,BEA,SAI,112.0,36.417,115.917,session_best
2026,2,Chinese Grand Prix,S,chinese-grand-prix_corner_08,GAS,SAI,112.0,73.0,108.667,session_best
2026,2,Chinese Grand Prix,S,chinese-grand-prix_corner_09,ALO,ALO,0.0,0.0,0.0,session_best
2026,2,Chinese Grand Prix,S,chinese-grand-prix_corner_09,SAI,ALO,53.0,25.467,76.333,session_best
2026,2,Chinese Grand Prix,S,chinese-grand-prix_corner_09,BOR,ALO,70.0,51.667,81.333,session_best
2026,2,Chinese Grand Prix,S,chinese-grand-prix_corner_09,NOR,ALO,75.0,72.0,-12.334,session_best
2026,2,Chinese Grand Prix,S,chinese-grand-prix_corner_09,GAS,ALO,90.0,74.334,-12.667,session_best
2026,2,Chinese Grand Prix,S,chinese-grand-prix_corner_09,RUS,ALO,99.0,94.0,-1.667,session_best
2026,2,Chinese Grand Prix,S,chinese-grand-prix_corner_09,HAM,ALO,102.0,96.417,5.333,session_best
2026,2,Chinese Grand Prix,S,chinese-grand-prix_corner_09,LEC,ALO,103.0,102.167,6.333,session_best
2026,2,Chinese Grand Prix,S,chinese-grand-prix_corner_09,STR,ALO,104.0,85.667,32.733,session_best
2026,2,Chinese Grand Prix,S,chinese-grand-prix_corner_09,ANT,ALO,105.0,104.867,1.733,session_best
2026,2,Chinese Grand Prix,S,chinese-grand-prix_corner_09,HAD,ALO,105.0,67.667,81.733,session_best
2026,2,Chinese Grand Prix,S,chinese-grand-prix_corner_09,HUL,ALO,106.0,102.667,6.133,session_best
2026,2,Chinese Grand Prix,S,chinese-grand-prix_corner_09,PER,ALO,108.0,101.667,26.333,session_best
2026,2,Chinese Grand Prix,S,chinese-grand-prix_corner_09,COL,ALO,109.0,101.867,13.733,session_best
2026,2,Chinese Grand Prix,S,chinese-grand-prix_corner_09,VER,ALO,109.0,85.067,18.333,session_best
2026,2,Chinese Grand Prix,S,chinese-grand-prix_corner_09,PIA,ALO,109.0,101.167,-1.917,session_best
2026,2,Chinese Grand Prix,S,chinese-grand-prix_corner_09,BOT,ALO,111.0,99.267,23.733,session_best
2026,2,Chinese Grand Prix,S,chinese-grand-prix_corner_09,ALB,ALO,112.0,96.867,20.733,session_best
2026,2,Chinese Grand Prix,S,chinese-grand-prix_corner_09,BEA,ALO,112.0,109.417,8.083,session_best
2026,2,Chinese Grand Prix,S,chinese-grand-prix_corner_09,LAW,ALO,112.0,111.667,3.333,session_best
2026,2,Chinese Grand Prix,S,chinese-grand-prix_corner_09,LIN,ALO,112.0,109.267,15.533,session_best
2026,2,Chinese Grand Prix,S,chinese-grand-prix_corner_09,OCO,ALO,114.0,115.917,3.083,session_best
2026,2,Chinese Grand Prix,S,chinese-grand-prix_corner_10,HAD,HAD,0.0,0.0,0.0,session_best
2026,2,Chinese Grand Prix,S,chinese-grand-prix_corner_10,BOR,HAD,9.0,15.666,16.667,session_best
2026,2,Chinese Grand Prix,S,chinese-grand-prix_corner_10,SAI,HAD,64.0,26.333,35.25,session_best
2026,2,Chinese Grand Prix,S,chinese-grand-prix_corner_10,VER,HAD,77.0,-59.417,149.5,session_best
2026,2,Chinese Grand Prix,S,chinese-grand-prix_corner_10,GAS,HAD,78.0,-69.467,168.0,session_best
2026,2,Chinese Grand Prix,S,chinese-grand-prix_corner_10,BOT,HAD,80.0,-46.334,163.333,session_best
2026,2,Chinese Grand Prix,S,chinese-grand-prix_corner_10,LIN,HAD,87.0,-62.167,176.0,session_best
2026,2,Chinese Grand Prix,S,chinese-grand-prix_corner_10,HUL,HAD,88.0,-61.167,176.25,session_best
2026,2,Chinese Grand Prix,S,chinese-grand-prix_corner_10,COL,HAD,91.0,-57.667,172.0,session_best
2026,2,Chinese Grand Prix,S,chinese-grand-prix_corner_10,STR,HAD,93.0,-44.917,166.25,session_best
2026,2,Chinese Grand Prix,S,chinese-grand-prix_corner_10,ANT,HAD,94.0,-69.417,184.0,session_best
2026,2,Chinese Grand Prix,S,chinese-grand-prix_corner_10,LEC,HAD,95.0,-61.417,180.5,session_best
2026,2,Chinese Grand Prix,S,chinese-grand-prix_corner_10,ALB,HAD,97.0,-54.417,182.0,session_best
2026,2,Chinese Grand Prix,S,chinese-grand-prix_corner_10,LAW,HAD,97.0,-68.067,180.2,session_best
2026,2,Chinese Grand Prix,S,chinese-grand-prix_corner_10,RUS,HAD,97.0,-64.067,173.8,session_best
2026,2,Chinese Grand Prix,S,chinese-grand-prix_corner_10,HAM,HAD,98.0,-59.167,179.75,session_best
2026,2,Chinese Grand Prix,S,chinese-grand-prix_corner_10,PER,HAD,98.0,-58.667,185.5,session_best
2026,2,Chinese Grand Prix,S,chinese-grand-prix_corner_10,ALO,HAD,100.0,32.666,125.5,session_best
2026,2,Chinese Grand Prix,S,chinese-grand-prix_corner_10,BEA,HAD,103.0,-64.667,193.0,session_best
2026,2,Chinese Grand Prix,S,chinese-grand-prix_corner_10,PIA,HAD,105.0,-73.667,187.6,session_best
2026,2,Chinese Grand Prix,S,chinese-grand-prix_corner_10,OCO,HAD,106.0,-65.667,190.0,session_best
2026,2,Chinese Grand Prix,S,chinese-grand-prix_corner_10,NOR,HAD,107.0,-69.167,197.0,session_best
2026,2,Chinese Grand Prix,S,chinese-grand-prix_corner_11,ALO,ALO,0.0,0.0,0.0,session_best
2026,2,Chinese Grand Prix,S,chinese-grand-prix_corner_11,GAS,ALO,44.0,44.0,55.667,session_best
2026,2,Chinese Grand Prix,S,chinese-grand-prix_corner_11,RUS,ALO,46.0,41.8,39.467,session_best
2026,2,Chinese Grand Prix,S,chinese-grand-prix_corner_11,LAW,ALO,49.0,44.2,54.867,session_best
2026,2,Chinese Grand Prix,S,chinese-grand-prix_corner_11,PIA,ALO,52.0,52.0,34.067,session_best
2026,2,Chinese Grand Prix,S,chinese-grand-prix_corner_11,HUL,ALO,54.0,54.0,143.417,session_best
2026,2,Chinese Grand Prix,S,chinese-grand-prix_corner_11,OCO,ALO,56.0,46.2,88.267,session_best
2026,2,Chinese Grand Prix,S,chinese-grand-prix_corner_11,BOR,ALO,58.0,-47.143,174.667,session_best
2026,2,Chinese Grand Prix,S,chinese-grand-prix_corner_11,LIN,ALO,59.0,57.8,63.667,session_best
2026,2,Chinese Grand Prix,S,chinese-grand-prix_corner_11,ANT,ALO,60.0,60.0,28.167,session_best
2026,2,Chinese Grand Prix,S,chinese-grand-prix_corner_11,HAM,ALO,61.0,47.4,53.267,session_best
2026,2,Chinese Grand Prix,S,chinese-grand-prix_corner_11,SAI,ALO,63.0,-111.75,181.667,session_best
2026,2,Chinese Grand Prix,S,chinese-grand-prix_corner_11,BOT,ALO,63.0,50.286,77.381,session_best
2026,2,Chinese Grand Prix,S,chinese-grand-prix_corner_11,PER,ALO,67.0,52.6,71.467,session_best
2026,2,Chinese Grand Prix,S,chinese-grand-prix_corner_11,VER,ALO,68.0,61.667,88.334,session_best
2026,2,Chinese Grand Prix,S,chinese-grand-prix_corner_11,LEC,ALO,68.0,52.8,59.467,session_best
2026,2,Chinese Grand Prix,S,chinese-grand-prix_corner_11,HAD,ALO,68.0,-50.833,150.0,session_best
2026,2,Chinese Grand Prix,S,chinese-grand-prix_corner_11,BEA,ALO,69.0,69.0,121.0,session_best
2026,2,Chinese Grand Prix,S,chinese-grand-prix_corner_11,STR,ALO,70.0,66.0,100.267,session_best
2026,2,Chinese Grand Prix,S,chinese-grand-prix_corner_11,ALB,ALO,71.0,64.833,77.5,session_best
2026,2,Chinese Grand Prix,S,chinese-grand-prix_corner_11,COL,ALO,72.0,67.2,84.467,session_best
2026,2,Chinese Grand Prix,S,chinese-grand-prix_corner_11,NOR,ALO,73.0,73.0,3.267,session_best
2026,2,Chinese Grand Prix,S,chinese-grand-prix_corner_16,SAI,SAI,0.0,0.0,0.0,session_best
2026,2,Chinese Grand Prix,S,chinese-grand-prix_corner_16,COL,SAI,0.0,0.0,0.0,session_best
2026,2,Chinese Grand Prix,S,chinese-grand-prix_corner_16,LAW,SAI,12.0,12.0,12.0,session_best
2026,2,Chinese Grand Prix,S,chinese-grand-prix_corner_16,HUL,SAI,25.0,25.0,25.0,session_best
2026,2,Chinese Grand Prix,S,chinese-grand-prix_corner_16,NOR,SAI,190.0,155.333,167.667,session_best
2026,2,Chinese Grand Prix,S,chinese-grand-prix_corner_16,PIA,SAI,227.0,17.0,227.0,session_best
2026,2,Chinese Grand Prix,S,chinese-grand-prix_corner_16,GAS,SAI,227.0,213.0,171.5,session_best
2026,2,Chinese Grand Prix,S,chinese-grand-prix_corner_16,ALO,SAI,235.0,213.5,153.5,session_best
2026,2,Chinese Grand Prix,S,chinese-grand-prix_corner_16,BEA,SAI,269.0,269.0,73.25,session_best
2026,2,Chinese Grand Prix,S,chinese-grand-prix_corner_16,HAM,SAI,270.0,218.667,124.333,session_best
2026,2,Chinese Grand Prix,S,chinese-grand-prix_corner_16,RUS,SAI,270.0,217.0,119.667,session_best
2026,2,Chinese Grand Prix,S,chinese-grand-prix_corner_16,ANT,SAI,271.0,259.6,108.6,session_best
2026,2,Chinese Grand Prix,S,chinese-grand-prix_corner_16,BOR,SAI,272.0,-6.0,237.4,session_best
2026,2,Chinese Grand Prix,S,chinese-grand-prix_corner_16,VER,SAI,272.0,222.333,107.167,session_best
2026,2,Chinese Grand Prix,S,chinese-grand-prix_corner_16,LEC,SAI,274.0,205.4,113.0,session_best
2026,2,Chinese Grand Prix,S,chinese-grand-prix_corner_16,ALB,SAI,274.0,85.333,149.333,session_best
2026,2,Chinese Grand Prix,S,chinese-grand-prix_corner_16,PER,SAI,274.0,213.333,123.167,session_best
2026,2,Chinese Grand Prix,S,chinese-grand-prix_corner_16,BOT,SAI,276.0,233.444,216.333,session_best
2026,2,Chinese Grand Prix,S,chinese-grand-prix_corner_16,HAD,SAI,276.0,132.667,148.667,session_best
2026,2,Chinese Grand Prix,S,chinese-grand-prix_corner_16,LIN,SAI,278.0,235.0,109.667,session_best
2026,2,Chinese Grand Prix,S,chinese-grand-prix_corner_16,STR,SAI,280.0,200.0,137.333,session_best
2026,2,Chinese Grand Prix,S,chinese-grand-prix_corner_16,OCO,SAI,284.0,227.333,123.333,session_best
2026,2,Chinese Grand Prix,SQ,chinese-grand-prix_corner_03,BOR,BOR,0.0,0.0,0.0,session_best
2026,2,Chinese Grand Prix,SQ,chinese-grand-prix_corner_03,ANT,BOR,11.0,-66.833,150.167,session_best
2026,2,Chinese Grand Prix,SQ,chinese-grand-prix_corner_03,LEC,BOR,13.0,-63.833,161.667,session_best
2026,2,Chinese Grand Prix,SQ,chinese-grand-prix_corner_03,NOR,BOR,14.0,-75.333,155.333,session_best
2026,2,Chinese Grand Prix,SQ,chinese-grand-prix_corner_03,BEA,BOR,14.0,-52.833,153.333,session_best
2026,2,Chinese Grand Prix,SQ,chinese-grand-prix_corner_03,RUS,BOR,15.0,-77.0,158.1,session_best
2026,2,Chinese Grand Prix,SQ,chinese-grand-prix_corner_03,GAS,BOR,15.0,-55.8,162.7,session_best
2026,2,Chinese Grand Prix,SQ,chinese-grand-prix_corner_03,OCO,BOR,16.0,-63.5,158.333,session_best
2026,2,Chinese Grand Prix,SQ,chinese-grand-prix_corner_03,PIA,BOR,16.0,-56.5,160.667,session_best
2026,2,Chinese Grand Prix,SQ,chinese-grand-prix_corner_03,HAD,BOR,17.0,-66.667,159.167,session_best
2026,2,Chinese Grand Prix,SQ,chinese-grand-prix_corner_03,ALB,BOR,17.0,-63.333,159.333,session_best
2026,2,Chinese Grand Prix,SQ,chinese-grand-prix_corner_03,VER,BOR,17.0,-77.0,152.25,session_best
2026,2,Chinese Grand Prix,SQ,chinese-grand-prix_corner_03,HUL,BOR,18.0,-58.0,161.5,session_best
2026,2,Chinese Grand Prix,SQ,chinese-grand-prix_corner_03,LAW,BOR,18.0,-57.0,156.7,session_best
2026,2,Chinese Grand Prix,SQ,chinese-grand-prix_corner_03,HAM,BOR,19.0,-55.333,165.667,session_best
2026,2,Chinese Grand Prix,SQ,chinese-grand-prix_corner_03,ALO,BOR,20.0,-58.333,157.833,session_best
2026,2,Chinese Grand Prix,SQ,chinese-grand-prix_corner_03,BOT,BOR,20.0,-52.667,161.833,session_best
2026,2,Chinese Grand Prix,SQ,chinese-grand-prix_corner_03,STR,BOR,22.0,-53.833,162.333,session_best
2026,2,Chinese Grand Prix,SQ,chinese-grand-prix_corner_03,SAI,BOR,23.0,-51.8,169.9,session_best
2026,2,Chinese Grand Prix,SQ,chinese-grand-prix_corner_03,COL,BOR,26.0,-27.0,162.0,session_best
2026,2,Chinese Grand Prix,SQ,chinese-grand-prix_corner_03,LIN,BOR,26.0,-56.5,170.167,session_best
2026,2,Chinese Grand Prix,SQ,chinese-grand-prix_corner_04,BOR,BOR,0.0,0.0,0.0,session_best
2026,2,Chinese Grand Prix,SQ,chinese-grand-prix_corner_04,COL,BOR,4.0,125.667,-103.0,session_best
2026,2,Chinese Grand Prix,SQ,chinese-grand-prix_corner_04,ANT,BOR,51.0,177.5,-84.75,session_best
2026,2,Chinese Grand Prix,SQ,chinese-grand-prix_corner_04,HAM,BOR,51.0,174.75,-86.25,session_best
2026,2,Chinese Grand Prix,SQ,chinese-grand-prix_corner_04,LEC,BOR,51.0,180.2,-87.0,session_best
2026,2,Chinese Grand Prix,SQ,chinese-grand-prix_corner_04,NOR,BOR,51.0,179.25,-83.25,session_best
2026,2,Chinese Grand Prix,SQ,chinese-grand-prix_corner_04,PIA,BOR,52.0,178.75,-88.75,session_best
2026,2,Chinese Grand Prix,SQ,chinese-grand-prix_corner_04,BEA,BOR,52.0,182.5,-84.25,session_best
2026,2,Chinese Grand Prix,SQ,chinese-grand-prix_corner_04,VER,BOR,52.0,168.4,-70.0,session_best
2026,2,Chinese Grand Prix,SQ,chinese-grand-prix_corner_04,OCO,BOR,53.0,183.25,-85.5,session_best
2026,2,Chinese Grand Prix,SQ,chinese-grand-prix_corner_04,GAS,BOR,54.0,182.0,-85.4,session_best
2026,2,Chinese Grand Prix,SQ,chinese-grand-prix_corner_04,HUL,BOR,55.0,185.667,-87.333,session_best
2026,2,Chinese Grand Prix,SQ,chinese-grand-prix_corner_04,ALO,BOR,56.0,185.75,-82.5,session_best
2026,2,Chinese Grand Prix,SQ,chinese-grand-prix_corner_04,LAW,BOR,56.0,186.0,-81.5,session_best
2026,2,Chinese Grand Prix,SQ,chinese-grand-prix_corner_04,LIN,BOR,56.0,186.0,-80.25,session_best
2026,2,Chinese Grand Prix,SQ,chinese-grand-prix_corner_04,RUS,BOR,56.0,186.0,-81.0,session_best
2026,2,Chinese Grand Prix,SQ,chinese-grand-prix_corner_04,SAI,BOR,59.0,187.6,-80.6,session_best
2026,2,Chinese Grand Prix,SQ,chinese-grand-prix_corner_04,STR,BOR,59.0,188.0,-57.0,session_best
2026,2,Chinese Grand Prix,SQ,chinese-grand-prix_corner_04,HAD,BOR,59.0,187.25,-88.25,session_best
2026,2,Chinese Grand Prix,SQ,chinese-grand-prix_corner_04,BOT,BOR,60.0,189.4,-81.6,session_best
2026,2,Chinese Grand Prix,SQ,chinese-grand-prix_corner_04,ALB,BOR,62.0,190.5,-78.0,session_best
2026,2,Chinese Grand Prix,SQ,chinese-grand-prix_corner_06,BOR,BOR,0.0,0.0,0.0,session_best
2026,2,Chinese Grand Prix,SQ,chinese-grand-prix_corner_06,PIA,BOR,169.0,84.467,38.8,session_best
2026,2,Chinese Grand Prix,SQ,chinese-grand-prix_corner_06,HAM,BOR,169.0,107.867,21.4,session_best
2026,2,Chinese Grand Prix,SQ,chinese-grand-prix_corner_06,ANT,BOR,170.0,59.267,42.2,session_best
2026,2,Chinese Grand Prix,SQ,chinese-grand-prix_corner_06,NOR,BOR,170.0,69.067,35.0,session_best
2026,2,Chinese Grand Prix,SQ,chinese-grand-prix_corner_06,LAW,BOR,171.0,70.467,54.0,session_best
2026,2,Chinese Grand Prix,SQ,chinese-grand-prix_corner_06,HUL,BOR,172.0,40.867,46.8,session_best
2026,2,Chinese Grand Prix,SQ,chinese-grand-prix_corner_06,OCO,BOR,172.0,74.5,41.333,session_best
2026,2,Chinese Grand Prix,SQ,chinese-grand-prix_corner_06,ALO,BOR,173.0,89.096,98.0,session_best
2026,2,Chinese Grand Prix,SQ,chinese-grand-prix_corner_06,RUS,BOR,173.0,79.667,40.8,session_best
2026,2,Chinese Grand Prix,SQ,chinese-grand-prix_corner_06,HAD,BOR,173.0,94.267,41.2,session_best
2026,2,Chinese Grand Prix,SQ,chinese-grand-prix_corner_06,GAS,BOR,174.0,84.667,45.8,session_best
2026,2,Chinese Grand Prix,SQ,chinese-grand-prix_corner_06,BEA,BOR,174.0,77.067,39.4,session_best
2026,2,Chinese Grand Prix,SQ,chinese-grand-prix_corner_06,LEC,BOR,175.0,86.467,38.6,session_best
2026,2,Chinese Grand Prix,SQ,chinese-grand-prix_corner_06,SAI,BOR,175.0,100.067,48.4,session_best
2026,2,Chinese Grand Prix,SQ,chinese-grand-prix_corner_06,ALB,BOR,176.0,61.067,46.0,session_best
2026,2,Chinese Grand Prix,SQ,chinese-grand-prix_corner_06,BOT,BOR,176.0,111.0,43.833,session_best
2026,2,Chinese Grand Prix,SQ,chinese-grand-prix_corner_06,VER,BOR,176.0,6.467,68.8,session_best
2026,2,Chinese Grand Prix,SQ,chinese-grand-prix_corner_06,STR,BOR,176.0,109.5,60.167,session_best
2026,2,Chinese Grand Prix,SQ,chinese-grand-prix_corner_06,COL,BOR,178.0,159.167,7.75,session_best
2026,2,Chinese Grand Prix,SQ,chinese-grand-prix_corner_06,LIN,BOR,178.0,100.267,38.8,session_best
2026,2,Chinese Grand Prix,SQ,chinese-grand-prix_corner_09,BOR,BOR,0.0,0.0,0.0,session_best
2026,2,Chinese Grand Prix,SQ,chinese-grand-prix_corner_09,BEA,BOR,88.0,40.333,116.4,session_best
2026,2,Chinese Grand Prix,SQ,chinese-grand-prix_corner_09,RUS,BOR,88.0,36.333,110.75,session_best
2026,2,Chinese Grand Prix,SQ,chinese-grand-prix_corner_09,NOR,BOR,88.0,33.533,110.4,session_best
2026,2,Chinese Grand Prix,SQ,chinese-grand-prix_corner_09,ANT,BOR,89.0,35.733,117.2,session_best
2026,2,Chinese Grand Prix,SQ,chinese-grand-prix_corner_09,LEC,BOR,90.0,28.333,102.0,session_best
2026,2,Chinese Grand Prix,SQ,chinese-grand-prix_corner_09,HAM,BOR,90.0,29.333,104.4,session_best
2026,2,Chinese Grand Prix,SQ,chinese-grand-prix_corner_09,GAS,BOR,91.0,40.583,113.75,session_best
2026,2,Chinese Grand Prix,SQ,chinese-grand-prix_corner_09,HUL,BOR,94.0,44.933,125.6,session_best
2026,2,Chinese Grand Prix,SQ,chinese-grand-prix_corner_09,ALO,BOR,95.0,16.533,121.2,session_best
2026,2,Chinese Grand Prix,SQ,chinese-grand-prix_corner_09,LAW,BOR,96.0,49.933,129.8,session_best
2026,2,Chinese Grand Prix,SQ,chinese-grand-prix_corner_09,VER,BOR,96.0,48.933,132.8,session_best
2026,2,Chinese Grand Prix,SQ,chinese-grand-prix_corner_09,OCO,BOR,97.0,40.833,123.25,session_best
2026,2,Chinese Grand Prix,SQ,chinese-grand-prix_corner_09,LIN,BOR,98.0,53.133,123.4,session_best
2026,2,Chinese Grand Prix,SQ,chinese-grand-prix_corner_09,PIA,BOR,98.0,29.083,104.25,session_best
2026,2,Chinese Grand Prix,SQ,chinese-grand-prix_corner_09,SAI,BOR,99.0,52.333,115.8,session_best
2026,2,Chinese Grand Prix,SQ,chinese-grand-prix_corner_09,BOT,BOR,99.0,54.333,117.2,session_best
2026,2,Chinese Grand Prix,SQ,chinese-grand-prix_corner_09,STR,BOR,101.0,46.533,97.6,session_best
2026,2,Chinese Grand Prix,SQ,chinese-grand-prix_corner_09,COL,BOR,101.0,40.333,85.25,session_best
2026,2,Chinese Grand Prix,SQ,chinese-grand-prix_corner_09,ALB,BOR,102.0,30.133,152.4,session_best
2026,2,Chinese Grand Prix,SQ,chinese-grand-prix_corner_09,HAD,BOR,102.0,49.133,119.2,session_best
2026,2,Chinese Grand Prix,SQ,chinese-grand-prix_corner_11,BOR,BOR,0.0,0.0,0.0,session_best
2026,2,Chinese Grand Prix,SQ,chinese-grand-prix_corner_11,BEA,BOR,64.0,-83.0,145.067,session_best
2026,2,Chinese Grand Prix,SQ,chinese-grand-prix_corner_11,ANT,BOR,65.0,-89.167,149.834,session_best
2026,2,Chinese Grand Prix,SQ,chinese-grand-prix_corner_11,HAM,BOR,66.0,-53.833,129.167,session_best
2026,2,Chinese Grand Prix,SQ,chinese-grand-prix_corner_11,LEC,BOR,67.0,-61.0,138.467,session_best
2026,2,Chinese Grand Prix,SQ,chinese-grand-prix_corner_11,RUS,BOR,67.0,-85.8,146.467,session_best
2026,2,Chinese Grand Prix,SQ,chinese-grand-prix_corner_11,OCO,BOR,68.0,-107.0,150.667,session_best
2026,2,Chinese Grand Prix,SQ,chinese-grand-prix_corner_11,NOR,BOR,68.0,-103.4,149.667,session_best
2026,2,Chinese Grand Prix,SQ,chinese-grand-prix_corner_11,HAD,BOR,68.0,-100.5,147.167,session_best
2026,2,Chinese Grand Prix,SQ,chinese-grand-prix_corner_11,PIA,BOR,69.0,-68.8,141.067,session_best
2026,2,Chinese Grand Prix,SQ,chinese-grand-prix_corner_11,ALO,BOR,69.0,-85.167,149.167,session_best
2026,2,Chinese Grand Prix,SQ,chinese-grand-prix_corner_11,HUL,BOR,69.0,-107.4,150.467,session_best
2026,2,Chinese Grand Prix,SQ,chinese-grand-prix_corner_11,GAS,BOR,70.0,-96.0,145.167,session_best
2026,2,Chinese Grand Prix,SQ,chinese-grand-prix_corner_11,BOT,BOR,71.0,-64.333,149.834,session_best
2026,2,Chinese Grand Prix,SQ,chinese-grand-prix_corner_11,LIN,BOR,71.0,-87.0,148.0,session_best
2026,2,Chinese Grand Prix,SQ,chinese-grand-prix_corner_11,LAW,BOR,71.0,-101.833,149.0,session_best
2026,2,Chinese Grand Prix,SQ,chinese-grand-prix_corner_11,COL,BOR,72.0,15.333,115.167,session_best
2026,2,Chinese Grand Prix,SQ,chinese-grand-prix_corner_11,STR,BOR,72.0,-16.333,120.167,session_best
2026,2,Chinese Grand Prix,SQ,chinese-grand-prix_corner_11,SAI,BOR,73.0,-73.333,142.5,session_best
2026,2,Chinese Grand Prix,SQ,chinese-grand-prix_corner_11,VER,BOR,74.0,-101.167,148.167,session_best
2026,2,Chinese Grand Prix,SQ,chinese-grand-prix_corner_11,ALB,BOR,80.0,-104.2,150.867,session_best
2026,2,Chinese Grand Prix,SQ,chinese-grand-prix_corner_12,BOR,BOR,0.0,0.0,0.0,session_best
2026,2,Chinese Grand Prix,SQ,chinese-grand-prix_corner_12,COL,BOR,89.0,82.167,47.5,session_best
2026,2,Chinese Grand Prix,SQ,chinese-grand-prix_corner_12,STR,BOR,103.0,88.0,55.5,session_best
2026,2,Chinese Grand Prix,SQ,chinese-grand-prix_corner_12,HAM,BOR,116.0,107.5,56.167,session_best
2026,2,Chinese Grand Prix,SQ,chinese-grand-prix_corner_12,SAI,BOR,121.0,116.167,61.833,session_best
2026,2,Chinese Grand Prix,SQ,chinese-grand-prix_corner_12,LEC,BOR,124.0,116.833,58.167,session_best
2026,2,Chinese Grand Prix,SQ,chinese-grand-prix_corner_12,PIA,BOR,127.0,124.0,53.5,session_best
2026,2,Chinese Grand Prix,SQ,chinese-grand-prix_corner_12,HAD,BOR,131.0,126.25,57.75,session_best
2026,2,Chinese Grand Prix,SQ,chinese-grand-prix_corner_12,ALO,BOR,133.0,127.5,66.5,session_best
2026,2,Chinese Grand Prix,SQ,chinese-grand-prix_corner_12,BOT,BOR,135.0,131.167,64.833,session_best
2026,2,Chinese Grand Prix,SQ,chinese-grand-prix_corner_12,GAS,BOR,135.0,135.5,57.833,session_best
2026,2,Chinese Grand Prix,SQ,chinese-grand-prix_corner_12,RUS,BOR,142.0,128.75,57.25,session_best
2026,2,Chinese Grand Prix,SQ,chinese-grand-prix_corner_12,NOR,BOR,143.0,138.833,60.167,session_best
2026,2,Chinese Grand Prix,SQ,chinese-grand-prix_corner_12,ANT,BOR,147.0,133.25,61.75,session_best
2026,2,Chinese Grand Prix,SQ,chinese-grand-prix_corner_12,LIN,BOR,148.0,142.5,64.167,session_best
2026,2,Chinese Grand Prix,SQ,chinese-grand-prix_corner_12,LAW,BOR,151.0,132.75,63.25,session_best
2026,2,Chinese Grand Prix,SQ,chinese-grand-prix_corner_12,BEA,BOR,151.0,149.0,61.75,session_best
2026,2,Chinese Grand Prix,SQ,chinese-grand-prix_corner_12,OCO,BOR,153.0,139.5,68.25,session_best
2026,2,Chinese Grand Prix,SQ,chinese-grand-prix_corner_12,HUL,BOR,154.0,147.5,69.833,session_best
2026,2,Chinese Grand Prix,SQ,chinese-grand-prix_corner_12,ALB,BOR,155.0,148.167,108.833,session_best
2026,2,Chinese Grand Prix,SQ,chinese-grand-prix_corner_12,VER,BOR,158.0,152.75,62.25,session_best
2026,2,Chinese Grand Prix,SQ,chinese-grand-prix_corner_17,BEA,BEA,0.0,0.0,0.0,session_best
2026,2,Chinese Grand Prix,SQ,chinese-grand-prix_corner_17,BOR,BEA,144.0,52.75,144.0,session_best
2026,2,Chinese Grand Prix,SQ,chinese-grand-prix_corner_17,GAS,BEA,232.0,171.4,77.2,session_best
2026,2,Chinese Grand Prix,SQ,chinese-grand-prix_corner_17,HUL,BEA,233.0,164.667,79.833,session_best
2026,2,Chinese Grand Prix,SQ,chinese-grand-prix_corner_17,PIA,BEA,233.0,172.667,80.833,session_best
2026,2,Chinese Grand Prix,SQ,chinese-grand-prix_corner_17,NOR,BEA,234.0,181.4,86.0,session_best
2026,2,Chinese Grand Prix,SQ,chinese-grand-prix_corner_17,ANT,BEA,234.0,137.6,89.4,session_best
2026,2,Chinese Grand Prix,SQ,chinese-grand-prix_corner_17,ALB,BEA,234.0,87.6,85.2,session_best
2026,2,Chinese Grand Prix,SQ,chinese-grand-prix_corner_17,HAM,BEA,234.0,213.6,68.6,session_best
2026,2,Chinese Grand Prix,SQ,chinese-grand-prix_corner_17,ALO,BEA,235.0,198.4,77.2,session_best
2026,2,Chinese Grand Prix,SQ,chinese-grand-prix_corner_17,OCO,BEA,235.0,190.0,77.0,session_best
2026,2,Chinese Grand Prix,SQ,chinese-grand-prix_corner_17,VER,BEA,235.0,195.6,67.0,session_best
2026,2,Chinese Grand Prix,SQ,chinese-grand-prix_corner_17,STR,BEA,235.0,235.0,89.714,session_best
2026,2,Chinese Grand Prix,SQ,chinese-grand-prix_corner_17,BOT,BEA,236.0,202.0,77.0,session_best
2026,2,Chinese Grand Prix,SQ,chinese-grand-prix_corner_17,LEC,BEA,236.0,216.8,56.6,session_best
2026,2,Chinese Grand Prix,SQ,chinese-grand-prix_corner_17,COL,BEA,236.0,231.2,61.4,session_best
2026,2,Chinese Grand Prix,SQ,chinese-grand-prix_corner_17,LAW,BEA,236.0,84.6,66.2,session_best
2026,2,Chinese Grand Prix,SQ,chinese-grand-prix_corner_17,SAI,BEA,236.0,201.2,71.2,session_best
2026,2,Chinese Grand Prix,SQ,chinese-grand-prix_corner_17,RUS,BEA,237.0,115.5,80.167,session_best
2026,2,Chinese Grand Prix,SQ,chinese-grand-prix_corner_17,LIN,BEA,238.0,186.5,69.667,session_best
2026,2,Chinese Grand Prix,SQ,chinese-grand-prix_corner_17,HAD,BEA,239.0,163.5,77.833,session_best
2026,2,Chinese Grand Prix,SQ,chinese-grand-prix_corner_18,BEA,BEA,0.0,0.0,0.0,session_best
2026,2,Chinese Grand Prix,SQ,chinese-grand-prix_corner_18,STR,BEA,60.0,60.0,50.0,session_best
2026,2,Chinese Grand Prix,SQ,chinese-grand-prix_corner_18,PIA,BEA,130.0,55.667,83.667,session_best
2026,2,Chinese Grand Prix,SQ,chinese-grand-prix_corner_18,RUS,BEA,132.0,57.25,86.25,session_best
2026,2,Chinese Grand Prix,SQ,chinese-grand-prix_corner_18,HAM,BEA,132.0,54.333,64.333,session_best
2026,2,Chinese Grand Prix,SQ,chinese-grand-prix_corner_18,LEC,BEA,133.0,65.5,67.75,session_best
2026,2,Chinese Grand Prix,SQ,chinese-grand-prix_corner_18,ANT,BEA,136.0,60.0,92.333,session_best
2026,2,Chinese Grand Prix,SQ,chinese-grand-prix_corner_18,HUL,BEA,138.0,48.667,75.667,session_best
2026,2,Chinese Grand Prix,SQ,chinese-grand-prix_corner_18,NOR,BEA,139.0,57.5,82.5,session_best
2026,2,Chinese Grand Prix,SQ,chinese-grand-prix_corner_18,LAW,BEA,141.0,46.333,88.0,session_best
2026,2,Chinese Grand Prix,SQ,chinese-grand-prix_corner_18,VER,BEA,144.0,46.75,76.0,session_best
2026,2,Chinese Grand Prix,SQ,chinese-grand-prix_corner_18,BOR,BEA,144.0,144.0,144.0,session_best
2026,2,Chinese Grand Prix,SQ,chinese-grand-prix_corner_18,COL,BEA,144.0,92.75,122.0,session_best
2026,2,Chinese Grand Prix,SQ,chinese-grand-prix_corner_18,LIN,BEA,144.0,47.5,71.0,session_best
2026,2,Chinese Grand Prix,SQ,chinese-grand-prix_corner_18,GAS,BEA,144.0,62.25,84.75,session_best
2026,2,Chinese Grand Prix,SQ,chinese-grand-prix_corner_18,HAD,BEA,144.0,55.75,58.75,session_best
2026,2,Chinese Grand Prix,SQ,chinese-grand-prix_corner_18,SAI,BEA,145.0,55.0,81.0,session_best
2026,2,Chinese Grand Prix,SQ,chinese-grand-prix_corner_18,OCO,BEA,149.0,62.0,84.0,session_best
2026,2,Chinese Grand Prix,SQ,chinese-grand-prix_corner_18,ALO,BEA,149.0,66.25,77.75,session_best
2026,2,Chinese Grand Prix,SQ,chinese-grand-prix_corner_18,ALB,BEA,152.0,59.75,94.75,session_best
2026,2,Chinese Grand Prix,SQ,chinese-grand-prix_corner_18,BOT,BEA,154.0,69.25,89.5,session_best
2026,3,Japanese Grand Prix,Q,japanese-grand-prix_corner_03,ANT,ANT,0.0,0.0,0.0,session_best
2026,3,Japanese Grand Prix,Q,japanese-grand-prix_corner_03,HAM,ANT,2.0,26.667,-6.0,session_best
2026,3,Japanese Grand Prix,Q,japanese-grand-prix_corner_03,RUS,ANT,3.0,29.667,-3.0,session_best
2026,3,Japanese Grand Prix,Q,japanese-grand-prix_corner_03,NOR,ANT,5.0,47.333,1.666,session_best
2026,3,Japanese Grand Prix,Q,japanese-grand-prix_corner_03,LEC,ANT,5.0,25.0,-1.167,session_best
2026,3,Japanese Grand Prix,Q,japanese-grand-prix_corner_03,GAS,ANT,6.0,21.333,2.0,session_best
2026,3,Japanese Grand Prix,Q,japanese-grand-prix_corner_03,PIA,ANT,8.0,27.667,0.333,session_best
2026,3,Japanese Grand Prix,Q,japanese-grand-prix_corner_03,VER,ANT,9.0,17.0,-1.667,session_best
2026,3,Japanese Grand Prix,Q,japanese-grand-prix_corner_03,HUL,ANT,11.0,30.0,-15.917,session_best
2026,3,Japanese Grand Prix,Q,japanese-grand-prix_corner_03,COL,ANT,11.0,21.0,5.333,session_best
2026,3,Japanese Grand Prix,Q,japanese-grand-prix_corner_03,BEA,ANT,11.0,45.333,4.666,session_best
2026,3,Japanese Grand Prix,Q,japanese-grand-prix_corner_03,SAI,ANT,12.0,30.25,-7.167,session_best
2026,3,Japanese Grand Prix,Q,japanese-grand-prix_corner_03,LAW,ANT,12.0,19.0,10.083,session_best
2026,3,Japanese Grand Prix,Q,japanese-grand-prix_corner_03,BOR,ANT,12.0,32.667,1.666,session_best
2026,3,Japanese Grand Prix,Q,japanese-grand-prix_corner_03,OCO,ANT,12.0,26.0,7.0,session_best
2026,3,Japanese Grand Prix,Q,japanese-grand-prix_corner_03,LIN,ANT,12.0,18.75,5.583,session_best
2026,3,Japanese Grand Prix,Q,japanese-grand-prix_corner_03,ALO,ANT,13.0,35.75,7.333,session_best
2026,3,Japanese Grand Prix,Q,japanese-grand-prix_corner_03,HAD,ANT,13.0,20.75,5.583,session_best
2026,3,Japanese Grand Prix,Q,japanese-grand-prix_corner_03,PER,ANT,15.0,33.5,13.083,session_best
2026,3,Japanese Grand Prix,Q,japanese-grand-prix_corner_03,STR,ANT,15.0,32.667,5.0,session_best
2026,3,Japanese Grand Prix,Q,japanese-grand-prix_corner_03,BOT,ANT,16.0,27.25,6.833,session_best
2026,3,Japanese Grand Prix,Q,japanese-grand-prix_corner_03,ALB,ANT,17.0,28.333,2.666,session_best
2026,3,Japanese Grand Prix,Q,japanese-grand-prix_corner_04,HUL,HUL,0.0,0.0,0.0,session_best
2026,3,Japanese Grand Prix,Q,japanese-grand-prix_corner_04,BOR,HUL,8.0,14.667,-9.667,session_best
2026,3,Japanese Grand Prix,Q,japanese-grand-prix_corner_04,NOR,HUL,8.0,13.333,-16.334,session_best
2026,3,Japanese Grand Prix,Q,japanese-grand-prix_corner_04,SAI,HUL,8.0,11.333,7.666,session_best
2026,3,Japanese Grand Prix,Q,japanese-grand-prix_corner_04,HAM,HUL,8.0,14.333,-17.0,session_best
2026,3,Japanese Grand Prix,Q,japanese-grand-prix_corner_04,PIA,HUL,9.0,15.333,-17.334,session_best
2026,3,Japanese Grand Prix,Q,japanese-grand-prix_corner_04,ALB,HUL,10.0,13.75,-3.667,session_best
2026,3,Japanese Grand Prix,Q,japanese-grand-prix_corner_04,BEA,HUL,10.0,11.0,-0.667,session_best
2026,3,Japanese Grand Prix,Q,japanese-grand-prix_corner_04,ALO,HUL,12.0,15.0,1.083,session_best
2026,3,Japanese Grand Prix,Q,japanese-grand-prix_corner_04,RUS,HUL,12.0,14.5,-22.167,session_best
2026,3,Japanese Grand Prix,Q,japanese-grand-prix_corner_04,HAD,HUL,12.0,12.5,-10.417,session_best
2026,3,Japanese Grand Prix,Q,japanese-grand-prix_corner_04,LEC,HUL,13.0,19.333,-16.334,session_best
2026,3,Japanese Grand Prix,Q,japanese-grand-prix_corner_04,VER,HUL,14.0,22.333,-14.334,session_best
2026,3,Japanese Grand Prix,Q,japanese-grand-prix_corner_04,STR,HUL,16.0,19.0,0.083,session_best
2026,3,Japanese Grand Prix,Q,japanese-grand-prix_corner_04,LIN,HUL,16.0,17.0,-6.334,session_best
2026,3,Japanese Grand Prix,Q,japanese-grand-prix_corner_04,GAS,HUL,17.0,18.25,-14.167,session_best
2026,3,Japanese Grand Prix,Q,japanese-grand-prix_corner_04,BOT,HUL,22.0,25.75,7.333,session_best
2026,3,Japanese Grand Prix,Q,japanese-grand-prix_corner_04,OCO,HUL,23.0,22.5,-12.417,session_best
2026,3,Japanese Grand Prix,Q,japanese-grand-prix_corner_04,ANT,HUL,24.0,33.667,-22.334,session_best
2026,3,Japanese Grand Prix,Q,japanese-grand-prix_corner_04,COL,HUL,27.0,20.333,-11.334,session_best
2026,3,Japanese Grand Prix,Q,japanese-grand-prix_corner_04,PER,HUL,30.0,31.25,7.583,session_best
2026,3,Japanese Grand Prix,Q,japanese-grand-prix_corner_04,LAW,HUL,36.0,27.75,-0.417,session_best
2026,3,Japanese Grand Prix,Q,japanese-grand-prix_corner_05,ANT,ANT,0.0,0.0,0.0,session_best
2026,3,Japanese Grand Prix,Q,japanese-grand-prix_corner_05,RUS,ANT,2.0,-5.5,1.5,session_best
2026,3,Japanese Grand Prix,Q,japanese-grand-prix_corner_05,HAM,ANT,3.0,-6.667,5.75,session_best
2026,3,Japanese Grand Prix,Q,japanese-grand-prix_corner_05,PIA,ANT,4.0,1.333,6.417,session_best
2026,3,Japanese Grand Prix,Q,japanese-grand-prix_corner_05,NOR,ANT,5.0,2.5,6.0,session_best
2026,3,Japanese Grand Prix,Q,japanese-grand-prix_corner_05,LEC,ANT,6.0,1.0,9.75,session_best
2026,3,Japanese Grand Prix,Q,japanese-grand-prix_corner_05,BOR,ANT,8.0,6.5,9.25,session_best
2026,3,Japanese Grand Prix,Q,japanese-grand-prix_corner_05,OCO,ANT,8.0,4.5,8.75,session_best
2026,3,Japanese Grand Prix,Q,japanese-grand-prix_corner_05,BEA,ANT,9.0,14.5,10.75,session_best
2026,3,Japanese Grand Prix,Q,japanese-grand-prix_corner_05,LIN,ANT,11.0,8.0,10.75,session_best
2026,3,Japanese Grand Prix,Q,japanese-grand-prix_corner_05,HAD,ANT,11.0,10.5,10.0,session_best
2026,3,Japanese Grand Prix,Q,japanese-grand-prix_corner_05,GAS,ANT,12.0,5.5,11.25,session_best
2026,3,Japanese Grand Prix,Q,japanese-grand-prix_corner_05,VER,ANT,13.0,11.75,10.5,session_best
2026,3,Japanese Grand Prix,Q,japanese-grand-prix_corner_05,SAI,ANT,14.0,19.25,19.75,session_best
2026,3,Japanese Grand Prix,Q,japanese-grand-prix_corner_05,ALB,ANT,17.0,17.75,23.75,session_best
2026,3,Japanese Grand Prix,Q,japanese-grand-prix_corner_05,STR,ANT,19.0,23.5,15.75,session_best
2026,3,Japanese Grand Prix,Q,japanese-grand-prix_corner_05,LAW,ANT,20.0,14.0,20.0,session_best
2026,3,Japanese Grand Prix,Q,japanese-grand-prix_corner_05,ALO,ANT,20.0,23.0,19.0,session_best
2026,3,Japanese Grand Prix,Q,japanese-grand-prix_corner_05,BOT,ANT,24.0,29.0,20.75,session_best
2026,3,Japanese Grand Prix,Q,japanese-grand-prix_corner_05,HUL,ANT,25.0,14.25,20.5,session_best
2026,3,Japanese Grand Prix,Q,japanese-grand-prix_corner_05,COL,ANT,26.0,14.333,23.083,session_best
2026,3,Japanese Grand Prix,Q,japanese-grand-prix_corner_05,PER,ANT,29.0,25.0,25.75,session_best
2026,3,Japanese Grand Prix,Q,japanese-grand-prix_corner_06,LEC,LEC,0.0,0.0,0.0,session_best
2026,3,Japanese Grand Prix,Q,japanese-grand-prix_corner_06,HAM,LEC,1.0,-4.75,9.833,session_best
2026,3,Japanese Grand Prix,Q,japanese-grand-prix_corner_06,PIA,LEC,6.0,5.5,5.25,session_best
2026,3,Japanese Grand Prix,Q,japanese-grand-prix_corner_06,NOR,LEC,8.0,1.917,6.167,session_best
2026,3,Japanese Grand Prix,Q,japanese-grand-prix_corner_06,RUS,LEC,8.0,-1.417,3.5,session_best
2026,3,Japanese Grand Prix,Q,japanese-grand-prix_corner_06,ANT,LEC,9.0,-3.5,4.75,session_best
2026,3,Japanese Grand Prix,Q,japanese-grand-prix_corner_06,HAD,LEC,9.0,7.5,8.25,session_best
2026,3,Japanese Grand Prix,Q,japanese-grand-prix_corner_06,BOR,LEC,13.0,6.0,9.5,session_best
2026,3,Japanese Grand Prix,Q,japanese-grand-prix_corner_06,HUL,LEC,14.0,16.5,12.5,session_best
2026,3,Japanese Grand Prix,Q,japanese-grand-prix_corner_06,GAS,LEC,14.0,7.583,11.5,session_best
2026,3,Japanese Grand Prix,Q,japanese-grand-prix_corner_06,BEA,LEC,16.0,10.917,11.833,session_best
2026,3,Japanese Grand Prix,Q,japanese-grand-prix_corner_06,VER,LEC,19.0,12.25,11.75,session_best
2026,3,Japanese Grand Prix,Q,japanese-grand-prix_corner_06,LIN,LEC,20.0,12.5,10.5,session_best
2026,3,Japanese Grand Prix,Q,japanese-grand-prix_corner_06,LAW,LEC,21.0,19.583,17.5,session_best
2026,3,Japanese Grand Prix,Q,japanese-grand-prix_corner_06,OCO,LEC,22.0,-1.5,13.0,session_best
2026,3,Japanese Grand Prix,Q,japanese-grand-prix_corner_06,STR,LEC,22.0,17.75,22.0,session_best
2026,3,Japanese Grand Prix,Q,japanese-grand-prix_corner_06,ALB,LEC,22.0,19.0,10.75,session_best
2026,3,Japanese Grand Prix,Q,japanese-grand-prix_corner_06,ALO,LEC,26.0,18.25,15.75,session_best
2026,3,Japanese Grand Prix,Q,japanese-grand-prix_corner_06,COL,LEC,27.0,27.75,8.25,session_best
2026,3,Japanese Grand Prix,Q,japanese-grand-prix_corner_06,SAI,LEC,28.0,8.25,13.5,session_best
2026,3,Japanese Grand Prix,Q,japanese-grand-prix_corner_06,BOT,LEC,30.0,22.5,11.5,session_best
2026,3,Japanese Grand Prix,Q,japanese-grand-prix_corner_06,PER,LEC,34.0,26.75,16.25,session_best
2026,3,Japanese Grand Prix,Q,japanese-grand-prix_corner_09,HAM,HAM,0.0,0.0,0.0,session_best
2026,3,Japanese Grand Prix,Q,japanese-grand-prix_corner_09,OCO,HAM,1.0,-22.75,6.583,session_best
2026,3,Japanese Grand Prix,Q,japanese-grand-prix_corner_09,LEC,HAM,3.0,-1.25,3.0,session_best
2026,3,Japanese Grand Prix,Q,japanese-grand-prix_corner_09,RUS,HAM,3.0,-10.083,-4.417,session_best
2026,3,Japanese Grand Prix,Q,japanese-grand-prix_corner_09,PIA,HAM,4.0,-4.25,-2.25,session_best
2026,3,Japanese Grand Prix,Q,japanese-grand-prix_corner_09,HUL,HAM,4.0,-20.083,0.583,session_best
2026,3,Japanese Grand Prix,Q,japanese-grand-prix_corner_09,NOR,HAM,6.0,-5.75,-5.083,session_best
2026,3,Japanese Grand Prix,Q,japanese-grand-prix_corner_09,ANT,HAM,7.0,-23.25,1.0,session_best
2026,3,Japanese Grand Prix,Q,japanese-grand-prix_corner_09,BOR,HAM,9.0,1.75,-0.75,session_best
2026,3,Japanese Grand Prix,Q,japanese-grand-prix_corner_09,GAS,HAM,9.0,2.25,-4.25,session_best
2026,3,Japanese Grand Prix,Q,japanese-grand-prix_corner_09,VER,HAM,11.0,8.25,-6.75,session_best
2026,3,Japanese Grand Prix,Q,japanese-grand-prix_corner_09,SAI,HAM,12.0,15.0,-4.25,session_best
2026,3,Japanese Grand Prix,Q,japanese-grand-prix_corner_09,ALB,HAM,12.0,13.25,-4.5,session_best
2026,3,Japanese Grand Prix,Q,japanese-grand-prix_corner_09,HAD,HAM,13.0,3.75,-9.75,session_best
2026,3,Japanese Grand Prix,Q,japanese-grand-prix_corner_09,ALO,HAM,14.0,6.75,10.5,session_best
2026,3,Japanese Grand Prix,Q,japanese-grand-prix_corner_09,COL,HAM,14.0,-119.75,8.917,session_best
2026,3,Japanese Grand Prix,Q,japanese-grand-prix_corner_09,LIN,HAM,15.0,5.25,-10.0,session_best
2026,3,Japanese Grand Prix,Q,japanese-grand-prix_corner_09,BOT,HAM,16.0,11.75,4.0,session_best
2026,3,Japanese Grand Prix,Q,japanese-grand-prix_corner_09,STR,HAM,17.0,14.75,12.5,session_best
2026,3,Japanese Grand Prix,Q,japanese-grand-prix_corner_09,BEA,HAM,18.0,20.75,4.0,session_best
2026,3,Japanese Grand Prix,Q,japanese-grand-prix_corner_09,PER,HAM,18.0,13.5,3.0,session_best
2026,3,Japanese Grand Prix,Q,japanese-grand-prix_corner_09,LAW,HAM,20.0,20.25,-5.75,session_best
2026,3,Japanese Grand Prix,Q,japanese-grand-prix_corner_10,GAS,GAS,0.0,0.0,0.0,session_best
2026,3,Japanese Grand Prix,Q,japanese-grand-prix_corner_10,BOT,GAS,1.0,20.2,-8.2,session_best
2026,3,Japanese Grand Prix,Q,japanese-grand-prix_corner_10,NOR,GAS,1.0,4.2,-2.8,session_best
2026,3,Japanese Grand Prix,Q,japanese-grand-prix_corner_10,LAW,GAS,1.0,10.333,-10.867,session_best
2026,3,Japanese Grand Prix,Q,japanese-grand-prix_corner_10,HAM,GAS,1.0,10.667,1.967,session_best
2026,3,Japanese Grand Prix,Q,japanese-grand-prix_corner_10,STR,GAS,1.0,17.333,-6.2,session_best
2026,3,Japanese Grand Prix,Q,japanese-grand-prix_corner_10,PER,GAS,1.0,19.667,-4.2,session_best
2026,3,Japanese Grand Prix,Q,japanese-grand-prix_corner_10,PIA,GAS,1.0,-1.0,-0.8,session_best
2026,3,Japanese Grand Prix,Q,japanese-grand-prix_corner_10,OCO,GAS,2.0,10.6,16.0,session_best
2026,3,Japanese Grand Prix,Q,japanese-grand-prix_corner_10,HAD,GAS,2.0,4.2,12.8,session_best
2026,3,Japanese Grand Prix,Q,japanese-grand-prix_corner_10,BOR,GAS,2.0,5.0,9.133,session_best
2026,3,Japanese Grand Prix,Q,japanese-grand-prix_corner_10,BEA,GAS,3.0,11.0,-16.7,session_best
2026,3,Japanese Grand Prix,Q,japanese-grand-prix_corner_10,ANT,GAS,3.0,-4.0,8.0,session_best
2026,3,Japanese Grand Prix,Q,japanese-grand-prix_corner_10,ALO,GAS,4.0,23.4,-8.2,session_best
2026,3,Japanese Grand Prix,Q,japanese-grand-prix_corner_10,VER,GAS,4.0,3.833,14.3,session_best
2026,3,Japanese Grand Prix,Q,japanese-grand-prix_corner_10,LIN,GAS,4.0,2.4,24.4,session_best
2026,3,Japanese Grand Prix,Q,japanese-grand-prix_corner_10,HUL,GAS,4.0,1.2,-12.8,session_best
2026,3,Japanese Grand Prix,Q,japanese-grand-prix_corner_10,COL,GAS,4.0,6.0,34.0,session_best
2026,3,Japanese Grand Prix,Q,japanese-grand-prix_corner_10,RUS,GAS,6.0,1.6,14.6,session_best
2026,3,Japanese Grand Prix,Q,japanese-grand-prix_corner_10,SAI,GAS,6.0,14.333,-20.033,session_best
2026,3,Japanese Grand Prix,Q,japanese-grand-prix_corner_10,LEC,GAS,9.0,9.8,-10.6,session_best
2026,3,Japanese Grand Prix,Q,japanese-grand-prix_corner_10,ALB,GAS,10.0,8.667,-24.867,session_best
2026,3,Japanese Grand Prix,Q,japanese-grand-prix_corner_14,BOR,BOR,0.0,0.0,0.0,session_best
2026,3,Japanese Grand Prix,Q,japanese-grand-prix_corner_14,LAW,BOR,1.0,1.0,1.0,session_best
2026,3,Japanese Grand Prix,Q,japanese-grand-prix_corner_14,COL,BOR,54.0,54.0,54.0,session_best
2026,3,Japanese Grand Prix,Q,japanese-grand-prix_corner_14,HUL,BOR,82.0,82.0,82.0,session_best
2026,3,Japanese Grand Prix,Q,japanese-grand-prix_corner_14,LIN,BOR,100.0,74.0,100.0,session_best
2026,3,Japanese Grand Prix,Q,japanese-grand-prix_corner_14,LEC,BOR,109.0,99.5,22.0,session_best
2026,3,Japanese Grand Prix,Q,japanese-grand-prix_corner_14,ANT,BOR,112.0,96.5,91.0,session_best
2026,3,Japanese Grand Prix,Q,japanese-grand-prix_corner_14,RUS,BOR,112.0,95.25,28.75,session_best
2026,3,Japanese Grand Prix,Q,japanese-grand-prix_corner_14,PIA,BOR,114.0,94.25,23.75,session_best
2026,3,Japanese Grand Prix,Q,japanese-grand-prix_corner_14,HAM,BOR,114.0,101.0,16.5,session_best
2026,3,Japanese Grand Prix,Q,japanese-grand-prix_corner_14,NOR,BOR,115.0,94.75,18.75,session_best
2026,3,Japanese Grand Prix,Q,japanese-grand-prix_corner_14,OCO,BOR,116.0,15.0,63.0,session_best
2026,3,Japanese Grand Prix,Q,japanese-grand-prix_corner_14,GAS,BOR,119.0,101.0,19.667,session_best
2026,3,Japanese Grand Prix,Q,japanese-grand-prix_corner_14,BEA,BOR,120.0,118.5,11.5,session_best
2026,3,Japanese Grand Prix,Q,japanese-grand-prix_corner_14,VER,BOR,121.0,99.0,19.667,session_best
2026,3,Japanese Grand Prix,Q,japanese-grand-prix_corner_14,HAD,BOR,121.0,102.25,33.5,session_best
2026,3,Japanese Grand Prix,Q,japanese-grand-prix_corner_14,PER,BOR,122.0,106.25,27.0,session_best
2026,3,Japanese Grand Prix,Q,japanese-grand-prix_corner_14,ALB,BOR,123.0,109.667,41.333,session_best
2026,3,Japanese Grand Prix,Q,japanese-grand-prix_corner_14,SAI,BOR,125.0,112.5,18.75,session_best
2026,3,Japanese Grand Prix,Q,japanese-grand-prix_corner_14,ALO,BOR,127.0,114.0,23.5,session_best
2026,3,Japanese Grand Prix,Q,japanese-grand-prix_corner_14,STR,BOR,127.0,111.667,27.0,session_best
2026,3,Japanese Grand Prix,Q,japanese-grand-prix_corner_14,BOT,BOR,128.0,117.25,30.5,session_best
2026,3,Japanese Grand Prix,Q,japanese-grand-prix_corner_19,LIN,LIN,0.0,0.0,0.0,session_best
2026,3,Japanese Grand Prix,Q,japanese-grand-prix_corner_19,SAI,LIN,18.0,31.333,0.334,session_best
2026,3,Japanese Grand Prix,Q,japanese-grand-prix_corner_19,COL,LIN,29.0,-114.0,136.667,session_best
2026,3,Japanese Grand Prix,Q,japanese-grand-prix_corner_19,OCO,LIN,37.0,-109.0,141.667,session_best
2026,3,Japanese Grand Prix,Q,japanese-grand-prix_corner_19,BEA,LIN,37.0,55.25,4.167,session_best
2026,3,Japanese Grand Prix,Q,japanese-grand-prix_corner_19,PER,LIN,37.0,61.0,32.067,session_best
2026,3,Japanese Grand Prix,Q,japanese-grand-prix_corner_19,STR,LIN,39.0,60.5,61.667,session_best
2026,3,Japanese Grand Prix,Q,japanese-grand-prix_corner_19,LEC,LIN,39.0,61.75,20.167,session_best
2026,3,Japanese Grand Prix,Q,japanese-grand-prix_corner_19,ALB,LIN,40.0,63.5,9.667,session_best
2026,3,Japanese Grand Prix,Q,japanese-grand-prix_corner_19,HAM,LIN,40.0,61.5,10.417,session_best
2026,3,Japanese Grand Prix,Q,japanese-grand-prix_corner_19,RUS,LIN,42.0,63.6,21.667,session_best
2026,3,Japanese Grand Prix,Q,japanese-grand-prix_corner_19,BOT,LIN,42.0,63.75,18.417,session_best
2026,3,Japanese Grand Prix,Q,japanese-grand-prix_corner_19,NOR,LIN,43.0,64.0,34.667,session_best
2026,3,Japanese Grand Prix,Q,japanese-grand-prix_corner_19,GAS,LIN,43.0,67.0,7.167,session_best
2026,3,Japanese Grand Prix,Q,japanese-grand-prix_corner_19,HAD,LIN,43.0,63.5,39.167,session_best
2026,3,Japanese Grand Prix,Q,japanese-grand-prix_corner_19,PIA,LIN,45.0,62.5,30.417,session_best
2026,3,Japanese Grand Prix,Q,japanese-grand-prix_corner_19,BOR,LIN,46.0,25.6,49.467,session_best
2026,3,Japanese Grand Prix,Q,japanese-grand-prix_corner_19,HUL,LIN,48.0,36.0,33.0,session_best
2026,3,Japanese Grand Prix,Q,japanese-grand-prix_corner_19,LAW,LIN,48.0,-43.333,72.5,session_best
2026,3,Japanese Grand Prix,Q,japanese-grand-prix_corner_19,VER,LIN,49.0,65.6,13.467,session_best
2026,3,Japanese Grand Prix,Q,japanese-grand-prix_corner_19,ALO,LIN,50.0,69.2,73.667,session_best
2026,3,Japanese Grand Prix,R,japanese-grand-prix_corner_03,BEA,BEA,0.0,0.0,0.0,session_best
2026,3,Japanese Grand Prix,R,japanese-grand-prix_corner_03,ANT,BEA,162.0,16.75,155.0,session_best
2026,3,Japanese Grand Prix,R,japanese-grand-prix_corner_03,ALB,BEA,164.0,48.25,160.0,session_best
2026,3,Japanese Grand Prix,R,japanese-grand-prix_corner_03,LEC,BEA,164.0,14.75,150.75,session_best
2026,3,Japanese Grand Prix,R,japanese-grand-prix_corner_03,HUL,BEA,164.0,8.75,157.0,session_best
2026,3,Japanese Grand Prix,R,japanese-grand-prix_corner_03,HAM,BEA,164.0,6.667,153.0,session_best
2026,3,Japanese Grand Prix,R,japanese-grand-prix_corner_03,PIA,BEA,164.0,29.0,144.5,session_best
2026,3,Japanese Grand Prix,R,japanese-grand-prix_corner_03,RUS,BEA,165.0,14.75,161.25,session_best
2026,3,Japanese Grand Prix,R,japanese-grand-prix_corner_03,GAS,BEA,165.0,9.333,159.333,session_best
2026,3,Japanese Grand Prix,R,japanese-grand-prix_corner_03,STR,BEA,165.0,62.667,159.0,session_best
2026,3,Japanese Grand Prix,R,japanese-grand-prix_corner_03,VER,BEA,166.0,25.0,156.0,session_best
2026,3,Japanese Grand Prix,R,japanese-grand-prix_corner_03,SAI,BEA,167.0,20.25,164.75,session_best
2026,3,Japanese Grand Prix,R,japanese-grand-prix_corner_03,BOR,BEA,168.0,15.5,159.25,session_best
2026,3,Japanese Grand Prix,R,japanese-grand-prix_corner_03,HAD,BEA,168.0,16.0,163.25,session_best
2026,3,Japanese Grand Prix,R,japanese-grand-prix_corner_03,LAW,BEA,170.0,21.25,158.0,session_best
2026,3,Japanese Grand Prix,R,japanese-grand-prix_corner_03,ALO,BEA,171.0,28.333,157.333,session_best
2026,3,Japanese Grand Prix,R,japanese-grand-prix_corner_03,PER,BEA,171.0,53.75,162.75,session_best
2026,3,Japanese Grand Prix,R,japanese-grand-prix_corner_03,NOR,BEA,172.0,12.333,158.0,session_best
2026,3,Japanese Grand Prix,R,japanese-grand-prix_corner_03,LIN,BEA,172.0,13.0,162.667,session_best
2026,3,Japanese Grand Prix,R,japanese-grand-prix_corner_03,COL,BEA,174.0,11.0,174.0,session_best
2026,3,Japanese Grand Prix,R,japanese-grand-prix_corner_03,OCO,BEA,175.0,26.5,163.0,session_best
2026,3,Japanese Grand Prix,R,japanese-grand-prix_corner_03,BOT,BEA,178.0,31.75,168.0,session_best
2026,3,Japanese Grand Prix,R,japanese-grand-prix_corner_05,NOR,NOR,0.0,0.0,0.0,session_best
2026,3,Japanese Grand Prix,R,japanese-grand-prix_corner_05,ANT,NOR,2.0,-1.5,-2.75,session_best
2026,3,Japanese Grand Prix,R,japanese-grand-prix_corner_05,HUL,NOR,4.0,-1.0,2.25,session_best
2026,3,Japanese Grand Prix,R,japanese-grand-prix_corner_05,GAS,NOR,5.0,2.5,-0.25,session_best
2026,3,Japanese Grand Prix,R,japanese-grand-prix_corner_05,VER,NOR,6.0,5.75,4.417,session_best
2026,3,Japanese Grand Prix,R,japanese-grand-prix_corner_05,ALB,NOR,6.0,3.25,5.0,session_best
2026,3,Japanese Grand Prix,R,japanese-grand-prix_corner_05,LEC,NOR,7.0,-10.75,2.25,session_best
2026,3,Japanese Grand Prix,R,japanese-grand-prix_corner_05,RUS,NOR,7.0,-4.75,4.5,session_best
2026,3,Japanese Grand Prix,R,japanese-grand-prix_corner_05,LAW,NOR,7.0,-1.583,9.417,session_best
2026,3,Japanese Grand Prix,R,japanese-grand-prix_corner_05,BEA,NOR,7.0,-121.25,-2.583,session_best
2026,3,Japanese Grand Prix,R,japanese-grand-prix_corner_05,HAM,NOR,7.0,-2.583,3.75,session_best
2026,3,Japanese Grand Prix,R,japanese-grand-prix_corner_05,HAD,NOR,10.0,1.0,4.0,session_best
2026,3,Japanese Grand Prix,R,japanese-grand-prix_corner_05,BOR,NOR,10.0,-15.25,3.25,session_best
2026,3,Japanese Grand Prix,R,japanese-grand-prix_corner_05,OCO,NOR,12.0,9.417,6.75,session_best
2026,3,Japanese Grand Prix,R,japanese-grand-prix_corner_05,SAI,NOR,13.0,5.25,11.0,session_best
2026,3,Japanese Grand Prix,R,japanese-grand-prix_corner_05,LIN,NOR,14.0,-13.75,7.0,session_best
2026,3,Japanese Grand Prix,R,japanese-grand-prix_corner_05,PER,NOR,15.0,13.25,10.0,session_best
2026,3,Japanese Grand Prix,R,japanese-grand-prix_corner_05,ALO,NOR,16.0,17.0,10.75,session_best
2026,3,Japanese Grand Prix,R,japanese-grand-prix_corner_05,STR,NOR,17.0,16.75,12.75,session_best
2026,3,Japanese Grand Prix,R,japanese-grand-prix_corner_05,COL,NOR,17.0,13.5,11.75,session_best
2026,3,Japanese Grand Prix,R,japanese-grand-prix_corner_05,BOT,NOR,22.0,13.5,17.0,session_best
2026,3,Japanese Grand Prix,R,japanese-grand-prix_corner_05,PIA,NOR,24.0,-6.25,23.5,session_best
2026,3,Japanese Grand Prix,R,japanese-grand-prix_corner_06,BEA,BEA,0.0,0.0,0.0,session_best
2026,3,Japanese Grand Prix,R,japanese-grand-prix_corner_06,LEC,BEA,9.0,5.0,-15.0,session_best
2026,3,Japanese Grand Prix,R,japanese-grand-prix_corner_06,HAM,BEA,11.0,7.0,-15.75,session_best
2026,3,Japanese Grand Prix,R,japanese-grand-prix_corner_06,ALB,BEA,14.0,11.25,-25.25,session_best
2026,3,Japanese Grand Prix,R,japanese-grand-prix_corner_06,ANT,BEA,15.0,9.667,-21.667,session_best
2026,3,Japanese Grand Prix,R,japanese-grand-prix_corner_06,ALO,BEA,17.0,15.25,-10.25,session_best
2026,3,Japanese Grand Prix,R,japanese-grand-prix_corner_06,PIA,BEA,17.0,15.75,-37.25,session_best
2026,3,Japanese Grand Prix,R,japanese-grand-prix_corner_06,NOR,BEA,18.0,6.75,-15.25,session_best
2026,3,Japanese Grand Prix,R,japanese-grand-prix_corner_06,HUL,BEA,19.0,8.5,-14.5,session_best
2026,3,Japanese Grand Prix,R,japanese-grand-prix_corner_06,RUS,BEA,19.0,10.333,-20.333,session_best
2026,3,Japanese Grand Prix,R,japanese-grand-prix_corner_06,GAS,BEA,19.0,12.667,-17.0,session_best
2026,3,Japanese Grand Prix,R,japanese-grand-prix_corner_06,HAD,BEA,20.0,6.5,-16.0,session_best
2026,3,Japanese Grand Prix,R,japanese-grand-prix_corner_06,BOR,BEA,21.0,6.75,-11.25,session_best
2026,3,Japanese Grand Prix,R,japanese-grand-prix_corner_06,VER,BEA,22.0,8.25,-15.75,session_best
2026,3,Japanese Grand Prix,R,japanese-grand-prix_corner_06,STR,BEA,23.0,12.75,-4.75,session_best
2026,3,Japanese Grand Prix,R,japanese-grand-prix_corner_06,SAI,BEA,25.0,11.0,-12.4,session_best
2026,3,Japanese Grand Prix,R,japanese-grand-prix_corner_06,PER,BEA,26.0,20.8,-13.6,session_best
2026,3,Japanese Grand Prix,R,japanese-grand-prix_corner_06,LAW,BEA,26.0,15.75,-15.75,session_best
2026,3,Japanese Grand Prix,R,japanese-grand-prix_corner_06,OCO,BEA,26.0,18.5,-14.0,session_best
2026,3,Japanese Grand Prix,R,japanese-grand-prix_corner_06,COL,BEA,27.0,22.25,-15.25,session_best
2026,3,Japanese Grand Prix,R,japanese-grand-prix_corner_06,LIN,BEA,29.0,15.25,-6.25,session_best
2026,3,Japanese Grand Prix,R,japanese-grand-prix_corner_06,BOT,BEA,31.0,18.333,-14.333,session_best
2026,3,Japanese Grand Prix,R,japanese-grand-prix_corner_09,ANT,ANT,0.0,0.0,0.0,session_best
2026,3,Japanese Grand Prix,R,japanese-grand-prix_corner_09,PIA,ANT,0.0,-2.583,-2.333,session_best
2026,3,Japanese Grand Prix,R,japanese-grand-prix_corner_09,HAM,ANT,2.0,0.5,4.25,session_best
2026,3,Japanese Grand Prix,R,japanese-grand-prix_corner_09,LEC,ANT,5.0,-2.25,5.5,session_best
2026,3,Japanese Grand Prix,R,japanese-grand-prix_corner_09,HUL,ANT,5.0,-13.0,7.5,session_best
2026,3,Japanese Grand Prix,R,japanese-grand-prix_corner_09,BOR,ANT,6.0,4.75,-2.5,session_best
2026,3,Japanese Grand Prix,R,japanese-grand-prix_corner_09,RUS,ANT,6.0,0.0,11.75,session_best
2026,3,Japanese Grand Prix,R,japanese-grand-prix_corner_09,NOR,ANT,7.0,11.5,3.0,session_best
2026,3,Japanese Grand Prix,R,japanese-grand-prix_corner_09,GAS,ANT,7.0,2.5,3.0,session_best
2026,3,Japanese Grand Prix,R,japanese-grand-prix_corner_09,ALB,ANT,7.0,4.083,2.667,session_best
2026,3,Japanese Grand Prix,R,japanese-grand-prix_corner_09,COL,ANT,8.0,14.0,4.25,session_best
2026,3,Japanese Grand Prix,R,japanese-grand-prix_corner_09,ALO,ANT,9.0,13.25,13.25,session_best
2026,3,Japanese Grand Prix,R,japanese-grand-prix_corner_09,SAI,ANT,10.0,6.75,-3.5,session_best
2026,3,Japanese Grand Prix,R,japanese-grand-prix_corner_09,HAD,ANT,11.0,3.75,3.5,session_best
2026,3,Japanese Grand Prix,R,japanese-grand-prix_corner_09,OCO,ANT,12.0,14.5,3.0,session_best
2026,3,Japanese Grand Prix,R,japanese-grand-prix_corner_09,PER,ANT,13.0,18.0,18.75,session_best
2026,3,Japanese Grand Prix,R,japanese-grand-prix_corner_09,STR,ANT,13.0,15.75,21.333,session_best
2026,3,Japanese Grand Prix,R,japanese-grand-prix_corner_09,LAW,ANT,13.0,-5.0,5.25,session_best
2026,3,Japanese Grand Prix,R,japanese-grand-prix_corner_09,VER,ANT,14.0,11.0,3.25,session_best
2026,3,Japanese Grand Prix,R,japanese-grand-prix_corner_09,BEA,ANT,15.0,-106.25,101.333,session_best
2026,3,Japanese Grand Prix,R,japanese-grand-prix_corner_09,BOT,ANT,18.0,14.75,13.5,session_best
2026,3,Japanese Grand Prix,R,japanese-grand-prix_corner_09,LIN,ANT,18.0,7.0,13.75,session_best
2026,3,Japanese Grand Prix,R,japanese-grand-prix_corner_10,BEA,BEA,0.0,0.0,0.0,session_best
2026,3,Japanese Grand Prix,R,japanese-grand-prix_corner_10,ALB,BEA,73.0,-98.667,95.75,session_best
2026,3,Japanese Grand Prix,R,japanese-grand-prix_corner_10,BOT,BEA,73.0,-72.5,88.75,session_best
2026,3,Japanese Grand Prix,R,japanese-grand-prix_corner_10,PER,BEA,73.0,-75.5,90.75,session_best
2026,3,Japanese Grand Prix,R,japanese-grand-prix_corner_10,HAM,BEA,74.0,-95.6,92.65,session_best
2026,3,Japanese Grand Prix,R,japanese-grand-prix_corner_10,ALO,BEA,74.0,-86.2,97.65,session_best
2026,3,Japanese Grand Prix,R,japanese-grand-prix_corner_10,PIA,BEA,74.0,-75.0,39.65,session_best
2026,3,Japanese Grand Prix,R,japanese-grand-prix_corner_10,LIN,BEA,74.0,-95.6,132.45,session_best
2026,3,Japanese Grand Prix,R,japanese-grand-prix_corner_10,LAW,BEA,75.0,-89.8,90.45,session_best
2026,3,Japanese Grand Prix,R,japanese-grand-prix_corner_10,OCO,BEA,75.0,-91.8,86.45,session_best
2026,3,Japanese Grand Prix,R,japanese-grand-prix_corner_10,GAS,BEA,75.0,-96.5,99.083,session_best
2026,3,Japanese Grand Prix,R,japanese-grand-prix_corner_10,ANT,BEA,76.0,-97.0,85.25,session_best
2026,3,Japanese Grand Prix,R,japanese-grand-prix_corner_10,STR,BEA,76.0,-81.0,95.45,session_best
2026,3,Japanese Grand Prix,R,japanese-grand-prix_corner_10,HAD,BEA,76.0,-97.5,91.417,session_best
2026,3,Japanese Grand Prix,R,japanese-grand-prix_corner_10,RUS,BEA,76.0,-92.0,113.083,session_best
2026,3,Japanese Grand Prix,R,japanese-grand-prix_corner_10,VER,BEA,77.0,-92.5,91.25,session_best
2026,3,Japanese Grand Prix,R,japanese-grand-prix_corner_10,COL,BEA,77.0,-86.2,89.45,session_best
2026,3,Japanese Grand Prix,R,japanese-grand-prix_corner_10,HUL,BEA,77.0,-101.4,97.05,session_best
2026,3,Japanese Grand Prix,R,japanese-grand-prix_corner_10,SAI,BEA,77.0,-100.4,87.45,session_best
2026,3,Japanese Grand Prix,R,japanese-grand-prix_corner_10,BOR,BEA,78.0,-101.5,107.917,session_best
2026,3,Japanese Grand Prix,R,japanese-grand-prix_corner_10,NOR,BEA,78.0,-90.8,84.05,session_best
2026,3,Japanese Grand Prix,R,japanese-grand-prix_corner_10,LEC,BEA,80.0,-92.667,96.25,session_best
2026,3,Japanese Grand Prix,R,japanese-grand-prix_corner_14,BEA,BEA,0.0,0.0,0.0,session_best
2026,3,Japanese Grand Prix,R,japanese-grand-prix_corner_14,ALB,BEA,114.0,104.0,16.333,session_best
2026,3,Japanese Grand Prix,R,japanese-grand-prix_corner_14,RUS,BEA,115.0,88.667,24.333,session_best
2026,3,Japanese Grand Prix,R,japanese-grand-prix_corner_14,ANT,BEA,116.0,109.0,20.5,session_best
2026,3,Japanese Grand Prix,R,japanese-grand-prix_corner_14,NOR,BEA,116.0,101.5,15.0,session_best
2026,3,Japanese Grand Prix,R,japanese-grand-prix_corner_14,HAM,BEA,117.0,105.75,13.25,session_best
2026,3,Japanese Grand Prix,R,japanese-grand-prix_corner_14,LEC,BEA,119.0,103.0,20.75,session_best
2026,3,Japanese Grand Prix,R,japanese-grand-prix_corner_14,HUL,BEA,119.0,103.25,25.0,session_best
2026,3,Japanese Grand Prix,R,japanese-grand-prix_corner_14,LAW,BEA,120.0,107.0,27.0,session_best
2026,3,Japanese Grand Prix,R,japanese-grand-prix_corner_14,HAD,BEA,120.0,103.5,20.75,session_best
2026,3,Japanese Grand Prix,R,japanese-grand-prix_corner_14,PER,BEA,120.0,113.333,15.667,session_best
2026,3,Japanese Grand Prix,R,japanese-grand-prix_corner_14,GAS,BEA,120.0,114.333,15.333,session_best
2026,3,Japanese Grand Prix,R,japanese-grand-prix_corner_14,PIA,BEA,122.0,118.667,6.667,session_best
2026,3,Japanese Grand Prix,R,japanese-grand-prix_corner_14,VER,BEA,123.0,105.333,18.333,session_best
2026,3,Japanese Grand Prix,R,japanese-grand-prix_corner_14,LIN,BEA,124.0,93.5,39.25,session_best
2026,3,Japanese Grand Prix,R,japanese-grand-prix_corner_14,STR,BEA,126.0,108.667,21.667,session_best
2026,3,Japanese Grand Prix,R,japanese-grand-prix_corner_14,SAI,BEA,126.0,111.5,19.0,session_best
2026,3,Japanese Grand Prix,R,japanese-grand-prix_corner_14,ALO,BEA,127.0,110.667,21.333,session_best
2026,3,Japanese Grand Prix,R,japanese-grand-prix_corner_14,BOR,BEA,127.0,118.75,26.0,session_best
2026,3,Japanese Grand Prix,R,japanese-grand-prix_corner_14,OCO,BEA,128.0,114.0,18.25,session_best
2026,3,Japanese Grand Prix,R,japanese-grand-prix_corner_14,COL,BEA,131.0,121.75,16.0,session_best
2026,3,Japanese Grand Prix,R,japanese-grand-prix_corner_14,BOT,BEA,136.0,120.75,18.75,session_best
2026,3,Japanese Grand Prix,R,japanese-grand-prix_corner_18,BEA,BEA,0.0,0.0,0.0,session_best
2026,3,Japanese Grand Prix,R,japanese-grand-prix_corner_18,LIN,BEA,192.0,29.833,187.667,session_best
2026,3,Japanese Grand Prix,R,japanese-grand-prix_corner_18,ANT,BEA,199.0,46.75,198.75,session_best
2026,3,Japanese Grand Prix,R,japanese-grand-prix_corner_18,ALB,BEA,206.0,46.75,207.5,session_best
2026,3,Japanese Grand Prix,R,japanese-grand-prix_corner_18,PIA,BEA,206.0,49.1,203.4,session_best
2026,3,Japanese Grand Prix,R,japanese-grand-prix_corner_18,HAM,BEA,208.0,37.25,206.5,session_best
2026,3,Japanese Grand Prix,R,japanese-grand-prix_corner_18,RUS,BEA,209.0,24.5,207.5,session_best
2026,3,Japanese Grand Prix,R,japanese-grand-prix_corner_18,SAI,BEA,209.0,37.5,203.75,session_best
2026,3,Japanese Grand Prix,R,japanese-grand-prix_corner_18,ALO,BEA,209.0,52.9,207.2,session_best
2026,3,Japanese Grand Prix,R,japanese-grand-prix_corner_18,HUL,BEA,209.0,47.0,210.25,session_best
2026,3,Japanese Grand Prix,R,japanese-grand-prix_corner_18,NOR,BEA,209.0,45.5,206.5,session_best
2026,3,Japanese Grand Prix,R,japanese-grand-prix_corner_18,BOT,BEA,210.0,43.0,211.75,session_best
2026,3,Japanese Grand Prix,R,japanese-grand-prix_corner_18,STR,BEA,210.0,48.75,210.5,session_best
2026,3,Japanese Grand Prix,R,japanese-grand-prix_corner_18,GAS,BEA,210.0,45.25,210.25,session_best
2026,3,Japanese Grand Prix,R,japanese-grand-prix_corner_18,BOR,BEA,211.0,33.5,206.0,session_best
2026,3,Japanese Grand Prix,R,japanese-grand-prix_corner_18,OCO,BEA,211.0,38.25,203.75,session_best
2026,3,Japanese Grand Prix,R,japanese-grand-prix_corner_18,HAD,BEA,211.0,20.5,209.75,session_best
2026,3,Japanese Grand Prix,R,japanese-grand-prix_corner_18,VER,BEA,213.0,40.25,209.0,session_best
2026,3,Japanese Grand Prix,R,japanese-grand-prix_corner_18,LEC,BEA,214.0,30.5,214.0,session_best
2026,3,Japanese Grand Prix,R,japanese-grand-prix_corner_18,LAW,BEA,214.0,38.25,211.0,session_best
2026,3,Japanese Grand Prix,R,japanese-grand-prix_corner_18,COL,BEA,214.0,42.25,206.0,session_best
2026,3,Japanese Grand Prix,R,japanese-grand-prix_corner_18,PER,BEA,220.0,49.75,205.25,session_best
2026,3,Japanese Grand Prix,R,japanese-grand-prix_corner_19,BEA,BEA,0.0,0.0,0.0,session_best
2026,3,Japanese Grand Prix,R,japanese-grand-prix_corner_19,PIA,BEA,194.0,186.75,39.0,session_best
2026,3,Japanese Grand Prix,R,japanese-grand-prix_corner_19,ALB,BEA,200.0,198.8,46.0,session_best
2026,3,Japanese Grand Prix,R,japanese-grand-prix_corner_19,HAM,BEA,202.0,195.75,45.5,session_best
2026,3,Japanese Grand Prix,R,japanese-grand-prix_corner_19,GAS,BEA,203.0,200.0,46.75,session_best
2026,3,Japanese Grand Prix,R,japanese-grand-prix_corner_19,PER,BEA,203.0,199.5,38.0,session_best
2026,3,Japanese Grand Prix,R,japanese-grand-prix_corner_19,SAI,BEA,203.0,190.25,41.75,session_best
2026,3,Japanese Grand Prix,R,japanese-grand-prix_corner_19,LAW,BEA,204.0,200.4,50.8,session_best
2026,3,Japanese Grand Prix,R,japanese-grand-prix_corner_19,ANT,BEA,204.0,201.5,42.0,session_best
2026,3,Japanese Grand Prix,R,japanese-grand-prix_corner_19,BOR,BEA,204.0,200.0,78.2,session_best
2026,3,Japanese Grand Prix,R,japanese-grand-prix_corner_19,NOR,BEA,205.0,201.5,53.75,session_best
2026,3,Japanese Grand Prix,R,japanese-grand-prix_corner_19,COL,BEA,205.0,201.6,36.0,session_best
2026,3,Japanese Grand Prix,R,japanese-grand-prix_corner_19,OCO,BEA,206.0,204.25,47.75,session_best
2026,3,Japanese Grand Prix,R,japanese-grand-prix_corner_19,VER,BEA,206.0,205.0,44.75,session_best
2026,3,Japanese Grand Prix,R,japanese-grand-prix_corner_19,HUL,BEA,206.0,203.25,55.0,session_best
2026,3,Japanese Grand Prix,R,japanese-grand-prix_corner_19,HAD,BEA,207.0,203.0,51.8,session_best
2026,3,Japanese Grand Prix,R,japanese-grand-prix_corner_19,LEC,BEA,207.0,197.4,51.2,session_best
2026,3,Japanese Grand Prix,R,japanese-grand-prix_corner_19,BOT,BEA,208.0,202.8,97.0,session_best
2026,3,Japanese Grand Prix,R,japanese-grand-prix_corner_19,STR,BEA,210.0,204.0,61.6,session_best
2026,3,Japanese Grand Prix,R,japanese-grand-prix_corner_19,LIN,BEA,210.0,204.167,102.333,session_best
2026,3,Japanese Grand Prix,R,japanese-grand-prix_corner_19,RUS,BEA,211.0,206.0,60.6,session_best
2026,3,Japanese Grand Prix,R,japanese-grand-prix_corner_19,ALO,BEA,215.0,212.0,44.0,session_best
2026,4,Miami Grand Prix,Q,miami-grand-prix_corner_02,COL,COL,0.0,0.0,0.0,session_best
2026,4,Miami Grand Prix,Q,miami-grand-prix_corner_02,ANT,COL,4.0,1.25,-3.4,session_best
2026,4,Miami Grand Prix,Q,miami-grand-prix_corner_02,NOR,COL,4.0,-4.55,2.6,session_best
2026,4,Miami Grand Prix,Q,miami-grand-prix_corner_02,VER,COL,5.0,-22.35,-0.8,session_best
2026,4,Miami Grand Prix,Q,miami-grand-prix_corner_02,GAS,COL,6.0,-10.0,-4.75,session_best
2026,4,Miami Grand Prix,Q,miami-grand-prix_corner_02,BEA,COL,6.0,12.65,8.2,session_best
2026,4,Miami Grand Prix,Q,miami-grand-prix_corner_02,HAM,COL,7.0,-45.5,-6.5,session_best
2026,4,Miami Grand Prix,Q,miami-grand-prix_corner_02,PIA,COL,7.0,5.05,-1.4,session_best
2026,4,Miami Grand Prix,Q,miami-grand-prix_corner_02,HUL,COL,8.0,0.25,-4.0,session_best
2026,4,Miami Grand Prix,Q,miami-grand-prix_corner_02,BOR,COL,8.0,-1.25,9.75,session_best
2026,4,Miami Grand Prix,Q,miami-grand-prix_corner_02,LEC,COL,8.0,-30.0,2.25,session_best
2026,4,Miami Grand Prix,Q,miami-grand-prix_corner_02,LIN,COL,8.0,3.65,-1.6,session_best
2026,4,Miami Grand Prix,Q,miami-grand-prix_corner_02,HAD,COL,8.0,-13.55,-0.4,session_best
2026,4,Miami Grand Prix,Q,miami-grand-prix_corner_02,ALB,COL,9.0,-0.25,2.0,session_best
2026,4,Miami Grand Prix,Q,miami-grand-prix_corner_02,SAI,COL,9.0,-9.55,-3.0,session_best
2026,4,Miami Grand Prix,Q,miami-grand-prix_corner_02,ALO,COL,9.0,-4.35,6.0,session_best
2026,4,Miami Grand Prix,Q,miami-grand-prix_corner_02,PER,COL,9.0,-6.75,10.8,session_best
2026,4,Miami Grand Prix,Q,miami-grand-prix_corner_02,OCO,COL,9.0,-7.55,4.0,session_best
2026,4,Miami Grand Prix,Q,miami-grand-prix_corner_02,RUS,COL,9.0,-20.75,0.4,session_best
2026,4,Miami Grand Prix,Q,miami-grand-prix_corner_02,LAW,COL,11.0,-8.35,-2.0,session_best
2026,4,Miami Grand Prix,Q,miami-grand-prix_corner_02,BOT,COL,13.0,26.25,1.6,session_best
2026,4,Miami Grand Prix,Q,miami-grand-prix_corner_02,STR,COL,15.0,-47.0,13.25,session_best
2026,4,Miami Grand Prix,Q,miami-grand-prix_corner_03,HAM,HAM,0.0,0.0,0.0,session_best
2026,4,Miami Grand Prix,Q,miami-grand-prix_corner_03,HUL,HAM,5.0,8.5,0.5,session_best
2026,4,Miami Grand Prix,Q,miami-grand-prix_corner_03,LAW,HAM,5.0,7.5,-2.0,session_best
2026,4,Miami Grand Prix,Q,miami-grand-prix_corner_03,RUS,HAM,6.0,7.0,2.5,session_best
2026,4,Miami Grand Prix,Q,miami-grand-prix_corner_03,PIA,HAM,9.0,7.333,1.833,session_best
2026,4,Miami Grand Prix,Q,miami-grand-prix_corner_03,ANT,HAM,10.0,8.0,-3.167,session_best
2026,4,Miami Grand Prix,Q,miami-grand-prix_corner_03,HAD,HAM,10.0,7.333,-0.5,session_best
2026,4,Miami Grand Prix,Q,miami-grand-prix_corner_03,COL,HAM,11.0,10.667,2.167,session_best
2026,4,Miami Grand Prix,Q,miami-grand-prix_corner_03,VER,HAM,12.0,11.333,5.5,session_best
2026,4,Miami Grand Prix,Q,miami-grand-prix_corner_03,LEC,HAM,12.0,10.667,4.167,session_best
2026,4,Miami Grand Prix,Q,miami-grand-prix_corner_03,NOR,HAM,12.0,14.0,-1.5,session_best
2026,4,Miami Grand Prix,Q,miami-grand-prix_corner_03,SAI,HAM,13.0,14.0,2.5,session_best
2026,4,Miami Grand Prix,Q,miami-grand-prix_corner_03,GAS,HAM,13.0,14.5,2.0,session_best
2026,4,Miami Grand Prix,Q,miami-grand-prix_corner_03,LIN,HAM,15.0,14.0,-1.167,session_best
2026,4,Miami Grand Prix,Q,miami-grand-prix_corner_03,ALB,HAM,18.0,17.333,1.833,session_best
2026,4,Miami Grand Prix,Q,miami-grand-prix_corner_03,OCO,HAM,18.0,20.0,2.5,session_best
2026,4,Miami Grand Prix,Q,miami-grand-prix_corner_03,BEA,HAM,19.0,24.0,5.0,session_best
2026,4,Miami Grand Prix,Q,miami-grand-prix_corner_03,ALO,HAM,19.0,21.333,11.833,session_best
2026,4,Miami Grand Prix,Q,miami-grand-prix_corner_03,PER,HAM,20.0,22.0,1.5,session_best
2026,4,Miami Grand Prix,Q,miami-grand-prix_corner_03,BOT,HAM,22.0,25.0,5.0,session_best
2026,4,Miami Grand Prix,Q,miami-grand-prix_corner_03,STR,HAM,26.0,26.0,6.167,session_best
2026,4,Miami Grand Prix,Q,miami-grand-prix_corner_03,BOR,HAM,28.0,24.667,16.167,session_best
2026,4,Miami Grand Prix,Q,miami-grand-prix_corner_06,RUS,RUS,0.0,0.0,0.0,session_best
2026,4,Miami Grand Prix,Q,miami-grand-prix_corner_06,LEC,RUS,2.0,-3.667,0.666,session_best
2026,4,Miami Grand Prix,Q,miami-grand-prix_corner_06,NOR,RUS,2.0,3.666,1.333,session_best
2026,4,Miami Grand Prix,Q,miami-grand-prix_corner_06,GAS,RUS,3.0,1.666,5.333,session_best
2026,4,Miami Grand Prix,Q,miami-grand-prix_corner_06,SAI,RUS,3.0,8.333,0.833,session_best
2026,4,Miami Grand Prix,Q,miami-grand-prix_corner_06,HAM,RUS,3.0,-5.667,0.666,session_best
2026,4,Miami Grand Prix,Q,miami-grand-prix_corner_06,PIA,RUS,6.0,-0.667,9.0,session_best
2026,4,Miami Grand Prix,Q,miami-grand-prix_corner_06,ALB,RUS,7.0,9.083,6.083,session_best
2026,4,Miami Grand Prix,Q,miami-grand-prix_corner_06,VER,RUS,8.0,3.0,7.333,session_best
2026,4,Miami Grand Prix,Q,miami-grand-prix_corner_06,BOR,RUS,9.0,48.666,8.0,session_best
2026,4,Miami Grand Prix,Q,miami-grand-prix_corner_06,HAD,RUS,10.0,3.0,7.333,session_best
2026,4,Miami Grand Prix,Q,miami-grand-prix_corner_06,BEA,RUS,10.0,5.333,9.333,session_best
2026,4,Miami Grand Prix,Q,miami-grand-prix_corner_06,ANT,RUS,11.0,-3.334,13.333,session_best
2026,4,Miami Grand Prix,Q,miami-grand-prix_corner_06,STR,RUS,11.0,17.0,8.333,session_best
2026,4,Miami Grand Prix,Q,miami-grand-prix_corner_06,COL,RUS,11.0,5.666,8.333,session_best
2026,4,Miami Grand Prix,Q,miami-grand-prix_corner_06,HUL,RUS,12.0,5.0,15.0,session_best
2026,4,Miami Grand Prix,Q,miami-grand-prix_corner_06,OCO,RUS,13.0,10.0,16.333,session_best
2026,4,Miami Grand Prix,Q,miami-grand-prix_corner_06,ALO,RUS,13.0,16.833,14.583,session_best
2026,4,Miami Grand Prix,Q,miami-grand-prix_corner_06,LIN,RUS,13.0,6.666,11.666,session_best
2026,4,Miami Grand Prix,Q,miami-grand-prix_corner_06,LAW,RUS,16.0,7.833,11.083,session_best
2026,4,Miami Grand Prix,Q,miami-grand-prix_corner_06,PER,RUS,20.0,20.333,22.0,session_best
2026,4,Miami Grand Prix,Q,miami-grand-prix_corner_06,BOT,RUS,24.0,12.583,25.083,session_best
2026,4,Miami Grand Prix,Q,miami-grand-prix_corner_07,LEC,LEC,0.0,0.0,0.0,session_best
2026,4,Miami Grand Prix,Q,miami-grand-prix_corner_07,ALB,LEC,2.0,3.75,-2.417,session_best
2026,4,Miami Grand Prix,Q,miami-grand-prix_corner_07,HUL,LEC,2.0,3.25,-4.917,session_best
2026,4,Miami Grand Prix,Q,miami-grand-prix_corner_07,PIA,LEC,2.0,4.667,-4.667,session_best
2026,4,Miami Grand Prix,Q,miami-grand-prix_corner_07,ANT,LEC,2.0,4.667,-10.667,session_best
2026,4,Miami Grand Prix,Q,miami-grand-prix_corner_07,BOR,LEC,3.0,5.75,0.083,session_best
2026,4,Miami Grand Prix,Q,miami-grand-prix_corner_07,NOR,LEC,3.0,3.75,-4.417,session_best
2026,4,Miami Grand Prix,Q,miami-grand-prix_corner_07,RUS,LEC,5.0,2.5,-1.667,session_best
2026,4,Miami Grand Prix,Q,miami-grand-prix_corner_07,BEA,LEC,6.0,7.333,-3.0,session_best
2026,4,Miami Grand Prix,Q,miami-grand-prix_corner_07,STR,LEC,6.0,7.0,-0.167,session_best
2026,4,Miami Grand Prix,Q,miami-grand-prix_corner_07,HAM,LEC,6.0,5.333,3.0,session_best
2026,4,Miami Grand Prix,Q,miami-grand-prix_corner_07,GAS,LEC,7.0,5.0,-4.0,session_best
2026,4,Miami Grand Prix,Q,miami-grand-prix_corner_07,OCO,LEC,7.0,9.667,-4.0,session_best
2026,4,Miami Grand Prix,Q,miami-grand-prix_corner_07,LIN,LEC,9.0,10.667,-8.667,session_best
2026,4,Miami Grand Prix,Q,miami-grand-prix_corner_07,VER,LEC,10.0,9.75,-2.167,session_best
2026,4,Miami Grand Prix,Q,miami-grand-prix_corner_07,SAI,LEC,10.0,6.667,-7.667,session_best
2026,4,Miami Grand Prix,Q,miami-grand-prix_corner_07,HAD,LEC,10.0,9.75,0.083,session_best
2026,4,Miami Grand Prix,Q,miami-grand-prix_corner_07,LAW,LEC,10.0,12.333,-10.667,session_best
2026,4,Miami Grand Prix,Q,miami-grand-prix_corner_07,COL,LEC,12.0,9.333,3.0,session_best
2026,4,Miami Grand Prix,Q,miami-grand-prix_corner_07,ALO,LEC,12.0,12.25,-3.167,session_best
2026,4,Miami Grand Prix,Q,miami-grand-prix_corner_07,PER,LEC,12.0,14.0,3.833,session_best
2026,4,Miami Grand Prix,Q,miami-grand-prix_corner_07,BOT,LEC,14.0,16.333,-5.0,session_best
2026,4,Miami Grand Prix,Q,miami-grand-prix_corner_12,LEC,LEC,0.0,0.0,0.0,session_best
2026,4,Miami Grand Prix,Q,miami-grand-prix_corner_12,COL,LEC,1.0,-3.067,10.633,session_best
2026,4,Miami Grand Prix,Q,miami-grand-prix_corner_12,HAD,LEC,1.0,-23.4,18.05,session_best
2026,4,Miami Grand Prix,Q,miami-grand-prix_corner_12,HAM,LEC,2.0,3.8,7.0,session_best
2026,4,Miami Grand Prix,Q,miami-grand-prix_corner_12,BEA,LEC,2.0,15.4,17.2,session_best
2026,4,Miami Grand Prix,Q,miami-grand-prix_corner_12,RUS,LEC,3.0,12.6,13.8,session_best
2026,4,Miami Grand Prix,Q,miami-grand-prix_corner_12,NOR,LEC,3.0,24.6,9.8,session_best
2026,4,Miami Grand Prix,Q,miami-grand-prix_corner_12,LAW,LEC,4.0,-9.9,11.3,session_best
2026,4,Miami Grand Prix,Q,miami-grand-prix_corner_12,GAS,LEC,4.0,23.85,13.05,session_best
2026,4,Miami Grand Prix,Q,miami-grand-prix_corner_12,HUL,LEC,4.0,8.0,21.6,session_best
2026,4,Miami Grand Prix,Q,miami-grand-prix_corner_12,ANT,LEC,4.0,33.0,14.2,session_best
2026,4,Miami Grand Prix,Q,miami-grand-prix_corner_12,SAI,LEC,5.0,87.4,18.4,session_best
2026,4,Miami Grand Prix,Q,miami-grand-prix_corner_12,ALB,LEC,5.0,7.1,19.8,session_best
2026,4,Miami Grand Prix,Q,miami-grand-prix_corner_12,BOT,LEC,5.0,40.1,32.8,session_best
2026,4,Miami Grand Prix,Q,miami-grand-prix_corner_12,OCO,LEC,5.0,21.0,9.4,session_best
2026,4,Miami Grand Prix,Q,miami-grand-prix_corner_12,BOR,LEC,6.0,46.4,19.2,session_best
2026,4,Miami Grand Prix,Q,miami-grand-prix_corner_12,PIA,LEC,6.0,12.6,18.0,session_best
2026,4,Miami Grand Prix,Q,miami-grand-prix_corner_12,VER,LEC,6.0,6.8,8.8,session_best
2026,4,Miami Grand Prix,Q,miami-grand-prix_corner_12,ALO,LEC,7.0,28.6,25.6,session_best
2026,4,Miami Grand Prix,Q,miami-grand-prix_corner_12,LIN,LEC,8.0,21.2,14.8,session_best
2026,4,Miami Grand Prix,Q,miami-grand-prix_corner_12,STR,LEC,8.0,37.6,23.0,session_best
2026,4,Miami Grand Prix,Q,miami-grand-prix_corner_12,PER,LEC,15.0,2.6,15.4,session_best
2026,4,Miami Grand Prix,Q,miami-grand-prix_corner_13,COL,COL,0.0,0.0,0.0,session_best
2026,4,Miami Grand Prix,Q,miami-grand-prix_corner_13,NOR,COL,4.0,-5.7,-2.467,session_best
2026,4,Miami Grand Prix,Q,miami-grand-prix_corner_13,PIA,COL,4.0,-3.7,-4.667,session_best
2026,4,Miami Grand Prix,Q,miami-grand-prix_corner_13,HAM,COL,5.0,-4.3,-3.267,session_best
2026,4,Miami Grand Prix,Q,miami-grand-prix_corner_13,OCO,COL,5.0,-1.667,-5.167,session_best
2026,4,Miami Grand Prix,Q,miami-grand-prix_corner_13,VER,COL,5.0,-2.9,-0.067,session_best
2026,4,Miami Grand Prix,Q,miami-grand-prix_corner_13,ANT,COL,6.0,-0.667,-4.834,session_best
2026,4,Miami Grand Prix,Q,miami-grand-prix_corner_13,ALO,COL,6.0,0.167,-2.334,session_best
2026,4,Miami Grand Prix,Q,miami-grand-prix_corner_13,HAD,COL,6.0,3.0,0.833,session_best
2026,4,Miami Grand Prix,Q,miami-grand-prix_corner_13,ALB,COL,7.0,5.5,-2.334,session_best
2026,4,Miami Grand Prix,Q,miami-grand-prix_corner_13,SAI,COL,7.0,-2.167,-5.167,session_best
2026,4,Miami Grand Prix,Q,miami-grand-prix_corner_13,LIN,COL,7.0,2.3,-4.467,session_best
2026,4,Miami Grand Prix,Q,miami-grand-prix_corner_13,BEA,COL,7.0,-4.167,-5.167,session_best
2026,4,Miami Grand Prix,Q,miami-grand-prix_corner_13,HUL,COL,7.0,-3.3,-2.467,session_best
2026,4,Miami Grand Prix,Q,miami-grand-prix_corner_13,LAW,COL,8.0,1.167,-2.5,session_best
2026,4,Miami Grand Prix,Q,miami-grand-prix_corner_13,RUS,COL,8.0,-7.1,-5.867,session_best
2026,4,Miami Grand Prix,Q,miami-grand-prix_corner_13,STR,COL,9.0,-0.5,-1.953,session_best
2026,4,Miami Grand Prix,Q,miami-grand-prix_corner_13,LEC,COL,9.0,-9.0,-0.667,session_best
2026,4,Miami Grand Prix,Q,miami-grand-prix_corner_13,BOT,COL,11.0,0.833,1.833,session_best
2026,4,Miami Grand Prix,Q,miami-grand-prix_corner_13,BOR,COL,13.0,6.9,-6.467,session_best
2026,4,Miami Grand Prix,Q,miami-grand-prix_corner_13,GAS,COL,14.0,-6.333,9.5,session_best
2026,4,Miami Grand Prix,Q,miami-grand-prix_corner_13,PER,COL,38.0,-1.214,20.19,session_best
2026,4,Miami Grand Prix,Q,miami-grand-prix_corner_14,LEC,LEC,0.0,0.0,0.0,session_best
2026,4,Miami Grand Prix,Q,miami-grand-prix_corner_14,VER,LEC,1.0,12.5,-2.75,session_best
2026,4,Miami Grand Prix,Q,miami-grand-prix_corner_14,GAS,LEC,2.0,9.75,-12.5,session_best
2026,4,Miami Grand Prix,Q,miami-grand-prix_corner_14,NOR,LEC,2.0,10.5,0.25,session_best
2026,4,Miami Grand Prix,Q,miami-grand-prix_corner_14,ALB,LEC,2.0,25.0,-4.75,session_best
2026,4,Miami Grand Prix,Q,miami-grand-prix_corner_14,ANT,LEC,2.0,10.0,-5.75,session_best
2026,4,Miami Grand Prix,Q,miami-grand-prix_corner_14,SAI,LEC,2.0,19.0,-5.75,session_best
2026,4,Miami Grand Prix,Q,miami-grand-prix_corner_14,HAM,LEC,3.0,7.7,-5.0,session_best
2026,4,Miami Grand Prix,Q,miami-grand-prix_corner_14,BOT,LEC,3.0,22.25,-14.0,session_best
2026,4,Miami Grand Prix,Q,miami-grand-prix_corner_14,BEA,LEC,4.0,7.5,-3.0,session_best
2026,4,Miami Grand Prix,Q,miami-grand-prix_corner_14,HUL,LEC,4.0,19.3,2.2,session_best
2026,4,Miami Grand Prix,Q,miami-grand-prix_corner_14,LAW,LEC,5.0,10.25,0.25,session_best
2026,4,Miami Grand Prix,Q,miami-grand-prix_corner_14,PIA,LEC,5.0,14.0,-10.5,session_best
2026,4,Miami Grand Prix,Q,miami-grand-prix_corner_14,ALO,LEC,6.0,18.0,-4.25,session_best
2026,4,Miami Grand Prix,Q,miami-grand-prix_corner_14,HAD,LEC,6.0,13.3,-2.4,session_best
2026,4,Miami Grand Prix,Q,miami-grand-prix_corner_14,RUS,LEC,6.0,13.25,-4.25,session_best
2026,4,Miami Grand Prix,Q,miami-grand-prix_corner_14,STR,LEC,6.0,17.9,-9.8,session_best
2026,4,Miami Grand Prix,Q,miami-grand-prix_corner_14,OCO,LEC,7.0,4.0,-5.0,session_best
2026,4,Miami Grand Prix,Q,miami-grand-prix_corner_14,LIN,LEC,7.0,16.1,5.2,session_best
2026,4,Miami Grand Prix,Q,miami-grand-prix_corner_14,BOR,LEC,8.0,15.9,0.2,session_best
2026,4,Miami Grand Prix,Q,miami-grand-prix_corner_14,COL,LEC,9.0,8.7,2.4,session_best
2026,4,Miami Grand Prix,Q,miami-grand-prix_corner_14,PER,LEC,12.0,13.7,-1.0,session_best
2026,4,Miami Grand Prix,Q,miami-grand-prix_corner_19,BOT,BOT,0.0,0.0,0.0,session_best
2026,4,Miami Grand Prix,Q,miami-grand-prix_corner_19,GAS,BOT,0.0,-11.8,21.05,session_best
2026,4,Miami Grand Prix,Q,miami-grand-prix_corner_19,HAM,BOT,0.0,-20.6,16.0,session_best
2026,4,Miami Grand Prix,Q,miami-grand-prix_corner_19,PIA,BOT,1.0,-1.8,12.2,session_best
2026,4,Miami Grand Prix,Q,miami-grand-prix_corner_19,NOR,BOT,1.0,-12.4,11.0,session_best
2026,4,Miami Grand Prix,Q,miami-grand-prix_corner_19,ANT,BOT,1.0,-16.05,19.3,session_best
2026,4,Miami Grand Prix,Q,miami-grand-prix_corner_19,RUS,BOT,1.0,-13.2,13.0,session_best
2026,4,Miami Grand Prix,Q,miami-grand-prix_corner_19,LEC,BOT,2.0,-20.0,9.2,session_best
2026,4,Miami Grand Prix,Q,miami-grand-prix_corner_19,COL,BOT,2.0,-17.4,8.8,session_best
2026,4,Miami Grand Prix,Q,miami-grand-prix_corner_19,HAD,BOT,2.0,-3.8,1.3,session_best
2026,4,Miami Grand Prix,Q,miami-grand-prix_corner_19,VER,BOT,2.0,-6.3,2.3,session_best
2026,4,Miami Grand Prix,Q,miami-grand-prix_corner_19,OCO,BOT,3.0,-11.633,16.133,session_best
2026,4,Miami Grand Prix,Q,miami-grand-prix_corner_19,HUL,BOT,3.0,-5.2,11.4,session_best
2026,4,Miami Grand Prix,Q,miami-grand-prix_corner_19,ALB,BOT,3.0,-3.0,14.4,session_best
2026,4,Miami Grand Prix,Q,miami-grand-prix_corner_19,LAW,BOT,3.0,-5.0,11.0,session_best
2026,4,Miami Grand Prix,Q,miami-grand-prix_corner_19,LIN,BOT,4.0,-4.8,11.2,session_best
2026,4,Miami Grand Prix,Q,miami-grand-prix_corner_19,BEA,BOT,4.0,-6.3,12.55,session_best
2026,4,Miami Grand Prix,Q,miami-grand-prix_corner_19,SAI,BOT,4.0,1.45,2.3,session_best
2026,4,Miami Grand Prix,Q,miami-grand-prix_corner_19,STR,BOT,5.0,-5.8,17.8,session_best
2026,4,Miami Grand Prix,Q,miami-grand-prix_corner_19,ALO,BOT,5.0,-4.8,19.4,session_best
2026,4,Miami Grand Prix,Q,miami-grand-prix_corner_19,PER,BOT,6.0,-6.6,20.0,session_best
2026,4,Miami Grand Prix,Q,miami-grand-prix_corner_19,BOR,BOT,8.0,-3.467,24.133,session_best
2026,4,Miami Grand Prix,R,miami-grand-prix_corner_02,COL,COL,0.0,0.0,0.0,session_best
2026,4,Miami Grand Prix,R,miami-grand-prix_corner_02,BEA,COL,1.0,63.2,4.6,session_best
2026,4,Miami Grand Prix,R,miami-grand-prix_corner_02,PER,COL,1.0,11.7,12.6,session_best
2026,4,Miami Grand Prix,R,miami-grand-prix_corner_02,ANT,COL,2.0,57.0,-1.6,session_best
2026,4,Miami Grand Prix,R,miami-grand-prix_corner_02,LIN,COL,3.0,-4.3,-1.9,session_best
2026,4,Miami Grand Prix,R,miami-grand-prix_corner_02,NOR,COL,3.0,21.6,4.8,session_best
2026,4,Miami Grand Prix,R,miami-grand-prix_corner_02,PIA,COL,3.0,8.0,-6.4,session_best
2026,4,Miami Grand Prix,R,miami-grand-prix_corner_02,OCO,COL,4.0,22.0,1.4,session_best
2026,4,Miami Grand Prix,R,miami-grand-prix_corner_02,HUL,COL,4.0,25.6,-3.6,session_best
2026,4,Miami Grand Prix,R,miami-grand-prix_corner_02,RUS,COL,4.0,27.6,-4.6,session_best
2026,4,Miami Grand Prix,R,miami-grand-prix_corner_02,LAW,COL,5.0,25.2,-1.8,session_best
2026,4,Miami Grand Prix,R,miami-grand-prix_corner_02,HAM,COL,6.0,9.2,-0.15,session_best
2026,4,Miami Grand Prix,R,miami-grand-prix_corner_02,ALB,COL,6.0,17.4,6.0,session_best
2026,4,Miami Grand Prix,R,miami-grand-prix_corner_02,BOR,COL,7.0,5.8,4.4,session_best
2026,4,Miami Grand Prix,R,miami-grand-prix_corner_02,SAI,COL,7.0,-1.6,4.8,session_best
2026,4,Miami Grand Prix,R,miami-grand-prix_corner_02,LEC,COL,7.0,12.0,-2.8,session_best
2026,4,Miami Grand Prix,R,miami-grand-prix_corner_02,GAS,COL,7.0,0.2,15.0,session_best
2026,4,Miami Grand Prix,R,miami-grand-prix_corner_02,HAD,COL,8.0,31.8,5.8,session_best
2026,4,Miami Grand Prix,R,miami-grand-prix_corner_02,VER,COL,9.0,18.6,-6.2,session_best
2026,4,Miami Grand Prix,R,miami-grand-prix_corner_02,ALO,COL,9.0,36.4,3.0,session_best
2026,4,Miami Grand Prix,R,miami-grand-prix_corner_02,BOT,COL,12.0,47.4,-3.0,session_best
2026,4,Miami Grand Prix,R,miami-grand-prix_corner_02,STR,COL,12.0,93.6,-1.8,session_best
2026,4,Miami Grand Prix,R,miami-grand-prix_corner_03,VER,VER,0.0,0.0,0.0,session_best
2026,4,Miami Grand Prix,R,miami-grand-prix_corner_03,PIA,VER,1.0,-3.334,-1.333,session_best
2026,4,Miami Grand Prix,R,miami-grand-prix_corner_03,NOR,VER,2.0,0.666,0.333,session_best
2026,4,Miami Grand Prix,R,miami-grand-prix_corner_03,ANT,VER,5.0,2.0,-3.333,session_best
2026,4,Miami Grand Prix,R,miami-grand-prix_corner_03,SAI,VER,6.0,4.833,-1.5,session_best
2026,4,Miami Grand Prix,R,miami-grand-prix_corner_03,ALO,VER,8.0,7.333,4.333,session_best
2026,4,Miami Grand Prix,R,miami-grand-prix_corner_03,LEC,VER,8.0,5.666,11.667,session_best
2026,4,Miami Grand Prix,R,miami-grand-prix_corner_03,HAM,VER,9.0,5.666,5.667,session_best
2026,4,Miami Grand Prix,R,miami-grand-prix_corner_03,OCO,VER,9.0,4.666,8.667,session_best
2026,4,Miami Grand Prix,R,miami-grand-prix_corner_03,RUS,VER,9.0,7.333,0.0,session_best
2026,4,Miami Grand Prix,R,miami-grand-prix_corner_03,COL,VER,10.0,9.666,2.0,session_best
2026,4,Miami Grand Prix,R,miami-grand-prix_corner_03,HUL,VER,10.0,10.0,24.0,session_best
2026,4,Miami Grand Prix,R,miami-grand-prix_corner_03,PER,VER,10.0,4.083,10.5,session_best
2026,4,Miami Grand Prix,R,miami-grand-prix_corner_03,BOR,VER,10.0,10.333,2.5,session_best
2026,4,Miami Grand Prix,R,miami-grand-prix_corner_03,HAD,VER,12.0,8.333,7.333,session_best
2026,4,Miami Grand Prix,R,miami-grand-prix_corner_03,LIN,VER,12.0,8.333,-1.667,session_best
2026,4,Miami Grand Prix,R,miami-grand-prix_corner_03,ALB,VER,12.0,10.333,3.667,session_best
2026,4,Miami Grand Prix,R,miami-grand-prix_corner_03,LAW,VER,14.0,12.666,6.333,session_best
2026,4,Miami Grand Prix,R,miami-grand-prix_corner_03,STR,VER,14.0,14.666,9.333,session_best
2026,4,Miami Grand Prix,R,miami-grand-prix_corner_03,BEA,VER,16.0,15.833,9.5,session_best
2026,4,Miami Grand Prix,R,miami-grand-prix_corner_03,BOT,VER,16.0,17.0,12.0,session_best
2026,4,Miami Grand Prix,R,miami-grand-prix_corner_03,GAS,VER,23.0,19.666,16.667,session_best
2026,4,Miami Grand Prix,R,miami-grand-prix_corner_06,PIA,PIA,0.0,0.0,0.0,session_best
2026,4,Miami Grand Prix,R,miami-grand-prix_corner_06,HAM,PIA,4.0,-1.666,2.334,session_best
2026,4,Miami Grand Prix,R,miami-grand-prix_corner_06,NOR,PIA,4.0,0.417,0.667,session_best
2026,4,Miami Grand Prix,R,miami-grand-prix_corner_06,BOR,PIA,5.0,1.334,3.667,session_best
2026,4,Miami Grand Prix,R,miami-grand-prix_corner_06,COL,PIA,6.0,5.667,-1.083,session_best
2026,4,Miami Grand Prix,R,miami-grand-prix_corner_06,RUS,PIA,7.0,-4.333,3.917,session_best
2026,4,Miami Grand Prix,R,miami-grand-prix_corner_06,SAI,PIA,7.0,9.0,7.0,session_best
2026,4,Miami Grand Prix,R,miami-grand-prix_corner_06,ALB,PIA,9.0,8.334,11.334,session_best
2026,4,Miami Grand Prix,R,miami-grand-prix_corner_06,LAW,PIA,9.0,19.417,3.917,session_best
2026,4,Miami Grand Prix,R,miami-grand-prix_corner_06,ALO,PIA,10.0,12.667,5.667,session_best
2026,4,Miami Grand Prix,R,miami-grand-prix_corner_06,ANT,PIA,10.0,-6.083,8.417,session_best
2026,4,Miami Grand Prix,R,miami-grand-prix_corner_06,LIN,PIA,11.0,7.917,9.167,session_best
2026,4,Miami Grand Prix,R,miami-grand-prix_corner_06,HUL,PIA,11.0,6.334,9.667,session_best
2026,4,Miami Grand Prix,R,miami-grand-prix_corner_06,HAD,PIA,11.0,12.667,13.167,session_best
2026,4,Miami Grand Prix,R,miami-grand-prix_corner_06,LEC,PIA,13.0,-3.083,6.917,session_best
2026,4,Miami Grand Prix,R,miami-grand-prix_corner_06,BEA,PIA,13.0,10.167,15.667,session_best
2026,4,Miami Grand Prix,R,miami-grand-prix_corner_06,GAS,PIA,13.0,21.0,-2.666,session_best
2026,4,Miami Grand Prix,R,miami-grand-prix_corner_06,VER,PIA,14.0,7.0,14.334,session_best
2026,4,Miami Grand Prix,R,miami-grand-prix_corner_06,OCO,PIA,14.0,0.667,11.167,session_best
2026,4,Miami Grand Prix,R,miami-grand-prix_corner_06,BOT,PIA,15.0,16.667,14.417,session_best
2026,4,Miami Grand Prix,R,miami-grand-prix_corner_06,PER,PIA,17.0,10.417,13.167,session_best
2026,4,Miami Grand Prix,R,miami-grand-prix_corner_06,STR,PIA,20.0,13.917,17.667,session_best
2026,4,Miami Grand Prix,R,miami-grand-prix_corner_07,HUL,HUL,0.0,0.0,0.0,session_best
2026,4,Miami Grand Prix,R,miami-grand-prix_corner_07,HAM,HUL,0.0,0.583,7.0,session_best
2026,4,Miami Grand Prix,R,miami-grand-prix_corner_07,ANT,HUL,2.0,3.333,-1.0,session_best
2026,4,Miami Grand Prix,R,miami-grand-prix_corner_07,RUS,HUL,2.0,2.666,-2.0,session_best
2026,4,Miami Grand Prix,R,miami-grand-prix_corner_07,PIA,HUL,3.0,2.666,3.667,session_best
2026,4,Miami Grand Prix,R,miami-grand-prix_corner_07,BEA,HUL,3.0,3.333,-8.333,session_best
2026,4,Miami Grand Prix,R,miami-grand-prix_corner_07,ALB,HUL,4.0,4.833,2.25,session_best
2026,4,Miami Grand Prix,R,miami-grand-prix_corner_07,BOR,HUL,5.0,3.0,-4.667,session_best
2026,4,Miami Grand Prix,R,miami-grand-prix_corner_07,BOT,HUL,5.0,5.833,4.75,session_best
2026,4,Miami Grand Prix,R,miami-grand-prix_corner_07,NOR,HUL,7.0,3.333,1.25,session_best
2026,4,Miami Grand Prix,R,miami-grand-prix_corner_07,LIN,HUL,7.0,7.083,0.0,session_best
2026,4,Miami Grand Prix,R,miami-grand-prix_corner_07,SAI,HUL,7.0,7.083,3.5,session_best
2026,4,Miami Grand Prix,R,miami-grand-prix_corner_07,PER,HUL,8.0,9.583,1.0,session_best
2026,4,Miami Grand Prix,R,miami-grand-prix_corner_07,LEC,HUL,8.0,7.833,-3.25,session_best
2026,4,Miami Grand Prix,R,miami-grand-prix_corner_07,OCO,HUL,8.0,7.333,-3.0,session_best
2026,4,Miami Grand Prix,R,miami-grand-prix_corner_07,COL,HUL,9.0,3.083,-5.0,session_best
2026,4,Miami Grand Prix,R,miami-grand-prix_corner_07,VER,HUL,10.0,10.583,-5.75,session_best
2026,4,Miami Grand Prix,R,miami-grand-prix_corner_07,GAS,HUL,11.0,11.666,9.0,session_best
2026,4,Miami Grand Prix,R,miami-grand-prix_corner_07,STR,HUL,12.0,6.666,-1.333,session_best
2026,4,Miami Grand Prix,R,miami-grand-prix_corner_07,ALO,HUL,13.0,10.583,6.75,session_best
2026,4,Miami Grand Prix,R,miami-grand-prix_corner_07,LAW,HUL,13.0,10.333,11.75,session_best
2026,4,Miami Grand Prix,R,miami-grand-prix_corner_07,HAD,HUL,17.0,14.333,11.75,session_best
2026,4,Miami Grand Prix,R,miami-grand-prix_corner_12,RUS,RUS,0.0,0.0,0.0,session_best
2026,4,Miami Grand Prix,R,miami-grand-prix_corner_12,COL,RUS,0.0,9.467,-2.1,session_best
2026,4,Miami Grand Prix,R,miami-grand-prix_corner_12,HUL,RUS,1.0,3.6,7.8,session_best
2026,4,Miami Grand Prix,R,miami-grand-prix_corner_12,HAM,RUS,2.0,-5.2,-5.6,session_best
2026,4,Miami Grand Prix,R,miami-grand-prix_corner_12,BEA,RUS,3.0,38.0,6.2,session_best
2026,4,Miami Grand Prix,R,miami-grand-prix_corner_12,ANT,RUS,3.0,13.6,5.8,session_best
2026,4,Miami Grand Prix,R,miami-grand-prix_corner_12,SAI,RUS,3.0,18.8,-2.6,session_best
2026,4,Miami Grand Prix,R,miami-grand-prix_corner_12,LIN,RUS,3.0,13.8,-6.2,session_best
2026,4,Miami Grand Prix,R,miami-grand-prix_corner_12,LEC,RUS,4.0,32.2,-0.4,session_best
2026,4,Miami Grand Prix,R,miami-grand-prix_corner_12,ALB,RUS,4.0,27.633,4.9,session_best
2026,4,Miami Grand Prix,R,miami-grand-prix_corner_12,PIA,RUS,4.0,6.4,0.8,session_best
2026,4,Miami Grand Prix,R,miami-grand-prix_corner_12,NOR,RUS,4.0,16.0,6.6,session_best
2026,4,Miami Grand Prix,R,miami-grand-prix_corner_12,BOR,RUS,5.0,9.2,-0.8,session_best
2026,4,Miami Grand Prix,R,miami-grand-prix_corner_12,ALO,RUS,6.0,20.2,4.4,session_best
2026,4,Miami Grand Prix,R,miami-grand-prix_corner_12,GAS,RUS,6.0,6.6,-0.8,session_best
2026,4,Miami Grand Prix,R,miami-grand-prix_corner_12,PER,RUS,6.0,31.8,-2.2,session_best
2026,4,Miami Grand Prix,R,miami-grand-prix_corner_12,BOT,RUS,7.0,81.8,19.233,session_best
2026,4,Miami Grand Prix,R,miami-grand-prix_corner_12,LAW,RUS,7.0,54.4,-0.2,session_best
2026,4,Miami Grand Prix,R,miami-grand-prix_corner_12,VER,RUS,7.0,7.4,4.6,session_best
2026,4,Miami Grand Prix,R,miami-grand-prix_corner_12,OCO,RUS,7.0,18.8,-1.4,session_best
2026,4,Miami Grand Prix,R,miami-grand-prix_corner_12,STR,RUS,9.0,23.6,11.2,session_best
2026,4,Miami Grand Prix,R,miami-grand-prix_corner_12,HAD,RUS,11.0,40.0,9.0,session_best
2026,4,Miami Grand Prix,R,miami-grand-prix_corner_13,PIA,PIA,0.0,0.0,0.0,session_best
2026,4,Miami Grand Prix,R,miami-grand-prix_corner_13,HUL,PIA,1.0,-1.666,3.666,session_best
2026,4,Miami Grand Prix,R,miami-grand-prix_corner_13,COL,PIA,2.0,4.334,8.333,session_best
2026,4,Miami Grand Prix,R,miami-grand-prix_corner_13,LIN,PIA,2.0,7.334,2.666,session_best
2026,4,Miami Grand Prix,R,miami-grand-prix_corner_13,ANT,PIA,2.0,-1.333,0.166,session_best
2026,4,Miami Grand Prix,R,miami-grand-prix_corner_13,NOR,PIA,2.0,-3.333,7.166,session_best
2026,4,Miami Grand Prix,R,miami-grand-prix_corner_13,HAM,PIA,2.0,1.238,6.762,session_best
2026,4,Miami Grand Prix,R,miami-grand-prix_corner_13,LEC,PIA,3.0,4.267,-5.267,session_best
2026,4,Miami Grand Prix,R,miami-grand-prix_corner_13,OCO,PIA,3.0,2.334,0.833,session_best
2026,4,Miami Grand Prix,R,miami-grand-prix_corner_13,ALB,PIA,4.0,6.334,3.666,session_best
2026,4,Miami Grand Prix,R,miami-grand-prix_corner_13,SAI,PIA,5.0,5.834,8.333,session_best
2026,4,Miami Grand Prix,R,miami-grand-prix_corner_13,RUS,PIA,5.0,7.667,9.833,session_best
2026,4,Miami Grand Prix,R,miami-grand-prix_corner_13,BEA,PIA,5.0,-1.666,4.333,session_best
2026,4,Miami Grand Prix,R,miami-grand-prix_corner_13,LAW,PIA,6.0,6.667,-1.867,session_best
2026,4,Miami Grand Prix,R,miami-grand-prix_corner_13,GAS,PIA,7.0,6.5,11.333,session_best
2026,4,Miami Grand Prix,R,miami-grand-prix_corner_13,VER,PIA,7.0,6.334,9.666,session_best
2026,4,Miami Grand Prix,R,miami-grand-prix_corner_13,HAD,PIA,7.0,8.267,4.133,session_best
2026,4,Miami Grand Prix,R,miami-grand-prix_corner_13,BOR,PIA,8.0,10.467,6.933,session_best
2026,4,Miami Grand Prix,R,miami-grand-prix_corner_13,STR,PIA,8.0,2.667,5.0,session_best
2026,4,Miami Grand Prix,R,miami-grand-prix_corner_13,ALO,PIA,9.0,9.238,8.476,session_best
2026,4,Miami Grand Prix,R,miami-grand-prix_corner_13,PER,PIA,9.0,1.0,2.666,session_best
2026,4,Miami Grand Prix,R,miami-grand-prix_corner_13,BOT,PIA,14.0,-6.047,11.619,session_best
2026,4,Miami Grand Prix,R,miami-grand-prix_corner_14,ANT,ANT,0.0,0.0,0.0,session_best
2026,4,Miami Grand Prix,R,miami-grand-prix_corner_14,LEC,ANT,0.0,-2.35,9.6,session_best
2026,4,Miami Grand Prix,R,miami-grand-prix_corner_14,BOT,ANT,1.0,4.25,-4.0,session_best
2026,4,Miami Grand Prix,R,miami-grand-prix_corner_14,ALB,ANT,1.0,-5.55,14.8,session_best
2026,4,Miami Grand Prix,R,miami-grand-prix_corner_14,SAI,ANT,1.0,-9.95,6.8,session_best
2026,4,Miami Grand Prix,R,miami-grand-prix_corner_14,BEA,ANT,2.0,-2.35,0.2,session_best
2026,4,Miami Grand Prix,R,miami-grand-prix_corner_14,PER,ANT,2.0,-8.75,17.0,session_best
2026,4,Miami Grand Prix,R,miami-grand-prix_corner_14,PIA,ANT,2.0,-13.75,17.25,session_best
2026,4,Miami Grand Prix,R,miami-grand-prix_corner_14,OCO,ANT,2.0,-11.35,14.4,session_best
2026,4,Miami Grand Prix,R,miami-grand-prix_corner_14,HAM,ANT,2.0,-17.55,14.4,session_best
2026,4,Miami Grand Prix,R,miami-grand-prix_corner_14,LAW,ANT,3.0,-6.15,10.4,session_best
2026,4,Miami Grand Prix,R,miami-grand-prix_corner_14,BOR,ANT,4.0,-19.95,16.8,session_best
2026,4,Miami Grand Prix,R,miami-grand-prix_corner_14,GAS,ANT,4.0,-6.95,23.8,session_best
2026,4,Miami Grand Prix,R,miami-grand-prix_corner_14,COL,ANT,4.0,-10.15,13.2,session_best
2026,4,Miami Grand Prix,R,miami-grand-prix_corner_14,ALO,ANT,5.0,-7.75,19.0,session_best
2026,4,Miami Grand Prix,R,miami-grand-prix_corner_14,NOR,ANT,5.0,-13.25,10.25,session_best
2026,4,Miami Grand Prix,R,miami-grand-prix_corner_14,VER,ANT,5.0,-12.95,9.4,session_best
2026,4,Miami Grand Prix,R,miami-grand-prix_corner_14,RUS,ANT,5.0,-11.15,14.0,session_best
2026,4,Miami Grand Prix,R,miami-grand-prix_corner_14,HUL,ANT,6.0,-11.0,12.75,session_best
2026,4,Miami Grand Prix,R,miami-grand-prix_corner_14,LIN,ANT,6.0,-16.15,12.8,session_best
2026,4,Miami Grand Prix,R,miami-grand-prix_corner_14,STR,ANT,6.0,0.65,2.8,session_best
2026,4,Miami Grand Prix,R,miami-grand-prix_corner_14,HAD,ANT,10.0,-11.0,15.0,session_best
2026,4,Miami Grand Prix,R,miami-grand-prix_corner_19,BOT,BOT,0.0,0.0,0.0,session_best
2026,4,Miami Grand Prix,R,miami-grand-prix_corner_19,LIN,BOT,6.0,1.75,15.25,session_best
2026,4,Miami Grand Prix,R,miami-grand-prix_corner_19,HAM,BOT,8.0,-0.5,18.25,session_best
2026,4,Miami Grand Prix,R,miami-grand-prix_corner_19,LAW,BOT,8.0,9.75,16.5,session_best
2026,4,Miami Grand Prix,R,miami-grand-prix_corner_19,COL,BOT,8.0,-0.9,12.65,session_best
2026,4,Miami Grand Prix,R,miami-grand-prix_corner_19,ANT,BOT,8.0,11.25,7.0,session_best
2026,4,Miami Grand Prix,R,miami-grand-prix_corner_19,VER,BOT,9.0,9.5,4.65,session_best
2026,4,Miami Grand Prix,R,miami-grand-prix_corner_19,RUS,BOT,9.0,6.7,9.05,session_best
2026,4,Miami Grand Prix,R,miami-grand-prix_corner_19,OCO,BOT,9.0,3.0,12.75,session_best
2026,4,Miami Grand Prix,R,miami-grand-prix_corner_19,NOR,BOT,9.0,5.5,10.05,session_best
2026,4,Miami Grand Prix,R,miami-grand-prix_corner_19,HUL,BOT,9.0,-2.3,21.85,session_best
2026,4,Miami Grand Prix,R,miami-grand-prix_corner_19,PER,BOT,9.0,12.1,7.05,session_best
2026,4,Miami Grand Prix,R,miami-grand-prix_corner_19,ALB,BOT,10.0,13.3,5.25,session_best
2026,4,Miami Grand Prix,R,miami-grand-prix_corner_19,BEA,BOT,10.0,14.25,5.5,session_best
2026,4,Miami Grand Prix,R,miami-grand-prix_corner_19,SAI,BOT,10.0,5.1,6.65,session_best
2026,4,Miami Grand Prix,R,miami-grand-prix_corner_19,BOR,BOT,11.0,-6.5,11.05,session_best
2026,4,Miami Grand Prix,R,miami-grand-prix_corner_19,PIA,BOT,12.0,-4.167,7.75,session_best
2026,4,Miami Grand Prix,R,miami-grand-prix_corner_19,LEC,BOT,12.0,5.9,3.45,session_best
2026,4,Miami Grand Prix,R,miami-grand-prix_corner_19,ALO,BOT,13.0,10.5,9.85,session_best
2026,4,Miami Grand Prix,R,miami-grand-prix_corner_19,HAD,BOT,13.0,5.5,13.85,session_best
2026,4,Miami Grand Prix,R,miami-grand-prix_corner_19,GAS,BOT,13.0,-8.5,30.583,session_best
2026,4,Miami Grand Prix,R,miami-grand-prix_corner_19,STR,BOT,16.0,17.1,3.45,session_best
2026,4,Miami Grand Prix,S,miami-grand-prix_corner_02,COL,COL,0.0,0.0,0.0,session_best
2026,4,Miami Grand Prix,S,miami-grand-prix_corner_02,ANT,COL,1.0,25.2,-15.4,session_best
2026,4,Miami Grand Prix,S,miami-grand-prix_corner_02,GAS,COL,2.0,6.2,-10.6,session_best
2026,4,Miami Grand Prix,S,miami-grand-prix_corner_02,NOR,COL,2.0,-1.15,-19.85,session_best
2026,4,Miami Grand Prix,S,miami-grand-prix_corner_02,PIA,COL,3.0,29.8,-21.0,session_best
2026,4,Miami Grand Prix,S,miami-grand-prix_corner_02,BOR,COL,3.0,7.4,-7.8,session_best
2026,4,Miami Grand Prix,S,miami-grand-prix_corner_02,LAW,COL,4.0,31.2,-17.0,session_best
2026,4,Miami Grand Prix,S,miami-grand-prix_corner_02,VER,COL,4.0,-13.2,-8.2,session_best
2026,4,Miami Grand Prix,S,miami-grand-prix_corner_02,RUS,COL,4.0,25.0,-15.2,session_best
2026,4,Miami Grand Prix,S,miami-grand-prix_corner_02,LEC,COL,4.0,29.35,-14.35,session_best
2026,4,Miami Grand Prix,S,miami-grand-prix_corner_02,BEA,COL,5.0,5.6,-2.85,session_best
2026,4,Miami Grand Prix,S,miami-grand-prix_corner_02,PER,COL,5.0,37.0,-14.2,session_best
2026,4,Miami Grand Prix,S,miami-grand-prix_corner_02,OCO,COL,5.0,5.1,-3.35,session_best
2026,4,Miami Grand Prix,S,miami-grand-prix_corner_02,HAM,COL,6.0,21.6,-6.6,session_best
2026,4,Miami Grand Prix,S,miami-grand-prix_corner_02,SAI,COL,6.0,5.8,-15.4,session_best
2026,4,Miami Grand Prix,S,miami-grand-prix_corner_02,ALB,COL,7.0,-39.9,-17.35,session_best
2026,4,Miami Grand Prix,S,miami-grand-prix_corner_02,ALO,COL,8.0,-4.2,-10.8,session_best
2026,4,Miami Grand Prix,S,miami-grand-prix_corner_02,HAD,COL,8.0,-1.8,-11.8,session_best
2026,4,Miami Grand Prix,S,miami-grand-prix_corner_02,STR,COL,8.0,-2.2,0.4,session_best
2026,4,Miami Grand Prix,S,miami-grand-prix_corner_02,BOT,COL,13.0,-11.65,-5.35,session_best
2026,4,Miami Grand Prix,S,miami-grand-prix_corner_03,NOR,NOR,0.0,0.0,0.0,session_best
2026,4,Miami Grand Prix,S,miami-grand-prix_corner_03,PIA,NOR,0.0,1.667,1.333,session_best
2026,4,Miami Grand Prix,S,miami-grand-prix_corner_03,ANT,NOR,1.0,0.667,-1.667,session_best
2026,4,Miami Grand Prix,S,miami-grand-prix_corner_03,ALB,NOR,4.0,6.333,4.666,session_best
2026,4,Miami Grand Prix,S,miami-grand-prix_corner_03,LEC,NOR,6.0,8.667,9.333,session_best
2026,4,Miami Grand Prix,S,miami-grand-prix_corner_03,RUS,NOR,6.0,10.667,1.333,session_best
2026,4,Miami Grand Prix,S,miami-grand-prix_corner_03,SAI,NOR,7.0,9.667,6.0,session_best
2026,4,Miami Grand Prix,S,miami-grand-prix_corner_03,LAW,NOR,7.0,11.0,-0.667,session_best
2026,4,Miami Grand Prix,S,miami-grand-prix_corner_03,GAS,NOR,9.0,11.0,1.333,session_best
2026,4,Miami Grand Prix,S,miami-grand-prix_corner_03,HAM,NOR,11.0,11.5,16.333,session_best
2026,4,Miami Grand Prix,S,miami-grand-prix_corner_03,VER,NOR,11.0,10.0,0.0,session_best
2026,4,Miami Grand Prix,S,miami-grand-prix_corner_03,BOR,NOR,11.0,11.0,16.0,session_best
2026,4,Miami Grand Prix,S,miami-grand-prix_corner_03,HAD,NOR,12.0,12.0,0.333,session_best
2026,4,Miami Grand Prix,S,miami-grand-prix_corner_03,ALO,NOR,12.0,13.333,16.333,session_best
2026,4,Miami Grand Prix,S,miami-grand-prix_corner_03,PER,NOR,14.0,18.5,14.833,session_best
2026,4,Miami Grand Prix,S,miami-grand-prix_corner_03,STR,NOR,15.0,18.0,22.833,session_best
2026,4,Miami Grand Prix,S,miami-grand-prix_corner_03,BEA,NOR,16.0,19.667,14.0,session_best
2026,4,Miami Grand Prix,S,miami-grand-prix_corner_03,COL,NOR,18.0,22.5,6.833,session_best
2026,4,Miami Grand Prix,S,miami-grand-prix_corner_03,BOT,NOR,19.0,23.0,16.666,session_best
2026,4,Miami Grand Prix,S,miami-grand-prix_corner_03,OCO,NOR,20.0,22.333,16.333,session_best
2026,4,Miami Grand Prix,S,miami-grand-prix_corner_06,ALB,ALB,0.0,0.0,0.0,session_best
2026,4,Miami Grand Prix,S,miami-grand-prix_corner_06,STR,ALB,3.0,13.917,0.083,session_best
2026,4,Miami Grand Prix,S,miami-grand-prix_corner_06,GAS,ALB,6.0,-4.833,5.583,session_best
2026,4,Miami Grand Prix,S,miami-grand-prix_corner_06,NOR,ALB,6.0,-4.833,3.833,session_best
2026,4,Miami Grand Prix,S,miami-grand-prix_corner_06,RUS,ALB,6.0,-5.0,3.333,session_best
2026,4,Miami Grand Prix,S,miami-grand-prix_corner_06,PIA,ALB,7.0,-4.0,9.0,session_best
2026,4,Miami Grand Prix,S,miami-grand-prix_corner_06,LEC,ALB,7.0,-10.333,4.833,session_best
2026,4,Miami Grand Prix,S,miami-grand-prix_corner_06,COL,ALB,7.0,-2.0,6.333,session_best
2026,4,Miami Grand Prix,S,miami-grand-prix_corner_06,VER,ALB,7.0,-3.333,5.333,session_best
2026,4,Miami Grand Prix,S,miami-grand-prix_corner_06,ANT,ALB,8.0,-11.666,7.0,session_best
2026,4,Miami Grand Prix,S,miami-grand-prix_corner_06,BEA,ALB,8.0,1.917,5.333,session_best
2026,4,Miami Grand Prix,S,miami-grand-prix_corner_06,HAM,ALB,9.0,-6.333,6.583,session_best
2026,4,Miami Grand Prix,S,miami-grand-prix_corner_06,HAD,ALB,10.0,-4.333,7.833,session_best
2026,4,Miami Grand Prix,S,miami-grand-prix_corner_06,OCO,ALB,10.0,0.917,5.333,session_best
2026,4,Miami Grand Prix,S,miami-grand-prix_corner_06,LAW,ALB,11.0,2.667,12.666,session_best
2026,4,Miami Grand Prix,S,miami-grand-prix_corner_06,BOR,ALB,11.0,4.917,8.583,session_best
2026,4,Miami Grand Prix,S,miami-grand-prix_corner_06,PER,ALB,12.0,8.167,14.583,session_best
2026,4,Miami Grand Prix,S,miami-grand-prix_corner_06,SAI,ALB,16.0,3.917,13.333,session_best
2026,4,Miami Grand Prix,S,miami-grand-prix_corner_06,BOT,ALB,17.0,15.417,17.583,session_best
2026,4,Miami Grand Prix,S,miami-grand-prix_corner_06,ALO,ALB,18.0,12.917,15.833,session_best
2026,4,Miami Grand Prix,S,miami-grand-prix_corner_07,NOR,NOR,0.0,0.0,0.0,session_best
2026,4,Miami Grand Prix,S,miami-grand-prix_corner_07,HAM,NOR,0.0,0.667,-1.0,session_best
2026,4,Miami Grand Prix,S,miami-grand-prix_corner_07,ALB,NOR,2.0,0.5,3.083,session_best
2026,4,Miami Grand Prix,S,miami-grand-prix_corner_07,BOR,NOR,2.0,1.5,8.833,session_best
2026,4,Miami Grand Prix,S,miami-grand-prix_corner_07,GAS,NOR,3.0,3.5,11.333,session_best
2026,4,Miami Grand Prix,S,miami-grand-prix_corner_07,LEC,NOR,3.0,2.667,-0.667,session_best
2026,4,Miami Grand Prix,S,miami-grand-prix_corner_07,ANT,NOR,4.0,4.5,1.833,session_best
2026,4,Miami Grand Prix,S,miami-grand-prix_corner_07,BEA,NOR,5.0,6.5,7.583,session_best
2026,4,Miami Grand Prix,S,miami-grand-prix_corner_07,RUS,NOR,5.0,5.0,2.083,session_best
2026,4,Miami Grand Prix,S,miami-grand-prix_corner_07,PIA,NOR,5.0,5.0,5.666,session_best
2026,4,Miami Grand Prix,S,miami-grand-prix_corner_07,PER,NOR,6.0,7.0,5.083,session_best
2026,4,Miami Grand Prix,S,miami-grand-prix_corner_07,HAD,NOR,6.0,5.5,7.083,session_best
2026,4,Miami Grand Prix,S,miami-grand-prix_corner_07,COL,NOR,6.0,5.75,5.583,session_best
2026,4,Miami Grand Prix,S,miami-grand-prix_corner_07,VER,NOR,6.0,5.0,3.333,session_best
2026,4,Miami Grand Prix,S,miami-grand-prix_corner_07,OCO,NOR,6.0,5.5,9.083,session_best
2026,4,Miami Grand Prix,S,miami-grand-prix_corner_07,STR,NOR,7.0,5.0,5.583,session_best
2026,4,Miami Grand Prix,S,miami-grand-prix_corner_07,LAW,NOR,8.0,9.333,-2.0,session_best
2026,4,Miami Grand Prix,S,miami-grand-prix_corner_07,BOT,NOR,8.0,8.0,1.333,session_best
2026,4,Miami Grand Prix,S,miami-grand-prix_corner_07,ALO,NOR,9.0,7.25,3.083,session_best
2026,4,Miami Grand Prix,S,miami-grand-prix_corner_07,SAI,NOR,12.0,12.5,7.083,session_best
2026,4,Miami Grand Prix,S,miami-grand-prix_corner_12,RUS,RUS,0.0,0.0,0.0,session_best
2026,4,Miami Grand Prix,S,miami-grand-prix_corner_12,ANT,RUS,1.0,62.0,0.95,session_best
2026,4,Miami Grand Prix,S,miami-grand-prix_corner_12,COL,RUS,1.0,67.6,1.35,session_best
2026,4,Miami Grand Prix,S,miami-grand-prix_corner_12,NOR,RUS,2.0,61.4,-3.85,session_best
2026,4,Miami Grand Prix,S,miami-grand-prix_corner_12,LAW,RUS,2.0,61.6,3.55,session_best
2026,4,Miami Grand Prix,S,miami-grand-prix_corner_12,HAD,RUS,3.0,59.75,4.5,session_best
2026,4,Miami Grand Prix,S,miami-grand-prix_corner_12,BOR,RUS,3.0,52.4,-4.65,session_best
2026,4,Miami Grand Prix,S,miami-grand-prix_corner_12,HAM,RUS,4.0,35.6,0.55,session_best
2026,4,Miami Grand Prix,S,miami-grand-prix_corner_12,STR,RUS,4.0,54.0,-8.65,session_best
2026,4,Miami Grand Prix,S,miami-grand-prix_corner_12,OCO,RUS,4.0,77.2,-2.05,session_best
2026,4,Miami Grand Prix,S,miami-grand-prix_corner_12,BOT,RUS,4.0,64.8,8.95,session_best
2026,4,Miami Grand Prix,S,miami-grand-prix_corner_12,LEC,RUS,5.0,43.6,-6.05,session_best
2026,4,Miami Grand Prix,S,miami-grand-prix_corner_12,GAS,RUS,5.0,38.2,2.75,session_best
2026,4,Miami Grand Prix,S,miami-grand-prix_corner_12,VER,RUS,6.0,30.4,-6.85,session_best
2026,4,Miami Grand Prix,S,miami-grand-prix_corner_12,ALO,RUS,6.0,109.4,12.55,session_best
2026,4,Miami Grand Prix,S,miami-grand-prix_corner_12,PIA,RUS,6.0,71.333,1.917,session_best
2026,4,Miami Grand Prix,S,miami-grand-prix_corner_12,SAI,RUS,7.0,65.833,-6.083,session_best
2026,4,Miami Grand Prix,S,miami-grand-prix_corner_12,ALB,RUS,7.0,63.2,3.75,session_best
2026,4,Miami Grand Prix,S,miami-grand-prix_corner_12,BEA,RUS,8.0,71.0,5.15,session_best
2026,4,Miami Grand Prix,S,miami-grand-prix_corner_12,PER,RUS,10.0,75.667,-5.083,session_best
2026,4,Miami Grand Prix,S,miami-grand-prix_corner_13,PIA,PIA,0.0,0.0,0.0,session_best
2026,4,Miami Grand Prix,S,miami-grand-prix_corner_13,COL,PIA,1.0,-4.314,3.314,session_best
2026,4,Miami Grand Prix,S,miami-grand-prix_corner_13,NOR,PIA,1.0,-0.2,-7.2,session_best
2026,4,Miami Grand Prix,S,miami-grand-prix_corner_13,BEA,PIA,3.0,3.4,1.457,session_best
2026,4,Miami Grand Prix,S,miami-grand-prix_corner_13,ANT,PIA,3.0,-0.4,3.2,session_best
2026,4,Miami Grand Prix,S,miami-grand-prix_corner_13,STR,PIA,3.0,6.9,2.6,session_best
2026,4,Miami Grand Prix,S,miami-grand-prix_corner_13,RUS,PIA,4.0,4.067,0.933,session_best
2026,4,Miami Grand Prix,S,miami-grand-prix_corner_13,HAD,PIA,4.0,4.233,1.1,session_best
2026,4,Miami Grand Prix,S,miami-grand-prix_corner_13,LEC,PIA,4.0,-0.767,-3.9,session_best
2026,4,Miami Grand Prix,S,miami-grand-prix_corner_13,ALB,PIA,5.0,6.067,-0.567,session_best
2026,4,Miami Grand Prix,S,miami-grand-prix_corner_13,SAI,PIA,5.0,5.114,2.029,session_best
2026,4,Miami Grand Prix,S,miami-grand-prix_corner_13,GAS,PIA,5.0,5.067,-1.9,session_best
2026,4,Miami Grand Prix,S,miami-grand-prix_corner_13,HAM,PIA,5.0,0.733,1.6,session_best
2026,4,Miami Grand Prix,S,miami-grand-prix_corner_13,OCO,PIA,5.0,2.543,-0.114,session_best
2026,4,Miami Grand Prix,S,miami-grand-prix_corner_13,VER,PIA,6.0,6.0,5.0,session_best
2026,4,Miami Grand Prix,S,miami-grand-prix_corner_13,BOR,PIA,6.0,6.114,5.457,session_best
2026,4,Miami Grand Prix,S,miami-grand-prix_corner_13,PER,PIA,8.0,-0.767,1.1,session_best
2026,4,Miami Grand Prix,S,miami-grand-prix_corner_13,BOT,PIA,9.0,5.4,2.767,session_best
2026,4,Miami Grand Prix,S,miami-grand-prix_corner_13,LAW,PIA,10.0,3.4,9.6,session_best
2026,4,Miami Grand Prix,S,miami-grand-prix_corner_13,ALO,PIA,11.0,-14.457,1.029,session_best
2026,4,Miami Grand Prix,S,miami-grand-prix_corner_14,NOR,NOR,0.0,0.0,0.0,session_best
2026,4,Miami Grand Prix,S,miami-grand-prix_corner_14,HAM,NOR,2.0,1.167,7.917,session_best
2026,4,Miami Grand Prix,S,miami-grand-prix_corner_14,SAI,NOR,2.0,-2.75,7.25,session_best
2026,4,Miami Grand Prix,S,miami-grand-prix_corner_14,BEA,NOR,3.0,-8.0,19.75,session_best
2026,4,Miami Grand Prix,S,miami-grand-prix_corner_14,ANT,NOR,3.0,1.0,5.0,session_best
2026,4,Miami Grand Prix,S,miami-grand-prix_corner_14,OCO,NOR,3.0,-3.1,8.95,session_best
2026,4,Miami Grand Prix,S,miami-grand-prix_corner_14,VER,NOR,4.0,-9.7,7.55,session_best
2026,4,Miami Grand Prix,S,miami-grand-prix_corner_14,RUS,NOR,4.0,-11.5,11.75,session_best
2026,4,Miami Grand Prix,S,miami-grand-prix_corner_14,PIA,NOR,4.0,3.5,3.55,session_best
2026,4,Miami Grand Prix,S,miami-grand-prix_corner_14,BOT,NOR,4.0,3.5,8.15,session_best
2026,4,Miami Grand Prix,S,miami-grand-prix_corner_14,LAW,NOR,4.0,-2.9,11.55,session_best
2026,4,Miami Grand Prix,S,miami-grand-prix_corner_14,GAS,NOR,4.0,-1.1,9.55,session_best
2026,4,Miami Grand Prix,S,miami-grand-prix_corner_14,ALB,NOR,5.0,-11.5,16.15,session_best
2026,4,Miami Grand Prix,S,miami-grand-prix_corner_14,ALO,NOR,5.0,14.0,4.25,session_best
2026,4,Miami Grand Prix,S,miami-grand-prix_corner_14,PER,NOR,5.0,10.1,3.55,session_best
2026,4,Miami Grand Prix,S,miami-grand-prix_corner_14,LEC,NOR,5.0,-17.75,6.25,session_best
2026,4,Miami Grand Prix,S,miami-grand-prix_corner_14,STR,NOR,5.0,-12.9,20.55,session_best
2026,4,Miami Grand Prix,S,miami-grand-prix_corner_14,COL,NOR,6.0,-5.5,8.95,session_best
2026,4,Miami Grand Prix,S,miami-grand-prix_corner_14,HAD,NOR,7.0,3.5,5.55,session_best
2026,4,Miami Grand Prix,S,miami-grand-prix_corner_14,BOR,NOR,7.0,-20.75,24.75,session_best
2026,4,Miami Grand Prix,S,miami-grand-prix_corner_19,HAM,HAM,0.0,0.0,0.0,session_best
2026,4,Miami Grand Prix,S,miami-grand-prix_corner_19,NOR,HAM,1.0,-3.033,-7.9,session_best
2026,4,Miami Grand Prix,S,miami-grand-prix_corner_19,BOR,HAM,1.0,-19.233,12.5,session_best
2026,4,Miami Grand Prix,S,miami-grand-prix_corner_19,BOT,HAM,1.0,4.0,-5.333,session_best
2026,4,Miami Grand Prix,S,miami-grand-prix_corner_19,ALB,HAM,2.0,2.917,-10.0,session_best
2026,4,Miami Grand Prix,S,miami-grand-prix_corner_19,GAS,HAM,3.0,0.667,-18.25,session_best
2026,4,Miami Grand Prix,S,miami-grand-prix_corner_19,PIA,HAM,3.0,6.567,-18.3,session_best
2026,4,Miami Grand Prix,S,miami-grand-prix_corner_19,LEC,HAM,3.0,-3.833,-8.9,session_best
2026,4,Miami Grand Prix,S,miami-grand-prix_corner_19,COL,HAM,3.0,-8.833,-6.1,session_best
2026,4,Miami Grand Prix,S,miami-grand-prix_corner_19,BEA,HAM,4.0,-0.033,8.3,session_best
2026,4,Miami Grand Prix,S,miami-grand-prix_corner_19,ALO,HAM,4.0,4.167,-13.3,session_best
2026,4,Miami Grand Prix,S,miami-grand-prix_corner_19,ANT,HAM,4.0,4.567,-5.9,session_best
2026,4,Miami Grand Prix,S,miami-grand-prix_corner_19,VER,HAM,4.0,4.767,-16.7,session_best
2026,4,Miami Grand Prix,S,miami-grand-prix_corner_19,HAD,HAM,4.0,2.567,-13.1,session_best
2026,4,Miami Grand Prix,S,miami-grand-prix_corner_19,OCO,HAM,4.0,2.167,-8.5,session_best
2026,4,Miami Grand Prix,S,miami-grand-prix_corner_19,RUS,HAM,4.0,-3.233,0.1,session_best
2026,4,Miami Grand Prix,S,miami-grand-prix_corner_19,STR,HAM,4.0,-9.033,1.3,session_best
2026,4,Miami Grand Prix,S,miami-grand-prix_corner_19,LAW,HAM,5.0,0.567,-1.9,session_best
2026,4,Miami Grand Prix,S,miami-grand-prix_corner_19,PER,HAM,6.0,10.917,-18.25,session_best
2026,4,Miami Grand Prix,S,miami-grand-prix_corner_19,SAI,HAM,9.0,10.367,-6.3,session_best
2026,4,Miami Grand Prix,SQ,miami-grand-prix_corner_02,ANT,ANT,0.0,0.0,0.0,session_best
2026,4,Miami Grand Prix,SQ,miami-grand-prix_corner_02,PIA,ANT,2.0,39.8,-8.2,session_best
2026,4,Miami Grand Prix,SQ,miami-grand-prix_corner_02,NOR,ANT,2.0,21.6,-12.6,session_best
2026,4,Miami Grand Prix,SQ,miami-grand-prix_corner_02,COL,ANT,3.0,33.8,-0.3,session_best
2026,4,Miami Grand Prix,SQ,miami-grand-prix_corner_02,HAD,ANT,3.0,-6.2,-0.55,session_best
2026,4,Miami Grand Prix,SQ,miami-grand-prix_corner_02,VER,ANT,4.0,7.55,-8.05,session_best
2026,4,Miami Grand Prix,SQ,miami-grand-prix_corner_02,HUL,ANT,4.0,12.4,5.4,session_best
2026,4,Miami Grand Prix,SQ,miami-grand-prix_corner_02,PER,ANT,4.0,37.05,-6.05,session_best
2026,4,Miami Grand Prix,SQ,miami-grand-prix_corner_02,SAI,ANT,5.0,34.55,2.7,session_best
2026,4,Miami Grand Prix,SQ,miami-grand-prix_corner_02,RUS,ANT,6.0,10.4,-15.4,session_best
2026,4,Miami Grand Prix,SQ,miami-grand-prix_corner_02,BEA,ANT,6.0,6.8,5.2,session_best
2026,4,Miami Grand Prix,SQ,miami-grand-prix_corner_02,HAM,ANT,7.0,40.0,-11.0,session_best
2026,4,Miami Grand Prix,SQ,miami-grand-prix_corner_02,LEC,ANT,7.0,42.3,-18.05,session_best
2026,4,Miami Grand Prix,SQ,miami-grand-prix_corner_02,ALB,ANT,7.0,35.05,0.45,session_best
2026,4,Miami Grand Prix,SQ,miami-grand-prix_corner_02,LAW,ANT,8.0,52.4,3.2,session_best
2026,4,Miami Grand Prix,SQ,miami-grand-prix_corner_02,GAS,ANT,8.0,47.4,-1.2,session_best
2026,4,Miami Grand Prix,SQ,miami-grand-prix_corner_02,BOR,ANT,8.0,47.4,7.4,session_best
2026,4,Miami Grand Prix,SQ,miami-grand-prix_corner_02,LIN,ANT,11.0,48.6,-0.6,session_best
2026,4,Miami Grand Prix,SQ,miami-grand-prix_corner_02,STR,ANT,11.0,45.967,18.867,session_best
2026,4,Miami Grand Prix,SQ,miami-grand-prix_corner_02,ALO,ANT,13.0,41.4,11.4,session_best
2026,4,Miami Grand Prix,SQ,miami-grand-prix_corner_02,BOT,ANT,13.0,63.4,6.6,session_best
2026,4,Miami Grand Prix,SQ,miami-grand-prix_corner_02,OCO,ANT,16.0,14.6,12.6,session_best
2026,4,Miami Grand Prix,SQ,miami-grand-prix_corner_06,VER,VER,0.0,0.0,0.0,session_best
2026,4,Miami Grand Prix,SQ,miami-grand-prix_corner_06,RUS,VER,0.0,-9.833,3.0,session_best
2026,4,Miami Grand Prix,SQ,miami-grand-prix_corner_06,ANT,VER,1.0,-13.25,-4.0,session_best
2026,4,Miami Grand Prix,SQ,miami-grand-prix_corner_06,LEC,VER,1.0,-13.5,3.667,session_best
2026,4,Miami Grand Prix,SQ,miami-grand-prix_corner_06,NOR,VER,2.0,-6.833,7.667,session_best
2026,4,Miami Grand Prix,SQ,miami-grand-prix_corner_06,HAM,VER,4.0,-11.0,3.5,session_best
2026,4,Miami Grand Prix,SQ,miami-grand-prix_corner_06,BEA,VER,6.0,4.167,7.333,session_best
2026,4,Miami Grand Prix,SQ,miami-grand-prix_corner_06,OCO,VER,6.0,3.5,4.5,session_best
2026,4,Miami Grand Prix,SQ,miami-grand-prix_corner_06,STR,VER,6.0,16.833,10.0,session_best
2026,4,Miami Grand Prix,SQ,miami-grand-prix_corner_06,LIN,VER,7.0,-3.0,5.0,session_best
2026,4,Miami Grand Prix,SQ,miami-grand-prix_corner_06,SAI,VER,7.0,4.25,8.25,session_best
2026,4,Miami Grand Prix,SQ,miami-grand-prix_corner_06,PIA,VER,7.0,-6.5,2.75,session_best
2026,4,Miami Grand Prix,SQ,miami-grand-prix_corner_06,HUL,VER,9.0,-0.833,8.0,session_best
2026,4,Miami Grand Prix,SQ,miami-grand-prix_corner_06,ALO,VER,11.0,14.25,11.75,session_best
2026,4,Miami Grand Prix,SQ,miami-grand-prix_corner_06,GAS,VER,11.0,-3.167,14.333,session_best
2026,4,Miami Grand Prix,SQ,miami-grand-prix_corner_06,COL,VER,11.0,2.833,13.0,session_best
2026,4,Miami Grand Prix,SQ,miami-grand-prix_corner_06,PER,VER,13.0,7.25,11.5,session_best
2026,4,Miami Grand Prix,SQ,miami-grand-prix_corner_06,HAD,VER,13.0,-3.5,15.333,session_best
2026,4,Miami Grand Prix,SQ,miami-grand-prix_corner_06,LAW,VER,16.0,-1.5,18.333,session_best
2026,4,Miami Grand Prix,SQ,miami-grand-prix_corner_06,BOT,VER,17.0,8.25,20.5,session_best
2026,4,Miami Grand Prix,SQ,miami-grand-prix_corner_06,BOR,VER,18.0,5.5,19.667,session_best
2026,4,Miami Grand Prix,SQ,miami-grand-prix_corner_06,ALB,VER,19.0,-0.167,22.0,session_best
2026,4,Miami Grand Prix,SQ,miami-grand-prix_corner_07,HAM,HAM,0.0,0.0,0.0,session_best
2026,4,Miami Grand Prix,SQ,miami-grand-prix_corner_07,ANT,HAM,3.0,5.667,-1.667,session_best
2026,4,Miami Grand Prix,SQ,miami-grand-prix_corner_07,NOR,HAM,3.0,4.334,-7.333,session_best
2026,4,Miami Grand Prix,SQ,miami-grand-prix_corner_07,LEC,HAM,5.0,7.334,-1.333,session_best
2026,4,Miami Grand Prix,SQ,miami-grand-prix_corner_07,PIA,HAM,6.0,4.334,-3.333,session_best
2026,4,Miami Grand Prix,SQ,miami-grand-prix_corner_07,BOT,HAM,7.0,2.667,-0.333,session_best
2026,4,Miami Grand Prix,SQ,miami-grand-prix_corner_07,GAS,HAM,7.0,7.667,1.0,session_best
2026,4,Miami Grand Prix,SQ,miami-grand-prix_corner_07,RUS,HAM,7.0,6.917,-4.5,session_best
2026,4,Miami Grand Prix,SQ,miami-grand-prix_corner_07,STR,HAM,8.0,4.667,2.5,session_best
2026,4,Miami Grand Prix,SQ,miami-grand-prix_corner_07,BEA,HAM,8.0,10.334,-1.667,session_best
2026,4,Miami Grand Prix,SQ,miami-grand-prix_corner_07,VER,HAM,9.0,9.334,10.333,session_best
2026,4,Miami Grand Prix,SQ,miami-grand-prix_corner_07,HUL,HAM,9.0,9.667,-1.0,session_best
2026,4,Miami Grand Prix,SQ,miami-grand-prix_corner_07,LIN,HAM,11.0,10.334,-1.0,session_best
2026,4,Miami Grand Prix,SQ,miami-grand-prix_corner_07,OCO,HAM,12.0,14.334,-1.0,session_best
2026,4,Miami Grand Prix,SQ,miami-grand-prix_corner_07,ALO,HAM,13.0,14.917,1.0,session_best
2026,4,Miami Grand Prix,SQ,miami-grand-prix_corner_07,HAD,HAM,13.0,9.667,-8.5,session_best
2026,4,Miami Grand Prix,SQ,miami-grand-prix_corner_07,BOR,HAM,15.0,16.167,-5.0,session_best
2026,4,Miami Grand Prix,SQ,miami-grand-prix_corner_07,ALB,HAM,15.0,16.0,-9.333,session_best
2026,4,Miami Grand Prix,SQ,miami-grand-prix_corner_07,SAI,HAM,15.0,16.334,-1.0,session_best
2026,4,Miami Grand Prix,SQ,miami-grand-prix_corner_07,PER,HAM,16.0,17.334,-3.333,session_best
2026,4,Miami Grand Prix,SQ,miami-grand-prix_corner_07,LAW,HAM,17.0,12.667,-6.0,session_best
2026,4,Miami Grand Prix,SQ,miami-grand-prix_corner_07,COL,HAM,17.0,16.667,-1.25,session_best
2026,4,Miami Grand Prix,SQ,miami-grand-prix_corner_12,LIN,LIN,0.0,0.0,0.0,session_best
2026,4,Miami Grand Prix,SQ,miami-grand-prix_corner_12,LEC,LIN,8.0,-12.0,5.4,session_best
2026,4,Miami Grand Prix,SQ,miami-grand-prix_corner_12,BEA,LIN,12.0,-19.95,4.25,session_best
2026,4,Miami Grand Prix,SQ,miami-grand-prix_corner_12,COL,LIN,12.0,-44.0,4.6,session_best
2026,4,Miami Grand Prix,SQ,miami-grand-prix_corner_12,GAS,LIN,13.0,-14.367,4.5,session_best
2026,4,Miami Grand Prix,SQ,miami-grand-prix_corner_12,RUS,LIN,13.0,-11.8,5.2,session_best
2026,4,Miami Grand Prix,SQ,miami-grand-prix_corner_12,NOR,LIN,13.0,-13.0,0.4,session_best
2026,4,Miami Grand Prix,SQ,miami-grand-prix_corner_12,PIA,LIN,14.0,-7.2,5.2,session_best
2026,4,Miami Grand Prix,SQ,miami-grand-prix_corner_12,LAW,LIN,14.0,-14.6,4.2,session_best
2026,4,Miami Grand Prix,SQ,miami-grand-prix_corner_12,HAM,LIN,14.0,-31.033,2.0,session_best
2026,4,Miami Grand Prix,SQ,miami-grand-prix_corner_12,ALB,LIN,14.0,-4.7,7.667,session_best
2026,4,Miami Grand Prix,SQ,miami-grand-prix_corner_12,HUL,LIN,14.0,-40.2,2.8,session_best
2026,4,Miami Grand Prix,SQ,miami-grand-prix_corner_12,HAD,LIN,15.0,-5.4,6.6,session_best
2026,4,Miami Grand Prix,SQ,miami-grand-prix_corner_12,ANT,LIN,15.0,-41.4,3.0,session_best
2026,4,Miami Grand Prix,SQ,miami-grand-prix_corner_12,BOR,LIN,16.0,-20.0,4.0,session_best
2026,4,Miami Grand Prix,SQ,miami-grand-prix_corner_12,BOT,LIN,16.0,9.467,11.167,session_best
2026,4,Miami Grand Prix,SQ,miami-grand-prix_corner_12,OCO,LIN,16.0,-29.533,-0.833,session_best
2026,4,Miami Grand Prix,SQ,miami-grand-prix_corner_12,VER,LIN,17.0,-25.533,2.667,session_best
2026,4,Miami Grand Prix,SQ,miami-grand-prix_corner_12,SAI,LIN,17.0,-12.4,6.4,session_best
2026,4,Miami Grand Prix,SQ,miami-grand-prix_corner_12,ALO,LIN,18.0,15.633,8.333,session_best
2026,4,Miami Grand Prix,SQ,miami-grand-prix_corner_12,STR,LIN,18.0,-0.2,10.0,session_best
2026,4,Miami Grand Prix,SQ,miami-grand-prix_corner_12,PER,LIN,19.0,-18.0,-4.4,session_best
2026,4,Miami Grand Prix,SQ,miami-grand-prix_corner_13,HUL,HUL,0.0,0.0,0.0,session_best
2026,4,Miami Grand Prix,SQ,miami-grand-prix_corner_13,COL,HUL,3.0,-3.8,0.067,session_best
2026,4,Miami Grand Prix,SQ,miami-grand-prix_corner_13,ANT,HUL,4.0,-15.2,-5.2,session_best
2026,4,Miami Grand Prix,SQ,miami-grand-prix_corner_13,OCO,HUL,4.0,-3.8,-2.433,session_best
2026,4,Miami Grand Prix,SQ,miami-grand-prix_corner_13,LAW,HUL,5.0,-3.633,-1.767,session_best
2026,4,Miami Grand Prix,SQ,miami-grand-prix_corner_13,BOR,HUL,5.0,1.367,-4.933,session_best
2026,4,Miami Grand Prix,SQ,miami-grand-prix_corner_13,VER,HUL,5.0,-8.3,-0.933,session_best
2026,4,Miami Grand Prix,SQ,miami-grand-prix_corner_13,RUS,HUL,7.0,-28.8,-0.267,session_best
2026,4,Miami Grand Prix,SQ,miami-grand-prix_corner_13,LEC,HUL,7.0,-17.467,0.9,session_best
2026,4,Miami Grand Prix,SQ,miami-grand-prix_corner_13,SAI,HUL,8.0,-6.633,-0.267,session_best
2026,4,Miami Grand Prix,SQ,miami-grand-prix_corner_13,BEA,HUL,9.0,-17.967,4.9,session_best
2026,4,Miami Grand Prix,SQ,miami-grand-prix_corner_13,HAM,HUL,10.0,-12.6,1.6,session_best
2026,4,Miami Grand Prix,SQ,miami-grand-prix_corner_13,LIN,HUL,11.0,-12.967,3.567,session_best
2026,4,Miami Grand Prix,SQ,miami-grand-prix_corner_13,ALB,HUL,12.0,-13.371,6.971,session_best
2026,4,Miami Grand Prix,SQ,miami-grand-prix_corner_13,GAS,HUL,13.0,-18.0,6.4,session_best
2026,4,Miami Grand Prix,SQ,miami-grand-prix_corner_13,HAD,HUL,15.0,-17.133,4.733,session_best
2026,4,Miami Grand Prix,SQ,miami-grand-prix_corner_13,PIA,HUL,17.0,-37.8,12.9,session_best
2026,4,Miami Grand Prix,SQ,miami-grand-prix_corner_13,ALO,HUL,17.0,-19.967,12.733,session_best
2026,4,Miami Grand Prix,SQ,miami-grand-prix_corner_13,PER,HUL,18.0,-8.371,6.971,session_best
2026,4,Miami Grand Prix,SQ,miami-grand-prix_corner_13,NOR,HUL,18.0,-36.8,13.9,session_best
2026,4,Miami Grand Prix,SQ,miami-grand-prix_corner_13,BOT,HUL,19.0,-30.229,19.686,session_best
2026,4,Miami Grand Prix,SQ,miami-grand-prix_corner_13,STR,HUL,25.0,-26.967,27.233,session_best
2026,4,Miami Grand Prix,SQ,miami-grand-prix_corner_14,LEC,LEC,0.0,0.0,0.0,session_best
2026,4,Miami Grand Prix,SQ,miami-grand-prix_corner_14,BOT,LEC,2.0,-2.35,5.05,session_best
2026,4,Miami Grand Prix,SQ,miami-grand-prix_corner_14,NOR,LEC,2.0,1.4,-3.95,session_best
2026,4,Miami Grand Prix,SQ,miami-grand-prix_corner_14,ANT,LEC,2.0,-1.85,3.8,session_best
2026,4,Miami Grand Prix,SQ,miami-grand-prix_corner_14,SAI,LEC,3.0,1.0,6.6,session_best
2026,4,Miami Grand Prix,SQ,miami-grand-prix_corner_14,PIA,LEC,3.0,2.4,-3.7,session_best
2026,4,Miami Grand Prix,SQ,miami-grand-prix_corner_14,HAM,LEC,4.0,3.4,0.05,session_best
2026,4,Miami Grand Prix,SQ,miami-grand-prix_corner_14,BOR,LEC,4.0,-2.2,10.8,session_best
2026,4,Miami Grand Prix,SQ,miami-grand-prix_corner_14,STR,LEC,5.0,1.65,7.3,session_best
2026,4,Miami Grand Prix,SQ,miami-grand-prix_corner_14,VER,LEC,6.0,3.4,7.3,session_best
2026,4,Miami Grand Prix,SQ,miami-grand-prix_corner_14,RUS,LEC,7.0,6.65,-0.95,session_best
2026,4,Miami Grand Prix,SQ,miami-grand-prix_corner_14,BEA,LEC,7.0,3.0,13.4,session_best
2026,4,Miami Grand Prix,SQ,miami-grand-prix_corner_14,ALB,LEC,7.0,6.4,8.55,session_best
2026,4,Miami Grand Prix,SQ,miami-grand-prix_corner_14,GAS,LEC,7.0,7.4,-1.45,session_best
2026,4,Miami Grand Prix,SQ,miami-grand-prix_corner_14,OCO,LEC,8.0,0.4,11.3,session_best
2026,4,Miami Grand Prix,SQ,miami-grand-prix_corner_14,HUL,LEC,9.0,3.2,21.6,session_best
2026,4,Miami Grand Prix,SQ,miami-grand-prix_corner_14,COL,LEC,9.0,3.2,4.0,session_best
2026,4,Miami Grand Prix,SQ,miami-grand-prix_corner_14,LAW,LEC,9.0,5.4,7.4,session_best
2026,4,Miami Grand Prix,SQ,miami-grand-prix_corner_14,LIN,LEC,9.0,7.9,9.3,session_best
2026,4,Miami Grand Prix,SQ,miami-grand-prix_corner_14,ALO,LEC,10.0,11.15,0.55,session_best
2026,4,Miami Grand Prix,SQ,miami-grand-prix_corner_14,PER,LEC,10.0,10.15,2.05,session_best
2026,4,Miami Grand Prix,SQ,miami-grand-prix_corner_14,HAD,LEC,13.0,12.15,-2.7,session_best
2026,4,Miami Grand Prix,SQ,miami-grand-prix_corner_18,BOR,BOR,0.0,0.0,0.0,session_best
2026,4,Miami Grand Prix,SQ,miami-grand-prix_corner_18,HUL,BOR,2.0,3.0,0.666,session_best
2026,4,Miami Grand Prix,SQ,miami-grand-prix_corner_18,PIA,BOR,3.0,0.5,4.583,session_best
2026,4,Miami Grand Prix,SQ,miami-grand-prix_corner_18,VER,BOR,5.0,-5.0,7.666,session_best
2026,4,Miami Grand Prix,SQ,miami-grand-prix_corner_18,BOT,BOR,6.0,6.6,1.133,session_best
2026,4,Miami Grand Prix,SQ,miami-grand-prix_corner_18,ANT,BOR,6.0,1.75,3.333,session_best
2026,4,Miami Grand Prix,SQ,miami-grand-prix_corner_18,NOR,BOR,6.0,0.75,4.083,session_best
2026,4,Miami Grand Prix,SQ,miami-grand-prix_corner_18,OCO,BOR,7.0,2.5,9.833,session_best
2026,4,Miami Grand Prix,SQ,miami-grand-prix_corner_18,RUS,BOR,7.0,-10.75,9.833,session_best
2026,4,Miami Grand Prix,SQ,miami-grand-prix_corner_18,LAW,BOR,7.0,3.25,9.333,session_best
2026,4,Miami Grand Prix,SQ,miami-grand-prix_corner_18,BEA,BOR,8.0,-3.333,11.333,session_best
2026,4,Miami Grand Prix,SQ,miami-grand-prix_corner_18,COL,BOR,8.0,-6.0,9.333,session_best
2026,4,Miami Grand Prix,SQ,miami-grand-prix_corner_18,GAS,BOR,10.0,-0.5,11.583,session_best
2026,4,Miami Grand Prix,SQ,miami-grand-prix_corner_18,ALB,BOR,10.0,-3.75,11.583,session_best
2026,4,Miami Grand Prix,SQ,miami-grand-prix_corner_18,SAI,BOR,10.0,-6.0,14.083,session_best
2026,4,Miami Grand Prix,SQ,miami-grand-prix_corner_18,LIN,BOR,10.0,2.75,13.333,session_best
2026,4,Miami Grand Prix,SQ,miami-grand-prix_corner_18,HAD,BOR,10.0,7.0,10.833,session_best
2026,4,Miami Grand Prix,SQ,miami-grand-prix_corner_18,HAM,BOR,10.0,-2.0,11.583,session_best
2026,4,Miami Grand Prix,SQ,miami-grand-prix_corner_18,PER,BOR,11.0,5.0,12.583,session_best
2026,4,Miami Grand Prix,SQ,miami-grand-prix_corner_18,LEC,BOR,11.0,-3.0,13.583,session_best
2026,4,Miami Grand Prix,SQ,miami-grand-prix_corner_18,STR,BOR,29.0,8.0,20.666,session_best
2026,4,Miami Grand Prix,SQ,miami-grand-prix_corner_18,ALO,BOR,44.0,49.143,42.619,session_best
2026,4,Miami Grand Prix,SQ,miami-grand-prix_corner_19,NOR,NOR,0.0,0.0,0.0,session_best
2026,4,Miami Grand Prix,SQ,miami-grand-prix_corner_19,BOT,NOR,7.0,7.666,8.333,session_best
2026,4,Miami Grand Prix,SQ,miami-grand-prix_corner_19,PIA,NOR,13.0,8.666,2.0,session_best
2026,4,Miami Grand Prix,SQ,miami-grand-prix_corner_19,GAS,NOR,26.0,22.833,6.833,session_best
2026,4,Miami Grand Prix,SQ,miami-grand-prix_corner_19,LEC,NOR,26.0,20.333,8.083,session_best
2026,4,Miami Grand Prix,SQ,miami-grand-prix_corner_19,LIN,NOR,27.0,24.0,3.333,session_best
2026,4,Miami Grand Prix,SQ,miami-grand-prix_corner_19,SAI,NOR,29.0,26.333,15.083,session_best
2026,4,Miami Grand Prix,SQ,miami-grand-prix_corner_19,PER,NOR,29.0,24.833,-0.667,session_best
2026,4,Miami Grand Prix,SQ,miami-grand-prix_corner_19,RUS,NOR,29.0,22.333,9.333,session_best
2026,4,Miami Grand Prix,SQ,miami-grand-prix_corner_19,HAD,NOR,29.0,30.083,3.583,session_best
2026,4,Miami Grand Prix,SQ,miami-grand-prix_corner_19,BEA,NOR,30.0,27.333,8.083,session_best
2026,4,Miami Grand Prix,SQ,miami-grand-prix_corner_19,VER,NOR,32.0,33.583,5.583,session_best
2026,4,Miami Grand Prix,SQ,miami-grand-prix_corner_19,LAW,NOR,33.0,33.583,3.083,session_best
2026,4,Miami Grand Prix,SQ,miami-grand-prix_corner_19,ANT,NOR,34.0,31.333,0.583,session_best
2026,4,Miami Grand Prix,SQ,miami-grand-prix_corner_19,ALB,NOR,35.0,34.333,8.583,session_best
2026,4,Miami Grand Prix,SQ,miami-grand-prix_corner_19,HAM,NOR,35.0,34.333,5.583,session_best
2026,4,Miami Grand Prix,SQ,miami-grand-prix_corner_19,HUL,NOR,36.0,42.083,17.083,session_best
2026,4,Miami Grand Prix,SQ,miami-grand-prix_corner_19,COL,NOR,37.0,33.583,1.333,session_best
2026,4,Miami Grand Prix,SQ,miami-grand-prix_corner_19,OCO,NOR,39.0,42.833,17.083,session_best
2026,4,Miami Grand Prix,SQ,miami-grand-prix_corner_19,BOR,NOR,41.0,46.583,16.083,session_best
2026,4,Miami Grand Prix,SQ,miami-grand-prix_corner_19,ALO,NOR,49.0,49.0,93.833,session_best
2026,4,Miami Grand Prix,SQ,miami-grand-prix_corner_19,STR,NOR,102.0,101.262,137.119,session_best
2026,5,Canadian Grand Prix,Q,canadian-grand-prix_corner_02,VER,VER,0.0,0.0,0.0,session_best
2026,5,Canadian Grand Prix,Q,canadian-grand-prix_corner_02,HAM,VER,0.0,12.75,-9.0,session_best
2026,5,Canadian Grand Prix,Q,canadian-grand-prix_corner_02,LIN,VER,1.0,15.1,-2.45,session_best
2026,5,Canadian Grand Prix,Q,canadian-grand-prix_corner_02,LEC,VER,1.0,7.75,4.75,session_best
2026,5,Canadian Grand Prix,Q,canadian-grand-prix_corner_02,PIA,VER,1.0,6.7,6.15,session_best
2026,5,Canadian Grand Prix,Q,canadian-grand-prix_corner_02,NOR,VER,1.0,5.5,2.25,session_best
2026,5,Canadian Grand Prix,Q,canadian-grand-prix_corner_02,ANT,VER,2.0,10.7,0.95,session_best
2026,5,Canadian Grand Prix,Q,canadian-grand-prix_corner_02,PER,VER,3.0,21.3,4.95,session_best
2026,5,Canadian Grand Prix,Q,canadian-grand-prix_corner_02,HUL,VER,3.0,15.0,-3.75,session_best
2026,5,Canadian Grand Prix,Q,canadian-grand-prix_corner_02,RUS,VER,4.0,3.7,-3.25,session_best
2026,5,Canadian Grand Prix,Q,canadian-grand-prix_corner_02,BEA,VER,4.0,16.1,-0.65,session_best
2026,5,Canadian Grand Prix,Q,canadian-grand-prix_corner_02,COL,VER,4.0,15.1,23.15,session_best
2026,5,Canadian Grand Prix,Q,canadian-grand-prix_corner_02,LAW,VER,4.0,30.1,4.95,session_best
2026,5,Canadian Grand Prix,Q,canadian-grand-prix_corner_02,BOR,VER,6.0,20.9,4.35,session_best
2026,5,Canadian Grand Prix,Q,canadian-grand-prix_corner_02,ALB,VER,6.0,15.9,9.55,session_best
2026,5,Canadian Grand Prix,Q,canadian-grand-prix_corner_02,HAD,VER,6.0,5.9,-3.05,session_best
2026,5,Canadian Grand Prix,Q,canadian-grand-prix_corner_02,GAS,VER,8.0,19.3,3.95,session_best
2026,5,Canadian Grand Prix,Q,canadian-grand-prix_corner_02,ALO,VER,9.0,3.75,-2.25,session_best
2026,5,Canadian Grand Prix,Q,canadian-grand-prix_corner_02,STR,VER,9.0,36.7,1.95,session_best
2026,5,Canadian Grand Prix,Q,canadian-grand-prix_corner_02,OCO,VER,9.0,20.75,0.25,session_best
2026,5,Canadian Grand Prix,Q,canadian-grand-prix_corner_02,SAI,VER,11.0,12.0,6.25,session_best
2026,5,Canadian Grand Prix,Q,canadian-grand-prix_corner_02,BOT,VER,12.0,20.3,12.75,session_best
2026,5,Canadian Grand Prix,Q,canadian-grand-prix_corner_04,ANT,ANT,0.0,0.0,0.0,session_best
2026,5,Canadian Grand Prix,Q,canadian-grand-prix_corner_04,HAD,ANT,1.0,-1.0,-3.333,session_best
2026,5,Canadian Grand Prix,Q,canadian-grand-prix_corner_04,NOR,ANT,1.0,-13.333,0.667,session_best
2026,5,Canadian Grand Prix,Q,canadian-grand-prix_corner_04,VER,ANT,2.0,-13.333,-0.666,session_best
2026,5,Canadian Grand Prix,Q,canadian-grand-prix_corner_04,PIA,ANT,3.0,7.334,-4.333,session_best
2026,5,Canadian Grand Prix,Q,canadian-grand-prix_corner_04,LEC,ANT,4.0,-20.333,9.167,session_best
2026,5,Canadian Grand Prix,Q,canadian-grand-prix_corner_04,HUL,ANT,5.0,-7.0,19.667,session_best
2026,5,Canadian Grand Prix,Q,canadian-grand-prix_corner_04,RUS,ANT,6.0,-12.333,2.0,session_best
2026,5,Canadian Grand Prix,Q,canadian-grand-prix_corner_04,SAI,ANT,7.0,-0.666,9.0,session_best
2026,5,Canadian Grand Prix,Q,canadian-grand-prix_corner_04,HAM,ANT,7.0,-1.0,9.0,session_best
2026,5,Canadian Grand Prix,Q,canadian-grand-prix_corner_04,LIN,ANT,8.0,-0.666,-6.0,session_best
2026,5,Canadian Grand Prix,Q,canadian-grand-prix_corner_04,ALB,ANT,10.0,-0.083,8.667,session_best
2026,5,Canadian Grand Prix,Q,canadian-grand-prix_corner_04,COL,ANT,11.0,5.334,1.0,session_best
2026,5,Canadian Grand Prix,Q,canadian-grand-prix_corner_04,BEA,ANT,11.0,-9.333,3.667,session_best
2026,5,Canadian Grand Prix,Q,canadian-grand-prix_corner_04,LAW,ANT,11.0,12.667,2.667,session_best
2026,5,Canadian Grand Prix,Q,canadian-grand-prix_corner_04,GAS,ANT,13.0,1.0,17.667,session_best
2026,5,Canadian Grand Prix,Q,canadian-grand-prix_corner_04,BOR,ANT,13.0,9.667,3.167,session_best
2026,5,Canadian Grand Prix,Q,canadian-grand-prix_corner_04,ALO,ANT,14.0,2.334,11.667,session_best
2026,5,Canadian Grand Prix,Q,canadian-grand-prix_corner_04,PER,ANT,17.0,13.667,3.0,session_best
2026,5,Canadian Grand Prix,Q,canadian-grand-prix_corner_04,OCO,ANT,19.0,7.667,11.0,session_best
2026,5,Canadian Grand Prix,Q,canadian-grand-prix_corner_04,STR,ANT,21.0,25.417,14.917,session_best
2026,5,Canadian Grand Prix,Q,canadian-grand-prix_corner_04,BOT,ANT,22.0,14.167,13.167,session_best
2026,5,Canadian Grand Prix,Q,canadian-grand-prix_corner_06,COL,COL,0.0,0.0,0.0,session_best
2026,5,Canadian Grand Prix,Q,canadian-grand-prix_corner_06,HAD,COL,1.0,-13.75,-3.75,session_best
2026,5,Canadian Grand Prix,Q,canadian-grand-prix_corner_06,PIA,COL,1.0,-4.75,0.0,session_best
2026,5,Canadian Grand Prix,Q,canadian-grand-prix_corner_06,GAS,COL,3.0,-0.583,-11.5,session_best
2026,5,Canadian Grand Prix,Q,canadian-grand-prix_corner_06,OCO,COL,3.0,15.5,-6.25,session_best
2026,5,Canadian Grand Prix,Q,canadian-grand-prix_corner_06,VER,COL,3.0,3.25,-2.5,session_best
2026,5,Canadian Grand Prix,Q,canadian-grand-prix_corner_06,NOR,COL,3.0,-12.0,7.5,session_best
2026,5,Canadian Grand Prix,Q,canadian-grand-prix_corner_06,LEC,COL,3.0,-12.25,-0.167,session_best
2026,5,Canadian Grand Prix,Q,canadian-grand-prix_corner_06,PER,COL,4.0,9.25,-2.25,session_best
2026,5,Canadian Grand Prix,Q,canadian-grand-prix_corner_06,STR,COL,4.0,8.5,2.0,session_best
2026,5,Canadian Grand Prix,Q,canadian-grand-prix_corner_06,HUL,COL,4.0,-16.917,-0.167,session_best
2026,5,Canadian Grand Prix,Q,canadian-grand-prix_corner_06,BOT,COL,4.0,11.0,2.75,session_best
2026,5,Canadian Grand Prix,Q,canadian-grand-prix_corner_06,ALO,COL,5.0,-9.0,8.5,session_best
2026,5,Canadian Grand Prix,Q,canadian-grand-prix_corner_06,BEA,COL,5.0,-12.583,0.5,session_best
2026,5,Canadian Grand Prix,Q,canadian-grand-prix_corner_06,LIN,COL,5.0,-17.25,-4.5,session_best
2026,5,Canadian Grand Prix,Q,canadian-grand-prix_corner_06,HAM,COL,5.0,47.75,-10.5,session_best
2026,5,Canadian Grand Prix,Q,canadian-grand-prix_corner_06,ANT,COL,5.0,18.75,-15.833,session_best
2026,5,Canadian Grand Prix,Q,canadian-grand-prix_corner_06,LAW,COL,6.0,-4.583,3.5,session_best
2026,5,Canadian Grand Prix,Q,canadian-grand-prix_corner_06,RUS,COL,6.0,5.25,-5.5,session_best
2026,5,Canadian Grand Prix,Q,canadian-grand-prix_corner_06,ALB,COL,8.0,1.5,1.75,session_best
2026,5,Canadian Grand Prix,Q,canadian-grand-prix_corner_06,SAI,COL,8.0,-5.5,2.25,session_best
2026,5,Canadian Grand Prix,Q,canadian-grand-prix_corner_06,BOR,COL,10.0,-9.583,-0.167,session_best
2026,5,Canadian Grand Prix,Q,canadian-grand-prix_corner_07,ANT,ANT,0.0,0.0,0.0,session_best
2026,5,Canadian Grand Prix,Q,canadian-grand-prix_corner_07,HAM,ANT,0.0,-1.5,4.0,session_best
2026,5,Canadian Grand Prix,Q,canadian-grand-prix_corner_07,GAS,ANT,8.0,11.0,8.667,session_best
2026,5,Canadian Grand Prix,Q,canadian-grand-prix_corner_07,LIN,ANT,9.0,10.0,3.0,session_best
2026,5,Canadian Grand Prix,Q,canadian-grand-prix_corner_07,HAD,ANT,11.0,14.5,2.5,session_best
2026,5,Canadian Grand Prix,Q,canadian-grand-prix_corner_07,RUS,ANT,11.0,6.0,6.0,session_best
2026,5,Canadian Grand Prix,Q,canadian-grand-prix_corner_07,OCO,ANT,12.0,15.5,13.5,session_best
2026,5,Canadian Grand Prix,Q,canadian-grand-prix_corner_07,PER,ANT,14.0,17.0,11.667,session_best
2026,5,Canadian Grand Prix,Q,canadian-grand-prix_corner_07,LEC,ANT,15.0,11.333,7.667,session_best
2026,5,Canadian Grand Prix,Q,canadian-grand-prix_corner_07,LAW,ANT,16.0,17.5,10.5,session_best
2026,5,Canadian Grand Prix,Q,canadian-grand-prix_corner_07,VER,ANT,17.0,16.0,12.0,session_best
2026,5,Canadian Grand Prix,Q,canadian-grand-prix_corner_07,STR,ANT,17.0,22.0,12.0,session_best
2026,5,Canadian Grand Prix,Q,canadian-grand-prix_corner_07,SAI,ANT,18.0,17.0,17.333,session_best
2026,5,Canadian Grand Prix,Q,canadian-grand-prix_corner_07,BOR,ANT,19.0,15.0,9.0,session_best
2026,5,Canadian Grand Prix,Q,canadian-grand-prix_corner_07,PIA,ANT,19.0,20.0,5.0,session_best
2026,5,Canadian Grand Prix,Q,canadian-grand-prix_corner_07,BEA,ANT,21.0,19.0,12.333,session_best
2026,5,Canadian Grand Prix,Q,canadian-grand-prix_corner_07,ALB,ANT,21.0,27.0,13.5,session_best
2026,5,Canadian Grand Prix,Q,canadian-grand-prix_corner_07,BOT,ANT,24.0,24.0,16.333,session_best
2026,5,Canadian Grand Prix,Q,canadian-grand-prix_corner_07,HUL,ANT,24.0,27.5,14.0,session_best
2026,5,Canadian Grand Prix,Q,canadian-grand-prix_corner_07,COL,ANT,25.0,25.333,8.0,session_best
2026,5,Canadian Grand Prix,Q,canadian-grand-prix_corner_07,ALO,ANT,26.0,30.5,33.5,session_best
2026,5,Canadian Grand Prix,Q,canadian-grand-prix_corner_07,NOR,ANT,26.0,28.5,11.5,session_best
2026,5,Canadian Grand Prix,Q,canadian-grand-prix_corner_10,PIA,PIA,0.0,0.0,0.0,session_best
2026,5,Canadian Grand Prix,Q,canadian-grand-prix_corner_10,NOR,PIA,3.0,3.667,-20.333,session_best
2026,5,Canadian Grand Prix,Q,canadian-grand-prix_corner_10,VER,PIA,5.0,-2.333,-4.667,session_best
2026,5,Canadian Grand Prix,Q,canadian-grand-prix_corner_10,HAM,PIA,5.0,4.667,-24.333,session_best
2026,5,Canadian Grand Prix,Q,canadian-grand-prix_corner_10,RUS,PIA,5.0,-0.667,-25.667,session_best
2026,5,Canadian Grand Prix,Q,canadian-grand-prix_corner_10,HUL,PIA,6.0,2.667,-18.0,session_best
2026,5,Canadian Grand Prix,Q,canadian-grand-prix_corner_10,LEC,PIA,7.0,0.333,-9.333,session_best
2026,5,Canadian Grand Prix,Q,canadian-grand-prix_corner_10,ANT,PIA,8.0,8.0,-24.667,session_best
2026,5,Canadian Grand Prix,Q,canadian-grand-prix_corner_10,SAI,PIA,9.0,4.0,-23.667,session_best
2026,5,Canadian Grand Prix,Q,canadian-grand-prix_corner_10,COL,PIA,10.0,14.0,-21.667,session_best
2026,5,Canadian Grand Prix,Q,canadian-grand-prix_corner_10,HAD,PIA,11.0,8.667,-27.667,session_best
2026,5,Canadian Grand Prix,Q,canadian-grand-prix_corner_10,BEA,PIA,12.0,9.5,-14.5,session_best
2026,5,Canadian Grand Prix,Q,canadian-grand-prix_corner_10,LAW,PIA,13.0,9.5,3.0,session_best
2026,5,Canadian Grand Prix,Q,canadian-grand-prix_corner_10,LIN,PIA,13.0,15.333,-27.0,session_best
2026,5,Canadian Grand Prix,Q,canadian-grand-prix_corner_10,GAS,PIA,14.0,10.333,-22.333,session_best
2026,5,Canadian Grand Prix,Q,canadian-grand-prix_corner_10,OCO,PIA,14.0,12.667,-12.333,session_best
2026,5,Canadian Grand Prix,Q,canadian-grand-prix_corner_10,ALB,PIA,15.0,10.667,-12.667,session_best
2026,5,Canadian Grand Prix,Q,canadian-grand-prix_corner_10,ALO,PIA,16.0,-1.667,-4.333,session_best
2026,5,Canadian Grand Prix,Q,canadian-grand-prix_corner_10,BOR,PIA,16.0,6.0,-12.333,session_best
2026,5,Canadian Grand Prix,Q,canadian-grand-prix_corner_10,PER,PIA,17.0,21.667,-9.0,session_best
2026,5,Canadian Grand Prix,Q,canadian-grand-prix_corner_10,BOT,PIA,18.0,23.333,-9.333,session_best
2026,5,Canadian Grand Prix,Q,canadian-grand-prix_corner_10,STR,PIA,19.0,18.333,-11.0,session_best
2026,5,Canadian Grand Prix,Q,canadian-grand-prix_corner_13,PIA,PIA,0.0,0.0,0.0,session_best
2026,5,Canadian Grand Prix,Q,canadian-grand-prix_corner_13,LAW,PIA,0.0,4.8,7.4,session_best
2026,5,Canadian Grand Prix,Q,canadian-grand-prix_corner_13,VER,PIA,0.0,-31.0,26.2,session_best
2026,5,Canadian Grand Prix,Q,canadian-grand-prix_corner_13,LEC,PIA,1.0,1.2,15.4,session_best
2026,5,Canadian Grand Prix,Q,canadian-grand-prix_corner_13,ALB,PIA,2.0,-8.2,3.4,session_best
2026,5,Canadian Grand Prix,Q,canadian-grand-prix_corner_13,BEA,PIA,2.0,-11.0,10.2,session_best
2026,5,Canadian Grand Prix,Q,canadian-grand-prix_corner_13,NOR,PIA,2.0,-10.0,10.4,session_best
2026,5,Canadian Grand Prix,Q,canadian-grand-prix_corner_13,STR,PIA,2.0,0.65,31.65,session_best
2026,5,Canadian Grand Prix,Q,canadian-grand-prix_corner_13,LIN,PIA,2.0,-5.0,-5.6,session_best
2026,5,Canadian Grand Prix,Q,canadian-grand-prix_corner_13,BOR,PIA,3.0,-10.6,-1.1,session_best
2026,5,Canadian Grand Prix,Q,canadian-grand-prix_corner_13,SAI,PIA,3.0,-0.6,13.8,session_best
2026,5,Canadian Grand Prix,Q,canadian-grand-prix_corner_13,OCO,PIA,3.0,5.8,4.4,session_best
2026,5,Canadian Grand Prix,Q,canadian-grand-prix_corner_13,HUL,PIA,3.0,-19.35,11.9,session_best
2026,5,Canadian Grand Prix,Q,canadian-grand-prix_corner_13,COL,PIA,3.0,2.0,4.0,session_best
2026,5,Canadian Grand Prix,Q,canadian-grand-prix_corner_13,HAM,PIA,4.0,0.2,3.8,session_best
2026,5,Canadian Grand Prix,Q,canadian-grand-prix_corner_13,ANT,PIA,4.0,-0.2,16.8,session_best
2026,5,Canadian Grand Prix,Q,canadian-grand-prix_corner_13,ALO,PIA,4.0,-34.35,16.9,session_best
2026,5,Canadian Grand Prix,Q,canadian-grand-prix_corner_13,HAD,PIA,4.0,-5.6,3.8,session_best
2026,5,Canadian Grand Prix,Q,canadian-grand-prix_corner_13,RUS,PIA,5.0,6.9,-5.85,session_best
2026,5,Canadian Grand Prix,Q,canadian-grand-prix_corner_13,PER,PIA,6.0,24.65,1.15,session_best
2026,5,Canadian Grand Prix,Q,canadian-grand-prix_corner_13,BOT,PIA,8.0,28.2,-10.4,session_best
2026,5,Canadian Grand Prix,Q,canadian-grand-prix_corner_13,GAS,PIA,8.0,6.0,3.4,session_best
2026,5,Canadian Grand Prix,Q,canadian-grand-prix_corner_18,PIA,PIA,0.0,0.0,0.0,session_best
2026,5,Canadian Grand Prix,Q,canadian-grand-prix_corner_18,NOR,PIA,2.0,-0.5,3.0,session_best
2026,5,Canadian Grand Prix,Q,canadian-grand-prix_corner_18,VER,PIA,4.0,-2.5,8.0,session_best
2026,5,Canadian Grand Prix,Q,canadian-grand-prix_corner_18,LEC,PIA,4.0,2.833,2.167,session_best
2026,5,Canadian Grand Prix,Q,canadian-grand-prix_corner_18,RUS,PIA,4.0,-3.833,7.5,session_best
2026,5,Canadian Grand Prix,Q,canadian-grand-prix_corner_18,HAM,PIA,5.0,-1.167,2.167,session_best
2026,5,Canadian Grand Prix,Q,canadian-grand-prix_corner_18,HAD,PIA,7.0,-2.0,8.0,session_best
2026,5,Canadian Grand Prix,Q,canadian-grand-prix_corner_18,ANT,PIA,7.0,-2.833,7.833,session_best
2026,5,Canadian Grand Prix,Q,canadian-grand-prix_corner_18,COL,PIA,8.0,-4.833,5.5,session_best
2026,5,Canadian Grand Prix,Q,canadian-grand-prix_corner_18,HUL,PIA,10.0,-2.0,9.5,session_best
2026,5,Canadian Grand Prix,Q,canadian-grand-prix_corner_18,BOR,PIA,10.0,-5.167,12.167,session_best
2026,5,Canadian Grand Prix,Q,canadian-grand-prix_corner_18,LIN,PIA,10.0,0.5,5.5,session_best
2026,5,Canadian Grand Prix,Q,canadian-grand-prix_corner_18,PER,PIA,12.0,6.0,10.5,session_best
2026,5,Canadian Grand Prix,Q,canadian-grand-prix_corner_18,ALB,PIA,13.0,3.5,13.5,session_best
2026,5,Canadian Grand Prix,Q,canadian-grand-prix_corner_18,GAS,PIA,13.0,0.833,9.833,session_best
2026,5,Canadian Grand Prix,Q,canadian-grand-prix_corner_18,SAI,PIA,14.0,1.167,16.833,session_best
2026,5,Canadian Grand Prix,Q,canadian-grand-prix_corner_18,BEA,PIA,14.0,20.5,11.0,session_best
2026,5,Canadian Grand Prix,Q,canadian-grand-prix_corner_18,ALO,PIA,15.0,-0.5,12.167,session_best
2026,5,Canadian Grand Prix,Q,canadian-grand-prix_corner_18,STR,PIA,15.0,5.0,9.5,session_best
2026,5,Canadian Grand Prix,Q,canadian-grand-prix_corner_18,OCO,PIA,16.0,15.5,8.167,session_best
2026,5,Canadian Grand Prix,Q,canadian-grand-prix_corner_18,LAW,PIA,19.0,6.0,7.5,session_best
2026,5,Canadian Grand Prix,Q,canadian-grand-prix_corner_18,BOT,PIA,25.0,28.833,3.5,session_best
2026,5,Canadian Grand Prix,Q,canadian-grand-prix_corner_19,BOT,BOT,0.0,0.0,0.0,session_best
2026,5,Canadian Grand Prix,Q,canadian-grand-prix_corner_19,STR,BOT,4.0,0.5,-5.0,session_best
2026,5,Canadian Grand Prix,Q,canadian-grand-prix_corner_19,PIA,BOT,8.0,2.0,-6.0,session_best
2026,5,Canadian Grand Prix,Q,canadian-grand-prix_corner_19,COL,BOT,10.0,7.0,-8.0,session_best
2026,5,Canadian Grand Prix,Q,canadian-grand-prix_corner_19,LEC,BOT,13.0,13.5,-1.5,session_best
2026,5,Canadian Grand Prix,Q,canadian-grand-prix_corner_19,LAW,BOT,14.0,7.167,-5.833,session_best
2026,5,Canadian Grand Prix,Q,canadian-grand-prix_corner_19,HAM,BOT,14.0,12.167,-0.5,session_best
2026,5,Canadian Grand Prix,Q,canadian-grand-prix_corner_19,RUS,BOT,14.0,12.5,-4.5,session_best
2026,5,Canadian Grand Prix,Q,canadian-grand-prix_corner_19,GAS,BOT,14.0,14.0,-3.5,session_best
2026,5,Canadian Grand Prix,Q,canadian-grand-prix_corner_19,NOR,BOT,15.0,17.0,-2.0,session_best
2026,5,Canadian Grand Prix,Q,canadian-grand-prix_corner_19,ANT,BOT,16.0,9.167,-3.5,session_best
2026,5,Canadian Grand Prix,Q,canadian-grand-prix_corner_19,VER,BOT,16.0,19.0,-2.0,session_best
2026,5,Canadian Grand Prix,Q,canadian-grand-prix_corner_19,HAD,BOT,17.0,17.833,1.167,session_best
2026,5,Canadian Grand Prix,Q,canadian-grand-prix_corner_19,HUL,BOT,17.0,20.5,1.0,session_best
2026,5,Canadian Grand Prix,Q,canadian-grand-prix_corner_19,LIN,BOT,17.0,11.5,-6.5,session_best
2026,5,Canadian Grand Prix,Q,canadian-grand-prix_corner_19,BEA,BOT,18.0,14.167,0.833,session_best
2026,5,Canadian Grand Prix,Q,canadian-grand-prix_corner_19,OCO,BOT,20.0,19.167,-1.167,session_best
2026,5,Canadian Grand Prix,Q,canadian-grand-prix_corner_19,BOR,BOT,22.0,24.167,1.833,session_best
2026,5,Canadian Grand Prix,Q,canadian-grand-prix_corner_19,PER,BOT,23.0,12.833,2.167,session_best
2026,5,Canadian Grand Prix,Q,canadian-grand-prix_corner_19,ALO,BOT,24.0,25.0,5.5,session_best
2026,5,Canadian Grand Prix,Q,canadian-grand-prix_corner_19,ALB,BOT,25.0,23.833,2.833,session_best
2026,5,Canadian Grand Prix,Q,canadian-grand-prix_corner_19,SAI,BOT,27.0,13.167,-2.5,session_best
2026,5,Canadian Grand Prix,R,canadian-grand-prix_corner_02,ANT,ANT,0.0,0.0,0.0,session_best
2026,5,Canadian Grand Prix,R,canadian-grand-prix_corner_02,HAM,ANT,0.0,14.2,1.4,session_best
2026,5,Canadian Grand Prix,R,canadian-grand-prix_corner_02,BEA,ANT,2.0,4.5,17.75,session_best
2026,5,Canadian Grand Prix,R,canadian-grand-prix_corner_02,VER,ANT,2.0,20.75,-3.0,session_best
2026,5,Canadian Grand Prix,R,canadian-grand-prix_corner_02,PIA,ANT,3.0,9.2,3.4,session_best
2026,5,Canadian Grand Prix,R,canadian-grand-prix_corner_02,LEC,ANT,3.0,17.25,10.0,session_best
2026,5,Canadian Grand Prix,R,canadian-grand-prix_corner_02,PER,ANT,4.0,20.8,6.6,session_best
2026,5,Canadian Grand Prix,R,canadian-grand-prix_corner_02,BOR,ANT,4.0,12.5,44.0,session_best
2026,5,Canadian Grand Prix,R,canadian-grand-prix_corner_02,SAI,ANT,4.0,10.0,12.4,session_best
2026,5,Canadian Grand Prix,R,canadian-grand-prix_corner_02,HUL,ANT,4.0,16.8,-2.2,session_best
2026,5,Canadian Grand Prix,R,canadian-grand-prix_corner_02,GAS,ANT,4.0,10.6,3.2,session_best
2026,5,Canadian Grand Prix,R,canadian-grand-prix_corner_02,HAD,ANT,4.0,6.0,0.6,session_best
2026,5,Canadian Grand Prix,R,canadian-grand-prix_corner_02,ALB,ANT,5.0,11.4,-0.4,session_best
2026,5,Canadian Grand Prix,R,canadian-grand-prix_corner_02,LAW,ANT,5.0,16.2,7.8,session_best
2026,5,Canadian Grand Prix,R,canadian-grand-prix_corner_02,BOT,ANT,5.0,19.0,7.5,session_best
2026,5,Canadian Grand Prix,R,canadian-grand-prix_corner_02,RUS,ANT,7.0,8.4,19.2,session_best
2026,5,Canadian Grand Prix,R,canadian-grand-prix_corner_02,COL,ANT,7.0,14.5,-7.5,session_best
2026,5,Canadian Grand Prix,R,canadian-grand-prix_corner_02,NOR,ANT,7.0,5.2,4.8,session_best
2026,5,Canadian Grand Prix,R,canadian-grand-prix_corner_02,OCO,ANT,8.0,9.0,0.2,session_best
2026,5,Canadian Grand Prix,R,canadian-grand-prix_corner_02,ALO,ANT,9.0,22.2,18.8,session_best
2026,5,Canadian Grand Prix,R,canadian-grand-prix_corner_02,STR,ANT,9.0,13.8,6.8,session_best
2026,5,Canadian Grand Prix,R,canadian-grand-prix_corner_03,ANT,ANT,0.0,0.0,0.0,session_best
2026,5,Canadian Grand Prix,R,canadian-grand-prix_corner_03,HAD,ANT,5.0,-1.0,-1.0,session_best
2026,5,Canadian Grand Prix,R,canadian-grand-prix_corner_03,LAW,ANT,6.0,3.0,9.5,session_best
2026,5,Canadian Grand Prix,R,canadian-grand-prix_corner_03,NOR,ANT,6.0,8.5,10.5,session_best
2026,5,Canadian Grand Prix,R,canadian-grand-prix_corner_03,GAS,ANT,8.0,9.0,17.5,session_best
2026,5,Canadian Grand Prix,R,canadian-grand-prix_corner_03,VER,ANT,9.0,9.0,6.5,session_best
2026,5,Canadian Grand Prix,R,canadian-grand-prix_corner_03,PIA,ANT,10.0,9.5,12.5,session_best
2026,5,Canadian Grand Prix,R,canadian-grand-prix_corner_03,OCO,ANT,11.0,12.5,10.0,session_best
2026,5,Canadian Grand Prix,R,canadian-grand-prix_corner_03,SAI,ANT,11.0,6.667,2.833,session_best
2026,5,Canadian Grand Prix,R,canadian-grand-prix_corner_03,STR,ANT,14.0,15.0,19.0,session_best
2026,5,Canadian Grand Prix,R,canadian-grand-prix_corner_03,BEA,ANT,14.0,14.0,11.5,session_best
2026,5,Canadian Grand Prix,R,canadian-grand-prix_corner_03,RUS,ANT,15.0,9.333,0.5,session_best
2026,5,Canadian Grand Prix,R,canadian-grand-prix_corner_03,LEC,ANT,16.0,11.0,16.5,session_best
2026,5,Canadian Grand Prix,R,canadian-grand-prix_corner_03,HUL,ANT,17.0,4.333,14.167,session_best
2026,5,Canadian Grand Prix,R,canadian-grand-prix_corner_03,BOR,ANT,18.0,11.667,15.167,session_best
2026,5,Canadian Grand Prix,R,canadian-grand-prix_corner_03,COL,ANT,20.0,3.0,27.0,session_best
2026,5,Canadian Grand Prix,R,canadian-grand-prix_corner_03,HAM,ANT,20.0,5.5,21.0,session_best
2026,5,Canadian Grand Prix,R,canadian-grand-prix_corner_03,BOT,ANT,32.0,16.0,40.0,session_best
2026,5,Canadian Grand Prix,R,canadian-grand-prix_corner_03,PER,ANT,32.0,8.0,35.833,session_best
2026,5,Canadian Grand Prix,R,canadian-grand-prix_corner_03,ALB,ANT,33.0,6.667,38.833,session_best
2026,5,Canadian Grand Prix,R,canadian-grand-prix_corner_03,ALO,ANT,34.0,21.667,33.167,session_best
2026,5,Canadian Grand Prix,R,canadian-grand-prix_corner_04,ANT,ANT,0.0,0.0,0.0,session_best
2026,5,Canadian Grand Prix,R,canadian-grand-prix_corner_04,HAD,ANT,6.0,23.334,8.333,session_best
2026,5,Canadian Grand Prix,R,canadian-grand-prix_corner_04,VER,ANT,7.0,22.667,3.666,session_best
2026,5,Canadian Grand Prix,R,canadian-grand-prix_corner_04,GAS,ANT,7.0,30.334,-2.334,session_best
2026,5,Canadian Grand Prix,R,canadian-grand-prix_corner_04,HAM,ANT,7.0,21.334,-2.0,session_best
2026,5,Canadian Grand Prix,R,canadian-grand-prix_corner_04,LEC,ANT,9.0,23.667,8.0,session_best
2026,5,Canadian Grand Prix,R,canadian-grand-prix_corner_04,HUL,ANT,10.0,27.0,30.666,session_best
2026,5,Canadian Grand Prix,R,canadian-grand-prix_corner_04,RUS,ANT,10.0,6.0,1.0,session_best
2026,5,Canadian Grand Prix,R,canadian-grand-prix_corner_04,COL,ANT,10.0,29.667,-1.0,session_best
2026,5,Canadian Grand Prix,R,canadian-grand-prix_corner_04,OCO,ANT,11.0,19.917,10.583,session_best
2026,5,Canadian Grand Prix,R,canadian-grand-prix_corner_04,PIA,ANT,12.0,22.334,9.666,session_best
2026,5,Canadian Grand Prix,R,canadian-grand-prix_corner_04,SAI,ANT,12.0,24.334,5.0,session_best
2026,5,Canadian Grand Prix,R,canadian-grand-prix_corner_04,BEA,ANT,12.0,25.0,21.333,session_best
2026,5,Canadian Grand Prix,R,canadian-grand-prix_corner_04,BOR,ANT,13.0,27.334,6.666,session_best
2026,5,Canadian Grand Prix,R,canadian-grand-prix_corner_04,LAW,ANT,14.0,22.167,0.333,session_best
2026,5,Canadian Grand Prix,R,canadian-grand-prix_corner_04,PER,ANT,15.0,33.334,7.333,session_best
2026,5,Canadian Grand Prix,R,canadian-grand-prix_corner_04,ALB,ANT,15.0,37.0,4.333,session_best
2026,5,Canadian Grand Prix,R,canadian-grand-prix_corner_04,NOR,ANT,16.0,24.667,11.333,session_best
2026,5,Canadian Grand Prix,R,canadian-grand-prix_corner_04,BOT,ANT,20.0,40.917,10.333,session_best
2026,5,Canadian Grand Prix,R,canadian-grand-prix_corner_04,ALO,ANT,21.0,45.667,10.333,session_best
2026,5,Canadian Grand Prix,R,canadian-grand-prix_corner_04,STR,ANT,22.0,18.0,21.666,session_best
2026,5,Canadian Grand Prix,R,canadian-grand-prix_corner_06,HAD,HAD,0.0,0.0,0.0,session_best
2026,5,Canadian Grand Prix,R,canadian-grand-prix_corner_06,HUL,HAD,0.0,3.75,0.75,session_best
2026,5,Canadian Grand Prix,R,canadian-grand-prix_corner_06,PIA,HAD,0.0,-11.833,1.75,session_best
2026,5,Canadian Grand Prix,R,canadian-grand-prix_corner_06,GAS,HAD,1.0,10.5,-5.75,session_best
2026,5,Canadian Grand Prix,R,canadian-grand-prix_corner_06,BEA,HAD,1.0,9.0,2.5,session_best
2026,5,Canadian Grand Prix,R,canadian-grand-prix_corner_06,OCO,HAD,2.0,-3.833,-3.917,session_best
2026,5,Canadian Grand Prix,R,canadian-grand-prix_corner_06,COL,HAD,2.0,-0.5,-0.25,session_best
2026,5,Canadian Grand Prix,R,canadian-grand-prix_corner_06,ANT,HAD,2.0,-11.167,-1.917,session_best
2026,5,Canadian Grand Prix,R,canadian-grand-prix_corner_06,BOR,HAD,2.0,3.0,1.5,session_best
2026,5,Canadian Grand Prix,R,canadian-grand-prix_corner_06,SAI,HAD,3.0,-6.0,4.5,session_best
2026,5,Canadian Grand Prix,R,canadian-grand-prix_corner_06,ALB,HAD,3.0,14.5,4.0,session_best
2026,5,Canadian Grand Prix,R,canadian-grand-prix_corner_06,HAM,HAD,3.0,1.75,-9.25,session_best
2026,5,Canadian Grand Prix,R,canadian-grand-prix_corner_06,VER,HAD,3.0,-9.25,-7.75,session_best
2026,5,Canadian Grand Prix,R,canadian-grand-prix_corner_06,LAW,HAD,4.0,-5.75,4.75,session_best
2026,5,Canadian Grand Prix,R,canadian-grand-prix_corner_06,RUS,HAD,5.0,23.5,2.25,session_best
2026,5,Canadian Grand Prix,R,canadian-grand-prix_corner_06,LEC,HAD,5.0,28.167,0.417,session_best
2026,5,Canadian Grand Prix,R,canadian-grand-prix_corner_06,BOT,HAD,5.0,27.25,0.75,session_best
2026,5,Canadian Grand Prix,R,canadian-grand-prix_corner_06,NOR,HAD,5.0,2.25,11.0,session_best
2026,5,Canadian Grand Prix,R,canadian-grand-prix_corner_06,STR,HAD,6.0,8.0,2.5,session_best
2026,5,Canadian Grand Prix,R,canadian-grand-prix_corner_06,ALO,HAD,7.0,17.25,6.25,session_best
2026,5,Canadian Grand Prix,R,canadian-grand-prix_corner_06,PER,HAD,13.0,13.75,-3.0,session_best
2026,5,Canadian Grand Prix,R,canadian-grand-prix_corner_07,PER,PER,0.0,0.0,0.0,session_best
2026,5,Canadian Grand Prix,R,canadian-grand-prix_corner_07,HAM,PER,2.0,1.5,-2.0,session_best
2026,5,Canadian Grand Prix,R,canadian-grand-prix_corner_07,ANT,PER,5.0,5.5,7.5,session_best
2026,5,Canadian Grand Prix,R,canadian-grand-prix_corner_07,BOT,PER,7.0,7.0,4.5,session_best
2026,5,Canadian Grand Prix,R,canadian-grand-prix_corner_07,COL,PER,10.0,9.0,-3.0,session_best
2026,5,Canadian Grand Prix,R,canadian-grand-prix_corner_07,VER,PER,11.0,10.167,-2.833,session_best
2026,5,Canadian Grand Prix,R,canadian-grand-prix_corner_07,ALB,PER,11.0,6.833,6.167,session_best
2026,5,Canadian Grand Prix,R,canadian-grand-prix_corner_07,OCO,PER,12.0,13.0,0.5,session_best
2026,5,Canadian Grand Prix,R,canadian-grand-prix_corner_07,GAS,PER,13.0,10.167,-0.167,session_best
2026,5,Canadian Grand Prix,R,canadian-grand-prix_corner_07,RUS,PER,14.0,9.167,8.5,session_best
2026,5,Canadian Grand Prix,R,canadian-grand-prix_corner_07,HAD,PER,14.0,9.833,8.167,session_best
2026,5,Canadian Grand Prix,R,canadian-grand-prix_corner_07,BOR,PER,14.0,14.0,4.5,session_best
2026,5,Canadian Grand Prix,R,canadian-grand-prix_corner_07,PIA,PER,16.0,15.5,3.0,session_best
2026,5,Canadian Grand Prix,R,canadian-grand-prix_corner_07,LAW,PER,16.0,15.5,-1.0,session_best
2026,5,Canadian Grand Prix,R,canadian-grand-prix_corner_07,LEC,PER,16.0,11.167,2.833,session_best
2026,5,Canadian Grand Prix,R,canadian-grand-prix_corner_07,SAI,PER,17.0,13.167,4.5,session_best
2026,5,Canadian Grand Prix,R,canadian-grand-prix_corner_07,NOR,PER,18.0,19.0,6.5,session_best
2026,5,Canadian Grand Prix,R,canadian-grand-prix_corner_07,HUL,PER,19.0,10.833,4.833,session_best
2026,5,Canadian Grand Prix,R,canadian-grand-prix_corner_07,STR,PER,19.0,16.833,17.167,session_best
2026,5,Canadian Grand Prix,R,canadian-grand-prix_corner_07,BEA,PER,21.0,19.5,5.5,session_best
2026,5,Canadian Grand Prix,R,canadian-grand-prix_corner_07,ALO,PER,24.0,19.833,19.167,session_best
2026,5,Canadian Grand Prix,R,canadian-grand-prix_corner_10,ANT,ANT,0.0,0.0,0.0,session_best
2026,5,Canadian Grand Prix,R,canadian-grand-prix_corner_10,VER,ANT,4.0,7.0,-11.667,session_best
2026,5,Canadian Grand Prix,R,canadian-grand-prix_corner_10,HAM,ANT,5.0,11.0,-12.333,session_best
2026,5,Canadian Grand Prix,R,canadian-grand-prix_corner_10,RUS,ANT,6.0,-1.0,-5.667,session_best
2026,5,Canadian Grand Prix,R,canadian-grand-prix_corner_10,OCO,ANT,6.0,11.5,-2.5,session_best
2026,5,Canadian Grand Prix,R,canadian-grand-prix_corner_10,PIA,ANT,7.0,9.333,-14.667,session_best
2026,5,Canadian Grand Prix,R,canadian-grand-prix_corner_10,HAD,ANT,8.0,11.667,-8.333,session_best
2026,5,Canadian Grand Prix,R,canadian-grand-prix_corner_10,BOR,ANT,8.0,11.0,0.0,session_best
2026,5,Canadian Grand Prix,R,canadian-grand-prix_corner_10,BEA,ANT,9.0,12.75,-4.75,session_best
2026,5,Canadian Grand Prix,R,canadian-grand-prix_corner_10,LEC,ANT,9.0,15.0,-13.0,session_best
2026,5,Canadian Grand Prix,R,canadian-grand-prix_corner_10,HUL,ANT,10.0,17.667,-14.0,session_best
2026,5,Canadian Grand Prix,R,canadian-grand-prix_corner_10,NOR,ANT,11.0,17.0,-13.0,session_best
2026,5,Canadian Grand Prix,R,canadian-grand-prix_corner_10,LAW,ANT,11.0,13.0,-10.667,session_best
2026,5,Canadian Grand Prix,R,canadian-grand-prix_corner_10,COL,ANT,12.0,11.667,-13.333,session_best
2026,5,Canadian Grand Prix,R,canadian-grand-prix_corner_10,SAI,ANT,12.0,19.667,-16.0,session_best
2026,5,Canadian Grand Prix,R,canadian-grand-prix_corner_10,GAS,ANT,13.0,20.0,-5.333,session_best
2026,5,Canadian Grand Prix,R,canadian-grand-prix_corner_10,PER,ANT,14.0,21.5,-9.5,session_best
2026,5,Canadian Grand Prix,R,canadian-grand-prix_corner_10,STR,ANT,16.0,20.333,2.0,session_best
2026,5,Canadian Grand Prix,R,canadian-grand-prix_corner_10,ALB,ANT,18.0,24.333,-9.333,session_best
2026,5,Canadian Grand Prix,R,canadian-grand-prix_corner_10,BOT,ANT,19.0,27.333,-11.0,session_best
2026,5,Canadian Grand Prix,R,canadian-grand-prix_corner_10,ALO,ANT,29.0,28.0,6.0,session_best
2026,5,Canadian Grand Prix,R,canadian-grand-prix_corner_13,BEA,BEA,0.0,0.0,0.0,session_best
2026,5,Canadian Grand Prix,R,canadian-grand-prix_corner_13,NOR,BEA,1.0,17.733,-13.0,session_best
2026,5,Canadian Grand Prix,R,canadian-grand-prix_corner_13,OCO,BEA,1.0,3.4,-14.5,session_best
2026,5,Canadian Grand Prix,R,canadian-grand-prix_corner_13,LAW,BEA,1.0,5.4,-12.5,session_best
2026,5,Canadian Grand Prix,R,canadian-grand-prix_corner_13,HAD,BEA,1.0,-1.8,-3.8,session_best
2026,5,Canadian Grand Prix,R,canadian-grand-prix_corner_13,RUS,BEA,1.0,4.15,15.5,session_best
2026,5,Canadian Grand Prix,R,canadian-grand-prix_corner_13,PER,BEA,2.0,27.9,-13.0,session_best
2026,5,Canadian Grand Prix,R,canadian-grand-prix_corner_13,ANT,BEA,2.0,-9.6,2.8,session_best
2026,5,Canadian Grand Prix,R,canadian-grand-prix_corner_13,ALB,BEA,3.0,19.2,-3.0,session_best
2026,5,Canadian Grand Prix,R,canadian-grand-prix_corner_13,HUL,BEA,3.0,10.4,-7.2,session_best
2026,5,Canadian Grand Prix,R,canadian-grand-prix_corner_13,COL,BEA,3.0,16.65,-18.0,session_best
2026,5,Canadian Grand Prix,R,canadian-grand-prix_corner_13,VER,BEA,4.0,21.4,-12.2,session_best
2026,5,Canadian Grand Prix,R,canadian-grand-prix_corner_13,BOR,BEA,4.0,3.4,-2.75,session_best
2026,5,Canadian Grand Prix,R,canadian-grand-prix_corner_13,LEC,BEA,4.0,10.0,0.4,session_best
2026,5,Canadian Grand Prix,R,canadian-grand-prix_corner_13,HAM,BEA,4.0,12.4,-7.0,session_best
2026,5,Canadian Grand Prix,R,canadian-grand-prix_corner_13,PIA,BEA,5.0,16.65,-5.5,session_best
2026,5,Canadian Grand Prix,R,canadian-grand-prix_corner_13,GAS,BEA,5.0,28.0,-16.2,session_best
2026,5,Canadian Grand Prix,R,canadian-grand-prix_corner_13,ALO,BEA,6.0,21.2,9.2,session_best
2026,5,Canadian Grand Prix,R,canadian-grand-prix_corner_13,SAI,BEA,6.0,11.15,-16.75,session_best
2026,5,Canadian Grand Prix,R,canadian-grand-prix_corner_13,STR,BEA,6.0,28.6,2.2,session_best
2026,5,Canadian Grand Prix,R,canadian-grand-prix_corner_13,BOT,BEA,8.0,29.4,-7.4,session_best
2026,5,Canadian Grand Prix,R,canadian-grand-prix_corner_18,ANT,ANT,0.0,0.0,0.0,session_best
2026,5,Canadian Grand Prix,R,canadian-grand-prix_corner_18,HAD,ANT,4.0,17.666,-1.667,session_best
2026,5,Canadian Grand Prix,R,canadian-grand-prix_corner_18,BOR,ANT,6.0,37.0,-2.0,session_best
2026,5,Canadian Grand Prix,R,canadian-grand-prix_corner_18,RUS,ANT,7.0,22.333,1.667,session_best
2026,5,Canadian Grand Prix,R,canadian-grand-prix_corner_18,OCO,ANT,8.0,33.0,1.333,session_best
2026,5,Canadian Grand Prix,R,canadian-grand-prix_corner_18,BEA,ANT,9.0,33.666,-1.0,session_best
2026,5,Canadian Grand Prix,R,canadian-grand-prix_corner_18,VER,ANT,10.0,22.333,-6.0,session_best
2026,5,Canadian Grand Prix,R,canadian-grand-prix_corner_18,PIA,ANT,10.0,24.666,5.333,session_best
2026,5,Canadian Grand Prix,R,canadian-grand-prix_corner_18,SAI,ANT,10.0,32.333,-5.0,session_best
2026,5,Canadian Grand Prix,R,canadian-grand-prix_corner_18,COL,ANT,12.0,46.0,-0.667,session_best
2026,5,Canadian Grand Prix,R,canadian-grand-prix_corner_18,NOR,ANT,13.0,29.333,3.0,session_best
2026,5,Canadian Grand Prix,R,canadian-grand-prix_corner_18,PER,ANT,13.0,27.0,2.333,session_best
2026,5,Canadian Grand Prix,R,canadian-grand-prix_corner_18,LEC,ANT,13.0,11.666,4.333,session_best
2026,5,Canadian Grand Prix,R,canadian-grand-prix_corner_18,GAS,ANT,14.0,53.0,-22.0,session_best
2026,5,Canadian Grand Prix,R,canadian-grand-prix_corner_18,LAW,ANT,14.0,33.833,-8.5,session_best
2026,5,Canadian Grand Prix,R,canadian-grand-prix_corner_18,HUL,ANT,16.0,31.333,0.667,session_best
2026,5,Canadian Grand Prix,R,canadian-grand-prix_corner_18,HAM,ANT,16.0,26.0,-2.333,session_best
2026,5,Canadian Grand Prix,R,canadian-grand-prix_corner_18,BOT,ANT,17.0,66.666,-1.667,session_best
2026,5,Canadian Grand Prix,R,canadian-grand-prix_corner_18,STR,ANT,17.0,63.833,1.5,session_best
2026,5,Canadian Grand Prix,R,canadian-grand-prix_corner_18,ALO,ANT,20.0,56.583,-9.5,session_best
2026,5,Canadian Grand Prix,R,canadian-grand-prix_corner_18,ALB,ANT,21.0,36.333,7.333,session_best
2026,5,Canadian Grand Prix,S,canadian-grand-prix_corner_02,HAM,HAM,0.0,0.0,0.0,session_best
2026,5,Canadian Grand Prix,S,canadian-grand-prix_corner_02,HAD,HAM,4.0,-0.5,-6.0,session_best
2026,5,Canadian Grand Prix,S,canadian-grand-prix_corner_02,BOR,HAM,5.0,0.0,6.25,session_best
2026,5,Canadian Grand Prix,S,canadian-grand-prix_corner_02,RUS,HAM,6.0,-64.95,30.25,session_best
2026,5,Canadian Grand Prix,S,canadian-grand-prix_corner_02,VER,HAM,6.0,-6.5,1.75,session_best
2026,5,Canadian Grand Prix,S,canadian-grand-prix_corner_02,ALB,HAM,7.0,0.25,4.05,session_best
2026,5,Canadian Grand Prix,S,canadian-grand-prix_corner_02,LIN,HAM,7.0,-4.15,17.65,session_best
2026,5,Canadian Grand Prix,S,canadian-grand-prix_corner_02,BEA,HAM,7.0,-5.95,5.45,session_best
2026,5,Canadian Grand Prix,S,canadian-grand-prix_corner_02,LAW,HAM,8.0,3.5,2.75,session_best
2026,5,Canadian Grand Prix,S,canadian-grand-prix_corner_02,LEC,HAM,9.0,-4.5,1.75,session_best
2026,5,Canadian Grand Prix,S,canadian-grand-prix_corner_02,STR,HAM,9.0,-5.15,12.25,session_best
2026,5,Canadian Grand Prix,S,canadian-grand-prix_corner_02,PIA,HAM,9.0,-13.35,18.45,session_best
2026,5,Canadian Grand Prix,S,canadian-grand-prix_corner_02,ANT,HAM,10.0,-5.55,19.45,session_best
2026,5,Canadian Grand Prix,S,canadian-grand-prix_corner_02,SAI,HAM,10.0,-6.35,19.25,session_best
2026,5,Canadian Grand Prix,S,canadian-grand-prix_corner_02,COL,HAM,10.0,-12.75,1.65,session_best
2026,5,Canadian Grand Prix,S,canadian-grand-prix_corner_02,PER,HAM,11.0,-1.95,-1.55,session_best
2026,5,Canadian Grand Prix,S,canadian-grand-prix_corner_02,BOT,HAM,12.0,0.25,17.05,session_best
2026,5,Canadian Grand Prix,S,canadian-grand-prix_corner_02,ALO,HAM,12.0,-1.25,27.75,session_best
2026,5,Canadian Grand Prix,S,canadian-grand-prix_corner_02,HUL,HAM,12.0,12.25,19.65,session_best
2026,5,Canadian Grand Prix,S,canadian-grand-prix_corner_02,NOR,HAM,13.0,-5.75,6.85,session_best
2026,5,Canadian Grand Prix,S,canadian-grand-prix_corner_02,OCO,HAM,14.0,1.65,7.65,session_best
2026,5,Canadian Grand Prix,S,canadian-grand-prix_corner_02,GAS,HAM,15.0,-7.75,7.25,session_best
2026,5,Canadian Grand Prix,S,canadian-grand-prix_corner_04,ANT,ANT,0.0,0.0,0.0,session_best
2026,5,Canadian Grand Prix,S,canadian-grand-prix_corner_04,HAM,ANT,3.0,18.333,-11.333,session_best
2026,5,Canadian Grand Prix,S,canadian-grand-prix_corner_04,LEC,ANT,3.0,8.0,-10.0,session_best
2026,5,Canadian Grand Prix,S,canadian-grand-prix_corner_04,VER,ANT,3.0,11.667,-1.333,session_best
2026,5,Canadian Grand Prix,S,canadian-grand-prix_corner_04,HAD,ANT,4.0,8.333,-7.666,session_best
2026,5,Canadian Grand Prix,S,canadian-grand-prix_corner_04,NOR,ANT,6.0,20.667,-1.666,session_best
2026,5,Canadian Grand Prix,S,canadian-grand-prix_corner_04,PIA,ANT,6.0,-1.0,4.0,session_best
2026,5,Canadian Grand Prix,S,canadian-grand-prix_corner_04,RUS,ANT,7.0,-0.333,14.334,session_best
2026,5,Canadian Grand Prix,S,canadian-grand-prix_corner_04,SAI,ANT,8.0,8.333,-4.0,session_best
2026,5,Canadian Grand Prix,S,canadian-grand-prix_corner_04,HUL,ANT,8.0,29.0,-0.666,session_best
2026,5,Canadian Grand Prix,S,canadian-grand-prix_corner_04,BOR,ANT,8.0,10.667,3.334,session_best
2026,5,Canadian Grand Prix,S,canadian-grand-prix_corner_04,COL,ANT,9.0,18.667,-6.666,session_best
2026,5,Canadian Grand Prix,S,canadian-grand-prix_corner_04,GAS,ANT,9.0,25.0,-9.333,session_best
2026,5,Canadian Grand Prix,S,canadian-grand-prix_corner_04,ALB,ANT,10.0,14.0,2.0,session_best
2026,5,Canadian Grand Prix,S,canadian-grand-prix_corner_04,LIN,ANT,10.0,4.667,8.667,session_best
2026,5,Canadian Grand Prix,S,canadian-grand-prix_corner_04,LAW,ANT,11.0,18.667,-4.0,session_best
2026,5,Canadian Grand Prix,S,canadian-grand-prix_corner_04,PER,ANT,11.0,25.333,1.667,session_best
2026,5,Canadian Grand Prix,S,canadian-grand-prix_corner_04,BEA,ANT,12.0,11.75,6.167,session_best
2026,5,Canadian Grand Prix,S,canadian-grand-prix_corner_04,STR,ANT,13.0,14.0,1.667,session_best
2026,5,Canadian Grand Prix,S,canadian-grand-prix_corner_04,ALO,ANT,14.0,31.333,1.667,session_best
2026,5,Canadian Grand Prix,S,canadian-grand-prix_corner_04,OCO,ANT,14.0,10.0,0.334,session_best
2026,5,Canadian Grand Prix,S,canadian-grand-prix_corner_04,BOT,ANT,15.0,24.333,1.334,session_best
2026,5,Canadian Grand Prix,S,canadian-grand-prix_corner_06,COL,COL,0.0,0.0,0.0,session_best
2026,5,Canadian Grand Prix,S,canadian-grand-prix_corner_06,HAD,COL,2.0,-3.083,7.75,session_best
2026,5,Canadian Grand Prix,S,canadian-grand-prix_corner_06,STR,COL,4.0,0.334,2.333,session_best
2026,5,Canadian Grand Prix,S,canadian-grand-prix_corner_06,VER,COL,4.0,7.417,8.0,session_best
2026,5,Canadian Grand Prix,S,canadian-grand-prix_corner_06,BOT,COL,4.0,16.667,4.667,session_best
2026,5,Canadian Grand Prix,S,canadian-grand-prix_corner_06,ANT,COL,5.0,2.667,-3.0,session_best
2026,5,Canadian Grand Prix,S,canadian-grand-prix_corner_06,RUS,COL,6.0,1.667,24.25,session_best
2026,5,Canadian Grand Prix,S,canadian-grand-prix_corner_06,NOR,COL,6.0,8.334,2.333,session_best
2026,5,Canadian Grand Prix,S,canadian-grand-prix_corner_06,HAM,COL,6.0,18.667,-8.25,session_best
2026,5,Canadian Grand Prix,S,canadian-grand-prix_corner_06,BOR,COL,7.0,-9.833,1.0,session_best
2026,5,Canadian Grand Prix,S,canadian-grand-prix_corner_06,SAI,COL,7.0,7.667,5.75,session_best
2026,5,Canadian Grand Prix,S,canadian-grand-prix_corner_06,LAW,COL,7.0,25.667,-3.0,session_best
2026,5,Canadian Grand Prix,S,canadian-grand-prix_corner_06,ALB,COL,7.0,1.917,5.0,session_best
2026,5,Canadian Grand Prix,S,canadian-grand-prix_corner_06,GAS,COL,7.0,7.667,8.5,session_best
2026,5,Canadian Grand Prix,S,canadian-grand-prix_corner_06,LIN,COL,8.0,1.0,2.667,session_best
2026,5,Canadian Grand Prix,S,canadian-grand-prix_corner_06,BEA,COL,8.0,2.167,12.0,session_best
2026,5,Canadian Grand Prix,S,canadian-grand-prix_corner_06,PIA,COL,9.0,0.917,10.25,session_best
2026,5,Canadian Grand Prix,S,canadian-grand-prix_corner_06,HUL,COL,9.0,15.667,0.0,session_best
2026,5,Canadian Grand Prix,S,canadian-grand-prix_corner_06,OCO,COL,9.0,8.334,16.0,session_best
2026,5,Canadian Grand Prix,S,canadian-grand-prix_corner_06,ALO,COL,10.0,19.917,-4.5,session_best
2026,5,Canadian Grand Prix,S,canadian-grand-prix_corner_06,LEC,COL,10.0,32.417,-1.25,session_best
2026,5,Canadian Grand Prix,S,canadian-grand-prix_corner_06,PER,COL,14.0,25.667,-1.25,session_best
2026,5,Canadian Grand Prix,S,canadian-grand-prix_corner_07,HAM,HAM,0.0,0.0,0.0,session_best
2026,5,Canadian Grand Prix,S,canadian-grand-prix_corner_07,NOR,HAM,37.0,28.333,7.667,session_best
2026,5,Canadian Grand Prix,S,canadian-grand-prix_corner_07,ALB,HAM,39.0,35.0,-0.5,session_best
2026,5,Canadian Grand Prix,S,canadian-grand-prix_corner_07,LEC,HAM,39.0,33.0,-2.5,session_best
2026,5,Canadian Grand Prix,S,canadian-grand-prix_corner_07,ALO,HAM,40.0,37.5,11.5,session_best
2026,5,Canadian Grand Prix,S,canadian-grand-prix_corner_07,LAW,HAM,42.0,39.0,-1.0,session_best
2026,5,Canadian Grand Prix,S,canadian-grand-prix_corner_07,PER,HAM,42.0,36.5,3.0,session_best
2026,5,Canadian Grand Prix,S,canadian-grand-prix_corner_07,GAS,HAM,42.0,37.5,1.0,session_best
2026,5,Canadian Grand Prix,S,canadian-grand-prix_corner_07,HUL,HAM,43.0,39.0,6.5,session_best
2026,5,Canadian Grand Prix,S,canadian-grand-prix_corner_07,ANT,HAM,43.0,37.333,8.667,session_best
2026,5,Canadian Grand Prix,S,canadian-grand-prix_corner_07,VER,HAM,43.0,43.0,-0.5,session_best
2026,5,Canadian Grand Prix,S,canadian-grand-prix_corner_07,HAD,HAM,44.0,40.0,1.0,session_best
2026,5,Canadian Grand Prix,S,canadian-grand-prix_corner_07,STR,HAM,44.0,40.0,10.0,session_best
2026,5,Canadian Grand Prix,S,canadian-grand-prix_corner_07,LIN,HAM,45.0,38.0,10.667,session_best
2026,5,Canadian Grand Prix,S,canadian-grand-prix_corner_07,SAI,HAM,46.0,45.0,9.5,session_best
2026,5,Canadian Grand Prix,S,canadian-grand-prix_corner_07,COL,HAM,46.0,42.5,21.0,session_best
2026,5,Canadian Grand Prix,S,canadian-grand-prix_corner_07,BOR,HAM,47.0,42.333,14.333,session_best
2026,5,Canadian Grand Prix,S,canadian-grand-prix_corner_07,BOT,HAM,50.0,44.667,3.333,session_best
2026,5,Canadian Grand Prix,S,canadian-grand-prix_corner_07,PIA,HAM,50.0,45.5,3.5,session_best
2026,5,Canadian Grand Prix,S,canadian-grand-prix_corner_07,BEA,HAM,51.0,51.0,6.5,session_best
2026,5,Canadian Grand Prix,S,canadian-grand-prix_corner_07,OCO,HAM,53.0,47.667,9.333,session_best
2026,5,Canadian Grand Prix,S,canadian-grand-prix_corner_07,RUS,HAM,56.0,51.667,14.333,session_best
2026,5,Canadian Grand Prix,S,canadian-grand-prix_corner_10,RUS,RUS,0.0,0.0,0.0,session_best
2026,5,Canadian Grand Prix,S,canadian-grand-prix_corner_10,ANT,RUS,1.0,37.333,-14.333,session_best
2026,5,Canadian Grand Prix,S,canadian-grand-prix_corner_10,HAM,RUS,1.0,43.666,-4.0,session_best
2026,5,Canadian Grand Prix,S,canadian-grand-prix_corner_10,NOR,RUS,2.0,46.666,-21.333,session_best
2026,5,Canadian Grand Prix,S,canadian-grand-prix_corner_10,HUL,RUS,2.0,37.333,-13.666,session_best
2026,5,Canadian Grand Prix,S,canadian-grand-prix_corner_10,LEC,RUS,3.0,41.666,12.334,session_best
2026,5,Canadian Grand Prix,S,canadian-grand-prix_corner_10,OCO,RUS,4.0,45.333,-9.0,session_best
2026,5,Canadian Grand Prix,S,canadian-grand-prix_corner_10,PIA,RUS,4.0,30.666,-14.666,session_best
2026,5,Canadian Grand Prix,S,canadian-grand-prix_corner_10,COL,RUS,4.0,42.666,-12.0,session_best
2026,5,Canadian Grand Prix,S,canadian-grand-prix_corner_10,VER,RUS,6.0,38.0,-9.0,session_best
2026,5,Canadian Grand Prix,S,canadian-grand-prix_corner_10,BOR,RUS,7.0,37.333,-5.333,session_best
2026,5,Canadian Grand Prix,S,canadian-grand-prix_corner_10,HAD,RUS,7.0,44.333,-15.666,session_best
2026,5,Canadian Grand Prix,S,canadian-grand-prix_corner_10,SAI,RUS,8.0,47.0,-15.0,session_best
2026,5,Canadian Grand Prix,S,canadian-grand-prix_corner_10,ALB,RUS,10.0,46.833,-8.833,session_best
2026,5,Canadian Grand Prix,S,canadian-grand-prix_corner_10,LIN,RUS,12.0,48.583,-12.583,session_best
2026,5,Canadian Grand Prix,S,canadian-grand-prix_corner_10,LAW,RUS,12.0,53.333,-20.0,session_best
2026,5,Canadian Grand Prix,S,canadian-grand-prix_corner_10,ALO,RUS,12.0,52.333,-7.833,session_best
2026,5,Canadian Grand Prix,S,canadian-grand-prix_corner_10,BEA,RUS,13.0,45.0,-8.0,session_best
2026,5,Canadian Grand Prix,S,canadian-grand-prix_corner_10,PER,RUS,13.0,57.333,-23.666,session_best
2026,5,Canadian Grand Prix,S,canadian-grand-prix_corner_10,BOT,RUS,14.0,58.0,-5.0,session_best
2026,5,Canadian Grand Prix,S,canadian-grand-prix_corner_10,GAS,RUS,14.0,50.0,-10.333,session_best
2026,5,Canadian Grand Prix,S,canadian-grand-prix_corner_10,STR,RUS,16.0,50.583,-8.833,session_best
2026,5,Canadian Grand Prix,S,canadian-grand-prix_corner_13,BOR,BOR,0.0,0.0,0.0,session_best
2026,5,Canadian Grand Prix,S,canadian-grand-prix_corner_13,HAD,BOR,1.0,2.25,-3.5,session_best
2026,5,Canadian Grand Prix,S,canadian-grand-prix_corner_13,BEA,BOR,2.0,-11.0,15.55,session_best
2026,5,Canadian Grand Prix,S,canadian-grand-prix_corner_13,LEC,BOR,2.0,-27.4,14.15,session_best
2026,5,Canadian Grand Prix,S,canadian-grand-prix_corner_13,HAM,BOR,2.0,-15.6,22.35,session_best
2026,5,Canadian Grand Prix,S,canadian-grand-prix_corner_13,ANT,BOR,2.0,-14.8,6.95,session_best
2026,5,Canadian Grand Prix,S,canadian-grand-prix_corner_13,VER,BOR,3.0,-20.0,14.35,session_best
2026,5,Canadian Grand Prix,S,canadian-grand-prix_corner_13,OCO,BOR,3.0,-25.2,21.95,session_best
2026,5,Canadian Grand Prix,S,canadian-grand-prix_corner_13,LIN,BOR,3.0,0.4,-1.45,session_best
2026,5,Canadian Grand Prix,S,canadian-grand-prix_corner_13,ALB,BOR,4.0,10.6,-3.45,session_best
2026,5,Canadian Grand Prix,S,canadian-grand-prix_corner_13,PIA,BOR,4.0,-14.6,11.55,session_best
2026,5,Canadian Grand Prix,S,canadian-grand-prix_corner_13,BOT,BOR,4.0,26.6,-13.85,session_best
2026,5,Canadian Grand Prix,S,canadian-grand-prix_corner_13,HUL,BOR,4.0,-5.0,11.55,session_best
2026,5,Canadian Grand Prix,S,canadian-grand-prix_corner_13,RUS,BOR,4.0,-55.6,28.55,session_best
2026,5,Canadian Grand Prix,S,canadian-grand-prix_corner_13,ALO,BOR,5.0,-6.0,26.55,session_best
2026,5,Canadian Grand Prix,S,canadian-grand-prix_corner_13,SAI,BOR,5.0,0.2,7.75,session_best
2026,5,Canadian Grand Prix,S,canadian-grand-prix_corner_13,COL,BOR,5.0,-18.8,14.95,session_best
2026,5,Canadian Grand Prix,S,canadian-grand-prix_corner_13,LAW,BOR,5.0,10.0,-3.65,session_best
2026,5,Canadian Grand Prix,S,canadian-grand-prix_corner_13,NOR,BOR,5.0,-9.4,14.95,session_best
2026,5,Canadian Grand Prix,S,canadian-grand-prix_corner_13,GAS,BOR,6.0,5.6,1.75,session_best
2026,5,Canadian Grand Prix,S,canadian-grand-prix_corner_13,PER,BOR,6.0,9.5,-6.75,session_best
2026,5,Canadian Grand Prix,S,canadian-grand-prix_corner_13,STR,BOR,6.0,-4.2,32.75,session_best
2026,5,Canadian Grand Prix,S,canadian-grand-prix_corner_18,RUS,RUS,0.0,0.0,0.0,session_best
2026,5,Canadian Grand Prix,S,canadian-grand-prix_corner_18,HAM,RUS,1.0,20.5,-4.667,session_best
2026,5,Canadian Grand Prix,S,canadian-grand-prix_corner_18,ANT,RUS,2.0,18.5,-5.667,session_best
2026,5,Canadian Grand Prix,S,canadian-grand-prix_corner_18,NOR,RUS,3.0,8.5,-5.333,session_best
2026,5,Canadian Grand Prix,S,canadian-grand-prix_corner_18,LEC,RUS,3.0,17.0,-6.5,session_best
2026,5,Canadian Grand Prix,S,canadian-grand-prix_corner_18,HAD,RUS,4.0,19.5,0.333,session_best
2026,5,Canadian Grand Prix,S,canadian-grand-prix_corner_18,COL,RUS,4.0,20.5,-2.0,session_best
2026,5,Canadian Grand Prix,S,canadian-grand-prix_corner_18,VER,RUS,5.0,12.5,-2.333,session_best
2026,5,Canadian Grand Prix,S,canadian-grand-prix_corner_18,ALB,RUS,6.0,18.833,-0.667,session_best
2026,5,Canadian Grand Prix,S,canadian-grand-prix_corner_18,LIN,RUS,8.0,29.5,-2.5,session_best
2026,5,Canadian Grand Prix,S,canadian-grand-prix_corner_18,SAI,RUS,8.0,30.5,-2.0,session_best
2026,5,Canadian Grand Prix,S,canadian-grand-prix_corner_18,OCO,RUS,10.0,13.833,8.333,session_best
2026,5,Canadian Grand Prix,S,canadian-grand-prix_corner_18,BOR,RUS,10.0,13.167,4.667,session_best
2026,5,Canadian Grand Prix,S,canadian-grand-prix_corner_18,ALO,RUS,11.0,52.167,-12.667,session_best
2026,5,Canadian Grand Prix,S,canadian-grand-prix_corner_18,PER,RUS,11.0,44.167,3.333,session_best
2026,5,Canadian Grand Prix,S,canadian-grand-prix_corner_18,BEA,RUS,13.0,31.833,5.333,session_best
2026,5,Canadian Grand Prix,S,canadian-grand-prix_corner_18,STR,RUS,13.0,47.5,-21.0,session_best
2026,5,Canadian Grand Prix,S,canadian-grand-prix_corner_18,GAS,RUS,14.0,31.167,3.333,session_best
2026,5,Canadian Grand Prix,S,canadian-grand-prix_corner_18,PIA,RUS,14.0,-5.167,10.333,session_best
2026,5,Canadian Grand Prix,S,canadian-grand-prix_corner_18,HUL,RUS,16.0,-5.833,10.333,session_best
2026,5,Canadian Grand Prix,S,canadian-grand-prix_corner_18,BOT,RUS,18.0,53.167,-13.667,session_best
2026,5,Canadian Grand Prix,S,canadian-grand-prix_corner_18,LAW,RUS,18.0,63.833,-2.333,session_best
2026,5,Canadian Grand Prix,S,canadian-grand-prix_corner_19,STR,STR,0.0,0.0,0.0,session_best
2026,5,Canadian Grand Prix,S,canadian-grand-prix_corner_19,BOT,STR,1.0,-4.5,-7.0,session_best
2026,5,Canadian Grand Prix,S,canadian-grand-prix_corner_19,LAW,STR,7.0,7.0,-7.0,session_best
2026,5,Canadian Grand Prix,S,canadian-grand-prix_corner_19,ALO,STR,7.0,8.0,-2.0,session_best
2026,5,Canadian Grand Prix,S,canadian-grand-prix_corner_19,ANT,STR,21.0,20.5,-1.0,session_best
2026,5,Canadian Grand Prix,S,canadian-grand-prix_corner_19,HAM,STR,23.0,20.0,-2.5,session_best
2026,5,Canadian Grand Prix,S,canadian-grand-prix_corner_19,SAI,STR,25.0,20.5,3.333,session_best
2026,5,Canadian Grand Prix,S,canadian-grand-prix_corner_19,LIN,STR,25.0,28.0,-1.5,session_best
2026,5,Canadian Grand Prix,S,canadian-grand-prix_corner_19,COL,STR,26.0,28.0,-5.0,session_best
2026,5,Canadian Grand Prix,S,canadian-grand-prix_corner_19,LEC,STR,27.0,31.5,6.333,session_best
2026,5,Canadian Grand Prix,S,canadian-grand-prix_corner_19,VER,STR,27.0,27.5,0.5,session_best
2026,5,Canadian Grand Prix,S,canadian-grand-prix_corner_19,NOR,STR,27.0,29.5,12.0,session_best
2026,5,Canadian Grand Prix,S,canadian-grand-prix_corner_19,PER,STR,28.0,25.5,1.0,session_best
2026,5,Canadian Grand Prix,S,canadian-grand-prix_corner_19,GAS,STR,29.0,18.5,2.0,session_best
2026,5,Canadian Grand Prix,S,canadian-grand-prix_corner_19,HAD,STR,30.0,33.167,9.333,session_best
2026,5,Canadian Grand Prix,S,canadian-grand-prix_corner_19,ALB,STR,32.0,32.167,-1.667,session_best
2026,5,Canadian Grand Prix,S,canadian-grand-prix_corner_19,BEA,STR,32.0,23.833,7.0,session_best
2026,5,Canadian Grand Prix,S,canadian-grand-prix_corner_19,PIA,STR,35.0,39.833,4.667,session_best
2026,5,Canadian Grand Prix,S,canadian-grand-prix_corner_19,OCO,STR,35.0,40.5,10.0,session_best
2026,5,Canadian Grand Prix,S,canadian-grand-prix_corner_19,BOR,STR,37.0,37.5,6.0,session_best
2026,5,Canadian Grand Prix,S,canadian-grand-prix_corner_19,RUS,STR,38.0,39.833,15.667,session_best
2026,5,Canadian Grand Prix,S,canadian-grand-prix_corner_19,HUL,STR,43.0,42.167,5.667,session_best
2026,5,Canadian Grand Prix,SQ,canadian-grand-prix_corner_02,NOR,NOR,0.0,0.0,0.0,session_best
2026,5,Canadian Grand Prix,SQ,canadian-grand-prix_corner_02,PER,NOR,0.0,2.25,19.75,session_best
2026,5,Canadian Grand Prix,SQ,canadian-grand-prix_corner_02,HAM,NOR,0.0,-0.25,-3.6,session_best
2026,5,Canadian Grand Prix,SQ,canadian-grand-prix_corner_02,COL,NOR,0.0,-0.45,2.2,session_best
2026,5,Canadian Grand Prix,SQ,canadian-grand-prix_corner_02,LEC,NOR,1.0,-4.05,7.2,session_best
2026,5,Canadian Grand Prix,SQ,canadian-grand-prix_corner_02,ANT,NOR,1.0,4.55,-5.0,session_best
2026,5,Canadian Grand Prix,SQ,canadian-grand-prix_corner_02,BEA,NOR,2.0,1.25,5.0,session_best
2026,5,Canadian Grand Prix,SQ,canadian-grand-prix_corner_02,RUS,NOR,2.0,-5.0,0.25,session_best
2026,5,Canadian Grand Prix,SQ,canadian-grand-prix_corner_02,LIN,NOR,2.0,1.75,13.8,session_best
2026,5,Canadian Grand Prix,SQ,canadian-grand-prix_corner_02,BOR,NOR,3.0,-1.05,27.2,session_best
2026,5,Canadian Grand Prix,SQ,canadian-grand-prix_corner_02,VER,NOR,3.0,-1.05,2.6,session_best
2026,5,Canadian Grand Prix,SQ,canadian-grand-prix_corner_02,PIA,NOR,3.0,-8.25,5.5,session_best
2026,5,Canadian Grand Prix,SQ,canadian-grand-prix_corner_02,STR,NOR,3.0,1.15,12.0,session_best
2026,5,Canadian Grand Prix,SQ,canadian-grand-prix_corner_02,SAI,NOR,4.0,-0.5,5.0,session_best
2026,5,Canadian Grand Prix,SQ,canadian-grand-prix_corner_02,HUL,NOR,4.0,1.35,11.4,session_best
2026,5,Canadian Grand Prix,SQ,canadian-grand-prix_corner_02,HAD,NOR,5.0,-5.25,4.0,session_best
2026,5,Canadian Grand Prix,SQ,canadian-grand-prix_corner_02,OCO,NOR,6.0,4.75,4.4,session_best
2026,5,Canadian Grand Prix,SQ,canadian-grand-prix_corner_02,GAS,NOR,6.0,25.75,-0.75,session_best
2026,5,Canadian Grand Prix,SQ,canadian-grand-prix_corner_02,ALO,NOR,7.0,1.95,10.2,session_best
2026,5,Canadian Grand Prix,SQ,canadian-grand-prix_corner_02,BOT,NOR,8.0,3.25,15.25,session_best
2026,5,Canadian Grand Prix,SQ,canadian-grand-prix_corner_04,ANT,ANT,0.0,0.0,0.0,session_best
2026,5,Canadian Grand Prix,SQ,canadian-grand-prix_corner_04,HAM,ANT,1.0,3.666,-3.0,session_best
2026,5,Canadian Grand Prix,SQ,canadian-grand-prix_corner_04,LEC,ANT,2.0,-4.334,6.0,session_best
2026,5,Canadian Grand Prix,SQ,canadian-grand-prix_corner_04,VER,ANT,2.0,-4.667,8.0,session_best
2026,5,Canadian Grand Prix,SQ,canadian-grand-prix_corner_04,NOR,ANT,3.0,0.0,7.334,session_best
2026,5,Canadian Grand Prix,SQ,canadian-grand-prix_corner_04,HAD,ANT,4.0,-11.334,12.334,session_best
2026,5,Canadian Grand Prix,SQ,canadian-grand-prix_corner_04,PIA,ANT,4.0,3.666,-3.333,session_best
2026,5,Canadian Grand Prix,SQ,canadian-grand-prix_corner_04,COL,ANT,5.0,-9.334,13.334,session_best
2026,5,Canadian Grand Prix,SQ,canadian-grand-prix_corner_04,SAI,ANT,6.0,-0.667,13.667,session_best
2026,5,Canadian Grand Prix,SQ,canadian-grand-prix_corner_04,RUS,ANT,6.0,-0.667,-0.666,session_best
2026,5,Canadian Grand Prix,SQ,canadian-grand-prix_corner_04,ALO,ANT,6.0,12.666,7.334,session_best
2026,5,Canadian Grand Prix,SQ,canadian-grand-prix_corner_04,HUL,ANT,6.0,-3.0,6.334,session_best
2026,5,Canadian Grand Prix,SQ,canadian-grand-prix_corner_04,BOR,ANT,9.0,-12.167,6.167,session_best
2026,5,Canadian Grand Prix,SQ,canadian-grand-prix_corner_04,BEA,ANT,9.0,-19.0,13.0,session_best
2026,5,Canadian Grand Prix,SQ,canadian-grand-prix_corner_04,LIN,ANT,11.0,8.333,0.0,session_best
2026,5,Canadian Grand Prix,SQ,canadian-grand-prix_corner_04,PER,ANT,11.0,-4.167,16.167,session_best
2026,5,Canadian Grand Prix,SQ,canadian-grand-prix_corner_04,BOT,ANT,12.0,17.083,21.417,session_best
2026,5,Canadian Grand Prix,SQ,canadian-grand-prix_corner_04,GAS,ANT,12.0,21.333,43.0,session_best
2026,5,Canadian Grand Prix,SQ,canadian-grand-prix_corner_04,STR,ANT,13.0,-0.667,11.667,session_best
2026,5,Canadian Grand Prix,SQ,canadian-grand-prix_corner_04,OCO,ANT,14.0,14.666,0.334,session_best
2026,5,Canadian Grand Prix,SQ,canadian-grand-prix_corner_06,COL,COL,0.0,0.0,0.0,session_best
2026,5,Canadian Grand Prix,SQ,canadian-grand-prix_corner_06,ALO,COL,3.0,9.667,3.0,session_best
2026,5,Canadian Grand Prix,SQ,canadian-grand-prix_corner_06,HAD,COL,4.0,-8.833,7.25,session_best
2026,5,Canadian Grand Prix,SQ,canadian-grand-prix_corner_06,ANT,COL,4.0,-1.0,-5.667,session_best
2026,5,Canadian Grand Prix,SQ,canadian-grand-prix_corner_06,LIN,COL,4.0,22.167,4.0,session_best
2026,5,Canadian Grand Prix,SQ,canadian-grand-prix_corner_06,PIA,COL,6.0,-3.583,0.5,session_best
2026,5,Canadian Grand Prix,SQ,canadian-grand-prix_corner_06,HUL,COL,6.0,13.417,5.0,session_best
2026,5,Canadian Grand Prix,SQ,canadian-grand-prix_corner_06,HAM,COL,6.0,1.417,-3.0,session_best
2026,5,Canadian Grand Prix,SQ,canadian-grand-prix_corner_06,PER,COL,6.0,3.417,12.0,session_best
2026,5,Canadian Grand Prix,SQ,canadian-grand-prix_corner_06,LEC,COL,7.0,12.167,-3.0,session_best
2026,5,Canadian Grand Prix,SQ,canadian-grand-prix_corner_06,VER,COL,7.0,-8.333,10.0,session_best
2026,5,Canadian Grand Prix,SQ,canadian-grand-prix_corner_06,BOT,COL,7.0,19.917,8.25,session_best
2026,5,Canadian Grand Prix,SQ,canadian-grand-prix_corner_06,OCO,COL,7.0,0.667,1.333,session_best
2026,5,Canadian Grand Prix,SQ,canadian-grand-prix_corner_06,NOR,COL,7.0,-6.0,24.667,session_best
2026,5,Canadian Grand Prix,SQ,canadian-grand-prix_corner_06,BEA,COL,8.0,0.917,10.75,session_best
2026,5,Canadian Grand Prix,SQ,canadian-grand-prix_corner_06,SAI,COL,9.0,11.667,14.75,session_best
2026,5,Canadian Grand Prix,SQ,canadian-grand-prix_corner_06,STR,COL,10.0,1.0,14.333,session_best
2026,5,Canadian Grand Prix,SQ,canadian-grand-prix_corner_06,RUS,COL,10.0,11.167,0.5,session_best
2026,5,Canadian Grand Prix,SQ,canadian-grand-prix_corner_06,BOR,COL,11.0,5.917,6.5,session_best
2026,5,Canadian Grand Prix,SQ,canadian-grand-prix_corner_06,GAS,COL,12.0,17.417,4.25,session_best
2026,5,Canadian Grand Prix,SQ,canadian-grand-prix_corner_07,HAM,HAM,0.0,0.0,0.0,session_best
2026,5,Canadian Grand Prix,SQ,canadian-grand-prix_corner_07,ANT,HAM,8.0,6.5,9.5,session_best
2026,5,Canadian Grand Prix,SQ,canadian-grand-prix_corner_07,LEC,HAM,8.0,9.5,-3.0,session_best
2026,5,Canadian Grand Prix,SQ,canadian-grand-prix_corner_07,NOR,HAM,10.0,5.0,-0.5,session_best
2026,5,Canadian Grand Prix,SQ,canadian-grand-prix_corner_07,RUS,HAM,13.0,11.167,-2.833,session_best
2026,5,Canadian Grand Prix,SQ,canadian-grand-prix_corner_07,LIN,HAM,15.0,18.5,-3.0,session_best
2026,5,Canadian Grand Prix,SQ,canadian-grand-prix_corner_07,COL,HAM,17.0,16.5,2.5,session_best
2026,5,Canadian Grand Prix,SQ,canadian-grand-prix_corner_07,PIA,HAM,17.0,18.0,1.0,session_best
2026,5,Canadian Grand Prix,SQ,canadian-grand-prix_corner_07,BOR,HAM,19.0,18.833,3.167,session_best
2026,5,Canadian Grand Prix,SQ,canadian-grand-prix_corner_07,OCO,HAM,20.0,24.5,-3.0,session_best
2026,5,Canadian Grand Prix,SQ,canadian-grand-prix_corner_07,VER,HAM,22.0,25.0,2.5,session_best
2026,5,Canadian Grand Prix,SQ,canadian-grand-prix_corner_07,ALO,HAM,22.0,18.167,1.833,session_best
2026,5,Canadian Grand Prix,SQ,canadian-grand-prix_corner_07,SAI,HAM,22.0,23.0,-0.5,session_best
2026,5,Canadian Grand Prix,SQ,canadian-grand-prix_corner_07,HUL,HAM,23.0,25.833,5.5,session_best
2026,5,Canadian Grand Prix,SQ,canadian-grand-prix_corner_07,PER,HAM,24.0,26.0,4.5,session_best
2026,5,Canadian Grand Prix,SQ,canadian-grand-prix_corner_07,HAD,HAM,25.0,24.5,3.5,session_best
2026,5,Canadian Grand Prix,SQ,canadian-grand-prix_corner_07,BOT,HAM,27.0,28.0,3.5,session_best
2026,5,Canadian Grand Prix,SQ,canadian-grand-prix_corner_07,GAS,HAM,27.0,26.5,-1.0,session_best
2026,5,Canadian Grand Prix,SQ,canadian-grand-prix_corner_07,BEA,HAM,28.0,34.0,21.5,session_best
2026,5,Canadian Grand Prix,SQ,canadian-grand-prix_corner_07,STR,HAM,29.0,21.5,11.5,session_best
2026,5,Canadian Grand Prix,SQ,canadian-grand-prix_corner_10,NOR,NOR,0.0,0.0,0.0,session_best
2026,5,Canadian Grand Prix,SQ,canadian-grand-prix_corner_10,HAM,NOR,1.0,8.334,-3.667,session_best
2026,5,Canadian Grand Prix,SQ,canadian-grand-prix_corner_10,LEC,NOR,1.0,3.334,10.333,session_best
2026,5,Canadian Grand Prix,SQ,canadian-grand-prix_corner_10,PIA,NOR,1.0,7.334,-0.667,session_best
2026,5,Canadian Grand Prix,SQ,canadian-grand-prix_corner_10,RUS,NOR,3.0,-0.333,6.667,session_best
2026,5,Canadian Grand Prix,SQ,canadian-grand-prix_corner_10,VER,NOR,6.0,1.0,9.333,session_best
2026,5,Canadian Grand Prix,SQ,canadian-grand-prix_corner_10,ALO,NOR,6.0,14.667,2.0,session_best
2026,5,Canadian Grand Prix,SQ,canadian-grand-prix_corner_10,ANT,NOR,7.0,5.167,5.0,session_best
2026,5,Canadian Grand Prix,SQ,canadian-grand-prix_corner_10,HAD,NOR,8.0,4.667,18.0,session_best
2026,5,Canadian Grand Prix,SQ,canadian-grand-prix_corner_10,SAI,NOR,8.0,15.334,-6.333,session_best
2026,5,Canadian Grand Prix,SQ,canadian-grand-prix_corner_10,OCO,NOR,11.0,8.667,3.0,session_best
2026,5,Canadian Grand Prix,SQ,canadian-grand-prix_corner_10,BEA,NOR,13.0,15.0,13.667,session_best
2026,5,Canadian Grand Prix,SQ,canadian-grand-prix_corner_10,LIN,NOR,13.0,17.0,-2.667,session_best
2026,5,Canadian Grand Prix,SQ,canadian-grand-prix_corner_10,HUL,NOR,13.0,9.667,7.333,session_best
2026,5,Canadian Grand Prix,SQ,canadian-grand-prix_corner_10,PER,NOR,14.0,7.667,24.333,session_best
2026,5,Canadian Grand Prix,SQ,canadian-grand-prix_corner_10,GAS,NOR,14.0,13.667,8.0,session_best
2026,5,Canadian Grand Prix,SQ,canadian-grand-prix_corner_10,BOR,NOR,15.0,10.0,7.333,session_best
2026,5,Canadian Grand Prix,SQ,canadian-grand-prix_corner_10,COL,NOR,16.0,19.167,5.75,session_best
2026,5,Canadian Grand Prix,SQ,canadian-grand-prix_corner_10,STR,NOR,16.0,0.917,21.75,session_best
2026,5,Canadian Grand Prix,SQ,canadian-grand-prix_corner_10,BOT,NOR,24.0,27.0,6.0,session_best
2026,5,Canadian Grand Prix,SQ,canadian-grand-prix_corner_13,BOR,BOR,0.0,0.0,0.0,session_best
2026,5,Canadian Grand Prix,SQ,canadian-grand-prix_corner_13,HAD,BOR,1.0,-28.7,3.75,session_best
2026,5,Canadian Grand Prix,SQ,canadian-grand-prix_corner_13,COL,BOR,2.0,20.4,-2.0,session_best
2026,5,Canadian Grand Prix,SQ,canadian-grand-prix_corner_13,BEA,BOR,2.0,34.55,4.0,session_best
2026,5,Canadian Grand Prix,SQ,canadian-grand-prix_corner_13,LIN,BOR,3.0,7.0,-6.4,session_best
2026,5,Canadian Grand Prix,SQ,canadian-grand-prix_corner_13,PIA,BOR,3.0,-4.7,-16.25,session_best
2026,5,Canadian Grand Prix,SQ,canadian-grand-prix_corner_13,VER,BOR,4.0,20.55,-14.25,session_best
2026,5,Canadian Grand Prix,SQ,canadian-grand-prix_corner_13,ANT,BOR,4.0,-3.45,11.25,session_best
2026,5,Canadian Grand Prix,SQ,canadian-grand-prix_corner_13,HUL,BOR,4.0,11.3,2.0,session_best
2026,5,Canadian Grand Prix,SQ,canadian-grand-prix_corner_13,STR,BOR,4.0,-21.6,12.0,session_best
2026,5,Canadian Grand Prix,SQ,canadian-grand-prix_corner_13,NOR,BOR,4.0,16.2,-2.6,session_best
2026,5,Canadian Grand Prix,SQ,canadian-grand-prix_corner_13,HAM,BOR,4.0,0.6,-2.4,session_best
2026,5,Canadian Grand Prix,SQ,canadian-grand-prix_corner_13,RUS,BOR,4.0,-5.7,22.5,session_best
2026,5,Canadian Grand Prix,SQ,canadian-grand-prix_corner_13,LEC,BOR,5.0,-0.7,-13.75,session_best
2026,5,Canadian Grand Prix,SQ,canadian-grand-prix_corner_13,OCO,BOR,5.0,2.2,3.6,session_best
2026,5,Canadian Grand Prix,SQ,canadian-grand-prix_corner_13,PER,BOR,6.0,-5.0,8.2,session_best
2026,5,Canadian Grand Prix,SQ,canadian-grand-prix_corner_13,SAI,BOR,6.0,10.2,2.0,session_best
2026,5,Canadian Grand Prix,SQ,canadian-grand-prix_corner_13,ALO,BOR,7.0,23.4,6.4,session_best
2026,5,Canadian Grand Prix,SQ,canadian-grand-prix_corner_13,BOT,BOR,7.0,17.2,-9.4,session_best
2026,5,Canadian Grand Prix,SQ,canadian-grand-prix_corner_13,GAS,BOR,9.0,13.0,-4.8,session_best
2026,5,Canadian Grand Prix,SQ,canadian-grand-prix_corner_18,ANT,ANT,0.0,0.0,0.0,session_best
2026,5,Canadian Grand Prix,SQ,canadian-grand-prix_corner_18,LEC,ANT,2.0,-1.5,0.0,session_best
2026,5,Canadian Grand Prix,SQ,canadian-grand-prix_corner_18,NOR,ANT,2.0,7.833,-2.667,session_best
2026,5,Canadian Grand Prix,SQ,canadian-grand-prix_corner_18,PIA,ANT,5.0,6.0,3.0,session_best
2026,5,Canadian Grand Prix,SQ,canadian-grand-prix_corner_18,VER,ANT,5.0,6.167,6.333,session_best
2026,5,Canadian Grand Prix,SQ,canadian-grand-prix_corner_18,RUS,ANT,6.0,1.167,8.0,session_best
2026,5,Canadian Grand Prix,SQ,canadian-grand-prix_corner_18,HAD,ANT,6.0,8.0,7.5,session_best
2026,5,Canadian Grand Prix,SQ,canadian-grand-prix_corner_18,BOR,ANT,7.0,4.0,7.5,session_best
2026,5,Canadian Grand Prix,SQ,canadian-grand-prix_corner_18,HAM,ANT,7.0,2.0,1.0,session_best
2026,5,Canadian Grand Prix,SQ,canadian-grand-prix_corner_18,HUL,ANT,9.0,-0.833,5.333,session_best
2026,5,Canadian Grand Prix,SQ,canadian-grand-prix_corner_18,SAI,ANT,10.0,4.167,6.0,session_best
2026,5,Canadian Grand Prix,SQ,canadian-grand-prix_corner_18,GAS,ANT,10.0,11.5,14.0,session_best
2026,5,Canadian Grand Prix,SQ,canadian-grand-prix_corner_18,COL,ANT,12.0,26.5,4.5,session_best
2026,5,Canadian Grand Prix,SQ,canadian-grand-prix_corner_18,LIN,ANT,14.0,0.0,16.0,session_best
2026,5,Canadian Grand Prix,SQ,canadian-grand-prix_corner_18,STR,ANT,15.0,10.0,10.0,session_best
2026,5,Canadian Grand Prix,SQ,canadian-grand-prix_corner_18,ALO,ANT,16.0,20.167,2.0,session_best
2026,5,Canadian Grand Prix,SQ,canadian-grand-prix_corner_18,OCO,ANT,16.0,9.5,11.333,session_best
2026,5,Canadian Grand Prix,SQ,canadian-grand-prix_corner_18,PER,ANT,17.0,8.0,16.5,session_best
2026,5,Canadian Grand Prix,SQ,canadian-grand-prix_corner_18,BEA,ANT,19.0,6.0,16.0,session_best
2026,5,Canadian Grand Prix,SQ,canadian-grand-prix_corner_18,BOT,ANT,20.0,16.167,4.667,session_best
2026,5,Canadian Grand Prix,SQ,canadian-grand-prix_corner_19,LEC,LEC,0.0,0.0,0.0,session_best
2026,5,Canadian Grand Prix,SQ,canadian-grand-prix_corner_19,ALO,LEC,20.0,20.5,-9.5,session_best
2026,5,Canadian Grand Prix,SQ,canadian-grand-prix_corner_19,COL,LEC,23.0,25.0,-5.5,session_best
2026,5,Canadian Grand Prix,SQ,canadian-grand-prix_corner_19,PIA,LEC,25.0,24.5,-6.0,session_best
2026,5,Canadian Grand Prix,SQ,canadian-grand-prix_corner_19,NOR,LEC,25.0,24.5,-1.5,session_best
2026,5,Canadian Grand Prix,SQ,canadian-grand-prix_corner_19,HUL,LEC,27.0,22.333,0.333,session_best
2026,5,Canadian Grand Prix,SQ,canadian-grand-prix_corner_19,SAI,LEC,30.0,27.0,-3.5,session_best
2026,5,Canadian Grand Prix,SQ,canadian-grand-prix_corner_19,BOT,LEC,32.0,26.333,2.667,session_best
2026,5,Canadian Grand Prix,SQ,canadian-grand-prix_corner_19,ANT,LEC,33.0,33.0,-2.0,session_best
2026,5,Canadian Grand Prix,SQ,canadian-grand-prix_corner_19,OCO,LEC,33.0,37.5,-1.0,session_best
2026,5,Canadian Grand Prix,SQ,canadian-grand-prix_corner_19,HAM,LEC,34.0,35.667,5.333,session_best
2026,5,Canadian Grand Prix,SQ,canadian-grand-prix_corner_19,RUS,LEC,35.0,27.667,-3.667,session_best
2026,5,Canadian Grand Prix,SQ,canadian-grand-prix_corner_19,BOR,LEC,37.0,43.0,3.5,session_best
2026,5,Canadian Grand Prix,SQ,canadian-grand-prix_corner_19,BEA,LEC,37.0,41.0,1.5,session_best
2026,5,Canadian Grand Prix,SQ,canadian-grand-prix_corner_19,HAD,LEC,37.0,42.5,-1.5,session_best
2026,5,Canadian Grand Prix,SQ,canadian-grand-prix_corner_19,LIN,LEC,38.0,39.5,-5.5,session_best
2026,5,Canadian Grand Prix,SQ,canadian-grand-prix_corner_19,VER,LEC,40.0,44.0,-3.5,session_best
2026,5,Canadian Grand Prix,SQ,canadian-grand-prix_corner_19,STR,LEC,40.0,46.0,-1.0,session_best
2026,5,Canadian Grand Prix,SQ,canadian-grand-prix_corner_19,GAS,LEC,42.0,46.5,2.5,session_best
2026,5,Canadian Grand Prix,SQ,canadian-grand-prix_corner_19,PER,LEC,44.0,39.0,0.667,session_best
2026,6,Monaco Grand Prix,Q,monaco-grand-prix_corner_02,SAI,SAI,0.0,0.0,0.0,session_best
2026,6,Monaco Grand Prix,Q,monaco-grand-prix_corner_02,NOR,SAI,1.0,-6.333,4.167,session_best
2026,6,Monaco Grand Prix,Q,monaco-grand-prix_corner_02,VER,SAI,1.0,-4.5,2.0,session_best
2026,6,Monaco Grand Prix,Q,monaco-grand-prix_corner_02,HAD,SAI,2.0,-2.333,5.833,session_best
2026,6,Monaco Grand Prix,Q,monaco-grand-prix_corner_02,ANT,SAI,3.0,-1.5,-2.5,session_best
2026,6,Monaco Grand Prix,Q,monaco-grand-prix_corner_02,LEC,SAI,3.0,-3.0,-3.0,session_best
2026,6,Monaco Grand Prix,Q,monaco-grand-prix_corner_02,BOR,SAI,4.0,-5.5,7.5,session_best
2026,6,Monaco Grand Prix,Q,monaco-grand-prix_corner_02,HAM,SAI,4.0,4.0,5.0,session_best
2026,6,Monaco Grand Prix,Q,monaco-grand-prix_corner_02,PIA,SAI,5.0,1.667,-2.833,session_best
2026,6,Monaco Grand Prix,Q,monaco-grand-prix_corner_02,RUS,SAI,5.0,2.0,2.833,session_best
2026,6,Monaco Grand Prix,Q,monaco-grand-prix_corner_02,GAS,SAI,6.0,3.0,-6.5,session_best
2026,6,Monaco Grand Prix,Q,monaco-grand-prix_corner_02,LAW,SAI,6.0,5.5,-4.5,session_best
2026,6,Monaco Grand Prix,Q,monaco-grand-prix_corner_02,COL,SAI,7.0,1.333,-1.833,session_best
2026,6,Monaco Grand Prix,Q,monaco-grand-prix_corner_02,ALB,SAI,7.0,4.0,1.5,session_best
2026,6,Monaco Grand Prix,Q,monaco-grand-prix_corner_02,ALO,SAI,8.0,-2.0,7.0,session_best
2026,6,Monaco Grand Prix,Q,monaco-grand-prix_corner_02,HUL,SAI,8.0,2.333,4.167,session_best
2026,6,Monaco Grand Prix,Q,monaco-grand-prix_corner_02,PER,SAI,10.0,11.0,-5.5,session_best
2026,6,Monaco Grand Prix,Q,monaco-grand-prix_corner_02,BEA,SAI,10.0,7.0,-2.5,session_best
2026,6,Monaco Grand Prix,Q,monaco-grand-prix_corner_02,OCO,SAI,11.0,1.0,3.0,session_best
2026,6,Monaco Grand Prix,Q,monaco-grand-prix_corner_02,LIN,SAI,11.0,-8.5,6.0,session_best
2026,6,Monaco Grand Prix,Q,monaco-grand-prix_corner_02,STR,SAI,11.0,-2.0,7.167,session_best
2026,6,Monaco Grand Prix,Q,monaco-grand-prix_corner_02,BOT,SAI,12.0,5.333,6.167,session_best
2026,6,Monaco Grand Prix,Q,monaco-grand-prix_corner_06,VER,VER,0.0,0.0,0.0,session_best
2026,6,Monaco Grand Prix,Q,monaco-grand-prix_corner_06,ANT,VER,2.0,11.0,15.5,session_best
2026,6,Monaco Grand Prix,Q,monaco-grand-prix_corner_06,PIA,VER,2.0,16.0,-0.667,session_best
2026,6,Monaco Grand Prix,Q,monaco-grand-prix_corner_06,HAM,VER,3.0,12.0,-1.0,session_best
2026,6,Monaco Grand Prix,Q,monaco-grand-prix_corner_06,LEC,VER,3.0,19.5,5.0,session_best
2026,6,Monaco Grand Prix,Q,monaco-grand-prix_corner_06,HAD,VER,4.0,0.5,11.0,session_best
2026,6,Monaco Grand Prix,Q,monaco-grand-prix_corner_06,SAI,VER,6.0,11.5,7.5,session_best
2026,6,Monaco Grand Prix,Q,monaco-grand-prix_corner_06,RUS,VER,7.0,11.5,-4.0,session_best
2026,6,Monaco Grand Prix,Q,monaco-grand-prix_corner_06,NOR,VER,7.0,17.0,-5.333,session_best
2026,6,Monaco Grand Prix,Q,monaco-grand-prix_corner_06,GAS,VER,7.0,34.0,-4.5,session_best
2026,6,Monaco Grand Prix,Q,monaco-grand-prix_corner_06,ALB,VER,7.0,15.5,4.0,session_best
2026,6,Monaco Grand Prix,Q,monaco-grand-prix_corner_06,PER,VER,8.0,23.0,13.0,session_best
2026,6,Monaco Grand Prix,Q,monaco-grand-prix_corner_06,LAW,VER,8.0,24.0,4.0,session_best
2026,6,Monaco Grand Prix,Q,monaco-grand-prix_corner_06,BEA,VER,8.0,20.5,29.5,session_best
2026,6,Monaco Grand Prix,Q,monaco-grand-prix_corner_06,BOT,VER,9.0,16.5,6.0,session_best
2026,6,Monaco Grand Prix,Q,monaco-grand-prix_corner_06,HUL,VER,9.0,17.667,16.0,session_best
2026,6,Monaco Grand Prix,Q,monaco-grand-prix_corner_06,BOR,VER,11.0,14.5,7.0,session_best
2026,6,Monaco Grand Prix,Q,monaco-grand-prix_corner_06,LIN,VER,12.0,10.667,21.0,session_best
2026,6,Monaco Grand Prix,Q,monaco-grand-prix_corner_06,COL,VER,12.0,17.333,10.0,session_best
2026,6,Monaco Grand Prix,Q,monaco-grand-prix_corner_06,ALO,VER,13.0,13.0,19.0,session_best
2026,6,Monaco Grand Prix,Q,monaco-grand-prix_corner_06,OCO,VER,13.0,11.0,14.0,session_best
2026,6,Monaco Grand Prix,Q,monaco-grand-prix_corner_06,STR,VER,16.0,10.5,22.5,session_best
2026,6,Monaco Grand Prix,Q,monaco-grand-prix_corner_07,NOR,NOR,0.0,0.0,0.0,session_best
2026,6,Monaco Grand Prix,Q,monaco-grand-prix_corner_07,VER,NOR,1.0,-14.333,18.333,session_best
2026,6,Monaco Grand Prix,Q,monaco-grand-prix_corner_07,HAM,NOR,3.0,-19.333,14.0,session_best
2026,6,Monaco Grand Prix,Q,monaco-grand-prix_corner_07,PIA,NOR,4.0,3.75,12.5,session_best
2026,6,Monaco Grand Prix,Q,monaco-grand-prix_corner_07,BEA,NOR,4.0,8.667,15.333,session_best
2026,6,Monaco Grand Prix,Q,monaco-grand-prix_corner_07,ALB,NOR,5.0,-11.667,6.667,session_best
2026,6,Monaco Grand Prix,Q,monaco-grand-prix_corner_07,OCO,NOR,5.0,-0.333,20.667,session_best
2026,6,Monaco Grand Prix,Q,monaco-grand-prix_corner_07,LAW,NOR,5.0,-1.5,2.5,session_best
2026,6,Monaco Grand Prix,Q,monaco-grand-prix_corner_07,LEC,NOR,5.0,-18.5,-10.75,session_best
2026,6,Monaco Grand Prix,Q,monaco-grand-prix_corner_07,ANT,NOR,5.0,-13.5,19.75,session_best
2026,6,Monaco Grand Prix,Q,monaco-grand-prix_corner_07,HAD,NOR,6.0,-23.0,21.667,session_best
2026,6,Monaco Grand Prix,Q,monaco-grand-prix_corner_07,BOT,NOR,6.0,-2.0,8.5,session_best
2026,6,Monaco Grand Prix,Q,monaco-grand-prix_corner_07,BOR,NOR,6.0,4.25,24.75,session_best
2026,6,Monaco Grand Prix,Q,monaco-grand-prix_corner_07,GAS,NOR,6.0,1.667,-6.0,session_best
2026,6,Monaco Grand Prix,Q,monaco-grand-prix_corner_07,LIN,NOR,6.0,-17.333,32.333,session_best
2026,6,Monaco Grand Prix,Q,monaco-grand-prix_corner_07,COL,NOR,7.0,3.0,14.667,session_best
2026,6,Monaco Grand Prix,Q,monaco-grand-prix_corner_07,PER,NOR,8.0,-8.667,1.667,session_best
2026,6,Monaco Grand Prix,Q,monaco-grand-prix_corner_07,HUL,NOR,8.0,-19.333,15.667,session_best
2026,6,Monaco Grand Prix,Q,monaco-grand-prix_corner_07,STR,NOR,9.0,-5.0,19.0,session_best
2026,6,Monaco Grand Prix,Q,monaco-grand-prix_corner_07,RUS,NOR,9.0,-1.0,-5.0,session_best
2026,6,Monaco Grand Prix,Q,monaco-grand-prix_corner_07,SAI,NOR,10.0,-14.333,0.333,session_best
2026,6,Monaco Grand Prix,Q,monaco-grand-prix_corner_07,ALO,NOR,11.0,-6.5,6.75,session_best
2026,6,Monaco Grand Prix,Q,monaco-grand-prix_corner_08,LEC,LEC,0.0,0.0,0.0,session_best
2026,6,Monaco Grand Prix,Q,monaco-grand-prix_corner_08,PER,LEC,2.0,-14.6,6.0,session_best
2026,6,Monaco Grand Prix,Q,monaco-grand-prix_corner_08,GAS,LEC,3.0,-5.4,3.8,session_best
2026,6,Monaco Grand Prix,Q,monaco-grand-prix_corner_08,LAW,LEC,3.0,-13.0,3.8,session_best
2026,6,Monaco Grand Prix,Q,monaco-grand-prix_corner_08,BOT,LEC,4.0,-6.167,8.667,session_best
2026,6,Monaco Grand Prix,Q,monaco-grand-prix_corner_08,HAD,LEC,4.0,-19.0,3.0,session_best
2026,6,Monaco Grand Prix,Q,monaco-grand-prix_corner_08,ALB,LEC,5.0,-7.0,6.667,session_best
2026,6,Monaco Grand Prix,Q,monaco-grand-prix_corner_08,LIN,LEC,5.0,-22.25,5.0,session_best
2026,6,Monaco Grand Prix,Q,monaco-grand-prix_corner_08,RUS,LEC,5.0,-9.4,5.0,session_best
2026,6,Monaco Grand Prix,Q,monaco-grand-prix_corner_08,ALO,LEC,5.0,-20.4,11.0,session_best
2026,6,Monaco Grand Prix,Q,monaco-grand-prix_corner_08,HAM,LEC,5.0,-26.8,2.2,session_best
2026,6,Monaco Grand Prix,Q,monaco-grand-prix_corner_08,VER,LEC,6.0,-26.4,4.2,session_best
2026,6,Monaco Grand Prix,Q,monaco-grand-prix_corner_08,ANT,LEC,6.0,-28.0,3.6,session_best
2026,6,Monaco Grand Prix,Q,monaco-grand-prix_corner_08,BOR,LEC,6.0,16.6,9.4,session_best
2026,6,Monaco Grand Prix,Q,monaco-grand-prix_corner_08,PIA,LEC,6.0,-4.0,3.2,session_best
2026,6,Monaco Grand Prix,Q,monaco-grand-prix_corner_08,NOR,LEC,6.0,-19.8,4.4,session_best
2026,6,Monaco Grand Prix,Q,monaco-grand-prix_corner_08,BEA,LEC,7.0,0.167,8.167,session_best
2026,6,Monaco Grand Prix,Q,monaco-grand-prix_corner_08,SAI,LEC,7.0,-13.0,7.2,session_best
2026,6,Monaco Grand Prix,Q,monaco-grand-prix_corner_08,STR,LEC,7.0,-24.0,11.0,session_best
2026,6,Monaco Grand Prix,Q,monaco-grand-prix_corner_08,COL,LEC,8.0,-11.6,7.8,session_best
2026,6,Monaco Grand Prix,Q,monaco-grand-prix_corner_08,HUL,LEC,8.0,-26.2,4.4,session_best
2026,6,Monaco Grand Prix,Q,monaco-grand-prix_corner_08,OCO,LEC,9.0,-28.333,4.0,session_best
2026,6,Monaco Grand Prix,Q,monaco-grand-prix_corner_09,RUS,RUS,0.0,0.0,0.0,session_best
2026,6,Monaco Grand Prix,Q,monaco-grand-prix_corner_09,LEC,RUS,2.0,-2.333,-6.0,session_best
2026,6,Monaco Grand Prix,Q,monaco-grand-prix_corner_09,HAM,RUS,3.0,-7.333,13.667,session_best
2026,6,Monaco Grand Prix,Q,monaco-grand-prix_corner_09,HUL,RUS,3.0,7.75,10.167,session_best
2026,6,Monaco Grand Prix,Q,monaco-grand-prix_corner_09,VER,RUS,3.0,2.5,17.167,session_best
2026,6,Monaco Grand Prix,Q,monaco-grand-prix_corner_09,PIA,RUS,3.0,-0.333,2.667,session_best
2026,6,Monaco Grand Prix,Q,monaco-grand-prix_corner_09,NOR,RUS,3.0,5.0,19.0,session_best
2026,6,Monaco Grand Prix,Q,monaco-grand-prix_corner_09,ANT,RUS,4.0,-1.0,6.917,session_best
2026,6,Monaco Grand Prix,Q,monaco-grand-prix_corner_09,SAI,RUS,4.0,3.5,5.167,session_best
2026,6,Monaco Grand Prix,Q,monaco-grand-prix_corner_09,GAS,RUS,4.0,3.667,-2.0,session_best
2026,6,Monaco Grand Prix,Q,monaco-grand-prix_corner_09,ALB,RUS,5.0,3.5,0.167,session_best
2026,6,Monaco Grand Prix,Q,monaco-grand-prix_corner_09,HAD,RUS,5.0,8.5,32.167,session_best
2026,6,Monaco Grand Prix,Q,monaco-grand-prix_corner_09,BOT,RUS,6.0,2.333,9.334,session_best
2026,6,Monaco Grand Prix,Q,monaco-grand-prix_corner_09,ALO,RUS,6.0,17.25,18.917,session_best
2026,6,Monaco Grand Prix,Q,monaco-grand-prix_corner_09,LAW,RUS,6.0,4.333,44.667,session_best
2026,6,Monaco Grand Prix,Q,monaco-grand-prix_corner_09,PER,RUS,6.0,8.667,48.0,session_best
2026,6,Monaco Grand Prix,Q,monaco-grand-prix_corner_09,BOR,RUS,7.0,3.25,9.167,session_best
2026,6,Monaco Grand Prix,Q,monaco-grand-prix_corner_09,BEA,RUS,8.0,8.0,6.667,session_best
2026,6,Monaco Grand Prix,Q,monaco-grand-prix_corner_09,OCO,RUS,9.0,15.5,12.667,session_best
2026,6,Monaco Grand Prix,Q,monaco-grand-prix_corner_09,COL,RUS,9.0,18.667,18.667,session_best
2026,6,Monaco Grand Prix,Q,monaco-grand-prix_corner_09,STR,RUS,11.0,6.75,7.667,session_best
2026,6,Monaco Grand Prix,Q,monaco-grand-prix_corner_09,LIN,RUS,12.0,27.333,42.667,session_best
2026,6,Monaco Grand Prix,Q,monaco-grand-prix_corner_13,ANT,ANT,0.0,0.0,0.0,session_best
2026,6,Monaco Grand Prix,Q,monaco-grand-prix_corner_13,HAD,ANT,0.0,-32.583,4.667,session_best
2026,6,Monaco Grand Prix,Q,monaco-grand-prix_corner_13,RUS,ANT,0.0,10.167,-13.833,session_best
2026,6,Monaco Grand Prix,Q,monaco-grand-prix_corner_13,LEC,ANT,1.0,-12.583,-21.333,session_best
2026,6,Monaco Grand Prix,Q,monaco-grand-prix_corner_13,BOT,ANT,1.0,12.917,-5.083,session_best
2026,6,Monaco Grand Prix,Q,monaco-grand-prix_corner_13,BOR,ANT,2.0,-9.833,9.167,session_best
2026,6,Monaco Grand Prix,Q,monaco-grand-prix_corner_13,HUL,ANT,2.0,-9.083,10.167,session_best
2026,6,Monaco Grand Prix,Q,monaco-grand-prix_corner_13,COL,ANT,2.0,-12.833,-0.333,session_best
2026,6,Monaco Grand Prix,Q,monaco-grand-prix_corner_13,SAI,ANT,2.0,-21.583,-9.083,session_best
2026,6,Monaco Grand Prix,Q,monaco-grand-prix_corner_13,GAS,ANT,2.0,-5.333,18.667,session_best
2026,6,Monaco Grand Prix,Q,monaco-grand-prix_corner_13,PIA,ANT,3.0,14.417,-5.583,session_best
2026,6,Monaco Grand Prix,Q,monaco-grand-prix_corner_13,NOR,ANT,3.0,-21.833,-8.833,session_best
2026,6,Monaco Grand Prix,Q,monaco-grand-prix_corner_13,VER,ANT,4.0,-2.333,5.417,session_best
2026,6,Monaco Grand Prix,Q,monaco-grand-prix_corner_13,ALB,ANT,5.0,7.667,-13.583,session_best
2026,6,Monaco Grand Prix,Q,monaco-grand-prix_corner_13,HAM,ANT,5.0,-0.583,-0.333,session_best
2026,6,Monaco Grand Prix,Q,monaco-grand-prix_corner_13,LIN,ANT,5.0,28.667,6.0,session_best
2026,6,Monaco Grand Prix,Q,monaco-grand-prix_corner_13,STR,ANT,7.0,8.167,2.667,session_best
2026,6,Monaco Grand Prix,Q,monaco-grand-prix_corner_13,OCO,ANT,7.0,-23.083,3.167,session_best
2026,6,Monaco Grand Prix,Q,monaco-grand-prix_corner_13,LAW,ANT,8.0,-19.666,-7.0,session_best
2026,6,Monaco Grand Prix,Q,monaco-grand-prix_corner_13,PER,ANT,8.0,-5.083,0.417,session_best
2026,6,Monaco Grand Prix,Q,monaco-grand-prix_corner_13,BEA,ANT,10.0,-1.666,4.667,session_best
2026,6,Monaco Grand Prix,Q,monaco-grand-prix_corner_13,ALO,ANT,11.0,-19.833,5.167,session_best
2026,6,Monaco Grand Prix,Q,monaco-grand-prix_corner_17,VER,VER,0.0,0.0,0.0,session_best
2026,6,Monaco Grand Prix,Q,monaco-grand-prix_corner_17,PIA,VER,0.0,8.334,6.0,session_best
2026,6,Monaco Grand Prix,Q,monaco-grand-prix_corner_17,NOR,VER,0.0,6.667,7.5,session_best
2026,6,Monaco Grand Prix,Q,monaco-grand-prix_corner_17,ANT,VER,2.0,15.167,2.0,session_best
2026,6,Monaco Grand Prix,Q,monaco-grand-prix_corner_17,GAS,VER,3.0,9.167,1.5,session_best
2026,6,Monaco Grand Prix,Q,monaco-grand-prix_corner_17,LAW,VER,3.0,5.334,2.333,session_best
2026,6,Monaco Grand Prix,Q,monaco-grand-prix_corner_17,COL,VER,4.0,3.167,8.0,session_best
2026,6,Monaco Grand Prix,Q,monaco-grand-prix_corner_17,LIN,VER,5.0,1.667,10.667,session_best
2026,6,Monaco Grand Prix,Q,monaco-grand-prix_corner_17,HUL,VER,5.0,9.667,-3.0,session_best
2026,6,Monaco Grand Prix,Q,monaco-grand-prix_corner_17,PER,VER,5.0,17.334,2.0,session_best
2026,6,Monaco Grand Prix,Q,monaco-grand-prix_corner_17,HAM,VER,5.0,-0.333,-6.5,session_best
2026,6,Monaco Grand Prix,Q,monaco-grand-prix_corner_17,LEC,VER,5.0,18.334,2.667,session_best
2026,6,Monaco Grand Prix,Q,monaco-grand-prix_corner_17,HAD,VER,5.0,-3.666,2.667,session_best
2026,6,Monaco Grand Prix,Q,monaco-grand-prix_corner_17,BEA,VER,6.0,12.667,6.0,session_best
2026,6,Monaco Grand Prix,Q,monaco-grand-prix_corner_17,SAI,VER,6.0,7.167,16.0,session_best
2026,6,Monaco Grand Prix,Q,monaco-grand-prix_corner_17,OCO,VER,8.0,10.0,13.667,session_best
2026,6,Monaco Grand Prix,Q,monaco-grand-prix_corner_17,ALO,VER,8.0,10.0,12.333,session_best
2026,6,Monaco Grand Prix,Q,monaco-grand-prix_corner_17,BOT,VER,9.0,17.667,7.5,session_best
2026,6,Monaco Grand Prix,Q,monaco-grand-prix_corner_17,RUS,VER,9.0,10.667,2.667,session_best
2026,6,Monaco Grand Prix,Q,monaco-grand-prix_corner_17,BOR,VER,11.0,24.667,13.667,session_best
2026,6,Monaco Grand Prix,Q,monaco-grand-prix_corner_17,STR,VER,12.0,20.667,4.333,session_best
2026,6,Monaco Grand Prix,Q,monaco-grand-prix_corner_17,ALB,VER,13.0,13.667,16.0,session_best
2026,6,Monaco Grand Prix,Q,monaco-grand-prix_corner_18,BOT,BOT,0.0,0.0,0.0,session_best
2026,6,Monaco Grand Prix,Q,monaco-grand-prix_corner_18,HAD,BOT,0.0,-14.9,-8.4,session_best
2026,6,Monaco Grand Prix,Q,monaco-grand-prix_corner_18,NOR,BOT,0.0,-2.8,-2.0,session_best
2026,6,Monaco Grand Prix,Q,monaco-grand-prix_corner_18,OCO,BOT,0.0,1.4,5.4,session_best
2026,6,Monaco Grand Prix,Q,monaco-grand-prix_corner_18,VER,BOT,0.0,-61.4,-5.15,session_best
2026,6,Monaco Grand Prix,Q,monaco-grand-prix_corner_18,ANT,BOT,1.0,1.0,-5.2,session_best
2026,6,Monaco Grand Prix,Q,monaco-grand-prix_corner_18,RUS,BOT,1.0,-0.2,-0.6,session_best
2026,6,Monaco Grand Prix,Q,monaco-grand-prix_corner_18,PER,BOT,2.0,-6.4,2.4,session_best
2026,6,Monaco Grand Prix,Q,monaco-grand-prix_corner_18,LEC,BOT,2.0,-8.9,-5.4,session_best
2026,6,Monaco Grand Prix,Q,monaco-grand-prix_corner_18,ALO,BOT,2.0,-25.8,-0.8,session_best
2026,6,Monaco Grand Prix,Q,monaco-grand-prix_corner_18,PIA,BOT,2.0,-2.65,-5.4,session_best
2026,6,Monaco Grand Prix,Q,monaco-grand-prix_corner_18,COL,BOT,2.0,-25.15,3.6,session_best
2026,6,Monaco Grand Prix,Q,monaco-grand-prix_corner_18,GAS,BOT,2.0,-3.0,-1.6,session_best
2026,6,Monaco Grand Prix,Q,monaco-grand-prix_corner_18,HAM,BOT,2.0,-19.0,-4.2,session_best
2026,6,Monaco Grand Prix,Q,monaco-grand-prix_corner_18,BOR,BOT,3.0,6.1,2.85,session_best
2026,6,Monaco Grand Prix,Q,monaco-grand-prix_corner_18,BEA,BOT,3.0,-11.6,3.4,session_best
2026,6,Monaco Grand Prix,Q,monaco-grand-prix_corner_18,ALB,BOT,3.0,8.8,-2.0,session_best
2026,6,Monaco Grand Prix,Q,monaco-grand-prix_corner_18,LAW,BOT,3.0,-29.2,-3.4,session_best
2026,6,Monaco Grand Prix,Q,monaco-grand-prix_corner_18,STR,BOT,4.0,-4.8,4.2,session_best
2026,6,Monaco Grand Prix,Q,monaco-grand-prix_corner_18,HUL,BOT,4.0,3.433,0.433,session_best
2026,6,Monaco Grand Prix,Q,monaco-grand-prix_corner_18,LIN,BOT,6.0,-41.9,-6.15,session_best
2026,6,Monaco Grand Prix,Q,monaco-grand-prix_corner_18,SAI,BOT,7.0,1.0,-0.2,session_best
2026,6,Monaco Grand Prix,R,monaco-grand-prix_corner_02,ANT,ANT,0.0,0.0,0.0,session_best
2026,6,Monaco Grand Prix,R,monaco-grand-prix_corner_02,HUL,ANT,0.0,1.0,9.5,session_best
2026,6,Monaco Grand Prix,R,monaco-grand-prix_corner_02,RUS,ANT,0.0,-5.5,10.0,session_best
2026,6,Monaco Grand Prix,R,monaco-grand-prix_corner_02,LEC,ANT,0.0,-5.667,4.333,session_best
2026,6,Monaco Grand Prix,R,monaco-grand-prix_corner_02,PIA,ANT,1.0,0.667,-2.667,session_best
2026,6,Monaco Grand Prix,R,monaco-grand-prix_corner_02,HAM,ANT,2.0,2.0,1.5,session_best
2026,6,Monaco Grand Prix,R,monaco-grand-prix_corner_02,SAI,ANT,2.0,-2.667,14.667,session_best
2026,6,Monaco Grand Prix,R,monaco-grand-prix_corner_02,NOR,ANT,3.0,-3.0,11.0,session_best
2026,6,Monaco Grand Prix,R,monaco-grand-prix_corner_02,GAS,ANT,3.0,0.667,3.667,session_best
2026,6,Monaco Grand Prix,R,monaco-grand-prix_corner_02,OCO,ANT,3.0,3.5,-2.0,session_best
2026,6,Monaco Grand Prix,R,monaco-grand-prix_corner_02,STR,ANT,3.0,-5.333,20.333,session_best
2026,6,Monaco Grand Prix,R,monaco-grand-prix_corner_02,HAD,ANT,4.0,-6.5,5.0,session_best
2026,6,Monaco Grand Prix,R,monaco-grand-prix_corner_02,BOR,ANT,4.0,-8.333,17.0,session_best
2026,6,Monaco Grand Prix,R,monaco-grand-prix_corner_02,ALB,ANT,5.0,1.667,9.333,session_best
2026,6,Monaco Grand Prix,R,monaco-grand-prix_corner_02,BEA,ANT,5.0,-6.333,20.333,session_best
2026,6,Monaco Grand Prix,R,monaco-grand-prix_corner_02,LAW,ANT,6.0,2.5,-1.0,session_best
2026,6,Monaco Grand Prix,R,monaco-grand-prix_corner_02,COL,ANT,6.0,0.0,11.667,session_best
2026,6,Monaco Grand Prix,R,monaco-grand-prix_corner_02,ALO,ANT,7.0,2.667,5.333,session_best
2026,6,Monaco Grand Prix,R,monaco-grand-prix_corner_02,PER,ANT,7.0,6.333,2.0,session_best
2026,6,Monaco Grand Prix,R,monaco-grand-prix_corner_02,LIN,ANT,8.0,3.0,3.667,session_best
2026,6,Monaco Grand Prix,R,monaco-grand-prix_corner_02,BOT,ANT,9.0,3.0,16.667,session_best
2026,6,Monaco Grand Prix,R,monaco-grand-prix_corner_06,ANT,ANT,0.0,0.0,0.0,session_best
2026,6,Monaco Grand Prix,R,monaco-grand-prix_corner_06,GAS,ANT,2.0,0.333,-0.5,session_best
2026,6,Monaco Grand Prix,R,monaco-grand-prix_corner_06,LEC,ANT,6.0,3.333,10.333,session_best
2026,6,Monaco Grand Prix,R,monaco-grand-prix_corner_06,RUS,ANT,6.0,6.833,-6.0,session_best
2026,6,Monaco Grand Prix,R,monaco-grand-prix_corner_06,HAD,ANT,7.0,7.0,3.333,session_best
2026,6,Monaco Grand Prix,R,monaco-grand-prix_corner_06,PIA,ANT,7.0,9.333,-7.0,session_best
2026,6,Monaco Grand Prix,R,monaco-grand-prix_corner_06,HAM,ANT,8.0,14.0,-7.667,session_best
2026,6,Monaco Grand Prix,R,monaco-grand-prix_corner_06,LIN,ANT,9.0,4.666,13.333,session_best
2026,6,Monaco Grand Prix,R,monaco-grand-prix_corner_06,LAW,ANT,11.0,6.833,-2.5,session_best
2026,6,Monaco Grand Prix,R,monaco-grand-prix_corner_06,COL,ANT,11.0,19.333,0.667,session_best
2026,6,Monaco Grand Prix,R,monaco-grand-prix_corner_06,NOR,ANT,12.0,1.333,44.0,session_best
2026,6,Monaco Grand Prix,R,monaco-grand-prix_corner_06,PER,ANT,12.0,17.0,1.667,session_best
2026,6,Monaco Grand Prix,R,monaco-grand-prix_corner_06,ALB,ANT,13.0,16.666,4.667,session_best
2026,6,Monaco Grand Prix,R,monaco-grand-prix_corner_06,BOR,ANT,13.0,7.0,8.667,session_best
2026,6,Monaco Grand Prix,R,monaco-grand-prix_corner_06,BEA,ANT,13.0,14.0,13.0,session_best
2026,6,Monaco Grand Prix,R,monaco-grand-prix_corner_06,ALO,ANT,13.0,16.333,-5.5,session_best
2026,6,Monaco Grand Prix,R,monaco-grand-prix_corner_06,HUL,ANT,13.0,8.333,7.0,session_best
2026,6,Monaco Grand Prix,R,monaco-grand-prix_corner_06,OCO,ANT,13.0,10.833,1.5,session_best
2026,6,Monaco Grand Prix,R,monaco-grand-prix_corner_06,SAI,ANT,14.0,20.0,-1.0,session_best
2026,6,Monaco Grand Prix,R,monaco-grand-prix_corner_06,BOT,ANT,16.0,12.666,18.333,session_best
2026,6,Monaco Grand Prix,R,monaco-grand-prix_corner_06,STR,ANT,16.0,19.833,14.5,session_best
2026,6,Monaco Grand Prix,R,monaco-grand-prix_corner_07,ANT,ANT,0.0,0.0,0.0,session_best
2026,6,Monaco Grand Prix,R,monaco-grand-prix_corner_07,HAM,ANT,4.0,16.0,7.5,session_best
2026,6,Monaco Grand Prix,R,monaco-grand-prix_corner_07,LEC,ANT,4.0,5.75,0.0,session_best
2026,6,Monaco Grand Prix,R,monaco-grand-prix_corner_07,LIN,ANT,5.0,7.25,24.75,session_best
2026,6,Monaco Grand Prix,R,monaco-grand-prix_corner_07,SAI,ANT,5.0,12.417,9.667,session_best
2026,6,Monaco Grand Prix,R,monaco-grand-prix_corner_07,HUL,ANT,6.0,7.083,12.0,session_best
2026,6,Monaco Grand Prix,R,monaco-grand-prix_corner_07,OCO,ANT,6.0,25.083,1.333,session_best
2026,6,Monaco Grand Prix,R,monaco-grand-prix_corner_07,BOT,ANT,6.0,43.75,5.75,session_best
2026,6,Monaco Grand Prix,R,monaco-grand-prix_corner_07,HAD,ANT,6.0,11.417,14.333,session_best
2026,6,Monaco Grand Prix,R,monaco-grand-prix_corner_07,PER,ANT,7.0,13.75,15.333,session_best
2026,6,Monaco Grand Prix,R,monaco-grand-prix_corner_07,BOR,ANT,7.0,11.5,19.25,session_best
2026,6,Monaco Grand Prix,R,monaco-grand-prix_corner_07,BEA,ANT,7.0,3.75,16.0,session_best
2026,6,Monaco Grand Prix,R,monaco-grand-prix_corner_07,ALB,ANT,7.0,24.5,15.0,session_best
2026,6,Monaco Grand Prix,R,monaco-grand-prix_corner_07,GAS,ANT,7.0,3.75,21.75,session_best
2026,6,Monaco Grand Prix,R,monaco-grand-prix_corner_07,LAW,ANT,7.0,10.0,21.5,session_best
2026,6,Monaco Grand Prix,R,monaco-grand-prix_corner_07,NOR,ANT,7.0,13.0,27.5,session_best
2026,6,Monaco Grand Prix,R,monaco-grand-prix_corner_07,COL,ANT,8.0,5.417,3.333,session_best
2026,6,Monaco Grand Prix,R,monaco-grand-prix_corner_07,RUS,ANT,8.0,5.25,26.0,session_best
2026,6,Monaco Grand Prix,R,monaco-grand-prix_corner_07,PIA,ANT,10.0,20.5,8.5,session_best
2026,6,Monaco Grand Prix,R,monaco-grand-prix_corner_07,ALO,ANT,11.0,8.0,4.0,session_best
2026,6,Monaco Grand Prix,R,monaco-grand-prix_corner_07,STR,ANT,14.0,11.75,18.0,session_best
2026,6,Monaco Grand Prix,R,monaco-grand-prix_corner_08,ANT,ANT,0.0,0.0,0.0,session_best
2026,6,Monaco Grand Prix,R,monaco-grand-prix_corner_08,LAW,ANT,0.0,-5.433,8.033,session_best
2026,6,Monaco Grand Prix,R,monaco-grand-prix_corner_08,LIN,ANT,1.0,-11.0,8.0,session_best
2026,6,Monaco Grand Prix,R,monaco-grand-prix_corner_08,GAS,ANT,1.0,-10.6,6.4,session_best
2026,6,Monaco Grand Prix,R,monaco-grand-prix_corner_08,HAM,ANT,1.0,0.567,5.033,session_best
2026,6,Monaco Grand Prix,R,monaco-grand-prix_corner_08,PER,ANT,2.0,-5.0,7.0,session_best
2026,6,Monaco Grand Prix,R,monaco-grand-prix_corner_08,LEC,ANT,2.0,-3.767,5.533,session_best
2026,6,Monaco Grand Prix,R,monaco-grand-prix_corner_08,BEA,ANT,2.0,0.733,11.533,session_best
2026,6,Monaco Grand Prix,R,monaco-grand-prix_corner_08,ALB,ANT,3.0,-7.4,6.4,session_best
2026,6,Monaco Grand Prix,R,monaco-grand-prix_corner_08,RUS,ANT,3.0,-4.433,6.033,session_best
2026,6,Monaco Grand Prix,R,monaco-grand-prix_corner_08,ALO,ANT,3.0,5.2,8.0,session_best
2026,6,Monaco Grand Prix,R,monaco-grand-prix_corner_08,COL,ANT,3.0,10.733,8.033,session_best
2026,6,Monaco Grand Prix,R,monaco-grand-prix_corner_08,HAD,ANT,3.0,-17.2,4.4,session_best
2026,6,Monaco Grand Prix,R,monaco-grand-prix_corner_08,PIA,ANT,4.0,7.233,5.867,session_best
2026,6,Monaco Grand Prix,R,monaco-grand-prix_corner_08,BOT,ANT,4.0,4.567,8.867,session_best
2026,6,Monaco Grand Prix,R,monaco-grand-prix_corner_08,HUL,ANT,4.0,-5.8,8.8,session_best
2026,6,Monaco Grand Prix,R,monaco-grand-prix_corner_08,OCO,ANT,4.0,9.567,7.2,session_best
2026,6,Monaco Grand Prix,R,monaco-grand-prix_corner_08,SAI,ANT,5.0,8.233,11.533,session_best
2026,6,Monaco Grand Prix,R,monaco-grand-prix_corner_08,BOR,ANT,6.0,-2.6,9.8,session_best
2026,6,Monaco Grand Prix,R,monaco-grand-prix_corner_08,NOR,ANT,7.0,0.2,2.4,session_best
2026,6,Monaco Grand Prix,R,monaco-grand-prix_corner_08,STR,ANT,21.0,2.733,9.533,session_best
2026,6,Monaco Grand Prix,R,monaco-grand-prix_corner_09,RUS,RUS,0.0,0.0,0.0,session_best
2026,6,Monaco Grand Prix,R,monaco-grand-prix_corner_09,HAM,RUS,1.0,-15.75,-10.667,session_best
2026,6,Monaco Grand Prix,R,monaco-grand-prix_corner_09,ANT,RUS,2.0,-8.0,-29.0,session_best
2026,6,Monaco Grand Prix,R,monaco-grand-prix_corner_09,BEA,RUS,2.0,3.667,7.333,session_best
2026,6,Monaco Grand Prix,R,monaco-grand-prix_corner_09,HUL,RUS,3.0,-11.0,4.833,session_best
2026,6,Monaco Grand Prix,R,monaco-grand-prix_corner_09,LAW,RUS,3.0,-8.667,7.666,session_best
2026,6,Monaco Grand Prix,R,monaco-grand-prix_corner_09,LEC,RUS,3.0,1.0,-6.0,session_best
2026,6,Monaco Grand Prix,R,monaco-grand-prix_corner_09,ALO,RUS,4.0,4.25,-0.167,session_best
2026,6,Monaco Grand Prix,R,monaco-grand-prix_corner_09,BOR,RUS,4.0,-2.25,9.083,session_best
2026,6,Monaco Grand Prix,R,monaco-grand-prix_corner_09,PIA,RUS,4.0,-9.667,-9.334,session_best
2026,6,Monaco Grand Prix,R,monaco-grand-prix_corner_09,HAD,RUS,4.0,-17.667,-0.667,session_best
2026,6,Monaco Grand Prix,R,monaco-grand-prix_corner_09,STR,RUS,4.0,-7.75,-2.417,session_best
2026,6,Monaco Grand Prix,R,monaco-grand-prix_corner_09,OCO,RUS,5.0,-11.333,-9.0,session_best
2026,6,Monaco Grand Prix,R,monaco-grand-prix_corner_09,COL,RUS,5.0,-15.25,7.833,session_best
2026,6,Monaco Grand Prix,R,monaco-grand-prix_corner_09,GAS,RUS,5.0,11.333,5.333,session_best
2026,6,Monaco Grand Prix,R,monaco-grand-prix_corner_09,PER,RUS,5.0,-7.5,6.333,session_best
2026,6,Monaco Grand Prix,R,monaco-grand-prix_corner_09,ALB,RUS,6.0,-6.0,-18.0,session_best
2026,6,Monaco Grand Prix,R,monaco-grand-prix_corner_09,BOT,RUS,6.0,7.333,-5.667,session_best
2026,6,Monaco Grand Prix,R,monaco-grand-prix_corner_09,SAI,RUS,6.0,-6.0,16.083,session_best
2026,6,Monaco Grand Prix,R,monaco-grand-prix_corner_09,LIN,RUS,8.0,1.0,-8.0,session_best
2026,6,Monaco Grand Prix,R,monaco-grand-prix_corner_09,NOR,RUS,8.0,11.5,19.333,session_best
2026,6,Monaco Grand Prix,R,monaco-grand-prix_corner_13,COL,COL,0.0,0.0,0.0,session_best
2026,6,Monaco Grand Prix,R,monaco-grand-prix_corner_13,GAS,COL,1.0,-9.5,12.0,session_best
2026,6,Monaco Grand Prix,R,monaco-grand-prix_corner_13,HAD,COL,3.0,-11.583,1.667,session_best
2026,6,Monaco Grand Prix,R,monaco-grand-prix_corner_13,HUL,COL,3.0,-7.25,2.0,session_best
2026,6,Monaco Grand Prix,R,monaco-grand-prix_corner_13,ALB,COL,3.0,14.083,-27.667,session_best
2026,6,Monaco Grand Prix,R,monaco-grand-prix_corner_13,BOT,COL,4.0,28.55,8.4,session_best
2026,6,Monaco Grand Prix,R,monaco-grand-prix_corner_13,HAM,COL,4.0,-21.0,-0.75,session_best
2026,6,Monaco Grand Prix,R,monaco-grand-prix_corner_13,PIA,COL,4.0,0.0,-9.25,session_best
2026,6,Monaco Grand Prix,R,monaco-grand-prix_corner_13,ANT,COL,4.0,-4.25,-9.5,session_best
2026,6,Monaco Grand Prix,R,monaco-grand-prix_corner_13,SAI,COL,5.0,4.0,-13.5,session_best
2026,6,Monaco Grand Prix,R,monaco-grand-prix_corner_13,BOR,COL,5.0,-15.0,-3.5,session_best
2026,6,Monaco Grand Prix,R,monaco-grand-prix_corner_13,ALO,COL,5.0,17.0,-1.75,session_best
2026,6,Monaco Grand Prix,R,monaco-grand-prix_corner_13,LIN,COL,5.0,-11.5,13.0,session_best
2026,6,Monaco Grand Prix,R,monaco-grand-prix_corner_13,PER,COL,5.0,2.5,0.75,session_best
2026,6,Monaco Grand Prix,R,monaco-grand-prix_corner_13,NOR,COL,5.0,-22.0,16.75,session_best
2026,6,Monaco Grand Prix,R,monaco-grand-prix_corner_13,LEC,COL,6.0,-15.5,-4.75,session_best
2026,6,Monaco Grand Prix,R,monaco-grand-prix_corner_13,BEA,COL,7.0,-3.5,11.75,session_best
2026,6,Monaco Grand Prix,R,monaco-grand-prix_corner_13,RUS,COL,7.0,-3.75,-3.75,session_best
2026,6,Monaco Grand Prix,R,monaco-grand-prix_corner_13,LAW,COL,8.0,-22.5,2.0,session_best
2026,6,Monaco Grand Prix,R,monaco-grand-prix_corner_13,OCO,COL,9.0,-1.25,-19.0,session_best
2026,6,Monaco Grand Prix,R,monaco-grand-prix_corner_13,STR,COL,10.0,-7.0,-7.0,session_best
2026,6,Monaco Grand Prix,R,monaco-grand-prix_corner_17,ANT,ANT,0.0,0.0,0.0,session_best
2026,6,Monaco Grand Prix,R,monaco-grand-prix_corner_17,GAS,ANT,2.0,-5.0,-5.0,session_best
2026,6,Monaco Grand Prix,R,monaco-grand-prix_corner_17,HAD,ANT,5.0,1.5,-1.0,session_best
2026,6,Monaco Grand Prix,R,monaco-grand-prix_corner_17,HAM,ANT,5.0,1.5,-5.0,session_best
2026,6,Monaco Grand Prix,R,monaco-grand-prix_corner_17,HUL,ANT,6.0,3.167,-2.0,session_best
2026,6,Monaco Grand Prix,R,monaco-grand-prix_corner_17,LEC,ANT,7.0,2.0,-5.0,session_best
2026,6,Monaco Grand Prix,R,monaco-grand-prix_corner_17,LIN,ANT,7.0,-0.833,0.0,session_best
2026,6,Monaco Grand Prix,R,monaco-grand-prix_corner_17,BOR,ANT,7.0,7.833,3.0,session_best
2026,6,Monaco Grand Prix,R,monaco-grand-prix_corner_17,ALB,ANT,7.0,6.167,0.0,session_best
2026,6,Monaco Grand Prix,R,monaco-grand-prix_corner_17,NOR,ANT,8.0,4.5,-0.5,session_best
2026,6,Monaco Grand Prix,R,monaco-grand-prix_corner_17,ALO,ANT,9.0,12.5,9.0,session_best
2026,6,Monaco Grand Prix,R,monaco-grand-prix_corner_17,OCO,ANT,9.0,7.5,2.5,session_best
2026,6,Monaco Grand Prix,R,monaco-grand-prix_corner_17,LAW,ANT,9.0,-3.833,-3.333,session_best
2026,6,Monaco Grand Prix,R,monaco-grand-prix_corner_17,BEA,ANT,10.0,7.167,3.667,session_best
2026,6,Monaco Grand Prix,R,monaco-grand-prix_corner_17,PIA,ANT,10.0,2.167,-8.0,session_best
2026,6,Monaco Grand Prix,R,monaco-grand-prix_corner_17,SAI,ANT,10.0,9.5,7.0,session_best
2026,6,Monaco Grand Prix,R,monaco-grand-prix_corner_17,COL,ANT,11.0,-5.0,-8.0,session_best
2026,6,Monaco Grand Prix,R,monaco-grand-prix_corner_17,PER,ANT,11.0,4.167,-1.0,session_best
2026,6,Monaco Grand Prix,R,monaco-grand-prix_corner_17,RUS,ANT,13.0,0.5,-9.0,session_best
2026,6,Monaco Grand Prix,R,monaco-grand-prix_corner_17,STR,ANT,20.0,16.167,14.333,session_best
2026,6,Monaco Grand Prix,R,monaco-grand-prix_corner_17,BOT,ANT,23.0,24.5,10.667,session_best
2026,6,Monaco Grand Prix,R,monaco-grand-prix_corner_18,ANT,ANT,0.0,0.0,0.0,session_best
2026,6,Monaco Grand Prix,R,monaco-grand-prix_corner_18,LAW,ANT,0.0,-32.5,-0.75,session_best
2026,6,Monaco Grand Prix,R,monaco-grand-prix_corner_18,BOT,ANT,0.0,17.9,3.95,session_best
2026,6,Monaco Grand Prix,R,monaco-grand-prix_corner_18,OCO,ANT,1.0,-0.25,2.75,session_best
2026,6,Monaco Grand Prix,R,monaco-grand-prix_corner_18,HAM,ANT,1.0,13.7,0.15,session_best
2026,6,Monaco Grand Prix,R,monaco-grand-prix_corner_18,PER,ANT,2.0,8.3,7.35,session_best
2026,6,Monaco Grand Prix,R,monaco-grand-prix_corner_18,STR,ANT,2.0,30.3,2.15,session_best
2026,6,Monaco Grand Prix,R,monaco-grand-prix_corner_18,COL,ANT,2.0,7.7,2.75,session_best
2026,6,Monaco Grand Prix,R,monaco-grand-prix_corner_18,ALO,ANT,2.0,35.7,-2.05,session_best
2026,6,Monaco Grand Prix,R,monaco-grand-prix_corner_18,LEC,ANT,3.0,-14.5,-1.0,session_best
2026,6,Monaco Grand Prix,R,monaco-grand-prix_corner_18,BOR,ANT,3.0,-1.5,5.55,session_best
2026,6,Monaco Grand Prix,R,monaco-grand-prix_corner_18,ALB,ANT,3.0,24.3,1.95,session_best
2026,6,Monaco Grand Prix,R,monaco-grand-prix_corner_18,HUL,ANT,3.0,11.9,1.95,session_best
2026,6,Monaco Grand Prix,R,monaco-grand-prix_corner_18,BEA,ANT,4.0,-10.1,-2.05,session_best
2026,6,Monaco Grand Prix,R,monaco-grand-prix_corner_18,GAS,ANT,4.0,25.25,4.0,session_best
2026,6,Monaco Grand Prix,R,monaco-grand-prix_corner_18,RUS,ANT,4.0,-9.0,5.25,session_best
2026,6,Monaco Grand Prix,R,monaco-grand-prix_corner_18,NOR,ANT,4.0,-16.1,-2.25,session_best
2026,6,Monaco Grand Prix,R,monaco-grand-prix_corner_18,HAD,ANT,5.0,-28.75,2.0,session_best
2026,6,Monaco Grand Prix,R,monaco-grand-prix_corner_18,LIN,ANT,5.0,-38.25,-5.0,session_best
2026,6,Monaco Grand Prix,R,monaco-grand-prix_corner_18,PIA,ANT,5.0,-6.1,5.95,session_best
2026,6,Monaco Grand Prix,R,monaco-grand-prix_corner_18,SAI,ANT,6.0,25.1,2.55,session_best
2026,7,Barcelona Grand Prix,Q,barcelona-grand-prix_corner_04,LEC,LEC,0.0,0.0,0.0,session_best
2026,7,Barcelona Grand Prix,Q,barcelona-grand-prix_corner_04,HAM,LEC,0.0,-11.666,7.667,session_best
2026,7,Barcelona Grand Prix,Q,barcelona-grand-prix_corner_04,RUS,LEC,2.0,12.0,1.667,session_best
2026,7,Barcelona Grand Prix,Q,barcelona-grand-prix_corner_04,HUL,LEC,2.0,-1.666,8.0,session_best
2026,7,Barcelona Grand Prix,Q,barcelona-grand-prix_corner_04,ANT,LEC,3.0,7.0,1.333,session_best
2026,7,Barcelona Grand Prix,Q,barcelona-grand-prix_corner_04,VER,LEC,4.0,62.667,-1.0,session_best
2026,7,Barcelona Grand Prix,Q,barcelona-grand-prix_corner_04,PIA,LEC,6.0,-0.666,3.333,session_best
2026,7,Barcelona Grand Prix,Q,barcelona-grand-prix_corner_04,NOR,LEC,7.0,29.417,0.75,session_best
2026,7,Barcelona Grand Prix,Q,barcelona-grand-prix_corner_04,LAW,LEC,8.0,25.0,-0.333,session_best
2026,7,Barcelona Grand Prix,Q,barcelona-grand-prix_corner_04,HAD,LEC,8.0,-3.333,9.667,session_best
2026,7,Barcelona Grand Prix,Q,barcelona-grand-prix_corner_04,BOR,LEC,9.0,-10.333,6.667,session_best
2026,7,Barcelona Grand Prix,Q,barcelona-grand-prix_corner_04,COL,LEC,9.0,31.667,3.333,session_best
2026,7,Barcelona Grand Prix,Q,barcelona-grand-prix_corner_04,PER,LEC,10.0,32.334,8.333,session_best
2026,7,Barcelona Grand Prix,Q,barcelona-grand-prix_corner_04,BEA,LEC,10.0,11.334,4.0,session_best
2026,7,Barcelona Grand Prix,Q,barcelona-grand-prix_corner_04,LIN,LEC,10.0,1.667,7.333,session_best
2026,7,Barcelona Grand Prix,Q,barcelona-grand-prix_corner_04,SAI,LEC,12.0,-4.333,6.0,session_best
2026,7,Barcelona Grand Prix,Q,barcelona-grand-prix_corner_04,BOT,LEC,13.0,42.0,13.0,session_best
2026,7,Barcelona Grand Prix,Q,barcelona-grand-prix_corner_04,OCO,LEC,13.0,9.917,14.0,session_best
2026,7,Barcelona Grand Prix,Q,barcelona-grand-prix_corner_04,ALB,LEC,16.0,35.667,9.0,session_best
2026,7,Barcelona Grand Prix,Q,barcelona-grand-prix_corner_04,ALO,LEC,16.0,17.334,11.333,session_best
2026,7,Barcelona Grand Prix,Q,barcelona-grand-prix_corner_04,GAS,LEC,16.0,-14.666,11.333,session_best
2026,7,Barcelona Grand Prix,Q,barcelona-grand-prix_corner_04,STR,LEC,18.0,20.334,10.333,session_best
2026,7,Barcelona Grand Prix,Q,barcelona-grand-prix_corner_08,HAM,HAM,0.0,0.0,0.0,session_best
2026,7,Barcelona Grand Prix,Q,barcelona-grand-prix_corner_08,NOR,HAM,3.0,18.0,0.667,session_best
2026,7,Barcelona Grand Prix,Q,barcelona-grand-prix_corner_08,PIA,HAM,3.0,17.0,-3.333,session_best
2026,7,Barcelona Grand Prix,Q,barcelona-grand-prix_corner_08,VER,HAM,4.0,14.667,-5.833,session_best
2026,7,Barcelona Grand Prix,Q,barcelona-grand-prix_corner_08,ANT,HAM,4.0,14.667,1.667,session_best
2026,7,Barcelona Grand Prix,Q,barcelona-grand-prix_corner_08,RUS,HAM,5.0,15.667,-3.666,session_best
2026,7,Barcelona Grand Prix,Q,barcelona-grand-prix_corner_08,LEC,HAM,7.0,24.667,0.667,session_best
2026,7,Barcelona Grand Prix,Q,barcelona-grand-prix_corner_08,HUL,HAM,7.0,18.334,4.0,session_best
2026,7,Barcelona Grand Prix,Q,barcelona-grand-prix_corner_08,BEA,HAM,10.0,4.0,1.334,session_best
2026,7,Barcelona Grand Prix,Q,barcelona-grand-prix_corner_08,LAW,HAM,10.0,23.0,-6.666,session_best
2026,7,Barcelona Grand Prix,Q,barcelona-grand-prix_corner_08,HAD,HAM,11.0,-4.666,-3.666,session_best
2026,7,Barcelona Grand Prix,Q,barcelona-grand-prix_corner_08,COL,HAM,12.0,8.334,8.667,session_best
2026,7,Barcelona Grand Prix,Q,barcelona-grand-prix_corner_08,BOR,HAM,12.0,21.667,2.167,session_best
2026,7,Barcelona Grand Prix,Q,barcelona-grand-prix_corner_08,LIN,HAM,13.0,1.417,5.417,session_best
2026,7,Barcelona Grand Prix,Q,barcelona-grand-prix_corner_08,BOT,HAM,15.0,25.0,4.334,session_best
2026,7,Barcelona Grand Prix,Q,barcelona-grand-prix_corner_08,GAS,HAM,15.0,0.0,7.334,session_best
2026,7,Barcelona Grand Prix,Q,barcelona-grand-prix_corner_08,SAI,HAM,16.0,14.667,4.0,session_best
2026,7,Barcelona Grand Prix,Q,barcelona-grand-prix_corner_08,PER,HAM,16.0,3.667,5.334,session_best
2026,7,Barcelona Grand Prix,Q,barcelona-grand-prix_corner_08,OCO,HAM,17.0,9.167,8.417,session_best
2026,7,Barcelona Grand Prix,Q,barcelona-grand-prix_corner_08,ALB,HAM,18.0,14.334,11.334,session_best
2026,7,Barcelona Grand Prix,Q,barcelona-grand-prix_corner_08,STR,HAM,18.0,26.0,9.334,session_best
2026,7,Barcelona Grand Prix,Q,barcelona-grand-prix_corner_08,ALO,HAM,19.0,29.334,4.334,session_best
2026,7,Barcelona Grand Prix,Q,barcelona-grand-prix_corner_09,GAS,GAS,0.0,0.0,0.0,session_best
2026,7,Barcelona Grand Prix,Q,barcelona-grand-prix_corner_09,HAM,GAS,7.0,-7.666,-7.333,session_best
2026,7,Barcelona Grand Prix,Q,barcelona-grand-prix_corner_09,NOR,GAS,7.0,-2.0,6.667,session_best
2026,7,Barcelona Grand Prix,Q,barcelona-grand-prix_corner_09,LEC,GAS,8.0,-3.0,3.0,session_best
2026,7,Barcelona Grand Prix,Q,barcelona-grand-prix_corner_09,ANT,GAS,10.0,-10.833,7.75,session_best
2026,7,Barcelona Grand Prix,Q,barcelona-grand-prix_corner_09,RUS,GAS,10.0,-14.666,8.0,session_best
2026,7,Barcelona Grand Prix,Q,barcelona-grand-prix_corner_09,OCO,GAS,10.0,-1.333,4.0,session_best
2026,7,Barcelona Grand Prix,Q,barcelona-grand-prix_corner_09,PER,GAS,10.0,-2.083,6.25,session_best
2026,7,Barcelona Grand Prix,Q,barcelona-grand-prix_corner_09,COL,GAS,11.0,-5.0,11.333,session_best
2026,7,Barcelona Grand Prix,Q,barcelona-grand-prix_corner_09,PIA,GAS,12.0,-7.0,10.667,session_best
2026,7,Barcelona Grand Prix,Q,barcelona-grand-prix_corner_09,LIN,GAS,13.0,-8.333,10.0,session_best
2026,7,Barcelona Grand Prix,Q,barcelona-grand-prix_corner_09,HAD,GAS,14.0,-13.333,11.333,session_best
2026,7,Barcelona Grand Prix,Q,barcelona-grand-prix_corner_09,ALB,GAS,15.0,-3.083,10.25,session_best
2026,7,Barcelona Grand Prix,Q,barcelona-grand-prix_corner_09,BOR,GAS,15.0,-1.0,11.667,session_best
2026,7,Barcelona Grand Prix,Q,barcelona-grand-prix_corner_09,LAW,GAS,15.0,-16.0,12.333,session_best
2026,7,Barcelona Grand Prix,Q,barcelona-grand-prix_corner_09,HUL,GAS,17.0,-2.666,13.0,session_best
2026,7,Barcelona Grand Prix,Q,barcelona-grand-prix_corner_09,ALO,GAS,17.0,4.334,16.333,session_best
2026,7,Barcelona Grand Prix,Q,barcelona-grand-prix_corner_09,BEA,GAS,17.0,-4.0,17.0,session_best
2026,7,Barcelona Grand Prix,Q,barcelona-grand-prix_corner_09,STR,GAS,17.0,3.667,15.5,session_best
2026,7,Barcelona Grand Prix,Q,barcelona-grand-prix_corner_09,SAI,GAS,18.0,-5.333,16.667,session_best
2026,7,Barcelona Grand Prix,Q,barcelona-grand-prix_corner_09,VER,GAS,18.0,-13.333,18.0,session_best
2026,7,Barcelona Grand Prix,Q,barcelona-grand-prix_corner_09,BOT,GAS,24.0,-5.583,23.75,session_best
2026,7,Barcelona Grand Prix,Q,barcelona-grand-prix_corner_10,LEC,LEC,0.0,0.0,0.0,session_best
2026,7,Barcelona Grand Prix,Q,barcelona-grand-prix_corner_10,NOR,LEC,2.0,2.167,-1.333,session_best
2026,7,Barcelona Grand Prix,Q,barcelona-grand-prix_corner_10,RUS,LEC,2.0,-0.666,-5.666,session_best
2026,7,Barcelona Grand Prix,Q,barcelona-grand-prix_corner_10,ANT,LEC,3.0,3.667,-1.333,session_best
2026,7,Barcelona Grand Prix,Q,barcelona-grand-prix_corner_10,GAS,LEC,4.0,-0.333,3.334,session_best
2026,7,Barcelona Grand Prix,Q,barcelona-grand-prix_corner_10,HAM,LEC,4.0,3.334,-1.333,session_best
2026,7,Barcelona Grand Prix,Q,barcelona-grand-prix_corner_10,LAW,LEC,5.0,2.334,-8.333,session_best
2026,7,Barcelona Grand Prix,Q,barcelona-grand-prix_corner_10,HAD,LEC,5.0,3.0,-5.0,session_best
2026,7,Barcelona Grand Prix,Q,barcelona-grand-prix_corner_10,BEA,LEC,6.0,2.417,9.417,session_best
2026,7,Barcelona Grand Prix,Q,barcelona-grand-prix_corner_10,LIN,LEC,6.0,7.0,-4.666,session_best
2026,7,Barcelona Grand Prix,Q,barcelona-grand-prix_corner_10,SAI,LEC,7.0,4.0,-5.666,session_best
2026,7,Barcelona Grand Prix,Q,barcelona-grand-prix_corner_10,PIA,LEC,7.0,5.167,-7.083,session_best
2026,7,Barcelona Grand Prix,Q,barcelona-grand-prix_corner_10,BOT,LEC,7.0,2.167,-3.833,session_best
2026,7,Barcelona Grand Prix,Q,barcelona-grand-prix_corner_10,ALO,LEC,8.0,5.667,2.334,session_best
2026,7,Barcelona Grand Prix,Q,barcelona-grand-prix_corner_10,STR,LEC,8.0,6.667,11.167,session_best
2026,7,Barcelona Grand Prix,Q,barcelona-grand-prix_corner_10,COL,LEC,8.0,9.167,-2.833,session_best
2026,7,Barcelona Grand Prix,Q,barcelona-grand-prix_corner_10,HUL,LEC,9.0,4.334,0.334,session_best
2026,7,Barcelona Grand Prix,Q,barcelona-grand-prix_corner_10,PER,LEC,9.0,8.167,1.917,session_best
2026,7,Barcelona Grand Prix,Q,barcelona-grand-prix_corner_10,OCO,LEC,10.0,9.0,9.334,session_best
2026,7,Barcelona Grand Prix,Q,barcelona-grand-prix_corner_10,BOR,LEC,10.0,10.0,-1.0,session_best
2026,7,Barcelona Grand Prix,Q,barcelona-grand-prix_corner_10,VER,LEC,10.0,8.0,-5.666,session_best
2026,7,Barcelona Grand Prix,Q,barcelona-grand-prix_corner_10,ALB,LEC,12.0,11.417,-1.333,session_best
2026,7,Barcelona Grand Prix,Q,barcelona-grand-prix_corner_11,HAM,HAM,0.0,0.0,0.0,session_best
2026,7,Barcelona Grand Prix,Q,barcelona-grand-prix_corner_11,NOR,HAM,1.0,-3.0,1.167,session_best
2026,7,Barcelona Grand Prix,Q,barcelona-grand-prix_corner_11,RUS,HAM,1.0,-9.0,-4.0,session_best
2026,7,Barcelona Grand Prix,Q,barcelona-grand-prix_corner_11,LEC,HAM,3.0,-2.0,3.167,session_best
2026,7,Barcelona Grand Prix,Q,barcelona-grand-prix_corner_11,ANT,HAM,3.0,-2.5,-0.333,session_best
2026,7,Barcelona Grand Prix,Q,barcelona-grand-prix_corner_11,PIA,HAM,4.0,-8.0,-1.0,session_best
2026,7,Barcelona Grand Prix,Q,barcelona-grand-prix_corner_11,LIN,HAM,5.0,-6.667,3.334,session_best
2026,7,Barcelona Grand Prix,Q,barcelona-grand-prix_corner_11,VER,HAM,6.0,-12.0,0.667,session_best
2026,7,Barcelona Grand Prix,Q,barcelona-grand-prix_corner_11,HUL,HAM,6.0,-3.0,5.334,session_best
2026,7,Barcelona Grand Prix,Q,barcelona-grand-prix_corner_11,HAD,HAM,6.0,-6.5,4.167,session_best
2026,7,Barcelona Grand Prix,Q,barcelona-grand-prix_corner_11,LAW,HAM,7.0,-9.667,6.0,session_best
2026,7,Barcelona Grand Prix,Q,barcelona-grand-prix_corner_11,BOR,HAM,8.0,-7.667,5.334,session_best
2026,7,Barcelona Grand Prix,Q,barcelona-grand-prix_corner_11,GAS,HAM,8.0,-6.0,9.167,session_best
2026,7,Barcelona Grand Prix,Q,barcelona-grand-prix_corner_11,COL,HAM,9.0,-3.667,9.0,session_best
2026,7,Barcelona Grand Prix,Q,barcelona-grand-prix_corner_11,STR,HAM,9.0,7.0,9.334,session_best
2026,7,Barcelona Grand Prix,Q,barcelona-grand-prix_corner_11,OCO,HAM,10.0,3.0,9.0,session_best
2026,7,Barcelona Grand Prix,Q,barcelona-grand-prix_corner_11,BEA,HAM,11.0,-0.333,11.334,session_best
2026,7,Barcelona Grand Prix,Q,barcelona-grand-prix_corner_11,PER,HAM,12.0,-4.333,13.334,session_best
2026,7,Barcelona Grand Prix,Q,barcelona-grand-prix_corner_11,ALB,HAM,13.0,-4.0,12.667,session_best
2026,7,Barcelona Grand Prix,Q,barcelona-grand-prix_corner_11,ALO,HAM,13.0,4.0,13.0,session_best
2026,7,Barcelona Grand Prix,Q,barcelona-grand-prix_corner_11,SAI,HAM,13.0,-5.0,12.667,session_best
2026,7,Barcelona Grand Prix,Q,barcelona-grand-prix_corner_11,BOT,HAM,16.0,-5.0,13.0,session_best
2026,7,Barcelona Grand Prix,Q,barcelona-grand-prix_corner_15,ALB,ALB,0.0,0.0,0.0,session_best
2026,7,Barcelona Grand Prix,Q,barcelona-grand-prix_corner_15,COL,ALB,0.0,1.0,-2.5,session_best
2026,7,Barcelona Grand Prix,Q,barcelona-grand-prix_corner_15,GAS,ALB,5.0,0.333,3.167,session_best
2026,7,Barcelona Grand Prix,Q,barcelona-grand-prix_corner_15,RUS,ALB,7.0,10.333,6.167,session_best
2026,7,Barcelona Grand Prix,Q,barcelona-grand-prix_corner_15,LEC,ALB,8.0,1.667,6.833,session_best
2026,7,Barcelona Grand Prix,Q,barcelona-grand-prix_corner_15,SAI,ALB,8.0,-1.0,8.5,session_best
2026,7,Barcelona Grand Prix,Q,barcelona-grand-prix_corner_15,STR,ALB,9.0,13.5,10.5,session_best
2026,7,Barcelona Grand Prix,Q,barcelona-grand-prix_corner_15,OCO,ALB,9.0,2.667,7.5,session_best
2026,7,Barcelona Grand Prix,Q,barcelona-grand-prix_corner_15,VER,ALB,9.0,1.75,9.25,session_best
2026,7,Barcelona Grand Prix,Q,barcelona-grand-prix_corner_15,HUL,ALB,10.0,0.667,8.833,session_best
2026,7,Barcelona Grand Prix,Q,barcelona-grand-prix_corner_15,LIN,ALB,10.0,4.0,9.167,session_best
2026,7,Barcelona Grand Prix,Q,barcelona-grand-prix_corner_15,NOR,ALB,10.0,5.667,11.167,session_best
2026,7,Barcelona Grand Prix,Q,barcelona-grand-prix_corner_15,BEA,ALB,11.0,4.667,8.833,session_best
2026,7,Barcelona Grand Prix,Q,barcelona-grand-prix_corner_15,HAM,ALB,11.0,2.0,12.167,session_best
2026,7,Barcelona Grand Prix,Q,barcelona-grand-prix_corner_15,PIA,ALB,11.0,6.667,9.167,session_best
2026,7,Barcelona Grand Prix,Q,barcelona-grand-prix_corner_15,ANT,ALB,12.0,4.75,13.25,session_best
2026,7,Barcelona Grand Prix,Q,barcelona-grand-prix_corner_15,BOR,ALB,13.0,1.0,8.0,session_best
2026,7,Barcelona Grand Prix,Q,barcelona-grand-prix_corner_15,HAD,ALB,14.0,2.333,13.5,session_best
2026,7,Barcelona Grand Prix,Q,barcelona-grand-prix_corner_15,PER,ALB,14.0,-9.333,15.167,session_best
2026,7,Barcelona Grand Prix,Q,barcelona-grand-prix_corner_15,ALO,ALB,15.0,7.0,15.833,session_best
2026,7,Barcelona Grand Prix,Q,barcelona-grand-prix_corner_15,LAW,ALB,15.0,11.0,15.167,session_best
2026,7,Barcelona Grand Prix,Q,barcelona-grand-prix_corner_15,BOT,ALB,19.0,9.667,17.5,session_best
2026,7,Barcelona Grand Prix,Q,barcelona-grand-prix_corner_16,RUS,RUS,0.0,0.0,0.0,session_best
2026,7,Barcelona Grand Prix,Q,barcelona-grand-prix_corner_16,BOR,RUS,5.0,4.667,9.333,session_best
2026,7,Barcelona Grand Prix,Q,barcelona-grand-prix_corner_16,VER,RUS,5.0,8.667,-6.167,session_best
2026,7,Barcelona Grand Prix,Q,barcelona-grand-prix_corner_16,BEA,RUS,5.0,10.334,-36.0,session_best
2026,7,Barcelona Grand Prix,Q,barcelona-grand-prix_corner_16,ANT,RUS,7.0,10.334,-11.334,session_best
2026,7,Barcelona Grand Prix,Q,barcelona-grand-prix_corner_16,HAD,RUS,7.0,5.667,-16.667,session_best
2026,7,Barcelona Grand Prix,Q,barcelona-grand-prix_corner_16,PIA,RUS,7.0,5.667,0.333,session_best
2026,7,Barcelona Grand Prix,Q,barcelona-grand-prix_corner_16,NOR,RUS,8.0,11.167,-16.667,session_best
2026,7,Barcelona Grand Prix,Q,barcelona-grand-prix_corner_16,LAW,RUS,8.0,8.667,-3.167,session_best
2026,7,Barcelona Grand Prix,Q,barcelona-grand-prix_corner_16,BOT,RUS,9.0,4.167,8.583,session_best
2026,7,Barcelona Grand Prix,Q,barcelona-grand-prix_corner_16,LIN,RUS,10.0,14.0,-7.334,session_best
2026,7,Barcelona Grand Prix,Q,barcelona-grand-prix_corner_16,HAM,RUS,10.0,11.167,-18.917,session_best
2026,7,Barcelona Grand Prix,Q,barcelona-grand-prix_corner_16,HUL,RUS,10.0,16.167,-11.417,session_best
2026,7,Barcelona Grand Prix,Q,barcelona-grand-prix_corner_16,SAI,RUS,12.0,18.417,-21.167,session_best
2026,7,Barcelona Grand Prix,Q,barcelona-grand-prix_corner_16,LEC,RUS,12.0,15.667,-10.667,session_best
2026,7,Barcelona Grand Prix,Q,barcelona-grand-prix_corner_16,PER,RUS,12.0,9.167,-0.417,session_best
2026,7,Barcelona Grand Prix,Q,barcelona-grand-prix_corner_16,COL,RUS,15.0,22.167,-38.167,session_best
2026,7,Barcelona Grand Prix,Q,barcelona-grand-prix_corner_16,ALO,RUS,17.0,19.667,-3.0,session_best
2026,7,Barcelona Grand Prix,Q,barcelona-grand-prix_corner_16,STR,RUS,17.0,26.334,-11.0,session_best
2026,7,Barcelona Grand Prix,Q,barcelona-grand-prix_corner_16,GAS,RUS,17.0,23.917,-31.417,session_best
2026,7,Barcelona Grand Prix,Q,barcelona-grand-prix_corner_16,OCO,RUS,19.0,26.917,-25.167,session_best
2026,7,Barcelona Grand Prix,Q,barcelona-grand-prix_corner_16,ALB,RUS,22.0,28.917,-31.417,session_best
2026,7,Barcelona Grand Prix,Q,barcelona-grand-prix_corner_17,ANT,ANT,0.0,0.0,0.0,session_best
2026,7,Barcelona Grand Prix,Q,barcelona-grand-prix_corner_17,LEC,ANT,1.0,-2.083,4.333,session_best
2026,7,Barcelona Grand Prix,Q,barcelona-grand-prix_corner_17,LAW,ANT,2.0,0.667,-8.0,session_best
2026,7,Barcelona Grand Prix,Q,barcelona-grand-prix_corner_17,BEA,ANT,2.0,1.334,-0.334,session_best
2026,7,Barcelona Grand Prix,Q,barcelona-grand-prix_corner_17,GAS,ANT,3.0,-7.333,16.666,session_best
2026,7,Barcelona Grand Prix,Q,barcelona-grand-prix_corner_17,HAM,ANT,4.0,3.417,3.333,session_best
2026,7,Barcelona Grand Prix,Q,barcelona-grand-prix_corner_17,HUL,ANT,4.0,0.0,11.333,session_best
2026,7,Barcelona Grand Prix,Q,barcelona-grand-prix_corner_17,SAI,ANT,4.0,2.417,14.333,session_best
2026,7,Barcelona Grand Prix,Q,barcelona-grand-prix_corner_17,RUS,ANT,4.0,2.417,-1.667,session_best
2026,7,Barcelona Grand Prix,Q,barcelona-grand-prix_corner_17,BOT,ANT,5.0,5.0,-8.667,session_best
2026,7,Barcelona Grand Prix,Q,barcelona-grand-prix_corner_17,NOR,ANT,5.0,3.917,2.333,session_best
2026,7,Barcelona Grand Prix,Q,barcelona-grand-prix_corner_17,HAD,ANT,5.0,3.667,-0.167,session_best
2026,7,Barcelona Grand Prix,Q,barcelona-grand-prix_corner_17,COL,ANT,5.0,-17.333,22.333,session_best
2026,7,Barcelona Grand Prix,Q,barcelona-grand-prix_corner_17,ALB,ANT,7.0,-13.0,14.666,session_best
2026,7,Barcelona Grand Prix,Q,barcelona-grand-prix_corner_17,LIN,ANT,7.0,6.167,10.333,session_best
2026,7,Barcelona Grand Prix,Q,barcelona-grand-prix_corner_17,PIA,ANT,7.0,6.917,3.833,session_best
2026,7,Barcelona Grand Prix,Q,barcelona-grand-prix_corner_17,PER,ANT,8.0,2.667,7.666,session_best
2026,7,Barcelona Grand Prix,Q,barcelona-grand-prix_corner_17,OCO,ANT,9.0,-9.583,12.333,session_best
2026,7,Barcelona Grand Prix,Q,barcelona-grand-prix_corner_17,VER,ANT,9.0,4.0,5.333,session_best
2026,7,Barcelona Grand Prix,Q,barcelona-grand-prix_corner_17,BOR,ANT,10.0,11.334,-7.667,session_best
2026,7,Barcelona Grand Prix,Q,barcelona-grand-prix_corner_17,ALO,ANT,11.0,1.667,5.666,session_best
2026,7,Barcelona Grand Prix,Q,barcelona-grand-prix_corner_17,STR,ANT,11.0,8.0,16.666,session_best
2026,7,Barcelona Grand Prix,R,barcelona-grand-prix_corner_04,HAM,HAM,0.0,0.0,0.0,session_best
2026,7,Barcelona Grand Prix,R,barcelona-grand-prix_corner_04,ANT,HAM,6.0,40.333,8.0,session_best
2026,7,Barcelona Grand Prix,R,barcelona-grand-prix_corner_04,LEC,HAM,7.0,8.333,7.334,session_best
2026,7,Barcelona Grand Prix,R,barcelona-grand-prix_corner_04,VER,HAM,7.0,41.083,4.667,session_best
2026,7,Barcelona Grand Prix,R,barcelona-grand-prix_corner_04,RUS,HAM,8.0,56.333,0.417,session_best
2026,7,Barcelona Grand Prix,R,barcelona-grand-prix_corner_04,OCO,HAM,9.0,19.0,11.0,session_best
2026,7,Barcelona Grand Prix,R,barcelona-grand-prix_corner_04,PIA,HAM,11.0,24.333,7.0,session_best
2026,7,Barcelona Grand Prix,R,barcelona-grand-prix_corner_04,GAS,HAM,12.0,29.333,13.417,session_best
2026,7,Barcelona Grand Prix,R,barcelona-grand-prix_corner_04,PER,HAM,13.0,35.333,15.334,session_best
2026,7,Barcelona Grand Prix,R,barcelona-grand-prix_corner_04,COL,HAM,13.0,37.0,2.667,session_best
2026,7,Barcelona Grand Prix,R,barcelona-grand-prix_corner_04,BEA,HAM,13.0,25.083,9.167,session_best
2026,7,Barcelona Grand Prix,R,barcelona-grand-prix_corner_04,NOR,HAM,13.0,19.666,19.667,session_best
2026,7,Barcelona Grand Prix,R,barcelona-grand-prix_corner_04,LAW,HAM,14.0,53.833,11.417,session_best
2026,7,Barcelona Grand Prix,R,barcelona-grand-prix_corner_04,ALB,HAM,14.0,18.0,13.667,session_best
2026,7,Barcelona Grand Prix,R,barcelona-grand-prix_corner_04,HAD,HAM,14.0,0.333,7.667,session_best
2026,7,Barcelona Grand Prix,R,barcelona-grand-prix_corner_04,ALO,HAM,15.0,29.583,8.667,session_best
2026,7,Barcelona Grand Prix,R,barcelona-grand-prix_corner_04,STR,HAM,17.0,53.0,9.0,session_best
2026,7,Barcelona Grand Prix,R,barcelona-grand-prix_corner_04,BOR,HAM,17.0,35.833,11.167,session_best
2026,7,Barcelona Grand Prix,R,barcelona-grand-prix_corner_04,BOT,HAM,19.0,42.0,16.334,session_best
2026,7,Barcelona Grand Prix,R,barcelona-grand-prix_corner_04,LIN,HAM,19.0,-2.0,25.334,session_best
2026,7,Barcelona Grand Prix,R,barcelona-grand-prix_corner_04,SAI,HAM,20.0,36.083,4.417,session_best
2026,7,Barcelona Grand Prix,R,barcelona-grand-prix_corner_04,HUL,HAM,21.0,48.583,19.417,session_best
2026,7,Barcelona Grand Prix,R,barcelona-grand-prix_corner_08,HAM,HAM,0.0,0.0,0.0,session_best
2026,7,Barcelona Grand Prix,R,barcelona-grand-prix_corner_08,VER,HAM,1.0,11.5,-0.583,session_best
2026,7,Barcelona Grand Prix,R,barcelona-grand-prix_corner_08,ANT,HAM,3.0,13.75,-1.583,session_best
2026,7,Barcelona Grand Prix,R,barcelona-grand-prix_corner_08,RUS,HAM,4.0,9.0,-5.083,session_best
2026,7,Barcelona Grand Prix,R,barcelona-grand-prix_corner_08,PIA,HAM,5.0,6.0,7.167,session_best
2026,7,Barcelona Grand Prix,R,barcelona-grand-prix_corner_08,HAD,HAM,6.0,5.5,-0.583,session_best
2026,7,Barcelona Grand Prix,R,barcelona-grand-prix_corner_08,NOR,HAM,7.0,16.0,-3.333,session_best
2026,7,Barcelona Grand Prix,R,barcelona-grand-prix_corner_08,BOR,HAM,8.0,-1.5,7.417,session_best
2026,7,Barcelona Grand Prix,R,barcelona-grand-prix_corner_08,LEC,HAM,8.0,8.667,3.667,session_best
2026,7,Barcelona Grand Prix,R,barcelona-grand-prix_corner_08,GAS,HAM,10.0,8.5,14.917,session_best
2026,7,Barcelona Grand Prix,R,barcelona-grand-prix_corner_08,ALB,HAM,11.0,26.0,7.0,session_best
2026,7,Barcelona Grand Prix,R,barcelona-grand-prix_corner_08,PER,HAM,12.0,18.25,4.917,session_best
2026,7,Barcelona Grand Prix,R,barcelona-grand-prix_corner_08,BEA,HAM,13.0,16.25,11.417,session_best
2026,7,Barcelona Grand Prix,R,barcelona-grand-prix_corner_08,LAW,HAM,13.0,17.25,8.167,session_best
2026,7,Barcelona Grand Prix,R,barcelona-grand-prix_corner_08,HUL,HAM,13.0,20.667,5.0,session_best
2026,7,Barcelona Grand Prix,R,barcelona-grand-prix_corner_08,LIN,HAM,15.0,-3.667,16.667,session_best
2026,7,Barcelona Grand Prix,R,barcelona-grand-prix_corner_08,OCO,HAM,15.0,6.5,14.417,session_best
2026,7,Barcelona Grand Prix,R,barcelona-grand-prix_corner_08,COL,HAM,16.0,23.5,11.417,session_best
2026,7,Barcelona Grand Prix,R,barcelona-grand-prix_corner_08,SAI,HAM,18.0,23.25,3.917,session_best
2026,7,Barcelona Grand Prix,R,barcelona-grand-prix_corner_08,ALO,HAM,18.0,29.25,9.417,session_best
2026,7,Barcelona Grand Prix,R,barcelona-grand-prix_corner_08,STR,HAM,18.0,33.75,10.917,session_best
2026,7,Barcelona Grand Prix,R,barcelona-grand-prix_corner_08,BOT,HAM,19.0,36.0,7.417,session_best
2026,7,Barcelona Grand Prix,R,barcelona-grand-prix_corner_09,HAM,HAM,0.0,0.0,0.0,session_best
2026,7,Barcelona Grand Prix,R,barcelona-grand-prix_corner_09,LIN,HAM,1.0,14.167,-5.5,session_best
2026,7,Barcelona Grand Prix,R,barcelona-grand-prix_corner_09,VER,HAM,1.0,-5.833,1.0,session_best
2026,7,Barcelona Grand Prix,R,barcelona-grand-prix_corner_09,HAD,HAM,4.0,-4.333,2.667,session_best
2026,7,Barcelona Grand Prix,R,barcelona-grand-prix_corner_09,ALB,HAM,4.0,3.334,7.333,session_best
2026,7,Barcelona Grand Prix,R,barcelona-grand-prix_corner_09,BEA,HAM,4.0,3.334,6.333,session_best
2026,7,Barcelona Grand Prix,R,barcelona-grand-prix_corner_09,GAS,HAM,4.0,10.667,5.333,session_best
2026,7,Barcelona Grand Prix,R,barcelona-grand-prix_corner_09,RUS,HAM,5.0,-8.666,7.333,session_best
2026,7,Barcelona Grand Prix,R,barcelona-grand-prix_corner_09,PER,HAM,7.0,-0.666,8.333,session_best
2026,7,Barcelona Grand Prix,R,barcelona-grand-prix_corner_09,BOR,HAM,7.0,3.334,6.333,session_best
2026,7,Barcelona Grand Prix,R,barcelona-grand-prix_corner_09,LEC,HAM,8.0,-5.0,11.333,session_best
2026,7,Barcelona Grand Prix,R,barcelona-grand-prix_corner_09,HUL,HAM,9.0,5.667,9.667,session_best
2026,7,Barcelona Grand Prix,R,barcelona-grand-prix_corner_09,NOR,HAM,9.0,-0.666,11.667,session_best
2026,7,Barcelona Grand Prix,R,barcelona-grand-prix_corner_09,PIA,HAM,10.0,-1.0,1.333,session_best
2026,7,Barcelona Grand Prix,R,barcelona-grand-prix_corner_09,ANT,HAM,12.0,-3.333,14.667,session_best
2026,7,Barcelona Grand Prix,R,barcelona-grand-prix_corner_09,LAW,HAM,12.0,6.0,11.667,session_best
2026,7,Barcelona Grand Prix,R,barcelona-grand-prix_corner_09,COL,HAM,13.0,0.917,15.0,session_best
2026,7,Barcelona Grand Prix,R,barcelona-grand-prix_corner_09,BOT,HAM,14.0,3.0,19.333,session_best
2026,7,Barcelona Grand Prix,R,barcelona-grand-prix_corner_09,SAI,HAM,14.0,-9.666,16.333,session_best
2026,7,Barcelona Grand Prix,R,barcelona-grand-prix_corner_09,ALO,HAM,15.0,5.917,15.75,session_best
2026,7,Barcelona Grand Prix,R,barcelona-grand-prix_corner_09,OCO,HAM,15.0,2.667,18.0,session_best
2026,7,Barcelona Grand Prix,R,barcelona-grand-prix_corner_09,STR,HAM,17.0,8.0,18.0,session_best
2026,7,Barcelona Grand Prix,R,barcelona-grand-prix_corner_10,HAM,HAM,0.0,0.0,0.0,session_best
2026,7,Barcelona Grand Prix,R,barcelona-grand-prix_corner_10,ALB,HAM,4.0,5.0,3.667,session_best
2026,7,Barcelona Grand Prix,R,barcelona-grand-prix_corner_10,NOR,HAM,4.0,3.333,-3.0,session_best
2026,7,Barcelona Grand Prix,R,barcelona-grand-prix_corner_10,SAI,HAM,4.0,3.0,4.334,session_best
2026,7,Barcelona Grand Prix,R,barcelona-grand-prix_corner_10,HAD,HAM,4.0,1.333,12.0,session_best
2026,7,Barcelona Grand Prix,R,barcelona-grand-prix_corner_10,BEA,HAM,4.0,4.25,1.167,session_best
2026,7,Barcelona Grand Prix,R,barcelona-grand-prix_corner_10,RUS,HAM,5.0,4.25,11.167,session_best
2026,7,Barcelona Grand Prix,R,barcelona-grand-prix_corner_10,VER,HAM,6.0,3.333,9.667,session_best
2026,7,Barcelona Grand Prix,R,barcelona-grand-prix_corner_10,GAS,HAM,6.0,5.75,3.417,session_best
2026,7,Barcelona Grand Prix,R,barcelona-grand-prix_corner_10,LIN,HAM,6.0,6.333,4.0,session_best
2026,7,Barcelona Grand Prix,R,barcelona-grand-prix_corner_10,PER,HAM,7.0,4.333,-3.333,session_best
2026,7,Barcelona Grand Prix,R,barcelona-grand-prix_corner_10,PIA,HAM,7.0,8.5,-3.833,session_best
2026,7,Barcelona Grand Prix,R,barcelona-grand-prix_corner_10,LEC,HAM,8.0,7.75,1.667,session_best
2026,7,Barcelona Grand Prix,R,barcelona-grand-prix_corner_10,BOR,HAM,8.0,8.333,8.334,session_best
2026,7,Barcelona Grand Prix,R,barcelona-grand-prix_corner_10,ALO,HAM,9.0,9.333,24.0,session_best
2026,7,Barcelona Grand Prix,R,barcelona-grand-prix_corner_10,LAW,HAM,9.0,6.5,3.417,session_best
2026,7,Barcelona Grand Prix,R,barcelona-grand-prix_corner_10,ANT,HAM,11.0,11.5,-1.083,session_best
2026,7,Barcelona Grand Prix,R,barcelona-grand-prix_corner_10,BOT,HAM,12.0,10.0,4.0,session_best
2026,7,Barcelona Grand Prix,R,barcelona-grand-prix_corner_10,HUL,HAM,12.0,12.5,9.167,session_best
2026,7,Barcelona Grand Prix,R,barcelona-grand-prix_corner_10,COL,HAM,12.0,11.0,-2.083,session_best
2026,7,Barcelona Grand Prix,R,barcelona-grand-prix_corner_10,OCO,HAM,12.0,9.25,-2.833,session_best
2026,7,Barcelona Grand Prix,R,barcelona-grand-prix_corner_10,STR,HAM,13.0,8.667,11.667,session_best
2026,7,Barcelona Grand Prix,R,barcelona-grand-prix_corner_11,VER,VER,0.0,0.0,0.0,session_best
2026,7,Barcelona Grand Prix,R,barcelona-grand-prix_corner_11,HAM,VER,4.0,-4.833,3.833,session_best
2026,7,Barcelona Grand Prix,R,barcelona-grand-prix_corner_11,HAD,VER,9.0,-12.5,10.0,session_best
2026,7,Barcelona Grand Prix,R,barcelona-grand-prix_corner_11,LEC,VER,9.0,-6.0,10.5,session_best
2026,7,Barcelona Grand Prix,R,barcelona-grand-prix_corner_11,RUS,VER,9.0,-4.5,9.167,session_best
2026,7,Barcelona Grand Prix,R,barcelona-grand-prix_corner_11,LIN,VER,11.0,-7.5,11.167,session_best
2026,7,Barcelona Grand Prix,R,barcelona-grand-prix_corner_11,BEA,VER,12.0,-9.167,13.167,session_best
2026,7,Barcelona Grand Prix,R,barcelona-grand-prix_corner_11,ALB,VER,12.0,-8.833,13.167,session_best
2026,7,Barcelona Grand Prix,R,barcelona-grand-prix_corner_11,GAS,VER,12.0,-9.5,12.833,session_best
2026,7,Barcelona Grand Prix,R,barcelona-grand-prix_corner_11,PIA,VER,12.0,-6.5,10.5,session_best
2026,7,Barcelona Grand Prix,R,barcelona-grand-prix_corner_11,NOR,VER,13.0,-7.167,10.5,session_best
2026,7,Barcelona Grand Prix,R,barcelona-grand-prix_corner_11,ANT,VER,13.0,-4.5,10.167,session_best
2026,7,Barcelona Grand Prix,R,barcelona-grand-prix_corner_11,COL,VER,14.0,-9.5,12.167,session_best
2026,7,Barcelona Grand Prix,R,barcelona-grand-prix_corner_11,PER,VER,14.0,-9.5,15.167,session_best
2026,7,Barcelona Grand Prix,R,barcelona-grand-prix_corner_11,STR,VER,15.0,10.167,12.833,session_best
2026,7,Barcelona Grand Prix,R,barcelona-grand-prix_corner_11,OCO,VER,15.0,-10.5,13.833,session_best
2026,7,Barcelona Grand Prix,R,barcelona-grand-prix_corner_11,ALO,VER,15.0,9.0,16.5,session_best
2026,7,Barcelona Grand Prix,R,barcelona-grand-prix_corner_11,BOR,VER,17.0,-11.167,14.5,session_best
2026,7,Barcelona Grand Prix,R,barcelona-grand-prix_corner_11,LAW,VER,17.0,-10.167,17.833,session_best
2026,7,Barcelona Grand Prix,R,barcelona-grand-prix_corner_11,HUL,VER,19.0,-5.25,20.25,session_best
2026,7,Barcelona Grand Prix,R,barcelona-grand-prix_corner_11,SAI,VER,19.0,-10.25,19.5,session_best
2026,7,Barcelona Grand Prix,R,barcelona-grand-prix_corner_11,BOT,VER,25.0,2.5,20.5,session_best
2026,7,Barcelona Grand Prix,R,barcelona-grand-prix_corner_15,ALB,ALB,0.0,0.0,0.0,session_best
2026,7,Barcelona Grand Prix,R,barcelona-grand-prix_corner_15,HAM,ALB,3.0,-6.666,4.667,session_best
2026,7,Barcelona Grand Prix,R,barcelona-grand-prix_corner_15,ALO,ALB,5.0,10.0,8.0,session_best
2026,7,Barcelona Grand Prix,R,barcelona-grand-prix_corner_15,COL,ALB,6.0,1.667,8.667,session_best
2026,7,Barcelona Grand Prix,R,barcelona-grand-prix_corner_15,VER,ALB,6.0,-7.666,9.334,session_best
2026,7,Barcelona Grand Prix,R,barcelona-grand-prix_corner_15,ANT,ALB,7.0,-10.666,11.667,session_best
2026,7,Barcelona Grand Prix,R,barcelona-grand-prix_corner_15,BEA,ALB,8.0,-13.0,12.667,session_best
2026,7,Barcelona Grand Prix,R,barcelona-grand-prix_corner_15,STR,ALB,9.0,10.667,6.667,session_best
2026,7,Barcelona Grand Prix,R,barcelona-grand-prix_corner_15,NOR,ALB,9.0,-2.333,9.334,session_best
2026,7,Barcelona Grand Prix,R,barcelona-grand-prix_corner_15,HUL,ALB,9.0,3.667,11.167,session_best
2026,7,Barcelona Grand Prix,R,barcelona-grand-prix_corner_15,GAS,ALB,10.0,-2.666,13.667,session_best
2026,7,Barcelona Grand Prix,R,barcelona-grand-prix_corner_15,BOR,ALB,10.0,-0.083,12.167,session_best
2026,7,Barcelona Grand Prix,R,barcelona-grand-prix_corner_15,RUS,ALB,11.0,-20.0,10.0,session_best
2026,7,Barcelona Grand Prix,R,barcelona-grand-prix_corner_15,LEC,ALB,11.0,-13.0,13.0,session_best
2026,7,Barcelona Grand Prix,R,barcelona-grand-prix_corner_15,LAW,ALB,12.0,-0.333,13.334,session_best
2026,7,Barcelona Grand Prix,R,barcelona-grand-prix_corner_15,PER,ALB,12.0,6.334,17.0,session_best
2026,7,Barcelona Grand Prix,R,barcelona-grand-prix_corner_15,PIA,ALB,12.0,2.334,15.667,session_best
2026,7,Barcelona Grand Prix,R,barcelona-grand-prix_corner_15,SAI,ALB,13.0,8.667,16.167,session_best
2026,7,Barcelona Grand Prix,R,barcelona-grand-prix_corner_15,LIN,ALB,13.0,-2.333,15.667,session_best
2026,7,Barcelona Grand Prix,R,barcelona-grand-prix_corner_15,HAD,ALB,17.0,-2.0,17.667,session_best
2026,7,Barcelona Grand Prix,R,barcelona-grand-prix_corner_15,OCO,ALB,18.0,-6.833,22.667,session_best
2026,7,Barcelona Grand Prix,R,barcelona-grand-prix_corner_15,BOT,ALB,22.0,30.167,23.167,session_best
2026,7,Barcelona Grand Prix,R,barcelona-grand-prix_corner_16,BOT,BOT,0.0,0.0,0.0,session_best
2026,7,Barcelona Grand Prix,R,barcelona-grand-prix_corner_16,ANT,BOT,1.0,6.917,-34.75,session_best
2026,7,Barcelona Grand Prix,R,barcelona-grand-prix_corner_16,NOR,BOT,1.0,1.25,-22.25,session_best
2026,7,Barcelona Grand Prix,R,barcelona-grand-prix_corner_16,SAI,BOT,1.0,4.75,-22.5,session_best
2026,7,Barcelona Grand Prix,R,barcelona-grand-prix_corner_16,BEA,BOT,2.0,9.0,-19.5,session_best
2026,7,Barcelona Grand Prix,R,barcelona-grand-prix_corner_16,VER,BOT,2.0,6.5,-41.75,session_best
2026,7,Barcelona Grand Prix,R,barcelona-grand-prix_corner_16,PER,BOT,4.0,6.583,-17.417,session_best
2026,7,Barcelona Grand Prix,R,barcelona-grand-prix_corner_16,HUL,BOT,6.0,11.25,-21.25,session_best
2026,7,Barcelona Grand Prix,R,barcelona-grand-prix_corner_16,OCO,BOT,6.0,3.0,-18.25,session_best
2026,7,Barcelona Grand Prix,R,barcelona-grand-prix_corner_16,BOR,BOT,7.0,11.25,-27.75,session_best
2026,7,Barcelona Grand Prix,R,barcelona-grand-prix_corner_16,RUS,BOT,7.0,9.75,-28.25,session_best
2026,7,Barcelona Grand Prix,R,barcelona-grand-prix_corner_16,HAM,BOT,8.0,12.5,-35.5,session_best
2026,7,Barcelona Grand Prix,R,barcelona-grand-prix_corner_16,HAD,BOT,8.0,10.917,-28.417,session_best
2026,7,Barcelona Grand Prix,R,barcelona-grand-prix_corner_16,GAS,BOT,8.0,14.25,-24.0,session_best
2026,7,Barcelona Grand Prix,R,barcelona-grand-prix_corner_16,ALB,BOT,9.0,14.0,-32.75,session_best
2026,7,Barcelona Grand Prix,R,barcelona-grand-prix_corner_16,LIN,BOT,10.0,14.5,-23.0,session_best
2026,7,Barcelona Grand Prix,R,barcelona-grand-prix_corner_16,LEC,BOT,10.0,17.75,-31.5,session_best
2026,7,Barcelona Grand Prix,R,barcelona-grand-prix_corner_16,COL,BOT,10.0,17.5,-58.25,session_best
2026,7,Barcelona Grand Prix,R,barcelona-grand-prix_corner_16,LAW,BOT,11.0,16.75,-22.75,session_best
2026,7,Barcelona Grand Prix,R,barcelona-grand-prix_corner_16,ALO,BOT,12.0,18.25,-34.75,session_best
2026,7,Barcelona Grand Prix,R,barcelona-grand-prix_corner_16,PIA,BOT,12.0,16.75,-31.25,session_best
2026,7,Barcelona Grand Prix,R,barcelona-grand-prix_corner_16,STR,BOT,16.0,22.5,-27.25,session_best
2026,7,Barcelona Grand Prix,R,barcelona-grand-prix_corner_17,ANT,ANT,0.0,0.0,0.0,session_best
2026,7,Barcelona Grand Prix,R,barcelona-grand-prix_corner_17,HAM,ANT,4.0,-10.417,9.917,session_best
2026,7,Barcelona Grand Prix,R,barcelona-grand-prix_corner_17,OCO,ANT,5.0,4.083,3.917,session_best
2026,7,Barcelona Grand Prix,R,barcelona-grand-prix_corner_17,PIA,ANT,6.0,0.333,2.917,session_best
2026,7,Barcelona Grand Prix,R,barcelona-grand-prix_corner_17,LEC,ANT,7.0,-1.417,10.417,session_best
2026,7,Barcelona Grand Prix,R,barcelona-grand-prix_corner_17,BEA,ANT,7.0,2.083,7.917,session_best
2026,7,Barcelona Grand Prix,R,barcelona-grand-prix_corner_17,VER,ANT,7.0,-9.417,1.167,session_best
2026,7,Barcelona Grand Prix,R,barcelona-grand-prix_corner_17,NOR,ANT,8.0,4.583,0.417,session_best
2026,7,Barcelona Grand Prix,R,barcelona-grand-prix_corner_17,RUS,ANT,8.0,2.833,0.667,session_best
2026,7,Barcelona Grand Prix,R,barcelona-grand-prix_corner_17,ALB,ANT,10.0,-2.667,21.167,session_best
2026,7,Barcelona Grand Prix,R,barcelona-grand-prix_corner_17,LAW,ANT,10.0,4.333,13.167,session_best
2026,7,Barcelona Grand Prix,R,barcelona-grand-prix_corner_17,PER,ANT,11.0,7.083,2.917,session_best
2026,7,Barcelona Grand Prix,R,barcelona-grand-prix_corner_17,BOR,ANT,12.0,5.583,9.167,session_best
2026,7,Barcelona Grand Prix,R,barcelona-grand-prix_corner_17,COL,ANT,12.0,-2.167,12.417,session_best
2026,7,Barcelona Grand Prix,R,barcelona-grand-prix_corner_17,GAS,ANT,12.0,4.083,9.917,session_best
2026,7,Barcelona Grand Prix,R,barcelona-grand-prix_corner_17,BOT,ANT,13.0,12.0,-2.0,session_best
2026,7,Barcelona Grand Prix,R,barcelona-grand-prix_corner_17,HUL,ANT,13.0,6.0,13.667,session_best
2026,7,Barcelona Grand Prix,R,barcelona-grand-prix_corner_17,HAD,ANT,13.0,0.083,6.917,session_best
2026,7,Barcelona Grand Prix,R,barcelona-grand-prix_corner_17,ALO,ANT,14.0,1.833,22.417,session_best
2026,7,Barcelona Grand Prix,R,barcelona-grand-prix_corner_17,SAI,ANT,14.0,8.583,-7.583,session_best
2026,7,Barcelona Grand Prix,R,barcelona-grand-prix_corner_17,LIN,ANT,16.0,6.333,27.167,session_best
2026,7,Barcelona Grand Prix,R,barcelona-grand-prix_corner_17,STR,ANT,17.0,1.833,24.917,session_best
2026,8,Austrian Grand Prix,Q,austrian-grand-prix_corner_02,HAD,HAD,0.0,0.0,0.0,session_best
2026,8,Austrian Grand Prix,Q,austrian-grand-prix_corner_02,NOR,HAD,4.0,-6.0,8.0,session_best
2026,8,Austrian Grand Prix,Q,austrian-grand-prix_corner_02,VER,HAD,5.0,-5.5,12.0,session_best
2026,8,Austrian Grand Prix,Q,austrian-grand-prix_corner_02,RUS,HAD,6.0,-8.0,11.5,session_best
2026,8,Austrian Grand Prix,Q,austrian-grand-prix_corner_02,ANT,HAD,7.0,-9.5,12.5,session_best
2026,8,Austrian Grand Prix,Q,austrian-grand-prix_corner_02,PIA,HAD,7.0,-8.0,8.0,session_best
2026,8,Austrian Grand Prix,Q,austrian-grand-prix_corner_02,LEC,HAD,8.0,-10.0,14.0,session_best
2026,8,Austrian Grand Prix,Q,austrian-grand-prix_corner_02,LIN,HAD,12.0,-10.0,17.0,session_best
2026,8,Austrian Grand Prix,Q,austrian-grand-prix_corner_02,LAW,HAD,13.0,-9.5,18.5,session_best
2026,8,Austrian Grand Prix,Q,austrian-grand-prix_corner_02,HAM,HAD,14.0,-11.0,19.5,session_best
2026,8,Austrian Grand Prix,Q,austrian-grand-prix_corner_02,GAS,HAD,17.0,-11.5,25.5,session_best
2026,8,Austrian Grand Prix,Q,austrian-grand-prix_corner_02,BEA,HAD,18.0,-7.0,25.0,session_best
2026,8,Austrian Grand Prix,Q,austrian-grand-prix_corner_02,OCO,HAD,21.0,-5.667,28.167,session_best
2026,8,Austrian Grand Prix,Q,austrian-grand-prix_corner_02,BOR,HAD,21.0,3.667,28.833,session_best
2026,8,Austrian Grand Prix,Q,austrian-grand-prix_corner_02,HUL,HAD,21.0,-0.333,27.167,session_best
2026,8,Austrian Grand Prix,Q,austrian-grand-prix_corner_02,SAI,HAD,22.0,74.667,-31.833,session_best
2026,8,Austrian Grand Prix,Q,austrian-grand-prix_corner_02,ALB,HAD,23.0,29.0,-21.833,session_best
2026,8,Austrian Grand Prix,Q,austrian-grand-prix_corner_02,PER,HAD,24.0,43.333,-8.833,session_best
2026,8,Austrian Grand Prix,Q,austrian-grand-prix_corner_02,COL,HAD,26.0,92.667,-44.167,session_best
2026,8,Austrian Grand Prix,Q,austrian-grand-prix_corner_02,ALO,HAD,27.0,82.0,-35.5,session_best
2026,8,Austrian Grand Prix,Q,austrian-grand-prix_corner_02,BOT,HAD,27.0,74.667,-24.833,session_best
2026,8,Austrian Grand Prix,Q,austrian-grand-prix_corner_02,STR,HAD,28.0,54.0,-22.833,session_best
2026,8,Austrian Grand Prix,Q,austrian-grand-prix_corner_03,COL,COL,0.0,0.0,0.0,session_best
2026,8,Austrian Grand Prix,Q,austrian-grand-prix_corner_03,SAI,COL,28.0,28.0,-0.5,session_best
2026,8,Austrian Grand Prix,Q,austrian-grand-prix_corner_03,ALO,COL,32.0,32.5,9.0,session_best
2026,8,Austrian Grand Prix,Q,austrian-grand-prix_corner_03,STR,COL,32.0,32.5,11.0,session_best
2026,8,Austrian Grand Prix,Q,austrian-grand-prix_corner_03,BOT,COL,35.0,34.5,9.0,session_best
2026,8,Austrian Grand Prix,Q,austrian-grand-prix_corner_03,ALB,COL,41.0,38.5,8.5,session_best
2026,8,Austrian Grand Prix,Q,austrian-grand-prix_corner_03,PER,COL,51.0,52.5,2.5,session_best
2026,8,Austrian Grand Prix,Q,austrian-grand-prix_corner_03,BEA,COL,93.0,92.0,31.0,session_best
2026,8,Austrian Grand Prix,Q,austrian-grand-prix_corner_03,RUS,COL,106.0,107.167,42.0,session_best
2026,8,Austrian Grand Prix,Q,austrian-grand-prix_corner_03,LEC,COL,106.0,107.167,44.333,session_best
2026,8,Austrian Grand Prix,Q,austrian-grand-prix_corner_03,HAD,COL,107.0,108.0,44.0,session_best
2026,8,Austrian Grand Prix,Q,austrian-grand-prix_corner_03,OCO,COL,107.0,104.833,34.0,session_best
2026,8,Austrian Grand Prix,Q,austrian-grand-prix_corner_03,HAM,COL,108.0,109.833,39.333,session_best
2026,8,Austrian Grand Prix,Q,austrian-grand-prix_corner_03,ANT,COL,108.0,109.5,38.333,session_best
2026,8,Austrian Grand Prix,Q,austrian-grand-prix_corner_03,HUL,COL,108.0,106.833,37.333,session_best
2026,8,Austrian Grand Prix,Q,austrian-grand-prix_corner_03,NOR,COL,108.0,108.5,37.0,session_best
2026,8,Austrian Grand Prix,Q,austrian-grand-prix_corner_03,LAW,COL,108.0,111.167,48.333,session_best
2026,8,Austrian Grand Prix,Q,austrian-grand-prix_corner_03,BOR,COL,109.0,109.0,40.0,session_best
2026,8,Austrian Grand Prix,Q,austrian-grand-prix_corner_03,VER,COL,109.0,109.167,45.667,session_best
2026,8,Austrian Grand Prix,Q,austrian-grand-prix_corner_03,GAS,COL,109.0,111.5,42.5,session_best
2026,8,Austrian Grand Prix,Q,austrian-grand-prix_corner_03,LIN,COL,111.0,112.5,71.5,session_best
2026,8,Austrian Grand Prix,Q,austrian-grand-prix_corner_03,PIA,COL,111.0,109.5,52.0,session_best
2026,8,Austrian Grand Prix,Q,austrian-grand-prix_corner_07,COL,COL,0.0,0.0,0.0,session_best
2026,8,Austrian Grand Prix,Q,austrian-grand-prix_corner_07,SAI,COL,4.0,6.0,-1.0,session_best
2026,8,Austrian Grand Prix,Q,austrian-grand-prix_corner_07,ALO,COL,6.0,3.0,0.5,session_best
2026,8,Austrian Grand Prix,Q,austrian-grand-prix_corner_07,BOT,COL,10.0,7.5,4.0,session_best
2026,8,Austrian Grand Prix,Q,austrian-grand-prix_corner_07,ALB,COL,14.0,16.5,4.0,session_best
2026,8,Austrian Grand Prix,Q,austrian-grand-prix_corner_07,PER,COL,19.0,13.5,1.5,session_best
2026,8,Austrian Grand Prix,Q,austrian-grand-prix_corner_07,STR,COL,22.0,12.833,8.167,session_best
2026,8,Austrian Grand Prix,Q,austrian-grand-prix_corner_07,NOR,COL,46.0,-41.833,69.167,session_best
2026,8,Austrian Grand Prix,Q,austrian-grand-prix_corner_07,BEA,COL,47.0,20.75,49.25,session_best
2026,8,Austrian Grand Prix,Q,austrian-grand-prix_corner_07,BOR,COL,47.0,14.75,63.0,session_best
2026,8,Austrian Grand Prix,Q,austrian-grand-prix_corner_07,LEC,COL,47.0,-21.75,65.75,session_best
2026,8,Austrian Grand Prix,Q,austrian-grand-prix_corner_07,HAM,COL,47.0,-17.0,83.75,session_best
2026,8,Austrian Grand Prix,Q,austrian-grand-prix_corner_07,RUS,COL,47.0,-15.5,83.9,session_best
2026,8,Austrian Grand Prix,Q,austrian-grand-prix_corner_07,ANT,COL,48.0,-7.75,59.0,session_best
2026,8,Austrian Grand Prix,Q,austrian-grand-prix_corner_07,HUL,COL,48.0,17.0,50.75,session_best
2026,8,Austrian Grand Prix,Q,austrian-grand-prix_corner_07,OCO,COL,48.0,17.3,54.7,session_best
2026,8,Austrian Grand Prix,Q,austrian-grand-prix_corner_07,LIN,COL,48.0,-34.5,91.7,session_best
2026,8,Austrian Grand Prix,Q,austrian-grand-prix_corner_07,LAW,COL,48.0,-29.75,79.0,session_best
2026,8,Austrian Grand Prix,Q,austrian-grand-prix_corner_07,PIA,COL,49.0,-13.5,82.7,session_best
2026,8,Austrian Grand Prix,Q,austrian-grand-prix_corner_07,GAS,COL,49.0,12.0,84.75,session_best
2026,8,Austrian Grand Prix,Q,austrian-grand-prix_corner_07,HAD,COL,50.0,-45.5,80.5,session_best
2026,8,Austrian Grand Prix,Q,austrian-grand-prix_corner_07,VER,COL,51.0,-7.0,73.25,session_best
2026,8,Austrian Grand Prix,Q,austrian-grand-prix_corner_10,HAD,HAD,0.0,0.0,0.0,session_best
2026,8,Austrian Grand Prix,Q,austrian-grand-prix_corner_10,HAM,HAD,45.0,6.5,65.5,session_best
2026,8,Austrian Grand Prix,Q,austrian-grand-prix_corner_10,RUS,HAD,45.0,-9.0,63.5,session_best
2026,8,Austrian Grand Prix,Q,austrian-grand-prix_corner_10,NOR,HAD,46.0,-0.5,63.0,session_best
2026,8,Austrian Grand Prix,Q,austrian-grand-prix_corner_10,LIN,HAD,51.0,-1.0,70.0,session_best
2026,8,Austrian Grand Prix,Q,austrian-grand-prix_corner_10,VER,HAD,52.0,-1.5,68.0,session_best
2026,8,Austrian Grand Prix,Q,austrian-grand-prix_corner_10,PIA,HAD,53.0,-1.5,72.5,session_best
2026,8,Austrian Grand Prix,Q,austrian-grand-prix_corner_10,LEC,HAD,55.0,5.5,71.5,session_best
2026,8,Austrian Grand Prix,Q,austrian-grand-prix_corner_10,LAW,HAD,58.0,-0.5,77.5,session_best
2026,8,Austrian Grand Prix,Q,austrian-grand-prix_corner_10,BOR,HAD,60.0,3.0,80.5,session_best
2026,8,Austrian Grand Prix,Q,austrian-grand-prix_corner_10,GAS,HAD,61.0,-4.5,80.0,session_best
2026,8,Austrian Grand Prix,Q,austrian-grand-prix_corner_10,ANT,HAD,67.0,-7.5,86.5,session_best
2026,8,Austrian Grand Prix,Q,austrian-grand-prix_corner_10,STR,HAD,71.0,99.5,51.333,session_best
2026,8,Austrian Grand Prix,Q,austrian-grand-prix_corner_10,BEA,HAD,71.0,12.167,87.333,session_best
2026,8,Austrian Grand Prix,Q,austrian-grand-prix_corner_10,HUL,HAD,72.0,4.167,93.667,session_best
2026,8,Austrian Grand Prix,Q,austrian-grand-prix_corner_10,COL,HAD,74.0,114.25,38.25,session_best
2026,8,Austrian Grand Prix,Q,austrian-grand-prix_corner_10,OCO,HAD,74.0,13.5,92.0,session_best
2026,8,Austrian Grand Prix,Q,austrian-grand-prix_corner_10,ALO,HAD,75.0,105.833,21.333,session_best
2026,8,Austrian Grand Prix,Q,austrian-grand-prix_corner_10,SAI,HAD,75.0,100.75,47.25,session_best
2026,8,Austrian Grand Prix,Q,austrian-grand-prix_corner_10,ALB,HAD,77.0,92.5,59.25,session_best
2026,8,Austrian Grand Prix,Q,austrian-grand-prix_corner_10,BOT,HAD,77.0,100.75,39.25,session_best
2026,8,Austrian Grand Prix,Q,austrian-grand-prix_corner_10,PER,HAD,78.0,93.0,66.0,session_best
2026,8,Austrian Grand Prix,Q,austrian-grand-prix_corner_11,ALO,ALO,0.0,0.0,0.0,session_best
2026,8,Austrian Grand Prix,Q,austrian-grand-prix_corner_11,BOT,ALO,0.0,0.5,-12.5,session_best
2026,8,Austrian Grand Prix,Q,austrian-grand-prix_corner_11,SAI,ALO,4.0,7.5,-7.0,session_best
2026,8,Austrian Grand Prix,Q,austrian-grand-prix_corner_11,COL,ALO,5.0,0.333,-9.167,session_best
2026,8,Austrian Grand Prix,Q,austrian-grand-prix_corner_11,STR,ALO,17.0,19.0,-1.5,session_best
2026,8,Austrian Grand Prix,Q,austrian-grand-prix_corner_11,ALB,ALO,21.0,25.0,-6.0,session_best
2026,8,Austrian Grand Prix,Q,austrian-grand-prix_corner_11,PER,ALO,25.0,29.0,-5.0,session_best
2026,8,Austrian Grand Prix,Q,austrian-grand-prix_corner_11,NOR,ALO,84.0,83.667,17.833,session_best
2026,8,Austrian Grand Prix,Q,austrian-grand-prix_corner_11,HAM,ALO,84.0,88.333,18.5,session_best
2026,8,Austrian Grand Prix,Q,austrian-grand-prix_corner_11,RUS,ALO,85.0,85.25,17.5,session_best
2026,8,Austrian Grand Prix,Q,austrian-grand-prix_corner_11,BEA,ALO,86.0,92.333,7.167,session_best
2026,8,Austrian Grand Prix,Q,austrian-grand-prix_corner_11,OCO,ALO,86.0,87.0,6.5,session_best
2026,8,Austrian Grand Prix,Q,austrian-grand-prix_corner_11,HUL,ALO,87.0,89.333,9.833,session_best
2026,8,Austrian Grand Prix,Q,austrian-grand-prix_corner_11,LEC,ALO,87.0,93.0,19.25,session_best
2026,8,Austrian Grand Prix,Q,austrian-grand-prix_corner_11,PIA,ALO,88.0,90.667,19.167,session_best
2026,8,Austrian Grand Prix,Q,austrian-grand-prix_corner_11,BOR,ALO,88.0,95.667,12.833,session_best
2026,8,Austrian Grand Prix,Q,austrian-grand-prix_corner_11,VER,ALO,88.0,91.667,12.167,session_best
2026,8,Austrian Grand Prix,Q,austrian-grand-prix_corner_11,ANT,ALO,89.0,95.0,11.5,session_best
2026,8,Austrian Grand Prix,Q,austrian-grand-prix_corner_11,HAD,ALO,89.0,87.0,23.5,session_best
2026,8,Austrian Grand Prix,Q,austrian-grand-prix_corner_11,GAS,ALO,90.0,96.333,10.5,session_best
2026,8,Austrian Grand Prix,Q,austrian-grand-prix_corner_11,LIN,ALO,91.0,92.5,30.0,session_best
2026,8,Austrian Grand Prix,Q,austrian-grand-prix_corner_11,LAW,ALO,91.0,96.0,32.167,session_best
2026,8,Austrian Grand Prix,Q,austrian-grand-prix_corner_13,LEC,LEC,0.0,0.0,0.0,session_best
2026,8,Austrian Grand Prix,Q,austrian-grand-prix_corner_13,RUS,LEC,3.0,-7.333,1.0,session_best
2026,8,Austrian Grand Prix,Q,austrian-grand-prix_corner_13,ANT,LEC,4.0,-5.333,-1.333,session_best
2026,8,Austrian Grand Prix,Q,austrian-grand-prix_corner_13,PIA,LEC,4.0,-14.333,6.0,session_best
2026,8,Austrian Grand Prix,Q,austrian-grand-prix_corner_13,HUL,LEC,5.0,12.167,1.167,session_best
2026,8,Austrian Grand Prix,Q,austrian-grand-prix_corner_13,VER,LEC,5.0,-10.833,0.667,session_best
2026,8,Austrian Grand Prix,Q,austrian-grand-prix_corner_13,BEA,LEC,8.0,18.667,-2.333,session_best
2026,8,Austrian Grand Prix,Q,austrian-grand-prix_corner_13,NOR,LEC,9.0,-2.833,5.167,session_best
2026,8,Austrian Grand Prix,Q,austrian-grand-prix_corner_13,BOR,LEC,9.0,1.667,2.0,session_best
2026,8,Austrian Grand Prix,Q,austrian-grand-prix_corner_13,GAS,LEC,10.0,-4.333,0.167,session_best
2026,8,Austrian Grand Prix,Q,austrian-grand-prix_corner_13,HAM,LEC,10.0,-29.333,7.167,session_best
2026,8,Austrian Grand Prix,Q,austrian-grand-prix_corner_13,HAD,LEC,11.0,-24.666,3.334,session_best
2026,8,Austrian Grand Prix,Q,austrian-grand-prix_corner_13,OCO,LEC,12.0,16.334,-0.333,session_best
2026,8,Austrian Grand Prix,Q,austrian-grand-prix_corner_13,LAW,LEC,14.0,-8.333,3.0,session_best
2026,8,Austrian Grand Prix,Q,austrian-grand-prix_corner_13,LIN,LEC,14.0,-5.333,0.667,session_best
2026,8,Austrian Grand Prix,Q,austrian-grand-prix_corner_13,COL,LEC,15.0,42.167,-24.333,session_best
2026,8,Austrian Grand Prix,Q,austrian-grand-prix_corner_13,ALB,LEC,17.0,45.334,-19.333,session_best
2026,8,Austrian Grand Prix,Q,austrian-grand-prix_corner_13,SAI,LEC,17.0,45.167,-22.833,session_best
2026,8,Austrian Grand Prix,Q,austrian-grand-prix_corner_13,BOT,LEC,19.0,48.167,-16.333,session_best
2026,8,Austrian Grand Prix,Q,austrian-grand-prix_corner_13,PER,LEC,24.0,53.667,-18.833,session_best
2026,8,Austrian Grand Prix,Q,austrian-grand-prix_corner_13,ALO,LEC,25.0,49.0,-15.333,session_best
2026,8,Austrian Grand Prix,Q,austrian-grand-prix_corner_13,STR,LEC,25.0,54.667,36.667,session_best
2026,8,Austrian Grand Prix,Q,austrian-grand-prix_corner_14,LEC,LEC,0.0,0.0,0.0,session_best
2026,8,Austrian Grand Prix,Q,austrian-grand-prix_corner_14,ANT,LEC,1.0,-6.0,1.0,session_best
2026,8,Austrian Grand Prix,Q,austrian-grand-prix_corner_14,HAM,LEC,1.0,-8.5,0.5,session_best
2026,8,Austrian Grand Prix,Q,austrian-grand-prix_corner_14,RUS,LEC,4.0,-6.333,2.167,session_best
2026,8,Austrian Grand Prix,Q,austrian-grand-prix_corner_14,PIA,LEC,4.0,3.0,4.5,session_best
2026,8,Austrian Grand Prix,Q,austrian-grand-prix_corner_14,VER,LEC,4.0,0.333,1.167,session_best
2026,8,Austrian Grand Prix,Q,austrian-grand-prix_corner_14,HAD,LEC,6.0,5.5,5.0,session_best
2026,8,Austrian Grand Prix,Q,austrian-grand-prix_corner_14,LAW,LEC,7.0,-2.667,6.5,session_best
2026,8,Austrian Grand Prix,Q,austrian-grand-prix_corner_14,BOR,LEC,8.0,-6.5,7.0,session_best
2026,8,Austrian Grand Prix,Q,austrian-grand-prix_corner_14,HUL,LEC,8.0,-15.5,6.0,session_best
2026,8,Austrian Grand Prix,Q,austrian-grand-prix_corner_14,LIN,LEC,9.0,0.5,9.5,session_best
2026,8,Austrian Grand Prix,Q,austrian-grand-prix_corner_14,NOR,LEC,9.0,-4.0,7.5,session_best
2026,8,Austrian Grand Prix,Q,austrian-grand-prix_corner_14,BEA,LEC,10.0,-5.0,8.0,session_best
2026,8,Austrian Grand Prix,Q,austrian-grand-prix_corner_14,GAS,LEC,11.0,-2.667,10.167,session_best
2026,8,Austrian Grand Prix,Q,austrian-grand-prix_corner_14,COL,LEC,13.0,-3.0,10.5,session_best
2026,8,Austrian Grand Prix,Q,austrian-grand-prix_corner_14,OCO,LEC,14.0,-9.5,10.0,session_best
2026,8,Austrian Grand Prix,Q,austrian-grand-prix_corner_14,SAI,LEC,17.0,4.333,-17.5,session_best
2026,8,Austrian Grand Prix,Q,austrian-grand-prix_corner_14,BOT,LEC,20.0,8.0,-13.0,session_best
2026,8,Austrian Grand Prix,Q,austrian-grand-prix_corner_14,ALB,LEC,22.0,-3.0,-7.0,session_best
2026,8,Austrian Grand Prix,Q,austrian-grand-prix_corner_14,ALO,LEC,24.0,19.5,14.5,session_best
2026,8,Austrian Grand Prix,Q,austrian-grand-prix_corner_14,STR,LEC,24.0,29.0,-17.5,session_best
2026,8,Austrian Grand Prix,Q,austrian-grand-prix_corner_14,PER,LEC,28.0,-4.667,-5.833,session_best
2026,8,Austrian Grand Prix,Q,austrian-grand-prix_corner_19,COL,COL,0.0,0.0,0.0,session_best
2026,8,Austrian Grand Prix,Q,austrian-grand-prix_corner_19,ALO,COL,11.0,8.5,13.5,session_best
2026,8,Austrian Grand Prix,Q,austrian-grand-prix_corner_19,STR,COL,27.0,28.0,20.5,session_best
2026,8,Austrian Grand Prix,Q,austrian-grand-prix_corner_19,SAI,COL,31.0,34.5,9.5,session_best
2026,8,Austrian Grand Prix,Q,austrian-grand-prix_corner_19,PER,COL,35.0,33.0,13.5,session_best
2026,8,Austrian Grand Prix,Q,austrian-grand-prix_corner_19,HAM,COL,36.0,2.833,63.833,session_best
2026,8,Austrian Grand Prix,Q,austrian-grand-prix_corner_19,RUS,COL,37.0,23.167,34.833,session_best
2026,8,Austrian Grand Prix,Q,austrian-grand-prix_corner_19,HAD,COL,37.0,18.167,45.5,session_best
2026,8,Austrian Grand Prix,Q,austrian-grand-prix_corner_19,LEC,COL,38.0,15.5,45.0,session_best
2026,8,Austrian Grand Prix,Q,austrian-grand-prix_corner_19,ANT,COL,39.0,27.5,30.5,session_best
2026,8,Austrian Grand Prix,Q,austrian-grand-prix_corner_19,PIA,COL,40.0,21.5,47.5,session_best
2026,8,Austrian Grand Prix,Q,austrian-grand-prix_corner_19,NOR,COL,41.0,14.833,53.5,session_best
2026,8,Austrian Grand Prix,Q,austrian-grand-prix_corner_19,VER,COL,43.0,18.833,47.833,session_best
2026,8,Austrian Grand Prix,Q,austrian-grand-prix_corner_19,OCO,COL,46.0,37.0,34.5,session_best
2026,8,Austrian Grand Prix,Q,austrian-grand-prix_corner_19,LAW,COL,46.0,32.833,43.167,session_best
2026,8,Austrian Grand Prix,Q,austrian-grand-prix_corner_19,ALB,COL,46.0,42.5,18.5,session_best
2026,8,Austrian Grand Prix,Q,austrian-grand-prix_corner_19,HUL,COL,47.0,38.5,38.0,session_best
2026,8,Austrian Grand Prix,Q,austrian-grand-prix_corner_19,BOR,COL,48.0,29.5,42.833,session_best
2026,8,Austrian Grand Prix,Q,austrian-grand-prix_corner_19,GAS,COL,49.0,42.167,37.833,session_best
2026,8,Austrian Grand Prix,Q,austrian-grand-prix_corner_19,LIN,COL,51.0,25.5,39.5,session_best
2026,8,Austrian Grand Prix,Q,austrian-grand-prix_corner_19,BEA,COL,53.0,44.5,39.167,session_best
2026,8,Austrian Grand Prix,R,austrian-grand-prix_corner_02,HAM,HAM,0.0,0.0,0.0,session_best
2026,8,Austrian Grand Prix,R,austrian-grand-prix_corner_02,RUS,HAM,0.0,3.833,7.667,session_best
2026,8,Austrian Grand Prix,R,austrian-grand-prix_corner_02,LEC,HAM,2.0,1.5,2.0,session_best
2026,8,Austrian Grand Prix,R,austrian-grand-prix_corner_02,HUL,HAM,2.0,9.5,8.667,session_best
2026,8,Austrian Grand Prix,R,austrian-grand-prix_corner_02,ANT,HAM,2.0,6.25,13.0,session_best
2026,8,Austrian Grand Prix,R,austrian-grand-prix_corner_02,NOR,HAM,2.0,7.5,0.75,session_best
2026,8,Austrian Grand Prix,R,austrian-grand-prix_corner_02,STR,HAM,2.0,8.5,3.667,session_best
2026,8,Austrian Grand Prix,R,austrian-grand-prix_corner_02,ALO,HAM,3.0,38.5,-4.0,session_best
2026,8,Austrian Grand Prix,R,austrian-grand-prix_corner_02,BEA,HAM,3.0,4.25,14.5,session_best
2026,8,Austrian Grand Prix,R,austrian-grand-prix_corner_02,PIA,HAM,3.0,25.833,-12.0,session_best
2026,8,Austrian Grand Prix,R,austrian-grand-prix_corner_02,HAD,HAM,3.0,-4.5,4.333,session_best
2026,8,Austrian Grand Prix,R,austrian-grand-prix_corner_02,LAW,HAM,3.0,6.75,3.25,session_best
2026,8,Austrian Grand Prix,R,austrian-grand-prix_corner_02,ALB,HAM,4.0,18.25,14.5,session_best
2026,8,Austrian Grand Prix,R,austrian-grand-prix_corner_02,LIN,HAM,4.0,5.75,2.75,session_best
2026,8,Austrian Grand Prix,R,austrian-grand-prix_corner_02,PER,HAM,4.0,38.0,8.5,session_best
2026,8,Austrian Grand Prix,R,austrian-grand-prix_corner_02,BOR,HAM,5.0,7.5,2.25,session_best
2026,8,Austrian Grand Prix,R,austrian-grand-prix_corner_02,GAS,HAM,5.0,20.833,1.0,session_best
2026,8,Austrian Grand Prix,R,austrian-grand-prix_corner_02,VER,HAM,5.0,0.0,3.0,session_best
2026,8,Austrian Grand Prix,R,austrian-grand-prix_corner_02,OCO,HAM,5.0,6.0,11.75,session_best
2026,8,Austrian Grand Prix,R,austrian-grand-prix_corner_02,COL,HAM,7.0,14.25,6.75,session_best
2026,8,Austrian Grand Prix,R,austrian-grand-prix_corner_02,SAI,HAM,7.0,10.75,10.5,session_best
2026,8,Austrian Grand Prix,R,austrian-grand-prix_corner_06,ALO,ALO,0.0,0.0,0.0,session_best
2026,8,Austrian Grand Prix,R,austrian-grand-prix_corner_06,LAW,ALO,0.0,8.9,1.25,session_best
2026,8,Austrian Grand Prix,R,austrian-grand-prix_corner_06,RUS,ALO,2.0,4.5,-9.15,session_best
2026,8,Austrian Grand Prix,R,austrian-grand-prix_corner_06,STR,ALO,3.0,-9.0,14.0,session_best
2026,8,Austrian Grand Prix,R,austrian-grand-prix_corner_06,NOR,ALO,3.0,1.3,6.65,session_best
2026,8,Austrian Grand Prix,R,austrian-grand-prix_corner_06,LIN,ALO,4.0,8.7,17.05,session_best
2026,8,Austrian Grand Prix,R,austrian-grand-prix_corner_06,HAM,ALO,5.0,-0.9,5.05,session_best
2026,8,Austrian Grand Prix,R,austrian-grand-prix_corner_06,BEA,ALO,5.0,5.3,13.65,session_best
2026,8,Austrian Grand Prix,R,austrian-grand-prix_corner_06,ALB,ALO,6.0,7.7,4.45,session_best
2026,8,Austrian Grand Prix,R,austrian-grand-prix_corner_06,PIA,ALO,6.0,26.5,-10.95,session_best
2026,8,Austrian Grand Prix,R,austrian-grand-prix_corner_06,GAS,ALO,6.0,-6.3,0.65,session_best
2026,8,Austrian Grand Prix,R,austrian-grand-prix_corner_06,HUL,ALO,6.0,-27.7,11.45,session_best
2026,8,Austrian Grand Prix,R,austrian-grand-prix_corner_06,ANT,ALO,7.0,-20.9,5.25,session_best
2026,8,Austrian Grand Prix,R,austrian-grand-prix_corner_06,PER,ALO,7.0,-6.1,21.45,session_best
2026,8,Austrian Grand Prix,R,austrian-grand-prix_corner_06,SAI,ALO,7.0,-3.7,14.65,session_best
2026,8,Austrian Grand Prix,R,austrian-grand-prix_corner_06,HAD,ALO,7.0,-15.0,3.75,session_best
2026,8,Austrian Grand Prix,R,austrian-grand-prix_corner_06,LEC,ALO,7.0,17.75,4.0,session_best
2026,8,Austrian Grand Prix,R,austrian-grand-prix_corner_06,BOR,ALO,8.0,-2.3,5.85,session_best
2026,8,Austrian Grand Prix,R,austrian-grand-prix_corner_06,OCO,ALO,8.0,-6.25,17.0,session_best
2026,8,Austrian Grand Prix,R,austrian-grand-prix_corner_06,VER,ALO,9.0,-31.25,11.25,session_best
2026,8,Austrian Grand Prix,R,austrian-grand-prix_corner_06,COL,ALO,11.0,-4.1,18.45,session_best
2026,8,Austrian Grand Prix,R,austrian-grand-prix_corner_10,RUS,RUS,0.0,0.0,0.0,session_best
2026,8,Austrian Grand Prix,R,austrian-grand-prix_corner_10,NOR,RUS,2.0,-1.0,7.25,session_best
2026,8,Austrian Grand Prix,R,austrian-grand-prix_corner_10,ANT,RUS,2.0,1.85,2.2,session_best
2026,8,Austrian Grand Prix,R,austrian-grand-prix_corner_10,LEC,RUS,3.0,-9.75,13.25,session_best
2026,8,Austrian Grand Prix,R,austrian-grand-prix_corner_10,COL,RUS,3.0,0.25,3.75,session_best
2026,8,Austrian Grand Prix,R,austrian-grand-prix_corner_10,PIA,RUS,3.0,20.25,-18.25,session_best
2026,8,Austrian Grand Prix,R,austrian-grand-prix_corner_10,HAM,RUS,4.0,-3.35,3.6,session_best
2026,8,Austrian Grand Prix,R,austrian-grand-prix_corner_10,ALO,RUS,6.0,-2.0,9.25,session_best
2026,8,Austrian Grand Prix,R,austrian-grand-prix_corner_10,BEA,RUS,6.0,-9.75,12.5,session_best
2026,8,Austrian Grand Prix,R,austrian-grand-prix_corner_10,VER,RUS,6.0,-20.75,17.0,session_best
2026,8,Austrian Grand Prix,R,austrian-grand-prix_corner_10,HAD,RUS,6.0,-29.75,11.75,session_best
2026,8,Austrian Grand Prix,R,austrian-grand-prix_corner_10,OCO,RUS,6.0,-8.5,12.5,session_best
2026,8,Austrian Grand Prix,R,austrian-grand-prix_corner_10,STR,RUS,7.0,-13.15,16.0,session_best
2026,8,Austrian Grand Prix,R,austrian-grand-prix_corner_10,LAW,RUS,7.0,14.0,0.75,session_best
2026,8,Austrian Grand Prix,R,austrian-grand-prix_corner_10,GAS,RUS,7.0,1.75,-3.0,session_best
2026,8,Austrian Grand Prix,R,austrian-grand-prix_corner_10,PER,RUS,8.0,-18.25,20.75,session_best
2026,8,Austrian Grand Prix,R,austrian-grand-prix_corner_10,ALB,RUS,9.0,12.75,12.5,session_best
2026,8,Austrian Grand Prix,R,austrian-grand-prix_corner_10,BOR,RUS,9.0,-1.0,27.25,session_best
2026,8,Austrian Grand Prix,R,austrian-grand-prix_corner_10,SAI,RUS,9.0,7.85,7.2,session_best
2026,8,Austrian Grand Prix,R,austrian-grand-prix_corner_10,HUL,RUS,10.0,13.05,2.8,session_best
2026,8,Austrian Grand Prix,R,austrian-grand-prix_corner_10,LIN,RUS,13.0,-12.75,3.0,session_best
2026,8,Austrian Grand Prix,R,austrian-grand-prix_corner_12,ANT,ANT,0.0,0.0,0.0,session_best
2026,8,Austrian Grand Prix,R,austrian-grand-prix_corner_12,LEC,ANT,0.0,6.667,-2.0,session_best
2026,8,Austrian Grand Prix,R,austrian-grand-prix_corner_12,HAM,ANT,1.0,2.0,1.0,session_best
2026,8,Austrian Grand Prix,R,austrian-grand-prix_corner_12,VER,ANT,2.0,1.167,3.5,session_best
2026,8,Austrian Grand Prix,R,austrian-grand-prix_corner_12,RUS,ANT,2.0,14.334,3.0,session_best
2026,8,Austrian Grand Prix,R,austrian-grand-prix_corner_12,NOR,ANT,3.0,0.0,0.0,session_best
2026,8,Austrian Grand Prix,R,austrian-grand-prix_corner_12,PIA,ANT,4.0,12.0,1.333,session_best
2026,8,Austrian Grand Prix,R,austrian-grand-prix_corner_12,BEA,ANT,5.0,6.334,6.333,session_best
2026,8,Austrian Grand Prix,R,austrian-grand-prix_corner_12,HAD,ANT,6.0,9.0,2.667,session_best
2026,8,Austrian Grand Prix,R,austrian-grand-prix_corner_12,HUL,ANT,7.0,7.334,7.333,session_best
2026,8,Austrian Grand Prix,R,austrian-grand-prix_corner_12,COL,ANT,7.0,-4.333,7.5,session_best
2026,8,Austrian Grand Prix,R,austrian-grand-prix_corner_12,OCO,ANT,9.0,4.334,10.333,session_best
2026,8,Austrian Grand Prix,R,austrian-grand-prix_corner_12,BOR,ANT,11.0,8.334,7.667,session_best
2026,8,Austrian Grand Prix,R,austrian-grand-prix_corner_12,LAW,ANT,11.0,-2.833,11.5,session_best
2026,8,Austrian Grand Prix,R,austrian-grand-prix_corner_12,ALB,ANT,12.0,24.0,11.333,session_best
2026,8,Austrian Grand Prix,R,austrian-grand-prix_corner_12,STR,ANT,12.0,14.667,12.5,session_best
2026,8,Austrian Grand Prix,R,austrian-grand-prix_corner_12,GAS,ANT,12.0,10.667,4.333,session_best
2026,8,Austrian Grand Prix,R,austrian-grand-prix_corner_12,LIN,ANT,14.0,-0.833,10.0,session_best
2026,8,Austrian Grand Prix,R,austrian-grand-prix_corner_12,ALO,ANT,15.0,21.0,14.0,session_best
2026,8,Austrian Grand Prix,R,austrian-grand-prix_corner_12,SAI,ANT,16.0,5.0,13.0,session_best
2026,8,Austrian Grand Prix,R,austrian-grand-prix_corner_12,PER,ANT,20.0,8.334,20.667,session_best
2026,8,Austrian Grand Prix,R,austrian-grand-prix_corner_13,PIA,PIA,0.0,0.0,0.0,session_best
2026,8,Austrian Grand Prix,R,austrian-grand-prix_corner_13,LEC,PIA,2.0,4.0,-16.333,session_best
2026,8,Austrian Grand Prix,R,austrian-grand-prix_corner_13,NOR,PIA,5.0,6.666,-6.666,session_best
2026,8,Austrian Grand Prix,R,austrian-grand-prix_corner_13,ANT,PIA,5.0,9.333,-13.333,session_best
2026,8,Austrian Grand Prix,R,austrian-grand-prix_corner_13,HAD,PIA,6.0,10.0,-21.666,session_best
2026,8,Austrian Grand Prix,R,austrian-grand-prix_corner_13,GAS,PIA,8.0,8.0,-0.333,session_best
2026,8,Austrian Grand Prix,R,austrian-grand-prix_corner_13,RUS,PIA,8.0,12.0,-7.333,session_best
2026,8,Austrian Grand Prix,R,austrian-grand-prix_corner_13,BOR,PIA,8.0,12.333,-13.833,session_best
2026,8,Austrian Grand Prix,R,austrian-grand-prix_corner_13,ALB,PIA,11.0,12.333,6.334,session_best
2026,8,Austrian Grand Prix,R,austrian-grand-prix_corner_13,LAW,PIA,11.0,8.333,-5.0,session_best
2026,8,Austrian Grand Prix,R,austrian-grand-prix_corner_13,VER,PIA,11.0,12.666,-20.0,session_best
2026,8,Austrian Grand Prix,R,austrian-grand-prix_corner_13,HAM,PIA,11.0,15.666,-10.0,session_best
2026,8,Austrian Grand Prix,R,austrian-grand-prix_corner_13,COL,PIA,11.0,13.666,-7.0,session_best
2026,8,Austrian Grand Prix,R,austrian-grand-prix_corner_13,ALO,PIA,12.0,17.333,-5.833,session_best
2026,8,Austrian Grand Prix,R,austrian-grand-prix_corner_13,LIN,PIA,13.0,18.833,-5.833,session_best
2026,8,Austrian Grand Prix,R,austrian-grand-prix_corner_13,BEA,PIA,14.0,16.666,-13.666,session_best
2026,8,Austrian Grand Prix,R,austrian-grand-prix_corner_13,HUL,PIA,14.0,16.333,-7.0,session_best
2026,8,Austrian Grand Prix,R,austrian-grand-prix_corner_13,STR,PIA,16.0,20.333,-5.333,session_best
2026,8,Austrian Grand Prix,R,austrian-grand-prix_corner_13,OCO,PIA,18.0,20.666,-0.333,session_best
2026,8,Austrian Grand Prix,R,austrian-grand-prix_corner_13,SAI,PIA,19.0,20.333,14.0,session_best
2026,8,Austrian Grand Prix,R,austrian-grand-prix_corner_13,PER,PIA,26.0,28.666,9.0,session_best
2026,8,Austrian Grand Prix,R,austrian-grand-prix_corner_14,LEC,LEC,0.0,0.0,0.0,session_best
2026,8,Austrian Grand Prix,R,austrian-grand-prix_corner_14,VER,LEC,1.0,-2.667,12.0,session_best
2026,8,Austrian Grand Prix,R,austrian-grand-prix_corner_14,NOR,LEC,2.0,5.666,1.667,session_best
2026,8,Austrian Grand Prix,R,austrian-grand-prix_corner_14,HAD,LEC,3.0,-0.667,28.0,session_best
2026,8,Austrian Grand Prix,R,austrian-grand-prix_corner_14,BEA,LEC,3.0,0.0,13.667,session_best
2026,8,Austrian Grand Prix,R,austrian-grand-prix_corner_14,PIA,LEC,3.0,11.333,7.5,session_best
2026,8,Austrian Grand Prix,R,austrian-grand-prix_corner_14,RUS,LEC,3.0,2.333,7.0,session_best
2026,8,Austrian Grand Prix,R,austrian-grand-prix_corner_14,HAM,LEC,4.0,0.833,14.5,session_best
2026,8,Austrian Grand Prix,R,austrian-grand-prix_corner_14,ANT,LEC,6.0,4.333,5.0,session_best
2026,8,Austrian Grand Prix,R,austrian-grand-prix_corner_14,LAW,LEC,6.0,7.333,14.5,session_best
2026,8,Austrian Grand Prix,R,austrian-grand-prix_corner_14,ALO,LEC,7.0,12.333,7.667,session_best
2026,8,Austrian Grand Prix,R,austrian-grand-prix_corner_14,COL,LEC,8.0,7.333,1.5,session_best
2026,8,Austrian Grand Prix,R,austrian-grand-prix_corner_14,HUL,LEC,10.0,12.666,17.0,session_best
2026,8,Austrian Grand Prix,R,austrian-grand-prix_corner_14,BOR,LEC,11.0,11.0,9.667,session_best
2026,8,Austrian Grand Prix,R,austrian-grand-prix_corner_14,STR,LEC,12.0,9.0,31.0,session_best
2026,8,Austrian Grand Prix,R,austrian-grand-prix_corner_14,LIN,LEC,12.0,10.666,6.667,session_best
2026,8,Austrian Grand Prix,R,austrian-grand-prix_corner_14,GAS,LEC,13.0,16.666,7.667,session_best
2026,8,Austrian Grand Prix,R,austrian-grand-prix_corner_14,ALB,LEC,15.0,19.666,13.333,session_best
2026,8,Austrian Grand Prix,R,austrian-grand-prix_corner_14,OCO,LEC,18.0,16.333,29.0,session_best
2026,8,Austrian Grand Prix,R,austrian-grand-prix_corner_14,SAI,LEC,22.0,30.666,11.0,session_best
2026,8,Austrian Grand Prix,R,austrian-grand-prix_corner_14,PER,LEC,23.0,19.666,33.0,session_best
2026,8,Austrian Grand Prix,R,austrian-grand-prix_corner_17,LEC,LEC,0.0,0.0,0.0,session_best
2026,8,Austrian Grand Prix,R,austrian-grand-prix_corner_17,VER,LEC,4.0,-12.5,8.5,session_best
2026,8,Austrian Grand Prix,R,austrian-grand-prix_corner_17,RUS,LEC,4.0,-11.0,5.5,session_best
2026,8,Austrian Grand Prix,R,austrian-grand-prix_corner_17,ANT,LEC,4.0,-16.0,5.5,session_best
2026,8,Austrian Grand Prix,R,austrian-grand-prix_corner_17,HUL,LEC,7.0,-7.0,3.0,session_best
2026,8,Austrian Grand Prix,R,austrian-grand-prix_corner_17,PIA,LEC,7.0,-3.5,1.5,session_best
2026,8,Austrian Grand Prix,R,austrian-grand-prix_corner_17,HAD,LEC,9.0,-14.0,12.0,session_best
2026,8,Austrian Grand Prix,R,austrian-grand-prix_corner_17,BEA,LEC,9.0,-12.0,9.5,session_best
2026,8,Austrian Grand Prix,R,austrian-grand-prix_corner_17,BOR,LEC,10.0,7.0,10.0,session_best
2026,8,Austrian Grand Prix,R,austrian-grand-prix_corner_17,NOR,LEC,11.0,0.5,9.0,session_best
2026,8,Austrian Grand Prix,R,austrian-grand-prix_corner_17,LAW,LEC,12.0,-3.667,12.333,session_best
2026,8,Austrian Grand Prix,R,austrian-grand-prix_corner_17,HAM,LEC,13.0,-13.0,17.5,session_best
2026,8,Austrian Grand Prix,R,austrian-grand-prix_corner_17,OCO,LEC,15.0,-8.5,19.0,session_best
2026,8,Austrian Grand Prix,R,austrian-grand-prix_corner_17,GAS,LEC,16.0,-9.0,9.0,session_best
2026,8,Austrian Grand Prix,R,austrian-grand-prix_corner_17,LIN,LEC,16.0,-11.5,12.5,session_best
2026,8,Austrian Grand Prix,R,austrian-grand-prix_corner_17,COL,LEC,17.0,4.667,19.333,session_best
2026,8,Austrian Grand Prix,R,austrian-grand-prix_corner_17,ALB,LEC,17.0,35.0,11.0,session_best
2026,8,Austrian Grand Prix,R,austrian-grand-prix_corner_17,STR,LEC,19.0,-7.0,20.0,session_best
2026,8,Austrian Grand Prix,R,austrian-grand-prix_corner_17,ALO,LEC,26.0,-13.0,23.0,session_best
2026,8,Austrian Grand Prix,R,austrian-grand-prix_corner_17,SAI,LEC,26.0,25.5,20.5,session_best
2026,8,Austrian Grand Prix,R,austrian-grand-prix_corner_17,PER,LEC,31.0,1.0,34.0,session_best
2026,8,Austrian Grand Prix,R,austrian-grand-prix_corner_18,ANT,ANT,0.0,0.0,0.0,session_best
2026,8,Austrian Grand Prix,R,austrian-grand-prix_corner_18,VER,ANT,0.0,2.667,19.0,session_best
2026,8,Austrian Grand Prix,R,austrian-grand-prix_corner_18,LEC,ANT,1.0,-4.0,2.667,session_best
2026,8,Austrian Grand Prix,R,austrian-grand-prix_corner_18,PIA,ANT,2.0,-2.0,-6.333,session_best
2026,8,Austrian Grand Prix,R,austrian-grand-prix_corner_18,NOR,ANT,2.0,3.0,1.334,session_best
2026,8,Austrian Grand Prix,R,austrian-grand-prix_corner_18,RUS,ANT,3.0,-1.833,7.667,session_best
2026,8,Austrian Grand Prix,R,austrian-grand-prix_corner_18,HUL,ANT,4.0,-2.0,16.0,session_best
2026,8,Austrian Grand Prix,R,austrian-grand-prix_corner_18,HAM,ANT,5.0,15.334,15.334,session_best
2026,8,Austrian Grand Prix,R,austrian-grand-prix_corner_18,BEA,ANT,6.0,6.0,24.667,session_best
2026,8,Austrian Grand Prix,R,austrian-grand-prix_corner_18,BOR,ANT,7.0,6.0,11.667,session_best
2026,8,Austrian Grand Prix,R,austrian-grand-prix_corner_18,HAD,ANT,7.0,7.0,16.667,session_best
2026,8,Austrian Grand Prix,R,austrian-grand-prix_corner_18,LIN,ANT,8.0,8.667,12.0,session_best
2026,8,Austrian Grand Prix,R,austrian-grand-prix_corner_18,ALB,ANT,10.0,5.667,-0.333,session_best
2026,8,Austrian Grand Prix,R,austrian-grand-prix_corner_18,ALO,ANT,11.0,22.667,11.167,session_best
2026,8,Austrian Grand Prix,R,austrian-grand-prix_corner_18,COL,ANT,11.0,11.334,15.334,session_best
2026,8,Austrian Grand Prix,R,austrian-grand-prix_corner_18,LAW,ANT,11.0,3.334,10.667,session_best
2026,8,Austrian Grand Prix,R,austrian-grand-prix_corner_18,SAI,ANT,13.0,16.167,14.167,session_best
2026,8,Austrian Grand Prix,R,austrian-grand-prix_corner_18,OCO,ANT,13.0,12.667,29.0,session_best
2026,8,Austrian Grand Prix,R,austrian-grand-prix_corner_18,STR,ANT,15.0,15.667,24.334,session_best
2026,8,Austrian Grand Prix,R,austrian-grand-prix_corner_18,GAS,ANT,18.0,2.667,4.667,session_best
2026,8,Austrian Grand Prix,R,austrian-grand-prix_corner_18,PER,ANT,18.0,29.667,34.667,session_best
2026,9,British Grand Prix,Q,british-grand-prix_corner_03,OCO,OCO,0.0,0.0,0.0,session_best
2026,9,British Grand Prix,Q,british-grand-prix_corner_03,RUS,OCO,1.0,-2.667,2.333,session_best
2026,9,British Grand Prix,Q,british-grand-prix_corner_03,LIN,OCO,2.0,-6.667,9.333,session_best
2026,9,British Grand Prix,Q,british-grand-prix_corner_03,PIA,OCO,3.0,-5.667,9.0,session_best
2026,9,British Grand Prix,Q,british-grand-prix_corner_03,VER,OCO,4.0,-2.333,11.333,session_best
2026,9,British Grand Prix,Q,british-grand-prix_corner_03,ANT,OCO,5.0,-3.333,9.333,session_best
2026,9,British Grand Prix,Q,british-grand-prix_corner_03,HAD,OCO,5.0,-5.667,11.0,session_best
2026,9,British Grand Prix,Q,british-grand-prix_corner_03,HAM,OCO,6.0,-3.667,10.333,session_best
2026,9,British Grand Prix,Q,british-grand-prix_corner_03,PER,OCO,7.0,3.333,10.0,session_best
2026,9,British Grand Prix,Q,british-grand-prix_corner_03,LEC,OCO,7.0,-1.333,11.667,session_best
2026,9,British Grand Prix,Q,british-grand-prix_corner_03,GAS,OCO,8.0,-17.0,12.667,session_best
2026,9,British Grand Prix,Q,british-grand-prix_corner_03,ALB,OCO,9.0,-2.0,14.0,session_best
2026,9,British Grand Prix,Q,british-grand-prix_corner_03,STR,OCO,10.0,7.667,13.667,session_best
2026,9,British Grand Prix,Q,british-grand-prix_corner_03,BOR,OCO,10.0,-10.667,13.667,session_best
2026,9,British Grand Prix,Q,british-grand-prix_corner_03,BEA,OCO,12.0,1.0,17.0,session_best
2026,9,British Grand Prix,Q,british-grand-prix_corner_03,HUL,OCO,14.0,-9.667,20.0,session_best
2026,9,British Grand Prix,Q,british-grand-prix_corner_03,NOR,OCO,14.0,-4.0,16.333,session_best
2026,9,British Grand Prix,Q,british-grand-prix_corner_03,LAW,OCO,15.0,-8.0,20.333,session_best
2026,9,British Grand Prix,Q,british-grand-prix_corner_03,SAI,OCO,16.0,-4.333,22.0,session_best
2026,9,British Grand Prix,Q,british-grand-prix_corner_03,ALO,OCO,18.0,6.75,23.75,session_best
2026,9,British Grand Prix,Q,british-grand-prix_corner_03,COL,OCO,18.0,7.75,23.25,session_best
2026,9,British Grand Prix,Q,british-grand-prix_corner_03,BOT,OCO,22.0,3.5,20.25,session_best
2026,9,British Grand Prix,Q,british-grand-prix_corner_04,HUL,HUL,0.0,0.0,0.0,session_best
2026,9,British Grand Prix,Q,british-grand-prix_corner_04,ANT,HUL,1.0,-1.5,-4.133,session_best
2026,9,British Grand Prix,Q,british-grand-prix_corner_04,LAW,HUL,1.0,1.667,-14.8,session_best
2026,9,British Grand Prix,Q,british-grand-prix_corner_04,HAD,HUL,2.0,-1.0,-13.633,session_best
2026,9,British Grand Prix,Q,british-grand-prix_corner_04,LEC,HUL,2.0,-5.833,-13.467,session_best
2026,9,British Grand Prix,Q,british-grand-prix_corner_04,BOT,HUL,2.0,10.2,-12.6,session_best
2026,9,British Grand Prix,Q,british-grand-prix_corner_04,PER,HUL,2.0,0.667,-12.3,session_best
2026,9,British Grand Prix,Q,british-grand-prix_corner_04,RUS,HUL,3.0,-3.143,-5.657,session_best
2026,9,British Grand Prix,Q,british-grand-prix_corner_04,PIA,HUL,3.0,-1.833,-23.467,session_best
2026,9,British Grand Prix,Q,british-grand-prix_corner_04,BOR,HUL,3.0,1.0,-18.229,session_best
2026,9,British Grand Prix,Q,british-grand-prix_corner_04,STR,HUL,3.0,-0.167,-5.8,session_best
2026,9,British Grand Prix,Q,british-grand-prix_corner_04,COL,HUL,3.0,2.0,-14.0,session_best
2026,9,British Grand Prix,Q,british-grand-prix_corner_04,OCO,HUL,3.0,0.667,-19.133,session_best
2026,9,British Grand Prix,Q,british-grand-prix_corner_04,GAS,HUL,3.0,4.833,-2.633,session_best
2026,9,British Grand Prix,Q,british-grand-prix_corner_04,VER,HUL,4.0,-1.5,-24.633,session_best
2026,9,British Grand Prix,Q,british-grand-prix_corner_04,BEA,HUL,4.0,-2.5,21.033,session_best
2026,9,British Grand Prix,Q,british-grand-prix_corner_04,ALO,HUL,4.0,4.0,-12.467,session_best
2026,9,British Grand Prix,Q,british-grand-prix_corner_04,HAM,HUL,4.0,-5.5,-23.3,session_best
2026,9,British Grand Prix,Q,british-grand-prix_corner_04,NOR,HUL,4.0,2.333,-10.133,session_best
2026,9,British Grand Prix,Q,british-grand-prix_corner_04,ALB,HUL,5.0,2.0,-26.633,session_best
2026,9,British Grand Prix,Q,british-grand-prix_corner_04,LIN,HUL,5.0,-0.667,-0.967,session_best
2026,9,British Grand Prix,Q,british-grand-prix_corner_04,SAI,HUL,5.0,1.667,-20.967,session_best
2026,9,British Grand Prix,Q,british-grand-prix_corner_07,HAM,HAM,0.0,0.0,0.0,session_best
2026,9,British Grand Prix,Q,british-grand-prix_corner_07,LEC,HAM,2.0,6.0,-5.0,session_best
2026,9,British Grand Prix,Q,british-grand-prix_corner_07,ANT,HAM,3.0,0.333,-9.333,session_best
2026,9,British Grand Prix,Q,british-grand-prix_corner_07,RUS,HAM,3.0,-5.667,2.0,session_best
2026,9,British Grand Prix,Q,british-grand-prix_corner_07,HAD,HAM,6.0,-7.167,5.25,session_best
2026,9,British Grand Prix,Q,british-grand-prix_corner_07,VER,HAM,7.0,-0.167,-1.0,session_best
2026,9,British Grand Prix,Q,british-grand-prix_corner_07,HUL,HAM,8.0,-2.334,3.333,session_best
2026,9,British Grand Prix,Q,british-grand-prix_corner_07,NOR,HAM,9.0,-1.667,0.0,session_best
2026,9,British Grand Prix,Q,british-grand-prix_corner_07,SAI,HAM,10.0,4.333,-1.0,session_best
2026,9,British Grand Prix,Q,british-grand-prix_corner_07,PIA,HAM,10.0,2.0,0.667,session_best
2026,9,British Grand Prix,Q,british-grand-prix_corner_07,GAS,HAM,11.0,-4.0,9.333,session_best
2026,9,British Grand Prix,Q,british-grand-prix_corner_07,OCO,HAM,11.0,2.0,4.667,session_best
2026,9,British Grand Prix,Q,british-grand-prix_corner_07,ALB,HAM,12.0,3.333,-2.667,session_best
2026,9,British Grand Prix,Q,british-grand-prix_corner_07,BEA,HAM,12.0,0.583,6.5,session_best
2026,9,British Grand Prix,Q,british-grand-prix_corner_07,LAW,HAM,12.0,-6.334,-5.333,session_best
2026,9,British Grand Prix,Q,british-grand-prix_corner_07,LIN,HAM,13.0,-11.667,-1.667,session_best
2026,9,British Grand Prix,Q,british-grand-prix_corner_07,STR,HAM,15.0,10.833,3.0,session_best
2026,9,British Grand Prix,Q,british-grand-prix_corner_07,COL,HAM,16.0,-7.417,3.5,session_best
2026,9,British Grand Prix,Q,british-grand-prix_corner_07,BOT,HAM,17.0,-0.417,7.5,session_best
2026,9,British Grand Prix,Q,british-grand-prix_corner_07,BOR,HAM,17.0,0.333,13.25,session_best
2026,9,British Grand Prix,Q,british-grand-prix_corner_07,ALO,HAM,17.0,9.583,9.75,session_best
2026,9,British Grand Prix,Q,british-grand-prix_corner_07,PER,HAM,20.0,-2.667,11.0,session_best
2026,9,British Grand Prix,Q,british-grand-prix_corner_08,LAW,LAW,0.0,0.0,0.0,session_best
2026,9,British Grand Prix,Q,british-grand-prix_corner_08,HAM,LAW,0.0,-13.6,0.4,session_best
2026,9,British Grand Prix,Q,british-grand-prix_corner_08,RUS,LAW,2.0,-6.8,-5.4,session_best
2026,9,British Grand Prix,Q,british-grand-prix_corner_08,ANT,LAW,3.0,-9.8,-11.8,session_best
2026,9,British Grand Prix,Q,british-grand-prix_corner_08,HUL,LAW,4.0,-2.0,-3.8,session_best
2026,9,British Grand Prix,Q,british-grand-prix_corner_08,BEA,LAW,4.0,-10.2,0.4,session_best
2026,9,British Grand Prix,Q,british-grand-prix_corner_08,NOR,LAW,4.0,1.6,-5.85,session_best
2026,9,British Grand Prix,Q,british-grand-prix_corner_08,HAD,LAW,5.0,-9.15,6.15,session_best
2026,9,British Grand Prix,Q,british-grand-prix_corner_08,PIA,LAW,6.0,-0.4,-10.2,session_best
2026,9,British Grand Prix,Q,british-grand-prix_corner_08,BOR,LAW,6.0,-8.4,-0.6,session_best
2026,9,British Grand Prix,Q,british-grand-prix_corner_08,VER,LAW,6.0,-21.4,-2.35,session_best
2026,9,British Grand Prix,Q,british-grand-prix_corner_08,LIN,LAW,7.0,-8.8,-6.6,session_best
2026,9,British Grand Prix,Q,british-grand-prix_corner_08,LEC,LAW,7.0,-18.2,-1.4,session_best
2026,9,British Grand Prix,Q,british-grand-prix_corner_08,PER,LAW,9.0,-2.8,11.6,session_best
2026,9,British Grand Prix,Q,british-grand-prix_corner_08,GAS,LAW,9.0,-4.067,-1.267,session_best
2026,9,British Grand Prix,Q,british-grand-prix_corner_08,OCO,LAW,10.0,-9.2,-1.4,session_best
2026,9,British Grand Prix,Q,british-grand-prix_corner_08,BOT,LAW,10.0,10.8,-9.6,session_best
2026,9,British Grand Prix,Q,british-grand-prix_corner_08,ALO,LAW,12.0,0.2,2.2,session_best
2026,9,British Grand Prix,Q,british-grand-prix_corner_08,SAI,LAW,12.0,2.1,-2.85,session_best
2026,9,British Grand Prix,Q,british-grand-prix_corner_08,ALB,LAW,13.0,0.6,10.0,session_best
2026,9,British Grand Prix,Q,british-grand-prix_corner_08,STR,LAW,13.0,20.4,-7.0,session_best
2026,9,British Grand Prix,Q,british-grand-prix_corner_08,COL,LAW,14.0,1.85,-16.35,session_best
2026,9,British Grand Prix,Q,british-grand-prix_corner_14,ANT,ANT,0.0,0.0,0.0,session_best
2026,9,British Grand Prix,Q,british-grand-prix_corner_14,HAD,ANT,5.0,1.0,14.666,session_best
2026,9,British Grand Prix,Q,british-grand-prix_corner_14,RUS,ANT,8.0,0.333,4.333,session_best
2026,9,British Grand Prix,Q,british-grand-prix_corner_14,LEC,ANT,9.0,-6.0,13.0,session_best
2026,9,British Grand Prix,Q,british-grand-prix_corner_14,PIA,ANT,11.0,7.667,15.666,session_best
2026,9,British Grand Prix,Q,british-grand-prix_corner_14,BOR,ANT,11.0,5.5,8.333,session_best
2026,9,British Grand Prix,Q,british-grand-prix_corner_14,NOR,ANT,12.0,10.667,5.0,session_best
2026,9,British Grand Prix,Q,british-grand-prix_corner_14,VER,ANT,12.0,-3.5,15.333,session_best
2026,9,British Grand Prix,Q,british-grand-prix_corner_14,HAM,ANT,12.0,1.333,4.0,session_best
2026,9,British Grand Prix,Q,british-grand-prix_corner_14,HUL,ANT,16.0,-4.0,18.333,session_best
2026,9,British Grand Prix,Q,british-grand-prix_corner_14,LAW,ANT,18.0,1.0,7.083,session_best
2026,9,British Grand Prix,Q,british-grand-prix_corner_14,BEA,ANT,18.0,9.0,18.0,session_best
2026,9,British Grand Prix,Q,british-grand-prix_corner_14,LIN,ANT,20.0,3.667,8.666,session_best
2026,9,British Grand Prix,Q,british-grand-prix_corner_14,COL,ANT,21.0,4.0,32.0,session_best
2026,9,British Grand Prix,Q,british-grand-prix_corner_14,ALB,ANT,22.0,2.333,16.0,session_best
2026,9,British Grand Prix,Q,british-grand-prix_corner_14,GAS,ANT,22.0,-4.333,21.333,session_best
2026,9,British Grand Prix,Q,british-grand-prix_corner_14,SAI,ANT,23.0,12.0,13.333,session_best
2026,9,British Grand Prix,Q,british-grand-prix_corner_14,PER,ANT,24.0,9.0,22.333,session_best
2026,9,British Grand Prix,Q,british-grand-prix_corner_14,STR,ANT,29.0,26.667,16.666,session_best
2026,9,British Grand Prix,Q,british-grand-prix_corner_14,ALO,ANT,31.0,21.0,29.0,session_best
2026,9,British Grand Prix,Q,british-grand-prix_corner_14,BOT,ANT,33.0,17.667,9.666,session_best
2026,9,British Grand Prix,Q,british-grand-prix_corner_14,OCO,ANT,37.0,13.0,22.333,session_best
2026,9,British Grand Prix,Q,british-grand-prix_corner_18,RUS,RUS,0.0,0.0,0.0,session_best
2026,9,British Grand Prix,Q,british-grand-prix_corner_18,ANT,RUS,2.0,1.667,-4.333,session_best
2026,9,British Grand Prix,Q,british-grand-prix_corner_18,NOR,RUS,9.0,8.667,1.333,session_best
2026,9,British Grand Prix,Q,british-grand-prix_corner_18,PIA,RUS,9.0,8.334,0.0,session_best
2026,9,British Grand Prix,Q,british-grand-prix_corner_18,HAM,RUS,12.0,10.0,-3.333,session_best
2026,9,British Grand Prix,Q,british-grand-prix_corner_18,LEC,RUS,13.0,10.667,-6.0,session_best
2026,9,British Grand Prix,Q,british-grand-prix_corner_18,HAD,RUS,13.0,11.667,-0.333,session_best
2026,9,British Grand Prix,Q,british-grand-prix_corner_18,LIN,RUS,17.0,16.0,3.667,session_best
2026,9,British Grand Prix,Q,british-grand-prix_corner_18,VER,RUS,19.0,15.0,5.0,session_best
2026,9,British Grand Prix,Q,british-grand-prix_corner_18,LAW,RUS,20.0,19.667,-3.667,session_best
2026,9,British Grand Prix,Q,british-grand-prix_corner_18,BOR,RUS,22.0,19.334,-1.0,session_best
2026,9,British Grand Prix,Q,british-grand-prix_corner_18,OCO,RUS,23.0,20.334,2.667,session_best
2026,9,British Grand Prix,Q,british-grand-prix_corner_18,HUL,RUS,24.0,20.667,-5.0,session_best
2026,9,British Grand Prix,Q,british-grand-prix_corner_18,ALB,RUS,25.0,21.667,-2.5,session_best
2026,9,British Grand Prix,Q,british-grand-prix_corner_18,BEA,RUS,26.0,18.667,-1.667,session_best
2026,9,British Grand Prix,Q,british-grand-prix_corner_18,GAS,RUS,30.0,25.0,1.0,session_best
2026,9,British Grand Prix,Q,british-grand-prix_corner_18,SAI,RUS,33.0,31.334,0.0,session_best
2026,9,British Grand Prix,Q,british-grand-prix_corner_18,ALO,RUS,34.0,33.667,10.333,session_best
2026,9,British Grand Prix,Q,british-grand-prix_corner_18,PER,RUS,36.0,34.667,10.333,session_best
2026,9,British Grand Prix,Q,british-grand-prix_corner_18,BOT,RUS,38.0,36.334,6.333,session_best
2026,9,British Grand Prix,Q,british-grand-prix_corner_18,COL,RUS,38.0,37.667,1.333,session_best
2026,9,British Grand Prix,Q,british-grand-prix_corner_18,STR,RUS,40.0,37.667,10.0,session_best
2026,9,British Grand Prix,Q,british-grand-prix_corner_19,HAM,HAM,0.0,0.0,0.0,session_best
2026,9,British Grand Prix,Q,british-grand-prix_corner_19,HUL,HAM,1.0,0.75,6.9,session_best
2026,9,British Grand Prix,Q,british-grand-prix_corner_19,LEC,HAM,1.0,-4.25,2.0,session_best
2026,9,British Grand Prix,Q,british-grand-prix_corner_19,PIA,HAM,2.0,5.75,-6.25,session_best
2026,9,British Grand Prix,Q,british-grand-prix_corner_19,BEA,HAM,3.0,0.0,8.5,session_best
2026,9,British Grand Prix,Q,british-grand-prix_corner_19,NOR,HAM,3.0,7.75,-7.5,session_best
2026,9,British Grand Prix,Q,british-grand-prix_corner_19,LAW,HAM,4.0,2.0,4.75,session_best
2026,9,British Grand Prix,Q,british-grand-prix_corner_19,HAD,HAM,4.0,5.75,6.1,session_best
2026,9,British Grand Prix,Q,british-grand-prix_corner_19,VER,HAM,5.0,10.5,5.0,session_best
2026,9,British Grand Prix,Q,british-grand-prix_corner_19,COL,HAM,5.0,21.75,-1.3,session_best
2026,9,British Grand Prix,Q,british-grand-prix_corner_19,BOR,HAM,5.0,4.95,-4.3,session_best
2026,9,British Grand Prix,Q,british-grand-prix_corner_19,RUS,HAM,5.0,6.35,1.3,session_best
2026,9,British Grand Prix,Q,british-grand-prix_corner_19,PER,HAM,5.0,14.5,6.25,session_best
2026,9,British Grand Prix,Q,british-grand-prix_corner_19,ALO,HAM,6.0,16.55,5.7,session_best
2026,9,British Grand Prix,Q,british-grand-prix_corner_19,STR,HAM,6.0,25.15,0.3,session_best
2026,9,British Grand Prix,Q,british-grand-prix_corner_19,SAI,HAM,6.0,13.35,5.9,session_best
2026,9,British Grand Prix,Q,british-grand-prix_corner_19,GAS,HAM,6.0,11.75,4.1,session_best
2026,9,British Grand Prix,Q,british-grand-prix_corner_19,ANT,HAM,7.0,3.95,-6.3,session_best
2026,9,British Grand Prix,Q,british-grand-prix_corner_19,OCO,HAM,8.0,8.417,12.167,session_best
2026,9,British Grand Prix,Q,british-grand-prix_corner_19,ALB,HAM,10.0,3.75,6.5,session_best
2026,9,British Grand Prix,Q,british-grand-prix_corner_19,LIN,HAM,10.0,7.55,1.9,session_best
2026,9,British Grand Prix,Q,british-grand-prix_corner_19,BOT,HAM,11.0,48.0,-10.25,session_best
2026,9,British Grand Prix,Q,british-grand-prix_corner_20,SAI,SAI,0.0,0.0,0.0,session_best
2026,9,British Grand Prix,Q,british-grand-prix_corner_20,NOR,SAI,8.0,12.833,0.167,session_best
2026,9,British Grand Prix,Q,british-grand-prix_corner_20,BOT,SAI,15.0,16.167,1.833,session_best
2026,9,British Grand Prix,Q,british-grand-prix_corner_20,ANT,SAI,17.0,15.833,-9.833,session_best
2026,9,British Grand Prix,Q,british-grand-prix_corner_20,STR,SAI,18.0,20.0,6.0,session_best
2026,9,British Grand Prix,Q,british-grand-prix_corner_20,BOR,SAI,22.0,22.5,-2.5,session_best
2026,9,British Grand Prix,Q,british-grand-prix_corner_20,HAD,SAI,22.0,21.5,0.833,session_best
2026,9,British Grand Prix,Q,british-grand-prix_corner_20,GAS,SAI,22.0,30.5,0.5,session_best
2026,9,British Grand Prix,Q,british-grand-prix_corner_20,LIN,SAI,23.0,23.833,-3.833,session_best
2026,9,British Grand Prix,Q,british-grand-prix_corner_20,PIA,SAI,23.0,28.0,-1.5,session_best
2026,9,British Grand Prix,Q,british-grand-prix_corner_20,COL,SAI,24.0,25.167,-4.167,session_best
2026,9,British Grand Prix,Q,british-grand-prix_corner_20,ALO,SAI,27.0,28.5,17.833,session_best
2026,9,British Grand Prix,Q,british-grand-prix_corner_20,LEC,SAI,29.0,30.167,-3.167,session_best
2026,9,British Grand Prix,Q,british-grand-prix_corner_20,HAM,SAI,35.0,36.167,0.5,session_best
2026,9,British Grand Prix,Q,british-grand-prix_corner_20,RUS,SAI,36.0,37.5,-4.167,session_best
2026,9,British Grand Prix,Q,british-grand-prix_corner_20,HUL,SAI,36.0,34.167,7.5,session_best
2026,9,British Grand Prix,Q,british-grand-prix_corner_20,LAW,SAI,37.0,31.5,2.5,session_best
2026,9,British Grand Prix,Q,british-grand-prix_corner_20,VER,SAI,37.0,40.5,-1.0,session_best
2026,9,British Grand Prix,Q,british-grand-prix_corner_20,PER,SAI,43.0,48.167,0.5,session_best
2026,9,British Grand Prix,Q,british-grand-prix_corner_20,BEA,SAI,44.0,41.25,8.0,session_best
2026,9,British Grand Prix,Q,british-grand-prix_corner_20,ALB,SAI,54.0,47.833,0.5,session_best
2026,9,British Grand Prix,Q,british-grand-prix_corner_20,OCO,SAI,59.0,67.0,1.5,session_best
2026,9,British Grand Prix,R,british-grand-prix_corner_04,ALO,ALO,0.0,0.0,0.0,session_best
2026,9,British Grand Prix,R,british-grand-prix_corner_04,HAD,ALO,0.0,4.0,-10.834,session_best
2026,9,British Grand Prix,R,british-grand-prix_corner_04,HUL,ALO,1.0,12.167,-19.667,session_best
2026,9,British Grand Prix,R,british-grand-prix_corner_04,ALB,ALO,1.0,3.334,-12.5,session_best
2026,9,British Grand Prix,R,british-grand-prix_corner_04,COL,ALO,2.0,8.334,-5.334,session_best
2026,9,British Grand Prix,R,british-grand-prix_corner_04,HAM,ALO,2.0,5.881,-16.238,session_best
2026,9,British Grand Prix,R,british-grand-prix_corner_04,SAI,ALO,2.0,0.367,-22.867,session_best
2026,9,British Grand Prix,R,british-grand-prix_corner_04,VER,ALO,2.0,5.596,-14.381,session_best
2026,9,British Grand Prix,R,british-grand-prix_corner_04,PER,ALO,2.0,15.667,-8.834,session_best
2026,9,British Grand Prix,R,british-grand-prix_corner_04,LAW,ALO,3.0,10.596,-10.238,session_best
2026,9,British Grand Prix,R,british-grand-prix_corner_04,BOR,ALO,4.0,16.167,7.666,session_best
2026,9,British Grand Prix,R,british-grand-prix_corner_04,BOT,ALO,4.0,11.167,-5.524,session_best
2026,9,British Grand Prix,R,british-grand-prix_corner_04,BEA,ALO,4.0,10.881,-3.096,session_best
2026,9,British Grand Prix,R,british-grand-prix_corner_04,ANT,ALO,5.0,3.834,-11.0,session_best
2026,9,British Grand Prix,R,british-grand-prix_corner_04,LIN,ALO,5.0,10.334,-3.167,session_best
2026,9,British Grand Prix,R,british-grand-prix_corner_04,GAS,ALO,7.0,15.453,9.333,session_best
2026,9,British Grand Prix,R,british-grand-prix_corner_04,PIA,ALO,7.0,8.596,-19.81,session_best
2026,9,British Grand Prix,R,british-grand-prix_corner_04,NOR,ALO,7.0,10.167,-14.524,session_best
2026,9,British Grand Prix,R,british-grand-prix_corner_04,LEC,ALO,9.0,2.5,-8.5,session_best
2026,9,British Grand Prix,R,british-grand-prix_corner_04,STR,ALO,9.0,6.738,-9.81,session_best
2026,9,British Grand Prix,R,british-grand-prix_corner_04,RUS,ALO,10.0,9.024,3.19,session_best
2026,9,British Grand Prix,R,british-grand-prix_corner_04,OCO,ALO,12.0,10.334,-8.0,session_best
2026,9,British Grand Prix,R,british-grand-prix_corner_05,HUL,HUL,0.0,0.0,0.0,session_best
2026,9,British Grand Prix,R,british-grand-prix_corner_05,BOR,HUL,5.0,4.5,-4.5,session_best
2026,9,British Grand Prix,R,british-grand-prix_corner_05,LIN,HUL,6.0,8.0,-0.5,session_best
2026,9,British Grand Prix,R,british-grand-prix_corner_05,NOR,HUL,6.0,6.5,-9.5,session_best
2026,9,British Grand Prix,R,british-grand-prix_corner_05,HAM,HUL,8.0,8.5,-15.0,session_best
2026,9,British Grand Prix,R,british-grand-prix_corner_05,ANT,HUL,8.0,7.833,-5.167,session_best
2026,9,British Grand Prix,R,british-grand-prix_corner_05,VER,HUL,8.0,1.167,-5.5,session_best
2026,9,British Grand Prix,R,british-grand-prix_corner_05,SAI,HUL,9.0,8.5,-12.833,session_best
2026,9,British Grand Prix,R,british-grand-prix_corner_05,PIA,HUL,9.0,1.833,-15.5,session_best
2026,9,British Grand Prix,R,british-grand-prix_corner_05,PER,HUL,10.0,12.5,-3.5,session_best
2026,9,British Grand Prix,R,british-grand-prix_corner_05,OCO,HUL,11.0,10.833,-4.833,session_best
2026,9,British Grand Prix,R,british-grand-prix_corner_05,LAW,HUL,12.0,11.5,-8.5,session_best
2026,9,British Grand Prix,R,british-grand-prix_corner_05,RUS,HUL,12.0,13.167,-12.833,session_best
2026,9,British Grand Prix,R,british-grand-prix_corner_05,LEC,HUL,13.0,10.5,-15.833,session_best
2026,9,British Grand Prix,R,british-grand-prix_corner_05,HAD,HUL,15.0,11.5,-7.167,session_best
2026,9,British Grand Prix,R,british-grand-prix_corner_05,COL,HUL,16.0,9.167,-6.833,session_best
2026,9,British Grand Prix,R,british-grand-prix_corner_05,ALB,HUL,16.0,11.5,-11.833,session_best
2026,9,British Grand Prix,R,british-grand-prix_corner_05,BEA,HUL,17.0,12.167,1.167,session_best
2026,9,British Grand Prix,R,british-grand-prix_corner_05,BOT,HUL,17.0,13.833,-0.5,session_best
2026,9,British Grand Prix,R,british-grand-prix_corner_05,GAS,HUL,22.0,18.5,-6.833,session_best
2026,9,British Grand Prix,R,british-grand-prix_corner_05,STR,HUL,30.0,18.167,2.833,session_best
2026,9,British Grand Prix,R,british-grand-prix_corner_05,ALO,HUL,61.0,47.833,1.167,session_best
2026,9,British Grand Prix,R,british-grand-prix_corner_07,HAD,HAD,0.0,0.0,0.0,session_best
2026,9,British Grand Prix,R,british-grand-prix_corner_07,ANT,HAD,1.0,-4.0,2.0,session_best
2026,9,British Grand Prix,R,british-grand-prix_corner_07,VER,HAD,6.0,1.5,2.5,session_best
2026,9,British Grand Prix,R,british-grand-prix_corner_07,SAI,HAD,6.0,3.5,3.0,session_best
2026,9,British Grand Prix,R,british-grand-prix_corner_07,COL,HAD,7.0,-1.167,7.833,session_best
2026,9,British Grand Prix,R,british-grand-prix_corner_07,ALB,HAD,7.0,34.5,5.5,session_best
2026,9,British Grand Prix,R,british-grand-prix_corner_07,LEC,HAD,7.0,-17.5,3.75,session_best
2026,9,British Grand Prix,R,british-grand-prix_corner_07,RUS,HAD,7.0,11.25,-2.25,session_best
2026,9,British Grand Prix,R,british-grand-prix_corner_07,HUL,HAD,8.0,17.167,-0.833,session_best
2026,9,British Grand Prix,R,british-grand-prix_corner_07,LAW,HAD,9.0,-1.5,-1.833,session_best
2026,9,British Grand Prix,R,british-grand-prix_corner_07,NOR,HAD,9.0,23.167,3.833,session_best
2026,9,British Grand Prix,R,british-grand-prix_corner_07,BEA,HAD,11.0,4.5,5.0,session_best
2026,9,British Grand Prix,R,british-grand-prix_corner_07,PER,HAD,12.0,6.75,11.0,session_best
2026,9,British Grand Prix,R,british-grand-prix_corner_07,BOR,HAD,13.0,3.25,10.75,session_best
2026,9,British Grand Prix,R,british-grand-prix_corner_07,GAS,HAD,13.0,5.167,9.833,session_best
2026,9,British Grand Prix,R,british-grand-prix_corner_07,PIA,HAD,15.0,-13.5,10.0,session_best
2026,9,British Grand Prix,R,british-grand-prix_corner_07,LIN,HAD,15.0,0.833,11.167,session_best
2026,9,British Grand Prix,R,british-grand-prix_corner_07,HAM,HAD,15.0,-16.5,11.75,session_best
2026,9,British Grand Prix,R,british-grand-prix_corner_07,OCO,HAD,16.0,-0.25,13.75,session_best
2026,9,British Grand Prix,R,british-grand-prix_corner_07,BOT,HAD,16.0,5.833,13.167,session_best
2026,9,British Grand Prix,R,british-grand-prix_corner_07,ALO,HAD,20.0,22.5,11.25,session_best
2026,9,British Grand Prix,R,british-grand-prix_corner_07,STR,HAD,21.0,10.5,11.75,session_best
2026,9,British Grand Prix,R,british-grand-prix_corner_08,VER,VER,0.0,0.0,0.0,session_best
2026,9,British Grand Prix,R,british-grand-prix_corner_08,SAI,VER,2.0,11.6,-5.2,session_best
2026,9,British Grand Prix,R,british-grand-prix_corner_08,ALB,VER,3.0,5.0,-5.2,session_best
2026,9,British Grand Prix,R,british-grand-prix_corner_08,HAM,VER,3.0,7.6,-3.0,session_best
2026,9,British Grand Prix,R,british-grand-prix_corner_08,ANT,VER,3.0,14.6,-9.6,session_best
2026,9,British Grand Prix,R,british-grand-prix_corner_08,BEA,VER,4.0,8.6,-0.8,session_best
2026,9,British Grand Prix,R,british-grand-prix_corner_08,RUS,VER,4.0,3.3,-15.4,session_best
2026,9,British Grand Prix,R,british-grand-prix_corner_08,HAD,VER,4.0,3.6,-5.2,session_best
2026,9,British Grand Prix,R,british-grand-prix_corner_08,ALO,VER,5.0,15.8,-16.0,session_best
2026,9,British Grand Prix,R,british-grand-prix_corner_08,LEC,VER,5.0,6.8,-7.0,session_best
2026,9,British Grand Prix,R,british-grand-prix_corner_08,LAW,VER,5.0,-0.45,-11.15,session_best
2026,9,British Grand Prix,R,british-grand-prix_corner_08,HUL,VER,6.0,4.2,-0.4,session_best
2026,9,British Grand Prix,R,british-grand-prix_corner_08,LIN,VER,6.0,10.3,0.6,session_best
2026,9,British Grand Prix,R,british-grand-prix_corner_08,BOT,VER,7.0,14.8,5.2,session_best
2026,9,British Grand Prix,R,british-grand-prix_corner_08,PIA,VER,8.0,12.8,0.8,session_best
2026,9,British Grand Prix,R,british-grand-prix_corner_08,COL,VER,8.0,3.4,4.4,session_best
2026,9,British Grand Prix,R,british-grand-prix_corner_08,NOR,VER,8.0,9.633,-12.9,session_best
2026,9,British Grand Prix,R,british-grand-prix_corner_08,GAS,VER,9.0,7.6,-0.4,session_best
2026,9,British Grand Prix,R,british-grand-prix_corner_08,BOR,VER,10.0,8.6,1.4,session_best
2026,9,British Grand Prix,R,british-grand-prix_corner_08,OCO,VER,12.0,12.8,2.6,session_best
2026,9,British Grand Prix,R,british-grand-prix_corner_08,PER,VER,13.0,5.467,7.1,session_best
2026,9,British Grand Prix,R,british-grand-prix_corner_08,STR,VER,14.0,9.133,13.6,session_best
2026,9,British Grand Prix,R,british-grand-prix_corner_14,HAM,HAM,0.0,0.0,0.0,session_best
2026,9,British Grand Prix,R,british-grand-prix_corner_14,ANT,HAM,2.0,-1.334,-11.0,session_best
2026,9,British Grand Prix,R,british-grand-prix_corner_14,RUS,HAM,2.0,1.666,-4.334,session_best
2026,9,British Grand Prix,R,british-grand-prix_corner_14,HAD,HAM,6.0,-5.667,-4.0,session_best
2026,9,British Grand Prix,R,british-grand-prix_corner_14,SAI,HAM,11.0,13.333,-6.334,session_best
2026,9,British Grand Prix,R,british-grand-prix_corner_14,NOR,HAM,12.0,23.0,-15.334,session_best
2026,9,British Grand Prix,R,british-grand-prix_corner_14,ALB,HAM,13.0,12.0,-3.0,session_best
2026,9,British Grand Prix,R,british-grand-prix_corner_14,VER,HAM,13.0,6.0,-14.334,session_best
2026,9,British Grand Prix,R,british-grand-prix_corner_14,LEC,HAM,13.0,-6.0,-0.334,session_best
2026,9,British Grand Prix,R,british-grand-prix_corner_14,HUL,HAM,13.0,4.0,1.666,session_best
2026,9,British Grand Prix,R,british-grand-prix_corner_14,COL,HAM,14.0,7.666,7.0,session_best
2026,9,British Grand Prix,R,british-grand-prix_corner_14,BEA,HAM,14.0,8.666,4.0,session_best
2026,9,British Grand Prix,R,british-grand-prix_corner_14,BOR,HAM,15.0,14.0,-7.334,session_best
2026,9,British Grand Prix,R,british-grand-prix_corner_14,OCO,HAM,16.0,-4.334,3.0,session_best
2026,9,British Grand Prix,R,british-grand-prix_corner_14,PIA,HAM,17.0,8.0,-12.667,session_best
2026,9,British Grand Prix,R,british-grand-prix_corner_14,LAW,HAM,19.0,2.666,7.333,session_best
2026,9,British Grand Prix,R,british-grand-prix_corner_14,LIN,HAM,20.0,7.666,-8.667,session_best
2026,9,British Grand Prix,R,british-grand-prix_corner_14,GAS,HAM,20.0,-1.417,5.083,session_best
2026,9,British Grand Prix,R,british-grand-prix_corner_14,PER,HAM,22.0,5.333,13.666,session_best
2026,9,British Grand Prix,R,british-grand-prix_corner_14,STR,HAM,28.0,11.666,8.0,session_best
2026,9,British Grand Prix,R,british-grand-prix_corner_14,ALO,HAM,29.0,15.0,-0.667,session_best
2026,9,British Grand Prix,R,british-grand-prix_corner_14,BOT,HAM,36.0,11.0,5.666,session_best
2026,9,British Grand Prix,R,british-grand-prix_corner_18,ANT,ANT,0.0,0.0,0.0,session_best
2026,9,British Grand Prix,R,british-grand-prix_corner_18,RUS,ANT,5.0,-7.667,5.0,session_best
2026,9,British Grand Prix,R,british-grand-prix_corner_18,VER,ANT,6.0,0.667,2.333,session_best
2026,9,British Grand Prix,R,british-grand-prix_corner_18,HAD,ANT,8.0,-8.0,5.333,session_best
2026,9,British Grand Prix,R,british-grand-prix_corner_18,LEC,ANT,12.0,1.333,9.333,session_best
2026,9,British Grand Prix,R,british-grand-prix_corner_18,HUL,ANT,15.0,1.0,5.0,session_best
2026,9,British Grand Prix,R,british-grand-prix_corner_18,NOR,ANT,16.0,-3.0,8.0,session_best
2026,9,British Grand Prix,R,british-grand-prix_corner_18,SAI,ANT,17.0,10.0,5.333,session_best
2026,9,British Grand Prix,R,british-grand-prix_corner_18,HAM,ANT,17.0,3.667,0.333,session_best
2026,9,British Grand Prix,R,british-grand-prix_corner_18,PIA,ANT,20.0,7.0,8.083,session_best
2026,9,British Grand Prix,R,british-grand-prix_corner_18,COL,ANT,22.0,6.333,15.0,session_best
2026,9,British Grand Prix,R,british-grand-prix_corner_18,LAW,ANT,22.0,10.667,-1.334,session_best
2026,9,British Grand Prix,R,british-grand-prix_corner_18,ALB,ANT,23.0,9.667,12.333,session_best
2026,9,British Grand Prix,R,british-grand-prix_corner_18,GAS,ANT,23.0,9.0,9.833,session_best
2026,9,British Grand Prix,R,british-grand-prix_corner_18,LIN,ANT,26.0,14.333,-1.334,session_best
2026,9,British Grand Prix,R,british-grand-prix_corner_18,BOR,ANT,27.0,4.667,8.0,session_best
2026,9,British Grand Prix,R,british-grand-prix_corner_18,ALO,ANT,29.0,21.5,11.083,session_best
2026,9,British Grand Prix,R,british-grand-prix_corner_18,BOT,ANT,29.0,20.0,17.083,session_best
2026,9,British Grand Prix,R,british-grand-prix_corner_18,BEA,ANT,30.0,21.25,5.333,session_best
2026,9,British Grand Prix,R,british-grand-prix_corner_18,PER,ANT,30.0,11.667,19.0,session_best
2026,9,British Grand Prix,R,british-grand-prix_corner_18,OCO,ANT,31.0,6.5,12.333,session_best
2026,9,British Grand Prix,R,british-grand-prix_corner_18,STR,ANT,32.0,15.25,15.833,session_best
2026,9,British Grand Prix,R,british-grand-prix_corner_19,ANT,ANT,0.0,0.0,0.0,session_best
2026,9,British Grand Prix,R,british-grand-prix_corner_19,COL,ANT,1.0,6.75,2.5,session_best
2026,9,British Grand Prix,R,british-grand-prix_corner_19,GAS,ANT,1.0,2.2,2.7,session_best
2026,9,British Grand Prix,R,british-grand-prix_corner_19,HAD,ANT,1.0,1.25,-2.0,session_best
2026,9,British Grand Prix,R,british-grand-prix_corner_19,NOR,ANT,2.0,3.2,1.5,session_best
2026,9,British Grand Prix,R,british-grand-prix_corner_19,ALB,ANT,3.0,4.75,4.0,session_best
2026,9,British Grand Prix,R,british-grand-prix_corner_19,VER,ANT,4.0,-0.8,-0.7,session_best
2026,9,British Grand Prix,R,british-grand-prix_corner_19,STR,ANT,4.0,12.0,5.667,session_best
2026,9,British Grand Prix,R,british-grand-prix_corner_19,HAM,ANT,4.0,-6.75,3.75,session_best
2026,9,British Grand Prix,R,british-grand-prix_corner_19,HUL,ANT,5.0,0.75,2.5,session_best
2026,9,British Grand Prix,R,british-grand-prix_corner_19,LAW,ANT,5.0,-6.5,4.5,session_best
2026,9,British Grand Prix,R,british-grand-prix_corner_19,PIA,ANT,5.0,3.6,6.3,session_best
2026,9,British Grand Prix,R,british-grand-prix_corner_19,LIN,ANT,6.0,-4.25,3.25,session_best
2026,9,British Grand Prix,R,british-grand-prix_corner_19,LEC,ANT,6.0,3.8,2.7,session_best
2026,9,British Grand Prix,R,british-grand-prix_corner_19,RUS,ANT,6.0,12.6,-3.7,session_best
2026,9,British Grand Prix,R,british-grand-prix_corner_19,OCO,ANT,7.0,6.6,4.9,session_best
2026,9,British Grand Prix,R,british-grand-prix_corner_19,SAI,ANT,7.0,5.0,1.1,session_best
2026,9,British Grand Prix,R,british-grand-prix_corner_19,ALO,ANT,7.0,8.0,2.7,session_best
2026,9,British Grand Prix,R,british-grand-prix_corner_19,PER,ANT,8.0,11.6,2.5,session_best
2026,9,British Grand Prix,R,british-grand-prix_corner_19,BOT,ANT,9.0,9.8,2.9,session_best
2026,9,British Grand Prix,R,british-grand-prix_corner_19,BEA,ANT,10.0,0.2,9.9,session_best
2026,9,British Grand Prix,R,british-grand-prix_corner_19,BOR,ANT,12.0,3.6,5.9,session_best
2026,9,British Grand Prix,R,british-grand-prix_corner_20,NOR,NOR,0.0,0.0,0.0,session_best
2026,9,British Grand Prix,R,british-grand-prix_corner_20,VER,NOR,1.0,4.667,0.333,session_best
2026,9,British Grand Prix,R,british-grand-prix_corner_20,RUS,NOR,3.0,9.334,-2.667,session_best
2026,9,British Grand Prix,R,british-grand-prix_corner_20,ALO,NOR,4.0,7.0,4.333,session_best
2026,9,British Grand Prix,R,british-grand-prix_corner_20,ANT,NOR,5.0,11.0,-4.0,session_best
2026,9,British Grand Prix,R,british-grand-prix_corner_20,SAI,NOR,6.0,9.167,4.083,session_best
2026,9,British Grand Prix,R,british-grand-prix_corner_20,LAW,NOR,7.0,7.417,0.083,session_best
2026,9,British Grand Prix,R,british-grand-prix_corner_20,HAM,NOR,8.0,11.417,6.833,session_best
2026,9,British Grand Prix,R,british-grand-prix_corner_20,LIN,NOR,8.0,5.667,-0.417,session_best
2026,9,British Grand Prix,R,british-grand-prix_corner_20,BOT,NOR,8.0,5.667,2.333,session_best
2026,9,British Grand Prix,R,british-grand-prix_corner_20,PIA,NOR,9.0,10.917,3.583,session_best
2026,9,British Grand Prix,R,british-grand-prix_corner_20,LEC,NOR,9.0,10.167,1.083,session_best
2026,9,British Grand Prix,R,british-grand-prix_corner_20,BOR,NOR,9.0,8.917,-1.417,session_best
2026,9,British Grand Prix,R,british-grand-prix_corner_20,HUL,NOR,9.0,10.167,-3.417,session_best
2026,9,British Grand Prix,R,british-grand-prix_corner_20,PER,NOR,10.0,11.667,5.083,session_best
2026,9,British Grand Prix,R,british-grand-prix_corner_20,ALB,NOR,11.0,17.667,4.333,session_best
2026,9,British Grand Prix,R,british-grand-prix_corner_20,OCO,NOR,11.0,9.334,4.333,session_best
2026,9,British Grand Prix,R,british-grand-prix_corner_20,HAD,NOR,11.0,16.0,-5.0,session_best
2026,9,British Grand Prix,R,british-grand-prix_corner_20,GAS,NOR,12.0,15.667,3.583,session_best
2026,9,British Grand Prix,R,british-grand-prix_corner_20,COL,NOR,14.0,19.417,7.583,session_best
2026,9,British Grand Prix,R,british-grand-prix_corner_20,BEA,NOR,15.0,21.0,4.666,session_best
2026,9,British Grand Prix,R,british-grand-prix_corner_20,STR,NOR,19.0,21.917,14.833,session_best
2026,9,British Grand Prix,S,british-grand-prix_corner_04,PER,PER,0.0,0.0,0.0,session_best
2026,9,British Grand Prix,S,british-grand-prix_corner_04,STR,PER,1.0,-11.167,-1.333,session_best
2026,9,British Grand Prix,S,british-grand-prix_corner_04,BOT,PER,2.0,0.619,-1.19,session_best
2026,9,British Grand Prix,S,british-grand-prix_corner_04,HAM,PER,4.0,-6.334,-0.333,session_best
2026,9,British Grand Prix,S,british-grand-prix_corner_04,HAD,PER,4.0,-3.0,-8.666,session_best
2026,9,British Grand Prix,S,british-grand-prix_corner_04,ANT,PER,4.0,-7.667,-1.047,session_best
2026,9,British Grand Prix,S,british-grand-prix_corner_04,LAW,PER,4.0,1.904,1.953,session_best
2026,9,British Grand Prix,S,british-grand-prix_corner_04,RUS,PER,5.0,-5.524,4.667,session_best
2026,9,British Grand Prix,S,british-grand-prix_corner_04,ALO,PER,5.0,-3.096,-0.19,session_best
2026,9,British Grand Prix,S,british-grand-prix_corner_04,BOR,PER,5.0,2.619,-0.19,session_best
2026,9,British Grand Prix,S,british-grand-prix_corner_04,GAS,PER,5.0,-4.667,-0.476,session_best
2026,9,British Grand Prix,S,british-grand-prix_corner_04,BEA,PER,6.0,-3.381,-5.476,session_best
2026,9,British Grand Prix,S,british-grand-prix_corner_04,VER,PER,6.0,-0.834,-4.333,session_best
2026,9,British Grand Prix,S,british-grand-prix_corner_04,COL,PER,6.0,0.047,0.81,session_best
2026,9,British Grand Prix,S,british-grand-prix_corner_04,HUL,PER,6.0,1.619,-13.19,session_best
2026,9,British Grand Prix,S,british-grand-prix_corner_04,SAI,PER,6.0,-3.238,-5.047,session_best
2026,9,British Grand Prix,S,british-grand-prix_corner_04,LIN,PER,7.0,-5.167,9.5,session_best
2026,9,British Grand Prix,S,british-grand-prix_corner_04,LEC,PER,9.0,-7.524,-5.476,session_best
2026,9,British Grand Prix,S,british-grand-prix_corner_04,OCO,PER,9.0,-3.096,-6.619,session_best
2026,9,British Grand Prix,S,british-grand-prix_corner_04,PIA,PER,10.0,-5.167,-4.666,session_best
2026,9,British Grand Prix,S,british-grand-prix_corner_04,NOR,PER,10.0,-2.0,-11.833,session_best
2026,9,British Grand Prix,S,british-grand-prix_corner_04,ALB,PER,16.0,0.476,6.524,session_best
2026,9,British Grand Prix,S,british-grand-prix_corner_05,LEC,LEC,0.0,0.0,0.0,session_best
2026,9,British Grand Prix,S,british-grand-prix_corner_05,BEA,LEC,3.0,-1.333,5.833,session_best
2026,9,British Grand Prix,S,british-grand-prix_corner_05,NOR,LEC,3.0,-2.0,-2.833,session_best
2026,9,British Grand Prix,S,british-grand-prix_corner_05,HUL,LEC,4.0,6.0,7.0,session_best
2026,9,British Grand Prix,S,british-grand-prix_corner_05,BOT,LEC,5.0,0.667,3.5,session_best
2026,9,British Grand Prix,S,british-grand-prix_corner_05,PIA,LEC,6.0,-3.333,-0.833,session_best
2026,9,British Grand Prix,S,british-grand-prix_corner_05,SAI,LEC,9.0,6.5,-2.0,session_best
2026,9,British Grand Prix,S,british-grand-prix_corner_05,BOR,LEC,10.0,4.333,6.167,session_best
2026,9,British Grand Prix,S,british-grand-prix_corner_05,LAW,LEC,11.0,6.0,3.167,session_best
2026,9,British Grand Prix,S,british-grand-prix_corner_05,VER,LEC,11.0,4.0,-0.5,session_best
2026,9,British Grand Prix,S,british-grand-prix_corner_05,OCO,LEC,12.0,5.0,11.833,session_best
2026,9,British Grand Prix,S,british-grand-prix_corner_05,COL,LEC,12.0,12.333,-2.833,session_best
2026,9,British Grand Prix,S,british-grand-prix_corner_05,ALB,LEC,12.0,9.5,-2.0,session_best
2026,9,British Grand Prix,S,british-grand-prix_corner_05,ANT,LEC,13.0,12.0,2.5,session_best
2026,9,British Grand Prix,S,british-grand-prix_corner_05,HAD,LEC,13.0,0.333,1.5,session_best
2026,9,British Grand Prix,S,british-grand-prix_corner_05,GAS,LEC,14.0,12.333,8.833,session_best
2026,9,British Grand Prix,S,british-grand-prix_corner_05,PER,LEC,15.0,10.0,6.5,session_best
2026,9,British Grand Prix,S,british-grand-prix_corner_05,RUS,LEC,16.0,11.0,-1.0,session_best
2026,9,British Grand Prix,S,british-grand-prix_corner_05,LIN,LEC,20.0,12.0,7.5,session_best
2026,9,British Grand Prix,S,british-grand-prix_corner_05,HAM,LEC,20.0,23.0,5.833,session_best
2026,9,British Grand Prix,S,british-grand-prix_corner_05,STR,LEC,23.0,22.333,7.5,session_best
2026,9,British Grand Prix,S,british-grand-prix_corner_05,ALO,LEC,33.0,15.667,3.833,session_best
2026,9,British Grand Prix,S,british-grand-prix_corner_07,ANT,ANT,0.0,0.0,0.0,session_best
2026,9,British Grand Prix,S,british-grand-prix_corner_07,HAM,ANT,1.0,-6.333,4.167,session_best
2026,9,British Grand Prix,S,british-grand-prix_corner_07,RUS,ANT,1.0,-12.333,5.334,session_best
2026,9,British Grand Prix,S,british-grand-prix_corner_07,HUL,ANT,2.0,15.0,2.0,session_best
2026,9,British Grand Prix,S,british-grand-prix_corner_07,GAS,ANT,4.0,-1.333,9.667,session_best
2026,9,British Grand Prix,S,british-grand-prix_corner_07,NOR,ANT,5.0,-6.0,6.0,session_best
2026,9,British Grand Prix,S,british-grand-prix_corner_07,LEC,ANT,5.0,-4.333,5.667,session_best
2026,9,British Grand Prix,S,british-grand-prix_corner_07,OCO,ANT,6.0,10.417,10.667,session_best
2026,9,British Grand Prix,S,british-grand-prix_corner_07,PIA,ANT,6.0,-9.583,12.667,session_best
2026,9,British Grand Prix,S,british-grand-prix_corner_07,COL,ANT,8.0,-10.0,14.667,session_best
2026,9,British Grand Prix,S,british-grand-prix_corner_07,LAW,ANT,8.0,-1.083,7.417,session_best
2026,9,British Grand Prix,S,british-grand-prix_corner_07,BEA,ANT,9.0,3.667,12.0,session_best
2026,9,British Grand Prix,S,british-grand-prix_corner_07,VER,ANT,10.0,-11.666,15.0,session_best
2026,9,British Grand Prix,S,british-grand-prix_corner_07,LIN,ANT,10.0,-3.666,15.0,session_best
2026,9,British Grand Prix,S,british-grand-prix_corner_07,HAD,ANT,12.0,-16.666,17.0,session_best
2026,9,British Grand Prix,S,british-grand-prix_corner_07,PER,ANT,12.0,-0.333,10.334,session_best
2026,9,British Grand Prix,S,british-grand-prix_corner_07,BOT,ANT,14.0,-2.583,15.167,session_best
2026,9,British Grand Prix,S,british-grand-prix_corner_07,STR,ANT,15.0,2.167,8.417,session_best
2026,9,British Grand Prix,S,british-grand-prix_corner_07,BOR,ANT,16.0,-0.666,10.667,session_best
2026,9,British Grand Prix,S,british-grand-prix_corner_07,ALO,ANT,19.0,0.167,20.167,session_best
2026,9,British Grand Prix,S,british-grand-prix_corner_07,ALB,ANT,21.0,-15.083,24.917,session_best
2026,9,British Grand Prix,S,british-grand-prix_corner_07,SAI,ANT,29.0,-4.933,26.267,session_best
2026,9,British Grand Prix,S,british-grand-prix_corner_08,VER,VER,0.0,0.0,0.0,session_best
2026,9,British Grand Prix,S,british-grand-prix_corner_08,ANT,VER,1.0,-14.6,-14.1,session_best
2026,9,British Grand Prix,S,british-grand-prix_corner_08,RUS,VER,1.0,-8.8,29.4,session_best
2026,9,British Grand Prix,S,british-grand-prix_corner_08,NOR,VER,1.0,0.6,4.2,session_best
2026,9,British Grand Prix,S,british-grand-prix_corner_08,HAM,VER,1.0,-3.4,-2.2,session_best
2026,9,British Grand Prix,S,british-grand-prix_corner_08,BEA,VER,2.0,3.233,21.9,session_best
2026,9,British Grand Prix,S,british-grand-prix_corner_08,LEC,VER,2.0,-14.4,4.4,session_best
2026,9,British Grand Prix,S,british-grand-prix_corner_08,GAS,VER,2.0,8.2,-2.2,session_best
2026,9,British Grand Prix,S,british-grand-prix_corner_08,PER,VER,3.0,0.0,6.6,session_best
2026,9,British Grand Prix,S,british-grand-prix_corner_08,STR,VER,3.0,2.2,2.2,session_best
2026,9,British Grand Prix,S,british-grand-prix_corner_08,LAW,VER,4.0,-6.2,8.2,session_best
2026,9,British Grand Prix,S,british-grand-prix_corner_08,BOT,VER,4.0,5.8,13.6,session_best
2026,9,British Grand Prix,S,british-grand-prix_corner_08,ALB,VER,4.0,1.6,6.0,session_best
2026,9,British Grand Prix,S,british-grand-prix_corner_08,OCO,VER,5.0,5.6,7.8,session_best
2026,9,British Grand Prix,S,british-grand-prix_corner_08,LIN,VER,5.0,-5.2,8.2,session_best
2026,9,British Grand Prix,S,british-grand-prix_corner_08,SAI,VER,6.0,6.4,5.8,session_best
2026,9,British Grand Prix,S,british-grand-prix_corner_08,PIA,VER,6.0,9.8,15.2,session_best
2026,9,British Grand Prix,S,british-grand-prix_corner_08,HAD,VER,6.0,1.4,-11.0,session_best
2026,9,British Grand Prix,S,british-grand-prix_corner_08,HUL,VER,7.0,8.4,-1.6,session_best
2026,9,British Grand Prix,S,british-grand-prix_corner_08,ALO,VER,7.0,20.4,-7.8,session_best
2026,9,British Grand Prix,S,british-grand-prix_corner_08,COL,VER,8.0,6.4,-0.933,session_best
2026,9,British Grand Prix,S,british-grand-prix_corner_08,BOR,VER,10.0,5.4,5.9,session_best
2026,9,British Grand Prix,S,british-grand-prix_corner_14,ANT,ANT,0.0,0.0,0.0,session_best
2026,9,British Grand Prix,S,british-grand-prix_corner_14,RUS,ANT,4.0,-17.5,11.833,session_best
2026,9,British Grand Prix,S,british-grand-prix_corner_14,HAM,ANT,8.0,-7.0,-2.667,session_best
2026,9,British Grand Prix,S,british-grand-prix_corner_14,VER,ANT,11.0,1.667,10.666,session_best
2026,9,British Grand Prix,S,british-grand-prix_corner_14,LEC,ANT,13.0,-19.0,11.833,session_best
2026,9,British Grand Prix,S,british-grand-prix_corner_14,NOR,ANT,14.0,1.0,12.833,session_best
2026,9,British Grand Prix,S,british-grand-prix_corner_14,BEA,ANT,15.0,-8.0,20.666,session_best
2026,9,British Grand Prix,S,british-grand-prix_corner_14,PIA,ANT,15.0,6.5,11.583,session_best
2026,9,British Grand Prix,S,british-grand-prix_corner_14,STR,ANT,18.0,7.75,19.333,session_best
2026,9,British Grand Prix,S,british-grand-prix_corner_14,BOR,ANT,18.0,5.5,6.833,session_best
2026,9,British Grand Prix,S,british-grand-prix_corner_14,LIN,ANT,19.0,-4.667,14.0,session_best
2026,9,British Grand Prix,S,british-grand-prix_corner_14,OCO,ANT,20.0,-5.0,18.333,session_best
2026,9,British Grand Prix,S,british-grand-prix_corner_14,LAW,ANT,22.0,4.0,15.666,session_best
2026,9,British Grand Prix,S,british-grand-prix_corner_14,ALB,ANT,23.0,10.0,17.666,session_best
2026,9,British Grand Prix,S,british-grand-prix_corner_14,HUL,ANT,23.0,-0.5,13.833,session_best
2026,9,British Grand Prix,S,british-grand-prix_corner_14,ALO,ANT,23.0,2.0,14.833,session_best
2026,9,British Grand Prix,S,british-grand-prix_corner_14,GAS,ANT,23.0,6.25,13.583,session_best
2026,9,British Grand Prix,S,british-grand-prix_corner_14,SAI,ANT,24.0,19.0,9.666,session_best
2026,9,British Grand Prix,S,british-grand-prix_corner_14,COL,ANT,25.0,3.25,17.583,session_best
2026,9,British Grand Prix,S,british-grand-prix_corner_14,HAD,ANT,26.0,5.333,18.333,session_best
2026,9,British Grand Prix,S,british-grand-prix_corner_14,BOT,ANT,32.0,23.667,23.333,session_best
2026,9,British Grand Prix,S,british-grand-prix_corner_14,PER,ANT,32.0,12.333,20.666,session_best
2026,9,British Grand Prix,S,british-grand-prix_corner_18,ANT,ANT,0.0,0.0,0.0,session_best
2026,9,British Grand Prix,S,british-grand-prix_corner_18,LEC,ANT,3.0,-5.667,10.833,session_best
2026,9,British Grand Prix,S,british-grand-prix_corner_18,HAM,ANT,4.0,5.0,-11.0,session_best
2026,9,British Grand Prix,S,british-grand-prix_corner_18,RUS,ANT,4.0,-1.334,0.0,session_best
2026,9,British Grand Prix,S,british-grand-prix_corner_18,NOR,ANT,5.0,-1.0,4.0,session_best
2026,9,British Grand Prix,S,british-grand-prix_corner_18,PIA,ANT,10.0,-1.334,1.0,session_best
2026,9,British Grand Prix,S,british-grand-prix_corner_18,BEA,ANT,12.0,14.666,-6.334,session_best
2026,9,British Grand Prix,S,british-grand-prix_corner_18,HUL,ANT,12.0,6.0,-5.334,session_best
2026,9,British Grand Prix,S,british-grand-prix_corner_18,LAW,ANT,13.0,12.333,-11.0,session_best
2026,9,British Grand Prix,S,british-grand-prix_corner_18,VER,ANT,14.0,8.666,-7.0,session_best
2026,9,British Grand Prix,S,british-grand-prix_corner_18,BOR,ANT,16.0,11.0,1.666,session_best
2026,9,British Grand Prix,S,british-grand-prix_corner_18,SAI,ANT,17.0,16.333,-9.334,session_best
2026,9,British Grand Prix,S,british-grand-prix_corner_18,GAS,ANT,17.0,16.666,5.666,session_best
2026,9,British Grand Prix,S,british-grand-prix_corner_18,OCO,ANT,18.0,20.666,2.333,session_best
2026,9,British Grand Prix,S,british-grand-prix_corner_18,LIN,ANT,19.0,5.083,-4.917,session_best
2026,9,British Grand Prix,S,british-grand-prix_corner_18,ALB,ANT,20.0,6.333,8.666,session_best
2026,9,British Grand Prix,S,british-grand-prix_corner_18,BOT,ANT,20.0,19.583,7.583,session_best
2026,9,British Grand Prix,S,british-grand-prix_corner_18,COL,ANT,21.0,14.583,-4.417,session_best
2026,9,British Grand Prix,S,british-grand-prix_corner_18,HAD,ANT,25.0,24.666,-1.667,session_best
2026,9,British Grand Prix,S,british-grand-prix_corner_18,PER,ANT,27.0,26.0,6.333,session_best
2026,9,British Grand Prix,S,british-grand-prix_corner_18,STR,ANT,27.0,21.0,12.0,session_best
2026,9,British Grand Prix,S,british-grand-prix_corner_18,ALO,ANT,31.0,26.333,11.833,session_best
2026,9,British Grand Prix,S,british-grand-prix_corner_19,ANT,ANT,0.0,0.0,0.0,session_best
2026,9,British Grand Prix,S,british-grand-prix_corner_19,NOR,ANT,2.0,3.0,2.0,session_best
2026,9,British Grand Prix,S,british-grand-prix_corner_19,LEC,ANT,4.0,6.75,5.85,session_best
2026,9,British Grand Prix,S,british-grand-prix_corner_19,STR,ANT,4.0,10.4,-0.8,session_best
2026,9,British Grand Prix,S,british-grand-prix_corner_19,COL,ANT,4.0,-15.6,1.8,session_best
2026,9,British Grand Prix,S,british-grand-prix_corner_19,LIN,ANT,5.0,-7.8,3.8,session_best
2026,9,British Grand Prix,S,british-grand-prix_corner_19,VER,ANT,5.0,-7.0,-3.15,session_best
2026,9,British Grand Prix,S,british-grand-prix_corner_19,RUS,ANT,5.0,-4.8,-2.8,session_best
2026,9,British Grand Prix,S,british-grand-prix_corner_19,HAM,ANT,5.0,-15.4,0.4,session_best
2026,9,British Grand Prix,S,british-grand-prix_corner_19,GAS,ANT,5.0,1.8,0.0,session_best
2026,9,British Grand Prix,S,british-grand-prix_corner_19,BEA,ANT,6.0,-13.0,0.0,session_best
2026,9,British Grand Prix,S,british-grand-prix_corner_19,HUL,ANT,6.0,-13.4,1.2,session_best
2026,9,British Grand Prix,S,british-grand-prix_corner_19,HAD,ANT,6.0,-2.25,-1.15,session_best
2026,9,British Grand Prix,S,british-grand-prix_corner_19,BOT,ANT,6.0,3.2,4.6,session_best
2026,9,British Grand Prix,S,british-grand-prix_corner_19,PER,ANT,6.0,4.2,1.8,session_best
2026,9,British Grand Prix,S,british-grand-prix_corner_19,PIA,ANT,6.0,-1.0,6.0,session_best
2026,9,British Grand Prix,S,british-grand-prix_corner_19,LAW,ANT,6.0,-12.8,3.8,session_best
2026,9,British Grand Prix,S,british-grand-prix_corner_19,OCO,ANT,7.0,-6.5,0.85,session_best
2026,9,British Grand Prix,S,british-grand-prix_corner_19,ALO,ANT,8.0,11.8,4.0,session_best
2026,9,British Grand Prix,S,british-grand-prix_corner_19,BOR,ANT,10.0,0.2,5.4,session_best
2026,9,British Grand Prix,S,british-grand-prix_corner_19,ALB,ANT,12.0,5.2,13.4,session_best
2026,9,British Grand Prix,S,british-grand-prix_corner_19,SAI,ANT,13.0,-17.8,11.6,session_best
2026,9,British Grand Prix,S,british-grand-prix_corner_20,ALO,ALO,0.0,0.0,0.0,session_best
2026,9,British Grand Prix,S,british-grand-prix_corner_20,ANT,ALO,0.0,-5.667,-11.917,session_best
2026,9,British Grand Prix,S,british-grand-prix_corner_20,HAM,ALO,1.0,-8.334,-14.0,session_best
2026,9,British Grand Prix,S,british-grand-prix_corner_20,HAD,ALO,3.0,1.333,-16.167,session_best
2026,9,British Grand Prix,S,british-grand-prix_corner_20,PER,ALO,3.0,-0.917,-2.417,session_best
2026,9,British Grand Prix,S,british-grand-prix_corner_20,BEA,ALO,5.0,5.833,-0.167,session_best
2026,9,British Grand Prix,S,british-grand-prix_corner_20,NOR,ALO,5.0,0.666,-18.0,session_best
2026,9,British Grand Prix,S,british-grand-prix_corner_20,RUS,ALO,5.0,4.833,-3.167,session_best
2026,9,British Grand Prix,S,british-grand-prix_corner_20,HUL,ALO,5.0,1.083,-3.417,session_best
2026,9,British Grand Prix,S,british-grand-prix_corner_20,LAW,ALO,7.0,-0.417,-11.417,session_best
2026,9,British Grand Prix,S,british-grand-prix_corner_20,VER,ALO,8.0,6.333,-16.0,session_best
2026,9,British Grand Prix,S,british-grand-prix_corner_20,COL,ALO,8.0,5.833,-1.167,session_best
2026,9,British Grand Prix,S,british-grand-prix_corner_20,BOR,ALO,9.0,4.583,-3.917,session_best
2026,9,British Grand Prix,S,british-grand-prix_corner_20,STR,ALO,9.0,8.666,-3.667,session_best
2026,9,British Grand Prix,S,british-grand-prix_corner_20,GAS,ALO,9.0,1.833,-4.917,session_best
2026,9,British Grand Prix,S,british-grand-prix_corner_20,LIN,ALO,10.0,9.0,-15.0,session_best
2026,9,British Grand Prix,S,british-grand-prix_corner_20,OCO,ALO,10.0,11.083,-3.167,session_best
2026,9,British Grand Prix,S,british-grand-prix_corner_20,LEC,ALO,11.0,6.083,-11.417,session_best
2026,9,British Grand Prix,S,british-grand-prix_corner_20,PIA,ALO,12.0,7.583,-7.167,session_best
2026,9,British Grand Prix,S,british-grand-prix_corner_20,ALB,ALO,15.0,14.666,12.0,session_best
2026,9,British Grand Prix,S,british-grand-prix_corner_20,SAI,ALO,15.0,13.0,8.666,session_best
2026,9,British Grand Prix,S,british-grand-prix_corner_20,BOT,ALO,16.0,13.666,2.666,session_best
2026,9,British Grand Prix,SQ,british-grand-prix_corner_04,ANT,ANT,0.0,0.0,0.0,session_best
2026,9,British Grand Prix,SQ,british-grand-prix_corner_04,LAW,ANT,0.0,-0.167,-10.333,session_best
2026,9,British Grand Prix,SQ,british-grand-prix_corner_04,PER,ANT,1.0,2.666,22.667,session_best
2026,9,British Grand Prix,SQ,british-grand-prix_corner_04,RUS,ANT,1.0,-4.024,8.453,session_best
2026,9,British Grand Prix,SQ,british-grand-prix_corner_04,HAD,ANT,2.0,1.5,-5.833,session_best
2026,9,British Grand Prix,SQ,british-grand-prix_corner_04,BOR,ANT,3.0,1.166,5.667,session_best
2026,9,British Grand Prix,SQ,british-grand-prix_corner_04,LEC,ANT,3.0,-3.567,-4.633,session_best
2026,9,British Grand Prix,SQ,british-grand-prix_corner_04,VER,ANT,4.0,-3.667,15.334,session_best
2026,9,British Grand Prix,SQ,british-grand-prix_corner_04,HUL,ANT,4.0,1.666,44.667,session_best
2026,9,British Grand Prix,SQ,british-grand-prix_corner_04,GAS,ANT,5.0,3.666,7.0,session_best
2026,9,British Grand Prix,SQ,british-grand-prix_corner_04,HAM,ANT,5.0,-3.5,-0.333,session_best
2026,9,British Grand Prix,SQ,british-grand-prix_corner_04,PIA,ANT,5.0,-2.5,-3.666,session_best
2026,9,British Grand Prix,SQ,british-grand-prix_corner_04,OCO,ANT,6.0,5.5,4.667,session_best
2026,9,British Grand Prix,SQ,british-grand-prix_corner_04,BOT,ANT,7.0,3.666,0.5,session_best
2026,9,British Grand Prix,SQ,british-grand-prix_corner_04,SAI,ANT,7.0,-1.834,16.834,session_best
2026,9,British Grand Prix,SQ,british-grand-prix_corner_04,LIN,ANT,7.0,2.433,12.167,session_best
2026,9,British Grand Prix,SQ,british-grand-prix_corner_04,ALO,ANT,8.0,1.5,21.667,session_best
2026,9,British Grand Prix,SQ,british-grand-prix_corner_04,ALB,ANT,9.0,-2.167,14.0,session_best
2026,9,British Grand Prix,SQ,british-grand-prix_corner_04,STR,ANT,9.0,2.262,12.738,session_best
2026,9,British Grand Prix,SQ,british-grand-prix_corner_04,BEA,ANT,10.0,-1.334,19.667,session_best
2026,9,British Grand Prix,SQ,british-grand-prix_corner_04,NOR,ANT,10.0,1.233,-9.233,session_best
2026,9,British Grand Prix,SQ,british-grand-prix_corner_04,COL,ANT,11.0,-2.0,-8.0,session_best
2026,9,British Grand Prix,SQ,british-grand-prix_corner_05,LAW,LAW,0.0,0.0,0.0,session_best
2026,9,British Grand Prix,SQ,british-grand-prix_corner_05,PIA,LAW,6.0,3.0,-3.333,session_best
2026,9,British Grand Prix,SQ,british-grand-prix_corner_05,ANT,LAW,8.0,12.0,-3.667,session_best
2026,9,British Grand Prix,SQ,british-grand-prix_corner_05,NOR,LAW,8.0,2.667,-5.0,session_best
2026,9,British Grand Prix,SQ,british-grand-prix_corner_05,COL,LAW,9.0,8.5,-3.5,session_best
2026,9,British Grand Prix,SQ,british-grand-prix_corner_05,LIN,LAW,9.0,8.667,0.0,session_best
2026,9,British Grand Prix,SQ,british-grand-prix_corner_05,LEC,LAW,10.0,7.667,0.0,session_best
2026,9,British Grand Prix,SQ,british-grand-prix_corner_05,SAI,LAW,10.0,12.0,2.5,session_best
2026,9,British Grand Prix,SQ,british-grand-prix_corner_05,GAS,LAW,12.0,11.0,-2.667,session_best
2026,9,British Grand Prix,SQ,british-grand-prix_corner_05,BEA,LAW,13.0,15.5,10.0,session_best
2026,9,British Grand Prix,SQ,british-grand-prix_corner_05,HAD,LAW,14.0,4.333,-5.0,session_best
2026,9,British Grand Prix,SQ,british-grand-prix_corner_05,VER,LAW,14.0,6.0,-1.0,session_best
2026,9,British Grand Prix,SQ,british-grand-prix_corner_05,OCO,LAW,15.0,10.667,2.667,session_best
2026,9,British Grand Prix,SQ,british-grand-prix_corner_05,BOT,LAW,15.0,12.667,-3.667,session_best
2026,9,British Grand Prix,SQ,british-grand-prix_corner_05,BOR,LAW,16.0,13.0,3.667,session_best
2026,9,British Grand Prix,SQ,british-grand-prix_corner_05,RUS,LAW,16.0,12.667,2.0,session_best
2026,9,British Grand Prix,SQ,british-grand-prix_corner_05,HAM,LAW,17.0,15.5,-2.0,session_best
2026,9,British Grand Prix,SQ,british-grand-prix_corner_05,ALB,LAW,19.0,12.333,-3.0,session_best
2026,9,British Grand Prix,SQ,british-grand-prix_corner_05,HUL,LAW,24.0,14.333,7.667,session_best
2026,9,British Grand Prix,SQ,british-grand-prix_corner_05,PER,LAW,25.0,22.667,6.333,session_best
2026,9,British Grand Prix,SQ,british-grand-prix_corner_05,STR,LAW,30.0,26.0,8.667,session_best
2026,9,British Grand Prix,SQ,british-grand-prix_corner_05,ALO,LAW,64.0,33.0,8.333,session_best
2026,9,British Grand Prix,SQ,british-grand-prix_corner_07,ANT,ANT,0.0,0.0,0.0,session_best
2026,9,British Grand Prix,SQ,british-grand-prix_corner_07,RUS,ANT,2.0,3.417,5.333,session_best
2026,9,British Grand Prix,SQ,british-grand-prix_corner_07,BOR,ANT,5.0,0.5,12.0,session_best
2026,9,British Grand Prix,SQ,british-grand-prix_corner_07,HAM,ANT,6.0,0.0,11.5,session_best
2026,9,British Grand Prix,SQ,british-grand-prix_corner_07,PIA,ANT,8.0,0.083,11.667,session_best
2026,9,British Grand Prix,SQ,british-grand-prix_corner_07,NOR,ANT,9.0,-1.583,17.333,session_best
2026,9,British Grand Prix,SQ,british-grand-prix_corner_07,LAW,ANT,10.0,-8.583,12.667,session_best
2026,9,British Grand Prix,SQ,british-grand-prix_corner_07,COL,ANT,10.0,-14.25,18.667,session_best
2026,9,British Grand Prix,SQ,british-grand-prix_corner_07,HAD,ANT,10.0,-2.25,10.0,session_best
2026,9,British Grand Prix,SQ,british-grand-prix_corner_07,HUL,ANT,10.0,0.417,18.0,session_best
2026,9,British Grand Prix,SQ,british-grand-prix_corner_07,LEC,ANT,11.0,-2.583,19.333,session_best
2026,9,British Grand Prix,SQ,british-grand-prix_corner_07,VER,ANT,11.0,-7.25,14.667,session_best
2026,9,British Grand Prix,SQ,british-grand-prix_corner_07,SAI,ANT,12.0,-6.25,15.667,session_best
2026,9,British Grand Prix,SQ,british-grand-prix_corner_07,OCO,ANT,12.0,8.5,19.25,session_best
2026,9,British Grand Prix,SQ,british-grand-prix_corner_07,LIN,ANT,14.0,-4.917,8.333,session_best
2026,9,British Grand Prix,SQ,british-grand-prix_corner_07,BEA,ANT,14.0,5.75,16.5,session_best
2026,9,British Grand Prix,SQ,british-grand-prix_corner_07,PER,ANT,15.0,-1.0,22.5,session_best
2026,9,British Grand Prix,SQ,british-grand-prix_corner_07,ALB,ANT,17.0,-2.0,20.0,session_best
2026,9,British Grand Prix,SQ,british-grand-prix_corner_07,GAS,ANT,17.0,-9.25,11.667,session_best
2026,9,British Grand Prix,SQ,british-grand-prix_corner_07,STR,ANT,21.0,10.5,24.25,session_best
2026,9,British Grand Prix,SQ,british-grand-prix_corner_07,ALO,ANT,22.0,11.5,17.5,session_best
2026,9,British Grand Prix,SQ,british-grand-prix_corner_07,BOT,ANT,26.0,6.25,22.0,session_best
2026,9,British Grand Prix,SQ,british-grand-prix_corner_08,LAW,LAW,0.0,0.0,0.0,session_best
2026,9,British Grand Prix,SQ,british-grand-prix_corner_08,HAD,LAW,3.0,-22.15,-1.6,session_best
2026,9,British Grand Prix,SQ,british-grand-prix_corner_08,VER,LAW,3.0,-31.4,12.0,session_best
2026,9,British Grand Prix,SQ,british-grand-prix_corner_08,LEC,LAW,3.0,-21.9,7.15,session_best
2026,9,British Grand Prix,SQ,british-grand-prix_corner_08,ANT,LAW,4.0,-11.2,-6.6,session_best
2026,9,British Grand Prix,SQ,british-grand-prix_corner_08,HAM,LAW,4.0,-18.2,2.4,session_best
2026,9,British Grand Prix,SQ,british-grand-prix_corner_08,NOR,LAW,5.0,-16.4,-2.2,session_best
2026,9,British Grand Prix,SQ,british-grand-prix_corner_08,PIA,LAW,6.0,-21.9,37.4,session_best
2026,9,British Grand Prix,SQ,british-grand-prix_corner_08,RUS,LAW,7.0,-30.4,-0.85,session_best
2026,9,British Grand Prix,SQ,british-grand-prix_corner_08,HUL,LAW,7.0,-31.2,18.0,session_best
2026,9,British Grand Prix,SQ,british-grand-prix_corner_08,BOR,LAW,7.0,-16.4,6.2,session_best
2026,9,British Grand Prix,SQ,british-grand-prix_corner_08,BEA,LAW,8.0,-18.2,3.0,session_best
2026,9,British Grand Prix,SQ,british-grand-prix_corner_08,GAS,LAW,10.0,-5.65,-9.6,session_best
2026,9,British Grand Prix,SQ,british-grand-prix_corner_08,ALB,LAW,11.0,-23.15,5.4,session_best
2026,9,British Grand Prix,SQ,british-grand-prix_corner_08,COL,LAW,11.0,-13.8,-2.4,session_best
2026,9,British Grand Prix,SQ,british-grand-prix_corner_08,BOT,LAW,11.0,3.8,-1.4,session_best
2026,9,British Grand Prix,SQ,british-grand-prix_corner_08,SAI,LAW,12.0,-19.2,1.2,session_best
2026,9,British Grand Prix,SQ,british-grand-prix_corner_08,LIN,LAW,12.0,-26.0,15.4,session_best
2026,9,British Grand Prix,SQ,british-grand-prix_corner_08,STR,LAW,12.0,-5.8,8.8,session_best
2026,9,British Grand Prix,SQ,british-grand-prix_corner_08,ALO,LAW,13.0,-8.2,-4.0,session_best
2026,9,British Grand Prix,SQ,british-grand-prix_corner_08,PER,LAW,14.0,-14.0,12.2,session_best
2026,9,British Grand Prix,SQ,british-grand-prix_corner_08,OCO,LAW,15.0,-7.067,8.9,session_best
2026,9,British Grand Prix,SQ,british-grand-prix_corner_14,ANT,ANT,0.0,0.0,0.0,session_best
2026,9,British Grand Prix,SQ,british-grand-prix_corner_14,RUS,ANT,0.0,-6.333,12.0,session_best
2026,9,British Grand Prix,SQ,british-grand-prix_corner_14,PIA,ANT,4.0,-0.667,7.667,session_best
2026,9,British Grand Prix,SQ,british-grand-prix_corner_14,VER,ANT,4.0,-5.0,18.667,session_best
2026,9,British Grand Prix,SQ,british-grand-prix_corner_14,HAM,ANT,5.0,-6.5,6.667,session_best
2026,9,British Grand Prix,SQ,british-grand-prix_corner_14,NOR,ANT,5.0,3.5,7.167,session_best
2026,9,British Grand Prix,SQ,british-grand-prix_corner_14,HUL,ANT,6.0,-9.0,17.0,session_best
2026,9,British Grand Prix,SQ,british-grand-prix_corner_14,LEC,ANT,7.0,-8.667,18.667,session_best
2026,9,British Grand Prix,SQ,british-grand-prix_corner_14,HAD,ANT,8.0,-3.667,19.334,session_best
2026,9,British Grand Prix,SQ,british-grand-prix_corner_14,GAS,ANT,8.0,-2.0,9.0,session_best
2026,9,British Grand Prix,SQ,british-grand-prix_corner_14,LAW,ANT,10.0,-8.0,9.334,session_best
2026,9,British Grand Prix,SQ,british-grand-prix_corner_14,BOR,ANT,11.0,-8.5,23.167,session_best
2026,9,British Grand Prix,SQ,british-grand-prix_corner_14,SAI,ANT,13.0,0.0,8.0,session_best
2026,9,British Grand Prix,SQ,british-grand-prix_corner_14,LIN,ANT,14.0,-5.333,16.0,session_best
2026,9,British Grand Prix,SQ,british-grand-prix_corner_14,STR,ANT,16.0,-0.333,32.0,session_best
2026,9,British Grand Prix,SQ,british-grand-prix_corner_14,COL,ANT,18.0,-5.0,20.0,session_best
2026,9,British Grand Prix,SQ,british-grand-prix_corner_14,ALB,ANT,19.0,0.667,15.334,session_best
2026,9,British Grand Prix,SQ,british-grand-prix_corner_14,BEA,ANT,20.0,4.333,16.667,session_best
2026,9,British Grand Prix,SQ,british-grand-prix_corner_14,PER,ANT,21.0,5.667,24.0,session_best
2026,9,British Grand Prix,SQ,british-grand-prix_corner_14,OCO,ANT,21.0,6.0,14.417,session_best
2026,9,British Grand Prix,SQ,british-grand-prix_corner_14,BOT,ANT,24.0,5.667,15.334,session_best
2026,9,British Grand Prix,SQ,british-grand-prix_corner_14,ALO,ANT,28.0,3.75,18.667,session_best
2026,9,British Grand Prix,SQ,british-grand-prix_corner_18,RUS,RUS,0.0,0.0,0.0,session_best
2026,9,British Grand Prix,SQ,british-grand-prix_corner_18,HAD,RUS,5.0,17.667,-6.333,session_best
2026,9,British Grand Prix,SQ,british-grand-prix_corner_18,LEC,RUS,5.0,-0.667,-1.333,session_best
2026,9,British Grand Prix,SQ,british-grand-prix_corner_18,PIA,RUS,5.0,13.667,-4.667,session_best
2026,9,British Grand Prix,SQ,british-grand-prix_corner_18,ANT,RUS,6.0,16.0,-4.0,session_best
2026,9,British Grand Prix,SQ,british-grand-prix_corner_18,HAM,RUS,6.0,3.0,-10.5,session_best
2026,9,British Grand Prix,SQ,british-grand-prix_corner_18,NOR,RUS,6.0,13.0,0.333,session_best
2026,9,British Grand Prix,SQ,british-grand-prix_corner_18,VER,RUS,9.0,3.0,0.333,session_best
2026,9,British Grand Prix,SQ,british-grand-prix_corner_18,LAW,RUS,9.0,18.667,-4.0,session_best
2026,9,British Grand Prix,SQ,british-grand-prix_corner_18,HUL,RUS,10.0,9.0,-1.333,session_best
2026,9,British Grand Prix,SQ,british-grand-prix_corner_18,LIN,RUS,14.0,15.333,-4.0,session_best
2026,9,British Grand Prix,SQ,british-grand-prix_corner_18,BOR,RUS,16.0,15.333,-3.333,session_best
2026,9,British Grand Prix,SQ,british-grand-prix_corner_18,GAS,RUS,19.0,24.333,-3.667,session_best
2026,9,British Grand Prix,SQ,british-grand-prix_corner_18,SAI,RUS,21.0,28.25,0.5,session_best
2026,9,British Grand Prix,SQ,british-grand-prix_corner_18,COL,RUS,23.0,35.333,1.667,session_best
2026,9,British Grand Prix,SQ,british-grand-prix_corner_18,OCO,RUS,24.0,37.0,6.5,session_best
2026,9,British Grand Prix,SQ,british-grand-prix_corner_18,BEA,RUS,24.0,27.333,1.0,session_best
2026,9,British Grand Prix,SQ,british-grand-prix_corner_18,PER,RUS,25.0,24.667,7.333,session_best
2026,9,British Grand Prix,SQ,british-grand-prix_corner_18,ALB,RUS,26.0,28.0,-0.333,session_best
2026,9,British Grand Prix,SQ,british-grand-prix_corner_18,ALO,RUS,31.0,35.333,7.667,session_best
2026,9,British Grand Prix,SQ,british-grand-prix_corner_18,STR,RUS,31.0,22.333,10.333,session_best
2026,9,British Grand Prix,SQ,british-grand-prix_corner_18,BOT,RUS,32.0,42.0,0.667,session_best
2026,9,British Grand Prix,SQ,british-grand-prix_corner_19,COL,COL,0.0,0.0,0.0,session_best
2026,9,British Grand Prix,SQ,british-grand-prix_corner_19,ANT,COL,1.0,-4.75,-5.45,session_best
2026,9,British Grand Prix,SQ,british-grand-prix_corner_19,VER,COL,1.0,-0.75,-8.45,session_best
2026,9,British Grand Prix,SQ,british-grand-prix_corner_19,PIA,COL,2.0,-5.0,-4.7,session_best
2026,9,British Grand Prix,SQ,british-grand-prix_corner_19,HAM,COL,2.0,-13.0,-6.0,session_best
2026,9,British Grand Prix,SQ,british-grand-prix_corner_19,GAS,COL,3.0,-4.6,-0.6,session_best
2026,9,British Grand Prix,SQ,british-grand-prix_corner_19,HUL,COL,3.0,-7.333,7.8,session_best
2026,9,British Grand Prix,SQ,british-grand-prix_corner_19,NOR,COL,3.0,0.6,-6.0,session_best
2026,9,British Grand Prix,SQ,british-grand-prix_corner_19,SAI,COL,5.0,-6.2,-3.2,session_best
2026,9,British Grand Prix,SQ,british-grand-prix_corner_19,LAW,COL,5.0,-5.75,-6.7,session_best
2026,9,British Grand Prix,SQ,british-grand-prix_corner_19,ALO,COL,6.0,8.4,5.6,session_best
2026,9,British Grand Prix,SQ,british-grand-prix_corner_19,STR,COL,6.0,7.25,-0.7,session_best
2026,9,British Grand Prix,SQ,british-grand-prix_corner_19,HAD,COL,6.0,-5.4,-4.6,session_best
2026,9,British Grand Prix,SQ,british-grand-prix_corner_19,LEC,COL,6.0,-6.25,-3.2,session_best
2026,9,British Grand Prix,SQ,british-grand-prix_corner_19,RUS,COL,7.0,0.2,-3.4,session_best
2026,9,British Grand Prix,SQ,british-grand-prix_corner_19,OCO,COL,7.0,6.75,7.05,session_best
2026,9,British Grand Prix,SQ,british-grand-prix_corner_19,BEA,COL,7.0,-0.4,0.6,session_best
2026,9,British Grand Prix,SQ,british-grand-prix_corner_19,BOR,COL,7.0,-3.4,-5.0,session_best
2026,9,British Grand Prix,SQ,british-grand-prix_corner_19,PER,COL,8.0,4.0,-1.2,session_best
2026,9,British Grand Prix,SQ,british-grand-prix_corner_19,BOT,COL,9.0,0.2,2.6,session_best
2026,9,British Grand Prix,SQ,british-grand-prix_corner_19,ALB,COL,10.0,-3.5,5.8,session_best
2026,9,British Grand Prix,SQ,british-grand-prix_corner_19,LIN,COL,10.0,-4.0,-5.2,session_best
2026,9,British Grand Prix,SQ,british-grand-prix_corner_20,BOT,BOT,0.0,0.0,0.0,session_best
2026,9,British Grand Prix,SQ,british-grand-prix_corner_20,GAS,BOT,7.0,10.0,3.667,session_best
2026,9,British Grand Prix,SQ,british-grand-prix_corner_20,NOR,BOT,8.0,8.666,-2.666,session_best
2026,9,British Grand Prix,SQ,british-grand-prix_corner_20,ANT,BOT,8.0,9.666,-7.666,session_best
2026,9,British Grand Prix,SQ,british-grand-prix_corner_20,LAW,BOT,10.0,11.333,-5.0,session_best
2026,9,British Grand Prix,SQ,british-grand-prix_corner_20,ALO,BOT,11.0,11.0,21.667,session_best
2026,9,British Grand Prix,SQ,british-grand-prix_corner_20,BOR,BOT,12.0,17.666,0.0,session_best
2026,9,British Grand Prix,SQ,british-grand-prix_corner_20,BEA,BOT,14.0,19.333,0.334,session_best
2026,9,British Grand Prix,SQ,british-grand-prix_corner_20,HAD,BOT,16.0,20.833,-2.333,session_best
2026,9,British Grand Prix,SQ,british-grand-prix_corner_20,LEC,BOT,16.0,24.666,-7.0,session_best
2026,9,British Grand Prix,SQ,british-grand-prix_corner_20,RUS,BOT,19.0,29.0,0.667,session_best
2026,9,British Grand Prix,SQ,british-grand-prix_corner_20,HAM,BOT,20.0,27.333,-3.666,session_best
2026,9,British Grand Prix,SQ,british-grand-prix_corner_20,LIN,BOT,21.0,25.833,-8.333,session_best
2026,9,British Grand Prix,SQ,british-grand-prix_corner_20,PIA,BOT,22.0,28.583,-1.583,session_best
2026,9,British Grand Prix,SQ,british-grand-prix_corner_20,SAI,BOT,24.0,24.666,-1.333,session_best
2026,9,British Grand Prix,SQ,british-grand-prix_corner_20,COL,BOT,24.0,27.666,-0.333,session_best
2026,9,British Grand Prix,SQ,british-grand-prix_corner_20,HUL,BOT,24.0,29.833,-3.333,session_best
2026,9,British Grand Prix,SQ,british-grand-prix_corner_20,PER,BOT,24.0,29.666,1.667,session_best
2026,9,British Grand Prix,SQ,british-grand-prix_corner_20,VER,BOT,25.0,26.833,-3.833,session_best
2026,9,British Grand Prix,SQ,british-grand-prix_corner_20,ALB,BOT,27.0,30.333,-3.666,session_best
2026,9,British Grand Prix,SQ,british-grand-prix_corner_20,STR,BOT,29.0,31.333,6.167,session_best
2026,9,British Grand Prix,SQ,british-grand-prix_corner_20,OCO,BOT,32.0,32.833,3.917,session_best
2026,10,Belgian Grand Prix,FP1,belgian-grand-prix_corner_01,BEA,BEA,0.0,0.0,0.0,session_best
2026,10,Belgian Grand Prix,FP1,belgian-grand-prix_corner_01,ANT,BEA,1.0,5.0,12.833,session_best
2026,10,Belgian Grand Prix,FP1,belgian-grand-prix_corner_01,BOR,BEA,17.0,3.333,28.666,session_best
2026,10,Belgian Grand Prix,FP1,belgian-grand-prix_corner_01,CRA,BEA,18.0,24.75,10.833,session_best
2026,10,Belgian Grand Prix,FP1,belgian-grand-prix_corner_01,HAD,BEA,23.0,-2.75,28.333,session_best
2026,10,Belgian Grand Prix,FP1,belgian-grand-prix_corner_01,LEC,BEA,24.0,1.5,28.833,session_best
2026,10,Belgian Grand Prix,FP1,belgian-grand-prix_corner_01,HAM,BEA,25.0,-2.5,22.083,session_best
2026,10,Belgian Grand Prix,FP1,belgian-grand-prix_corner_01,VER,BEA,28.0,-6.75,32.833,session_best
2026,10,Belgian Grand Prix,FP1,belgian-grand-prix_corner_01,OCO,BEA,28.0,-0.333,38.333,session_best
2026,10,Belgian Grand Prix,FP1,belgian-grand-prix_corner_01,NOR,BEA,31.0,-0.75,45.083,session_best
2026,10,Belgian Grand Prix,FP1,belgian-grand-prix_corner_01,COL,BEA,32.0,10.0,46.583,session_best
2026,10,Belgian Grand Prix,FP1,belgian-grand-prix_corner_01,RUS,BEA,32.0,-2.0,47.333,session_best
2026,10,Belgian Grand Prix,FP1,belgian-grand-prix_corner_01,SAI,BEA,33.0,21.6,37.733,session_best
2026,10,Belgian Grand Prix,FP1,belgian-grand-prix_corner_01,LIN,BEA,34.0,1.5,37.583,session_best
2026,10,Belgian Grand Prix,FP1,belgian-grand-prix_corner_01,GAS,BEA,35.0,9.75,41.833,session_best
2026,10,Belgian Grand Prix,FP1,belgian-grand-prix_corner_01,HUL,BEA,35.0,1.75,33.833,session_best
2026,10,Belgian Grand Prix,FP1,belgian-grand-prix_corner_01,STR,BEA,36.0,17.0,42.133,session_best
2026,10,Belgian Grand Prix,FP1,belgian-grand-prix_corner_01,PIA,BEA,36.0,-7.0,44.583,session_best
2026,10,Belgian Grand Prix,FP1,belgian-grand-prix_corner_01,PER,BEA,37.0,-1.0,49.833,session_best
2026,10,Belgian Grand Prix,FP1,belgian-grand-prix_corner_01,BOT,BEA,40.0,3.5,50.083,session_best
2026,10,Belgian Grand Prix,FP1,belgian-grand-prix_corner_01,LAW,BEA,42.0,3.0,50.833,session_best
2026,10,Belgian Grand Prix,FP1,belgian-grand-prix_corner_01,ALB,BEA,46.0,-1.5,64.583,session_best
2026,10,Belgian Grand Prix,FP1,belgian-grand-prix_corner_02,BOR,BOR,0.0,0.0,0.0,session_best
2026,10,Belgian Grand Prix,FP1,belgian-grand-prix_corner_02,COL,BOR,2.0,6.8,2.2,session_best
2026,10,Belgian Grand Prix,FP1,belgian-grand-prix_corner_02,ANT,BOR,3.0,2.0,-6.4,session_best
2026,10,Belgian Grand Prix,FP1,belgian-grand-prix_corner_02,HAM,BOR,3.0,10.0,-9.4,session_best
2026,10,Belgian Grand Prix,FP1,belgian-grand-prix_corner_02,STR,BOR,3.0,12.6,6.2,session_best
2026,10,Belgian Grand Prix,FP1,belgian-grand-prix_corner_02,BOT,BOR,4.0,11.0,-0.6,session_best
2026,10,Belgian Grand Prix,FP1,belgian-grand-prix_corner_02,PER,BOR,4.0,12.4,-3.2,session_best
2026,10,Belgian Grand Prix,FP1,belgian-grand-prix_corner_02,VER,BOR,4.0,6.8,-5.2,session_best
2026,10,Belgian Grand Prix,FP1,belgian-grand-prix_corner_02,PIA,BOR,5.0,9.2,4.2,session_best
2026,10,Belgian Grand Prix,FP1,belgian-grand-prix_corner_02,OCO,BOR,5.0,5.8,-2.0,session_best
2026,10,Belgian Grand Prix,FP1,belgian-grand-prix_corner_02,NOR,BOR,5.0,10.0,4.6,session_best
2026,10,Belgian Grand Prix,FP1,belgian-grand-prix_corner_02,GAS,BOR,5.0,8.95,2.75,session_best
2026,10,Belgian Grand Prix,FP1,belgian-grand-prix_corner_02,LEC,BOR,5.0,6.45,-2.75,session_best
2026,10,Belgian Grand Prix,FP1,belgian-grand-prix_corner_02,LAW,BOR,5.0,13.2,-4.6,session_best
2026,10,Belgian Grand Prix,FP1,belgian-grand-prix_corner_02,RUS,BOR,5.0,5.6,-6.4,session_best
2026,10,Belgian Grand Prix,FP1,belgian-grand-prix_corner_02,BEA,BOR,6.0,15.6,-3.0,session_best
2026,10,Belgian Grand Prix,FP1,belgian-grand-prix_corner_02,SAI,BOR,6.0,11.533,-3.167,session_best
2026,10,Belgian Grand Prix,FP1,belgian-grand-prix_corner_02,ALB,BOR,8.0,15.2,-4.8,session_best
2026,10,Belgian Grand Prix,FP1,belgian-grand-prix_corner_02,HAD,BOR,8.0,9.0,-4.6,session_best
2026,10,Belgian Grand Prix,FP1,belgian-grand-prix_corner_02,LIN,BOR,8.0,14.367,-1.333,session_best
2026,10,Belgian Grand Prix,FP1,belgian-grand-prix_corner_02,CRA,BOR,9.0,15.8,1.0,session_best
2026,10,Belgian Grand Prix,FP1,belgian-grand-prix_corner_02,HUL,BOR,11.0,14.2,2.8,session_best
2026,10,Belgian Grand Prix,FP1,belgian-grand-prix_corner_08,LEC,LEC,0.0,0.0,0.0,session_best
2026,10,Belgian Grand Prix,FP1,belgian-grand-prix_corner_08,HAD,LEC,3.0,3.25,6.2,session_best
2026,10,Belgian Grand Prix,FP1,belgian-grand-prix_corner_08,VER,LEC,4.0,3.85,-2.2,session_best
2026,10,Belgian Grand Prix,FP1,belgian-grand-prix_corner_08,RUS,LEC,4.0,5.45,-2.0,session_best
2026,10,Belgian Grand Prix,FP1,belgian-grand-prix_corner_08,LIN,LEC,5.0,6.05,-6.0,session_best
2026,10,Belgian Grand Prix,FP1,belgian-grand-prix_corner_08,BEA,LEC,6.0,7.25,1.25,session_best
2026,10,Belgian Grand Prix,FP1,belgian-grand-prix_corner_08,HAM,LEC,6.0,6.75,0.5,session_best
2026,10,Belgian Grand Prix,FP1,belgian-grand-prix_corner_08,PIA,LEC,7.0,8.25,-7.75,session_best
2026,10,Belgian Grand Prix,FP1,belgian-grand-prix_corner_08,NOR,LEC,7.0,6.75,0.75,session_best
2026,10,Belgian Grand Prix,FP1,belgian-grand-prix_corner_08,OCO,LEC,8.0,9.25,2.0,session_best
2026,10,Belgian Grand Prix,FP1,belgian-grand-prix_corner_08,HUL,LEC,8.0,6.85,-0.4,session_best
2026,10,Belgian Grand Prix,FP1,belgian-grand-prix_corner_08,COL,LEC,10.0,11.0,11.0,session_best
2026,10,Belgian Grand Prix,FP1,belgian-grand-prix_corner_08,GAS,LEC,11.0,11.75,0.0,session_best
2026,10,Belgian Grand Prix,FP1,belgian-grand-prix_corner_08,BOR,LEC,11.0,11.25,6.0,session_best
2026,10,Belgian Grand Prix,FP1,belgian-grand-prix_corner_08,LAW,LEC,11.0,11.45,-2.0,session_best
2026,10,Belgian Grand Prix,FP1,belgian-grand-prix_corner_08,ALB,LEC,12.0,12.45,0.6,session_best
2026,10,Belgian Grand Prix,FP1,belgian-grand-prix_corner_08,STR,LEC,13.0,14.75,6.0,session_best
2026,10,Belgian Grand Prix,FP1,belgian-grand-prix_corner_08,PER,LEC,14.0,16.25,6.4,session_best
2026,10,Belgian Grand Prix,FP1,belgian-grand-prix_corner_08,ANT,LEC,15.0,14.25,-4.4,session_best
2026,10,Belgian Grand Prix,FP1,belgian-grand-prix_corner_08,BOT,LEC,16.0,12.0,11.25,session_best
2026,10,Belgian Grand Prix,FP1,belgian-grand-prix_corner_08,SAI,LEC,22.0,21.45,11.6,session_best
2026,10,Belgian Grand Prix,FP1,belgian-grand-prix_corner_08,CRA,LEC,24.0,21.45,3.8,session_best
2026,10,Belgian Grand Prix,FP1,belgian-grand-prix_corner_09,HUL,HUL,0.0,0.0,0.0,session_best
2026,10,Belgian Grand Prix,FP1,belgian-grand-prix_corner_09,BOR,HUL,2.0,0.4,-13.8,session_best
2026,10,Belgian Grand Prix,FP1,belgian-grand-prix_corner_09,PIA,HUL,2.0,-7.0,-7.8,session_best
2026,10,Belgian Grand Prix,FP1,belgian-grand-prix_corner_09,VER,HUL,3.0,-2.3,-1.1,session_best
2026,10,Belgian Grand Prix,FP1,belgian-grand-prix_corner_09,ANT,HUL,3.0,-5.8,-10.933,session_best
2026,10,Belgian Grand Prix,FP1,belgian-grand-prix_corner_09,LEC,HUL,4.0,2.0,-5.2,session_best
2026,10,Belgian Grand Prix,FP1,belgian-grand-prix_corner_09,LIN,HUL,4.0,-3.4,-21.4,session_best
2026,10,Belgian Grand Prix,FP1,belgian-grand-prix_corner_09,PER,HUL,5.0,6.2,-16.4,session_best
2026,10,Belgian Grand Prix,FP1,belgian-grand-prix_corner_09,CRA,HUL,5.0,22.45,-8.6,session_best
2026,10,Belgian Grand Prix,FP1,belgian-grand-prix_corner_09,BEA,HUL,6.0,4.4,-16.4,session_best
2026,10,Belgian Grand Prix,FP1,belgian-grand-prix_corner_09,RUS,HUL,6.0,-0.633,-14.933,session_best
2026,10,Belgian Grand Prix,FP1,belgian-grand-prix_corner_09,OCO,HUL,6.0,5.4,-18.2,session_best
2026,10,Belgian Grand Prix,FP1,belgian-grand-prix_corner_09,BOT,HUL,7.0,9.367,2.9,session_best
2026,10,Belgian Grand Prix,FP1,belgian-grand-prix_corner_09,NOR,HUL,7.0,0.2,-14.4,session_best
2026,10,Belgian Grand Prix,FP1,belgian-grand-prix_corner_09,LAW,HUL,7.0,-1.633,-11.933,session_best
2026,10,Belgian Grand Prix,FP1,belgian-grand-prix_corner_09,HAD,HUL,7.0,4.8,-15.8,session_best
2026,10,Belgian Grand Prix,FP1,belgian-grand-prix_corner_09,STR,HUL,8.0,11.0,-9.8,session_best
2026,10,Belgian Grand Prix,FP1,belgian-grand-prix_corner_09,ALB,HUL,8.0,-0.4,-22.8,session_best
2026,10,Belgian Grand Prix,FP1,belgian-grand-prix_corner_09,HAM,HUL,8.0,6.0,-14.2,session_best
2026,10,Belgian Grand Prix,FP1,belgian-grand-prix_corner_09,GAS,HUL,11.0,-0.467,-6.1,session_best
2026,10,Belgian Grand Prix,FP1,belgian-grand-prix_corner_09,COL,HUL,12.0,-0.8,-12.2,session_best
2026,10,Belgian Grand Prix,FP1,belgian-grand-prix_corner_09,SAI,HUL,12.0,0.0,-4.4,session_best
2026,10,Belgian Grand Prix,FP1,belgian-grand-prix_corner_10,LIN,LIN,0.0,0.0,0.0,session_best
2026,10,Belgian Grand Prix,FP1,belgian-grand-prix_corner_10,HAD,LIN,1.0,4.25,-4.75,session_best
2026,10,Belgian Grand Prix,FP1,belgian-grand-prix_corner_10,PIA,LIN,2.0,4.5,-7.25,session_best
2026,10,Belgian Grand Prix,FP1,belgian-grand-prix_corner_10,OCO,LIN,3.0,7.25,-4.0,session_best
2026,10,Belgian Grand Prix,FP1,belgian-grand-prix_corner_10,BEA,LIN,3.0,4.95,-3.55,session_best
2026,10,Belgian Grand Prix,FP1,belgian-grand-prix_corner_10,HUL,LIN,4.0,4.25,-7.75,session_best
2026,10,Belgian Grand Prix,FP1,belgian-grand-prix_corner_10,BOR,LIN,5.0,9.083,-7.083,session_best
2026,10,Belgian Grand Prix,FP1,belgian-grand-prix_corner_10,LAW,LIN,7.0,9.25,-2.75,session_best
2026,10,Belgian Grand Prix,FP1,belgian-grand-prix_corner_10,HAM,LIN,8.0,12.25,-8.75,session_best
2026,10,Belgian Grand Prix,FP1,belgian-grand-prix_corner_10,ALB,LIN,8.0,7.75,-5.5,session_best
2026,10,Belgian Grand Prix,FP1,belgian-grand-prix_corner_10,RUS,LIN,8.0,13.0,-6.0,session_best
2026,10,Belgian Grand Prix,FP1,belgian-grand-prix_corner_10,GAS,LIN,9.0,10.25,-5.25,session_best
2026,10,Belgian Grand Prix,FP1,belgian-grand-prix_corner_10,LEC,LIN,9.0,10.35,-9.35,session_best
2026,10,Belgian Grand Prix,FP1,belgian-grand-prix_corner_10,ANT,LIN,10.0,15.5,-6.25,session_best
2026,10,Belgian Grand Prix,FP1,belgian-grand-prix_corner_10,NOR,LIN,10.0,13.5,-9.5,session_best
2026,10,Belgian Grand Prix,FP1,belgian-grand-prix_corner_10,BOT,LIN,10.0,14.25,8.75,session_best
2026,10,Belgian Grand Prix,FP1,belgian-grand-prix_corner_10,VER,LIN,11.0,11.0,-2.5,session_best
2026,10,Belgian Grand Prix,FP1,belgian-grand-prix_corner_10,SAI,LIN,12.0,13.35,-9.35,session_best
2026,10,Belgian Grand Prix,FP1,belgian-grand-prix_corner_10,COL,LIN,13.0,13.5,-4.0,session_best
2026,10,Belgian Grand Prix,FP1,belgian-grand-prix_corner_10,STR,LIN,15.0,17.55,8.05,session_best
2026,10,Belgian Grand Prix,FP1,belgian-grand-prix_corner_10,PER,LIN,16.0,10.0,-0.75,session_best
2026,10,Belgian Grand Prix,FP1,belgian-grand-prix_corner_10,CRA,LIN,21.0,23.75,9.75,session_best
2026,10,Belgian Grand Prix,FP1,belgian-grand-prix_corner_14,LEC,LEC,0.0,0.0,0.0,session_best
2026,10,Belgian Grand Prix,FP1,belgian-grand-prix_corner_14,HAM,LEC,1.0,0.05,-10.35,session_best
2026,10,Belgian Grand Prix,FP1,belgian-grand-prix_corner_14,OCO,LEC,1.0,3.75,-11.75,session_best
2026,10,Belgian Grand Prix,FP1,belgian-grand-prix_corner_14,VER,LEC,1.0,0.75,2.75,session_best
2026,10,Belgian Grand Prix,FP1,belgian-grand-prix_corner_14,ANT,LEC,2.0,0.25,0.75,session_best
2026,10,Belgian Grand Prix,FP1,belgian-grand-prix_corner_14,HUL,LEC,2.0,1.25,3.75,session_best
2026,10,Belgian Grand Prix,FP1,belgian-grand-prix_corner_14,BEA,LEC,3.0,3.75,5.0,session_best
2026,10,Belgian Grand Prix,FP1,belgian-grand-prix_corner_14,RUS,LEC,4.0,2.25,12.45,session_best
2026,10,Belgian Grand Prix,FP1,belgian-grand-prix_corner_14,PIA,LEC,4.0,3.25,8.25,session_best
2026,10,Belgian Grand Prix,FP1,belgian-grand-prix_corner_14,LAW,LEC,5.0,4.0,18.0,session_best
2026,10,Belgian Grand Prix,FP1,belgian-grand-prix_corner_14,HAD,LEC,6.0,3.0,8.5,session_best
2026,10,Belgian Grand Prix,FP1,belgian-grand-prix_corner_14,COL,LEC,6.0,6.0,20.25,session_best
2026,10,Belgian Grand Prix,FP1,belgian-grand-prix_corner_14,NOR,LEC,7.0,5.0,6.75,session_best
2026,10,Belgian Grand Prix,FP1,belgian-grand-prix_corner_14,ALB,LEC,9.0,5.25,26.65,session_best
2026,10,Belgian Grand Prix,FP1,belgian-grand-prix_corner_14,LIN,LEC,9.0,9.05,19.05,session_best
2026,10,Belgian Grand Prix,FP1,belgian-grand-prix_corner_14,SAI,LEC,10.0,9.5,19.25,session_best
2026,10,Belgian Grand Prix,FP1,belgian-grand-prix_corner_14,STR,LEC,10.0,10.5,31.5,session_best
2026,10,Belgian Grand Prix,FP1,belgian-grand-prix_corner_14,GAS,LEC,11.0,8.05,12.25,session_best
2026,10,Belgian Grand Prix,FP1,belgian-grand-prix_corner_14,BOR,LEC,12.0,16.05,29.45,session_best
2026,10,Belgian Grand Prix,FP1,belgian-grand-prix_corner_14,BOT,LEC,14.0,15.25,-5.75,session_best
2026,10,Belgian Grand Prix,FP1,belgian-grand-prix_corner_14,PER,LEC,16.0,13.25,16.45,session_best
2026,10,Belgian Grand Prix,FP1,belgian-grand-prix_corner_14,CRA,LEC,20.0,19.25,22.5,session_best
2026,10,Belgian Grand Prix,FP1,belgian-grand-prix_corner_15,BEA,BEA,0.0,0.0,0.0,session_best
2026,10,Belgian Grand Prix,FP1,belgian-grand-prix_corner_15,ANT,BEA,4.0,1.25,1.0,session_best
2026,10,Belgian Grand Prix,FP1,belgian-grand-prix_corner_15,HAM,BEA,4.0,-1.5,2.75,session_best
2026,10,Belgian Grand Prix,FP1,belgian-grand-prix_corner_15,LEC,BEA,5.0,0.25,-0.5,session_best
2026,10,Belgian Grand Prix,FP1,belgian-grand-prix_corner_15,NOR,BEA,5.0,-1.75,3.75,session_best
2026,10,Belgian Grand Prix,FP1,belgian-grand-prix_corner_15,BOR,BEA,7.0,4.75,-2.0,session_best
2026,10,Belgian Grand Prix,FP1,belgian-grand-prix_corner_15,VER,BEA,7.0,1.0,0.25,session_best
2026,10,Belgian Grand Prix,FP1,belgian-grand-prix_corner_15,PIA,BEA,7.0,0.833,-2.083,session_best
2026,10,Belgian Grand Prix,FP1,belgian-grand-prix_corner_15,HAD,BEA,9.0,7.25,0.75,session_best
2026,10,Belgian Grand Prix,FP1,belgian-grand-prix_corner_15,HUL,BEA,9.0,5.0,6.75,session_best
2026,10,Belgian Grand Prix,FP1,belgian-grand-prix_corner_15,LIN,BEA,10.0,8.5,-3.75,session_best
2026,10,Belgian Grand Prix,FP1,belgian-grand-prix_corner_15,GAS,BEA,11.0,8.0,5.0,session_best
2026,10,Belgian Grand Prix,FP1,belgian-grand-prix_corner_15,COL,BEA,11.0,8.5,5.75,session_best
2026,10,Belgian Grand Prix,FP1,belgian-grand-prix_corner_15,LAW,BEA,11.0,6.0,2.0,session_best
2026,10,Belgian Grand Prix,FP1,belgian-grand-prix_corner_15,RUS,BEA,11.0,11.25,0.25,session_best
2026,10,Belgian Grand Prix,FP1,belgian-grand-prix_corner_15,PER,BEA,14.0,11.25,11.5,session_best
2026,10,Belgian Grand Prix,FP1,belgian-grand-prix_corner_15,STR,BEA,14.0,11.75,7.25,session_best
2026,10,Belgian Grand Prix,FP1,belgian-grand-prix_corner_15,SAI,BEA,14.0,11.0,6.25,session_best
2026,10,Belgian Grand Prix,FP1,belgian-grand-prix_corner_15,CRA,BEA,15.0,11.0,11.0,session_best
2026,10,Belgian Grand Prix,FP1,belgian-grand-prix_corner_15,ALB,BEA,15.0,11.167,-0.083,session_best
2026,10,Belgian Grand Prix,FP1,belgian-grand-prix_corner_15,OCO,BEA,15.0,8.25,6.0,session_best
2026,10,Belgian Grand Prix,FP1,belgian-grand-prix_corner_15,BOT,BEA,17.0,-0.9,8.45,session_best
2026,10,Belgian Grand Prix,FP1,belgian-grand-prix_corner_20,BOR,BOR,0.0,0.0,0.0,session_best
2026,10,Belgian Grand Prix,FP1,belgian-grand-prix_corner_20,LEC,BOR,23.0,-14.0,-31.5,session_best
2026,10,Belgian Grand Prix,FP1,belgian-grand-prix_corner_20,VER,BOR,23.0,-16.096,-33.404,session_best
2026,10,Belgian Grand Prix,FP1,belgian-grand-prix_corner_20,LIN,BOR,24.0,-3.0,-21.666,session_best
2026,10,Belgian Grand Prix,FP1,belgian-grand-prix_corner_20,HAD,BOR,24.0,-19.238,-31.833,session_best
2026,10,Belgian Grand Prix,FP1,belgian-grand-prix_corner_20,ANT,BOR,24.0,-0.381,-15.404,session_best
2026,10,Belgian Grand Prix,FP1,belgian-grand-prix_corner_20,PER,BOR,24.0,0.762,-34.404,session_best
2026,10,Belgian Grand Prix,FP1,belgian-grand-prix_corner_20,STR,BOR,25.0,7.904,-20.404,session_best
2026,10,Belgian Grand Prix,FP1,belgian-grand-prix_corner_20,BEA,BOR,25.0,-6.834,-23.0,session_best
2026,10,Belgian Grand Prix,FP1,belgian-grand-prix_corner_20,COL,BOR,25.0,-14.667,-8.833,session_best
2026,10,Belgian Grand Prix,FP1,belgian-grand-prix_corner_20,BOT,BOR,26.0,-41.667,-31.976,session_best
2026,10,Belgian Grand Prix,FP1,belgian-grand-prix_corner_20,ALB,BOR,26.0,-3.524,-14.404,session_best
2026,10,Belgian Grand Prix,FP1,belgian-grand-prix_corner_20,LAW,BOR,26.0,-1.524,-26.547,session_best
2026,10,Belgian Grand Prix,FP1,belgian-grand-prix_corner_20,HAM,BOR,26.0,-31.81,-33.404,session_best
2026,10,Belgian Grand Prix,FP1,belgian-grand-prix_corner_20,RUS,BOR,26.0,-0.238,-16.976,session_best
2026,10,Belgian Grand Prix,FP1,belgian-grand-prix_corner_20,PIA,BOR,26.0,-0.096,-11.833,session_best
2026,10,Belgian Grand Prix,FP1,belgian-grand-prix_corner_20,SAI,BOR,27.0,9.666,-21.666,session_best
2026,10,Belgian Grand Prix,FP1,belgian-grand-prix_corner_20,HUL,BOR,28.0,-31.667,-29.976,session_best
2026,10,Belgian Grand Prix,FP1,belgian-grand-prix_corner_20,NOR,BOR,28.0,-0.381,0.31,session_best
2026,10,Belgian Grand Prix,FP1,belgian-grand-prix_corner_20,OCO,BOR,29.0,-40.0,-22.5,session_best
2026,10,Belgian Grand Prix,FP1,belgian-grand-prix_corner_20,CRA,BOR,30.0,7.619,-10.833,session_best
2026,10,Belgian Grand Prix,FP1,belgian-grand-prix_corner_20,GAS,BOR,41.0,-12.81,-12.262,session_best
2026,10,Belgian Grand Prix,FP2,belgian-grand-prix_corner_02,LEC,LEC,0.0,0.0,0.0,session_best
2026,10,Belgian Grand Prix,FP2,belgian-grand-prix_corner_02,BOR,LEC,177.0,184.867,-6.0,session_best
2026,10,Belgian Grand Prix,FP2,belgian-grand-prix_corner_02,HAM,LEC,179.0,189.467,-9.4,session_best
2026,10,Belgian Grand Prix,FP2,belgian-grand-prix_corner_02,HUL,LEC,181.0,195.0,-10.333,session_best
2026,10,Belgian Grand Prix,FP2,belgian-grand-prix_corner_02,BEA,LEC,181.0,192.267,-16.2,session_best
2026,10,Belgian Grand Prix,FP2,belgian-grand-prix_corner_02,BOT,LEC,182.0,196.067,-15.0,session_best
2026,10,Belgian Grand Prix,FP2,belgian-grand-prix_corner_02,RUS,LEC,182.0,188.667,-8.5,session_best
2026,10,Belgian Grand Prix,FP2,belgian-grand-prix_corner_02,VER,LEC,183.0,182.267,-13.4,session_best
2026,10,Belgian Grand Prix,FP2,belgian-grand-prix_corner_02,ANT,LEC,183.0,189.267,-15.8,session_best
2026,10,Belgian Grand Prix,FP2,belgian-grand-prix_corner_02,STR,LEC,183.0,192.667,-3.0,session_best
2026,10,Belgian Grand Prix,FP2,belgian-grand-prix_corner_02,LAW,LEC,183.0,193.067,-11.2,session_best
2026,10,Belgian Grand Prix,FP2,belgian-grand-prix_corner_02,COL,LEC,183.0,186.667,-13.2,session_best
2026,10,Belgian Grand Prix,FP2,belgian-grand-prix_corner_02,PIA,LEC,183.0,189.667,-9.0,session_best
2026,10,Belgian Grand Prix,FP2,belgian-grand-prix_corner_02,PER,LEC,184.0,192.667,-13.2,session_best
2026,10,Belgian Grand Prix,FP2,belgian-grand-prix_corner_02,SAI,LEC,184.0,194.267,-14.2,session_best
2026,10,Belgian Grand Prix,FP2,belgian-grand-prix_corner_02,ALO,LEC,185.0,197.667,-8.2,session_best
2026,10,Belgian Grand Prix,FP2,belgian-grand-prix_corner_02,ALB,LEC,185.0,188.167,-12.75,session_best
2026,10,Belgian Grand Prix,FP2,belgian-grand-prix_corner_02,NOR,LEC,185.0,189.417,-17.25,session_best
2026,10,Belgian Grand Prix,FP2,belgian-grand-prix_corner_02,OCO,LEC,185.0,194.917,-11.5,session_best
2026,10,Belgian Grand Prix,FP2,belgian-grand-prix_corner_02,GAS,LEC,186.0,186.067,-10.2,session_best
2026,10,Belgian Grand Prix,FP2,belgian-grand-prix_corner_02,LIN,LEC,186.0,194.667,-13.8,session_best
2026,10,Belgian Grand Prix,FP2,belgian-grand-prix_corner_02,HAD,LEC,187.0,189.067,-8.8,session_best
2026,10,Belgian Grand Prix,FP2,belgian-grand-prix_corner_08,LEC,LEC,0.0,0.0,0.0,session_best
2026,10,Belgian Grand Prix,FP2,belgian-grand-prix_corner_08,ANT,LEC,117.0,139.417,55.75,session_best
2026,10,Belgian Grand Prix,FP2,belgian-grand-prix_corner_08,PIA,LEC,123.0,150.467,66.0,session_best
2026,10,Belgian Grand Prix,FP2,belgian-grand-prix_corner_08,HUL,LEC,124.0,152.417,63.0,session_best
2026,10,Belgian Grand Prix,FP2,belgian-grand-prix_corner_08,COL,LEC,124.0,153.667,61.75,session_best
2026,10,Belgian Grand Prix,FP2,belgian-grand-prix_corner_08,BEA,LEC,124.0,151.667,64.25,session_best
2026,10,Belgian Grand Prix,FP2,belgian-grand-prix_corner_08,LIN,LEC,124.0,153.667,53.75,session_best
2026,10,Belgian Grand Prix,FP2,belgian-grand-prix_corner_08,HAM,LEC,124.0,149.467,62.0,session_best
2026,10,Belgian Grand Prix,FP2,belgian-grand-prix_corner_08,NOR,LEC,125.0,153.467,56.8,session_best
2026,10,Belgian Grand Prix,FP2,belgian-grand-prix_corner_08,OCO,LEC,125.0,152.917,66.5,session_best
2026,10,Belgian Grand Prix,FP2,belgian-grand-prix_corner_08,RUS,LEC,125.0,148.267,62.4,session_best
2026,10,Belgian Grand Prix,FP2,belgian-grand-prix_corner_08,VER,LEC,126.0,151.167,72.25,session_best
2026,10,Belgian Grand Prix,FP2,belgian-grand-prix_corner_08,ALB,LEC,127.0,154.267,67.8,session_best
2026,10,Belgian Grand Prix,FP2,belgian-grand-prix_corner_08,HAD,LEC,128.0,153.917,60.75,session_best
2026,10,Belgian Grand Prix,FP2,belgian-grand-prix_corner_08,SAI,LEC,128.0,157.0,60.0,session_best
2026,10,Belgian Grand Prix,FP2,belgian-grand-prix_corner_08,LAW,LEC,129.0,156.867,57.6,session_best
2026,10,Belgian Grand Prix,FP2,belgian-grand-prix_corner_08,BOR,LEC,130.0,158.167,66.5,session_best
2026,10,Belgian Grand Prix,FP2,belgian-grand-prix_corner_08,PER,LEC,131.0,159.067,68.8,session_best
2026,10,Belgian Grand Prix,FP2,belgian-grand-prix_corner_08,BOT,LEC,132.0,159.917,69.0,session_best
2026,10,Belgian Grand Prix,FP2,belgian-grand-prix_corner_08,GAS,LEC,133.0,161.667,63.5,session_best
2026,10,Belgian Grand Prix,FP2,belgian-grand-prix_corner_08,STR,LEC,135.0,163.067,65.2,session_best
2026,10,Belgian Grand Prix,FP2,belgian-grand-prix_corner_08,ALO,LEC,138.0,161.467,65.4,session_best
2026,10,Belgian Grand Prix,FP2,belgian-grand-prix_corner_09,LEC,LEC,0.0,0.0,0.0,session_best
2026,10,Belgian Grand Prix,FP2,belgian-grand-prix_corner_09,ANT,LEC,158.0,44.2,124.8,session_best
2026,10,Belgian Grand Prix,FP2,belgian-grand-prix_corner_09,PIA,LEC,158.0,43.6,125.2,session_best
2026,10,Belgian Grand Prix,FP2,belgian-grand-prix_corner_09,RUS,LEC,158.0,48.8,135.8,session_best
2026,10,Belgian Grand Prix,FP2,belgian-grand-prix_corner_09,BOR,LEC,160.0,47.6,131.2,session_best
2026,10,Belgian Grand Prix,FP2,belgian-grand-prix_corner_09,BEA,LEC,160.0,45.5,122.333,session_best
2026,10,Belgian Grand Prix,FP2,belgian-grand-prix_corner_09,HAM,LEC,160.0,54.333,128.0,session_best
2026,10,Belgian Grand Prix,FP2,belgian-grand-prix_corner_09,HUL,LEC,162.0,44.0,140.75,session_best
2026,10,Belgian Grand Prix,FP2,belgian-grand-prix_corner_09,LAW,LEC,162.0,43.4,127.4,session_best
2026,10,Belgian Grand Prix,FP2,belgian-grand-prix_corner_09,NOR,LEC,162.0,37.833,129.0,session_best
2026,10,Belgian Grand Prix,FP2,belgian-grand-prix_corner_09,SAI,LEC,163.0,40.333,135.0,session_best
2026,10,Belgian Grand Prix,FP2,belgian-grand-prix_corner_09,BOT,LEC,163.0,47.0,129.833,session_best
2026,10,Belgian Grand Prix,FP2,belgian-grand-prix_corner_09,ALB,LEC,163.0,43.4,132.4,session_best
2026,10,Belgian Grand Prix,FP2,belgian-grand-prix_corner_09,HAD,LEC,163.0,43.833,133.0,session_best
2026,10,Belgian Grand Prix,FP2,belgian-grand-prix_corner_09,VER,LEC,164.0,41.8,134.2,session_best
2026,10,Belgian Grand Prix,FP2,belgian-grand-prix_corner_09,PER,LEC,164.0,48.0,121.4,session_best
2026,10,Belgian Grand Prix,FP2,belgian-grand-prix_corner_09,OCO,LEC,164.0,45.4,123.6,session_best
2026,10,Belgian Grand Prix,FP2,belgian-grand-prix_corner_09,LIN,LEC,165.0,40.2,137.0,session_best
2026,10,Belgian Grand Prix,FP2,belgian-grand-prix_corner_09,ALO,LEC,166.0,57.4,128.2,session_best
2026,10,Belgian Grand Prix,FP2,belgian-grand-prix_corner_09,COL,LEC,167.0,44.4,133.2,session_best
2026,10,Belgian Grand Prix,FP2,belgian-grand-prix_corner_09,GAS,LEC,167.0,44.0,136.333,session_best
2026,10,Belgian Grand Prix,FP2,belgian-grand-prix_corner_09,STR,LEC,167.0,50.833,133.667,session_best
2026,10,Belgian Grand Prix,FP2,belgian-grand-prix_corner_10,OCO,OCO,0.0,0.0,0.0,session_best
2026,10,Belgian Grand Prix,FP2,belgian-grand-prix_corner_10,HAM,OCO,0.0,0.25,-7.0,session_best
2026,10,Belgian Grand Prix,FP2,belgian-grand-prix_corner_10,NOR,OCO,1.0,-0.25,-11.0,session_best
2026,10,Belgian Grand Prix,FP2,belgian-grand-prix_corner_10,BOR,OCO,2.0,2.5,1.0,session_best
2026,10,Belgian Grand Prix,FP2,belgian-grand-prix_corner_10,GAS,OCO,3.0,3.75,1.5,session_best
2026,10,Belgian Grand Prix,FP2,belgian-grand-prix_corner_10,ANT,OCO,3.0,2.75,-15.5,session_best
2026,10,Belgian Grand Prix,FP2,belgian-grand-prix_corner_10,HUL,OCO,4.0,0.75,-2.25,session_best
2026,10,Belgian Grand Prix,FP2,belgian-grand-prix_corner_10,BEA,OCO,4.0,-3.25,-1.25,session_best
2026,10,Belgian Grand Prix,FP2,belgian-grand-prix_corner_10,BOT,OCO,5.0,1.75,-2.0,session_best
2026,10,Belgian Grand Prix,FP2,belgian-grand-prix_corner_10,PER,OCO,5.0,-0.75,-0.5,session_best
2026,10,Belgian Grand Prix,FP2,belgian-grand-prix_corner_10,LAW,OCO,5.0,1.75,-5.5,session_best
2026,10,Belgian Grand Prix,FP2,belgian-grand-prix_corner_10,COL,OCO,5.0,4.5,-4.5,session_best
2026,10,Belgian Grand Prix,FP2,belgian-grand-prix_corner_10,LIN,OCO,6.0,7.333,3.917,session_best
2026,10,Belgian Grand Prix,FP2,belgian-grand-prix_corner_10,PIA,OCO,6.0,4.5,-5.25,session_best
2026,10,Belgian Grand Prix,FP2,belgian-grand-prix_corner_10,VER,OCO,8.0,6.25,-3.25,session_best
2026,10,Belgian Grand Prix,FP2,belgian-grand-prix_corner_10,RUS,OCO,9.0,6.0,-14.0,session_best
2026,10,Belgian Grand Prix,FP2,belgian-grand-prix_corner_10,SAI,OCO,10.0,10.0,-2.5,session_best
2026,10,Belgian Grand Prix,FP2,belgian-grand-prix_corner_10,STR,OCO,11.0,11.75,6.0,session_best
2026,10,Belgian Grand Prix,FP2,belgian-grand-prix_corner_10,ALO,OCO,13.0,13.0,8.25,session_best
2026,10,Belgian Grand Prix,FP2,belgian-grand-prix_corner_10,HAD,OCO,14.0,11.25,-0.25,session_best
2026,10,Belgian Grand Prix,FP2,belgian-grand-prix_corner_10,ALB,OCO,15.0,13.0,1.0,session_best
2026,10,Belgian Grand Prix,FP2,belgian-grand-prix_corner_10,LEC,OCO,111.0,-38.0,91.536,session_best
2026,10,Belgian Grand Prix,FP2,belgian-grand-prix_corner_13,HAM,HAM,0.0,0.0,0.0,session_best
2026,10,Belgian Grand Prix,FP2,belgian-grand-prix_corner_13,ANT,HAM,3.0,-3.667,3.833,session_best
2026,10,Belgian Grand Prix,FP2,belgian-grand-prix_corner_13,PIA,HAM,3.0,-2.667,3.833,session_best
2026,10,Belgian Grand Prix,FP2,belgian-grand-prix_corner_13,HUL,HAM,4.0,-5.167,4.333,session_best
2026,10,Belgian Grand Prix,FP2,belgian-grand-prix_corner_13,VER,HAM,5.0,-20.417,3.583,session_best
2026,10,Belgian Grand Prix,FP2,belgian-grand-prix_corner_13,NOR,HAM,5.0,-13.167,2.583,session_best
2026,10,Belgian Grand Prix,FP2,belgian-grand-prix_corner_13,COL,HAM,6.0,0.083,4.083,session_best
2026,10,Belgian Grand Prix,FP2,belgian-grand-prix_corner_13,OCO,HAM,6.0,-6.667,5.833,session_best
2026,10,Belgian Grand Prix,FP2,belgian-grand-prix_corner_13,RUS,HAM,6.0,4.083,6.333,session_best
2026,10,Belgian Grand Prix,FP2,belgian-grand-prix_corner_13,BOR,HAM,8.0,-9.167,6.833,session_best
2026,10,Belgian Grand Prix,FP2,belgian-grand-prix_corner_13,BEA,HAM,8.0,-6.417,6.583,session_best
2026,10,Belgian Grand Prix,FP2,belgian-grand-prix_corner_13,LAW,HAM,9.0,-13.667,9.0,session_best
2026,10,Belgian Grand Prix,FP2,belgian-grand-prix_corner_13,BOT,HAM,9.0,-3.0,8.333,session_best
2026,10,Belgian Grand Prix,FP2,belgian-grand-prix_corner_13,HAD,HAM,9.0,-23.334,9.0,session_best
2026,10,Belgian Grand Prix,FP2,belgian-grand-prix_corner_13,ALB,HAM,10.0,-4.417,10.583,session_best
2026,10,Belgian Grand Prix,FP2,belgian-grand-prix_corner_13,GAS,HAM,14.0,0.333,14.833,session_best
2026,10,Belgian Grand Prix,FP2,belgian-grand-prix_corner_13,LIN,HAM,14.0,-9.917,12.833,session_best
2026,10,Belgian Grand Prix,FP2,belgian-grand-prix_corner_13,STR,HAM,16.0,0.333,9.583,session_best
2026,10,Belgian Grand Prix,FP2,belgian-grand-prix_corner_13,ALO,HAM,17.0,0.833,9.333,session_best
2026,10,Belgian Grand Prix,FP2,belgian-grand-prix_corner_13,PER,HAM,19.0,-2.167,18.083,session_best
2026,10,Belgian Grand Prix,FP2,belgian-grand-prix_corner_14,HAM,HAM,0.0,0.0,0.0,session_best
2026,10,Belgian Grand Prix,FP2,belgian-grand-prix_corner_14,VER,HAM,1.0,-0.2,25.0,session_best
2026,10,Belgian Grand Prix,FP2,belgian-grand-prix_corner_14,RUS,HAM,2.0,0.0,14.4,session_best
2026,10,Belgian Grand Prix,FP2,belgian-grand-prix_corner_14,ANT,HAM,4.0,-0.4,29.8,session_best
2026,10,Belgian Grand Prix,FP2,belgian-grand-prix_corner_14,NOR,HAM,4.0,-2.5,27.4,session_best
2026,10,Belgian Grand Prix,FP2,belgian-grand-prix_corner_14,PIA,HAM,6.0,2.0,39.4,session_best
2026,10,Belgian Grand Prix,FP2,belgian-grand-prix_corner_14,BOT,HAM,6.0,4.4,37.4,session_best
2026,10,Belgian Grand Prix,FP2,belgian-grand-prix_corner_14,BOR,HAM,7.0,5.4,40.2,session_best
2026,10,Belgian Grand Prix,FP2,belgian-grand-prix_corner_14,PER,HAM,8.0,9.5,30.9,session_best
2026,10,Belgian Grand Prix,FP2,belgian-grand-prix_corner_14,HUL,HAM,9.0,2.5,46.4,session_best
2026,10,Belgian Grand Prix,FP2,belgian-grand-prix_corner_14,COL,HAM,10.0,1.25,43.4,session_best
2026,10,Belgian Grand Prix,FP2,belgian-grand-prix_corner_14,LAW,HAM,12.0,2.75,41.15,session_best
2026,10,Belgian Grand Prix,FP2,belgian-grand-prix_corner_14,OCO,HAM,13.0,3.75,51.15,session_best
2026,10,Belgian Grand Prix,FP2,belgian-grand-prix_corner_14,LIN,HAM,13.0,4.4,34.4,session_best
2026,10,Belgian Grand Prix,FP2,belgian-grand-prix_corner_14,HAD,HAM,13.0,9.6,31.0,session_best
2026,10,Belgian Grand Prix,FP2,belgian-grand-prix_corner_14,GAS,HAM,15.0,11.0,38.6,session_best
2026,10,Belgian Grand Prix,FP2,belgian-grand-prix_corner_14,STR,HAM,16.0,8.5,49.4,session_best
2026,10,Belgian Grand Prix,FP2,belgian-grand-prix_corner_14,ALB,HAM,20.0,7.6,49.4,session_best
2026,10,Belgian Grand Prix,FP2,belgian-grand-prix_corner_14,BEA,HAM,21.0,2.25,59.4,session_best
2026,10,Belgian Grand Prix,FP2,belgian-grand-prix_corner_14,ALO,HAM,22.0,5.8,61.6,session_best
2026,10,Belgian Grand Prix,FP2,belgian-grand-prix_corner_15,HAM,HAM,0.0,0.0,0.0,session_best
2026,10,Belgian Grand Prix,FP2,belgian-grand-prix_corner_15,NOR,HAM,6.0,57.5,-9.333,session_best
2026,10,Belgian Grand Prix,FP2,belgian-grand-prix_corner_15,ANT,HAM,7.0,60.25,-5.833,session_best
2026,10,Belgian Grand Prix,FP2,belgian-grand-prix_corner_15,RUS,HAM,8.0,58.5,-10.833,session_best
2026,10,Belgian Grand Prix,FP2,belgian-grand-prix_corner_15,BOR,HAM,8.0,61.5,-3.583,session_best
2026,10,Belgian Grand Prix,FP2,belgian-grand-prix_corner_15,LAW,HAM,10.0,63.333,-2.333,session_best
2026,10,Belgian Grand Prix,FP2,belgian-grand-prix_corner_15,PIA,HAM,10.0,63.0,-10.0,session_best
2026,10,Belgian Grand Prix,FP2,belgian-grand-prix_corner_15,VER,HAM,11.0,61.6,-9.533,session_best
2026,10,Belgian Grand Prix,FP2,belgian-grand-prix_corner_15,HAD,HAM,11.0,60.75,-8.833,session_best
2026,10,Belgian Grand Prix,FP2,belgian-grand-prix_corner_15,OCO,HAM,12.0,64.5,-9.083,session_best
2026,10,Belgian Grand Prix,FP2,belgian-grand-prix_corner_15,BEA,HAM,12.0,60.75,-12.583,session_best
2026,10,Belgian Grand Prix,FP2,belgian-grand-prix_corner_15,COL,HAM,12.0,64.0,-7.0,session_best
2026,10,Belgian Grand Prix,FP2,belgian-grand-prix_corner_15,HUL,HAM,13.0,60.667,-5.333,session_best
2026,10,Belgian Grand Prix,FP2,belgian-grand-prix_corner_15,ALO,HAM,13.0,58.333,-8.333,session_best
2026,10,Belgian Grand Prix,FP2,belgian-grand-prix_corner_15,PER,HAM,14.0,65.25,-5.333,session_best
2026,10,Belgian Grand Prix,FP2,belgian-grand-prix_corner_15,BOT,HAM,14.0,64.5,-5.333,session_best
2026,10,Belgian Grand Prix,FP2,belgian-grand-prix_corner_15,LIN,HAM,15.0,68.0,-6.666,session_best
2026,10,Belgian Grand Prix,FP2,belgian-grand-prix_corner_15,GAS,HAM,17.0,66.0,-0.666,session_best
2026,10,Belgian Grand Prix,FP2,belgian-grand-prix_corner_15,STR,HAM,17.0,70.0,2.167,session_best
2026,10,Belgian Grand Prix,FP2,belgian-grand-prix_corner_15,ALB,HAM,21.0,72.6,-7.933,session_best
2026,10,Belgian Grand Prix,FP2,belgian-grand-prix_corner_20,BOT,BOT,0.0,0.0,0.0,session_best
2026,10,Belgian Grand Prix,FP2,belgian-grand-prix_corner_20,ALB,BOT,1.0,-13.0,21.0,session_best
2026,10,Belgian Grand Prix,FP2,belgian-grand-prix_corner_20,BEA,BOT,1.0,16.786,5.333,session_best
2026,10,Belgian Grand Prix,FP2,belgian-grand-prix_corner_20,VER,BOT,2.0,-2.667,12.166,session_best
2026,10,Belgian Grand Prix,FP2,belgian-grand-prix_corner_20,PER,BOT,3.0,10.643,7.047,session_best
2026,10,Belgian Grand Prix,FP2,belgian-grand-prix_corner_20,ALO,BOT,3.0,23.667,18.166,session_best
2026,10,Belgian Grand Prix,FP2,belgian-grand-prix_corner_20,HUL,BOT,3.0,-1.5,23.619,session_best
2026,10,Belgian Grand Prix,FP2,belgian-grand-prix_corner_20,COL,BOT,3.0,-2.0,0.0,session_best
2026,10,Belgian Grand Prix,FP2,belgian-grand-prix_corner_20,LAW,BOT,3.0,1.214,33.476,session_best
2026,10,Belgian Grand Prix,FP2,belgian-grand-prix_corner_20,OCO,BOT,3.0,10.5,2.0,session_best
2026,10,Belgian Grand Prix,FP2,belgian-grand-prix_corner_20,ANT,BOT,4.0,-11.357,9.904,session_best
2026,10,Belgian Grand Prix,FP2,belgian-grand-prix_corner_20,HAM,BOT,4.0,-63.5,11.619,session_best
2026,10,Belgian Grand Prix,FP2,belgian-grand-prix_corner_20,STR,BOT,4.0,16.333,26.333,session_best
2026,10,Belgian Grand Prix,FP2,belgian-grand-prix_corner_20,NOR,BOT,4.0,-1.643,7.047,session_best
2026,10,Belgian Grand Prix,FP2,belgian-grand-prix_corner_20,HAD,BOT,4.0,-10.071,24.047,session_best
2026,10,Belgian Grand Prix,FP2,belgian-grand-prix_corner_20,GAS,BOT,5.0,-14.214,15.333,session_best
2026,10,Belgian Grand Prix,FP2,belgian-grand-prix_corner_20,PIA,BOT,5.0,-0.9,-5.067,session_best
2026,10,Belgian Grand Prix,FP2,belgian-grand-prix_corner_20,LIN,BOT,5.0,-5.643,27.047,session_best
2026,10,Belgian Grand Prix,FP2,belgian-grand-prix_corner_20,BOR,BOT,6.0,-8.214,23.333,session_best
2026,10,Belgian Grand Prix,FP2,belgian-grand-prix_corner_20,RUS,BOT,6.0,-13.357,46.619,session_best
2026,10,Belgian Grand Prix,FP3,belgian-grand-prix_corner_01,LEC,LEC,0.0,0.0,0.0,session_best
2026,10,Belgian Grand Prix,FP3,belgian-grand-prix_corner_01,HAM,LEC,7.0,-0.75,21.25,session_best
2026,10,Belgian Grand Prix,FP3,belgian-grand-prix_corner_01,HUL,LEC,9.0,0.5,21.0,session_best
2026,10,Belgian Grand Prix,FP3,belgian-grand-prix_corner_01,ALO,LEC,12.0,-0.75,22.5,session_best
2026,10,Belgian Grand Prix,FP3,belgian-grand-prix_corner_01,HAD,LEC,13.0,-5.0,17.25,session_best
2026,10,Belgian Grand Prix,FP3,belgian-grand-prix_corner_01,LIN,LEC,15.0,-1.5,3.75,session_best
2026,10,Belgian Grand Prix,FP3,belgian-grand-prix_corner_01,OCO,LEC,20.0,8.5,40.75,session_best
2026,10,Belgian Grand Prix,FP3,belgian-grand-prix_corner_01,RUS,LEC,21.0,0.083,44.25,session_best
2026,10,Belgian Grand Prix,FP3,belgian-grand-prix_corner_01,VER,LEC,21.0,-2.5,38.0,session_best
2026,10,Belgian Grand Prix,FP3,belgian-grand-prix_corner_01,PIA,LEC,22.0,7.25,42.5,session_best
2026,10,Belgian Grand Prix,FP3,belgian-grand-prix_corner_01,LAW,LEC,24.0,-1.25,42.0,session_best
2026,10,Belgian Grand Prix,FP3,belgian-grand-prix_corner_01,STR,LEC,24.0,12.5,46.25,session_best
2026,10,Belgian Grand Prix,FP3,belgian-grand-prix_corner_01,NOR,LEC,26.0,-1.5,43.75,session_best
2026,10,Belgian Grand Prix,FP3,belgian-grand-prix_corner_01,ALB,LEC,27.0,2.75,47.5,session_best
2026,10,Belgian Grand Prix,FP3,belgian-grand-prix_corner_01,COL,LEC,29.0,2.0,46.5,session_best
2026,10,Belgian Grand Prix,FP3,belgian-grand-prix_corner_01,ANT,LEC,29.0,0.75,50.5,session_best
2026,10,Belgian Grand Prix,FP3,belgian-grand-prix_corner_01,BEA,LEC,30.0,1.083,48.917,session_best
2026,10,Belgian Grand Prix,FP3,belgian-grand-prix_corner_01,BOT,LEC,30.0,0.5,48.25,session_best
2026,10,Belgian Grand Prix,FP3,belgian-grand-prix_corner_01,PER,LEC,32.0,5.5,48.25,session_best
2026,10,Belgian Grand Prix,FP3,belgian-grand-prix_corner_01,BOR,LEC,33.0,3.0,55.5,session_best
2026,10,Belgian Grand Prix,FP3,belgian-grand-prix_corner_01,GAS,LEC,35.0,0.25,53.25,session_best
2026,10,Belgian Grand Prix,FP3,belgian-grand-prix_corner_01,SAI,LEC,39.0,2.0,65.5,session_best
2026,10,Belgian Grand Prix,FP3,belgian-grand-prix_corner_02,BOT,BOT,0.0,0.0,0.0,session_best
2026,10,Belgian Grand Prix,FP3,belgian-grand-prix_corner_02,HAM,BOT,0.0,-11.2,6.0,session_best
2026,10,Belgian Grand Prix,FP3,belgian-grand-prix_corner_02,HUL,BOT,1.0,-5.4,2.0,session_best
2026,10,Belgian Grand Prix,FP3,belgian-grand-prix_corner_02,BOR,BOT,1.0,3.8,8.0,session_best
2026,10,Belgian Grand Prix,FP3,belgian-grand-prix_corner_02,ANT,BOT,2.0,1.8,-7.6,session_best
2026,10,Belgian Grand Prix,FP3,belgian-grand-prix_corner_02,LEC,BOT,2.0,-14.9,5.15,session_best
2026,10,Belgian Grand Prix,FP3,belgian-grand-prix_corner_02,VER,BOT,2.0,1.6,-5.8,session_best
2026,10,Belgian Grand Prix,FP3,belgian-grand-prix_corner_02,STR,BOT,2.0,1.4,5.6,session_best
2026,10,Belgian Grand Prix,FP3,belgian-grand-prix_corner_02,GAS,BOT,3.0,5.4,1.6,session_best
2026,10,Belgian Grand Prix,FP3,belgian-grand-prix_corner_02,ALO,BOT,4.0,-0.8,11.8,session_best
2026,10,Belgian Grand Prix,FP3,belgian-grand-prix_corner_02,PER,BOT,4.0,5.4,-7.0,session_best
2026,10,Belgian Grand Prix,FP3,belgian-grand-prix_corner_02,NOR,BOT,4.0,-1.4,-2.2,session_best
2026,10,Belgian Grand Prix,FP3,belgian-grand-prix_corner_02,COL,BOT,4.0,4.4,-7.4,session_best
2026,10,Belgian Grand Prix,FP3,belgian-grand-prix_corner_02,RUS,BOT,5.0,-2.067,-1.6,session_best
2026,10,Belgian Grand Prix,FP3,belgian-grand-prix_corner_02,HAD,BOT,5.0,2.8,1.6,session_best
2026,10,Belgian Grand Prix,FP3,belgian-grand-prix_corner_02,PIA,BOT,5.0,1.6,-2.85,session_best
2026,10,Belgian Grand Prix,FP3,belgian-grand-prix_corner_02,BEA,BOT,6.0,4.6,-0.767,session_best
2026,10,Belgian Grand Prix,FP3,belgian-grand-prix_corner_02,ALB,BOT,6.0,5.0,-3.2,session_best
2026,10,Belgian Grand Prix,FP3,belgian-grand-prix_corner_02,SAI,BOT,6.0,8.4,-4.8,session_best
2026,10,Belgian Grand Prix,FP3,belgian-grand-prix_corner_02,LAW,BOT,6.0,11.4,-1.0,session_best
2026,10,Belgian Grand Prix,FP3,belgian-grand-prix_corner_02,LIN,BOT,7.0,0.6,-2.0,session_best
2026,10,Belgian Grand Prix,FP3,belgian-grand-prix_corner_02,OCO,BOT,8.0,6.267,1.9,session_best
2026,10,Belgian Grand Prix,FP3,belgian-grand-prix_corner_08,HUL,HUL,0.0,0.0,0.0,session_best
2026,10,Belgian Grand Prix,FP3,belgian-grand-prix_corner_08,LEC,HUL,0.0,0.833,0.417,session_best
2026,10,Belgian Grand Prix,FP3,belgian-grand-prix_corner_08,NOR,HUL,2.0,-0.067,-8.133,session_best
2026,10,Belgian Grand Prix,FP3,belgian-grand-prix_corner_08,BOR,HUL,3.0,3.333,-1.333,session_best
2026,10,Belgian Grand Prix,FP3,belgian-grand-prix_corner_08,ALB,HUL,4.0,4.333,-3.333,session_best
2026,10,Belgian Grand Prix,FP3,belgian-grand-prix_corner_08,HAD,HUL,5.0,3.133,-1.533,session_best
2026,10,Belgian Grand Prix,FP3,belgian-grand-prix_corner_08,PIA,HUL,5.0,3.833,-5.333,session_best
2026,10,Belgian Grand Prix,FP3,belgian-grand-prix_corner_08,LIN,HUL,5.0,5.0,-4.666,session_best
2026,10,Belgian Grand Prix,FP3,belgian-grand-prix_corner_08,HAM,HUL,6.0,5.133,-0.133,session_best
2026,10,Belgian Grand Prix,FP3,belgian-grand-prix_corner_08,VER,HUL,6.0,4.333,-3.533,session_best
2026,10,Belgian Grand Prix,FP3,belgian-grand-prix_corner_08,SAI,HUL,8.0,9.133,-5.333,session_best
2026,10,Belgian Grand Prix,FP3,belgian-grand-prix_corner_08,ANT,HUL,8.0,6.533,-13.133,session_best
2026,10,Belgian Grand Prix,FP3,belgian-grand-prix_corner_08,LAW,HUL,9.0,7.133,2.467,session_best
2026,10,Belgian Grand Prix,FP3,belgian-grand-prix_corner_08,GAS,HUL,9.0,9.833,-3.083,session_best
2026,10,Belgian Grand Prix,FP3,belgian-grand-prix_corner_08,BEA,HUL,10.0,8.733,2.467,session_best
2026,10,Belgian Grand Prix,FP3,belgian-grand-prix_corner_08,PER,HUL,11.0,10.083,3.667,session_best
2026,10,Belgian Grand Prix,FP3,belgian-grand-prix_corner_08,OCO,HUL,11.0,9.333,-0.833,session_best
2026,10,Belgian Grand Prix,FP3,belgian-grand-prix_corner_08,ALO,HUL,13.0,11.733,7.867,session_best
2026,10,Belgian Grand Prix,FP3,belgian-grand-prix_corner_08,STR,HUL,13.0,11.833,1.167,session_best
2026,10,Belgian Grand Prix,FP3,belgian-grand-prix_corner_08,COL,HUL,13.0,12.933,-5.133,session_best
2026,10,Belgian Grand Prix,FP3,belgian-grand-prix_corner_08,RUS,HUL,14.0,6.533,-7.333,session_best
2026,10,Belgian Grand Prix,FP3,belgian-grand-prix_corner_08,BOT,HUL,15.0,12.933,-0.133,session_best
2026,10,Belgian Grand Prix,FP3,belgian-grand-prix_corner_09,ANT,ANT,0.0,0.0,0.0,session_best
2026,10,Belgian Grand Prix,FP3,belgian-grand-prix_corner_09,RUS,ANT,1.0,2.4,12.2,session_best
2026,10,Belgian Grand Prix,FP3,belgian-grand-prix_corner_09,PIA,ANT,2.0,4.2,20.4,session_best
2026,10,Belgian Grand Prix,FP3,belgian-grand-prix_corner_09,VER,ANT,4.0,5.65,7.1,session_best
2026,10,Belgian Grand Prix,FP3,belgian-grand-prix_corner_09,NOR,ANT,5.0,6.4,11.1,session_best
2026,10,Belgian Grand Prix,FP3,belgian-grand-prix_corner_09,BEA,ANT,5.0,11.2,12.0,session_best
2026,10,Belgian Grand Prix,FP3,belgian-grand-prix_corner_09,HAM,ANT,6.0,10.0,11.8,session_best
2026,10,Belgian Grand Prix,FP3,belgian-grand-prix_corner_09,LAW,ANT,6.0,8.6,4.4,session_best
2026,10,Belgian Grand Prix,FP3,belgian-grand-prix_corner_09,LEC,ANT,6.0,11.0,15.2,session_best
2026,10,Belgian Grand Prix,FP3,belgian-grand-prix_corner_09,BOR,ANT,6.0,8.6,7.4,session_best
2026,10,Belgian Grand Prix,FP3,belgian-grand-prix_corner_09,HUL,ANT,7.0,8.0,15.4,session_best
2026,10,Belgian Grand Prix,FP3,belgian-grand-prix_corner_09,OCO,ANT,8.0,10.567,20.433,session_best
2026,10,Belgian Grand Prix,FP3,belgian-grand-prix_corner_09,ALB,ANT,9.0,9.8,10.2,session_best
2026,10,Belgian Grand Prix,FP3,belgian-grand-prix_corner_09,GAS,ANT,9.0,3.4,15.6,session_best
2026,10,Belgian Grand Prix,FP3,belgian-grand-prix_corner_09,LIN,ANT,9.0,5.0,11.0,session_best
2026,10,Belgian Grand Prix,FP3,belgian-grand-prix_corner_09,ALO,ANT,10.0,19.6,10.8,session_best
2026,10,Belgian Grand Prix,FP3,belgian-grand-prix_corner_09,BOT,ANT,10.0,10.567,9.767,session_best
2026,10,Belgian Grand Prix,FP3,belgian-grand-prix_corner_09,HAD,ANT,10.0,7.067,11.767,session_best
2026,10,Belgian Grand Prix,FP3,belgian-grand-prix_corner_09,STR,ANT,10.0,14.6,13.0,session_best
2026,10,Belgian Grand Prix,FP3,belgian-grand-prix_corner_09,COL,ANT,11.0,4.2,9.4,session_best
2026,10,Belgian Grand Prix,FP3,belgian-grand-prix_corner_09,PER,ANT,11.0,12.2,11.6,session_best
2026,10,Belgian Grand Prix,FP3,belgian-grand-prix_corner_09,SAI,ANT,12.0,3.2,-3.2,session_best
2026,10,Belgian Grand Prix,FP3,belgian-grand-prix_corner_10,LAW,LAW,0.0,0.0,0.0,session_best
2026,10,Belgian Grand Prix,FP3,belgian-grand-prix_corner_10,ANT,LAW,2.0,4.0,-6.25,session_best
2026,10,Belgian Grand Prix,FP3,belgian-grand-prix_corner_10,BOR,LAW,3.0,6.25,-3.5,session_best
2026,10,Belgian Grand Prix,FP3,belgian-grand-prix_corner_10,VER,LAW,4.0,3.75,-1.75,session_best
2026,10,Belgian Grand Prix,FP3,belgian-grand-prix_corner_10,LIN,LAW,6.0,1.75,4.25,session_best
2026,10,Belgian Grand Prix,FP3,belgian-grand-prix_corner_10,OCO,LAW,6.0,6.55,5.35,session_best
2026,10,Belgian Grand Prix,FP3,belgian-grand-prix_corner_10,SAI,LAW,6.0,-0.5,-5.5,session_best
2026,10,Belgian Grand Prix,FP3,belgian-grand-prix_corner_10,COL,LAW,7.0,9.75,4.25,session_best
2026,10,Belgian Grand Prix,FP3,belgian-grand-prix_corner_10,HAD,LAW,7.0,7.0,-2.5,session_best
2026,10,Belgian Grand Prix,FP3,belgian-grand-prix_corner_10,ALB,LAW,8.0,7.25,5.75,session_best
2026,10,Belgian Grand Prix,FP3,belgian-grand-prix_corner_10,PER,LAW,8.0,10.25,-3.5,session_best
2026,10,Belgian Grand Prix,FP3,belgian-grand-prix_corner_10,NOR,LAW,8.0,5.0,-6.25,session_best
2026,10,Belgian Grand Prix,FP3,belgian-grand-prix_corner_10,HAM,LAW,8.0,10.417,-3.583,session_best
2026,10,Belgian Grand Prix,FP3,belgian-grand-prix_corner_10,BEA,LAW,9.0,6.5,5.5,session_best
2026,10,Belgian Grand Prix,FP3,belgian-grand-prix_corner_10,GAS,LAW,11.0,6.35,1.75,session_best
2026,10,Belgian Grand Prix,FP3,belgian-grand-prix_corner_10,BOT,LAW,11.0,13.083,-2.583,session_best
2026,10,Belgian Grand Prix,FP3,belgian-grand-prix_corner_10,ALO,LAW,15.0,14.25,7.25,session_best
2026,10,Belgian Grand Prix,FP3,belgian-grand-prix_corner_10,HUL,LAW,15.0,13.5,-0.5,session_best
2026,10,Belgian Grand Prix,FP3,belgian-grand-prix_corner_10,STR,LAW,15.0,15.0,5.75,session_best
2026,10,Belgian Grand Prix,FP3,belgian-grand-prix_corner_10,RUS,LAW,15.0,11.5,-0.25,session_best
2026,10,Belgian Grand Prix,FP3,belgian-grand-prix_corner_10,PIA,LAW,16.0,15.5,-4.5,session_best
2026,10,Belgian Grand Prix,FP3,belgian-grand-prix_corner_10,LEC,LAW,17.0,13.5,-5.25,session_best
2026,10,Belgian Grand Prix,FP3,belgian-grand-prix_corner_13,LEC,LEC,0.0,0.0,0.0,session_best
2026,10,Belgian Grand Prix,FP3,belgian-grand-prix_corner_13,HUL,LEC,2.0,0.0,5.417,session_best
2026,10,Belgian Grand Prix,FP3,belgian-grand-prix_corner_13,PIA,LEC,6.0,-1.5,4.5,session_best
2026,10,Belgian Grand Prix,FP3,belgian-grand-prix_corner_13,HAM,LEC,7.0,4.5,4.75,session_best
2026,10,Belgian Grand Prix,FP3,belgian-grand-prix_corner_13,ANT,LEC,7.0,0.25,10.75,session_best
2026,10,Belgian Grand Prix,FP3,belgian-grand-prix_corner_13,RUS,LEC,7.0,0.5,8.25,session_best
2026,10,Belgian Grand Prix,FP3,belgian-grand-prix_corner_13,NOR,LEC,7.0,-4.333,10.083,session_best
2026,10,Belgian Grand Prix,FP3,belgian-grand-prix_corner_13,VER,LEC,7.0,-12.75,8.25,session_best
2026,10,Belgian Grand Prix,FP3,belgian-grand-prix_corner_13,BOR,LEC,11.0,1.0,9.0,session_best
2026,10,Belgian Grand Prix,FP3,belgian-grand-prix_corner_13,HAD,LEC,12.0,-11.333,14.417,session_best
2026,10,Belgian Grand Prix,FP3,belgian-grand-prix_corner_13,SAI,LEC,12.0,0.25,12.5,session_best
2026,10,Belgian Grand Prix,FP3,belgian-grand-prix_corner_13,OCO,LEC,12.0,4.0,13.75,session_best
2026,10,Belgian Grand Prix,FP3,belgian-grand-prix_corner_13,LAW,LEC,13.0,-6.25,14.75,session_best
2026,10,Belgian Grand Prix,FP3,belgian-grand-prix_corner_13,BEA,LEC,14.0,3.0,17.0,session_best
2026,10,Belgian Grand Prix,FP3,belgian-grand-prix_corner_13,ALO,LEC,14.0,7.667,14.75,session_best
2026,10,Belgian Grand Prix,FP3,belgian-grand-prix_corner_13,GAS,LEC,14.0,6.0,17.0,session_best
2026,10,Belgian Grand Prix,FP3,belgian-grand-prix_corner_13,COL,LEC,15.0,0.25,18.25,session_best
2026,10,Belgian Grand Prix,FP3,belgian-grand-prix_corner_13,ALB,LEC,17.0,-1.5,19.0,session_best
2026,10,Belgian Grand Prix,FP3,belgian-grand-prix_corner_13,BOT,LEC,17.0,3.25,15.5,session_best
2026,10,Belgian Grand Prix,FP3,belgian-grand-prix_corner_13,LIN,LEC,18.0,-3.75,19.5,session_best
2026,10,Belgian Grand Prix,FP3,belgian-grand-prix_corner_13,PER,LEC,18.0,7.0,21.35,session_best
2026,10,Belgian Grand Prix,FP3,belgian-grand-prix_corner_13,STR,LEC,20.0,8.667,18.417,session_best
2026,10,Belgian Grand Prix,FP3,belgian-grand-prix_corner_14,HUL,HUL,0.0,0.0,0.0,session_best
2026,10,Belgian Grand Prix,FP3,belgian-grand-prix_corner_14,VER,HUL,2.0,-1.75,21.75,session_best
2026,10,Belgian Grand Prix,FP3,belgian-grand-prix_corner_14,ANT,HUL,3.0,0.8,19.25,session_best
2026,10,Belgian Grand Prix,FP3,belgian-grand-prix_corner_14,NOR,HUL,4.0,1.75,-7.75,session_best
2026,10,Belgian Grand Prix,FP3,belgian-grand-prix_corner_14,LIN,HUL,5.0,4.0,9.0,session_best
2026,10,Belgian Grand Prix,FP3,belgian-grand-prix_corner_14,LEC,HUL,6.0,3.2,-3.75,session_best
2026,10,Belgian Grand Prix,FP3,belgian-grand-prix_corner_14,GAS,HUL,7.0,4.5,20.25,session_best
2026,10,Belgian Grand Prix,FP3,belgian-grand-prix_corner_14,HAM,HUL,8.0,8.25,-8.0,session_best
2026,10,Belgian Grand Prix,FP3,belgian-grand-prix_corner_14,PIA,HUL,8.0,6.25,-1.75,session_best
2026,10,Belgian Grand Prix,FP3,belgian-grand-prix_corner_14,HAD,HUL,10.0,7.25,6.75,session_best
2026,10,Belgian Grand Prix,FP3,belgian-grand-prix_corner_14,BEA,HUL,10.0,5.8,18.45,session_best
2026,10,Belgian Grand Prix,FP3,belgian-grand-prix_corner_14,BOR,HUL,10.0,5.0,19.05,session_best
2026,10,Belgian Grand Prix,FP3,belgian-grand-prix_corner_14,LAW,HUL,11.0,5.25,22.75,session_best
2026,10,Belgian Grand Prix,FP3,belgian-grand-prix_corner_14,RUS,HUL,12.0,10.75,-9.0,session_best
2026,10,Belgian Grand Prix,FP3,belgian-grand-prix_corner_14,OCO,HUL,13.0,6.0,4.85,session_best
2026,10,Belgian Grand Prix,FP3,belgian-grand-prix_corner_14,COL,HUL,15.0,7.75,14.25,session_best
2026,10,Belgian Grand Prix,FP3,belgian-grand-prix_corner_14,ALB,HUL,15.0,9.75,8.25,session_best
2026,10,Belgian Grand Prix,FP3,belgian-grand-prix_corner_14,ALO,HUL,16.0,16.5,20.5,session_best
2026,10,Belgian Grand Prix,FP3,belgian-grand-prix_corner_14,PER,HUL,16.0,13.2,12.05,session_best
2026,10,Belgian Grand Prix,FP3,belgian-grand-prix_corner_14,STR,HUL,18.0,11.8,31.65,session_best
2026,10,Belgian Grand Prix,FP3,belgian-grand-prix_corner_14,BOT,HUL,19.0,16.0,8.45,session_best
2026,10,Belgian Grand Prix,FP3,belgian-grand-prix_corner_14,SAI,HUL,21.0,5.5,51.25,session_best
2026,10,Belgian Grand Prix,FP3,belgian-grand-prix_corner_15,HUL,HUL,0.0,0.0,0.0,session_best
2026,10,Belgian Grand Prix,FP3,belgian-grand-prix_corner_15,ANT,HUL,1.0,5.167,-4.667,session_best
2026,10,Belgian Grand Prix,FP3,belgian-grand-prix_corner_15,NOR,HUL,2.0,-0.75,-3.75,session_best
2026,10,Belgian Grand Prix,FP3,belgian-grand-prix_corner_15,RUS,HUL,4.0,-8.25,-3.5,session_best
2026,10,Belgian Grand Prix,FP3,belgian-grand-prix_corner_15,VER,HUL,4.0,5.0,-4.75,session_best
2026,10,Belgian Grand Prix,FP3,belgian-grand-prix_corner_15,BOR,HUL,6.0,4.1,-2.4,session_best
2026,10,Belgian Grand Prix,FP3,belgian-grand-prix_corner_15,PER,HUL,6.0,5.25,0.75,session_best
2026,10,Belgian Grand Prix,FP3,belgian-grand-prix_corner_15,GAS,HUL,6.0,5.75,-1.5,session_best
2026,10,Belgian Grand Prix,FP3,belgian-grand-prix_corner_15,LEC,HUL,6.0,-10.5,5.667,session_best
2026,10,Belgian Grand Prix,FP3,belgian-grand-prix_corner_15,HAM,HUL,6.0,-7.25,-0.25,session_best
2026,10,Belgian Grand Prix,FP3,belgian-grand-prix_corner_15,PIA,HUL,7.0,1.75,-3.75,session_best
2026,10,Belgian Grand Prix,FP3,belgian-grand-prix_corner_15,HAD,HUL,7.0,1.833,1.0,session_best
2026,10,Belgian Grand Prix,FP3,belgian-grand-prix_corner_15,BEA,HUL,7.0,10.25,-5.0,session_best
2026,10,Belgian Grand Prix,FP3,belgian-grand-prix_corner_15,COL,HUL,9.0,7.5,-2.5,session_best
2026,10,Belgian Grand Prix,FP3,belgian-grand-prix_corner_15,ALB,HUL,10.0,8.833,-2.667,session_best
2026,10,Belgian Grand Prix,FP3,belgian-grand-prix_corner_15,ALO,HUL,10.0,8.0,3.25,session_best
2026,10,Belgian Grand Prix,FP3,belgian-grand-prix_corner_15,LIN,HUL,10.0,13.833,-6.333,session_best
2026,10,Belgian Grand Prix,FP3,belgian-grand-prix_corner_15,BOT,HUL,11.0,11.75,-2.25,session_best
2026,10,Belgian Grand Prix,FP3,belgian-grand-prix_corner_15,OCO,HUL,12.0,4.5,-1.0,session_best
2026,10,Belgian Grand Prix,FP3,belgian-grand-prix_corner_15,LAW,HUL,13.0,14.25,-3.75,session_best
2026,10,Belgian Grand Prix,FP3,belgian-grand-prix_corner_15,SAI,HUL,14.0,16.5,-5.5,session_best
2026,10,Belgian Grand Prix,FP3,belgian-grand-prix_corner_15,STR,HUL,15.0,17.25,0.5,session_best
2026,10,Belgian Grand Prix,FP3,belgian-grand-prix_corner_20,HUL,HUL,0.0,0.0,0.0,session_best
2026,10,Belgian Grand Prix,FP3,belgian-grand-prix_corner_20,HAM,HUL,0.0,-35.643,13.024,session_best
2026,10,Belgian Grand Prix,FP3,belgian-grand-prix_corner_20,PER,HUL,1.0,-8.929,-2.976,session_best
2026,10,Belgian Grand Prix,FP3,belgian-grand-prix_corner_20,VER,HUL,1.0,-22.333,0.834,session_best
2026,10,Belgian Grand Prix,FP3,belgian-grand-prix_corner_20,ALB,HUL,2.0,-10.786,2.024,session_best
2026,10,Belgian Grand Prix,FP3,belgian-grand-prix_corner_20,BOT,HUL,2.0,-10.071,-4.119,session_best
2026,10,Belgian Grand Prix,FP3,belgian-grand-prix_corner_20,RUS,HUL,2.0,-28.667,-8.166,session_best
2026,10,Belgian Grand Prix,FP3,belgian-grand-prix_corner_20,OCO,HUL,2.0,-56.0,7.834,session_best
2026,10,Belgian Grand Prix,FP3,belgian-grand-prix_corner_20,LEC,HUL,2.0,-64.214,8.453,session_best
2026,10,Belgian Grand Prix,FP3,belgian-grand-prix_corner_20,COL,HUL,2.0,-19.214,-7.119,session_best
2026,10,Belgian Grand Prix,FP3,belgian-grand-prix_corner_20,NOR,HUL,2.0,-29.5,-1.666,session_best
2026,10,Belgian Grand Prix,FP3,belgian-grand-prix_corner_20,GAS,HUL,3.0,-22.357,-4.404,session_best
2026,10,Belgian Grand Prix,FP3,belgian-grand-prix_corner_20,ANT,HUL,3.0,12.167,-8.5,session_best
2026,10,Belgian Grand Prix,FP3,belgian-grand-prix_corner_20,BOR,HUL,3.0,-50.214,1.167,session_best
2026,10,Belgian Grand Prix,FP3,belgian-grand-prix_corner_20,PIA,HUL,4.0,-33.333,-5.666,session_best
2026,10,Belgian Grand Prix,FP3,belgian-grand-prix_corner_20,LAW,HUL,4.0,-13.643,1.596,session_best
2026,10,Belgian Grand Prix,FP3,belgian-grand-prix_corner_20,HAD,HUL,4.0,-21.5,11.596,session_best
2026,10,Belgian Grand Prix,FP3,belgian-grand-prix_corner_20,ALO,HUL,5.0,-7.929,8.596,session_best
2026,10,Belgian Grand Prix,FP3,belgian-grand-prix_corner_20,SAI,HUL,5.0,22.333,-0.666,session_best
2026,10,Belgian Grand Prix,FP3,belgian-grand-prix_corner_20,LIN,HUL,5.0,-17.786,8.881,session_best
2026,10,Belgian Grand Prix,FP3,belgian-grand-prix_corner_20,BEA,HUL,6.0,-23.333,11.834,session_best
2026,10,Belgian Grand Prix,FP3,belgian-grand-prix_corner_20,STR,HUL,7.0,13.929,21.024,session_best
2026,10,Belgian Grand Prix,Q,belgian-grand-prix_corner_02,NOR,NOR,0.0,0.0,0.0,session_best
2026,10,Belgian Grand Prix,Q,belgian-grand-prix_corner_02,HAM,NOR,0.0,5.2,1.8,session_best
2026,10,Belgian Grand Prix,Q,belgian-grand-prix_corner_02,BOR,NOR,1.0,3.45,-2.85,session_best
2026,10,Belgian Grand Prix,Q,belgian-grand-prix_corner_02,HUL,NOR,1.0,6.6,-4.6,session_best
2026,10,Belgian Grand Prix,Q,belgian-grand-prix_corner_02,LEC,NOR,2.0,7.2,-0.2,session_best
2026,10,Belgian Grand Prix,Q,belgian-grand-prix_corner_02,PER,NOR,2.0,8.2,0.6,session_best
2026,10,Belgian Grand Prix,Q,belgian-grand-prix_corner_02,COL,NOR,2.0,8.0,1.8,session_best
2026,10,Belgian Grand Prix,Q,belgian-grand-prix_corner_02,VER,NOR,3.0,5.8,-3.8,session_best
2026,10,Belgian Grand Prix,Q,belgian-grand-prix_corner_02,PIA,NOR,3.0,5.8,-6.2,session_best
2026,10,Belgian Grand Prix,Q,belgian-grand-prix_corner_02,BOT,NOR,3.0,2.0,-0.6,session_best
2026,10,Belgian Grand Prix,Q,belgian-grand-prix_corner_02,ANT,NOR,3.0,4.4,-4.0,session_best
2026,10,Belgian Grand Prix,Q,belgian-grand-prix_corner_02,LIN,NOR,3.0,9.2,2.8,session_best
2026,10,Belgian Grand Prix,Q,belgian-grand-prix_corner_02,LAW,NOR,3.0,11.6,2.8,session_best
2026,10,Belgian Grand Prix,Q,belgian-grand-prix_corner_02,GAS,NOR,3.0,7.367,2.9,session_best
2026,10,Belgian Grand Prix,Q,belgian-grand-prix_corner_02,SAI,NOR,3.0,10.033,1.567,session_best
2026,10,Belgian Grand Prix,Q,belgian-grand-prix_corner_02,RUS,NOR,4.0,1.4,1.6,session_best
2026,10,Belgian Grand Prix,Q,belgian-grand-prix_corner_02,BEA,NOR,5.0,13.8,-2.8,session_best
2026,10,Belgian Grand Prix,Q,belgian-grand-prix_corner_02,HAD,NOR,5.0,10.2,-1.6,session_best
2026,10,Belgian Grand Prix,Q,belgian-grand-prix_corner_02,OCO,NOR,6.0,8.8,4.8,session_best
2026,10,Belgian Grand Prix,Q,belgian-grand-prix_corner_02,ALO,NOR,7.0,8.6,17.0,session_best
2026,10,Belgian Grand Prix,Q,belgian-grand-prix_corner_02,ALB,NOR,7.0,12.2,24.4,session_best
2026,10,Belgian Grand Prix,Q,belgian-grand-prix_corner_02,STR,NOR,7.0,8.6,9.0,session_best
2026,10,Belgian Grand Prix,Q,belgian-grand-prix_corner_08,LEC,LEC,0.0,0.0,0.0,session_best
2026,10,Belgian Grand Prix,Q,belgian-grand-prix_corner_08,RUS,LEC,5.0,2.5,-2.25,session_best
2026,10,Belgian Grand Prix,Q,belgian-grand-prix_corner_08,NOR,LEC,8.0,5.25,-0.25,session_best
2026,10,Belgian Grand Prix,Q,belgian-grand-prix_corner_08,HAM,LEC,9.0,6.5,4.25,session_best
2026,10,Belgian Grand Prix,Q,belgian-grand-prix_corner_08,ANT,LEC,10.0,8.25,-3.25,session_best
2026,10,Belgian Grand Prix,Q,belgian-grand-prix_corner_08,PIA,LEC,10.0,9.25,-4.5,session_best
2026,10,Belgian Grand Prix,Q,belgian-grand-prix_corner_08,VER,LEC,10.0,7.0,3.25,session_best
2026,10,Belgian Grand Prix,Q,belgian-grand-prix_corner_08,SAI,LEC,10.0,8.45,1.2,session_best
2026,10,Belgian Grand Prix,Q,belgian-grand-prix_corner_08,BOR,LEC,12.0,8.75,6.75,session_best
2026,10,Belgian Grand Prix,Q,belgian-grand-prix_corner_08,LAW,LEC,12.0,8.05,3.0,session_best
2026,10,Belgian Grand Prix,Q,belgian-grand-prix_corner_08,HUL,LEC,13.0,10.75,1.75,session_best
2026,10,Belgian Grand Prix,Q,belgian-grand-prix_corner_08,BEA,LEC,13.0,10.5,9.0,session_best
2026,10,Belgian Grand Prix,Q,belgian-grand-prix_corner_08,LIN,LEC,14.0,11.65,4.4,session_best
2026,10,Belgian Grand Prix,Q,belgian-grand-prix_corner_08,GAS,LEC,15.0,12.85,2.4,session_best
2026,10,Belgian Grand Prix,Q,belgian-grand-prix_corner_08,COL,LEC,18.0,16.0,-2.75,session_best
2026,10,Belgian Grand Prix,Q,belgian-grand-prix_corner_08,HAD,LEC,19.0,15.25,6.6,session_best
2026,10,Belgian Grand Prix,Q,belgian-grand-prix_corner_08,ALB,LEC,19.0,14.85,1.6,session_best
2026,10,Belgian Grand Prix,Q,belgian-grand-prix_corner_08,OCO,LEC,19.0,16.45,13.2,session_best
2026,10,Belgian Grand Prix,Q,belgian-grand-prix_corner_08,PER,LEC,20.0,17.5,8.5,session_best
2026,10,Belgian Grand Prix,Q,belgian-grand-prix_corner_08,STR,LEC,27.0,22.45,13.2,session_best
2026,10,Belgian Grand Prix,Q,belgian-grand-prix_corner_08,BOT,LEC,28.0,22.75,12.75,session_best
2026,10,Belgian Grand Prix,Q,belgian-grand-prix_corner_08,ALO,LEC,30.0,23.25,13.0,session_best
2026,10,Belgian Grand Prix,Q,belgian-grand-prix_corner_09,VER,VER,0.0,0.0,0.0,session_best
2026,10,Belgian Grand Prix,Q,belgian-grand-prix_corner_09,LEC,VER,3.0,4.75,4.25,session_best
2026,10,Belgian Grand Prix,Q,belgian-grand-prix_corner_09,ANT,VER,4.0,-1.65,-6.45,session_best
2026,10,Belgian Grand Prix,Q,belgian-grand-prix_corner_09,LIN,VER,5.0,1.15,5.55,session_best
2026,10,Belgian Grand Prix,Q,belgian-grand-prix_corner_09,GAS,VER,5.0,-4.0,-7.75,session_best
2026,10,Belgian Grand Prix,Q,belgian-grand-prix_corner_09,BOR,VER,5.0,5.55,-4.65,session_best
2026,10,Belgian Grand Prix,Q,belgian-grand-prix_corner_09,RUS,VER,5.0,-3.25,-4.0,session_best
2026,10,Belgian Grand Prix,Q,belgian-grand-prix_corner_09,HAM,VER,6.0,4.55,-2.65,session_best
2026,10,Belgian Grand Prix,Q,belgian-grand-prix_corner_09,HUL,VER,7.0,3.55,-10.65,session_best
2026,10,Belgian Grand Prix,Q,belgian-grand-prix_corner_09,NOR,VER,7.0,-2.05,0.75,session_best
2026,10,Belgian Grand Prix,Q,belgian-grand-prix_corner_09,LAW,VER,8.0,0.35,-0.65,session_best
2026,10,Belgian Grand Prix,Q,belgian-grand-prix_corner_09,PIA,VER,8.0,-3.45,-7.25,session_best
2026,10,Belgian Grand Prix,Q,belgian-grand-prix_corner_09,BEA,VER,8.0,5.917,4.083,session_best
2026,10,Belgian Grand Prix,Q,belgian-grand-prix_corner_09,ALB,VER,9.0,-1.45,1.75,session_best
2026,10,Belgian Grand Prix,Q,belgian-grand-prix_corner_09,HAD,VER,9.0,3.55,-0.05,session_best
2026,10,Belgian Grand Prix,Q,belgian-grand-prix_corner_09,COL,VER,11.0,-4.45,2.55,session_best
2026,10,Belgian Grand Prix,Q,belgian-grand-prix_corner_09,SAI,VER,11.0,0.0,-2.0,session_best
2026,10,Belgian Grand Prix,Q,belgian-grand-prix_corner_09,BOT,VER,12.0,9.35,8.55,session_best
2026,10,Belgian Grand Prix,Q,belgian-grand-prix_corner_09,PER,VER,14.0,6.15,6.15,session_best
2026,10,Belgian Grand Prix,Q,belgian-grand-prix_corner_09,OCO,VER,15.0,10.0,16.0,session_best
2026,10,Belgian Grand Prix,Q,belgian-grand-prix_corner_09,STR,VER,15.0,10.75,9.35,session_best
2026,10,Belgian Grand Prix,Q,belgian-grand-prix_corner_09,ALO,VER,16.0,13.35,7.35,session_best
2026,10,Belgian Grand Prix,Q,belgian-grand-prix_corner_10,HUL,HUL,0.0,0.0,0.0,session_best
2026,10,Belgian Grand Prix,Q,belgian-grand-prix_corner_10,OCO,HUL,6.0,5.25,2.75,session_best
2026,10,Belgian Grand Prix,Q,belgian-grand-prix_corner_10,PIA,HUL,6.0,5.167,-6.25,session_best
2026,10,Belgian Grand Prix,Q,belgian-grand-prix_corner_10,HAM,HUL,7.0,7.167,0.417,session_best
2026,10,Belgian Grand Prix,Q,belgian-grand-prix_corner_10,BOR,HUL,7.0,7.833,5.75,session_best
2026,10,Belgian Grand Prix,Q,belgian-grand-prix_corner_10,VER,HUL,8.0,9.25,0.25,session_best
2026,10,Belgian Grand Prix,Q,belgian-grand-prix_corner_10,BEA,HUL,9.0,8.5,4.417,session_best
2026,10,Belgian Grand Prix,Q,belgian-grand-prix_corner_10,LIN,HUL,10.0,8.0,1.25,session_best
2026,10,Belgian Grand Prix,Q,belgian-grand-prix_corner_10,LAW,HUL,10.0,11.0,1.0,session_best
2026,10,Belgian Grand Prix,Q,belgian-grand-prix_corner_10,ANT,HUL,10.0,5.75,-4.5,session_best
2026,10,Belgian Grand Prix,Q,belgian-grand-prix_corner_10,LEC,HUL,10.0,10.5,-9.0,session_best
2026,10,Belgian Grand Prix,Q,belgian-grand-prix_corner_10,RUS,HUL,11.0,9.5,-1.75,session_best
2026,10,Belgian Grand Prix,Q,belgian-grand-prix_corner_10,ALB,HUL,11.0,11.25,-1.0,session_best
2026,10,Belgian Grand Prix,Q,belgian-grand-prix_corner_10,GAS,HUL,12.0,10.5,-1.75,session_best
2026,10,Belgian Grand Prix,Q,belgian-grand-prix_corner_10,NOR,HUL,13.0,13.5,-5.583,session_best
2026,10,Belgian Grand Prix,Q,belgian-grand-prix_corner_10,HAD,HUL,13.0,14.5,3.75,session_best
2026,10,Belgian Grand Prix,Q,belgian-grand-prix_corner_10,SAI,HUL,13.0,12.0,-2.25,session_best
2026,10,Belgian Grand Prix,Q,belgian-grand-prix_corner_10,BOT,HUL,16.0,11.75,10.75,session_best
2026,10,Belgian Grand Prix,Q,belgian-grand-prix_corner_10,COL,HUL,16.0,16.5,0.25,session_best
2026,10,Belgian Grand Prix,Q,belgian-grand-prix_corner_10,PER,HUL,23.0,22.0,20.25,session_best
2026,10,Belgian Grand Prix,Q,belgian-grand-prix_corner_10,STR,HUL,24.0,22.7,13.15,session_best
2026,10,Belgian Grand Prix,Q,belgian-grand-prix_corner_10,ALO,HUL,26.0,24.3,12.55,session_best
2026,10,Belgian Grand Prix,Q,belgian-grand-prix_corner_13,HUL,HUL,0.0,0.0,0.0,session_best
2026,10,Belgian Grand Prix,Q,belgian-grand-prix_corner_13,NOR,HUL,2.0,-1.75,1.167,session_best
2026,10,Belgian Grand Prix,Q,belgian-grand-prix_corner_13,LEC,HUL,5.0,1.5,3.417,session_best
2026,10,Belgian Grand Prix,Q,belgian-grand-prix_corner_13,RUS,HUL,5.0,2.0,5.667,session_best
2026,10,Belgian Grand Prix,Q,belgian-grand-prix_corner_13,ANT,HUL,6.0,-1.25,6.917,session_best
2026,10,Belgian Grand Prix,Q,belgian-grand-prix_corner_13,PIA,HUL,6.0,-3.667,5.667,session_best
2026,10,Belgian Grand Prix,Q,belgian-grand-prix_corner_13,BOR,HUL,7.0,-2.0,7.667,session_best
2026,10,Belgian Grand Prix,Q,belgian-grand-prix_corner_13,HAM,HUL,7.0,-2.0,5.334,session_best
2026,10,Belgian Grand Prix,Q,belgian-grand-prix_corner_13,VER,HUL,11.0,-16.5,8.917,session_best
2026,10,Belgian Grand Prix,Q,belgian-grand-prix_corner_13,LIN,HUL,11.0,-4.667,11.334,session_best
2026,10,Belgian Grand Prix,Q,belgian-grand-prix_corner_13,SAI,HUL,13.0,-5.5,12.667,session_best
2026,10,Belgian Grand Prix,Q,belgian-grand-prix_corner_13,COL,HUL,14.0,2.75,14.667,session_best
2026,10,Belgian Grand Prix,Q,belgian-grand-prix_corner_13,HAD,HUL,14.0,-16.667,14.334,session_best
2026,10,Belgian Grand Prix,Q,belgian-grand-prix_corner_13,BEA,HUL,14.0,1.75,13.417,session_best
2026,10,Belgian Grand Prix,Q,belgian-grand-prix_corner_13,GAS,HUL,16.0,3.0,16.417,session_best
2026,10,Belgian Grand Prix,Q,belgian-grand-prix_corner_13,LAW,HUL,19.0,-7.0,18.0,session_best
2026,10,Belgian Grand Prix,Q,belgian-grand-prix_corner_13,OCO,HUL,19.0,-1.75,17.917,session_best
2026,10,Belgian Grand Prix,Q,belgian-grand-prix_corner_13,ALB,HUL,23.0,-7.75,22.167,session_best
2026,10,Belgian Grand Prix,Q,belgian-grand-prix_corner_13,BOT,HUL,24.0,-1.75,23.417,session_best
2026,10,Belgian Grand Prix,Q,belgian-grand-prix_corner_13,ALO,HUL,25.0,3.25,23.167,session_best
2026,10,Belgian Grand Prix,Q,belgian-grand-prix_corner_13,STR,HUL,25.0,5.5,22.917,session_best
2026,10,Belgian Grand Prix,Q,belgian-grand-prix_corner_13,PER,HUL,27.0,1.0,23.917,session_best
2026,10,Belgian Grand Prix,Q,belgian-grand-prix_corner_14,NOR,NOR,0.0,0.0,0.0,session_best
2026,10,Belgian Grand Prix,Q,belgian-grand-prix_corner_14,LEC,NOR,0.0,1.0,-7.25,session_best
2026,10,Belgian Grand Prix,Q,belgian-grand-prix_corner_14,BOR,NOR,2.0,2.25,8.0,session_best
2026,10,Belgian Grand Prix,Q,belgian-grand-prix_corner_14,PIA,NOR,3.0,2.75,6.5,session_best
2026,10,Belgian Grand Prix,Q,belgian-grand-prix_corner_14,HUL,NOR,6.0,2.5,21.0,session_best
2026,10,Belgian Grand Prix,Q,belgian-grand-prix_corner_14,ANT,NOR,7.0,4.5,5.75,session_best
2026,10,Belgian Grand Prix,Q,belgian-grand-prix_corner_14,RUS,NOR,9.0,7.0,6.25,session_best
2026,10,Belgian Grand Prix,Q,belgian-grand-prix_corner_14,HAM,NOR,10.0,10.0,-5.75,session_best
2026,10,Belgian Grand Prix,Q,belgian-grand-prix_corner_14,LIN,NOR,10.0,6.75,9.75,session_best
2026,10,Belgian Grand Prix,Q,belgian-grand-prix_corner_14,BEA,NOR,13.0,6.15,12.05,session_best
2026,10,Belgian Grand Prix,Q,belgian-grand-prix_corner_14,VER,NOR,13.0,12.0,5.5,session_best
2026,10,Belgian Grand Prix,Q,belgian-grand-prix_corner_14,SAI,NOR,13.0,10.0,15.5,session_best
2026,10,Belgian Grand Prix,Q,belgian-grand-prix_corner_14,HAD,NOR,13.0,9.0,3.5,session_best
2026,10,Belgian Grand Prix,Q,belgian-grand-prix_corner_14,GAS,NOR,13.0,11.5,29.75,session_best
2026,10,Belgian Grand Prix,Q,belgian-grand-prix_corner_14,COL,NOR,14.0,11.25,14.0,session_best
2026,10,Belgian Grand Prix,Q,belgian-grand-prix_corner_14,LAW,NOR,15.0,9.75,12.25,session_best
2026,10,Belgian Grand Prix,Q,belgian-grand-prix_corner_14,ALB,NOR,18.0,14.95,25.05,session_best
2026,10,Belgian Grand Prix,Q,belgian-grand-prix_corner_14,OCO,NOR,18.0,13.95,6.25,session_best
2026,10,Belgian Grand Prix,Q,belgian-grand-prix_corner_14,STR,NOR,23.0,21.0,27.0,session_best
2026,10,Belgian Grand Prix,Q,belgian-grand-prix_corner_14,BOT,NOR,23.0,21.083,14.25,session_best
2026,10,Belgian Grand Prix,Q,belgian-grand-prix_corner_14,ALO,NOR,27.0,23.35,25.85,session_best
2026,10,Belgian Grand Prix,Q,belgian-grand-prix_corner_14,PER,NOR,29.0,18.0,11.25,session_best
2026,10,Belgian Grand Prix,Q,belgian-grand-prix_corner_15,LEC,LEC,0.0,0.0,0.0,session_best
2026,10,Belgian Grand Prix,Q,belgian-grand-prix_corner_15,ANT,LEC,8.0,41.333,-8.666,session_best
2026,10,Belgian Grand Prix,Q,belgian-grand-prix_corner_15,PIA,LEC,14.0,48.75,-5.833,session_best
2026,10,Belgian Grand Prix,Q,belgian-grand-prix_corner_15,HUL,LEC,15.0,50.25,1.167,session_best
2026,10,Belgian Grand Prix,Q,belgian-grand-prix_corner_15,HAM,LEC,15.0,45.75,-2.583,session_best
2026,10,Belgian Grand Prix,Q,belgian-grand-prix_corner_15,BOR,LEC,15.0,46.75,-3.583,session_best
2026,10,Belgian Grand Prix,Q,belgian-grand-prix_corner_15,NOR,LEC,15.0,46.0,-4.083,session_best
2026,10,Belgian Grand Prix,Q,belgian-grand-prix_corner_15,RUS,LEC,16.0,46.667,-5.666,session_best
2026,10,Belgian Grand Prix,Q,belgian-grand-prix_corner_15,LIN,LEC,16.0,52.25,-6.333,session_best
2026,10,Belgian Grand Prix,Q,belgian-grand-prix_corner_15,VER,LEC,18.0,50.25,-5.333,session_best
2026,10,Belgian Grand Prix,Q,belgian-grand-prix_corner_15,LAW,LEC,19.0,54.0,-4.583,session_best
2026,10,Belgian Grand Prix,Q,belgian-grand-prix_corner_15,COL,LEC,20.0,53.25,-5.583,session_best
2026,10,Belgian Grand Prix,Q,belgian-grand-prix_corner_15,BOT,LEC,20.0,50.75,0.917,session_best
2026,10,Belgian Grand Prix,Q,belgian-grand-prix_corner_15,BEA,LEC,20.0,54.5,-6.333,session_best
2026,10,Belgian Grand Prix,Q,belgian-grand-prix_corner_15,GAS,LEC,20.0,54.0,-8.333,session_best
2026,10,Belgian Grand Prix,Q,belgian-grand-prix_corner_15,HAD,LEC,21.0,51.5,-9.333,session_best
2026,10,Belgian Grand Prix,Q,belgian-grand-prix_corner_15,PER,LEC,26.0,52.0,7.667,session_best
2026,10,Belgian Grand Prix,Q,belgian-grand-prix_corner_15,OCO,LEC,26.0,57.0,-4.083,session_best
2026,10,Belgian Grand Prix,Q,belgian-grand-prix_corner_15,STR,LEC,27.0,59.0,3.167,session_best
2026,10,Belgian Grand Prix,Q,belgian-grand-prix_corner_15,ALB,LEC,28.0,61.25,-3.583,session_best
2026,10,Belgian Grand Prix,Q,belgian-grand-prix_corner_15,SAI,LEC,28.0,58.75,-6.583,session_best
2026,10,Belgian Grand Prix,Q,belgian-grand-prix_corner_15,ALO,LEC,29.0,59.25,1.667,session_best
2026,10,Belgian Grand Prix,Q,belgian-grand-prix_corner_20,HUL,HUL,0.0,0.0,0.0,session_best
2026,10,Belgian Grand Prix,Q,belgian-grand-prix_corner_20,GAS,HUL,0.0,13.31,0.786,session_best
2026,10,Belgian Grand Prix,Q,belgian-grand-prix_corner_20,BOR,HUL,1.0,-24.69,4.643,session_best
2026,10,Belgian Grand Prix,Q,belgian-grand-prix_corner_20,HAD,HUL,1.0,-0.119,4.5,session_best
2026,10,Belgian Grand Prix,Q,belgian-grand-prix_corner_20,COL,HUL,3.0,-15.833,-7.0,session_best
2026,10,Belgian Grand Prix,Q,belgian-grand-prix_corner_20,LEC,HUL,3.0,-33.119,8.214,session_best
2026,10,Belgian Grand Prix,Q,belgian-grand-prix_corner_20,VER,HUL,3.0,-12.547,3.5,session_best
2026,10,Belgian Grand Prix,Q,belgian-grand-prix_corner_20,PER,HUL,3.0,-6.833,-2.643,session_best
2026,10,Belgian Grand Prix,Q,belgian-grand-prix_corner_20,ALB,HUL,4.0,23.834,0.333,session_best
2026,10,Belgian Grand Prix,Q,belgian-grand-prix_corner_20,BOT,HUL,4.0,-18.404,7.214,session_best
2026,10,Belgian Grand Prix,Q,belgian-grand-prix_corner_20,BEA,HUL,4.0,4.834,-2.833,session_best
2026,10,Belgian Grand Prix,Q,belgian-grand-prix_corner_20,HAM,HUL,4.0,-35.547,4.214,session_best
2026,10,Belgian Grand Prix,Q,belgian-grand-prix_corner_20,RUS,HUL,5.0,-39.5,-7.667,session_best
2026,10,Belgian Grand Prix,Q,belgian-grand-prix_corner_20,ANT,HUL,5.0,7.0,-3.333,session_best
2026,10,Belgian Grand Prix,Q,belgian-grand-prix_corner_20,NOR,HUL,5.0,25.596,-1.071,session_best
2026,10,Belgian Grand Prix,Q,belgian-grand-prix_corner_20,ALO,HUL,6.0,-2.833,11.167,session_best
2026,10,Belgian Grand Prix,Q,belgian-grand-prix_corner_20,LIN,HUL,6.0,-3.833,6.167,session_best
2026,10,Belgian Grand Prix,Q,belgian-grand-prix_corner_20,LAW,HUL,6.0,8.834,-6.5,session_best
2026,10,Belgian Grand Prix,Q,belgian-grand-prix_corner_20,SAI,HUL,6.0,7.334,0.333,session_best
2026,10,Belgian Grand Prix,Q,belgian-grand-prix_corner_20,OCO,HUL,6.0,0.024,-0.929,session_best
2026,10,Belgian Grand Prix,Q,belgian-grand-prix_corner_20,PIA,HUL,8.0,16.834,-16.167,session_best
2026,10,Belgian Grand Prix,Q,belgian-grand-prix_corner_20,STR,HUL,8.0,2.417,15.5,session_best
2026,10,Belgian Grand Prix,R,belgian-grand-prix_corner_02,BOR,BOR,0.0,0.0,0.0,session_best
2026,10,Belgian Grand Prix,R,belgian-grand-prix_corner_02,VER,BOR,2.0,7.433,-6.233,session_best
2026,10,Belgian Grand Prix,R,belgian-grand-prix_corner_02,LEC,BOR,2.0,-5.167,-0.833,session_best
2026,10,Belgian Grand Prix,R,belgian-grand-prix_corner_02,BEA,BOR,3.0,0.833,3.0,session_best
2026,10,Belgian Grand Prix,R,belgian-grand-prix_corner_02,HUL,BOR,3.0,5.833,-0.5,session_best
2026,10,Belgian Grand Prix,R,belgian-grand-prix_corner_02,HAM,BOR,3.0,5.166,-7.5,session_best
2026,10,Belgian Grand Prix,R,belgian-grand-prix_corner_02,BOT,BOR,4.0,4.033,6.367,session_best
2026,10,Belgian Grand Prix,R,belgian-grand-prix_corner_02,ALO,BOR,5.0,8.333,1.667,session_best
2026,10,Belgian Grand Prix,R,belgian-grand-prix_corner_02,PIA,BOR,5.0,13.233,-6.433,session_best
2026,10,Belgian Grand Prix,R,belgian-grand-prix_corner_02,OCO,BOR,6.0,9.433,6.967,session_best
2026,10,Belgian Grand Prix,R,belgian-grand-prix_corner_02,PER,BOR,6.0,11.166,10.334,session_best
2026,10,Belgian Grand Prix,R,belgian-grand-prix_corner_02,STR,BOR,7.0,4.433,5.967,session_best
2026,10,Belgian Grand Prix,R,belgian-grand-prix_corner_02,LIN,BOR,7.0,12.0,-8.333,session_best
2026,10,Belgian Grand Prix,R,belgian-grand-prix_corner_02,COL,BOR,7.0,11.233,-0.233,session_best
2026,10,Belgian Grand Prix,R,belgian-grand-prix_corner_02,ALB,BOR,8.0,11.333,-4.333,session_best
2026,10,Belgian Grand Prix,R,belgian-grand-prix_corner_02,ANT,BOR,8.0,2.833,-10.433,session_best
2026,10,Belgian Grand Prix,R,belgian-grand-prix_corner_02,GAS,BOR,9.0,11.033,-3.833,session_best
2026,10,Belgian Grand Prix,R,belgian-grand-prix_corner_02,LAW,BOR,9.0,8.666,-4.333,session_best
2026,10,Belgian Grand Prix,R,belgian-grand-prix_corner_02,HAD,BOR,10.0,3.666,-0.5,session_best
2026,10,Belgian Grand Prix,R,belgian-grand-prix_corner_02,NOR,BOR,11.0,10.833,-3.333,session_best
2026,10,Belgian Grand Prix,R,belgian-grand-prix_corner_02,SAI,BOR,11.0,9.033,-3.033,session_best
2026,10,Belgian Grand Prix,R,belgian-grand-prix_corner_08,VER,VER,0.0,0.0,0.0,session_best
2026,10,Belgian Grand Prix,R,belgian-grand-prix_corner_08,ANT,VER,3.0,4.3,-4.3,session_best
2026,10,Belgian Grand Prix,R,belgian-grand-prix_corner_08,BOR,VER,4.0,4.5,1.1,session_best
2026,10,Belgian Grand Prix,R,belgian-grand-prix_corner_08,LIN,VER,4.0,6.9,4.3,session_best
2026,10,Belgian Grand Prix,R,belgian-grand-prix_corner_08,BEA,VER,5.0,7.3,4.7,session_best
2026,10,Belgian Grand Prix,R,belgian-grand-prix_corner_08,PIA,VER,5.0,9.75,-9.25,session_best
2026,10,Belgian Grand Prix,R,belgian-grand-prix_corner_08,ALB,VER,6.0,9.9,-4.1,session_best
2026,10,Belgian Grand Prix,R,belgian-grand-prix_corner_08,HUL,VER,6.0,4.7,5.1,session_best
2026,10,Belgian Grand Prix,R,belgian-grand-prix_corner_08,COL,VER,6.0,11.3,-3.1,session_best
2026,10,Belgian Grand Prix,R,belgian-grand-prix_corner_08,HAM,VER,6.0,10.5,2.1,session_best
2026,10,Belgian Grand Prix,R,belgian-grand-prix_corner_08,PER,VER,8.0,9.9,5.3,session_best
2026,10,Belgian Grand Prix,R,belgian-grand-prix_corner_08,HAD,VER,8.0,9.0,-1.25,session_best
2026,10,Belgian Grand Prix,R,belgian-grand-prix_corner_08,STR,VER,9.0,12.1,-1.1,session_best
2026,10,Belgian Grand Prix,R,belgian-grand-prix_corner_08,BOT,VER,9.0,10.5,5.5,session_best
2026,10,Belgian Grand Prix,R,belgian-grand-prix_corner_08,LEC,VER,9.0,11.5,6.3,session_best
2026,10,Belgian Grand Prix,R,belgian-grand-prix_corner_08,NOR,VER,11.0,12.75,-12.0,session_best
2026,10,Belgian Grand Prix,R,belgian-grand-prix_corner_08,GAS,VER,11.0,14.5,-3.25,session_best
2026,10,Belgian Grand Prix,R,belgian-grand-prix_corner_08,LAW,VER,12.0,14.5,7.0,session_best
2026,10,Belgian Grand Prix,R,belgian-grand-prix_corner_08,OCO,VER,13.0,16.1,3.9,session_best
2026,10,Belgian Grand Prix,R,belgian-grand-prix_corner_08,ALO,VER,17.0,17.7,9.1,session_best
2026,10,Belgian Grand Prix,R,belgian-grand-prix_corner_08,SAI,VER,17.0,17.75,-5.75,session_best
2026,10,Belgian Grand Prix,R,belgian-grand-prix_corner_09,BEA,BEA,0.0,0.0,0.0,session_best
2026,10,Belgian Grand Prix,R,belgian-grand-prix_corner_09,LIN,BEA,1.0,-3.167,-13.167,session_best
2026,10,Belgian Grand Prix,R,belgian-grand-prix_corner_09,ALB,BEA,2.0,-8.8,-9.6,session_best
2026,10,Belgian Grand Prix,R,belgian-grand-prix_corner_09,LEC,BEA,2.0,1.8,-2.4,session_best
2026,10,Belgian Grand Prix,R,belgian-grand-prix_corner_09,BOR,BEA,2.0,-7.2,-13.8,session_best
2026,10,Belgian Grand Prix,R,belgian-grand-prix_corner_09,VER,BEA,2.0,-4.8,-12.8,session_best
2026,10,Belgian Grand Prix,R,belgian-grand-prix_corner_09,ANT,BEA,4.0,-7.6,-0.6,session_best
2026,10,Belgian Grand Prix,R,belgian-grand-prix_corner_09,HAM,BEA,4.0,-3.4,-3.4,session_best
2026,10,Belgian Grand Prix,R,belgian-grand-prix_corner_09,ALO,BEA,5.0,6.0,-4.8,session_best
2026,10,Belgian Grand Prix,R,belgian-grand-prix_corner_09,PIA,BEA,5.0,-8.8,-16.4,session_best
2026,10,Belgian Grand Prix,R,belgian-grand-prix_corner_09,NOR,BEA,6.0,-12.5,-12.167,session_best
2026,10,Belgian Grand Prix,R,belgian-grand-prix_corner_09,BOT,BEA,7.0,0.6,-1.8,session_best
2026,10,Belgian Grand Prix,R,belgian-grand-prix_corner_09,COL,BEA,7.0,-8.6,-10.6,session_best
2026,10,Belgian Grand Prix,R,belgian-grand-prix_corner_09,PER,BEA,8.0,1.4,-4.8,session_best
2026,10,Belgian Grand Prix,R,belgian-grand-prix_corner_09,OCO,BEA,8.0,-0.167,-9.833,session_best
2026,10,Belgian Grand Prix,R,belgian-grand-prix_corner_09,GAS,BEA,8.0,-7.2,-6.8,session_best
2026,10,Belgian Grand Prix,R,belgian-grand-prix_corner_09,HAD,BEA,9.0,-4.667,3.0,session_best
2026,10,Belgian Grand Prix,R,belgian-grand-prix_corner_09,HUL,BEA,9.0,0.5,-5.333,session_best
2026,10,Belgian Grand Prix,R,belgian-grand-prix_corner_09,SAI,BEA,11.0,-9.6,-11.2,session_best
2026,10,Belgian Grand Prix,R,belgian-grand-prix_corner_09,STR,BEA,11.0,-4.8,-4.2,session_best
2026,10,Belgian Grand Prix,R,belgian-grand-prix_corner_09,LAW,BEA,14.0,1.2,-0.2,session_best
2026,10,Belgian Grand Prix,R,belgian-grand-prix_corner_10,PIA,PIA,0.0,0.0,0.0,session_best
2026,10,Belgian Grand Prix,R,belgian-grand-prix_corner_10,VER,PIA,5.0,3.75,7.583,session_best
2026,10,Belgian Grand Prix,R,belgian-grand-prix_corner_10,COL,PIA,6.0,5.5,7.25,session_best
2026,10,Belgian Grand Prix,R,belgian-grand-prix_corner_10,NOR,PIA,7.0,3.75,0.65,session_best
2026,10,Belgian Grand Prix,R,belgian-grand-prix_corner_10,ALB,PIA,8.0,11.95,8.45,session_best
2026,10,Belgian Grand Prix,R,belgian-grand-prix_corner_10,LIN,PIA,10.0,9.25,7.5,session_best
2026,10,Belgian Grand Prix,R,belgian-grand-prix_corner_10,OCO,PIA,10.0,6.75,6.75,session_best
2026,10,Belgian Grand Prix,R,belgian-grand-prix_corner_10,BOR,PIA,11.0,13.75,10.45,session_best
2026,10,Belgian Grand Prix,R,belgian-grand-prix_corner_10,SAI,PIA,13.0,12.75,6.65,session_best
2026,10,Belgian Grand Prix,R,belgian-grand-prix_corner_10,LEC,PIA,13.0,16.0,4.5,session_best
2026,10,Belgian Grand Prix,R,belgian-grand-prix_corner_10,HAM,PIA,14.0,17.75,5.25,session_best
2026,10,Belgian Grand Prix,R,belgian-grand-prix_corner_10,ANT,PIA,14.0,13.95,4.05,session_best
2026,10,Belgian Grand Prix,R,belgian-grand-prix_corner_10,ALO,PIA,15.0,19.0,16.75,session_best
2026,10,Belgian Grand Prix,R,belgian-grand-prix_corner_10,PER,PIA,15.0,14.35,14.65,session_best
2026,10,Belgian Grand Prix,R,belgian-grand-prix_corner_10,HUL,PIA,16.0,15.5,12.75,session_best
2026,10,Belgian Grand Prix,R,belgian-grand-prix_corner_10,LAW,PIA,18.0,19.0,13.5,session_best
2026,10,Belgian Grand Prix,R,belgian-grand-prix_corner_10,GAS,PIA,18.0,14.5,6.75,session_best
2026,10,Belgian Grand Prix,R,belgian-grand-prix_corner_10,HAD,PIA,19.0,16.15,7.65,session_best
2026,10,Belgian Grand Prix,R,belgian-grand-prix_corner_10,STR,PIA,21.0,24.75,17.05,session_best
2026,10,Belgian Grand Prix,R,belgian-grand-prix_corner_10,BOT,PIA,23.0,24.75,9.75,session_best
2026,10,Belgian Grand Prix,R,belgian-grand-prix_corner_10,BEA,PIA,24.0,25.0,7.0,session_best
2026,10,Belgian Grand Prix,R,belgian-grand-prix_corner_13,LEC,LEC,0.0,0.0,0.0,session_best
2026,10,Belgian Grand Prix,R,belgian-grand-prix_corner_13,BOR,LEC,3.0,-10.25,1.0,session_best
2026,10,Belgian Grand Prix,R,belgian-grand-prix_corner_13,ANT,LEC,3.0,1.0,4.5,session_best
2026,10,Belgian Grand Prix,R,belgian-grand-prix_corner_13,HAM,LEC,5.0,-9.25,4.25,session_best
2026,10,Belgian Grand Prix,R,belgian-grand-prix_corner_13,BEA,LEC,5.0,0.25,3.25,session_best
2026,10,Belgian Grand Prix,R,belgian-grand-prix_corner_13,VER,LEC,6.0,-13.0,9.25,session_best
2026,10,Belgian Grand Prix,R,belgian-grand-prix_corner_13,LIN,LEC,6.0,-10.333,9.833,session_best
2026,10,Belgian Grand Prix,R,belgian-grand-prix_corner_13,HUL,LEC,9.0,-6.0,6.0,session_best
2026,10,Belgian Grand Prix,R,belgian-grand-prix_corner_13,PIA,LEC,9.0,-7.75,10.5,session_best
2026,10,Belgian Grand Prix,R,belgian-grand-prix_corner_13,BOT,LEC,11.0,4.5,10.5,session_best
2026,10,Belgian Grand Prix,R,belgian-grand-prix_corner_13,OCO,LEC,13.0,1.75,15.5,session_best
2026,10,Belgian Grand Prix,R,belgian-grand-prix_corner_13,NOR,LEC,15.0,-7.0,17.5,session_best
2026,10,Belgian Grand Prix,R,belgian-grand-prix_corner_13,HAD,LEC,15.0,-15.25,10.25,session_best
2026,10,Belgian Grand Prix,R,belgian-grand-prix_corner_13,STR,LEC,16.0,6.0,16.1,session_best
2026,10,Belgian Grand Prix,R,belgian-grand-prix_corner_13,ALO,LEC,16.0,-14.25,18.75,session_best
2026,10,Belgian Grand Prix,R,belgian-grand-prix_corner_13,COL,LEC,16.0,-1.25,18.5,session_best
2026,10,Belgian Grand Prix,R,belgian-grand-prix_corner_13,PER,LEC,16.0,5.5,12.75,session_best
2026,10,Belgian Grand Prix,R,belgian-grand-prix_corner_13,ALB,LEC,17.0,-2.0,19.75,session_best
2026,10,Belgian Grand Prix,R,belgian-grand-prix_corner_13,LAW,LEC,17.0,-13.75,18.5,session_best
2026,10,Belgian Grand Prix,R,belgian-grand-prix_corner_13,GAS,LEC,18.0,-4.0,20.5,session_best
2026,10,Belgian Grand Prix,R,belgian-grand-prix_corner_13,SAI,LEC,19.0,-8.0,22.75,session_best
2026,10,Belgian Grand Prix,R,belgian-grand-prix_corner_14,LEC,LEC,0.0,0.0,0.0,session_best
2026,10,Belgian Grand Prix,R,belgian-grand-prix_corner_14,LIN,LEC,0.0,4.0,1.6,session_best
2026,10,Belgian Grand Prix,R,belgian-grand-prix_corner_14,NOR,LEC,0.0,2.55,5.7,session_best
2026,10,Belgian Grand Prix,R,belgian-grand-prix_corner_14,PIA,LEC,1.0,2.0,22.4,session_best
2026,10,Belgian Grand Prix,R,belgian-grand-prix_corner_14,VER,LEC,2.0,-1.7,17.95,session_best
2026,10,Belgian Grand Prix,R,belgian-grand-prix_corner_14,BOR,LEC,5.0,8.05,12.95,session_best
2026,10,Belgian Grand Prix,R,belgian-grand-prix_corner_14,HAM,LEC,6.0,6.0,4.4,session_best
2026,10,Belgian Grand Prix,R,belgian-grand-prix_corner_14,ANT,LEC,6.0,7.2,0.6,session_best
2026,10,Belgian Grand Prix,R,belgian-grand-prix_corner_14,BEA,LEC,7.0,11.05,9.2,session_best
2026,10,Belgian Grand Prix,R,belgian-grand-prix_corner_14,GAS,LEC,7.0,8.0,23.8,session_best
2026,10,Belgian Grand Prix,R,belgian-grand-prix_corner_14,HUL,LEC,7.0,10.05,12.45,session_best
2026,10,Belgian Grand Prix,R,belgian-grand-prix_corner_14,OCO,LEC,8.0,7.4,11.4,session_best
2026,10,Belgian Grand Prix,R,belgian-grand-prix_corner_14,ALO,LEC,9.0,7.0,24.8,session_best
2026,10,Belgian Grand Prix,R,belgian-grand-prix_corner_14,COL,LEC,9.0,6.2,7.8,session_best
2026,10,Belgian Grand Prix,R,belgian-grand-prix_corner_14,BOT,LEC,10.0,9.2,13.8,session_best
2026,10,Belgian Grand Prix,R,belgian-grand-prix_corner_14,ALB,LEC,12.0,11.8,19.6,session_best
2026,10,Belgian Grand Prix,R,belgian-grand-prix_corner_14,HAD,LEC,13.0,12.4,13.4,session_best
2026,10,Belgian Grand Prix,R,belgian-grand-prix_corner_14,LAW,LEC,15.0,14.4,12.4,session_best
2026,10,Belgian Grand Prix,R,belgian-grand-prix_corner_14,SAI,LEC,15.0,12.8,23.6,session_best
2026,10,Belgian Grand Prix,R,belgian-grand-prix_corner_14,STR,LEC,17.0,14.05,13.45,session_best
2026,10,Belgian Grand Prix,R,belgian-grand-prix_corner_14,PER,LEC,21.0,21.2,15.6,session_best
2026,10,Belgian Grand Prix,R,belgian-grand-prix_corner_15,ANT,ANT,0.0,0.0,0.0,session_best
2026,10,Belgian Grand Prix,R,belgian-grand-prix_corner_15,BOR,ANT,2.0,5.25,17.0,session_best
2026,10,Belgian Grand Prix,R,belgian-grand-prix_corner_15,BEA,ANT,2.0,-2.0,16.5,session_best
2026,10,Belgian Grand Prix,R,belgian-grand-prix_corner_15,HAM,ANT,2.0,2.75,6.75,session_best
2026,10,Belgian Grand Prix,R,belgian-grand-prix_corner_15,LEC,ANT,2.0,-4.0,12.75,session_best
2026,10,Belgian Grand Prix,R,belgian-grand-prix_corner_15,VER,ANT,3.0,-0.25,26.75,session_best
2026,10,Belgian Grand Prix,R,belgian-grand-prix_corner_15,NOR,ANT,4.0,6.0,-3.0,session_best
2026,10,Belgian Grand Prix,R,belgian-grand-prix_corner_15,STR,ANT,4.0,2.9,23.7,session_best
2026,10,Belgian Grand Prix,R,belgian-grand-prix_corner_15,ALB,ANT,5.0,12.0,23.75,session_best
2026,10,Belgian Grand Prix,R,belgian-grand-prix_corner_15,HAD,ANT,6.0,6.25,6.5,session_best
2026,10,Belgian Grand Prix,R,belgian-grand-prix_corner_15,PIA,ANT,6.0,10.5,-0.5,session_best
2026,10,Belgian Grand Prix,R,belgian-grand-prix_corner_15,HUL,ANT,6.0,3.9,19.1,session_best
2026,10,Belgian Grand Prix,R,belgian-grand-prix_corner_15,LIN,ANT,8.0,9.5,7.25,session_best
2026,10,Belgian Grand Prix,R,belgian-grand-prix_corner_15,COL,ANT,8.0,13.5,9.5,session_best
2026,10,Belgian Grand Prix,R,belgian-grand-prix_corner_15,ALO,ANT,9.0,15.75,9.5,session_best
2026,10,Belgian Grand Prix,R,belgian-grand-prix_corner_15,OCO,ANT,9.0,2.75,7.0,session_best
2026,10,Belgian Grand Prix,R,belgian-grand-prix_corner_15,BOT,ANT,10.0,9.25,18.5,session_best
2026,10,Belgian Grand Prix,R,belgian-grand-prix_corner_15,GAS,ANT,11.0,19.75,3.5,session_best
2026,10,Belgian Grand Prix,R,belgian-grand-prix_corner_15,SAI,ANT,12.0,14.25,12.75,session_best
2026,10,Belgian Grand Prix,R,belgian-grand-prix_corner_15,LAW,ANT,14.0,11.5,4.0,session_best
2026,10,Belgian Grand Prix,R,belgian-grand-prix_corner_15,PER,ANT,16.0,15.0,21.0,session_best
2026,10,Belgian Grand Prix,R,belgian-grand-prix_corner_20,VER,VER,0.0,0.0,0.0,session_best
2026,10,Belgian Grand Prix,R,belgian-grand-prix_corner_20,BEA,VER,1.0,-39.429,14.428,session_best
2026,10,Belgian Grand Prix,R,belgian-grand-prix_corner_20,STR,VER,1.0,-1.857,14.428,session_best
2026,10,Belgian Grand Prix,R,belgian-grand-prix_corner_20,BOT,VER,1.0,-30.286,4.142,session_best
2026,10,Belgian Grand Prix,R,belgian-grand-prix_corner_20,BOR,VER,1.0,-29.0,3.714,session_best
2026,10,Belgian Grand Prix,R,belgian-grand-prix_corner_20,PER,VER,2.0,-10.571,6.714,session_best
2026,10,Belgian Grand Prix,R,belgian-grand-prix_corner_20,HAD,VER,2.0,-29.571,6.571,session_best
2026,10,Belgian Grand Prix,R,belgian-grand-prix_corner_20,HAM,VER,3.0,-5.0,17.142,session_best
2026,10,Belgian Grand Prix,R,belgian-grand-prix_corner_20,LIN,VER,3.0,13.833,-1.429,session_best
2026,10,Belgian Grand Prix,R,belgian-grand-prix_corner_20,PIA,VER,4.0,1.571,-2.715,session_best
2026,10,Belgian Grand Prix,R,belgian-grand-prix_corner_20,LEC,VER,4.0,-29.143,8.142,session_best
2026,10,Belgian Grand Prix,R,belgian-grand-prix_corner_20,ALB,VER,4.0,-3.429,-2.429,session_best
2026,10,Belgian Grand Prix,R,belgian-grand-prix_corner_20,OCO,VER,5.0,-14.286,-1.286,session_best
2026,10,Belgian Grand Prix,R,belgian-grand-prix_corner_20,SAI,VER,5.0,13.0,-2.554,session_best
2026,10,Belgian Grand Prix,R,belgian-grand-prix_corner_20,HUL,VER,5.0,-15.571,7.285,session_best
2026,10,Belgian Grand Prix,R,belgian-grand-prix_corner_20,LAW,VER,5.0,-2.0,17.285,session_best
2026,10,Belgian Grand Prix,R,belgian-grand-prix_corner_20,ALO,VER,6.0,8.5,14.738,session_best
2026,10,Belgian Grand Prix,R,belgian-grand-prix_corner_20,COL,VER,6.0,1.714,-4.715,session_best
2026,10,Belgian Grand Prix,R,belgian-grand-prix_corner_20,GAS,VER,7.0,-5.857,-5.572,session_best
2026,10,Belgian Grand Prix,R,belgian-grand-prix_corner_20,ANT,VER,9.0,-14.714,9.142,session_best
2026,10,Belgian Grand Prix,R,belgian-grand-prix_corner_20,NOR,VER,10.0,-2.5,0.571,session_best
2026,11,Hungarian Grand Prix,FP1,hungarian-grand-prix_corner_03,ALO,ALO,0.0,0.0,0.0,session_best
2026,11,Hungarian Grand Prix,FP1,hungarian-grand-prix_corner_03,BOR,ALO,210.0,3.25,196.5,session_best
2026,11,Hungarian Grand Prix,FP1,hungarian-grand-prix_corner_03,VER,ALO,210.0,32.25,191.25,session_best
2026,11,Hungarian Grand Prix,FP1,hungarian-grand-prix_corner_03,LEC,ALO,210.0,2.25,195.5,session_best
2026,11,Hungarian Grand Prix,FP1,hungarian-grand-prix_corner_03,FOR,ALO,211.0,30.75,192.0,session_best
2026,11,Hungarian Grand Prix,FP1,hungarian-grand-prix_corner_03,HUL,ALO,211.0,-1.0,200.25,session_best
2026,11,Hungarian Grand Prix,FP1,hungarian-grand-prix_corner_03,PER,ALO,211.0,96.25,187.5,session_best
2026,11,Hungarian Grand Prix,FP1,hungarian-grand-prix_corner_03,HAM,ALO,211.0,22.0,189.667,session_best
2026,11,Hungarian Grand Prix,FP1,hungarian-grand-prix_corner_03,GAS,ALO,212.0,10.0,197.0,session_best
2026,11,Hungarian Grand Prix,FP1,hungarian-grand-prix_corner_03,LIN,ALO,212.0,49.75,188.5,session_best
2026,11,Hungarian Grand Prix,FP1,hungarian-grand-prix_corner_03,LAW,ALO,213.0,30.75,194.0,session_best
2026,11,Hungarian Grand Prix,FP1,hungarian-grand-prix_corner_03,NOR,ALO,213.0,6.5,206.0,session_best
2026,11,Hungarian Grand Prix,FP1,hungarian-grand-prix_corner_03,RUS,ALO,214.0,9.25,201.5,session_best
2026,11,Hungarian Grand Prix,FP1,hungarian-grand-prix_corner_03,HER,ALO,215.0,-2.5,201.0,session_best
2026,11,Hungarian Grand Prix,FP1,hungarian-grand-prix_corner_03,VES,ALO,215.0,31.25,194.25,session_best
2026,11,Hungarian Grand Prix,FP1,hungarian-grand-prix_corner_03,HAD,ALO,215.0,9.667,199.0,session_best
2026,11,Hungarian Grand Prix,FP1,hungarian-grand-prix_corner_03,HIR,ALO,215.0,21.25,200.25,session_best
2026,11,Hungarian Grand Prix,FP1,hungarian-grand-prix_corner_03,ALB,ALO,216.0,-0.5,193.0,session_best
2026,11,Hungarian Grand Prix,FP1,hungarian-grand-prix_corner_03,SAI,ALO,217.0,30.0,195.0,session_best
2026,11,Hungarian Grand Prix,FP1,hungarian-grand-prix_corner_03,ARO,ALO,218.0,-3.25,206.0,session_best
2026,11,Hungarian Grand Prix,FP1,hungarian-grand-prix_corner_03,OCO,ALO,220.0,-6.5,207.5,session_best
2026,11,Hungarian Grand Prix,FP1,hungarian-grand-prix_corner_03,STR,ALO,220.0,37.75,208.5,session_best
2026,11,Hungarian Grand Prix,FP1,hungarian-grand-prix_corner_06,LEC,LEC,0.0,0.0,0.0,session_best
2026,11,Hungarian Grand Prix,FP1,hungarian-grand-prix_corner_06,NOR,LEC,7.0,5.0,4.0,session_best
2026,11,Hungarian Grand Prix,FP1,hungarian-grand-prix_corner_06,OCO,LEC,7.0,2.833,11.417,session_best
2026,11,Hungarian Grand Prix,FP1,hungarian-grand-prix_corner_06,RUS,LEC,8.0,5.833,5.667,session_best
2026,11,Hungarian Grand Prix,FP1,hungarian-grand-prix_corner_06,ALB,LEC,8.0,2.333,14.0,session_best
2026,11,Hungarian Grand Prix,FP1,hungarian-grand-prix_corner_06,HAM,LEC,9.0,3.833,3.667,session_best
2026,11,Hungarian Grand Prix,FP1,hungarian-grand-prix_corner_06,HAD,LEC,10.0,10.333,-5.0,session_best
2026,11,Hungarian Grand Prix,FP1,hungarian-grand-prix_corner_06,LAW,LEC,10.0,10.333,6.0,session_best
2026,11,Hungarian Grand Prix,FP1,hungarian-grand-prix_corner_06,LIN,LEC,11.0,9.666,10.0,session_best
2026,11,Hungarian Grand Prix,FP1,hungarian-grand-prix_corner_06,FOR,LEC,11.0,8.583,3.667,session_best
2026,11,Hungarian Grand Prix,FP1,hungarian-grand-prix_corner_06,BOR,LEC,11.0,8.583,5.917,session_best
2026,11,Hungarian Grand Prix,FP1,hungarian-grand-prix_corner_06,HUL,LEC,11.0,10.333,5.667,session_best
2026,11,Hungarian Grand Prix,FP1,hungarian-grand-prix_corner_06,PER,LEC,13.0,14.666,5.0,session_best
2026,11,Hungarian Grand Prix,FP1,hungarian-grand-prix_corner_06,ARO,LEC,14.0,9.666,6.0,session_best
2026,11,Hungarian Grand Prix,FP1,hungarian-grand-prix_corner_06,VER,LEC,14.0,12.833,0.417,session_best
2026,11,Hungarian Grand Prix,FP1,hungarian-grand-prix_corner_06,ALO,LEC,15.0,-48.334,53.0,session_best
2026,11,Hungarian Grand Prix,FP1,hungarian-grand-prix_corner_06,GAS,LEC,15.0,9.666,1.667,session_best
2026,11,Hungarian Grand Prix,FP1,hungarian-grand-prix_corner_06,HER,LEC,15.0,11.0,20.0,session_best
2026,11,Hungarian Grand Prix,FP1,hungarian-grand-prix_corner_06,VES,LEC,15.0,12.666,0.667,session_best
2026,11,Hungarian Grand Prix,FP1,hungarian-grand-prix_corner_06,HIR,LEC,16.0,16.0,15.334,session_best
2026,11,Hungarian Grand Prix,FP1,hungarian-grand-prix_corner_06,STR,LEC,16.0,13.0,17.667,session_best
2026,11,Hungarian Grand Prix,FP1,hungarian-grand-prix_corner_06,SAI,LEC,18.0,16.833,12.167,session_best
2026,11,Hungarian Grand Prix,FP1,hungarian-grand-prix_corner_10,LEC,LEC,0.0,0.0,0.0,session_best
2026,11,Hungarian Grand Prix,FP1,hungarian-grand-prix_corner_10,VER,LEC,4.0,3.0,-10.833,session_best
2026,11,Hungarian Grand Prix,FP1,hungarian-grand-prix_corner_10,HUL,LEC,5.0,10.333,-6.833,session_best
2026,11,Hungarian Grand Prix,FP1,hungarian-grand-prix_corner_10,HAD,LEC,6.0,-1.333,1.833,session_best
2026,11,Hungarian Grand Prix,FP1,hungarian-grand-prix_corner_10,BOR,LEC,7.0,8.0,-4.5,session_best
2026,11,Hungarian Grand Prix,FP1,hungarian-grand-prix_corner_10,RUS,LEC,7.0,1.667,-9.5,session_best
2026,11,Hungarian Grand Prix,FP1,hungarian-grand-prix_corner_10,ALO,LEC,8.0,-54.333,29.833,session_best
2026,11,Hungarian Grand Prix,FP1,hungarian-grand-prix_corner_10,HAM,LEC,8.0,-1.667,3.833,session_best
2026,11,Hungarian Grand Prix,FP1,hungarian-grand-prix_corner_10,NOR,LEC,10.0,-1.667,-1.167,session_best
2026,11,Hungarian Grand Prix,FP1,hungarian-grand-prix_corner_10,PER,LEC,11.0,17.333,-6.5,session_best
2026,11,Hungarian Grand Prix,FP1,hungarian-grand-prix_corner_10,HIR,LEC,12.0,8.667,4.833,session_best
2026,11,Hungarian Grand Prix,FP1,hungarian-grand-prix_corner_10,LAW,LEC,12.0,16.0,-15.167,session_best
2026,11,Hungarian Grand Prix,FP1,hungarian-grand-prix_corner_10,FOR,LEC,12.0,12.75,-1.5,session_best
2026,11,Hungarian Grand Prix,FP1,hungarian-grand-prix_corner_10,STR,LEC,13.0,13.0,1.833,session_best
2026,11,Hungarian Grand Prix,FP1,hungarian-grand-prix_corner_10,OCO,LEC,14.0,4.5,3.0,session_best
2026,11,Hungarian Grand Prix,FP1,hungarian-grand-prix_corner_10,LIN,LEC,14.0,18.333,-10.5,session_best
2026,11,Hungarian Grand Prix,FP1,hungarian-grand-prix_corner_10,ALB,LEC,15.0,10.0,-3.5,session_best
2026,11,Hungarian Grand Prix,FP1,hungarian-grand-prix_corner_10,ARO,LEC,15.0,2.0,-3.167,session_best
2026,11,Hungarian Grand Prix,FP1,hungarian-grand-prix_corner_10,VES,LEC,16.0,16.0,-9.833,session_best
2026,11,Hungarian Grand Prix,FP1,hungarian-grand-prix_corner_10,SAI,LEC,17.0,23.0,-5.167,session_best
2026,11,Hungarian Grand Prix,FP1,hungarian-grand-prix_corner_10,HER,LEC,18.0,11.667,1.833,session_best
2026,11,Hungarian Grand Prix,FP1,hungarian-grand-prix_corner_10,GAS,LEC,19.0,15.0,-5.5,session_best
2026,11,Hungarian Grand Prix,FP1,hungarian-grand-prix_corner_11,HAM,HAM,0.0,0.0,0.0,session_best
2026,11,Hungarian Grand Prix,FP1,hungarian-grand-prix_corner_11,NOR,HAM,1.0,-5.0,5.0,session_best
2026,11,Hungarian Grand Prix,FP1,hungarian-grand-prix_corner_11,LAW,HAM,2.0,1.667,0.25,session_best
2026,11,Hungarian Grand Prix,FP1,hungarian-grand-prix_corner_11,HUL,HAM,3.0,-3.333,2.0,session_best
2026,11,Hungarian Grand Prix,FP1,hungarian-grand-prix_corner_11,LIN,HAM,3.0,-12.333,-7.0,session_best
2026,11,Hungarian Grand Prix,FP1,hungarian-grand-prix_corner_11,HER,HAM,5.0,14.667,15.75,session_best
2026,11,Hungarian Grand Prix,FP1,hungarian-grand-prix_corner_11,OCO,HAM,5.0,-6.0,7.667,session_best
2026,11,Hungarian Grand Prix,FP1,hungarian-grand-prix_corner_11,PER,HAM,5.0,32.667,-0.6,session_best
2026,11,Hungarian Grand Prix,FP1,hungarian-grand-prix_corner_11,LEC,HAM,6.0,-3.833,0.5,session_best
2026,11,Hungarian Grand Prix,FP1,hungarian-grand-prix_corner_11,VER,HAM,6.0,-12.666,-5.0,session_best
2026,11,Hungarian Grand Prix,FP1,hungarian-grand-prix_corner_11,HIR,HAM,7.0,-4.583,9.25,session_best
2026,11,Hungarian Grand Prix,FP1,hungarian-grand-prix_corner_11,BOR,HAM,7.0,-7.0,-2.0,session_best
2026,11,Hungarian Grand Prix,FP1,hungarian-grand-prix_corner_11,ALO,HAM,8.0,16.667,42.667,session_best
2026,11,Hungarian Grand Prix,FP1,hungarian-grand-prix_corner_11,GAS,HAM,8.0,7.0,6.333,session_best
2026,11,Hungarian Grand Prix,FP1,hungarian-grand-prix_corner_11,RUS,HAM,8.0,15.167,-0.75,session_best
2026,11,Hungarian Grand Prix,FP1,hungarian-grand-prix_corner_11,HAD,HAM,8.0,21.667,11.0,session_best
2026,11,Hungarian Grand Prix,FP1,hungarian-grand-prix_corner_11,ARO,HAM,8.0,-6.833,8.25,session_best
2026,11,Hungarian Grand Prix,FP1,hungarian-grand-prix_corner_11,ALB,HAM,9.0,-4.833,4.0,session_best
2026,11,Hungarian Grand Prix,FP1,hungarian-grand-prix_corner_11,VES,HAM,9.0,7.417,-7.5,session_best
2026,11,Hungarian Grand Prix,FP1,hungarian-grand-prix_corner_11,STR,HAM,10.0,2.417,7.5,session_best
2026,11,Hungarian Grand Prix,FP1,hungarian-grand-prix_corner_11,SAI,HAM,11.0,19.167,-7.25,session_best
2026,11,Hungarian Grand Prix,FP1,hungarian-grand-prix_corner_11,FOR,HAM,12.0,-2.083,-12.75,session_best
2026,11,Hungarian Grand Prix,FP1,hungarian-grand-prix_corner_16,ALO,ALO,0.0,0.0,0.0,session_best
2026,11,Hungarian Grand Prix,FP1,hungarian-grand-prix_corner_16,HUL,ALO,129.0,-30.333,96.333,session_best
2026,11,Hungarian Grand Prix,FP1,hungarian-grand-prix_corner_16,LEC,ALO,131.0,-36.0,103.0,session_best
2026,11,Hungarian Grand Prix,FP1,hungarian-grand-prix_corner_16,OCO,ALO,132.0,-32.667,120.333,session_best
2026,11,Hungarian Grand Prix,FP1,hungarian-grand-prix_corner_16,BOR,ALO,132.0,-43.333,105.333,session_best
2026,11,Hungarian Grand Prix,FP1,hungarian-grand-prix_corner_16,NOR,ALO,133.0,-33.667,95.0,session_best
2026,11,Hungarian Grand Prix,FP1,hungarian-grand-prix_corner_16,VER,ALO,133.0,-49.0,102.75,session_best
2026,11,Hungarian Grand Prix,FP1,hungarian-grand-prix_corner_16,PER,ALO,134.0,4.667,68.667,session_best
2026,11,Hungarian Grand Prix,FP1,hungarian-grand-prix_corner_16,GAS,ALO,134.0,-35.25,104.75,session_best
2026,11,Hungarian Grand Prix,FP1,hungarian-grand-prix_corner_16,ALB,ALO,134.0,-14.0,105.0,session_best
2026,11,Hungarian Grand Prix,FP1,hungarian-grand-prix_corner_16,RUS,ALO,134.0,-48.333,120.667,session_best
2026,11,Hungarian Grand Prix,FP1,hungarian-grand-prix_corner_16,HAM,ALO,135.0,-26.667,102.333,session_best
2026,11,Hungarian Grand Prix,FP1,hungarian-grand-prix_corner_16,SAI,ALO,136.0,-10.0,98.5,session_best
2026,11,Hungarian Grand Prix,FP1,hungarian-grand-prix_corner_16,FOR,ALO,136.0,-13.25,97.25,session_best
2026,11,Hungarian Grand Prix,FP1,hungarian-grand-prix_corner_16,STR,ALO,137.0,-22.25,109.25,session_best
2026,11,Hungarian Grand Prix,FP1,hungarian-grand-prix_corner_16,HAD,ALO,137.0,-37.0,117.0,session_best
2026,11,Hungarian Grand Prix,FP1,hungarian-grand-prix_corner_16,LAW,ALO,137.0,-27.0,86.5,session_best
2026,11,Hungarian Grand Prix,FP1,hungarian-grand-prix_corner_16,HIR,ALO,138.0,-31.0,122.0,session_best
2026,11,Hungarian Grand Prix,FP1,hungarian-grand-prix_corner_16,VES,ALO,138.0,-50.333,99.667,session_best
2026,11,Hungarian Grand Prix,FP1,hungarian-grand-prix_corner_16,ARO,ALO,141.0,-29.333,112.0,session_best
2026,11,Hungarian Grand Prix,FP1,hungarian-grand-prix_corner_16,LIN,ALO,141.0,-35.0,100.0,session_best
2026,11,Hungarian Grand Prix,FP1,hungarian-grand-prix_corner_16,HER,ALO,143.0,-32.0,123.667,session_best
2026,11,Hungarian Grand Prix,FP1,hungarian-grand-prix_corner_17,ALO,ALO,0.0,0.0,0.0,session_best
2026,11,Hungarian Grand Prix,FP1,hungarian-grand-prix_corner_17,HAM,ALO,19.0,57.25,90.75,session_best
2026,11,Hungarian Grand Prix,FP1,hungarian-grand-prix_corner_17,VER,ALO,19.0,57.75,90.0,session_best
2026,11,Hungarian Grand Prix,FP1,hungarian-grand-prix_corner_17,LEC,ALO,19.0,68.333,91.0,session_best
2026,11,Hungarian Grand Prix,FP1,hungarian-grand-prix_corner_17,HUL,ALO,19.0,64.0,91.667,session_best
2026,11,Hungarian Grand Prix,FP1,hungarian-grand-prix_corner_17,BOR,ALO,20.0,60.25,91.0,session_best
2026,11,Hungarian Grand Prix,FP1,hungarian-grand-prix_corner_17,RUS,ALO,20.0,67.0,93.25,session_best
2026,11,Hungarian Grand Prix,FP1,hungarian-grand-prix_corner_17,STR,ALO,20.0,73.0,92.667,session_best
2026,11,Hungarian Grand Prix,FP1,hungarian-grand-prix_corner_17,LAW,ALO,20.0,57.25,91.25,session_best
2026,11,Hungarian Grand Prix,FP1,hungarian-grand-prix_corner_17,ALB,ALO,21.0,52.0,94.667,session_best
2026,11,Hungarian Grand Prix,FP1,hungarian-grand-prix_corner_17,HER,ALO,21.0,86.667,89.667,session_best
2026,11,Hungarian Grand Prix,FP1,hungarian-grand-prix_corner_17,FOR,ALO,21.0,56.667,90.667,session_best
2026,11,Hungarian Grand Prix,FP1,hungarian-grand-prix_corner_17,ARO,ALO,21.0,73.25,93.25,session_best
2026,11,Hungarian Grand Prix,FP1,hungarian-grand-prix_corner_17,HAD,ALO,21.0,64.333,93.333,session_best
2026,11,Hungarian Grand Prix,FP1,hungarian-grand-prix_corner_17,NOR,ALO,21.0,61.25,91.5,session_best
2026,11,Hungarian Grand Prix,FP1,hungarian-grand-prix_corner_17,LIN,ALO,21.0,60.75,92.75,session_best
2026,11,Hungarian Grand Prix,FP1,hungarian-grand-prix_corner_17,PER,ALO,22.0,37.75,87.5,session_best
2026,11,Hungarian Grand Prix,FP1,hungarian-grand-prix_corner_17,HIR,ALO,22.0,69.5,93.0,session_best
2026,11,Hungarian Grand Prix,FP1,hungarian-grand-prix_corner_17,OCO,ALO,22.0,81.5,93.25,session_best
2026,11,Hungarian Grand Prix,FP1,hungarian-grand-prix_corner_17,SAI,ALO,23.0,55.25,91.5,session_best
2026,11,Hungarian Grand Prix,FP1,hungarian-grand-prix_corner_17,GAS,ALO,24.0,57.25,96.0,session_best
2026,11,Hungarian Grand Prix,FP1,hungarian-grand-prix_corner_17,VES,ALO,28.0,52.0,97.75,session_best
2026,11,Hungarian Grand Prix,FP1,hungarian-grand-prix_corner_18,PER,PER,0.0,0.0,0.0,session_best
2026,11,Hungarian Grand Prix,FP1,hungarian-grand-prix_corner_18,VES,PER,5.0,25.25,-20.75,session_best
2026,11,Hungarian Grand Prix,FP1,hungarian-grand-prix_corner_18,SAI,PER,6.0,20.583,-9.417,session_best
2026,11,Hungarian Grand Prix,FP1,hungarian-grand-prix_corner_18,LIN,PER,6.0,24.25,-17.083,session_best
2026,11,Hungarian Grand Prix,FP1,hungarian-grand-prix_corner_18,FOR,PER,7.0,25.917,-12.417,session_best
2026,11,Hungarian Grand Prix,FP1,hungarian-grand-prix_corner_18,VER,PER,9.0,22.25,-38.25,session_best
2026,11,Hungarian Grand Prix,FP1,hungarian-grand-prix_corner_18,LAW,PER,10.0,26.5,-20.75,session_best
2026,11,Hungarian Grand Prix,FP1,hungarian-grand-prix_corner_18,HUL,PER,10.0,24.75,-23.75,session_best
2026,11,Hungarian Grand Prix,FP1,hungarian-grand-prix_corner_18,NOR,PER,12.0,30.917,-33.75,session_best
2026,11,Hungarian Grand Prix,FP1,hungarian-grand-prix_corner_18,HAM,PER,12.0,24.0,-26.5,session_best
2026,11,Hungarian Grand Prix,FP1,hungarian-grand-prix_corner_18,STR,PER,12.0,27.583,-36.417,session_best
2026,11,Hungarian Grand Prix,FP1,hungarian-grand-prix_corner_18,GAS,PER,13.0,29.25,-27.75,session_best
2026,11,Hungarian Grand Prix,FP1,hungarian-grand-prix_corner_18,LEC,PER,13.0,27.917,-32.75,session_best
2026,11,Hungarian Grand Prix,FP1,hungarian-grand-prix_corner_18,ARO,PER,14.0,29.75,-16.75,session_best
2026,11,Hungarian Grand Prix,FP1,hungarian-grand-prix_corner_18,RUS,PER,15.0,32.917,-30.75,session_best
2026,11,Hungarian Grand Prix,FP1,hungarian-grand-prix_corner_18,HIR,PER,15.0,33.25,-22.417,session_best
2026,11,Hungarian Grand Prix,FP1,hungarian-grand-prix_corner_18,BOR,PER,15.0,28.5,-28.0,session_best
2026,11,Hungarian Grand Prix,FP1,hungarian-grand-prix_corner_18,HAD,PER,16.0,36.583,-43.417,session_best
2026,11,Hungarian Grand Prix,FP1,hungarian-grand-prix_corner_18,OCO,PER,18.0,31.25,-29.0,session_best
2026,11,Hungarian Grand Prix,FP1,hungarian-grand-prix_corner_18,ALB,PER,18.0,34.0,-24.0,session_best
2026,11,Hungarian Grand Prix,FP1,hungarian-grand-prix_corner_18,ALO,PER,21.0,-32.75,-39.5,session_best
2026,11,Hungarian Grand Prix,FP1,hungarian-grand-prix_corner_18,HER,PER,21.0,39.0,-32.5,session_best
2026,11,Hungarian Grand Prix,FP1,hungarian-grand-prix_corner_19,ALO,ALO,0.0,0.0,0.0,session_best
2026,11,Hungarian Grand Prix,FP1,hungarian-grand-prix_corner_19,LEC,ALO,1.0,55.333,-82.334,session_best
2026,11,Hungarian Grand Prix,FP1,hungarian-grand-prix_corner_19,HIR,ALO,6.0,54.75,-75.167,session_best
2026,11,Hungarian Grand Prix,FP1,hungarian-grand-prix_corner_19,VER,ALO,7.0,54.0,-91.667,session_best
2026,11,Hungarian Grand Prix,FP1,hungarian-grand-prix_corner_19,HAM,ALO,8.0,58.667,-87.667,session_best
2026,11,Hungarian Grand Prix,FP1,hungarian-grand-prix_corner_19,NOR,ALO,8.0,55.333,-29.334,session_best
2026,11,Hungarian Grand Prix,FP1,hungarian-grand-prix_corner_19,RUS,ALO,9.0,60.333,-88.0,session_best
2026,11,Hungarian Grand Prix,FP1,hungarian-grand-prix_corner_19,VES,ALO,10.0,65.333,-91.0,session_best
2026,11,Hungarian Grand Prix,FP1,hungarian-grand-prix_corner_19,LIN,ALO,10.0,66.5,-70.417,session_best
2026,11,Hungarian Grand Prix,FP1,hungarian-grand-prix_corner_19,HUL,ALO,10.0,62.75,-81.167,session_best
2026,11,Hungarian Grand Prix,FP1,hungarian-grand-prix_corner_19,FOR,ALO,10.0,69.0,-83.334,session_best
2026,11,Hungarian Grand Prix,FP1,hungarian-grand-prix_corner_19,STR,ALO,10.0,62.333,-82.0,session_best
2026,11,Hungarian Grand Prix,FP1,hungarian-grand-prix_corner_19,ARO,ALO,11.0,68.25,-70.417,session_best
2026,11,Hungarian Grand Prix,FP1,hungarian-grand-prix_corner_19,BOR,ALO,11.0,65.333,-80.0,session_best
2026,11,Hungarian Grand Prix,FP1,hungarian-grand-prix_corner_19,HER,ALO,11.0,56.667,-78.0,session_best
2026,11,Hungarian Grand Prix,FP1,hungarian-grand-prix_corner_19,OCO,ALO,11.0,59.667,-82.667,session_best
2026,11,Hungarian Grand Prix,FP1,hungarian-grand-prix_corner_19,HAD,ALO,13.0,56.333,-76.0,session_best
2026,11,Hungarian Grand Prix,FP1,hungarian-grand-prix_corner_19,GAS,ALO,14.0,67.75,-77.417,session_best
2026,11,Hungarian Grand Prix,FP1,hungarian-grand-prix_corner_19,LAW,ALO,15.0,71.0,-85.667,session_best
2026,11,Hungarian Grand Prix,FP1,hungarian-grand-prix_corner_19,ALB,ALO,17.0,65.0,-76.667,session_best
2026,11,Hungarian Grand Prix,FP1,hungarian-grand-prix_corner_19,PER,ALO,18.0,74.0,-106.0,session_best
2026,11,Hungarian Grand Prix,FP1,hungarian-grand-prix_corner_19,SAI,ALO,19.0,77.333,-87.334,session_best
2026,11,Hungarian Grand Prix,FP2,hungarian-grand-prix_corner_03,VER,VER,0.0,0.0,0.0,session_best
2026,11,Hungarian Grand Prix,FP2,hungarian-grand-prix_corner_03,ALO,VER,2.0,-31.0,10.0,session_best
2026,11,Hungarian Grand Prix,FP2,hungarian-grand-prix_corner_03,HAM,VER,3.0,-41.334,8.0,session_best
2026,11,Hungarian Grand Prix,FP2,hungarian-grand-prix_corner_03,HAD,VER,4.0,-32.0,13.0,session_best
2026,11,Hungarian Grand Prix,FP2,hungarian-grand-prix_corner_03,LEC,VER,4.0,-44.667,13.667,session_best
2026,11,Hungarian Grand Prix,FP2,hungarian-grand-prix_corner_03,NOR,VER,4.0,-18.667,6.333,session_best
2026,11,Hungarian Grand Prix,FP2,hungarian-grand-prix_corner_03,PIA,VER,4.0,-44.667,15.0,session_best
2026,11,Hungarian Grand Prix,FP2,hungarian-grand-prix_corner_03,PER,VER,5.0,-15.0,9.667,session_best
2026,11,Hungarian Grand Prix,FP2,hungarian-grand-prix_corner_03,HUL,VER,5.0,-45.0,16.667,session_best
2026,11,Hungarian Grand Prix,FP2,hungarian-grand-prix_corner_03,RUS,VER,5.0,-47.667,15.0,session_best
2026,11,Hungarian Grand Prix,FP2,hungarian-grand-prix_corner_03,BEA,VER,6.0,4.666,10.0,session_best
2026,11,Hungarian Grand Prix,FP2,hungarian-grand-prix_corner_03,ANT,VER,6.0,-33.0,12.333,session_best
2026,11,Hungarian Grand Prix,FP2,hungarian-grand-prix_corner_03,BOR,VER,7.0,-39.0,11.0,session_best
2026,11,Hungarian Grand Prix,FP2,hungarian-grand-prix_corner_03,LAW,VER,7.0,-43.334,8.0,session_best
2026,11,Hungarian Grand Prix,FP2,hungarian-grand-prix_corner_03,SAI,VER,8.0,-28.917,14.0,session_best
2026,11,Hungarian Grand Prix,FP2,hungarian-grand-prix_corner_03,COL,VER,8.0,-36.334,12.0,session_best
2026,11,Hungarian Grand Prix,FP2,hungarian-grand-prix_corner_03,LIN,VER,8.0,-38.334,11.667,session_best
2026,11,Hungarian Grand Prix,FP2,hungarian-grand-prix_corner_03,BOT,VER,9.0,-48.334,9.0,session_best
2026,11,Hungarian Grand Prix,FP2,hungarian-grand-prix_corner_03,ALB,VER,10.0,-48.334,15.0,session_best
2026,11,Hungarian Grand Prix,FP2,hungarian-grand-prix_corner_03,GAS,VER,10.0,-44.334,13.333,session_best
2026,11,Hungarian Grand Prix,FP2,hungarian-grand-prix_corner_03,OCO,VER,10.0,-43.167,18.0,session_best
2026,11,Hungarian Grand Prix,FP2,hungarian-grand-prix_corner_06,LEC,LEC,0.0,0.0,0.0,session_best
2026,11,Hungarian Grand Prix,FP2,hungarian-grand-prix_corner_06,NOR,LEC,2.0,2.25,-7.833,session_best
2026,11,Hungarian Grand Prix,FP2,hungarian-grand-prix_corner_06,RUS,LEC,2.0,-5.333,-5.333,session_best
2026,11,Hungarian Grand Prix,FP2,hungarian-grand-prix_corner_06,BEA,LEC,3.0,4.667,-6.666,session_best
2026,11,Hungarian Grand Prix,FP2,hungarian-grand-prix_corner_06,ANT,LEC,3.0,7.667,-3.333,session_best
2026,11,Hungarian Grand Prix,FP2,hungarian-grand-prix_corner_06,GAS,LEC,5.0,5.0,-3.666,session_best
2026,11,Hungarian Grand Prix,FP2,hungarian-grand-prix_corner_06,OCO,LEC,6.0,1.667,0.334,session_best
2026,11,Hungarian Grand Prix,FP2,hungarian-grand-prix_corner_06,ALB,LEC,6.0,10.0,0.917,session_best
2026,11,Hungarian Grand Prix,FP2,hungarian-grand-prix_corner_06,SAI,LEC,6.0,2.333,-3.333,session_best
2026,11,Hungarian Grand Prix,FP2,hungarian-grand-prix_corner_06,VER,LEC,6.0,8.667,-10.0,session_best
2026,11,Hungarian Grand Prix,FP2,hungarian-grand-prix_corner_06,LIN,LEC,7.0,8.0,-3.083,session_best
2026,11,Hungarian Grand Prix,FP2,hungarian-grand-prix_corner_06,COL,LEC,7.0,7.5,5.417,session_best
2026,11,Hungarian Grand Prix,FP2,hungarian-grand-prix_corner_06,HUL,LEC,7.0,7.667,-2.333,session_best
2026,11,Hungarian Grand Prix,FP2,hungarian-grand-prix_corner_06,LAW,LEC,7.0,6.667,3.334,session_best
2026,11,Hungarian Grand Prix,FP2,hungarian-grand-prix_corner_06,HAD,LEC,8.0,10.667,-3.666,session_best
2026,11,Hungarian Grand Prix,FP2,hungarian-grand-prix_corner_06,HAM,LEC,8.0,9.0,-8.333,session_best
2026,11,Hungarian Grand Prix,FP2,hungarian-grand-prix_corner_06,PER,LEC,10.0,6.5,2.417,session_best
2026,11,Hungarian Grand Prix,FP2,hungarian-grand-prix_corner_06,PIA,LEC,10.0,-2.75,-1.083,session_best
2026,11,Hungarian Grand Prix,FP2,hungarian-grand-prix_corner_06,ALO,LEC,11.0,-3.5,14.667,session_best
2026,11,Hungarian Grand Prix,FP2,hungarian-grand-prix_corner_06,BOR,LEC,11.0,11.25,-10.833,session_best
2026,11,Hungarian Grand Prix,FP2,hungarian-grand-prix_corner_06,BOT,LEC,11.0,4.5,4.167,session_best
2026,11,Hungarian Grand Prix,FP2,hungarian-grand-prix_corner_11,HUL,HUL,0.0,0.0,0.0,session_best
2026,11,Hungarian Grand Prix,FP2,hungarian-grand-prix_corner_11,NOR,HUL,1.0,-1.917,-5.667,session_best
2026,11,Hungarian Grand Prix,FP2,hungarian-grand-prix_corner_11,LEC,HUL,2.0,4.417,0.0,session_best
2026,11,Hungarian Grand Prix,FP2,hungarian-grand-prix_corner_11,LAW,HUL,2.0,-9.583,-3.0,session_best
2026,11,Hungarian Grand Prix,FP2,hungarian-grand-prix_corner_11,OCO,HUL,2.0,-1.25,1.333,session_best
2026,11,Hungarian Grand Prix,FP2,hungarian-grand-prix_corner_11,PIA,HUL,2.0,1.417,0.0,session_best
2026,11,Hungarian Grand Prix,FP2,hungarian-grand-prix_corner_11,SAI,HUL,4.0,2.417,0.0,session_best
2026,11,Hungarian Grand Prix,FP2,hungarian-grand-prix_corner_11,VER,HUL,4.0,-6.917,-2.0,session_best
2026,11,Hungarian Grand Prix,FP2,hungarian-grand-prix_corner_11,HAM,HUL,5.0,2.0,-4.0,session_best
2026,11,Hungarian Grand Prix,FP2,hungarian-grand-prix_corner_11,ALB,HUL,5.0,3.5,3.5,session_best
2026,11,Hungarian Grand Prix,FP2,hungarian-grand-prix_corner_11,LIN,HUL,5.0,5.75,-1.0,session_best
2026,11,Hungarian Grand Prix,FP2,hungarian-grand-prix_corner_11,ANT,HUL,5.0,-2.917,-2.333,session_best
2026,11,Hungarian Grand Prix,FP2,hungarian-grand-prix_corner_11,RUS,HUL,6.0,10.417,4.667,session_best
2026,11,Hungarian Grand Prix,FP2,hungarian-grand-prix_corner_11,BOT,HUL,6.0,11.0,5.0,session_best
2026,11,Hungarian Grand Prix,FP2,hungarian-grand-prix_corner_11,GAS,HUL,7.0,-1.583,-3.0,session_best
2026,11,Hungarian Grand Prix,FP2,hungarian-grand-prix_corner_11,HAD,HUL,7.0,-11.25,4.0,session_best
2026,11,Hungarian Grand Prix,FP2,hungarian-grand-prix_corner_11,COL,HUL,7.0,3.0,5.25,session_best
2026,11,Hungarian Grand Prix,FP2,hungarian-grand-prix_corner_11,BEA,HUL,8.0,-2.25,-2.0,session_best
2026,11,Hungarian Grand Prix,FP2,hungarian-grand-prix_corner_11,BOR,HUL,8.0,-0.917,-3.667,session_best
2026,11,Hungarian Grand Prix,FP2,hungarian-grand-prix_corner_11,ALO,HUL,9.0,6.0,7.0,session_best
2026,11,Hungarian Grand Prix,FP2,hungarian-grand-prix_corner_11,PER,HUL,12.0,8.417,8.0,session_best
2026,11,Hungarian Grand Prix,FP2,hungarian-grand-prix_corner_12,LEC,LEC,0.0,0.0,0.0,session_best
2026,11,Hungarian Grand Prix,FP2,hungarian-grand-prix_corner_12,HAM,LEC,13.0,15.667,2.667,session_best
2026,11,Hungarian Grand Prix,FP2,hungarian-grand-prix_corner_12,VER,LEC,14.0,17.0,-0.667,session_best
2026,11,Hungarian Grand Prix,FP2,hungarian-grand-prix_corner_12,NOR,LEC,14.0,15.333,0.667,session_best
2026,11,Hungarian Grand Prix,FP2,hungarian-grand-prix_corner_12,GAS,LEC,15.0,13.333,6.333,session_best
2026,11,Hungarian Grand Prix,FP2,hungarian-grand-prix_corner_12,LIN,LEC,15.0,20.333,8.0,session_best
2026,11,Hungarian Grand Prix,FP2,hungarian-grand-prix_corner_12,ANT,LEC,16.0,16.667,9.0,session_best
2026,11,Hungarian Grand Prix,FP2,hungarian-grand-prix_corner_12,PER,LEC,16.0,18.0,15.333,session_best
2026,11,Hungarian Grand Prix,FP2,hungarian-grand-prix_corner_12,BEA,LEC,17.0,17.0,4.667,session_best
2026,11,Hungarian Grand Prix,FP2,hungarian-grand-prix_corner_12,SAI,LEC,17.0,18.5,9.75,session_best
2026,11,Hungarian Grand Prix,FP2,hungarian-grand-prix_corner_12,LAW,LEC,17.0,21.333,8.333,session_best
2026,11,Hungarian Grand Prix,FP2,hungarian-grand-prix_corner_12,ALB,LEC,19.0,17.333,9.667,session_best
2026,11,Hungarian Grand Prix,FP2,hungarian-grand-prix_corner_12,PIA,LEC,19.0,22.333,4.667,session_best
2026,11,Hungarian Grand Prix,FP2,hungarian-grand-prix_corner_12,BOR,LEC,20.0,24.333,11.0,session_best
2026,11,Hungarian Grand Prix,FP2,hungarian-grand-prix_corner_12,ALO,LEC,20.0,22.667,8.0,session_best
2026,11,Hungarian Grand Prix,FP2,hungarian-grand-prix_corner_12,HAD,LEC,22.0,26.0,1.0,session_best
2026,11,Hungarian Grand Prix,FP2,hungarian-grand-prix_corner_12,BOT,LEC,22.0,22.333,6.0,session_best
2026,11,Hungarian Grand Prix,FP2,hungarian-grand-prix_corner_12,HUL,LEC,24.0,20.667,-6.333,session_best
2026,11,Hungarian Grand Prix,FP2,hungarian-grand-prix_corner_12,COL,LEC,25.0,29.0,11.0,session_best
2026,11,Hungarian Grand Prix,FP2,hungarian-grand-prix_corner_12,OCO,LEC,27.0,24.25,4.5,session_best
2026,11,Hungarian Grand Prix,FP2,hungarian-grand-prix_corner_12,RUS,LEC,29.0,28.0,1.667,session_best
2026,11,Hungarian Grand Prix,FP2,hungarian-grand-prix_corner_13,HAD,HAD,0.0,0.0,0.0,session_best
2026,11,Hungarian Grand Prix,FP2,hungarian-grand-prix_corner_13,LEC,HAD,0.0,5.666,-15.666,session_best
2026,11,Hungarian Grand Prix,FP2,hungarian-grand-prix_corner_13,HAM,HAD,1.0,7.333,-25.333,session_best
2026,11,Hungarian Grand Prix,FP2,hungarian-grand-prix_corner_13,RUS,HAD,2.0,8.333,-2.333,session_best
2026,11,Hungarian Grand Prix,FP2,hungarian-grand-prix_corner_13,BEA,HAD,2.0,2.0,-12.0,session_best
2026,11,Hungarian Grand Prix,FP2,hungarian-grand-prix_corner_13,OCO,HAD,3.0,6.666,-1.666,session_best
2026,11,Hungarian Grand Prix,FP2,hungarian-grand-prix_corner_13,PIA,HAD,3.0,3.0,-0.333,session_best
2026,11,Hungarian Grand Prix,FP2,hungarian-grand-prix_corner_13,VER,HAD,4.0,-0.667,-4.0,session_best
2026,11,Hungarian Grand Prix,FP2,hungarian-grand-prix_corner_13,BOR,HAD,5.0,5.333,-11.666,session_best
2026,11,Hungarian Grand Prix,FP2,hungarian-grand-prix_corner_13,NOR,HAD,5.0,2.666,-4.333,session_best
2026,11,Hungarian Grand Prix,FP2,hungarian-grand-prix_corner_13,BOT,HAD,9.0,17.666,17.0,session_best
2026,11,Hungarian Grand Prix,FP2,hungarian-grand-prix_corner_13,ALB,HAD,9.0,5.333,-7.666,session_best
2026,11,Hungarian Grand Prix,FP2,hungarian-grand-prix_corner_13,PER,HAD,9.0,19.333,-2.333,session_best
2026,11,Hungarian Grand Prix,FP2,hungarian-grand-prix_corner_13,LAW,HAD,9.0,8.083,-13.083,session_best
2026,11,Hungarian Grand Prix,FP2,hungarian-grand-prix_corner_13,HUL,HAD,9.0,3.0,1.0,session_best
2026,11,Hungarian Grand Prix,FP2,hungarian-grand-prix_corner_13,LIN,HAD,10.0,5.333,-5.333,session_best
2026,11,Hungarian Grand Prix,FP2,hungarian-grand-prix_corner_13,COL,HAD,10.0,11.666,2.667,session_best
2026,11,Hungarian Grand Prix,FP2,hungarian-grand-prix_corner_13,ALO,HAD,11.0,12.333,5.917,session_best
2026,11,Hungarian Grand Prix,FP2,hungarian-grand-prix_corner_13,ANT,HAD,12.0,7.666,-15.333,session_best
2026,11,Hungarian Grand Prix,FP2,hungarian-grand-prix_corner_13,GAS,HAD,12.0,1.666,-10.666,session_best
2026,11,Hungarian Grand Prix,FP2,hungarian-grand-prix_corner_13,SAI,HAD,13.0,13.666,-3.0,session_best
2026,11,Hungarian Grand Prix,FP2,hungarian-grand-prix_corner_17,HAM,HAM,0.0,0.0,0.0,session_best
2026,11,Hungarian Grand Prix,FP2,hungarian-grand-prix_corner_17,LEC,HAM,3.0,-10.334,-15.333,session_best
2026,11,Hungarian Grand Prix,FP2,hungarian-grand-prix_corner_17,SAI,HAM,4.0,2.083,15.75,session_best
2026,11,Hungarian Grand Prix,FP2,hungarian-grand-prix_corner_17,BOR,HAM,5.0,6.666,29.667,session_best
2026,11,Hungarian Grand Prix,FP2,hungarian-grand-prix_corner_17,NOR,HAM,6.0,3.0,19.333,session_best
2026,11,Hungarian Grand Prix,FP2,hungarian-grand-prix_corner_17,HAD,HAM,7.0,-2.417,-19.25,session_best
2026,11,Hungarian Grand Prix,FP2,hungarian-grand-prix_corner_17,VER,HAM,7.0,4.083,-11.0,session_best
2026,11,Hungarian Grand Prix,FP2,hungarian-grand-prix_corner_17,GAS,HAM,8.0,3.0,20.333,session_best
2026,11,Hungarian Grand Prix,FP2,hungarian-grand-prix_corner_17,BEA,HAM,8.0,6.0,-17.0,session_best
2026,11,Hungarian Grand Prix,FP2,hungarian-grand-prix_corner_17,COL,HAM,8.0,7.0,26.333,session_best
2026,11,Hungarian Grand Prix,FP2,hungarian-grand-prix_corner_17,BOT,HAM,8.0,-3.667,-16.667,session_best
2026,11,Hungarian Grand Prix,FP2,hungarian-grand-prix_corner_17,ALB,HAM,9.0,7.0,18.667,session_best
2026,11,Hungarian Grand Prix,FP2,hungarian-grand-prix_corner_17,ANT,HAM,10.0,8.666,18.333,session_best
2026,11,Hungarian Grand Prix,FP2,hungarian-grand-prix_corner_17,PER,HAM,10.0,-0.167,-10.25,session_best
2026,11,Hungarian Grand Prix,FP2,hungarian-grand-prix_corner_17,OCO,HAM,11.0,8.333,13.0,session_best
2026,11,Hungarian Grand Prix,FP2,hungarian-grand-prix_corner_17,LAW,HAM,11.0,8.583,13.75,session_best
2026,11,Hungarian Grand Prix,FP2,hungarian-grand-prix_corner_17,HUL,HAM,11.0,-12.0,-10.333,session_best
2026,11,Hungarian Grand Prix,FP2,hungarian-grand-prix_corner_17,ALO,HAM,12.0,3.666,-12.0,session_best
2026,11,Hungarian Grand Prix,FP2,hungarian-grand-prix_corner_17,PIA,HAM,12.0,4.0,4.333,session_best
2026,11,Hungarian Grand Prix,FP2,hungarian-grand-prix_corner_17,LIN,HAM,13.0,8.333,4.667,session_best
2026,11,Hungarian Grand Prix,FP2,hungarian-grand-prix_corner_17,RUS,HAM,15.0,-15.0,-8.333,session_best
2026,11,Hungarian Grand Prix,FP2,hungarian-grand-prix_corner_18,BEA,BEA,0.0,0.0,0.0,session_best
2026,11,Hungarian Grand Prix,FP2,hungarian-grand-prix_corner_18,OCO,BEA,1.0,-12.25,-3.0,session_best
2026,11,Hungarian Grand Prix,FP2,hungarian-grand-prix_corner_18,LAW,BEA,1.0,-6.5,-10.75,session_best
2026,11,Hungarian Grand Prix,FP2,hungarian-grand-prix_corner_18,VER,BEA,2.0,-20.25,-9.75,session_best
2026,11,Hungarian Grand Prix,FP2,hungarian-grand-prix_corner_18,HAD,BEA,3.0,-40.5,-1.5,session_best
2026,11,Hungarian Grand Prix,FP2,hungarian-grand-prix_corner_18,HAM,BEA,3.0,-22.0,-11.5,session_best
2026,11,Hungarian Grand Prix,FP2,hungarian-grand-prix_corner_18,RUS,BEA,4.0,-39.25,5.25,session_best
2026,11,Hungarian Grand Prix,FP2,hungarian-grand-prix_corner_18,LEC,BEA,5.0,-38.5,-3.25,session_best
2026,11,Hungarian Grand Prix,FP2,hungarian-grand-prix_corner_18,ANT,BEA,5.0,-5.0,-1.75,session_best
2026,11,Hungarian Grand Prix,FP2,hungarian-grand-prix_corner_18,PER,BEA,5.0,-22.0,-1.75,session_best
2026,11,Hungarian Grand Prix,FP2,hungarian-grand-prix_corner_18,GAS,BEA,5.0,-12.5,-5.5,session_best
2026,11,Hungarian Grand Prix,FP2,hungarian-grand-prix_corner_18,BOR,BEA,6.0,-13.5,-4.25,session_best
2026,11,Hungarian Grand Prix,FP2,hungarian-grand-prix_corner_18,BOT,BEA,6.0,-32.5,5.0,session_best
2026,11,Hungarian Grand Prix,FP2,hungarian-grand-prix_corner_18,NOR,BEA,7.0,-3.75,-7.0,session_best
2026,11,Hungarian Grand Prix,FP2,hungarian-grand-prix_corner_18,HUL,BEA,7.0,-39.25,1.25,session_best
2026,11,Hungarian Grand Prix,FP2,hungarian-grand-prix_corner_18,LIN,BEA,7.0,-22.0,-7.5,session_best
2026,11,Hungarian Grand Prix,FP2,hungarian-grand-prix_corner_18,ALB,BEA,8.0,-14.9,-6.2,session_best
2026,11,Hungarian Grand Prix,FP2,hungarian-grand-prix_corner_18,COL,BEA,8.0,-8.75,0.25,session_best
2026,11,Hungarian Grand Prix,FP2,hungarian-grand-prix_corner_18,ALO,BEA,10.0,-24.25,-2.5,session_best
2026,11,Hungarian Grand Prix,FP2,hungarian-grand-prix_corner_18,SAI,BEA,12.0,-3.9,-3.0,session_best
2026,11,Hungarian Grand Prix,FP2,hungarian-grand-prix_corner_18,PIA,BEA,13.0,-19.5,2.25,session_best
2026,11,Hungarian Grand Prix,FP2,hungarian-grand-prix_corner_19,LAW,LAW,0.0,0.0,0.0,session_best
2026,11,Hungarian Grand Prix,FP2,hungarian-grand-prix_corner_19,LEC,LAW,0.0,-17.334,7.0,session_best
2026,11,Hungarian Grand Prix,FP2,hungarian-grand-prix_corner_19,HAM,LAW,0.0,-19.0,-4.667,session_best
2026,11,Hungarian Grand Prix,FP2,hungarian-grand-prix_corner_19,BEA,LAW,5.0,7.583,2.083,session_best
2026,11,Hungarian Grand Prix,FP2,hungarian-grand-prix_corner_19,ANT,LAW,6.0,-4.167,8.583,session_best
2026,11,Hungarian Grand Prix,FP2,hungarian-grand-prix_corner_19,HUL,LAW,7.0,-4.667,9.666,session_best
2026,11,Hungarian Grand Prix,FP2,hungarian-grand-prix_corner_19,VER,LAW,7.0,-12.667,7.0,session_best
2026,11,Hungarian Grand Prix,FP2,hungarian-grand-prix_corner_19,PIA,LAW,7.0,-14.417,18.583,session_best
2026,11,Hungarian Grand Prix,FP2,hungarian-grand-prix_corner_19,HAD,LAW,7.0,-21.417,15.833,session_best
2026,11,Hungarian Grand Prix,FP2,hungarian-grand-prix_corner_19,NOR,LAW,7.0,-5.917,3.083,session_best
2026,11,Hungarian Grand Prix,FP2,hungarian-grand-prix_corner_19,COL,LAW,8.0,-1.334,3.666,session_best
2026,11,Hungarian Grand Prix,FP2,hungarian-grand-prix_corner_19,ALO,LAW,8.0,-6.667,14.583,session_best
2026,11,Hungarian Grand Prix,FP2,hungarian-grand-prix_corner_19,GAS,LAW,8.0,2.0,4.0,session_best
2026,11,Hungarian Grand Prix,FP2,hungarian-grand-prix_corner_19,LIN,LAW,8.0,-2.667,6.666,session_best
2026,11,Hungarian Grand Prix,FP2,hungarian-grand-prix_corner_19,RUS,LAW,9.0,-25.334,13.666,session_best
2026,11,Hungarian Grand Prix,FP2,hungarian-grand-prix_corner_19,PER,LAW,10.0,-6.417,14.583,session_best
2026,11,Hungarian Grand Prix,FP2,hungarian-grand-prix_corner_19,BOR,LAW,10.0,4.083,9.833,session_best
2026,11,Hungarian Grand Prix,FP2,hungarian-grand-prix_corner_19,SAI,LAW,10.0,1.0,17.333,session_best
2026,11,Hungarian Grand Prix,FP2,hungarian-grand-prix_corner_19,OCO,LAW,10.0,-7.0,6.0,session_best
2026,11,Hungarian Grand Prix,FP2,hungarian-grand-prix_corner_19,BOT,LAW,11.0,-16.667,15.583,session_best
2026,11,Hungarian Grand Prix,FP2,hungarian-grand-prix_corner_19,ALB,LAW,12.0,-6.334,16.666,session_best
2026,11,Hungarian Grand Prix,FP3,hungarian-grand-prix_corner_03,VER,VER,0.0,0.0,0.0,session_best
2026,11,Hungarian Grand Prix,FP3,hungarian-grand-prix_corner_03,HAM,VER,1.0,-4.75,2.5,session_best
2026,11,Hungarian Grand Prix,FP3,hungarian-grand-prix_corner_03,NOR,VER,2.0,-11.333,5.917,session_best
2026,11,Hungarian Grand Prix,FP3,hungarian-grand-prix_corner_03,ANT,VER,3.0,-26.0,8.583,session_best
2026,11,Hungarian Grand Prix,FP3,hungarian-grand-prix_corner_03,ALO,VER,3.0,-0.25,6.0,session_best
2026,11,Hungarian Grand Prix,FP3,hungarian-grand-prix_corner_03,PIA,VER,3.0,-14.667,10.583,session_best
2026,11,Hungarian Grand Prix,FP3,hungarian-grand-prix_corner_03,SAI,VER,3.0,-0.333,6.583,session_best
2026,11,Hungarian Grand Prix,FP3,hungarian-grand-prix_corner_03,HUL,VER,3.0,-13.667,6.583,session_best
2026,11,Hungarian Grand Prix,FP3,hungarian-grand-prix_corner_03,HAD,VER,3.0,22.333,2.25,session_best
2026,11,Hungarian Grand Prix,FP3,hungarian-grand-prix_corner_03,LEC,VER,3.0,-19.333,7.583,session_best
2026,11,Hungarian Grand Prix,FP3,hungarian-grand-prix_corner_03,LAW,VER,4.0,-8.333,6.583,session_best
2026,11,Hungarian Grand Prix,FP3,hungarian-grand-prix_corner_03,BEA,VER,4.0,4.5,6.75,session_best
2026,11,Hungarian Grand Prix,FP3,hungarian-grand-prix_corner_03,BOR,VER,4.0,-18.5,10.0,session_best
2026,11,Hungarian Grand Prix,FP3,hungarian-grand-prix_corner_03,GAS,VER,4.0,-18.0,1.583,session_best
2026,11,Hungarian Grand Prix,FP3,hungarian-grand-prix_corner_03,COL,VER,5.0,-9.0,9.917,session_best
2026,11,Hungarian Grand Prix,FP3,hungarian-grand-prix_corner_03,RUS,VER,6.0,5.0,11.25,session_best
2026,11,Hungarian Grand Prix,FP3,hungarian-grand-prix_corner_03,BOT,VER,6.0,-11.667,8.25,session_best
2026,11,Hungarian Grand Prix,FP3,hungarian-grand-prix_corner_03,STR,VER,6.0,8.5,10.75,session_best
2026,11,Hungarian Grand Prix,FP3,hungarian-grand-prix_corner_03,OCO,VER,7.0,15.75,13.5,session_best
2026,11,Hungarian Grand Prix,FP3,hungarian-grand-prix_corner_03,ALB,VER,8.0,30.0,9.25,session_best
2026,11,Hungarian Grand Prix,FP3,hungarian-grand-prix_corner_03,LIN,VER,9.0,-5.0,7.583,session_best
2026,11,Hungarian Grand Prix,FP3,hungarian-grand-prix_corner_06,LEC,LEC,0.0,0.0,0.0,session_best
2026,11,Hungarian Grand Prix,FP3,hungarian-grand-prix_corner_06,HAM,LEC,2.0,9.666,-4.333,session_best
2026,11,Hungarian Grand Prix,FP3,hungarian-grand-prix_corner_06,NOR,LEC,4.0,10.0,-7.333,session_best
2026,11,Hungarian Grand Prix,FP3,hungarian-grand-prix_corner_06,LAW,LEC,5.0,19.083,-1.25,session_best
2026,11,Hungarian Grand Prix,FP3,hungarian-grand-prix_corner_06,LIN,LEC,5.0,8.333,4.0,session_best
2026,11,Hungarian Grand Prix,FP3,hungarian-grand-prix_corner_06,VER,LEC,5.0,10.833,-9.5,session_best
2026,11,Hungarian Grand Prix,FP3,hungarian-grand-prix_corner_06,BOR,LEC,6.0,6.833,3.5,session_best
2026,11,Hungarian Grand Prix,FP3,hungarian-grand-prix_corner_06,HUL,LEC,6.0,16.0,17.0,session_best
2026,11,Hungarian Grand Prix,FP3,hungarian-grand-prix_corner_06,BEA,LEC,6.0,9.666,2.0,session_best
2026,11,Hungarian Grand Prix,FP3,hungarian-grand-prix_corner_06,PIA,LEC,7.0,3.833,-2.0,session_best
2026,11,Hungarian Grand Prix,FP3,hungarian-grand-prix_corner_06,RUS,LEC,7.0,6.583,-1.5,session_best
2026,11,Hungarian Grand Prix,FP3,hungarian-grand-prix_corner_06,OCO,LEC,7.0,16.333,-1.333,session_best
2026,11,Hungarian Grand Prix,FP3,hungarian-grand-prix_corner_06,HAD,LEC,8.0,21.583,-4.25,session_best
2026,11,Hungarian Grand Prix,FP3,hungarian-grand-prix_corner_06,COL,LEC,8.0,11.666,-1.667,session_best
2026,11,Hungarian Grand Prix,FP3,hungarian-grand-prix_corner_06,GAS,LEC,8.0,19.333,-4.667,session_best
2026,11,Hungarian Grand Prix,FP3,hungarian-grand-prix_corner_06,ALB,LEC,9.0,18.333,2.5,session_best
2026,11,Hungarian Grand Prix,FP3,hungarian-grand-prix_corner_06,ANT,LEC,9.0,10.833,2.0,session_best
2026,11,Hungarian Grand Prix,FP3,hungarian-grand-prix_corner_06,STR,LEC,10.0,3.666,3.0,session_best
2026,11,Hungarian Grand Prix,FP3,hungarian-grand-prix_corner_06,ALO,LEC,12.0,7.0,-2.333,session_best
2026,11,Hungarian Grand Prix,FP3,hungarian-grand-prix_corner_06,BOT,LEC,13.0,21.833,15.75,session_best
2026,11,Hungarian Grand Prix,FP3,hungarian-grand-prix_corner_06,SAI,LEC,13.0,14.583,10.75,session_best
2026,11,Hungarian Grand Prix,FP3,hungarian-grand-prix_corner_10,LEC,LEC,0.0,0.0,0.0,session_best
2026,11,Hungarian Grand Prix,FP3,hungarian-grand-prix_corner_10,HAM,LEC,3.0,6.667,-21.0,session_best
2026,11,Hungarian Grand Prix,FP3,hungarian-grand-prix_corner_10,NOR,LEC,4.0,7.667,-19.667,session_best
2026,11,Hungarian Grand Prix,FP3,hungarian-grand-prix_corner_10,RUS,LEC,5.0,-6.333,-10.333,session_best
2026,11,Hungarian Grand Prix,FP3,hungarian-grand-prix_corner_10,VER,LEC,5.0,-0.666,-14.333,session_best
2026,11,Hungarian Grand Prix,FP3,hungarian-grand-prix_corner_10,HUL,LEC,6.0,-13.333,-4.667,session_best
2026,11,Hungarian Grand Prix,FP3,hungarian-grand-prix_corner_10,ANT,LEC,7.0,-2.833,-4.0,session_best
2026,11,Hungarian Grand Prix,FP3,hungarian-grand-prix_corner_10,PIA,LEC,7.0,1.334,-8.667,session_best
2026,11,Hungarian Grand Prix,FP3,hungarian-grand-prix_corner_10,BEA,LEC,9.0,13.334,0.667,session_best
2026,11,Hungarian Grand Prix,FP3,hungarian-grand-prix_corner_10,ALO,LEC,9.0,-4.0,-8.0,session_best
2026,11,Hungarian Grand Prix,FP3,hungarian-grand-prix_corner_10,HAD,LEC,9.0,3.667,-6.333,session_best
2026,11,Hungarian Grand Prix,FP3,hungarian-grand-prix_corner_10,LAW,LEC,10.0,-11.666,-15.0,session_best
2026,11,Hungarian Grand Prix,FP3,hungarian-grand-prix_corner_10,BOR,LEC,11.0,-1.666,-7.0,session_best
2026,11,Hungarian Grand Prix,FP3,hungarian-grand-prix_corner_10,STR,LEC,12.0,-14.0,9.667,session_best
2026,11,Hungarian Grand Prix,FP3,hungarian-grand-prix_corner_10,COL,LEC,13.0,-11.333,1.0,session_best
2026,11,Hungarian Grand Prix,FP3,hungarian-grand-prix_corner_10,OCO,LEC,13.0,-2.0,-8.667,session_best
2026,11,Hungarian Grand Prix,FP3,hungarian-grand-prix_corner_10,ALB,LEC,15.0,6.0,-11.667,session_best
2026,11,Hungarian Grand Prix,FP3,hungarian-grand-prix_corner_10,LIN,LEC,15.0,6.667,-18.0,session_best
2026,11,Hungarian Grand Prix,FP3,hungarian-grand-prix_corner_10,GAS,LEC,15.0,6.667,-0.5,session_best
2026,11,Hungarian Grand Prix,FP3,hungarian-grand-prix_corner_10,SAI,LEC,15.0,7.667,-1.667,session_best
2026,11,Hungarian Grand Prix,FP3,hungarian-grand-prix_corner_10,BOT,LEC,16.0,0.334,-6.667,session_best
2026,11,Hungarian Grand Prix,FP3,hungarian-grand-prix_corner_11,ANT,ANT,0.0,0.0,0.0,session_best
2026,11,Hungarian Grand Prix,FP3,hungarian-grand-prix_corner_11,BOT,ANT,1.0,11.5,2.5,session_best
2026,11,Hungarian Grand Prix,FP3,hungarian-grand-prix_corner_11,NOR,ANT,2.0,-4.667,-1.0,session_best
2026,11,Hungarian Grand Prix,FP3,hungarian-grand-prix_corner_11,PIA,ANT,2.0,1.333,4.667,session_best
2026,11,Hungarian Grand Prix,FP3,hungarian-grand-prix_corner_11,HUL,ANT,3.0,7.333,7.667,session_best
2026,11,Hungarian Grand Prix,FP3,hungarian-grand-prix_corner_11,LAW,ANT,3.0,-1.667,8.333,session_best
2026,11,Hungarian Grand Prix,FP3,hungarian-grand-prix_corner_11,BOR,ANT,6.0,11.0,10.667,session_best
2026,11,Hungarian Grand Prix,FP3,hungarian-grand-prix_corner_11,RUS,ANT,7.0,0.0,12.0,session_best
2026,11,Hungarian Grand Prix,FP3,hungarian-grand-prix_corner_11,LIN,ANT,7.0,-1.333,-0.333,session_best
2026,11,Hungarian Grand Prix,FP3,hungarian-grand-prix_corner_11,SAI,ANT,7.0,-6.0,10.333,session_best
2026,11,Hungarian Grand Prix,FP3,hungarian-grand-prix_corner_11,HAD,ANT,7.0,-1.5,2.25,session_best
2026,11,Hungarian Grand Prix,FP3,hungarian-grand-prix_corner_11,COL,ANT,8.0,9.333,12.0,session_best
2026,11,Hungarian Grand Prix,FP3,hungarian-grand-prix_corner_11,STR,ANT,8.0,12.25,12.25,session_best
2026,11,Hungarian Grand Prix,FP3,hungarian-grand-prix_corner_11,GAS,ANT,8.0,1.333,2.333,session_best
2026,11,Hungarian Grand Prix,FP3,hungarian-grand-prix_corner_11,OCO,ANT,9.0,-1.0,12.0,session_best
2026,11,Hungarian Grand Prix,FP3,hungarian-grand-prix_corner_11,ALB,ANT,9.0,5.333,9.667,session_best
2026,11,Hungarian Grand Prix,FP3,hungarian-grand-prix_corner_11,HAM,ANT,9.0,-2.333,10.333,session_best
2026,11,Hungarian Grand Prix,FP3,hungarian-grand-prix_corner_11,VER,ANT,9.0,2.667,6.0,session_best
2026,11,Hungarian Grand Prix,FP3,hungarian-grand-prix_corner_11,ALO,ANT,11.0,11.333,0.333,session_best
2026,11,Hungarian Grand Prix,FP3,hungarian-grand-prix_corner_11,BEA,ANT,12.0,4.0,9.333,session_best
2026,11,Hungarian Grand Prix,FP3,hungarian-grand-prix_corner_11,LEC,ANT,13.0,9.667,17.333,session_best
2026,11,Hungarian Grand Prix,FP3,hungarian-grand-prix_corner_13,HAM,HAM,0.0,0.0,0.0,session_best
2026,11,Hungarian Grand Prix,FP3,hungarian-grand-prix_corner_13,LEC,HAM,2.0,5.0,12.0,session_best
2026,11,Hungarian Grand Prix,FP3,hungarian-grand-prix_corner_13,HAD,HAM,7.0,3.667,6.333,session_best
2026,11,Hungarian Grand Prix,FP3,hungarian-grand-prix_corner_13,NOR,HAM,7.0,-3.0,4.666,session_best
2026,11,Hungarian Grand Prix,FP3,hungarian-grand-prix_corner_13,ANT,HAM,7.0,-3.5,-1.167,session_best
2026,11,Hungarian Grand Prix,FP3,hungarian-grand-prix_corner_13,PIA,HAM,7.0,3.0,0.333,session_best
2026,11,Hungarian Grand Prix,FP3,hungarian-grand-prix_corner_13,HUL,HAM,8.0,7.333,14.0,session_best
2026,11,Hungarian Grand Prix,FP3,hungarian-grand-prix_corner_13,VER,HAM,9.0,0.667,1.666,session_best
2026,11,Hungarian Grand Prix,FP3,hungarian-grand-prix_corner_13,STR,HAM,9.0,12.0,14.666,session_best
2026,11,Hungarian Grand Prix,FP3,hungarian-grand-prix_corner_13,LAW,HAM,10.0,6.0,2.0,session_best
2026,11,Hungarian Grand Prix,FP3,hungarian-grand-prix_corner_13,BOR,HAM,10.0,8.0,7.0,session_best
2026,11,Hungarian Grand Prix,FP3,hungarian-grand-prix_corner_13,BEA,HAM,10.0,4.667,14.0,session_best
2026,11,Hungarian Grand Prix,FP3,hungarian-grand-prix_corner_13,RUS,HAM,12.0,2.0,11.333,session_best
2026,11,Hungarian Grand Prix,FP3,hungarian-grand-prix_corner_13,BOT,HAM,13.0,8.667,16.333,session_best
2026,11,Hungarian Grand Prix,FP3,hungarian-grand-prix_corner_13,LIN,HAM,13.0,6.0,9.666,session_best
2026,11,Hungarian Grand Prix,FP3,hungarian-grand-prix_corner_13,COL,HAM,14.0,4.0,13.333,session_best
2026,11,Hungarian Grand Prix,FP3,hungarian-grand-prix_corner_13,ALO,HAM,14.0,8.333,5.0,session_best
2026,11,Hungarian Grand Prix,FP3,hungarian-grand-prix_corner_13,GAS,HAM,14.0,4.667,5.0,session_best
2026,11,Hungarian Grand Prix,FP3,hungarian-grand-prix_corner_13,OCO,HAM,16.0,12.0,17.666,session_best
2026,11,Hungarian Grand Prix,FP3,hungarian-grand-prix_corner_13,ALB,HAM,17.0,11.0,16.666,session_best
2026,11,Hungarian Grand Prix,FP3,hungarian-grand-prix_corner_13,SAI,HAM,18.0,20.0,20.333,session_best
2026,11,Hungarian Grand Prix,FP3,hungarian-grand-prix_corner_17,PIA,PIA,0.0,0.0,0.0,session_best
2026,11,Hungarian Grand Prix,FP3,hungarian-grand-prix_corner_17,HAD,PIA,1.0,0.333,-34.333,session_best
2026,11,Hungarian Grand Prix,FP3,hungarian-grand-prix_corner_17,BOR,PIA,1.0,-8.333,-34.333,session_best
2026,11,Hungarian Grand Prix,FP3,hungarian-grand-prix_corner_17,HAM,PIA,2.0,2.0,-12.667,session_best
2026,11,Hungarian Grand Prix,FP3,hungarian-grand-prix_corner_17,HUL,PIA,2.0,-1.75,-35.0,session_best
2026,11,Hungarian Grand Prix,FP3,hungarian-grand-prix_corner_17,VER,PIA,2.0,1.667,-12.667,session_best
2026,11,Hungarian Grand Prix,FP3,hungarian-grand-prix_corner_17,RUS,PIA,4.0,5.0,-3.5,session_best
2026,11,Hungarian Grand Prix,FP3,hungarian-grand-prix_corner_17,NOR,PIA,4.0,7.5,-11.5,session_best
2026,11,Hungarian Grand Prix,FP3,hungarian-grand-prix_corner_17,LEC,PIA,4.0,0.25,-25.75,session_best
2026,11,Hungarian Grand Prix,FP3,hungarian-grand-prix_corner_17,OCO,PIA,5.0,-3.5,-27.0,session_best
2026,11,Hungarian Grand Prix,FP3,hungarian-grand-prix_corner_17,SAI,PIA,6.0,1.0,-10.0,session_best
2026,11,Hungarian Grand Prix,FP3,hungarian-grand-prix_corner_17,ALO,PIA,6.0,8.333,-23.333,session_best
2026,11,Hungarian Grand Prix,FP3,hungarian-grand-prix_corner_17,BEA,PIA,6.0,6.333,13.667,session_best
2026,11,Hungarian Grand Prix,FP3,hungarian-grand-prix_corner_17,LIN,PIA,7.0,11.667,-14.333,session_best
2026,11,Hungarian Grand Prix,FP3,hungarian-grand-prix_corner_17,ANT,PIA,7.0,6.0,-13.667,session_best
2026,11,Hungarian Grand Prix,FP3,hungarian-grand-prix_corner_17,LAW,PIA,7.0,7.333,-30.333,session_best
2026,11,Hungarian Grand Prix,FP3,hungarian-grand-prix_corner_17,GAS,PIA,7.0,7.75,-6.0,session_best
2026,11,Hungarian Grand Prix,FP3,hungarian-grand-prix_corner_17,ALB,PIA,8.0,4.333,-1.667,session_best
2026,11,Hungarian Grand Prix,FP3,hungarian-grand-prix_corner_17,BOT,PIA,9.0,8.667,-10.667,session_best
2026,11,Hungarian Grand Prix,FP3,hungarian-grand-prix_corner_17,COL,PIA,10.0,1.0,-27.75,session_best
2026,11,Hungarian Grand Prix,FP3,hungarian-grand-prix_corner_17,STR,PIA,12.0,6.333,-35.333,session_best
2026,11,Hungarian Grand Prix,FP3,hungarian-grand-prix_corner_18,ANT,ANT,0.0,0.0,0.0,session_best
2026,11,Hungarian Grand Prix,FP3,hungarian-grand-prix_corner_18,LEC,ANT,0.0,-6.75,12.0,session_best
2026,11,Hungarian Grand Prix,FP3,hungarian-grand-prix_corner_18,BEA,ANT,1.0,12.0,-5.25,session_best
2026,11,Hungarian Grand Prix,FP3,hungarian-grand-prix_corner_18,HAM,ANT,2.0,0.25,-3.5,session_best
2026,11,Hungarian Grand Prix,FP3,hungarian-grand-prix_corner_18,LAW,ANT,2.0,-15.25,-4.5,session_best
2026,11,Hungarian Grand Prix,FP3,hungarian-grand-prix_corner_18,GAS,ANT,4.0,11.75,0.5,session_best
2026,11,Hungarian Grand Prix,FP3,hungarian-grand-prix_corner_18,NOR,ANT,4.0,7.5,-4.0,session_best
2026,11,Hungarian Grand Prix,FP3,hungarian-grand-prix_corner_18,PIA,ANT,4.0,4.25,9.25,session_best
2026,11,Hungarian Grand Prix,FP3,hungarian-grand-prix_corner_18,COL,ANT,4.0,-8.25,4.0,session_best
2026,11,Hungarian Grand Prix,FP3,hungarian-grand-prix_corner_18,STR,ANT,5.0,-5.25,16.0,session_best
2026,11,Hungarian Grand Prix,FP3,hungarian-grand-prix_corner_18,VER,ANT,5.0,12.9,-8.25,session_best
2026,11,Hungarian Grand Prix,FP3,hungarian-grand-prix_corner_18,BOR,ANT,5.0,-10.5,9.5,session_best
2026,11,Hungarian Grand Prix,FP3,hungarian-grand-prix_corner_18,OCO,ANT,5.0,-10.0,19.0,session_best
2026,11,Hungarian Grand Prix,FP3,hungarian-grand-prix_corner_18,HUL,ANT,6.0,-5.0,11.75,session_best
2026,11,Hungarian Grand Prix,FP3,hungarian-grand-prix_corner_18,RUS,ANT,6.0,11.25,-8.25,session_best
2026,11,Hungarian Grand Prix,FP3,hungarian-grand-prix_corner_18,SAI,ANT,7.0,8.25,3.75,session_best
2026,11,Hungarian Grand Prix,FP3,hungarian-grand-prix_corner_18,BOT,ANT,7.0,1.5,1.75,session_best
2026,11,Hungarian Grand Prix,FP3,hungarian-grand-prix_corner_18,ALO,ANT,8.0,-1.75,1.75,session_best
2026,11,Hungarian Grand Prix,FP3,hungarian-grand-prix_corner_18,ALB,ANT,8.0,13.9,0.35,session_best
2026,11,Hungarian Grand Prix,FP3,hungarian-grand-prix_corner_18,HAD,ANT,9.0,-17.75,-1.25,session_best
2026,11,Hungarian Grand Prix,FP3,hungarian-grand-prix_corner_18,LIN,ANT,10.0,-26.5,-1.917,session_best
2026,11,Hungarian Grand Prix,FP3,hungarian-grand-prix_corner_19,LEC,LEC,0.0,0.0,0.0,session_best
2026,11,Hungarian Grand Prix,FP3,hungarian-grand-prix_corner_19,COL,LEC,1.0,4.417,15.333,session_best
2026,11,Hungarian Grand Prix,FP3,hungarian-grand-prix_corner_19,ANT,LEC,2.0,-4.583,-19.333,session_best
2026,11,Hungarian Grand Prix,FP3,hungarian-grand-prix_corner_19,HAM,LEC,3.0,14.75,-6.25,session_best
2026,11,Hungarian Grand Prix,FP3,hungarian-grand-prix_corner_19,BEA,LEC,4.0,21.0,0.5,session_best
2026,11,Hungarian Grand Prix,FP3,hungarian-grand-prix_corner_19,VER,LEC,4.0,9.417,0.333,session_best
2026,11,Hungarian Grand Prix,FP3,hungarian-grand-prix_corner_19,RUS,LEC,5.0,1.417,-17.333,session_best
2026,11,Hungarian Grand Prix,FP3,hungarian-grand-prix_corner_19,BOR,LEC,5.0,2.417,14.333,session_best
2026,11,Hungarian Grand Prix,FP3,hungarian-grand-prix_corner_19,NOR,LEC,6.0,5.417,-15.667,session_best
2026,11,Hungarian Grand Prix,FP3,hungarian-grand-prix_corner_19,HAD,LEC,6.0,-9.583,4.333,session_best
2026,11,Hungarian Grand Prix,FP3,hungarian-grand-prix_corner_19,GAS,LEC,6.0,20.417,-7.0,session_best
2026,11,Hungarian Grand Prix,FP3,hungarian-grand-prix_corner_19,ALO,LEC,7.0,7.083,-2.333,session_best
2026,11,Hungarian Grand Prix,FP3,hungarian-grand-prix_corner_19,ALB,LEC,7.0,13.75,6.333,session_best
2026,11,Hungarian Grand Prix,FP3,hungarian-grand-prix_corner_19,HUL,LEC,7.0,1.25,11.5,session_best
2026,11,Hungarian Grand Prix,FP3,hungarian-grand-prix_corner_19,LAW,LEC,7.0,1.083,-1.333,session_best
2026,11,Hungarian Grand Prix,FP3,hungarian-grand-prix_corner_19,STR,LEC,7.0,4.5,11.25,session_best
2026,11,Hungarian Grand Prix,FP3,hungarian-grand-prix_corner_19,PIA,LEC,8.0,-3.583,-11.0,session_best
2026,11,Hungarian Grand Prix,FP3,hungarian-grand-prix_corner_19,OCO,LEC,11.0,6.5,15.75,session_best
2026,11,Hungarian Grand Prix,FP3,hungarian-grand-prix_corner_19,LIN,LEC,12.0,-0.75,3.0,session_best
2026,11,Hungarian Grand Prix,FP3,hungarian-grand-prix_corner_19,SAI,LEC,13.0,6.083,12.667,session_best
2026,11,Hungarian Grand Prix,FP3,hungarian-grand-prix_corner_19,BOT,LEC,14.0,10.75,3.25,session_best
2026,11,Hungarian Grand Prix,Q,hungarian-grand-prix_corner_03,VER,VER,0.0,0.0,0.0,session_best
2026,11,Hungarian Grand Prix,Q,hungarian-grand-prix_corner_03,HAM,VER,1.0,-22.0,-3.334,session_best
2026,11,Hungarian Grand Prix,Q,hungarian-grand-prix_corner_03,PIA,VER,2.0,-23.667,-1.0,session_best
2026,11,Hungarian Grand Prix,Q,hungarian-grand-prix_corner_03,LAW,VER,3.0,27.0,-0.667,session_best
2026,11,Hungarian Grand Prix,Q,hungarian-grand-prix_corner_03,NOR,VER,3.0,-8.0,1.0,session_best
2026,11,Hungarian Grand Prix,Q,hungarian-grand-prix_corner_03,BOR,VER,4.0,-15.0,6.333,session_best
2026,11,Hungarian Grand Prix,Q,hungarian-grand-prix_corner_03,HAD,VER,4.0,-13.667,7.333,session_best
2026,11,Hungarian Grand Prix,Q,hungarian-grand-prix_corner_03,HUL,VER,4.0,-24.667,7.333,session_best
2026,11,Hungarian Grand Prix,Q,hungarian-grand-prix_corner_03,COL,VER,4.0,-6.5,3.583,session_best
2026,11,Hungarian Grand Prix,Q,hungarian-grand-prix_corner_03,LEC,VER,5.0,-27.667,6.333,session_best
2026,11,Hungarian Grand Prix,Q,hungarian-grand-prix_corner_03,ANT,VER,5.0,-9.0,4.0,session_best
2026,11,Hungarian Grand Prix,Q,hungarian-grand-prix_corner_03,LIN,VER,5.0,-15.667,8.0,session_best
2026,11,Hungarian Grand Prix,Q,hungarian-grand-prix_corner_03,BOT,VER,5.0,-18.5,3.583,session_best
2026,11,Hungarian Grand Prix,Q,hungarian-grand-prix_corner_03,BEA,VER,5.0,-10.0,6.333,session_best
2026,11,Hungarian Grand Prix,Q,hungarian-grand-prix_corner_03,RUS,VER,5.0,-22.333,0.666,session_best
2026,11,Hungarian Grand Prix,Q,hungarian-grand-prix_corner_03,GAS,VER,6.0,-28.667,0.666,session_best
2026,11,Hungarian Grand Prix,Q,hungarian-grand-prix_corner_03,STR,VER,7.0,-9.667,7.666,session_best
2026,11,Hungarian Grand Prix,Q,hungarian-grand-prix_corner_03,ALO,VER,7.0,-14.667,6.333,session_best
2026,11,Hungarian Grand Prix,Q,hungarian-grand-prix_corner_03,PER,VER,7.0,31.0,5.583,session_best
2026,11,Hungarian Grand Prix,Q,hungarian-grand-prix_corner_03,SAI,VER,8.0,-21.0,8.083,session_best
2026,11,Hungarian Grand Prix,Q,hungarian-grand-prix_corner_03,ALB,VER,10.0,-11.667,10.0,session_best
2026,11,Hungarian Grand Prix,Q,hungarian-grand-prix_corner_03,OCO,VER,10.0,-0.25,4.833,session_best
2026,11,Hungarian Grand Prix,Q,hungarian-grand-prix_corner_06,NOR,NOR,0.0,0.0,0.0,session_best
2026,11,Hungarian Grand Prix,Q,hungarian-grand-prix_corner_06,HAD,NOR,0.0,6.0,14.25,session_best
2026,11,Hungarian Grand Prix,Q,hungarian-grand-prix_corner_06,HAM,NOR,1.0,11.917,11.083,session_best
2026,11,Hungarian Grand Prix,Q,hungarian-grand-prix_corner_06,LEC,NOR,2.0,4.25,17.75,session_best
2026,11,Hungarian Grand Prix,Q,hungarian-grand-prix_corner_06,BEA,NOR,2.0,6.917,5.75,session_best
2026,11,Hungarian Grand Prix,Q,hungarian-grand-prix_corner_06,LAW,NOR,2.0,12.583,2.083,session_best
2026,11,Hungarian Grand Prix,Q,hungarian-grand-prix_corner_06,ANT,NOR,3.0,11.917,-6.25,session_best
2026,11,Hungarian Grand Prix,Q,hungarian-grand-prix_corner_06,BOR,NOR,3.0,-1.5,11.25,session_best
2026,11,Hungarian Grand Prix,Q,hungarian-grand-prix_corner_06,OCO,NOR,4.0,12.583,0.417,session_best
2026,11,Hungarian Grand Prix,Q,hungarian-grand-prix_corner_06,GAS,NOR,4.0,12.917,3.75,session_best
2026,11,Hungarian Grand Prix,Q,hungarian-grand-prix_corner_06,PIA,NOR,4.0,3.25,-6.25,session_best
2026,11,Hungarian Grand Prix,Q,hungarian-grand-prix_corner_06,STR,NOR,5.0,1.917,9.083,session_best
2026,11,Hungarian Grand Prix,Q,hungarian-grand-prix_corner_06,LIN,NOR,5.0,3.25,7.75,session_best
2026,11,Hungarian Grand Prix,Q,hungarian-grand-prix_corner_06,RUS,NOR,5.0,13.583,-10.25,session_best
2026,11,Hungarian Grand Prix,Q,hungarian-grand-prix_corner_06,COL,NOR,6.0,12.917,14.75,session_best
2026,11,Hungarian Grand Prix,Q,hungarian-grand-prix_corner_06,ALB,NOR,7.0,9.5,9.75,session_best
2026,11,Hungarian Grand Prix,Q,hungarian-grand-prix_corner_06,BOT,NOR,8.0,11.75,11.5,session_best
2026,11,Hungarian Grand Prix,Q,hungarian-grand-prix_corner_06,ALO,NOR,8.0,14.5,2.0,session_best
2026,11,Hungarian Grand Prix,Q,hungarian-grand-prix_corner_06,VER,NOR,8.0,12.25,-3.25,session_best
2026,11,Hungarian Grand Prix,Q,hungarian-grand-prix_corner_06,HUL,NOR,9.0,3.75,3.75,session_best
2026,11,Hungarian Grand Prix,Q,hungarian-grand-prix_corner_06,SAI,NOR,9.0,14.5,5.5,session_best
2026,11,Hungarian Grand Prix,Q,hungarian-grand-prix_corner_06,PER,NOR,10.0,21.25,9.75,session_best
2026,11,Hungarian Grand Prix,Q,hungarian-grand-prix_corner_10,NOR,NOR,0.0,0.0,0.0,session_best
2026,11,Hungarian Grand Prix,Q,hungarian-grand-prix_corner_10,LEC,NOR,0.0,-8.666,6.666,session_best
2026,11,Hungarian Grand Prix,Q,hungarian-grand-prix_corner_10,PIA,NOR,0.0,4.334,-8.0,session_best
2026,11,Hungarian Grand Prix,Q,hungarian-grand-prix_corner_10,HAM,NOR,1.0,-6.333,10.666,session_best
2026,11,Hungarian Grand Prix,Q,hungarian-grand-prix_corner_10,VER,NOR,3.0,4.0,0.333,session_best
2026,11,Hungarian Grand Prix,Q,hungarian-grand-prix_corner_10,HAD,NOR,3.0,14.167,3.333,session_best
2026,11,Hungarian Grand Prix,Q,hungarian-grand-prix_corner_10,RUS,NOR,4.0,1.667,0.0,session_best
2026,11,Hungarian Grand Prix,Q,hungarian-grand-prix_corner_10,ANT,NOR,4.0,0.334,3.333,session_best
2026,11,Hungarian Grand Prix,Q,hungarian-grand-prix_corner_10,LIN,NOR,5.0,0.0,-1.667,session_best
2026,11,Hungarian Grand Prix,Q,hungarian-grand-prix_corner_10,BEA,NOR,6.0,-5.0,14.0,session_best
2026,11,Hungarian Grand Prix,Q,hungarian-grand-prix_corner_10,LAW,NOR,7.0,4.667,-5.0,session_best
2026,11,Hungarian Grand Prix,Q,hungarian-grand-prix_corner_10,STR,NOR,8.0,2.667,3.666,session_best
2026,11,Hungarian Grand Prix,Q,hungarian-grand-prix_corner_10,ALB,NOR,8.0,2.667,10.0,session_best
2026,11,Hungarian Grand Prix,Q,hungarian-grand-prix_corner_10,BOR,NOR,9.0,-2.333,18.333,session_best
2026,11,Hungarian Grand Prix,Q,hungarian-grand-prix_corner_10,GAS,NOR,9.0,15.917,6.083,session_best
2026,11,Hungarian Grand Prix,Q,hungarian-grand-prix_corner_10,OCO,NOR,10.0,11.667,6.666,session_best
2026,11,Hungarian Grand Prix,Q,hungarian-grand-prix_corner_10,HUL,NOR,10.0,5.0,4.0,session_best
2026,11,Hungarian Grand Prix,Q,hungarian-grand-prix_corner_10,COL,NOR,10.0,9.667,9.666,session_best
2026,11,Hungarian Grand Prix,Q,hungarian-grand-prix_corner_10,ALO,NOR,11.0,11.0,3.666,session_best
2026,11,Hungarian Grand Prix,Q,hungarian-grand-prix_corner_10,SAI,NOR,12.0,3.334,8.0,session_best
2026,11,Hungarian Grand Prix,Q,hungarian-grand-prix_corner_10,BOT,NOR,13.0,-8.333,9.666,session_best
2026,11,Hungarian Grand Prix,Q,hungarian-grand-prix_corner_10,PER,NOR,13.0,19.417,11.083,session_best
2026,11,Hungarian Grand Prix,Q,hungarian-grand-prix_corner_11,LAW,LAW,0.0,0.0,0.0,session_best
2026,11,Hungarian Grand Prix,Q,hungarian-grand-prix_corner_11,LIN,LAW,1.0,2.083,3.833,session_best
2026,11,Hungarian Grand Prix,Q,hungarian-grand-prix_corner_11,NOR,LAW,1.0,2.417,-3.167,session_best
2026,11,Hungarian Grand Prix,Q,hungarian-grand-prix_corner_11,PIA,LAW,2.0,-4.25,-1.167,session_best
2026,11,Hungarian Grand Prix,Q,hungarian-grand-prix_corner_11,ANT,LAW,3.0,1.417,-1.833,session_best
2026,11,Hungarian Grand Prix,Q,hungarian-grand-prix_corner_11,GAS,LAW,4.0,3.5,1.25,session_best
2026,11,Hungarian Grand Prix,Q,hungarian-grand-prix_corner_11,HUL,LAW,5.0,10.75,8.833,session_best
2026,11,Hungarian Grand Prix,Q,hungarian-grand-prix_corner_11,OCO,LAW,5.0,5.417,-1.5,session_best
2026,11,Hungarian Grand Prix,Q,hungarian-grand-prix_corner_11,SAI,LAW,6.0,2.75,10.5,session_best
2026,11,Hungarian Grand Prix,Q,hungarian-grand-prix_corner_11,COL,LAW,6.0,5.083,2.833,session_best
2026,11,Hungarian Grand Prix,Q,hungarian-grand-prix_corner_11,RUS,LAW,6.0,1.083,-4.5,session_best
2026,11,Hungarian Grand Prix,Q,hungarian-grand-prix_corner_11,ALO,LAW,7.0,14.417,0.833,session_best
2026,11,Hungarian Grand Prix,Q,hungarian-grand-prix_corner_11,BOR,LAW,7.0,19.083,10.5,session_best
2026,11,Hungarian Grand Prix,Q,hungarian-grand-prix_corner_11,BOT,LAW,7.0,16.75,6.5,session_best
2026,11,Hungarian Grand Prix,Q,hungarian-grand-prix_corner_11,VER,LAW,7.0,-14.25,-1.167,session_best
2026,11,Hungarian Grand Prix,Q,hungarian-grand-prix_corner_11,LEC,LAW,7.0,12.083,12.167,session_best
2026,11,Hungarian Grand Prix,Q,hungarian-grand-prix_corner_11,HAD,LAW,7.0,3.417,10.833,session_best
2026,11,Hungarian Grand Prix,Q,hungarian-grand-prix_corner_11,HAM,LAW,8.0,9.75,11.833,session_best
2026,11,Hungarian Grand Prix,Q,hungarian-grand-prix_corner_11,PER,LAW,9.0,10.083,5.833,session_best
2026,11,Hungarian Grand Prix,Q,hungarian-grand-prix_corner_11,ALB,LAW,9.0,17.083,14.167,session_best
2026,11,Hungarian Grand Prix,Q,hungarian-grand-prix_corner_11,BEA,LAW,10.0,5.0,12.75,session_best
2026,11,Hungarian Grand Prix,Q,hungarian-grand-prix_corner_11,STR,LAW,14.0,10.75,12.167,session_best
2026,11,Hungarian Grand Prix,Q,hungarian-grand-prix_corner_13,LEC,LEC,0.0,0.0,0.0,session_best
2026,11,Hungarian Grand Prix,Q,hungarian-grand-prix_corner_13,RUS,LEC,6.0,-7.333,14.667,session_best
2026,11,Hungarian Grand Prix,Q,hungarian-grand-prix_corner_13,HAM,LEC,7.0,-4.667,1.334,session_best
2026,11,Hungarian Grand Prix,Q,hungarian-grand-prix_corner_13,HUL,LEC,7.0,-4.333,4.334,session_best
2026,11,Hungarian Grand Prix,Q,hungarian-grand-prix_corner_13,PIA,LEC,7.0,-10.0,-1.0,session_best
2026,11,Hungarian Grand Prix,Q,hungarian-grand-prix_corner_13,NOR,LEC,7.0,-7.0,-3.0,session_best
2026,11,Hungarian Grand Prix,Q,hungarian-grand-prix_corner_13,HAD,LEC,8.0,-9.333,-3.0,session_best
2026,11,Hungarian Grand Prix,Q,hungarian-grand-prix_corner_13,COL,LEC,10.0,-1.0,52.667,session_best
2026,11,Hungarian Grand Prix,Q,hungarian-grand-prix_corner_13,VER,LEC,10.0,-11.667,4.0,session_best
2026,11,Hungarian Grand Prix,Q,hungarian-grand-prix_corner_13,OCO,LEC,11.0,-1.667,-1.333,session_best
2026,11,Hungarian Grand Prix,Q,hungarian-grand-prix_corner_13,LAW,LEC,11.0,-3.333,-3.333,session_best
2026,11,Hungarian Grand Prix,Q,hungarian-grand-prix_corner_13,BEA,LEC,11.0,0.0,16.667,session_best
2026,11,Hungarian Grand Prix,Q,hungarian-grand-prix_corner_13,ALO,LEC,12.0,-3.667,1.0,session_best
2026,11,Hungarian Grand Prix,Q,hungarian-grand-prix_corner_13,BOR,LEC,12.0,-3.0,15.0,session_best
2026,11,Hungarian Grand Prix,Q,hungarian-grand-prix_corner_13,ANT,LEC,12.0,-7.0,3.334,session_best
2026,11,Hungarian Grand Prix,Q,hungarian-grand-prix_corner_13,LIN,LEC,15.0,0.5,6.667,session_best
2026,11,Hungarian Grand Prix,Q,hungarian-grand-prix_corner_13,BOT,LEC,16.0,4.667,7.667,session_best
2026,11,Hungarian Grand Prix,Q,hungarian-grand-prix_corner_13,ALB,LEC,16.0,6.667,15.334,session_best
2026,11,Hungarian Grand Prix,Q,hungarian-grand-prix_corner_13,GAS,LEC,16.0,-2.667,8.667,session_best
2026,11,Hungarian Grand Prix,Q,hungarian-grand-prix_corner_13,STR,LEC,16.0,4.0,17.667,session_best
2026,11,Hungarian Grand Prix,Q,hungarian-grand-prix_corner_13,PER,LEC,17.0,9.333,5.667,session_best
2026,11,Hungarian Grand Prix,Q,hungarian-grand-prix_corner_13,SAI,LEC,19.0,1.0,7.417,session_best
2026,11,Hungarian Grand Prix,Q,hungarian-grand-prix_corner_17,HAD,HAD,0.0,0.0,0.0,session_best
2026,11,Hungarian Grand Prix,Q,hungarian-grand-prix_corner_17,HAM,HAD,2.0,-9.0,-22.0,session_best
2026,11,Hungarian Grand Prix,Q,hungarian-grand-prix_corner_17,NOR,HAD,4.0,6.0,17.0,session_best
2026,11,Hungarian Grand Prix,Q,hungarian-grand-prix_corner_17,LEC,HAD,4.0,-1.333,-22.667,session_best
2026,11,Hungarian Grand Prix,Q,hungarian-grand-prix_corner_17,VER,HAD,4.0,2.334,13.0,session_best
2026,11,Hungarian Grand Prix,Q,hungarian-grand-prix_corner_17,ANT,HAD,7.0,8.667,14.083,session_best
2026,11,Hungarian Grand Prix,Q,hungarian-grand-prix_corner_17,COL,HAD,7.0,-3.083,-9.917,session_best
2026,11,Hungarian Grand Prix,Q,hungarian-grand-prix_corner_17,BOR,HAD,8.0,1.417,-14.417,session_best
2026,11,Hungarian Grand Prix,Q,hungarian-grand-prix_corner_17,GAS,HAD,8.0,4.334,10.333,session_best
2026,11,Hungarian Grand Prix,Q,hungarian-grand-prix_corner_17,LIN,HAD,8.0,2.0,-7.0,session_best
2026,11,Hungarian Grand Prix,Q,hungarian-grand-prix_corner_17,RUS,HAD,9.0,7.334,27.333,session_best
2026,11,Hungarian Grand Prix,Q,hungarian-grand-prix_corner_17,LAW,HAD,9.0,10.0,3.0,session_best
2026,11,Hungarian Grand Prix,Q,hungarian-grand-prix_corner_17,HUL,HAD,10.0,2.667,-5.0,session_best
2026,11,Hungarian Grand Prix,Q,hungarian-grand-prix_corner_17,ALB,HAD,10.0,6.417,-4.417,session_best
2026,11,Hungarian Grand Prix,Q,hungarian-grand-prix_corner_17,SAI,HAD,10.0,8.417,9.583,session_best
2026,11,Hungarian Grand Prix,Q,hungarian-grand-prix_corner_17,PIA,HAD,10.0,13.917,27.333,session_best
2026,11,Hungarian Grand Prix,Q,hungarian-grand-prix_corner_17,OCO,HAD,10.0,12.334,-4.334,session_best
2026,11,Hungarian Grand Prix,Q,hungarian-grand-prix_corner_17,BEA,HAD,11.0,4.167,-1.667,session_best
2026,11,Hungarian Grand Prix,Q,hungarian-grand-prix_corner_17,ALO,HAD,12.0,13.0,6.333,session_best
2026,11,Hungarian Grand Prix,Q,hungarian-grand-prix_corner_17,BOT,HAD,13.0,14.917,2.833,session_best
2026,11,Hungarian Grand Prix,Q,hungarian-grand-prix_corner_17,STR,HAD,13.0,10.334,6.333,session_best
2026,11,Hungarian Grand Prix,Q,hungarian-grand-prix_corner_17,PER,HAD,14.0,15.0,24.666,session_best
2026,11,Hungarian Grand Prix,Q,hungarian-grand-prix_corner_18,ANT,ANT,0.0,0.0,0.0,session_best
2026,11,Hungarian Grand Prix,Q,hungarian-grand-prix_corner_18,OCO,ANT,3.0,40.5,-8.25,session_best
2026,11,Hungarian Grand Prix,Q,hungarian-grand-prix_corner_18,NOR,ANT,3.0,8.5,-2.0,session_best
2026,11,Hungarian Grand Prix,Q,hungarian-grand-prix_corner_18,LEC,ANT,3.0,18.5,13.5,session_best
2026,11,Hungarian Grand Prix,Q,hungarian-grand-prix_corner_18,LAW,ANT,3.0,-7.5,-8.917,session_best
2026,11,Hungarian Grand Prix,Q,hungarian-grand-prix_corner_18,HAM,ANT,3.0,-6.25,9.25,session_best
2026,11,Hungarian Grand Prix,Q,hungarian-grand-prix_corner_18,HAD,ANT,4.0,-7.5,1.75,session_best
2026,11,Hungarian Grand Prix,Q,hungarian-grand-prix_corner_18,LIN,ANT,5.0,-6.25,9.0,session_best
2026,11,Hungarian Grand Prix,Q,hungarian-grand-prix_corner_18,GAS,ANT,5.0,5.5,0.0,session_best
2026,11,Hungarian Grand Prix,Q,hungarian-grand-prix_corner_18,VER,ANT,6.0,16.0,-1.5,session_best
2026,11,Hungarian Grand Prix,Q,hungarian-grand-prix_corner_18,BOR,ANT,6.0,-20.75,13.5,session_best
2026,11,Hungarian Grand Prix,Q,hungarian-grand-prix_corner_18,RUS,ANT,6.0,19.25,-3.25,session_best
2026,11,Hungarian Grand Prix,Q,hungarian-grand-prix_corner_18,STR,ANT,6.0,-0.25,14.75,session_best
2026,11,Hungarian Grand Prix,Q,hungarian-grand-prix_corner_18,BEA,ANT,7.0,20.5,16.0,session_best
2026,11,Hungarian Grand Prix,Q,hungarian-grand-prix_corner_18,SAI,ANT,7.0,12.5,5.0,session_best
2026,11,Hungarian Grand Prix,Q,hungarian-grand-prix_corner_18,HUL,ANT,7.0,-0.25,19.0,session_best
2026,11,Hungarian Grand Prix,Q,hungarian-grand-prix_corner_18,BOT,ANT,7.0,15.25,17.0,session_best
2026,11,Hungarian Grand Prix,Q,hungarian-grand-prix_corner_18,ALO,ANT,8.0,10.75,14.75,session_best
2026,11,Hungarian Grand Prix,Q,hungarian-grand-prix_corner_18,PER,ANT,8.0,10.5,4.417,session_best
2026,11,Hungarian Grand Prix,Q,hungarian-grand-prix_corner_18,PIA,ANT,8.0,24.25,7.5,session_best
2026,11,Hungarian Grand Prix,Q,hungarian-grand-prix_corner_18,COL,ANT,9.0,0.5,9.5,session_best
2026,11,Hungarian Grand Prix,Q,hungarian-grand-prix_corner_18,ALB,ANT,13.0,1.0,18.75,session_best
2026,11,Hungarian Grand Prix,Q,hungarian-grand-prix_corner_19,HAM,HAM,0.0,0.0,0.0,session_best
2026,11,Hungarian Grand Prix,Q,hungarian-grand-prix_corner_19,ANT,HAM,1.0,16.0,-6.0,session_best
2026,11,Hungarian Grand Prix,Q,hungarian-grand-prix_corner_19,PIA,HAM,2.0,12.0,-7.667,session_best
2026,11,Hungarian Grand Prix,Q,hungarian-grand-prix_corner_19,VER,HAM,2.0,22.75,3.5,session_best
2026,11,Hungarian Grand Prix,Q,hungarian-grand-prix_corner_19,NOR,HAM,3.0,8.667,2.0,session_best
2026,11,Hungarian Grand Prix,Q,hungarian-grand-prix_corner_19,RUS,HAM,5.0,17.0,-5.333,session_best
2026,11,Hungarian Grand Prix,Q,hungarian-grand-prix_corner_19,HAD,HAM,5.0,0.333,7.667,session_best
2026,11,Hungarian Grand Prix,Q,hungarian-grand-prix_corner_19,LEC,HAM,6.0,0.333,7.667,session_best
2026,11,Hungarian Grand Prix,Q,hungarian-grand-prix_corner_19,LAW,HAM,6.0,15.25,10.75,session_best
2026,11,Hungarian Grand Prix,Q,hungarian-grand-prix_corner_19,HUL,HAM,6.0,8.333,8.667,session_best
2026,11,Hungarian Grand Prix,Q,hungarian-grand-prix_corner_19,PER,HAM,7.0,15.667,9.667,session_best
2026,11,Hungarian Grand Prix,Q,hungarian-grand-prix_corner_19,STR,HAM,7.0,19.0,18.25,session_best
2026,11,Hungarian Grand Prix,Q,hungarian-grand-prix_corner_19,COL,HAM,7.0,9.0,12.0,session_best
2026,11,Hungarian Grand Prix,Q,hungarian-grand-prix_corner_19,LIN,HAM,7.0,6.0,7.0,session_best
2026,11,Hungarian Grand Prix,Q,hungarian-grand-prix_corner_19,BOR,HAM,8.0,12.333,26.667,session_best
2026,11,Hungarian Grand Prix,Q,hungarian-grand-prix_corner_19,BEA,HAM,9.0,12.0,21.0,session_best
2026,11,Hungarian Grand Prix,Q,hungarian-grand-prix_corner_19,ALO,HAM,9.0,20.667,6.667,session_best
2026,11,Hungarian Grand Prix,Q,hungarian-grand-prix_corner_19,BOT,HAM,10.0,13.667,11.667,session_best
2026,11,Hungarian Grand Prix,Q,hungarian-grand-prix_corner_19,GAS,HAM,10.0,15.75,7.0,session_best
2026,11,Hungarian Grand Prix,Q,hungarian-grand-prix_corner_19,OCO,HAM,13.0,41.333,-10.667,session_best
2026,11,Hungarian Grand Prix,Q,hungarian-grand-prix_corner_19,SAI,HAM,15.0,28.0,31.0,session_best
2026,11,Hungarian Grand Prix,Q,hungarian-grand-prix_corner_19,ALB,HAM,16.0,10.5,21.75,session_best
2026,11,Hungarian Grand Prix,R,hungarian-grand-prix_corner_01,ALB,ALB,0.0,0.0,0.0,session_best
2026,11,Hungarian Grand Prix,R,hungarian-grand-prix_corner_01,NOR,ALB,38.0,38.0,25.0,session_best
2026,11,Hungarian Grand Prix,R,hungarian-grand-prix_corner_01,COL,ALB,47.0,47.0,58.0,session_best
2026,11,Hungarian Grand Prix,R,hungarian-grand-prix_corner_01,BOT,ALB,51.0,48.5,16.0,session_best
2026,11,Hungarian Grand Prix,R,hungarian-grand-prix_corner_01,ALO,ALB,90.0,81.5,68.0,session_best
2026,11,Hungarian Grand Prix,R,hungarian-grand-prix_corner_01,LAW,ALB,97.0,86.0,103.333,session_best
2026,11,Hungarian Grand Prix,R,hungarian-grand-prix_corner_01,HAD,ALB,121.0,108.0,127.0,session_best
2026,11,Hungarian Grand Prix,R,hungarian-grand-prix_corner_01,GAS,ALB,130.0,130.0,121.0,session_best
2026,11,Hungarian Grand Prix,R,hungarian-grand-prix_corner_01,LEC,ALB,165.0,161.0,127.667,session_best
2026,11,Hungarian Grand Prix,R,hungarian-grand-prix_corner_01,BOR,ALB,177.0,169.0,146.667,session_best
2026,11,Hungarian Grand Prix,R,hungarian-grand-prix_corner_01,SAI,ALB,185.0,185.0,154.75,session_best
2026,11,Hungarian Grand Prix,R,hungarian-grand-prix_corner_01,HAM,ALB,190.0,185.0,188.75,session_best
2026,11,Hungarian Grand Prix,R,hungarian-grand-prix_corner_01,HUL,ALB,192.0,192.0,167.25,session_best
2026,11,Hungarian Grand Prix,R,hungarian-grand-prix_corner_01,STR,ALB,194.0,191.0,183.0,session_best
2026,11,Hungarian Grand Prix,R,hungarian-grand-prix_corner_01,PIA,ALB,197.0,143.0,195.667,session_best
2026,11,Hungarian Grand Prix,R,hungarian-grand-prix_corner_01,LIN,ALB,198.0,150.0,204.5,session_best
2026,11,Hungarian Grand Prix,R,hungarian-grand-prix_corner_01,BEA,ALB,207.0,139.667,214.667,session_best
2026,11,Hungarian Grand Prix,R,hungarian-grand-prix_corner_01,RUS,ALB,210.0,209.0,181.2,session_best
2026,11,Hungarian Grand Prix,R,hungarian-grand-prix_corner_01,ANT,ALB,212.0,212.0,172.75,session_best
2026,11,Hungarian Grand Prix,R,hungarian-grand-prix_corner_01,OCO,ALB,217.0,216.2,185.4,session_best
2026,11,Hungarian Grand Prix,R,hungarian-grand-prix_corner_01,VER,ALB,240.0,205.0,229.333,session_best
2026,11,Hungarian Grand Prix,R,hungarian-grand-prix_corner_01,PER,ALB,242.0,239.75,174.0,session_best
2026,11,Hungarian Grand Prix,R,hungarian-grand-prix_corner_05,HUL,HUL,0.0,0.0,0.0,session_best
2026,11,Hungarian Grand Prix,R,hungarian-grand-prix_corner_05,HAM,HUL,4.0,4.0,4.0,session_best
2026,11,Hungarian Grand Prix,R,hungarian-grand-prix_corner_05,OCO,HUL,15.0,15.0,23.0,session_best
2026,11,Hungarian Grand Prix,R,hungarian-grand-prix_corner_05,RUS,HUL,15.0,15.0,24.0,session_best
2026,11,Hungarian Grand Prix,R,hungarian-grand-prix_corner_05,LAW,HUL,55.0,30.5,67.0,session_best
2026,11,Hungarian Grand Prix,R,hungarian-grand-prix_corner_05,NOR,HUL,70.0,-36.0,82.0,session_best
2026,11,Hungarian Grand Prix,R,hungarian-grand-prix_corner_05,COL,HUL,96.0,96.0,72.0,session_best
2026,11,Hungarian Grand Prix,R,hungarian-grand-prix_corner_05,ALO,HUL,102.0,99.0,110.0,session_best
2026,11,Hungarian Grand Prix,R,hungarian-grand-prix_corner_05,SAI,HUL,110.0,109.0,88.0,session_best
2026,11,Hungarian Grand Prix,R,hungarian-grand-prix_corner_05,BOR,HUL,115.0,115.0,93.0,session_best
2026,11,Hungarian Grand Prix,R,hungarian-grand-prix_corner_05,GAS,HUL,117.0,86.667,124.0,session_best
2026,11,Hungarian Grand Prix,R,hungarian-grand-prix_corner_05,LEC,HUL,135.0,115.0,144.667,session_best
2026,11,Hungarian Grand Prix,R,hungarian-grand-prix_corner_05,VER,HUL,152.0,55.667,164.0,session_best
2026,11,Hungarian Grand Prix,R,hungarian-grand-prix_corner_05,ANT,HUL,155.0,155.0,108.0,session_best
2026,11,Hungarian Grand Prix,R,hungarian-grand-prix_corner_05,ALB,HUL,159.0,159.0,128.667,session_best
2026,11,Hungarian Grand Prix,R,hungarian-grand-prix_corner_05,BEA,HUL,196.0,191.4,205.2,session_best
2026,11,Hungarian Grand Prix,R,hungarian-grand-prix_corner_05,LIN,HUL,197.0,137.6,209.0,session_best
2026,11,Hungarian Grand Prix,R,hungarian-grand-prix_corner_05,HAD,HUL,198.0,140.0,206.4,session_best
2026,11,Hungarian Grand Prix,R,hungarian-grand-prix_corner_05,STR,HUL,198.0,183.0,139.0,session_best
2026,11,Hungarian Grand Prix,R,hungarian-grand-prix_corner_05,PER,HUL,202.0,199.0,129.25,session_best
2026,11,Hungarian Grand Prix,R,hungarian-grand-prix_corner_05,BOT,HUL,204.0,65.2,198.4,session_best
2026,11,Hungarian Grand Prix,R,hungarian-grand-prix_corner_05,PIA,HUL,242.0,222.5,254.0,session_best
2026,11,Hungarian Grand Prix,R,hungarian-grand-prix_corner_06,HUL,HUL,0.0,0.0,0.0,session_best
2026,11,Hungarian Grand Prix,R,hungarian-grand-prix_corner_06,HAM,HUL,4.0,4.0,7.0,session_best
2026,11,Hungarian Grand Prix,R,hungarian-grand-prix_corner_06,RUS,HUL,42.0,15.0,53.0,session_best
2026,11,Hungarian Grand Prix,R,hungarian-grand-prix_corner_06,COL,HUL,70.0,67.5,52.0,session_best
2026,11,Hungarian Grand Prix,R,hungarian-grand-prix_corner_06,OCO,HUL,85.0,23.0,96.0,session_best
2026,11,Hungarian Grand Prix,R,hungarian-grand-prix_corner_06,ANT,HUL,87.0,87.0,82.0,session_best
2026,11,Hungarian Grand Prix,R,hungarian-grand-prix_corner_06,SAI,HUL,88.0,88.0,83.0,session_best
2026,11,Hungarian Grand Prix,R,hungarian-grand-prix_corner_06,BOR,HUL,92.0,86.0,85.0,session_best
2026,11,Hungarian Grand Prix,R,hungarian-grand-prix_corner_06,ALB,HUL,96.0,96.0,69.0,session_best
2026,11,Hungarian Grand Prix,R,hungarian-grand-prix_corner_06,ALO,HUL,110.0,108.333,116.0,session_best
2026,11,Hungarian Grand Prix,R,hungarian-grand-prix_corner_06,PER,HUL,125.0,115.0,89.0,session_best
2026,11,Hungarian Grand Prix,R,hungarian-grand-prix_corner_06,STR,HUL,164.0,139.0,169.667,session_best
2026,11,Hungarian Grand Prix,R,hungarian-grand-prix_corner_06,LEC,HUL,167.0,155.5,160.0,session_best
2026,11,Hungarian Grand Prix,R,hungarian-grand-prix_corner_06,BOT,HUL,179.0,171.333,97.333,session_best
2026,11,Hungarian Grand Prix,R,hungarian-grand-prix_corner_06,LIN,HUL,197.0,197.0,152.0,session_best
2026,11,Hungarian Grand Prix,R,hungarian-grand-prix_corner_06,HAD,HUL,200.0,198.5,139.25,session_best
2026,11,Hungarian Grand Prix,R,hungarian-grand-prix_corner_06,BEA,HUL,204.0,204.0,146.8,session_best
2026,11,Hungarian Grand Prix,R,hungarian-grand-prix_corner_06,VER,HUL,206.0,178.4,203.6,session_best
2026,11,Hungarian Grand Prix,R,hungarian-grand-prix_corner_06,LAW,HUL,207.0,133.0,218.0,session_best
2026,11,Hungarian Grand Prix,R,hungarian-grand-prix_corner_06,GAS,HUL,212.0,161.5,217.5,session_best
2026,11,Hungarian Grand Prix,R,hungarian-grand-prix_corner_06,NOR,HUL,222.0,104.667,233.0,session_best
2026,11,Hungarian Grand Prix,R,hungarian-grand-prix_corner_06,PIA,HUL,314.0,308.0,245.0,session_best
2026,11,Hungarian Grand Prix,R,hungarian-grand-prix_corner_09,VER,VER,0.0,0.0,0.0,session_best
2026,11,Hungarian Grand Prix,R,hungarian-grand-prix_corner_09,NOR,VER,22.0,22.0,10.5,session_best
2026,11,Hungarian Grand Prix,R,hungarian-grand-prix_corner_09,LEC,VER,32.0,32.0,20.5,session_best
2026,11,Hungarian Grand Prix,R,hungarian-grand-prix_corner_09,HAM,VER,32.0,-46.0,51.5,session_best
2026,11,Hungarian Grand Prix,R,hungarian-grand-prix_corner_09,COL,VER,43.0,-54.0,55.5,session_best
2026,11,Hungarian Grand Prix,R,hungarian-grand-prix_corner_09,BOR,VER,44.0,36.0,39.5,session_best
2026,11,Hungarian Grand Prix,R,hungarian-grand-prix_corner_09,ANT,VER,49.0,49.0,47.167,session_best
2026,11,Hungarian Grand Prix,R,hungarian-grand-prix_corner_09,ALO,VER,68.0,68.0,67.5,session_best
2026,11,Hungarian Grand Prix,R,hungarian-grand-prix_corner_09,STR,VER,82.0,82.0,48.5,session_best
2026,11,Hungarian Grand Prix,R,hungarian-grand-prix_corner_09,RUS,VER,107.0,53.0,124.833,session_best
2026,11,Hungarian Grand Prix,R,hungarian-grand-prix_corner_09,GAS,VER,113.0,94.0,132.5,session_best
2026,11,Hungarian Grand Prix,R,hungarian-grand-prix_corner_09,LIN,VER,121.0,112.75,128.5,session_best
2026,11,Hungarian Grand Prix,R,hungarian-grand-prix_corner_09,OCO,VER,123.0,68.0,140.0,session_best
2026,11,Hungarian Grand Prix,R,hungarian-grand-prix_corner_09,BOT,VER,133.0,58.25,109.75,session_best
2026,11,Hungarian Grand Prix,R,hungarian-grand-prix_corner_09,HUL,VER,137.0,0.0,156.5,session_best
2026,11,Hungarian Grand Prix,R,hungarian-grand-prix_corner_09,ALB,VER,138.0,110.0,155.5,session_best
2026,11,Hungarian Grand Prix,R,hungarian-grand-prix_corner_09,PER,VER,144.0,76.0,163.5,session_best
2026,11,Hungarian Grand Prix,R,hungarian-grand-prix_corner_09,SAI,VER,145.0,130.0,147.5,session_best
2026,11,Hungarian Grand Prix,R,hungarian-grand-prix_corner_09,HAD,VER,150.0,148.0,126.5,session_best
2026,11,Hungarian Grand Prix,R,hungarian-grand-prix_corner_09,LAW,VER,152.0,134.333,169.5,session_best
2026,11,Hungarian Grand Prix,R,hungarian-grand-prix_corner_09,BEA,VER,173.0,173.0,192.5,session_best
2026,11,Hungarian Grand Prix,R,hungarian-grand-prix_corner_09,PIA,VER,174.0,173.0,193.5,session_best
2026,11,Hungarian Grand Prix,R,hungarian-grand-prix_corner_10,VER,VER,0.0,0.0,0.0,session_best
2026,11,Hungarian Grand Prix,R,hungarian-grand-prix_corner_10,NOR,VER,8.0,7.5,26.0,session_best
2026,11,Hungarian Grand Prix,R,hungarian-grand-prix_corner_10,ANT,VER,25.0,25.0,38.0,session_best
2026,11,Hungarian Grand Prix,R,hungarian-grand-prix_corner_10,BOR,VER,43.0,43.0,32.0,session_best
2026,11,Hungarian Grand Prix,R,hungarian-grand-prix_corner_10,STR,VER,52.0,50.0,66.5,session_best
2026,11,Hungarian Grand Prix,R,hungarian-grand-prix_corner_10,LEC,VER,61.0,22.0,82.5,session_best
2026,11,Hungarian Grand Prix,R,hungarian-grand-prix_corner_10,COL,VER,85.0,66.0,107.0,session_best
2026,11,Hungarian Grand Prix,R,hungarian-grand-prix_corner_10,HAD,VER,109.0,91.0,131.0,session_best
2026,11,Hungarian Grand Prix,R,hungarian-grand-prix_corner_10,ALO,VER,130.0,67.667,152.0,session_best
2026,11,Hungarian Grand Prix,R,hungarian-grand-prix_corner_10,LIN,VER,132.0,110.0,83.333,session_best
2026,11,Hungarian Grand Prix,R,hungarian-grand-prix_corner_10,GAS,VER,134.0,134.0,122.0,session_best
2026,11,Hungarian Grand Prix,R,hungarian-grand-prix_corner_10,ALB,VER,144.0,142.0,134.0,session_best
2026,11,Hungarian Grand Prix,R,hungarian-grand-prix_corner_10,SAI,VER,145.0,145.0,91.0,session_best
2026,11,Hungarian Grand Prix,R,hungarian-grand-prix_corner_10,RUS,VER,145.0,136.0,164.0,session_best
2026,11,Hungarian Grand Prix,R,hungarian-grand-prix_corner_10,OCO,VER,151.0,149.0,127.25,session_best
2026,11,Hungarian Grand Prix,R,hungarian-grand-prix_corner_10,PER,VER,169.0,167.4,177.2,session_best
2026,11,Hungarian Grand Prix,R,hungarian-grand-prix_corner_10,LAW,VER,171.0,165.75,118.0,session_best
2026,11,Hungarian Grand Prix,R,hungarian-grand-prix_corner_10,BOT,VER,181.0,79.25,187.5,session_best
2026,11,Hungarian Grand Prix,R,hungarian-grand-prix_corner_10,HAM,VER,191.0,85.4,206.6,session_best
2026,11,Hungarian Grand Prix,R,hungarian-grand-prix_corner_10,HUL,VER,193.0,167.0,187.667,session_best
2026,11,Hungarian Grand Prix,R,hungarian-grand-prix_corner_10,BEA,VER,276.0,198.833,298.0,session_best
2026,11,Hungarian Grand Prix,R,hungarian-grand-prix_corner_12,VER,VER,0.0,0.0,0.0,session_best
2026,11,Hungarian Grand Prix,R,hungarian-grand-prix_corner_12,GAS,VER,23.0,56.0,16.0,session_best
2026,11,Hungarian Grand Prix,R,hungarian-grand-prix_corner_12,HUL,VER,37.0,64.5,7.0,session_best
2026,11,Hungarian Grand Prix,R,hungarian-grand-prix_corner_12,LEC,VER,41.0,74.0,-3.0,session_best
2026,11,Hungarian Grand Prix,R,hungarian-grand-prix_corner_12,ALB,VER,48.0,81.0,28.0,session_best
2026,11,Hungarian Grand Prix,R,hungarian-grand-prix_corner_12,RUS,VER,56.0,85.0,56.0,session_best
2026,11,Hungarian Grand Prix,R,hungarian-grand-prix_corner_12,LIN,VER,66.0,48.0,41.0,session_best
2026,11,Hungarian Grand Prix,R,hungarian-grand-prix_corner_12,STR,VER,70.0,103.0,61.0,session_best
2026,11,Hungarian Grand Prix,R,hungarian-grand-prix_corner_12,PER,VER,75.0,104.667,45.333,session_best
2026,11,Hungarian Grand Prix,R,hungarian-grand-prix_corner_12,ALO,VER,121.0,151.25,79.0,session_best
2026,11,Hungarian Grand Prix,R,hungarian-grand-prix_corner_12,COL,VER,126.0,107.333,113.0,session_best
2026,11,Hungarian Grand Prix,R,hungarian-grand-prix_corner_12,HAM,VER,126.0,159.0,76.0,session_best
2026,11,Hungarian Grand Prix,R,hungarian-grand-prix_corner_12,BOT,VER,132.0,153.5,51.75,session_best
2026,11,Hungarian Grand Prix,R,hungarian-grand-prix_corner_12,HAD,VER,138.0,168.0,91.0,session_best
2026,11,Hungarian Grand Prix,R,hungarian-grand-prix_corner_12,LAW,VER,142.0,147.0,123.0,session_best
2026,11,Hungarian Grand Prix,R,hungarian-grand-prix_corner_12,OCO,VER,146.0,80.333,143.667,session_best
2026,11,Hungarian Grand Prix,R,hungarian-grand-prix_corner_12,ANT,VER,158.0,89.5,158.0,session_best
2026,11,Hungarian Grand Prix,R,hungarian-grand-prix_corner_12,NOR,VER,163.0,169.0,163.0,session_best
2026,11,Hungarian Grand Prix,R,hungarian-grand-prix_corner_12,BOR,VER,167.0,164.6,167.0,session_best
2026,11,Hungarian Grand Prix,R,hungarian-grand-prix_corner_12,SAI,VER,172.0,197.0,138.4,session_best
2026,11,Hungarian Grand Prix,R,hungarian-grand-prix_corner_15,PER,PER,0.0,0.0,0.0,session_best
2026,11,Hungarian Grand Prix,R,hungarian-grand-prix_corner_15,ALB,PER,6.0,-14.0,15.0,session_best
2026,11,Hungarian Grand Prix,R,hungarian-grand-prix_corner_15,HAD,PER,10.0,10.0,-4.0,session_best
2026,11,Hungarian Grand Prix,R,hungarian-grand-prix_corner_15,LAW,PER,17.0,17.0,2.5,session_best
2026,11,Hungarian Grand Prix,R,hungarian-grand-prix_corner_15,OCO,PER,48.0,40.0,57.0,session_best
2026,11,Hungarian Grand Prix,R,hungarian-grand-prix_corner_15,GAS,PER,59.0,59.0,41.0,session_best
2026,11,Hungarian Grand Prix,R,hungarian-grand-prix_corner_15,LIN,PER,62.0,45.5,26.0,session_best
2026,11,Hungarian Grand Prix,R,hungarian-grand-prix_corner_15,NOR,PER,63.0,49.0,63.5,session_best
2026,11,Hungarian Grand Prix,R,hungarian-grand-prix_corner_15,COL,PER,97.0,97.0,102.0,session_best
2026,11,Hungarian Grand Prix,R,hungarian-grand-prix_corner_15,RUS,PER,127.0,86.0,136.0,session_best
2026,11,Hungarian Grand Prix,R,hungarian-grand-prix_corner_15,ALO,PER,144.0,141.0,112.5,session_best
2026,11,Hungarian Grand Prix,R,hungarian-grand-prix_corner_15,STR,PER,145.0,42.0,154.0,session_best
2026,11,Hungarian Grand Prix,R,hungarian-grand-prix_corner_15,VER,PER,152.0,104.0,160.75,session_best
2026,11,Hungarian Grand Prix,R,hungarian-grand-prix_corner_15,HAM,PER,156.0,91.0,160.0,session_best
2026,11,Hungarian Grand Prix,R,hungarian-grand-prix_corner_15,SAI,PER,162.0,162.0,127.0,session_best
2026,11,Hungarian Grand Prix,R,hungarian-grand-prix_corner_15,HUL,PER,175.0,164.0,156.75,session_best
2026,11,Hungarian Grand Prix,R,hungarian-grand-prix_corner_15,LEC,PER,178.0,143.2,173.2,session_best
2026,11,Hungarian Grand Prix,R,hungarian-grand-prix_corner_15,BOT,PER,187.0,59.5,139.5,session_best
2026,11,Hungarian Grand Prix,R,hungarian-grand-prix_corner_15,ANT,PER,189.0,140.667,198.0,session_best
2026,11,Hungarian Grand Prix,R,hungarian-grand-prix_corner_15,BOR,PER,198.0,163.833,198.333,session_best
2026,11,Hungarian Grand Prix,R,hungarian-grand-prix_corner_16,HAD,HAD,0.0,0.0,0.0,session_best
2026,11,Hungarian Grand Prix,R,hungarian-grand-prix_corner_16,LAW,HAD,4.0,4.0,6.5,session_best
2026,11,Hungarian Grand Prix,R,hungarian-grand-prix_corner_16,GAS,HAD,45.0,41.5,45.0,session_best
2026,11,Hungarian Grand Prix,R,hungarian-grand-prix_corner_16,PER,HAD,78.0,7.0,90.0,session_best
2026,11,Hungarian Grand Prix,R,hungarian-grand-prix_corner_16,LIN,HAD,95.0,28.0,107.0,session_best
2026,11,Hungarian Grand Prix,R,hungarian-grand-prix_corner_16,NOR,HAD,98.0,76.0,104.0,session_best
2026,11,Hungarian Grand Prix,R,hungarian-grand-prix_corner_16,ALB,HAD,108.0,92.0,120.0,session_best
2026,11,Hungarian Grand Prix,R,hungarian-grand-prix_corner_16,ALO,HAD,115.0,105.667,95.0,session_best
2026,11,Hungarian Grand Prix,R,hungarian-grand-prix_corner_16,SAI,HAD,124.0,124.0,69.0,session_best
2026,11,Hungarian Grand Prix,R,hungarian-grand-prix_corner_16,RUS,HAD,153.0,141.0,162.667,session_best
2026,11,Hungarian Grand Prix,R,hungarian-grand-prix_corner_16,HUL,HAD,157.0,157.0,129.0,session_best
2026,11,Hungarian Grand Prix,R,hungarian-grand-prix_corner_16,VER,HAD,164.0,164.0,126.75,session_best
2026,11,Hungarian Grand Prix,R,hungarian-grand-prix_corner_16,LEC,HAD,164.0,164.0,105.667,session_best
2026,11,Hungarian Grand Prix,R,hungarian-grand-prix_corner_16,OCO,HAD,177.0,77.5,189.0,session_best
2026,11,Hungarian Grand Prix,R,hungarian-grand-prix_corner_16,HAM,HAD,183.0,169.0,182.0,session_best
2026,11,Hungarian Grand Prix,R,hungarian-grand-prix_corner_16,BOR,HAD,187.0,185.0,142.333,session_best
2026,11,Hungarian Grand Prix,R,hungarian-grand-prix_corner_16,STR,HAD,192.0,183.25,177.75,session_best
2026,11,Hungarian Grand Prix,R,hungarian-grand-prix_corner_16,COL,HAD,196.0,146.2,193.8,session_best
2026,11,Hungarian Grand Prix,R,hungarian-grand-prix_corner_16,ANT,HAD,202.0,202.0,123.5,session_best
2026,11,Hungarian Grand Prix,R,hungarian-grand-prix_corner_16,BOT,HAD,209.0,119.8,192.0,session_best
2026,12,Dutch Grand Prix,FP1,dutch-grand-prix_corner_01,HUL,HUL,0.0,0.0,0.0,session_best
2026,12,Dutch Grand Prix,FP1,dutch-grand-prix_corner_01,LIN,HUL,1.0,1.0,-0.5,session_best
2026,12,Dutch Grand Prix,FP1,dutch-grand-prix_corner_01,ANT,HUL,2.0,3.0,-1.0,session_best
2026,12,Dutch Grand Prix,FP1,dutch-grand-prix_corner_01,LEC,HUL,3.0,3.0,3.0,session_best
2026,12,Dutch Grand Prix,FP1,dutch-grand-prix_corner_01,VER,HUL,5.0,6.0,3.5,session_best
2026,12,Dutch Grand Prix,FP1,dutch-grand-prix_corner_01,LAW,HUL,6.0,7.0,1.0,session_best
2026,12,Dutch Grand Prix,FP1,dutch-grand-prix_corner_01,NOR,HUL,7.0,-9.0,7.0,session_best
2026,12,Dutch Grand Prix,FP1,dutch-grand-prix_corner_01,ALO,HUL,8.0,8.5,1.0,session_best
2026,12,Dutch Grand Prix,FP1,dutch-grand-prix_corner_01,BOT,HUL,10.0,9.0,7.5,session_best
2026,12,Dutch Grand Prix,FP1,dutch-grand-prix_corner_01,HAM,HUL,13.0,1.5,9.0,session_best
2026,12,Dutch Grand Prix,FP1,dutch-grand-prix_corner_01,SAI,HUL,16.0,3.0,11.0,session_best
2026,12,Dutch Grand Prix,FP1,dutch-grand-prix_corner_01,BOR,HUL,18.0,1.0,12.5,session_best
2026,12,Dutch Grand Prix,FP1,dutch-grand-prix_corner_01,STR,HUL,19.0,7.5,9.5,session_best
2026,12,Dutch Grand Prix,FP1,dutch-grand-prix_corner_01,GAS,HUL,19.0,2.0,19.0,session_best
2026,12,Dutch Grand Prix,FP1,dutch-grand-prix_corner_01,COL,HUL,20.0,1.0,10.0,session_best
2026,12,Dutch Grand Prix,FP1,dutch-grand-prix_corner_01,OCO,HUL,26.0,2.5,14.5,session_best
2026,12,Dutch Grand Prix,FP1,dutch-grand-prix_corner_01,BEA,HUL,27.0,6.0,27.0,session_best
2026,12,Dutch Grand Prix,FP1,dutch-grand-prix_corner_01,ALB,HUL,27.0,-1.5,18.0,session_best
2026,12,Dutch Grand Prix,FP1,dutch-grand-prix_corner_01,PIA,HUL,28.0,-6.0,28.0,session_best
2026,12,Dutch Grand Prix,FP1,dutch-grand-prix_corner_01,PER,HUL,39.0,4.5,26.0,session_best
2026,12,Dutch Grand Prix,FP1,dutch-grand-prix_corner_01,TSU,HUL,45.0,4.0,45.0,session_best
2026,12,Dutch Grand Prix,FP1,dutch-grand-prix_corner_01,RUS,HUL,311.0,312.0,311.0,session_best
2026,12,Dutch Grand Prix,FP1,dutch-grand-prix_corner_02,BOR,BOR,0.0,0.0,0.0,session_best
2026,12,Dutch Grand Prix,FP1,dutch-grand-prix_corner_02,NOR,BOR,0.0,-18.5,-4.5,session_best
2026,12,Dutch Grand Prix,FP1,dutch-grand-prix_corner_02,PER,BOR,0.0,33.75,8.0,session_best
2026,12,Dutch Grand Prix,FP1,dutch-grand-prix_corner_02,PIA,BOR,0.0,-12.75,5.25,session_best
2026,12,Dutch Grand Prix,FP1,dutch-grand-prix_corner_02,HAM,BOR,0.0,-47.417,1.333,session_best
2026,12,Dutch Grand Prix,FP1,dutch-grand-prix_corner_02,TSU,BOR,0.0,18.25,-2.25,session_best
2026,12,Dutch Grand Prix,FP1,dutch-grand-prix_corner_02,COL,BOR,1.0,-11.75,8.0,session_best
2026,12,Dutch Grand Prix,FP1,dutch-grand-prix_corner_02,STR,BOR,1.0,-25.25,-1.75,session_best
2026,12,Dutch Grand Prix,FP1,dutch-grand-prix_corner_02,BEA,BOR,2.0,0.0,-1.75,session_best
2026,12,Dutch Grand Prix,FP1,dutch-grand-prix_corner_02,VER,BOR,2.0,-37.083,8.667,session_best
2026,12,Dutch Grand Prix,FP1,dutch-grand-prix_corner_02,BOT,BOR,2.0,-13.75,9.0,session_best
2026,12,Dutch Grand Prix,FP1,dutch-grand-prix_corner_02,LEC,BOR,4.0,-15.417,6.667,session_best
2026,12,Dutch Grand Prix,FP1,dutch-grand-prix_corner_02,LAW,BOR,4.0,-47.75,11.5,session_best
2026,12,Dutch Grand Prix,FP1,dutch-grand-prix_corner_02,ALO,BOR,5.0,-96.75,35.5,session_best
2026,12,Dutch Grand Prix,FP1,dutch-grand-prix_corner_02,ANT,BOR,5.0,-34.25,6.25,session_best
2026,12,Dutch Grand Prix,FP1,dutch-grand-prix_corner_02,ALB,BOR,5.0,3.25,5.25,session_best
2026,12,Dutch Grand Prix,FP1,dutch-grand-prix_corner_02,GAS,BOR,5.0,-24.0,9.5,session_best
2026,12,Dutch Grand Prix,FP1,dutch-grand-prix_corner_02,OCO,BOR,5.0,-7.0,5.5,session_best
2026,12,Dutch Grand Prix,FP1,dutch-grand-prix_corner_02,HUL,BOR,5.0,-13.5,3.75,session_best
2026,12,Dutch Grand Prix,FP1,dutch-grand-prix_corner_02,LIN,BOR,7.0,-53.75,9.0,session_best
2026,12,Dutch Grand Prix,FP1,dutch-grand-prix_corner_02,SAI,BOR,9.0,6.0,10.25,session_best
2026,12,Dutch Grand Prix,FP1,dutch-grand-prix_corner_04,ALO,ALO,0.0,0.0,0.0,session_best
2026,12,Dutch Grand Prix,FP1,dutch-grand-prix_corner_04,HAM,ALO,10.0,39.917,6.167,session_best
2026,12,Dutch Grand Prix,FP1,dutch-grand-prix_corner_04,BEA,ALO,11.0,60.917,7.167,session_best
2026,12,Dutch Grand Prix,FP1,dutch-grand-prix_corner_04,LEC,ALO,11.0,53.334,13.0,session_best
2026,12,Dutch Grand Prix,FP1,dutch-grand-prix_corner_04,PER,ALO,13.0,60.417,15.667,session_best
2026,12,Dutch Grand Prix,FP1,dutch-grand-prix_corner_04,PIA,ALO,13.0,54.667,11.667,session_best
2026,12,Dutch Grand Prix,FP1,dutch-grand-prix_corner_04,VER,ALO,14.0,62.417,18.917,session_best
2026,12,Dutch Grand Prix,FP1,dutch-grand-prix_corner_04,ANT,ALO,15.0,35.334,16.667,session_best
2026,12,Dutch Grand Prix,FP1,dutch-grand-prix_corner_04,BOR,ALO,15.0,47.667,18.667,session_best
2026,12,Dutch Grand Prix,FP1,dutch-grand-prix_corner_04,HUL,ALO,16.0,54.667,18.167,session_best
2026,12,Dutch Grand Prix,FP1,dutch-grand-prix_corner_04,SAI,ALO,17.0,68.667,20.667,session_best
2026,12,Dutch Grand Prix,FP1,dutch-grand-prix_corner_04,COL,ALO,18.0,56.417,21.417,session_best
2026,12,Dutch Grand Prix,FP1,dutch-grand-prix_corner_04,BOT,ALO,19.0,59.334,22.334,session_best
2026,12,Dutch Grand Prix,FP1,dutch-grand-prix_corner_04,LAW,ALO,19.0,46.667,15.667,session_best
2026,12,Dutch Grand Prix,FP1,dutch-grand-prix_corner_04,TSU,ALO,20.0,57.667,21.334,session_best
2026,12,Dutch Grand Prix,FP1,dutch-grand-prix_corner_04,STR,ALO,20.0,58.917,21.167,session_best
2026,12,Dutch Grand Prix,FP1,dutch-grand-prix_corner_04,NOR,ALO,20.0,48.917,18.417,session_best
2026,12,Dutch Grand Prix,FP1,dutch-grand-prix_corner_04,LIN,ALO,21.0,52.0,20.667,session_best
2026,12,Dutch Grand Prix,FP1,dutch-grand-prix_corner_04,GAS,ALO,21.0,50.334,24.0,session_best
2026,12,Dutch Grand Prix,FP1,dutch-grand-prix_corner_04,ALB,ALO,22.0,50.417,22.667,session_best
2026,12,Dutch Grand Prix,FP1,dutch-grand-prix_corner_04,OCO,ALO,24.0,48.667,19.667,session_best
2026,12,Dutch Grand Prix,FP1,dutch-grand-prix_corner_11,HAM,HAM,0.0,0.0,0.0,session_best
2026,12,Dutch Grand Prix,FP1,dutch-grand-prix_corner_11,NOR,HAM,8.0,-2.917,-9.5,session_best
2026,12,Dutch Grand Prix,FP1,dutch-grand-prix_corner_11,BOR,HAM,12.0,-4.5,-3.25,session_best
2026,12,Dutch Grand Prix,FP1,dutch-grand-prix_corner_11,ANT,HAM,13.0,28.75,-8.75,session_best
2026,12,Dutch Grand Prix,FP1,dutch-grand-prix_corner_11,LEC,HAM,13.0,1.083,-2.5,session_best
2026,12,Dutch Grand Prix,FP1,dutch-grand-prix_corner_11,BOT,HAM,15.0,11.0,5.25,session_best
2026,12,Dutch Grand Prix,FP1,dutch-grand-prix_corner_11,HUL,HAM,15.0,13.75,-1.0,session_best
2026,12,Dutch Grand Prix,FP1,dutch-grand-prix_corner_11,ALO,HAM,15.0,-16.917,41.833,session_best
2026,12,Dutch Grand Prix,FP1,dutch-grand-prix_corner_11,VER,HAM,16.0,6.25,-2.75,session_best
2026,12,Dutch Grand Prix,FP1,dutch-grand-prix_corner_11,PIA,HAM,16.0,-11.583,-7.833,session_best
2026,12,Dutch Grand Prix,FP1,dutch-grand-prix_corner_11,TSU,HAM,16.0,-19.0,11.0,session_best
2026,12,Dutch Grand Prix,FP1,dutch-grand-prix_corner_11,GAS,HAM,18.0,9.5,9.75,session_best
2026,12,Dutch Grand Prix,FP1,dutch-grand-prix_corner_11,LIN,HAM,18.0,-7.0,14.25,session_best
2026,12,Dutch Grand Prix,FP1,dutch-grand-prix_corner_11,BEA,HAM,19.0,26.5,-2.25,session_best
2026,12,Dutch Grand Prix,FP1,dutch-grand-prix_corner_11,ALB,HAM,19.0,30.0,-9.0,session_best
2026,12,Dutch Grand Prix,FP1,dutch-grand-prix_corner_11,STR,HAM,19.0,-12.25,-0.25,session_best
2026,12,Dutch Grand Prix,FP1,dutch-grand-prix_corner_11,COL,HAM,19.0,-1.5,3.75,session_best
2026,12,Dutch Grand Prix,FP1,dutch-grand-prix_corner_11,PER,HAM,20.0,5.25,10.5,session_best
2026,12,Dutch Grand Prix,FP1,dutch-grand-prix_corner_11,OCO,HAM,21.0,7.75,3.5,session_best
2026,12,Dutch Grand Prix,FP1,dutch-grand-prix_corner_11,SAI,HAM,21.0,51.25,-9.25,session_best
2026,12,Dutch Grand Prix,FP1,dutch-grand-prix_corner_11,LAW,HAM,23.0,5.75,0.75,session_best
2026,12,Dutch Grand Prix,FP1,dutch-grand-prix_corner_12,HAM,HAM,0.0,0.0,0.0,session_best
2026,12,Dutch Grand Prix,FP1,dutch-grand-prix_corner_12,NOR,HAM,4.0,-15.25,2.75,session_best
2026,12,Dutch Grand Prix,FP1,dutch-grand-prix_corner_12,ANT,HAM,4.0,-3.75,-10.5,session_best
2026,12,Dutch Grand Prix,FP1,dutch-grand-prix_corner_12,LEC,HAM,6.0,-1.75,1.583,session_best
2026,12,Dutch Grand Prix,FP1,dutch-grand-prix_corner_12,BOR,HAM,7.0,-9.083,11.583,session_best
2026,12,Dutch Grand Prix,FP1,dutch-grand-prix_corner_12,VER,HAM,8.0,-11.75,8.25,session_best
2026,12,Dutch Grand Prix,FP1,dutch-grand-prix_corner_12,COL,HAM,8.0,-7.0,3.5,session_best
2026,12,Dutch Grand Prix,FP1,dutch-grand-prix_corner_12,BEA,HAM,9.0,0.5,3.75,session_best
2026,12,Dutch Grand Prix,FP1,dutch-grand-prix_corner_12,PIA,HAM,9.0,-13.5,2.75,session_best
2026,12,Dutch Grand Prix,FP1,dutch-grand-prix_corner_12,STR,HAM,10.0,-1.25,4.0,session_best
2026,12,Dutch Grand Prix,FP1,dutch-grand-prix_corner_12,BOT,HAM,10.0,1.5,5.5,session_best
2026,12,Dutch Grand Prix,FP1,dutch-grand-prix_corner_12,PER,HAM,11.0,3.5,-0.5,session_best
2026,12,Dutch Grand Prix,FP1,dutch-grand-prix_corner_12,OCO,HAM,11.0,1.75,-2.25,session_best
2026,12,Dutch Grand Prix,FP1,dutch-grand-prix_corner_12,TSU,HAM,11.0,-11.417,0.917,session_best
2026,12,Dutch Grand Prix,FP1,dutch-grand-prix_corner_12,GAS,HAM,11.0,-13.0,7.0,session_best
2026,12,Dutch Grand Prix,FP1,dutch-grand-prix_corner_12,LAW,HAM,12.0,-10.25,7.5,session_best
2026,12,Dutch Grand Prix,FP1,dutch-grand-prix_corner_12,ALO,HAM,12.0,30.25,30.0,session_best
2026,12,Dutch Grand Prix,FP1,dutch-grand-prix_corner_12,SAI,HAM,12.0,16.0,-4.0,session_best
2026,12,Dutch Grand Prix,FP1,dutch-grand-prix_corner_12,LIN,HAM,12.0,-11.0,5.25,session_best
2026,12,Dutch Grand Prix,FP1,dutch-grand-prix_corner_12,ALB,HAM,13.0,5.0,-7.5,session_best
2026,12,Dutch Grand Prix,FP1,dutch-grand-prix_corner_12,HUL,HAM,13.0,-6.75,2.5,session_best
2026,12,Dutch Grand Prix,FP1,dutch-grand-prix_corner_15,SAI,SAI,0.0,0.0,0.0,session_best
2026,12,Dutch Grand Prix,FP1,dutch-grand-prix_corner_15,GAS,SAI,4.0,-25.45,21.9,session_best
2026,12,Dutch Grand Prix,FP1,dutch-grand-prix_corner_15,HAM,SAI,5.0,-42.25,18.75,session_best
2026,12,Dutch Grand Prix,FP1,dutch-grand-prix_corner_15,BOT,SAI,5.0,-26.85,23.5,session_best
2026,12,Dutch Grand Prix,FP1,dutch-grand-prix_corner_15,PER,SAI,5.0,-26.75,12.75,session_best
2026,12,Dutch Grand Prix,FP1,dutch-grand-prix_corner_15,ALO,SAI,6.0,-121.25,52.833,session_best
2026,12,Dutch Grand Prix,FP1,dutch-grand-prix_corner_15,PIA,SAI,6.0,-21.05,16.9,session_best
2026,12,Dutch Grand Prix,FP1,dutch-grand-prix_corner_15,OCO,SAI,6.0,-24.0,0.5,session_best
2026,12,Dutch Grand Prix,FP1,dutch-grand-prix_corner_15,COL,SAI,6.0,-26.65,22.9,session_best
2026,12,Dutch Grand Prix,FP1,dutch-grand-prix_corner_15,NOR,SAI,7.0,-32.05,23.3,session_best
2026,12,Dutch Grand Prix,FP1,dutch-grand-prix_corner_15,VER,SAI,7.0,-46.5,32.75,session_best
2026,12,Dutch Grand Prix,FP1,dutch-grand-prix_corner_15,ANT,SAI,7.0,-114.25,25.5,session_best
2026,12,Dutch Grand Prix,FP1,dutch-grand-prix_corner_15,ALB,SAI,7.0,-19.0,-1.5,session_best
2026,12,Dutch Grand Prix,FP1,dutch-grand-prix_corner_15,LEC,SAI,7.0,-42.45,24.3,session_best
2026,12,Dutch Grand Prix,FP1,dutch-grand-prix_corner_15,BEA,SAI,8.0,-25.75,18.0,session_best
2026,12,Dutch Grand Prix,FP1,dutch-grand-prix_corner_15,TSU,SAI,8.0,-22.45,21.5,session_best
2026,12,Dutch Grand Prix,FP1,dutch-grand-prix_corner_15,HUL,SAI,9.0,-40.65,26.5,session_best
2026,12,Dutch Grand Prix,FP1,dutch-grand-prix_corner_15,STR,SAI,9.0,-24.05,17.9,session_best
2026,12,Dutch Grand Prix,FP1,dutch-grand-prix_corner_15,LAW,SAI,9.0,-46.05,37.1,session_best
2026,12,Dutch Grand Prix,FP1,dutch-grand-prix_corner_15,BOR,SAI,10.0,-50.0,37.25,session_best
2026,12,Dutch Grand Prix,FP1,dutch-grand-prix_corner_15,LIN,SAI,10.0,-49.25,22.75,session_best
2026,12,Dutch Grand Prix,FP1,dutch-grand-prix_corner_16,ALB,ALB,0.0,0.0,0.0,session_best
2026,12,Dutch Grand Prix,FP1,dutch-grand-prix_corner_16,OCO,ALB,0.0,13.0,-14.0,session_best
2026,12,Dutch Grand Prix,FP1,dutch-grand-prix_corner_16,PER,ALB,5.0,13.0,7.0,session_best
2026,12,Dutch Grand Prix,FP1,dutch-grand-prix_corner_16,STR,ALB,10.0,21.5,2.5,session_best
2026,12,Dutch Grand Prix,FP1,dutch-grand-prix_corner_16,LEC,ALB,14.0,10.0,-15.0,session_best
2026,12,Dutch Grand Prix,FP1,dutch-grand-prix_corner_16,PIA,ALB,15.0,16.667,-4.0,session_best
2026,12,Dutch Grand Prix,FP1,dutch-grand-prix_corner_16,BEA,ALB,15.0,22.0,-0.5,session_best
2026,12,Dutch Grand Prix,FP1,dutch-grand-prix_corner_16,SAI,ALB,16.0,3.5,20.5,session_best
2026,12,Dutch Grand Prix,FP1,dutch-grand-prix_corner_16,TSU,ALB,16.0,20.0,0.5,session_best
2026,12,Dutch Grand Prix,FP1,dutch-grand-prix_corner_16,ANT,ALB,17.0,24.5,-39.5,session_best
2026,12,Dutch Grand Prix,FP1,dutch-grand-prix_corner_16,COL,ALB,19.0,25.0,-12.0,session_best
2026,12,Dutch Grand Prix,FP1,dutch-grand-prix_corner_16,HUL,ALB,20.0,25.0,-21.5,session_best
2026,12,Dutch Grand Prix,FP1,dutch-grand-prix_corner_16,BOT,ALB,22.0,29.5,-30.0,session_best
2026,12,Dutch Grand Prix,FP1,dutch-grand-prix_corner_16,HAM,ALB,22.0,26.0,-42.333,session_best
2026,12,Dutch Grand Prix,FP1,dutch-grand-prix_corner_16,LIN,ALB,22.0,31.5,-11.5,session_best
2026,12,Dutch Grand Prix,FP1,dutch-grand-prix_corner_16,NOR,ALB,23.0,26.5,-28.5,session_best
2026,12,Dutch Grand Prix,FP1,dutch-grand-prix_corner_16,GAS,ALB,25.0,34.0,-16.5,session_best
2026,12,Dutch Grand Prix,FP1,dutch-grand-prix_corner_16,LAW,ALB,29.0,40.5,-7.5,session_best
2026,12,Dutch Grand Prix,FP1,dutch-grand-prix_corner_16,BOR,ALB,31.0,32.0,-30.0,session_best
2026,12,Dutch Grand Prix,FP1,dutch-grand-prix_corner_16,VER,ALB,32.0,26.0,-28.0,session_best
2026,12,Dutch Grand Prix,FP1,dutch-grand-prix_corner_16,ALO,ALB,83.0,95.333,-37.0,session_best
2026,12,Dutch Grand Prix,FP1,dutch-grand-prix_corner_17,LEC,LEC,0.0,0.0,0.0,session_best
2026,12,Dutch Grand Prix,FP1,dutch-grand-prix_corner_17,NOR,LEC,1.0,-6.5,7.0,session_best
2026,12,Dutch Grand Prix,FP1,dutch-grand-prix_corner_17,ANT,LEC,1.0,-5.5,-4.0,session_best
2026,12,Dutch Grand Prix,FP1,dutch-grand-prix_corner_17,HAM,LEC,2.0,-6.0,15.0,session_best
2026,12,Dutch Grand Prix,FP1,dutch-grand-prix_corner_17,BOR,LEC,4.0,-0.5,3.5,session_best
2026,12,Dutch Grand Prix,FP1,dutch-grand-prix_corner_17,COL,LEC,4.0,0.5,2.0,session_best
2026,12,Dutch Grand Prix,FP1,dutch-grand-prix_corner_17,HUL,LEC,6.0,0.833,1.5,session_best
2026,12,Dutch Grand Prix,FP1,dutch-grand-prix_corner_17,STR,LEC,7.0,13.167,6.5,session_best
2026,12,Dutch Grand Prix,FP1,dutch-grand-prix_corner_17,PIA,LEC,7.0,13.833,-3.167,session_best
2026,12,Dutch Grand Prix,FP1,dutch-grand-prix_corner_17,VER,LEC,8.0,3.5,15.833,session_best
2026,12,Dutch Grand Prix,FP1,dutch-grand-prix_corner_17,LAW,LEC,9.0,6.833,5.167,session_best
2026,12,Dutch Grand Prix,FP1,dutch-grand-prix_corner_17,BEA,LEC,10.0,14.5,-5.0,session_best
2026,12,Dutch Grand Prix,FP1,dutch-grand-prix_corner_17,TSU,LEC,10.0,13.0,2.0,session_best
2026,12,Dutch Grand Prix,FP1,dutch-grand-prix_corner_17,OCO,LEC,11.0,9.5,-6.0,session_best
2026,12,Dutch Grand Prix,FP1,dutch-grand-prix_corner_17,BOT,LEC,12.0,1.0,5.0,session_best
2026,12,Dutch Grand Prix,FP1,dutch-grand-prix_corner_17,LIN,LEC,12.0,8.5,11.167,session_best
2026,12,Dutch Grand Prix,FP1,dutch-grand-prix_corner_17,ALO,LEC,14.0,-51.5,44.833,session_best
2026,12,Dutch Grand Prix,FP1,dutch-grand-prix_corner_17,PER,LEC,14.0,19.0,1.0,session_best
2026,12,Dutch Grand Prix,FP1,dutch-grand-prix_corner_17,GAS,LEC,14.0,6.5,6.833,session_best
2026,12,Dutch Grand Prix,FP1,dutch-grand-prix_corner_17,ALB,LEC,16.0,22.5,3.833,session_best
2026,12,Dutch Grand Prix,FP1,dutch-grand-prix_corner_17,SAI,LEC,20.0,26.5,2.833,session_best
2026,12,Dutch Grand Prix,Q,dutch-grand-prix_corner_02,PIA,PIA,0.0,0.0,0.0,session_best
2026,12,Dutch Grand Prix,Q,dutch-grand-prix_corner_02,LEC,PIA,2.0,-37.0,3.666,session_best
2026,12,Dutch Grand Prix,Q,dutch-grand-prix_corner_02,HAM,PIA,3.0,-13.667,17.666,session_best
2026,12,Dutch Grand Prix,Q,dutch-grand-prix_corner_02,LAW,PIA,3.0,-12.167,6.583,session_best
2026,12,Dutch Grand Prix,Q,dutch-grand-prix_corner_02,NOR,PIA,3.0,-37.0,12.666,session_best
2026,12,Dutch Grand Prix,Q,dutch-grand-prix_corner_02,RUS,PIA,4.0,-31.917,11.333,session_best
2026,12,Dutch Grand Prix,Q,dutch-grand-prix_corner_02,VER,PIA,4.0,-17.667,2.0,session_best
2026,12,Dutch Grand Prix,Q,dutch-grand-prix_corner_02,BOR,PIA,5.0,-23.917,15.083,session_best
2026,12,Dutch Grand Prix,Q,dutch-grand-prix_corner_02,HUL,PIA,5.0,-5.334,9.0,session_best
2026,12,Dutch Grand Prix,Q,dutch-grand-prix_corner_02,TSU,PIA,6.0,-36.417,9.083,session_best
2026,12,Dutch Grand Prix,Q,dutch-grand-prix_corner_02,BEA,PIA,6.0,14.083,17.083,session_best
2026,12,Dutch Grand Prix,Q,dutch-grand-prix_corner_02,SAI,PIA,6.0,-34.0,19.666,session_best
2026,12,Dutch Grand Prix,Q,dutch-grand-prix_corner_02,LIN,PIA,6.0,-35.667,12.333,session_best
2026,12,Dutch Grand Prix,Q,dutch-grand-prix_corner_02,PER,PIA,7.0,14.583,12.583,session_best
2026,12,Dutch Grand Prix,Q,dutch-grand-prix_corner_02,OCO,PIA,7.0,-22.167,8.083,session_best
2026,12,Dutch Grand Prix,Q,dutch-grand-prix_corner_02,GAS,PIA,8.0,-48.667,19.833,session_best
2026,12,Dutch Grand Prix,Q,dutch-grand-prix_corner_02,ALB,PIA,9.0,-2.167,9.833,session_best
2026,12,Dutch Grand Prix,Q,dutch-grand-prix_corner_02,ANT,PIA,9.0,-2.667,-0.334,session_best
2026,12,Dutch Grand Prix,Q,dutch-grand-prix_corner_02,STR,PIA,9.0,-24.0,6.0,session_best
2026,12,Dutch Grand Prix,Q,dutch-grand-prix_corner_02,ALO,PIA,11.0,-16.167,12.833,session_best
2026,12,Dutch Grand Prix,Q,dutch-grand-prix_corner_02,BOT,PIA,11.0,10.833,14.083,session_best
2026,12,Dutch Grand Prix,Q,dutch-grand-prix_corner_02,COL,PIA,12.0,-15.917,7.833,session_best
2026,12,Dutch Grand Prix,Q,dutch-grand-prix_corner_04,HAM,HAM,0.0,0.0,0.0,session_best
2026,12,Dutch Grand Prix,Q,dutch-grand-prix_corner_04,RUS,HAM,1.0,-17.75,-0.5,session_best
2026,12,Dutch Grand Prix,Q,dutch-grand-prix_corner_04,NOR,HAM,3.0,-3.25,2.667,session_best
2026,12,Dutch Grand Prix,Q,dutch-grand-prix_corner_04,LEC,HAM,3.0,5.417,3.667,session_best
2026,12,Dutch Grand Prix,Q,dutch-grand-prix_corner_04,LAW,HAM,3.0,7.083,0.667,session_best
2026,12,Dutch Grand Prix,Q,dutch-grand-prix_corner_04,PIA,HAM,3.0,9.75,4.333,session_best
2026,12,Dutch Grand Prix,Q,dutch-grand-prix_corner_04,ANT,HAM,6.0,-0.917,3.333,session_best
2026,12,Dutch Grand Prix,Q,dutch-grand-prix_corner_04,BEA,HAM,7.0,21.75,3.0,session_best
2026,12,Dutch Grand Prix,Q,dutch-grand-prix_corner_04,VER,HAM,7.0,5.75,1.667,session_best
2026,12,Dutch Grand Prix,Q,dutch-grand-prix_corner_04,BOR,HAM,7.0,14.75,7.667,session_best
2026,12,Dutch Grand Prix,Q,dutch-grand-prix_corner_04,LIN,HAM,8.0,4.75,9.0,session_best
2026,12,Dutch Grand Prix,Q,dutch-grand-prix_corner_04,PER,HAM,9.0,19.25,10.0,session_best
2026,12,Dutch Grand Prix,Q,dutch-grand-prix_corner_04,TSU,HAM,10.0,9.083,6.0,session_best
2026,12,Dutch Grand Prix,Q,dutch-grand-prix_corner_04,HUL,HAM,11.0,7.75,8.667,session_best
2026,12,Dutch Grand Prix,Q,dutch-grand-prix_corner_04,ALB,HAM,12.0,12.417,11.333,session_best
2026,12,Dutch Grand Prix,Q,dutch-grand-prix_corner_04,OCO,HAM,13.0,6.417,11.667,session_best
2026,12,Dutch Grand Prix,Q,dutch-grand-prix_corner_04,SAI,HAM,13.0,12.25,10.0,session_best
2026,12,Dutch Grand Prix,Q,dutch-grand-prix_corner_04,GAS,HAM,13.0,11.75,11.0,session_best
2026,12,Dutch Grand Prix,Q,dutch-grand-prix_corner_04,COL,HAM,14.0,14.75,2.333,session_best
2026,12,Dutch Grand Prix,Q,dutch-grand-prix_corner_04,BOT,HAM,15.0,22.75,14.0,session_best
2026,12,Dutch Grand Prix,Q,dutch-grand-prix_corner_04,ALO,HAM,20.0,2.083,16.667,session_best
2026,12,Dutch Grand Prix,Q,dutch-grand-prix_corner_04,STR,HAM,23.0,0.75,17.667,session_best
2026,12,Dutch Grand Prix,Q,dutch-grand-prix_corner_05,BEA,BEA,0.0,0.0,0.0,session_best
2026,12,Dutch Grand Prix,Q,dutch-grand-prix_corner_05,COL,BEA,0.0,-1.5,-7.5,session_best
2026,12,Dutch Grand Prix,Q,dutch-grand-prix_corner_05,TSU,BEA,2.0,2.0,-4.0,session_best
2026,12,Dutch Grand Prix,Q,dutch-grand-prix_corner_05,LAW,BEA,4.0,-0.5,-6.5,session_best
2026,12,Dutch Grand Prix,Q,dutch-grand-prix_corner_05,PIA,BEA,5.0,2.0,-7.0,session_best
2026,12,Dutch Grand Prix,Q,dutch-grand-prix_corner_05,ANT,BEA,6.0,2.0,-2.833,session_best
2026,12,Dutch Grand Prix,Q,dutch-grand-prix_corner_05,LEC,BEA,6.0,5.5,-6.5,session_best
2026,12,Dutch Grand Prix,Q,dutch-grand-prix_corner_05,RUS,BEA,6.0,6.0,-1.0,session_best
2026,12,Dutch Grand Prix,Q,dutch-grand-prix_corner_05,NOR,BEA,7.0,5.5,3.0,session_best
2026,12,Dutch Grand Prix,Q,dutch-grand-prix_corner_05,HAM,BEA,7.0,8.0,-1.5,session_best
2026,12,Dutch Grand Prix,Q,dutch-grand-prix_corner_05,OCO,BEA,7.0,4.5,-6.0,session_best
2026,12,Dutch Grand Prix,Q,dutch-grand-prix_corner_05,VER,BEA,9.0,1.333,-5.5,session_best
2026,12,Dutch Grand Prix,Q,dutch-grand-prix_corner_05,BOR,BEA,13.0,13.0,-1.0,session_best
2026,12,Dutch Grand Prix,Q,dutch-grand-prix_corner_05,LIN,BEA,14.0,11.5,-5.0,session_best
2026,12,Dutch Grand Prix,Q,dutch-grand-prix_corner_05,ALO,BEA,15.0,12.333,1.5,session_best
2026,12,Dutch Grand Prix,Q,dutch-grand-prix_corner_05,BOT,BEA,16.0,15.667,5.167,session_best
2026,12,Dutch Grand Prix,Q,dutch-grand-prix_corner_05,SAI,BEA,16.0,14.0,1.833,session_best
2026,12,Dutch Grand Prix,Q,dutch-grand-prix_corner_05,STR,BEA,16.0,10.667,1.833,session_best
2026,12,Dutch Grand Prix,Q,dutch-grand-prix_corner_05,PER,BEA,18.0,16.5,0.5,session_best
2026,12,Dutch Grand Prix,Q,dutch-grand-prix_corner_05,HUL,BEA,18.0,8.333,2.167,session_best
2026,12,Dutch Grand Prix,Q,dutch-grand-prix_corner_05,GAS,BEA,20.0,16.5,5.5,session_best
2026,12,Dutch Grand Prix,Q,dutch-grand-prix_corner_05,ALB,BEA,27.0,24.5,1.5,session_best
2026,12,Dutch Grand Prix,Q,dutch-grand-prix_corner_11,BOR,BOR,0.0,0.0,0.0,session_best
2026,12,Dutch Grand Prix,Q,dutch-grand-prix_corner_11,LEC,BOR,0.0,7.667,3.667,session_best
2026,12,Dutch Grand Prix,Q,dutch-grand-prix_corner_11,VER,BOR,1.0,-0.666,13.667,session_best
2026,12,Dutch Grand Prix,Q,dutch-grand-prix_corner_11,LIN,BOR,1.0,0.334,6.667,session_best
2026,12,Dutch Grand Prix,Q,dutch-grand-prix_corner_11,HAM,BOR,1.0,12.167,16.917,session_best
2026,12,Dutch Grand Prix,Q,dutch-grand-prix_corner_11,ANT,BOR,2.0,8.417,7.167,session_best
2026,12,Dutch Grand Prix,Q,dutch-grand-prix_corner_11,PIA,BOR,3.0,16.0,7.667,session_best
2026,12,Dutch Grand Prix,Q,dutch-grand-prix_corner_11,HUL,BOR,3.0,3.667,29.0,session_best
2026,12,Dutch Grand Prix,Q,dutch-grand-prix_corner_11,NOR,BOR,4.0,1.417,12.667,session_best
2026,12,Dutch Grand Prix,Q,dutch-grand-prix_corner_11,BOT,BOR,5.0,23.167,15.917,session_best
2026,12,Dutch Grand Prix,Q,dutch-grand-prix_corner_11,RUS,BOR,5.0,6.0,13.334,session_best
2026,12,Dutch Grand Prix,Q,dutch-grand-prix_corner_11,SAI,BOR,6.0,13.417,21.917,session_best
2026,12,Dutch Grand Prix,Q,dutch-grand-prix_corner_11,GAS,BOR,6.0,2.667,13.334,session_best
2026,12,Dutch Grand Prix,Q,dutch-grand-prix_corner_11,LAW,BOR,6.0,8.167,9.417,session_best
2026,12,Dutch Grand Prix,Q,dutch-grand-prix_corner_11,PER,BOR,6.0,13.417,15.667,session_best
2026,12,Dutch Grand Prix,Q,dutch-grand-prix_corner_11,ALO,BOR,7.0,11.0,16.667,session_best
2026,12,Dutch Grand Prix,Q,dutch-grand-prix_corner_11,COL,BOR,8.0,22.417,4.167,session_best
2026,12,Dutch Grand Prix,Q,dutch-grand-prix_corner_11,BEA,BOR,9.0,13.334,9.667,session_best
2026,12,Dutch Grand Prix,Q,dutch-grand-prix_corner_11,STR,BOR,9.0,11.334,28.667,session_best
2026,12,Dutch Grand Prix,Q,dutch-grand-prix_corner_11,TSU,BOR,10.0,3.667,1.167,session_best
2026,12,Dutch Grand Prix,Q,dutch-grand-prix_corner_11,ALB,BOR,11.0,13.917,16.667,session_best
2026,12,Dutch Grand Prix,Q,dutch-grand-prix_corner_11,OCO,BOR,13.0,20.167,7.917,session_best
2026,12,Dutch Grand Prix,Q,dutch-grand-prix_corner_12,HAM,HAM,0.0,0.0,0.0,session_best
2026,12,Dutch Grand Prix,Q,dutch-grand-prix_corner_12,NOR,HAM,4.0,-1.417,1.083,session_best
2026,12,Dutch Grand Prix,Q,dutch-grand-prix_corner_12,LEC,HAM,5.0,1.25,-3.5,session_best
2026,12,Dutch Grand Prix,Q,dutch-grand-prix_corner_12,GAS,HAM,7.0,4.917,-4.25,session_best
2026,12,Dutch Grand Prix,Q,dutch-grand-prix_corner_12,PIA,HAM,8.0,-9.5,-7.5,session_best
2026,12,Dutch Grand Prix,Q,dutch-grand-prix_corner_12,ANT,HAM,9.0,-9.5,3.25,session_best
2026,12,Dutch Grand Prix,Q,dutch-grand-prix_corner_12,RUS,HAM,10.0,-0.417,0.083,session_best
2026,12,Dutch Grand Prix,Q,dutch-grand-prix_corner_12,LAW,HAM,10.0,-3.75,2.25,session_best
2026,12,Dutch Grand Prix,Q,dutch-grand-prix_corner_12,VER,HAM,11.0,1.25,8.0,session_best
2026,12,Dutch Grand Prix,Q,dutch-grand-prix_corner_12,HUL,HAM,11.0,2.917,0.75,session_best
2026,12,Dutch Grand Prix,Q,dutch-grand-prix_corner_12,BOR,HAM,11.0,-3.25,2.5,session_best
2026,12,Dutch Grand Prix,Q,dutch-grand-prix_corner_12,STR,HAM,11.0,19.25,10.25,session_best
2026,12,Dutch Grand Prix,Q,dutch-grand-prix_corner_12,LIN,HAM,12.0,0.75,6.25,session_best
2026,12,Dutch Grand Prix,Q,dutch-grand-prix_corner_12,ALB,HAM,13.0,-2.25,1.5,session_best
2026,12,Dutch Grand Prix,Q,dutch-grand-prix_corner_12,OCO,HAM,13.0,-2.0,3.75,session_best
2026,12,Dutch Grand Prix,Q,dutch-grand-prix_corner_12,COL,HAM,13.0,-9.75,1.5,session_best
2026,12,Dutch Grand Prix,Q,dutch-grand-prix_corner_12,BEA,HAM,14.0,1.75,0.0,session_best
2026,12,Dutch Grand Prix,Q,dutch-grand-prix_corner_12,BOT,HAM,14.0,9.5,9.5,session_best
2026,12,Dutch Grand Prix,Q,dutch-grand-prix_corner_12,ALO,HAM,15.0,8.75,9.0,session_best
2026,12,Dutch Grand Prix,Q,dutch-grand-prix_corner_12,PER,HAM,16.0,10.75,12.25,session_best
2026,12,Dutch Grand Prix,Q,dutch-grand-prix_corner_12,SAI,HAM,16.0,5.25,7.25,session_best
2026,12,Dutch Grand Prix,Q,dutch-grand-prix_corner_12,TSU,HAM,19.0,0.0,2.5,session_best
2026,12,Dutch Grand Prix,Q,dutch-grand-prix_corner_13,ALB,ALB,0.0,0.0,0.0,session_best
2026,12,Dutch Grand Prix,Q,dutch-grand-prix_corner_13,PIA,ALB,17.0,23.0,-2.0,session_best
2026,12,Dutch Grand Prix,Q,dutch-grand-prix_corner_13,COL,ALB,18.0,26.0,0.0,session_best
2026,12,Dutch Grand Prix,Q,dutch-grand-prix_corner_13,BEA,ALB,20.0,28.5,-2.5,session_best
2026,12,Dutch Grand Prix,Q,dutch-grand-prix_corner_13,LEC,ALB,22.0,31.0,7.0,session_best
2026,12,Dutch Grand Prix,Q,dutch-grand-prix_corner_13,GAS,ALB,23.0,33.0,11.5,session_best
2026,12,Dutch Grand Prix,Q,dutch-grand-prix_corner_13,HAM,ALB,24.0,26.333,9.5,session_best
2026,12,Dutch Grand Prix,Q,dutch-grand-prix_corner_13,ANT,ALB,25.0,30.0,0.833,session_best
2026,12,Dutch Grand Prix,Q,dutch-grand-prix_corner_13,BOR,ALB,26.0,33.5,4.5,session_best
2026,12,Dutch Grand Prix,Q,dutch-grand-prix_corner_13,HUL,ALB,26.0,33.667,11.833,session_best
2026,12,Dutch Grand Prix,Q,dutch-grand-prix_corner_13,VER,ALB,27.0,37.0,2.0,session_best
2026,12,Dutch Grand Prix,Q,dutch-grand-prix_corner_13,LAW,ALB,27.0,35.5,3.5,session_best
2026,12,Dutch Grand Prix,Q,dutch-grand-prix_corner_13,RUS,ALB,27.0,35.0,-1.5,session_best
2026,12,Dutch Grand Prix,Q,dutch-grand-prix_corner_13,NOR,ALB,28.0,34.0,4.0,session_best
2026,12,Dutch Grand Prix,Q,dutch-grand-prix_corner_13,OCO,ALB,28.0,30.333,3.5,session_best
2026,12,Dutch Grand Prix,Q,dutch-grand-prix_corner_13,LIN,ALB,30.0,35.0,4.5,session_best
2026,12,Dutch Grand Prix,Q,dutch-grand-prix_corner_13,TSU,ALB,30.0,34.0,2.833,session_best
2026,12,Dutch Grand Prix,Q,dutch-grand-prix_corner_13,SAI,ALB,32.0,37.5,2.5,session_best
2026,12,Dutch Grand Prix,Q,dutch-grand-prix_corner_13,BOT,ALB,34.0,40.0,6.167,session_best
2026,12,Dutch Grand Prix,Q,dutch-grand-prix_corner_13,ALO,ALB,34.0,37.667,8.5,session_best
2026,12,Dutch Grand Prix,Q,dutch-grand-prix_corner_13,PER,ALB,38.0,46.5,11.0,session_best
2026,12,Dutch Grand Prix,Q,dutch-grand-prix_corner_13,STR,ALB,40.0,44.667,12.5,session_best
2026,12,Dutch Grand Prix,Q,dutch-grand-prix_corner_15,BOT,BOT,0.0,0.0,0.0,session_best
2026,12,Dutch Grand Prix,Q,dutch-grand-prix_corner_15,HAM,BOT,0.0,-20.167,-3.0,session_best
2026,12,Dutch Grand Prix,Q,dutch-grand-prix_corner_15,SAI,BOT,0.0,-3.3,3.4,session_best
2026,12,Dutch Grand Prix,Q,dutch-grand-prix_corner_15,COL,BOT,1.0,35.1,-10.0,session_best
2026,12,Dutch Grand Prix,Q,dutch-grand-prix_corner_15,GAS,BOT,2.0,-8.5,-2.25,session_best
2026,12,Dutch Grand Prix,Q,dutch-grand-prix_corner_15,RUS,BOT,2.0,-7.75,3.25,session_best
2026,12,Dutch Grand Prix,Q,dutch-grand-prix_corner_15,LIN,BOT,2.0,5.25,3.0,session_best
2026,12,Dutch Grand Prix,Q,dutch-grand-prix_corner_15,ANT,BOT,3.0,21.25,-6.25,session_best
2026,12,Dutch Grand Prix,Q,dutch-grand-prix_corner_15,LAW,BOT,3.0,5.25,1.5,session_best
2026,12,Dutch Grand Prix,Q,dutch-grand-prix_corner_15,BOR,BOT,3.0,-9.5,1.0,session_best
2026,12,Dutch Grand Prix,Q,dutch-grand-prix_corner_15,VER,BOT,4.0,-20.5,6.0,session_best
2026,12,Dutch Grand Prix,Q,dutch-grand-prix_corner_15,NOR,BOT,4.0,3.0,1.5,session_best
2026,12,Dutch Grand Prix,Q,dutch-grand-prix_corner_15,ALO,BOT,4.0,6.25,-1.0,session_best
2026,12,Dutch Grand Prix,Q,dutch-grand-prix_corner_15,PIA,BOT,5.0,18.0,-4.5,session_best
2026,12,Dutch Grand Prix,Q,dutch-grand-prix_corner_15,TSU,BOT,5.0,-13.75,0.0,session_best
2026,12,Dutch Grand Prix,Q,dutch-grand-prix_corner_15,ALB,BOT,6.0,32.25,0.75,session_best
2026,12,Dutch Grand Prix,Q,dutch-grand-prix_corner_15,STR,BOT,6.0,-39.167,10.333,session_best
2026,12,Dutch Grand Prix,Q,dutch-grand-prix_corner_15,OCO,BOT,7.0,-4.0,-6.5,session_best
2026,12,Dutch Grand Prix,Q,dutch-grand-prix_corner_15,LEC,BOT,7.0,-9.75,1.5,session_best
2026,12,Dutch Grand Prix,Q,dutch-grand-prix_corner_15,HUL,BOT,8.0,-23.75,6.5,session_best
2026,12,Dutch Grand Prix,Q,dutch-grand-prix_corner_15,PER,BOT,8.0,5.5,9.0,session_best
2026,12,Dutch Grand Prix,Q,dutch-grand-prix_corner_15,BEA,BOT,9.0,21.1,7.0,session_best
2026,12,Dutch Grand Prix,Q,dutch-grand-prix_corner_16,ANT,ANT,0.0,0.0,0.0,session_best
2026,12,Dutch Grand Prix,Q,dutch-grand-prix_corner_16,COL,ANT,3.0,-5.0,7.5,session_best
2026,12,Dutch Grand Prix,Q,dutch-grand-prix_corner_16,OCO,ANT,7.0,-2.333,4.0,session_best
2026,12,Dutch Grand Prix,Q,dutch-grand-prix_corner_16,PIA,ANT,13.0,1.0,-0.333,session_best
2026,12,Dutch Grand Prix,Q,dutch-grand-prix_corner_16,ALB,ANT,15.0,9.0,7.667,session_best
2026,12,Dutch Grand Prix,Q,dutch-grand-prix_corner_16,TSU,ANT,17.0,13.0,-1.5,session_best
2026,12,Dutch Grand Prix,Q,dutch-grand-prix_corner_16,LAW,ANT,18.0,16.5,-2.5,session_best
2026,12,Dutch Grand Prix,Q,dutch-grand-prix_corner_16,RUS,ANT,19.0,17.5,-0.5,session_best
2026,12,Dutch Grand Prix,Q,dutch-grand-prix_corner_16,LEC,ANT,19.0,14.333,2.0,session_best
2026,12,Dutch Grand Prix,Q,dutch-grand-prix_corner_16,BOR,ANT,19.0,15.5,5.5,session_best
2026,12,Dutch Grand Prix,Q,dutch-grand-prix_corner_16,HAM,ANT,19.0,18.0,2.0,session_best
2026,12,Dutch Grand Prix,Q,dutch-grand-prix_corner_16,BEA,ANT,21.0,14.333,5.333,session_best
2026,12,Dutch Grand Prix,Q,dutch-grand-prix_corner_16,BOT,ANT,21.0,17.667,1.667,session_best
2026,12,Dutch Grand Prix,Q,dutch-grand-prix_corner_16,ALO,ANT,23.0,9.0,7.333,session_best
2026,12,Dutch Grand Prix,Q,dutch-grand-prix_corner_16,NOR,ANT,25.0,20.333,0.333,session_best
2026,12,Dutch Grand Prix,Q,dutch-grand-prix_corner_16,LIN,ANT,25.0,20.0,-1.5,session_best
2026,12,Dutch Grand Prix,Q,dutch-grand-prix_corner_16,GAS,ANT,26.0,23.5,2.5,session_best
2026,12,Dutch Grand Prix,Q,dutch-grand-prix_corner_16,HUL,ANT,28.0,26.0,7.0,session_best
2026,12,Dutch Grand Prix,Q,dutch-grand-prix_corner_16,SAI,ANT,28.0,24.0,3.667,session_best
2026,12,Dutch Grand Prix,Q,dutch-grand-prix_corner_16,PER,ANT,29.0,24.333,4.667,session_best
2026,12,Dutch Grand Prix,Q,dutch-grand-prix_corner_16,VER,ANT,32.0,26.0,-2.667,session_best
2026,12,Dutch Grand Prix,Q,dutch-grand-prix_corner_16,STR,ANT,35.0,30.333,11.0,session_best
2026,12,Dutch Grand Prix,Q,dutch-grand-prix_corner_17,HAM,HAM,0.0,0.0,0.0,session_best
2026,12,Dutch Grand Prix,Q,dutch-grand-prix_corner_17,ANT,HAM,2.0,26.167,-11.167,session_best
2026,12,Dutch Grand Prix,Q,dutch-grand-prix_corner_17,LEC,HAM,4.0,21.0,-10.0,session_best
2026,12,Dutch Grand Prix,Q,dutch-grand-prix_corner_17,RUS,HAM,4.0,24.833,0.167,session_best
2026,12,Dutch Grand Prix,Q,dutch-grand-prix_corner_17,NOR,HAM,6.0,11.5,-7.0,session_best
2026,12,Dutch Grand Prix,Q,dutch-grand-prix_corner_17,PIA,HAM,6.0,26.5,-9.0,session_best
2026,12,Dutch Grand Prix,Q,dutch-grand-prix_corner_17,BEA,HAM,8.0,34.5,4.833,session_best
2026,12,Dutch Grand Prix,Q,dutch-grand-prix_corner_17,TSU,HAM,8.0,55.0,-7.5,session_best
2026,12,Dutch Grand Prix,Q,dutch-grand-prix_corner_17,VER,HAM,8.0,28.5,0.5,session_best
2026,12,Dutch Grand Prix,Q,dutch-grand-prix_corner_17,BOR,HAM,9.0,16.0,-1.5,session_best
2026,12,Dutch Grand Prix,Q,dutch-grand-prix_corner_17,LAW,HAM,9.0,18.833,3.833,session_best
2026,12,Dutch Grand Prix,Q,dutch-grand-prix_corner_17,GAS,HAM,9.0,34.833,-5.167,session_best
2026,12,Dutch Grand Prix,Q,dutch-grand-prix_corner_17,HUL,HAM,11.0,13.0,1.0,session_best
2026,12,Dutch Grand Prix,Q,dutch-grand-prix_corner_17,LIN,HAM,13.0,26.0,-1.5,session_best
2026,12,Dutch Grand Prix,Q,dutch-grand-prix_corner_17,ALB,HAM,15.0,32.0,-6.5,session_best
2026,12,Dutch Grand Prix,Q,dutch-grand-prix_corner_17,PER,HAM,16.0,26.5,5.0,session_best
2026,12,Dutch Grand Prix,Q,dutch-grand-prix_corner_17,OCO,HAM,16.0,45.833,0.5,session_best
2026,12,Dutch Grand Prix,Q,dutch-grand-prix_corner_17,COL,HAM,16.0,38.5,-4.0,session_best
2026,12,Dutch Grand Prix,Q,dutch-grand-prix_corner_17,STR,HAM,16.0,14.833,12.833,session_best
2026,12,Dutch Grand Prix,Q,dutch-grand-prix_corner_17,SAI,HAM,18.0,41.167,10.167,session_best
2026,12,Dutch Grand Prix,Q,dutch-grand-prix_corner_17,BOT,HAM,20.0,39.167,2.5,session_best
2026,12,Dutch Grand Prix,Q,dutch-grand-prix_corner_17,ALO,HAM,20.0,39.833,2.5,session_best
2026,12,Dutch Grand Prix,R,dutch-grand-prix_corner_03,SAI,SAI,0.0,0.0,0.0,session_best
2026,12,Dutch Grand Prix,R,dutch-grand-prix_corner_03,BOR,SAI,53.0,26.0,0.5,session_best
2026,12,Dutch Grand Prix,R,dutch-grand-prix_corner_03,HAM,SAI,53.0,36.0,-8.25,session_best
2026,12,Dutch Grand Prix,R,dutch-grand-prix_corner_03,LAW,SAI,54.0,34.0,-0.5,session_best
2026,12,Dutch Grand Prix,R,dutch-grand-prix_corner_03,PIA,SAI,55.0,22.0,-7.5,session_best
2026,12,Dutch Grand Prix,R,dutch-grand-prix_corner_03,ANT,SAI,55.0,29.75,-10.0,session_best
2026,12,Dutch Grand Prix,R,dutch-grand-prix_corner_03,ALB,SAI,55.0,36.75,-4.75,session_best
2026,12,Dutch Grand Prix,R,dutch-grand-prix_corner_03,LIN,SAI,55.0,29.333,-3.5,session_best
2026,12,Dutch Grand Prix,R,dutch-grand-prix_corner_03,HUL,SAI,56.0,30.25,-4.0,session_best
2026,12,Dutch Grand Prix,R,dutch-grand-prix_corner_03,RUS,SAI,56.0,20.5,-1.75,session_best
2026,12,Dutch Grand Prix,R,dutch-grand-prix_corner_03,LEC,SAI,57.0,23.25,-6.0,session_best
2026,12,Dutch Grand Prix,R,dutch-grand-prix_corner_03,COL,SAI,57.0,46.0,-7.75,session_best
2026,12,Dutch Grand Prix,R,dutch-grand-prix_corner_03,TSU,SAI,57.0,34.0,-12.75,session_best
2026,12,Dutch Grand Prix,R,dutch-grand-prix_corner_03,NOR,SAI,58.0,30.25,-13.25,session_best
2026,12,Dutch Grand Prix,R,dutch-grand-prix_corner_03,PER,SAI,58.0,34.0,0.5,session_best
2026,12,Dutch Grand Prix,R,dutch-grand-prix_corner_03,ALO,SAI,60.0,19.25,4.0,session_best
2026,12,Dutch Grand Prix,R,dutch-grand-prix_corner_03,BOT,SAI,60.0,34.5,-0.5,session_best
2026,12,Dutch Grand Prix,R,dutch-grand-prix_corner_03,GAS,SAI,60.0,36.75,-5.75,session_best
2026,12,Dutch Grand Prix,R,dutch-grand-prix_corner_03,OCO,SAI,60.0,30.0,6.167,session_best
2026,12,Dutch Grand Prix,R,dutch-grand-prix_corner_03,STR,SAI,62.0,38.0,-7.75,session_best
2026,12,Dutch Grand Prix,R,dutch-grand-prix_corner_04,PIA,PIA,0.0,0.0,0.0,session_best
2026,12,Dutch Grand Prix,R,dutch-grand-prix_corner_04,LEC,PIA,3.0,1.333,2.667,session_best
2026,12,Dutch Grand Prix,R,dutch-grand-prix_corner_04,LAW,PIA,3.0,0.333,3.0,session_best
2026,12,Dutch Grand Prix,R,dutch-grand-prix_corner_04,COL,PIA,5.0,-3.334,4.667,session_best
2026,12,Dutch Grand Prix,R,dutch-grand-prix_corner_04,HAM,PIA,5.0,-1.667,4.667,session_best
2026,12,Dutch Grand Prix,R,dutch-grand-prix_corner_04,OCO,PIA,6.0,3.0,7.334,session_best
2026,12,Dutch Grand Prix,R,dutch-grand-prix_corner_04,ANT,PIA,6.0,1.333,6.334,session_best
2026,12,Dutch Grand Prix,R,dutch-grand-prix_corner_04,NOR,PIA,7.0,-3.667,6.667,session_best
2026,12,Dutch Grand Prix,R,dutch-grand-prix_corner_04,RUS,PIA,9.0,2.0,10.334,session_best
2026,12,Dutch Grand Prix,R,dutch-grand-prix_corner_04,HUL,PIA,10.0,0.0,10.667,session_best
2026,12,Dutch Grand Prix,R,dutch-grand-prix_corner_04,BOR,PIA,11.0,4.833,10.667,session_best
2026,12,Dutch Grand Prix,R,dutch-grand-prix_corner_04,ALO,PIA,13.0,6.666,11.334,session_best
2026,12,Dutch Grand Prix,R,dutch-grand-prix_corner_04,ALB,PIA,14.0,-1.334,14.0,session_best
2026,12,Dutch Grand Prix,R,dutch-grand-prix_corner_04,LIN,PIA,14.0,-2.0,15.0,session_best
2026,12,Dutch Grand Prix,R,dutch-grand-prix_corner_04,TSU,PIA,15.0,-1.667,14.334,session_best
2026,12,Dutch Grand Prix,R,dutch-grand-prix_corner_04,GAS,PIA,17.0,-0.667,17.667,session_best
2026,12,Dutch Grand Prix,R,dutch-grand-prix_corner_04,STR,PIA,17.0,2.333,15.667,session_best
2026,12,Dutch Grand Prix,R,dutch-grand-prix_corner_04,PER,PIA,20.0,-1.667,21.0,session_best
2026,12,Dutch Grand Prix,R,dutch-grand-prix_corner_04,BOT,PIA,23.0,2.333,23.0,session_best
2026,12,Dutch Grand Prix,R,dutch-grand-prix_corner_04,SAI,PIA,55.0,46.333,52.667,session_best
2026,12,Dutch Grand Prix,R,dutch-grand-prix_corner_05,SAI,SAI,0.0,0.0,0.0,session_best
2026,12,Dutch Grand Prix,R,dutch-grand-prix_corner_05,PIA,SAI,4.0,-38.0,66.666,session_best
2026,12,Dutch Grand Prix,R,dutch-grand-prix_corner_05,RUS,SAI,6.0,-23.0,63.666,session_best
2026,12,Dutch Grand Prix,R,dutch-grand-prix_corner_05,HAM,SAI,7.0,-28.25,64.833,session_best
2026,12,Dutch Grand Prix,R,dutch-grand-prix_corner_05,LEC,SAI,9.0,-33.25,80.083,session_best
2026,12,Dutch Grand Prix,R,dutch-grand-prix_corner_05,LAW,SAI,9.0,-26.75,72.333,session_best
2026,12,Dutch Grand Prix,R,dutch-grand-prix_corner_05,ANT,SAI,9.0,-31.333,79.0,session_best
2026,12,Dutch Grand Prix,R,dutch-grand-prix_corner_05,NOR,SAI,10.0,-30.25,78.333,session_best
2026,12,Dutch Grand Prix,R,dutch-grand-prix_corner_05,PER,SAI,11.0,-17.0,75.333,session_best
2026,12,Dutch Grand Prix,R,dutch-grand-prix_corner_05,HUL,SAI,11.0,-29.0,78.666,session_best
2026,12,Dutch Grand Prix,R,dutch-grand-prix_corner_05,BOR,SAI,11.0,-25.5,84.083,session_best
2026,12,Dutch Grand Prix,R,dutch-grand-prix_corner_05,COL,SAI,12.0,-29.333,70.333,session_best
2026,12,Dutch Grand Prix,R,dutch-grand-prix_corner_05,BOT,SAI,13.0,-14.75,91.833,session_best
2026,12,Dutch Grand Prix,R,dutch-grand-prix_corner_05,ALO,SAI,13.0,-29.333,91.0,session_best
2026,12,Dutch Grand Prix,R,dutch-grand-prix_corner_05,LIN,SAI,14.0,-21.667,80.666,session_best
2026,12,Dutch Grand Prix,R,dutch-grand-prix_corner_05,GAS,SAI,14.0,-20.5,93.083,session_best
2026,12,Dutch Grand Prix,R,dutch-grand-prix_corner_05,TSU,SAI,16.0,-27.0,71.333,session_best
2026,12,Dutch Grand Prix,R,dutch-grand-prix_corner_05,STR,SAI,17.0,-4.5,78.583,session_best
2026,12,Dutch Grand Prix,R,dutch-grand-prix_corner_05,ALB,SAI,18.0,-24.25,90.083,session_best
2026,12,Dutch Grand Prix,R,dutch-grand-prix_corner_05,OCO,SAI,20.0,-20.25,77.333,session_best
2026,12,Dutch Grand Prix,R,dutch-grand-prix_corner_11,ALO,ALO,0.0,0.0,0.0,session_best
2026,12,Dutch Grand Prix,R,dutch-grand-prix_corner_11,NOR,ALO,41.0,-13.167,46.0,session_best
2026,12,Dutch Grand Prix,R,dutch-grand-prix_corner_11,HAM,ALO,46.0,-13.167,46.5,session_best
2026,12,Dutch Grand Prix,R,dutch-grand-prix_corner_11,BOR,ALO,47.0,-17.667,49.5,session_best
2026,12,Dutch Grand Prix,R,dutch-grand-prix_corner_11,GAS,ALO,49.0,2.0,40.0,session_best
2026,12,Dutch Grand Prix,R,dutch-grand-prix_corner_11,PIA,ALO,51.0,-7.667,49.0,session_best
2026,12,Dutch Grand Prix,R,dutch-grand-prix_corner_11,LEC,ALO,52.0,-15.0,52.333,session_best
2026,12,Dutch Grand Prix,R,dutch-grand-prix_corner_11,ANT,ALO,52.0,-13.667,51.667,session_best
2026,12,Dutch Grand Prix,R,dutch-grand-prix_corner_11,RUS,ALO,53.0,-5.334,50.667,session_best
2026,12,Dutch Grand Prix,R,dutch-grand-prix_corner_11,LIN,ALO,54.0,-2.0,47.333,session_best
2026,12,Dutch Grand Prix,R,dutch-grand-prix_corner_11,ALB,ALO,56.0,-0.334,57.0,session_best
2026,12,Dutch Grand Prix,R,dutch-grand-prix_corner_11,HUL,ALO,56.0,-7.0,52.0,session_best
2026,12,Dutch Grand Prix,R,dutch-grand-prix_corner_11,LAW,ALO,58.0,-6.334,56.0,session_best
2026,12,Dutch Grand Prix,R,dutch-grand-prix_corner_11,COL,ALO,60.0,0.0,57.667,session_best
2026,12,Dutch Grand Prix,R,dutch-grand-prix_corner_11,TSU,ALO,62.0,1.0,59.667,session_best
2026,12,Dutch Grand Prix,R,dutch-grand-prix_corner_11,OCO,ALO,64.0,6.0,58.667,session_best
2026,12,Dutch Grand Prix,R,dutch-grand-prix_corner_11,PER,ALO,66.0,6.666,66.667,session_best
2026,12,Dutch Grand Prix,R,dutch-grand-prix_corner_11,BOT,ALO,69.0,3.666,70.0,session_best
2026,12,Dutch Grand Prix,R,dutch-grand-prix_corner_11,STR,ALO,76.0,5.0,78.667,session_best
2026,12,Dutch Grand Prix,R,dutch-grand-prix_corner_11,SAI,ALO,80.0,34.333,31.6,session_best
2026,12,Dutch Grand Prix,R,dutch-grand-prix_corner_12,BOR,BOR,0.0,0.0,0.0,session_best
2026,12,Dutch Grand Prix,R,dutch-grand-prix_corner_12,HAM,BOR,0.0,0.5,-5.75,session_best
2026,12,Dutch Grand Prix,R,dutch-grand-prix_corner_12,NOR,BOR,1.0,-3.25,-12.833,session_best
2026,12,Dutch Grand Prix,R,dutch-grand-prix_corner_12,ANT,BOR,2.0,7.75,-7.75,session_best
2026,12,Dutch Grand Prix,R,dutch-grand-prix_corner_12,RUS,BOR,3.0,8.0,5.25,session_best
2026,12,Dutch Grand Prix,R,dutch-grand-prix_corner_12,LEC,BOR,5.0,6.25,-8.75,session_best
2026,12,Dutch Grand Prix,R,dutch-grand-prix_corner_12,PIA,BOR,5.0,0.5,-3.5,session_best
2026,12,Dutch Grand Prix,R,dutch-grand-prix_corner_12,HUL,BOR,6.0,8.5,8.5,session_best
2026,12,Dutch Grand Prix,R,dutch-grand-prix_corner_12,LIN,BOR,6.0,8.5,-2.75,session_best
2026,12,Dutch Grand Prix,R,dutch-grand-prix_corner_12,ALB,BOR,7.0,5.0,-5.5,session_best
2026,12,Dutch Grand Prix,R,dutch-grand-prix_corner_12,LAW,BOR,7.0,10.0,-8.0,session_best
2026,12,Dutch Grand Prix,R,dutch-grand-prix_corner_12,COL,BOR,7.0,9.5,1.25,session_best
2026,12,Dutch Grand Prix,R,dutch-grand-prix_corner_12,PER,BOR,8.0,13.0,4.5,session_best
2026,12,Dutch Grand Prix,R,dutch-grand-prix_corner_12,TSU,BOR,9.0,15.25,-6.5,session_best
2026,12,Dutch Grand Prix,R,dutch-grand-prix_corner_12,BOT,BOR,9.0,16.75,22.5,session_best
2026,12,Dutch Grand Prix,R,dutch-grand-prix_corner_12,ALO,BOR,10.0,-55.25,-5.25,session_best
2026,12,Dutch Grand Prix,R,dutch-grand-prix_corner_12,GAS,BOR,10.0,5.0,-13.0,session_best
2026,12,Dutch Grand Prix,R,dutch-grand-prix_corner_12,SAI,BOR,10.0,-39.85,32.9,session_best
2026,12,Dutch Grand Prix,R,dutch-grand-prix_corner_12,OCO,BOR,11.0,12.75,12.5,session_best
2026,12,Dutch Grand Prix,R,dutch-grand-prix_corner_12,STR,BOR,11.0,20.417,18.5,session_best
2026,12,Dutch Grand Prix,R,dutch-grand-prix_corner_13,SAI,SAI,0.0,0.0,0.0,session_best
2026,12,Dutch Grand Prix,R,dutch-grand-prix_corner_13,HAM,SAI,41.0,22.333,72.333,session_best
2026,12,Dutch Grand Prix,R,dutch-grand-prix_corner_13,PIA,SAI,41.0,19.333,72.333,session_best
2026,12,Dutch Grand Prix,R,dutch-grand-prix_corner_13,RUS,SAI,42.0,25.0,77.75,session_best
2026,12,Dutch Grand Prix,R,dutch-grand-prix_corner_13,BOR,SAI,44.0,25.75,76.25,session_best
2026,12,Dutch Grand Prix,R,dutch-grand-prix_corner_13,STR,SAI,45.0,38.0,76.25,session_best
2026,12,Dutch Grand Prix,R,dutch-grand-prix_corner_13,HUL,SAI,45.0,26.0,75.75,session_best
2026,12,Dutch Grand Prix,R,dutch-grand-prix_corner_13,LEC,SAI,46.0,26.5,64.0,session_best
2026,12,Dutch Grand Prix,R,dutch-grand-prix_corner_13,TSU,SAI,46.0,26.25,72.5,session_best
2026,12,Dutch Grand Prix,R,dutch-grand-prix_corner_13,PER,SAI,46.0,28.333,79.333,session_best
2026,12,Dutch Grand Prix,R,dutch-grand-prix_corner_13,NOR,SAI,46.0,13.0,84.5,session_best
2026,12,Dutch Grand Prix,R,dutch-grand-prix_corner_13,ANT,SAI,47.0,17.75,84.0,session_best
2026,12,Dutch Grand Prix,R,dutch-grand-prix_corner_13,LAW,SAI,48.0,20.0,63.0,session_best
2026,12,Dutch Grand Prix,R,dutch-grand-prix_corner_13,ALB,SAI,48.0,25.8,82.6,session_best
2026,12,Dutch Grand Prix,R,dutch-grand-prix_corner_13,LIN,SAI,50.0,26.667,84.0,session_best
2026,12,Dutch Grand Prix,R,dutch-grand-prix_corner_13,ALO,SAI,51.0,12.75,97.0,session_best
2026,12,Dutch Grand Prix,R,dutch-grand-prix_corner_13,BOT,SAI,51.0,34.667,74.0,session_best
2026,12,Dutch Grand Prix,R,dutch-grand-prix_corner_13,COL,SAI,51.0,32.5,72.0,session_best
2026,12,Dutch Grand Prix,R,dutch-grand-prix_corner_13,GAS,SAI,53.0,22.75,76.25,session_best
2026,12,Dutch Grand Prix,R,dutch-grand-prix_corner_13,OCO,SAI,53.0,41.0,79.0,session_best
2026,12,Dutch Grand Prix,R,dutch-grand-prix_corner_16,SAI,SAI,0.0,0.0,0.0,session_best
2026,12,Dutch Grand Prix,R,dutch-grand-prix_corner_16,BOT,SAI,61.0,58.083,-8.833,session_best
2026,12,Dutch Grand Prix,R,dutch-grand-prix_corner_16,NOR,SAI,61.0,54.583,7.917,session_best
2026,12,Dutch Grand Prix,R,dutch-grand-prix_corner_16,GAS,SAI,62.0,54.933,15.067,session_best
2026,12,Dutch Grand Prix,R,dutch-grand-prix_corner_16,HAM,SAI,62.0,53.583,-1.583,session_best
2026,12,Dutch Grand Prix,R,dutch-grand-prix_corner_16,RUS,SAI,62.0,54.333,0.067,session_best
2026,12,Dutch Grand Prix,R,dutch-grand-prix_corner_16,PER,SAI,63.0,56.733,6.267,session_best
2026,12,Dutch Grand Prix,R,dutch-grand-prix_corner_16,LAW,SAI,63.0,54.133,2.867,session_best
2026,12,Dutch Grand Prix,R,dutch-grand-prix_corner_16,TSU,SAI,64.0,57.833,-4.333,session_best
2026,12,Dutch Grand Prix,R,dutch-grand-prix_corner_16,COL,SAI,64.0,57.733,-0.733,session_best
2026,12,Dutch Grand Prix,R,dutch-grand-prix_corner_16,BOR,SAI,65.0,52.733,4.867,session_best
2026,12,Dutch Grand Prix,R,dutch-grand-prix_corner_16,PIA,SAI,66.0,50.583,-5.333,session_best
2026,12,Dutch Grand Prix,R,dutch-grand-prix_corner_16,LIN,SAI,67.0,59.583,2.667,session_best
2026,12,Dutch Grand Prix,R,dutch-grand-prix_corner_16,ANT,SAI,67.0,53.083,4.917,session_best
2026,12,Dutch Grand Prix,R,dutch-grand-prix_corner_16,ALB,SAI,67.0,50.333,2.917,session_best
2026,12,Dutch Grand Prix,R,dutch-grand-prix_corner_16,HUL,SAI,67.0,47.833,2.417,session_best
2026,12,Dutch Grand Prix,R,dutch-grand-prix_corner_16,ALO,SAI,68.0,6.333,52.867,session_best
2026,12,Dutch Grand Prix,R,dutch-grand-prix_corner_16,LEC,SAI,68.0,52.733,-9.533,session_best
2026,12,Dutch Grand Prix,R,dutch-grand-prix_corner_16,OCO,SAI,68.0,53.833,3.667,session_best
2026,12,Dutch Grand Prix,R,dutch-grand-prix_corner_16,STR,SAI,69.0,62.833,-8.833,session_best
2026,12,Dutch Grand Prix,R,dutch-grand-prix_corner_17,HAM,HAM,0.0,0.0,0.0,session_best
2026,12,Dutch Grand Prix,R,dutch-grand-prix_corner_17,LEC,HAM,1.0,-5.333,-3.0,session_best
2026,12,Dutch Grand Prix,R,dutch-grand-prix_corner_17,RUS,HAM,1.0,-1.333,0.333,session_best
2026,12,Dutch Grand Prix,R,dutch-grand-prix_corner_17,ANT,HAM,4.0,-1.333,5.667,session_best
2026,12,Dutch Grand Prix,R,dutch-grand-prix_corner_17,NOR,HAM,4.0,0.167,5.5,session_best
2026,12,Dutch Grand Prix,R,dutch-grand-prix_corner_17,LAW,HAM,4.0,-2.0,7.667,session_best
2026,12,Dutch Grand Prix,R,dutch-grand-prix_corner_17,BOR,HAM,6.0,-0.833,7.5,session_best
2026,12,Dutch Grand Prix,R,dutch-grand-prix_corner_17,PIA,HAM,6.0,-3.666,8.0,session_best
2026,12,Dutch Grand Prix,R,dutch-grand-prix_corner_17,COL,HAM,9.0,-5.0,5.667,session_best
2026,12,Dutch Grand Prix,R,dutch-grand-prix_corner_17,ALB,HAM,10.0,3.167,13.0,session_best
2026,12,Dutch Grand Prix,R,dutch-grand-prix_corner_17,OCO,HAM,11.0,0.334,12.333,session_best
2026,12,Dutch Grand Prix,R,dutch-grand-prix_corner_17,ALO,HAM,12.0,38.334,-3.0,session_best
2026,12,Dutch Grand Prix,R,dutch-grand-prix_corner_17,HUL,HAM,13.0,2.667,14.667,session_best
2026,12,Dutch Grand Prix,R,dutch-grand-prix_corner_17,PER,HAM,14.0,3.167,15.5,session_best
2026,12,Dutch Grand Prix,R,dutch-grand-prix_corner_17,LIN,HAM,14.0,2.0,17.0,session_best
2026,12,Dutch Grand Prix,R,dutch-grand-prix_corner_17,GAS,HAM,15.0,6.667,17.333,session_best
2026,12,Dutch Grand Prix,R,dutch-grand-prix_corner_17,STR,HAM,18.0,3.334,7.0,session_best
2026,12,Dutch Grand Prix,R,dutch-grand-prix_corner_17,SAI,HAM,19.0,48.667,-60.0,session_best
2026,12,Dutch Grand Prix,R,dutch-grand-prix_corner_17,TSU,HAM,19.0,-3.666,14.333,session_best
2026,12,Dutch Grand Prix,R,dutch-grand-prix_corner_17,BOT,HAM,22.0,-3.666,20.667,session_best
2026,12,Dutch Grand Prix,S,dutch-grand-prix_corner_02,PER,PER,0.0,0.0,0.0,session_best
2026,12,Dutch Grand Prix,S,dutch-grand-prix_corner_02,RUS,PER,2.0,-41.0,-2.917,session_best
2026,12,Dutch Grand Prix,S,dutch-grand-prix_corner_02,VER,PER,2.0,-52.0,0.333,session_best
2026,12,Dutch Grand Prix,S,dutch-grand-prix_corner_02,BOR,PER,3.0,-44.75,6.333,session_best
2026,12,Dutch Grand Prix,S,dutch-grand-prix_corner_02,NOR,PER,4.0,-37.5,0.833,session_best
2026,12,Dutch Grand Prix,S,dutch-grand-prix_corner_02,PIA,PER,4.0,-63.25,-3.667,session_best
2026,12,Dutch Grand Prix,S,dutch-grand-prix_corner_02,BEA,PER,5.0,-62.25,3.583,session_best
2026,12,Dutch Grand Prix,S,dutch-grand-prix_corner_02,GAS,PER,5.0,-35.25,0.833,session_best
2026,12,Dutch Grand Prix,S,dutch-grand-prix_corner_02,TSU,PER,6.0,-42.5,0.583,session_best
2026,12,Dutch Grand Prix,S,dutch-grand-prix_corner_02,ANT,PER,7.0,-64.0,11.333,session_best
2026,12,Dutch Grand Prix,S,dutch-grand-prix_corner_02,COL,PER,7.0,-42.5,0.083,session_best
2026,12,Dutch Grand Prix,S,dutch-grand-prix_corner_02,OCO,PER,7.0,-49.5,-0.167,session_best
2026,12,Dutch Grand Prix,S,dutch-grand-prix_corner_02,BOT,PER,7.0,-60.0,3.083,session_best
2026,12,Dutch Grand Prix,S,dutch-grand-prix_corner_02,LIN,PER,7.0,-66.5,6.333,session_best
2026,12,Dutch Grand Prix,S,dutch-grand-prix_corner_02,SAI,PER,7.0,-60.0,-2.167,session_best
2026,12,Dutch Grand Prix,S,dutch-grand-prix_corner_02,HUL,PER,8.0,-30.25,3.833,session_best
2026,12,Dutch Grand Prix,S,dutch-grand-prix_corner_02,LAW,PER,9.0,-85.5,6.833,session_best
2026,12,Dutch Grand Prix,S,dutch-grand-prix_corner_02,ALO,PER,9.0,-41.0,-3.167,session_best
2026,12,Dutch Grand Prix,S,dutch-grand-prix_corner_02,HAM,PER,9.0,-68.5,8.333,session_best
2026,12,Dutch Grand Prix,S,dutch-grand-prix_corner_02,LEC,PER,9.0,-46.75,-7.417,session_best
2026,12,Dutch Grand Prix,S,dutch-grand-prix_corner_02,ALB,PER,10.0,-57.5,14.583,session_best
2026,12,Dutch Grand Prix,S,dutch-grand-prix_corner_02,STR,PER,10.0,-51.0,2.583,session_best
2026,12,Dutch Grand Prix,S,dutch-grand-prix_corner_04,RUS,RUS,0.0,0.0,0.0,session_best
2026,12,Dutch Grand Prix,S,dutch-grand-prix_corner_04,NOR,RUS,0.0,-5.083,1.583,session_best
2026,12,Dutch Grand Prix,S,dutch-grand-prix_corner_04,BEA,RUS,4.0,1.5,8.25,session_best
2026,12,Dutch Grand Prix,S,dutch-grand-prix_corner_04,PER,RUS,5.0,4.25,8.5,session_best
2026,12,Dutch Grand Prix,S,dutch-grand-prix_corner_04,HAM,RUS,8.0,2.5,9.75,session_best
2026,12,Dutch Grand Prix,S,dutch-grand-prix_corner_04,LEC,RUS,8.0,2.5,8.25,session_best
2026,12,Dutch Grand Prix,S,dutch-grand-prix_corner_04,PIA,RUS,8.0,1.25,10.917,session_best
2026,12,Dutch Grand Prix,S,dutch-grand-prix_corner_04,ANT,RUS,9.0,0.25,5.583,session_best
2026,12,Dutch Grand Prix,S,dutch-grand-prix_corner_04,LAW,RUS,9.0,-2.25,15.0,session_best
2026,12,Dutch Grand Prix,S,dutch-grand-prix_corner_04,LIN,RUS,10.0,7.75,15.25,session_best
2026,12,Dutch Grand Prix,S,dutch-grand-prix_corner_04,VER,RUS,10.0,-3.0,8.25,session_best
2026,12,Dutch Grand Prix,S,dutch-grand-prix_corner_04,SAI,RUS,12.0,5.75,15.0,session_best
2026,12,Dutch Grand Prix,S,dutch-grand-prix_corner_04,COL,RUS,13.0,2.25,11.583,session_best
2026,12,Dutch Grand Prix,S,dutch-grand-prix_corner_04,BOR,RUS,13.0,-2.5,16.5,session_best
2026,12,Dutch Grand Prix,S,dutch-grand-prix_corner_04,STR,RUS,13.0,13.75,12.75,session_best
2026,12,Dutch Grand Prix,S,dutch-grand-prix_corner_04,HUL,RUS,14.0,11.75,20.75,session_best
2026,12,Dutch Grand Prix,S,dutch-grand-prix_corner_04,ALO,RUS,14.0,16.5,10.5,session_best
2026,12,Dutch Grand Prix,S,dutch-grand-prix_corner_04,BOT,RUS,14.0,11.25,16.0,session_best
2026,12,Dutch Grand Prix,S,dutch-grand-prix_corner_04,TSU,RUS,16.0,9.583,13.25,session_best
2026,12,Dutch Grand Prix,S,dutch-grand-prix_corner_04,OCO,RUS,16.0,4.25,15.917,session_best
2026,12,Dutch Grand Prix,S,dutch-grand-prix_corner_04,GAS,RUS,17.0,6.917,22.25,session_best
2026,12,Dutch Grand Prix,S,dutch-grand-prix_corner_04,ALB,RUS,18.0,8.5,16.75,session_best
2026,12,Dutch Grand Prix,S,dutch-grand-prix_corner_10,RUS,RUS,0.0,0.0,0.0,session_best
2026,12,Dutch Grand Prix,S,dutch-grand-prix_corner_10,ANT,RUS,4.0,-1.666,6.334,session_best
2026,12,Dutch Grand Prix,S,dutch-grand-prix_corner_10,HAM,RUS,4.0,-13.333,1.0,session_best
2026,12,Dutch Grand Prix,S,dutch-grand-prix_corner_10,VER,RUS,4.0,-3.833,-0.833,session_best
2026,12,Dutch Grand Prix,S,dutch-grand-prix_corner_10,HUL,RUS,6.0,-19.0,6.0,session_best
2026,12,Dutch Grand Prix,S,dutch-grand-prix_corner_10,NOR,RUS,6.0,-12.333,2.667,session_best
2026,12,Dutch Grand Prix,S,dutch-grand-prix_corner_10,LEC,RUS,7.0,-19.0,4.0,session_best
2026,12,Dutch Grand Prix,S,dutch-grand-prix_corner_10,LAW,RUS,7.0,-17.833,5.667,session_best
2026,12,Dutch Grand Prix,S,dutch-grand-prix_corner_10,OCO,RUS,8.0,2.667,5.667,session_best
2026,12,Dutch Grand Prix,S,dutch-grand-prix_corner_10,PIA,RUS,9.0,-9.0,0.667,session_best
2026,12,Dutch Grand Prix,S,dutch-grand-prix_corner_10,BOR,RUS,11.0,12.667,8.667,session_best
2026,12,Dutch Grand Prix,S,dutch-grand-prix_corner_10,TSU,RUS,11.0,1.667,6.667,session_best
2026,12,Dutch Grand Prix,S,dutch-grand-prix_corner_10,GAS,RUS,11.0,-10.833,2.667,session_best
2026,12,Dutch Grand Prix,S,dutch-grand-prix_corner_10,BEA,RUS,12.0,-7.0,10.334,session_best
2026,12,Dutch Grand Prix,S,dutch-grand-prix_corner_10,BOT,RUS,14.0,9.667,11.0,session_best
2026,12,Dutch Grand Prix,S,dutch-grand-prix_corner_10,PER,RUS,14.0,9.667,11.667,session_best
2026,12,Dutch Grand Prix,S,dutch-grand-prix_corner_10,SAI,RUS,15.0,5.0,12.667,session_best
2026,12,Dutch Grand Prix,S,dutch-grand-prix_corner_10,COL,RUS,15.0,10.334,1.667,session_best
2026,12,Dutch Grand Prix,S,dutch-grand-prix_corner_10,ALO,RUS,16.0,0.667,9.667,session_best
2026,12,Dutch Grand Prix,S,dutch-grand-prix_corner_10,LIN,RUS,17.0,-8.666,8.334,session_best
2026,12,Dutch Grand Prix,S,dutch-grand-prix_corner_10,STR,RUS,19.0,-3.333,11.167,session_best
2026,12,Dutch Grand Prix,S,dutch-grand-prix_corner_10,ALB,RUS,20.0,6.667,9.334,session_best
2026,12,Dutch Grand Prix,S,dutch-grand-prix_corner_11,RUS,RUS,0.0,0.0,0.0,session_best
2026,12,Dutch Grand Prix,S,dutch-grand-prix_corner_11,VER,RUS,0.0,6.75,7.5,session_best
2026,12,Dutch Grand Prix,S,dutch-grand-prix_corner_11,HUL,RUS,1.0,11.25,6.5,session_best
2026,12,Dutch Grand Prix,S,dutch-grand-prix_corner_11,NOR,RUS,2.0,11.25,-0.25,session_best
2026,12,Dutch Grand Prix,S,dutch-grand-prix_corner_11,PER,RUS,2.0,17.0,5.75,session_best
2026,12,Dutch Grand Prix,S,dutch-grand-prix_corner_11,PIA,RUS,5.0,9.25,4.0,session_best
2026,12,Dutch Grand Prix,S,dutch-grand-prix_corner_11,LIN,RUS,5.0,-4.0,17.0,session_best
2026,12,Dutch Grand Prix,S,dutch-grand-prix_corner_11,ANT,RUS,6.0,49.25,-9.75,session_best
2026,12,Dutch Grand Prix,S,dutch-grand-prix_corner_11,SAI,RUS,6.0,10.0,10.5,session_best
2026,12,Dutch Grand Prix,S,dutch-grand-prix_corner_11,LEC,RUS,6.0,18.75,-2.25,session_best
2026,12,Dutch Grand Prix,S,dutch-grand-prix_corner_11,ALO,RUS,7.0,27.25,13.75,session_best
2026,12,Dutch Grand Prix,S,dutch-grand-prix_corner_11,GAS,RUS,7.0,-5.083,3.333,session_best
2026,12,Dutch Grand Prix,S,dutch-grand-prix_corner_11,BOR,RUS,7.0,30.75,1.25,session_best
2026,12,Dutch Grand Prix,S,dutch-grand-prix_corner_11,BOT,RUS,9.0,24.25,11.8,session_best
2026,12,Dutch Grand Prix,S,dutch-grand-prix_corner_11,HAM,RUS,9.0,9.5,8.25,session_best
2026,12,Dutch Grand Prix,S,dutch-grand-prix_corner_11,TSU,RUS,9.0,12.25,4.0,session_best
2026,12,Dutch Grand Prix,S,dutch-grand-prix_corner_11,OCO,RUS,10.0,25.75,5.0,session_best
2026,12,Dutch Grand Prix,S,dutch-grand-prix_corner_11,ALB,RUS,10.0,25.0,1.0,session_best
2026,12,Dutch Grand Prix,S,dutch-grand-prix_corner_11,LAW,RUS,10.0,0.583,22.667,session_best
2026,12,Dutch Grand Prix,S,dutch-grand-prix_corner_11,BEA,RUS,12.0,29.05,2.2,session_best
2026,12,Dutch Grand Prix,S,dutch-grand-prix_corner_11,STR,RUS,13.0,18.45,7.0,session_best
2026,12,Dutch Grand Prix,S,dutch-grand-prix_corner_11,COL,RUS,15.0,31.25,-3.5,session_best
2026,12,Dutch Grand Prix,S,dutch-grand-prix_corner_12,VER,VER,0.0,0.0,0.0,session_best
2026,12,Dutch Grand Prix,S,dutch-grand-prix_corner_12,HAM,VER,1.0,6.5,0.0,session_best
2026,12,Dutch Grand Prix,S,dutch-grand-prix_corner_12,HUL,VER,2.0,10.167,-1.167,session_best
2026,12,Dutch Grand Prix,S,dutch-grand-prix_corner_12,PER,VER,2.0,5.5,1.5,session_best
2026,12,Dutch Grand Prix,S,dutch-grand-prix_corner_12,BEA,VER,2.0,10.25,0.0,session_best
2026,12,Dutch Grand Prix,S,dutch-grand-prix_corner_12,RUS,VER,2.0,-1.5,-4.5,session_best
2026,12,Dutch Grand Prix,S,dutch-grand-prix_corner_12,NOR,VER,3.0,1.25,5.75,session_best
2026,12,Dutch Grand Prix,S,dutch-grand-prix_corner_12,PIA,VER,3.0,-2.167,0.167,session_best
2026,12,Dutch Grand Prix,S,dutch-grand-prix_corner_12,LEC,VER,3.0,13.0,-14.0,session_best
2026,12,Dutch Grand Prix,S,dutch-grand-prix_corner_12,LIN,VER,4.0,4.5,10.0,session_best
2026,12,Dutch Grand Prix,S,dutch-grand-prix_corner_12,GAS,VER,4.0,2.5,0.5,session_best
2026,12,Dutch Grand Prix,S,dutch-grand-prix_corner_12,LAW,VER,4.0,1.75,10.75,session_best
2026,12,Dutch Grand Prix,S,dutch-grand-prix_corner_12,COL,VER,4.0,9.75,0.75,session_best
2026,12,Dutch Grand Prix,S,dutch-grand-prix_corner_12,OCO,VER,5.0,8.5,1.0,session_best
2026,12,Dutch Grand Prix,S,dutch-grand-prix_corner_12,ALO,VER,6.0,13.0,2.5,session_best
2026,12,Dutch Grand Prix,S,dutch-grand-prix_corner_12,BOT,VER,7.0,12.5,3.75,session_best
2026,12,Dutch Grand Prix,S,dutch-grand-prix_corner_12,ANT,VER,7.0,3.0,-14.75,session_best
2026,12,Dutch Grand Prix,S,dutch-grand-prix_corner_12,ALB,VER,7.0,11.25,3.75,session_best
2026,12,Dutch Grand Prix,S,dutch-grand-prix_corner_12,SAI,VER,7.0,22.0,5.0,session_best
2026,12,Dutch Grand Prix,S,dutch-grand-prix_corner_12,BOR,VER,8.0,15.5,-6.9,session_best
2026,12,Dutch Grand Prix,S,dutch-grand-prix_corner_12,TSU,VER,9.0,10.75,11.25,session_best
2026,12,Dutch Grand Prix,S,dutch-grand-prix_corner_12,STR,VER,15.0,9.5,9.0,session_best
2026,12,Dutch Grand Prix,S,dutch-grand-prix_corner_15,COL,COL,0.0,0.0,0.0,session_best
2026,12,Dutch Grand Prix,S,dutch-grand-prix_corner_15,SAI,COL,2.0,66.0,2.0,session_best
2026,12,Dutch Grand Prix,S,dutch-grand-prix_corner_15,PER,COL,22.0,135.8,8.0,session_best
2026,12,Dutch Grand Prix,S,dutch-grand-prix_corner_15,GAS,COL,24.0,52.0,18.333,session_best
2026,12,Dutch Grand Prix,S,dutch-grand-prix_corner_15,BOT,COL,24.0,121.8,-1.2,session_best
2026,12,Dutch Grand Prix,S,dutch-grand-prix_corner_15,LIN,COL,25.0,110.8,10.0,session_best
2026,12,Dutch Grand Prix,S,dutch-grand-prix_corner_15,RUS,COL,25.0,123.0,-5.4,session_best
2026,12,Dutch Grand Prix,S,dutch-grand-prix_corner_15,BEA,COL,26.0,130.833,0.0,session_best
2026,12,Dutch Grand Prix,S,dutch-grand-prix_corner_15,OCO,COL,26.0,134.25,-12.0,session_best
2026,12,Dutch Grand Prix,S,dutch-grand-prix_corner_15,TSU,COL,26.0,122.75,-13.0,session_best
2026,12,Dutch Grand Prix,S,dutch-grand-prix_corner_15,HUL,COL,27.0,114.0,11.4,session_best
2026,12,Dutch Grand Prix,S,dutch-grand-prix_corner_15,STR,COL,27.0,118.0,3.2,session_best
2026,12,Dutch Grand Prix,S,dutch-grand-prix_corner_15,VER,COL,27.0,134.25,-9.0,session_best
2026,12,Dutch Grand Prix,S,dutch-grand-prix_corner_15,ALO,COL,28.0,92.6,14.0,session_best
2026,12,Dutch Grand Prix,S,dutch-grand-prix_corner_15,NOR,COL,28.0,127.4,-1.6,session_best
2026,12,Dutch Grand Prix,S,dutch-grand-prix_corner_15,ANT,COL,29.0,139.8,-26.4,session_best
2026,12,Dutch Grand Prix,S,dutch-grand-prix_corner_15,LAW,COL,30.0,98.75,10.25,session_best
2026,12,Dutch Grand Prix,S,dutch-grand-prix_corner_15,BOR,COL,30.0,145.0,-17.75,session_best
2026,12,Dutch Grand Prix,S,dutch-grand-prix_corner_15,PIA,COL,30.0,97.25,9.75,session_best
2026,12,Dutch Grand Prix,S,dutch-grand-prix_corner_15,ALB,COL,31.0,96.6,6.6,session_best
2026,12,Dutch Grand Prix,S,dutch-grand-prix_corner_15,HAM,COL,31.0,100.75,12.25,session_best
2026,12,Dutch Grand Prix,S,dutch-grand-prix_corner_15,LEC,COL,32.0,122.2,-5.0,session_best
2026,12,Dutch Grand Prix,S,dutch-grand-prix_corner_16,ANT,ANT,0.0,0.0,0.0,session_best
2026,12,Dutch Grand Prix,S,dutch-grand-prix_corner_16,BOR,ANT,17.0,15.833,-3.167,session_best
2026,12,Dutch Grand Prix,S,dutch-grand-prix_corner_16,TSU,ANT,19.0,22.167,4.5,session_best
2026,12,Dutch Grand Prix,S,dutch-grand-prix_corner_16,VER,ANT,26.0,28.167,-15.5,session_best
2026,12,Dutch Grand Prix,S,dutch-grand-prix_corner_16,OCO,ANT,27.0,26.833,-12.833,session_best
2026,12,Dutch Grand Prix,S,dutch-grand-prix_corner_16,RUS,ANT,28.0,30.167,-30.833,session_best
2026,12,Dutch Grand Prix,S,dutch-grand-prix_corner_16,STR,ANT,28.0,25.5,-25.167,session_best
2026,12,Dutch Grand Prix,S,dutch-grand-prix_corner_16,HAM,ANT,29.0,36.0,-33.5,session_best
2026,12,Dutch Grand Prix,S,dutch-grand-prix_corner_16,LEC,ANT,32.0,27.167,-13.5,session_best
2026,12,Dutch Grand Prix,S,dutch-grand-prix_corner_16,NOR,ANT,33.0,39.5,-42.0,session_best
2026,12,Dutch Grand Prix,S,dutch-grand-prix_corner_16,PER,ANT,33.0,36.0,-15.0,session_best
2026,12,Dutch Grand Prix,S,dutch-grand-prix_corner_16,BEA,ANT,34.0,28.167,-5.833,session_best
2026,12,Dutch Grand Prix,S,dutch-grand-prix_corner_16,BOT,ANT,37.0,39.833,-27.167,session_best
2026,12,Dutch Grand Prix,S,dutch-grand-prix_corner_16,ALB,ANT,41.0,36.833,-22.5,session_best
2026,12,Dutch Grand Prix,S,dutch-grand-prix_corner_16,PIA,ANT,42.0,38.833,-32.167,session_best
2026,12,Dutch Grand Prix,S,dutch-grand-prix_corner_16,LIN,ANT,43.0,47.167,-28.5,session_best
2026,12,Dutch Grand Prix,S,dutch-grand-prix_corner_16,HUL,ANT,49.0,49.833,-30.5,session_best
2026,12,Dutch Grand Prix,S,dutch-grand-prix_corner_16,LAW,ANT,52.0,49.833,-38.833,session_best
2026,12,Dutch Grand Prix,S,dutch-grand-prix_corner_16,ALO,ANT,58.0,59.833,-28.167,session_best
2026,12,Dutch Grand Prix,S,dutch-grand-prix_corner_16,SAI,ANT,64.0,74.833,-49.833,session_best
2026,12,Dutch Grand Prix,S,dutch-grand-prix_corner_16,COL,ANT,78.0,76.0,-41.5,session_best
2026,12,Dutch Grand Prix,S,dutch-grand-prix_corner_16,GAS,ANT,85.0,92.167,-52.167,session_best
2026,12,Dutch Grand Prix,S,dutch-grand-prix_corner_17,RUS,RUS,0.0,0.0,0.0,session_best
2026,12,Dutch Grand Prix,S,dutch-grand-prix_corner_17,NOR,RUS,3.0,-2.167,0.167,session_best
2026,12,Dutch Grand Prix,S,dutch-grand-prix_corner_17,VER,RUS,4.0,11.5,-2.5,session_best
2026,12,Dutch Grand Prix,S,dutch-grand-prix_corner_17,HAM,RUS,5.0,1.167,5.833,session_best
2026,12,Dutch Grand Prix,S,dutch-grand-prix_corner_17,ANT,RUS,5.0,11.5,-3.0,session_best
2026,12,Dutch Grand Prix,S,dutch-grand-prix_corner_17,LEC,RUS,5.0,13.0,2.5,session_best
2026,12,Dutch Grand Prix,S,dutch-grand-prix_corner_17,BEA,RUS,7.0,12.833,13.833,session_best
2026,12,Dutch Grand Prix,S,dutch-grand-prix_corner_17,PER,RUS,7.0,17.5,5.0,session_best
2026,12,Dutch Grand Prix,S,dutch-grand-prix_corner_17,LIN,RUS,9.0,11.167,14.167,session_best
2026,12,Dutch Grand Prix,S,dutch-grand-prix_corner_17,COL,RUS,9.0,-32.833,42.833,session_best
2026,12,Dutch Grand Prix,S,dutch-grand-prix_corner_17,BOR,RUS,10.0,19.167,2.833,session_best
2026,12,Dutch Grand Prix,S,dutch-grand-prix_corner_17,OCO,RUS,11.0,16.5,1.167,session_best
2026,12,Dutch Grand Prix,S,dutch-grand-prix_corner_17,HUL,RUS,12.0,15.167,13.5,session_best
2026,12,Dutch Grand Prix,S,dutch-grand-prix_corner_17,GAS,RUS,12.0,-18.833,27.5,session_best
2026,12,Dutch Grand Prix,S,dutch-grand-prix_corner_17,PIA,RUS,13.0,7.833,6.5,session_best
2026,12,Dutch Grand Prix,S,dutch-grand-prix_corner_17,TSU,RUS,13.0,23.833,-0.833,session_best
2026,12,Dutch Grand Prix,S,dutch-grand-prix_corner_17,ALB,RUS,13.0,8.5,11.167,session_best
2026,12,Dutch Grand Prix,S,dutch-grand-prix_corner_17,LAW,RUS,13.0,6.167,5.5,session_best
2026,12,Dutch Grand Prix,S,dutch-grand-prix_corner_17,ALO,RUS,14.0,7.5,11.5,session_best
2026,12,Dutch Grand Prix,S,dutch-grand-prix_corner_17,BOT,RUS,16.0,21.5,7.5,session_best
2026,12,Dutch Grand Prix,S,dutch-grand-prix_corner_17,SAI,RUS,16.0,-8.5,23.5,session_best
2026,12,Dutch Grand Prix,S,dutch-grand-prix_corner_17,STR,RUS,17.0,14.167,8.833,session_best
2026,12,Dutch Grand Prix,SQ,dutch-grand-prix_corner_02,PIA,PIA,0.0,0.0,0.0,session_best
2026,12,Dutch Grand Prix,SQ,dutch-grand-prix_corner_02,BOR,PIA,2.0,22.667,-15.333,session_best
2026,12,Dutch Grand Prix,SQ,dutch-grand-prix_corner_02,VER,PIA,2.0,39.333,-16.0,session_best
2026,12,Dutch Grand Prix,SQ,dutch-grand-prix_corner_02,RUS,PIA,2.0,17.75,-5.083,session_best
2026,12,Dutch Grand Prix,SQ,dutch-grand-prix_corner_02,HAM,PIA,2.0,6.667,-3.333,session_best
2026,12,Dutch Grand Prix,SQ,dutch-grand-prix_corner_02,ANT,PIA,3.0,5.667,-12.0,session_best
2026,12,Dutch Grand Prix,SQ,dutch-grand-prix_corner_02,TSU,PIA,3.0,-14.333,-1.0,session_best
2026,12,Dutch Grand Prix,SQ,dutch-grand-prix_corner_02,GAS,PIA,3.0,44.333,-12.0,session_best
2026,12,Dutch Grand Prix,SQ,dutch-grand-prix_corner_02,LIN,PIA,3.0,-5.75,1.667,session_best
2026,12,Dutch Grand Prix,SQ,dutch-grand-prix_corner_02,ALO,PIA,4.0,54.0,-9.666,session_best
2026,12,Dutch Grand Prix,SQ,dutch-grand-prix_corner_02,HUL,PIA,4.0,13.5,-2.583,session_best
2026,12,Dutch Grand Prix,SQ,dutch-grand-prix_corner_02,OCO,PIA,5.0,14.25,-5.583,session_best
2026,12,Dutch Grand Prix,SQ,dutch-grand-prix_corner_02,LAW,PIA,5.0,39.75,-3.833,session_best
2026,12,Dutch Grand Prix,SQ,dutch-grand-prix_corner_02,NOR,PIA,5.0,-6.333,-1.0,session_best
2026,12,Dutch Grand Prix,SQ,dutch-grand-prix_corner_02,LEC,PIA,5.0,-0.333,-11.333,session_best
2026,12,Dutch Grand Prix,SQ,dutch-grand-prix_corner_02,COL,PIA,7.0,40.75,-5.083,session_best
2026,12,Dutch Grand Prix,SQ,dutch-grand-prix_corner_02,ALB,PIA,7.0,15.0,-5.666,session_best
2026,12,Dutch Grand Prix,SQ,dutch-grand-prix_corner_02,STR,PIA,7.0,41.667,-16.666,session_best
2026,12,Dutch Grand Prix,SQ,dutch-grand-prix_corner_02,PER,PIA,8.0,9.667,6.334,session_best
2026,12,Dutch Grand Prix,SQ,dutch-grand-prix_corner_02,BEA,PIA,8.0,31.0,1.417,session_best
2026,12,Dutch Grand Prix,SQ,dutch-grand-prix_corner_02,SAI,PIA,9.0,50.0,-6.333,session_best
2026,12,Dutch Grand Prix,SQ,dutch-grand-prix_corner_02,BOT,PIA,10.0,23.75,5.917,session_best
2026,12,Dutch Grand Prix,SQ,dutch-grand-prix_corner_04,BEA,BEA,0.0,0.0,0.0,session_best
2026,12,Dutch Grand Prix,SQ,dutch-grand-prix_corner_04,LEC,BEA,1.0,-25.0,4.333,session_best
2026,12,Dutch Grand Prix,SQ,dutch-grand-prix_corner_04,RUS,BEA,1.0,-19.0,2.333,session_best
2026,12,Dutch Grand Prix,SQ,dutch-grand-prix_corner_04,VER,BEA,3.0,-13.667,7.666,session_best
2026,12,Dutch Grand Prix,SQ,dutch-grand-prix_corner_04,ANT,BEA,3.0,-18.667,0.0,session_best
2026,12,Dutch Grand Prix,SQ,dutch-grand-prix_corner_04,NOR,BEA,4.0,-20.0,8.666,session_best
2026,12,Dutch Grand Prix,SQ,dutch-grand-prix_corner_04,HAM,BEA,5.0,-13.333,9.333,session_best
2026,12,Dutch Grand Prix,SQ,dutch-grand-prix_corner_04,LAW,BEA,5.0,-10.0,6.666,session_best
2026,12,Dutch Grand Prix,SQ,dutch-grand-prix_corner_04,BOR,BEA,5.0,-9.0,8.083,session_best
2026,12,Dutch Grand Prix,SQ,dutch-grand-prix_corner_04,LIN,BEA,6.0,-3.667,4.0,session_best
2026,12,Dutch Grand Prix,SQ,dutch-grand-prix_corner_04,PIA,BEA,7.0,-23.0,8.666,session_best
2026,12,Dutch Grand Prix,SQ,dutch-grand-prix_corner_04,OCO,BEA,8.0,-28.333,15.0,session_best
2026,12,Dutch Grand Prix,SQ,dutch-grand-prix_corner_04,PER,BEA,10.0,-4.0,16.666,session_best
2026,12,Dutch Grand Prix,SQ,dutch-grand-prix_corner_04,COL,BEA,11.0,-7.5,12.833,session_best
2026,12,Dutch Grand Prix,SQ,dutch-grand-prix_corner_04,HUL,BEA,11.0,-1.333,13.333,session_best
2026,12,Dutch Grand Prix,SQ,dutch-grand-prix_corner_04,TSU,BEA,12.0,-13.333,14.666,session_best
2026,12,Dutch Grand Prix,SQ,dutch-grand-prix_corner_04,SAI,BEA,12.0,0.0,13.333,session_best
2026,12,Dutch Grand Prix,SQ,dutch-grand-prix_corner_04,ALO,BEA,16.0,1.0,18.333,session_best
2026,12,Dutch Grand Prix,SQ,dutch-grand-prix_corner_04,GAS,BEA,16.0,-10.5,17.583,session_best
2026,12,Dutch Grand Prix,SQ,dutch-grand-prix_corner_04,BOT,BEA,17.0,0.25,17.333,session_best
2026,12,Dutch Grand Prix,SQ,dutch-grand-prix_corner_04,STR,BEA,17.0,-5.0,20.333,session_best
2026,12,Dutch Grand Prix,SQ,dutch-grand-prix_corner_04,ALB,BEA,18.0,-15.0,17.0,session_best
2026,12,Dutch Grand Prix,SQ,dutch-grand-prix_corner_05,ALB,ALB,0.0,0.0,0.0,session_best
2026,12,Dutch Grand Prix,SQ,dutch-grand-prix_corner_05,ANT,ALB,19.0,15.5,-1.0,session_best
2026,12,Dutch Grand Prix,SQ,dutch-grand-prix_corner_05,LEC,ALB,20.0,15.5,-3.5,session_best
2026,12,Dutch Grand Prix,SQ,dutch-grand-prix_corner_05,RUS,ALB,24.0,21.5,-7.0,session_best
2026,12,Dutch Grand Prix,SQ,dutch-grand-prix_corner_05,PIA,ALB,27.0,24.5,-2.5,session_best
2026,12,Dutch Grand Prix,SQ,dutch-grand-prix_corner_05,BOR,ALB,28.0,26.0,3.5,session_best
2026,12,Dutch Grand Prix,SQ,dutch-grand-prix_corner_05,BEA,ALB,29.0,25.833,3.0,session_best
2026,12,Dutch Grand Prix,SQ,dutch-grand-prix_corner_05,LIN,ALB,29.0,20.5,-2.5,session_best
2026,12,Dutch Grand Prix,SQ,dutch-grand-prix_corner_05,HUL,ALB,30.0,28.5,1.5,session_best
2026,12,Dutch Grand Prix,SQ,dutch-grand-prix_corner_05,NOR,ALB,32.0,29.0,0.5,session_best
2026,12,Dutch Grand Prix,SQ,dutch-grand-prix_corner_05,HAM,ALB,33.0,29.5,2.0,session_best
2026,12,Dutch Grand Prix,SQ,dutch-grand-prix_corner_05,ALO,ALB,33.0,32.0,-1.0,session_best
2026,12,Dutch Grand Prix,SQ,dutch-grand-prix_corner_05,TSU,ALB,34.0,32.0,-6.0,session_best
2026,12,Dutch Grand Prix,SQ,dutch-grand-prix_corner_05,VER,ALB,35.0,33.0,-1.5,session_best
2026,12,Dutch Grand Prix,SQ,dutch-grand-prix_corner_05,SAI,ALB,35.0,34.0,5.0,session_best
2026,12,Dutch Grand Prix,SQ,dutch-grand-prix_corner_05,COL,ALB,36.0,34.0,-1.0,session_best
2026,12,Dutch Grand Prix,SQ,dutch-grand-prix_corner_05,LAW,ALB,36.0,33.5,6.333,session_best
2026,12,Dutch Grand Prix,SQ,dutch-grand-prix_corner_05,GAS,ALB,37.0,33.0,-0.5,session_best
2026,12,Dutch Grand Prix,SQ,dutch-grand-prix_corner_05,BOT,ALB,38.0,38.0,3.5,session_best
2026,12,Dutch Grand Prix,SQ,dutch-grand-prix_corner_05,OCO,ALB,39.0,36.5,2.5,session_best
2026,12,Dutch Grand Prix,SQ,dutch-grand-prix_corner_05,PER,ALB,43.0,39.833,6.667,session_best
2026,12,Dutch Grand Prix,SQ,dutch-grand-prix_corner_05,STR,ALB,44.0,41.0,5.5,session_best
2026,12,Dutch Grand Prix,SQ,dutch-grand-prix_corner_11,RUS,RUS,0.0,0.0,0.0,session_best
2026,12,Dutch Grand Prix,SQ,dutch-grand-prix_corner_11,LEC,RUS,0.0,0.583,-4.25,session_best
2026,12,Dutch Grand Prix,SQ,dutch-grand-prix_corner_11,ANT,RUS,2.0,1.583,-3.25,session_best
2026,12,Dutch Grand Prix,SQ,dutch-grand-prix_corner_11,VER,RUS,3.0,9.25,-1.917,session_best
2026,12,Dutch Grand Prix,SQ,dutch-grand-prix_corner_11,NOR,RUS,4.0,-11.083,-3.917,session_best
2026,12,Dutch Grand Prix,SQ,dutch-grand-prix_corner_11,BOR,RUS,5.0,-2.083,-9.583,session_best
2026,12,Dutch Grand Prix,SQ,dutch-grand-prix_corner_11,HAM,RUS,5.0,-10.75,1.25,session_best
2026,12,Dutch Grand Prix,SQ,dutch-grand-prix_corner_11,HUL,RUS,6.0,30.75,-1.75,session_best
2026,12,Dutch Grand Prix,SQ,dutch-grand-prix_corner_11,LIN,RUS,6.0,-9.5,4.75,session_best
2026,12,Dutch Grand Prix,SQ,dutch-grand-prix_corner_11,GAS,RUS,7.0,29.917,-4.917,session_best
2026,12,Dutch Grand Prix,SQ,dutch-grand-prix_corner_11,LAW,RUS,7.0,7.75,-2.75,session_best
2026,12,Dutch Grand Prix,SQ,dutch-grand-prix_corner_11,COL,RUS,7.0,21.917,17.083,session_best
2026,12,Dutch Grand Prix,SQ,dutch-grand-prix_corner_11,PIA,RUS,7.0,2.25,-1.5,session_best
2026,12,Dutch Grand Prix,SQ,dutch-grand-prix_corner_11,BEA,RUS,8.0,9.25,1.417,session_best
2026,12,Dutch Grand Prix,SQ,dutch-grand-prix_corner_11,SAI,RUS,9.0,9.75,2.5,session_best
2026,12,Dutch Grand Prix,SQ,dutch-grand-prix_corner_11,OCO,RUS,9.0,6.0,6.75,session_best
2026,12,Dutch Grand Prix,SQ,dutch-grand-prix_corner_11,BOT,RUS,9.0,28.25,10.75,session_best
2026,12,Dutch Grand Prix,SQ,dutch-grand-prix_corner_11,ALO,RUS,11.0,31.583,-11.25,session_best
2026,12,Dutch Grand Prix,SQ,dutch-grand-prix_corner_11,TSU,RUS,11.0,1.5,-4.25,session_best
2026,12,Dutch Grand Prix,SQ,dutch-grand-prix_corner_11,PER,RUS,12.0,27.25,6.25,session_best
2026,12,Dutch Grand Prix,SQ,dutch-grand-prix_corner_11,STR,RUS,12.0,3.25,-6.583,session_best
2026,12,Dutch Grand Prix,SQ,dutch-grand-prix_corner_11,ALB,RUS,13.0,61.25,-6.917,session_best
2026,12,Dutch Grand Prix,SQ,dutch-grand-prix_corner_12,HAM,HAM,0.0,0.0,0.0,session_best
2026,12,Dutch Grand Prix,SQ,dutch-grand-prix_corner_12,LEC,HAM,1.0,-6.833,-7.25,session_best
2026,12,Dutch Grand Prix,SQ,dutch-grand-prix_corner_12,NOR,HAM,4.0,-6.833,-7.583,session_best
2026,12,Dutch Grand Prix,SQ,dutch-grand-prix_corner_12,RUS,HAM,5.0,-5.833,-7.917,session_best
2026,12,Dutch Grand Prix,SQ,dutch-grand-prix_corner_12,VER,HAM,5.0,4.75,-1.5,session_best
2026,12,Dutch Grand Prix,SQ,dutch-grand-prix_corner_12,PIA,HAM,7.0,-1.167,-2.583,session_best
2026,12,Dutch Grand Prix,SQ,dutch-grand-prix_corner_12,COL,HAM,7.0,-2.833,-1.25,session_best
2026,12,Dutch Grand Prix,SQ,dutch-grand-prix_corner_12,ANT,HAM,8.0,-7.25,-6.75,session_best
2026,12,Dutch Grand Prix,SQ,dutch-grand-prix_corner_12,GAS,HAM,8.0,-5.5,-16.583,session_best
2026,12,Dutch Grand Prix,SQ,dutch-grand-prix_corner_12,LAW,HAM,10.0,-7.5,0.75,session_best
2026,12,Dutch Grand Prix,SQ,dutch-grand-prix_corner_12,BOR,HAM,10.0,-3.0,4.5,session_best
2026,12,Dutch Grand Prix,SQ,dutch-grand-prix_corner_12,LIN,HAM,11.0,7.5,2.0,session_best
2026,12,Dutch Grand Prix,SQ,dutch-grand-prix_corner_12,HUL,HAM,12.0,-3.833,-10.583,session_best
2026,12,Dutch Grand Prix,SQ,dutch-grand-prix_corner_12,BEA,HAM,12.0,7.5,2.0,session_best
2026,12,Dutch Grand Prix,SQ,dutch-grand-prix_corner_12,SAI,HAM,14.0,6.25,-1.25,session_best
2026,12,Dutch Grand Prix,SQ,dutch-grand-prix_corner_12,PER,HAM,14.0,9.25,-0.25,session_best
2026,12,Dutch Grand Prix,SQ,dutch-grand-prix_corner_12,ALB,HAM,15.0,4.75,-7.25,session_best
2026,12,Dutch Grand Prix,SQ,dutch-grand-prix_corner_12,STR,HAM,15.0,5.0,7.0,session_best
2026,12,Dutch Grand Prix,SQ,dutch-grand-prix_corner_12,OCO,HAM,16.0,0.167,4.75,session_best
2026,12,Dutch Grand Prix,SQ,dutch-grand-prix_corner_12,BOT,HAM,19.0,9.25,-4.5,session_best
2026,12,Dutch Grand Prix,SQ,dutch-grand-prix_corner_12,TSU,HAM,20.0,-6.833,-12.25,session_best
2026,12,Dutch Grand Prix,SQ,dutch-grand-prix_corner_12,ALO,HAM,23.0,1.25,-8.25,session_best
2026,12,Dutch Grand Prix,SQ,dutch-grand-prix_corner_15,ALB,ALB,0.0,0.0,0.0,session_best
2026,12,Dutch Grand Prix,SQ,dutch-grand-prix_corner_15,LAW,ALB,35.0,-32.75,25.75,session_best
2026,12,Dutch Grand Prix,SQ,dutch-grand-prix_corner_15,LIN,ALB,36.0,-18.25,16.25,session_best
2026,12,Dutch Grand Prix,SQ,dutch-grand-prix_corner_15,COL,ALB,37.0,-11.0,19.4,session_best
2026,12,Dutch Grand Prix,SQ,dutch-grand-prix_corner_15,RUS,ALB,37.0,-10.75,8.75,session_best
2026,12,Dutch Grand Prix,SQ,dutch-grand-prix_corner_15,BEA,ALB,38.0,43.25,10.0,session_best
2026,12,Dutch Grand Prix,SQ,dutch-grand-prix_corner_15,NOR,ALB,38.0,-21.25,18.0,session_best
2026,12,Dutch Grand Prix,SQ,dutch-grand-prix_corner_15,HAM,ALB,38.0,11.5,7.75,session_best
2026,12,Dutch Grand Prix,SQ,dutch-grand-prix_corner_15,GAS,ALB,38.0,-15.25,34.5,session_best
2026,12,Dutch Grand Prix,SQ,dutch-grand-prix_corner_15,BOT,ALB,40.0,22.2,24.6,session_best
2026,12,Dutch Grand Prix,SQ,dutch-grand-prix_corner_15,LEC,ALB,40.0,-18.75,15.75,session_best
2026,12,Dutch Grand Prix,SQ,dutch-grand-prix_corner_15,VER,ALB,40.0,-29.5,13.75,session_best
2026,12,Dutch Grand Prix,SQ,dutch-grand-prix_corner_15,BOR,ALB,40.0,-6.75,32.0,session_best
2026,12,Dutch Grand Prix,SQ,dutch-grand-prix_corner_15,HUL,ALB,40.0,9.0,11.25,session_best
2026,12,Dutch Grand Prix,SQ,dutch-grand-prix_corner_15,TSU,ALB,40.0,-3.4,16.4,session_best
2026,12,Dutch Grand Prix,SQ,dutch-grand-prix_corner_15,SAI,ALB,41.0,-46.5,28.5,session_best
2026,12,Dutch Grand Prix,SQ,dutch-grand-prix_corner_15,STR,ALB,42.0,7.6,27.8,session_best
2026,12,Dutch Grand Prix,SQ,dutch-grand-prix_corner_15,ALO,ALB,42.0,11.2,18.2,session_best
2026,12,Dutch Grand Prix,SQ,dutch-grand-prix_corner_15,OCO,ALB,43.0,-11.75,27.75,session_best
2026,12,Dutch Grand Prix,SQ,dutch-grand-prix_corner_15,PIA,ALB,44.0,4.4,14.8,session_best
2026,12,Dutch Grand Prix,SQ,dutch-grand-prix_corner_15,PER,ALB,44.0,15.25,22.5,session_best
2026,12,Dutch Grand Prix,SQ,dutch-grand-prix_corner_15,ANT,ALB,45.0,-22.75,16.75,session_best
2026,12,Dutch Grand Prix,SQ,dutch-grand-prix_corner_16,BOR,BOR,0.0,0.0,0.0,session_best
2026,12,Dutch Grand Prix,SQ,dutch-grand-prix_corner_16,ALO,BOR,7.0,2.0,47.833,session_best
2026,12,Dutch Grand Prix,SQ,dutch-grand-prix_corner_16,RUS,BOR,7.0,4.0,15.0,session_best
2026,12,Dutch Grand Prix,SQ,dutch-grand-prix_corner_16,VER,BOR,9.0,3.0,-1.0,session_best
2026,12,Dutch Grand Prix,SQ,dutch-grand-prix_corner_16,PIA,BOR,10.0,6.0,11.5,session_best
2026,12,Dutch Grand Prix,SQ,dutch-grand-prix_corner_16,BEA,BOR,12.0,5.333,42.833,session_best
2026,12,Dutch Grand Prix,SQ,dutch-grand-prix_corner_16,LIN,BOR,13.0,12.5,1.5,session_best
2026,12,Dutch Grand Prix,SQ,dutch-grand-prix_corner_16,HAM,BOR,13.0,12.5,16.5,session_best
2026,12,Dutch Grand Prix,SQ,dutch-grand-prix_corner_16,COL,BOR,18.0,14.0,30.833,session_best
2026,12,Dutch Grand Prix,SQ,dutch-grand-prix_corner_16,ANT,BOR,19.0,12.5,13.5,session_best
2026,12,Dutch Grand Prix,SQ,dutch-grand-prix_corner_16,TSU,BOR,20.0,16.5,22.0,session_best
2026,12,Dutch Grand Prix,SQ,dutch-grand-prix_corner_16,NOR,BOR,20.0,19.0,9.0,session_best
2026,12,Dutch Grand Prix,SQ,dutch-grand-prix_corner_16,PER,BOR,20.0,25.0,31.0,session_best
2026,12,Dutch Grand Prix,SQ,dutch-grand-prix_corner_16,BOT,BOR,21.0,8.667,10.5,session_best
2026,12,Dutch Grand Prix,SQ,dutch-grand-prix_corner_16,HUL,BOR,21.0,18.0,19.5,session_best
2026,12,Dutch Grand Prix,SQ,dutch-grand-prix_corner_16,GAS,BOR,22.0,15.5,15.0,session_best
2026,12,Dutch Grand Prix,SQ,dutch-grand-prix_corner_16,LAW,BOR,25.0,23.5,17.5,session_best
2026,12,Dutch Grand Prix,SQ,dutch-grand-prix_corner_16,LEC,BOR,25.0,19.667,2.167,session_best
2026,12,Dutch Grand Prix,SQ,dutch-grand-prix_corner_16,ALB,BOR,27.0,29.667,7.5,session_best
2026,12,Dutch Grand Prix,SQ,dutch-grand-prix_corner_16,OCO,BOR,30.0,29.333,-2.5,session_best
2026,12,Dutch Grand Prix,SQ,dutch-grand-prix_corner_16,STR,BOR,35.0,26.0,26.167,session_best
2026,12,Dutch Grand Prix,SQ,dutch-grand-prix_corner_16,SAI,BOR,37.0,31.667,14.167,session_best
2026,12,Dutch Grand Prix,SQ,dutch-grand-prix_corner_17,ANT,ANT,0.0,0.0,0.0,session_best
2026,12,Dutch Grand Prix,SQ,dutch-grand-prix_corner_17,LEC,ANT,3.0,-0.5,4.5,session_best
2026,12,Dutch Grand Prix,SQ,dutch-grand-prix_corner_17,HAM,ANT,4.0,9.5,1.5,session_best
2026,12,Dutch Grand Prix,SQ,dutch-grand-prix_corner_17,RUS,ANT,4.0,8.0,-1.5,session_best
2026,12,Dutch Grand Prix,SQ,dutch-grand-prix_corner_17,LAW,ANT,7.0,2.5,18.167,session_best
2026,12,Dutch Grand Prix,SQ,dutch-grand-prix_corner_17,PIA,ANT,7.0,7.0,15.5,session_best
2026,12,Dutch Grand Prix,SQ,dutch-grand-prix_corner_17,NOR,ANT,7.0,6.167,2.5,session_best
2026,12,Dutch Grand Prix,SQ,dutch-grand-prix_corner_17,VER,ANT,7.0,-4.5,5.5,session_best
2026,12,Dutch Grand Prix,SQ,dutch-grand-prix_corner_17,GAS,ANT,9.0,8.5,-3.833,session_best
2026,12,Dutch Grand Prix,SQ,dutch-grand-prix_corner_17,LIN,ANT,10.0,6.0,4.5,session_best
2026,12,Dutch Grand Prix,SQ,dutch-grand-prix_corner_17,COL,ANT,11.0,14.5,-2.0,session_best
2026,12,Dutch Grand Prix,SQ,dutch-grand-prix_corner_17,HUL,ANT,13.0,11.833,12.167,session_best
2026,12,Dutch Grand Prix,SQ,dutch-grand-prix_corner_17,OCO,ANT,14.0,-8.5,16.0,session_best
2026,12,Dutch Grand Prix,SQ,dutch-grand-prix_corner_17,BEA,ANT,15.0,30.167,2.167,session_best
2026,12,Dutch Grand Prix,SQ,dutch-grand-prix_corner_17,ALB,ANT,16.0,-29.5,17.5,session_best
2026,12,Dutch Grand Prix,SQ,dutch-grand-prix_corner_17,BOT,ANT,16.0,17.0,6.0,session_best
2026,12,Dutch Grand Prix,SQ,dutch-grand-prix_corner_17,TSU,ANT,17.0,23.5,2.5,session_best
2026,12,Dutch Grand Prix,SQ,dutch-grand-prix_corner_17,BOR,ANT,19.0,9.833,8.833,session_best
2026,12,Dutch Grand Prix,SQ,dutch-grand-prix_corner_17,SAI,ANT,20.0,13.833,12.5,session_best
2026,12,Dutch Grand Prix,SQ,dutch-grand-prix_corner_17,PER,ANT,20.0,27.5,12.5,session_best
2026,12,Dutch Grand Prix,SQ,dutch-grand-prix_corner_17,STR,ANT,24.0,14.5,13.5,session_best
2026,12,Dutch Grand Prix,SQ,dutch-grand-prix_corner_17,ALO,ANT,27.0,31.833,2.167,session_best
2026,13,Italian Grand Prix,FP1,italian-grand-prix_corner_04,BOT,BOT,0.0,0.0,0.0,session_best
2026,13,Italian Grand Prix,FP1,italian-grand-prix_corner_04,ARO,BOT,1.0,0.133,7.633,session_best
2026,13,Italian Grand Prix,FP1,italian-grand-prix_corner_04,BOR,BOT,1.0,-30.4,30.8,session_best
2026,13,Italian Grand Prix,FP1,italian-grand-prix_corner_04,ALO,BOT,2.0,-9.6,4.2,session_best
2026,13,Italian Grand Prix,FP1,italian-grand-prix_corner_04,BEA,BOT,2.0,-11.0,7.2,session_best
2026,13,Italian Grand Prix,FP1,italian-grand-prix_corner_04,LEC,BOT,2.0,-16.367,9.633,session_best
2026,13,Italian Grand Prix,FP1,italian-grand-prix_corner_04,RUS,BOT,2.0,-17.0,3.4,session_best
2026,13,Italian Grand Prix,FP1,italian-grand-prix_corner_04,TSU,BOT,2.0,-5.033,4.3,session_best
2026,13,Italian Grand Prix,FP1,italian-grand-prix_corner_04,SAI,BOT,3.0,-9.033,0.967,session_best
2026,13,Italian Grand Prix,FP1,italian-grand-prix_corner_04,HAM,BOT,3.0,-11.2,15.2,session_best
2026,13,Italian Grand Prix,FP1,italian-grand-prix_corner_04,LAW,BOT,3.0,-21.2,14.8,session_best
2026,13,Italian Grand Prix,FP1,italian-grand-prix_corner_04,PIA,BOT,3.0,-14.0,11.2,session_best
2026,13,Italian Grand Prix,FP1,italian-grand-prix_corner_04,ANT,BOT,4.0,-15.2,5.3,session_best
2026,13,Italian Grand Prix,FP1,italian-grand-prix_corner_04,LIN,BOT,4.0,-16.0,21.0,session_best
2026,13,Italian Grand Prix,FP1,italian-grand-prix_corner_04,STR,BOT,4.0,-9.2,4.4,session_best
2026,13,Italian Grand Prix,FP1,italian-grand-prix_corner_04,OCO,BOT,4.0,-14.0,0.2,session_best
2026,13,Italian Grand Prix,FP1,italian-grand-prix_corner_04,BRO,BOT,5.0,-6.8,3.2,session_best
2026,13,Italian Grand Prix,FP1,italian-grand-prix_corner_04,NOR,BOT,5.0,-16.2,9.0,session_best
2026,13,Italian Grand Prix,FP1,italian-grand-prix_corner_04,IWA,BOT,6.0,-23.367,6.967,session_best
2026,13,Italian Grand Prix,FP1,italian-grand-prix_corner_04,HER,BOT,7.0,-1.7,17.8,session_best
2026,13,Italian Grand Prix,FP1,italian-grand-prix_corner_04,HUL,BOT,8.0,-28.8,3.0,session_best
2026,13,Italian Grand Prix,FP1,italian-grand-prix_corner_04,COL,BOT,11.0,-22.2,-2.6,session_best
2026,13,Italian Grand Prix,FP1,italian-grand-prix_corner_08,HAM,HAM,0.0,0.0,0.0,session_best
2026,13,Italian Grand Prix,FP1,italian-grand-prix_corner_08,RUS,HAM,2.0,3.15,-1.9,session_best
2026,13,Italian Grand Prix,FP1,italian-grand-prix_corner_08,LEC,HAM,3.0,-44.75,-3.75,session_best
2026,13,Italian Grand Prix,FP1,italian-grand-prix_corner_08,LIN,HAM,4.0,26.15,-5.7,session_best
2026,13,Italian Grand Prix,FP1,italian-grand-prix_corner_08,ANT,HAM,4.0,20.35,-0.9,session_best
2026,13,Italian Grand Prix,FP1,italian-grand-prix_corner_08,BOR,HAM,4.0,-33.0,-4.0,session_best
2026,13,Italian Grand Prix,FP1,italian-grand-prix_corner_08,LAW,HAM,5.0,13.75,-9.75,session_best
2026,13,Italian Grand Prix,FP1,italian-grand-prix_corner_08,TSU,HAM,6.0,24.55,-2.1,session_best
2026,13,Italian Grand Prix,FP1,italian-grand-prix_corner_08,COL,HAM,6.0,5.55,0.1,session_best
2026,13,Italian Grand Prix,FP1,italian-grand-prix_corner_08,BOT,HAM,6.0,6.25,-12.75,session_best
2026,13,Italian Grand Prix,FP1,italian-grand-prix_corner_08,BRO,HAM,6.0,39.25,-2.25,session_best
2026,13,Italian Grand Prix,FP1,italian-grand-prix_corner_08,HUL,HAM,7.0,-21.0,-6.25,session_best
2026,13,Italian Grand Prix,FP1,italian-grand-prix_corner_08,ARO,HAM,7.0,34.55,-4.3,session_best
2026,13,Italian Grand Prix,FP1,italian-grand-prix_corner_08,STR,HAM,7.0,3.5,-12.0,session_best
2026,13,Italian Grand Prix,FP1,italian-grand-prix_corner_08,SAI,HAM,8.0,18.35,-0.3,session_best
2026,13,Italian Grand Prix,FP1,italian-grand-prix_corner_08,IWA,HAM,8.0,4.25,-6.75,session_best
2026,13,Italian Grand Prix,FP1,italian-grand-prix_corner_08,NOR,HAM,8.0,18.95,7.5,session_best
2026,13,Italian Grand Prix,FP1,italian-grand-prix_corner_08,ALO,HAM,9.0,15.55,-5.3,session_best
2026,13,Italian Grand Prix,FP1,italian-grand-prix_corner_08,BEA,HAM,9.0,-0.65,-1.1,session_best
2026,13,Italian Grand Prix,FP1,italian-grand-prix_corner_08,PIA,HAM,9.0,3.75,-5.1,session_best
2026,13,Italian Grand Prix,FP1,italian-grand-prix_corner_08,OCO,HAM,11.0,40.75,-11.1,session_best
2026,13,Italian Grand Prix,FP1,italian-grand-prix_corner_08,HER,HAM,15.0,37.5,1.25,session_best
2026,13,Italian Grand Prix,FP1,italian-grand-prix_corner_09,RUS,RUS,0.0,0.0,0.0,session_best
2026,13,Italian Grand Prix,FP1,italian-grand-prix_corner_09,LEC,RUS,0.0,-5.333,2.0,session_best
2026,13,Italian Grand Prix,FP1,italian-grand-prix_corner_09,ANT,RUS,1.0,0.333,-2.333,session_best
2026,13,Italian Grand Prix,FP1,italian-grand-prix_corner_09,BOR,RUS,1.0,-7.0,3.667,session_best
2026,13,Italian Grand Prix,FP1,italian-grand-prix_corner_09,HAM,RUS,2.0,-6.667,4.0,session_best
2026,13,Italian Grand Prix,FP1,italian-grand-prix_corner_09,BEA,RUS,4.0,-8.0,2.417,session_best
2026,13,Italian Grand Prix,FP1,italian-grand-prix_corner_09,ARO,RUS,4.0,-5.75,1.167,session_best
2026,13,Italian Grand Prix,FP1,italian-grand-prix_corner_09,LAW,RUS,5.0,-7.0,-1.0,session_best
2026,13,Italian Grand Prix,FP1,italian-grand-prix_corner_09,PIA,RUS,5.0,-4.0,3.0,session_best
2026,13,Italian Grand Prix,FP1,italian-grand-prix_corner_09,HUL,RUS,5.0,-8.333,3.667,session_best
2026,13,Italian Grand Prix,FP1,italian-grand-prix_corner_09,STR,RUS,6.0,-10.667,5.0,session_best
2026,13,Italian Grand Prix,FP1,italian-grand-prix_corner_09,NOR,RUS,6.0,-0.25,6.667,session_best
2026,13,Italian Grand Prix,FP1,italian-grand-prix_corner_09,LIN,RUS,6.0,-8.333,-3.333,session_best
2026,13,Italian Grand Prix,FP1,italian-grand-prix_corner_09,TSU,RUS,9.0,-8.333,1.334,session_best
2026,13,Italian Grand Prix,FP1,italian-grand-prix_corner_09,IWA,RUS,10.0,-4.0,5.0,session_best
2026,13,Italian Grand Prix,FP1,italian-grand-prix_corner_09,COL,RUS,11.0,-0.667,9.667,session_best
2026,13,Italian Grand Prix,FP1,italian-grand-prix_corner_09,OCO,RUS,13.0,-9.0,8.667,session_best
2026,13,Italian Grand Prix,FP1,italian-grand-prix_corner_09,SAI,RUS,13.0,-2.25,9.417,session_best
2026,13,Italian Grand Prix,FP1,italian-grand-prix_corner_09,BRO,RUS,14.0,-1.333,10.667,session_best
2026,13,Italian Grand Prix,FP1,italian-grand-prix_corner_09,ALO,RUS,15.0,-7.333,13.667,session_best
2026,13,Italian Grand Prix,FP1,italian-grand-prix_corner_09,BOT,RUS,19.0,-9.667,15.334,session_best
2026,13,Italian Grand Prix,FP1,italian-grand-prix_corner_09,HER,RUS,35.0,-6.25,31.917,session_best
2026,13,Italian Grand Prix,FP1,italian-grand-prix_corner_10,RUS,RUS,0.0,0.0,0.0,session_best
2026,13,Italian Grand Prix,FP1,italian-grand-prix_corner_10,BOR,RUS,3.0,3.083,2.5,session_best
2026,13,Italian Grand Prix,FP1,italian-grand-prix_corner_10,LAW,RUS,4.0,-2.667,2.0,session_best
2026,13,Italian Grand Prix,FP1,italian-grand-prix_corner_10,ANT,RUS,5.0,-2.0,3.0,session_best
2026,13,Italian Grand Prix,FP1,italian-grand-prix_corner_10,HUL,RUS,7.0,2.0,4.667,session_best
2026,13,Italian Grand Prix,FP1,italian-grand-prix_corner_10,LEC,RUS,9.0,3.0,7.667,session_best
2026,13,Italian Grand Prix,FP1,italian-grand-prix_corner_10,LIN,RUS,9.0,-5.0,7.333,session_best
2026,13,Italian Grand Prix,FP1,italian-grand-prix_corner_10,PIA,RUS,10.0,-0.334,1.667,session_best
2026,13,Italian Grand Prix,FP1,italian-grand-prix_corner_10,HAM,RUS,10.0,0.333,9.0,session_best
2026,13,Italian Grand Prix,FP1,italian-grand-prix_corner_10,ARO,RUS,11.0,-2.0,-2.333,session_best
2026,13,Italian Grand Prix,FP1,italian-grand-prix_corner_10,STR,RUS,11.0,5.0,9.333,session_best
2026,13,Italian Grand Prix,FP1,italian-grand-prix_corner_10,NOR,RUS,11.0,3.333,9.333,session_best
2026,13,Italian Grand Prix,FP1,italian-grand-prix_corner_10,BEA,RUS,12.0,-1.0,8.333,session_best
2026,13,Italian Grand Prix,FP1,italian-grand-prix_corner_10,OCO,RUS,12.0,6.333,11.333,session_best
2026,13,Italian Grand Prix,FP1,italian-grand-prix_corner_10,COL,RUS,12.0,5.333,6.667,session_best
2026,13,Italian Grand Prix,FP1,italian-grand-prix_corner_10,ALO,RUS,15.0,10.833,12.5,session_best
2026,13,Italian Grand Prix,FP1,italian-grand-prix_corner_10,BRO,RUS,15.0,5.333,12.0,session_best
2026,13,Italian Grand Prix,FP1,italian-grand-prix_corner_10,IWA,RUS,17.0,-3.0,16.667,session_best
2026,13,Italian Grand Prix,FP1,italian-grand-prix_corner_10,SAI,RUS,18.0,3.833,12.75,session_best
2026,13,Italian Grand Prix,FP1,italian-grand-prix_corner_10,TSU,RUS,19.0,-2.0,13.0,session_best
2026,13,Italian Grand Prix,FP1,italian-grand-prix_corner_10,BOT,RUS,22.0,10.333,11.75,session_best
2026,13,Italian Grand Prix,FP1,italian-grand-prix_corner_10,HER,RUS,32.0,21.583,26.0,session_best
2026,13,Italian Grand Prix,FP1,italian-grand-prix_corner_11,PIA,PIA,0.0,0.0,0.0,session_best
2026,13,Italian Grand Prix,FP1,italian-grand-prix_corner_11,ARO,PIA,2.0,-4.0,2.0,session_best
2026,13,Italian Grand Prix,FP1,italian-grand-prix_corner_11,STR,PIA,5.0,2.333,9.667,session_best
2026,13,Italian Grand Prix,FP1,italian-grand-prix_corner_11,BRO,PIA,8.0,10.0,0.0,session_best
2026,13,Italian Grand Prix,FP1,italian-grand-prix_corner_11,SAI,PIA,8.0,7.0,2.333,session_best
2026,13,Italian Grand Prix,FP1,italian-grand-prix_corner_11,ANT,PIA,9.0,3.333,-2.0,session_best
2026,13,Italian Grand Prix,FP1,italian-grand-prix_corner_11,BEA,PIA,10.0,8.667,10.0,session_best
2026,13,Italian Grand Prix,FP1,italian-grand-prix_corner_11,LIN,PIA,11.0,10.667,3.667,session_best
2026,13,Italian Grand Prix,FP1,italian-grand-prix_corner_11,LAW,PIA,11.0,9.5,2.5,session_best
2026,13,Italian Grand Prix,FP1,italian-grand-prix_corner_11,HUL,PIA,12.0,13.333,12.333,session_best
2026,13,Italian Grand Prix,FP1,italian-grand-prix_corner_11,OCO,PIA,12.0,5.0,7.0,session_best
2026,13,Italian Grand Prix,FP1,italian-grand-prix_corner_11,COL,PIA,12.0,8.0,-0.333,session_best
2026,13,Italian Grand Prix,FP1,italian-grand-prix_corner_11,BOT,PIA,14.0,16.0,8.0,session_best
2026,13,Italian Grand Prix,FP1,italian-grand-prix_corner_11,LEC,PIA,15.0,11.0,3.0,session_best
2026,13,Italian Grand Prix,FP1,italian-grand-prix_corner_11,RUS,PIA,16.0,12.0,4.0,session_best
2026,13,Italian Grand Prix,FP1,italian-grand-prix_corner_11,NOR,PIA,17.0,18.5,-0.5,session_best
2026,13,Italian Grand Prix,FP1,italian-grand-prix_corner_11,TSU,PIA,18.0,12.333,4.333,session_best
2026,13,Italian Grand Prix,FP1,italian-grand-prix_corner_11,IWA,PIA,20.0,13.667,7.0,session_best
2026,13,Italian Grand Prix,FP1,italian-grand-prix_corner_11,BOR,PIA,21.0,24.0,8.0,session_best
2026,13,Italian Grand Prix,FP1,italian-grand-prix_corner_11,HAM,PIA,24.0,22.0,9.667,session_best
2026,13,Italian Grand Prix,FP1,italian-grand-prix_corner_11,ALO,PIA,25.0,25.0,27.5,session_best
2026,13,Italian Grand Prix,FP1,italian-grand-prix_corner_11,HER,PIA,31.0,27.333,13.333,session_best
2026,13,Italian Grand Prix,FP1,italian-grand-prix_corner_14,RUS,RUS,0.0,0.0,0.0,session_best
2026,13,Italian Grand Prix,FP1,italian-grand-prix_corner_14,HAM,RUS,1.0,5.667,-8.5,session_best
2026,13,Italian Grand Prix,FP1,italian-grand-prix_corner_14,HUL,RUS,1.0,15.667,-3.0,session_best
2026,13,Italian Grand Prix,FP1,italian-grand-prix_corner_14,LAW,RUS,4.0,5.334,-8.333,session_best
2026,13,Italian Grand Prix,FP1,italian-grand-prix_corner_14,PIA,RUS,5.0,11.917,-9.25,session_best
2026,13,Italian Grand Prix,FP1,italian-grand-prix_corner_14,NOR,RUS,5.0,-0.333,13.5,session_best
2026,13,Italian Grand Prix,FP1,italian-grand-prix_corner_14,BOR,RUS,6.0,6.0,12.0,session_best
2026,13,Italian Grand Prix,FP1,italian-grand-prix_corner_14,ANT,RUS,6.0,2.0,-6.333,session_best
2026,13,Italian Grand Prix,FP1,italian-grand-prix_corner_14,TSU,RUS,6.0,8.667,5.667,session_best
2026,13,Italian Grand Prix,FP1,italian-grand-prix_corner_14,LEC,RUS,6.0,3.0,5.333,session_best
2026,13,Italian Grand Prix,FP1,italian-grand-prix_corner_14,LIN,RUS,7.0,4.667,-1.333,session_best
2026,13,Italian Grand Prix,FP1,italian-grand-prix_corner_14,STR,RUS,9.0,17.334,-5.0,session_best
2026,13,Italian Grand Prix,FP1,italian-grand-prix_corner_14,ALO,RUS,9.0,17.334,0.0,session_best
2026,13,Italian Grand Prix,FP1,italian-grand-prix_corner_14,COL,RUS,11.0,72.334,-13.333,session_best
2026,13,Italian Grand Prix,FP1,italian-grand-prix_corner_14,ARO,RUS,13.0,-5.333,-5.333,session_best
2026,13,Italian Grand Prix,FP1,italian-grand-prix_corner_14,SAI,RUS,13.0,2.0,-2.0,session_best
2026,13,Italian Grand Prix,FP1,italian-grand-prix_corner_14,IWA,RUS,15.0,18.0,3.0,session_best
2026,13,Italian Grand Prix,FP1,italian-grand-prix_corner_14,BEA,RUS,15.0,16.334,-4.0,session_best
2026,13,Italian Grand Prix,FP1,italian-grand-prix_corner_14,OCO,RUS,17.0,12.667,-4.333,session_best
2026,13,Italian Grand Prix,FP1,italian-grand-prix_corner_14,BRO,RUS,19.0,0.334,1.0,session_best
2026,13,Italian Grand Prix,FP1,italian-grand-prix_corner_14,BOT,RUS,23.0,22.334,10.0,session_best
2026,13,Italian Grand Prix,FP1,italian-grand-prix_corner_14,HER,RUS,39.0,39.417,32.0,session_best
2026,13,Italian Grand Prix,FP1,italian-grand-prix_corner_18,RUS,RUS,0.0,0.0,0.0,session_best
2026,13,Italian Grand Prix,FP1,italian-grand-prix_corner_18,HAM,RUS,2.0,-8.5,3.333,session_best
2026,13,Italian Grand Prix,FP1,italian-grand-prix_corner_18,LEC,RUS,4.0,-9.667,3.333,session_best
2026,13,Italian Grand Prix,FP1,italian-grand-prix_corner_18,COL,RUS,5.0,-1.333,-1.334,session_best
2026,13,Italian Grand Prix,FP1,italian-grand-prix_corner_18,NOR,RUS,5.0,-2.5,4.333,session_best
2026,13,Italian Grand Prix,FP1,italian-grand-prix_corner_18,ANT,RUS,6.0,4.667,1.666,session_best
2026,13,Italian Grand Prix,FP1,italian-grand-prix_corner_18,LAW,RUS,7.0,-2.667,4.666,session_best
2026,13,Italian Grand Prix,FP1,italian-grand-prix_corner_18,BOR,RUS,9.0,-5.0,10.0,session_best
2026,13,Italian Grand Prix,FP1,italian-grand-prix_corner_18,TSU,RUS,9.0,6.0,0.0,session_best
2026,13,Italian Grand Prix,FP1,italian-grand-prix_corner_18,LIN,RUS,10.0,-3.333,6.333,session_best
2026,13,Italian Grand Prix,FP1,italian-grand-prix_corner_18,HUL,RUS,12.0,5.333,10.666,session_best
2026,13,Italian Grand Prix,FP1,italian-grand-prix_corner_18,BEA,RUS,12.0,6.5,9.333,session_best
2026,13,Italian Grand Prix,FP1,italian-grand-prix_corner_18,ALO,RUS,14.0,5.0,14.666,session_best
2026,13,Italian Grand Prix,FP1,italian-grand-prix_corner_18,PIA,RUS,14.0,6.0,11.0,session_best
2026,13,Italian Grand Prix,FP1,italian-grand-prix_corner_18,STR,RUS,16.0,12.0,12.333,session_best
2026,13,Italian Grand Prix,FP1,italian-grand-prix_corner_18,SAI,RUS,17.0,-0.333,12.0,session_best
2026,13,Italian Grand Prix,FP1,italian-grand-prix_corner_18,BRO,RUS,18.0,-1.333,17.333,session_best
2026,13,Italian Grand Prix,FP1,italian-grand-prix_corner_18,OCO,RUS,18.0,7.333,16.333,session_best
2026,13,Italian Grand Prix,FP1,italian-grand-prix_corner_18,IWA,RUS,19.0,-2.0,20.0,session_best
2026,13,Italian Grand Prix,FP1,italian-grand-prix_corner_18,BOT,RUS,22.0,8.0,14.0,session_best
2026,13,Italian Grand Prix,FP1,italian-grand-prix_corner_18,ARO,RUS,25.0,-10.667,16.333,session_best
2026,13,Italian Grand Prix,FP1,italian-grand-prix_corner_18,HER,RUS,37.0,15.667,35.666,session_best
2026,13,Italian Grand Prix,FP1,italian-grand-prix_corner_19,COL,COL,0.0,0.0,0.0,session_best
2026,13,Italian Grand Prix,FP1,italian-grand-prix_corner_19,TSU,COL,3.0,1.334,-13.667,session_best
2026,13,Italian Grand Prix,FP1,italian-grand-prix_corner_19,ANT,COL,4.0,3.667,-7.333,session_best
2026,13,Italian Grand Prix,FP1,italian-grand-prix_corner_19,RUS,COL,6.0,5.667,-6.667,session_best
2026,13,Italian Grand Prix,FP1,italian-grand-prix_corner_19,LEC,COL,8.0,9.334,-3.333,session_best
2026,13,Italian Grand Prix,FP1,italian-grand-prix_corner_19,LAW,COL,9.0,8.667,-14.0,session_best
2026,13,Italian Grand Prix,FP1,italian-grand-prix_corner_19,HUL,COL,9.0,10.334,-6.333,session_best
2026,13,Italian Grand Prix,FP1,italian-grand-prix_corner_19,HAM,COL,9.0,9.667,-4.333,session_best
2026,13,Italian Grand Prix,FP1,italian-grand-prix_corner_19,LIN,COL,10.0,9.667,-10.667,session_best
2026,13,Italian Grand Prix,FP1,italian-grand-prix_corner_19,BEA,COL,11.0,8.667,-0.667,session_best
2026,13,Italian Grand Prix,FP1,italian-grand-prix_corner_19,SAI,COL,12.0,10.0,2.0,session_best
2026,13,Italian Grand Prix,FP1,italian-grand-prix_corner_19,STR,COL,12.0,10.667,-8.0,session_best
2026,13,Italian Grand Prix,FP1,italian-grand-prix_corner_19,NOR,COL,12.0,15.667,-11.5,session_best
2026,13,Italian Grand Prix,FP1,italian-grand-prix_corner_19,ARO,COL,13.0,12.667,0.0,session_best
2026,13,Italian Grand Prix,FP1,italian-grand-prix_corner_19,BOT,COL,15.0,14.667,-2.333,session_best
2026,13,Italian Grand Prix,FP1,italian-grand-prix_corner_19,BOR,COL,16.0,13.334,-9.0,session_best
2026,13,Italian Grand Prix,FP1,italian-grand-prix_corner_19,OCO,COL,16.0,17.0,4.667,session_best
2026,13,Italian Grand Prix,FP1,italian-grand-prix_corner_19,PIA,COL,16.0,15.667,-8.0,session_best
2026,13,Italian Grand Prix,FP1,italian-grand-prix_corner_19,ALO,COL,20.0,21.0,11.333,session_best
2026,13,Italian Grand Prix,FP1,italian-grand-prix_corner_19,IWA,COL,21.0,19.0,-7.0,session_best
2026,13,Italian Grand Prix,FP1,italian-grand-prix_corner_19,BRO,COL,22.0,23.0,-2.333,session_best
2026,13,Italian Grand Prix,FP1,italian-grand-prix_corner_19,HER,COL,38.0,33.0,0.667,session_best
2026,13,Italian Grand Prix,FP2,italian-grand-prix_corner_04,HAM,HAM,0.0,0.0,0.0,session_best
2026,13,Italian Grand Prix,FP2,italian-grand-prix_corner_04,BOT,HAM,7.0,6.15,24.5,session_best
2026,13,Italian Grand Prix,FP2,italian-grand-prix_corner_04,COL,HAM,7.0,19.75,-13.3,session_best
2026,13,Italian Grand Prix,FP2,italian-grand-prix_corner_04,GAS,HAM,7.0,-8.85,1.3,session_best
2026,13,Italian Grand Prix,FP2,italian-grand-prix_corner_04,PER,HAM,9.0,4.55,5.3,session_best
2026,13,Italian Grand Prix,FP2,italian-grand-prix_corner_04,BOR,HAM,9.0,4.25,6.167,session_best
2026,13,Italian Grand Prix,FP2,italian-grand-prix_corner_04,VER,HAM,9.0,5.35,-0.3,session_best
2026,13,Italian Grand Prix,FP2,italian-grand-prix_corner_04,TSU,HAM,10.0,16.75,9.667,session_best
2026,13,Italian Grand Prix,FP2,italian-grand-prix_corner_04,LAW,HAM,10.0,-3.05,9.1,session_best
2026,13,Italian Grand Prix,FP2,italian-grand-prix_corner_04,HUL,HAM,10.0,2.917,10.667,session_best
2026,13,Italian Grand Prix,FP2,italian-grand-prix_corner_04,LIN,HAM,11.0,-11.417,16.5,session_best
2026,13,Italian Grand Prix,FP2,italian-grand-prix_corner_04,PIA,HAM,11.0,5.55,10.9,session_best
2026,13,Italian Grand Prix,FP2,italian-grand-prix_corner_04,ALB,HAM,11.0,8.35,8.1,session_best
2026,13,Italian Grand Prix,FP2,italian-grand-prix_corner_04,ALO,HAM,11.0,-14.917,13.333,session_best
2026,13,Italian Grand Prix,FP2,italian-grand-prix_corner_04,OCO,HAM,12.0,21.0,7.5,session_best
2026,13,Italian Grand Prix,FP2,italian-grand-prix_corner_04,BEA,HAM,12.0,14.083,-1.167,session_best
2026,13,Italian Grand Prix,FP2,italian-grand-prix_corner_04,ANT,HAM,13.0,14.75,1.3,session_best
2026,13,Italian Grand Prix,FP2,italian-grand-prix_corner_04,NOR,HAM,13.0,2.75,19.9,session_best
2026,13,Italian Grand Prix,FP2,italian-grand-prix_corner_04,STR,HAM,13.0,10.75,3.9,session_best
2026,13,Italian Grand Prix,FP2,italian-grand-prix_corner_04,RUS,HAM,13.0,1.25,-1.833,session_best
2026,13,Italian Grand Prix,FP2,italian-grand-prix_corner_04,LEC,HAM,14.0,11.35,-4.9,session_best
2026,13,Italian Grand Prix,FP2,italian-grand-prix_corner_04,SAI,HAM,17.0,7.35,-2.5,session_best
2026,13,Italian Grand Prix,FP2,italian-grand-prix_corner_08,LEC,LEC,0.0,0.0,0.0,session_best
2026,13,Italian Grand Prix,FP2,italian-grand-prix_corner_08,HAM,LEC,1.0,21.65,2.8,session_best
2026,13,Italian Grand Prix,FP2,italian-grand-prix_corner_08,PIA,LEC,1.0,-14.0,5.0,session_best
2026,13,Italian Grand Prix,FP2,italian-grand-prix_corner_08,HUL,LEC,2.0,-15.25,18.25,session_best
2026,13,Italian Grand Prix,FP2,italian-grand-prix_corner_08,VER,LEC,3.0,13.05,1.2,session_best
2026,13,Italian Grand Prix,FP2,italian-grand-prix_corner_08,NOR,LEC,4.0,-1.25,-8.0,session_best
2026,13,Italian Grand Prix,FP2,italian-grand-prix_corner_08,GAS,LEC,5.0,11.45,11.6,session_best
2026,13,Italian Grand Prix,FP2,italian-grand-prix_corner_08,BOR,LEC,5.0,2.45,22.0,session_best
2026,13,Italian Grand Prix,FP2,italian-grand-prix_corner_08,TSU,LEC,6.0,30.0,0.75,session_best
2026,13,Italian Grand Prix,FP2,italian-grand-prix_corner_08,COL,LEC,6.0,45.5,3.75,session_best
2026,13,Italian Grand Prix,FP2,italian-grand-prix_corner_08,ALB,LEC,6.0,33.25,8.0,session_best
2026,13,Italian Grand Prix,FP2,italian-grand-prix_corner_08,LIN,LEC,6.0,-41.083,8.333,session_best
2026,13,Italian Grand Prix,FP2,italian-grand-prix_corner_08,RUS,LEC,6.0,-13.35,-1.4,session_best
2026,13,Italian Grand Prix,FP2,italian-grand-prix_corner_08,BOT,LEC,7.0,-3.417,4.0,session_best
2026,13,Italian Grand Prix,FP2,italian-grand-prix_corner_08,SAI,LEC,7.0,31.45,12.0,session_best
2026,13,Italian Grand Prix,FP2,italian-grand-prix_corner_08,LAW,LEC,7.0,5.5,13.0,session_best
2026,13,Italian Grand Prix,FP2,italian-grand-prix_corner_08,BEA,LEC,7.0,22.85,-0.8,session_best
2026,13,Italian Grand Prix,FP2,italian-grand-prix_corner_08,ALO,LEC,9.0,1.75,8.5,session_best
2026,13,Italian Grand Prix,FP2,italian-grand-prix_corner_08,ANT,LEC,9.0,22.5,-7.5,session_best
2026,13,Italian Grand Prix,FP2,italian-grand-prix_corner_08,STR,LEC,11.0,44.5,0.75,session_best
2026,13,Italian Grand Prix,FP2,italian-grand-prix_corner_08,PER,LEC,12.0,12.65,7.2,session_best
2026,13,Italian Grand Prix,FP2,italian-grand-prix_corner_08,OCO,LEC,14.0,45.25,-2.8,session_best
2026,13,Italian Grand Prix,FP2,italian-grand-prix_corner_09,ANT,ANT,0.0,0.0,0.0,session_best
2026,13,Italian Grand Prix,FP2,italian-grand-prix_corner_09,LEC,ANT,3.0,3.0,3.0,session_best
2026,13,Italian Grand Prix,FP2,italian-grand-prix_corner_09,HAM,ANT,6.0,4.0,3.667,session_best
2026,13,Italian Grand Prix,FP2,italian-grand-prix_corner_09,RUS,ANT,7.0,1.0,5.75,session_best
2026,13,Italian Grand Prix,FP2,italian-grand-prix_corner_09,PIA,ANT,8.0,9.0,7.333,session_best
2026,13,Italian Grand Prix,FP2,italian-grand-prix_corner_09,BOR,ANT,9.0,17.667,8.667,session_best
2026,13,Italian Grand Prix,FP2,italian-grand-prix_corner_09,NOR,ANT,10.0,-3.0,11.333,session_best
2026,13,Italian Grand Prix,FP2,italian-grand-prix_corner_09,COL,ANT,10.0,10.667,5.0,session_best
2026,13,Italian Grand Prix,FP2,italian-grand-prix_corner_09,LIN,ANT,11.0,16.667,6.667,session_best
2026,13,Italian Grand Prix,FP2,italian-grand-prix_corner_09,GAS,ANT,12.0,11.5,12.0,session_best
2026,13,Italian Grand Prix,FP2,italian-grand-prix_corner_09,OCO,ANT,13.0,4.0,8.0,session_best
2026,13,Italian Grand Prix,FP2,italian-grand-prix_corner_09,LAW,ANT,13.0,13.667,7.667,session_best
2026,13,Italian Grand Prix,FP2,italian-grand-prix_corner_09,ALO,ANT,13.0,9.333,15.333,session_best
2026,13,Italian Grand Prix,FP2,italian-grand-prix_corner_09,BEA,ANT,14.0,5.0,8.5,session_best
2026,13,Italian Grand Prix,FP2,italian-grand-prix_corner_09,TSU,ANT,14.0,10.333,1.333,session_best
2026,13,Italian Grand Prix,FP2,italian-grand-prix_corner_09,VER,ANT,14.0,8.667,8.333,session_best
2026,13,Italian Grand Prix,FP2,italian-grand-prix_corner_09,HUL,ANT,15.0,14.667,11.333,session_best
2026,13,Italian Grand Prix,FP2,italian-grand-prix_corner_09,STR,ANT,15.0,9.667,12.333,session_best
2026,13,Italian Grand Prix,FP2,italian-grand-prix_corner_09,ALB,ANT,16.0,13.333,13.667,session_best
2026,13,Italian Grand Prix,FP2,italian-grand-prix_corner_09,PER,ANT,18.0,8.0,15.75,session_best
2026,13,Italian Grand Prix,FP2,italian-grand-prix_corner_09,BOT,ANT,21.0,9.333,20.0,session_best
2026,13,Italian Grand Prix,FP2,italian-grand-prix_corner_09,SAI,ANT,22.0,17.0,12.0,session_best
2026,13,Italian Grand Prix,FP2,italian-grand-prix_corner_10,ANT,ANT,0.0,0.0,0.0,session_best
2026,13,Italian Grand Prix,FP2,italian-grand-prix_corner_10,PIA,ANT,1.0,5.25,4.25,session_best
2026,13,Italian Grand Prix,FP2,italian-grand-prix_corner_10,LEC,ANT,3.0,1.917,-1.75,session_best
2026,13,Italian Grand Prix,FP2,italian-grand-prix_corner_10,HAM,ANT,4.0,4.583,3.25,session_best
2026,13,Italian Grand Prix,FP2,italian-grand-prix_corner_10,COL,ANT,4.0,0.25,-5.417,session_best
2026,13,Italian Grand Prix,FP2,italian-grand-prix_corner_10,BOR,ANT,4.0,5.75,5.5,session_best
2026,13,Italian Grand Prix,FP2,italian-grand-prix_corner_10,HUL,ANT,6.0,9.583,6.917,session_best
2026,13,Italian Grand Prix,FP2,italian-grand-prix_corner_10,LAW,ANT,8.0,3.25,11.25,session_best
2026,13,Italian Grand Prix,FP2,italian-grand-prix_corner_10,OCO,ANT,8.0,5.25,6.25,session_best
2026,13,Italian Grand Prix,FP2,italian-grand-prix_corner_10,ALO,ANT,8.0,13.583,9.917,session_best
2026,13,Italian Grand Prix,FP2,italian-grand-prix_corner_10,STR,ANT,8.0,9.917,7.25,session_best
2026,13,Italian Grand Prix,FP2,italian-grand-prix_corner_10,VER,ANT,9.0,3.25,1.917,session_best
2026,13,Italian Grand Prix,FP2,italian-grand-prix_corner_10,NOR,ANT,9.0,6.917,10.25,session_best
2026,13,Italian Grand Prix,FP2,italian-grand-prix_corner_10,TSU,ANT,9.0,-0.083,7.917,session_best
2026,13,Italian Grand Prix,FP2,italian-grand-prix_corner_10,RUS,ANT,9.0,3.917,10.583,session_best
2026,13,Italian Grand Prix,FP2,italian-grand-prix_corner_10,LIN,ANT,11.0,4.583,11.917,session_best
2026,13,Italian Grand Prix,FP2,italian-grand-prix_corner_10,BEA,ANT,11.0,3.25,13.25,session_best
2026,13,Italian Grand Prix,FP2,italian-grand-prix_corner_10,GAS,ANT,11.0,8.0,7.75,session_best
2026,13,Italian Grand Prix,FP2,italian-grand-prix_corner_10,SAI,ANT,12.0,7.5,11.75,session_best
2026,13,Italian Grand Prix,FP2,italian-grand-prix_corner_10,ALB,ANT,12.0,-1.75,12.25,session_best
2026,13,Italian Grand Prix,FP2,italian-grand-prix_corner_10,BOT,ANT,15.0,12.583,15.25,session_best
2026,13,Italian Grand Prix,FP2,italian-grand-prix_corner_10,PER,ANT,16.0,11.917,15.583,session_best
2026,13,Italian Grand Prix,FP2,italian-grand-prix_corner_11,COL,COL,0.0,0.0,0.0,session_best
2026,13,Italian Grand Prix,FP2,italian-grand-prix_corner_11,TSU,COL,2.0,6.167,3.0,session_best
2026,13,Italian Grand Prix,FP2,italian-grand-prix_corner_11,ANT,COL,7.0,8.667,-1.0,session_best
2026,13,Italian Grand Prix,FP2,italian-grand-prix_corner_11,LEC,COL,7.0,11.334,5.333,session_best
2026,13,Italian Grand Prix,FP2,italian-grand-prix_corner_11,STR,COL,9.0,4.667,7.0,session_best
2026,13,Italian Grand Prix,FP2,italian-grand-prix_corner_11,HAM,COL,10.0,8.0,6.667,session_best
2026,13,Italian Grand Prix,FP2,italian-grand-prix_corner_11,HUL,COL,12.0,14.667,6.5,session_best
2026,13,Italian Grand Prix,FP2,italian-grand-prix_corner_11,SAI,COL,14.0,14.667,1.5,session_best
2026,13,Italian Grand Prix,FP2,italian-grand-prix_corner_11,OCO,COL,14.0,18.167,5.0,session_best
2026,13,Italian Grand Prix,FP2,italian-grand-prix_corner_11,VER,COL,15.0,17.0,9.333,session_best
2026,13,Italian Grand Prix,FP2,italian-grand-prix_corner_11,GAS,COL,15.0,12.334,4.333,session_best
2026,13,Italian Grand Prix,FP2,italian-grand-prix_corner_11,BEA,COL,16.0,17.667,5.0,session_best
2026,13,Italian Grand Prix,FP2,italian-grand-prix_corner_11,RUS,COL,17.0,20.667,0.667,session_best
2026,13,Italian Grand Prix,FP2,italian-grand-prix_corner_11,BOR,COL,18.0,10.667,6.667,session_best
2026,13,Italian Grand Prix,FP2,italian-grand-prix_corner_11,ALB,COL,18.0,17.0,2.667,session_best
2026,13,Italian Grand Prix,FP2,italian-grand-prix_corner_11,NOR,COL,19.0,14.334,4.333,session_best
2026,13,Italian Grand Prix,FP2,italian-grand-prix_corner_11,PIA,COL,23.0,22.667,3.0,session_best
2026,13,Italian Grand Prix,FP2,italian-grand-prix_corner_11,ALO,COL,23.0,23.334,12.0,session_best
2026,13,Italian Grand Prix,FP2,italian-grand-prix_corner_11,LAW,COL,28.0,24.334,6.667,session_best
2026,13,Italian Grand Prix,FP2,italian-grand-prix_corner_11,LIN,COL,30.0,32.334,8.667,session_best
2026,13,Italian Grand Prix,FP2,italian-grand-prix_corner_11,PER,COL,31.0,26.667,11.0,session_best
2026,13,Italian Grand Prix,FP2,italian-grand-prix_corner_11,BOT,COL,33.0,31.667,12.0,session_best
2026,13,Italian Grand Prix,FP2,italian-grand-prix_corner_14,ANT,ANT,0.0,0.0,0.0,session_best
2026,13,Italian Grand Prix,FP2,italian-grand-prix_corner_14,HAM,ANT,4.0,2.0,3.333,session_best
2026,13,Italian Grand Prix,FP2,italian-grand-prix_corner_14,RUS,ANT,6.0,-3.333,6.0,session_best
2026,13,Italian Grand Prix,FP2,italian-grand-prix_corner_14,PIA,ANT,8.0,0.0,10.0,session_best
2026,13,Italian Grand Prix,FP2,italian-grand-prix_corner_14,LEC,ANT,8.0,-1.0,4.333,session_best
2026,13,Italian Grand Prix,FP2,italian-grand-prix_corner_14,BOR,ANT,12.0,69.333,13.0,session_best
2026,13,Italian Grand Prix,FP2,italian-grand-prix_corner_14,NOR,ANT,13.0,-1.333,10.0,session_best
2026,13,Italian Grand Prix,FP2,italian-grand-prix_corner_14,GAS,ANT,13.0,5.667,8.0,session_best
2026,13,Italian Grand Prix,FP2,italian-grand-prix_corner_14,ALO,ANT,13.0,17.0,18.0,session_best
2026,13,Italian Grand Prix,FP2,italian-grand-prix_corner_14,HUL,ANT,14.0,1.667,17.0,session_best
2026,13,Italian Grand Prix,FP2,italian-grand-prix_corner_14,VER,ANT,15.0,12.0,14.333,session_best
2026,13,Italian Grand Prix,FP2,italian-grand-prix_corner_14,LIN,ANT,18.0,-1.0,34.333,session_best
2026,13,Italian Grand Prix,FP2,italian-grand-prix_corner_14,LAW,ANT,19.0,2.333,16.666,session_best
2026,13,Italian Grand Prix,FP2,italian-grand-prix_corner_14,ALB,ANT,20.0,10.0,-0.334,session_best
2026,13,Italian Grand Prix,FP2,italian-grand-prix_corner_14,STR,ANT,20.0,13.333,16.666,session_best
2026,13,Italian Grand Prix,FP2,italian-grand-prix_corner_14,TSU,ANT,21.0,0.0,13.0,session_best
2026,13,Italian Grand Prix,FP2,italian-grand-prix_corner_14,COL,ANT,22.0,20.0,3.333,session_best
2026,13,Italian Grand Prix,FP2,italian-grand-prix_corner_14,OCO,ANT,23.0,19.667,10.666,session_best
2026,13,Italian Grand Prix,FP2,italian-grand-prix_corner_14,BEA,ANT,24.0,0.667,8.0,session_best
2026,13,Italian Grand Prix,FP2,italian-grand-prix_corner_14,SAI,ANT,25.0,7.0,10.583,session_best
2026,13,Italian Grand Prix,FP2,italian-grand-prix_corner_14,PER,ANT,26.0,9.333,30.666,session_best
2026,13,Italian Grand Prix,FP2,italian-grand-prix_corner_14,BOT,ANT,32.0,8.333,28.333,session_best
2026,13,Italian Grand Prix,FP2,italian-grand-prix_corner_18,ANT,ANT,0.0,0.0,0.0,session_best
2026,13,Italian Grand Prix,FP2,italian-grand-prix_corner_18,LEC,ANT,8.0,-7.333,9.667,session_best
2026,13,Italian Grand Prix,FP2,italian-grand-prix_corner_18,PIA,ANT,9.0,-0.333,9.167,session_best
2026,13,Italian Grand Prix,FP2,italian-grand-prix_corner_18,HAM,ANT,10.0,-7.333,9.334,session_best
2026,13,Italian Grand Prix,FP2,italian-grand-prix_corner_18,NOR,ANT,12.0,0.0,11.667,session_best
2026,13,Italian Grand Prix,FP2,italian-grand-prix_corner_18,VER,ANT,13.0,-3.666,8.0,session_best
2026,13,Italian Grand Prix,FP2,italian-grand-prix_corner_18,COL,ANT,13.0,5.0,14.667,session_best
2026,13,Italian Grand Prix,FP2,italian-grand-prix_corner_18,RUS,ANT,14.0,-3.0,13.334,session_best
2026,13,Italian Grand Prix,FP2,italian-grand-prix_corner_18,LAW,ANT,14.0,-7.333,13.667,session_best
2026,13,Italian Grand Prix,FP2,italian-grand-prix_corner_18,LIN,ANT,14.0,-14.333,16.0,session_best
2026,13,Italian Grand Prix,FP2,italian-grand-prix_corner_18,STR,ANT,16.0,7.167,13.167,session_best
2026,13,Italian Grand Prix,FP2,italian-grand-prix_corner_18,BOR,ANT,17.0,-7.833,18.167,session_best
2026,13,Italian Grand Prix,FP2,italian-grand-prix_corner_18,HUL,ANT,17.0,-6.0,15.334,session_best
2026,13,Italian Grand Prix,FP2,italian-grand-prix_corner_18,BEA,ANT,18.0,-10.666,13.0,session_best
2026,13,Italian Grand Prix,FP2,italian-grand-prix_corner_18,ALO,ANT,18.0,5.667,19.667,session_best
2026,13,Italian Grand Prix,FP2,italian-grand-prix_corner_18,GAS,ANT,19.0,5.334,11.667,session_best
2026,13,Italian Grand Prix,FP2,italian-grand-prix_corner_18,TSU,ANT,20.0,-8.833,20.167,session_best
2026,13,Italian Grand Prix,FP2,italian-grand-prix_corner_18,OCO,ANT,20.0,2.0,14.0,session_best
2026,13,Italian Grand Prix,FP2,italian-grand-prix_corner_18,PER,ANT,21.0,1.667,22.334,session_best
2026,13,Italian Grand Prix,FP2,italian-grand-prix_corner_18,SAI,ANT,23.0,-5.333,17.0,session_best
2026,13,Italian Grand Prix,FP2,italian-grand-prix_corner_18,ALB,ANT,25.0,-2.333,14.334,session_best
2026,13,Italian Grand Prix,FP2,italian-grand-prix_corner_18,BOT,ANT,27.0,0.667,27.667,session_best
2026,13,Italian Grand Prix,FP2,italian-grand-prix_corner_19,ANT,ANT,0.0,0.0,0.0,session_best
2026,13,Italian Grand Prix,FP2,italian-grand-prix_corner_19,VER,ANT,5.0,0.667,-7.0,session_best
2026,13,Italian Grand Prix,FP2,italian-grand-prix_corner_19,BEA,ANT,6.0,4.0,-2.333,session_best
2026,13,Italian Grand Prix,FP2,italian-grand-prix_corner_19,ALO,ANT,6.0,3.333,5.0,session_best
2026,13,Italian Grand Prix,FP2,italian-grand-prix_corner_19,GAS,ANT,7.0,5.667,7.333,session_best
2026,13,Italian Grand Prix,FP2,italian-grand-prix_corner_19,ALB,ANT,8.0,6.333,0.0,session_best
2026,13,Italian Grand Prix,FP2,italian-grand-prix_corner_19,LEC,ANT,8.0,4.667,0.333,session_best
2026,13,Italian Grand Prix,FP2,italian-grand-prix_corner_19,RUS,ANT,9.0,6.333,-0.667,session_best
2026,13,Italian Grand Prix,FP2,italian-grand-prix_corner_19,PIA,ANT,9.0,5.0,-3.333,session_best
2026,13,Italian Grand Prix,FP2,italian-grand-prix_corner_19,HUL,ANT,10.0,9.0,-2.5,session_best
2026,13,Italian Grand Prix,FP2,italian-grand-prix_corner_19,HAM,ANT,10.0,7.0,4.333,session_best
2026,13,Italian Grand Prix,FP2,italian-grand-prix_corner_19,STR,ANT,11.0,9.0,3.0,session_best
2026,13,Italian Grand Prix,FP2,italian-grand-prix_corner_19,LAW,ANT,12.0,7.667,-3.667,session_best
2026,13,Italian Grand Prix,FP2,italian-grand-prix_corner_19,NOR,ANT,12.0,9.5,-2.0,session_best
2026,13,Italian Grand Prix,FP2,italian-grand-prix_corner_19,TSU,ANT,13.0,10.0,-3.5,session_best
2026,13,Italian Grand Prix,FP2,italian-grand-prix_corner_19,OCO,ANT,13.0,8.667,3.333,session_best
2026,13,Italian Grand Prix,FP2,italian-grand-prix_corner_19,SAI,ANT,13.0,7.333,1.667,session_best
2026,13,Italian Grand Prix,FP2,italian-grand-prix_corner_19,LIN,ANT,14.0,10.667,-0.667,session_best
2026,13,Italian Grand Prix,FP2,italian-grand-prix_corner_19,COL,ANT,15.0,15.333,-0.667,session_best
2026,13,Italian Grand Prix,FP2,italian-grand-prix_corner_19,BOR,ANT,20.0,17.333,-2.333,session_best
2026,13,Italian Grand Prix,FP2,italian-grand-prix_corner_19,PER,ANT,23.0,21.667,3.667,session_best
2026,13,Italian Grand Prix,FP2,italian-grand-prix_corner_19,BOT,ANT,26.0,21.667,3.667,session_best
2026,13,Italian Grand Prix,FP3,italian-grand-prix_corner_04,BOT,BOT,0.0,0.0,0.0,session_best
2026,13,Italian Grand Prix,FP3,italian-grand-prix_corner_04,GAS,BOT,0.0,-3.3,3.967,session_best
2026,13,Italian Grand Prix,FP3,italian-grand-prix_corner_04,PER,BOT,1.0,1.0,-3.6,session_best
2026,13,Italian Grand Prix,FP3,italian-grand-prix_corner_04,VER,BOT,2.0,-3.633,11.3,session_best
2026,13,Italian Grand Prix,FP3,italian-grand-prix_corner_04,TSU,BOT,2.0,-4.0,-0.8,session_best
2026,13,Italian Grand Prix,FP3,italian-grand-prix_corner_04,BOR,BOT,2.0,-3.2,0.8,session_best
2026,13,Italian Grand Prix,FP3,italian-grand-prix_corner_04,STR,BOT,3.0,-2.467,1.467,session_best
2026,13,Italian Grand Prix,FP3,italian-grand-prix_corner_04,HAM,BOT,3.0,-7.3,0.3,session_best
2026,13,Italian Grand Prix,FP3,italian-grand-prix_corner_04,ALO,BOT,3.0,-4.6,18.2,session_best
2026,13,Italian Grand Prix,FP3,italian-grand-prix_corner_04,ALB,BOT,4.0,-0.8,0.8,session_best
2026,13,Italian Grand Prix,FP3,italian-grand-prix_corner_04,LEC,BOT,4.0,-4.3,1.633,session_best
2026,13,Italian Grand Prix,FP3,italian-grand-prix_corner_04,ANT,BOT,4.0,-6.8,-2.6,session_best
2026,13,Italian Grand Prix,FP3,italian-grand-prix_corner_04,COL,BOT,4.0,-3.2,1.8,session_best
2026,13,Italian Grand Prix,FP3,italian-grand-prix_corner_04,LAW,BOT,4.0,-9.4,0.4,session_best
2026,13,Italian Grand Prix,FP3,italian-grand-prix_corner_04,BEA,BOT,5.0,-6.6,-1.8,session_best
2026,13,Italian Grand Prix,FP3,italian-grand-prix_corner_04,PIA,BOT,5.0,-5.467,-5.867,session_best
2026,13,Italian Grand Prix,FP3,italian-grand-prix_corner_04,HUL,BOT,5.0,-7.467,-4.367,session_best
2026,13,Italian Grand Prix,FP3,italian-grand-prix_corner_04,LIN,BOT,5.0,-7.967,9.633,session_best
2026,13,Italian Grand Prix,FP3,italian-grand-prix_corner_04,SAI,BOT,5.0,0.6,-6.2,session_best
2026,13,Italian Grand Prix,FP3,italian-grand-prix_corner_04,NOR,BOT,7.0,0.2,-12.2,session_best
2026,13,Italian Grand Prix,FP3,italian-grand-prix_corner_04,RUS,BOT,7.0,-7.6,-2.0,session_best
2026,13,Italian Grand Prix,FP3,italian-grand-prix_corner_04,OCO,BOT,7.0,-1.2,-6.8,session_best
2026,13,Italian Grand Prix,FP3,italian-grand-prix_corner_08,COL,COL,0.0,0.0,0.0,session_best
2026,13,Italian Grand Prix,FP3,italian-grand-prix_corner_08,RUS,COL,183.0,170.8,78.2,session_best
2026,13,Italian Grand Prix,FP3,italian-grand-prix_corner_08,HAM,COL,184.0,176.25,71.25,session_best
2026,13,Italian Grand Prix,FP3,italian-grand-prix_corner_08,LEC,COL,184.0,177.0,72.2,session_best
2026,13,Italian Grand Prix,FP3,italian-grand-prix_corner_08,NOR,COL,185.0,182.0,60.75,session_best
2026,13,Italian Grand Prix,FP3,italian-grand-prix_corner_08,VER,COL,185.0,171.75,75.5,session_best
2026,13,Italian Grand Prix,FP3,italian-grand-prix_corner_08,ALO,COL,186.0,179.8,78.2,session_best
2026,13,Italian Grand Prix,FP3,italian-grand-prix_corner_08,ANT,COL,187.0,179.0,75.75,session_best
2026,13,Italian Grand Prix,FP3,italian-grand-prix_corner_08,GAS,COL,187.0,-3.0,113.75,session_best
2026,13,Italian Grand Prix,FP3,italian-grand-prix_corner_08,TSU,COL,187.0,178.333,75.0,session_best
2026,13,Italian Grand Prix,FP3,italian-grand-prix_corner_08,STR,COL,188.0,178.0,88.25,session_best
2026,13,Italian Grand Prix,FP3,italian-grand-prix_corner_08,LAW,COL,188.0,175.6,74.0,session_best
2026,13,Italian Grand Prix,FP3,italian-grand-prix_corner_08,HUL,COL,188.0,177.0,75.0,session_best
2026,13,Italian Grand Prix,FP3,italian-grand-prix_corner_08,PIA,COL,188.0,184.0,62.0,session_best
2026,13,Italian Grand Prix,FP3,italian-grand-prix_corner_08,LIN,COL,189.0,177.75,79.0,session_best
2026,13,Italian Grand Prix,FP3,italian-grand-prix_corner_08,OCO,COL,189.0,186.25,72.0,session_best
2026,13,Italian Grand Prix,FP3,italian-grand-prix_corner_08,SAI,COL,189.0,184.0,77.5,session_best
2026,13,Italian Grand Prix,FP3,italian-grand-prix_corner_08,BEA,COL,190.0,185.2,70.8,session_best
2026,13,Italian Grand Prix,FP3,italian-grand-prix_corner_08,BOR,COL,191.0,186.0,77.5,session_best
2026,13,Italian Grand Prix,FP3,italian-grand-prix_corner_08,BOT,COL,192.0,180.0,74.2,session_best
2026,13,Italian Grand Prix,FP3,italian-grand-prix_corner_08,ALB,COL,193.0,179.6,82.8,session_best
2026,13,Italian Grand Prix,FP3,italian-grand-prix_corner_08,PER,COL,198.0,194.0,73.4,session_best
2026,13,Italian Grand Prix,FP3,italian-grand-prix_corner_09,ANT,ANT,0.0,0.0,0.0,session_best
2026,13,Italian Grand Prix,FP3,italian-grand-prix_corner_09,HAM,ANT,1.0,-3.333,1.0,session_best
2026,13,Italian Grand Prix,FP3,italian-grand-prix_corner_09,LEC,ANT,3.0,-4.333,2.0,session_best
2026,13,Italian Grand Prix,FP3,italian-grand-prix_corner_09,RUS,ANT,3.0,1.0,1.0,session_best
2026,13,Italian Grand Prix,FP3,italian-grand-prix_corner_09,BOR,ANT,3.0,0.667,2.0,session_best
2026,13,Italian Grand Prix,FP3,italian-grand-prix_corner_09,NOR,ANT,4.0,-13.0,2.666,session_best
2026,13,Italian Grand Prix,FP3,italian-grand-prix_corner_09,LIN,ANT,5.0,1.333,-1.334,session_best
2026,13,Italian Grand Prix,FP3,italian-grand-prix_corner_09,PIA,ANT,6.0,-15.333,0.666,session_best
2026,13,Italian Grand Prix,FP3,italian-grand-prix_corner_09,VER,ANT,7.0,-0.667,-1.0,session_best
2026,13,Italian Grand Prix,FP3,italian-grand-prix_corner_09,BEA,ANT,8.0,-2.0,4.833,session_best
2026,13,Italian Grand Prix,FP3,italian-grand-prix_corner_09,ALO,ANT,8.0,2.667,7.333,session_best
2026,13,Italian Grand Prix,FP3,italian-grand-prix_corner_09,TSU,ANT,8.0,2.667,-0.667,session_best
2026,13,Italian Grand Prix,FP3,italian-grand-prix_corner_09,HUL,ANT,10.0,-2.0,1.333,session_best
2026,13,Italian Grand Prix,FP3,italian-grand-prix_corner_09,GAS,ANT,11.0,29.25,14.833,session_best
2026,13,Italian Grand Prix,FP3,italian-grand-prix_corner_09,LAW,ANT,13.0,-1.667,1.666,session_best
2026,13,Italian Grand Prix,FP3,italian-grand-prix_corner_09,OCO,ANT,15.0,3.25,5.583,session_best
2026,13,Italian Grand Prix,FP3,italian-grand-prix_corner_09,SAI,ANT,16.0,0.667,6.666,session_best
2026,13,Italian Grand Prix,FP3,italian-grand-prix_corner_09,BOT,ANT,16.0,-2.5,9.333,session_best
2026,13,Italian Grand Prix,FP3,italian-grand-prix_corner_09,STR,ANT,16.0,8.75,12.083,session_best
2026,13,Italian Grand Prix,FP3,italian-grand-prix_corner_09,COL,ANT,18.0,4.667,1.666,session_best
2026,13,Italian Grand Prix,FP3,italian-grand-prix_corner_09,ALB,ANT,19.0,2.0,7.0,session_best
2026,13,Italian Grand Prix,FP3,italian-grand-prix_corner_09,PER,ANT,21.0,-1.333,15.333,session_best
2026,13,Italian Grand Prix,FP3,italian-grand-prix_corner_10,COL,COL,0.0,0.0,0.0,session_best
2026,13,Italian Grand Prix,FP3,italian-grand-prix_corner_10,GAS,COL,10.0,-10.167,45.333,session_best
2026,13,Italian Grand Prix,FP3,italian-grand-prix_corner_10,LEC,COL,12.0,-25.667,1.333,session_best
2026,13,Italian Grand Prix,FP3,italian-grand-prix_corner_10,NOR,COL,12.0,-28.334,-7.667,session_best
2026,13,Italian Grand Prix,FP3,italian-grand-prix_corner_10,RUS,COL,13.0,-28.667,3.0,session_best
2026,13,Italian Grand Prix,FP3,italian-grand-prix_corner_10,BOR,COL,14.0,-27.667,1.666,session_best
2026,13,Italian Grand Prix,FP3,italian-grand-prix_corner_10,ANT,COL,15.0,-29.334,-0.334,session_best
2026,13,Italian Grand Prix,FP3,italian-grand-prix_corner_10,HAM,COL,15.0,-28.0,7.333,session_best
2026,13,Italian Grand Prix,FP3,italian-grand-prix_corner_10,PIA,COL,16.0,-27.667,2.333,session_best
2026,13,Italian Grand Prix,FP3,italian-grand-prix_corner_10,LAW,COL,17.0,-27.0,9.666,session_best
2026,13,Italian Grand Prix,FP3,italian-grand-prix_corner_10,STR,COL,17.0,-19.667,8.666,session_best
2026,13,Italian Grand Prix,FP3,italian-grand-prix_corner_10,HUL,COL,18.0,-28.0,1.333,session_best
2026,13,Italian Grand Prix,FP3,italian-grand-prix_corner_10,ALO,COL,18.0,-20.0,14.666,session_best
2026,13,Italian Grand Prix,FP3,italian-grand-prix_corner_10,VER,COL,20.0,-27.667,3.333,session_best
2026,13,Italian Grand Prix,FP3,italian-grand-prix_corner_10,BEA,COL,21.0,-26.334,6.333,session_best
2026,13,Italian Grand Prix,FP3,italian-grand-prix_corner_10,BOT,COL,22.0,-21.667,16.0,session_best
2026,13,Italian Grand Prix,FP3,italian-grand-prix_corner_10,LIN,COL,22.0,-29.667,15.333,session_best
2026,13,Italian Grand Prix,FP3,italian-grand-prix_corner_10,TSU,COL,23.0,-29.417,11.333,session_best
2026,13,Italian Grand Prix,FP3,italian-grand-prix_corner_10,OCO,COL,24.0,-25.667,7.833,session_best
2026,13,Italian Grand Prix,FP3,italian-grand-prix_corner_10,SAI,COL,26.0,-23.417,2.833,session_best
2026,13,Italian Grand Prix,FP3,italian-grand-prix_corner_10,ALB,COL,27.0,-23.667,20.0,session_best
2026,13,Italian Grand Prix,FP3,italian-grand-prix_corner_10,PER,COL,27.0,-19.167,7.833,session_best
2026,13,Italian Grand Prix,FP3,italian-grand-prix_corner_11,NOR,NOR,0.0,0.0,0.0,session_best
2026,13,Italian Grand Prix,FP3,italian-grand-prix_corner_11,ANT,NOR,1.0,-0.5,1.5,session_best
2026,13,Italian Grand Prix,FP3,italian-grand-prix_corner_11,LEC,NOR,3.0,5.0,5.5,session_best
2026,13,Italian Grand Prix,FP3,italian-grand-prix_corner_11,PIA,NOR,5.0,6.0,-1.0,session_best
2026,13,Italian Grand Prix,FP3,italian-grand-prix_corner_11,RUS,NOR,6.0,5.5,0.5,session_best
2026,13,Italian Grand Prix,FP3,italian-grand-prix_corner_11,SAI,NOR,6.0,3.167,4.167,session_best
2026,13,Italian Grand Prix,FP3,italian-grand-prix_corner_11,TSU,NOR,6.0,7.5,7.5,session_best
2026,13,Italian Grand Prix,FP3,italian-grand-prix_corner_11,BOR,NOR,7.0,6.167,8.5,session_best
2026,13,Italian Grand Prix,FP3,italian-grand-prix_corner_11,HAM,NOR,8.0,8.5,4.0,session_best
2026,13,Italian Grand Prix,FP3,italian-grand-prix_corner_11,ALO,NOR,9.0,10.5,10.5,session_best
2026,13,Italian Grand Prix,FP3,italian-grand-prix_corner_11,VER,NOR,9.0,6.5,6.5,session_best
2026,13,Italian Grand Prix,FP3,italian-grand-prix_corner_11,HUL,NOR,9.0,10.5,4.0,session_best
2026,13,Italian Grand Prix,FP3,italian-grand-prix_corner_11,OCO,NOR,10.0,9.5,11.5,session_best
2026,13,Italian Grand Prix,FP3,italian-grand-prix_corner_11,PER,NOR,11.0,7.5,9.833,session_best
2026,13,Italian Grand Prix,FP3,italian-grand-prix_corner_11,ALB,NOR,12.0,7.833,6.167,session_best
2026,13,Italian Grand Prix,FP3,italian-grand-prix_corner_11,LIN,NOR,12.0,12.0,4.5,session_best
2026,13,Italian Grand Prix,FP3,italian-grand-prix_corner_11,BOT,NOR,13.0,14.5,8.0,session_best
2026,13,Italian Grand Prix,FP3,italian-grand-prix_corner_11,LAW,NOR,14.0,14.0,7.0,session_best
2026,13,Italian Grand Prix,FP3,italian-grand-prix_corner_11,BEA,NOR,17.0,14.0,6.5,session_best
2026,13,Italian Grand Prix,FP3,italian-grand-prix_corner_11,STR,NOR,18.0,13.5,14.5,session_best
2026,13,Italian Grand Prix,FP3,italian-grand-prix_corner_11,GAS,NOR,64.0,63.5,23.833,session_best
2026,13,Italian Grand Prix,FP3,italian-grand-prix_corner_11,COL,NOR,77.0,57.75,43.5,session_best
2026,13,Italian Grand Prix,FP3,italian-grand-prix_corner_14,NOR,NOR,0.0,0.0,0.0,session_best
2026,13,Italian Grand Prix,FP3,italian-grand-prix_corner_14,ANT,NOR,2.0,-1.0,-2.0,session_best
2026,13,Italian Grand Prix,FP3,italian-grand-prix_corner_14,VER,NOR,3.0,-9.0,0.0,session_best
2026,13,Italian Grand Prix,FP3,italian-grand-prix_corner_14,LIN,NOR,3.0,0.167,4.5,session_best
2026,13,Italian Grand Prix,FP3,italian-grand-prix_corner_14,LEC,NOR,3.0,4.0,-3.333,session_best
2026,13,Italian Grand Prix,FP3,italian-grand-prix_corner_14,RUS,NOR,4.0,-1.0,-1.667,session_best
2026,13,Italian Grand Prix,FP3,italian-grand-prix_corner_14,BOR,NOR,6.0,-7.333,6.667,session_best
2026,13,Italian Grand Prix,FP3,italian-grand-prix_corner_14,HAM,NOR,6.0,1.667,3.0,session_best
2026,13,Italian Grand Prix,FP3,italian-grand-prix_corner_14,GAS,NOR,8.0,-109.333,30.333,session_best
2026,13,Italian Grand Prix,FP3,italian-grand-prix_corner_14,ALO,NOR,8.0,4.917,7.75,session_best
2026,13,Italian Grand Prix,FP3,italian-grand-prix_corner_14,STR,NOR,8.0,1.0,7.667,session_best
2026,13,Italian Grand Prix,FP3,italian-grand-prix_corner_14,PIA,NOR,8.0,-4.0,8.0,session_best
2026,13,Italian Grand Prix,FP3,italian-grand-prix_corner_14,HUL,NOR,8.0,-9.666,4.333,session_best
2026,13,Italian Grand Prix,FP3,italian-grand-prix_corner_14,COL,NOR,11.0,-118.0,77.0,session_best
2026,13,Italian Grand Prix,FP3,italian-grand-prix_corner_14,LAW,NOR,13.0,3.167,3.25,session_best
2026,13,Italian Grand Prix,FP3,italian-grand-prix_corner_14,TSU,NOR,14.0,6.667,3.333,session_best
2026,13,Italian Grand Prix,FP3,italian-grand-prix_corner_14,OCO,NOR,14.0,11.334,-1.333,session_best
2026,13,Italian Grand Prix,FP3,italian-grand-prix_corner_14,SAI,NOR,15.0,10.667,0.333,session_best
2026,13,Italian Grand Prix,FP3,italian-grand-prix_corner_14,BEA,NOR,17.0,15.167,0.0,session_best
2026,13,Italian Grand Prix,FP3,italian-grand-prix_corner_14,PER,NOR,20.0,19.667,7.333,session_best
2026,13,Italian Grand Prix,FP3,italian-grand-prix_corner_14,ALB,NOR,21.0,19.334,12.667,session_best
2026,13,Italian Grand Prix,FP3,italian-grand-prix_corner_14,BOT,NOR,23.0,7.167,20.75,session_best
2026,13,Italian Grand Prix,FP3,italian-grand-prix_corner_18,ANT,ANT,0.0,0.0,0.0,session_best
2026,13,Italian Grand Prix,FP3,italian-grand-prix_corner_18,GAS,ANT,0.0,-61.333,12.667,session_best
2026,13,Italian Grand Prix,FP3,italian-grand-prix_corner_18,NOR,ANT,0.0,17.667,-11.0,session_best
2026,13,Italian Grand Prix,FP3,italian-grand-prix_corner_18,RUS,ANT,0.0,7.667,-6.667,session_best
2026,13,Italian Grand Prix,FP3,italian-grand-prix_corner_18,PIA,ANT,2.0,20.334,-7.667,session_best
2026,13,Italian Grand Prix,FP3,italian-grand-prix_corner_18,BOR,ANT,2.0,3.334,-3.0,session_best
2026,13,Italian Grand Prix,FP3,italian-grand-prix_corner_18,LEC,ANT,3.0,8.667,-2.667,session_best
2026,13,Italian Grand Prix,FP3,italian-grand-prix_corner_18,VER,ANT,3.0,9.334,-4.333,session_best
2026,13,Italian Grand Prix,FP3,italian-grand-prix_corner_18,HAM,ANT,3.0,13.667,-6.0,session_best
2026,13,Italian Grand Prix,FP3,italian-grand-prix_corner_18,COL,ANT,3.0,-69.0,35.333,session_best
2026,13,Italian Grand Prix,FP3,italian-grand-prix_corner_18,LIN,ANT,4.0,23.334,-8.333,session_best
2026,13,Italian Grand Prix,FP3,italian-grand-prix_corner_18,HUL,ANT,9.0,3.334,0.333,session_best
2026,13,Italian Grand Prix,FP3,italian-grand-prix_corner_18,TSU,ANT,10.0,24.0,-8.0,session_best
2026,13,Italian Grand Prix,FP3,italian-grand-prix_corner_18,ALO,ANT,10.0,29.417,-3.0,session_best
2026,13,Italian Grand Prix,FP3,italian-grand-prix_corner_18,STR,ANT,10.0,19.167,5.0,session_best
2026,13,Italian Grand Prix,FP3,italian-grand-prix_corner_18,LAW,ANT,11.0,17.0,-8.0,session_best
2026,13,Italian Grand Prix,FP3,italian-grand-prix_corner_18,OCO,ANT,11.0,31.667,-1.667,session_best
2026,13,Italian Grand Prix,FP3,italian-grand-prix_corner_18,BEA,ANT,12.0,30.334,-7.0,session_best
2026,13,Italian Grand Prix,FP3,italian-grand-prix_corner_18,SAI,ANT,14.0,20.917,-0.5,session_best
2026,13,Italian Grand Prix,FP3,italian-grand-prix_corner_18,ALB,ANT,15.0,26.667,-1.333,session_best
2026,13,Italian Grand Prix,FP3,italian-grand-prix_corner_18,BOT,ANT,17.0,17.667,5.0,session_best
2026,13,Italian Grand Prix,FP3,italian-grand-prix_corner_18,PER,ANT,17.0,19.0,3.0,session_best
2026,13,Italian Grand Prix,FP3,italian-grand-prix_corner_19,NOR,NOR,0.0,0.0,0.0,session_best
2026,13,Italian Grand Prix,FP3,italian-grand-prix_corner_19,BOR,NOR,3.0,1.666,1.0,session_best
2026,13,Italian Grand Prix,FP3,italian-grand-prix_corner_19,LAW,NOR,3.0,2.333,-4.833,session_best
2026,13,Italian Grand Prix,FP3,italian-grand-prix_corner_19,PIA,NOR,3.0,1.666,-2.666,session_best
2026,13,Italian Grand Prix,FP3,italian-grand-prix_corner_19,LIN,NOR,5.0,2.666,-6.333,session_best
2026,13,Italian Grand Prix,FP3,italian-grand-prix_corner_19,BEA,NOR,5.0,1.666,-2.0,session_best
2026,13,Italian Grand Prix,FP3,italian-grand-prix_corner_19,RUS,NOR,6.0,4.333,0.667,session_best
2026,13,Italian Grand Prix,FP3,italian-grand-prix_corner_19,TSU,NOR,6.0,3.0,0.667,session_best
2026,13,Italian Grand Prix,FP3,italian-grand-prix_corner_19,HAM,NOR,6.0,4.333,0.334,session_best
2026,13,Italian Grand Prix,FP3,italian-grand-prix_corner_19,OCO,NOR,7.0,5.833,2.167,session_best
2026,13,Italian Grand Prix,FP3,italian-grand-prix_corner_19,VER,NOR,7.0,5.833,-0.333,session_best
2026,13,Italian Grand Prix,FP3,italian-grand-prix_corner_19,LEC,NOR,9.0,8.333,1.667,session_best
2026,13,Italian Grand Prix,FP3,italian-grand-prix_corner_19,ALO,NOR,9.0,9.333,8.167,session_best
2026,13,Italian Grand Prix,FP3,italian-grand-prix_corner_19,ALB,NOR,10.0,7.666,0.0,session_best
2026,13,Italian Grand Prix,FP3,italian-grand-prix_corner_19,SAI,NOR,10.0,8.333,1.667,session_best
2026,13,Italian Grand Prix,FP3,italian-grand-prix_corner_19,HUL,NOR,11.0,8.0,1.667,session_best
2026,13,Italian Grand Prix,FP3,italian-grand-prix_corner_19,BOT,NOR,12.0,8.833,-3.333,session_best
2026,13,Italian Grand Prix,FP3,italian-grand-prix_corner_19,ANT,NOR,12.0,10.0,2.667,session_best
2026,13,Italian Grand Prix,FP3,italian-grand-prix_corner_19,PER,NOR,13.0,10.0,4.0,session_best
2026,13,Italian Grand Prix,FP3,italian-grand-prix_corner_19,STR,NOR,15.0,14.0,12.0,session_best
2026,13,Italian Grand Prix,FP3,italian-grand-prix_corner_19,GAS,NOR,22.0,19.0,11.334,session_best
2026,13,Italian Grand Prix,FP3,italian-grand-prix_corner_19,COL,NOR,51.0,47.666,19.0,session_best
2026,13,Italian Grand Prix,Q,italian-grand-prix_corner_03,BEA,BEA,0.0,0.0,0.0,session_best
2026,13,Italian Grand Prix,Q,italian-grand-prix_corner_03,HAM,BEA,2.0,-0.666,1.667,session_best
2026,13,Italian Grand Prix,Q,italian-grand-prix_corner_03,LIN,BEA,3.0,5.0,0.667,session_best
2026,13,Italian Grand Prix,Q,italian-grand-prix_corner_03,LEC,BEA,8.0,0.0,3.334,session_best
2026,13,Italian Grand Prix,Q,italian-grand-prix_corner_03,PIA,BEA,8.0,5.0,5.334,session_best
2026,13,Italian Grand Prix,Q,italian-grand-prix_corner_03,NOR,BEA,9.0,2.334,8.334,session_best
2026,13,Italian Grand Prix,Q,italian-grand-prix_corner_03,BOT,BEA,10.0,3.667,12.334,session_best
2026,13,Italian Grand Prix,Q,italian-grand-prix_corner_03,LAW,BEA,10.0,5.667,11.0,session_best
2026,13,Italian Grand Prix,Q,italian-grand-prix_corner_03,RUS,BEA,10.0,-8.0,12.0,session_best
2026,13,Italian Grand Prix,Q,italian-grand-prix_corner_03,TSU,BEA,11.0,15.667,8.0,session_best
2026,13,Italian Grand Prix,Q,italian-grand-prix_corner_03,BOR,BEA,12.0,2.334,11.667,session_best
2026,13,Italian Grand Prix,Q,italian-grand-prix_corner_03,ANT,BEA,12.0,-1.666,12.334,session_best
2026,13,Italian Grand Prix,Q,italian-grand-prix_corner_03,OCO,BEA,13.0,2.0,2.334,session_best
2026,13,Italian Grand Prix,Q,italian-grand-prix_corner_03,VER,BEA,14.0,2.667,10.334,session_best
2026,13,Italian Grand Prix,Q,italian-grand-prix_corner_03,COL,BEA,15.0,-3.0,18.334,session_best
2026,13,Italian Grand Prix,Q,italian-grand-prix_corner_03,STR,BEA,15.0,20.334,10.0,session_best
2026,13,Italian Grand Prix,Q,italian-grand-prix_corner_03,HUL,BEA,16.0,1.0,11.0,session_best
2026,13,Italian Grand Prix,Q,italian-grand-prix_corner_03,ALB,BEA,17.0,0.667,15.917,session_best
2026,13,Italian Grand Prix,Q,italian-grand-prix_corner_03,SAI,BEA,18.0,1.667,16.667,session_best
2026,13,Italian Grand Prix,Q,italian-grand-prix_corner_03,GAS,BEA,18.0,-5.666,19.334,session_best
2026,13,Italian Grand Prix,Q,italian-grand-prix_corner_03,PER,BEA,19.0,6.667,18.0,session_best
2026,13,Italian Grand Prix,Q,italian-grand-prix_corner_03,ALO,BEA,21.0,20.667,23.334,session_best
2026,13,Italian Grand Prix,Q,italian-grand-prix_corner_04,VER,VER,0.0,0.0,0.0,session_best
2026,13,Italian Grand Prix,Q,italian-grand-prix_corner_04,BOR,VER,3.0,0.2,7.4,session_best
2026,13,Italian Grand Prix,Q,italian-grand-prix_corner_04,COL,VER,3.0,-0.4,1.6,session_best
2026,13,Italian Grand Prix,Q,italian-grand-prix_corner_04,HUL,VER,4.0,2.2,-0.2,session_best
2026,13,Italian Grand Prix,Q,italian-grand-prix_corner_04,LIN,VER,5.0,-2.2,6.0,session_best
2026,13,Italian Grand Prix,Q,italian-grand-prix_corner_04,BOT,VER,5.0,0.9,2.5,session_best
2026,13,Italian Grand Prix,Q,italian-grand-prix_corner_04,LEC,VER,5.0,-1.6,2.6,session_best
2026,13,Italian Grand Prix,Q,italian-grand-prix_corner_04,PIA,VER,6.0,-1.6,5.6,session_best
2026,13,Italian Grand Prix,Q,italian-grand-prix_corner_04,PER,VER,6.0,4.2,4.6,session_best
2026,13,Italian Grand Prix,Q,italian-grand-prix_corner_04,ALO,VER,6.0,3.9,-0.5,session_best
2026,13,Italian Grand Prix,Q,italian-grand-prix_corner_04,SAI,VER,6.0,6.0,8.8,session_best
2026,13,Italian Grand Prix,Q,italian-grand-prix_corner_04,HAM,VER,6.0,0.8,4.6,session_best
2026,13,Italian Grand Prix,Q,italian-grand-prix_corner_04,GAS,VER,6.0,2.8,-2.6,session_best
2026,13,Italian Grand Prix,Q,italian-grand-prix_corner_04,TSU,VER,7.0,3.8,3.8,session_best
2026,13,Italian Grand Prix,Q,italian-grand-prix_corner_04,LAW,VER,7.0,4.6,13.4,session_best
2026,13,Italian Grand Prix,Q,italian-grand-prix_corner_04,RUS,VER,8.0,1.567,1.167,session_best
2026,13,Italian Grand Prix,Q,italian-grand-prix_corner_04,ALB,VER,8.0,2.8,4.8,session_best
2026,13,Italian Grand Prix,Q,italian-grand-prix_corner_04,BEA,VER,8.0,-1.8,3.4,session_best
2026,13,Italian Grand Prix,Q,italian-grand-prix_corner_04,OCO,VER,9.0,2.0,3.6,session_best
2026,13,Italian Grand Prix,Q,italian-grand-prix_corner_04,NOR,VER,9.0,-0.2,4.8,session_best
2026,13,Italian Grand Prix,Q,italian-grand-prix_corner_04,STR,VER,9.0,1.4,3.6,session_best
2026,13,Italian Grand Prix,Q,italian-grand-prix_corner_04,ANT,VER,11.0,2.567,-0.667,session_best
2026,13,Italian Grand Prix,Q,italian-grand-prix_corner_08,ALB,ALB,0.0,0.0,0.0,session_best
2026,13,Italian Grand Prix,Q,italian-grand-prix_corner_08,SAI,ALB,169.0,2.0,157.667,session_best
2026,13,Italian Grand Prix,Q,italian-grand-prix_corner_08,COL,ALB,180.0,2.0,123.667,session_best
2026,13,Italian Grand Prix,Q,italian-grand-prix_corner_08,GAS,ALB,189.0,-1.0,111.333,session_best
2026,13,Italian Grand Prix,Q,italian-grand-prix_corner_08,NOR,ALB,196.0,192.6,83.2,session_best
2026,13,Italian Grand Prix,Q,italian-grand-prix_corner_08,PIA,ALB,196.0,193.25,87.25,session_best
2026,13,Italian Grand Prix,Q,italian-grand-prix_corner_08,VER,ALB,196.0,191.4,78.6,session_best
2026,13,Italian Grand Prix,Q,italian-grand-prix_corner_08,LAW,ALB,197.0,192.6,81.8,session_best
2026,13,Italian Grand Prix,Q,italian-grand-prix_corner_08,LIN,ALB,197.0,192.0,82.2,session_best
2026,13,Italian Grand Prix,Q,italian-grand-prix_corner_08,HAM,ALB,197.0,194.25,79.75,session_best
2026,13,Italian Grand Prix,Q,italian-grand-prix_corner_08,ALO,ALB,198.0,192.6,87.8,session_best
2026,13,Italian Grand Prix,Q,italian-grand-prix_corner_08,RUS,ALB,198.0,193.4,80.4,session_best
2026,13,Italian Grand Prix,Q,italian-grand-prix_corner_08,ANT,ALB,198.0,191.4,77.6,session_best
2026,13,Italian Grand Prix,Q,italian-grand-prix_corner_08,BOR,ALB,199.0,195.4,80.2,session_best
2026,13,Italian Grand Prix,Q,italian-grand-prix_corner_08,OCO,ALB,199.0,197.0,80.5,session_best
2026,13,Italian Grand Prix,Q,italian-grand-prix_corner_08,BEA,ALB,200.0,197.0,80.0,session_best
2026,13,Italian Grand Prix,Q,italian-grand-prix_corner_08,LEC,ALB,200.0,194.8,78.8,session_best
2026,13,Italian Grand Prix,Q,italian-grand-prix_corner_08,HUL,ALB,201.0,194.6,84.2,session_best
2026,13,Italian Grand Prix,Q,italian-grand-prix_corner_08,TSU,ALB,201.0,197.2,82.0,session_best
2026,13,Italian Grand Prix,Q,italian-grand-prix_corner_08,STR,ALB,201.0,195.8,89.6,session_best
2026,13,Italian Grand Prix,Q,italian-grand-prix_corner_08,BOT,ALB,202.0,198.25,81.75,session_best
2026,13,Italian Grand Prix,Q,italian-grand-prix_corner_08,PER,ALB,204.0,199.0,79.5,session_best
2026,13,Italian Grand Prix,Q,italian-grand-prix_corner_09,ANT,ANT,0.0,0.0,0.0,session_best
2026,13,Italian Grand Prix,Q,italian-grand-prix_corner_09,HAM,ANT,0.0,3.833,2.833,session_best
2026,13,Italian Grand Prix,Q,italian-grand-prix_corner_09,LEC,ANT,1.0,-0.334,1.666,session_best
2026,13,Italian Grand Prix,Q,italian-grand-prix_corner_09,PIA,ANT,1.0,5.583,0.833,session_best
2026,13,Italian Grand Prix,Q,italian-grand-prix_corner_09,NOR,ANT,3.0,7.583,-0.167,session_best
2026,13,Italian Grand Prix,Q,italian-grand-prix_corner_09,BOR,ANT,3.0,1.333,0.0,session_best
2026,13,Italian Grand Prix,Q,italian-grand-prix_corner_09,RUS,ANT,3.0,-0.334,1.0,session_best
2026,13,Italian Grand Prix,Q,italian-grand-prix_corner_09,GAS,ANT,3.0,24.583,19.333,session_best
2026,13,Italian Grand Prix,Q,italian-grand-prix_corner_09,LIN,ANT,5.0,4.666,3.666,session_best
2026,13,Italian Grand Prix,Q,italian-grand-prix_corner_09,BEA,ANT,8.0,1.666,4.666,session_best
2026,13,Italian Grand Prix,Q,italian-grand-prix_corner_09,TSU,ANT,8.0,7.333,2.666,session_best
2026,13,Italian Grand Prix,Q,italian-grand-prix_corner_09,HUL,ANT,9.0,1.666,5.0,session_best
2026,13,Italian Grand Prix,Q,italian-grand-prix_corner_09,STR,ANT,10.0,9.333,9.333,session_best
2026,13,Italian Grand Prix,Q,italian-grand-prix_corner_09,VER,ANT,11.0,0.666,1.0,session_best
2026,13,Italian Grand Prix,Q,italian-grand-prix_corner_09,ALO,ANT,12.0,9.0,8.666,session_best
2026,13,Italian Grand Prix,Q,italian-grand-prix_corner_09,LAW,ANT,12.0,10.333,1.083,session_best
2026,13,Italian Grand Prix,Q,italian-grand-prix_corner_09,OCO,ANT,14.0,8.333,8.083,session_best
2026,13,Italian Grand Prix,Q,italian-grand-prix_corner_09,COL,ANT,15.0,36.083,26.083,session_best
2026,13,Italian Grand Prix,Q,italian-grand-prix_corner_09,PER,ANT,22.0,4.0,14.333,session_best
2026,13,Italian Grand Prix,Q,italian-grand-prix_corner_09,BOT,ANT,22.0,1.0,11.333,session_best
2026,13,Italian Grand Prix,Q,italian-grand-prix_corner_09,ALB,ANT,35.0,-71.667,3.333,session_best
2026,13,Italian Grand Prix,Q,italian-grand-prix_corner_09,SAI,ANT,36.0,54.333,24.083,session_best
2026,13,Italian Grand Prix,Q,italian-grand-prix_corner_10,BOR,BOR,0.0,0.0,0.0,session_best
2026,13,Italian Grand Prix,Q,italian-grand-prix_corner_10,SAI,BOR,0.0,38.417,28.5,session_best
2026,13,Italian Grand Prix,Q,italian-grand-prix_corner_10,PIA,BOR,1.0,-3.583,7.5,session_best
2026,13,Italian Grand Prix,Q,italian-grand-prix_corner_10,ANT,BOR,4.0,-2.0,1.333,session_best
2026,13,Italian Grand Prix,Q,italian-grand-prix_corner_10,RUS,BOR,5.0,-3.0,3.667,session_best
2026,13,Italian Grand Prix,Q,italian-grand-prix_corner_10,HAM,BOR,5.0,0.167,12.75,session_best
2026,13,Italian Grand Prix,Q,italian-grand-prix_corner_10,LIN,BOR,6.0,-2.333,6.0,session_best
2026,13,Italian Grand Prix,Q,italian-grand-prix_corner_10,ALB,BOR,6.0,40.0,17.0,session_best
2026,13,Italian Grand Prix,Q,italian-grand-prix_corner_10,NOR,BOR,7.0,-2.083,3.75,session_best
2026,13,Italian Grand Prix,Q,italian-grand-prix_corner_10,VER,BOR,7.0,-2.083,1.25,session_best
2026,13,Italian Grand Prix,Q,italian-grand-prix_corner_10,HUL,BOR,7.0,-0.083,5.5,session_best
2026,13,Italian Grand Prix,Q,italian-grand-prix_corner_10,COL,BOR,8.0,26.0,61.333,session_best
2026,13,Italian Grand Prix,Q,italian-grand-prix_corner_10,LEC,BOR,9.0,-0.333,18.5,session_best
2026,13,Italian Grand Prix,Q,italian-grand-prix_corner_10,GAS,BOR,9.0,17.167,59.5,session_best
2026,13,Italian Grand Prix,Q,italian-grand-prix_corner_10,STR,BOR,11.0,8.334,11.333,session_best
2026,13,Italian Grand Prix,Q,italian-grand-prix_corner_10,PER,BOR,12.0,7.0,12.333,session_best
2026,13,Italian Grand Prix,Q,italian-grand-prix_corner_10,LAW,BOR,13.0,-3.666,7.333,session_best
2026,13,Italian Grand Prix,Q,italian-grand-prix_corner_10,ALO,BOR,15.0,7.417,9.25,session_best
2026,13,Italian Grand Prix,Q,italian-grand-prix_corner_10,OCO,BOR,15.0,4.334,16.0,session_best
2026,13,Italian Grand Prix,Q,italian-grand-prix_corner_10,BEA,BOR,15.0,-0.333,20.0,session_best
2026,13,Italian Grand Prix,Q,italian-grand-prix_corner_10,BOT,BOR,16.0,7.334,17.0,session_best
2026,13,Italian Grand Prix,Q,italian-grand-prix_corner_10,TSU,BOR,21.0,-3.583,6.75,session_best
2026,13,Italian Grand Prix,Q,italian-grand-prix_corner_14,ANT,ANT,0.0,0.0,0.0,session_best
2026,13,Italian Grand Prix,Q,italian-grand-prix_corner_14,HAM,ANT,1.0,-3.333,1.833,session_best
2026,13,Italian Grand Prix,Q,italian-grand-prix_corner_14,LEC,ANT,3.0,-1.0,3.333,session_best
2026,13,Italian Grand Prix,Q,italian-grand-prix_corner_14,PIA,ANT,4.0,3.667,8.0,session_best
2026,13,Italian Grand Prix,Q,italian-grand-prix_corner_14,BEA,ANT,8.0,2.334,6.666,session_best
2026,13,Italian Grand Prix,Q,italian-grand-prix_corner_14,BOR,ANT,9.0,10.0,2.0,session_best
2026,13,Italian Grand Prix,Q,italian-grand-prix_corner_14,TSU,ANT,10.0,11.0,11.333,session_best
2026,13,Italian Grand Prix,Q,italian-grand-prix_corner_14,NOR,ANT,11.0,12.167,2.333,session_best
2026,13,Italian Grand Prix,Q,italian-grand-prix_corner_14,GAS,ANT,11.0,-41.666,28.666,session_best
2026,13,Italian Grand Prix,Q,italian-grand-prix_corner_14,RUS,ANT,12.0,11.667,0.0,session_best
2026,13,Italian Grand Prix,Q,italian-grand-prix_corner_14,COL,ANT,13.0,-96.666,37.0,session_best
2026,13,Italian Grand Prix,Q,italian-grand-prix_corner_14,VER,ANT,13.0,10.334,1.666,session_best
2026,13,Italian Grand Prix,Q,italian-grand-prix_corner_14,LAW,ANT,13.0,12.334,4.666,session_best
2026,13,Italian Grand Prix,Q,italian-grand-prix_corner_14,ALO,ANT,14.0,13.334,17.333,session_best
2026,13,Italian Grand Prix,Q,italian-grand-prix_corner_14,HUL,ANT,14.0,11.667,4.833,session_best
2026,13,Italian Grand Prix,Q,italian-grand-prix_corner_14,LIN,ANT,15.0,11.334,1.0,session_best
2026,13,Italian Grand Prix,Q,italian-grand-prix_corner_14,STR,ANT,15.0,13.0,13.0,session_best
2026,13,Italian Grand Prix,Q,italian-grand-prix_corner_14,SAI,ANT,16.0,-121.666,60.666,session_best
2026,13,Italian Grand Prix,Q,italian-grand-prix_corner_14,OCO,ANT,17.0,16.0,1.0,session_best
2026,13,Italian Grand Prix,Q,italian-grand-prix_corner_14,ALB,ANT,19.0,-123.333,88.0,session_best
2026,13,Italian Grand Prix,Q,italian-grand-prix_corner_14,BOT,ANT,25.0,17.0,18.666,session_best
2026,13,Italian Grand Prix,Q,italian-grand-prix_corner_14,PER,ANT,26.0,20.334,8.666,session_best
2026,13,Italian Grand Prix,Q,italian-grand-prix_corner_18,HUL,HUL,0.0,0.0,0.0,session_best
2026,13,Italian Grand Prix,Q,italian-grand-prix_corner_18,COL,HUL,1.0,-86.667,25.0,session_best
2026,13,Italian Grand Prix,Q,italian-grand-prix_corner_18,LEC,HUL,1.0,-3.167,3.75,session_best
2026,13,Italian Grand Prix,Q,italian-grand-prix_corner_18,GAS,HUL,1.0,-76.0,13.333,session_best
2026,13,Italian Grand Prix,Q,italian-grand-prix_corner_18,BOR,HUL,3.0,0.333,2.0,session_best
2026,13,Italian Grand Prix,Q,italian-grand-prix_corner_18,HAM,HUL,3.0,1.0,6.0,session_best
2026,13,Italian Grand Prix,Q,italian-grand-prix_corner_18,ANT,HUL,5.0,0.666,2.667,session_best
2026,13,Italian Grand Prix,Q,italian-grand-prix_corner_18,LIN,HUL,6.0,4.833,-4.5,session_best
2026,13,Italian Grand Prix,Q,italian-grand-prix_corner_18,NOR,HUL,6.0,2.666,-0.333,session_best
2026,13,Italian Grand Prix,Q,italian-grand-prix_corner_18,PIA,HUL,6.0,-3.667,0.667,session_best
2026,13,Italian Grand Prix,Q,italian-grand-prix_corner_18,VER,HUL,6.0,1.333,-0.75,session_best
2026,13,Italian Grand Prix,Q,italian-grand-prix_corner_18,BEA,HUL,7.0,-0.334,1.333,session_best
2026,13,Italian Grand Prix,Q,italian-grand-prix_corner_18,RUS,HUL,9.0,9.0,3.333,session_best
2026,13,Italian Grand Prix,Q,italian-grand-prix_corner_18,STR,HUL,11.0,10.666,3.333,session_best
2026,13,Italian Grand Prix,Q,italian-grand-prix_corner_18,OCO,HUL,12.0,6.0,2.0,session_best
2026,13,Italian Grand Prix,Q,italian-grand-prix_corner_18,ALO,HUL,13.0,14.333,2.0,session_best
2026,13,Italian Grand Prix,Q,italian-grand-prix_corner_18,TSU,HUL,15.0,15.666,-2.333,session_best
2026,13,Italian Grand Prix,Q,italian-grand-prix_corner_18,BOT,HUL,16.0,3.666,9.0,session_best
2026,13,Italian Grand Prix,Q,italian-grand-prix_corner_18,LAW,HUL,16.0,15.0,-1.333,session_best
2026,13,Italian Grand Prix,Q,italian-grand-prix_corner_18,PER,HUL,19.0,17.083,10.25,session_best
2026,13,Italian Grand Prix,Q,italian-grand-prix_corner_18,SAI,HUL,19.0,-98.0,52.667,session_best
2026,13,Italian Grand Prix,Q,italian-grand-prix_corner_18,ALB,HUL,23.0,-97.334,63.333,session_best
2026,13,Italian Grand Prix,Q,italian-grand-prix_corner_19,BEA,BEA,0.0,0.0,0.0,session_best
2026,13,Italian Grand Prix,Q,italian-grand-prix_corner_19,TSU,BEA,0.0,-0.5,-3.5,session_best
2026,13,Italian Grand Prix,Q,italian-grand-prix_corner_19,VER,BEA,1.0,-1.167,-6.5,session_best
2026,13,Italian Grand Prix,Q,italian-grand-prix_corner_19,LIN,BEA,2.0,1.0,-4.5,session_best
2026,13,Italian Grand Prix,Q,italian-grand-prix_corner_19,NOR,BEA,2.0,0.833,-2.167,session_best
2026,13,Italian Grand Prix,Q,italian-grand-prix_corner_19,LAW,BEA,2.0,0.833,-4.5,session_best
2026,13,Italian Grand Prix,Q,italian-grand-prix_corner_19,BOR,BEA,5.0,5.167,0.833,session_best
2026,13,Italian Grand Prix,Q,italian-grand-prix_corner_19,PIA,BEA,5.0,4.5,-1.5,session_best
2026,13,Italian Grand Prix,Q,italian-grand-prix_corner_19,HUL,BEA,5.0,5.5,0.167,session_best
2026,13,Italian Grand Prix,Q,italian-grand-prix_corner_19,RUS,BEA,6.0,6.5,1.0,session_best
2026,13,Italian Grand Prix,Q,italian-grand-prix_corner_19,LEC,BEA,7.0,5.5,-0.167,session_best
2026,13,Italian Grand Prix,Q,italian-grand-prix_corner_19,ANT,BEA,7.0,5.833,3.833,session_best
2026,13,Italian Grand Prix,Q,italian-grand-prix_corner_19,BOT,BEA,8.0,6.833,5.5,session_best
2026,13,Italian Grand Prix,Q,italian-grand-prix_corner_19,OCO,BEA,8.0,7.0,2.5,session_best
2026,13,Italian Grand Prix,Q,italian-grand-prix_corner_19,HAM,BEA,9.0,7.833,2.833,session_best
2026,13,Italian Grand Prix,Q,italian-grand-prix_corner_19,ALO,BEA,9.0,7.5,7.0,session_best
2026,13,Italian Grand Prix,Q,italian-grand-prix_corner_19,PER,BEA,10.0,8.833,6.5,session_best
2026,13,Italian Grand Prix,Q,italian-grand-prix_corner_19,STR,BEA,11.0,9.5,11.167,session_best
2026,13,Italian Grand Prix,Q,italian-grand-prix_corner_19,GAS,BEA,17.0,14.833,7.167,session_best
2026,13,Italian Grand Prix,Q,italian-grand-prix_corner_19,COL,BEA,26.0,25.5,12.5,session_best
2026,13,Italian Grand Prix,Q,italian-grand-prix_corner_19,SAI,BEA,52.0,47.5,19.167,session_best
2026,13,Italian Grand Prix,Q,italian-grand-prix_corner_19,ALB,BEA,71.0,67.167,23.5,session_best
2026,13,Italian Grand Prix,R,italian-grand-prix_corner_04,VER,VER,0.0,0.0,0.0,session_best
2026,13,Italian Grand Prix,R,italian-grand-prix_corner_04,HUL,VER,1.0,-6.5,0.067,session_best
2026,13,Italian Grand Prix,R,italian-grand-prix_corner_04,OCO,VER,1.0,-11.333,7.567,session_best
2026,13,Italian Grand Prix,R,italian-grand-prix_corner_04,ANT,VER,1.0,-6.333,2.9,session_best
2026,13,Italian Grand Prix,R,italian-grand-prix_corner_04,ALB,VER,2.0,-4.2,2.0,session_best
2026,13,Italian Grand Prix,R,italian-grand-prix_corner_04,PER,VER,2.0,-6.667,10.233,session_best
2026,13,Italian Grand Prix,R,italian-grand-prix_corner_04,LIN,VER,2.0,-8.0,4.8,session_best
2026,13,Italian Grand Prix,R,italian-grand-prix_corner_04,BEA,VER,2.0,2.6,-1.6,session_best
2026,13,Italian Grand Prix,R,italian-grand-prix_corner_04,ALO,VER,3.0,-93.0,52.233,session_best
2026,13,Italian Grand Prix,R,italian-grand-prix_corner_04,BOR,VER,3.0,-4.2,9.4,session_best
2026,13,Italian Grand Prix,R,italian-grand-prix_corner_04,STR,VER,3.0,-2.0,15.4,session_best
2026,13,Italian Grand Prix,R,italian-grand-prix_corner_04,BOT,VER,3.0,-8.0,9.067,session_best
2026,13,Italian Grand Prix,R,italian-grand-prix_corner_04,GAS,VER,3.0,-4.6,-3.4,session_best
2026,13,Italian Grand Prix,R,italian-grand-prix_corner_04,TSU,VER,3.0,-0.6,4.6,session_best
2026,13,Italian Grand Prix,R,italian-grand-prix_corner_04,SAI,VER,4.0,-9.4,8.8,session_best
2026,13,Italian Grand Prix,R,italian-grand-prix_corner_04,COL,VER,4.0,-6.0,1.4,session_best
2026,13,Italian Grand Prix,R,italian-grand-prix_corner_04,PIA,VER,5.0,-2.6,2.6,session_best
2026,13,Italian Grand Prix,R,italian-grand-prix_corner_04,RUS,VER,6.0,-5.6,2.6,session_best
2026,13,Italian Grand Prix,R,italian-grand-prix_corner_04,HAM,VER,7.0,1.5,5.067,session_best
2026,13,Italian Grand Prix,R,italian-grand-prix_corner_04,LAW,VER,7.0,-8.667,4.567,session_best
2026,13,Italian Grand Prix,R,italian-grand-prix_corner_04,NOR,VER,8.0,-0.4,1.2,session_best
2026,13,Italian Grand Prix,R,italian-grand-prix_corner_08,COL,COL,0.0,0.0,0.0,session_best
2026,13,Italian Grand Prix,R,italian-grand-prix_corner_08,SAI,COL,165.0,-1.0,82.0,session_best
2026,13,Italian Grand Prix,R,italian-grand-prix_corner_08,GAS,COL,178.0,5.0,128.75,session_best
2026,13,Italian Grand Prix,R,italian-grand-prix_corner_08,ANT,COL,185.0,176.5,82.75,session_best
2026,13,Italian Grand Prix,R,italian-grand-prix_corner_08,HUL,COL,189.0,174.75,78.25,session_best
2026,13,Italian Grand Prix,R,italian-grand-prix_corner_08,LIN,COL,190.0,178.0,83.0,session_best
2026,13,Italian Grand Prix,R,italian-grand-prix_corner_08,HAM,COL,190.0,183.6,86.4,session_best
2026,13,Italian Grand Prix,R,italian-grand-prix_corner_08,VER,COL,190.0,182.5,82.0,session_best
2026,13,Italian Grand Prix,R,italian-grand-prix_corner_08,PIA,COL,191.0,189.25,77.25,session_best
2026,13,Italian Grand Prix,R,italian-grand-prix_corner_08,TSU,COL,191.0,185.8,80.0,session_best
2026,13,Italian Grand Prix,R,italian-grand-prix_corner_08,RUS,COL,192.0,179.8,85.8,session_best
2026,13,Italian Grand Prix,R,italian-grand-prix_corner_08,BOT,COL,193.0,181.8,92.2,session_best
2026,13,Italian Grand Prix,R,italian-grand-prix_corner_08,LAW,COL,193.0,173.75,81.5,session_best
2026,13,Italian Grand Prix,R,italian-grand-prix_corner_08,STR,COL,194.0,183.2,91.6,session_best
2026,13,Italian Grand Prix,R,italian-grand-prix_corner_08,OCO,COL,194.0,179.0,83.5,session_best
2026,13,Italian Grand Prix,R,italian-grand-prix_corner_08,BOR,COL,195.0,180.0,96.2,session_best
2026,13,Italian Grand Prix,R,italian-grand-prix_corner_08,ALB,COL,195.0,186.75,80.75,session_best
2026,13,Italian Grand Prix,R,italian-grand-prix_corner_08,PER,COL,195.0,187.4,86.4,session_best
2026,13,Italian Grand Prix,R,italian-grand-prix_corner_08,ALO,COL,196.0,102.8,112.6,session_best
2026,13,Italian Grand Prix,R,italian-grand-prix_corner_08,BEA,COL,197.0,192.0,90.0,session_best
2026,13,Italian Grand Prix,R,italian-grand-prix_corner_08,NOR,COL,200.0,187.25,87.25,session_best
2026,13,Italian Grand Prix,R,italian-grand-prix_corner_09,ANT,ANT,0.0,0.0,0.0,session_best
2026,13,Italian Grand Prix,R,italian-grand-prix_corner_09,HUL,ANT,9.0,-3.334,5.0,session_best
2026,13,Italian Grand Prix,R,italian-grand-prix_corner_09,HAM,ANT,10.0,3.666,4.334,session_best
2026,13,Italian Grand Prix,R,italian-grand-prix_corner_09,VER,ANT,12.0,1.666,5.0,session_best
2026,13,Italian Grand Prix,R,italian-grand-prix_corner_09,RUS,ANT,13.0,-1.0,4.334,session_best
2026,13,Italian Grand Prix,R,italian-grand-prix_corner_09,LIN,ANT,15.0,2.583,6.417,session_best
2026,13,Italian Grand Prix,R,italian-grand-prix_corner_09,OCO,ANT,15.0,4.0,13.667,session_best
2026,13,Italian Grand Prix,R,italian-grand-prix_corner_09,LAW,ANT,15.0,-0.167,7.167,session_best
2026,13,Italian Grand Prix,R,italian-grand-prix_corner_09,GAS,ANT,15.0,34.833,31.167,session_best
2026,13,Italian Grand Prix,R,italian-grand-prix_corner_09,BOT,ANT,16.0,5.666,10.0,session_best
2026,13,Italian Grand Prix,R,italian-grand-prix_corner_09,NOR,ANT,16.0,5.333,6.167,session_best
2026,13,Italian Grand Prix,R,italian-grand-prix_corner_09,BOR,ANT,16.0,7.333,11.0,session_best
2026,13,Italian Grand Prix,R,italian-grand-prix_corner_09,PIA,ANT,17.0,3.0,12.0,session_best
2026,13,Italian Grand Prix,R,italian-grand-prix_corner_09,TSU,ANT,18.0,6.583,9.917,session_best
2026,13,Italian Grand Prix,R,italian-grand-prix_corner_09,PER,ANT,18.0,4.583,12.167,session_best
2026,13,Italian Grand Prix,R,italian-grand-prix_corner_09,STR,ANT,19.0,10.0,13.334,session_best
2026,13,Italian Grand Prix,R,italian-grand-prix_corner_09,BEA,ANT,22.0,3.333,11.667,session_best
2026,13,Italian Grand Prix,R,italian-grand-prix_corner_09,ALO,ANT,26.0,23.833,33.917,session_best
2026,13,Italian Grand Prix,R,italian-grand-prix_corner_09,ALB,ANT,26.0,6.583,8.167,session_best
2026,13,Italian Grand Prix,R,italian-grand-prix_corner_09,COL,ANT,37.0,-4.917,-3.583,session_best
2026,13,Italian Grand Prix,R,italian-grand-prix_corner_09,SAI,ANT,61.0,75.583,16.417,session_best
2026,13,Italian Grand Prix,R,italian-grand-prix_corner_10,COL,COL,0.0,0.0,0.0,session_best
2026,13,Italian Grand Prix,R,italian-grand-prix_corner_10,SAI,COL,8.0,15.5,9.167,session_best
2026,13,Italian Grand Prix,R,italian-grand-prix_corner_10,ANT,COL,11.0,-28.0,6.417,session_best
2026,13,Italian Grand Prix,R,italian-grand-prix_corner_10,HUL,COL,12.0,-28.0,3.334,session_best
2026,13,Italian Grand Prix,R,italian-grand-prix_corner_10,HAM,COL,13.0,-22.333,15.334,session_best
2026,13,Italian Grand Prix,R,italian-grand-prix_corner_10,GAS,COL,14.0,5.0,38.417,session_best
2026,13,Italian Grand Prix,R,italian-grand-prix_corner_10,RUS,COL,15.0,-24.0,10.0,session_best
2026,13,Italian Grand Prix,R,italian-grand-prix_corner_10,PER,COL,18.0,-20.333,14.334,session_best
2026,13,Italian Grand Prix,R,italian-grand-prix_corner_10,OCO,COL,19.0,-19.667,5.334,session_best
2026,13,Italian Grand Prix,R,italian-grand-prix_corner_10,BOT,COL,20.0,-20.0,13.417,session_best
2026,13,Italian Grand Prix,R,italian-grand-prix_corner_10,VER,COL,21.0,-25.25,13.667,session_best
2026,13,Italian Grand Prix,R,italian-grand-prix_corner_10,BOR,COL,21.0,-20.75,31.667,session_best
2026,13,Italian Grand Prix,R,italian-grand-prix_corner_10,LIN,COL,22.0,-25.25,17.667,session_best
2026,13,Italian Grand Prix,R,italian-grand-prix_corner_10,NOR,COL,22.0,-29.25,13.417,session_best
2026,13,Italian Grand Prix,R,italian-grand-prix_corner_10,PIA,COL,23.0,-27.667,10.334,session_best
2026,13,Italian Grand Prix,R,italian-grand-prix_corner_10,LAW,COL,25.0,-23.333,11.334,session_best
2026,13,Italian Grand Prix,R,italian-grand-prix_corner_10,STR,COL,26.0,-17.25,22.167,session_best
2026,13,Italian Grand Prix,R,italian-grand-prix_corner_10,ALB,COL,27.0,-23.75,17.167,session_best
2026,13,Italian Grand Prix,R,italian-grand-prix_corner_10,BEA,COL,27.0,-18.75,24.167,session_best
2026,13,Italian Grand Prix,R,italian-grand-prix_corner_10,TSU,COL,28.0,-25.25,10.167,session_best
2026,13,Italian Grand Prix,R,italian-grand-prix_corner_10,ALO,COL,30.0,-4.25,58.667,session_best
2026,13,Italian Grand Prix,R,italian-grand-prix_corner_11,LIN,LIN,0.0,0.0,0.0,session_best
2026,13,Italian Grand Prix,R,italian-grand-prix_corner_11,HUL,LIN,5.0,4.333,-7.5,session_best
2026,13,Italian Grand Prix,R,italian-grand-prix_corner_11,ANT,LIN,7.0,11.0,-2.5,session_best
2026,13,Italian Grand Prix,R,italian-grand-prix_corner_11,PIA,LIN,8.0,5.333,-11.167,session_best
2026,13,Italian Grand Prix,R,italian-grand-prix_corner_11,OCO,LIN,12.0,10.333,-12.5,session_best
2026,13,Italian Grand Prix,R,italian-grand-prix_corner_11,VER,LIN,13.0,11.5,-4.0,session_best
2026,13,Italian Grand Prix,R,italian-grand-prix_corner_11,RUS,LIN,13.0,10.0,-11.5,session_best
2026,13,Italian Grand Prix,R,italian-grand-prix_corner_11,TSU,LIN,13.0,14.5,-5.5,session_best
2026,13,Italian Grand Prix,R,italian-grand-prix_corner_11,ALB,LIN,14.0,9.333,-5.167,session_best
2026,13,Italian Grand Prix,R,italian-grand-prix_corner_11,NOR,LIN,14.0,12.667,-6.5,session_best
2026,13,Italian Grand Prix,R,italian-grand-prix_corner_11,BOT,LIN,14.0,12.0,0.167,session_best
2026,13,Italian Grand Prix,R,italian-grand-prix_corner_11,PER,LIN,15.0,14.0,1.5,session_best
2026,13,Italian Grand Prix,R,italian-grand-prix_corner_11,BEA,LIN,18.0,19.5,-4.5,session_best
2026,13,Italian Grand Prix,R,italian-grand-prix_corner_11,BOR,LIN,18.0,18.5,0.0,session_best
2026,13,Italian Grand Prix,R,italian-grand-prix_corner_11,LAW,LIN,19.0,14.0,-0.833,session_best
2026,13,Italian Grand Prix,R,italian-grand-prix_corner_11,HAM,LIN,20.0,19.0,4.167,session_best
2026,13,Italian Grand Prix,R,italian-grand-prix_corner_11,STR,LIN,27.0,25.667,14.167,session_best
2026,13,Italian Grand Prix,R,italian-grand-prix_corner_11,ALO,LIN,56.0,49.667,16.167,session_best
2026,13,Italian Grand Prix,R,italian-grand-prix_corner_11,GAS,LIN,84.0,87.0,23.0,session_best
2026,13,Italian Grand Prix,R,italian-grand-prix_corner_11,COL,LIN,84.0,51.75,47.25,session_best
2026,13,Italian Grand Prix,R,italian-grand-prix_corner_11,SAI,LIN,88.0,63.333,35.5,session_best
2026,13,Italian Grand Prix,R,italian-grand-prix_corner_14,ANT,ANT,0.0,0.0,0.0,session_best
2026,13,Italian Grand Prix,R,italian-grand-prix_corner_14,HUL,ANT,6.0,-6.083,2.833,session_best
2026,13,Italian Grand Prix,R,italian-grand-prix_corner_14,VER,ANT,8.0,14.75,-2.25,session_best
2026,13,Italian Grand Prix,R,italian-grand-prix_corner_14,LIN,ANT,10.0,14.917,4.5,session_best
2026,13,Italian Grand Prix,R,italian-grand-prix_corner_14,COL,ANT,12.0,-99.417,74.167,session_best
2026,13,Italian Grand Prix,R,italian-grand-prix_corner_14,RUS,ANT,13.0,5.25,10.5,session_best
2026,13,Italian Grand Prix,R,italian-grand-prix_corner_14,PIA,ANT,14.0,29.583,-2.5,session_best
2026,13,Italian Grand Prix,R,italian-grand-prix_corner_14,NOR,ANT,14.0,19.75,5.0,session_best
2026,13,Italian Grand Prix,R,italian-grand-prix_corner_14,HAM,ANT,14.0,21.0,1.0,session_best
2026,13,Italian Grand Prix,R,italian-grand-prix_corner_14,LAW,ANT,16.0,27.75,4.75,session_best
2026,13,Italian Grand Prix,R,italian-grand-prix_corner_14,PER,ANT,16.0,19.25,11.167,session_best
2026,13,Italian Grand Prix,R,italian-grand-prix_corner_14,GAS,ANT,17.0,-95.0,55.75,session_best
2026,13,Italian Grand Prix,R,italian-grand-prix_corner_14,OCO,ANT,18.0,21.75,0.75,session_best
2026,13,Italian Grand Prix,R,italian-grand-prix_corner_14,TSU,ANT,18.0,29.0,11.5,session_best
2026,13,Italian Grand Prix,R,italian-grand-prix_corner_14,SAI,ANT,19.0,-105.417,78.833,session_best
2026,13,Italian Grand Prix,R,italian-grand-prix_corner_14,BOR,ANT,19.0,9.75,11.75,session_best
2026,13,Italian Grand Prix,R,italian-grand-prix_corner_14,ALB,ANT,19.0,31.0,4.25,session_best
2026,13,Italian Grand Prix,R,italian-grand-prix_corner_14,BEA,ANT,21.0,30.75,11.25,session_best
2026,13,Italian Grand Prix,R,italian-grand-prix_corner_14,ALO,ANT,21.0,-62.083,37.5,session_best
2026,13,Italian Grand Prix,R,italian-grand-prix_corner_14,STR,ANT,27.0,25.25,9.5,session_best
2026,13,Italian Grand Prix,R,italian-grand-prix_corner_14,BOT,ANT,28.0,29.917,18.833,session_best
2026,13,Italian Grand Prix,R,italian-grand-prix_corner_15,VER,VER,0.0,0.0,0.0,session_best
2026,13,Italian Grand Prix,R,italian-grand-prix_corner_15,PIA,VER,0.0,-1.0,-3.0,session_best
2026,13,Italian Grand Prix,R,italian-grand-prix_corner_15,HUL,VER,2.0,1.167,2.5,session_best
2026,13,Italian Grand Prix,R,italian-grand-prix_corner_15,ANT,VER,2.0,0.5,-2.167,session_best
2026,13,Italian Grand Prix,R,italian-grand-prix_corner_15,OCO,VER,4.0,4.0,-8.5,session_best
2026,13,Italian Grand Prix,R,italian-grand-prix_corner_15,NOR,VER,5.0,5.0,5.5,session_best
2026,13,Italian Grand Prix,R,italian-grand-prix_corner_15,LIN,VER,5.0,5.5,1.5,session_best
2026,13,Italian Grand Prix,R,italian-grand-prix_corner_15,HAM,VER,6.0,3.833,6.5,session_best
2026,13,Italian Grand Prix,R,italian-grand-prix_corner_15,ALB,VER,6.0,4.833,-5.833,session_best
2026,13,Italian Grand Prix,R,italian-grand-prix_corner_15,LAW,VER,7.0,5.5,-1.5,session_best
2026,13,Italian Grand Prix,R,italian-grand-prix_corner_15,TSU,VER,8.0,7.0,-4.5,session_best
2026,13,Italian Grand Prix,R,italian-grand-prix_corner_15,BEA,VER,9.0,8.5,-1.5,session_best
2026,13,Italian Grand Prix,R,italian-grand-prix_corner_15,BOR,VER,9.0,9.0,6.5,session_best
2026,13,Italian Grand Prix,R,italian-grand-prix_corner_15,RUS,VER,9.0,6.5,-4.833,session_best
2026,13,Italian Grand Prix,R,italian-grand-prix_corner_15,STR,VER,9.0,10.167,2.5,session_best
2026,13,Italian Grand Prix,R,italian-grand-prix_corner_15,PER,VER,10.0,11.5,2.0,session_best
2026,13,Italian Grand Prix,R,italian-grand-prix_corner_15,BOT,VER,19.0,15.5,5.5,session_best
2026,13,Italian Grand Prix,R,italian-grand-prix_corner_15,ALO,VER,30.0,28.5,8.5,session_best
2026,13,Italian Grand Prix,R,italian-grand-prix_corner_15,GAS,VER,37.0,33.833,23.5,session_best
2026,13,Italian Grand Prix,R,italian-grand-prix_corner_15,COL,VER,72.0,69.0,36.0,session_best
2026,13,Italian Grand Prix,R,italian-grand-prix_corner_15,SAI,VER,73.0,72.167,33.5,session_best
2026,13,Italian Grand Prix,R,italian-grand-prix_corner_18,ANT,ANT,0.0,0.0,0.0,session_best
2026,13,Italian Grand Prix,R,italian-grand-prix_corner_18,HUL,ANT,0.0,2.0,11.333,session_best
2026,13,Italian Grand Prix,R,italian-grand-prix_corner_18,VER,ANT,0.0,-5.333,3.0,session_best
2026,13,Italian Grand Prix,R,italian-grand-prix_corner_18,GAS,ANT,0.0,-91.0,50.666,session_best
2026,13,Italian Grand Prix,R,italian-grand-prix_corner_18,HAM,ANT,2.0,12.333,9.0,session_best
2026,13,Italian Grand Prix,R,italian-grand-prix_corner_18,RUS,ANT,3.0,11.5,9.333,session_best
2026,13,Italian Grand Prix,R,italian-grand-prix_corner_18,LIN,ANT,5.0,-1.333,12.333,session_best
2026,13,Italian Grand Prix,R,italian-grand-prix_corner_18,NOR,ANT,5.0,5.333,0.666,session_best
2026,13,Italian Grand Prix,R,italian-grand-prix_corner_18,COL,ANT,7.0,-121.333,62.333,session_best
2026,13,Italian Grand Prix,R,italian-grand-prix_corner_18,PER,ANT,10.0,4.5,8.833,session_best
2026,13,Italian Grand Prix,R,italian-grand-prix_corner_18,BOT,ANT,10.0,-7.0,12.333,session_best
2026,13,Italian Grand Prix,R,italian-grand-prix_corner_18,OCO,ANT,10.0,10.5,13.833,session_best
2026,13,Italian Grand Prix,R,italian-grand-prix_corner_18,PIA,ANT,11.0,24.333,-2.667,session_best
2026,13,Italian Grand Prix,R,italian-grand-prix_corner_18,LAW,ANT,12.0,7.0,5.083,session_best
2026,13,Italian Grand Prix,R,italian-grand-prix_corner_18,SAI,ANT,13.0,-93.667,69.0,session_best
2026,13,Italian Grand Prix,R,italian-grand-prix_corner_18,BOR,ANT,13.0,-7.5,11.333,session_best
2026,13,Italian Grand Prix,R,italian-grand-prix_corner_18,STR,ANT,15.0,15.75,7.083,session_best
2026,13,Italian Grand Prix,R,italian-grand-prix_corner_18,TSU,ANT,15.0,18.333,7.666,session_best
2026,13,Italian Grand Prix,R,italian-grand-prix_corner_18,ALO,ANT,17.0,-17.667,38.0,session_best
2026,13,Italian Grand Prix,R,italian-grand-prix_corner_18,BEA,ANT,19.0,18.333,8.666,session_best
2026,13,Italian Grand Prix,R,italian-grand-prix_corner_18,ALB,ANT,19.0,21.0,2.333,session_best
2026,13,Italian Grand Prix,R,italian-grand-prix_corner_19,PIA,PIA,0.0,0.0,0.0,session_best
2026,13,Italian Grand Prix,R,italian-grand-prix_corner_19,ANT,PIA,1.0,3.334,8.333,session_best
2026,13,Italian Grand Prix,R,italian-grand-prix_corner_19,VER,PIA,4.0,4.667,7.0,session_best
2026,13,Italian Grand Prix,R,italian-grand-prix_corner_19,NOR,PIA,5.0,5.667,2.0,session_best
2026,13,Italian Grand Prix,R,italian-grand-prix_corner_19,ALB,PIA,6.0,6.167,6.0,session_best
2026,13,Italian Grand Prix,R,italian-grand-prix_corner_19,LAW,PIA,6.0,7.667,8.0,session_best
2026,13,Italian Grand Prix,R,italian-grand-prix_corner_19,TSU,PIA,7.0,8.667,3.0,session_best
2026,13,Italian Grand Prix,R,italian-grand-prix_corner_19,RUS,PIA,8.0,4.667,-0.667,session_best
2026,13,Italian Grand Prix,R,italian-grand-prix_corner_19,HAM,PIA,10.0,8.334,10.667,session_best
2026,13,Italian Grand Prix,R,italian-grand-prix_corner_19,PER,PIA,10.0,11.167,5.0,session_best
2026,13,Italian Grand Prix,R,italian-grand-prix_corner_19,LIN,PIA,10.0,9.0,5.667,session_best
2026,13,Italian Grand Prix,R,italian-grand-prix_corner_19,HUL,PIA,10.0,8.0,10.0,session_best
2026,13,Italian Grand Prix,R,italian-grand-prix_corner_19,BEA,PIA,11.0,12.667,2.0,session_best
2026,13,Italian Grand Prix,R,italian-grand-prix_corner_19,STR,PIA,11.0,11.667,16.333,session_best
2026,13,Italian Grand Prix,R,italian-grand-prix_corner_19,BOR,PIA,14.0,14.667,19.0,session_best
2026,13,Italian Grand Prix,R,italian-grand-prix_corner_19,OCO,PIA,16.0,17.667,28.0,session_best
2026,13,Italian Grand Prix,R,italian-grand-prix_corner_19,BOT,PIA,17.0,18.667,14.0,session_best
2026,13,Italian Grand Prix,R,italian-grand-prix_corner_19,ALO,PIA,36.0,36.334,30.0,session_best
2026,13,Italian Grand Prix,R,italian-grand-prix_corner_19,GAS,PIA,58.0,58.667,31.0,session_best
2026,13,Italian Grand Prix,R,italian-grand-prix_corner_19,COL,PIA,83.0,84.667,55.0,session_best
2026,13,Italian Grand Prix,R,italian-grand-prix_corner_19,SAI,PIA,85.0,85.0,38.667,session_best
