meeting_key,session_key,driver_number,lap_number,date_start,duration_sector_1,duration_sector_2,duration_sector_3,i1_speed,i2_speed,is_pit_out_lap,lap_duration,segments_sector_1,segments_sector_2,segments_sector_3,st_speed
1289,11316,44,1,,,44.507,29.632,256.0,234,True,,"[None, 2064, 2049, 2049, 2049, 2049, 2049]","[2049, 2049, 2049, 2049, 2051, 2049, 2049, 2049, 2049, 2049]","[2049, 2049, 2049, 2049, 2049, 2051, 2051, 2051, 2051]",269
1289,11316,27,1,2026-07-03T11:30:06.559000+00:00,,42.951,32.027,251.0,240,True,,"[2064, 2064, 2049, 2049, 2049, 2049, 2049]","[2049, 2049, 2049, 2049, 2049, 2049, 2051, 2051, 2049, 2049]","[2049, 2049, 2049, 2049, 2051, 2049, 2049, 2049, 2051, 2051]",260
1289,11316,41,1,2026-07-03T11:30:11.699000+00:00,,43.859,31.154,240.0,251,True,,"[2064, 2064, 2049, 2049, 2049, 2049, 2049]","[2049, 2049, 2049, 2049, 2049, 2049, 2049, 2049, 2049, 2049]","[2051, 2051, 2051, 2051, 2049, 2049, 2049, 2051, 2051, 2051]",267
1289,11316,43,1,2026-07-03T11:30:17.715000+00:00,,44.329,30.24,246.0,231,True,,"[2064, 2064, 2049, 2049, 2049, 2049, 2049]","[2049, 2049, 2049, 2049, 2049, 2049, 2049, 2049, 2049, 2049]","[2049, 2049, 2049, 2049, 2049, 2049, 2049, 2049, 2051, 2051]",255
1289,11316,5,1,2026-07-03T11:30:19.277000+00:00,,46.006,33.388,233.0,208,True,,"[2064, 2064, 2049, 2049, 2049, 2049, 2049]","[2049, 2049, 2049, 2049, 2049, 2049, 2049, 2049, 2049, 2049]","[2049, 2049, 2049, 2049, 2049, 2049, 2049, 2049, 2049, 2049]",252
1289,11316,30,1,2026-07-03T11:30:23.778000+00:00,,43.507,35.363,251.0,246,True,,"[2064, 2064, 2049, 2049, 2049, 2049, 2049]","[2049, 2049, 2049, 2049, 2049, 2049, 2049, 2049, 2049, 2049]","[2049, 2049, 2049, 2049, 2049, 2049, 2049, 2049, 2049, 2049]",112
1289,11316,16,1,2026-07-03T11:30:31.152000+00:00,,42.239,38.683,253.0,234,True,,"[2064, 2064, 2049, 2049, 2049, 2049, 2049]","[2049, 2049, 2049, 2049, 2049, 2049, 2049, 2049, 2051, 2049]","[2049, 2049, 2049, 2049, 2049, 2051, 2049, 2049, 2049, 2049]",91
1289,11316,1,1,2026-07-03T11:30:39.684000+00:00,,42.035,38.547,273.0,243,True,,"[2064, 2064, 2049, 2049, 2049, 2049, 2049]","[2049, 2049, 2049, 2049, 2049, 2051, 2049, 2049, 2049, 2051]","[2049, 2049, 2049, 2049, 2049, 2049, 2051, 2049, 2049, 2049]",213
1289,11316,12,1,2026-07-03T11:30:46.074000+00:00,,43.29,34.132,229.0,233,True,,"[2064, 2064, 2049, 2049, 2049, 2049, 2049]","[2049, 2049, 2049, 2049, 2049, 2049, 2049, 2049, 2049, 2049]","[2049, 2049, 2049, 2049, 2049, 2049, 2049, 2049, 2049, 2049]",249
1289,11316,81,1,2026-07-03T11:30:49.762000+00:00,,43.474,36.408,253.0,232,True,,"[2064, 2064, 2049, 2049, 2049, 2049, 2049]","[2049, 2049, 2049, 2049, 2049, 2049, 2049, 2049, 2049, 2049]","[2049, 2049, 2049, 2049, 2049, 2051, 2049, 2049, 2049, 2051]",102
1289,11316,31,1,2026-07-03T11:30:59.543000+00:00,,46.224,33.346,250.0,230,True,,"[2064, 2064, 2049, 2049, 2049, 2049, 2049]","[2049, 2049, 2049, 2049, 2049, 2049, 2049, 2049, 2049, 2049]","[2049, 2049, 2049, 2049, 2049, 2049, 2049, 2049, 2049, 2049]",252
1289,11316,11,1,2026-07-03T11:31:03.696000+00:00,,47.271,37.66,249.0,233,True,,"[2064, 2064, 2049, 2049, 2049, 2049, 2049]","[2049, 2049, 2049, 2049, 2049, 2049, 2049, 2049, 2049, 2049]","[2049, 2049, 2049, 2049, 2049, 2049, 2049, 2049, 2049, 2049]",256
1289,11316,87,1,2026-07-03T11:31:08.515000+00:00,,44.411,37.576,245.0,240,True,,"[2064, 2064, 2049, 2049, 2049, 2049, 2049]","[2049, 2049, 2049, 2049, 2049, 2049, 2049, 2049, 2049, 2049]","[2049, 2049, 2049, 2049, 2049, 2049, 2049, 2049, 2049, 2049]",251
1289,11316,77,1,2026-07-03T11:31:13.837000+00:00,,44.916,37.877,262.0,228,True,,"[2064, 2064, 2049, 2049, 2049, 2049, 2049]","[2049, 2049, 2049, 2049, 2049, 2049, 2049, 2049, 2049, 2049]","[2049, 2049, 2049, 2049, 2049, 2049, 2049, 2049, 2049, 2049]",259
1289,11316,18,1,2026-07-03T11:31:16.905000+00:00,,44.512,38.498,241.0,244,True,,"[2064, 2064, 2049, 2049, 2049, 2049, 2049]","[2049, 2049, 2049, 2049, 2049, 2049, 2049, 2049, 2049, 2049]","[2049, 2049, 2049, 2049, 2049, 2049, 2049, 2049, 2049, 2049]",247
1289,11316,6,1,2026-07-03T11:31:23.578000+00:00,,44.225,37.003,264.0,204,True,,"[2064, 2064, 2049, 2049, 2049, 2049, 2049]","[2049, 2049, 2049, 2049, 2049, 2049, 2049, 2049, 2049, 2049]","[2049, 2049, 2049, 2049, 2049, 2049, 2049, 2051, 2049, 2049]",258
1289,11316,23,1,2026-07-03T11:31:29.484000+00:00,,41.898,39.739,216.0,226,True,,"[2064, 2064, 2049, 2049, 2049, 2049, 2049]","[2049, 2049, 2049, 2049, 2049, 2049, 2049, 2049, 2049, 2049]","[2049, 2049, 2049, 2049, 2049, 2049, 2049, 2049, 2049, 2049]",161
1289,11316,14,1,2026-07-03T11:31:31.718000+00:00,,43.241,37.691,267.0,235,True,,"[2064, 2064, 2049, 2049, 2049, 2049, 2049]","[2049, 2049, 2049, 2049, 2049, 2049, 2049, 2049, 2049, 2049]","[2049, 2049, 2049, 2049, 2049, 2049, 2049, 2049, 2051, 2049]",97
1289,11316,55,1,2026-07-03T11:31:37.812000+00:00,,44.396,41.417,221.0,145,True,,"[2064, 2064, 2049, 2049, 2049, 2049, 2049]","[2049, 2049, 2049, 2049, 2049, 2049, 2049, 2049, 2049, 2049]","[2049, 2049, 2049, 2049, 2049, 2049, 2049, 2049, 2049, 2049]",191
1289,11316,10,1,2026-07-03T11:31:39.577000+00:00,,52.548,30.97,176.0,239,True,,"[2064, 2064, 2049, 2049, 2049, 2049, 2049]","[2049, 2049, 2049, 2049, 2049, 2049, 2049, 2049, 2049, 2049]","[2049, 2049, 2049, 2049, 2049, 2064, 2064, 2064, 2064, 2064]",179
1289,11316,44,2,2026-07-03T11:31:51.249000+00:00,30.386,38.14,26.17,286.0,261,False,94.696,"[2049, 2049, 2049, 2049, 2049, 2049, 2049]","[2049, 2049, 2049, 2051, 2051, 2049, 2049, 2049, 2049, 2051]","[2051, 2051, 2051, 2051, 2049, 2049, 2051, 2049, 2049, 2048]",305
1289,11316,63,1,2026-07-03T11:31:57.108000+00:00,,42.647,32.774,162.0,234,True,,"[2064, 2064, 2049, 2049, 2049, 2049, 2049]","[2049, 2049, 2049, 2049, 2049, 2049, 2049, 2049, 2049, 2049]","[2049, 2049, 2049, 2049, 2049, 2049, 2049, 2049, 2049, 2049]",84
1289,11316,27,2,2026-07-03T11:31:58.358000+00:00,30.166,37.955,26.274,294.0,257,False,94.395,"[2049, 2049, 2049, 2049, 2049, 2049, 2049]","[2049, 2049, 2049, 2049, 2049, 2049, 2051, 2051, 2051, 2049]","[2049, 2049, 2049, 2049, 2049, 2051, 2049, 2049, 2051]",297
1289,11316,41,2,2026-07-03T11:32:05.146000+00:00,29.775,38.69,26.247,296.0,258,False,94.712,"[2049, 2051, 2049, 2049, 2049, 2049, 2049]","[2049, 2049, 2049, 2049, 2049, 2049, 2049, 2049, 2049, 2049]","[2049, 2049, 2049, 2049, 2051, 2049, 2049, 2051, 2049, 2048]",297
1289,11316,43,2,2026-07-03T11:32:12.208000+00:00,30.076,38.659,26.571,305.0,253,False,95.306,"[2049, 2049, 2049, 2049, 2049, 2049, 2049]","[2049, 2049, 2049, 2049, 2049, 2049, 2049, 2049, 2049, 2049]","[2049, 2049, 2049, 2049, 2049, 2049, 2049, 2048, 2049, 2048]",297
1289,11316,5,2,2026-07-03T11:32:18.543000+00:00,30.373,38.411,26.146,294.0,259,False,94.93,"[2049, 2049, 2049, 2049, 2049, 2049, 2049]","[2049, 2049, 2049, 2049, 2049, 2049, 2049, 2049, 2049, 2049]","[2049, 2049, 2049, 2049, 2049, 2049, 2051, 2049, 2051, 2048]",297
1289,11316,30,2,2026-07-03T11:32:24.137000+00:00,29.699,38.104,25.982,296.0,259,False,93.785,"[2049, 2049, 2049, 2049, 2049, 2049, 2049]","[2051, 2049, 2049, 2049, 2049, 2049, 2049, 2049, 2049, 2049]","[2049, 2049, 2049, 2051, 2049, 2051, 2049, 2049, 2051, 2049]",296
1289,11316,16,2,2026-07-03T11:32:33.200000+00:00,30.34,37.803,25.657,282.0,260,False,93.8,"[2049, 2049, 2049, 2051, 2049, 2049, 2049]","[2049, 2049, 2049, 2049, 2049, 2049, 2049, 2049, 2049, 2049]","[2049, 2049, 2049, 2049, 2051, 2049, 2051, 2049, 2049]",303
1289,11316,1,2,2026-07-03T11:32:42.762000+00:00,29.313,37.423,26.476,298.0,260,False,93.212,"[2049, 2049, 2049, 2049, 2049, 2049, 2049]","[2049, 2051, 2051, 2049, 2049, 2049, 2049, 2049, 2049, 2051]","[2049, 2049, 2049, 2049, 2049, 2049, 2049, 2051, 2049, 2048]",296
1289,11316,12,2,2026-07-03T11:32:49.293000+00:00,29.083,37.308,26.188,295.0,250,False,92.579,"[2049, 2049, 2051, 2049, 2051, 2051, 2049]","[2049, 2049, 2049, 2051, 2051, 2049, 2051, 2049, 2049, 2049]","[2049, 2049, 2049, 2049, 2049, 2049, 2051, 2051, 2051, 2049]",287
1289,11316,81,2,2026-07-03T11:32:58.355000+00:00,29.376,37.604,25.893,306.0,263,False,92.873,"[2049, 2049, 2049, 2049, 2049, 2049, 2051]","[2049, 2049, 2049, 2049, 2049, 2051, 2049, 2049, 2049, 2049]","[2051, 2049, 2049, 2049, 2049, 2049, 2051, 2049, 2049, 2048]",301
1289,11316,31,2,2026-07-03T11:33:03.217000+00:00,30.634,38.893,26.345,288.0,260,False,95.872,"[2049, 2049, 2049, 2049, 2049, 2049, 2049]","[2049, 2049, 2049, 2049, 2049, 2049, 2049, 2049, 2049, 2049]","[2049, 2049, 2049, 2049, 2049, 2049, 2049, 2049, 2049, 2049]",297
1289,11316,87,2,2026-07-03T11:33:08.513000+00:00,30.863,38.575,26.085,280.0,260,False,95.523,"[2049, 2049, 2049, 2049, 2049, 2049, 2049]","[2049, 2049, 2049, 2049, 2049, 2049, 2049, 2049, 2049, 2049]","[2049, 2049, 2049, 2049, 2049, 2049, 2049, 2049, 2049]",297
1289,11316,11,2,2026-07-03T11:33:11.216000+00:00,31.185,39.187,27.164,285.0,257,False,97.536,"[2049, 2049, 2049, 2049, 2049, 2049, 2049]","[2049, 2049, 2049, 2049, 2049, 2049, 2049, 2049, 2049, 2049]","[2049, 2049, 2049, 2049, 2049, 2049, 2049, 2049, 2049]",303
1289,11316,77,2,2026-07-03T11:33:15.130000+00:00,31.009,39.599,26.965,282.0,256,False,97.573,"[2049, 2049, 2049, 2049, 2049, 2049, 2049]","[2049, 2049, 2049, 2049, 2049, 2049, 2049, 2049, 2049, 2049]","[2049, 2049, 2049, 2049, 2049, 2049, 2049, 2049, 2049, 2048]",304
1289,11316,18,2,2026-07-03T11:33:22.005000+00:00,31.651,40.373,26.692,275.0,252,False,98.716,"[2049, 2049, 2049, 2049, 2049, 2049, 2049]","[2049, 2049, 2049, 2049, 2049, 2049, 2049, 2049, 2049, 2049]","[2049, 2049, 2049, 2049, 2049, 2049, 2049, 2049, 2049]",296
1289,11316,44,3,2026-07-03T11:33:25.974000+00:00,40.703,58.878,36.62,189.0,158,False,136.201,"[2048, 2048, 2048, 2048, 2048, 2048, 2048]","[2048, 2048, 2048, 2048, 2048, 2048, 2048, 2048, 2048, 2048]","[2048, 2048, 2048, 2048, 2048, 2048, 2048, 2048, 2048, 2049]",206
1289,11316,6,2,2026-07-03T11:33:28.646000+00:00,29.716,37.74,25.721,300.0,260,False,93.177,"[2051, 2049, 2049, 2049, 2049, 2049, 2049]","[2049, 2049, 2049, 2049, 2049, 2049, 2049, 2049, 2049, 2049]","[2049, 2049, 2049, 2049, 2049, 2051, 2049, 2048, 2049]",303
1289,11316,14,2,2026-07-03T11:33:31.037000+00:00,30.83,39.35,26.391,276.0,257,False,96.571,"[2049, 2049, 2049, 2049, 2049, 2049, 2049]","[2049, 2049, 2049, 2049, 2049, 2049, 2049, 2049, 2049, 2049]","[2049, 2049, 2049, 2049, 2049, 2049, 2049, 2049, 2049]",292
1289,11316,27,3,2026-07-03T11:33:32.599000+00:00,48.458,57.462,38.461,156.0,179,False,144.381,"[2048, 2048, 2048, 2048, 2048, 2048, 2048]","[2048, 2048, 2048, 2048, 2048, 2048, 2048, 2048, 2048, 2048]","[2048, 2048, 2048, 2048, 2048, 2048, 2048, 2048, 2048, 2049]",99
1289,11316,23,2,2026-07-03T11:33:36.427000+00:00,30.429,38.464,26.477,290.0,250,False,95.37,"[2049, 2049, 2049, 2049, 2049, 2049, 2049]","[2049, 2049, 2049, 2049, 2049, 2049, 2049, 2049, 2049, 2049]","[2049, 2049, 2049, 2049, 2049, 2049, 2049, 2049, 2049]",288
1289,11316,41,3,2026-07-03T11:33:39.624000+00:00,42.868,52.653,33.417,194.0,188,False,128.938,"[2048, 2048, 2048, 2048, 2048, 2048, 2048]","[2048, 2048, 2048, 2048, 2048, 2048, 2048, 2048, 2048, 2048]","[2048, 2048, 2048, 2048, 2048, 2048, 2048, 2049, 2048, 2048]",202
1289,11316,55,2,2026-07-03T11:33:41.218000+00:00,31.722,38.868,26.408,286.0,253,False,96.998,"[2049, 2049, 2049, 2049, 2049, 2049, 2049]","[2049, 2049, 2049, 2049, 2049, 2049, 2049, 2049, 2049, 2049]","[2049, 2049, 2049, 2049, 2049, 2049, 2049, 2049, 2049]",288
1289,11316,43,3,2026-07-03T11:33:47.483000+00:00,46.89,60.924,47.626,135.0,101,False,155.44,"[2048, 2048, 2048, 2048, 2048, 2048, 2048]","[2048, 2048, 2048, 2048, 2048, 2048, 2048, 2048, 2048, 2048]","[2048, 2048, 2048, 2048, 2048, 2048, 2048, 2048, 2048, 2048]",184
1289,11316,63,2,2026-07-03T11:33:50.186000+00:00,30.09,46.273,29.825,276.0,230,False,106.188,"[2049, 2049, 2049, 2049, 2049, 2049, 2049]","[2049, 2048, 2048, 2048, 2048, 2048, 2048, 2048, 2048, 2048]","[2049, 2049, 2049, 2049, 2048, 2048, 2049, 2049, 2049]",268
1289,11316,5,3,2026-07-03T11:33:53.375000+00:00,44.837,52.693,45.584,187.0,179,False,143.114,"[2048, 2048, 2048, 2048, 2048, 2048, 2048]","[2048, 2048, 2048, 2048, 2048, 2048, 2048, 2048, 2048, 2048]","[2048, 2048, 2048, 2048, 2048, 2048, 2048, 2048, 2048, 2048]",241
1289,11316,30,3,2026-07-03T11:33:57.800000+00:00,46.121,63.469,48.72,148.0,159,False,158.31,"[2048, 2048, 2048, 2048, 2048, 2048, 2048]","[2048, 2048, 2048, 2048, 2048, 2048, 2048, 2048, 2048, 2048]","[2048, 2048, 2048, 2048, 2048, 2048, 2048, 2048, 2048, 2048]",114
1289,11316,16,3,2026-07-03T11:34:06.783000+00:00,40.236,55.822,47.211,226.0,174,False,143.269,"[2048, 2048, 2048, 2048, 2048, 2048, 2048]","[2048, 2048, 2048, 2048, 2048, 2048, 2048, 2048, 2048, 2048]","[2048, 2048, 2048, 2048, 2048, 2048, 2048, 2048, 2048, 2048]",148
1289,11316,10,2,2026-07-03T11:34:08.999000+00:00,57.896,46.514,35.116,258.0,219,True,139.526,"[None, 2064, 2049, 2049, 2049, 2049, 2049]","[2049, 2049, 2049, 2049, 2049, 2049, 2048, 2048, 2048, 2048]","[2048, 2048, 2048, 2049, 2048, 2049, 2049, 2049, 2049, 2049]",254
1289,11316,3,1,2026-07-03T11:34:13.572000+00:00,,44.64,38.005,268.0,254,True,,"[2064, 2064, 2049, 2049, 2049, 2049, 2049]","[2049, 2049, 2049, 2049, 2049, 2049, 2049, 2049, 2049, 2049]","[2049, 2049, 2049, 2049, 2049, 2049, 2049, 2049, 2049, 2049]",278
1289,11316,1,3,2026-07-03T11:34:15.889000+00:00,44.708,64.497,40.942,168.0,129,False,150.147,"[2048, 2048, 2048, 2048, 2048, 2048, 2048]","[2048, 2048, 2048, 2048, 2048, 2048, 2048, 2048, 2048, 2048]","[2048, 2048, 2048, 2048, 2048, 2048, 2048, 2048, 2048]",182
1289,11316,12,3,2026-07-03T11:34:21.830000+00:00,42.477,64.271,43.255,158.0,205,False,150.003,"[2048, 2048, 2048, 2048, 2048, 2048, 2048]","[2048, 2048, 2048, 2048, 2048, 2048, 2048, 2048, 2048, 2048]","[2048, 2048, 2048, 2048, 2048, 2048, 2048, 2048, 2048, 2048]",155
1289,11316,81,3,2026-07-03T11:34:31.127000+00:00,43.693,55.486,47.979,166.0,163,False,147.158,"[2048, 2048, 2048, 2048, 2048, 2048, 2048]","[2048, 2048, 2048, 2048, 2048, 2048, 2048, 2048, 2048, 2048]","[2048, 2048, 2048, 2048, 2048, 2048, 2048, 2048, 2048, 2048]",126
1289,11316,31,3,2026-07-03T11:34:39.096000+00:00,45.329,59.994,41.295,151.0,175,False,146.618,"[2048, 2048, 2048, 2048, 2048, 2048, 2048]","[2048, 2048, 2048, 2048, 2048, 2048, 2048, 2048, 2048, 2048]","[2048, 2048, 2048, 2048, 2048, 2048, 2048, 2048, 2048, 2048]",152
1289,11316,87,3,2026-07-03T11:34:43.939000+00:00,50.717,53.634,42.675,246.0,222,False,147.026,"[2048, 2048, 2048, 2048, 2048, 2048, 2048]","[2048, 2048, 2048, 2048, 2048, 2048, 2048, 2048, 2048, 2048]","[2048, 2048, 2048, 2048, 2048, 2048, 2048, 2048, 2048, 2049]",204
1289,11316,11,3,2026-07-03T11:34:48.752000+00:00,46.355,54.371,43.849,208.0,194,False,144.575,"[2048, 2048, 2048, 2048, 2048, 2048, 2048]","[2048, 2048, 2048, 2048, 2048, 2048, 2048, 2048, 2048, 2048]","[2048, 2048, 2048, 2048, 2048, 2048, 2048, 2048, 2049, 2049]",141
1289,11316,77,3,2026-07-03T11:34:52.564000+00:00,47.296,56.541,40.778,209.0,179,False,144.615,"[2048, 2048, 2048, 2048, 2048, 2048, 2048]","[2048, 2048, 2048, 2048, 2048, 2048, 2048, 2048, 2048, 2048]","[2048, 2048, 2048, 2048, 2048, 2048, 2048, 2049, 2049, 2049]",279
1289,11316,18,3,2026-07-03T11:35:00.657000+00:00,30.643,39.546,26.178,273.0,258,False,96.367,"[None, 2049, 2049, 2049, 2049, 2049, 2048]","[2049, 2049, 2049, 2048, 2048, 2049, 2049, 2049, 2049, 2049]","[2049, 2049, 2048, 2049, 2049, 2049, 2049, 2048, 2049, 2051]",295
1289,11316,6,3,2026-07-03T11:35:01.665000+00:00,52.93,58.373,41.75,158.0,184,False,153.053,"[2048, 2048, 2048, 2048, 2048, 2048, 2048]","[2048, 2048, 2048, 2048, 2048, 2048, 2048, 2048, 2048, 2048]","[2048, 2048, 2048, 2048, 2048, 2048, 2048, 2048, 2048, 2049]",135
1289,11316,14,3,2026-07-03T11:35:07.593000+00:00,30.784,38.98,26.175,277.0,260,False,95.939,"[2048, 2048, 2049, 2049, 2049, 2049, 2049]","[2049, 2049, 2048, 2049, 2048, 2049, 2048, 2048, 2049, 2049]","[2049, 2048, 2048, 2049, 2049, 2049, 2049, 2049, 2049, 2049]",292
1289,11316,23,3,2026-07-03T11:35:11.765000+00:00,44.648,48.972,38.611,202.0,228,False,132.231,"[2048, 2048, 2048, 2048, 2048, 2048, 2048]","[2048, 2048, 2048, 2048, 2048, 2048, 2048, 2048, 2048, 2048]","[2048, 2048, 2048, 2048, 2048, 2048, 2048, 2048, 2048, 2048]",264
1289,11316,55,3,2026-07-03T11:35:18.046000+00:00,39.978,50.517,39.3,193.0,163,False,129.795,"[2048, 2048, 2048, 2048, 2048, 2048, 2048]","[2048, 2048, 2048, 2048, 2048, 2048, 2048, 2048, 2048, 2048]","[2048, 2048, 2048, 2048, 2048, 2048, 2048, 2048, 2048, 2048]",193
1289,11316,63,3,2026-07-03T11:35:36.286000+00:00,29.371,37.238,25.93,294.0,252,False,92.539,"[2048, 2049, 2048, 2048, 2049, 2049, 2049]","[2049, 2049, 2049, 2049, 2051, 2049, 2049, 2049, 2049, 2049]","[2049, 2049, 2049, 2049, 2049, 2049, 2051, 2049, 2049]",286
1289,11316,44,4,2026-07-03T11:35:42.202000+00:00,29.515,37.183,25.179,285.0,265,False,91.877,"[2049, 2049, 2049, 2049, 2049, 2049, 2049]","[2049, 2049, 2051, 2048, 2049, 2051, 2049, 2049, 2049, 2051]","[2051, 2051, 2051, 2051, 2049, 2049, 2051, 2049, 2049]",310
1289,11316,41,4,2026-07-03T11:35:48.771000+00:00,29.419,37.732,25.924,297.0,259,False,93.075,"[None, 2051, 2049, 2049, 2049, 2049, 2048]","[2049, 2049, 2049, 2049, 2049, 2049, 2049, 2049, 2049, 2049]","[2049, 2048, 2048, 2049, 2049, 2049, 2049, 2049, 2049, 2048]",296
1289,11316,27,4,2026-07-03T11:35:57.067000+00:00,29.695,38.005,25.654,292.0,261,False,93.354,"[2049, 2049, 2049, 2049, 2049, 2048, 2048]","[2049, 2049, 2048, 2049, 2048, 2049, 2051, 2048, 2049, 2049]","[2049, 2048, 2048, 2049, 2049, 2049, 2049, 2049, 2049]",296
1289,11316,10,3,2026-07-03T11:36:02.271000+00:00,30.13,38.609,26.306,296.0,257,False,95.045,"[2049, 2049, 2049, 2049, 2049, 2049, 2049]","[2049, 2049, 2049, 2049, 2049, 2049, 2049, 2049, 2049, 2049]","[2049, 2048, 2049, 2049, 2049, 2049, 2049, 2049, 2049]",296
1289,11316,3,2,2026-07-03T11:36:09.958000+00:00,29.301,37.645,25.707,297.0,260,False,92.653,"[2049, 2049, 2049, 2049, 2049, 2049, 2049]","[2049, 2049, 2049, 2049, 2049, 2049, 2049, 2049, 2049, 2049]","[2049, 2049, 2049, 2049, 2049, 2049, 2049, 2049, 2049]",299
1289,11316,5,4,2026-07-03T11:36:16.465000+00:00,30.315,37.541,25.689,287.0,259,False,93.545,"[2049, 2049, 2049, 2049, 2048, 2049, 2048]","[2049, 2049, 2049, 2049, 2049, 2049, 2049, 2051, 2051, 2048]","[2049, 2049, 2049, 2049, 2049, 2049, 2049, 2049, 2049]",297
1289,11316,43,4,2026-07-03T11:36:22.965000+00:00,30.096,38.609,26.929,292.0,233,False,95.634,"[None, 2049, 2049, 2049, 2049, 2048, 2048]","[2049, 2049, 2049, 2049, 2048, 2049, 2049, 2049, 2049, 2048]","[2048, 2048, 2048, 2048, 2048, 2049, 2048, 2048, 2049, 2048]",293
1289,11316,16,4,2026-07-03T11:36:30.247000+00:00,29.735,37.372,25.493,287.0,261,False,92.6,"[2049, 2049, 2049, 2051, 2048, 2049, 2049]","[2049, 2051, 2048, 2049, 2049, 2049, 2049, 2049, 2049, 2049]","[2049, 2049, 2049, 2051, 2048, 2048, 2049, 2048, 2049]",308
1289,11316,30,4,2026-07-03T11:36:36.200000+00:00,29.641,37.589,25.779,297.0,259,False,93.009,"[None, 2049, 2049, 2048, 2049, 2049, 2049]","[2049, 2049, 2049, 2049, 2049, 2049, 2049, 2049, 2049, 2049]","[2049, 2049, 2049, 2049, 2049, 2049, 2049, 2049, 2048, 2048]",297
1289,11316,18,4,2026-07-03T11:36:36.903000+00:00,43.409,54.099,42.082,92.0,197,False,139.59,"[2048, 2048, 2048, 2048, 2048, 2048, 2048]","[2048, 2048, 2048, 2048, 2048, 2048, 2048, 2048, 2048, 2048]","[2048, 2048, 2048, 2048, 2048, 2048, 2048, 2048, 2048, 2048]",241
1289,11316,14,4,2026-07-03T11:36:43.559000+00:00,40.097,53.751,43.592,204.0,219,False,137.44,"[None, 2048, 2048, 2048, 2048, 2048, 2048]","[2048, 2048, 2048, 2048, 2048, 2048, 2048, 2048, 2048, 2048]","[2048, 2048, 2048, 2048, 2048, 2048, 2048, 2048, 2048, 2048]",192
1289,11316,1,4,2026-07-03T11:36:45.872000+00:00,31.841,43.196,31.796,258.0,198,False,106.833,"[None, 2049, 2051, 2048, 2048, 2048, 2048]","[2048, 2048, 2048, 2048, 2048, 2048, 2048, 2048, 2048, 2048]","[2048, 2048, 2048, 2048, 2049, 2048, 2048, 2048, 2048]",233
1289,11316,12,4,2026-07-03T11:36:51.914000+00:00,32.855,50.104,28.21,134.0,202,False,111.169,"[None, 2049, 2049, 2048, 2048, 2048, 2048]","[2048, 2048, 2048, 2048, 2048, 2048, 2048, 2048, 2048, 2048]","[2048, 2048, 2048, 2048, 2048, 2048, 2048, 2048, 2048, 2048]",277
1289,11316,81,4,2026-07-03T11:36:58.299000+00:00,29.164,37.197,25.458,305.0,259,False,91.819,"[None, 2049, 2049, 2049, 2048, 2048, 2048]","[2049, 2049, 2049, 2049, 2049, 2051, 2049, 2049, 2049, 2048]","[2048, 2048, 2048, 2049, 2049, 2049, 2051, 2049, 2049, 2048]",293
1289,11316,31,4,2026-07-03T11:37:05.777000+00:00,30.181,38.312,26.079,283.0,260,False,94.572,"[None, 2049, 2049, 2049, 2049, 2049, 2049]","[2048, 2049, 2049, 2049, 2049, 2049, 2049, 2049, 2049, 2048]","[2049, 2049, 2049, 2049, 2048, 2048, 2049, 2049, 2049, 2049]",301
1289,11316,63,4,2026-07-03T11:37:08.799000+00:00,48.938,64.577,28.839,153.0,207,False,142.354,"[None, 2048, 2048, 2048, 2048, 2048, 2048]","[2048, 2048, 2048, 2048, 2048, 2048, 2048, 2048, 2048, 2048]","[2048, 2048, 2048, 2048, 2048, 2048, 2048, 2048, 2048, 2048]",262
1289,11316,87,4,2026-07-03T11:37:11.071000+00:00,29.982,37.919,25.822,283.0,263,False,93.723,"[2049, 2049, 2049, 2049, 2048, 2049, 2049]","[2049, 2049, 2049, 2048, 2049, 2049, 2049, 2049, 2049, 2049]","[2049, 2049, 2049, 2049, 2048, 2048, 2048, 2049, 2049, 2049]",306
1289,11316,11,4,2026-07-03T11:37:13.424000+00:00,30.508,38.56,26.314,289.0,258,False,95.382,"[2049, 2049, 2049, 2049, 2049, 2049, 2049]","[2049, 2049, 2049, 2048, 2049, 2049, 2049, 2049, 2049, 2049]","[2049, 2049, 2049, 2048, 2049, 2049, 2049, 2048, 2049, 2048]",307
1289,11316,44,5,2026-07-03T11:37:14.002000+00:00,48.348,65.188,33.986,153.0,148,False,147.522,"[2048, 2048, 2048, 2048, 2048, 2048, 2048]","[2048, 2048, 2048, 2048, 2048, 2048, 2048, 2048, 2048, 2048]","[2048, 2048, 2048, 2048, 2048, 2048, 2048, 2048, 2048, 2048]",251
1289,11316,77,4,2026-07-03T11:37:17.205000+00:00,30.206,38.906,26.493,288.0,258,False,95.605,"[2049, 2049, 2049, 2049, 2049, 2049, 2049]","[2049, 2049, 2049, 2049, 2049, 2049, 2049, 2049, 2049, 2049]","[2049, 2049, 2049, 2049, 2049, 2049, 2049, 2049, 2049, 2048]",309
1289,11316,41,5,2026-07-03T11:37:21.711000+00:00,43.49,64.115,38.272,161.0,189,False,145.877,"[None, 2048, 2048, 2048, 2048, 2048, 2048]","[2048, 2048, 2048, 2048, 2048, 2048, 2048, 2048, 2048, 2048]","[2048, 2048, 2048, 2048, 2048, 2048, 2048, 2048, 2048, 2049]",121
1289,11316,23,4,2026-07-03T11:37:23.946000+00:00,30.076,38.18,26.289,290.0,252,False,94.545,"[2049, 2049, 2048, 2049, 2049, 2049, 2049]","[2049, 2049, 2048, 2049, 2049, 2049, 2048, 2048, 2049, 2048]","[2049, 2049, 2049, 2049, 2049, 2049, 2048, 2049, 2049, 2049]",290
1289,11316,55,4,2026-07-03T11:37:27.992000+00:00,30.337,38.324,26.342,291.0,253,False,95.003,"[None, 2049, 2049, 2049, 2049, 2049, 2049]","[2049, 2049, 2049, 2049, 2049, 2049, 2049, 2049, 2049, 2048]","[2049, 2049, 2049, 2049, 2049, 2049, 2048, 2048, 2049]",291
1289,11316,27,5,2026-07-03T11:37:30.282000+00:00,45.327,59.378,39.854,155.0,161,False,144.559,"[2048, 2048, 2048, 2048, 2048, 2048, 2048]","[2048, 2048, 2048, 2048, 2048, 2048, 2048, 2048, 2048, 2048]","[2048, 2048, 2048, 2048, 2048, 2048, 2048, 2048, 2048, 2049]",162
1289,11316,6,4,2026-07-03T11:37:34.836000+00:00,29.009,37.093,25.595,302.0,260,False,91.697,"[2051, 2049, 2049, 2049, 2049, 2049, 2049]","[2051, 2049, 2049, 2049, 2048, 2049, 2051, 2049, 2049, 2049]","[2048, 2048, 2048, 2049, 2049, 2048, 2049, 2049, 2048, 2048]",300
1289,11316,10,4,2026-07-03T11:37:37.133000+00:00,44.198,59.778,38.176,173.0,175,False,142.152,"[2048, 2048, 2048, 2048, 2048, 2048, 2048]","[2048, 2048, 2048, 2048, 2048, 2048, 2048, 2048, 2048, 2048]","[2048, 2048, 2048, 2048, 2048, 2048, 2048, 2048, 2048, 2049]",239
1289,11316,3,3,2026-07-03T11:37:42.508000+00:00,47.98,55.759,41.373,189.0,96,False,145.112,"[2048, 2048, 2048, 2048, 2048, 2048, 2048]","[2048, 2048, 2048, 2048, 2048, 2048, 2048, 2048, 2048, 2048]","[2048, 2048, 2048, 2048, 2048, 2048, 2048, 2048, 2048, 2049]",208
1289,11316,5,5,2026-07-03T11:37:49.942000+00:00,46.774,54.495,43.006,170.0,112,False,144.275,"[2048, 2048, 2048, 2048, 2048, 2048, 2048]","[2048, 2048, 2048, 2048, 2048, 2048, 2048, 2048, 2048, 2048]","[2048, 2048, 2048, 2048, 2048, 2048, 2048, 2048, 2048, 2048]",103
1289,11316,43,5,2026-07-03T11:37:58.548000+00:00,46.1,58.956,35.876,189.0,220,False,140.932,"[None, 2048, 2048, 2048, 2048, 2048, 2048]","[2048, 2048, 2048, 2048, 2048, 2048, 2048, 2048, 2048, 2048]","[2048, 2048, 2048, 2048, 2048, 2048, 2048, 2048, 2048, 2048]",247
1289,11316,16,5,2026-07-03T11:38:02.645000+00:00,47.301,57.016,40.938,146.0,151,False,145.255,"[2048, 2048, 2048, 2048, 2048, 2048, 2048]","[2048, 2048, 2048, 2048, 2048, 2048, 2048, 2048, 2048, 2048]","[2048, 2048, 2048, 2048, 2048, 2048, 2048, 2048, 2048, 2048]",131
1289,11316,30,5,2026-07-03T11:38:09.117000+00:00,45.477,62.883,40.676,140.0,174,False,149.036,"[None, 2048, 2048, 2048, 2048, 2048, 2048]","[2048, 2048, 2048, 2048, 2048, 2048, 2048, 2048, 2048, 2048]","[2048, 2048, 2048, 2048, 2048, 2048, 2048, 2048, 2048, 2048]",158
1289,11316,81,5,2026-07-03T11:38:29.945000+00:00,44.358,58.438,34.739,189.0,191,False,137.535,"[None, 2048, 2048, 2048, 2048, 2048, 2048]","[2048, 2048, 2048, 2048, 2048, 2048, 2048, 2048, 2048, 2048]","[2048, 2048, 2048, 2048, 2048, 2048, 2048, 2048, 2048, 2048]",148
1289,11316,1,5,2026-07-03T11:38:32.736000+00:00,29.139,37.392,25.648,305.0,261,False,92.179,"[2049, 2049, 2048, 2049, 2048, 2049, 2051]","[2049, 2048, 2048, 2049, 2049, 2049, 2049, 2049, 2048, 2051]","[2049, 2049, 2048, 2049, 2049, 2049, 2049, 2049, 2049, 2048]",296
1289,11316,31,5,2026-07-03T11:38:40.283000+00:00,48.554,63.035,39.116,127.0,147,False,150.705,"[None, 2048, 2048, 2048, 2048, 2048, 2048]","[2048, 2048, 2048, 2048, 2048, 2048, 2048, 2048, 2048, 2048]","[2048, 2048, 2048, 2048, 2048, 2048, 2048, 2048, 2048, 2048]",96
1289,11316,12,5,2026-07-03T11:38:43.120000+00:00,28.877,36.948,25.981,293.0,249,False,91.806,"[2049, 2049, 2049, 2049, 2048, 2051, 2048]","[2049, 2051, 2049, 2048, 2049, 2049, 2049, 2049, 2049, 2049]","[2048, 2048, 2048, 2049, 2049, 2049, 2049, 2048, 2048, 2049]",285
1289,11316,87,5,2026-07-03T11:38:44.823000+00:00,57.408,58.699,35.929,150.0,228,False,152.036,"[2048, 2048, 2048, 2048, 2048, 2048, 2048]","[2048, 2048, 2048, 2048, 2048, 2048, 2048, 2048, 2048, 2048]","[2048, 2048, 2048, 2048, 2048, 2048, 2048, 2048, 2048, 2048]",205
1289,11316,11,5,2026-07-03T11:38:48.728000+00:00,55.447,58.914,36.306,152.0,175,False,150.667,"[2048, 2048, 2048, 2048, 2048, 2048, 2048]","[2048, 2048, 2048, 2048, 2048, 2048, 2048, 2048, 2048, 2048]","[2048, 2048, 2048, 2048, 2048, 2048, 2048, 2049, 2048, 2049]",162
1289,11316,77,5,2026-07-03T11:38:52.739000+00:00,53.947,59.986,35.744,125.0,161,False,149.677,"[2048, 2048, 2048, 2048, 2048, 2048, 2048]","[2048, 2048, 2048, 2048, 2048, 2048, 2048, 2048, 2048, 2048]","[2048, 2048, 2048, 2048, 2048, 2048, 2048, 2048, 2048, 2049]",259
1289,11316,18,5,2026-07-03T11:38:56.595000+00:00,29.988,38.8,26.483,283.0,252,False,95.271,"[None, 2049, 2049, 2049, 2048, 2049, 2049]","[2049, 2049, 2049, 2049, 2049, 2049, 2049, 2049, 2049, 2048]","[2048, 2048, 2048, 2048, 2049, 2049, 2048, 2049, 2048]",288
1289,11316,23,5,2026-07-03T11:38:58.517000+00:00,37.858,49.637,33.256,199.0,199,False,120.751,"[2048, 2048, 2048, 2048, 2048, 2048, 2048]","[2048, 2048, 2048, 2048, 2048, 2048, 2048, 2048, 2048, 2048]","[2048, 2048, 2048, 2048, 2048, 2064, 2064, 2064, 2064, 2064]",190
1289,11316,14,5,2026-07-03T11:39:00.986000+00:00,30.04,38.816,26.494,283.0,254,False,95.35,"[2049, 2049, 2049, 2049, 2048, 2049, 2049]","[2048, 2049, 2048, 2049, 2049, 2049, 2049, 2049, 2049, 2048]","[2048, 2048, 2048, 2048, 2049, 2049, 2049, 2048, 2048]",287
1289,11316,55,5,2026-07-03T11:39:02.908000+00:00,40.239,49.752,36.666,205.0,196,False,126.657,"[None, 2048, 2048, 2048, 2048, 2048, 2048]","[2048, 2048, 2048, 2048, 2048, 2048, 2048, 2048, 2048, 2048]","[2048, 2048, 2048, 2048, 2048, 2064, 2064, 2064, 2064, 2064]",210
1289,11316,6,5,2026-07-03T11:39:06.439000+00:00,57.235,62.269,34.36,135.0,198,False,153.864,"[2048, 2048, 2048, 2048, 2048, 2048, 2048]","[2048, 2048, 2048, 2048, 2048, 2048, 2048, 2048, 2048, 2048]","[2048, 2048, 2048, 2048, 2048, 2048, 2048, 2048, 2048, 2049]",135
1289,11316,63,5,2026-07-03T11:39:31.248000+00:00,29.131,36.906,25.785,295.0,251,False,91.822,"[None, 2048, 2048, 2048, 2051, 2049, 2049]","[2049, 2049, 2049, 2048, 2048, 2051, 2049, 2049, 2049, 2049]","[2048, 2048, 2048, 2049, 2049, 2049, 2049, 2048, 2048, 2049]",285
1289,11316,44,6,2026-07-03T11:39:41.604000+00:00,29.275,37.093,25.066,293.0,265,False,91.434,"[2049, 2049, 2049, 2048, 2049, 2049, 2049]","[2049, 2049, 2048, 2049, 2048, 2048, 2049, 2049, 2049, 2051]","[2048, 2048, 2048, 2049, 2051, 2049, 2049, 2049, 2049, 2049]",307
1289,11316,41,6,2026-07-03T11:39:47.685000+00:00,29.136,37.394,25.843,302.0,260,False,92.373,"[2049, 2049, 2048, 2048, 2049, 2049, 2049]","[2049, 2049, 2048, 2049, 2049, 2049, 2049, 2049, 2049, 2049]","[2049, 2048, 2048, 2049, 2048, 2049, 2049, 2048, 2049, 2048]",297
1289,11316,27,6,2026-07-03T11:39:55.095000+00:00,29.298,37.411,25.417,294.0,261,False,92.126,"[2049, 2049, 2049, 2049, 2049, 2049, 2048]","[2049, 2048, 2049, 2048, 2048, 2049, 2051, 2049, 2049, 2049]","[2049, 2049, 2049, 2049, 2051, 2051, 2048, 2048, 2049]",298
1289,11316,10,5,2026-07-03T11:39:59.486000+00:00,29.671,37.999,25.728,301.0,256,False,93.398,"[2049, 2049, 2049, 2048, 2049, 2049, 2049]","[2049, 2049, 2049, 2048, 2049, 2049, 2049, 2048, 2049, 2049]","[2049, 2048, 2049, 2049, 2049, 2049, 2049, 2048, 2049, 2048]",296
1289,11316,1,6,2026-07-03T11:40:04.970000+00:00,41.963,56.229,34.773,187.0,166,False,132.965,"[2048, 2048, 2048, 2048, 2048, 2048, 2048]","[2048, 2048, 2048, 2048, 2048, 2048, 2048, 2048, 2048, 2048]","[2048, 2048, 2048, 2048, 2048, 2048, 2048, 2048, 2048, 2048]",148
1289,11316,3,4,2026-07-03T11:40:07.782000+00:00,28.789,37.017,25.471,300.0,261,False,91.277,"[2049, 2051, 2049, 2049, 2049, 2049, 2049]","[2049, 2049, 2051, 2049, 2048, 2049, 2049, 2049, 2049, 2049]","[2049, 2049, 2049, 2049, 2049, 2049, 2049, 2048, 2049]",300
1289,11316,5,6,2026-07-03T11:40:14.420000+00:00,29.651,37.252,25.452,292.0,261,False,92.355,"[2049, 2049, 2049, 2048, 2049, 2049, 2048]","[2049, 2049, 2049, 2048, 2048, 2049, 2049, 2051, 2051, 2049]","[2049, 2048, 2048, 2049, 2049, 2049, 2051, 2048, 2048]",296
1289,11316,12,6,2026-07-03T11:40:14.844000+00:00,44.954,52.486,32.579,203.0,157,False,130.019,"[2048, 2048, 2048, 2048, 2048, 2048, 2048]","[2048, 2048, 2048, 2048, 2048, 2048, 2048, 2048, 2048, 2048]","[2048, 2048, 2048, 2048, 2048, 2048, 2048, 2048, 2048, 2048]",216
1289,11316,43,6,2026-07-03T11:40:19.698000+00:00,32.766,48.884,32.257,188.0,197,False,113.907,"[None, 2048, 2049, 2048, 2048, 2048, 2048]","[2048, 2048, 2048, 2048, 2048, 2048, 2048, 2048, 2048, 2048]","[2048, 2048, 2048, 2048, 2048, 2048, 2048, 2048, 2048, 2048]",205
1289,11316,16,6,2026-07-03T11:40:28.117000+00:00,29.289,36.942,25.317,290.0,264,False,91.548,"[2049, 2049, 2049, 2048, 2049, 2049, 2049]","[2049, 2051, 2049, 2049, 2049, 2049, 2049, 2049, 2049, 2051]","[2049, 2048, 2048, 2048, 2048, 2049, 2049, 2048, 2049, 2049]",304
1289,11316,18,6,2026-07-03T11:40:31.814000+00:00,49.667,64.511,34.679,192.0,162,False,148.857,"[None, 2048, 2048, 2048, 2048, 2048, 2048]","[2048, 2048, 2048, 2048, 2048, 2048, 2048, 2048, 2048, 2048]","[2048, 2048, 2048, 2048, 2048, 2064, 2064, 2064, 2064, 2064]",169
1289,11316,14,6,2026-07-03T11:40:36.204000+00:00,47.553,51.053,33.342,150.0,211,False,131.948,"[2048, 2048, 2048, 2048, 2048, 2048, 2048]","[2048, 2048, 2048, 2048, 2048, 2048, 2048, 2048, 2048, 2048]","[2048, 2048, 2048, 2048, 2048, 2048, 2048, 2048, 2048, 2048]",124
1289,11316,30,6,2026-07-03T11:40:38.157000+00:00,28.996,37.231,25.587,301.0,260,False,91.814,"[2049, 2049, 2049, 2049, 2049, 2049, 2049]","[2049, 2049, 2049, 2049, 2048, 2049, 2049, 2049, 2048, 2049]","[2049, 2049, 2049, 2048, 2049, 2048, 2049, 2049, 2049, 2049]",297
1289,11316,81,6,2026-07-03T11:40:47.673000+00:00,28.909,36.913,25.492,308.0,262,False,91.314,"[2049, 2049, 2049, 2049, 2049, 2049, 2051]","[2051, 2049, 2049, 2048, 2048, 2049, 2049, 2049, 2048, 2049]","[2048, 2048, 2048, 2049, 2049, 2049, 2048, 2048, 2048, 2048]",295
1289,11316,63,6,2026-07-03T11:41:02.954000+00:00,50.97,66.047,28.612,206.0,216,False,145.629,"[None, 2048, 2048, 2048, 2048, 2048, 2048]","[2048, 2048, 2048, 2048, 2048, 2048, 2048, 2048, 2048, 2048]","[2048, 2048, 2048, 2048, 2048, 2048, 2048, 2048, 2048, 2048]",272
1289,11316,31,6,2026-07-03T11:41:11.026000+00:00,29.441,37.611,25.978,289.0,264,False,93.03,"[2049, 2049, 2048, 2049, 2049, 2049, 2049]","[2049, 2049, 2049, 2049, 2049, 2049, 2049, 2049, 2049, 2049]","[2049, 2049, 2049, 2049, 2049, 2049, 2048, 2048, 2048]",302
1289,11316,44,7,2026-07-03T11:41:13.092000+00:00,58.802,79.384,36.75,121.0,197,False,174.936,"[2048, 2048, 2048, 2048, 2048, 2048, 2048]","[2048, 2048, 2048, 2048, 2048, 2048, 2048, 2048, 2048, 2048]","[2048, 2048, 2048, 2048, 2048, 2048, 2048, 2048, 2048, 2048]",248
1289,11316,87,6,2026-07-03T11:41:16.873000+00:00,29.395,37.416,25.982,292.0,263,False,92.793,"[2049, 2049, 2049, 2049, 2049, 2049, 2049]","[2049, 2049, 2049, 2049, 2049, 2049, 2049, 2049, 2049, 2049]","[2048, 2048, 2048, 2049, 2048, 2049, 2048, 2048, 2048, 2048]",301
1289,11316,11,6,2026-07-03T11:41:19.404000+00:00,29.794,37.982,26.193,295.0,262,False,93.969,"[2049, 2049, 2049, 2049, 2049, 2049, 2049]","[2049, 2049, 2048, 2049, 2049, 2049, 2049, 2049, 2049, 2049]","[2049, 2049, 2048, 2049, 2048, 2049, 2048, 2049, 2049]",305
1289,11316,41,7,2026-07-03T11:41:20.013000+00:00,45.174,66.034,31.675,144.0,175,False,142.883,"[2048, 2048, 2048, 2048, 2048, 2048, 2048]","[2048, 2048, 2048, 2048, 2048, 2048, 2048, 2048, 2048, 2048]","[2048, 2048, 2048, 2048, 2048, 2048, 2048, 2048, 2048, 2048]",206
1289,11316,77,6,2026-07-03T11:41:22.513000+00:00,29.936,38.629,26.149,293.0,259,False,94.714,"[2049, 2048, 2049, 2049, 2049, 2049, 2049]","[2049, 2048, 2049, 2048, 2049, 2048, 2049, 2049, 2049, 2049]","[2048, 2048, 2048, 2049, 2049, 2049, 2049, 2049, 2049]",300
1289,11316,27,7,2026-07-03T11:41:27.032000+00:00,46.176,64.949,43.355,127.0,149,False,154.48,"[2048, 2048, 2048, 2048, 2048, 2048, 2048]","[2048, 2048, 2048, 2048, 2048, 2048, 2048, 2048, 2048, 2048]","[2048, 2048, 2048, 2048, 2048, 2048, 2048, 2048, 2048, 2049]",135
1289,11316,10,6,2026-07-03T11:41:32.648000+00:00,49.223,61.626,30.512,131.0,195,False,141.361,"[2048, 2048, 2048, 2048, 2048, 2048, 2048]","[2048, 2048, 2048, 2048, 2048, 2048, 2048, 2048, 2048, 2048]","[2048, 2048, 2048, 2048, 2048, 2048, 2048, 2048, 2048, 2049]",274
1289,11316,3,5,2026-07-03T11:41:38.993000+00:00,52.115,61.943,41.829,151.0,235,False,155.887,"[2048, 2048, 2048, 2048, 2048, 2048, 2048]","[2048, 2048, 2048, 2048, 2048, 2048, 2048, 2048, 2048, 2048]","[2048, 2048, 2048, 2048, 2048, 2048, 2048, 2048, 2048, 2048]",236
1289,11316,23,6,2026-07-03T11:41:39.525000+00:00,80.287,44.848,30.486,272.0,231,True,155.621,"[None, 2064, 2048, 2048, 2048, 2048, 2048]","[2048, 2048, 2048, 2048, 2048, 2048, 2048, 2048, 2048, 2048]","[2048, 2048, 2048, 2048, 2048, 2048, 2048, 2048, 2048, 2048]",254
1289,11316,6,6,2026-07-03T11:41:40.368000+00:00,28.809,36.816,25.344,302.0,262,False,90.969,"[2051, 2049, 2048, 2049, 2049, 2049, 2049]","[2049, 2049, 2049, 2048, 2048, 2049, 2051, 2048, 2049, 2049]","[2049, 2048, 2048, 2049, 2049, 2048, 2049, 2049, 2049, 2048]",297
1289,11316,5,7,2026-07-03T11:41:46.556000+00:00,48.172,62.731,50.336,175.0,190,False,161.239,"[2048, 2048, 2048, 2048, 2048, 2048, 2048]","[2048, 2048, 2048, 2048, 2048, 2048, 2048, 2048, 2048, 2048]","[2048, 2048, 2048, 2048, 2048, 2048, 2048, 2048, 2048, 2049]",247
1289,11316,16,7,2026-07-03T11:41:59.603000+00:00,42.579,53.394,46.102,99.0,189,False,142.075,"[2048, 2048, 2048, 2048, 2048, 2048, 2048]","[2048, 2048, 2048, 2048, 2048, 2048, 2048, 2048, 2048, 2048]","[2048, 2048, 2048, 2048, 2048, 2048, 2048, 2048, 2048, 2048]",211
1289,11316,55,6,2026-07-03T11:42:02.642000+00:00,85.959,41.616,30.795,237.0,223,True,158.37,"[None, 2064, 2048, 2048, 2048, 2048, 2048]","[2048, 2048, 2048, 2048, 2048, 2048, 2048, 2049, 2048, 2048]","[2048, 2048, 2048, 2048, 2048, 2048, 2048, 2049, 2048, 2049]",244
1289,11316,30,7,2026-07-03T11:42:09.901000+00:00,43.994,58.906,40.638,173.0,159,False,143.538,"[2048, 2048, 2048, 2048, 2048, 2048, 2048]","[2048, 2048, 2048, 2048, 2048, 2048, 2048, 2048, 2048, 2048]","[2048, 2048, 2048, 2048, 2048, 2048, 2048, 2048, 2048, 2048]",187
1289,11316,43,7,2026-07-03T11:42:13.338000+00:00,29.514,37.828,26.27,292.0,258,False,93.612,"[2049, 2049, 2049, 2049, 2049, 2048, 2048]","[2049, 2049, 2049, 2049, 2048, 2049, 2049, 2049, 2048, 2049]","[2049, 2048, 2048, 2049, 2049, 2048, 2049, 2049, 2049, 2048]",295
1289,11316,1,7,2026-07-03T11:42:17.979000+00:00,28.898,37.099,25.598,303.0,262,False,91.595,"[None, 2049, 2048, 2049, 2049, 2049, 2048]","[2049, 2048, 2048, 2049, 2049, 2051, 2049, 2049, 2049, 2048]","[2049, 2049, 2049, 2049, 2048, 2048, 2049, 2048, 2048, 2048]",301
1289,11316,81,7,2026-07-03T11:42:18.838000+00:00,41.982,54.144,47.273,178.0,175,False,143.399,"[2048, 2048, 2048, 2048, 2048, 2048, 2048]","[2048, 2048, 2048, 2048, 2048, 2048, 2048, 2048, 2048, 2048]","[2048, 2048, 2048, 2048, 2048, 2048, 2048, 2048, 2048, 2048]",132
1289,11316,12,7,2026-07-03T11:42:24.948000+00:00,28.87,36.643,25.463,298.0,254,False,90.976,"[None, 2049, 2048, 2048, 2049, 2048, 2048]","[2049, 2051, 2049, 2048, 2051, 2049, 2049, 2049, 2049, 2049]","[2049, 2049, 2049, 2049, 2049, 2049, 2051, 2048, 2048]",289
1289,11316,31,7,2026-07-03T11:42:43.888000+00:00,39.329,52.703,32.055,208.0,189,False,124.087,"[2048, 2048, 2048, 2048, 2048, 2048, 2048]","[2048, 2048, 2048, 2048, 2048, 2048, 2048, 2048, 2048, 2048]","[2048, 2048, 2048, 2048, 2048, 2064, 2064, 2064, 2064, 2064]",193
1289,11316,14,7,2026-07-03T11:42:48.355000+00:00,29.829,38.46,26.482,284.0,257,False,94.771,"[2049, 2049, 2048, 2049, 2049, 2049, 2049]","[2049, 2049, 2048, 2048, 2048, 2049, 2049, 2049, 2049, 2048]","[2048, 2048, 2048, 2049, 2048, 2048, 2049, 2048, 2048, 2048]",284
1289,11316,87,7,2026-07-03T11:42:49.529000+00:00,52.745,63.068,34.661,154.0,183,False,150.474,"[2048, 2048, 2048, 2048, 2048, 2048, 2048]","[2048, 2048, 2048, 2048, 2048, 2048, 2048, 2048, 2048, 2048]","[2048, 2048, 2048, 2048, 2048, 2048, 2048, 2048, 2048, 2048]",208
1289,11316,11,7,2026-07-03T11:42:53.293000+00:00,50.289,63.909,36.988,181.0,236,False,151.186,"[2048, 2048, 2048, 2048, 2048, 2048, 2048]","[2048, 2048, 2048, 2048, 2048, 2048, 2048, 2048, 2048, 2048]","[2048, 2048, 2048, 2048, 2048, 2048, 2048, 2048, 2048, 2049]",143
1289,11316,77,7,2026-07-03T11:42:57.119000+00:00,36.992,45.343,27.101,275.0,252,False,109.436,"[2048, 2048, 2048, 2048, 2048, 2048, 2048]","[2048, 2048, 2048, 2048, 2048, 2048, 2048, 2048, 2048, 2048]","[2048, 2049, 2051, 2048, 2048, 2048, 2048, 2048, 2048, 2049]",319
1289,11316,6,7,2026-07-03T11:43:11.291000+00:00,37.689,53.462,30.115,230.0,205,False,121.266,"[2048, 2048, 2048, 2048, 2048, 2048, 2048]","[2048, 2048, 2048, 2048, 2048, 2048, 2048, 2048, 2048, 2048]","[2048, 2048, 2048, 2048, 2048, 2064, 2064, 2064, 2064, 2064]",246
1289,11316,63,7,2026-07-03T11:43:28.666000+00:00,29.139,42.644,28.737,294.0,216,False,100.52,"[None, 2048, 2048, 2048, 2051, 2048, 2049]","[2048, 2048, 2049, 2048, 2048, 2048, 2048, 2048, 2048, 2048]","[2048, 2048, 2048, 2048, 2048, 2064, 2064, 2064, 2064, 2064]",273
1289,11316,23,7,2026-07-03T11:43:34.901000+00:00,41.214,49.169,30.021,161.0,218,False,120.404,"[2049, 2048, 2048, 2048, 2048, 2048, 2048]","[2048, 2048, 2048, 2048, 2048, 2048, 2048, 2048, 2048, 2048]","[2048, 2048, 2048, 2048, 2048, 2048, 2048, 2048, 2048, 2048]",257
1289,11316,41,8,2026-07-03T11:43:43.010000+00:00,29.236,37.43,25.84,299.0,262,False,92.506,"[None, 2049, 2048, 2049, 2048, 2048, 2048]","[2048, 2048, 2048, 2048, 2049, 2048, 2048, 2048, 2049, 2049]","[2049, 2048, 2048, 2048, 2048, 2048, 2049, 2049, 2049, 2048]",296
1289,11316,43,8,2026-07-03T11:43:46.963000+00:00,45.707,47.536,32.926,199.0,199,False,126.169,"[2048, 2048, 2048, 2048, 2048, 2048, 2048]","[2048, 2048, 2048, 2048, 2048, 2048, 2048, 2048, 2048, 2048]","[2048, 2048, 2048, 2048, 2048, 2064, 2064, 2064, 2064, 2064]",198
1289,11316,55,7,2026-07-03T11:43:48.119000+00:00,29.708,37.988,26.024,289.0,257,False,93.72,"[2049, 2049, 2049, 2049, 2049, 2049, 2048]","[2049, 2049, 2049, 2049, 2049, 2049, 2049, 2049, 2049, 2049]","[2049, 2049, 2049, 2049, 2049, 2048, 2049, 2049, 2049, 2049]",292
1289,11316,1,8,2026-07-03T11:43:49.588000+00:00,38.404,53.15,34.364,200.0,196,False,125.918,"[None, 2048, 2048, 2048, 2048, 2048, 2048]","[2048, 2048, 2048, 2048, 2048, 2048, 2048, 2048, 2048, 2048]","[2048, 2048, 2048, 2048, 2048, 2048, 2048, 2048, 2048, 2048]",206
1289,11316,10,7,2026-07-03T11:43:54.244000+00:00,29.335,46.233,32.079,298.0,169,False,107.647,"[2049, 2049, 2049, 2048, 2049, 2049, 2049]","[2049, 2049, 2049, 2048, 2048, 2048, 2048, 2048, 2048, 2048]","[2048, 2048, 2048, 2048, 2048, 2048, 2048, 2048, 2048, 2048]",250
1289,11316,12,8,2026-07-03T11:43:55.697000+00:00,48.637,54.268,40.444,90.0,223,False,143.349,"[None, 2048, 2048, 2048, 2048, 2048, 2048]","[2048, 2048, 2048, 2048, 2048, 2048, 2048, 2048, 2048, 2048]","[2048, 2048, 2048, 2048, 2048, 2048, 2048, 2048, 2048, 2048]",178
1289,11316,27,8,2026-07-03T11:44:01.619000+00:00,34.828,44.511,28.532,212.0,234,False,107.871,"[2049, 2048, 2049, 2048, 2048, 2048, 2048]","[2048, 2048, 2048, 2048, 2048, 2048, 2048, 2048, 2048, 2048]","[2048, 2048, 2048, 2048, 2048, 2048, 2048, 2048, 2048, 2049]",262
1289,11316,44,8,2026-07-03T11:44:07.994000+00:00,32.858,50.693,33.338,269.0,230,False,116.889,"[2049, 2048, 2048, 2048, 2048, 2048, 2048]","[2048, 2048, 2048, 2048, 2048, 2048, 2048, 2048, 2048, 2048]","[2048, 2048, 2048, 2048, 2048, 2048, 2048, 2048, 2048, 2048]",280
1289,11316,3,6,2026-07-03T11:44:14.869000+00:00,30.198,46.679,39.229,245.0,247,False,116.106,"[None, 2048, 2049, 2049, 2048, 2049, 2048]","[2048, 2048, 2048, 2048, 2048, 2048, 2048, 2048, 2048, 2048]","[2048, 2048, 2048, 2048, 2048, 2048, 2048, 2048, 2048, 2049]",269
1289,11316,16,8,2026-07-03T11:44:21.713000+00:00,29.155,36.784,25.388,287.0,264,False,91.327,"[2049, 2049, 2048, 2051, 2048, 2049, 2048]","[2048, 2048, 2049, 2048, 2049, 2051, 2049, 2049, 2048, 2051]","[2048, 2048, 2048, 2048, 2048, 2048, 2049, 2049, 2049]",303
1289,11316,14,8,2026-07-03T11:44:23.025000+00:00,42.254,56.031,35.368,218.0,206,False,133.653,"[2048, 2048, 2048, 2048, 2048, 2048, 2048]","[2048, 2048, 2048, 2048, 2048, 2048, 2048, 2048, 2048, 2048]","[2048, 2048, 2048, 2048, 2048, 2048, 2048, 2048, 2048, 2048]",224
1289,11316,5,8,2026-07-03T11:44:27.991000+00:00,29.352,37.198,25.466,291.0,260,False,92.016,"[2049, 2049, 2049, 2048, 2049, 2049, 2048]","[2049, 2048, 2049, 2049, 2049, 2048, 2048, 2048, 2051, 2049]","[2048, 2048, 2048, 2049, 2048, 2048, 2049, 2049, 2048]",298
1289,11316,30,8,2026-07-03T11:44:33.535000+00:00,29.044,37.5,28.496,297.0,259,False,95.04,"[2049, 2051, 2051, 2048, 2048, 2048, 2048]","[2048, 2048, 2048, 2048, 2048, 2048, 2048, 2048, 2049, 2049]","[2048, 2049, 2049, 2048, 2048, 2064, 2064, 2064, 2064, 2064]",299
1289,11316,81,8,2026-07-03T11:44:42.410000+00:00,29.106,39.785,30.056,304.0,210,False,98.947,"[2049, 2048, 2048, 2048, 2048, 2048, 2048]","[2048, 2048, 2048, 2049, 2048, 2048, 2048, 2048, 2048, 2048]","[2048, 2048, 2048, 2048, 2048, 2064, 2064, 2064, 2064, 2064]",244
1289,11316,77,8,2026-07-03T11:44:46.660000+00:00,30.557,39.634,26.839,283.0,255,False,97.03,"[2049, 2048, 2048, 2048, 2048, 2048, 2048]","[2048, 2048, 2048, 2048, 2048, 2048, 2048, 2048, 2048, 2048]","[2048, 2048, 2048, 2048, 2048, 2048, 2048, 2048, 2049, 2049]",294
1289,11316,41,9,2026-07-03T11:45:15.453000+00:00,47.656,79.446,31.477,91.0,161,False,158.579,"[None, 2048, 2048, 2048, 2048, 2048, 2048]","[2048, 2048, 2048, 2048, 2048, 2048, 2048, 2048, 2048, 2048]","[2048, 2048, 2048, 2048, 2048, 2048, 2048, 2048, 2048, 2049]",235
1289,11316,87,8,2026-07-03T11:45:20.094000+00:00,29.626,37.628,25.455,292.0,263,False,92.709,"[None, 2049, 2048, 2048, 2048, 2048, 2048]","[2049, 2048, 2048, 2049, 2048, 2048, 2048, 2048, 2049, 2049]","[2048, 2048, 2048, 2048, 2049, 2049, 2049, 2049, 2049, 2049]",299
1289,11316,55,8,2026-07-03T11:45:21.703000+00:00,39.926,50.079,33.336,206.0,232,False,123.341,"[2048, 2048, 2048, 2048, 2048, 2048, 2048]","[2048, 2048, 2048, 2048, 2048, 2048, 2048, 2048, 2048, 2048]","[2048, 2048, 2048, 2048, 2048, 2048, 2048, 2048, 2048, 2048]",279
1289,11316,11,8,2026-07-03T11:45:24.563000+00:00,30.712,38.935,26.26,286.0,254,False,95.907,"[None, 2048, 2048, 2048, 2048, 2048, 2048]","[2048, 2048, 2048, 2048, 2048, 2048, 2048, 2048, 2048, 2048]","[2048, 2048, 2048, 2048, 2048, 2048, 2048, 2049, 2049, 2051]",299
1289,11316,31,8,2026-07-03T11:45:31.188000+00:00,80.309,50.211,32.772,180.0,237,True,163.292,"[None, 2064, 2048, 2048, 2048, 2048, 2048]","[2048, 2048, 2048, 2048, 2048, 2048, 2048, 2048, 2048, 2048]","[2048, 2048, 2048, 2048, 2048, 2048, 2048, 2048, 2048, 2048]",260
1289,11316,63,8,2026-07-03T11:45:34.766000+00:00,59.552,43.256,27.235,225.0,242,True,130.043,"[None, 2064, 2048, 2048, 2048, 2048, 2048]","[2048, 2048, 2048, 2048, 2048, 2048, 2048, 2048, 2048, 2048]","[2048, 2048, 2048, 2048, 2048, 2048, 2048, 2048, 2048, 2048]",285
1289,11316,23,8,2026-07-03T11:45:35.422000+00:00,29.477,38.145,26.107,303.0,255,False,93.729,"[None, 2049, 2049, 2049, 2049, 2049, 2049]","[2049, 2048, 2048, 2048, 2048, 2048, 2048, 2048, 2049, 2049]","[2049, 2048, 2048, 2049, 2049, 2049, 2048, 2048, 2048, 2049]",289
1289,11316,10,8,2026-07-03T11:45:41.875000+00:00,29.634,38.089,25.789,299.0,261,False,93.512,"[2048, 2048, 2048, 2048, 2049, 2048, 2048]","[2048, 2048, 2048, 2048, 2049, 2048, 2048, 2048, 2048, 2049]","[2049, 2049, 2049, 2048, 2048, 2048, 2048, 2048, 2048, 2048]",297
1289,11316,27,9,2026-07-03T11:45:49.514000+00:00,29.173,37.345,25.389,296.0,263,False,91.907,"[2048, 2049, 2048, 2049, 2049, 2049, 2049]","[2049, 2048, 2048, 2048, 2048, 2049, 2048, 2049, 2051, 2049]","[2049, 2048, 2048, 2049, 2048, 2048, 2049, 2049, 2049, 2048]",298
1289,11316,16,9,2026-07-03T11:45:52.869000+00:00,41.177,59.356,32.814,189.0,127,False,133.347,"[2048, 2048, 2048, 2048, 2048, 2048, 2048]","[2048, 2048, 2048, 2048, 2048, 2048, 2048, 2048, 2048, 2048]","[2048, 2048, 2048, 2048, 2048, 2048, 2048, 2048, 2048, 2048]",235
1289,11316,1,9,2026-07-03T11:45:55.510000+00:00,28.801,37.318,26.907,306.0,263,False,93.026,"[None, 2049, 2049, 2048, 2048, 2049, 2051]","[2051, 2048, 2048, 2048, 2048, 2048, 2048, 2049, 2049, 2051]","[2048, 2048, 2048, 2049, 2048, 2064, 2064, 2064, 2064, 2064]",298
1289,11316,5,9,2026-07-03T11:45:59.776000+00:00,41.372,62.187,35.693,190.0,166,False,139.252,"[2048, 2048, 2048, 2048, 2048, 2048, 2048]","[2048, 2048, 2048, 2048, 2048, 2048, 2048, 2048, 2048, 2048]","[2048, 2048, 2048, 2048, 2048, 2048, 2048, 2048, 2048, 2049]",159
1289,11316,44,9,2026-07-03T11:46:04.897000+00:00,29.244,41.709,44.089,291.0,149,False,115.042,"[None, 2048, 2048, 2049, 2048, 2048, 2049]","[2049, 2048, 2048, 2049, 2048, 2049, 2048, 2048, 2048, 2048]","[2048, 2048, 2048, 2048, 2048, 2048, 2048, 2048, 2048, 2048]",162
1289,11316,3,7,2026-07-03T11:46:11.057000+00:00,28.952,37.113,26.581,301.0,261,False,92.646,"[None, 2048, 2048, 2048, 2049, 2048, 2049]","[2049, 2048, 2048, 2048, 2048, 2049, 2048, 2048, 2049, 2049]","[2048, 2048, 2048, 2048, 2048, 2048, 2048, 2048, 2048, 2048]",297
1289,11316,12,9,2026-07-03T11:46:19.172000+00:00,34.345,45.072,31.609,141.0,184,False,111.026,"[None, 2048, 2048, 2048, 2048, 2048, 2048]","[2048, 2048, 2048, 2048, 2048, 2048, 2048, 2048, 2048, 2048]","[2048, 2048, 2048, 2048, 2048, 2048, 2048, 2048, 2048, 2048]",223
1289,11316,77,9,2026-07-03T11:46:23.797000+00:00,30.288,39.597,26.919,287.0,254,False,96.804,"[None, 2048, 2048, 2048, 2049, 2048, 2048]","[2048, 2048, 2049, 2048, 2048, 2048, 2048, 2048, 2048, 2048]","[2048, 2048, 2048, 2048, 2048, 2048, 2048, 2049, 2048, 2049]",290
1289,11316,43,9,2026-07-03T11:46:23.953000+00:00,71.254,48.505,32.434,199.0,198,True,152.193,"[None, 2064, 2048, 2048, 2048, 2048, 2048]","[2048, 2048, 2048, 2048, 2048, 2048, 2048, 2048, 2048, 2048]","[2048, 2048, 2048, 2048, 2048, 2064, 2064, 2064, 2064, 2064]",199
1289,11316,14,9,2026-07-03T11:46:36.694000+00:00,29.816,38.513,26.551,285.0,257,False,94.88,"[2049, 2048, 2049, 2049, 2048, 2049, 2049]","[2049, 2048, 2048, 2049, 2049, 2048, 2048, 2048, 2049, 2048]","[2048, 2048, 2048, 2048, 2048, 2048, 2049, 2048, 2048]",285
1289,11316,87,9,2026-07-03T11:46:52.798000+00:00,36.337,41.484,27.863,274.0,245,False,105.684,"[None, 2048, 2048, 2048, 2048, 2048, 2048]","[2048, 2048, 2048, 2048, 2048, 2048, 2048, 2048, 2048, 2048]","[2048, 2048, 2048, 2048, 2048, 2064, 2064, 2064, 2064, 2064]",279
1289,11316,11,9,2026-07-03T11:47:00.580000+00:00,30.062,38.996,26.483,288.0,256,False,95.541,"[None, 2048, 2049, 2048, 2049, 2048, 2048]","[2048, 2048, 2048, 2048, 2048, 2048, 2048, 2048, 2048, 2048]","[2048, 2048, 2048, 2048, 2048, 2048, 2048, 2048, 2048, 2048]",292
1289,11316,23,9,2026-07-03T11:47:09.020000+00:00,43.854,50.109,28.801,220.0,217,False,122.764,"[2048, 2048, 2048, 2048, 2048, 2048, 2048]","[2048, 2048, 2048, 2048, 2048, 2048, 2048, 2048, 2048, 2048]","[2048, 2048, 2048, 2048, 2048, 2048, 2048, 2049, 2048, 2048]",274
1289,11316,10,9,2026-07-03T11:47:15.294000+00:00,44.715,57.864,31.336,136.0,175,False,133.915,"[None, 2048, 2048, 2048, 2048, 2048, 2048]","[2048, 2048, 2048, 2048, 2048, 2048, 2048, 2048, 2048, 2048]","[2048, 2048, 2048, 2048, 2048, 2048, 2048, 2048, 2048, 2048]",220
1289,11316,63,9,2026-07-03T11:47:19.153000+00:00,28.834,36.748,25.404,294.0,262,False,90.986,"[2049, 2049, 2049, 2049, 2048, 2049, 2049]","[2048, 2051, 2048, 2048, 2048, 2048, 2048, 2048, 2049, 2051]","[2049, 2049, 2049, 2049, 2048, 2048, 2048, 2049, 2051]",293
1289,11316,27,10,2026-07-03T11:47:21.497000+00:00,36.3,47.703,29.701,178.0,219,False,113.704,"[None, 2048, 2048, 2048, 2048, 2048, 2048]","[2048, 2048, 2048, 2048, 2048, 2048, 2048, 2048, 2048, 2048]","[2048, 2048, 2048, 2048, 2048, 2064, 2064, 2064, 2064, 2064]",238
1289,11316,55,9,2026-07-03T11:47:25.138000+00:00,29.484,37.792,25.926,303.0,256,False,93.202,"[None, 2048, 2049, 2048, 2049, 2049, 2049]","[2048, 2049, 2048, 2049, 2049, 2048, 2049, 2049, 2049, 2049]","[2048, 2048, 2048, 2049, 2049, 2048, 2049, 2048, 2049, 2048]",291
1289,11316,31,9,2026-07-03T11:47:31.356000+00:00,29.591,37.764,25.851,289.0,264,False,93.206,"[2048, 2048, 2048, 2048, 2048, 2049, 2049]","[2049, 2049, 2048, 2048, 2049, 2048, 2048, 2048, 2048, 2049]","[2048, 2048, 2048, 2049, 2048, 2048, 2049, 2048, 2049, 2049]",303
1289,11316,3,8,2026-07-03T11:47:43.684000+00:00,31.751,41.769,26.347,259.0,242,False,99.867,"[None, 2048, 2048, 2048, 2048, 2048, 2048]","[2048, 2048, 2048, 2048, 2048, 2048, 2048, 2048, 2048, 2048]","[2048, 2048, 2048, 2048, 2048, 2064, 2064, 2064, 2064, 2064]",286
1289,11316,41,10,2026-07-03T11:47:53.994000+00:00,29.029,37.372,25.762,301.0,261,False,92.163,"[2049, 2049, 2049, 2048, 2048, 2049, 2049]","[2048, 2049, 2048, 2048, 2049, 2048, 2048, 2048, 2049, 2049]","[2049, 2048, 2048, 2049, 2048, 2048, 2049, 2049, 2049]",297
1289,11316,44,10,2026-07-03T11:48:00.025000+00:00,29.238,37.076,35.649,286.0,248,False,101.963,"[2048, 2048, 2048, 2048, 2049, 2049, 2048]","[2048, 2049, 2048, 2049, 2051, 2049, 2048, 2048, 2048, 2048]","[2048, 2048, 2048, 2048, 2048, 2048, 2048, 2048, 2048, 2048]",285
1289,11316,77,10,2026-07-03T11:48:00.478000+00:00,,39.255,26.647,288.0,255,False,96.19,"[None, 2048, 2048, 2048, 2049, 2048, 2048]","[2048, 2048, 2048, 2048, 2048, 2048, 2049, 2048, 2048, 2048]","[2048, 2048, 2048, 2048, 2048, 2048, 2048, 2048, 2048, 2048]",292
1289,11316,16,10,2026-07-03T11:48:06.322000+00:00,30.64,43.006,28.639,292.0,202,False,102.285,"[None, 2048, 2049, 2048, 2048, 2048, 2048]","[2048, 2048, 2048, 2048, 2048, 2048, 2048, 2048, 2048, 2048]","[2048, 2048, 2048, 2048, 2048, 2048, 2048, 2048, 2048, 2048]",246
1289,11316,12,10,2026-07-03T11:48:10.259000+00:00,33.393,44.286,29.243,240.0,215,False,106.922,"[None, 2048, 2049, 2048, 2048, 2048, 2048]","[2048, 2048, 2048, 2048, 2048, 2048, 2048, 2048, 2048, 2048]","[2048, 2048, 2048, 2048, 2048, 2048, 2048, 2048, 2048, 2048]",251
1289,11316,14,10,2026-07-03T11:48:11.556000+00:00,34.354,43.194,31.631,239.0,227,False,109.179,"[2048, 2048, 2048, 2048, 2048, 2048, 2048]","[2048, 2048, 2048, 2048, 2048, 2048, 2048, 2048, 2048, 2048]","[2048, 2048, 2048, 2048, 2048, 2064, 2064, 2064, 2064, 2064]",233
1289,11316,5,10,2026-07-03T11:48:19.213000+00:00,29.324,37.026,25.463,291.0,260,False,91.813,"[None, 2048, 2049, 2048, 2049, 2048, 2048]","[2049, 2049, 2048, 2049, 2049, 2049, 2048, 2048, 2051, 2048]","[2048, 2048, 2048, 2049, 2048, 2048, 2048, 2049, 2049, 2048]",293
1289,11316,11,10,2026-07-03T11:48:36.097000+00:00,31.451,39.117,26.472,281.0,253,False,97.04,"[None, 2049, 2049, 2048, 2048, 2048, 2048]","[2048, 2048, 2048, 2048, 2048, 2048, 2048, 2048, 2048, 2048]","[2048, 2048, 2048, 2048, 2048, 2048, 2048, 2048, 2048, 2048]",293
1289,11316,63,10,2026-07-03T11:48:50.072000+00:00,34.023,45.318,32.891,239.0,158,False,112.232,"[2048, 2048, 2048, 2048, 2048, 2048, 2048]","[2048, 2048, 2048, 2048, 2048, 2048, 2048, 2048, 2048, 2048]","[2048, 2048, 2048, 2048, 2048, 2064, 2064, 2064, 2064, 2064]",263
1289,11316,55,10,2026-07-03T11:48:58.201000+00:00,40.499,48.544,27.964,192.0,219,False,117.007,"[None, 2048, 2048, 2048, 2048, 2048, 2048]","[2048, 2048, 2048, 2048, 2048, 2048, 2048, 2048, 2048, 2048]","[2048, 2048, 2048, 2048, 2048, 2048, 2048, 2048, 2048, 2048]",279
1289,11316,31,10,2026-07-03T11:49:04.683000+00:00,39.676,48.157,27.07,196.0,229,False,114.903,"[None, 2048, 2048, 2048, 2048, 2048, 2048]","[2048, 2048, 2048, 2048, 2048, 2048, 2048, 2048, 2048, 2048]","[2048, 2048, 2048, 2048, 2048, 2064, 2064, 2064, 2064, 2064]",280
1289,11316,23,10,2026-07-03T11:49:11.797000+00:00,29.56,37.809,26.258,305.0,248,False,93.627,"[None, 2049, 2049, 2048, 2048, 2049, 2049]","[2049, 2048, 2049, 2048, 2049, 2049, 2049, 2049, 2049, 2048]","[2048, 2048, 2048, 2049, 2048, 2049, 2049, 2048, 2048]",287
1289,11316,41,11,2026-07-03T11:49:25.975000+00:00,35.371,39.109,25.315,273.0,261,False,99.795,"[2048, 2048, 2048, 2048, 2048, 2048, 2048]","[2048, 2048, 2048, 2048, 2048, 2048, 2048, 2048, 2048, 2048]","[2049, 2049, 2049, 2048, 2048, 2064, 2064, 2064, 2064, 2064]",298
1289,11316,10,10,2026-07-03T11:49:29.287000+00:00,29.379,37.803,25.837,294.0,255,False,93.019,"[2049, 2049, 2048, 2048, 2048, 2048, 2048]","[2048, 2048, 2048, 2048, 2048, 2049, 2049, 2049, 2049, 2048]","[2048, 2048, 2048, 2049, 2049, 2048, 2048, 2048, 2048, 2048]",297
1289,11316,77,11,2026-07-03T11:49:36.725000+00:00,30.169,39.111,26.689,300.0,252,False,95.969,"[2048, 2048, 2048, 2048, 2048, 2048, 2049]","[2048, 2048, 2048, 2048, 2048, 2049, 2049, 2048, 2048, 2048]","[2048, 2048, 2048, 2048, 2048, 2048, 2048, 2048, 2048, 2048]",294
1289,11316,44,11,2026-07-03T11:49:41.921000+00:00,48.137,69.701,33.857,182.0,135,False,151.695,"[None, 2048, 2048, 2048, 2048, 2048, 2048]","[2048, 2048, 2048, 2048, 2048, 2048, 2048, 2048, 2048, 2048]","[2048, 2048, 2048, 2048, 2048, 2048, 2048, 2048, 2048, 2048]",186
1289,11316,16,11,2026-07-03T11:49:48.584000+00:00,29.378,36.899,25.074,290.0,264,False,91.351,"[None, 2048, 2048, 2048, 2048, 2048, 2048]","[2049, 2049, 2048, 2049, 2048, 2048, 2048, 2048, 2049, 2048]","[2049, 2049, 2048, 2048, 2049, 2049, 2049, 2048, 2049, 2049]",306
1289,11316,5,11,2026-07-03T11:49:51.006000+00:00,38.774,40.47,26.279,287.0,260,False,105.523,"[None, 2048, 2048, 2048, 2048, 2048, 2048]","[2048, 2048, 2048, 2048, 2048, 2048, 2048, 2048, 2048, 2048]","[2048, 2048, 2048, 2048, 2048, 2064, 2064, 2064, 2064, 2064]",285
1289,11316,12,11,2026-07-03T11:49:57.069000+00:00,28.826,36.766,25.185,298.0,262,False,90.777,"[None, 2048, 2048, 2049, 2048, 2048, 2049]","[2049, 2049, 2048, 2048, 2048, 2048, 2048, 2048, 2049, 2049]","[2049, 2049, 2049, 2049, 2049, 2049, 2048, 2048, 2049, 2049]",296
1289,11316,11,11,2026-07-03T11:50:13.084000+00:00,30.282,38.619,26.361,287.0,255,False,95.262,"[None, 2048, 2048, 2048, 2048, 2048, 2048]","[2048, 2048, 2048, 2048, 2048, 2048, 2048, 2048, 2048, 2048]","[2048, 2048, 2048, 2048, 2048, 2048, 2048, 2048, 2048, 2048]",297
1289,11316,18,7,2026-07-03T11:50:22.397000+00:00,,42.548,29.525,249.0,231,True,547.266,"[None, 2064, 2048, 2048, 2048, 2048, 2048]","[2048, 2048, 2048, 2048, 2048, 2048, 2048, 2048, 2048, 2048]","[2048, 2048, 2048, 2048, 2048, 2048, 2048, 2048, 2048, 2048]",263
1289,11316,23,11,2026-07-03T11:50:45.381000+00:00,39.541,49.266,30.552,149.0,178,False,119.359,"[None, 2048, 2048, 2048, 2048, 2048, 2048]","[2048, 2048, 2048, 2048, 2048, 2048, 2048, 2048, 2048, 2048]","[2048, 2048, 2048, 2048, 2048, 2064, 2064, 2064, 2064, 2064]",259
1289,11316,55,11,2026-07-03T11:50:55.318000+00:00,30.29,48.336,28.472,230.0,213,False,107.098,"[None, 2048, 2048, 2048, 2048, 2049, 2048]","[2048, 2048, 2048, 2048, 2048, 2048, 2048, 2048, 2048, 2048]","[2048, 2048, 2048, 2048, 2048, 2048, 2048, 2048, 2048, 2048]",273
1289,11316,10,11,2026-07-03T11:51:02.209000+00:00,34.097,50.239,32.057,219.0,198,False,116.393,"[2048, 2048, 2048, 2048, 2048, 2048, 2048]","[2048, 2048, 2048, 2048, 2048, 2048, 2048, 2048, 2048, 2048]","[2048, 2048, 2048, 2048, 2048, 2064, 2064, 2064, 2064, 2064]",199
1289,11316,77,12,2026-07-03T11:51:12.647000+00:00,30.06,39.283,26.394,303.0,255,False,95.737,"[None, 2048, 2048, 2048, 2048, 2049, 2049]","[2048, 2048, 2048, 2048, 2048, 2048, 2049, 2048, 2048, 2048]","[2048, 2048, 2048, 2048, 2048, 2048, 2049, 2048, 2049, 2049]",290
1289,11316,16,12,2026-07-03T11:51:20.022000+00:00,39.495,48.283,28.955,200.0,199,False,116.733,"[None, 2048, 2048, 2048, 2048, 2048, 2048]","[2048, 2048, 2048, 2048, 2048, 2048, 2048, 2048, 2048, 2048]","[2048, 2048, 2048, 2048, 2048, 2064, 2064, 2064, 2064, 2064]",240
1289,11316,12,12,2026-07-03T11:51:27.850000+00:00,35.442,47.057,35.356,238.0,158,False,117.855,"[None, 2048, 2048, 2048, 2048, 2048, 2048]","[2048, 2048, 2048, 2048, 2048, 2048, 2048, 2048, 2048, 2048]","[2048, 2048, 2048, 2048, 2048, 2064, 2064, 2064, 2064, 2064]",116
1289,11316,30,9,2026-07-03T11:51:42.693000+00:00,,39.828,25.624,274.0,261,True,430.454,"[None, 2064, 2048, 2048, 2048, 2048, 2048]","[2048, 2048, 2048, 2048, 2048, 2048, 2048, 2048, 2048, 2048]","[2049, 2049, 2049, 2049, 2048, 2051, 2048, 2048, 2048, 2051]",312
1289,11316,11,12,2026-07-03T11:51:48.343000+00:00,30.387,38.748,26.088,283.0,261,False,95.223,"[2049, 2048, 2048, 2048, 2048, 2048, 2048]","[2048, 2048, 2048, 2048, 2048, 2048, 2049, 2048, 2048, 2048]","[2049, 2051, 2051, 2049, 2048, 2048, 2048, 2048, 2048, 2048]",314
1289,11316,18,8,2026-07-03T11:52:07.992000+00:00,29.944,38.93,26.184,284.0,256,False,95.058,"[2048, 2048, 2048, 2048, 2049, 2048, 2049]","[2049, 2049, 2048, 2048, 2048, 2048, 2048, 2048, 2048, 2049]","[2048, 2048, 2048, 2049, 2048, 2048, 2049, 2049, 2048]",289
1289,11316,44,12,2026-07-03T11:52:13.659000+00:00,29.153,36.981,25.067,288.0,265,False,91.201,"[None, 2048, 2048, 2048, 2048, 2049, 2048]","[2048, 2048, 2048, 2049, 2048, 2049, 2049, 2049, 2048, 2049]","[2048, 2048, 2048, 2048, 2051, 2049, 2048, 2048, 2048, 2049]",307
1289,11316,55,12,2026-07-03T11:52:42.470000+00:00,29.272,37.903,25.802,298.0,256,False,92.977,"[None, 2048, 2049, 2049, 2049, 2049, 2048]","[2049, 2048, 2048, 2048, 2048, 2048, 2048, 2048, 2048, 2048]","[2049, 2049, 2048, 2049, 2049, 2049, 2049, 2049, 2049]",290
1289,11316,77,13,2026-07-03T11:52:48.497000+00:00,30.077,38.942,26.447,286.0,253,False,95.466,"[None, 2049, 2049, 2048, 2048, 2048, 2048]","[2048, 2049, 2048, 2048, 2048, 2049, 2049, 2048, 2049, 2048]","[2048, 2048, 2048, 2048, 2048, 2048, 2048, 2048, 2049, 2049]",295
1289,11316,23,12,2026-07-03T11:53:11.059000+00:00,63.335,48.096,31.243,136.0,224,True,142.674,"[None, 2064, 2048, 2048, 2048, 2048, 2048]","[2048, 2048, 2048, 2048, 2048, 2048, 2048, 2048, 2048, 2048]","[2048, 2048, 2048, 2048, 2048, 2048, 2048, 2048, 2048, 2048]",214
1289,11316,30,10,2026-07-03T11:53:19.121000+00:00,30.243,38.772,25.932,284.0,257,False,94.947,"[2048, 2048, 2048, 2048, 2048, 2048, 2048]","[2048, 2048, 2048, 2048, 2048, 2048, 2048, 2048, 2048, 2048]","[2048, 2048, 2048, 2048, 2048, 2048, 2048, 2048, 2049, 2051]",293
1289,11316,11,13,2026-07-03T11:53:23.637000+00:00,30.319,38.822,26.341,284.0,257,False,95.482,"[2048, 2048, 2048, 2048, 2048, 2048, 2048]","[2048, 2048, 2048, 2048, 2048, 2048, 2048, 2048, 2048, 2048]","[2048, 2048, 2048, 2048, 2048, 2048, 2048, 2048, 2048, 2048]",296
1289,11316,18,9,2026-07-03T11:53:42.884000+00:00,42.015,48.861,32.632,200.0,225,False,123.508,"[None, 2048, 2048, 2048, 2048, 2048, 2048]","[2048, 2048, 2048, 2048, 2048, 2048, 2048, 2048, 2048, 2048]","[2048, 2048, 2048, 2048, 2048, 2048, 2048, 2048, 2048, 2048]",241
1289,11316,44,13,2026-07-03T11:53:44.775000+00:00,33.596,55.223,29.163,234.0,199,False,117.982,"[None, 2048, 2048, 2048, 2048, 2048, 2048]","[2048, 2048, 2048, 2048, 2048, 2048, 2048, 2048, 2048, 2048]","[2048, 2048, 2048, 2048, 2048, 2064, 2064, 2064, 2064, 2064]",278
1289,11316,87,10,2026-07-03T11:53:46.618000+00:00,,39.466,26.629,271.0,259,True,405.341,"[None, 2064, 2048, 2048, 2048, 2048, 2048]","[2048, 2048, 2048, 2048, 2048, 2048, 2048, 2048, 2048, 2048]","[2048, 2048, 2048, 2048, 2048, 2048, 2048, 2048, 2048, 2049]",292
1289,11316,41,12,2026-07-03T11:53:51.728000+00:00,,39.395,26.006,279.0,259,True,262.396,"[None, 2064, 2048, 2048, 2048, 2048, 2048]","[2048, 2048, 2048, 2048, 2048, 2048, 2048, 2048, 2048, 2048]","[2048, 2048, 2048, 2048, 2048, 2048, 2048, 2048, 2049, 2051]",297
1289,11316,55,13,2026-07-03T11:54:15.274000+00:00,36.241,43.929,26.823,236.0,233,False,106.993,"[None, 2048, 2048, 2048, 2048, 2048, 2048]","[2048, 2048, 2048, 2048, 2048, 2048, 2048, 2048, 2048, 2048]","[2048, 2048, 2048, 2048, 2048, 2064, 2064, 2064, 2064, 2064]",277
1289,11316,77,14,2026-07-03T11:54:23.852000+00:00,33.741,46.527,31.77,239.0,203,False,112.038,"[None, 2048, 2048, 2048, 2048, 2048, 2048]","[2048, 2048, 2048, 2048, 2048, 2048, 2048, 2048, 2048, 2048]","[2048, 2048, 2048, 2048, 2048, 2064, 2064, 2064, 2064, 2064]",239
1289,11316,6,8,2026-07-03T11:54:36.536000+00:00,,39.341,25.95,289.0,258,True,658.956,"[None, 2064, 2048, 2048, 2048, 2048, 2048]","[2048, 2048, 2048, 2048, 2048, 2048, 2048, 2048, 2048, 2048]","[2048, 2048, 2048, 2048, 2048, 2048, 2048, 2048, 2048, 2049]",301
1289,11316,30,11,2026-07-03T11:54:53.958000+00:00,29.746,38.531,25.872,288.0,258,False,94.149,"[None, 2048, 2048, 2048, 2049, 2048, 2048]","[2048, 2048, 2048, 2048, 2048, 2048, 2048, 2048, 2048, 2048]","[2048, 2048, 2048, 2048, 2048, 2048, 2048, 2048, 2048, 2048]",298
1289,11316,11,14,2026-07-03T11:54:59.146000+00:00,30.211,38.648,26.366,287.0,257,False,95.225,"[None, 2048, 2048, 2048, 2048, 2048, 2048]","[2049, 2048, 2048, 2048, 2048, 2048, 2049, 2048, 2049, 2048]","[2048, 2048, 2048, 2048, 2048, 2048, 2048, 2048, 2048, 2048]",295
1289,11316,23,13,2026-07-03T11:55:07.552000+00:00,29.269,37.875,26.019,303.0,252,False,93.163,"[2049, 2049, 2049, 2048, 2049, 2049, 2048]","[2049, 2048, 2048, 2049, 2048, 2048, 2048, 2048, 2049, 2048]","[2048, 2048, 2048, 2049, 2049, 2049, 2048, 2048, 2049]",288
1289,11316,63,11,2026-07-03T11:55:07.724000+00:00,,38.996,26.028,307.0,260,True,361.321,"[None, 2064, 2048, 2048, 2048, 2048, 2049]","[2048, 2048, 2048, 2048, 2048, 2048, 2048, 2048, 2048, 2048]","[2049, 2049, 2049, 2048, 2048, 2048, 2048, 2048, 2048, 2049]",300
1289,11316,87,11,2026-07-03T11:55:23.815000+00:00,30.244,38.318,26.271,284.0,257,False,94.833,"[2048, 2048, 2048, 2048, 2048, 2048, 2048]","[2048, 2048, 2048, 2048, 2048, 2048, 2048, 2048, 2048, 2048]","[2048, 2048, 2048, 2048, 2048, 2048, 2048, 2048, 2049, 2049]",291
1289,11316,41,13,2026-07-03T11:55:28.393000+00:00,30.115,38.833,26.215,290.0,258,False,95.163,"[2048, 2048, 2048, 2048, 2048, 2048, 2048]","[2048, 2048, 2048, 2048, 2048, 2048, 2048, 2048, 2048, 2048]","[2048, 2048, 2048, 2048, 2048, 2048, 2048, 2048, 2048, 2048]",298
1289,11316,81,9,2026-07-03T11:55:38.190000+00:00,,45.854,28.669,112.0,240,True,667.31,"[None, 2064, 2048, 2048, 2048, 2048, 2048]","[2048, 2048, 2048, 2048, 2048, 2048, 2048, 2048, 2048, 2048]","[2048, 2048, 2048, 2048, 2048, 2048, 2048, 2048, 2048, 2049]",259
1289,11316,18,10,2026-07-03T11:55:46.596000+00:00,29.841,38.723,26.225,287.0,257,False,94.789,"[None, 2048, 2049, 2048, 2049, 2048, 2049]","[2049, 2049, 2048, 2049, 2048, 2049, 2048, 2048, 2048, 2049]","[2048, 2048, 2048, 2049, 2048, 2048, 2048, 2048, 2048, 2048]",290
1289,11316,1,10,2026-07-03T11:55:51.174000+00:00,,42.544,31.235,246.0,240,True,607.665,"[None, 2064, 2048, 2048, 2048, 2048, 2048]","[2048, 2048, 2048, 2048, 2048, 2048, 2048, 2048, 2048, 2048]","[2048, 2048, 2048, 2048, 2048, 2048, 2048, 2048, 2048, 2049]",255
1289,11316,3,9,2026-07-03T11:56:05.205000+00:00,,38.335,26.666,290.0,259,True,496.641,"[None, 2064, 2048, 2048, 2048, 2048, 2048]","[2048, 2048, 2048, 2048, 2048, 2048, 2048, 2048, 2048, 2048]","[2048, 2049, 2049, 2048, 2048, 2048, 2048, 2048, 2049, 2049]",300
1289,11316,6,9,2026-07-03T11:56:11.583000+00:00,29.98,38.362,25.892,290.0,258,False,94.234,"[2048, 2048, 2048, 2048, 2048, 2048, 2048]","[2048, 2048, 2048, 2048, 2048, 2048, 2048, 2048, 2048, 2048]","[2048, 2048, 2048, 2048, 2048, 2048, 2048, 2048, 2048, 2049]",300
1289,11316,55,14,2026-07-03T11:56:26.799000+00:00,59.18,41.477,28.353,236.0,226,True,129.01,"[None, 2064, 2048, 2048, 2048, 2048, 2048]","[2048, 2048, 2048, 2048, 2048, 2048, 2048, 2048, 2048, 2048]","[2048, 2048, 2048, 2048, 2048, 2048, 2048, 2049, 2048, 2048]",247
1289,11316,30,12,2026-07-03T11:56:28.096000+00:00,29.899,38.407,25.899,,258,False,94.205,"[2049, 2048, 2048, 2048, 2048, 2048, 2048]","[2048, 2048, 2048, 2048, 2048, 2048, 2048, 2048, 2048, 2048]","[2048, 2048, 2048, 2048, 2048, 2048, 2048, 2048, 2048, 2048]",297
1289,11316,11,15,2026-07-03T11:56:34.330000+00:00,30.811,43.196,31.65,285.0,211,False,105.657,"[None, 2048, 2048, 2048, 2048, 2048, 2048]","[2048, 2048, 2048, 2048, 2048, 2048, 2048, 2048, 2048, 2048]","[2048, 2048, 2048, 2048, 2048, 2064, 2064, 2064, 2064, 2064]",252
1289,11316,23,14,2026-07-03T11:56:40.533000+00:00,43.516,55.037,28.923,178.0,232,False,127.476,"[2048, 2048, 2048, 2048, 2048, 2048, 2048]","[2048, 2048, 2048, 2048, 2048, 2048, 2048, 2048, 2048, 2048]","[2048, 2048, 2048, 2048, 2048, 2048, 2048, 2049, 2048, 2048]",281
1289,11316,63,12,2026-07-03T11:56:43.705000+00:00,29.582,37.77,25.912,298.0,258,False,93.264,"[2048, 2048, 2048, 2048, 2048, 2048, 2048]","[2049, 2048, 2048, 2048, 2048, 2048, 2048, 2048, 2048, 2048]","[2048, 2048, 2048, 2048, 2048, 2048, 2048, 2048, 2048, 2049]",294
1289,11316,87,12,2026-07-03T11:56:58.665000+00:00,30.06,38.344,26.312,283.0,258,False,94.716,"[None, 2048, 2048, 2048, 2049, 2048, 2048]","[2048, 2048, 2048, 2048, 2048, 2048, 2048, 2048, 2048, 2048]","[2048, 2048, 2048, 2048, 2048, 2048, 2048, 2048, 2048, 2049]",292
1289,11316,27,11,2026-07-03T11:56:59.180000+00:00,,47.835,35.815,195.0,241,True,581.24,"[2064, 2064, 2048, 2048, 2048, 2048, 2048]","[2048, 2048, 2048, 2048, 2048, 2048, 2048, 2048, 2048, 2048]","[2048, 2048, 2048, 2048, 2048, 2048, 2048, 2048, 2048, 2048]",268
1289,11316,41,14,2026-07-03T11:57:03.557000+00:00,30.06,38.618,26.071,,259,False,94.749,"[None, 2048, 2048, 2048, 2048, 2048, 2048]","[2048, 2048, 2048, 2048, 2048, 2048, 2048, 2048, 2048, 2048]","[2048, 2048, 2048, 2048, 2048, 2048, 2048, 2048, 2048, 2048]",298
1289,11316,18,11,2026-07-03T11:57:21.283000+00:00,42.726,56.474,29.641,160.0,224,False,128.841,"[None, 2048, 2048, 2048, 2048, 2048, 2048]","[2048, 2048, 2048, 2048, 2048, 2048, 2048, 2048, 2048, 2048]","[2048, 2048, 2048, 2048, 2048, 2064, 2064, 2064, 2064, 2064]",252
1289,11316,81,10,2026-07-03T11:57:28.602000+00:00,29.092,36.917,25.427,305.0,263,False,91.436,"[2048, 2048, 2049, 2048, 2049, 2048, 2048]","[2048, 2049, 2048, 2048, 2048, 2049, 2048, 2048, 2048, 2049]","[2048, 2048, 2048, 2048, 2048, 2048, 2048, 2048, 2048, 2048]",298
1289,11316,1,11,2026-07-03T11:57:36.274000+00:00,28.886,36.989,25.7,306.0,264,False,91.575,"[2048, 2048, 2048, 2049, 2048, 2048, 2048]","[2048, 2049, 2048, 2049, 2048, 2048, 2048, 2048, 2048, 2049]","[2048, 2048, 2048, 2049, 2049, 2049, 2049, 2048, 2048, 2048]",300
1289,11316,12,13,2026-07-03T11:57:36.524000+00:00,,43.166,26.043,149.0,255,True,352.257,"[None, 2064, 2048, 2048, 2048, 2048, 2048]","[2048, 2048, 2048, 2048, 2048, 2048, 2048, 2048, 2048, 2048]","[2048, 2048, 2048, 2048, 2048, 2048, 2048, 2048, 2051, 2049]",294
1289,11316,3,10,2026-07-03T11:57:40.196000+00:00,29.762,37.812,25.465,300.0,262,False,93.039,"[2048, 2048, 2048, 2048, 2048, 2048, 2048]","[2049, 2048, 2048, 2048, 2048, 2048, 2048, 2048, 2048, 2048]","[2049, 2049, 2049, 2049, 2048, 2048, 2048, 2048, 2049, 2049]",305
1289,11316,6,10,2026-07-03T11:57:45.789000+00:00,29.874,38.102,25.732,289.0,261,False,93.708,"[None, 2048, 2048, 2048, 2048, 2048, 2048]","[2048, 2048, 2048, 2048, 2048, 2048, 2048, 2048, 2048, 2048]","[2049, 2049, 2049, 2049, 2048, 2048, 2048, 2048, 2048, 2048]",308
1289,11316,16,13,2026-07-03T11:57:51.211000+00:00,,41.576,28.355,269.0,238,True,374.838,"[None, 2064, 2048, 2048, 2048, 2048, 2048]","[2048, 2048, 2048, 2048, 2048, 2048, 2048, 2048, 2048, 2048]","[2048, 2048, 2048, 2048, 2048, 2048, 2048, 2048, 2048, 2048]",257
1289,11316,30,13,2026-07-03T11:58:02.369000+00:00,29.811,38.504,25.817,,255,False,94.132,"[None, 2048, 2048, 2048, 2048, 2048, 2048]","[2048, 2048, 2048, 2048, 2048, 2048, 2048, 2048, 2048, 2048]","[2048, 2048, 2051, 2051, 2048, 2048, 2048, 2048, 2048, 2048]",325
1289,11316,55,15,2026-07-03T11:58:11.486000+00:00,29.371,37.772,25.99,303.0,257,False,93.133,"[2048, 2049, 2048, 2048, 2048, 2048, 2049]","[2048, 2049, 2048, 2048, 2048, 2049, 2049, 2048, 2048, 2048]","[2048, 2049, 2049, 2049, 2048, 2048, 2048, 2048, 2048, 2048]",294
1289,11316,63,13,2026-07-03T11:58:16.986000+00:00,29.682,37.612,25.79,300.0,259,False,93.084,"[None, 2048, 2048, 2048, 2048, 2048, 2048]","[2049, 2048, 2048, 2048, 2048, 2048, 2048, 2048, 2048, 2048]","[2048, 2048, 2048, 2048, 2048, 2048, 2048, 2048, 2048, 2051]",300
1289,11316,87,13,2026-07-03T11:58:33.476000+00:00,30.02,38.09,26.204,285.0,259,False,94.314,"[None, 2048, 2048, 2048, 2048, 2048, 2048]","[2048, 2048, 2048, 2048, 2048, 2048, 2048, 2048, 2048, 2048]","[2048, 2048, 2048, 2048, 2048, 2048, 2048, 2048, 2048, 2049]",297
1289,11316,41,15,2026-07-03T11:58:38.342000+00:00,30.172,38.736,26.135,287.0,259,False,95.043,"[None, 2048, 2048, 2048, 2048, 2048, 2048]","[2048, 2048, 2048, 2048, 2048, 2048, 2048, 2048, 2048, 2048]","[2048, 2048, 2048, 2048, 2048, 2049, 2048, 2048, 2048, 2048]",298
1289,11316,23,15,2026-07-03T11:58:48.077000+00:00,29.317,37.703,26.05,297.0,254,False,93.07,"[None, 2049, 2049, 2048, 2048, 2049, 2048]","[2048, 2049, 2049, 2048, 2048, 2048, 2048, 2048, 2049, 2048]","[2048, 2048, 2049, 2048, 2049, 2048, 2048, 2048, 2048]",291
1289,11316,5,12,2026-07-03T11:58:51.217000+00:00,,49.207,28.223,167.0,211,True,550.34,"[None, 2064, 2048, 2048, 2048, 2048, 2048]","[2048, 2048, 2048, 2048, 2048, 2048, 2048, 2048, 2048, 2048]","[2048, 2048, 2048, 2048, 2048, 2048, 2048, 2048, 2048, 2049]",265
1289,11316,27,12,2026-07-03T11:58:56.374000+00:00,29.303,37.58,25.531,295.0,261,False,92.414,"[2048, 2049, 2049, 2048, 2048, 2048, 2048]","[2048, 2048, 2048, 2049, 2048, 2048, 2048, 2048, 2048, 2048]","[2048, 2049, 2049, 2048, 2048, 2048, 2048, 2048, 2048, 2048]",299
1289,11316,31,11,2026-07-03T11:58:59.420000+00:00,,39.123,27.248,278.0,257,True,576.96,"[None, 2064, 2048, 2048, 2048, 2048, 2048]","[2048, 2048, 2048, 2048, 2048, 2048, 2048, 2048, 2048, 2048]","[2048, 2048, 2048, 2048, 2048, 2048, 2048, 2048, 2048, 2049]",292
1289,11316,81,11,2026-07-03T11:59:00.014000+00:00,33.781,41.451,25.744,259.0,261,False,100.976,"[None, 2048, 2048, 2048, 2048, 2048, 2048]","[2048, 2048, 2048, 2048, 2048, 2048, 2048, 2048, 2048, 2048]","[2048, 2049, 2049, 2048, 2048, 2048, 2048, 2048, 2048, 2049]",305
1289,11316,1,12,2026-07-03T11:59:07.734000+00:00,33.728,42.001,26.358,217.0,252,False,102.087,"[None, 2048, 2048, 2048, 2048, 2048, 2048]","[2048, 2048, 2048, 2048, 2048, 2048, 2048, 2048, 2048, 2048]","[2048, 2048, 2048, 2048, 2048, 2048, 2048, 2048, 2049, 2049]",294
1289,11316,43,10,2026-07-03T11:59:09.858000+00:00,,40.293,27.247,282.0,258,True,747.264,"[None, 2064, 2048, 2048, 2048, 2048, 2048]","[2048, 2048, 2048, 2048, 2048, 2048, 2048, 2048, 2048, 2048]","[2049, 2049, 2049, 2048, 2048, 2048, 2048, 2048, 2048, 2049]",303
1289,11316,3,11,2026-07-03T11:59:13.217000+00:00,30.043,38.252,25.833,294.0,256,False,94.128,"[None, 2048, 2048, 2048, 2048, 2048, 2048]","[2048, 2048, 2048, 2048, 2048, 2048, 2048, 2048, 2048, 2048]","[2048, 2048, 2048, 2048, 2048, 2048, 2048, 2048, 2048, 2049]",300
1289,11316,12,14,2026-07-03T11:59:18.045000+00:00,29.63,37.992,25.631,302.0,259,False,93.253,"[2048, 2048, 2048, 2048, 2048, 2048, 2048]","[2049, 2048, 2048, 2048, 2048, 2048, 2048, 2048, 2048, 2048]","[2049, 2049, 2049, 2048, 2048, 2048, 2048, 2048, 2048, 2048]",314
1289,11316,14,11,2026-07-03T11:59:18.686000+00:00,,46.796,35.702,271.0,230,True,676.252,"[None, 2064, 2048, 2048, 2048, 2048, 2048]","[2048, 2048, 2048, 2048, 2048, 2048, 2048, 2048, 2048, 2048]","[2048, 2048, 2048, 2048, 2048, 2048, 2048, 2048, 2048, 2048]",196
1289,11316,6,11,2026-07-03T11:59:19.545000+00:00,30.025,38.282,25.858,292.0,257,False,94.165,"[None, 2048, 2048, 2048, 2048, 2048, 2048]","[2048, 2048, 2048, 2048, 2048, 2048, 2048, 2048, 2048, 2048]","[2048, 2049, 2049, 2048, 2048, 2048, 2048, 2048, 2048, 2048]",312
1289,11316,16,14,2026-07-03T11:59:31.499000+00:00,29.059,36.845,25.097,296.0,267,False,91.001,"[2049, 2049, 2048, 2048, 2048, 2049, 2049]","[2049, 2049, 2048, 2048, 2049, 2048, 2049, 2048, 2049, 2048]","[2051, 2051, 2049, 2049, 2048, 2048, 2048, 2048, 2049, 2049]",314
1289,11316,30,14,2026-07-03T11:59:36.514000+00:00,30.111,38.801,25.931,,254,False,94.843,"[2048, 2048, 2048, 2048, 2048, 2048, 2048]","[2048, 2048, 2048, 2048, 2048, 2048, 2048, 2048, 2048, 2048]","[2048, 2048, 2048, 2048, 2048, 2048, 2048, 2048, 2048, 2048]",300
1289,11316,55,16,2026-07-03T11:59:44.524000+00:00,40.179,47.735,27.746,205.0,233,False,115.66,"[None, 2048, 2048, 2048, 2048, 2048, 2048]","[2048, 2048, 2048, 2048, 2048, 2048, 2048, 2048, 2048, 2048]","[2048, 2048, 2048, 2048, 2048, 2048, 2048, 2048, 2048, 2048]",279
1289,11316,63,14,2026-07-03T11:59:50.180000+00:00,29.724,37.797,25.715,297.0,257,False,93.236,"[None, 2048, 2048, 2048, 2048, 2048, 2048]","[2048, 2048, 2048, 2048, 2048, 2048, 2048, 2048, 2048, 2048]","[2048, 2048, 2048, 2048, 2048, 2048, 2048, 2048, 2048, 2048]",298
1289,11316,87,14,2026-07-03T12:00:07.664000+00:00,29.929,38.212,26.356,288.0,255,False,94.497,"[2049, 2048, 2048, 2048, 2048, 2048, 2048]","[2048, 2048, 2048, 2048, 2048, 2048, 2049, 2048, 2048, 2048]","[2048, 2048, 2048, 2048, 2048, 2048, 2048, 2048, 2048, 2048]",295
1289,11316,41,16,2026-07-03T12:00:13.367000+00:00,29.88,38.588,25.995,,257,False,94.463,"[None, 2048, 2048, 2048, 2048, 2048, 2048]","[2048, 2048, 2048, 2048, 2048, 2048, 2048, 2048, 2048, 2048]","[2048, 2049, 2049, 2048, 2048, 2048, 2048, 2048, 2048, 2048]",300
1289,11316,44,14,2026-07-03T12:00:15.070000+00:00,,46.081,28.39,267.0,230,True,379.749,"[None, 2064, 2048, 2048, 2048, 2048, 2048]","[2048, 2048, 2048, 2048, 2048, 2048, 2048, 2048, 2048, 2048]","[2048, 2048, 2048, 2048, 2048, 2048, 2048, 2048, 2048]",279
1289,11316,23,16,2026-07-03T12:00:21.055000+00:00,42.38,68.952,39.644,169.0,200,False,150.976,"[None, 2048, 2048, 2048, 2048, 2048, 2048]","[2048, 2048, 2048, 2048, 2048, 2048, 2048, 2048, 2048, 2048]","[2048, 2048, 2048, 2048, 2048, 2048, 2048, 2048, 2048, 2049]",80
1289,11316,27,13,2026-07-03T12:00:28.789000+00:00,40.981,59.978,34.037,100.0,162,False,134.996,"[None, 2048, 2048, 2048, 2048, 2048, 2048]","[2048, 2048, 2048, 2048, 2048, 2048, 2048, 2048, 2048, 2048]","[2048, 2048, 2048, 2048, 2048, 2048, 2048, 2048, 2048, 2048]",271
1289,11316,31,12,2026-07-03T12:00:36.477000+00:00,30.279,38.297,26.236,283.0,259,False,94.812,"[2048, 2048, 2048, 2048, 2048, 2048, 2048]","[2048, 2048, 2048, 2048, 2048, 2048, 2048, 2048, 2048, 2048]","[2048, 2048, 2048, 2048, 2048, 2048, 2048, 2049, 2049, 2049]",295
1289,11316,81,12,2026-07-03T12:00:41.024000+00:00,29.198,37.625,25.831,304.0,257,False,92.654,"[None, 2048, 2048, 2048, 2048, 2049, 2048]","[2049, 2048, 2048, 2048, 2048, 2048, 2048, 2048, 2049, 2048]","[2048, 2048, 2048, 2048, 2048, 2048, 2048, 2048, 2049, 2051]",299
1289,11316,5,13,2026-07-03T12:00:46.886000+00:00,29.274,37.355,26.978,294.0,259,False,93.607,"[2049, 2048, 2048, 2048, 2048, 2049, 2048]","[2049, 2048, 2048, 2048, 2048, 2048, 2048, 2048, 2048, 2048]","[2048, 2048, 2049, 2049, 2048, 2064, 2064, 2064, 2064, 2064]",299
1289,11316,3,12,2026-07-03T12:00:47.386000+00:00,29.581,38.27,25.782,307.0,256,False,93.633,"[None, 2048, 2048, 2048, 2048, 2048, 2049]","[2048, 2048, 2048, 2048, 2048, 2048, 2048, 2048, 2048, 2048]","[2048, 2048, 2048, 2048, 2048, 2048, 2048, 2048, 2048, 2048]",304
1289,11316,1,13,2026-07-03T12:00:49.939000+00:00,29.684,37.637,26.699,305.0,259,False,94.02,"[None, 2048, 2048, 2048, 2048, 2048, 2048]","[2048, 2048, 2048, 2048, 2048, 2048, 2048, 2048, 2048, 2048]","[2048, 2048, 2048, 2048, 2048, 2048, 2048, 2048, 2049, 2051]",251
1289,11316,12,15,2026-07-03T12:00:51.439000+00:00,29.377,37.924,28.861,306.0,260,False,96.162,"[None, 2048, 2048, 2048, 2048, 2048, 2048]","[2051, 2048, 2048, 2048, 2048, 2048, 2048, 2048, 2048, 2048]","[2048, 2048, 2048, 2048, 2048, 2048, 2048, 2048, 2051, 2049]",304
1289,11316,43,11,2026-07-03T12:00:52.705000+00:00,29.672,40.711,26.953,308.0,253,False,97.336,"[2048, 2048, 2048, 2048, 2048, 2049, 2049]","[2048, 2048, 2048, 2049, 2048, 2048, 2048, 2048, 2048, 2048]","[2048, 2048, 2048, 2048, 2048, 2048, 2048, 2048, 2049, 2049]",299
1289,11316,6,12,2026-07-03T12:00:53.595000+00:00,30.03,43.171,28.915,297.0,226,False,102.116,"[None, 2048, 2048, 2048, 2048, 2048, 2048]","[2048, 2048, 2048, 2048, 2048, 2048, 2048, 2048, 2048, 2048]","[2048, 2048, 2048, 2048, 2048, 2048, 2048, 2049, 2049, 2049]",271
1289,11316,16,15,2026-07-03T12:01:02.486000+00:00,31.74,40.86,27.989,275.0,246,False,100.589,"[2048, 2048, 2048, 2048, 2048, 2048, 2048]","[2048, 2048, 2048, 2048, 2048, 2048, 2048, 2048, 2048, 2048]","[2048, 2048, 2048, 2048, 2048, 2064, 2064, 2064, 2064, 2064]",279
1289,11316,30,15,2026-07-03T12:01:11.314000+00:00,29.931,38.734,26.106,289.0,256,False,94.771,"[2049, 2048, 2048, 2048, 2048, 2048, 2048]","[2048, 2048, 2048, 2048, 2048, 2048, 2048, 2048, 2048, 2048]","[2048, 2048, 2048, 2048, 2048, 2048, 2048, 2048, 2048, 2048]",300
1289,11316,14,12,2026-07-03T12:01:17.064000+00:00,29.399,37.916,25.889,288.0,259,False,93.204,"[2049, 2049, 2049, 2049, 2049, 2049, 2049]","[2049, 2049, 2049, 2049, 2049, 2049, 2049, 2049, 2049, 2049]","[2048, 2048, 2048, 2049, 2049, 2049, 2049, 2048, 2048]",294
1289,11316,63,15,2026-07-03T12:01:23.330000+00:00,29.575,37.593,25.631,298.0,259,False,92.799,"[None, 2048, 2048, 2048, 2048, 2048, 2048]","[2049, 2048, 2048, 2048, 2048, 2048, 2048, 2048, 2049, 2048]","[2048, 2048, 2048, 2048, 2048, 2048, 2048, 2048, 2048, 2049]",299
1289,11316,55,17,2026-07-03T12:01:40.164000+00:00,29.498,37.842,25.761,302.0,257,False,93.101,"[None, 2048, 2048, 2048, 2048, 2049, 2048]","[2048, 2049, 2048, 2049, 2048, 2048, 2048, 2048, 2048, 2048]","[2049, 2049, 2048, 2048, 2048, 2048, 2049, 2048, 2048, 2048]",292
1289,11316,87,15,2026-07-03T12:01:42.148000+00:00,29.825,38.226,26.147,294.0,261,False,94.198,"[None, 2048, 2048, 2048, 2048, 2048, 2048]","[2049, 2048, 2048, 2048, 2048, 2048, 2048, 2048, 2048, 2048]","[2048, 2048, 2048, 2048, 2048, 2048, 2048, 2048, 2048, 2048]",296
1289,11316,41,17,2026-07-03T12:01:47.758000+00:00,29.982,38.565,26.1,288.0,256,False,94.647,"[2049, 2048, 2048, 2048, 2048, 2048, 2048]","[2048, 2048, 2048, 2048, 2048, 2048, 2048, 2048, 2048, 2048]","[2048, 2048, 2048, 2048, 2048, 2049, 2048, 2048, 2048, 2048]",296
1289,11316,44,15,2026-07-03T12:02:02.492000+00:00,28.99,36.666,24.865,286.0,264,False,90.521,"[2049, 2049, 2049, 2049, 2048, 2049, 2049]","[2048, 2048, 2048, 2049, 2048, 2048, 2049, 2049, 2049, 2048]","[2048, 2048, 2048, 2048, 2048, 2048, 2049, 2049, 2049]",306
1289,11316,31,13,2026-07-03T12:02:11.351000+00:00,30.05,38.162,26.214,,256,False,94.426,"[2049, 2048, 2048, 2048, 2048, 2048, 2048]","[2048, 2048, 2048, 2048, 2048, 2048, 2049, 2048, 2048, 2048]","[2048, 2048, 2048, 2048, 2048, 2048, 2048, 2049, 2049, 2048]",289
1289,11316,81,13,2026-07-03T12:02:13.789000+00:00,29.524,37.481,25.873,303.0,259,False,92.878,"[None, 2048, 2048, 2048, 2048, 2048, 2048]","[2048, 2048, 2048, 2048, 2048, 2048, 2048, 2049, 2048, 2048]","[2048, 2048, 2048, 2048, 2048, 2048, 2048, 2048, 2048, 2048]",302
1289,11316,3,13,2026-07-03T12:02:21.017000+00:00,30.012,37.925,26.195,295.0,250,False,94.132,"[None, 2048, 2048, 2048, 2048, 2048, 2048]","[2048, 2048, 2048, 2048, 2048, 2048, 2049, 2049, 2048, 2048]","[2048, 2048, 2048, 2048, 2048, 2048, 2048, 2048, 2048, 2048]",289
1289,11316,1,14,2026-07-03T12:02:23.986000+00:00,29.051,37.433,25.805,301.0,259,False,92.289,"[2051, 2048, 2048, 2048, 2048, 2048, 2048]","[2048, 2048, 2048, 2048, 2048, 2048, 2048, 2048, 2048, 2048]","[2048, 2048, 2048, 2048, 2048, 2048, 2048, 2048, 2049, 2048]",300
1289,11316,12,16,2026-07-03T12:02:27.439000+00:00,29.553,37.475,25.64,296.0,260,False,92.668,"[None, 2048, 2048, 2048, 2048, 2048, 2048]","[2048, 2048, 2048, 2048, 2048, 2048, 2048, 2048, 2048, 2048]","[2048, 2048, 2048, 2048, 2048, 2048, 2048, 2048, 2048, 2048]",299
1289,11316,43,12,2026-07-03T12:02:30.048000+00:00,29.872,38.111,25.791,296.0,258,False,93.774,"[None, 2048, 2048, 2048, 2048, 2048, 2048]","[2048, 2048, 2048, 2048, 2048, 2048, 2049, 2049, 2048, 2048]","[2048, 2048, 2048, 2049, 2048, 2048, 2049, 2048, 2049, 2049]",297
1289,11316,6,13,2026-07-03T12:02:35.783000+00:00,29.818,38.068,25.606,287.0,257,False,93.492,"[2049, 2048, 2048, 2048, 2048, 2048, 2048]","[2048, 2048, 2048, 2048, 2048, 2048, 2048, 2048, 2048, 2048]","[2048, 2048, 2048, 2048, 2048, 2048, 2048, 2048, 2049, 2049]",299
1289,11316,27,14,2026-07-03T12:02:43.708000+00:00,29.163,37.417,25.363,292.0,259,False,91.943,"[None, 2048, 2049, 2048, 2049, 2048, 2048]","[2048, 2048, 2048, 2048, 2048, 2049, 2048, 2048, 2048, 2048]","[2048, 2048, 2048, 2048, 2048, 2048, 2049, 2048, 2048, 2048]",295
1289,11316,30,16,2026-07-03T12:02:46.083000+00:00,29.857,38.491,26.481,290.0,257,False,94.829,"[2048, 2048, 2048, 2048, 2048, 2048, 2048]","[2048, 2048, 2048, 2048, 2048, 2048, 2048, 2048, 2048, 2048]","[2048, 2048, 2048, 2048, 2048, 2064, 2064, 2064, 2064, 2064]",301
1289,11316,5,14,2026-07-03T12:02:47.629000+00:00,65.936,45.625,29.794,235.0,215,True,141.355,"[None, 2064, 2048, 2048, 2048, 2048, 2048]","[2048, 2048, 2048, 2048, 2048, 2048, 2048, 2048, 2048, 2048]","[2048, 2048, 2048, 2048, 2048, 2048, 2048, 2048, 2048, 2048]",194
1289,11316,14,13,2026-07-03T12:02:50.129000+00:00,42.741,48.765,31.046,236.0,215,False,122.552,"[2048, 2048, 2048, 2048, 2048, 2048, 2048]","[2048, 2048, 2048, 2048, 2048, 2048, 2048, 2048, 2048, 2048]","[2048, 2048, 2048, 2048, 2048, 2064, 2064, 2064, 2064, 2064]",258
1289,11316,23,17,2026-07-03T12:02:52.176000+00:00,29.735,38.147,26.284,296.0,255,False,94.166,"[2049, 2048, 2048, 2048, 2048, 2048, 2048]","[2048, 2048, 2048, 2048, 2048, 2048, 2048, 2048, 2048, 2048]","[2049, 2049, 2049, 2048, 2048, 2048, 2048, 2049, 2049, 2049]",292
1289,11316,63,16,2026-07-03T12:02:56.067000+00:00,29.433,37.397,25.767,,260,False,92.597,"[None, 2048, 2048, 2048, 2048, 2048, 2048]","[2048, 2048, 2048, 2048, 2048, 2048, 2048, 2049, 2048, 2048]","[2049, 2048, 2048, 2048, 2048, 2048, 2048, 2048, 2048, 2048]",299
1289,11316,18,12,2026-07-03T12:02:57.411000+00:00,,45.649,39.797,225.0,229,True,326.878,"[None, 2064, 2048, 2048, 2048, 2048, 2048]","[2048, 2048, 2048, 2048, 2048, 2048, 2048, 2048, 2048, 2048]","[2048, 2048, 2048, 2048, 2048, 2048, 2048, 2048, 2048, 2048]",254
1289,11316,10,12,2026-07-03T12:03:00.379000+00:00,,42.758,32.598,248.0,227,True,708.981,"[None, 2064, 2048, 2048, 2048, 2048, 2048]","[2048, 2048, 2048, 2048, 2048, 2048, 2048, 2048, 2048, 2048]","[2048, 2048, 2048, 2048, 2048, 2048, 2048, 2048, 2048, 2049]",258
1289,11316,55,18,2026-07-03T12:03:13.277000+00:00,44.15,47.034,28.289,227.0,229,False,119.473,"[None, 2048, 2048, 2048, 2048, 2048, 2048]","[2048, 2048, 2048, 2048, 2048, 2048, 2048, 2048, 2048, 2048]","[2048, 2048, 2048, 2048, 2048, 2048, 2048, 2048, 2048]",276
1289,11316,87,16,2026-07-03T12:03:16.389000+00:00,30.75,38.387,26.238,286.0,259,False,95.375,"[2048, 2048, 2048, 2048, 2048, 2048, 2048]","[2048, 2048, 2048, 2048, 2048, 2048, 2048, 2048, 2048, 2048]","[2048, 2048, 2048, 2048, 2048, 2048, 2048, 2048, 2048, 2049]",293
1289,11316,41,18,2026-07-03T12:03:22.498000+00:00,30.183,38.701,26.154,285.0,257,False,95.038,"[2048, 2048, 2048, 2048, 2048, 2048, 2048]","[2048, 2048, 2048, 2048, 2048, 2048, 2048, 2048, 2048, 2048]","[2049, 2049, 2049, 2048, 2048, 2048, 2048, 2048, 2048, 2048]",312
1289,11316,44,16,2026-07-03T12:03:33.001000+00:00,37.844,47.132,27.14,278.0,228,False,112.116,"[2048, 2048, 2048, 2048, 2048, 2048, 2048]","[2048, 2048, 2048, 2048, 2048, 2048, 2048, 2048, 2048, 2048]","[2048, 2048, 2048, 2048, 2048, 2064, 2064, 2064, 2064, 2064]",277
1289,11316,16,16,2026-07-03T12:03:33.251000+00:00,80.95,38.145,26.753,289.0,261,True,145.848,"[None, 2064, 2048, 2048, 2048, 2048, 2048]","[2048, 2048, 2048, 2048, 2048, 2048, 2051, 2051, 2048, 2048]","[2048, 2048, 2048, 2048, 2048, 2048, 2048, 2051, 2049, 2049]",282
1289,11316,31,14,2026-07-03T12:03:45.695000+00:00,30.287,40.068,27.254,284.0,229,False,97.609,"[2048, 2048, 2048, 2048, 2048, 2048, 2048]","[2048, 2048, 2048, 2048, 2048, 2048, 2049, 2048, 2048, 2048]","[2048, 2048, 2048, 2048, 2048, 2048, 2048, 2048, 2048, 2048]",284
1289,11316,81,14,2026-07-03T12:03:46.570000+00:00,29.563,49.47,36.632,311.0,115,False,115.665,"[None, 2048, 2048, 2048, 2048, 2048, 2051]","[2048, 2048, 2048, 2048, 2048, 2048, 2048, 2048, 2048, 2048]","[2048, 2048, 2048, 2048, 2048, 2064, 2064, 2064, 2064, 2064]",161
1289,11316,3,14,2026-07-03T12:03:55.086000+00:00,30.175,38.517,25.737,292.0,255,False,94.429,"[None, 2048, 2048, 2048, 2048, 2048, 2048]","[2048, 2048, 2048, 2048, 2048, 2048, 2048, 2048, 2048, 2048]","[2048, 2048, 2048, 2048, 2048, 2048, 2048, 2048, 2048, 2048]",295
1289,11316,1,15,2026-07-03T12:03:56.195000+00:00,29.614,38.993,25.91,304.0,252,False,94.517,"[2048, 2048, 2048, 2048, 2048, 2048, 2048]","[2048, 2048, 2048, 2048, 2049, 2048, 2048, 2048, 2048, 2048]","[2048, 2048, 2048, 2048, 2048, 2048, 2048, 2048, 2048, 2048]",299
1289,11316,12,17,2026-07-03T12:04:00.101000+00:00,29.483,38.012,25.758,304.0,256,False,93.253,"[None, 2048, 2048, 2048, 2048, 2048, 2048]","[2048, 2048, 2048, 2048, 2048, 2048, 2048, 2048, 2048, 2048]","[2048, 2048, 2048, 2048, 2048, 2048, 2048, 2048, 2048, 2048]",298
1289,11316,43,13,2026-07-03T12:04:03.773000+00:00,29.791,37.949,26.188,294.0,256,False,93.928,"[2049, 2048, 2048, 2048, 2048, 2048, 2048]","[2049, 2049, 2048, 2048, 2048, 2048, 2049, 2049, 2048, 2048]","[2048, 2048, 2048, 2048, 2048, 2048, 2048, 2048, 2048, 2049]",294
1289,11316,6,14,2026-07-03T12:04:09.289000+00:00,29.981,38.239,25.924,,256,False,94.144,"[2048, 2048, 2048, 2048, 2048, 2048, 2048]","[2048, 2048, 2048, 2048, 2048, 2048, 2048, 2048, 2048, 2048]","[2048, 2048, 2048, 2048, 2048, 2048, 2048, 2048, 2048, 2048]",293
1289,11316,27,15,2026-07-03T12:04:15.711000+00:00,35.161,40.251,26.028,258.0,261,False,101.44,"[None, 2048, 2048, 2048, 2048, 2048, 2048]","[2048, 2048, 2048, 2048, 2048, 2048, 2048, 2048, 2048, 2048]","[2048, 2049, 2048, 2048, 2048, 2048, 2048, 2048, 2049, 2049]",297
1289,11316,23,18,2026-07-03T12:04:26.361000+00:00,30.1,38.302,26.395,299.0,255,False,94.797,"[2048, 2048, 2048, 2048, 2048, 2048, 2048]","[2048, 2048, 2048, 2048, 2048, 2048, 2048, 2048, 2048, 2048]","[2048, 2048, 2048, 2048, 2048, 2048, 2048, 2048, 2048, 2048]",289
1289,11316,63,17,2026-07-03T12:04:28.811000+00:00,29.721,37.385,26.028,302.0,259,False,93.134,"[None, 2048, 2048, 2048, 2048, 2048, 2048]","[2049, 2048, 2048, 2048, 2048, 2048, 2048, 2048, 2048, 2048]","[2048, 2048, 2049, 2048, 2048, 2048, 2048, 2048, 2048, 2048]",302
1289,11316,5,15,2026-07-03T12:04:41.807000+00:00,29.465,37.359,25.797,291.0,258,False,92.621,"[2048, 2049, 2048, 2048, 2048, 2048, 2048]","[2048, 2048, 2048, 2048, 2048, 2048, 2048, 2048, 2048, 2048]","[2048, 2048, 2048, 2048, 2048, 2048, 2048, 2048, 2048, 2048]",293
1289,11316,10,13,2026-07-03T12:04:47.651000+00:00,29.556,38.157,30.302,298.0,258,False,98.015,"[2048, 2048, 2048, 2049, 2048, 2048, 2048]","[2048, 2048, 2048, 2048, 2048, 2048, 2048, 2049, 2048, 2048]","[2048, 2049, 2048, 2048, 2048, 2064, 2064, 2064, 2064, 2064]",297
1289,11316,87,17,2026-07-03T12:04:51.760000+00:00,30.078,38.088,26.122,,258,False,94.288,"[None, 2048, 2048, 2048, 2048, 2048, 2048]","[2048, 2048, 2048, 2048, 2048, 2048, 2049, 2048, 2048, 2048]","[2048, 2048, 2048, 2048, 2048, 2048, 2048, 2048, 2048, 2048]",294
1289,11316,18,13,2026-07-03T12:04:57.135000+00:00,29.432,37.994,25.963,289.0,257,False,93.389,"[2048, 2049, 2049, 2049, 2049, 2049, 2048]","[2048, 2049, 2049, 2049, 2049, 2049, 2049, 2049, 2049, 2049]","[2048, 2048, 2048, 2049, 2049, 2048, 2049, 2049, 2048]",294
1289,11316,41,19,2026-07-03T12:04:57.557000+00:00,30.669,43.247,31.601,291.0,204,False,105.517,"[None, 2048, 2048, 2048, 2048, 2048, 2048]","[2048, 2048, 2048, 2048, 2048, 2048, 2048, 2048, 2048, 2048]","[2048, 2048, 2048, 2048, 2048, 2064, 2064, 2064, 2064, 2064]",185
1289,11316,16,17,2026-07-03T12:05:09.089000+00:00,29.425,37.259,25.649,286.0,256,False,92.333,"[2049, 2048, 2048, 2051, 2048, 2048, 2048]","[2048, 2048, 2048, 2048, 2048, 2048, 2048, 2048, 2049, 2048]","[2048, 2048, 2048, 2048, 2048, 2048, 2048, 2048, 2048, 2048]",298
1289,11316,55,19,2026-07-03T12:05:12.807000+00:00,29.757,38.387,26.219,298.0,255,False,94.363,"[2049, 2048, 2048, 2048, 2048, 2048, 2048]","[2048, 2048, 2048, 2048, 2048, 2048, 2048, 2048, 2048, 2048]","[2049, 2049, 2049, 2048, 2048, 2048, 2048, 2048, 2048, 2049]",295
1289,11316,31,15,2026-07-03T12:05:23.335000+00:00,30.037,38.229,26.134,288.0,258,False,94.4,"[2049, 2048, 2048, 2048, 2048, 2048, 2048]","[2049, 2049, 2048, 2048, 2048, 2048, 2048, 2048, 2048, 2048]","[2048, 2048, 2048, 2048, 2048, 2048, 2048, 2048, 2048, 2049]",296
1289,11316,3,15,2026-07-03T12:05:29.585000+00:00,30.3,38.159,26.393,,255,False,94.852,"[None, 2048, 2048, 2048, 2048, 2048, 2048]","[2048, 2048, 2048, 2048, 2048, 2048, 2048, 2048, 2048, 2048]","[2048, 2048, 2048, 2048, 2048, 2048, 2048, 2048, 2048, 2048]",295
1289,11316,1,16,2026-07-03T12:05:30.789000+00:00,29.632,37.981,26.307,302.0,262,False,93.92,"[None, 2048, 2048, 2048, 2048, 2048, 2048]","[2048, 2048, 2048, 2048, 2049, 2048, 2048, 2048, 2048, 2048]","[2049, 2051, 2051, 2048, 2048, 2048, 2048, 2048, 2048, 2048]",306
1289,11316,12,18,2026-07-03T12:05:33.445000+00:00,29.596,37.294,25.728,303.0,261,False,92.618,"[None, 2048, 2048, 2048, 2048, 2048, 2048]","[2048, 2048, 2048, 2048, 2048, 2048, 2048, 2048, 2049, 2048]","[2048, 2048, 2048, 2048, 2048, 2048, 2048, 2048, 2048, 2048]",302
1289,11316,43,14,2026-07-03T12:05:37.757000+00:00,29.66,37.812,25.936,,254,False,93.408,"[None, 2048, 2048, 2049, 2048, 2048, 2048]","[2048, 2048, 2048, 2048, 2049, 2049, 2048, 2048, 2049, 2048]","[2048, 2048, 2048, 2049, 2048, 2048, 2048, 2048, 2048]",296
1289,11316,6,15,2026-07-03T12:05:43.467000+00:00,29.964,38.212,25.76,285.0,257,False,93.936,"[None, 2048, 2048, 2048, 2048, 2048, 2048]","[2048, 2048, 2048, 2048, 2048, 2048, 2048, 2048, 2048, 2048]","[2048, 2048, 2048, 2048, 2048, 2048, 2048, 2048, 2048, 2048]",297
1289,11316,14,14,2026-07-03T12:05:46.601000+00:00,88.163,51.774,33.202,251.0,217,True,173.139,"[None, 2064, 2048, 2048, 2048, 2048, 2048]","[2048, 2048, 2048, 2048, 2048, 2048, 2048, 2048, 2048, 2048]","[2048, 2048, 2048, 2048, 2048, 2048, 2048, 2048, 2048, 2048]",255
1289,11316,44,17,2026-07-03T12:05:55.711000+00:00,59.042,38.423,26.345,279.0,260,True,123.81,"[None, 2064, 2048, 2048, 2048, 2048, 2048]","[2048, 2048, 2048, 2048, 2048, 2048, 2048, 2049, 2048, 2048]","[2048, 2048, 2048, 2048, 2048, 2048, 2048, 2048, 2049, 2049]",294
1289,11316,27,16,2026-07-03T12:05:57.132000+00:00,30.026,38.619,25.913,290.0,260,False,94.558,"[None, 2048, 2048, 2048, 2048, 2048, 2048]","[2048, 2048, 2048, 2048, 2048, 2048, 2048, 2048, 2048, 2048]","[2048, 2048, 2048, 2048, 2048, 2048, 2048, 2048, 2048, 2049]",298
1289,11316,23,19,2026-07-03T12:06:01.132000+00:00,29.885,38.386,26.818,,251,False,95.089,"[None, 2048, 2048, 2048, 2048, 2048, 2048]","[2048, 2049, 2048, 2048, 2048, 2048, 2048, 2048, 2048, 2048]","[2048, 2048, 2048, 2048, 2048, 2048, 2048, 2048, 2048, 2048]",292
1289,11316,63,18,2026-07-03T12:06:01.804000+00:00,29.844,38.056,25.554,306.0,266,False,93.454,"[2049, 2048, 2048, 2048, 2048, 2048, 2048]","[2048, 2048, 2048, 2048, 2048, 2048, 2048, 2048, 2048, 2048]","[2051, 2051, 2051, 2048, 2048, 2048, 2048, 2048, 2048, 2048]",324
1289,11316,5,16,2026-07-03T12:06:14.532000+00:00,36.237,38.492,25.949,297.0,257,False,100.678,"[None, 2048, 2048, 2048, 2048, 2048, 2048]","[2049, 2048, 2048, 2048, 2048, 2048, 2048, 2048, 2048, 2048]","[2048, 2048, 2048, 2048, 2048, 2048, 2048, 2048, 2049, 2049]",292
1289,11316,87,18,2026-07-03T12:06:26.032000+00:00,30.694,38.52,26.093,271.0,260,False,95.307,"[None, 2048, 2048, 2048, 2048, 2048, 2048]","[2048, 2048, 2048, 2048, 2048, 2048, 2048, 2048, 2048, 2048]","[2048, 2049, 2049, 2048, 2048, 2064, 2064, 2064, 2064, 2064]",310
1289,11316,18,14,2026-07-03T12:06:30.282000+00:00,42.169,64.424,43.76,186.0,166,False,150.353,"[None, 2048, 2048, 2048, 2048, 2048, 2048]","[2048, 2048, 2048, 2048, 2048, 2048, 2048, 2048, 2048, 2048]","[2048, 2048, 2048, 2048, 2048, 2048, 2048, 2048, 2048, 2048]",128
1289,11316,16,18,2026-07-03T12:06:41.382000+00:00,29.722,36.954,25.612,285.0,259,False,92.288,"[2048, 2048, 2048, 2048, 2048, 2048, 2048]","[2048, 2048, 2048, 2048, 2048, 2048, 2048, 2048, 2049, 2048]","[2048, 2048, 2048, 2048, 2048, 2048, 2048, 2048, 2048, 2048]",296
1289,11316,55,20,2026-07-03T12:06:47.195000+00:00,29.935,38.159,26.216,296.0,255,False,94.31,"[2048, 2048, 2048, 2048, 2048, 2048, 2048]","[2048, 2048, 2048, 2048, 2048, 2048, 2048, 2048, 2048, 2048]","[2048, 2048, 2048, 2048, 2048, 2048, 2048, 2048, 2048, 2049]",292
1289,11316,10,14,2026-07-03T12:06:52.213000+00:00,63.229,47.854,33.579,207.0,222,True,144.662,"[None, 2064, 2048, 2048, 2048, 2048, 2048]","[2048, 2048, 2048, 2048, 2048, 2048, 2048, 2048, 2048, 2048]","[2048, 2048, 2048, 2048, 2048, 2048, 2048, 2048, 2048, 2049]",148
1289,11316,31,16,2026-07-03T12:06:57.798000+00:00,29.939,38.29,26.167,297.0,258,False,94.396,"[None, 2048, 2048, 2048, 2048, 2048, 2049]","[2049, 2048, 2048, 2048, 2048, 2048, 2048, 2048, 2048, 2048]","[2048, 2048, 2048, 2048, 2048, 2048, 2049, 2048, 2049, 2048]",291
1289,11316,3,16,2026-07-03T12:07:04.313000+00:00,30.529,38.617,25.947,,256,False,95.093,"[None, 2048, 2048, 2048, 2048, 2048, 2048]","[2048, 2048, 2048, 2048, 2048, 2048, 2048, 2048, 2048, 2048]","[2048, 2048, 2048, 2048, 2048, 2048, 2048, 2048, 2048, 2048]",303
1289,11316,1,17,2026-07-03T12:07:04.610000+00:00,30.247,37.947,25.834,,259,False,94.028,"[None, 2048, 2048, 2048, 2048, 2048, 2048]","[2048, 2048, 2048, 2048, 2048, 2048, 2048, 2048, 2048, 2048]","[2048, 2048, 2048, 2048, 2048, 2048, 2049, 2048, 2048, 2048]",296
1289,11316,12,19,2026-07-03T12:07:06.012000+00:00,29.501,38.574,30.007,316.0,257,False,98.082,"[2049, 2048, 2048, 2048, 2048, 2048, 2051]","[2048, 2048, 2048, 2048, 2048, 2048, 2048, 2048, 2048, 2048]","[2048, 2048, 2048, 2048, 2048, 2048, 2048, 2048, 2048, 2048]",311
1289,11316,43,15,2026-07-03T12:07:10.946000+00:00,29.858,37.9,25.962,,257,False,93.72,"[None, 2048, 2048, 2048, 2048, 2048, 2048]","[2048, 2048, 2048, 2048, 2048, 2048, 2048, 2048, 2048, 2048]","[2048, 2048, 2048, 2048, 2049, 2048, 2048, 2048, 2048, 2048]",299
1289,11316,6,16,2026-07-03T12:07:17.370000+00:00,30.198,38.326,25.836,286.0,256,False,94.36,"[None, 2048, 2048, 2048, 2048, 2048, 2048]","[2048, 2048, 2048, 2048, 2048, 2048, 2048, 2048, 2048, 2048]","[2048, 2048, 2048, 2048, 2048, 2048, 2048, 2048, 2048, 2048]",299
1289,11316,44,18,2026-07-03T12:07:28.929000+00:00,29.707,37.481,25.319,284.0,260,False,92.507,"[2049, 2048, 2048, 2048, 2048, 2048, 2048]","[2048, 2048, 2048, 2048, 2048, 2048, 2048, 2048, 2048, 2048]","[2048, 2048, 2048, 2048, 2048, 2048, 2048, 2048, 2048, 2048]",300
1289,11316,27,17,2026-07-03T12:07:31.742000+00:00,29.844,38.396,25.804,291.0,260,False,94.044,"[None, 2048, 2048, 2048, 2048, 2048, 2048]","[2048, 2048, 2048, 2048, 2048, 2048, 2048, 2048, 2048, 2048]","[2048, 2048, 2048, 2048, 2048, 2048, 2048, 2048, 2048, 2049]",298
1289,11316,63,19,2026-07-03T12:07:35.273000+00:00,30.322,38.017,25.878,302.0,256,False,94.217,"[2048, 2048, 2048, 2048, 2048, 2048, 2048]","[2048, 2048, 2048, 2048, 2048, 2048, 2048, 2048, 2048, 2048]","[2048, 2048, 2048, 2048, 2048, 2048, 2048, 2048, 2048, 2048]",298
1289,11316,23,20,2026-07-03T12:07:36.226000+00:00,30.084,38.488,26.36,303.0,251,False,94.932,"[2049, 2048, 2048, 2048, 2048, 2048, 2048]","[2048, 2048, 2048, 2048, 2048, 2048, 2048, 2048, 2048, 2048]","[2048, 2048, 2049, 2048, 2048, 2048, 2048, 2048, 2048, 2048]",297
1289,11316,14,15,2026-07-03T12:07:46.007000+00:00,29.767,38.057,26.354,286.0,255,False,94.178,"[2048, 2048, 2048, 2048, 2048, 2048, 2048]","[2048, 2048, 2048, 2048, 2049, 2049, 2048, 2049, 2048, 2048]","[2048, 2048, 2048, 2048, 2049, 2049, 2048, 2048, 2048, 2048]",290
1289,11316,11,16,2026-07-03T12:07:46.085000+00:00,,44.346,29.967,254.0,238,True,674.932,"[None, 2064, 2048, 2048, 2048, 2048, 2048]","[2048, 2048, 2048, 2048, 2048, 2048, 2048, 2048, 2048, 2048]","[2048, 2048, 2048, 2048, 2048, 2048, 2048, 2049, 2048, 2048]",273
1289,11316,5,17,2026-07-03T12:07:55.138000+00:00,29.971,38.615,25.923,285.0,258,False,94.509,"[None, 2048, 2048, 2048, 2048, 2048, 2048]","[2048, 2048, 2048, 2048, 2048, 2048, 2048, 2048, 2048, 2048]","[2048, 2048, 2048, 2048, 2048, 2048, 2048, 2048, 2048, 2049]",294
1289,11316,16,19,2026-07-03T12:08:13.638000+00:00,29.892,37.301,25.772,,258,False,92.965,"[None, 2048, 2048, 2048, 2048, 2048, 2048]","[2048, 2048, 2048, 2048, 2048, 2048, 2048, 2048, 2048, 2048]","[2048, 2048, 2048, 2048, 2048, 2048, 2048, 2048, 2048, 2048]",294
1289,11316,55,21,2026-07-03T12:08:21.448000+00:00,29.905,38.258,26.19,299.0,255,False,94.353,"[None, 2048, 2048, 2048, 2048, 2048, 2048]","[2048, 2048, 2048, 2048, 2048, 2048, 2048, 2048, 2048, 2048]","[2048, 2048, 2048, 2048, 2048, 2048, 2048, 2048, 2048, 2048]",292
1289,11316,31,17,2026-07-03T12:08:32.166000+00:00,29.754,38.47,26.467,299.0,254,False,94.691,"[2048, 2048, 2049, 2048, 2048, 2048, 2049]","[2049, 2048, 2048, 2048, 2048, 2048, 2048, 2048, 2048, 2048]","[2048, 2048, 2048, 2048, 2048, 2048, 2048, 2048, 2048, 2048]",291
1289,11316,1,18,2026-07-03T12:08:38.685000+00:00,29.616,37.714,25.739,294.0,257,False,93.069,"[None, 2048, 2048, 2048, 2048, 2048, 2048]","[2048, 2048, 2048, 2048, 2048, 2048, 2048, 2048, 2048, 2048]","[2048, 2048, 2048, 2048, 2048, 2064, 2064, 2064, 2064, 2064]",295
1289,11316,3,17,2026-07-03T12:08:39.510000+00:00,30.341,38.228,25.781,293.0,257,False,94.35,"[None, 2048, 2048, 2048, 2048, 2048, 2048]","[2048, 2048, 2048, 2048, 2049, 2048, 2048, 2048, 2048, 2048]","[2048, 2048, 2048, 2048, 2048, 2048, 2048, 2048, 2048, 2048]",305
1289,11316,12,20,2026-07-03T12:08:44.104000+00:00,29.868,37.518,25.911,301.0,259,False,93.297,"[2048, 2048, 2048, 2048, 2048, 2048, 2048]","[2048, 2048, 2048, 2048, 2048, 2048, 2048, 2048, 2048, 2048]","[2048, 2048, 2048, 2048, 2048, 2048, 2048, 2048, 2048, 2049]",299
1289,11316,43,16,2026-07-03T12:08:44.902000+00:00,29.709,38.237,26.051,306.0,256,False,93.997,"[None, 2048, 2048, 2048, 2048, 2048, 2048]","[2048, 2048, 2048, 2048, 2049, 2048, 2048, 2048, 2048, 2048]","[2049, 2049, 2049, 2048, 2048, 2048, 2048, 2048, 2048, 2048]",304
1289,11316,10,15,2026-07-03T12:08:50.260000+00:00,29.567,38.24,25.996,298.0,256,False,93.803,"[2048, 2048, 2048, 2048, 2048, 2048, 2048]","[2048, 2048, 2048, 2048, 2049, 2048, 2048, 2048, 2048, 2048]","[2048, 2048, 2049, 2048, 2048, 2048, 2048, 2048, 2048, 2048]",298
1289,11316,6,17,2026-07-03T12:08:51.651000+00:00,30.012,38.565,25.846,290.0,256,False,94.423,"[None, 2048, 2048, 2048, 2048, 2048, 2048]","[2048, 2048, 2048, 2048, 2048, 2048, 2048, 2048, 2048, 2048]","[2048, 2048, 2048, 2048, 2048, 2048, 2048, 2048, 2048, 2048]",301
1289,11316,18,15,2026-07-03T12:09:00.841000+00:00,47.863,57.735,30.843,178.0,221,False,136.441,"[None, 2048, 2048, 2048, 2048, 2048, 2048]","[2048, 2048, 2048, 2048, 2048, 2048, 2048, 2048, 2048, 2048]","[2048, 2048, 2048, 2048, 2048, 2048, 2048, 2048, 2048]",251
1289,11316,44,19,2026-07-03T12:09:01.546000+00:00,29.697,37.301,25.414,286.0,262,False,92.412,"[2048, 2048, 2048, 2048, 2048, 2048, 2048]","[2048, 2048, 2048, 2048, 2048, 2048, 2048, 2048, 2048, 2048]","[2048, 2048, 2048, 2048, 2048, 2048, 2048, 2048, 2048, 2048]",301
1289,11316,27,18,2026-07-03T12:09:05.685000+00:00,29.9,38.314,25.831,290.0,258,False,94.045,"[None, 2048, 2048, 2048, 2048, 2048, 2048]","[2048, 2048, 2048, 2048, 2048, 2048, 2048, 2048, 2048, 2048]","[2048, 2048, 2048, 2048, 2048, 2048, 2048, 2048, 2048, 2048]",298
1289,11316,63,20,2026-07-03T12:09:09.529000+00:00,29.813,37.49,25.688,300.0,260,False,92.991,"[None, 2048, 2048, 2048, 2048, 2048, 2048]","[2048, 2048, 2048, 2048, 2048, 2048, 2048, 2048, 2048, 2048]","[2048, 2048, 2048, 2048, 2048, 2048, 2048, 2048, 2048, 2048]",298
1289,11316,23,21,2026-07-03T12:09:11.189000+00:00,32.98,40.139,26.722,259.0,238,False,99.841,"[2048, 2048, 2048, 2048, 2048, 2048, 2048]","[2048, 2048, 2048, 2048, 2048, 2048, 2048, 2048, 2048, 2048]","[2048, 2048, 2048, 2048, 2048, 2064, 2064, 2064, 2064, 2064]",280
1289,11316,14,16,2026-07-03T12:09:20.169000+00:00,34.481,44.786,28.096,253.0,227,False,107.363,"[None, 2048, 2048, 2048, 2048, 2048, 2048]","[2048, 2048, 2048, 2048, 2048, 2048, 2048, 2048, 2048, 2048]","[2048, 2048, 2048, 2048, 2048, 2064, 2064, 2064, 2064, 2064]",264
1289,11316,5,18,2026-07-03T12:09:29.701000+00:00,29.796,38.31,26.294,287.0,259,False,94.4,"[None, 2048, 2048, 2048, 2048, 2048, 2048]","[2048, 2048, 2048, 2048, 2048, 2048, 2048, 2048, 2048, 2048]","[2048, 2048, 2048, 2048, 2048, 2048, 2048, 2048, 2048, 2048]",295
1289,11316,11,17,2026-07-03T12:09:34.966000+00:00,29.474,37.731,25.746,295.0,260,False,92.951,"[2049, 2049, 2048, 2049, 2048, 2049, 2049]","[2049, 2049, 2049, 2049, 2049, 2048, 2048, 2048, 2049, 2049]","[2048, 2048, 2048, 2049, 2049, 2049, 2049, 2048, 2048, 2048]",308
1289,11316,16,20,2026-07-03T12:09:46.576000+00:00,29.627,37.236,25.582,289.0,255,False,92.445,"[None, 2048, 2048, 2048, 2048, 2048, 2048]","[2048, 2048, 2048, 2048, 2048, 2048, 2048, 2048, 2048, 2048]","[2048, 2048, 2048, 2048, 2048, 2048, 2048, 2048, 2048, 2048]",301
1289,11316,55,22,2026-07-03T12:09:55.861000+00:00,29.767,38.224,26.065,294.0,255,False,94.056,"[None, 2048, 2048, 2048, 2048, 2048, 2048]","[2048, 2048, 2048, 2048, 2048, 2048, 2048, 2048, 2048, 2048]","[2049, 2049, 2048, 2048, 2048, 2048, 2048, 2048, 2048]",295
1289,11316,31,18,2026-07-03T12:10:06.754000+00:00,29.828,38.65,26.323,301.0,256,False,94.801,"[None, 2048, 2048, 2048, 2048, 2048, 2049]","[2048, 2048, 2048, 2048, 2048, 2048, 2048, 2048, 2048, 2048]","[2048, 2048, 2048, 2048, 2048, 2064, 2064, 2064, 2064, 2064]",291
1289,11316,3,18,2026-07-03T12:10:13.847000+00:00,30.295,38.349,26.232,294.0,251,False,94.876,"[None, 2048, 2048, 2048, 2048, 2048, 2048]","[2048, 2048, 2048, 2048, 2048, 2048, 2048, 2048, 2048, 2048]","[2048, 2048, 2048, 2048, 2048, 2048, 2048, 2048, 2048, 2048]",300
1289,11316,12,21,2026-07-03T12:10:17.406000+00:00,29.426,37.486,25.672,,261,False,92.584,"[None, 2048, 2048, 2048, 2048, 2048, 2048]","[2048, 2048, 2048, 2048, 2048, 2048, 2048, 2048, 2048, 2048]","[2048, 2048, 2048, 2048, 2048, 2048, 2048, 2048, 2048, 2048]",300
1289,11316,43,17,2026-07-03T12:10:18.938000+00:00,29.69,38.047,25.918,299.0,256,False,93.655,"[2048, 2048, 2048, 2048, 2048, 2048, 2048]","[2049, 2048, 2048, 2048, 2048, 2048, 2048, 2048, 2048, 2048]","[2048, 2048, 2048, 2049, 2048, 2048, 2048, 2048, 2048, 2048]",299
1289,11316,10,16,2026-07-03T12:10:24.156000+00:00,32.577,42.31,26.741,231.0,247,False,101.628,"[None, 2048, 2048, 2048, 2048, 2048, 2048]","[2048, 2048, 2048, 2048, 2048, 2048, 2048, 2048, 2048, 2048]","[2048, 2048, 2048, 2048, 2048, 2048, 2048, 2048, 2049, 2049]",289
1289,11316,6,18,2026-07-03T12:10:26.156000+00:00,30.023,38.471,25.675,289.0,257,False,94.169,"[None, 2048, 2048, 2048, 2048, 2048, 2048]","[2048, 2048, 2048, 2048, 2048, 2048, 2048, 2048, 2048, 2048]","[2048, 2048, 2048, 2048, 2048, 2064, 2064, 2064, 2064, 2064]",297
1289,11316,44,20,2026-07-03T12:10:33.860000+00:00,,37.256,25.405,288.0,262,False,92.358,"[None, 2048, 2048, 2048, 2048, 2048, 2048]","[2048, 2048, 2048, 2048, 2048, 2048, 2048, 2048, 2048, 2048]","[2048, 2048, 2048, 2048, 2048, 2048, 2048, 2048, 2048, 2048]",305
1289,11316,27,19,2026-07-03T12:10:39.769000+00:00,29.817,38.194,25.337,293.0,261,False,93.348,"[None, 2048, 2048, 2048, 2048, 2048, 2048]","[2048, 2048, 2048, 2048, 2048, 2048, 2048, 2048, 2048, 2048]","[2048, 2048, 2048, 2048, 2048, 2064, 2064, 2064, 2064, 2064]",298
1289,11316,63,21,2026-07-03T12:10:42.550000+00:00,29.561,37.57,27.358,305.0,260,False,94.489,"[None, 2048, 2048, 2048, 2048, 2048, 2048]","[2049, 2048, 2048, 2048, 2048, 2048, 2048, 2048, 2048, 2048]","[2048, 2048, 2048, 2048, 2048, 2064, 2064, 2064, 2064, 2064]",302
1289,11316,30,17,2026-07-03T12:10:49.174000+00:00,,42.767,27.764,251.0,244,True,492.958,"[None, 2064, 2048, 2048, 2048, 2048, 2048]","[2048, 2048, 2048, 2048, 2048, 2048, 2048, 2048, 2048, 2048]","[2048, 2048, 2048, 2048, 2048, 2048, 2048, 2049, 2048, 2048]",272
1289,11316,5,19,2026-07-03T12:11:04.037000+00:00,29.708,38.607,26.126,292.0,256,False,94.441,"[None, 2048, 2048, 2048, 2048, 2048, 2048]","[2048, 2048, 2048, 2048, 2048, 2048, 2048, 2048, 2048, 2048]","[2048, 2048, 2048, 2048, 2048, 2048, 2048, 2048, 2048, 2048]",294
1289,11316,11,18,2026-07-03T12:11:07.819000+00:00,47.96,63.171,31.191,130.0,196,False,142.322,"[2048, 2048, 2048, 2048, 2048, 2048, 2048]","[2048, 2048, 2048, 2048, 2048, 2048, 2048, 2048, 2048, 2048]","[2048, 2048, 2048, 2048, 2048, 2064, 2064, 2064, 2064, 2064]",224
1289,11316,18,16,2026-07-03T12:11:17.256000+00:00,29.593,38.316,25.933,287.0,255,False,93.842,"[None, 2048, 2048, 2048, 2048, 2048, 2048]","[2048, 2048, 2049, 2048, 2048, 2048, 2048, 2048, 2049, 2048]","[2048, 2048, 2048, 2049, 2048, 2048, 2049, 2048, 2048, 2048]",293
1289,11316,41,20,2026-07-03T12:11:18.319000+00:00,,41.557,29.517,257.0,231,True,382.112,"[None, 2064, 2048, 2048, 2048, 2048, 2048]","[2048, 2048, 2048, 2048, 2048, 2048, 2048, 2048, 2048, 2048]","[2048, 2048, 2048, 2048, 2048, 2048, 2048, 2048, 2048, 2048]",240
1289,11316,16,21,2026-07-03T12:11:19.022000+00:00,29.366,37.26,25.508,295.0,260,False,92.134,"[None, 2048, 2049, 2048, 2048, 2048, 2048]","[2049, 2048, 2048, 2048, 2048, 2048, 2048, 2048, 2048, 2048]","[2048, 2048, 2048, 2048, 2048, 2064, 2064, 2064, 2064, 2064]",298
1289,11316,55,23,2026-07-03T12:11:29.850000+00:00,29.856,41.713,26.674,,242,False,98.243,"[None, 2048, 2048, 2048, 2048, 2048, 2048]","[2048, 2048, 2048, 2048, 2048, 2048, 2048, 2048, 2048, 2048]","[2048, 2048, 2048, 2048, 2048, 2064, 2064, 2064, 2064, 2064]",280
1289,11316,3,19,2026-07-03T12:11:48.647000+00:00,31.13,40.386,30.469,303.0,197,False,101.985,"[None, 2048, 2048, 2048, 2048, 2048, 2048]","[2048, 2048, 2048, 2048, 2048, 2048, 2048, 2048, 2048, 2048]","[2048, 2048, 2048, 2048, 2048, 2064, 2064, 2064, 2064, 2064]",247
1289,11316,12,22,2026-07-03T12:11:50.037000+00:00,29.303,37.341,26.23,305.0,263,False,92.874,"[None, 2048, 2048, 2048, 2048, 2048, 2048]","[2051, 2048, 2048, 2048, 2048, 2048, 2048, 2048, 2048, 2048]","[2048, 2048, 2048, 2048, 2048, 2064, 2064, 2064, 2064, 2064]",297
1289,11316,43,18,2026-07-03T12:11:52.506000+00:00,29.666,38.607,25.992,300.0,255,False,94.265,"[None, 2048, 2049, 2048, 2048, 2048, 2048]","[2048, 2048, 2048, 2048, 2048, 2048, 2048, 2048, 2048, 2048]","[2048, 2048, 2048, 2048, 2048, 2064, 2064, 2064, 2064, 2064]",297
1289,11316,10,17,2026-07-03T12:12:05.728000+00:00,30.208,39.385,27.146,307.0,251,False,96.739,"[None, 2048, 2048, 2048, 2048, 2048, 2049]","[2048, 2048, 2048, 2048, 2048, 2048, 2048, 2048, 2048, 2048]","[2048, 2048, 2048, 2048, 2048, 2064, 2064, 2064, 2064, 2064]",297
1289,11316,44,21,2026-07-03T12:12:06.291000+00:00,29.716,36.943,25.21,,266,False,91.869,"[None, 2048, 2048, 2048, 2048, 2048, 2048]","[2049, 2048, 2048, 2048, 2048, 2048, 2049, 2048, 2049, 2049]","[2048, 2048, 2048, 2048, 2048, 2048, 2048, 2048, 2049, 2048]",303
1289,11316,77,15,2026-07-03T12:12:15.413000+00:00,,44.083,29.454,276.0,242,True,1067.073,"[None, 2064, 2048, 2048, 2048, 2048, 2048]","[2048, 2048, 2048, 2048, 2048, 2048, 2048, 2048, 2048, 2048]","[2048, 2048, 2048, 2048, 2048, 2048, 2048, 2049, 2048, 2048]",261
1289,11316,30,18,2026-07-03T12:12:33.897000+00:00,36.486,57.64,27.545,202.0,207,False,121.671,"[2049, 2048, 2048, 2048, 2048, 2048, 2048]","[2048, 2048, 2048, 2048, 2048, 2048, 2048, 2048, 2048, 2048]","[2048, 2048, 2048, 2048, 2048, 2048, 2048, 2048, 2048, 2048]",288
1289,11316,27,20,2026-07-03T12:12:35.835000+00:00,50.699,39.013,26.014,285.0,257,True,115.726,"[None, 2064, 2048, 2048, 2048, 2048, 2048]","[2048, 2048, 2048, 2048, 2048, 2048, 2048, 2048, 2048, 2048]","[2048, 2048, 2048, 2048, 2048, 2064, 2064, 2064, 2064, 2064]",292
1289,11316,5,20,2026-07-03T12:12:38.566000+00:00,29.952,38.775,25.261,287.0,260,False,93.988,"[None, 2048, 2048, 2048, 2048, 2048, 2048]","[2048, 2048, 2048, 2048, 2048, 2048, 2048, 2048, 2048, 2048]","[2049, 2049, 2049, 2048, 2048, 2064, 2064, 2064, 2064, 2064]",300
1289,11316,18,17,2026-07-03T12:12:51.110000+00:00,34.548,48.494,30.814,221.0,224,False,113.856,"[None, 2048, 2048, 2048, 2048, 2048, 2048]","[2048, 2048, 2048, 2048, 2048, 2048, 2048, 2048, 2048, 2048]","[2048, 2048, 2048, 2048, 2048, 2064, 2064, 2064, 2064, 2064]",247
1289,11316,41,21,2026-07-03T12:13:05.172000+00:00,28.987,37.203,25.687,299.0,260,False,91.877,"[2049, 2049, 2048, 2048, 2049, 2048, 2048]","[2048, 2049, 2049, 2049, 2048, 2048, 2048, 2048, 2048, 2048]","[2048, 2048, 2048, 2048, 2049, 2049, 2049, 2051, 2048, 2048]",295
1289,11316,44,22,2026-07-03T12:13:38.057000+00:00,29.743,37.135,25.282,289.0,260,False,92.16,"[None, 2048, 2049, 2048, 2048, 2048, 2048]","[2048, 2048, 2048, 2048, 2048, 2048, 2048, 2048, 2049, 2048]","[2048, 2048, 2048, 2048, 2048, 2048, 2048, 2048, 2049, 2048]",297
1289,11316,77,16,2026-07-03T12:14:02.975000+00:00,29.334,37.537,25.365,294.0,262,False,92.236,"[2048, 2049, 2049, 2049, 2049, 2049, 2048]","[2048, 2049, 2051, 2049, 2049, 2049, 2048, 2049, 2049, 2049]","[2049, 2048, 2048, 2049, 2049, 2049, 2049, 2049, 2048]",304
1289,11316,30,19,2026-07-03T12:14:35.525000+00:00,28.863,36.793,25.194,301.0,261,False,90.85,"[2048, 2048, 2048, 2048, 2049, 2049, 2049]","[2048, 2049, 2049, 2049, 2049, 2049, 2049, 2049, 2049, 2049]","[2048, 2048, 2048, 2048, 2049, 2048, 2049, 2049, 2049, 2048]",299
1289,11316,41,22,2026-07-03T12:14:36.838000+00:00,43.911,60.859,38.172,162.0,152,False,142.942,"[2048, 2048, 2048, 2048, 2048, 2048, 2048]","[2048, 2048, 2048, 2048, 2048, 2048, 2048, 2048, 2048, 2048]","[2048, 2048, 2048, 2048, 2048, 2048, 2048, 2048, 2048, 2048]",213
1289,11316,44,23,2026-07-03T12:15:10.286000+00:00,33.349,44.353,29.076,220.0,219,False,106.778,"[None, 2048, 2048, 2048, 2048, 2048, 2048]","[2048, 2048, 2048, 2048, 2048, 2048, 2048, 2048, 2048, 2048]","[2048, 2048, 2048, 2048, 2048, 2064, 2064, 2064, 2064, 2064]",219
1289,11316,77,17,2026-07-03T12:15:35.088000+00:00,34.634,43.912,31.965,238.0,221,False,110.511,"[None, 2048, 2048, 2048, 2048, 2048, 2048]","[2048, 2048, 2048, 2048, 2048, 2048, 2048, 2048, 2048, 2048]","[2048, 2048, 2048, 2048, 2048, 2064, 2064, 2064, 2064, 2064]",225
1289,11316,30,20,2026-07-03T12:16:06.384000+00:00,41.327,69.409,29.63,165.0,186,False,140.366,"[None, 2048, 2048, 2048, 2048, 2048, 2048]","[2048, 2048, 2048, 2048, 2048, 2048, 2048, 2048, 2048, 2048]","[2048, 2048, 2048, 2048, 2048, 2048, 2048, 2048, 2048, 2048]",258
1289,11316,81,15,2026-07-03T12:16:06.784000+00:00,,43.655,28.433,252.0,238,True,734.698,"[None, 2064, 2048, 2048, 2048, 2048, 2048]","[2048, 2048, 2048, 2048, 2048, 2048, 2048, 2048, 2048, 2048]","[2048, 2048, 2048, 2048, 2048, 2048, 2048, 2049, 2048, 2048]",254
1289,11316,63,22,2026-07-03T12:16:49.567000+00:00,,40.988,30.755,251.0,237,True,375.304,"[None, 2064, 2048, 2048, 2048, 2048, 2048]","[2048, 2048, 2048, 2048, 2048, 2048, 2048, 2048, 2048, 2048]","[2048, 2048, 2048, 2048, 2048, 2048, 2048, 2048, 2048, 2048]",144
1289,11316,41,23,2026-07-03T12:16:59.978000+00:00,40.635,50.411,29.702,227.0,220,False,120.748,"[None, 2048, 2048, 2048, 2048, 2048, 2048]","[2048, 2048, 2048, 2048, 2048, 2048, 2048, 2048, 2048, 2048]","[2048, 2048, 2048, 2048, 2048, 2048, 2048, 2048, 2048, 2048]",230
1289,11316,55,24,2026-07-03T12:17:29.353000+00:00,,42.314,28.768,296.0,225,True,362.691,"[None, 2064, 2048, 2048, 2048, 2048, 2048]","[2048, 2048, 2048, 2048, 2048, 2048, 2048, 2048, 2048, 2048]","[2048, 2048, 2048, 2048, 2048, 2048, 2048, 2049, 2048, 2048]",253
1289,11316,12,23,2026-07-03T12:17:34.489000+00:00,,41.538,27.665,236.0,242,True,359.072,"[None, 2064, 2048, 2048, 2048, 2048, 2048]","[2048, 2048, 2048, 2048, 2048, 2048, 2048, 2048, 2048, 2048]","[2048, 2048, 2048, 2048, 2048, 2048, 2048, 2048, 2048, 2048]",258
1289,11316,16,22,2026-07-03T12:17:42.941000+00:00,,44.539,28.432,140.0,228,True,405.482,"[None, 2064, 2048, 2048, 2048, 2048, 2048]","[2048, 2048, 2048, 2048, 2048, 2048, 2048, 2048, 2048, 2048]","[2048, 2048, 2048, 2048, 2048, 2048, 2048, 2048, 2048, 2048]",263
1289,11316,43,19,2026-07-03T12:17:56.055000+00:00,,43.552,28.954,253.0,232,True,381.275,"[None, 2064, 2048, 2048, 2048, 2048, 2048]","[2048, 2048, 2048, 2048, 2048, 2048, 2048, 2048, 2048, 2048]","[2048, 2048, 2048, 2048, 2048, 2048, 2048, 2049, 2048, 2048]",255
1289,11316,81,16,2026-07-03T12:17:56.890000+00:00,28.512,36.531,25.104,306.0,265,False,90.147,"[2049, 2048, 2049, 2049, 2049, 2049, 2049]","[2048, 2049, 2049, 2049, 2048, 2049, 2049, 2049, 2049, 2049]","[2048, 2048, 2048, 2049, 2049, 2048, 2049, 2048, 2048, 2048]",300
1289,11316,31,19,2026-07-03T12:17:58.947000+00:00,,45.902,32.881,217.0,236,True,498.167,"[None, 2064, 2048, 2048, 2048, 2048, 2048]","[2048, 2048, 2048, 2048, 2048, 2048, 2048, 2048, 2048, 2048]","[2048, 2048, 2048, 2048, 2048, 2048, 2048, 2048, 2048, 2048]",250
1289,11316,6,19,2026-07-03T12:18:06.210000+00:00,,42.803,31.69,260.0,162,True,474.795,"[None, 2064, 2048, 2048, 2048, 2048, 2048]","[2048, 2048, 2048, 2048, 2048, 2048, 2048, 2048, 2048, 2048]","[2048, 2048, 2048, 2048, 2048, 2048, 2048, 2049, 2048, 2048]",232
1289,11316,23,22,2026-07-03T12:18:12.531000+00:00,,45.445,30.491,273.0,158,True,555.513,"[None, 2064, 2048, 2048, 2048, 2048, 2048]","[2048, 2048, 2048, 2048, 2048, 2048, 2048, 2048, 2048, 2048]","[2048, 2048, 2048, 2048, 2048, 2048, 2048, 2049, 2048, 2048]",252
1289,11316,87,19,2026-07-03T12:18:16.891000+00:00,,46.278,28.469,177.0,242,True,732.88,"[None, 2064, 2048, 2048, 2048, 2048, 2048]","[2048, 2048, 2048, 2048, 2048, 2048, 2048, 2048, 2048, 2048]","[2048, 2048, 2048, 2048, 2048, 2048, 2048, 2048, 2048, 2048]",275
1289,11316,30,21,2026-07-03T12:18:26.702000+00:00,28.642,37.05,25.281,303.0,262,False,90.973,"[None, 2048, 2048, 2049, 2049, 2049, 2049]","[2049, 2048, 2048, 2049, 2048, 2048, 2049, 2049, 2048, 2049]","[2048, 2048, 2048, 2048, 2049, 2051, 2048, 2048, 2048, 2048]",298
1289,11316,63,23,2026-07-03T12:18:32.328000+00:00,28.447,36.413,25.078,298.0,263,False,89.938,"[2049, 2049, 2049, 2049, 2049, 2049, 2049]","[2048, 2048, 2049, 2051, 2048, 2051, 2049, 2049, 2049, 2051]","[2048, 2048, 2048, 2049, 2049, 2049, 2048, 2049, 2049, 2048]",298
1289,11316,1,19,2026-07-03T12:18:47.723000+00:00,,41.731,27.665,271.0,180,True,616.28,"[None, 2064, 2048, 2048, 2048, 2048, 2048]","[2048, 2048, 2048, 2048, 2048, 2048, 2048, 2048, 2048, 2048]","[2048, 2048, 2048, 2048, 2048, 2048, 2048, 2048, 2048, 2048]",278
1289,11316,41,24,2026-07-03T12:19:00.728000+00:00,28.766,37.05,25.523,302.0,262,False,91.339,"[None, 2048, 2049, 2049, 2049, 2049, 2049]","[2049, 2048, 2048, 2048, 2048, 2049, 2049, 2049, 2048, 2049]","[2048, 2048, 2048, 2048, 2049, 2048, 2049, 2048, 2048]",298
1289,11316,55,25,2026-07-03T12:19:10.790000+00:00,28.961,37.285,25.438,301.0,258,False,91.684,"[2048, 2048, 2049, 2049, 2049, 2049, 2048]","[2049, 2049, 2049, 2049, 2048, 2049, 2049, 2048, 2049, 2049]","[2048, 2048, 2048, 2048, 2049, 2049, 2049, 2049, 2049, 2048]",292
1289,11316,12,24,2026-07-03T12:19:21.960000+00:00,28.369,36.209,24.895,298.0,263,False,89.473,"[2049, 2049, 2048, 2049, 2051, 2051, 2048]","[2048, 2049, 2051, 2051, 2048, 2049, 2049, 2049, 2049, 2051]","[2048, 2048, 2048, 2049, 2051, 2049, 2048, 2048, 2048, 2048]",298
1289,11316,14,17,2026-07-03T12:19:22.239000+00:00,,42.072,33.191,269.0,232,True,602.299,"[None, 2064, 2048, 2048, 2048, 2048, 2048]","[2048, 2048, 2048, 2048, 2048, 2048, 2048, 2048, 2048, 2048]","[2048, 2048, 2048, 2048, 2048, 2048, 2048, 2048, 2048, 2048]",84
1289,11316,81,17,2026-07-03T12:19:27.052000+00:00,41.603,56.0,37.759,189.0,202,False,135.362,"[2048, 2048, 2048, 2048, 2048, 2048, 2048]","[2048, 2048, 2048, 2048, 2048, 2048, 2048, 2048, 2048, 2048]","[2048, 2048, 2048, 2048, 2048, 2048, 2048, 2048, 2048, 2048]",224
1289,11316,18,18,2026-07-03T12:19:31.425000+00:00,,42.056,28.911,260.0,234,True,393.468,"[None, 2064, 2048, 2048, 2048, 2048, 2048]","[2048, 2048, 2048, 2048, 2048, 2048, 2048, 2048, 2048, 2048]","[2048, 2048, 2048, 2048, 2048, 2048, 2048, 2048, 2048, 2048]",246
1289,11316,16,23,2026-07-03T12:19:36.697000+00:00,28.747,36.471,24.821,290.0,267,False,90.039,"[2048, 2049, 2049, 2048, 2049, 2049, 2048]","[2048, 2049, 2049, 2049, 2048, 2049, 2048, 2048, 2048, 2049]","[2048, 2048, 2048, 2048, 2049, 2049, 2049, 2048, 2048]",309
1289,11316,43,20,2026-07-03T12:19:48.078000+00:00,28.792,36.959,25.325,314.0,261,False,91.076,"[2048, 2049, 2049, 2049, 2049, 2049, 2049]","[2051, 2049, 2049, 2049, 2048, 2049, 2048, 2048, 2049, 2049]","[2049, 2048, 2048, 2049, 2049, 2049, 2049, 2048, 2048]",300
1289,11316,6,20,2026-07-03T12:19:55.116000+00:00,28.665,36.652,25.021,302.0,261,False,90.338,"[2048, 2049, 2049, 2049, 2048, 2049, 2048]","[2049, 2051, 2049, 2049, 2048, 2048, 2048, 2048, 2049, 2049]","[2048, 2048, 2048, 2048, 2051, 2049, 2049, 2048, 2048]",300
1289,11316,30,22,2026-07-03T12:19:57.731000+00:00,33.759,43.905,32.757,277.0,198,False,110.421,"[None, 2048, 2048, 2048, 2048, 2048, 2048]","[2048, 2048, 2048, 2048, 2048, 2048, 2048, 2048, 2048, 2048]","[2048, 2048, 2048, 2048, 2048, 2064, 2064, 2064, 2064, 2064]",181
1289,11316,31,20,2026-07-03T12:19:59.719000+00:00,29.053,37.332,25.436,287.0,263,False,91.821,"[2049, 2049, 2049, 2049, 2049, 2049, 2048]","[2048, 2049, 2049, 2049, 2049, 2049, 2048, 2048, 2048, 2049]","[2048, 2048, 2048, 2048, 2049, 2049, 2049, 2048, 2048, 2048]",296
1289,11316,63,24,2026-07-03T12:20:02.247000+00:00,51.145,71.074,40.594,191.0,151,False,162.813,"[2048, 2048, 2048, 2048, 2048, 2048, 2048]","[2048, 2048, 2048, 2048, 2048, 2048, 2048, 2048, 2048, 2048]","[2048, 2048, 2048, 2048, 2048, 2048, 2048, 2048, 2048, 2048]",213
1289,11316,23,23,2026-07-03T12:20:06.481000+00:00,28.887,37.073,25.737,304.0,254,False,91.697,"[2049, 2048, 2048, 2049, 2049, 2049, 2048]","[2049, 2049, 2049, 2049, 2049, 2049, 2049, 2048, 2049, 2048]","[2048, 2048, 2048, 2048, 2049, 2051, 2049, 2048, 2048]",292
1289,11316,44,24,2026-07-03T12:20:09.450000+00:00,,47.725,29.146,274.0,200,True,303.994,"[None, 2064, 2048, 2048, 2048, 2048, 2048]","[2048, 2048, 2048, 2048, 2048, 2048, 2048, 2048, 2048, 2048]","[2048, 2048, 2048, 2048, 2048, 2048, 2048, 2048, 2048, 2048]",268
1289,11316,87,20,2026-07-03T12:20:14.370000+00:00,29.13,37.234,25.345,293.0,263,False,91.709,"[2048, 2049, 2049, 2049, 2049, 2049, 2049]","[2048, 2049, 2049, 2048, 2048, 2048, 2048, 2048, 2048, 2049]","[2048, 2048, 2048, 2048, 2049, 2049, 2049, 2048, 2048, 2048]",299
1289,11316,1,20,2026-07-03T12:20:27.969000+00:00,28.508,36.41,25.37,306.0,261,False,90.288,"[2048, 2048, 2048, 2049, 2049, 2049, 2049]","[2049, 2049, 2049, 2049, 2048, 2048, 2049, 2049, 2049, 2049]","[2048, 2048, 2048, 2048, 2049, 2049, 2049, 2048, 2048]",296
1289,11316,41,25,2026-07-03T12:20:31.891000+00:00,31.307,39.977,26.2,279.0,246,False,97.484,"[None, 2048, 2048, 2048, 2048, 2048, 2048]","[2048, 2048, 2048, 2048, 2048, 2048, 2048, 2048, 2048, 2048]","[2048, 2048, 2048, 2048, 2048, 2064, 2064, 2064, 2064, 2064]",284
1289,11316,27,21,2026-07-03T12:20:42.109000+00:00,,43.326,28.867,264.0,235,True,496.105,"[None, 2064, 2048, 2048, 2048, 2048, 2048]","[2048, 2048, 2048, 2048, 2048, 2048, 2048, 2048, 2048, 2048]","[2048, 2048, 2048, 2048, 2048, 2048, 2048, 2049, 2048, 2048]",234
1289,11316,55,26,2026-07-03T12:20:42.393000+00:00,40.684,50.796,28.753,176.0,191,False,120.233,"[None, 2048, 2048, 2048, 2048, 2048, 2048]","[2048, 2048, 2048, 2048, 2048, 2048, 2048, 2048, 2048, 2048]","[2048, 2048, 2048, 2048, 2048, 2064, 2064, 2064, 2064, 2064]",264
1289,11316,12,25,2026-07-03T12:20:51.356000+00:00,38.035,59.521,29.833,222.0,180,False,127.389,"[2048, 2048, 2048, 2048, 2048, 2048, 2048]","[2048, 2048, 2048, 2048, 2048, 2048, 2048, 2048, 2048, 2048]","[2048, 2048, 2048, 2048, 2048, 2064, 2064, 2064, 2064, 2064]",242
1289,11316,5,21,2026-07-03T12:20:59.956000+00:00,,43.931,32.632,240.0,216,True,516.383,"[None, 2064, 2048, 2048, 2048, 2048, 2048]","[2048, 2048, 2048, 2048, 2048, 2048, 2048, 2048, 2048, 2048]","[2048, 2048, 2048, 2048, 2048, 2048, 2048, 2048, 2048, 2048]",244
1289,11316,16,24,2026-07-03T12:21:06.525000+00:00,46.105,59.169,28.802,138.0,228,False,134.076,"[None, 2048, 2048, 2048, 2048, 2048, 2048]","[2048, 2048, 2048, 2048, 2048, 2048, 2048, 2048, 2048, 2048]","[2048, 2048, 2048, 2048, 2048, 2048, 2048, 2048, 2048, 2048]",271
1289,11316,14,18,2026-07-03T12:21:09.793000+00:00,34.714,51.343,31.311,251.0,215,False,117.368,"[2049, 2049, 2049, 2048, 2048, 2048, 2048]","[2048, 2048, 2048, 2048, 2048, 2048, 2048, 2048, 2048, 2048]","[2048, 2048, 2048, 2048, 2048, 2048, 2048, 2048, 2048, 2048]",257
1289,11316,18,19,2026-07-03T12:21:18.437000+00:00,29.377,38.048,25.705,291.0,258,False,93.13,"[2049, 2049, 2049, 2048, 2049, 2048, 2049]","[2049, 2048, 2048, 2048, 2048, 2049, 2048, 2049, 2049, 2049]","[2048, 2049, 2049, 2049, 2048, 2049, 2049, 2048, 2048, 2048]",298
1289,11316,43,21,2026-07-03T12:21:18.953000+00:00,42.791,50.596,34.034,196.0,216,False,127.421,"[None, 2048, 2048, 2048, 2048, 2048, 2048]","[2048, 2048, 2048, 2048, 2048, 2048, 2048, 2048, 2048, 2048]","[2048, 2048, 2048, 2048, 2048, 2048, 2048, 2048, 2048, 2048]",279
1289,11316,6,21,2026-07-03T12:21:25.266000+00:00,49.083,59.759,35.639,163.0,162,False,144.481,"[None, 2048, 2048, 2048, 2048, 2048, 2048]","[2048, 2048, 2048, 2048, 2048, 2048, 2048, 2048, 2048, 2048]","[2048, 2048, 2048, 2048, 2048, 2048, 2048, 2048, 2048, 2048]",210
1289,11316,31,21,2026-07-03T12:21:31.556000+00:00,45.873,62.668,39.938,143.0,164,False,148.479,"[2048, 2048, 2048, 2048, 2048, 2048, 2048]","[2048, 2048, 2048, 2048, 2048, 2048, 2048, 2048, 2048, 2048]","[2048, 2048, 2048, 2048, 2048, 2048, 2048, 2048, 2048, 2048]",170
1289,11316,23,24,2026-07-03T12:21:38.081000+00:00,52.194,63.517,35.168,127.0,178,False,150.879,"[2048, 2048, 2048, 2048, 2048, 2048, 2048]","[2048, 2048, 2048, 2048, 2048, 2048, 2048, 2048, 2048, 2048]","[2048, 2048, 2048, 2048, 2048, 2064, 2064, 2064, 2064, 2064]",208
1289,11316,81,18,2026-07-03T12:21:42.497000+00:00,36.627,45.175,28.968,266.0,233,False,110.77,"[None, 2048, 2048, 2048, 2048, 2048, 2048]","[2048, 2048, 2048, 2048, 2048, 2048, 2048, 2048, 2048, 2048]","[2048, 2048, 2048, 2048, 2048, 2048, 2048, 2049, 2048, 2048]",264
1289,11316,87,21,2026-07-03T12:21:45.903000+00:00,59.65,66.044,38.76,140.0,151,False,164.454,"[None, 2048, 2048, 2048, 2048, 2048, 2048]","[2048, 2048, 2048, 2048, 2048, 2048, 2048, 2048, 2048, 2048]","[2048, 2048, 2048, 2048, 2048, 2064, 2064, 2064, 2064, 2064]",168
1289,11316,3,20,2026-07-03T12:21:49.398000+00:00,,44.797,32.869,273.0,259,True,609.522,"[None, 2064, 2048, 2048, 2048, 2048, 2048]","[2048, 2048, 2048, 2048, 2048, 2048, 2048, 2048, 2048, 2048]","[2048, 2048, 2048, 2048, 2048, 2048, 2048, 2049, 2048, 2048]",302
1289,11316,10,18,2026-07-03T12:21:56.024000+00:00,,46.331,31.703,195.0,211,True,604.805,"[None, 2064, 2048, 2048, 2048, 2048, 2048]","[2048, 2048, 2048, 2048, 2048, 2048, 2048, 2048, 2048, 2048]","[2048, 2048, 2048, 2048, 2048, 2048, 2048, 2049, 2048, 2049]",274
1289,11316,1,21,2026-07-03T12:21:58.209000+00:00,41.631,60.169,34.539,191.0,174,False,136.339,"[None, 2048, 2048, 2048, 2048, 2048, 2048]","[2048, 2048, 2048, 2048, 2048, 2048, 2048, 2048, 2048, 2048]","[2048, 2048, 2048, 2048, 2048, 2064, 2064, 2064, 2064, 2064]",204
1289,11316,44,25,2026-07-03T12:22:01.131000+00:00,28.403,36.226,24.631,304.0,268,False,89.26,"[2048, 2049, 2049, 2049, 2049, 2049, 2049]","[2051, 2051, 2049, 2049, 2048, 2049, 2048, 2048, 2048, 2049]","[2049, 2048, 2048, 2049, 2049, 2049, 2051, 2048, 2048, 2048]",308
1289,11316,27,22,2026-07-03T12:22:25.028000+00:00,28.732,36.867,25.164,294.0,263,False,90.763,"[2048, 2049, 2049, 2048, 2049, 2049, 2048]","[2049, 2049, 2049, 2049, 2048, 2049, 2048, 2048, 2048, 2049]","[2049, 2048, 2048, 2049, 2048, 2048, 2049, 2049, 2048, 2048]",297
1289,11316,63,25,2026-07-03T12:22:45+00:00,41.81,50.736,27.656,255.0,230,False,120.202,"[None, 2048, 2048, 2048, 2048, 2048, 2048]","[2048, 2048, 2048, 2048, 2048, 2048, 2048, 2048, 2048, 2048]","[2048, 2048, 2048, 2048, 2048, 2048, 2048, 2048, 2048, 2048]",277
1289,11316,5,22,2026-07-03T12:22:48.937000+00:00,29.018,36.864,25.153,292.0,263,False,91.035,"[2048, 2049, 2048, 2049, 2049, 2049, 2048]","[2048, 2049, 2049, 2048, 2048, 2049, 2048, 2048, 2048, 2049]","[2049, 2048, 2048, 2049, 2049, 2049, 2049, 2049, 2048, 2048]",296
1289,11316,18,20,2026-07-03T12:22:51.515000+00:00,45.644,59.655,42.52,72.0,132,False,147.819,"[2048, 2048, 2048, 2048, 2048, 2048, 2048]","[2048, 2048, 2048, 2048, 2048, 2048, 2048, 2048, 2048, 2048]","[2048, 2048, 2048, 2048, 2048, 2048, 2048, 2048, 2048, 2048]",110
1289,11316,14,19,2026-07-03T12:23:07.111000+00:00,29.475,37.713,25.769,292.0,256,False,92.957,"[None, 2049, 2048, 2048, 2049, 2048, 2048]","[2049, 2049, 2049, 2049, 2048, 2049, 2049, 2049, 2048, 2049]","[2048, 2048, 2048, 2048, 2049, 2049, 2049, 2049, 2048, 2048]",286
1289,11316,55,27,2026-07-03T12:23:07.815000+00:00,60.656,44.704,28.36,213.0,229,True,133.72,"[None, 2064, 2048, 2048, 2048, 2048, 2048]","[2048, 2048, 2048, 2048, 2048, 2048, 2048, 2048, 2048, 2048]","[2048, 2048, 2048, 2048, 2048, 2048, 2048, 2048, 2048, 2048]",269
1289,11316,16,25,2026-07-03T12:23:20.753000+00:00,28.743,36.405,24.711,291.0,267,False,89.859,"[None, 2048, 2048, 2048, 2049, 2048, 2048]","[2048, 2049, 2048, 2049, 2049, 2049, 2048, 2048, 2048, 2049]","[2048, 2048, 2048, 2051, 2049, 2048, 2048, 2048, 2048, 2048]",307
1289,11316,43,22,2026-07-03T12:23:26.520000+00:00,50.675,48.594,29.369,259.0,208,False,128.638,"[None, 2048, 2048, 2048, 2048, 2048, 2048]","[2048, 2048, 2048, 2048, 2048, 2048, 2048, 2048, 2048, 2048]","[2048, 2048, 2048, 2048, 2048, 2048, 2048, 2048, 2048, 2048]",250
1289,11316,44,26,2026-07-03T12:23:30.306000+00:00,48.868,75.112,35.794,142.0,176,False,159.774,"[None, 2048, 2048, 2048, 2048, 2048, 2048]","[2048, 2048, 2048, 2048, 2048, 2048, 2048, 2048, 2048, 2048]","[2048, 2048, 2048, 2048, 2048, 2048, 2048, 2048, 2048, 2048]",223
1289,11316,81,19,2026-07-03T12:23:33.165000+00:00,28.655,36.628,25.174,304.0,262,False,90.457,"[2049, 2049, 2049, 2048, 2048, 2048, 2048]","[2048, 2049, 2048, 2048, 2049, 2048, 2048, 2048, 2049, 2048]","[2048, 2048, 2048, 2048, 2048, 2049, 2049, 2049, 2048, 2048]",297
1289,11316,3,21,2026-07-03T12:23:40.225000+00:00,28.692,36.628,24.92,303.0,261,False,90.24,"[2049, 2048, 2049, 2048, 2049, 2048, 2048]","[2048, 2049, 2049, 2049, 2049, 2049, 2048, 2048, 2049, 2049]","[2048, 2048, 2048, 2049, 2051, 2049, 2049, 2049, 2048]",301
1289,11316,10,19,2026-07-03T12:23:47.295000+00:00,38.093,52.812,32.98,198.0,183,False,123.885,"[2049, 2048, 2048, 2048, 2048, 2048, 2048]","[2048, 2048, 2048, 2048, 2048, 2048, 2048, 2048, 2048, 2048]","[2048, 2048, 2048, 2048, 2048, 2048, 2048, 2048, 2048, 2048]",169
1289,11316,6,22,2026-07-03T12:23:49.984000+00:00,36.525,47.598,31.356,269.0,216,False,115.479,"[None, 2048, 2048, 2048, 2048, 2048, 2048]","[2048, 2048, 2048, 2048, 2048, 2048, 2048, 2048, 2048, 2048]","[2048, 2048, 2048, 2048, 2048, 2048, 2048, 2048, 2048, 2048]",281
1289,11316,27,23,2026-07-03T12:23:55.577000+00:00,40.192,48.309,30.972,215.0,213,False,119.473,"[None, 2048, 2048, 2048, 2048, 2048, 2048]","[2048, 2048, 2048, 2048, 2048, 2048, 2048, 2048, 2048, 2048]","[2048, 2048, 2048, 2048, 2048, 2048, 2048, 2048, 2048, 2048]",246
1289,11316,31,22,2026-07-03T12:24:00.065000+00:00,46.325,48.252,29.122,169.0,234,False,123.699,"[None, 2048, 2048, 2048, 2048, 2048, 2048]","[2048, 2048, 2048, 2048, 2048, 2048, 2048, 2048, 2048, 2048]","[2048, 2048, 2048, 2048, 2048, 2048, 2048, 2048, 2048, 2048]",261
1289,11316,5,23,2026-07-03T12:24:19.833000+00:00,40.315,47.943,30.517,220.0,212,False,118.775,"[None, 2048, 2048, 2048, 2048, 2048, 2048]","[2048, 2048, 2048, 2048, 2048, 2048, 2048, 2048, 2048, 2048]","[2048, 2048, 2048, 2048, 2048, 2064, 2064, 2064, 2064, 2064]",217
1289,11316,41,26,2026-07-03T12:24:25.475000+00:00,,44.242,28.898,200.0,251,True,244.669,"[None, 2064, 2048, 2048, 2048, 2048, 2048]","[2048, 2048, 2048, 2048, 2048, 2048, 2048, 2048, 2048, 2048]","[2048, 2048, 2048, 2048, 2048, 2048, 2048, 2048, 2048, 2048]",269
1289,11316,23,25,2026-07-03T12:24:34.210000+00:00,64.778,44.629,27.752,121.0,232,True,137.159,"[None, 2064, 2048, 2048, 2048, 2048, 2048]","[2048, 2048, 2048, 2048, 2048, 2048, 2048, 2048, 2048, 2048]","[2048, 2048, 2048, 2048, 2048, 2048, 2048, 2048, 2048, 2048]",271
1289,11316,14,20,2026-07-03T12:24:40.111000+00:00,49.324,65.992,32.151,121.0,214,False,147.467,"[2048, 2048, 2048, 2048, 2048, 2048, 2048]","[2048, 2048, 2048, 2048, 2048, 2048, 2048, 2048, 2048, 2048]","[2048, 2048, 2048, 2048, 2048, 2048, 2048, 2048, 2048, 2048]",258
1289,11316,1,22,2026-07-03T12:24:41.559000+00:00,65.749,48.22,28.768,274.0,194,True,142.737,"[None, 2064, 2048, 2048, 2048, 2048, 2048]","[2048, 2048, 2048, 2048, 2048, 2048, 2048, 2048, 2048, 2048]","[2048, 2048, 2048, 2048, 2048, 2048, 2048, 2048, 2048, 2048]",278
1289,11316,63,26,2026-07-03T12:24:45.295000+00:00,28.615,36.443,25.181,294.0,262,False,90.239,"[2049, 2048, 2049, 2048, 2048, 2048, 2048]","[2048, 2049, 2049, 2049, 2048, 2048, 2048, 2048, 2048, 2048]","[2048, 2048, 2048, 2048, 2049, 2049, 2049, 2048, 2048, 2048]",295
1289,11316,16,26,2026-07-03T12:24:50.528000+00:00,38.608,50.717,34.585,199.0,200,False,123.91,"[None, 2048, 2048, 2048, 2048, 2048, 2048]","[2048, 2048, 2048, 2048, 2048, 2048, 2048, 2048, 2048, 2048]","[2048, 2048, 2048, 2048, 2048, 2048, 2048, 2048, 2048, 2048]",238
1289,11316,55,28,2026-07-03T12:24:56.429000+00:00,29.146,37.189,25.61,300.0,255,False,91.945,"[2048, 2049, 2049, 2048, 2048, 2048, 2048]","[2049, 2049, 2049, 2048, 2049, 2049, 2048, 2049, 2049, 2048]","[2048, 2048, 2048, 2048, 2048, 2048, 2048, 2048, 2048, 2048]",291
1289,11316,81,20,2026-07-03T12:25:03.651000+00:00,36.416,56.24,33.018,255.0,183,False,125.674,"[2048, 2048, 2048, 2048, 2048, 2048, 2048]","[2048, 2048, 2048, 2048, 2048, 2048, 2048, 2048, 2048, 2048]","[2048, 2048, 2048, 2048, 2048, 2064, 2064, 2064, 2064, 2064]",158
1289,11316,3,22,2026-07-03T12:25:10.318000+00:00,52.275,61.809,38.351,123.0,186,False,152.435,"[2048, 2048, 2048, 2048, 2048, 2048, 2048]","[2048, 2048, 2048, 2048, 2048, 2048, 2048, 2048, 2048, 2048]","[2048, 2048, 2048, 2048, 2048, 2048, 2048, 2048, 2048, 2048]",167
1289,11316,18,21,2026-07-03T12:25:19.428000+00:00,29.341,37.844,26.04,288.0,259,False,93.225,"[None, 2048, 2048, 2049, 2048, 2049, 2049]","[2048, 2048, 2049, 2048, 2048, 2049, 2049, 2049, 2049, 2049]","[2048, 2048, 2048, 2048, 2048, 2048, 2048, 2048, 2048, 2048]",290
1289,11316,30,23,2026-07-03T12:25:21.768000+00:00,,47.084,31.468,227.0,198,True,328.624,"[None, 2064, 2048, 2048, 2048, 2048, 2048]","[2048, 2048, 2048, 2048, 2048, 2048, 2048, 2048, 2048, 2048]","[2048, 2048, 2048, 2048, 2048, 2048, 2048, 2048, 2048, 2048]",258
1289,11316,43,23,2026-07-03T12:25:35.109000+00:00,28.726,36.964,25.276,312.0,262,False,90.966,"[None, 2049, 2049, 2048, 2049, 2049, 2048]","[2051, 2048, 2048, 2048, 2048, 2049, 2049, 2048, 2048, 2049]","[2048, 2048, 2048, 2049, 2048, 2048, 2049, 2049, 2048]",300
1289,11316,6,23,2026-07-03T12:25:45.413000+00:00,36.244,45.73,30.371,267.0,205,False,112.345,"[None, 2048, 2048, 2048, 2048, 2048, 2048]","[2048, 2048, 2048, 2048, 2048, 2048, 2048, 2048, 2048, 2048]","[2048, 2048, 2048, 2048, 2048, 2048, 2048, 2048, 2048, 2048]",177
1289,11316,10,20,2026-07-03T12:25:51.215000+00:00,29.311,37.29,25.594,311.0,259,False,92.195,"[2048, 2048, 2049, 2048, 2048, 2049, 2049]","[2049, 2049, 2048, 2049, 2048, 2049, 2049, 2049, 2049, 2048]","[2048, 2048, 2048, 2048, 2049, 2049, 2049, 2049, 2049, 2048]",296
1289,11316,27,24,2026-07-03T12:25:55.256000+00:00,39.257,49.265,31.839,184.0,207,False,120.361,"[None, 2048, 2048, 2048, 2048, 2048, 2048]","[2048, 2048, 2048, 2048, 2048, 2048, 2048, 2048, 2048, 2048]","[2048, 2048, 2048, 2048, 2048, 2048, 2048, 2048, 2048, 2048]",272
1289,11316,87,22,2026-07-03T12:25:56.599000+00:00,,45.235,32.98,271.0,236,True,196.162,"[None, 2064, 2048, 2048, 2048, 2048, 2048]","[2048, 2048, 2048, 2048, 2048, 2048, 2048, 2048, 2048, 2048]","[2048, 2048, 2048, 2048, 2048, 2048, 2048, 2048, 2048, 2048]",248
1289,11316,31,23,2026-07-03T12:26:03.774000+00:00,29.173,37.058,25.453,292.0,264,False,91.684,"[None, 2048, 2048, 2048, 2049, 2048, 2048]","[2048, 2049, 2048, 2049, 2048, 2049, 2049, 2049, 2049, 2049]","[2048, 2048, 2048, 2048, 2049, 2048, 2048, 2049, 2048, 2048]",298
1289,11316,44,27,2026-07-03T12:26:10.071000+00:00,39.268,46.642,34.338,267.0,235,False,120.248,"[None, 2048, 2048, 2048, 2048, 2048, 2048]","[2048, 2048, 2048, 2048, 2048, 2048, 2048, 2048, 2048, 2048]","[2048, 2048, 2048, 2048, 2048, 2048, 2048, 2048, 2048, 2048]",285
1289,11316,41,27,2026-07-03T12:26:14.134000+00:00,29.502,51.354,29.186,218.0,238,False,110.042,"[2049, 2049, 2049, 2048, 2048, 2048, 2048]","[2048, 2048, 2048, 2048, 2048, 2048, 2048, 2048, 2048, 2048]","[2048, 2048, 2048, 2048, 2048, 2048, 2048, 2048, 2048, 2048]",283
1289,11316,63,27,2026-07-03T12:26:15.509000+00:00,34.74,45.001,27.563,262.0,246,False,107.304,"[2048, 2048, 2048, 2048, 2048, 2048, 2048]","[2048, 2048, 2048, 2048, 2048, 2048, 2048, 2048, 2048, 2048]","[2048, 2048, 2048, 2048, 2048, 2064, 2064, 2064, 2064, 2064]",241
1289,11316,11,19,2026-07-03T12:26:26.228000+00:00,,41.19,34.023,284.0,243,True,883.633,"[None, 2064, 2048, 2048, 2048, 2048, 2048]","[2048, 2048, 2048, 2048, 2048, 2048, 2048, 2048, 2048, 2048]","[2048, 2048, 2048, 2048, 2048, 2048, 2048, 2049, 2048, 2048]",176
1289,11316,23,26,2026-07-03T12:26:26.274000+00:00,29.035,37.256,25.722,301.0,256,False,92.013,"[2048, 2048, 2048, 2048, 2048, 2049, 2048]","[2048, 2048, 2048, 2049, 2048, 2048, 2048, 2049, 2048, 2049]","[2048, 2048, 2048, 2049, 2048, 2048, 2049, 2048, 2048]",289
1289,11316,55,29,2026-07-03T12:26:28.337000+00:00,39.918,47.509,29.776,197.0,210,False,117.203,"[None, 2048, 2048, 2048, 2048, 2048, 2048]","[2048, 2048, 2048, 2048, 2048, 2048, 2048, 2048, 2048, 2048]","[2048, 2048, 2048, 2048, 2048, 2064, 2064, 2064, 2064, 2064]",201
1289,11316,5,24,2026-07-03T12:26:36.374000+00:00,56.161,48.758,31.04,207.0,200,True,135.959,"[None, 2064, 2048, 2048, 2048, 2048, 2048]","[2048, 2048, 2048, 2048, 2048, 2048, 2048, 2048, 2048, 2048]","[2048, 2048, 2048, 2048, 2048, 2048, 2048, 2048, 2048, 2048]",240
1289,11316,1,23,2026-07-03T12:26:37.359000+00:00,28.635,36.483,25.558,302.0,263,False,90.676,"[2048, 2049, 2048, 2048, 2049, 2048, 2048]","[2048, 2048, 2051, 2049, 2048, 2049, 2048, 2048, 2048, 2049]","[2048, 2048, 2048, 2049, 2048, 2048, 2048, 2048, 2048, 2048]",302
1289,11316,18,22,2026-07-03T12:26:52.531000+00:00,52.734,58.865,31.438,116.0,162,False,143.037,"[None, 2048, 2048, 2048, 2048, 2048, 2048]","[2048, 2048, 2048, 2048, 2048, 2048, 2048, 2048, 2048, 2048]","[2048, 2048, 2048, 2048, 2048, 2048, 2048, 2048, 2048, 2048]",252
1289,11316,16,27,2026-07-03T12:26:54.468000+00:00,34.57,44.234,28.6,244.0,232,False,107.404,"[None, 2048, 2048, 2048, 2048, 2048, 2048]","[2048, 2048, 2048, 2048, 2048, 2048, 2048, 2048, 2048, 2048]","[2048, 2048, 2048, 2048, 2048, 2048, 2048, 2048, 2048, 2048]",275
1289,11316,77,18,2026-07-03T12:26:57.578000+00:00,,44.648,29.746,239.0,229,True,678.249,"[None, 2064, 2048, 2048, 2048, 2048, 2048]","[2048, 2048, 2048, 2048, 2048, 2048, 2048, 2048, 2048, 2048]","[2048, 2048, 2048, 2048, 2048, 2048, 2048, 2048, 2048, 2048]",275
1289,11316,43,24,2026-07-03T12:27:05.984000+00:00,38.655,44.282,26.887,199.0,231,False,109.824,"[None, 2048, 2048, 2048, 2048, 2048, 2048]","[2048, 2048, 2048, 2048, 2048, 2048, 2048, 2048, 2048, 2048]","[2048, 2048, 2048, 2048, 2048, 2064, 2064, 2064, 2064, 2064]",282
1289,11316,14,21,2026-07-03T12:27:07.573000+00:00,31.088,53.579,37.172,217.0,213,False,121.839,"[None, 2049, 2048, 2048, 2048, 2048, 2048]","[2048, 2048, 2048, 2048, 2048, 2048, 2048, 2048, 2048, 2048]","[2048, 2048, 2048, 2048, 2048, 2048, 2048, 2048, 2048, 2048]",258
1289,11316,30,24,2026-07-03T12:27:16.771000+00:00,28.884,37.005,25.332,304.0,261,False,91.221,"[2048, 2048, 2048, 2048, 2048, 2048, 2049]","[2048, 2049, 2048, 2048, 2049, 2048, 2048, 2049, 2049, 2048]","[2048, 2048, 2048, 2048, 2048, 2048, 2048, 2048, 2048, 2048]",298
1289,11316,10,21,2026-07-03T12:27:23.318000+00:00,32.889,42.776,27.528,276.0,254,False,103.193,"[None, 2048, 2048, 2048, 2048, 2048, 2048]","[2048, 2048, 2048, 2048, 2048, 2048, 2048, 2048, 2048, 2048]","[2048, 2049, 2049, 2048, 2048, 2064, 2064, 2064, 2064, 2064]",303
1289,11316,81,21,2026-07-03T12:27:34.693000+00:00,61.839,46.44,31.828,269.0,235,True,140.107,"[None, 2064, 2048, 2048, 2048, 2048, 2048]","[2048, 2048, 2048, 2048, 2048, 2048, 2048, 2048, 2048, 2048]","[2048, 2048, 2048, 2048, 2048, 2048, 2048, 2048, 2048, 2048]",167
1289,11316,31,24,2026-07-03T12:27:35.396000+00:00,37.997,54.215,57.961,162.0,191,False,150.173,"[None, 2048, 2048, 2048, 2048, 2048, 2048]","[2048, 2048, 2048, 2048, 2048, 2048, 2048, 2048, 2048, 2048]","[2048, 2048, 2048, 2048, 2048, 2048, 2048, 2048, 2048, 2048]",128
1289,11316,6,24,2026-07-03T12:27:37.791000+00:00,28.673,36.558,25.183,298.0,262,False,90.414,"[None, 2048, 2049, 2048, 2048, 2049, 2048]","[2048, 2048, 2049, 2049, 2048, 2048, 2048, 2048, 2049, 2048]","[2048, 2048, 2048, 2049, 2048, 2048, 2048, 2048, 2048, 2048]",302
1289,11316,3,23,2026-07-03T12:27:42.918000+00:00,39.12,46.272,30.137,117.0,238,False,115.529,"[None, 2048, 2048, 2048, 2048, 2048, 2048]","[2048, 2048, 2048, 2048, 2048, 2048, 2048, 2048, 2048, 2048]","[2048, 2048, 2048, 2048, 2048, 2048, 2048, 2049, 2048, 2048]",202
1289,11316,87,23,2026-07-03T12:27:46.637000+00:00,29.179,36.822,25.372,297.0,263,False,91.373,"[2048, 2048, 2049, 2048, 2049, 2048, 2048]","[2049, 2049, 2048, 2049, 2048, 2049, 2049, 2049, 2049, 2049]","[2048, 2048, 2048, 2048, 2049, 2048, 2048, 2048, 2049, 2048]",295
1289,11316,27,25,2026-07-03T12:27:55.524000+00:00,28.947,36.619,25.177,294.0,263,False,90.743,"[None, 2048, 2048, 2048, 2048, 2048, 2049]","[2048, 2049, 2049, 2049, 2048, 2049, 2048, 2048, 2048, 2049]","[2048, 2048, 2048, 2049, 2048, 2048, 2048, 2051, 2048, 2048]",298
1289,11316,23,27,2026-07-03T12:27:58.242000+00:00,43.139,53.797,34.992,225.0,181,False,131.928,"[None, 2048, 2048, 2048, 2048, 2048, 2048]","[2048, 2048, 2048, 2048, 2048, 2048, 2048, 2048, 2048, 2048]","[2048, 2048, 2048, 2048, 2048, 2048, 2048, 2048, 2048, 2048]",156
1289,11316,41,28,2026-07-03T12:28:04.315000+00:00,29.202,37.335,25.567,298.0,261,False,92.104,"[2048, 2048, 2048, 2048, 2048, 2048, 2048]","[2048, 2049, 2048, 2048, 2048, 2048, 2048, 2048, 2048, 2048]","[2048, 2048, 2048, 2048, 2048, 2048, 2049, 2048, 2048, 2048]",299
1289,11316,1,24,2026-07-03T12:28:08.127000+00:00,41.116,49.246,33.223,159.0,235,False,123.585,"[None, 2048, 2048, 2048, 2048, 2048, 2048]","[2048, 2048, 2048, 2048, 2048, 2048, 2048, 2048, 2048, 2048]","[2048, 2048, 2048, 2048, 2048, 2048, 2048, 2048, 2048, 2048]",175
1289,11316,44,28,2026-07-03T12:28:10.362000+00:00,28.747,36.177,24.837,296.0,267,False,89.761,"[None, 2048, 2048, 2048, 2048, 2048, 2048]","[2048, 2048, 2051, 2049, 2048, 2049, 2048, 2048, 2048, 2049]","[2048, 2048, 2048, 2049, 2048, 2048, 2048, 2048, 2048, 2048]",306
1289,11316,11,20,2026-07-03T12:28:13.784000+00:00,29.318,37.2,25.723,298.0,265,False,92.241,"[2049, 2049, 2048, 2048, 2048, 2049, 2049]","[2049, 2049, 2048, 2049, 2049, 2049, 2049, 2049, 2049, 2049]","[2048, 2048, 2048, 2048, 2049, 2049, 2049, 2048, 2048, 2048]",303
1289,11316,5,25,2026-07-03T12:28:34.690000+00:00,29.154,37.45,25.663,290.0,261,False,92.267,"[2048, 2048, 2049, 2048, 2048, 2048, 2048]","[2048, 2049, 2048, 2048, 2048, 2048, 2048, 2048, 2048, 2048]","[2048, 2048, 2048, 2048, 2048, 2048, 2048, 2048, 2048, 2048]",295
1289,11316,16,28,2026-07-03T12:28:41.918000+00:00,28.918,36.233,25.136,288.0,267,False,90.287,"[None, 2048, 2049, 2048, 2048, 2048, 2048]","[2048, 2051, 2048, 2049, 2049, 2051, 2048, 2048, 2048, 2048]","[2048, 2048, 2048, 2048, 2048, 2048, 2048, 2048, 2048, 2048]",305
1289,11316,77,19,2026-07-03T12:28:43.996000+00:00,29.192,37.452,25.506,299.0,262,False,92.15,"[2048, 2049, 2049, 2048, 2049, 2049, 2048]","[2049, 2049, 2048, 2048, 2049, 2049, 2049, 2049, 2049, 2048]","[2048, 2048, 2048, 2048, 2049, 2049, 2048, 2048, 2048, 2048]",304
1289,11316,30,25,2026-07-03T12:28:48.074000+00:00,37.954,48.744,33.291,229.0,176,False,119.989,"[None, 2048, 2048, 2048, 2048, 2048, 2048]","[2048, 2048, 2048, 2048, 2048, 2048, 2048, 2048, 2048, 2048]","[2048, 2048, 2048, 2048, 2048, 2048, 2048, 2048, 2048, 2048]",251
1289,11316,6,25,2026-07-03T12:29:08.218000+00:00,41.965,51.402,38.017,238.0,117,False,131.384,"[None, 2048, 2048, 2048, 2048, 2048, 2048]","[2048, 2048, 2048, 2048, 2048, 2048, 2048, 2048, 2048, 2048]","[2048, 2048, 2048, 2048, 2048, 2048, 2048, 2048, 2048, 2048]",264
1289,11316,14,22,2026-07-03T12:29:09.468000+00:00,29.61,37.847,27.127,290.0,258,False,94.584,"[None, 2048, 2048, 2048, 2048, 2048, 2048]","[2048, 2049, 2048, 2049, 2048, 2048, 2048, 2048, 2048, 2048]","[2048, 2048, 2048, 2049, 2048, 2048, 2048, 2048, 2048, 2048]",292
1289,11316,63,28,2026-07-03T12:29:09.984000+00:00,98.542,41.559,28.856,293.0,242,True,168.957,"[None, 2064, 2048, 2048, 2048, 2048, 2048]","[2048, 2048, 2048, 2048, 2048, 2048, 2048, 2048, 2048, 2048]","[2048, 2048, 2048, 2048, 2048, 2048, 2048, 2048, 2048, 2048]",256
1289,11316,55,30,2026-07-03T12:29:15.359000+00:00,84.264,41.109,27.026,282.0,239,True,152.399,"[2064, 2064, 2048, 2048, 2048, 2048, 2048]","[2048, 2048, 2048, 2048, 2048, 2048, 2048, 2048, 2048, 2048]","[2048, 2048, 2048, 2048, 2048, 2048, 2048, 2048, 2048, 2048]",280
1289,11316,18,23,2026-07-03T12:29:15.640000+00:00,37.655,48.045,33.823,182.0,227,False,119.523,"[None, 2048, 2049, 2048, 2048, 2048, 2048]","[2048, 2048, 2048, 2048, 2048, 2048, 2048, 2048, 2048, 2048]","[2048, 2048, 2048, 2048, 2048, 2048, 2048, 2048, 2048, 2048]",169
1289,11316,87,24,2026-07-03T12:29:17.843000+00:00,46.734,46.37,29.114,133.0,221,False,122.218,"[None, 2048, 2048, 2048, 2048, 2048, 2048]","[2048, 2048, 2048, 2048, 2048, 2048, 2048, 2048, 2048, 2048]","[2048, 2048, 2048, 2048, 2048, 2048, 2048, 2048, 2048, 2048]",280
1289,11316,43,25,2026-07-03T12:29:19.640000+00:00,61.529,44.04,29.993,173.0,251,True,135.562,"[2064, 2064, 2048, 2048, 2048, 2048, 2048]","[2048, 2048, 2048, 2048, 2048, 2048, 2048, 2048, 2048, 2048]","[2048, 2049, 2048, 2048, 2048, 2048, 2048, 2048, 2048, 2048]",239
1289,11316,27,26,2026-07-03T12:29:26.159000+00:00,40.888,48.795,28.953,132.0,230,False,118.636,"[None, 2048, 2048, 2048, 2048, 2048, 2048]","[2048, 2048, 2048, 2048, 2048, 2048, 2048, 2048, 2048, 2048]","[2048, 2048, 2048, 2048, 2048, 2048, 2048, 2048, 2048, 2048]",265
1289,11316,12,26,2026-07-03T12:29:28.068000+00:00,,43.886,27.64,270.0,256,True,494.394,"[None, 2064, 2048, 2048, 2048, 2048, 2048]","[2048, 2048, 2048, 2048, 2048, 2048, 2048, 2048, 2048, 2048]","[2048, 2048, 2048, 2048, 2048, 2048, 2048, 2048, 2048, 2048]",300
1289,11316,81,22,2026-07-03T12:29:29.490000+00:00,28.762,36.448,25.119,304.0,263,False,90.329,"[2048, 2048, 2048, 2048, 2048, 2048, 2048]","[2048, 2049, 2048, 2049, 2049, 2049, 2049, 2049, 2048, 2048]","[2048, 2048, 2048, 2049, 2048, 2048, 2048, 2051, 2048, 2048]",301
1289,11316,10,22,2026-07-03T12:29:32.502000+00:00,59.737,44.668,32.872,156.0,198,True,137.277,"[None, 2064, 2048, 2048, 2048, 2048, 2048]","[2048, 2048, 2048, 2048, 2048, 2048, 2048, 2048, 2048, 2048]","[2048, 2048, 2048, 2048, 2048, 2048, 2048, 2048, 2048, 2048]",210
1289,11316,41,29,2026-07-03T12:29:36.268000+00:00,36.64,53.066,35.399,223.0,175,False,125.105,"[None, 2048, 2048, 2048, 2048, 2048, 2048]","[2048, 2048, 2048, 2048, 2048, 2048, 2048, 2048, 2048, 2048]","[2048, 2048, 2048, 2048, 2048, 2048, 2048, 2048, 2048, 2048]",217
1289,11316,3,24,2026-07-03T12:29:38.483000+00:00,28.671,36.462,25.135,304.0,263,False,90.268,"[2049, 2049, 2049, 2048, 2048, 2048, 2049]","[2049, 2049, 2048, 2049, 2049, 2049, 2049, 2048, 2048, 2049]","[2048, 2048, 2048, 2048, 2048, 2048, 2048, 2048, 2048, 2048]",302
1289,11316,44,29,2026-07-03T12:29:40.066000+00:00,41.657,37.694,25.647,265.0,266,False,104.998,"[None, 2048, 2048, 2048, 2048, 2048, 2048]","[2048, 2048, 2048, 2048, 2048, 2048, 2048, 2048, 2048, 2048]","[2049, 2049, 2049, 2048, 2048, 2048, 2048, 2048, 2048, 2048]",316
1289,11316,11,21,2026-07-03T12:29:45.980000+00:00,44.611,52.015,30.47,230.0,183,False,127.096,"[2048, 2048, 2048, 2048, 2048, 2048, 2048]","[2048, 2048, 2048, 2048, 2048, 2048, 2048, 2048, 2048, 2048]","[2048, 2048, 2048, 2048, 2048, 2048, 2048, 2048, 2048, 2048]",276
1289,11316,31,25,2026-07-03T12:30:05.609000+00:00,42.449,47.293,36.624,200.0,224,False,126.366,"[None, 2048, 2048, 2048, 2048, 2048, 2048]","[2048, 2048, 2048, 2048, 2048, 2048, 2048, 2048, 2048, 2048]","[2048, 2048, 2048, 2048, 2048, 2048, 2048, 2048, 2048, 2048]",269
1289,11316,5,26,2026-07-03T12:30:06.937000+00:00,43.357,52.027,40.72,191.0,195,False,136.104,"[None, 2048, 2048, 2048, 2048, 2048, 2048]","[2048, 2048, 2048, 2048, 2048, 2048, 2048, 2048, 2048, 2048]","[2048, 2048, 2048, 2048, 2048, 2048, 2048, 2048, 2048, 2048]",216
1289,11316,23,28,2026-07-03T12:30:10.146000+00:00,31.951,44.401,37.371,252.0,214,False,113.723,"[None, 2048, 2048, 2048, 2048, 2048, 2048]","[2048, 2048, 2048, 2048, 2048, 2048, 2048, 2048, 2048, 2048]","[2048, 2048, 2048, 2048, 2048, 2048, 2048, 2048, 2048, 2048]",236
1289,11316,1,25,2026-07-03T12:30:11.646000+00:00,37.931,46.601,41.002,250.0,226,False,125.534,"[None, 2048, 2048, 2048, 2048, 2048, 2048]","[2048, 2048, 2048, 2048, 2048, 2048, 2048, 2048, 2048, 2048]","[2048, 2048, 2048, 2048, 2048, 2048, 2048, 2048, 2048, 2048]",251
1289,11316,16,29,2026-07-03T12:30:12.208000+00:00,41.411,52.469,39.415,197.0,200,False,133.295,"[None, 2048, 2048, 2048, 2048, 2048, 2048]","[2048, 2048, 2048, 2048, 2048, 2048, 2048, 2048, 2048, 2048]","[2048, 2048, 2048, 2048, 2048, 2048, 2048, 2048, 2048, 2048]",218
1289,11316,77,20,2026-07-03T12:30:16.099000+00:00,44.491,48.898,40.942,238.0,202,False,134.331,"[None, 2048, 2048, 2048, 2048, 2048, 2048]","[2048, 2048, 2048, 2048, 2048, 2048, 2048, 2048, 2048, 2048]","[2048, 2048, 2048, 2048, 2048, 2048, 2048, 2048, 2048, 2048]",207
1289,11316,14,23,2026-07-03T12:30:43.999000+00:00,33.909,42.126,37.461,219.0,235,False,113.496,"[None, 2048, 2048, 2048, 2048, 2048, 2048]","[2048, 2048, 2048, 2048, 2048, 2048, 2048, 2048, 2048, 2048]","[2048, 2048, 2048, 2048, 2048, 2048, 2048, 2048, 2048, 2048]",217
1289,11316,30,26,2026-07-03T12:30:48.062000+00:00,35.639,45.636,39.888,235.0,227,False,121.163,"[None, 2048, 2048, 2048, 2048, 2048, 2048]","[2048, 2048, 2048, 2048, 2048, 2048, 2048, 2048, 2048, 2048]","[2048, 2048, 2048, 2048, 2048, 2048, 2048, 2048, 2048, 2048]",262
1289,11316,63,29,2026-07-03T12:30:51.796000+00:00,32.341,42.851,38.292,244.0,245,False,113.484,"[2048, 2048, 2048, 2048, 2048, 2048, 2048]","[2048, 2048, 2048, 2048, 2048, 2048, 2048, 2048, 2048, 2048]","[2048, 2048, 2048, 2048, 2048, 2048, 2048, 2048, 2048, 2048]",255
1289,11316,55,31,2026-07-03T12:30:57.999000+00:00,31.072,40.999,38.963,269.0,235,False,111.034,"[2048, 2048, 2048, 2048, 2048, 2048, 2048]","[2048, 2048, 2048, 2048, 2048, 2048, 2048, 2048, 2048, 2048]","[2048, 2048, 2048, 2048, 2048, 2048, 2048, 2048, 2048, 2048]",265
1289,11316,81,23,2026-07-03T12:30:59.733000+00:00,38.851,55.926,47.082,241.0,164,False,141.859,"[None, 2048, 2048, 2048, 2048, 2048, 2048]","[2048, 2048, 2048, 2048, 2048, 2048, 2048, 2048, 2048, 2048]","[2048, 2048, 2048, 2048, 2048, 2048, 2048, 2048, 2048, 2048]",201
1289,11316,3,25,2026-07-03T12:31:08.655000+00:00,46.709,53.943,43.081,160.0,232,False,143.733,"[2048, 2048, 2048, 2048, 2048, 2048, 2048]","[2048, 2048, 2048, 2048, 2048, 2048, 2048, 2048, 2048, 2048]","[2048, 2048, 2048, 2048, 2048, 2048, 2048, 2048, 2048, 2048]",241
1289,11316,43,26,2026-07-03T12:31:11.483000+00:00,33.094,41.305,40.124,278.0,243,False,114.523,"[2048, 2048, 2048, 2048, 2048, 2048, 2048]","[2048, 2048, 2048, 2048, 2048, 2048, 2048, 2048, 2048, 2048]","[2048, 2048, 2048, 2048, 2048, 2048, 2048, 2048, 2048, 2048]",282
1289,11316,12,27,2026-07-03T12:31:13.124000+00:00,31.206,38.177,38.31,309.0,244,False,107.693,"[2048, 2048, 2048, 2048, 2048, 2048, 2048]","[2048, 2048, 2048, 2048, 2048, 2048, 2048, 2048, 2048, 2048]","[2048, 2048, 2048, 2048, 2048, 2048, 2048, 2048, 2048, 2048]",271
1289,11316,18,24,2026-07-03T12:31:15.140000+00:00,41.965,62.133,74.543,154.0,197,False,178.641,"[None, 2048, 2048, 2048, 2048, 2048, 2048]","[2048, 2048, 2048, 2048, 2048, 2048, 2048, 2048, 2048, 2048]","[2048, 2048, 2048, 2048, 2048, 2048, 2048, 2048, 2048, 2048]",204
1289,11316,6,26,2026-07-03T12:31:19.598000+00:00,40.703,51.532,44.186,207.0,196,False,136.421,"[None, 2048, 2048, 2048, 2048, 2048, 2048]","[2048, 2048, 2048, 2048, 2048, 2048, 2048, 2048, 2048, 2048]","[2048, 2048, 2048, 2048, 2048, 2048, 2048, 2048, 2048, 2048]",257
1289,11316,87,25,2026-07-03T12:31:20.213000+00:00,38.725,43.185,41.115,236.0,245,False,123.025,"[None, 2048, 2048, 2048, 2048, 2048, 2048]","[2048, 2048, 2048, 2048, 2048, 2048, 2048, 2048, 2048, 2048]","[2048, 2048, 2048, 2048, 2048, 2048, 2048, 2048, 2048, 2048]",257
1289,11316,10,23,2026-07-03T12:31:23.910000+00:00,35.515,46.874,40.607,199.0,198,False,122.996,"[2048, 2048, 2048, 2048, 2048, 2048, 2048]","[2048, 2048, 2048, 2048, 2048, 2048, 2048, 2048, 2048, 2048]","[2048, 2048, 2048, 2048, 2048, 2048, 2048, 2048, 2048, 2048]",200
1289,11316,27,27,2026-07-03T12:31:24.862000+00:00,39.547,50.544,47.248,184.0,201,False,137.339,"[None, 2048, 2048, 2048, 2048, 2048, 2048]","[2048, 2048, 2048, 2048, 2048, 2048, 2048, 2048, 2048, 2048]","[2048, 2048, 2048, 2048, 2048, 2048, 2048, 2048, 2048, 2048]",220
1289,11316,44,30,2026-07-03T12:31:25.112000+00:00,36.324,52.351,47.959,222.0,197,False,136.634,"[None, 2048, 2048, 2048, 2048, 2048, 2048]","[2048, 2048, 2048, 2048, 2048, 2048, 2048, 2048, 2048, 2048]","[2048, 2048, 2048, 2048, 2048, 2048, 2048, 2048, 2048, 2048]",265
1289,11316,41,30,2026-07-03T12:31:41.425000+00:00,40.599,51.586,71.304,258.0,171,False,163.489,"[None, 2048, 2048, 2048, 2048, 2048, 2048]","[2048, 2048, 2048, 2048, 2048, 2048, 2048, 2048, 2048, 2048]","[2048, 2048, 2048, 2048, 2048, 2048, 2048, 2048, 2048]",259
1289,11316,11,22,2026-07-03T12:31:53.128000+00:00,29.704,53.303,42.361,291.0,173,False,125.368,"[None, 2048, 2048, 2048, 2048, 2048, 2048]","[2048, 2048, 2048, 2048, 2048, 2048, 2048, 2048, 2048, 2048]","[2048, 2048, 2048, 2048, 2048, 2048, 2048, 2048, 2048, 2048]",266
1289,11316,23,29,2026-07-03T12:32:03.927000+00:00,56.216,48.666,37.611,279.0,197,False,142.493,"[None, 2048, 2048, 2048, 2048, 2048, 2048]","[2048, 2048, 2048, 2048, 2048, 2048, 2048, 2048, 2048, 2048]","[2048, 2048, 2048, 2048, 2048, 2048, 2048, 2048, 2048, 2048]",290
1289,11316,31,26,2026-07-03T12:32:12.146000+00:00,62.254,49.695,39.283,232.0,212,False,151.232,"[None, 2048, 2048, 2048, 2048, 2048, 2048]","[2048, 2048, 2048, 2048, 2048, 2048, 2048, 2048, 2048, 2048]","[2048, 2048, 2048, 2048, 2048, 2048, 2048, 2048, 2048, 2048]",224
1289,11316,1,26,2026-07-03T12:32:17.239000+00:00,73.267,43.945,38.897,284.0,206,False,156.109,"[None, 2048, 2048, 2048, 2048, 2048, 2048]","[2048, 2048, 2048, 2048, 2048, 2048, 2048, 2048, 2048, 2048]","[2048, 2048, 2048, 2048, 2048, 2048, 2048, 2048, 2048, 2048]",235
1289,11316,5,27,2026-07-03T12:32:22.989000+00:00,65.899,46.735,41.927,243.0,205,False,154.561,"[None, 2048, 2048, 2048, 2048, 2048, 2048]","[2048, 2048, 2048, 2048, 2048, 2048, 2048, 2048, 2048, 2048]","[2048, 2048, 2048, 2048, 2048, 2048, 2048, 2048, 2048, 2048]",235
1289,11316,16,30,2026-07-03T12:32:25.396000+00:00,65.918,45.953,41.87,263.0,219,False,153.741,"[None, 2048, 2048, 2048, 2048, 2048, 2048]","[2048, 2048, 2048, 2048, 2048, 2048, 2048, 2048, 2048, 2048]","[2048, 2048, 2048, 2048, 2048, 2048, 2048, 2048, 2048, 2048]",220
1289,11316,77,21,2026-07-03T12:32:30.474000+00:00,66.913,48.19,40.036,283.0,209,False,155.139,"[None, 2048, 2048, 2048, 2048, 2048, 2048]","[2048, 2048, 2048, 2048, 2048, 2048, 2048, 2048, 2048, 2048]","[2048, 2048, 2048, 2048, 2048, 2048, 2048, 2048, 2048, 2048]",242
1289,11316,14,24,2026-07-03T12:32:37.503000+00:00,70.438,46.83,37.421,248.0,228,False,154.689,"[None, 2048, 2048, 2048, 2048, 2048, 2048]","[2048, 2048, 2048, 2048, 2048, 2048, 2048, 2048, 2048, 2048]","[2048, 2048, 2048, 2048, 2048, 2048, 2048, 2048, 2048, 2048]",252
1289,11316,63,30,2026-07-03T12:32:45.394000+00:00,61.703,44.375,39.163,280.0,240,False,145.241,"[None, 2048, 2048, 2048, 2048, 2048, 2048]","[2048, 2048, 2048, 2048, 2048, 2048, 2048, 2048, 2048, 2048]","[2048, 2048, 2048, 2048, 2048, 2048, 2048, 2048, 2048, 2048]",264
1289,11316,55,32,2026-07-03T12:32:49.097000+00:00,64.878,41.808,40.677,290.0,203,False,147.363,"[None, 2048, 2048, 2048, 2048, 2048, 2048]","[2048, 2048, 2048, 2048, 2048, 2048, 2048, 2048, 2048, 2048]","[2048, 2048, 2048, 2048, 2048, 2048, 2048, 2048, 2048, 2048]",237
1289,11316,30,27,2026-07-03T12:32:49.253000+00:00,63.355,42.499,44.624,279.0,236,False,150.478,"[None, 2048, 2048, 2048, 2048, 2048, 2048]","[2048, 2048, 2048, 2048, 2048, 2048, 2048, 2048, 2048, 2048]","[2048, 2048, 2048, 2048, 2048, 2048, 2048, 2048, 2048, 2048]",226
1289,11316,12,28,2026-07-03T12:33:00.957000+00:00,64.119,54.966,49.739,231.0,186,False,168.824,"[None, 2048, 2048, 2048, 2048, 2048, 2048]","[2048, 2048, 2048, 2048, 2048, 2048, 2048, 2048, 2048, 2048]","[2048, 2048, 2048, 2048, 2048, 2048, 2048, 2048, 2048, 2048]",227
1289,11316,43,27,2026-07-03T12:33:05.925000+00:00,57.191,42.296,45.72,286.0,195,False,145.207,"[None, 2048, 2048, 2048, 2048, 2048, 2048]","[2048, 2048, 2048, 2048, 2048, 2048, 2048, 2048, 2048, 2048]","[2048, 2048, 2048, 2048, 2048, 2048, 2048, 2048, 2048, 2048]",271
1289,11316,81,24,2026-07-03T12:33:21.707000+00:00,61.115,47.437,43.619,201.0,215,False,152.171,"[None, 2048, 2048, 2048, 2048, 2048, 2048]","[2048, 2048, 2048, 2048, 2048, 2048, 2048, 2048, 2048, 2048]","[2048, 2048, 2048, 2048, 2048, 2048, 2048, 2048, 2048, 2048]",203
1289,11316,87,26,2026-07-03T12:33:23.207000+00:00,59.745,41.595,43.864,284.0,259,False,145.204,"[None, 2048, 2048, 2048, 2048, 2048, 2048]","[2048, 2048, 2048, 2048, 2048, 2048, 2048, 2048, 2048, 2048]","[2048, 2048, 2048, 2048, 2048, 2048, 2048, 2048, 2048, 2048]",203
1289,11316,10,24,2026-07-03T12:33:26.832000+00:00,72.468,49.857,34.342,,198,False,156.667,"[None, 2048, 2048, 2048, 2048, 2048, 2048]","[2048, 2048, 2048, 2048, 2048, 2048, 2048, 2048, 2048, 2048]","[2048, 2048, 2048, 2048, 2048, 2048, 2048, 2048, 2048, 2048]",257
1289,11316,3,26,2026-07-03T12:33:32.378000+00:00,75.017,43.668,38.463,248.0,236,False,157.148,"[None, 2048, 2048, 2048, 2048, 2048, 2048]","[2048, 2048, 2048, 2048, 2048, 2048, 2048, 2048, 2048, 2048]","[2048, 2048, 2048, 2048, 2048, 2048, 2048, 2048, 2048, 2048]",245
1289,11316,6,27,2026-07-03T12:33:35.988000+00:00,79.15,42.085,75.915,286.0,190,False,197.15,"[None, 2048, 2048, 2048, 2048, 2048, 2048]","[2048, 2048, 2048, 2048, 2048, 2048, 2048, 2048, 2048, 2048]","[2048, 2048, 2048, 2048, 2048, 2048, 2048, 2048, 2048, 2048]",277
1289,11316,44,31,2026-07-03T12:33:41.738000+00:00,73.488,52.488,43.328,276.0,160,False,169.304,"[None, 2048, 2048, 2048, 2048, 2048, 2048]","[2048, 2048, 2048, 2048, 2048, 2048, 2048, 2048, 2048, 2048]","[2048, 2048, 2048, 2048, 2048, 2048, 2048, 2048, 2048, 2048]",208
1289,11316,27,28,2026-07-03T12:33:42.363000+00:00,88.824,40.058,38.011,279.0,245,False,166.893,"[2048, 2048, 2048, 2048, 2048, 2048, 2048]","[2048, 2048, 2048, 2048, 2048, 2048, 2048, 2048, 2048, 2048]","[2048, 2048, 2048, 2048, 2048, 2048, 2048, 2048, 2048, 2048]",245
1289,11316,11,23,2026-07-03T12:33:58.458000+00:00,75.296,40.372,27.413,271.0,249,False,143.081,"[None, 2048, 2048, 2048, 2048, 2048, 2048]","[2048, 2048, 2048, 2048, 2048, 2048, 2048, 2048, 2048, 2048]","[2048, 2048, 2048, 2048, 2048, 2064, 2064, 2064, 2064, 2064]",284
1289,11316,18,25,2026-07-03T12:34:13.811000+00:00,36.4,44.867,42.165,230.0,236,False,123.432,"[None, 2048, 2048, 2048, 2048, 2048, 2048]","[2048, 2048, 2048, 2048, 2048, 2048, 2048, 2048, 2048, 2048]","[2048, 2048, 2048, 2048, 2048, 2048, 2048, 2048, 2048, 2048]",231
1289,11316,41,31,2026-07-03T12:34:24.836000+00:00,32.316,53.151,74.076,293.0,147,False,159.543,"[None, 2048, 2048, 2048, 2048, 2048, 2048]","[2048, 2048, 2048, 2048, 2048, 2048, 2048, 2048, 2048, 2048]","[2048, 2048, 2048, 2048, 2048, 2048, 2048, 2048, 2048, 2048]",208
1289,11316,23,30,2026-07-03T12:34:26.433000+00:00,55.566,37.856,31.334,280.0,250,False,124.756,"[None, 2048, 2048, 2048, 2048, 2048, 2048]","[2048, 2048, 2048, 2048, 2048, 2048, 2048, 2048, 2048, 2048]","[2048, 2048, 2048, 2048, 2048, 2064, 2064, 2064, 2064, 2064]",188
1289,11316,31,27,2026-07-03T12:34:43.296000+00:00,57.28,45.686,30.591,276.0,215,False,133.557,"[None, 2048, 2048, 2048, 2048, 2048, 2048]","[2048, 2048, 2048, 2048, 2048, 2048, 2048, 2048, 2048, 2048]","[2048, 2048, 2048, 2048, 2048, 2064, 2064, 2064, 2064, 2064]",231
1289,11316,1,27,2026-07-03T12:34:53.295000+00:00,59.883,37.664,28.34,304.0,252,False,125.887,"[None, 2048, 2048, 2048, 2048, 2048, 2048]","[2048, 2048, 2048, 2048, 2048, 2048, 2048, 2048, 2048, 2048]","[2048, 2048, 2048, 2048, 2048, 2064, 2064, 2064, 2064, 2064]",217
1289,11316,5,28,2026-07-03T12:34:57.655000+00:00,63.153,42.125,31.401,269.0,214,False,136.679,"[None, 2048, 2048, 2048, 2048, 2048, 2048]","[2048, 2048, 2048, 2048, 2048, 2048, 2048, 2048, 2048, 2048]","[2048, 2048, 2048, 2048, 2048, 2064, 2064, 2064, 2064, 2064]",212
1289,11316,16,31,2026-07-03T12:34:59.358000+00:00,67.407,39.927,28.378,286.0,258,False,135.712,"[None, 2048, 2048, 2048, 2048, 2048, 2048]","[2048, 2048, 2048, 2048, 2048, 2048, 2048, 2048, 2048, 2048]","[2048, 2048, 2048, 2048, 2048, 2064, 2064, 2064, 2064, 2064]",246
1289,11316,77,22,2026-07-03T12:35:05.731000+00:00,55.624,59.761,39.248,249.0,136,False,154.633,"[None, 2048, 2048, 2048, 2048, 2048, 2048]","[2048, 2048, 2048, 2048, 2048, 2048, 2048, 2048, 2048, 2048]","[2048, 2048, 2048, 2048, 2048, 2064, 2064, 2064, 2064, 2064]",159
1289,11316,63,31,2026-07-03T12:35:10.634000+00:00,72.218,48.818,32.063,176.0,219,False,153.099,"[None, 2048, 2048, 2048, 2048, 2048, 2048]","[2048, 2048, 2048, 2048, 2048, 2048, 2048, 2048, 2048, 2048]","[2048, 2048, 2048, 2048, 2048, 2064, 2064, 2064, 2064, 2064]",219
1289,11316,14,25,2026-07-03T12:35:12.289000+00:00,68.331,42.346,28.175,252.0,232,False,138.852,"[None, 2048, 2048, 2048, 2048, 2048, 2048]","[2048, 2048, 2048, 2048, 2048, 2048, 2048, 2048, 2048, 2048]","[2048, 2048, 2048, 2048, 2048, 2064, 2064, 2064, 2064, 2064]",259
1289,11316,55,33,2026-07-03T12:35:16.377000+00:00,63.598,39.807,28.486,277.0,232,False,131.891,"[None, 2048, 2048, 2048, 2048, 2048, 2048]","[2048, 2048, 2048, 2048, 2048, 2048, 2048, 2048, 2048, 2048]","[2048, 2048, 2048, 2048, 2048, 2064, 2064, 2064, 2064, 2064]",201
1289,11316,30,28,2026-07-03T12:35:19.639000+00:00,70.783,45.482,29.812,224.0,198,False,146.077,"[None, 2048, 2048, 2048, 2048, 2048, 2048]","[2048, 2048, 2048, 2048, 2048, 2048, 2048, 2048, 2048, 2048]","[2048, 2048, 2048, 2048, 2048, 2064, 2064, 2064, 2064, 2064]",250
1289,11316,43,28,2026-07-03T12:35:31.155000+00:00,57.489,41.218,26.547,293.0,248,False,125.254,"[None, 2048, 2048, 2048, 2048, 2048, 2048]","[2048, 2048, 2048, 2048, 2048, 2048, 2048, 2048, 2048, 2048]","[2048, 2048, 2048, 2048, 2048, 2064, 2064, 2064, 2064, 2064]",295
1289,11316,87,27,2026-07-03T12:35:48.409000+00:00,57.2,38.269,35.193,286.0,256,False,130.662,"[None, 2048, 2048, 2048, 2048, 2048, 2048]","[2048, 2048, 2048, 2048, 2048, 2048, 2048, 2048, 2048, 2048]","[2048, 2048, 2048, 2048, 2048, 2064, 2064, 2064, 2064, 2064]",288
1289,11316,12,29,2026-07-03T12:35:50.008000+00:00,70.246,43.906,29.945,300.0,151,False,144.097,"[None, 2048, 2048, 2048, 2048, 2048, 2048]","[2048, 2048, 2048, 2048, 2048, 2048, 2048, 2048, 2048, 2048]","[2048, 2048, 2048, 2048, 2048, 2064, 2064, 2064, 2064, 2064]",233
1289,11316,81,25,2026-07-03T12:35:53.930000+00:00,63.0,39.164,28.065,291.0,238,False,130.229,"[None, 2048, 2048, 2048, 2048, 2048, 2048]","[2048, 2048, 2048, 2048, 2048, 2048, 2048, 2048, 2048, 2048]","[2048, 2048, 2048, 2048, 2048, 2064, 2064, 2064, 2064, 2064]",241
1289,11316,10,25,2026-07-03T12:36:03.509000+00:00,61.16,45.921,27.275,,220,False,134.356,"[None, 2048, 2048, 2048, 2048, 2048, 2048]","[2048, 2048, 2048, 2048, 2048, 2048, 2048, 2048, 2048, 2048]","[2048, 2048, 2048, 2048, 2048, 2064, 2064, 2064, 2064, 2064]",273
1289,11316,3,27,2026-07-03T12:36:09.545000+00:00,71.108,39.901,26.87,260.0,245,False,137.879,"[None, 2048, 2048, 2048, 2048, 2048, 2048]","[2048, 2048, 2048, 2048, 2048, 2048, 2048, 2048, 2048, 2048]","[2048, 2048, 2048, 2048, 2048, 2064, 2064, 2064, 2064, 2064]",286
1289,11316,18,26,2026-07-03T12:36:17.575000+00:00,53.714,49.188,30.421,203.0,222,False,133.323,"[None, 2048, 2048, 2048, 2048, 2048, 2048]","[2048, 2048, 2048, 2048, 2048, 2048, 2048, 2048, 2048, 2048]","[2048, 2048, 2048, 2048, 2048, 2064, 2064, 2064, 2064, 2064]",211
1289,11316,27,29,2026-07-03T12:36:29.203000+00:00,59.557,41.557,27.014,249.0,238,False,128.128,"[None, 2048, 2048, 2048, 2048, 2048, 2048]","[2048, 2048, 2048, 2048, 2048, 2048, 2048, 2048, 2048, 2048]","[2048, 2048, 2048, 2048, 2048, 2064, 2064, 2064, 2064, 2064]",280
1289,11316,44,32,2026-07-03T12:36:31.170000+00:00,58.913,38.28,25.437,301.0,263,False,122.63,"[None, 2048, 2048, 2048, 2048, 2048, 2048]","[2048, 2048, 2048, 2048, 2048, 2048, 2048, 2048, 2048, 2048]","[2048, 2048, 2048, 2048, 2048, 2064, 2064, 2064, 2064, 2064]",301
1289,11316,6,28,2026-07-03T12:36:53.210000+00:00,32.662,49.346,26.365,295.0,192,False,108.373,"[None, 2048, 2048, 2048, 2048, 2048, 2048]","[2048, 2048, 2048, 2048, 2048, 2048, 2048, 2048, 2048, 2048]","[2048, 2048, 2048, 2048, 2048, 2064, 2064, 2064, 2064, 2064]",281
1289,11316,41,32,2026-07-03T12:37:04.489000+00:00,32.244,41.398,29.703,289.0,186,False,103.345,"[None, 2048, 2048, 2048, 2048, 2048, 2048]","[2048, 2048, 2048, 2048, 2048, 2048, 2048, 2048, 2048, 2048]","[2048, 2048, 2048, 2048, 2048, 2064, 2064, 2064, 2064, 2064]",194
