season,round,event_name,session_code,driver,team,lap_number,stint,compound,tyre_life,lap_time_s,sector_1_s,sector_2_s,sector_3_s,speed_i1,speed_i2,speed_fl,speed_st,track_status,fresh_tyre,is_personal_best,is_accurate,deleted,lap_start_time,position,air_temp_c,track_temp_c,humidity_pct,rainfall,wind_speed_mps,wind_direction_deg
2026,12,Dutch Grand Prix,FP1,NOR,McLaren,1.0,1.0,INTERMEDIATE,1.0,,,34.702,29.204,215.0,216.0,285.0,,1,True,False,False,False,2026-08-21 10:31:44.245,,18.2,25.8,73.4,False,1.4,35.0
2026,12,Dutch Grand Prix,FP1,NOR,McLaren,2.0,1.0,INTERMEDIATE,2.0,95.035,29.892,31.504,33.639,276.0,260.0,,227.0,1,True,False,False,False,2026-08-21 10:33:25.395,,18.2,25.2,72.1,False,0.8,30.0
2026,12,Dutch Grand Prix,FP1,NOR,McLaren,3.0,2.0,MEDIUM,1.0,,,31.719,26.008,245.0,234.0,308.0,227.0,1,True,False,False,False,2026-08-21 10:35:00.430,,18.2,24.4,71.8,False,2.0,82.0
2026,12,Dutch Grand Prix,FP1,NOR,McLaren,4.0,2.0,MEDIUM,2.0,78.821,26.925,26.998,24.898,283.0,254.0,311.0,244.0,1,True,True,True,False,2026-08-21 10:42:21.368,,18.1,23.6,69.4,False,2.1,38.0
2026,12,Dutch Grand Prix,FP1,NOR,McLaren,5.0,2.0,MEDIUM,3.0,75.539,26.284,26.483,22.772,286.0,278.0,303.0,297.0,1,True,True,True,False,2026-08-21 10:43:40.189,,18.1,22.7,69.9,False,3.5,22.0
2026,12,Dutch Grand Prix,FP1,NOR,McLaren,6.0,2.0,MEDIUM,4.0,117.992,36.92,47.053,34.019,168.0,161.0,310.0,289.0,1,True,False,True,False,2026-08-21 10:44:55.728,,18.0,22.9,70.1,False,2.1,32.0
2026,12,Dutch Grand Prix,FP1,NOR,McLaren,7.0,2.0,MEDIUM,5.0,79.533,25.87,26.22,27.443,287.0,282.0,242.0,306.0,12,True,False,True,False,2026-08-21 10:46:53.720,,18.0,23.2,69.1,False,3.0,25.0
2026,12,Dutch Grand Prix,FP1,NOR,McLaren,8.0,2.0,MEDIUM,6.0,118.075,44.622,43.179,30.274,97.0,184.0,311.0,96.0,1,True,False,True,False,2026-08-21 10:48:13.253,,18.0,23.6,69.7,False,1.3,26.0
2026,12,Dutch Grand Prix,FP1,NOR,McLaren,9.0,2.0,MEDIUM,7.0,74.958,25.708,26.298,22.951999999999998,287.0,280.0,306.0,309.0,1,True,True,True,False,2026-08-21 10:50:11.328,,18.2,24.6,70.3,False,1.1,62.0
2026,12,Dutch Grand Prix,FP1,NOR,McLaren,10.0,2.0,MEDIUM,8.0,106.877,36.786,38.056,32.035,190.0,254.0,,226.0,1,True,False,False,False,2026-08-21 10:51:26.286,,18.3,24.9,69.8,False,1.2,35.0
2026,12,Dutch Grand Prix,FP1,NOR,McLaren,11.0,3.0,MEDIUM,9.0,,,33.695,25.745,199.0,223.0,266.0,226.0,12,False,False,False,False,2026-08-21 10:53:13.163,,18.3,25.7,66.8,False,0.9,40.0
2026,12,Dutch Grand Prix,FP1,NOR,McLaren,12.0,3.0,MEDIUM,10.0,81.958,28.805,27.6,25.553,234.0,271.0,312.0,265.0,1,False,False,True,False,2026-08-21 11:02:46.967,,19.1,27.6,62.5,False,2.0,62.0
2026,12,Dutch Grand Prix,FP1,NOR,McLaren,13.0,3.0,MEDIUM,11.0,74.724,25.642,26.244,22.838,286.0,282.0,301.0,304.0,1,False,True,True,False,2026-08-21 11:04:08.925,,19.2,29.1,63.0,True,2.2,27.0
2026,12,Dutch Grand Prix,FP1,NOR,McLaren,14.0,3.0,MEDIUM,12.0,82.663,30.431,28.822,23.41,258.0,243.0,309.0,255.0,1,False,False,True,False,2026-08-21 11:05:23.649,,19.2,29.4,63.3,False,1.9,16.0
2026,12,Dutch Grand Prix,FP1,NOR,McLaren,15.0,3.0,MEDIUM,13.0,76.084,26.232,26.884,22.968,273.0,277.0,313.0,300.0,1,False,False,True,False,2026-08-21 11:06:46.312,,19.4,29.9,62.9,False,3.9,35.0
2026,12,Dutch Grand Prix,FP1,NOR,McLaren,16.0,3.0,MEDIUM,14.0,75.584,25.994,26.794,22.796,275.0,279.0,313.0,304.0,1,False,False,True,False,2026-08-21 11:08:02.396,,19.4,28.0,61.0,True,2.8,26.0
2026,12,Dutch Grand Prix,FP1,NOR,McLaren,17.0,3.0,MEDIUM,15.0,76.037,25.929,26.956,23.152,277.0,278.0,318.0,304.0,1,False,False,True,False,2026-08-21 11:09:17.980,,19.4,27.7,60.9,False,2.7,33.0
2026,12,Dutch Grand Prix,FP1,NOR,McLaren,18.0,3.0,MEDIUM,16.0,76.016,25.968,26.968,23.08,277.0,278.0,317.0,308.0,1,False,False,True,False,2026-08-21 11:10:34.017,,19.3,28.3,62.0,True,2.1,20.0
2026,12,Dutch Grand Prix,FP1,NOR,McLaren,19.0,3.0,MEDIUM,17.0,76.07,25.964,27.182,22.924,279.0,276.0,315.0,308.0,1,False,False,True,False,2026-08-21 11:11:50.033,,19.2,29.6,62.1,False,3.0,34.0
2026,12,Dutch Grand Prix,FP1,NOR,McLaren,20.0,3.0,MEDIUM,18.0,76.212,25.923000000000002,26.874,23.415,277.0,279.0,311.0,307.0,12,False,False,True,False,2026-08-21 11:13:06.103,,19.2,29.4,62.5,False,2.8,41.0
2026,12,Dutch Grand Prix,FP1,NOR,McLaren,21.0,3.0,MEDIUM,19.0,82.516,25.961,27.446,29.109,277.0,218.0,,303.0,1,False,False,False,False,2026-08-21 11:14:22.315,,19.3,28.6,62.5,False,2.7,53.0
2026,12,Dutch Grand Prix,FP1,NOR,McLaren,22.0,4.0,SOFT,1.0,,,28.351,32.223,239.0,229.0,313.0,303.0,1,True,False,False,False,2026-08-21 11:15:44.831,,19.3,28.0,62.5,False,2.5,33.0
2026,12,Dutch Grand Prix,FP1,NOR,McLaren,23.0,4.0,SOFT,2.0,83.622,26.592,31.926,25.104,230.0,235.0,307.0,296.0,1,True,False,True,False,2026-08-21 11:23:01.651,,19.1,27.6,64.0,False,3.2,24.0
2026,12,Dutch Grand Prix,FP1,NOR,McLaren,24.0,4.0,SOFT,3.0,73.105,24.957,25.828,22.32,289.0,283.0,311.0,312.0,1,True,True,True,False,2026-08-21 11:24:25.273,,19.1,27.3,63.8,False,4.3,33.0
2026,12,Dutch Grand Prix,FP1,NOR,McLaren,25.0,4.0,SOFT,4.0,116.513,42.751,46.422,27.34,83.0,209.0,277.0,239.0,1,True,False,True,False,2026-08-21 11:25:38.378,,19.0,27.6,63.4,False,0.9,43.0
2026,12,Dutch Grand Prix,FP1,NOR,McLaren,26.0,4.0,SOFT,5.0,89.169,30.433,32.012,26.724,236.0,229.0,316.0,230.0,1,True,False,True,False,2026-08-21 11:27:34.891,,18.9,27.8,61.9,False,2.5,29.0
2026,12,Dutch Grand Prix,FP1,NOR,McLaren,27.0,4.0,SOFT,6.0,73.07,25.175,25.529,22.366,289.0,281.0,306.0,310.0,1,True,True,True,False,2026-08-21 11:29:04.060,,18.9,27.6,61.5,False,2.2,39.0
2026,12,Dutch Grand Prix,FP1,NOR,McLaren,28.0,4.0,SOFT,7.0,110.689,32.636,34.104,43.949,224.0,253.0,51.0,238.0,12,True,False,True,False,2026-08-21 11:30:17.130,,18.9,28.0,62.3,False,2.3,52.0
2026,12,Dutch Grand Prix,FP1,NOR,McLaren,29.0,4.0,SOFT,8.0,,59.654,29.454,69.991,232.0,273.0,146.0,233.0,2,True,False,False,False,2026-08-21 11:32:07.819,,18.9,27.5,62.2,False,4.2,16.0
2026,12,Dutch Grand Prix,FP1,NOR,McLaren,30.0,4.0,SOFT,9.0,86.515,27.779,28.488,30.248,292.0,240.0,,260.0,2,True,False,False,False,2026-08-21 11:34:47.029,,18.9,29.9,62.1,False,3.6,44.0
2026,12,Dutch Grand Prix,FP1,VER,Red Bull Racing,1.0,1.0,HARD,1.0,,,33.838,26.786,231.0,228.0,322.0,,1,True,False,False,False,2026-08-21 10:42:32.929,,18.1,23.6,69.4,False,2.1,38.0
2026,12,Dutch Grand Prix,FP1,VER,Red Bull Racing,2.0,1.0,HARD,2.0,77.735,26.893,27.278,23.564,270.0,271.0,287.0,264.0,1,True,True,True,False,2026-08-21 10:44:07.433,,18.1,22.7,69.9,False,3.5,22.0
2026,12,Dutch Grand Prix,FP1,VER,Red Bull Racing,3.0,1.0,HARD,3.0,76.292,26.38,26.806,23.106,271.0,275.0,293.0,277.0,1,True,True,True,False,2026-08-21 10:45:25.168,,18.0,22.9,70.1,False,2.1,32.0
2026,12,Dutch Grand Prix,FP1,VER,Red Bull Racing,4.0,1.0,HARD,4.0,106.488,41.906,38.195,26.387,128.0,173.0,303.0,151.0,12,True,False,True,False,2026-08-21 10:46:41.460,,18.0,23.2,69.1,False,3.0,25.0
2026,12,Dutch Grand Prix,FP1,VER,Red Bull Racing,5.0,1.0,HARD,5.0,75.381,25.899,26.597,22.885,289.0,289.0,302.0,301.0,1,True,True,True,False,2026-08-21 10:48:27.948,,18.0,23.6,69.7,False,1.3,26.0
2026,12,Dutch Grand Prix,FP1,VER,Red Bull Racing,6.0,1.0,HARD,6.0,113.386,40.392,43.645,29.349,168.0,207.0,302.0,221.0,1,True,False,True,False,2026-08-21 10:49:43.329,,18.2,24.6,70.3,False,1.1,62.0
2026,12,Dutch Grand Prix,FP1,VER,Red Bull Racing,7.0,1.0,HARD,7.0,74.942,25.673000000000002,26.38,22.889,291.0,285.0,302.0,305.0,1,True,True,True,False,2026-08-21 10:51:36.715,,18.3,25.5,69.0,False,3.1,27.0
2026,12,Dutch Grand Prix,FP1,VER,Red Bull Racing,8.0,1.0,HARD,8.0,110.25,43.275,37.937,29.038,174.0,233.0,301.0,208.0,1,True,False,True,False,2026-08-21 10:52:51.657,,18.3,25.7,66.8,False,0.9,40.0
2026,12,Dutch Grand Prix,FP1,VER,Red Bull Racing,9.0,1.0,HARD,9.0,74.848,25.686,26.39,22.772,288.0,285.0,302.0,305.0,1,True,True,True,False,2026-08-21 10:54:41.907,,18.5,26.6,68.7,False,2.4,20.0
2026,12,Dutch Grand Prix,FP1,VER,Red Bull Racing,10.0,1.0,HARD,10.0,93.855,32.366,31.001,30.488,243.0,226.0,,220.0,12,True,False,False,False,2026-08-21 10:55:56.755,,18.5,26.7,66.6,True,1.1,21.0
2026,12,Dutch Grand Prix,FP1,VER,Red Bull Racing,11.0,2.0,HARD,11.0,,,28.1,31.168,291.0,286.0,315.0,220.0,1,False,False,False,False,2026-08-21 10:57:30.610,,18.5,26.6,66.4,True,1.4,65.0
2026,12,Dutch Grand Prix,FP1,VER,Red Bull Racing,12.0,2.0,HARD,12.0,77.226,26.55,27.375,23.301,279.0,276.0,296.0,287.0,1,False,False,True,False,2026-08-21 11:06:36.254,,19.4,29.9,62.9,False,3.9,35.0
2026,12,Dutch Grand Prix,FP1,VER,Red Bull Racing,13.0,2.0,HARD,13.0,77.121,26.424,27.454,23.243,276.0,272.0,299.0,289.0,1,False,False,True,False,2026-08-21 11:07:53.480,,19.4,28.0,61.0,True,2.8,26.0
2026,12,Dutch Grand Prix,FP1,VER,Red Bull Racing,14.0,2.0,HARD,14.0,76.852,26.188,27.466,23.198,281.0,273.0,301.0,290.0,1,False,False,True,False,2026-08-21 11:09:10.601,,19.4,27.7,60.9,False,2.7,33.0
2026,12,Dutch Grand Prix,FP1,VER,Red Bull Racing,15.0,2.0,HARD,15.0,77.092,26.227,27.579,23.286,280.0,272.0,300.0,293.0,1,False,False,True,False,2026-08-21 11:10:27.453,,19.3,28.3,62.0,True,2.1,20.0
2026,12,Dutch Grand Prix,FP1,VER,Red Bull Racing,16.0,2.0,HARD,16.0,77.378,26.378,27.526,23.474,282.0,274.0,300.0,295.0,1,False,False,True,False,2026-08-21 11:11:44.545,,19.2,29.6,62.1,False,3.0,34.0
2026,12,Dutch Grand Prix,FP1,VER,Red Bull Racing,17.0,2.0,HARD,17.0,86.616,27.612,27.661,31.343,282.0,271.0,299.0,292.0,12,False,False,True,False,2026-08-21 11:13:01.923,,19.2,29.4,62.5,False,2.8,41.0
2026,12,Dutch Grand Prix,FP1,VER,Red Bull Racing,18.0,2.0,HARD,18.0,83.99,27.551,27.991,28.448,273.0,272.0,,271.0,1,False,False,False,False,2026-08-21 11:14:28.539,,19.3,28.6,62.5,False,2.7,53.0
2026,12,Dutch Grand Prix,FP1,VER,Red Bull Racing,19.0,3.0,SOFT,1.0,,,32.238,25.18,246.0,236.0,300.0,271.0,1,True,False,False,False,2026-08-21 11:15:52.529,,19.3,28.0,62.5,False,2.5,33.0
2026,12,Dutch Grand Prix,FP1,VER,Red Bull Racing,20.0,3.0,SOFT,2.0,74.325,25.514,26.323,22.488,288.0,287.0,306.0,305.0,1,True,True,True,False,2026-08-21 11:20:24.434,,19.3,26.8,63.9,False,3.0,28.0
2026,12,Dutch Grand Prix,FP1,VER,Red Bull Racing,21.0,3.0,SOFT,3.0,115.347,39.011,42.251,34.085,194.0,181.0,,234.0,1,True,False,False,False,2026-08-21 11:21:38.759,,19.1,27.8,63.3,True,4.0,25.0
2026,12,Dutch Grand Prix,FP1,VER,Red Bull Racing,22.0,4.0,HARD,19.0,,,38.118,40.548,219.0,101.0,213.0,234.0,1,False,False,False,False,2026-08-21 11:23:34.106,,19.1,27.6,64.0,False,3.2,24.0
2026,12,Dutch Grand Prix,FP1,VER,Red Bull Racing,23.0,4.0,HARD,20.0,102.258,30.368,30.907,40.983,242.0,177.0,48.0,228.0,12,False,False,True,False,2026-08-21 11:30:05.554,,18.9,28.0,62.3,False,2.3,52.0
2026,12,Dutch Grand Prix,FP1,VER,Red Bull Racing,24.0,4.0,HARD,21.0,,55.863,29.576999999999998,69.275,271.0,215.0,94.0,209.0,2,False,False,False,False,2026-08-21 11:31:47.812,,18.9,27.5,62.2,False,4.2,16.0
2026,12,Dutch Grand Prix,FP1,VER,Red Bull Racing,25.0,4.0,HARD,22.0,92.773,30.017,28.29,34.466,256.0,242.0,,244.0,2,False,False,False,False,2026-08-21 11:34:22.583,,18.9,28.6,61.2,False,2.0,30.0
2026,12,Dutch Grand Prix,FP1,BOR,Audi,1.0,1.0,INTERMEDIATE,1.0,,,31.311,31.055,219.0,230.0,,,1,True,False,False,False,2026-08-21 10:36:04.071,,18.2,24.5,70.4,False,1.7,53.0
2026,12,Dutch Grand Prix,FP1,BOR,Audi,2.0,2.0,HARD,1.0,,,31.487,27.674,249.0,234.0,287.0,,1,True,False,False,False,2026-08-21 10:38:02.362,,18.3,24.4,70.5,False,1.9,41.0
2026,12,Dutch Grand Prix,FP1,BOR,Audi,3.0,2.0,HARD,2.0,82.021,27.284,28.136,26.601,292.0,201.0,290.0,251.0,1,True,True,True,False,2026-08-21 10:44:19.552,,18.1,22.7,69.9,False,3.5,22.0
2026,12,Dutch Grand Prix,FP1,BOR,Audi,4.0,2.0,HARD,3.0,76.326,26.162,27.152,23.012,291.0,291.0,305.0,280.0,1,True,True,True,False,2026-08-21 10:45:41.573,,18.0,22.8,70.3,False,4.0,29.0
2026,12,Dutch Grand Prix,FP1,BOR,Audi,5.0,2.0,HARD,4.0,105.081,34.526,38.337,32.218,205.0,182.0,303.0,185.0,12,True,False,True,False,2026-08-21 10:46:57.899,,18.0,23.2,69.1,False,3.0,25.0
2026,12,Dutch Grand Prix,FP1,BOR,Audi,6.0,2.0,HARD,5.0,93.0,27.923000000000002,34.124,30.953,292.0,105.0,302.0,263.0,1,True,False,True,False,2026-08-21 10:48:42.980,,18.1,23.6,69.7,False,1.9,25.0
2026,12,Dutch Grand Prix,FP1,BOR,Audi,7.0,2.0,HARD,6.0,75.67,25.911,26.927,22.832,289.0,291.0,309.0,295.0,1,True,True,True,False,2026-08-21 10:50:15.980,,18.2,24.6,70.3,False,1.1,62.0
2026,12,Dutch Grand Prix,FP1,BOR,Audi,8.0,2.0,HARD,7.0,106.403,39.021,33.186,34.196,220.0,216.0,303.0,229.0,1,True,False,True,False,2026-08-21 10:51:31.650,,18.3,24.9,69.8,False,1.2,35.0
2026,12,Dutch Grand Prix,FP1,BOR,Audi,9.0,2.0,HARD,8.0,80.29,25.889,26.968,27.433,291.0,291.0,,297.0,1,True,False,False,False,2026-08-21 10:53:18.053,,18.3,25.7,66.8,False,0.9,40.0
2026,12,Dutch Grand Prix,FP1,BOR,Audi,10.0,3.0,HARD,9.0,131.707,60.246,40.882,30.579,212.0,125.0,302.0,297.0,12,False,False,False,False,2026-08-21 10:54:38.343,,18.5,26.6,68.7,False,2.4,20.0
2026,12,Dutch Grand Prix,FP1,BOR,Audi,11.0,3.0,HARD,10.0,75.097,25.967,26.576,22.554,289.0,292.0,303.0,300.0,1,False,True,True,False,2026-08-21 10:56:50.050,,18.5,26.6,66.4,True,1.4,65.0
2026,12,Dutch Grand Prix,FP1,BOR,Audi,12.0,3.0,HARD,11.0,98.142,32.554,33.04,32.548,210.0,212.0,,234.0,1,False,False,False,False,2026-08-21 10:58:05.147,,18.6,26.3,66.0,False,1.1,75.0
2026,12,Dutch Grand Prix,FP1,BOR,Audi,13.0,4.0,HARD,12.0,,,29.778,25.768,244.0,234.0,301.0,234.0,1,False,False,False,False,2026-08-21 10:59:43.289,,18.9,26.6,66.1,False,1.1,44.0
2026,12,Dutch Grand Prix,FP1,BOR,Audi,14.0,4.0,HARD,13.0,82.159,26.856,27.34,27.963,291.0,238.0,304.0,268.0,1,False,False,True,False,2026-08-21 11:08:39.453,,19.4,27.7,60.9,False,2.7,33.0
2026,12,Dutch Grand Prix,FP1,BOR,Audi,15.0,4.0,HARD,14.0,75.54,26.105,26.678,22.757,291.0,293.0,313.0,293.0,1,False,False,True,False,2026-08-21 11:10:01.612,,19.3,28.3,62.0,True,2.1,20.0
2026,12,Dutch Grand Prix,FP1,BOR,Audi,16.0,4.0,HARD,15.0,77.019,26.537,27.362,23.12,272.0,279.0,322.0,284.0,1,False,False,True,False,2026-08-21 11:11:17.152,,19.3,28.7,62.7,False,2.3,26.0
2026,12,Dutch Grand Prix,FP1,BOR,Audi,17.0,4.0,HARD,16.0,77.864,27.106,27.556,23.202,281.0,284.0,323.0,240.0,1,False,False,True,False,2026-08-21 11:12:34.171,,19.2,29.6,62.1,False,3.0,34.0
2026,12,Dutch Grand Prix,FP1,BOR,Audi,18.0,4.0,HARD,17.0,77.946,26.985,27.754,23.207,285.0,287.0,335.0,280.0,12,False,False,True,False,2026-08-21 11:13:52.035,,19.3,28.6,62.5,False,2.7,53.0
2026,12,Dutch Grand Prix,FP1,BOR,Audi,19.0,4.0,HARD,18.0,77.123,26.506,27.482,23.135,275.0,278.0,305.0,283.0,1,False,False,True,False,2026-08-21 11:15:09.981,,19.3,28.1,62.4,True,2.3,31.0
2026,12,Dutch Grand Prix,FP1,BOR,Audi,20.0,4.0,HARD,19.0,83.337,26.653,27.505,29.179,276.0,279.0,,288.0,1,False,False,False,False,2026-08-21 11:16:27.104,,19.3,28.0,62.5,False,2.5,33.0
2026,12,Dutch Grand Prix,FP1,BOR,Audi,21.0,5.0,MEDIUM,1.0,,,29.024,30.875,245.0,233.0,303.0,288.0,1,True,False,False,False,2026-08-21 11:17:50.441,,19.3,27.9,63.3,False,3.2,31.0
2026,12,Dutch Grand Prix,FP1,BOR,Audi,22.0,5.0,MEDIUM,2.0,73.992,25.563,26.091,22.338,290.0,295.0,308.0,304.0,1,True,True,True,False,2026-08-21 11:22:51.503,,19.1,27.6,64.0,False,3.2,24.0
2026,12,Dutch Grand Prix,FP1,BOR,Audi,23.0,5.0,MEDIUM,3.0,119.516,41.535,42.537,35.444,161.0,157.0,,237.0,1,True,False,False,False,2026-08-21 11:24:05.495,,19.1,27.3,63.8,False,4.3,33.0
2026,12,Dutch Grand Prix,FP1,BOR,Audi,24.0,6.0,MEDIUM,4.0,106.78,43.369,30.39,33.021,244.0,231.0,306.0,237.0,1,False,False,False,False,2026-08-21 11:26:05.011,,19.0,27.6,63.4,False,0.9,43.0
2026,12,Dutch Grand Prix,FP1,BOR,Audi,25.0,6.0,MEDIUM,5.0,74.053,25.451,26.055,22.547,291.0,292.0,306.0,306.0,1,False,False,True,False,2026-08-21 11:27:51.791,,18.9,27.8,61.9,False,2.5,29.0
2026,12,Dutch Grand Prix,FP1,BOR,Audi,26.0,6.0,MEDIUM,6.0,101.677,35.727,38.451,27.499,187.0,194.0,253.0,208.0,1,False,False,True,False,2026-08-21 11:29:05.844,,18.9,27.6,61.5,False,2.2,39.0
2026,12,Dutch Grand Prix,FP1,BOR,Audi,27.0,6.0,MEDIUM,7.0,138.884,32.678,37.899,68.307,200.0,179.0,78.0,193.0,12,False,False,True,False,2026-08-21 11:30:47.521,,18.9,28.0,62.3,False,2.7,32.0
2026,12,Dutch Grand Prix,FP1,BOR,Audi,28.0,6.0,MEDIUM,8.0,113.379,29.031,28.457,55.891,300.0,246.0,42.0,229.0,2,False,False,True,False,2026-08-21 11:33:06.405,,18.9,28.8,61.9,True,3.7,44.0
2026,12,Dutch Grand Prix,FP1,BOR,Audi,29.0,6.0,MEDIUM,9.0,127.731,59.791,26.936,41.004,300.0,286.0,,219.0,2,False,False,False,False,2026-08-21 11:34:59.784,,18.9,29.9,62.1,False,3.6,44.0
2026,12,Dutch Grand Prix,FP1,GAS,Alpine,1.0,1.0,INTERMEDIATE,1.0,,,34.0,28.779,178.0,250.0,283.0,,1,True,False,False,False,2026-08-21 10:31:15.305,,18.1,25.8,72.8,False,1.3,29.0
2026,12,Dutch Grand Prix,FP1,GAS,Alpine,2.0,1.0,INTERMEDIATE,2.0,86.628,30.045,30.982,25.601,274.0,261.0,287.0,235.0,1,True,True,True,False,2026-08-21 10:32:52.855,,18.2,25.2,72.1,False,0.8,30.0
2026,12,Dutch Grand Prix,FP1,GAS,Alpine,3.0,1.0,INTERMEDIATE,3.0,110.839,37.665,37.317,35.857,212.0,200.0,,194.0,1,True,False,False,False,2026-08-21 10:34:19.483,,18.2,25.2,72.4,False,1.8,35.0
2026,12,Dutch Grand Prix,FP1,GAS,Alpine,4.0,2.0,HARD,1.0,,,30.201,27.229,277.0,245.0,297.0,194.0,1,True,False,False,False,2026-08-21 10:36:10.322,,18.2,24.5,70.4,False,1.7,53.0
2026,12,Dutch Grand Prix,FP1,GAS,Alpine,5.0,2.0,HARD,2.0,87.943,28.523,30.502,28.918,284.0,235.0,297.0,228.0,12,True,False,True,False,2026-08-21 10:47:04.322,,18.0,23.2,69.1,False,3.0,25.0
2026,12,Dutch Grand Prix,FP1,GAS,Alpine,6.0,2.0,HARD,3.0,77.232,26.544,27.364,23.324,290.0,286.0,309.0,278.0,1,True,True,True,False,2026-08-21 10:48:32.265,,18.0,23.6,69.7,False,1.3,26.0
2026,12,Dutch Grand Prix,FP1,GAS,Alpine,7.0,2.0,HARD,4.0,101.759,35.941,32.997,32.821,187.0,208.0,282.0,235.0,1,True,False,True,False,2026-08-21 10:49:49.497,,18.2,24.6,70.3,False,1.1,62.0
2026,12,Dutch Grand Prix,FP1,GAS,Alpine,8.0,2.0,HARD,5.0,96.86,30.957,34.206,31.697,189.0,212.0,285.0,265.0,1,True,False,True,False,2026-08-21 10:51:31.256,,18.3,24.9,69.8,False,1.2,35.0
2026,12,Dutch Grand Prix,FP1,GAS,Alpine,9.0,2.0,HARD,6.0,77.397,27.06,27.183,23.154,291.0,282.0,303.0,267.0,1,True,False,True,False,2026-08-21 10:53:08.116,,18.3,25.7,66.8,False,0.9,40.0
2026,12,Dutch Grand Prix,FP1,GAS,Alpine,10.0,2.0,HARD,7.0,104.756,37.342,37.662,29.752,163.0,239.0,295.0,210.0,12,True,False,True,False,2026-08-21 10:54:25.513,,18.4,26.8,68.6,True,1.1,42.0
2026,12,Dutch Grand Prix,FP1,GAS,Alpine,11.0,2.0,HARD,8.0,76.144,26.154,26.789,23.201,291.0,284.0,308.0,302.0,1,True,True,True,False,2026-08-21 10:56:10.269,,18.5,26.7,66.6,True,1.1,21.0
2026,12,Dutch Grand Prix,FP1,GAS,Alpine,12.0,2.0,HARD,9.0,115.965,43.706,45.046,27.213,141.0,229.0,294.0,172.0,1,True,False,True,False,2026-08-21 10:57:26.413,,18.5,26.6,66.4,True,1.4,65.0
2026,12,Dutch Grand Prix,FP1,GAS,Alpine,13.0,2.0,HARD,10.0,75.73,26.194,26.682,22.854,291.0,287.0,309.0,294.0,1,True,True,True,False,2026-08-21 10:59:22.378,,18.7,26.1,67.4,True,1.8,20.0
2026,12,Dutch Grand Prix,FP1,GAS,Alpine,14.0,2.0,HARD,11.0,106.185,39.08,40.4,26.705,155.0,231.0,291.0,233.0,1,True,False,True,False,2026-08-21 11:00:38.108,,18.9,27.1,64.9,True,2.6,36.0
2026,12,Dutch Grand Prix,FP1,GAS,Alpine,15.0,2.0,HARD,12.0,75.309,25.995,26.593,22.721,291.0,288.0,316.0,302.0,1,True,True,True,False,2026-08-21 11:02:24.293,,19.0,28.0,64.4,False,3.2,23.0
2026,12,Dutch Grand Prix,FP1,GAS,Alpine,16.0,2.0,HARD,13.0,79.613,28.357,27.764,23.492,287.0,281.0,320.0,238.0,1,True,False,True,False,2026-08-21 11:03:39.602,,19.2,29.1,63.0,True,2.2,27.0
2026,12,Dutch Grand Prix,FP1,GAS,Alpine,17.0,2.0,HARD,14.0,77.367,26.916,27.315,23.136,275.0,275.0,322.0,271.0,1,True,False,True,False,2026-08-21 11:04:59.215,,19.2,29.4,63.3,False,1.9,16.0
2026,12,Dutch Grand Prix,FP1,GAS,Alpine,18.0,2.0,HARD,15.0,77.126,26.542,27.536,23.048,285.0,283.0,324.0,302.0,1,True,False,True,False,2026-08-21 11:06:16.582,,19.3,30.7,63.2,False,0.5,29.0
2026,12,Dutch Grand Prix,FP1,GAS,Alpine,19.0,2.0,HARD,16.0,85.344,26.303,27.526,31.515,287.0,236.0,,296.0,1,True,False,False,False,2026-08-21 11:07:33.708,,19.4,29.9,62.9,False,3.9,35.0
2026,12,Dutch Grand Prix,FP1,GAS,Alpine,20.0,3.0,SOFT,1.0,,,29.733,25.533,260.0,241.0,302.0,296.0,12,True,False,False,False,2026-08-21 11:08:59.052,,19.4,27.7,60.9,False,2.7,33.0
2026,12,Dutch Grand Prix,FP1,GAS,Alpine,21.0,3.0,SOFT,2.0,73.911,25.367,26.1,22.444,294.0,286.0,315.0,313.0,1,True,True,True,False,2026-08-21 11:21:21.780,,19.2,27.3,63.7,False,2.6,32.0
2026,12,Dutch Grand Prix,FP1,GAS,Alpine,22.0,3.0,SOFT,3.0,123.578,43.658,44.351,35.569,168.0,138.0,244.0,245.0,1,True,False,True,False,2026-08-21 11:22:35.691,,19.1,27.6,64.0,False,3.2,24.0
2026,12,Dutch Grand Prix,FP1,GAS,Alpine,23.0,3.0,SOFT,4.0,100.072,35.27,37.94,26.862,203.0,240.0,303.0,230.0,1,True,False,True,False,2026-08-21 11:24:39.269,,19.0,27.1,62.6,False,3.2,33.0
2026,12,Dutch Grand Prix,FP1,GAS,Alpine,24.0,3.0,SOFT,5.0,81.33,25.714,26.525,29.091,292.0,285.0,,311.0,1,True,False,False,False,2026-08-21 11:26:19.341,,19.0,27.6,63.4,False,0.9,43.0
2026,12,Dutch Grand Prix,FP1,GAS,Alpine,25.0,4.0,HARD,17.0,,94.437,37.568,29.326,191.0,239.0,311.0,311.0,1,False,False,False,False,2026-08-21 11:27:40.671,,18.9,27.8,61.9,False,2.5,29.0
2026,12,Dutch Grand Prix,FP1,GAS,Alpine,26.0,4.0,HARD,18.0,116.374,34.398,35.224,46.752,206.0,239.0,54.0,230.0,12,False,False,True,False,2026-08-21 11:30:22.087,,18.9,28.0,62.3,False,2.3,52.0
2026,12,Dutch Grand Prix,FP1,GAS,Alpine,27.0,4.0,HARD,19.0,128.715,55.779,33.335,39.601,240.0,209.0,68.0,197.0,2,False,False,True,False,2026-08-21 11:32:18.461,,18.9,27.5,62.2,False,4.2,16.0
2026,12,Dutch Grand Prix,FP1,GAS,Alpine,28.0,4.0,HARD,20.0,124.315,58.675,28.59,37.05,284.0,270.0,,217.0,2,False,False,False,False,2026-08-21 11:34:27.176,,18.9,28.6,61.2,False,2.0,30.0
2026,12,Dutch Grand Prix,FP1,PER,Cadillac,1.0,1.0,INTERMEDIATE,1.0,,,35.149,36.931,227.0,214.0,,,1,True,False,False,False,2026-08-21 10:32:14.604,,18.2,25.8,73.4,False,1.4,35.0
2026,12,Dutch Grand Prix,FP1,PER,Cadillac,2.0,2.0,INTERMEDIATE,1.0,132.856,70.89,30.517,31.449,269.0,254.0,,,1,False,False,False,False,2026-08-21 10:34:01.761,,18.2,25.2,72.4,False,1.8,35.0
2026,12,Dutch Grand Prix,FP1,PER,Cadillac,3.0,3.0,MEDIUM,1.0,,,33.931,32.016,242.0,219.0,309.0,,12,True,False,False,False,2026-08-21 10:36:14.617,,18.2,24.5,70.4,False,1.7,53.0
2026,12,Dutch Grand Prix,FP1,PER,Cadillac,4.0,3.0,MEDIUM,2.0,81.344,27.831,28.816,24.697,275.0,265.0,317.0,256.0,1,True,True,True,False,2026-08-21 10:48:43.863,,18.1,23.6,69.7,False,1.9,25.0
2026,12,Dutch Grand Prix,FP1,PER,Cadillac,5.0,3.0,MEDIUM,3.0,99.001,27.912,38.88,32.209,195.0,202.0,297.0,288.0,1,True,False,True,False,2026-08-21 10:50:05.207,,18.2,24.6,70.3,False,1.1,62.0
2026,12,Dutch Grand Prix,FP1,PER,Cadillac,6.0,3.0,MEDIUM,4.0,79.973,27.257,28.309,24.407,281.0,286.0,311.0,265.0,1,True,True,True,False,2026-08-21 10:51:44.208,,18.3,25.5,69.0,False,3.1,27.0
2026,12,Dutch Grand Prix,FP1,PER,Cadillac,7.0,3.0,MEDIUM,5.0,104.178,36.507,35.275,32.396,259.0,147.0,297.0,188.0,1,True,False,True,False,2026-08-21 10:53:04.181,,18.3,25.7,66.8,False,0.9,40.0
2026,12,Dutch Grand Prix,FP1,PER,Cadillac,8.0,3.0,MEDIUM,6.0,77.385,26.796,27.423,23.166,287.0,284.0,313.0,281.0,1,True,True,True,False,2026-08-21 10:54:48.359,,18.5,26.6,68.7,False,2.4,20.0
2026,12,Dutch Grand Prix,FP1,PER,Cadillac,9.0,3.0,MEDIUM,7.0,104.887,36.494,41.903,26.49,194.0,165.0,296.0,239.0,12,True,False,True,False,2026-08-21 10:56:05.744,,18.5,26.7,66.6,True,1.1,21.0
2026,12,Dutch Grand Prix,FP1,PER,Cadillac,10.0,3.0,MEDIUM,8.0,76.774,26.52,27.257,22.997,288.0,283.0,307.0,299.0,1,True,True,True,False,2026-08-21 10:57:50.631,,18.6,26.3,66.0,False,1.1,75.0
2026,12,Dutch Grand Prix,FP1,PER,Cadillac,11.0,3.0,MEDIUM,9.0,98.746,32.136,35.324,31.286,239.0,181.0,,236.0,1,True,False,False,False,2026-08-21 10:59:07.405,,18.7,26.1,67.4,True,1.8,20.0
2026,12,Dutch Grand Prix,FP1,PER,Cadillac,12.0,4.0,MEDIUM,10.0,,,30.311,25.408,270.0,242.0,305.0,236.0,1,False,False,False,False,2026-08-21 11:00:46.151,,18.9,27.1,64.9,True,2.6,36.0
2026,12,Dutch Grand Prix,FP1,PER,Cadillac,13.0,4.0,MEDIUM,11.0,78.169,27.088,27.94,23.141,290.0,286.0,317.0,255.0,1,False,False,True,False,2026-08-21 11:09:27.394,,19.4,27.7,60.9,False,2.7,33.0
2026,12,Dutch Grand Prix,FP1,PER,Cadillac,14.0,4.0,MEDIUM,12.0,102.8,31.73,42.265,28.805,223.0,215.0,298.0,275.0,1,False,False,True,False,2026-08-21 11:10:45.563,,19.3,28.7,62.7,False,2.3,26.0
2026,12,Dutch Grand Prix,FP1,PER,Cadillac,15.0,4.0,MEDIUM,13.0,81.218,26.439,27.411,27.368,289.0,282.0,269.0,294.0,1,False,False,True,False,2026-08-21 11:12:28.363,,19.2,29.6,62.1,False,3.0,34.0
2026,12,Dutch Grand Prix,FP1,PER,Cadillac,16.0,4.0,MEDIUM,14.0,96.691,32.86,39.382,24.449,264.0,275.0,317.0,224.0,12,False,False,True,False,2026-08-21 11:13:49.581,,19.3,28.6,62.5,False,2.7,53.0
2026,12,Dutch Grand Prix,FP1,PER,Cadillac,17.0,4.0,MEDIUM,15.0,77.445,26.526,27.662,23.257,271.0,273.0,317.0,302.0,1,False,False,True,False,2026-08-21 11:15:26.272,,19.3,28.1,62.4,True,2.3,31.0
2026,12,Dutch Grand Prix,FP1,PER,Cadillac,18.0,4.0,MEDIUM,16.0,78.265,26.683,28.093,23.489,270.0,274.0,315.0,305.0,1,False,False,True,False,2026-08-21 11:16:43.717,,19.4,27.4,62.1,False,3.0,28.0
2026,12,Dutch Grand Prix,FP1,PER,Cadillac,19.0,4.0,MEDIUM,17.0,89.56,28.872,29.826999999999998,30.861,276.0,245.0,,265.0,1,False,False,False,False,2026-08-21 11:18:01.982,,19.3,27.9,63.3,False,3.2,31.0
2026,12,Dutch Grand Prix,FP1,PER,Cadillac,20.0,5.0,SOFT,1.0,,,34.26,25.68,246.0,247.0,300.0,265.0,1,True,False,False,False,2026-08-21 11:19:31.542,,19.2,27.5,63.8,False,2.9,35.0
2026,12,Dutch Grand Prix,FP1,PER,Cadillac,21.0,5.0,SOFT,2.0,75.7,26.19,26.746,22.764,290.0,282.0,306.0,305.0,1,True,True,True,False,2026-08-21 11:24:03.930,,19.1,27.3,63.8,False,4.3,33.0
2026,12,Dutch Grand Prix,FP1,PER,Cadillac,22.0,5.0,SOFT,3.0,102.286,37.037,37.893,27.356,178.0,216.0,297.0,238.0,1,True,False,True,False,2026-08-21 11:25:19.630,,19.0,27.1,62.6,False,3.2,33.0
2026,12,Dutch Grand Prix,FP1,PER,Cadillac,23.0,5.0,SOFT,4.0,76.139,26.234,26.973,22.932,286.0,284.0,308.0,300.0,1,True,False,True,False,2026-08-21 11:27:01.916,,19.0,27.9,63.0,False,2.2,25.0
2026,12,Dutch Grand Prix,FP1,PER,Cadillac,24.0,5.0,SOFT,5.0,99.63,36.489,34.713,28.428,209.0,250.0,267.0,236.0,1,True,False,True,False,2026-08-21 11:28:18.055,,18.9,27.8,61.9,False,2.5,29.0
2026,12,Dutch Grand Prix,FP1,PER,Cadillac,25.0,5.0,SOFT,6.0,83.254,28.687,27.967,26.6,278.0,233.0,295.0,273.0,1,True,False,True,False,2026-08-21 11:29:57.685,,18.9,28.0,62.3,False,2.3,52.0
2026,12,Dutch Grand Prix,FP1,PER,Cadillac,26.0,5.0,SOFT,7.0,116.325,33.126,33.462,49.737,254.0,198.0,44.0,260.0,12,True,False,True,False,2026-08-21 11:31:20.939,,18.9,28.0,62.3,False,2.7,32.0
2026,12,Dutch Grand Prix,FP1,PER,Cadillac,27.0,5.0,SOFT,8.0,,62.039,32.338,62.871,251.0,199.0,86.0,225.0,2,True,False,False,False,2026-08-21 11:33:17.264,,18.9,28.8,61.9,True,3.7,44.0
2026,12,Dutch Grand Prix,FP1,PER,Cadillac,28.0,5.0,SOFT,9.0,99.81,28.539,32.052,39.219,280.0,174.0,,246.0,2,True,False,False,False,2026-08-21 11:35:54.478,,18.9,29.5,61.0,False,1.8,51.0
2026,12,Dutch Grand Prix,FP1,ANT,Mercedes,1.0,1.0,INTERMEDIATE,1.0,,,35.858,35.244,223.0,260.0,,,1,True,False,False,False,2026-08-21 10:30:39.755,,18.1,25.8,72.8,False,1.3,29.0
2026,12,Dutch Grand Prix,FP1,ANT,Mercedes,2.0,2.0,MEDIUM,1.0,,,29.487,29.645,250.0,253.0,289.0,,1,True,False,False,False,2026-08-21 10:32:48.153,,18.2,25.2,72.1,False,0.8,30.0
2026,12,Dutch Grand Prix,FP1,ANT,Mercedes,3.0,2.0,MEDIUM,2.0,78.264,27.963,27.179,23.122,280.0,271.0,321.0,237.0,1,True,True,True,False,2026-08-21 10:37:27.314,,18.2,24.4,70.8,False,1.9,46.0
2026,12,Dutch Grand Prix,FP1,ANT,Mercedes,4.0,2.0,MEDIUM,3.0,76.112,26.52,26.782,22.81,274.0,284.0,321.0,271.0,1,True,True,True,False,2026-08-21 10:38:45.578,,18.2,24.4,71.6,False,1.1,52.0
2026,12,Dutch Grand Prix,FP1,ANT,Mercedes,5.0,2.0,MEDIUM,4.0,109.158,37.309,44.363,27.486,177.0,190.0,296.0,231.0,1,True,False,True,False,2026-08-21 10:40:01.690,,18.2,23.9,70.7,False,2.8,27.0
2026,12,Dutch Grand Prix,FP1,ANT,Mercedes,6.0,2.0,MEDIUM,5.0,75.351,25.925,26.745,22.681,291.0,288.0,313.0,287.0,1,True,True,True,False,2026-08-21 10:41:50.848,,18.1,23.6,69.4,False,2.1,38.0
2026,12,Dutch Grand Prix,FP1,ANT,Mercedes,7.0,2.0,MEDIUM,6.0,109.975,41.77,42.051,26.154,215.0,178.0,304.0,229.0,1,True,False,True,False,2026-08-21 10:43:06.199,,18.1,23.5,70.4,False,2.7,25.0
2026,12,Dutch Grand Prix,FP1,ANT,Mercedes,8.0,2.0,MEDIUM,7.0,99.274,31.793,36.478,31.003,245.0,246.0,299.0,267.0,1,True,False,True,False,2026-08-21 10:44:56.174,,18.0,22.9,70.1,False,2.1,32.0
2026,12,Dutch Grand Prix,FP1,ANT,Mercedes,9.0,2.0,MEDIUM,8.0,101.488,26.062,35.741,39.685,244.0,248.0,,298.0,12,True,False,False,False,2026-08-21 10:46:35.448,,18.0,23.2,69.1,False,3.0,25.0
2026,12,Dutch Grand Prix,FP1,ANT,Mercedes,10.0,3.0,MEDIUM,9.0,132.333,71.443,31.382,29.508,234.0,246.0,301.0,298.0,1,False,False,False,False,2026-08-21 10:48:16.936,,18.0,23.6,69.7,False,1.3,26.0
2026,12,Dutch Grand Prix,FP1,ANT,Mercedes,11.0,3.0,MEDIUM,10.0,91.692,29.799,32.38,29.513,246.0,227.0,301.0,291.0,1,False,False,True,False,2026-08-21 10:50:29.269,,18.2,24.6,70.3,False,1.1,62.0
2026,12,Dutch Grand Prix,FP1,ANT,Mercedes,12.0,3.0,MEDIUM,11.0,93.387,28.572,36.747,28.068,225.0,222.0,302.0,304.0,1,False,False,True,False,2026-08-21 10:52:00.961,,18.3,25.5,69.0,False,3.1,27.0
2026,12,Dutch Grand Prix,FP1,ANT,Mercedes,13.0,3.0,MEDIUM,12.0,74.269,25.448,26.379,22.442,291.0,285.0,308.0,313.0,1,False,True,True,False,2026-08-21 10:53:34.348,,18.4,26.8,68.6,True,1.1,42.0
2026,12,Dutch Grand Prix,FP1,ANT,Mercedes,14.0,3.0,MEDIUM,13.0,115.989,39.234,48.053,28.701999999999998,156.0,208.0,300.0,208.0,12,False,False,True,False,2026-08-21 10:54:48.617,,18.5,26.6,68.7,False,2.4,20.0
2026,12,Dutch Grand Prix,FP1,ANT,Mercedes,15.0,3.0,MEDIUM,14.0,82.665,25.574,26.196,30.895,290.0,285.0,,311.0,1,False,False,False,False,2026-08-21 10:56:44.606,,18.5,26.6,66.4,True,1.4,65.0
2026,12,Dutch Grand Prix,FP1,ANT,Mercedes,16.0,4.0,MEDIUM,15.0,,,30.013,23.108,268.0,286.0,320.0,311.0,1,False,False,False,False,2026-08-21 10:58:07.271,,18.6,26.3,66.0,False,1.1,75.0
2026,12,Dutch Grand Prix,FP1,ANT,Mercedes,17.0,4.0,MEDIUM,16.0,75.889,25.953,27.14,22.796,280.0,284.0,319.0,310.0,1,False,False,True,False,2026-08-21 11:03:52.983,,19.2,29.1,63.0,True,2.2,27.0
2026,12,Dutch Grand Prix,FP1,ANT,Mercedes,18.0,4.0,MEDIUM,17.0,76.393,26.027,27.428,22.938,284.0,285.0,319.0,287.0,1,False,False,True,False,2026-08-21 11:05:08.872,,19.2,29.4,63.3,False,1.9,16.0
2026,12,Dutch Grand Prix,FP1,ANT,Mercedes,19.0,4.0,MEDIUM,18.0,76.14,26.109,27.296,22.735,286.0,281.0,320.0,283.0,1,False,False,True,False,2026-08-21 11:06:25.265,,19.3,30.7,63.2,False,0.5,29.0
2026,12,Dutch Grand Prix,FP1,ANT,Mercedes,20.0,4.0,MEDIUM,19.0,76.106,26.076,27.149,22.881,284.0,281.0,318.0,282.0,1,False,False,True,False,2026-08-21 11:07:41.405,,19.4,28.0,61.0,True,2.8,26.0
2026,12,Dutch Grand Prix,FP1,ANT,Mercedes,21.0,4.0,MEDIUM,20.0,79.359,26.007,27.224,26.128,284.0,280.0,311.0,279.0,1,False,False,True,False,2026-08-21 11:08:57.511,,19.4,27.7,60.9,False,2.7,33.0
2026,12,Dutch Grand Prix,FP1,ANT,Mercedes,22.0,4.0,MEDIUM,21.0,76.438,26.397,27.188,22.853,284.0,280.0,318.0,272.0,1,False,False,True,False,2026-08-21 11:10:16.870,,19.3,28.3,62.0,True,2.1,20.0
2026,12,Dutch Grand Prix,FP1,ANT,Mercedes,23.0,4.0,MEDIUM,22.0,76.338,26.129,27.408,22.801,283.0,276.0,318.0,276.0,1,False,False,True,False,2026-08-21 11:11:33.308,,19.3,28.7,62.7,False,2.3,26.0
2026,12,Dutch Grand Prix,FP1,ANT,Mercedes,24.0,4.0,MEDIUM,23.0,76.346,26.106,27.427,22.813,283.0,280.0,318.0,275.0,1,False,False,True,False,2026-08-21 11:12:49.646,,19.2,29.4,62.5,False,2.8,41.0
2026,12,Dutch Grand Prix,FP1,ANT,Mercedes,25.0,4.0,MEDIUM,24.0,76.383,26.064,27.487,22.832,287.0,278.0,318.0,278.0,12,False,False,True,False,2026-08-21 11:14:05.992,,19.3,28.6,62.5,False,2.7,53.0
2026,12,Dutch Grand Prix,FP1,ANT,Mercedes,26.0,4.0,MEDIUM,25.0,76.37,26.053,27.514,22.803,287.0,279.0,316.0,278.0,1,False,False,True,False,2026-08-21 11:15:22.375,,19.3,28.1,62.4,True,2.3,31.0
2026,12,Dutch Grand Prix,FP1,ANT,Mercedes,27.0,4.0,MEDIUM,26.0,101.774,33.998,32.379,35.397,179.0,239.0,,273.0,1,False,False,False,False,2026-08-21 11:16:38.745,,19.4,27.4,62.1,False,3.0,28.0
2026,12,Dutch Grand Prix,FP1,ANT,Mercedes,28.0,5.0,SOFT,1.0,,,29.138,28.378,252.0,251.0,313.0,273.0,1,True,False,False,False,2026-08-21 11:18:20.519,,19.3,27.9,63.3,False,3.2,31.0
2026,12,Dutch Grand Prix,FP1,ANT,Mercedes,29.0,5.0,SOFT,2.0,90.824,29.59,31.068,30.166,274.0,233.0,299.0,208.0,1,True,False,True,False,2026-08-21 11:23:34.950,,19.1,27.3,63.8,False,4.3,33.0
2026,12,Dutch Grand Prix,FP1,ANT,Mercedes,30.0,5.0,SOFT,3.0,89.99,27.927,34.014,28.049,211.0,182.0,299.0,301.0,1,True,False,True,False,2026-08-21 11:25:05.774,,19.0,27.1,62.6,False,3.2,33.0
2026,12,Dutch Grand Prix,FP1,ANT,Mercedes,31.0,5.0,SOFT,4.0,72.949,25.042,25.714,22.193,293.0,285.0,311.0,312.0,1,True,True,True,False,2026-08-21 11:26:35.764,,19.0,27.9,63.0,False,2.2,25.0
2026,12,Dutch Grand Prix,FP1,ANT,Mercedes,32.0,5.0,SOFT,5.0,111.361,36.394,49.037,25.93,151.0,217.0,303.0,252.0,1,True,False,True,False,2026-08-21 11:27:48.713,,18.9,27.8,61.9,False,2.5,29.0
2026,12,Dutch Grand Prix,FP1,ANT,Mercedes,33.0,5.0,SOFT,6.0,82.448,25.105,25.725,31.618,294.0,284.0,195.0,319.0,1,True,False,True,False,2026-08-21 11:29:40.074,,18.9,28.0,62.3,False,2.3,52.0
2026,12,Dutch Grand Prix,FP1,ANT,Mercedes,34.0,5.0,SOFT,7.0,,39.155,42.749,88.076,175.0,146.0,163.0,169.0,12,True,False,False,False,2026-08-21 11:31:02.522,,18.9,28.0,62.3,False,2.7,32.0
2026,12,Dutch Grand Prix,FP1,ANT,Mercedes,35.0,5.0,SOFT,8.0,117.654,28.786,34.552,54.316,268.0,176.0,57.0,250.0,2,True,False,True,False,2026-08-21 11:33:52.535,,18.9,28.6,61.2,False,2.0,30.0
2026,12,Dutch Grand Prix,FP1,ANT,Mercedes,36.0,5.0,SOFT,9.0,125.551,57.865,29.722,37.964,235.0,227.0,,223.0,2,True,False,False,False,2026-08-21 11:35:50.189,,18.9,29.5,61.0,False,1.8,51.0
2026,12,Dutch Grand Prix,FP1,ALO,Aston Martin,1.0,1.0,INTERMEDIATE,1.0,,,36.186,30.626,256.0,230.0,279.0,,1,True,False,False,False,2026-08-21 10:31:55.490,,18.2,25.8,73.4,False,1.4,35.0
2026,12,Dutch Grand Prix,FP1,ALO,Aston Martin,2.0,1.0,INTERMEDIATE,2.0,95.72,30.471,31.24,34.009,275.0,256.0,,213.0,1,True,False,False,False,2026-08-21 10:33:34.388,,18.2,25.2,72.4,False,1.8,35.0
2026,12,Dutch Grand Prix,FP1,ALO,Aston Martin,3.0,2.0,MEDIUM,1.0,,,31.791,30.322,228.0,233.0,312.0,213.0,1,True,False,False,False,2026-08-21 10:35:10.108,,18.2,24.4,71.8,False,2.0,82.0
2026,12,Dutch Grand Prix,FP1,ALO,Aston Martin,4.0,2.0,MEDIUM,2.0,77.631,27.16,27.163,23.308,272.0,267.0,320.0,259.0,1,True,True,True,False,2026-08-21 10:42:26.108,,18.1,23.6,69.4,False,2.1,38.0
2026,12,Dutch Grand Prix,FP1,ALO,Aston Martin,5.0,2.0,MEDIUM,3.0,84.11,26.616,31.394,26.1,274.0,227.0,314.0,265.0,1,True,False,True,False,2026-08-21 10:43:43.739,,18.1,22.7,69.9,False,3.5,22.0
2026,12,Dutch Grand Prix,FP1,ALO,Aston Martin,6.0,2.0,MEDIUM,4.0,91.477,26.315,30.217,34.945,273.0,237.0,305.0,287.0,1,True,False,True,False,2026-08-21 10:45:07.849,,18.0,22.9,70.1,False,2.1,32.0
2026,12,Dutch Grand Prix,FP1,ALO,Aston Martin,7.0,2.0,MEDIUM,5.0,83.094,26.368,27.116,29.61,272.0,267.0,246.0,291.0,12,True,False,True,False,2026-08-21 10:46:39.326,,18.0,23.2,69.1,False,3.0,25.0
2026,12,Dutch Grand Prix,FP1,ALO,Aston Martin,8.0,2.0,MEDIUM,6.0,96.301,31.823,34.005,30.473,228.0,226.0,298.0,213.0,1,True,False,True,False,2026-08-21 10:48:02.420,,18.0,23.6,69.7,False,1.3,26.0
2026,12,Dutch Grand Prix,FP1,ALO,Aston Martin,9.0,2.0,MEDIUM,7.0,75.766,26.007,26.719,23.04,285.0,279.0,290.0,294.0,1,True,True,True,False,2026-08-21 10:49:38.721,,18.2,24.6,70.3,False,1.1,62.0
2026,12,Dutch Grand Prix,FP1,ALO,Aston Martin,10.0,2.0,MEDIUM,8.0,102.657,34.512,37.154,30.991,223.0,224.0,297.0,209.0,1,True,False,True,False,2026-08-21 10:50:54.487,,18.3,24.9,69.8,False,1.2,35.0
2026,12,Dutch Grand Prix,FP1,ALO,Aston Martin,11.0,2.0,MEDIUM,9.0,83.825,26.009,26.767,31.049,286.0,282.0,,303.0,1,True,False,False,False,2026-08-21 10:52:37.144,,18.3,25.7,66.8,False,0.9,40.0
2026,12,Dutch Grand Prix,FP1,ALO,Aston Martin,12.0,3.0,MEDIUM,10.0,,,29.745,26.021,242.0,246.0,297.0,303.0,12,False,False,False,False,2026-08-21 10:54:00.969,,18.4,26.8,68.6,True,1.1,42.0
2026,12,Dutch Grand Prix,FP1,ALO,Aston Martin,13.0,3.0,MEDIUM,11.0,80.756,25.983,26.708,28.065,285.0,278.0,253.0,304.0,1,False,False,True,False,2026-08-21 11:05:20.702,,19.2,29.4,63.3,False,1.9,16.0
2026,12,Dutch Grand Prix,FP1,ALO,Aston Martin,14.0,3.0,MEDIUM,12.0,97.269,33.48,37.349,26.44,231.0,231.0,298.0,229.0,1,False,False,True,False,2026-08-21 11:06:41.458,,19.4,29.9,62.9,False,3.9,35.0
2026,12,Dutch Grand Prix,FP1,ALO,Aston Martin,15.0,3.0,MEDIUM,13.0,75.695,25.919,26.831,22.945,285.0,280.0,289.0,308.0,1,False,True,True,False,2026-08-21 11:08:18.727,,19.4,28.0,61.0,True,2.8,26.0
2026,12,Dutch Grand Prix,FP1,ALO,Aston Martin,16.0,3.0,MEDIUM,14.0,98.79,37.391,36.06,25.339,192.0,226.0,313.0,249.0,1,False,False,True,False,2026-08-21 11:09:34.422,,19.3,28.3,62.0,True,2.1,20.0
2026,12,Dutch Grand Prix,FP1,ALO,Aston Martin,17.0,3.0,MEDIUM,15.0,77.005,26.429,27.407,23.169,271.0,268.0,315.0,292.0,1,False,False,True,False,2026-08-21 11:11:13.212,,19.3,28.7,62.7,False,2.3,26.0
2026,12,Dutch Grand Prix,FP1,ALO,Aston Martin,18.0,3.0,MEDIUM,16.0,77.48,26.37,27.67,23.44,272.0,268.0,308.0,300.0,1,False,False,True,False,2026-08-21 11:12:30.217,,19.2,29.6,62.1,False,3.0,34.0
2026,12,Dutch Grand Prix,FP1,ALO,Aston Martin,19.0,3.0,MEDIUM,17.0,86.092,26.433,27.469,32.19,271.0,265.0,,289.0,12,False,False,False,False,2026-08-21 11:13:47.697,,19.3,28.6,62.5,False,2.7,53.0
2026,12,Dutch Grand Prix,FP1,ALO,Aston Martin,20.0,4.0,SOFT,1.0,,,30.956,26.638,261.0,233.0,298.0,289.0,1,True,False,False,False,2026-08-21 11:15:13.789,,19.3,28.1,62.4,True,2.3,31.0
2026,12,Dutch Grand Prix,FP1,ALO,Aston Martin,21.0,4.0,SOFT,2.0,74.511,25.51,26.437,22.564,286.0,280.0,293.0,309.0,1,True,True,True,False,2026-08-21 11:21:15.586,,19.2,27.3,63.7,False,2.6,32.0
2026,12,Dutch Grand Prix,FP1,ALO,Aston Martin,22.0,4.0,SOFT,3.0,100.189,36.815,36.03,27.344,224.0,213.0,300.0,237.0,1,True,False,True,False,2026-08-21 11:22:30.097,,19.1,27.8,63.3,True,4.0,25.0
2026,12,Dutch Grand Prix,FP1,ALO,Aston Martin,23.0,4.0,SOFT,4.0,99.462,26.447,38.789,34.226,209.0,169.0,298.0,311.0,1,True,False,True,False,2026-08-21 11:24:10.286,,19.1,27.3,63.8,False,4.3,33.0
2026,12,Dutch Grand Prix,FP1,ALO,Aston Martin,24.0,4.0,SOFT,5.0,98.215,29.763,38.832,29.62,220.0,227.0,298.0,310.0,1,True,False,True,False,2026-08-21 11:25:49.748,,19.0,27.6,63.4,False,0.9,43.0
2026,12,Dutch Grand Prix,FP1,ALO,Aston Martin,25.0,4.0,SOFT,6.0,82.647,25.622,26.625,30.4,286.0,279.0,,307.0,1,True,False,False,False,2026-08-21 11:27:27.963,,19.0,27.9,63.0,False,2.2,25.0
2026,12,Dutch Grand Prix,FP1,LEC,Ferrari,1.0,1.0,INTERMEDIATE,1.0,,,34.785,35.508,242.0,190.0,282.0,,1,True,False,False,False,2026-08-21 10:31:27.815,,18.1,25.8,72.8,False,1.3,29.0
2026,12,Dutch Grand Prix,FP1,LEC,Ferrari,2.0,1.0,INTERMEDIATE,2.0,94.806,29.595,31.009,34.202,274.0,250.0,,225.0,1,True,False,False,False,2026-08-21 10:33:18.218,,18.2,25.2,72.1,False,0.8,30.0
2026,12,Dutch Grand Prix,FP1,LEC,Ferrari,3.0,2.0,MEDIUM,1.0,,,35.393,26.068,157.0,234.0,302.0,225.0,1,True,False,False,False,2026-08-21 10:34:53.024,,18.2,24.4,71.8,False,2.0,82.0
2026,12,Dutch Grand Prix,FP1,LEC,Ferrari,4.0,2.0,MEDIUM,2.0,80.227,28.194,28.326,23.707,283.0,267.0,306.0,252.0,1,True,True,True,False,2026-08-21 10:40:08.567,,18.2,23.9,70.7,False,2.8,27.0
2026,12,Dutch Grand Prix,FP1,LEC,Ferrari,5.0,2.0,MEDIUM,3.0,76.695,26.67,27.119,22.906,275.0,273.0,309.0,278.0,1,True,True,True,False,2026-08-21 10:41:28.794,,18.2,23.5,70.8,False,3.6,18.0
2026,12,Dutch Grand Prix,FP1,LEC,Ferrari,6.0,2.0,MEDIUM,4.0,75.766,26.08,26.857,22.829,277.0,281.0,321.0,295.0,1,True,True,True,False,2026-08-21 10:42:45.489,,18.1,23.5,70.4,False,2.7,25.0
2026,12,Dutch Grand Prix,FP1,LEC,Ferrari,7.0,2.0,MEDIUM,5.0,113.112,42.076,45.063,25.973,187.0,156.0,309.0,191.0,1,True,False,True,False,2026-08-21 10:44:01.255,,18.1,22.7,69.9,False,3.5,22.0
2026,12,Dutch Grand Prix,FP1,LEC,Ferrari,8.0,2.0,MEDIUM,6.0,75.477,26.248,26.557,22.672,276.0,272.0,320.0,283.0,1,True,True,True,False,2026-08-21 10:45:54.367,,18.0,22.8,70.3,False,4.0,29.0
2026,12,Dutch Grand Prix,FP1,LEC,Ferrari,9.0,2.0,MEDIUM,7.0,88.523,26.305,31.896,30.322,263.0,186.0,300.0,308.0,12,True,False,True,False,2026-08-21 10:47:09.844,,18.0,23.2,69.1,False,3.0,25.0
2026,12,Dutch Grand Prix,FP1,LEC,Ferrari,10.0,2.0,MEDIUM,8.0,74.925,25.9,26.528,22.497,289.0,284.0,315.0,295.0,1,True,True,True,False,2026-08-21 10:48:38.367,,18.1,23.6,69.7,False,1.9,25.0
2026,12,Dutch Grand Prix,FP1,LEC,Ferrari,11.0,2.0,MEDIUM,9.0,107.391,38.917,39.118,29.356,150.0,210.0,311.0,237.0,1,True,False,True,False,2026-08-21 10:49:53.292,,18.2,24.6,70.3,False,1.1,62.0
2026,12,Dutch Grand Prix,FP1,LEC,Ferrari,12.0,2.0,MEDIUM,10.0,89.854,28.81,29.038,32.006,245.0,250.0,302.0,249.0,1,True,False,True,False,2026-08-21 10:51:40.683,,18.3,25.5,69.0,False,3.1,27.0
2026,12,Dutch Grand Prix,FP1,LEC,Ferrari,13.0,2.0,MEDIUM,11.0,85.444,26.238,32.388,26.818,294.0,228.0,302.0,289.0,1,True,False,True,False,2026-08-21 10:53:10.537,,18.3,25.7,66.8,False,0.9,40.0
2026,12,Dutch Grand Prix,FP1,LEC,Ferrari,14.0,2.0,MEDIUM,12.0,74.506,25.639,26.465,22.402,291.0,288.0,313.0,307.0,1,True,True,True,False,2026-08-21 10:54:35.981,,18.5,26.6,68.7,False,2.4,20.0
2026,12,Dutch Grand Prix,FP1,LEC,Ferrari,15.0,2.0,MEDIUM,13.0,96.953,33.898,34.775,28.28,198.0,202.0,307.0,242.0,12,True,False,True,False,2026-08-21 10:55:50.487,,18.5,26.7,66.6,True,1.1,21.0
2026,12,Dutch Grand Prix,FP1,LEC,Ferrari,16.0,2.0,MEDIUM,14.0,79.178,25.745,27.942,25.491,291.0,238.0,300.0,303.0,1,True,False,True,False,2026-08-21 10:57:27.440,,18.5,26.6,66.4,True,1.4,65.0
2026,12,Dutch Grand Prix,FP1,LEC,Ferrari,17.0,2.0,MEDIUM,15.0,74.146,25.501,26.308,22.337,291.0,289.0,313.0,305.0,1,True,True,True,False,2026-08-21 10:58:46.618,,18.7,26.1,67.4,True,1.8,20.0
2026,12,Dutch Grand Prix,FP1,LEC,Ferrari,18.0,2.0,MEDIUM,16.0,88.108,28.639,29.897,29.572,263.0,237.0,,259.0,1,True,False,False,False,2026-08-21 11:00:00.764,,18.9,26.6,66.1,False,1.1,44.0
2026,12,Dutch Grand Prix,FP1,LEC,Ferrari,19.0,3.0,MEDIUM,17.0,,,38.784,24.863,291.0,251.0,318.0,259.0,1,False,False,False,False,2026-08-21 11:01:28.872,,18.9,27.1,64.9,True,2.6,36.0
2026,12,Dutch Grand Prix,FP1,LEC,Ferrari,20.0,3.0,MEDIUM,18.0,76.34,26.298,27.104,22.938,276.0,271.0,316.0,296.0,1,False,False,True,False,2026-08-21 11:07:03.759,,19.4,29.9,62.9,False,3.9,35.0
2026,12,Dutch Grand Prix,FP1,LEC,Ferrari,21.0,3.0,MEDIUM,19.0,75.982,26.06,27.117,22.805,279.0,268.0,318.0,303.0,1,False,False,True,False,2026-08-21 11:08:20.099,,19.4,28.0,61.0,True,2.8,26.0
2026,12,Dutch Grand Prix,FP1,LEC,Ferrari,22.0,3.0,MEDIUM,20.0,75.738,25.875,27.03,22.833,276.0,269.0,313.0,306.0,1,False,False,True,False,2026-08-21 11:09:36.081,,19.3,28.3,62.0,True,2.1,20.0
2026,12,Dutch Grand Prix,FP1,LEC,Ferrari,23.0,3.0,MEDIUM,21.0,75.77,25.924,27.064,22.782,279.0,276.0,319.0,301.0,1,False,False,True,False,2026-08-21 11:10:51.819,,19.3,28.7,62.7,False,2.3,26.0
2026,12,Dutch Grand Prix,FP1,LEC,Ferrari,24.0,3.0,MEDIUM,22.0,75.763,25.941,27.111,22.711,281.0,278.0,314.0,303.0,1,False,False,True,False,2026-08-21 11:12:07.589,,19.2,29.6,62.1,False,3.0,34.0
2026,12,Dutch Grand Prix,FP1,LEC,Ferrari,25.0,3.0,MEDIUM,23.0,76.653,26.105,27.436,23.112,282.0,275.0,316.0,304.0,12,False,False,True,False,2026-08-21 11:13:23.352,,19.2,29.4,62.5,False,2.8,41.0
2026,12,Dutch Grand Prix,FP1,LEC,Ferrari,26.0,3.0,MEDIUM,24.0,76.53,26.191,27.397,22.942,277.0,267.0,312.0,302.0,1,False,False,True,False,2026-08-21 11:14:40.005,,19.3,28.1,62.4,True,2.3,31.0
2026,12,Dutch Grand Prix,FP1,LEC,Ferrari,27.0,3.0,MEDIUM,25.0,84.804,26.07,27.507,31.227,280.0,248.0,,295.0,1,False,False,False,False,2026-08-21 11:15:56.535,,19.3,28.0,62.5,False,2.5,33.0
2026,12,Dutch Grand Prix,FP1,LEC,Ferrari,28.0,4.0,SOFT,1.0,117.637,63.494,28.811,25.332,271.0,233.0,296.0,295.0,1,True,False,False,False,2026-08-21 11:17:21.339,,19.4,27.4,62.1,False,3.0,28.0
2026,12,Dutch Grand Prix,FP1,LEC,Ferrari,29.0,4.0,SOFT,2.0,88.179,26.255,33.822,28.102,238.0,151.0,302.0,300.0,1,True,False,True,False,2026-08-21 11:19:18.976,,19.2,27.5,63.8,False,2.9,35.0
2026,12,Dutch Grand Prix,FP1,LEC,Ferrari,30.0,4.0,SOFT,3.0,73.347,25.408,25.803,22.136,290.0,286.0,314.0,307.0,1,True,True,True,False,2026-08-21 11:20:47.155,,19.2,27.3,63.7,False,2.6,32.0
2026,12,Dutch Grand Prix,FP1,LEC,Ferrari,31.0,4.0,SOFT,4.0,100.689,33.555,35.39,31.744,192.0,200.0,,240.0,1,True,False,False,False,2026-08-21 11:22:00.502,,19.1,27.8,63.3,True,4.0,25.0
2026,12,Dutch Grand Prix,FP1,LEC,Ferrari,32.0,5.0,SOFT,5.0,119.758,56.145,32.28,31.333,252.0,218.0,304.0,240.0,1,False,False,False,False,2026-08-21 11:23:41.191,,19.1,27.3,63.8,False,4.3,33.0
2026,12,Dutch Grand Prix,FP1,LEC,Ferrari,33.0,5.0,SOFT,6.0,87.888,27.499,32.28,28.109,276.0,208.0,302.0,306.0,1,False,False,True,False,2026-08-21 11:25:40.949,,19.0,27.6,63.4,False,0.9,43.0
2026,12,Dutch Grand Prix,FP1,LEC,Ferrari,34.0,5.0,SOFT,7.0,73.238,25.221,25.961,22.056,292.0,287.0,310.0,306.0,1,False,True,True,False,2026-08-21 11:27:08.837,,19.0,27.9,63.0,False,2.2,25.0
2026,12,Dutch Grand Prix,FP1,LEC,Ferrari,35.0,5.0,SOFT,8.0,92.582,30.78,34.292,27.51,218.0,206.0,304.0,247.0,1,False,False,True,False,2026-08-21 11:28:22.075,,18.9,27.8,61.9,False,2.5,29.0
2026,12,Dutch Grand Prix,FP1,LEC,Ferrari,36.0,5.0,SOFT,9.0,76.544,25.023,25.954,25.567,292.0,286.0,234.0,310.0,1,False,False,True,False,2026-08-21 11:29:54.657,,18.9,28.0,62.3,False,2.3,52.0
2026,12,Dutch Grand Prix,FP1,LEC,Ferrari,37.0,5.0,SOFT,10.0,,36.169,39.829,84.819,174.0,169.0,3.0,198.0,12,False,False,False,False,2026-08-21 11:31:11.201,,18.9,28.0,62.3,False,2.7,32.0
2026,12,Dutch Grand Prix,FP1,LEC,Ferrari,38.0,5.0,SOFT,11.0,125.815,39.695,38.217,47.903,161.0,154.0,68.0,186.0,2,False,False,True,False,2026-08-21 11:33:52.187,,18.9,28.6,61.2,False,2.0,30.0
2026,12,Dutch Grand Prix,FP1,LEC,Ferrari,39.0,5.0,SOFT,12.0,127.464,55.578,29.931,41.955,288.0,245.0,,215.0,2,False,False,False,False,2026-08-21 11:35:58.002,,18.9,29.5,61.0,False,1.8,51.0
2026,12,Dutch Grand Prix,FP1,STR,Aston Martin,1.0,1.0,INTERMEDIATE,1.0,,,45.434,31.187,195.0,201.0,273.0,,1,True,False,False,False,2026-08-21 10:33:50.308,,18.2,25.2,72.4,False,1.8,35.0
2026,12,Dutch Grand Prix,FP1,STR,Aston Martin,2.0,1.0,INTERMEDIATE,2.0,121.849,40.451,40.889,40.509,150.0,211.0,,198.0,1,True,False,False,False,2026-08-21 10:35:42.961,,18.2,24.5,70.4,False,1.7,53.0
2026,12,Dutch Grand Prix,FP1,STR,Aston Martin,3.0,2.0,MEDIUM,1.0,,,32.016,27.457,256.0,232.0,297.0,198.0,1,True,False,False,False,2026-08-21 10:37:44.810,,18.3,24.4,70.5,False,1.9,41.0
2026,12,Dutch Grand Prix,FP1,STR,Aston Martin,4.0,2.0,MEDIUM,2.0,79.762,27.547,28.276,23.939,285.0,279.0,296.0,258.0,1,True,True,True,False,2026-08-21 10:45:44.262,,18.0,22.8,70.3,False,4.0,29.0
2026,12,Dutch Grand Prix,FP1,STR,Aston Martin,5.0,2.0,MEDIUM,3.0,106.468,33.263,36.373,36.832,236.0,171.0,297.0,243.0,12,True,False,True,False,2026-08-21 10:47:04.024,,18.0,23.2,69.1,False,3.0,25.0
2026,12,Dutch Grand Prix,FP1,STR,Aston Martin,6.0,2.0,MEDIUM,4.0,77.184,26.717,27.156,23.311,286.0,281.0,296.0,285.0,1,True,True,True,False,2026-08-21 10:48:50.492,,18.1,23.6,69.7,False,1.9,25.0
2026,12,Dutch Grand Prix,FP1,STR,Aston Martin,7.0,2.0,MEDIUM,5.0,110.184,35.702,45.436,29.046,227.0,147.0,297.0,222.0,1,True,False,True,False,2026-08-21 10:50:07.676,,18.2,24.6,70.3,False,1.1,62.0
2026,12,Dutch Grand Prix,FP1,STR,Aston Martin,8.0,2.0,MEDIUM,6.0,76.229,26.312,26.712,23.205,285.0,279.0,291.0,299.0,1,True,True,True,False,2026-08-21 10:51:57.860,,18.3,25.5,69.0,False,3.1,27.0
2026,12,Dutch Grand Prix,FP1,STR,Aston Martin,9.0,2.0,MEDIUM,7.0,112.31,41.33,39.847,31.133,141.0,228.0,298.0,221.0,1,True,False,True,False,2026-08-21 10:53:14.089,,18.3,25.7,66.8,False,0.9,40.0
2026,12,Dutch Grand Prix,FP1,STR,Aston Martin,10.0,2.0,MEDIUM,8.0,76.295,26.405,26.691,23.199,284.0,281.0,292.0,299.0,12,True,False,True,False,2026-08-21 10:55:06.399,,18.5,26.6,68.7,False,2.4,20.0
2026,12,Dutch Grand Prix,FP1,STR,Aston Martin,11.0,2.0,MEDIUM,9.0,100.375,31.722,33.233,35.42,230.0,201.0,,220.0,1,True,False,False,False,2026-08-21 10:56:22.694,,18.5,26.7,66.6,True,1.1,21.0
2026,12,Dutch Grand Prix,FP1,STR,Aston Martin,12.0,3.0,MEDIUM,10.0,,,29.755,26.468,259.0,237.0,279.0,220.0,1,False,False,False,False,2026-08-21 10:58:03.069,,18.6,26.3,66.0,False,1.1,75.0
2026,12,Dutch Grand Prix,FP1,STR,Aston Martin,13.0,3.0,MEDIUM,11.0,90.415,31.479,34.22,24.716,234.0,255.0,317.0,219.0,1,False,False,True,False,2026-08-21 11:06:25.478,,19.3,30.7,63.2,False,0.5,29.0
2026,12,Dutch Grand Prix,FP1,STR,Aston Martin,14.0,3.0,MEDIUM,12.0,77.577,27.073,27.316,23.188,271.0,270.0,315.0,286.0,1,False,False,True,False,2026-08-21 11:07:55.893,,19.4,28.0,61.0,True,2.8,26.0
2026,12,Dutch Grand Prix,FP1,STR,Aston Martin,15.0,3.0,MEDIUM,13.0,77.174,26.617,27.551,23.006,269.0,267.0,316.0,298.0,1,False,False,True,False,2026-08-21 11:09:13.470,,19.4,27.7,60.9,False,2.7,33.0
2026,12,Dutch Grand Prix,FP1,STR,Aston Martin,16.0,3.0,MEDIUM,14.0,77.393,26.589,27.562,23.242,267.0,265.0,314.0,298.0,1,False,False,True,False,2026-08-21 11:10:30.644,,19.3,28.3,62.0,True,2.1,20.0
2026,12,Dutch Grand Prix,FP1,STR,Aston Martin,17.0,3.0,MEDIUM,15.0,88.913,26.663,29.113,33.137,267.0,214.0,,298.0,1,False,False,False,False,2026-08-21 11:11:48.037,,19.2,29.6,62.1,False,3.0,34.0
2026,12,Dutch Grand Prix,FP1,STR,Aston Martin,18.0,4.0,SOFT,1.0,,,28.897,28.722,263.0,237.0,298.0,298.0,12,True,False,False,False,2026-08-21 11:13:16.950,,19.2,29.4,62.5,False,2.8,41.0
2026,12,Dutch Grand Prix,FP1,STR,Aston Martin,19.0,4.0,SOFT,2.0,75.199,26.01,26.479,22.71,286.0,281.0,302.0,307.0,1,True,True,True,False,2026-08-21 11:19:42.579,,19.3,26.8,63.9,False,3.0,28.0
2026,12,Dutch Grand Prix,FP1,STR,Aston Martin,20.0,4.0,SOFT,3.0,105.579,36.606,41.77,27.203,192.0,225.0,299.0,225.0,1,True,False,True,False,2026-08-21 11:20:57.778,,19.2,27.3,63.7,False,2.6,32.0
2026,12,Dutch Grand Prix,FP1,STR,Aston Martin,21.0,4.0,SOFT,4.0,75.362,26.062,26.535,22.765,286.0,279.0,293.0,309.0,1,True,False,True,False,2026-08-21 11:22:43.357,,19.1,27.6,64.0,False,3.2,24.0
2026,12,Dutch Grand Prix,FP1,STR,Aston Martin,22.0,4.0,SOFT,5.0,115.928,42.455,37.88,35.593,179.0,214.0,298.0,215.0,1,True,False,True,False,2026-08-21 11:23:58.719,,19.1,27.3,63.8,False,4.3,33.0
2026,12,Dutch Grand Prix,FP1,STR,Aston Martin,23.0,4.0,SOFT,6.0,97.529,26.689,37.026,33.814,189.0,164.0,299.0,307.0,1,True,False,True,False,2026-08-21 11:25:54.647,,19.0,27.6,63.4,False,0.9,43.0
2026,12,Dutch Grand Prix,FP1,STR,Aston Martin,24.0,4.0,SOFT,7.0,103.277,34.625,34.503,34.149,222.0,198.0,,308.0,1,True,False,False,False,2026-08-21 11:27:32.176,,19.0,27.9,63.0,False,2.2,25.0
2026,12,Dutch Grand Prix,FP1,TSU,Racing Bulls,1.0,1.0,INTERMEDIATE,1.0,,,36.538,39.125,228.0,156.0,,,1,True,False,False,False,2026-08-21 10:31:23.506,,18.1,25.8,72.8,False,1.3,29.0
2026,12,Dutch Grand Prix,FP1,TSU,Racing Bulls,2.0,2.0,HARD,1.0,,,31.847,26.247,247.0,229.0,285.0,,1,True,False,False,False,2026-08-21 10:33:15.827,,18.2,25.2,72.1,False,0.8,30.0
2026,12,Dutch Grand Prix,FP1,TSU,Racing Bulls,3.0,2.0,HARD,2.0,81.448,28.72,28.168,24.56,279.0,274.0,283.0,222.0,1,True,True,True,False,2026-08-21 10:37:55.479,,18.3,24.4,70.5,False,1.9,41.0
2026,12,Dutch Grand Prix,FP1,TSU,Racing Bulls,4.0,2.0,HARD,3.0,78.927,27.715,27.578,23.634,286.0,272.0,307.0,225.0,1,True,True,True,False,2026-08-21 10:39:16.927,,18.2,24.4,71.6,False,1.1,52.0
2026,12,Dutch Grand Prix,FP1,TSU,Racing Bulls,5.0,2.0,HARD,4.0,77.322,26.753,27.304,23.265,283.0,274.0,310.0,254.0,1,True,True,True,False,2026-08-21 10:40:35.854,,18.2,23.5,70.8,False,3.6,18.0
2026,12,Dutch Grand Prix,FP1,TSU,Racing Bulls,6.0,2.0,HARD,5.0,95.366,34.909,33.708,26.749,197.0,235.0,301.0,189.0,1,True,False,True,False,2026-08-21 10:41:53.176,,18.1,23.6,69.4,False,2.1,38.0
2026,12,Dutch Grand Prix,FP1,TSU,Racing Bulls,7.0,2.0,HARD,6.0,77.299,26.495,27.442,23.362,293.0,287.0,299.0,293.0,1,True,True,True,False,2026-08-21 10:43:28.542,,18.1,23.5,70.4,False,2.7,25.0
2026,12,Dutch Grand Prix,FP1,TSU,Racing Bulls,8.0,2.0,HARD,7.0,117.548,39.228,42.918,35.402,156.0,230.0,264.0,192.0,1,True,False,True,False,2026-08-21 10:44:45.841,,18.0,22.9,70.1,False,2.1,32.0
2026,12,Dutch Grand Prix,FP1,TSU,Racing Bulls,9.0,2.0,HARD,8.0,94.863,32.967,33.382,28.514,202.0,151.0,309.0,225.0,12,True,False,True,False,2026-08-21 10:46:43.389,,18.0,23.2,69.1,False,3.0,25.0
2026,12,Dutch Grand Prix,FP1,TSU,Racing Bulls,10.0,2.0,HARD,9.0,83.741,27.759,29.123,26.859,258.0,239.0,301.0,295.0,1,True,False,True,False,2026-08-21 10:48:18.252,,18.0,23.6,69.7,False,1.3,26.0
2026,12,Dutch Grand Prix,FP1,TSU,Racing Bulls,11.0,2.0,HARD,10.0,76.674,26.156,27.159,23.359,293.0,287.0,298.0,300.0,1,True,True,True,False,2026-08-21 10:49:41.993,,18.2,24.6,70.3,False,1.1,62.0
2026,12,Dutch Grand Prix,FP1,TSU,Racing Bulls,12.0,2.0,HARD,11.0,100.859,34.098,36.444,30.317,221.0,109.0,303.0,206.0,1,True,False,True,False,2026-08-21 10:50:58.667,,18.3,24.9,69.8,False,1.2,35.0
2026,12,Dutch Grand Prix,FP1,TSU,Racing Bulls,13.0,2.0,HARD,12.0,76.497,26.016,27.195,23.286,292.0,286.0,304.0,300.0,1,True,True,True,False,2026-08-21 10:52:39.526,,18.3,25.7,66.8,False,0.9,40.0
2026,12,Dutch Grand Prix,FP1,TSU,Racing Bulls,14.0,2.0,HARD,13.0,107.45,40.725,40.444,26.281,133.0,204.0,301.0,219.0,1,True,False,True,False,2026-08-21 10:53:56.023,,18.4,26.8,68.6,True,1.1,42.0
2026,12,Dutch Grand Prix,FP1,TSU,Racing Bulls,15.0,2.0,HARD,14.0,75.865,25.928,26.93,23.007,291.0,285.0,305.0,305.0,12,True,True,True,False,2026-08-21 10:55:43.473,,18.5,26.7,66.6,True,1.1,21.0
2026,12,Dutch Grand Prix,FP1,TSU,Racing Bulls,16.0,2.0,HARD,15.0,97.547,31.979,32.669,32.899,227.0,248.0,,238.0,1,True,False,False,False,2026-08-21 10:56:59.338,,18.5,26.6,66.4,True,1.4,65.0
2026,12,Dutch Grand Prix,FP1,TSU,Racing Bulls,17.0,3.0,HARD,16.0,,,28.242,23.584,288.0,283.0,320.0,238.0,1,False,False,False,False,2026-08-21 10:58:36.885,,18.7,26.1,67.4,True,1.8,20.0
2026,12,Dutch Grand Prix,FP1,TSU,Racing Bulls,18.0,3.0,HARD,17.0,78.156,26.687,28.019,23.45,286.0,273.0,305.0,292.0,1,False,False,True,False,2026-08-21 11:06:06.626,,19.3,30.7,63.2,False,0.5,29.0
2026,12,Dutch Grand Prix,FP1,TSU,Racing Bulls,19.0,3.0,HARD,18.0,78.476,26.81,28.121,23.545,277.0,268.0,313.0,294.0,1,False,False,True,False,2026-08-21 11:07:24.782,,19.4,29.9,62.9,False,3.9,35.0
2026,12,Dutch Grand Prix,FP1,TSU,Racing Bulls,20.0,3.0,HARD,19.0,78.647,26.923000000000002,28.198,23.526,279.0,268.0,311.0,285.0,1,False,False,True,False,2026-08-21 11:08:43.258,,19.4,27.7,60.9,False,2.7,33.0
2026,12,Dutch Grand Prix,FP1,TSU,Racing Bulls,21.0,3.0,HARD,20.0,78.825,27.033,28.164,23.628,281.0,273.0,305.0,265.0,1,False,False,True,False,2026-08-21 11:10:01.905,,19.3,28.3,62.0,True,2.1,20.0
2026,12,Dutch Grand Prix,FP1,TSU,Racing Bulls,22.0,3.0,HARD,21.0,78.549,26.801,28.137,23.611,282.0,271.0,320.0,296.0,1,False,False,True,False,2026-08-21 11:11:20.730,,19.3,28.7,62.7,False,2.3,26.0
2026,12,Dutch Grand Prix,FP1,TSU,Racing Bulls,23.0,3.0,HARD,22.0,78.271,26.491,28.317,23.463,279.0,272.0,327.0,307.0,1,False,False,True,False,2026-08-21 11:12:39.279,,19.2,29.4,62.5,False,2.8,41.0
2026,12,Dutch Grand Prix,FP1,TSU,Racing Bulls,24.0,3.0,HARD,23.0,85.951,26.571,28.477,30.903,278.0,269.0,,296.0,12,False,False,False,False,2026-08-21 11:13:57.550,,19.3,28.6,62.5,False,2.7,53.0
2026,12,Dutch Grand Prix,FP1,TSU,Racing Bulls,25.0,4.0,MEDIUM,1.0,,,30.41,28.21,241.0,183.0,302.0,296.0,1,True,False,False,False,2026-08-21 11:15:23.501,,19.3,28.1,62.4,True,2.3,31.0
2026,12,Dutch Grand Prix,FP1,TSU,Racing Bulls,26.0,4.0,MEDIUM,2.0,75.11,25.798000000000002,26.543,22.769,290.0,287.0,302.0,305.0,1,True,True,True,False,2026-08-21 11:20:30.385,,19.3,26.8,63.9,False,3.0,28.0
2026,12,Dutch Grand Prix,FP1,TSU,Racing Bulls,27.0,4.0,MEDIUM,3.0,106.906,40.516,39.393,26.997,160.0,126.0,308.0,226.0,1,True,False,True,False,2026-08-21 11:21:45.495,,19.1,27.8,63.3,True,4.0,25.0
2026,12,Dutch Grand Prix,FP1,TSU,Racing Bulls,28.0,4.0,MEDIUM,4.0,102.462,31.831,35.841,34.79,246.0,238.0,303.0,246.0,1,True,False,True,False,2026-08-21 11:23:32.401,,19.1,27.6,64.0,False,3.2,24.0
2026,12,Dutch Grand Prix,FP1,TSU,Racing Bulls,29.0,4.0,MEDIUM,5.0,75.294,25.655,26.602,23.037,293.0,286.0,293.0,309.0,1,True,False,True,False,2026-08-21 11:25:14.863,,19.0,27.1,62.6,False,3.2,33.0
2026,12,Dutch Grand Prix,FP1,TSU,Racing Bulls,30.0,4.0,MEDIUM,6.0,107.638,40.629,41.117,25.892,142.0,213.0,303.0,195.0,1,True,False,True,False,2026-08-21 11:26:30.157,,19.0,27.6,63.4,False,0.9,43.0
2026,12,Dutch Grand Prix,FP1,TSU,Racing Bulls,31.0,4.0,MEDIUM,7.0,75.556,25.813,26.718,23.025,293.0,287.0,300.0,308.0,1,True,False,True,False,2026-08-21 11:28:17.795,,18.9,27.8,61.9,False,2.5,29.0
2026,12,Dutch Grand Prix,FP1,TSU,Racing Bulls,32.0,4.0,MEDIUM,8.0,111.1,41.58,40.001,29.519,132.0,182.0,282.0,186.0,1,True,False,True,False,2026-08-21 11:29:33.351,,18.9,27.6,61.5,False,2.2,39.0
2026,12,Dutch Grand Prix,FP1,TSU,Racing Bulls,33.0,4.0,MEDIUM,9.0,,33.198,33.789,91.018,202.0,243.0,182.0,213.0,12,True,False,False,False,2026-08-21 11:31:24.451,,18.9,28.0,62.3,False,2.7,32.0
2026,12,Dutch Grand Prix,FP1,TSU,Racing Bulls,34.0,4.0,MEDIUM,10.0,117.424,32.25,36.108,49.066,199.0,180.0,55.0,205.0,2,True,False,True,False,2026-08-21 11:34:02.545,,18.9,28.6,61.2,False,2.0,30.0
2026,12,Dutch Grand Prix,FP1,TSU,Racing Bulls,35.0,4.0,MEDIUM,11.0,138.839,64.688,37.532,36.619,172.0,199.0,,191.0,2,True,False,False,False,2026-08-21 11:35:59.969,,18.9,29.5,61.0,False,1.8,51.0
2026,12,Dutch Grand Prix,FP1,ALB,Williams,1.0,1.0,INTERMEDIATE,1.0,,,36.375,34.367,226.0,222.0,,,1,True,False,False,False,2026-08-21 10:31:22.034,,18.1,25.8,72.8,False,1.3,29.0
2026,12,Dutch Grand Prix,FP1,ALB,Williams,2.0,2.0,SOFT,1.0,,,32.612,27.446,261.0,147.0,281.0,,1,True,False,False,False,2026-08-21 10:33:08.670,,18.2,25.2,72.1,False,0.8,30.0
2026,12,Dutch Grand Prix,FP1,ALB,Williams,3.0,2.0,SOFT,2.0,86.143,28.124,30.39,27.629,288.0,238.0,291.0,240.0,1,True,True,True,False,2026-08-21 10:42:35.182,,18.1,23.5,70.4,False,2.7,25.0
2026,12,Dutch Grand Prix,FP1,ALB,Williams,4.0,2.0,SOFT,3.0,78.876,27.137,27.669,24.07,288.0,254.0,276.0,275.0,1,True,True,True,False,2026-08-21 10:44:01.325,,18.1,22.7,69.9,False,3.5,22.0
2026,12,Dutch Grand Prix,FP1,ALB,Williams,5.0,2.0,SOFT,4.0,115.801,40.971,46.45,28.38,194.0,146.0,291.0,212.0,1,True,False,True,False,2026-08-21 10:45:20.201,,18.0,22.9,70.1,False,2.1,32.0
2026,12,Dutch Grand Prix,FP1,ALB,Williams,6.0,2.0,SOFT,5.0,100.051,26.622,36.929,36.5,290.0,113.0,281.0,282.0,12,True,False,True,False,2026-08-21 10:47:16.002,,18.0,23.2,69.1,False,3.0,25.0
2026,12,Dutch Grand Prix,FP1,ALB,Williams,7.0,2.0,SOFT,6.0,97.858,30.51,35.408,31.94,194.0,137.0,294.0,273.0,1,True,False,True,False,2026-08-21 10:48:56.053,,18.1,23.6,69.7,False,1.9,25.0
2026,12,Dutch Grand Prix,FP1,ALB,Williams,8.0,2.0,SOFT,7.0,77.437,26.707,27.297,23.433,292.0,283.0,296.0,288.0,1,True,True,True,False,2026-08-21 10:50:33.911,,18.2,24.6,70.3,False,1.1,62.0
2026,12,Dutch Grand Prix,FP1,ALB,Williams,9.0,2.0,SOFT,8.0,112.96,43.832,40.836,28.292,139.0,232.0,289.0,214.0,1,True,False,True,False,2026-08-21 10:51:51.348,,18.3,25.5,69.0,False,3.1,27.0
2026,12,Dutch Grand Prix,FP1,ALB,Williams,10.0,2.0,SOFT,9.0,76.764,26.394,27.283,23.087,293.0,283.0,301.0,299.0,1,True,True,True,False,2026-08-21 10:53:44.308,,18.4,26.8,68.6,True,1.1,42.0
2026,12,Dutch Grand Prix,FP1,ALB,Williams,11.0,2.0,SOFT,10.0,115.738,43.212,37.876,34.65,115.0,225.0,282.0,246.0,12,True,False,True,False,2026-08-21 10:55:01.072,,18.5,26.6,68.7,False,2.4,20.0
2026,12,Dutch Grand Prix,FP1,ALB,Williams,12.0,2.0,SOFT,11.0,76.312,26.259,27.124,22.929,290.0,283.0,298.0,294.0,1,True,True,True,False,2026-08-21 10:56:56.810,,18.5,26.6,66.4,True,1.4,65.0
2026,12,Dutch Grand Prix,FP1,ALB,Williams,13.0,2.0,SOFT,12.0,102.29,38.336,36.692,27.262,210.0,226.0,290.0,211.0,1,True,False,True,False,2026-08-21 10:58:13.122,,18.6,26.3,66.0,False,1.1,75.0
2026,12,Dutch Grand Prix,FP1,ALB,Williams,14.0,2.0,SOFT,13.0,76.408,26.148,27.311,22.949,292.0,282.0,302.0,299.0,1,True,False,True,False,2026-08-21 10:59:55.412,,18.9,26.6,66.1,False,1.1,44.0
2026,12,Dutch Grand Prix,FP1,ALB,Williams,15.0,2.0,SOFT,14.0,94.004,30.912,32.893,30.199,175.0,257.0,,261.0,1,True,False,False,False,2026-08-21 11:01:11.820,,18.9,27.1,64.9,True,2.6,36.0
2026,12,Dutch Grand Prix,FP1,ALB,Williams,16.0,3.0,SOFT,15.0,119.094,58.334,30.385,30.375,262.0,273.0,,261.0,1,False,False,False,False,2026-08-21 11:02:45.824,,19.1,27.6,62.5,False,2.0,62.0
2026,12,Dutch Grand Prix,FP1,ALB,Williams,17.0,4.0,SOFT,16.0,105.187,48.549,28.056,28.582,295.0,288.0,315.0,261.0,1,False,False,False,False,2026-08-21 11:04:44.918,,19.2,29.4,63.3,False,1.9,16.0
2026,12,Dutch Grand Prix,FP1,ALB,Williams,18.0,4.0,SOFT,17.0,78.736,26.851,28.545,23.34,234.0,275.0,312.0,289.0,1,False,False,True,False,2026-08-21 11:06:30.105,,19.3,30.7,63.2,False,0.5,29.0
2026,12,Dutch Grand Prix,FP1,ALB,Williams,19.0,4.0,SOFT,18.0,77.668,26.676,27.848,23.144,278.0,275.0,316.0,281.0,1,False,False,True,False,2026-08-21 11:07:48.841,,19.4,28.0,61.0,True,2.8,26.0
2026,12,Dutch Grand Prix,FP1,ALB,Williams,20.0,4.0,SOFT,19.0,77.933,26.701999999999998,27.999,23.232,280.0,278.0,317.0,303.0,1,False,False,True,False,2026-08-21 11:09:06.509,,19.4,27.7,60.9,False,2.7,33.0
2026,12,Dutch Grand Prix,FP1,ALB,Williams,21.0,4.0,SOFT,20.0,77.894,26.693,28.107,23.094,281.0,278.0,320.0,303.0,1,False,False,True,False,2026-08-21 11:10:24.442,,19.3,28.3,62.0,True,2.1,20.0
2026,12,Dutch Grand Prix,FP1,ALB,Williams,22.0,4.0,SOFT,21.0,77.797,26.705,28.044,23.048,280.0,278.0,320.0,296.0,1,False,False,True,False,2026-08-21 11:11:42.336,,19.2,29.6,62.1,False,3.0,34.0
2026,12,Dutch Grand Prix,FP1,ALB,Williams,23.0,4.0,SOFT,22.0,99.798,33.677,34.206,31.915,196.0,199.0,,302.0,12,False,False,False,False,2026-08-21 11:13:00.133,,19.2,29.4,62.5,False,2.8,41.0
2026,12,Dutch Grand Prix,FP1,ALB,Williams,24.0,5.0,MEDIUM,1.0,,,31.274,27.847,265.0,227.0,305.0,302.0,1,True,False,False,False,2026-08-21 11:14:39.931,,19.3,28.1,62.4,True,2.3,31.0
2026,12,Dutch Grand Prix,FP1,ALB,Williams,25.0,5.0,MEDIUM,2.0,75.357,25.837,26.736,22.784,292.0,286.0,303.0,303.0,1,True,True,True,False,2026-08-21 11:21:52.342,,19.1,27.8,63.3,True,4.0,25.0
2026,12,Dutch Grand Prix,FP1,ALB,Williams,26.0,5.0,MEDIUM,3.0,122.447,41.322,50.274,30.851,142.0,118.0,303.0,233.0,1,True,False,True,False,2026-08-21 11:23:07.699,,19.1,27.6,64.0,False,3.2,24.0
2026,12,Dutch Grand Prix,FP1,ALB,Williams,27.0,5.0,MEDIUM,4.0,104.318,25.765,48.958,29.595,289.0,92.0,305.0,314.0,1,True,False,True,False,2026-08-21 11:25:10.146,,19.0,27.1,62.6,False,3.2,33.0
2026,12,Dutch Grand Prix,FP1,ALB,Williams,28.0,5.0,MEDIUM,5.0,75.575,25.84,27.017,22.718,289.0,286.0,302.0,312.0,1,True,False,True,False,2026-08-21 11:26:54.464,,19.0,27.9,63.0,False,2.2,25.0
2026,12,Dutch Grand Prix,FP1,ALB,Williams,29.0,5.0,MEDIUM,6.0,94.505,32.737,32.502,29.266,144.0,188.0,305.0,260.0,1,True,False,True,False,2026-08-21 11:28:10.039,,18.9,27.8,61.9,False,2.5,29.0
2026,12,Dutch Grand Prix,FP1,ALB,Williams,30.0,5.0,MEDIUM,7.0,75.847,25.914,26.931,23.002,290.0,286.0,299.0,307.0,1,True,False,True,False,2026-08-21 11:29:44.544,,18.9,28.0,62.3,False,2.3,52.0
2026,12,Dutch Grand Prix,FP1,ALB,Williams,31.0,5.0,MEDIUM,8.0,122.646,33.316,40.277,49.053,165.0,171.0,68.0,241.0,12,True,False,True,False,2026-08-21 11:31:00.391,,18.9,28.0,62.3,False,2.7,32.0
2026,12,Dutch Grand Prix,FP1,ALB,Williams,32.0,5.0,MEDIUM,9.0,143.851,54.739,29.358,59.754,282.0,249.0,5.0,207.0,2,True,False,True,False,2026-08-21 11:33:03.037,,18.9,28.8,61.9,True,3.7,44.0
2026,12,Dutch Grand Prix,FP1,ALB,Williams,33.0,5.0,MEDIUM,10.0,99.329,29.834,27.816,41.679,286.0,277.0,,241.0,2,True,False,False,False,2026-08-21 11:35:26.888,,18.9,29.9,62.1,False,3.6,44.0
2026,12,Dutch Grand Prix,FP1,HUL,Audi,1.0,1.0,INTERMEDIATE,1.0,,,36.531,29.155,229.0,190.0,284.0,,1,True,False,False,False,2026-08-21 10:30:04.057,,18.0,24.9,73.1,False,2.4,52.0
2026,12,Dutch Grand Prix,FP1,HUL,Audi,2.0,1.0,INTERMEDIATE,2.0,86.555,30.015,30.699,25.841,272.0,243.0,287.0,215.0,1,True,True,True,False,2026-08-21 10:32:00.080,,18.2,25.8,73.4,False,1.4,35.0
2026,12,Dutch Grand Prix,FP1,HUL,Audi,3.0,1.0,INTERMEDIATE,3.0,105.164,34.205,35.132,35.827,230.0,180.0,,181.0,1,True,False,False,False,2026-08-21 10:33:26.635,,18.2,25.2,72.1,False,0.8,30.0
2026,12,Dutch Grand Prix,FP1,HUL,Audi,4.0,2.0,HARD,1.0,,,31.714,27.239,247.0,225.0,316.0,181.0,1,True,False,False,False,2026-08-21 10:35:11.799,,18.2,24.4,71.8,False,2.0,82.0
2026,12,Dutch Grand Prix,FP1,HUL,Audi,5.0,2.0,HARD,2.0,81.175,27.776,28.482,24.917,285.0,276.0,314.0,249.0,1,True,True,True,False,2026-08-21 10:40:30.548,,18.2,23.9,70.7,False,2.8,27.0
2026,12,Dutch Grand Prix,FP1,HUL,Audi,6.0,2.0,HARD,3.0,77.507,26.921,27.424,23.162,277.0,281.0,308.0,265.0,1,True,True,True,False,2026-08-21 10:41:51.723,,18.1,23.6,69.4,False,2.1,38.0
2026,12,Dutch Grand Prix,FP1,HUL,Audi,7.0,2.0,HARD,4.0,76.456,26.644,26.988,22.824,272.0,277.0,306.0,266.0,1,True,True,True,False,2026-08-21 10:43:09.230,,18.1,23.5,70.4,False,2.7,25.0
2026,12,Dutch Grand Prix,FP1,HUL,Audi,8.0,2.0,HARD,5.0,100.256,37.963,36.437,25.856,181.0,239.0,301.0,225.0,1,True,False,True,False,2026-08-21 10:44:25.686,,18.1,22.7,69.9,False,3.5,22.0
2026,12,Dutch Grand Prix,FP1,HUL,Audi,9.0,2.0,HARD,6.0,75.751,26.322,26.756,22.673000000000002,288.0,293.0,299.0,280.0,1,True,True,True,False,2026-08-21 10:46:05.942,,18.0,22.8,70.3,False,4.0,29.0
2026,12,Dutch Grand Prix,FP1,HUL,Audi,10.0,2.0,HARD,7.0,102.544,36.192,38.165,28.187,187.0,182.0,302.0,213.0,12,True,False,True,False,2026-08-21 10:47:21.693,,18.0,23.2,69.1,False,3.0,25.0
2026,12,Dutch Grand Prix,FP1,HUL,Audi,11.0,2.0,HARD,8.0,78.858,26.077,26.711,26.07,290.0,290.0,225.0,284.0,1,True,False,True,False,2026-08-21 10:49:04.237,,18.1,23.6,69.7,False,1.9,25.0
2026,12,Dutch Grand Prix,FP1,HUL,Audi,12.0,2.0,HARD,9.0,104.178,40.633,37.193,26.352,193.0,235.0,302.0,140.0,1,True,False,True,False,2026-08-21 10:50:23.095,,18.2,24.6,70.3,False,1.1,62.0
2026,12,Dutch Grand Prix,FP1,HUL,Audi,13.0,2.0,HARD,10.0,83.491,26.346,26.746,30.399,289.0,293.0,,294.0,1,True,False,False,False,2026-08-21 10:52:07.273,,18.3,25.5,69.0,False,3.1,27.0
2026,12,Dutch Grand Prix,FP1,HUL,Audi,14.0,3.0,HARD,11.0,,,31.787,25.629,243.0,236.0,302.0,294.0,12,False,False,False,False,2026-08-21 10:53:30.764,,18.3,25.7,66.8,False,0.9,40.0
2026,12,Dutch Grand Prix,FP1,HUL,Audi,15.0,3.0,HARD,12.0,82.012,26.604,30.22,25.188,265.0,244.0,301.0,287.0,1,False,False,True,False,2026-08-21 11:01:16.731,,18.9,27.1,64.9,True,2.6,36.0
2026,12,Dutch Grand Prix,FP1,HUL,Audi,16.0,3.0,HARD,13.0,75.65,26.183,26.693,22.774,287.0,293.0,308.0,298.0,1,False,True,True,False,2026-08-21 11:02:38.743,,19.1,27.6,62.5,False,2.0,62.0
2026,12,Dutch Grand Prix,FP1,HUL,Audi,17.0,3.0,HARD,14.0,103.178,36.526,37.686,28.966,164.0,229.0,302.0,231.0,1,False,False,True,False,2026-08-21 11:03:54.393,,19.2,29.1,63.0,True,2.2,27.0
2026,12,Dutch Grand Prix,FP1,HUL,Audi,18.0,3.0,HARD,15.0,79.252,28.107,27.912,23.233,280.0,282.0,313.0,298.0,1,False,False,True,False,2026-08-21 11:05:37.571,,19.3,30.7,63.2,False,0.5,29.0
2026,12,Dutch Grand Prix,FP1,HUL,Audi,19.0,3.0,HARD,16.0,76.979,26.468,27.396,23.115,277.0,278.0,310.0,299.0,1,False,False,True,False,2026-08-21 11:06:56.823,,19.4,29.9,62.9,False,3.9,35.0
2026,12,Dutch Grand Prix,FP1,HUL,Audi,20.0,3.0,HARD,17.0,76.652,26.431,27.348,22.873,275.0,279.0,310.0,291.0,1,False,False,True,False,2026-08-21 11:08:13.802,,19.4,28.0,61.0,True,2.8,26.0
2026,12,Dutch Grand Prix,FP1,HUL,Audi,21.0,3.0,HARD,18.0,77.183,26.392,27.161,23.63,275.0,280.0,312.0,296.0,1,False,False,True,False,2026-08-21 11:09:30.454,,19.4,27.7,60.9,False,2.7,33.0
2026,12,Dutch Grand Prix,FP1,HUL,Audi,22.0,3.0,HARD,19.0,77.65,27.012,27.37,23.268,269.0,279.0,307.0,298.0,1,False,False,True,False,2026-08-21 11:10:47.637,,19.3,28.7,62.7,False,2.3,26.0
2026,12,Dutch Grand Prix,FP1,HUL,Audi,23.0,3.0,HARD,20.0,76.577,26.345,27.292,22.94,274.0,276.0,307.0,295.0,1,False,False,True,False,2026-08-21 11:12:05.287,,19.2,29.6,62.1,False,3.0,34.0
2026,12,Dutch Grand Prix,FP1,HUL,Audi,24.0,3.0,HARD,21.0,84.185,28.388,28.419,27.378,274.0,283.0,,294.0,12,False,False,False,False,2026-08-21 11:13:21.864,,19.2,29.4,62.5,False,2.8,41.0
2026,12,Dutch Grand Prix,FP1,HUL,Audi,25.0,4.0,MEDIUM,1.0,,,29.222,24.547,246.0,239.0,305.0,294.0,1,True,False,False,False,2026-08-21 11:14:46.049,,19.3,28.1,62.4,True,2.3,31.0
2026,12,Dutch Grand Prix,FP1,HUL,Audi,26.0,4.0,MEDIUM,2.0,73.784,25.434,26.079,22.271,291.0,290.0,303.0,309.0,1,True,True,True,False,2026-08-21 11:21:59.380,,19.1,27.8,63.3,True,4.0,25.0
2026,12,Dutch Grand Prix,FP1,HUL,Audi,27.0,4.0,MEDIUM,3.0,104.953,37.478,37.093,30.382,174.0,218.0,220.0,217.0,1,True,False,True,False,2026-08-21 11:23:13.164,,19.1,27.6,64.0,False,3.2,24.0
2026,12,Dutch Grand Prix,FP1,HUL,Audi,28.0,4.0,MEDIUM,4.0,102.572,36.522,36.469,29.581,215.0,233.0,305.0,188.0,1,True,False,True,False,2026-08-21 11:24:58.117,,19.0,27.1,62.6,False,3.2,33.0
2026,12,Dutch Grand Prix,FP1,HUL,Audi,29.0,4.0,MEDIUM,5.0,73.858,25.436,26.021,22.401,290.0,289.0,302.0,309.0,1,True,False,True,False,2026-08-21 11:26:40.689,,19.0,27.9,63.0,False,2.2,25.0
2026,12,Dutch Grand Prix,FP1,HUL,Audi,30.0,4.0,MEDIUM,6.0,97.23,36.959,33.699,26.572,192.0,179.0,261.0,226.0,1,True,False,True,False,2026-08-21 11:27:54.547,,18.9,27.8,61.9,False,2.5,29.0
2026,12,Dutch Grand Prix,FP1,HUL,Audi,31.0,4.0,MEDIUM,7.0,85.839,28.665,30.736,26.438,249.0,178.0,262.0,257.0,1,True,False,True,False,2026-08-21 11:29:31.777,,18.9,27.6,61.5,False,2.2,39.0
2026,12,Dutch Grand Prix,FP1,HUL,Audi,32.0,4.0,MEDIUM,8.0,141.459,31.4,33.935,76.124,232.0,197.0,107.0,230.0,12,True,False,True,False,2026-08-21 11:30:57.616,,18.9,28.0,62.3,False,2.7,32.0
2026,12,Dutch Grand Prix,FP1,HUL,Audi,33.0,4.0,MEDIUM,9.0,133.281,28.562,27.846,76.873,298.0,269.0,3.0,249.0,2,True,False,True,False,2026-08-21 11:33:19.075,,18.9,28.8,61.9,True,3.7,44.0
2026,12,Dutch Grand Prix,FP1,HUL,Audi,34.0,4.0,MEDIUM,10.0,100.665,32.682,30.465,37.518,250.0,245.0,,238.0,2,True,False,False,False,2026-08-21 11:35:32.356,,18.9,29.9,62.1,False,3.6,44.0
2026,12,Dutch Grand Prix,FP1,LAW,Red Bull Racing,1.0,1.0,HARD,1.0,,,30.92,26.191,238.0,231.0,299.0,,1,True,False,False,False,2026-08-21 10:37:52.741,,18.3,24.4,70.5,False,1.9,41.0
2026,12,Dutch Grand Prix,FP1,LAW,Red Bull Racing,2.0,1.0,HARD,2.0,79.066,28.051,27.068,23.947,295.0,295.0,280.0,230.0,1,True,True,True,False,2026-08-21 10:39:26.004,,18.2,24.4,71.6,False,1.1,52.0
2026,12,Dutch Grand Prix,FP1,LAW,Red Bull Racing,3.0,1.0,HARD,3.0,89.286,31.106,31.129,27.051,239.0,249.0,299.0,211.0,1,True,False,True,False,2026-08-21 10:40:45.070,,18.2,23.5,70.8,False,3.6,18.0
2026,12,Dutch Grand Prix,FP1,LAW,Red Bull Racing,4.0,1.0,HARD,4.0,88.552,26.48,31.291,30.781,289.0,162.0,302.0,267.0,1,True,False,True,False,2026-08-21 10:42:14.356,,18.1,23.6,69.4,False,2.1,38.0
2026,12,Dutch Grand Prix,FP1,LAW,Red Bull Racing,5.0,1.0,HARD,5.0,75.631,26.254,26.448,22.929,288.0,284.0,304.0,282.0,1,True,True,True,False,2026-08-21 10:43:42.908,,18.1,22.7,69.9,False,3.5,22.0
2026,12,Dutch Grand Prix,FP1,LAW,Red Bull Racing,6.0,1.0,HARD,6.0,119.688,37.304,47.809,34.575,198.0,65.0,303.0,239.0,1,True,False,True,False,2026-08-21 10:44:58.539,,18.0,22.9,70.1,False,2.1,32.0
2026,12,Dutch Grand Prix,FP1,LAW,Red Bull Racing,7.0,1.0,HARD,7.0,75.952,26.387,26.398,23.167,284.0,288.0,303.0,289.0,12,True,False,True,False,2026-08-21 10:46:58.227,,18.0,23.2,69.1,False,3.0,25.0
2026,12,Dutch Grand Prix,FP1,LAW,Red Bull Racing,8.0,1.0,HARD,8.0,114.031,38.184,40.429,35.418,167.0,207.0,256.0,216.0,1,True,False,True,False,2026-08-21 10:48:14.179,,18.0,23.6,69.7,False,1.3,26.0
2026,12,Dutch Grand Prix,FP1,LAW,Red Bull Racing,9.0,1.0,HARD,9.0,92.265,35.436,30.764,26.065,252.0,234.0,302.0,130.0,1,True,False,True,False,2026-08-21 10:50:08.210,,18.2,24.6,70.3,False,1.1,62.0
2026,12,Dutch Grand Prix,FP1,LAW,Red Bull Racing,10.0,1.0,HARD,10.0,75.655,26.249,26.571,22.835,288.0,287.0,302.0,295.0,1,True,False,True,False,2026-08-21 10:51:40.475,,18.3,25.5,69.0,False,3.1,27.0
2026,12,Dutch Grand Prix,FP1,LAW,Red Bull Racing,11.0,1.0,HARD,11.0,109.274,37.606,41.269,30.399,135.0,236.0,303.0,252.0,1,True,False,True,False,2026-08-21 10:52:56.130,,18.3,25.7,66.8,False,0.9,40.0
2026,12,Dutch Grand Prix,FP1,LAW,Red Bull Racing,12.0,1.0,HARD,12.0,75.359,26.195,26.464,22.7,288.0,288.0,305.0,299.0,1,True,True,True,False,2026-08-21 10:54:45.404,,18.5,26.6,68.7,False,2.4,20.0
2026,12,Dutch Grand Prix,FP1,LAW,Red Bull Racing,13.0,1.0,HARD,13.0,98.39,33.374,31.77,33.246,220.0,238.0,,269.0,12,True,False,False,False,2026-08-21 10:56:00.763,,18.5,26.7,66.6,True,1.1,21.0
2026,12,Dutch Grand Prix,FP1,LAW,Red Bull Racing,14.0,2.0,HARD,14.0,,,28.293,23.729,285.0,284.0,319.0,269.0,1,False,False,False,False,2026-08-21 10:57:39.153,,18.6,26.3,66.0,False,1.1,75.0
2026,12,Dutch Grand Prix,FP1,LAW,Red Bull Racing,15.0,2.0,HARD,15.0,78.4,27.046,27.672,23.682,282.0,275.0,297.0,280.0,1,False,False,True,False,2026-08-21 11:08:08.589,,19.4,28.0,61.0,True,2.8,26.0
2026,12,Dutch Grand Prix,FP1,LAW,Red Bull Racing,16.0,2.0,HARD,16.0,77.765,26.889,27.575,23.301,285.0,275.0,301.0,280.0,1,False,False,True,False,2026-08-21 11:09:26.989,,19.4,27.7,60.9,False,2.7,33.0
2026,12,Dutch Grand Prix,FP1,LAW,Red Bull Racing,17.0,2.0,HARD,17.0,77.736,26.824,27.575,23.337,283.0,275.0,297.0,282.0,1,False,False,True,False,2026-08-21 11:10:44.754,,19.3,28.7,62.7,False,2.3,26.0
2026,12,Dutch Grand Prix,FP1,LAW,Red Bull Racing,18.0,2.0,HARD,18.0,81.997,26.771,27.675,27.551,282.0,272.0,,279.0,1,False,False,False,False,2026-08-21 11:12:02.490,,19.2,29.6,62.1,False,3.0,34.0
2026,12,Dutch Grand Prix,FP1,LAW,Red Bull Racing,19.0,3.0,SOFT,1.0,,,31.202,28.056,250.0,231.0,301.0,279.0,12,True,False,False,False,2026-08-21 11:13:24.487,,19.2,29.4,62.5,False,2.8,41.0
2026,12,Dutch Grand Prix,FP1,LAW,Red Bull Racing,20.0,3.0,SOFT,2.0,89.018,30.313,30.793,27.912,255.0,237.0,299.0,292.0,1,True,False,True,False,2026-08-21 11:19:27.454,,19.2,27.5,63.8,False,2.9,35.0
2026,12,Dutch Grand Prix,FP1,LAW,Red Bull Racing,21.0,3.0,SOFT,3.0,75.309,26.005,26.57,22.734,290.0,288.0,301.0,304.0,1,True,True,True,False,2026-08-21 11:20:56.472,,19.2,27.3,63.7,False,2.6,32.0
2026,12,Dutch Grand Prix,FP1,LAW,Red Bull Racing,22.0,3.0,SOFT,4.0,102.869,37.168,35.968,29.733,216.0,244.0,218.0,266.0,1,True,False,True,False,2026-08-21 11:22:11.781,,19.1,27.8,63.3,True,4.0,25.0
2026,12,Dutch Grand Prix,FP1,LAW,Red Bull Racing,23.0,3.0,SOFT,5.0,94.223,33.355,35.607,25.261,153.0,233.0,300.0,238.0,1,True,False,True,False,2026-08-21 11:23:54.650,,19.1,27.3,63.8,False,4.3,33.0
2026,12,Dutch Grand Prix,FP1,LAW,Red Bull Racing,24.0,3.0,SOFT,6.0,74.861,25.751,26.249,22.861,289.0,289.0,307.0,307.0,1,True,True,True,False,2026-08-21 11:25:28.873,,19.0,27.1,62.6,False,3.2,33.0
2026,12,Dutch Grand Prix,FP1,LAW,Red Bull Racing,25.0,3.0,SOFT,7.0,104.904,38.111,38.157,28.636,185.0,146.0,255.0,251.0,1,True,False,True,False,2026-08-21 11:26:43.734,,19.0,27.9,63.0,False,2.2,25.0
2026,12,Dutch Grand Prix,FP1,LAW,Red Bull Racing,26.0,3.0,SOFT,8.0,91.532,31.335,32.135,28.062,157.0,245.0,302.0,229.0,1,True,False,True,False,2026-08-21 11:28:28.638,,18.9,27.8,61.9,False,2.5,29.0
2026,12,Dutch Grand Prix,FP1,LAW,Red Bull Racing,27.0,3.0,SOFT,9.0,86.392,29.676,30.538,26.178,226.0,214.0,267.0,307.0,12,True,False,True,False,2026-08-21 11:30:00.170,,18.9,28.0,62.3,False,2.3,52.0
2026,12,Dutch Grand Prix,FP1,LAW,Red Bull Racing,28.0,3.0,SOFT,10.0,,33.353,32.982,97.593,232.0,206.0,59.0,206.0,2,True,False,False,False,2026-08-21 11:31:26.562,,18.9,28.0,62.3,False,2.7,32.0
2026,12,Dutch Grand Prix,FP1,LAW,Red Bull Racing,29.0,3.0,SOFT,11.0,114.158,29.963,32.44,51.755,287.0,208.0,69.0,243.0,2,True,False,True,False,2026-08-21 11:34:10.609,,18.9,28.6,61.2,False,2.0,30.0
2026,12,Dutch Grand Prix,FP1,LAW,Red Bull Racing,30.0,3.0,SOFT,12.0,122.94,61.124,27.525,34.291,279.0,272.0,,225.0,2,True,False,False,False,2026-08-21 11:36:04.767,,18.9,29.5,61.0,False,1.8,51.0
2026,12,Dutch Grand Prix,FP1,OCO,Haas F1 Team,1.0,1.0,INTERMEDIATE,1.0,,,36.709,37.987,222.0,158.0,,,1,True,False,False,False,2026-08-21 10:31:00.577,,18.1,25.8,72.8,False,1.3,29.0
2026,12,Dutch Grand Prix,FP1,OCO,Haas F1 Team,2.0,2.0,MEDIUM,1.0,,,32.558,29.039,255.0,226.0,291.0,,1,True,False,False,False,2026-08-21 10:32:51.439,,18.2,25.2,72.1,False,0.8,30.0
2026,12,Dutch Grand Prix,FP1,OCO,Haas F1 Team,3.0,2.0,MEDIUM,2.0,82.246,28.657,29.472,24.117,277.0,279.0,293.0,235.0,1,True,True,True,False,2026-08-21 10:42:09.931,,18.1,23.6,69.4,False,2.1,38.0
2026,12,Dutch Grand Prix,FP1,OCO,Haas F1 Team,4.0,2.0,MEDIUM,3.0,81.505,27.957,29.097,24.451,261.0,281.0,270.0,240.0,1,True,True,True,False,2026-08-21 10:43:32.177,,18.1,23.5,70.4,False,2.7,25.0
2026,12,Dutch Grand Prix,FP1,OCO,Haas F1 Team,5.0,2.0,MEDIUM,4.0,113.113,39.622,39.295,34.196,193.0,209.0,297.0,159.0,1,True,False,True,False,2026-08-21 10:44:53.682,,18.0,22.9,70.1,False,2.1,32.0
2026,12,Dutch Grand Prix,FP1,OCO,Haas F1 Team,6.0,2.0,MEDIUM,5.0,84.545,27.125,27.869,29.551,283.0,284.0,227.0,251.0,12,True,False,True,False,2026-08-21 10:46:46.795,,18.0,23.2,69.1,False,3.0,25.0
2026,12,Dutch Grand Prix,FP1,OCO,Haas F1 Team,7.0,2.0,MEDIUM,6.0,106.35,38.23,34.863,33.257,203.0,241.0,300.0,96.0,1,True,False,True,False,2026-08-21 10:48:11.340,,18.0,23.6,69.7,False,1.3,26.0
2026,12,Dutch Grand Prix,FP1,OCO,Haas F1 Team,8.0,2.0,MEDIUM,7.0,76.787,26.493,27.27,23.024,284.0,283.0,308.0,280.0,1,True,True,True,False,2026-08-21 10:49:57.690,,18.2,24.6,70.3,False,1.1,62.0
2026,12,Dutch Grand Prix,FP1,OCO,Haas F1 Team,9.0,2.0,MEDIUM,8.0,122.774,41.389,42.631,38.754,136.0,159.0,,176.0,1,True,False,False,False,2026-08-21 10:51:14.477,,18.3,24.9,69.8,False,1.2,35.0
2026,12,Dutch Grand Prix,FP1,OCO,Haas F1 Team,10.0,3.0,MEDIUM,1.0,112.847,49.747,32.932,30.168,260.0,245.0,300.0,176.0,1,False,False,False,False,2026-08-21 10:53:17.251,,18.3,25.7,66.8,False,0.9,40.0
2026,12,Dutch Grand Prix,FP1,OCO,Haas F1 Team,11.0,3.0,MEDIUM,2.0,76.231,26.263,26.97,22.998,285.0,285.0,305.0,284.0,12,False,True,True,False,2026-08-21 10:55:10.098,,18.5,26.6,68.7,False,2.4,20.0
2026,12,Dutch Grand Prix,FP1,OCO,Haas F1 Team,12.0,3.0,MEDIUM,3.0,99.496,31.643,35.084,32.769,217.0,201.0,,218.0,1,False,False,False,False,2026-08-21 10:56:26.329,,18.5,26.7,66.6,True,1.1,21.0
2026,12,Dutch Grand Prix,FP1,OCO,Haas F1 Team,13.0,4.0,MEDIUM,4.0,,,29.542,23.886,288.0,284.0,314.0,218.0,1,False,False,False,False,2026-08-21 10:58:05.825,,18.6,26.3,66.0,False,1.1,75.0
2026,12,Dutch Grand Prix,FP1,OCO,Haas F1 Team,14.0,4.0,MEDIUM,5.0,77.899,26.742,27.733,23.424,269.0,270.0,310.0,266.0,1,False,False,True,False,2026-08-21 11:03:38.361,,19.2,29.1,63.0,True,2.2,27.0
2026,12,Dutch Grand Prix,FP1,OCO,Haas F1 Team,15.0,4.0,MEDIUM,6.0,77.947,26.727,27.813,23.407,270.0,268.0,309.0,280.0,1,False,False,True,False,2026-08-21 11:04:56.260,,19.2,29.4,63.3,False,1.9,16.0
2026,12,Dutch Grand Prix,FP1,OCO,Haas F1 Team,16.0,4.0,MEDIUM,7.0,77.663,26.655,27.749,23.259,267.0,268.0,309.0,284.0,1,False,False,True,False,2026-08-21 11:06:14.207,,19.3,30.7,63.2,False,0.5,29.0
2026,12,Dutch Grand Prix,FP1,OCO,Haas F1 Team,17.0,4.0,MEDIUM,8.0,77.621,26.69,27.709,23.222,272.0,271.0,313.0,284.0,1,False,False,True,False,2026-08-21 11:07:31.870,,19.4,29.9,62.9,False,3.9,35.0
2026,12,Dutch Grand Prix,FP1,OCO,Haas F1 Team,18.0,4.0,MEDIUM,9.0,77.424,26.393,27.727,23.304,270.0,269.0,315.0,294.0,1,False,False,True,False,2026-08-21 11:08:49.491,,19.4,27.7,60.9,False,2.7,33.0
2026,12,Dutch Grand Prix,FP1,OCO,Haas F1 Team,19.0,4.0,MEDIUM,10.0,77.106,26.321,27.644,23.141,275.0,269.0,311.0,299.0,1,False,False,True,False,2026-08-21 11:10:06.915,,19.3,28.3,62.0,True,2.1,20.0
2026,12,Dutch Grand Prix,FP1,OCO,Haas F1 Team,20.0,4.0,MEDIUM,11.0,77.633,26.425,27.921,23.287,275.0,273.0,318.0,289.0,1,False,False,True,False,2026-08-21 11:11:24.021,,19.3,28.7,62.7,False,2.3,26.0
2026,12,Dutch Grand Prix,FP1,OCO,Haas F1 Team,21.0,4.0,MEDIUM,12.0,77.484,26.405,27.85,23.229,276.0,272.0,316.0,302.0,1,False,False,True,False,2026-08-21 11:12:41.654,,19.2,29.4,62.5,False,2.8,41.0
2026,12,Dutch Grand Prix,FP1,OCO,Haas F1 Team,22.0,4.0,MEDIUM,13.0,96.141,30.115,33.82,32.206,260.0,188.0,,256.0,12,False,False,False,False,2026-08-21 11:13:59.138,,19.3,28.6,62.5,False,2.7,53.0
2026,12,Dutch Grand Prix,FP1,OCO,Haas F1 Team,23.0,5.0,SOFT,1.0,,,32.912,26.23,245.0,230.0,300.0,256.0,1,True,False,False,False,2026-08-21 11:15:35.279,,19.3,28.0,62.5,False,2.5,33.0
2026,12,Dutch Grand Prix,FP1,OCO,Haas F1 Team,24.0,5.0,SOFT,2.0,74.961,25.842,26.556,22.563,288.0,286.0,309.0,298.0,1,True,True,True,False,2026-08-21 11:21:31.411,,19.2,27.3,63.7,False,2.6,32.0
2026,12,Dutch Grand Prix,FP1,OCO,Haas F1 Team,25.0,5.0,SOFT,3.0,127.103,39.424,44.283,43.396,133.0,149.0,,237.0,1,True,False,False,False,2026-08-21 11:22:46.372,,19.1,27.6,64.0,False,3.2,24.0
2026,12,Dutch Grand Prix,FP1,OCO,Haas F1 Team,26.0,6.0,SOFT,1.0,112.86,46.303,34.111,32.446,177.0,229.0,302.0,237.0,1,False,False,False,False,2026-08-21 11:24:53.475,,19.0,27.1,62.6,False,3.2,33.0
2026,12,Dutch Grand Prix,FP1,OCO,Haas F1 Team,27.0,6.0,SOFT,2.0,74.897,25.85,26.572,22.475,287.0,287.0,308.0,304.0,1,False,True,True,False,2026-08-21 11:26:46.335,,19.0,27.9,63.0,False,2.2,25.0
2026,12,Dutch Grand Prix,FP1,OCO,Haas F1 Team,28.0,6.0,SOFT,3.0,128.806,36.989,42.159,49.658,119.0,170.0,131.0,247.0,1,False,False,True,False,2026-08-21 11:28:01.232,,18.9,27.8,61.9,False,2.5,29.0
2026,12,Dutch Grand Prix,FP1,OCO,Haas F1 Team,29.0,6.0,SOFT,4.0,107.388,30.156,33.63,43.602,197.0,230.0,67.0,245.0,12,False,False,True,False,2026-08-21 11:30:10.038,,18.9,28.0,62.3,False,2.3,52.0
2026,12,Dutch Grand Prix,FP1,OCO,Haas F1 Team,30.0,6.0,SOFT,5.0,130.967,48.165,32.593,50.209,261.0,243.0,49.0,218.0,2,False,False,True,False,2026-08-21 11:31:57.426,,18.9,27.5,62.2,False,4.2,16.0
2026,12,Dutch Grand Prix,FP1,OCO,Haas F1 Team,31.0,6.0,SOFT,6.0,122.068,51.996,27.653,42.419,286.0,284.0,,213.0,2,False,False,False,False,2026-08-21 11:34:08.393,,18.9,28.6,61.2,False,2.0,30.0
2026,12,Dutch Grand Prix,FP1,LIN,Racing Bulls,1.0,1.0,INTERMEDIATE,1.0,,,35.028,39.3,227.0,198.0,,,1,True,False,False,False,2026-08-21 10:31:09.730,,18.1,25.8,72.8,False,1.3,29.0
2026,12,Dutch Grand Prix,FP1,LIN,Racing Bulls,2.0,2.0,HARD,1.0,,,31.097,26.034,254.0,234.0,285.0,,1,True,False,False,False,2026-08-21 10:32:59.092,,18.2,25.2,72.1,False,0.8,30.0
2026,12,Dutch Grand Prix,FP1,LIN,Racing Bulls,3.0,2.0,HARD,2.0,82.042,28.646,28.803,24.593,277.0,231.0,317.0,218.0,1,True,True,True,False,2026-08-21 10:37:40.646,,18.3,24.4,70.5,False,1.9,41.0
2026,12,Dutch Grand Prix,FP1,LIN,Racing Bulls,4.0,2.0,HARD,3.0,78.408,27.288,27.569,23.551,273.0,273.0,304.0,263.0,1,True,True,True,False,2026-08-21 10:39:02.688,,18.2,24.4,71.6,False,1.1,52.0
2026,12,Dutch Grand Prix,FP1,LIN,Racing Bulls,5.0,2.0,HARD,4.0,79.48,26.9,27.427,25.153,275.0,273.0,294.0,279.0,1,True,False,True,False,2026-08-21 10:40:21.096,,18.2,23.9,70.7,False,2.8,27.0
2026,12,Dutch Grand Prix,FP1,LIN,Racing Bulls,6.0,2.0,HARD,5.0,102.835,33.541,39.761,29.533,182.0,192.0,299.0,218.0,1,True,False,True,False,2026-08-21 10:41:40.576,,18.1,23.6,69.4,False,2.1,38.0
2026,12,Dutch Grand Prix,FP1,LIN,Racing Bulls,7.0,2.0,HARD,6.0,76.472,26.298,26.847,23.327,294.0,287.0,299.0,284.0,1,True,True,True,False,2026-08-21 10:43:23.411,,18.1,23.5,70.4,False,2.7,25.0
2026,12,Dutch Grand Prix,FP1,LIN,Racing Bulls,8.0,2.0,HARD,7.0,100.462,32.667,40.218,27.576999999999998,188.0,173.0,299.0,240.0,1,True,False,True,False,2026-08-21 10:44:39.883,,18.0,22.9,70.1,False,2.1,32.0
2026,12,Dutch Grand Prix,FP1,LIN,Racing Bulls,9.0,2.0,HARD,8.0,75.952,26.194,26.636,23.122,292.0,286.0,300.0,288.0,1,True,True,True,False,2026-08-21 10:46:20.345,,18.0,22.8,70.3,False,4.0,29.0
2026,12,Dutch Grand Prix,FP1,LIN,Racing Bulls,10.0,2.0,HARD,9.0,102.102,34.268,40.447,27.387,146.0,237.0,303.0,294.0,12,True,False,True,False,2026-08-21 10:47:36.297,,18.0,23.6,69.7,False,1.3,26.0
2026,12,Dutch Grand Prix,FP1,LIN,Racing Bulls,11.0,2.0,HARD,10.0,75.742,25.98,26.764,22.998,292.0,285.0,311.0,303.0,1,True,True,True,False,2026-08-21 10:49:18.399,,18.1,23.6,69.7,False,1.9,25.0
2026,12,Dutch Grand Prix,FP1,LIN,Racing Bulls,12.0,2.0,HARD,11.0,104.571,36.36,37.863,30.348,132.0,216.0,251.0,220.0,1,True,False,True,False,2026-08-21 10:50:34.141,,18.3,24.9,69.8,False,1.2,35.0
2026,12,Dutch Grand Prix,FP1,LIN,Racing Bulls,13.0,2.0,HARD,12.0,96.231,38.419,30.417,27.395,159.0,247.0,297.0,215.0,1,True,False,True,False,2026-08-21 10:52:18.712,,18.3,25.5,69.0,False,3.1,27.0
2026,12,Dutch Grand Prix,FP1,LIN,Racing Bulls,14.0,2.0,HARD,13.0,76.344,26.372,26.796,23.176,292.0,287.0,305.0,295.0,1,True,False,True,False,2026-08-21 10:53:54.943,,18.4,26.8,68.6,True,1.1,42.0
2026,12,Dutch Grand Prix,FP1,LIN,Racing Bulls,15.0,2.0,HARD,14.0,86.482,28.259,30.595,27.628,267.0,268.0,,290.0,12,True,False,False,False,2026-08-21 10:55:11.287,,18.5,26.6,68.7,False,2.4,20.0
2026,12,Dutch Grand Prix,FP1,LIN,Racing Bulls,16.0,3.0,HARD,10.0,,,28.381,23.91,288.0,276.0,307.0,290.0,1,False,False,False,False,2026-08-21 10:56:37.769,,18.5,26.6,66.4,True,1.4,65.0
2026,12,Dutch Grand Prix,FP1,LIN,Racing Bulls,17.0,3.0,HARD,11.0,78.706,27.322,27.895,23.489,280.0,270.0,307.0,273.0,1,False,False,True,False,2026-08-21 11:01:52.662,,19.0,28.0,64.4,False,3.2,23.0
2026,12,Dutch Grand Prix,FP1,LIN,Racing Bulls,18.0,3.0,HARD,12.0,78.14,26.902,27.815,23.423,277.0,270.0,303.0,290.0,1,False,False,True,False,2026-08-21 11:03:11.368,,19.1,27.6,62.5,False,2.0,62.0
2026,12,Dutch Grand Prix,FP1,LIN,Racing Bulls,19.0,3.0,HARD,13.0,78.099,26.74,27.877,23.482,280.0,265.0,306.0,290.0,1,False,False,True,False,2026-08-21 11:04:29.508,,19.2,29.1,63.0,True,2.2,27.0
2026,12,Dutch Grand Prix,FP1,LIN,Racing Bulls,20.0,3.0,HARD,14.0,78.423,26.904,28.028,23.491,276.0,266.0,311.0,292.0,1,False,False,True,False,2026-08-21 11:05:47.607,,19.3,30.7,63.2,False,0.5,29.0
2026,12,Dutch Grand Prix,FP1,LIN,Racing Bulls,21.0,3.0,HARD,15.0,78.322,26.782,27.941,23.599,279.0,270.0,321.0,297.0,1,False,False,True,False,2026-08-21 11:07:06.030,,19.4,29.9,62.9,False,3.9,35.0
2026,12,Dutch Grand Prix,FP1,LIN,Racing Bulls,22.0,3.0,HARD,16.0,79.872,27.879,28.31,23.683,278.0,269.0,310.0,309.0,1,False,False,True,False,2026-08-21 11:08:24.352,,19.4,28.0,61.0,True,2.8,26.0
2026,12,Dutch Grand Prix,FP1,LIN,Racing Bulls,23.0,3.0,HARD,17.0,77.839,26.524,27.896,23.419,286.0,277.0,321.0,298.0,1,False,False,True,False,2026-08-21 11:09:44.224,,19.3,28.3,62.0,True,2.1,20.0
2026,12,Dutch Grand Prix,FP1,LIN,Racing Bulls,24.0,3.0,HARD,18.0,78.008,26.462,27.983,23.563,274.0,281.0,298.0,303.0,1,False,False,True,False,2026-08-21 11:11:02.063,,19.3,28.7,62.7,False,2.3,26.0
2026,12,Dutch Grand Prix,FP1,LIN,Racing Bulls,25.0,3.0,HARD,19.0,81.899,26.822,28.399,26.678,272.0,283.0,,289.0,1,False,False,False,False,2026-08-21 11:12:20.071,,19.2,29.6,62.1,False,3.0,34.0
2026,12,Dutch Grand Prix,FP1,LIN,Racing Bulls,26.0,4.0,MEDIUM,1.0,,,29.172,28.355,251.0,251.0,303.0,289.0,12,True,False,False,False,2026-08-21 11:13:41.970,,19.3,28.6,62.5,False,2.7,53.0
2026,12,Dutch Grand Prix,FP1,LIN,Racing Bulls,27.0,4.0,MEDIUM,2.0,74.73,25.62,26.391,22.719,293.0,288.0,300.0,307.0,1,True,True,True,False,2026-08-21 11:19:37.634,,19.3,26.8,63.9,False,3.0,28.0
2026,12,Dutch Grand Prix,FP1,LIN,Racing Bulls,28.0,4.0,MEDIUM,3.0,103.541,32.323,44.298,26.92,148.0,215.0,306.0,273.0,1,True,False,True,False,2026-08-21 11:20:52.364,,19.2,27.3,63.7,False,2.6,32.0
2026,12,Dutch Grand Prix,FP1,LIN,Racing Bulls,29.0,4.0,MEDIUM,4.0,98.212,35.157,35.542,27.513,199.0,239.0,304.0,239.0,1,True,False,True,False,2026-08-21 11:22:35.905,,19.1,27.6,64.0,False,3.2,24.0
2026,12,Dutch Grand Prix,FP1,LIN,Racing Bulls,30.0,4.0,MEDIUM,5.0,80.775,25.51,29.243,26.022,295.0,215.0,303.0,309.0,1,True,False,True,False,2026-08-21 11:24:14.117,,19.1,27.3,63.8,False,4.3,33.0
2026,12,Dutch Grand Prix,FP1,LIN,Racing Bulls,31.0,4.0,MEDIUM,6.0,74.285,25.393,26.313,22.579,293.0,289.0,308.0,309.0,1,True,True,True,False,2026-08-21 11:25:34.892,,19.0,27.6,63.4,False,0.9,43.0
2026,12,Dutch Grand Prix,FP1,LIN,Racing Bulls,32.0,4.0,MEDIUM,7.0,105.875,43.215,37.321,25.339,105.0,226.0,306.0,243.0,1,True,False,True,False,2026-08-21 11:26:49.177,,19.0,27.9,63.0,False,2.2,25.0
2026,12,Dutch Grand Prix,FP1,LIN,Racing Bulls,33.0,4.0,MEDIUM,8.0,74.778,25.587,26.543,22.648,294.0,289.0,303.0,311.0,1,True,False,True,False,2026-08-21 11:28:35.052,,18.9,27.6,61.5,False,2.2,39.0
2026,12,Dutch Grand Prix,FP1,LIN,Racing Bulls,34.0,4.0,MEDIUM,9.0,89.027,31.543,31.22,26.264,241.0,260.0,259.0,303.0,1,True,False,True,False,2026-08-21 11:29:49.830,,18.9,28.0,62.3,False,2.3,52.0
2026,12,Dutch Grand Prix,FP1,LIN,Racing Bulls,35.0,4.0,MEDIUM,10.0,109.449,31.341,32.878,45.23,224.0,233.0,75.0,230.0,12,True,False,True,False,2026-08-21 11:31:18.857,,18.9,28.0,62.3,False,2.7,32.0
2026,12,Dutch Grand Prix,FP1,LIN,Racing Bulls,36.0,4.0,MEDIUM,11.0,,63.125,30.904,64.949,294.0,227.0,5.0,227.0,2,True,False,False,False,2026-08-21 11:33:08.306,,18.9,28.8,61.9,True,3.7,44.0
2026,12,Dutch Grand Prix,FP1,LIN,Racing Bulls,37.0,4.0,MEDIUM,12.0,104.071,29.113,34.156,40.802,260.0,200.0,,247.0,2,True,False,False,False,2026-08-21 11:35:47.347,,18.9,29.5,61.0,False,1.8,51.0
2026,12,Dutch Grand Prix,FP1,COL,Alpine,1.0,1.0,INTERMEDIATE,1.0,,,34.33,32.299,224.0,213.0,288.0,,1,True,False,False,False,2026-08-21 10:31:33.966,,18.1,25.8,72.8,False,1.3,29.0
2026,12,Dutch Grand Prix,FP1,COL,Alpine,2.0,1.0,INTERMEDIATE,2.0,85.843,29.523,30.161,26.159,279.0,261.0,288.0,214.0,1,True,True,True,False,2026-08-21 10:33:22.674,,18.2,25.2,72.1,False,0.8,30.0
2026,12,Dutch Grand Prix,FP1,COL,Alpine,3.0,1.0,INTERMEDIATE,3.0,104.235,34.325,34.578,35.332,193.0,242.0,,229.0,1,True,False,False,False,2026-08-21 10:34:48.517,,18.2,24.4,71.8,False,2.0,82.0
2026,12,Dutch Grand Prix,FP1,COL,Alpine,4.0,2.0,HARD,1.0,,,30.2,24.866,272.0,268.0,313.0,229.0,1,True,False,False,False,2026-08-21 10:36:32.752,,18.2,24.5,70.4,False,1.7,53.0
2026,12,Dutch Grand Prix,FP1,COL,Alpine,5.0,2.0,HARD,2.0,78.704,27.328,27.727,23.649,281.0,277.0,318.0,267.0,1,True,True,True,False,2026-08-21 10:44:13.839,,18.1,22.7,69.9,False,3.5,22.0
2026,12,Dutch Grand Prix,FP1,COL,Alpine,6.0,2.0,HARD,3.0,77.683,26.645,27.547,23.491,280.0,274.0,320.0,276.0,1,True,True,True,False,2026-08-21 10:45:32.543,,18.0,22.9,70.1,False,2.1,32.0
2026,12,Dutch Grand Prix,FP1,COL,Alpine,7.0,2.0,HARD,4.0,112.339,36.294,42.312,33.733,158.0,189.0,315.0,280.0,12,True,False,True,False,2026-08-21 10:46:50.226,,18.0,23.2,69.1,False,3.0,25.0
2026,12,Dutch Grand Prix,FP1,COL,Alpine,8.0,2.0,HARD,5.0,81.012,27.098,28.459,25.455,270.0,239.0,317.0,274.0,1,True,False,True,False,2026-08-21 10:48:42.565,,18.1,23.6,69.7,False,1.9,25.0
2026,12,Dutch Grand Prix,FP1,COL,Alpine,9.0,2.0,HARD,6.0,82.068,26.667,28.006,27.395,270.0,284.0,311.0,285.0,1,True,False,True,False,2026-08-21 10:50:03.577,,18.2,24.6,70.3,False,1.1,62.0
2026,12,Dutch Grand Prix,FP1,COL,Alpine,10.0,2.0,HARD,7.0,76.969,26.418,27.271,23.28,280.0,279.0,309.0,290.0,1,True,True,True,False,2026-08-21 10:51:25.645,,18.3,24.9,69.8,False,1.2,35.0
2026,12,Dutch Grand Prix,FP1,COL,Alpine,11.0,2.0,HARD,8.0,78.588,27.048,27.956,23.584,283.0,284.0,323.0,294.0,1,True,False,True,False,2026-08-21 10:52:42.614,,18.3,25.7,66.8,False,0.9,40.0
2026,12,Dutch Grand Prix,FP1,COL,Alpine,12.0,2.0,HARD,9.0,77.617,26.544,27.734,23.339,283.0,281.0,325.0,291.0,1,True,False,True,False,2026-08-21 10:54:01.202,,18.4,26.8,68.6,True,1.1,42.0
2026,12,Dutch Grand Prix,FP1,COL,Alpine,13.0,2.0,HARD,10.0,77.387,26.363,27.642,23.382,282.0,277.0,319.0,296.0,12,True,False,True,False,2026-08-21 10:55:18.819,,18.5,26.6,68.7,False,2.4,20.0
2026,12,Dutch Grand Prix,FP1,COL,Alpine,14.0,2.0,HARD,11.0,77.934,26.74,27.95,23.244,280.0,278.0,319.0,293.0,1,True,False,True,False,2026-08-21 10:56:36.206,,18.5,26.6,66.4,True,1.4,65.0
2026,12,Dutch Grand Prix,FP1,COL,Alpine,15.0,2.0,HARD,12.0,77.343,26.439,27.56,23.344,282.0,279.0,318.0,298.0,1,True,False,True,False,2026-08-21 10:57:54.140,,18.6,26.3,66.0,False,1.1,75.0
2026,12,Dutch Grand Prix,FP1,COL,Alpine,16.0,2.0,HARD,13.0,78.334,27.002,27.943,23.389,285.0,277.0,328.0,283.0,1,True,False,True,False,2026-08-21 10:59:11.483,,18.7,26.1,67.4,True,1.8,20.0
2026,12,Dutch Grand Prix,FP1,COL,Alpine,17.0,2.0,HARD,14.0,77.092,26.328,27.613,23.151,277.0,279.0,326.0,310.0,1,True,False,True,False,2026-08-21 11:00:29.817,,18.9,26.6,66.1,False,1.1,44.0
2026,12,Dutch Grand Prix,FP1,COL,Alpine,18.0,2.0,HARD,15.0,137.632,47.453,58.604,31.575,100.0,87.0,298.0,223.0,1,True,False,True,False,2026-08-21 11:01:46.909,,19.0,28.0,64.4,False,3.2,23.0
2026,12,Dutch Grand Prix,FP1,COL,Alpine,19.0,2.0,HARD,16.0,85.659,26.875,27.558,31.226,293.0,287.0,,289.0,1,True,False,False,False,2026-08-21 11:04:04.541,,19.2,29.1,63.0,True,2.2,27.0
2026,12,Dutch Grand Prix,FP1,COL,Alpine,20.0,3.0,SOFT,1.0,,,29.578,25.697,281.0,236.0,302.0,289.0,12,True,False,False,False,2026-08-21 11:05:30.200,,19.2,29.4,63.3,False,1.9,16.0
2026,12,Dutch Grand Prix,FP1,COL,Alpine,21.0,3.0,SOFT,2.0,74.826,25.782,26.562,22.482,298.0,289.0,315.0,306.0,1,True,True,True,False,2026-08-21 11:17:06.225,,19.4,27.4,62.1,False,3.0,28.0
2026,12,Dutch Grand Prix,FP1,COL,Alpine,22.0,3.0,SOFT,3.0,140.259,49.983,56.798,33.478,87.0,156.0,214.0,223.0,1,True,False,True,False,2026-08-21 11:18:21.051,,19.3,27.9,63.3,False,3.2,31.0
2026,12,Dutch Grand Prix,FP1,COL,Alpine,23.0,3.0,SOFT,4.0,95.302,36.327,33.226,25.749,245.0,238.0,304.0,198.0,1,True,False,True,False,2026-08-21 11:20:41.310,,19.2,27.3,63.7,False,2.6,32.0
2026,12,Dutch Grand Prix,FP1,COL,Alpine,24.0,3.0,SOFT,5.0,75.35,25.806,26.508,23.036,295.0,288.0,310.0,312.0,1,True,False,True,False,2026-08-21 11:22:16.612,,19.1,27.8,63.3,True,4.0,25.0
2026,12,Dutch Grand Prix,FP1,COL,Alpine,25.0,3.0,SOFT,6.0,146.969,48.727,62.829,35.413,93.0,178.0,293.0,287.0,1,True,False,True,False,2026-08-21 11:23:31.962,,19.1,27.6,64.0,False,3.2,24.0
2026,12,Dutch Grand Prix,FP1,COL,Alpine,26.0,3.0,SOFT,7.0,79.226,27.114,28.611,23.501,294.0,281.0,297.0,274.0,1,True,False,True,False,2026-08-21 11:25:58.931,,19.0,27.6,63.4,False,0.9,43.0
2026,12,Dutch Grand Prix,FP1,COL,Alpine,27.0,3.0,SOFT,8.0,82.139,28.211,27.224,26.704,275.0,283.0,,240.0,1,True,False,False,False,2026-08-21 11:27:18.157,,19.0,27.9,63.0,False,2.2,25.0
2026,12,Dutch Grand Prix,FP1,COL,Alpine,28.0,4.0,HARD,17.0,122.145,53.869,38.725,29.551,164.0,239.0,308.0,240.0,1,False,False,False,False,2026-08-21 11:28:40.296,,18.9,27.6,61.5,False,2.2,39.0
2026,12,Dutch Grand Prix,FP1,COL,Alpine,29.0,4.0,HARD,18.0,139.589,32.697,35.58,71.312,212.0,223.0,4.0,230.0,12,False,False,True,False,2026-08-21 11:30:42.441,,18.9,28.0,62.3,False,2.7,32.0
2026,12,Dutch Grand Prix,FP1,COL,Alpine,30.0,4.0,HARD,19.0,110.383,30.904,29.783,49.696,287.0,259.0,56.0,224.0,2,False,False,True,False,2026-08-21 11:33:02.030,,18.9,28.8,61.9,True,3.7,44.0
2026,12,Dutch Grand Prix,FP1,COL,Alpine,31.0,4.0,HARD,20.0,141.544,74.27,30.568,36.706,226.0,271.0,,141.0,2,False,False,False,False,2026-08-21 11:34:52.413,,18.9,29.9,62.1,False,3.6,44.0
2026,12,Dutch Grand Prix,FP1,HAM,Ferrari,1.0,1.0,INTERMEDIATE,1.0,,,33.445,27.428,248.0,222.0,280.0,,1,True,False,False,False,2026-08-21 10:30:48.890,,18.1,25.8,72.8,False,1.3,29.0
2026,12,Dutch Grand Prix,FP1,HAM,Ferrari,2.0,1.0,INTERMEDIATE,2.0,85.562,29.704,30.302,25.556,271.0,255.0,281.0,239.0,1,True,True,True,False,2026-08-21 10:32:21.518,,18.2,25.8,73.4,False,1.4,35.0
2026,12,Dutch Grand Prix,FP1,HAM,Ferrari,3.0,1.0,INTERMEDIATE,3.0,98.046,29.855,31.536,36.655,258.0,249.0,,263.0,1,True,False,False,False,2026-08-21 10:33:47.080,,18.2,25.2,72.4,False,1.8,35.0
2026,12,Dutch Grand Prix,FP1,HAM,Ferrari,4.0,2.0,MEDIUM,1.0,,,34.38,28.144,256.0,215.0,295.0,263.0,1,True,False,False,False,2026-08-21 10:35:25.126,,18.2,24.4,71.8,False,2.0,82.0
2026,12,Dutch Grand Prix,FP1,HAM,Ferrari,5.0,2.0,MEDIUM,2.0,77.709,27.139,27.415,23.155,288.0,283.0,311.0,285.0,1,True,True,True,False,2026-08-21 10:40:16.116,,18.2,23.9,70.7,False,2.8,27.0
2026,12,Dutch Grand Prix,FP1,HAM,Ferrari,6.0,2.0,MEDIUM,3.0,104.177,32.494,43.297,28.386,179.0,177.0,297.0,260.0,1,True,False,True,False,2026-08-21 10:41:33.825,,18.2,23.5,70.8,False,3.6,18.0
2026,12,Dutch Grand Prix,FP1,HAM,Ferrari,7.0,2.0,MEDIUM,4.0,75.886,26.582,26.701,22.603,288.0,284.0,311.0,301.0,1,True,True,True,False,2026-08-21 10:43:18.002,,18.1,23.5,70.4,False,2.7,25.0
2026,12,Dutch Grand Prix,FP1,HAM,Ferrari,8.0,2.0,MEDIUM,5.0,114.922,41.141,46.228,27.553,143.0,230.0,296.0,234.0,1,True,False,True,False,2026-08-21 10:44:33.888,,18.1,22.7,69.9,False,3.5,22.0
2026,12,Dutch Grand Prix,FP1,HAM,Ferrari,9.0,2.0,MEDIUM,6.0,75.124,26.147,26.451,22.526,286.0,283.0,311.0,302.0,12,True,True,True,False,2026-08-21 10:46:28.810,,18.0,22.8,70.3,False,4.0,29.0
2026,12,Dutch Grand Prix,FP1,HAM,Ferrari,10.0,2.0,MEDIUM,7.0,123.793,47.071,46.023,30.699,134.0,237.0,302.0,234.0,21,True,False,True,False,2026-08-21 10:47:43.934,,18.0,23.6,69.7,False,1.3,26.0
2026,12,Dutch Grand Prix,FP1,HAM,Ferrari,11.0,2.0,MEDIUM,8.0,74.742,25.735,26.375,22.632,288.0,284.0,311.0,309.0,1,True,True,True,False,2026-08-21 10:49:47.727,,18.2,24.6,70.3,False,1.1,62.0
2026,12,Dutch Grand Prix,FP1,HAM,Ferrari,12.0,2.0,MEDIUM,9.0,119.845,50.704,42.623,26.518,95.0,245.0,301.0,228.0,1,True,False,True,False,2026-08-21 10:51:02.469,,18.3,24.9,69.8,False,1.2,35.0
2026,12,Dutch Grand Prix,FP1,HAM,Ferrari,13.0,2.0,MEDIUM,10.0,74.259,25.734,26.154,22.371,291.0,285.0,310.0,306.0,1,True,True,True,False,2026-08-21 10:53:02.314,,18.3,25.7,66.8,False,0.9,40.0
2026,12,Dutch Grand Prix,FP1,HAM,Ferrari,14.0,2.0,MEDIUM,11.0,100.901,41.206,29.817,29.878,241.0,162.0,,257.0,1,True,False,False,False,2026-08-21 10:54:16.573,,18.4,26.8,68.6,True,1.1,42.0
2026,12,Dutch Grand Prix,FP1,HAM,Ferrari,15.0,3.0,MEDIUM,12.0,,,29.352,24.009,214.0,246.0,307.0,257.0,12,False,False,False,False,2026-08-21 10:55:57.474,,18.5,26.7,66.6,True,1.1,21.0
2026,12,Dutch Grand Prix,FP1,HAM,Ferrari,16.0,3.0,MEDIUM,13.0,76.49,26.438,27.148,22.904,271.0,269.0,308.0,292.0,1,False,False,True,False,2026-08-21 11:02:10.670,,19.0,28.0,64.4,False,3.2,23.0
2026,12,Dutch Grand Prix,FP1,HAM,Ferrari,17.0,3.0,MEDIUM,14.0,75.837,26.082,26.907,22.848,277.0,275.0,313.0,296.0,1,False,False,True,False,2026-08-21 11:03:27.160,,19.1,27.6,62.5,False,2.0,62.0
2026,12,Dutch Grand Prix,FP1,HAM,Ferrari,18.0,3.0,MEDIUM,15.0,75.547,25.988,26.796,22.763,280.0,270.0,313.0,301.0,1,False,False,True,False,2026-08-21 11:04:42.997,,19.2,29.4,63.3,False,1.9,16.0
2026,12,Dutch Grand Prix,FP1,HAM,Ferrari,19.0,3.0,MEDIUM,16.0,75.534,25.903,26.899,22.732,278.0,273.0,317.0,293.0,1,False,False,True,False,2026-08-21 11:05:58.544,,19.3,30.7,63.2,False,0.5,29.0
2026,12,Dutch Grand Prix,FP1,HAM,Ferrari,20.0,3.0,MEDIUM,17.0,75.604,25.939,26.872,22.793,278.0,270.0,316.0,298.0,1,False,False,True,False,2026-08-21 11:07:14.078,,19.4,29.9,62.9,False,3.9,35.0
2026,12,Dutch Grand Prix,FP1,HAM,Ferrari,21.0,3.0,MEDIUM,18.0,77.185,25.865,26.914,24.406,281.0,279.0,320.0,299.0,1,False,False,True,False,2026-08-21 11:08:29.682,,19.4,28.0,61.0,True,2.8,26.0
2026,12,Dutch Grand Prix,FP1,HAM,Ferrari,22.0,3.0,MEDIUM,19.0,81.727,26.295,28.189,27.243,281.0,190.0,316.0,301.0,1,False,False,True,False,2026-08-21 11:09:46.867,,19.3,28.3,62.0,True,2.1,20.0
2026,12,Dutch Grand Prix,FP1,HAM,Ferrari,23.0,3.0,MEDIUM,20.0,75.741,25.856,26.954,22.931,286.0,281.0,319.0,302.0,1,False,False,True,False,2026-08-21 11:11:08.594,,19.3,28.7,62.7,False,2.3,26.0
2026,12,Dutch Grand Prix,FP1,HAM,Ferrari,24.0,3.0,MEDIUM,21.0,76.137,25.869,27.14,23.128,281.0,274.0,314.0,305.0,1,False,False,True,False,2026-08-21 11:12:24.335,,19.2,29.6,62.1,False,3.0,34.0
2026,12,Dutch Grand Prix,FP1,HAM,Ferrari,25.0,3.0,MEDIUM,22.0,79.363,26.053,27.068,26.242,269.0,281.0,,299.0,12,False,False,False,False,2026-08-21 11:13:40.472,,19.3,28.6,62.5,False,2.7,53.0
2026,12,Dutch Grand Prix,FP1,HAM,Ferrari,26.0,4.0,SOFT,1.0,,,33.922,25.701,238.0,247.0,302.0,299.0,1,True,False,False,False,2026-08-21 11:14:59.835,,19.3,28.1,62.4,True,2.3,31.0
2026,12,Dutch Grand Prix,FP1,HAM,Ferrari,27.0,4.0,SOFT,2.0,73.139,25.09,25.915,22.134,292.0,286.0,320.0,306.0,1,True,True,True,False,2026-08-21 11:21:44.354,,19.1,27.8,63.3,True,4.0,25.0
2026,12,Dutch Grand Prix,FP1,HAM,Ferrari,28.0,4.0,SOFT,3.0,133.781,50.052,46.092,37.637,123.0,169.0,,226.0,1,True,False,False,False,2026-08-21 11:22:57.493,,19.1,27.6,64.0,False,3.2,24.0
2026,12,Dutch Grand Prix,FP1,HAM,Ferrari,29.0,5.0,SOFT,4.0,143.022,78.207,36.499,28.316,245.0,110.0,304.0,226.0,1,False,False,False,False,2026-08-21 11:25:11.274,,19.0,27.1,62.6,False,3.2,33.0
2026,12,Dutch Grand Prix,FP1,HAM,Ferrari,30.0,5.0,SOFT,5.0,85.896,29.142,29.945,26.809,255.0,242.0,304.0,265.0,1,False,False,True,False,2026-08-21 11:27:34.296,,18.9,27.8,61.9,False,2.5,29.0
2026,12,Dutch Grand Prix,FP1,HAM,Ferrari,31.0,5.0,SOFT,6.0,91.014,29.779,34.083,27.152,170.0,244.0,301.0,310.0,1,False,False,True,False,2026-08-21 11:29:00.192,,18.9,27.6,61.5,False,2.2,39.0
2026,12,Dutch Grand Prix,FP1,HAM,Ferrari,32.0,5.0,SOFT,7.0,138.304,25.505,38.481,74.318,230.0,166.0,4.0,307.0,12,False,False,True,False,2026-08-21 11:30:31.206,,18.9,28.0,62.3,False,2.3,52.0
2026,12,Dutch Grand Prix,FP1,HAM,Ferrari,33.0,5.0,SOFT,8.0,118.863,30.762,30.811,57.29,234.0,179.0,30.0,241.0,2,False,False,True,False,2026-08-21 11:32:49.510,,18.9,28.8,61.9,True,3.7,44.0
2026,12,Dutch Grand Prix,FP1,HAM,Ferrari,34.0,5.0,SOFT,9.0,127.94,55.327,33.594,39.019,209.0,177.0,,221.0,2,False,False,False,False,2026-08-21 11:34:48.373,,18.9,29.9,62.1,False,3.6,44.0
2026,12,Dutch Grand Prix,FP1,SAI,Williams,1.0,1.0,INTERMEDIATE,1.0,,,35.241,39.708,233.0,213.0,,,1,True,False,False,False,2026-08-21 10:32:58.764,,18.2,25.2,72.1,False,0.8,30.0
2026,12,Dutch Grand Prix,FP1,SAI,Williams,2.0,2.0,SOFT,1.0,,,32.334,32.579,252.0,210.0,295.0,,1,True,False,False,False,2026-08-21 10:34:48.049,,18.2,24.4,71.8,False,2.0,82.0
2026,12,Dutch Grand Prix,FP1,SAI,Williams,3.0,2.0,SOFT,2.0,83.692,27.632,28.397,27.663,290.0,243.0,296.0,254.0,1,True,True,True,False,2026-08-21 10:40:23.887,,18.2,23.9,70.7,False,2.8,27.0
2026,12,Dutch Grand Prix,FP1,SAI,Williams,4.0,2.0,SOFT,3.0,78.056,26.715,27.624,23.717,282.0,260.0,283.0,284.0,1,True,True,True,False,2026-08-21 10:41:47.579,,18.1,23.6,69.4,False,2.1,38.0
2026,12,Dutch Grand Prix,FP1,SAI,Williams,5.0,2.0,SOFT,4.0,119.198,44.011,44.837,30.35,188.0,180.0,285.0,169.0,1,True,False,True,False,2026-08-21 10:43:05.635,,18.1,23.5,70.4,False,2.7,25.0
2026,12,Dutch Grand Prix,FP1,SAI,Williams,6.0,2.0,SOFT,5.0,87.878,26.723,31.912,29.243,282.0,237.0,293.0,298.0,1,True,False,True,False,2026-08-21 10:45:04.833,,18.0,22.9,70.1,False,2.1,32.0
2026,12,Dutch Grand Prix,FP1,SAI,Williams,7.0,2.0,SOFT,6.0,99.531,26.181,27.409,45.941,293.0,273.0,,305.0,12,True,False,False,False,2026-08-21 10:46:32.711,,18.0,22.8,70.3,False,4.0,29.0
2026,12,Dutch Grand Prix,FP1,SAI,Williams,8.0,3.0,SOFT,1.0,,95.159,31.131,25.839,233.0,240.0,290.0,305.0,1,False,False,False,False,2026-08-21 10:48:12.242,,18.0,23.6,69.7,False,1.3,26.0
2026,12,Dutch Grand Prix,FP1,SAI,Williams,9.0,3.0,SOFT,2.0,87.491,26.382,27.665,33.444,296.0,287.0,183.0,305.0,1,False,False,True,False,2026-08-21 10:50:44.390,,18.3,24.9,69.8,False,1.2,35.0
2026,12,Dutch Grand Prix,FP1,SAI,Williams,10.0,3.0,SOFT,3.0,108.676,40.005,36.654,32.017,197.0,163.0,291.0,97.0,1,False,False,True,False,2026-08-21 10:52:11.881,,18.3,25.5,69.0,False,3.1,27.0
2026,12,Dutch Grand Prix,FP1,SAI,Williams,11.0,3.0,SOFT,4.0,77.49,26.431,27.651,23.408,297.0,286.0,305.0,304.0,1,False,True,True,False,2026-08-21 10:54:00.557,,18.4,26.8,68.6,True,1.1,42.0
2026,12,Dutch Grand Prix,FP1,SAI,Williams,12.0,3.0,SOFT,5.0,115.159,43.241,45.413,26.505,124.0,229.0,291.0,129.0,12,False,False,True,False,2026-08-21 10:55:18.047,,18.5,26.6,68.7,False,2.4,20.0
2026,12,Dutch Grand Prix,FP1,SAI,Williams,13.0,3.0,SOFT,6.0,77.141,26.354,27.532,23.255,296.0,288.0,307.0,307.0,1,False,True,True,False,2026-08-21 10:57:13.206,,18.5,26.6,66.4,True,1.4,65.0
2026,12,Dutch Grand Prix,FP1,SAI,Williams,14.0,3.0,SOFT,7.0,96.646,33.658,37.201,25.787,197.0,224.0,308.0,231.0,1,False,False,True,False,2026-08-21 10:58:30.347,,18.6,26.3,66.0,False,1.1,75.0
2026,12,Dutch Grand Prix,FP1,SAI,Williams,15.0,3.0,SOFT,8.0,84.676,27.045,28.21,29.421,288.0,282.0,306.0,289.0,1,False,False,True,False,2026-08-21 11:00:06.993,,18.9,26.6,66.1,False,1.1,44.0
2026,12,Dutch Grand Prix,FP1,SAI,Williams,16.0,3.0,SOFT,9.0,80.734,27.928,28.613,24.193,278.0,273.0,314.0,257.0,1,False,False,True,False,2026-08-21 11:01:31.669,,18.9,27.1,64.9,True,2.6,36.0
2026,12,Dutch Grand Prix,FP1,SAI,Williams,17.0,3.0,SOFT,10.0,79.672,27.485,28.636,23.551,270.0,278.0,323.0,269.0,1,False,False,True,False,2026-08-21 11:02:52.403,,19.1,27.6,62.5,False,2.0,62.0
2026,12,Dutch Grand Prix,FP1,SAI,Williams,18.0,3.0,SOFT,11.0,78.786,26.854,28.358,23.574,278.0,278.0,319.0,294.0,1,False,False,True,False,2026-08-21 11:04:12.075,,19.2,29.1,63.0,True,2.2,27.0
2026,12,Dutch Grand Prix,FP1,SAI,Williams,19.0,3.0,SOFT,12.0,79.033,26.999,28.419,23.615,286.0,279.0,322.0,289.0,1,False,False,True,False,2026-08-21 11:05:30.861,,19.2,29.4,63.3,False,1.9,16.0
2026,12,Dutch Grand Prix,FP1,SAI,Williams,20.0,3.0,SOFT,13.0,88.245,27.864,29.391,30.99,284.0,286.0,,242.0,1,False,False,False,False,2026-08-21 11:06:49.894,,19.4,29.9,62.9,False,3.9,35.0
2026,12,Dutch Grand Prix,FP1,SAI,Williams,21.0,4.0,MEDIUM,1.0,,,30.21,25.769,229.0,262.0,301.0,242.0,12,True,False,False,False,2026-08-21 11:08:18.139,,19.4,28.0,61.0,True,2.8,26.0
2026,12,Dutch Grand Prix,FP1,SAI,Williams,22.0,4.0,MEDIUM,2.0,94.329,30.047,35.991,28.291,214.0,225.0,302.0,295.0,1,True,False,True,False,2026-08-21 11:17:50.593,,19.3,27.9,63.3,False,3.2,31.0
2026,12,Dutch Grand Prix,FP1,SAI,Williams,23.0,4.0,MEDIUM,3.0,76.883,26.219,27.333,23.331,292.0,291.0,311.0,304.0,1,True,True,True,False,2026-08-21 11:19:24.922,,19.2,27.5,63.8,False,2.9,35.0
2026,12,Dutch Grand Prix,FP1,SAI,Williams,24.0,4.0,MEDIUM,4.0,106.182,45.587,34.373,26.222,203.0,242.0,300.0,165.0,1,True,False,True,False,2026-08-21 11:20:41.805,,19.2,27.3,63.7,False,2.6,32.0
2026,12,Dutch Grand Prix,FP1,SAI,Williams,25.0,4.0,MEDIUM,5.0,76.807,26.29,27.583,22.934,291.0,289.0,321.0,310.0,1,True,True,True,False,2026-08-21 11:22:27.987,,19.1,27.8,63.3,True,4.0,25.0
2026,12,Dutch Grand Prix,FP1,SAI,Williams,26.0,4.0,MEDIUM,6.0,112.999,42.682,41.807,28.51,175.0,212.0,265.0,236.0,1,True,False,True,False,2026-08-21 11:23:44.794,,19.1,27.3,63.8,False,4.3,33.0
2026,12,Dutch Grand Prix,FP1,SAI,Williams,27.0,4.0,MEDIUM,7.0,97.216,33.064,34.68,29.472,243.0,226.0,301.0,221.0,1,True,False,True,False,2026-08-21 11:25:37.793,,19.0,27.6,63.4,False,0.9,43.0
2026,12,Dutch Grand Prix,FP1,SAI,Williams,28.0,4.0,MEDIUM,8.0,76.345,26.092,27.361,22.892,291.0,290.0,321.0,308.0,1,True,True,True,False,2026-08-21 11:27:15.009,,19.0,27.9,63.0,False,2.2,25.0
2026,12,Dutch Grand Prix,FP1,SAI,Williams,29.0,4.0,MEDIUM,9.0,109.018,39.402,38.828,30.788,177.0,179.0,301.0,200.0,1,True,False,True,False,2026-08-21 11:28:31.354,,18.9,27.8,61.9,False,2.5,29.0
2026,12,Dutch Grand Prix,FP1,SAI,Williams,30.0,4.0,MEDIUM,10.0,111.375,31.289,36.467,43.619,192.0,194.0,49.0,302.0,12,True,False,True,False,2026-08-21 11:30:20.372,,18.9,28.0,62.3,False,2.3,52.0
2026,12,Dutch Grand Prix,FP1,SAI,Williams,31.0,4.0,MEDIUM,11.0,129.062,56.976,29.506,42.58,273.0,267.0,81.0,209.0,2,True,False,True,False,2026-08-21 11:32:11.747,,18.9,27.5,62.2,False,4.2,16.0
2026,12,Dutch Grand Prix,FP1,SAI,Williams,32.0,4.0,MEDIUM,12.0,119.546,55.512,28.97,35.064,284.0,275.0,,215.0,2,True,False,False,False,2026-08-21 11:34:20.809,,18.9,28.6,61.2,False,2.0,30.0
2026,12,Dutch Grand Prix,FP1,RUS,Mercedes,1.0,1.0,INTERMEDIATE,1.0,,,38.928,38.364,222.0,207.0,,,1,True,False,False,False,2026-08-21 10:31:05.712,,18.1,25.8,72.8,False,1.3,29.0
2026,12,Dutch Grand Prix,FP1,RUS,Mercedes,2.0,2.0,MEDIUM,1.0,,,32.088,26.544,245.0,230.0,286.0,,1,True,False,False,False,2026-08-21 10:33:18.606,,18.2,25.2,72.1,False,0.8,30.0
2026,12,Dutch Grand Prix,FP1,RUS,Mercedes,3.0,2.0,MEDIUM,2.0,80.93,28.856,28.256,23.818,278.0,270.0,314.0,206.0,1,True,True,True,False,2026-08-21 10:37:19.189,,18.2,24.4,70.8,False,1.9,46.0
2026,12,Dutch Grand Prix,FP1,RUS,Mercedes,4.0,2.0,MEDIUM,3.0,77.444,27.097,27.291,23.056,286.0,280.0,317.0,238.0,1,True,True,True,False,2026-08-21 10:38:40.119,,18.2,24.4,71.6,False,1.1,52.0
2026,12,Dutch Grand Prix,FP1,RUS,Mercedes,5.0,2.0,MEDIUM,4.0,76.669,26.509,27.024,23.136,281.0,276.0,309.0,251.0,1,True,True,True,False,2026-08-21 10:39:57.563,,18.2,23.9,70.7,False,2.8,27.0
2026,12,Dutch Grand Prix,FP1,RUS,Mercedes,6.0,2.0,MEDIUM,5.0,76.564,26.288,27.144,23.132,278.0,278.0,314.0,267.0,1,True,True,True,False,2026-08-21 10:41:14.232,,18.2,23.5,70.8,False,3.6,18.0
2026,12,Dutch Grand Prix,FP1,RUS,Mercedes,7.0,2.0,MEDIUM,6.0,82.814,26.353,28.561,27.9,281.0,211.0,300.0,268.0,1,True,False,True,False,2026-08-21 10:42:30.796,,18.1,23.6,69.4,False,2.1,38.0
2026,12,Dutch Grand Prix,FP1,RUS,Mercedes,8.0,2.0,MEDIUM,7.0,75.445,25.786,26.892,22.767,292.0,282.0,307.0,289.0,1,True,True,True,False,2026-08-21 10:43:53.610,,18.1,22.7,69.9,False,3.5,22.0
2026,12,Dutch Grand Prix,FP1,RUS,Mercedes,9.0,2.0,MEDIUM,8.0,113.73,40.33,46.021,27.379,121.0,214.0,295.0,225.0,1,True,False,True,False,2026-08-21 10:45:09.055,,18.0,22.9,70.1,False,2.1,32.0
2026,12,Dutch Grand Prix,FP1,RUS,Mercedes,10.0,2.0,MEDIUM,9.0,74.951,25.822,26.533,22.596,293.0,286.0,307.0,284.0,12,True,True,True,False,2026-08-21 10:47:02.785,,18.0,23.2,69.1,False,3.0,25.0
2026,12,Dutch Grand Prix,FP1,RUS,Mercedes,11.0,2.0,MEDIUM,10.0,127.905,45.894,54.274,27.737,115.0,130.0,294.0,169.0,1,True,False,True,False,2026-08-21 10:48:17.736,,18.0,23.6,69.7,False,1.3,26.0
2026,12,Dutch Grand Prix,FP1,RUS,Mercedes,12.0,2.0,MEDIUM,11.0,74.908,25.745,26.522,22.641,292.0,286.0,306.0,287.0,1,True,True,True,False,2026-08-21 10:50:25.641,,18.2,24.6,70.3,False,1.1,62.0
2026,12,Dutch Grand Prix,FP1,RUS,Mercedes,13.0,2.0,MEDIUM,12.0,107.658,33.483,44.954,29.221,246.0,110.0,299.0,194.0,1,True,False,True,False,2026-08-21 10:51:40.549,,18.3,25.5,69.0,False,3.1,27.0
2026,12,Dutch Grand Prix,FP1,RUS,Mercedes,14.0,2.0,MEDIUM,13.0,74.526,25.599,26.386,22.541,293.0,286.0,313.0,293.0,1,True,True,True,False,2026-08-21 10:53:28.207,,18.3,25.7,66.8,False,0.9,40.0
2026,12,Dutch Grand Prix,FP1,RUS,Mercedes,15.0,2.0,MEDIUM,14.0,95.348,34.385,30.701999999999998,30.261,241.0,274.0,,250.0,12,True,False,False,False,2026-08-21 10:54:42.733,,18.5,26.6,68.7,False,2.4,20.0
2026,12,Dutch Grand Prix,FP1,RUS,Mercedes,16.0,3.0,MEDIUM,15.0,,,28.072,23.215,291.0,290.0,317.0,250.0,1,False,False,False,False,2026-08-21 10:56:18.081,,18.5,26.7,66.6,True,1.1,21.0
2026,12,Dutch Grand Prix,FP1,RUS,Mercedes,17.0,3.0,MEDIUM,16.0,76.51,26.347,27.15,23.013,276.0,276.0,311.0,292.0,1,False,False,True,False,2026-08-21 11:02:27.608,,19.0,28.0,64.4,False,3.2,23.0
2026,12,Dutch Grand Prix,FP1,RUS,Mercedes,18.0,3.0,MEDIUM,17.0,76.212,26.21,27.11,22.892,280.0,281.0,317.0,285.0,1,False,False,True,False,2026-08-21 11:03:44.118,,19.2,29.1,63.0,True,2.2,27.0
2026,12,Dutch Grand Prix,FP1,RUS,Mercedes,19.0,3.0,MEDIUM,18.0,82.842,26.501,27.904,28.437,285.0,208.0,297.0,282.0,1,False,False,True,False,2026-08-21 11:05:00.330,,19.2,29.4,63.3,False,1.9,16.0
2026,12,Dutch Grand Prix,FP1,RUS,Mercedes,20.0,3.0,MEDIUM,19.0,76.186,26.162,27.134,22.89,279.0,278.0,317.0,291.0,1,False,False,True,False,2026-08-21 11:06:23.172,,19.3,30.7,63.2,False,0.5,29.0
2026,12,Dutch Grand Prix,FP1,RUS,Mercedes,21.0,3.0,MEDIUM,20.0,76.092,25.96,27.188,22.944,284.0,277.0,321.0,305.0,1,False,False,True,False,2026-08-21 11:07:39.358,,19.4,28.0,61.0,True,2.8,26.0
2026,12,Dutch Grand Prix,FP1,RUS,Mercedes,22.0,3.0,MEDIUM,21.0,76.213,25.923000000000002,27.258,23.032,283.0,278.0,317.0,308.0,1,False,False,True,False,2026-08-21 11:08:55.450,,19.4,27.7,60.9,False,2.7,33.0
2026,12,Dutch Grand Prix,FP1,RUS,Mercedes,23.0,3.0,MEDIUM,22.0,76.079,25.938,27.233,22.908,284.0,278.0,316.0,303.0,1,False,False,True,False,2026-08-21 11:10:11.663,,19.3,28.3,62.0,True,2.1,20.0
2026,12,Dutch Grand Prix,FP1,RUS,Mercedes,24.0,3.0,MEDIUM,23.0,76.665,25.856,27.615,23.194,285.0,275.0,322.0,305.0,1,False,False,True,False,2026-08-21 11:11:27.742,,19.3,28.7,62.7,False,2.3,26.0
2026,12,Dutch Grand Prix,FP1,RUS,Mercedes,25.0,3.0,MEDIUM,24.0,76.723,26.06,27.533,23.13,283.0,277.0,319.0,304.0,1,False,False,True,False,2026-08-21 11:12:44.407,,19.2,29.4,62.5,False,2.8,41.0
2026,12,Dutch Grand Prix,FP1,RUS,Mercedes,26.0,3.0,MEDIUM,25.0,78.463,26.2,28.969,23.294,283.0,275.0,318.0,300.0,12,False,False,True,False,2026-08-21 11:14:01.130,,19.3,28.6,62.5,False,2.7,53.0
2026,12,Dutch Grand Prix,FP1,RUS,Mercedes,27.0,3.0,MEDIUM,26.0,77.081,26.169,27.64,23.272,288.0,280.0,301.0,301.0,1,False,False,True,False,2026-08-21 11:15:19.593,,19.3,28.1,62.4,True,2.3,31.0
2026,12,Dutch Grand Prix,FP1,RUS,Mercedes,28.0,3.0,MEDIUM,27.0,88.748,26.457,27.583,34.708,269.0,279.0,,292.0,1,False,False,False,False,2026-08-21 11:16:36.674,,19.4,27.4,62.1,False,3.0,28.0
2026,12,Dutch Grand Prix,FP1,RUS,Mercedes,29.0,4.0,SOFT,1.0,,,31.19,24.437,167.0,270.0,303.0,292.0,1,True,False,False,False,2026-08-21 11:18:05.422,,19.3,27.9,63.3,False,3.2,31.0
2026,12,Dutch Grand Prix,FP1,RUS,Mercedes,30.0,4.0,SOFT,2.0,87.211,28.29,30.392,28.529,288.0,229.0,300.0,269.0,1,True,False,True,False,2026-08-21 11:23:03.920,,19.1,27.6,64.0,False,3.2,24.0
2026,12,Dutch Grand Prix,FP1,RUS,Mercedes,31.0,4.0,SOFT,3.0,73.466,25.152,26.076,22.238,294.0,286.0,313.0,315.0,1,True,True,True,False,2026-08-21 11:24:31.131,,19.1,27.3,63.8,False,4.3,33.0
2026,12,Dutch Grand Prix,FP1,RUS,Mercedes,32.0,4.0,SOFT,4.0,133.781,45.041,53.481,35.259,157.0,68.0,294.0,221.0,1,True,False,True,False,2026-08-21 11:25:44.597,,19.0,27.6,63.4,False,0.9,43.0
2026,12,Dutch Grand Prix,FP1,RUS,Mercedes,33.0,4.0,SOFT,5.0,86.516,30.596,30.103,25.817,237.0,235.0,297.0,299.0,1,True,False,True,False,2026-08-21 11:27:58.378,,18.9,27.8,61.9,False,2.5,29.0
2026,12,Dutch Grand Prix,FP1,RUS,Mercedes,34.0,4.0,SOFT,6.0,73.074,25.043,25.794,22.237,292.0,284.0,313.0,319.0,1,True,True,True,False,2026-08-21 11:29:24.894,,18.9,27.6,61.5,False,2.2,39.0
2026,12,Dutch Grand Prix,FP1,RUS,Mercedes,35.0,4.0,SOFT,7.0,,42.508,48.167,81.189,133.0,154.0,134.0,216.0,12,True,False,False,False,2026-08-21 11:30:37.968,,18.9,28.0,62.3,False,2.7,32.0
2026,12,Dutch Grand Prix,FP1,RUS,Mercedes,36.0,4.0,SOFT,8.0,133.689,28.472,29.73,75.487,288.0,235.0,3.0,254.0,2,True,False,True,False,2026-08-21 11:33:29.910,,18.9,28.8,61.9,True,3.7,44.0
2026,12,Dutch Grand Prix,FP1,RUS,Mercedes,37.0,4.0,SOFT,9.0,95.385,29.454,27.916,38.015,261.0,277.0,,236.0,2,True,False,False,False,2026-08-21 11:35:43.599,,18.9,29.5,61.0,False,1.8,51.0
2026,12,Dutch Grand Prix,FP1,BOT,Cadillac,1.0,1.0,INTERMEDIATE,1.0,,,32.768,35.713,232.0,220.0,,,1,True,False,False,False,2026-08-21 10:36:14.229,,18.2,24.5,70.4,False,1.7,53.0
2026,12,Dutch Grand Prix,FP1,BOT,Cadillac,2.0,2.0,INTERMEDIATE,1.0,122.057,59.544,30.596,31.917,270.0,238.0,,,1,False,False,False,False,2026-08-21 10:37:53.971,,18.3,24.4,70.5,False,1.9,41.0
2026,12,Dutch Grand Prix,FP1,BOT,Cadillac,3.0,3.0,MEDIUM,1.0,,,33.619,27.011,255.0,216.0,316.0,,1,True,False,False,False,2026-08-21 10:39:56.028,,18.2,23.9,70.7,False,2.8,27.0
2026,12,Dutch Grand Prix,FP1,BOT,Cadillac,4.0,3.0,MEDIUM,2.0,79.88,27.567,28.635,23.678,262.0,257.0,307.0,251.0,1,True,True,True,False,2026-08-21 10:45:15.697,,18.0,22.9,70.1,False,2.1,32.0
2026,12,Dutch Grand Prix,FP1,BOT,Cadillac,5.0,3.0,MEDIUM,3.0,100.35,34.199,36.918,29.233,256.0,189.0,297.0,180.0,12,True,False,True,False,2026-08-21 10:46:35.577,,18.0,23.2,69.1,False,3.0,25.0
2026,12,Dutch Grand Prix,FP1,BOT,Cadillac,6.0,3.0,MEDIUM,4.0,78.748,27.105,28.168,23.475,284.0,279.0,283.0,250.0,1,True,True,True,False,2026-08-21 10:48:15.927,,18.0,23.6,69.7,False,1.3,26.0
2026,12,Dutch Grand Prix,FP1,BOT,Cadillac,7.0,3.0,MEDIUM,5.0,99.817,35.486,35.78,28.551,264.0,119.0,296.0,237.0,1,True,False,True,False,2026-08-21 10:49:34.675,,18.2,24.6,70.3,False,1.1,62.0
2026,12,Dutch Grand Prix,FP1,BOT,Cadillac,8.0,3.0,MEDIUM,6.0,77.742,26.789,27.878,23.075,287.0,282.0,301.0,277.0,1,True,True,True,False,2026-08-21 10:51:14.492,,18.3,24.9,69.8,False,1.2,35.0
2026,12,Dutch Grand Prix,FP1,BOT,Cadillac,9.0,3.0,MEDIUM,7.0,97.394,34.516,35.484,27.394,159.0,244.0,296.0,228.0,1,True,False,True,False,2026-08-21 10:52:32.234,,18.3,25.5,69.0,False,3.1,27.0
2026,12,Dutch Grand Prix,FP1,BOT,Cadillac,10.0,3.0,MEDIUM,8.0,77.148,26.639,27.412,23.097,287.0,281.0,303.0,281.0,1,True,True,True,False,2026-08-21 10:54:09.628,,18.4,26.8,68.6,True,1.1,42.0
2026,12,Dutch Grand Prix,FP1,BOT,Cadillac,11.0,3.0,MEDIUM,9.0,101.184,35.049,31.989,34.146,131.0,229.0,,236.0,12,True,False,False,False,2026-08-21 10:55:26.776,,18.5,26.6,68.7,False,2.4,20.0
2026,12,Dutch Grand Prix,FP1,BOT,Cadillac,12.0,4.0,MEDIUM,10.0,,,35.41,26.826999999999998,266.0,128.0,300.0,236.0,1,False,False,False,False,2026-08-21 10:57:07.960,,18.5,26.6,66.4,True,1.4,65.0
2026,12,Dutch Grand Prix,FP1,BOT,Cadillac,13.0,4.0,MEDIUM,11.0,76.9,26.419,27.175,23.306,288.0,283.0,307.0,297.0,1,False,True,True,False,2026-08-21 11:09:39.776,,19.3,28.3,62.0,True,2.1,20.0
2026,12,Dutch Grand Prix,FP1,BOT,Cadillac,14.0,4.0,MEDIUM,12.0,97.018,36.02,35.062,25.936,248.0,200.0,305.0,238.0,1,False,False,True,False,2026-08-21 11:10:56.676,,19.3,28.7,62.7,False,2.3,26.0
2026,12,Dutch Grand Prix,FP1,BOT,Cadillac,15.0,4.0,MEDIUM,13.0,96.363,30.268,39.497,26.598,277.0,163.0,300.0,253.0,1,False,False,True,False,2026-08-21 11:12:33.694,,19.2,29.6,62.1,False,3.0,34.0
2026,12,Dutch Grand Prix,FP1,BOT,Cadillac,16.0,4.0,MEDIUM,14.0,77.329,26.429,27.714,23.186,289.0,284.0,316.0,296.0,12,False,False,True,False,2026-08-21 11:14:10.057,,19.3,28.6,62.5,False,2.7,53.0
2026,12,Dutch Grand Prix,FP1,BOT,Cadillac,17.0,4.0,MEDIUM,15.0,85.896,28.966,32.881,24.049,230.0,242.0,316.0,253.0,1,False,False,True,False,2026-08-21 11:15:27.386,,19.3,28.1,62.4,True,2.3,31.0
2026,12,Dutch Grand Prix,FP1,BOT,Cadillac,18.0,4.0,MEDIUM,16.0,77.602,26.528,27.883,23.191,278.0,276.0,314.0,285.0,1,False,False,True,False,2026-08-21 11:16:53.282,,19.4,27.4,62.1,False,3.0,28.0
2026,12,Dutch Grand Prix,FP1,BOT,Cadillac,19.0,4.0,MEDIUM,17.0,84.492,26.701999999999998,28.263,29.527,279.0,266.0,,292.0,1,False,False,False,False,2026-08-21 11:18:10.884,,19.3,27.9,63.3,False,3.2,31.0
2026,12,Dutch Grand Prix,FP1,BOT,Cadillac,20.0,5.0,SOFT,1.0,,,29.685,28.055,276.0,245.0,296.0,292.0,1,True,False,False,False,2026-08-21 11:19:35.376,,19.3,26.8,63.9,False,3.0,28.0
2026,12,Dutch Grand Prix,FP1,BOT,Cadillac,21.0,5.0,SOFT,2.0,75.58,26.068,26.832,22.68,285.0,283.0,315.0,300.0,1,True,True,True,False,2026-08-21 11:23:55.154,,19.1,27.3,63.8,False,4.3,33.0
2026,12,Dutch Grand Prix,FP1,BOT,Cadillac,22.0,5.0,SOFT,3.0,97.94,31.618,32.972,33.35,262.0,221.0,302.0,258.0,1,True,False,True,False,2026-08-21 11:25:10.734,,19.0,27.1,62.6,False,3.2,33.0
2026,12,Dutch Grand Prix,FP1,BOT,Cadillac,23.0,5.0,SOFT,4.0,76.48,26.31,27.408,22.762,290.0,284.0,306.0,295.0,1,True,False,True,False,2026-08-21 11:26:48.674,,19.0,27.9,63.0,False,2.2,25.0
2026,12,Dutch Grand Prix,FP1,BOT,Cadillac,24.0,5.0,SOFT,5.0,102.997,34.368,36.498,32.131,220.0,183.0,301.0,234.0,1,True,False,True,False,2026-08-21 11:28:05.154,,18.9,27.8,61.9,False,2.5,29.0
2026,12,Dutch Grand Prix,FP1,BOT,Cadillac,25.0,5.0,SOFT,6.0,76.978,26.351,27.811,22.816,233.0,289.0,298.0,294.0,1,True,False,True,False,2026-08-21 11:29:48.151,,18.9,28.0,62.3,False,2.3,52.0
2026,12,Dutch Grand Prix,FP1,BOT,Cadillac,26.0,5.0,SOFT,7.0,147.002,37.813,32.65,76.539,177.0,198.0,158.0,191.0,12,True,False,True,False,2026-08-21 11:31:05.129,,18.9,28.0,62.3,False,2.7,32.0
2026,12,Dutch Grand Prix,FP1,BOT,Cadillac,27.0,5.0,SOFT,8.0,134.502,29.264,34.205,71.033,211.0,169.0,59.0,249.0,2,True,False,True,False,2026-08-21 11:33:32.131,,18.9,28.8,61.9,True,3.7,44.0
2026,12,Dutch Grand Prix,FP1,BOT,Cadillac,28.0,5.0,SOFT,9.0,95.849,29.251,28.811,37.787,262.0,280.0,,246.0,2,True,False,False,False,2026-08-21 11:35:46.633,,18.9,29.5,61.0,False,1.8,51.0
2026,12,Dutch Grand Prix,FP1,PIA,McLaren,1.0,1.0,INTERMEDIATE,1.0,,,35.129,36.636,231.0,223.0,,,1,True,False,False,False,2026-08-21 10:30:55.309,,18.1,25.8,72.8,False,1.3,29.0
2026,12,Dutch Grand Prix,FP1,PIA,McLaren,2.0,2.0,MEDIUM,1.0,120.304,62.278,31.471,26.555,260.0,235.0,285.0,,1,True,False,False,False,2026-08-21 10:32:41.370,,18.2,25.2,72.1,False,0.8,30.0
2026,12,Dutch Grand Prix,FP1,PIA,McLaren,3.0,2.0,MEDIUM,2.0,83.311,29.283,28.741,25.287,277.0,253.0,286.0,209.0,1,True,True,True,False,2026-08-21 10:34:41.674,,18.2,24.4,71.8,False,2.0,82.0
2026,12,Dutch Grand Prix,FP1,PIA,McLaren,4.0,2.0,MEDIUM,3.0,80.48,28.276,27.712,24.492,278.0,239.0,287.0,236.0,1,True,True,True,False,2026-08-21 10:36:04.985,,18.2,24.5,70.4,False,1.7,53.0
2026,12,Dutch Grand Prix,FP1,PIA,McLaren,5.0,2.0,MEDIUM,4.0,106.342,37.59,39.67,29.082,194.0,181.0,307.0,215.0,1,True,False,True,False,2026-08-21 10:37:25.465,,18.2,24.4,70.8,False,1.9,46.0
2026,12,Dutch Grand Prix,FP1,PIA,McLaren,6.0,2.0,MEDIUM,5.0,77.035,26.599,26.808,23.628,287.0,280.0,299.0,247.0,1,True,True,True,False,2026-08-21 10:39:11.807,,18.2,24.4,71.6,False,1.1,52.0
2026,12,Dutch Grand Prix,FP1,PIA,McLaren,7.0,2.0,MEDIUM,6.0,108.769,37.649,39.915,31.205,215.0,94.0,319.0,236.0,1,True,False,True,False,2026-08-21 10:40:28.842,,18.2,23.9,70.7,False,2.8,27.0
2026,12,Dutch Grand Prix,FP1,PIA,McLaren,8.0,2.0,MEDIUM,7.0,76.114,26.249,26.659,23.206,288.0,282.0,306.0,257.0,1,True,True,True,False,2026-08-21 10:42:17.611,,18.1,23.6,69.4,False,2.1,38.0
2026,12,Dutch Grand Prix,FP1,PIA,McLaren,9.0,2.0,MEDIUM,8.0,100.622,35.401,38.705,26.516,237.0,193.0,313.0,235.0,1,True,False,True,False,2026-08-21 10:43:33.725,,18.1,23.5,70.4,False,2.7,25.0
2026,12,Dutch Grand Prix,FP1,PIA,McLaren,10.0,2.0,MEDIUM,9.0,75.618,25.886,26.377,23.355,289.0,282.0,301.0,280.0,1,True,True,True,False,2026-08-21 10:45:14.347,,18.0,22.9,70.1,False,2.1,32.0
2026,12,Dutch Grand Prix,FP1,PIA,McLaren,11.0,2.0,MEDIUM,10.0,108.561,37.647,32.091,38.823,231.0,235.0,,264.0,12,True,False,False,False,2026-08-21 10:46:29.965,,18.0,22.8,70.3,False,4.0,29.0
2026,12,Dutch Grand Prix,FP1,PIA,McLaren,12.0,3.0,MEDIUM,11.0,,,29.713,25.739,251.0,235.0,310.0,264.0,12,False,False,False,False,2026-08-21 10:48:18.526,,18.0,23.6,69.7,False,1.3,26.0
2026,12,Dutch Grand Prix,FP1,PIA,McLaren,13.0,3.0,MEDIUM,12.0,89.965,28.397,30.694,30.874,241.0,232.0,310.0,273.0,1,False,False,True,False,2026-08-21 10:57:23.293,,18.5,26.6,66.4,True,1.4,65.0
2026,12,Dutch Grand Prix,FP1,PIA,McLaren,14.0,3.0,MEDIUM,13.0,75.279,25.658,26.459,23.162,290.0,279.0,304.0,283.0,1,False,True,True,False,2026-08-21 10:58:53.258,,18.7,26.1,67.4,True,1.8,20.0
2026,12,Dutch Grand Prix,FP1,PIA,McLaren,15.0,3.0,MEDIUM,14.0,103.1,34.232,40.616,28.252,181.0,98.0,311.0,243.0,1,False,False,True,False,2026-08-21 11:00:08.537,,18.9,26.6,66.1,False,1.1,44.0
2026,12,Dutch Grand Prix,FP1,PIA,McLaren,16.0,3.0,MEDIUM,15.0,75.216,26.015,26.288,22.913,287.0,281.0,299.0,291.0,1,False,True,True,False,2026-08-21 11:01:51.637,,19.0,28.0,64.4,False,3.2,23.0
2026,12,Dutch Grand Prix,FP1,PIA,McLaren,17.0,3.0,MEDIUM,16.0,88.148,29.572,33.563,25.013,272.0,254.0,273.0,260.0,1,False,False,True,False,2026-08-21 11:03:06.853,,19.1,27.6,62.5,False,2.0,62.0
2026,12,Dutch Grand Prix,FP1,PIA,McLaren,18.0,3.0,MEDIUM,17.0,76.51,26.643,26.862,23.005,275.0,275.0,309.0,271.0,1,False,False,True,False,2026-08-21 11:04:35.001,,19.2,29.4,63.3,False,1.9,16.0
2026,12,Dutch Grand Prix,FP1,PIA,McLaren,19.0,3.0,MEDIUM,18.0,76.195,26.204,26.766,23.225,276.0,278.0,319.0,288.0,1,False,False,True,False,2026-08-21 11:05:51.511,,19.3,30.7,63.2,False,0.5,29.0
2026,12,Dutch Grand Prix,FP1,PIA,McLaren,20.0,3.0,MEDIUM,19.0,76.763,26.076,27.38,23.307,276.0,283.0,338.0,295.0,1,False,False,True,False,2026-08-21 11:07:07.706,,19.4,29.9,62.9,False,3.9,35.0
2026,12,Dutch Grand Prix,FP1,PIA,McLaren,21.0,3.0,MEDIUM,20.0,77.184,26.772,27.164,23.248,275.0,275.0,317.0,300.0,1,False,False,True,False,2026-08-21 11:08:24.469,,19.4,28.0,61.0,True,2.8,26.0
2026,12,Dutch Grand Prix,FP1,PIA,McLaren,22.0,3.0,MEDIUM,21.0,76.566,26.166,27.246,23.154,277.0,279.0,320.0,296.0,1,False,False,True,False,2026-08-21 11:09:41.653,,19.3,28.3,62.0,True,2.1,20.0
2026,12,Dutch Grand Prix,FP1,PIA,McLaren,23.0,3.0,MEDIUM,22.0,76.682,26.293,27.178,23.211,276.0,276.0,315.0,298.0,1,False,False,True,False,2026-08-21 11:10:58.219,,19.3,28.7,62.7,False,2.3,26.0
2026,12,Dutch Grand Prix,FP1,PIA,McLaren,24.0,3.0,MEDIUM,23.0,81.293,26.047,27.15,28.096,278.0,281.0,,304.0,1,False,False,False,False,2026-08-21 11:12:14.901,,19.2,29.6,62.1,False,3.0,34.0
2026,12,Dutch Grand Prix,FP1,PIA,McLaren,25.0,4.0,SOFT,1.0,,,29.337,24.636,245.0,234.0,313.0,304.0,12,True,False,False,False,2026-08-21 11:13:36.194,,19.3,28.6,62.5,False,2.7,53.0
2026,12,Dutch Grand Prix,FP1,PIA,McLaren,26.0,4.0,SOFT,2.0,73.608,25.189,25.859,22.56,293.0,281.0,303.0,305.0,1,True,True,True,False,2026-08-21 11:19:53.361,,19.3,26.8,63.9,False,3.0,28.0
2026,12,Dutch Grand Prix,FP1,PIA,McLaren,27.0,4.0,SOFT,3.0,109.97,38.509,41.085,30.376,153.0,115.0,313.0,226.0,1,True,False,True,False,2026-08-21 11:21:06.969,,19.2,27.3,63.7,False,2.6,32.0
2026,12,Dutch Grand Prix,FP1,PIA,McLaren,28.0,4.0,SOFT,4.0,73.934,25.546,25.977,22.411,292.0,282.0,310.0,308.0,1,True,False,True,False,2026-08-21 11:22:56.939,,19.1,27.6,64.0,False,3.2,24.0
2026,12,Dutch Grand Prix,FP1,PIA,McLaren,29.0,4.0,SOFT,5.0,110.244,36.618,37.312,36.314,203.0,175.0,244.0,241.0,1,True,False,True,False,2026-08-21 11:24:10.873,,19.1,27.3,63.8,False,4.3,33.0
2026,12,Dutch Grand Prix,FP1,PIA,McLaren,30.0,4.0,SOFT,6.0,102.689,33.592,39.062,30.035,198.0,71.0,313.0,219.0,1,True,False,True,False,2026-08-21 11:26:01.117,,19.0,27.6,63.4,False,0.9,43.0
2026,12,Dutch Grand Prix,FP1,PIA,McLaren,31.0,4.0,SOFT,7.0,73.82,25.236,26.062,22.522,292.0,282.0,300.0,309.0,1,True,False,True,False,2026-08-21 11:27:43.806,,18.9,27.8,61.9,False,2.5,29.0
2026,12,Dutch Grand Prix,FP1,PIA,McLaren,32.0,4.0,SOFT,8.0,97.779,33.918,34.744,29.117,216.0,216.0,313.0,283.0,1,True,False,True,False,2026-08-21 11:28:57.626,,18.9,27.6,61.5,False,2.2,39.0
2026,12,Dutch Grand Prix,FP1,PIA,McLaren,33.0,4.0,SOFT,9.0,113.756,28.204,34.744,50.808,215.0,242.0,75.0,314.0,12,True,False,True,False,2026-08-21 11:30:35.405,,18.9,28.0,62.3,False,2.7,32.0
2026,12,Dutch Grand Prix,FP1,PIA,McLaren,34.0,4.0,SOFT,10.0,144.539,57.461,32.659,54.419,273.0,198.0,17.0,230.0,2,True,False,True,False,2026-08-21 11:32:29.161,,18.9,27.5,62.2,False,4.2,16.0
2026,12,Dutch Grand Prix,FP1,PIA,McLaren,35.0,4.0,SOFT,11.0,128.109,57.052,30.708,40.349,269.0,239.0,,240.0,2,True,False,False,False,2026-08-21 11:34:53.700,,18.9,29.9,62.1,False,3.6,44.0
2026,12,Dutch Grand Prix,FP1,BEA,Haas F1 Team,1.0,1.0,INTERMEDIATE,1.0,,,39.736,37.0,213.0,210.0,,,1,True,False,False,False,2026-08-21 10:31:19.796,,18.1,25.8,72.8,False,1.3,29.0
2026,12,Dutch Grand Prix,FP1,BEA,Haas F1 Team,2.0,2.0,MEDIUM,1.0,,,31.598,25.077,249.0,260.0,302.0,,1,True,False,False,False,2026-08-21 10:33:12.608,,18.2,25.2,72.1,False,0.8,30.0
2026,12,Dutch Grand Prix,FP1,BEA,Haas F1 Team,3.0,2.0,MEDIUM,2.0,86.866,28.174,32.736,25.956,244.0,242.0,294.0,245.0,1,True,True,True,False,2026-08-21 10:39:32.136,,18.2,24.4,71.6,False,1.1,52.0
2026,12,Dutch Grand Prix,FP1,BEA,Haas F1 Team,4.0,2.0,MEDIUM,3.0,78.101,26.894,27.836,23.371,286.0,281.0,309.0,271.0,1,True,True,True,False,2026-08-21 10:40:59.002,,18.2,23.5,70.8,False,3.6,18.0
2026,12,Dutch Grand Prix,FP1,BEA,Haas F1 Team,5.0,2.0,MEDIUM,4.0,132.549,52.486,50.334,29.729,118.0,159.0,296.0,184.0,1,True,False,True,False,2026-08-21 10:42:17.103,,18.1,23.6,69.4,False,2.1,38.0
2026,12,Dutch Grand Prix,FP1,BEA,Haas F1 Team,6.0,2.0,MEDIUM,5.0,76.957,26.619,27.306,23.032,286.0,282.0,311.0,268.0,1,True,True,True,False,2026-08-21 10:44:29.652,,18.1,22.7,69.9,False,3.5,22.0
2026,12,Dutch Grand Prix,FP1,BEA,Haas F1 Team,7.0,2.0,MEDIUM,6.0,138.951,56.076,53.142,29.733,113.0,174.0,295.0,202.0,12,True,False,True,False,2026-08-21 10:45:46.609,,18.0,22.8,70.3,False,4.0,29.0
2026,12,Dutch Grand Prix,FP1,BEA,Haas F1 Team,8.0,2.0,MEDIUM,7.0,106.423,32.84,39.625,33.958,178.0,156.0,296.0,271.0,1,True,False,True,False,2026-08-21 10:48:05.560,,18.0,23.6,69.7,False,1.3,26.0
2026,12,Dutch Grand Prix,FP1,BEA,Haas F1 Team,9.0,2.0,MEDIUM,8.0,76.869,26.639,27.17,23.06,287.0,284.0,303.0,280.0,1,True,True,True,False,2026-08-21 10:49:51.983,,18.2,24.6,70.3,False,1.1,62.0
2026,12,Dutch Grand Prix,FP1,BEA,Haas F1 Team,10.0,2.0,MEDIUM,9.0,115.832,46.063,41.23,28.539,150.0,243.0,305.0,199.0,1,True,False,True,False,2026-08-21 10:51:08.852,,18.3,24.9,69.8,False,1.2,35.0
2026,12,Dutch Grand Prix,FP1,BEA,Haas F1 Team,11.0,2.0,MEDIUM,10.0,76.455,26.289,27.15,23.016,290.0,286.0,310.0,289.0,1,True,True,True,False,2026-08-21 10:53:04.684,,18.3,25.7,66.8,False,0.9,40.0
2026,12,Dutch Grand Prix,FP1,BEA,Haas F1 Team,12.0,2.0,MEDIUM,11.0,111.822,35.801,41.273,34.748,192.0,167.0,,220.0,12,True,False,False,False,2026-08-21 10:54:21.139,,18.4,26.8,68.6,True,1.1,42.0
2026,12,Dutch Grand Prix,FP1,BEA,Haas F1 Team,13.0,3.0,MEDIUM,2.0,,,30.239,25.775,271.0,227.0,297.0,220.0,1,False,False,False,False,2026-08-21 10:56:12.961,,18.5,26.7,66.6,True,1.1,21.0
2026,12,Dutch Grand Prix,FP1,BEA,Haas F1 Team,14.0,3.0,MEDIUM,3.0,76.451,26.394,27.092,22.965,286.0,283.0,309.0,294.0,1,False,True,True,False,2026-08-21 11:03:01.058,,19.1,27.6,62.5,False,2.0,62.0
2026,12,Dutch Grand Prix,FP1,BEA,Haas F1 Team,15.0,3.0,MEDIUM,4.0,106.098,43.099,38.914,24.085,125.0,271.0,315.0,201.0,1,False,False,True,False,2026-08-21 11:04:17.509,,19.2,29.1,63.0,True,2.2,27.0
2026,12,Dutch Grand Prix,FP1,BEA,Haas F1 Team,16.0,3.0,MEDIUM,5.0,78.273,26.996,27.882,23.395,268.0,267.0,311.0,295.0,1,False,False,True,False,2026-08-21 11:06:03.607,,19.3,30.7,63.2,False,0.5,29.0
2026,12,Dutch Grand Prix,FP1,BEA,Haas F1 Team,17.0,3.0,MEDIUM,6.0,77.882,26.788,27.723,23.371,270.0,268.0,318.0,293.0,1,False,False,True,False,2026-08-21 11:07:21.880,,19.4,29.9,62.9,False,3.9,35.0
2026,12,Dutch Grand Prix,FP1,BEA,Haas F1 Team,18.0,3.0,MEDIUM,7.0,78.596,27.01,28.023,23.563,280.0,275.0,313.0,271.0,1,False,False,True,False,2026-08-21 11:08:39.762,,19.4,27.7,60.9,False,2.7,33.0
2026,12,Dutch Grand Prix,FP1,BEA,Haas F1 Team,19.0,3.0,MEDIUM,8.0,77.401,26.492,27.66,23.249,278.0,271.0,318.0,300.0,1,False,False,True,False,2026-08-21 11:09:58.358,,19.3,28.3,62.0,True,2.1,20.0
2026,12,Dutch Grand Prix,FP1,BEA,Haas F1 Team,20.0,3.0,MEDIUM,9.0,77.656,26.487,27.836,23.333,278.0,275.0,317.0,300.0,1,False,False,True,False,2026-08-21 11:11:15.759,,19.3,28.7,62.7,False,2.3,26.0
2026,12,Dutch Grand Prix,FP1,BEA,Haas F1 Team,21.0,3.0,MEDIUM,10.0,77.852,26.648,27.821,23.383,277.0,272.0,317.0,295.0,1,False,False,True,False,2026-08-21 11:12:33.415,,19.2,29.6,62.1,False,3.0,34.0
2026,12,Dutch Grand Prix,FP1,BEA,Haas F1 Team,22.0,3.0,MEDIUM,11.0,78.483,27.202,27.806,23.475,280.0,271.0,314.0,295.0,12,False,False,True,False,2026-08-21 11:13:51.267,,19.3,28.6,62.5,False,2.7,53.0
2026,12,Dutch Grand Prix,FP1,BEA,Haas F1 Team,23.0,3.0,MEDIUM,12.0,87.64,30.346,29.753,27.541,268.0,240.0,,243.0,1,False,False,False,False,2026-08-21 11:15:09.750,,19.3,28.1,62.4,True,2.3,31.0
2026,12,Dutch Grand Prix,FP1,BEA,Haas F1 Team,24.0,4.0,SOFT,1.0,,,33.419,27.931,274.0,232.0,300.0,243.0,1,True,False,False,False,2026-08-21 11:16:37.390,,19.4,27.4,62.1,False,3.0,28.0
2026,12,Dutch Grand Prix,FP1,BEA,Haas F1 Team,25.0,4.0,SOFT,2.0,74.874,25.852,26.576999999999998,22.445,288.0,284.0,315.0,302.0,1,True,True,True,False,2026-08-21 11:22:20.901,,19.1,27.8,63.3,True,4.0,25.0
2026,12,Dutch Grand Prix,FP1,BEA,Haas F1 Team,26.0,4.0,SOFT,3.0,128.145,48.373,46.458,33.314,136.0,153.0,256.0,192.0,1,True,False,True,False,2026-08-21 11:23:35.775,,19.1,27.3,63.8,False,4.3,33.0
2026,12,Dutch Grand Prix,FP1,BEA,Haas F1 Team,27.0,4.0,SOFT,4.0,99.319,36.528,37.311,25.48,186.0,234.0,300.0,166.0,1,True,False,True,False,2026-08-21 11:25:43.920,,19.0,27.6,63.4,False,0.9,43.0
2026,12,Dutch Grand Prix,FP1,BEA,Haas F1 Team,28.0,4.0,SOFT,5.0,74.888,25.842,26.525,22.521,289.0,287.0,310.0,302.0,1,True,False,True,False,2026-08-21 11:27:23.239,,19.0,27.9,63.0,False,2.2,25.0
2026,12,Dutch Grand Prix,FP1,BEA,Haas F1 Team,29.0,4.0,SOFT,6.0,95.827,34.752,33.536,27.539,209.0,196.0,262.0,261.0,1,True,False,True,False,2026-08-21 11:28:38.127,,18.9,27.6,61.5,False,2.2,39.0
2026,12,Dutch Grand Prix,FP1,BEA,Haas F1 Team,30.0,4.0,SOFT,7.0,104.308,29.87,30.726,43.712,266.0,234.0,83.0,250.0,12,True,False,True,False,2026-08-21 11:30:13.954,,18.9,28.0,62.3,False,2.3,52.0
2026,12,Dutch Grand Prix,FP1,BEA,Haas F1 Team,31.0,4.0,SOFT,8.0,144.985,53.048,30.067,61.87,287.0,240.0,116.0,222.0,2,True,False,True,False,2026-08-21 11:31:58.262,,18.9,27.5,62.2,False,4.2,16.0
2026,12,Dutch Grand Prix,FP1,BEA,Haas F1 Team,32.0,4.0,SOFT,9.0,95.814,29.533,28.219,38.062,248.0,263.0,,244.0,2,True,False,False,False,2026-08-21 11:34:23.247,,18.9,28.6,61.2,False,2.0,30.0
