season,round,event_name,session_code,driver,team,lap_number,stint,compound,tyre_life,lap_time_s,sector_1_s,sector_2_s,sector_3_s,speed_i1,speed_i2,speed_fl,speed_st,track_status,fresh_tyre,is_personal_best,is_accurate,deleted,lap_start_time,position,air_temp_c,track_temp_c,humidity_pct,rainfall,wind_speed_mps,wind_direction_deg
2026,16,Bahrain Grand Prix,FP2,NOR,McLaren,1.0,1.0,SOFT,1.0,,,40.9,56.953,234.0,123.0,259.0,100.0,1,True,False,False,False,2026-10-02 08:00:53.850,,33.7,60.1,47.4,False,1.1,216.0
2026,16,Bahrain Grand Prix,FP2,NOR,McLaren,2.0,1.0,SOFT,2.0,99.029,25.521,32.999,40.509,276.0,140.0,278.0,298.0,12,True,True,True,False,2026-10-02 08:03:28.327,,33.6,60.9,48.0,False,0.6,274.0
2026,16,Bahrain Grand Prix,FP2,NOR,McLaren,3.0,1.0,SOFT,3.0,,37.099,56.351,66.856,133.0,73.0,149.0,153.0,1,True,False,False,False,2026-10-02 08:05:07.356,,33.7,61.3,47.1,False,0.6,245.0
2026,16,Bahrain Grand Prix,FP2,NOR,McLaren,4.0,1.0,SOFT,4.0,,43.263,52.688,61.319,112.0,104.0,255.0,127.0,1,True,False,False,False,2026-10-02 08:07:47.670,,33.9,61.7,46.2,False,0.9,89.0
2026,16,Bahrain Grand Prix,FP2,NOR,McLaren,5.0,1.0,SOFT,5.0,99.457,25.666,32.989,40.802,280.0,139.0,272.0,304.0,1,True,False,True,False,2026-10-02 08:10:25.041,,33.9,61.0,46.5,False,0.7,109.0
2026,16,Bahrain Grand Prix,FP2,NOR,McLaren,6.0,1.0,SOFT,6.0,127.358,33.848,40.595,52.915,159.0,122.0,,239.0,1,True,False,False,False,2026-10-02 08:12:04.498,,33.7,58.7,47.0,False,0.3,190.0
2026,16,Bahrain Grand Prix,FP2,NOR,McLaren,7.0,2.0,SOFT,1.0,,,42.236,53.66,256.0,102.0,273.0,271.0,1,True,False,False,False,2026-10-02 08:14:11.856,,33.5,57.2,46.6,False,0.4,160.0
2026,16,Bahrain Grand Prix,FP2,NOR,McLaren,8.0,2.0,SOFT,2.0,97.665,25.208,32.47,39.987,288.0,142.0,272.0,305.0,1,True,True,True,False,2026-10-02 08:23:01.666,,33.6,58.5,49.7,False,0.4,13.0
2026,16,Bahrain Grand Prix,FP2,NOR,McLaren,9.0,2.0,SOFT,3.0,127.659,31.861,40.598,55.2,191.0,118.0,,277.0,1,True,False,False,False,2026-10-02 08:24:39.331,,33.8,58.1,47.2,False,1.2,87.0
2026,16,Bahrain Grand Prix,FP2,NOR,McLaren,10.0,3.0,SOFT,4.0,,,36.251,42.514,271.0,131.0,281.0,298.0,1,False,False,False,False,2026-10-02 08:26:46.990,,33.8,59.5,48.0,False,0.4,238.0
2026,16,Bahrain Grand Prix,FP2,NOR,McLaren,11.0,3.0,SOFT,5.0,104.283,26.277,35.582,42.424,274.0,132.0,282.0,300.0,1,False,False,True,False,2026-10-02 08:39:37.717,,32.9,54.1,49.4,False,0.9,106.0
2026,16,Bahrain Grand Prix,FP2,NOR,McLaren,12.0,3.0,SOFT,6.0,105.512,26.538,35.722,43.252,273.0,130.0,280.0,312.0,1,False,False,True,False,2026-10-02 08:41:22.000,,32.9,53.2,50.2,False,1.4,104.0
2026,16,Bahrain Grand Prix,FP2,NOR,McLaren,13.0,3.0,SOFT,7.0,104.989,26.724,35.592,42.673,274.0,130.0,279.0,307.0,1,False,False,True,False,2026-10-02 08:43:07.512,,32.9,53.3,49.7,False,1.3,105.0
2026,16,Bahrain Grand Prix,FP2,NOR,McLaren,14.0,3.0,SOFT,8.0,105.083,27.083,35.35,42.65,267.0,131.0,275.0,300.0,1,False,False,True,False,2026-10-02 08:44:52.501,,32.9,53.5,49.6,False,0.9,96.0
2026,16,Bahrain Grand Prix,FP2,NOR,McLaren,15.0,3.0,SOFT,9.0,105.032,27.172,35.109,42.751,271.0,127.0,274.0,300.0,1,False,False,True,False,2026-10-02 08:46:37.584,,32.9,52.7,49.5,False,0.7,93.0
2026,16,Bahrain Grand Prix,FP2,NOR,McLaren,16.0,3.0,SOFT,10.0,105.343,27.196,35.519,42.628,273.0,128.0,272.0,296.0,1,False,False,True,False,2026-10-02 08:48:22.616,,33.0,52.8,48.4,False,1.0,78.0
2026,16,Bahrain Grand Prix,FP2,NOR,McLaren,17.0,3.0,SOFT,11.0,105.252,27.225,35.446,42.581,274.0,128.0,276.0,297.0,1,False,False,True,False,2026-10-02 08:50:07.959,,33.1,53.2,48.5,False,0.6,341.0
2026,16,Bahrain Grand Prix,FP2,NOR,McLaren,18.0,3.0,SOFT,12.0,104.783,26.899,35.425,42.459,287.0,129.0,278.0,294.0,1,False,False,True,False,2026-10-02 08:51:53.211,,33.1,53.1,49.1,False,1.9,99.0
2026,16,Bahrain Grand Prix,FP2,NOR,McLaren,19.0,3.0,SOFT,13.0,104.881,26.837,35.354,42.69,283.0,129.0,281.0,293.0,1,False,False,True,False,2026-10-02 08:53:37.994,,33.1,53.6,48.5,False,0.5,90.0
2026,16,Bahrain Grand Prix,FP2,NOR,McLaren,20.0,3.0,SOFT,14.0,104.727,26.71,35.366,42.651,283.0,127.0,280.0,294.0,1,False,False,True,False,2026-10-02 08:55:22.875,,33.0,53.6,48.4,False,1.5,107.0
2026,16,Bahrain Grand Prix,FP2,NOR,McLaren,21.0,3.0,SOFT,15.0,135.924,26.826,42.494,66.604,281.0,125.0,,179.0,126,False,False,False,False,2026-10-02 08:57:07.602,,33.0,53.4,47.7,False,1.1,91.0
2026,16,Bahrain Grand Prix,FP2,NOR,McLaren,22.0,4.0,SOFT,7.0,143.24,53.51,46.834,42.896,260.0,129.0,282.0,265.0,6712,False,False,False,False,2026-10-02 08:59:23.526,,33.2,51.9,48.0,False,1.1,148.0
2026,16,Bahrain Grand Prix,FP2,NOR,McLaren,23.0,4.0,SOFT,8.0,,28.986,39.588,,227.0,125.0,3.0,212.0,1,False,False,False,False,2026-10-02 09:01:46.766,,33.0,52.8,47.7,False,0.0,0.0
2026,16,Bahrain Grand Prix,FP2,NOR,McLaren,24.0,4.0,SOFT,9.0,,28.979,38.792,91.859,272.0,116.0,3.0,179.0,1,False,False,False,False,2026-10-02 09:04:37.460,,33.1,52.6,47.5,False,0.8,89.0
2026,16,Bahrain Grand Prix,FP2,NOR,McLaren,25.0,4.0,SOFT,10.0,117.126,29.162,36.527,51.437,281.0,128.0,,275.0,1,False,False,False,False,2026-10-02 09:07:16.993,,33.0,51.9,46.9,False,1.1,103.0
2026,16,Bahrain Grand Prix,FP2,GAS,Alpine,1.0,1.0,SOFT,1.0,,,47.091,59.336,236.0,99.0,271.0,220.0,1,True,False,False,False,2026-10-02 08:00:30.728,,33.4,61.6,47.9,False,0.8,311.0
2026,16,Bahrain Grand Prix,FP2,GAS,Alpine,2.0,1.0,SOFT,2.0,98.677,25.284,33.142,40.251,289.0,135.0,275.0,312.0,12,True,True,True,False,2026-10-02 08:02:57.290,,33.6,60.9,48.0,False,0.6,274.0
2026,16,Bahrain Grand Prix,FP2,GAS,Alpine,3.0,1.0,SOFT,3.0,,39.633,57.586,70.829,127.0,89.0,,213.0,1,True,False,False,False,2026-10-02 08:04:35.967,,33.7,61.3,47.1,False,0.6,245.0
2026,16,Bahrain Grand Prix,FP2,GAS,Alpine,4.0,2.0,SOFT,4.0,,79.957,53.656,58.814,199.0,95.0,272.0,244.0,1,False,False,False,False,2026-10-02 08:07:24.120,,33.9,62.7,47.8,False,0.7,286.0
2026,16,Bahrain Grand Prix,FP2,GAS,Alpine,5.0,2.0,SOFT,5.0,108.143,25.623,33.83,48.69,285.0,138.0,,287.0,1,False,False,False,False,2026-10-02 08:10:36.569,,33.7,61.1,47.1,False,0.8,322.0
2026,16,Bahrain Grand Prix,FP2,GAS,Alpine,6.0,3.0,MEDIUM,1.0,,,49.151,57.224,245.0,102.0,271.0,249.0,1,True,False,False,False,2026-10-02 08:12:24.712,,33.7,58.7,47.0,False,0.3,190.0
2026,16,Bahrain Grand Prix,FP2,GAS,Alpine,7.0,3.0,MEDIUM,2.0,98.588,25.377,32.911,40.3,287.0,138.0,273.0,311.0,1,True,True,True,False,2026-10-02 08:17:44.324,,33.3,57.4,48.2,False,1.8,96.0
2026,16,Bahrain Grand Prix,FP2,GAS,Alpine,8.0,3.0,MEDIUM,3.0,,37.341,56.709,74.63,111.0,91.0,,158.0,1,True,False,False,False,2026-10-02 08:19:22.912,,33.4,57.7,47.6,False,0.5,345.0
2026,16,Bahrain Grand Prix,FP2,GAS,Alpine,9.0,4.0,MEDIUM,4.0,,50.402,57.077,56.82,161.0,67.0,271.0,256.0,1,False,False,False,False,2026-10-02 08:22:11.694,,33.5,58.4,47.5,False,1.6,311.0
2026,16,Bahrain Grand Prix,FP2,GAS,Alpine,10.0,4.0,MEDIUM,5.0,99.176,25.487,33.321,40.368,287.0,141.0,274.0,310.0,1,False,False,True,False,2026-10-02 08:24:55.933,,33.8,58.1,47.2,False,1.2,87.0
2026,16,Bahrain Grand Prix,FP2,GAS,Alpine,11.0,4.0,MEDIUM,6.0,127.327,29.725,43.474,54.128,245.0,117.0,,240.0,1,False,False,False,False,2026-10-02 08:26:35.109,,33.9,58.9,46.6,False,0.9,344.0
2026,16,Bahrain Grand Prix,FP2,GAS,Alpine,12.0,5.0,MEDIUM,7.0,,,38.004,43.44,266.0,123.0,282.0,294.0,1,False,False,False,False,2026-10-02 08:28:42.436,,33.6,59.5,49.2,False,0.8,266.0
2026,16,Bahrain Grand Prix,FP2,GAS,Alpine,13.0,5.0,MEDIUM,8.0,104.099,26.509,35.21,42.38,272.0,134.0,284.0,301.0,1,False,False,True,False,2026-10-02 08:35:42.664,,33.4,55.0,48.9,False,1.3,92.0
2026,16,Bahrain Grand Prix,FP2,GAS,Alpine,14.0,5.0,MEDIUM,9.0,104.571,26.557,35.486,42.528,271.0,131.0,282.0,302.0,1,False,False,True,False,2026-10-02 08:37:26.763,,33.1,54.7,49.4,False,1.3,78.0
2026,16,Bahrain Grand Prix,FP2,GAS,Alpine,15.0,5.0,MEDIUM,10.0,105.283,26.721,35.539,43.023,265.0,130.0,282.0,300.0,1,False,False,True,False,2026-10-02 08:39:11.334,,32.9,53.5,50.0,False,0.5,149.0
2026,16,Bahrain Grand Prix,FP2,GAS,Alpine,16.0,5.0,MEDIUM,11.0,105.874,26.798000000000002,35.875,43.201,269.0,123.0,281.0,302.0,1,False,False,True,False,2026-10-02 08:40:56.617,,32.9,53.2,50.2,False,1.4,104.0
2026,16,Bahrain Grand Prix,FP2,GAS,Alpine,17.0,5.0,MEDIUM,12.0,108.044,27.045,37.303,43.696,279.0,126.0,281.0,300.0,1,False,False,True,False,2026-10-02 08:42:42.491,,32.9,53.3,49.7,False,1.3,105.0
2026,16,Bahrain Grand Prix,FP2,GAS,Alpine,18.0,5.0,MEDIUM,13.0,106.074,27.172,35.817,43.085,268.0,127.0,282.0,295.0,1,False,False,True,False,2026-10-02 08:44:30.535,,32.9,53.0,49.7,False,1.8,107.0
2026,16,Bahrain Grand Prix,FP2,GAS,Alpine,19.0,5.0,MEDIUM,14.0,106.056,27.026,35.924,43.106,268.0,126.0,280.0,300.0,1,False,False,True,False,2026-10-02 08:46:16.609,,32.9,52.7,49.5,False,0.7,93.0
2026,16,Bahrain Grand Prix,FP2,GAS,Alpine,20.0,5.0,MEDIUM,15.0,105.986,26.824,35.839,43.323,275.0,129.0,280.0,299.0,1,False,False,True,False,2026-10-02 08:48:02.665,,33.0,52.8,48.4,False,1.0,78.0
2026,16,Bahrain Grand Prix,FP2,GAS,Alpine,21.0,5.0,MEDIUM,16.0,106.572,27.237,36.118,43.217,281.0,126.0,282.0,298.0,1,False,False,True,False,2026-10-02 08:49:48.651,,33.1,53.2,48.5,False,0.6,341.0
2026,16,Bahrain Grand Prix,FP2,GAS,Alpine,22.0,5.0,MEDIUM,17.0,106.565,27.167,36.293,43.105,274.0,127.0,283.0,304.0,1,False,False,True,False,2026-10-02 08:51:35.223,,33.1,53.2,48.8,False,1.5,98.0
2026,16,Bahrain Grand Prix,FP2,GAS,Alpine,23.0,5.0,MEDIUM,18.0,113.82,27.229,36.304,50.287,268.0,126.0,,295.0,1,False,False,False,False,2026-10-02 08:53:21.788,,33.1,52.9,47.9,False,2.1,106.0
2026,16,Bahrain Grand Prix,FP2,GAS,Alpine,24.0,6.0,SOFT,6.0,127.951,48.03,35.649,44.272,272.0,133.0,285.0,289.0,1,False,False,False,False,2026-10-02 08:55:15.608,,33.0,53.6,48.4,False,1.5,107.0
2026,16,Bahrain Grand Prix,FP2,GAS,Alpine,25.0,6.0,SOFT,7.0,144.677,26.701,55.416,62.56,272.0,96.0,213.0,167.0,1267,False,False,False,False,2026-10-02 08:57:23.559,,33.0,53.4,47.7,False,1.1,91.0
2026,16,Bahrain Grand Prix,FP2,GAS,Alpine,26.0,6.0,SOFT,8.0,114.74,27.977,44.021,42.742,284.0,129.0,285.0,304.0,712,False,False,False,False,2026-10-02 08:59:48.236,,33.1,51.9,48.0,False,1.1,148.0
2026,16,Bahrain Grand Prix,FP2,GAS,Alpine,27.0,6.0,SOFT,9.0,149.366,26.395,39.621,83.35,269.0,104.0,5.0,257.0,1,False,False,True,False,2026-10-02 09:01:42.976,,33.0,52.8,47.7,False,0.0,0.0
2026,16,Bahrain Grand Prix,FP2,GAS,Alpine,28.0,6.0,SOFT,10.0,,30.568,42.315,86.798,261.0,103.0,4.0,205.0,1,False,False,False,False,2026-10-02 09:04:12.342,,33.0,53.2,47.9,False,1.7,101.0
2026,16,Bahrain Grand Prix,FP2,GAS,Alpine,29.0,6.0,SOFT,11.0,120.789,29.437,36.224,55.128,263.0,120.0,,266.0,1,False,False,False,False,2026-10-02 09:06:52.019,,33.0,51.9,46.9,False,1.1,103.0
2026,16,Bahrain Grand Prix,FP2,PER,Cadillac,1.0,1.0,SOFT,1.0,,,40.908,56.923,181.0,111.0,272.0,102.0,1,True,False,False,False,2026-10-02 08:01:00.027,,33.7,60.1,47.4,False,1.1,216.0
2026,16,Bahrain Grand Prix,FP2,PER,Cadillac,2.0,1.0,SOFT,2.0,130.627,26.102,42.895,61.63,281.0,50.0,272.0,142.0,12,True,True,True,False,2026-10-02 08:03:29.410,,33.6,60.9,48.0,False,0.6,274.0
2026,16,Bahrain Grand Prix,FP2,PER,Cadillac,3.0,1.0,SOFT,3.0,101.611,25.967,34.263,41.381,281.0,136.0,271.0,325.0,1,True,True,True,False,2026-10-02 08:05:40.037,,33.8,62.4,47.5,False,0.7,254.0
2026,16,Bahrain Grand Prix,FP2,PER,Cadillac,4.0,1.0,SOFT,4.0,,39.942,54.653,65.265,99.0,90.0,,218.0,1,True,False,False,False,2026-10-02 08:07:21.648,,33.9,62.7,47.8,False,0.7,286.0
2026,16,Bahrain Grand Prix,FP2,PER,Cadillac,5.0,2.0,SOFT,1.0,,,42.635,49.311,232.0,106.0,269.0,262.0,1,True,False,False,False,2026-10-02 08:10:01.729,,33.9,61.0,46.5,False,0.7,109.0
2026,16,Bahrain Grand Prix,FP2,PER,Cadillac,6.0,2.0,SOFT,2.0,100.938,25.805,33.999,41.134,282.0,139.0,265.0,324.0,1,True,True,True,False,2026-10-02 08:17:00.214,,33.3,57.5,48.2,False,1.1,73.0
2026,16,Bahrain Grand Prix,FP2,PER,Cadillac,7.0,2.0,SOFT,3.0,,34.294,48.908,71.324,158.0,90.0,,247.0,1,True,False,False,False,2026-10-02 08:18:41.152,,33.4,57.7,47.6,False,0.5,345.0
2026,16,Bahrain Grand Prix,FP2,PER,Cadillac,8.0,3.0,SOFT,4.0,,72.381,50.439,52.286,188.0,90.0,270.0,266.0,1,False,False,False,False,2026-10-02 08:21:15.785,,33.4,57.9,47.1,False,1.6,352.0
2026,16,Bahrain Grand Prix,FP2,PER,Cadillac,9.0,3.0,SOFT,5.0,101.266,26.056,34.019,41.191,280.0,137.0,275.0,323.0,1,False,False,True,False,2026-10-02 08:24:10.844,,33.8,58.2,48.6,False,2.0,137.0
2026,16,Bahrain Grand Prix,FP2,PER,Cadillac,10.0,3.0,SOFT,6.0,119.671,30.767,37.787,51.117,231.0,129.0,,262.0,1,False,False,False,False,2026-10-02 08:25:52.110,,33.9,58.9,46.6,False,0.9,344.0
2026,16,Bahrain Grand Prix,FP2,PER,Cadillac,11.0,4.0,SOFT,7.0,,,37.022,43.021,258.0,129.0,277.0,316.0,1,False,False,False,False,2026-10-02 08:27:51.781,,33.7,57.3,48.8,False,1.1,252.0
2026,16,Bahrain Grand Prix,FP2,PER,Cadillac,12.0,4.0,SOFT,8.0,106.117,26.701,36.144,43.272,274.0,128.0,277.0,302.0,1,False,False,True,False,2026-10-02 08:35:11.770,,33.6,55.6,49.0,False,1.2,32.0
2026,16,Bahrain Grand Prix,FP2,PER,Cadillac,13.0,4.0,SOFT,9.0,107.192,27.062,36.529,43.601,273.0,128.0,276.0,303.0,1,False,False,True,False,2026-10-02 08:36:57.887,,33.1,54.7,49.4,False,1.3,78.0
2026,16,Bahrain Grand Prix,FP2,PER,Cadillac,14.0,4.0,SOFT,10.0,108.559,27.454,37.338,43.767,273.0,127.0,278.0,311.0,1,False,False,True,False,2026-10-02 08:38:45.079,,32.9,53.5,50.0,False,0.5,149.0
2026,16,Bahrain Grand Prix,FP2,PER,Cadillac,15.0,4.0,SOFT,11.0,107.797,27.228,36.794,43.775,274.0,126.0,277.0,310.0,1,False,False,True,False,2026-10-02 08:40:33.638,,32.9,54.1,49.4,False,0.9,106.0
2026,16,Bahrain Grand Prix,FP2,PER,Cadillac,16.0,4.0,SOFT,12.0,108.702,27.726,37.161,43.815,266.0,128.0,277.0,310.0,1,False,False,True,False,2026-10-02 08:42:21.435,,32.9,53.7,49.9,False,1.4,327.0
2026,16,Bahrain Grand Prix,FP2,PER,Cadillac,17.0,4.0,SOFT,13.0,110.343,27.669,38.002,44.672,271.0,123.0,279.0,312.0,1,False,False,True,False,2026-10-02 08:44:10.137,,32.9,53.0,49.7,False,1.8,107.0
2026,16,Bahrain Grand Prix,FP2,PER,Cadillac,18.0,4.0,SOFT,14.0,109.131,27.544,37.371,44.216,270.0,124.0,278.0,313.0,1,False,False,True,False,2026-10-02 08:46:00.480,,32.9,52.7,49.5,False,0.7,93.0
2026,16,Bahrain Grand Prix,FP2,PER,Cadillac,19.0,4.0,SOFT,15.0,108.915,27.578,37.201,44.136,272.0,125.0,278.0,309.0,1,False,False,True,False,2026-10-02 08:47:49.611,,33.0,52.8,48.4,False,1.0,78.0
2026,16,Bahrain Grand Prix,FP2,PER,Cadillac,20.0,4.0,SOFT,16.0,109.205,27.649,37.392,44.164,273.0,127.0,277.0,307.0,1,False,False,True,False,2026-10-02 08:49:38.526,,33.1,53.2,48.5,False,0.6,341.0
2026,16,Bahrain Grand Prix,FP2,PER,Cadillac,21.0,4.0,SOFT,17.0,109.971,27.931,37.529,44.511,271.0,118.0,277.0,303.0,1,False,False,True,False,2026-10-02 08:51:27.731,,33.1,53.2,48.8,False,1.5,98.0
2026,16,Bahrain Grand Prix,FP2,PER,Cadillac,22.0,4.0,SOFT,18.0,109.6,27.649,37.422,44.529,268.0,125.0,278.0,310.0,1,False,False,True,False,2026-10-02 08:53:17.702,,33.1,52.9,47.9,False,2.1,106.0
2026,16,Bahrain Grand Prix,FP2,PER,Cadillac,23.0,4.0,SOFT,19.0,109.849,27.884,37.378,44.587,272.0,122.0,281.0,314.0,1,False,False,True,False,2026-10-02 08:55:07.302,,33.0,53.6,48.4,False,1.5,107.0
2026,16,Bahrain Grand Prix,FP2,PER,Cadillac,24.0,4.0,SOFT,20.0,145.373,28.053,43.966,73.354,273.0,104.0,,129.0,126,False,False,False,False,2026-10-02 08:56:57.151,,33.0,53.4,47.7,False,1.1,91.0
2026,16,Bahrain Grand Prix,FP2,PER,Cadillac,25.0,5.0,SOFT,5.0,134.57,50.52,40.857,43.193,281.0,133.0,277.0,324.0,6712,False,False,False,False,2026-10-02 08:59:22.524,,33.2,51.9,48.0,False,1.1,148.0
2026,16,Bahrain Grand Prix,FP2,PER,Cadillac,26.0,5.0,SOFT,6.0,,33.301,49.684,89.497,168.0,100.0,86.0,209.0,1,False,False,False,False,2026-10-02 09:01:37.094,,33.0,52.8,47.7,False,0.0,0.0
2026,16,Bahrain Grand Prix,FP2,PER,Cadillac,27.0,5.0,SOFT,7.0,145.982,28.772,41.282,75.928,238.0,124.0,78.0,208.0,1,False,False,True,False,2026-10-02 09:04:29.643,,33.0,53.2,47.9,False,1.7,101.0
2026,16,Bahrain Grand Prix,FP2,PER,Cadillac,28.0,5.0,SOFT,8.0,126.263,28.316,41.253,56.694,273.0,95.0,,246.0,1,False,False,False,False,2026-10-02 09:06:55.625,,33.0,51.9,46.9,False,1.1,103.0
2026,16,Bahrain Grand Prix,FP2,ANT,Mercedes,1.0,1.0,MEDIUM,1.0,,,48.107,59.472,207.0,88.0,262.0,163.0,1,True,False,False,False,2026-10-02 08:01:32.351,,33.7,60.1,47.4,False,1.1,216.0
2026,16,Bahrain Grand Prix,FP2,ANT,Mercedes,2.0,1.0,MEDIUM,2.0,98.06,25.413,32.451,40.196,280.0,139.0,269.0,304.0,12,True,True,True,False,2026-10-02 08:04:00.309,,33.7,61.8,48.0,False,0.9,254.0
2026,16,Bahrain Grand Prix,FP2,ANT,Mercedes,3.0,1.0,MEDIUM,3.0,,37.612,59.189,74.329,140.0,84.0,,162.0,1,True,False,False,False,2026-10-02 08:05:38.369,,33.8,62.4,47.5,False,0.7,254.0
2026,16,Bahrain Grand Prix,FP2,ANT,Mercedes,4.0,2.0,MEDIUM,4.0,,77.87,54.928,56.067,171.0,98.0,265.0,241.0,1,False,False,False,False,2026-10-02 08:08:29.605,,33.9,61.7,46.2,False,0.9,89.0
2026,16,Bahrain Grand Prix,FP2,ANT,Mercedes,5.0,2.0,MEDIUM,5.0,108.601,25.664,32.635,50.302,280.0,137.0,,285.0,1,False,False,False,False,2026-10-02 08:11:38.438,,33.7,58.7,47.0,False,0.3,190.0
2026,16,Bahrain Grand Prix,FP2,ANT,Mercedes,6.0,3.0,SOFT,1.0,,,54.712,51.915,166.0,102.0,269.0,265.0,1,True,False,False,False,2026-10-02 08:13:27.039,,33.6,58.7,47.0,False,0.3,190.0
2026,16,Bahrain Grand Prix,FP2,ANT,Mercedes,7.0,3.0,SOFT,2.0,98.125,25.498,32.264,40.363,286.0,143.0,270.0,306.0,1,True,False,True,False,2026-10-02 08:17:35.387,,33.3,57.5,48.2,False,1.1,73.0
2026,16,Bahrain Grand Prix,FP2,ANT,Mercedes,8.0,3.0,SOFT,3.0,142.023,34.755,51.533,55.735,189.0,104.0,,267.0,1,True,False,False,False,2026-10-02 08:19:13.512,,33.4,57.7,47.6,False,0.5,345.0
2026,16,Bahrain Grand Prix,FP2,ANT,Mercedes,9.0,4.0,SOFT,4.0,,,35.549,44.798,276.0,132.0,278.0,273.0,1,False,False,False,False,2026-10-02 08:21:35.535,,33.4,57.9,47.1,False,1.6,352.0
2026,16,Bahrain Grand Prix,FP2,ANT,Mercedes,10.0,4.0,SOFT,5.0,104.034,26.569,35.157,42.308,269.0,135.0,278.0,294.0,1,False,False,True,False,2026-10-02 08:28:25.949,,33.7,57.3,48.8,False,1.1,252.0
2026,16,Bahrain Grand Prix,FP2,ANT,Mercedes,11.0,4.0,SOFT,6.0,103.964,26.416,35.226,42.322,271.0,131.0,280.0,294.0,1,False,False,True,False,2026-10-02 08:30:09.983,,33.7,58.3,48.4,False,1.0,172.0
2026,16,Bahrain Grand Prix,FP2,ANT,Mercedes,12.0,4.0,SOFT,7.0,104.297,26.773,35.054,42.47,269.0,131.0,280.0,293.0,1,False,False,True,False,2026-10-02 08:31:53.947,,33.6,57.2,47.9,False,0.6,345.0
2026,16,Bahrain Grand Prix,FP2,ANT,Mercedes,13.0,4.0,SOFT,8.0,104.34,26.55,35.198,42.592,269.0,132.0,281.0,294.0,1,False,False,True,False,2026-10-02 08:33:38.244,,33.6,0.0,48.7,False,1.3,123.0
2026,16,Bahrain Grand Prix,FP2,ANT,Mercedes,14.0,4.0,SOFT,9.0,108.455,26.698,35.233,46.524,276.0,129.0,264.0,264.0,1,False,False,True,False,2026-10-02 08:35:22.584,,33.6,55.6,49.0,False,1.2,32.0
2026,16,Bahrain Grand Prix,FP2,ANT,Mercedes,15.0,4.0,SOFT,10.0,105.703,27.164,35.519,43.02,272.0,127.0,278.0,290.0,1,False,False,True,False,2026-10-02 08:37:11.039,,33.1,54.7,49.4,False,1.3,78.0
2026,16,Bahrain Grand Prix,FP2,ANT,Mercedes,16.0,4.0,SOFT,11.0,105.239,26.81,35.439,42.99,271.0,128.0,280.0,292.0,1,False,False,True,False,2026-10-02 08:38:56.742,,32.9,53.5,50.0,False,0.5,149.0
2026,16,Bahrain Grand Prix,FP2,ANT,Mercedes,17.0,4.0,SOFT,12.0,111.841,27.074,35.427,49.34,270.0,125.0,,294.0,1,False,False,False,False,2026-10-02 08:40:41.981,,32.9,53.2,50.2,False,1.4,104.0
2026,16,Bahrain Grand Prix,FP2,ANT,Mercedes,18.0,5.0,MEDIUM,6.0,135.723,52.355,36.118,47.25,266.0,136.0,280.0,278.0,1,False,False,False,False,2026-10-02 08:42:33.822,,32.9,53.7,49.9,False,1.4,327.0
2026,16,Bahrain Grand Prix,FP2,ANT,Mercedes,19.0,5.0,MEDIUM,7.0,103.455,26.305,34.852,42.298,269.0,131.0,279.0,294.0,1,False,False,True,False,2026-10-02 08:44:49.545,,32.9,53.5,49.6,False,0.9,96.0
2026,16,Bahrain Grand Prix,FP2,ANT,Mercedes,20.0,5.0,MEDIUM,8.0,103.985,26.632,35.099,42.254,267.0,131.0,283.0,295.0,1,False,False,True,False,2026-10-02 08:46:33.000,,32.9,52.7,49.5,False,0.7,93.0
2026,16,Bahrain Grand Prix,FP2,ANT,Mercedes,21.0,5.0,MEDIUM,9.0,104.795,26.798000000000002,35.282,42.715,271.0,129.0,285.0,304.0,1,False,False,True,False,2026-10-02 08:48:16.985,,33.0,52.8,48.4,False,1.0,78.0
2026,16,Bahrain Grand Prix,FP2,ANT,Mercedes,22.0,5.0,MEDIUM,10.0,104.908,26.595,35.786,42.527,295.0,128.0,281.0,299.0,1,False,False,True,False,2026-10-02 08:50:01.780,,33.1,53.2,48.5,False,0.6,341.0
2026,16,Bahrain Grand Prix,FP2,ANT,Mercedes,23.0,5.0,MEDIUM,11.0,104.555,26.836,35.227,42.492,265.0,129.0,281.0,298.0,1,False,False,True,False,2026-10-02 08:51:46.688,,33.1,53.1,49.1,False,1.9,99.0
2026,16,Bahrain Grand Prix,FP2,ANT,Mercedes,24.0,5.0,MEDIUM,12.0,111.015,26.727,35.142,49.146,269.0,127.0,,297.0,1,False,False,False,False,2026-10-02 08:53:31.243,,33.1,52.9,47.9,False,2.1,106.0
2026,16,Bahrain Grand Prix,FP2,ANT,Mercedes,25.0,6.0,SOFT,13.0,,,45.564,45.908,190.0,127.0,272.0,295.0,1267,False,False,False,False,2026-10-02 08:55:22.258,,33.0,53.6,48.4,False,1.5,107.0
2026,16,Bahrain Grand Prix,FP2,ANT,Mercedes,26.0,6.0,SOFT,14.0,,32.15,43.686,,197.0,113.0,3.0,241.0,21,False,False,False,False,2026-10-02 09:01:28.134,,33.1,51.7,47.4,False,1.6,96.0
2026,16,Bahrain Grand Prix,FP2,ANT,Mercedes,27.0,6.0,SOFT,15.0,135.598,29.996,43.019,62.583,271.0,106.0,38.0,208.0,1,False,False,True,False,2026-10-02 09:04:27.940,,33.0,53.2,47.9,False,1.7,101.0
2026,16,Bahrain Grand Prix,FP2,ANT,Mercedes,28.0,6.0,SOFT,16.0,145.701,55.4,35.944,54.357,274.0,129.0,,274.0,1,False,False,False,False,2026-10-02 09:06:43.538,,33.0,51.9,46.9,False,1.1,103.0
2026,16,Bahrain Grand Prix,FP2,ALO,Aston Martin,1.0,1.0,MEDIUM,1.0,,,49.293,58.307,267.0,90.0,254.0,240.0,1,True,False,False,False,2026-10-02 08:01:02.951,,33.7,60.1,47.4,False,1.1,216.0
2026,16,Bahrain Grand Prix,FP2,ALO,Aston Martin,2.0,1.0,MEDIUM,2.0,99.981,25.556,33.529,40.896,278.0,144.0,253.0,306.0,12,True,True,True,False,2026-10-02 08:03:39.825,,33.7,61.8,48.0,False,0.9,254.0
2026,16,Bahrain Grand Prix,FP2,ALO,Aston Martin,3.0,1.0,MEDIUM,3.0,,46.467,55.934,62.42,94.0,85.0,250.0,235.0,1,True,False,False,False,2026-10-02 08:05:19.806,,33.7,61.3,47.1,False,0.6,245.0
2026,16,Bahrain Grand Prix,FP2,ALO,Aston Martin,4.0,1.0,MEDIUM,4.0,,26.058,46.016,85.266,279.0,76.0,243.0,212.0,1,True,False,False,False,2026-10-02 08:08:04.616,,33.9,61.7,46.2,False,0.9,89.0
2026,16,Bahrain Grand Prix,FP2,ALO,Aston Martin,5.0,1.0,MEDIUM,5.0,101.053,25.898,33.878,41.277,280.0,143.0,254.0,303.0,1,True,False,True,False,2026-10-02 08:10:41.974,,33.7,61.1,47.1,False,0.8,322.0
2026,16,Bahrain Grand Prix,FP2,ALO,Aston Martin,6.0,1.0,MEDIUM,6.0,115.188,28.122,35.593,51.473,243.0,126.0,,243.0,1,True,False,False,False,2026-10-02 08:12:23.027,,33.7,58.7,47.0,False,0.3,190.0
2026,16,Bahrain Grand Prix,FP2,ALO,Aston Martin,7.0,2.0,SOFT,1.0,,,47.575,57.667,250.0,89.0,252.0,182.0,1,True,False,False,False,2026-10-02 08:14:18.215,,33.5,57.2,46.6,False,0.4,160.0
2026,16,Bahrain Grand Prix,FP2,ALO,Aston Martin,8.0,2.0,SOFT,2.0,99.478,25.669,33.252,40.557,281.0,143.0,255.0,305.0,1,True,True,True,False,2026-10-02 08:20:02.466,,33.4,57.8,47.4,False,0.9,62.0
2026,16,Bahrain Grand Prix,FP2,ALO,Aston Martin,9.0,2.0,SOFT,3.0,,41.176,58.552,68.072,128.0,79.0,,255.0,1,True,False,False,False,2026-10-02 08:21:41.944,,33.5,58.4,47.5,False,1.6,311.0
2026,16,Bahrain Grand Prix,FP2,ALO,Aston Martin,10.0,3.0,SOFT,4.0,,67.543,58.061,57.15,148.0,86.0,255.0,262.0,1,False,False,False,False,2026-10-02 08:24:29.874,,33.8,58.2,48.6,False,2.0,137.0
2026,16,Bahrain Grand Prix,FP2,ALO,Aston Martin,11.0,3.0,SOFT,5.0,99.603,25.8,33.219,40.584,281.0,143.0,254.0,302.0,1,False,False,True,False,2026-10-02 08:27:32.554,,33.8,59.5,48.0,False,0.4,238.0
2026,16,Bahrain Grand Prix,FP2,ALO,Aston Martin,12.0,3.0,SOFT,6.0,129.952,31.08,41.765,57.107,211.0,100.0,,248.0,1,False,False,False,False,2026-10-02 08:29:12.157,,33.6,59.5,49.2,False,0.8,266.0
2026,16,Bahrain Grand Prix,FP2,ALO,Aston Martin,13.0,4.0,SOFT,7.0,,,36.902,43.081,237.0,131.0,276.0,308.0,1,False,False,False,False,2026-10-02 08:31:22.109,,33.6,57.5,48.4,False,0.8,307.0
2026,16,Bahrain Grand Prix,FP2,ALO,Aston Martin,14.0,4.0,SOFT,8.0,105.648,26.818,36.001,42.829,268.0,135.0,275.0,285.0,1,False,False,True,False,2026-10-02 08:38:37.547,,32.9,53.5,50.0,False,0.5,149.0
2026,16,Bahrain Grand Prix,FP2,ALO,Aston Martin,15.0,4.0,SOFT,9.0,105.911,26.809,35.806,43.296,266.0,133.0,274.0,282.0,1,False,False,True,False,2026-10-02 08:40:23.195,,32.9,54.1,49.4,False,0.9,106.0
2026,16,Bahrain Grand Prix,FP2,ALO,Aston Martin,16.0,4.0,SOFT,10.0,106.818,27.395,36.389,43.034,265.0,133.0,278.0,290.0,1,False,False,True,False,2026-10-02 08:42:09.106,,32.9,53.7,49.9,False,1.4,327.0
2026,16,Bahrain Grand Prix,FP2,ALO,Aston Martin,17.0,4.0,SOFT,11.0,105.533,26.76,35.858,42.915,271.0,133.0,277.0,292.0,1,False,False,True,False,2026-10-02 08:43:55.924,,32.9,53.0,49.7,False,1.8,107.0
2026,16,Bahrain Grand Prix,FP2,ALO,Aston Martin,18.0,4.0,SOFT,12.0,106.038,26.947,35.99,43.101,269.0,132.0,277.0,293.0,1,False,False,True,False,2026-10-02 08:45:41.457,,32.9,52.7,49.5,False,0.7,93.0
2026,16,Bahrain Grand Prix,FP2,ALO,Aston Martin,19.0,4.0,SOFT,13.0,106.611,26.927,36.316,43.368,269.0,131.0,280.0,297.0,1,False,False,True,False,2026-10-02 08:47:27.495,,32.9,52.7,49.5,False,0.7,93.0
2026,16,Bahrain Grand Prix,FP2,ALO,Aston Martin,20.0,4.0,SOFT,14.0,106.763,26.998,36.802,42.963,271.0,130.0,275.0,322.0,1,False,False,True,False,2026-10-02 08:49:14.106,,33.1,53.1,48.4,False,1.6,106.0
2026,16,Bahrain Grand Prix,FP2,ALO,Aston Martin,21.0,4.0,SOFT,15.0,109.964,27.322,38.609,44.033,279.0,129.0,276.0,289.0,1,False,False,True,False,2026-10-02 08:51:00.869,,33.1,53.2,48.8,False,1.5,98.0
2026,16,Bahrain Grand Prix,FP2,ALO,Aston Martin,22.0,4.0,SOFT,16.0,114.46,27.437,36.664,50.359,268.0,129.0,,292.0,1,False,False,False,False,2026-10-02 08:52:50.833,,33.1,52.9,47.9,False,2.1,106.0
2026,16,Bahrain Grand Prix,FP2,ALO,Aston Martin,23.0,5.0,MEDIUM,7.0,124.84,46.744,35.385,42.711,263.0,134.0,278.0,284.0,1,False,False,False,False,2026-10-02 08:54:45.293,,33.0,53.6,48.4,False,1.5,107.0
2026,16,Bahrain Grand Prix,FP2,ALO,Aston Martin,24.0,5.0,MEDIUM,8.0,145.979,26.695,44.581,74.703,269.0,114.0,166.0,129.0,126,False,False,False,False,2026-10-02 08:56:50.133,,33.0,53.4,47.7,False,1.1,91.0
2026,16,Bahrain Grand Prix,FP2,ALO,Aston Martin,25.0,5.0,MEDIUM,9.0,120.895,31.293,45.857,43.745,206.0,126.0,283.0,301.0,6712,False,False,False,False,2026-10-02 08:59:16.112,,33.2,51.9,48.0,False,1.1,148.0
2026,16,Bahrain Grand Prix,FP2,ALO,Aston Martin,26.0,5.0,MEDIUM,10.0,147.644,26.341,39.362,81.941,295.0,116.0,4.0,161.0,21,False,False,True,False,2026-10-02 09:01:17.007,,33.1,51.7,47.4,False,1.6,96.0
2026,16,Bahrain Grand Prix,FP2,ALO,Aston Martin,27.0,5.0,MEDIUM,11.0,133.525,30.968,38.459,64.098,186.0,124.0,39.0,189.0,1,False,False,True,False,2026-10-02 09:03:44.651,,33.0,53.2,47.9,False,1.7,101.0
2026,16,Bahrain Grand Prix,FP2,ALO,Aston Martin,28.0,5.0,MEDIUM,12.0,123.715,31.448,37.803,54.464,223.0,116.0,,232.0,1,False,False,False,False,2026-10-02 09:05:58.176,,33.1,51.7,47.3,False,2.2,103.0
2026,16,Bahrain Grand Prix,FP2,LEC,Ferrari,1.0,1.0,MEDIUM,1.0,,,45.787,56.265,214.0,103.0,273.0,233.0,1,True,False,False,False,2026-10-02 08:01:35.276,,33.7,60.1,47.4,False,1.1,216.0
2026,16,Bahrain Grand Prix,FP2,LEC,Ferrari,2.0,1.0,MEDIUM,2.0,98.039,25.296,32.312,40.431,286.0,142.0,270.0,306.0,12,True,True,True,False,2026-10-02 08:04:05.495,,33.7,61.8,48.0,False,0.9,254.0
2026,16,Bahrain Grand Prix,FP2,LEC,Ferrari,3.0,1.0,MEDIUM,3.0,,38.377,61.129,70.855,132.0,78.0,272.0,227.0,1,True,False,False,False,2026-10-02 08:05:43.534,,33.8,62.4,47.5,False,0.7,254.0
2026,16,Bahrain Grand Prix,FP2,LEC,Ferrari,4.0,1.0,MEDIUM,4.0,132.58,25.651,44.234,62.695,285.0,91.0,272.0,206.0,1,True,False,True,False,2026-10-02 08:08:33.978,,33.9,61.7,46.2,False,0.9,89.0
2026,16,Bahrain Grand Prix,FP2,LEC,Ferrari,5.0,1.0,MEDIUM,5.0,99.447,25.36,32.787,41.3,287.0,137.0,262.0,318.0,1,True,False,True,False,2026-10-02 08:10:46.558,,33.7,61.1,47.1,False,0.8,322.0
2026,16,Bahrain Grand Prix,FP2,LEC,Ferrari,6.0,1.0,MEDIUM,6.0,136.437,31.778,43.297,61.362,216.0,112.0,,178.0,1,True,False,False,False,2026-10-02 08:12:26.005,,33.7,58.7,47.0,False,0.3,190.0
2026,16,Bahrain Grand Prix,FP2,LEC,Ferrari,7.0,2.0,SOFT,1.0,,,42.507,54.463,195.0,107.0,266.0,263.0,1,True,False,False,False,2026-10-02 08:14:42.442,,33.4,57.1,47.6,False,0.4,155.0
2026,16,Bahrain Grand Prix,FP2,LEC,Ferrari,8.0,2.0,SOFT,2.0,137.519,34.047,53.486,49.986,189.0,95.0,272.0,259.0,1,True,False,True,False,2026-10-02 08:20:09.019,,33.4,57.8,47.4,False,0.9,62.0
2026,16,Bahrain Grand Prix,FP2,LEC,Ferrari,9.0,2.0,SOFT,3.0,97.528,25.371,32.266,39.891,286.0,143.0,272.0,301.0,1,True,True,True,False,2026-10-02 08:22:26.538,,33.5,58.4,47.5,False,1.6,311.0
2026,16,Bahrain Grand Prix,FP2,LEC,Ferrari,10.0,2.0,SOFT,4.0,138.586,35.274,52.071,51.241,138.0,113.0,,267.0,1,True,False,False,False,2026-10-02 08:24:04.066,,33.8,58.2,48.6,False,2.0,137.0
2026,16,Bahrain Grand Prix,FP2,LEC,Ferrari,11.0,3.0,SOFT,5.0,,,35.753,48.613,276.0,124.0,277.0,186.0,1,False,False,False,False,2026-10-02 08:26:22.652,,33.9,58.9,46.6,False,0.9,344.0
2026,16,Bahrain Grand Prix,FP2,LEC,Ferrari,12.0,3.0,SOFT,6.0,103.055,26.053,35.02,41.982,279.0,129.0,278.0,310.0,1,False,False,True,False,2026-10-02 08:34:16.322,,33.6,0.0,48.7,False,1.3,123.0
2026,16,Bahrain Grand Prix,FP2,LEC,Ferrari,13.0,3.0,SOFT,7.0,104.535,26.396,35.242,42.897,275.0,127.0,283.0,309.0,1,False,False,True,False,2026-10-02 08:35:59.377,,33.4,55.0,48.9,False,1.3,92.0
2026,16,Bahrain Grand Prix,FP2,LEC,Ferrari,14.0,3.0,SOFT,8.0,104.223,26.452,35.207,42.564,268.0,129.0,277.0,300.0,1,False,False,True,False,2026-10-02 08:37:43.912,,33.0,53.3,49.6,False,1.8,111.0
2026,16,Bahrain Grand Prix,FP2,LEC,Ferrari,15.0,3.0,SOFT,9.0,104.545,26.527,35.173,42.845,271.0,128.0,276.0,293.0,1,False,False,True,False,2026-10-02 08:39:28.135,,32.9,53.5,50.0,False,0.5,149.0
2026,16,Bahrain Grand Prix,FP2,LEC,Ferrari,16.0,3.0,SOFT,10.0,104.752,26.68,35.174,42.898,275.0,127.0,278.0,295.0,1,False,False,True,False,2026-10-02 08:41:12.680,,32.9,53.2,50.2,False,1.4,104.0
2026,16,Bahrain Grand Prix,FP2,LEC,Ferrari,17.0,3.0,SOFT,11.0,104.785,26.71,35.143,42.932,274.0,126.0,278.0,296.0,1,False,False,True,False,2026-10-02 08:42:57.432,,32.9,53.3,49.7,False,1.3,105.0
2026,16,Bahrain Grand Prix,FP2,LEC,Ferrari,18.0,3.0,SOFT,12.0,105.449,26.83,35.354,43.265,276.0,126.0,283.0,292.0,1,False,False,True,False,2026-10-02 08:44:42.217,,32.9,53.5,49.6,False,0.9,96.0
2026,16,Bahrain Grand Prix,FP2,LEC,Ferrari,19.0,3.0,SOFT,13.0,108.296,26.958,35.871,45.467,271.0,125.0,280.0,268.0,1,False,False,True,False,2026-10-02 08:46:27.666,,32.9,52.7,49.5,False,0.7,93.0
2026,16,Bahrain Grand Prix,FP2,LEC,Ferrari,20.0,3.0,SOFT,14.0,105.311,26.735,35.574,43.002,277.0,126.0,279.0,308.0,1,False,False,True,False,2026-10-02 08:48:15.962,,33.0,52.8,48.4,False,1.0,78.0
2026,16,Bahrain Grand Prix,FP2,LEC,Ferrari,21.0,3.0,SOFT,15.0,113.198,27.055,36.617,49.526,276.0,125.0,,313.0,1,False,False,False,False,2026-10-02 08:50:01.273,,33.1,53.2,48.5,False,0.6,341.0
2026,16,Bahrain Grand Prix,FP2,LEC,Ferrari,22.0,4.0,MEDIUM,7.0,126.431,48.364,35.496,42.571,278.0,129.0,281.0,315.0,1,False,False,False,False,2026-10-02 08:51:54.471,,33.1,53.1,49.1,False,1.9,99.0
2026,16,Bahrain Grand Prix,FP2,LEC,Ferrari,23.0,4.0,MEDIUM,8.0,103.604,26.329,34.92,42.355,277.0,128.0,283.0,302.0,1,False,False,True,False,2026-10-02 08:54:00.902,,33.1,53.6,48.5,False,0.5,90.0
2026,16,Bahrain Grand Prix,FP2,LEC,Ferrari,24.0,4.0,MEDIUM,9.0,103.525,26.229,35.101,42.195,309.0,128.0,279.0,310.0,12,False,False,True,False,2026-10-02 08:55:44.506,,33.0,53.7,48.5,False,0.0,0.0
2026,16,Bahrain Grand Prix,FP2,LEC,Ferrari,25.0,4.0,MEDIUM,10.0,149.3,26.834,60.259,62.207,251.0,102.0,184.0,186.0,2671,False,False,False,False,2026-10-02 08:57:28.031,,33.0,53.4,47.7,False,1.1,91.0
2026,16,Bahrain Grand Prix,FP2,LEC,Ferrari,26.0,4.0,MEDIUM,11.0,125.331,28.189,50.441,46.701,279.0,111.0,271.0,259.0,12,False,False,True,False,2026-10-02 08:59:57.331,,33.1,51.9,48.0,False,1.1,148.0
2026,16,Bahrain Grand Prix,FP2,LEC,Ferrari,27.0,4.0,MEDIUM,12.0,,33.789,49.189,,162.0,109.0,149.0,174.0,1,False,False,False,False,2026-10-02 09:02:02.662,,33.0,52.8,47.7,False,0.0,0.0
2026,16,Bahrain Grand Prix,FP2,LEC,Ferrari,28.0,4.0,MEDIUM,13.0,,30.246,49.179,89.445,164.0,109.0,158.0,182.0,1,False,False,False,False,2026-10-02 09:05:05.991,,33.1,52.6,47.5,False,0.8,89.0
2026,16,Bahrain Grand Prix,FP2,LEC,Ferrari,29.0,4.0,MEDIUM,14.0,112.139,27.401,35.031,49.707,280.0,129.0,,249.0,1,False,False,False,False,2026-10-02 09:07:54.781,,33.0,51.6,46.5,False,1.1,99.0
2026,16,Bahrain Grand Prix,FP2,STR,Aston Martin,1.0,1.0,MEDIUM,1.0,,,45.41,58.437,239.0,95.0,254.0,221.0,1,True,False,False,False,2026-10-02 08:00:48.994,,33.7,60.1,47.4,False,1.1,216.0
2026,16,Bahrain Grand Prix,FP2,STR,Aston Martin,2.0,1.0,MEDIUM,2.0,101.929,25.8,33.418,42.711,280.0,140.0,252.0,301.0,12,True,True,True,False,2026-10-02 08:03:14.932,,33.6,60.9,48.0,False,0.6,274.0
2026,16,Bahrain Grand Prix,FP2,STR,Aston Martin,3.0,1.0,MEDIUM,3.0,,43.609,68.828,68.24,97.0,85.0,254.0,168.0,1,True,False,False,False,2026-10-02 08:04:56.861,,33.7,61.3,47.1,False,0.6,245.0
2026,16,Bahrain Grand Prix,FP2,STR,Aston Martin,4.0,1.0,MEDIUM,4.0,,37.413,52.613,63.769,163.0,91.0,248.0,76.0,1,True,False,False,False,2026-10-02 08:07:57.629,,33.9,61.7,46.2,False,0.9,89.0
2026,16,Bahrain Grand Prix,FP2,STR,Aston Martin,5.0,1.0,MEDIUM,5.0,128.828,25.974,35.701,67.153,276.0,102.0,,257.0,1,True,False,False,False,2026-10-02 08:10:31.393,,33.9,61.0,46.5,False,0.7,109.0
2026,16,Bahrain Grand Prix,FP2,STR,Aston Martin,6.0,2.0,SOFT,1.0,,,56.037,63.715,209.0,87.0,255.0,182.0,1,True,False,False,False,2026-10-02 08:12:40.221,,33.6,58.7,47.0,False,0.3,190.0
2026,16,Bahrain Grand Prix,FP2,STR,Aston Martin,7.0,2.0,SOFT,2.0,100.15,25.919,33.559,40.672,278.0,142.0,254.0,302.0,1,True,True,True,False,2026-10-02 08:20:19.607,,33.4,57.8,47.4,False,0.9,62.0
2026,16,Bahrain Grand Prix,FP2,STR,Aston Martin,8.0,2.0,SOFT,3.0,,41.41,61.734,76.678,117.0,86.0,,157.0,1,True,False,False,False,2026-10-02 08:21:59.757,,33.5,58.4,47.5,False,1.6,311.0
2026,16,Bahrain Grand Prix,FP2,STR,Aston Martin,9.0,3.0,SOFT,4.0,,90.748,48.375,59.213,176.0,96.0,249.0,167.0,1,False,False,False,False,2026-10-02 08:24:59.689,,33.8,58.1,47.2,False,1.2,87.0
2026,16,Bahrain Grand Prix,FP2,STR,Aston Martin,10.0,3.0,SOFT,5.0,100.458,26.107,33.678,40.673,277.0,140.0,256.0,303.0,1,False,False,True,False,2026-10-02 08:28:17.980,,33.7,57.3,48.8,False,1.1,252.0
2026,16,Bahrain Grand Prix,FP2,STR,Aston Martin,11.0,3.0,SOFT,6.0,127.702,29.909,41.448,56.345,232.0,107.0,,267.0,1,False,False,False,False,2026-10-02 08:29:58.438,,33.7,58.3,48.4,False,1.0,172.0
2026,16,Bahrain Grand Prix,FP2,STR,Aston Martin,12.0,4.0,SOFT,7.0,,,36.151,42.838,256.0,128.0,276.0,285.0,1,False,False,False,False,2026-10-02 08:32:06.140,,33.6,57.2,47.9,False,0.6,345.0
2026,16,Bahrain Grand Prix,FP2,STR,Aston Martin,13.0,4.0,SOFT,8.0,106.348,26.719,36.274,43.355,269.0,130.0,272.0,280.0,1,False,False,True,False,2026-10-02 08:39:03.067,,32.9,53.5,50.0,False,0.5,149.0
2026,16,Bahrain Grand Prix,FP2,STR,Aston Martin,14.0,4.0,SOFT,9.0,106.314,26.933,36.07,43.311,269.0,130.0,274.0,285.0,1,False,False,True,False,2026-10-02 08:40:49.415,,32.9,53.2,50.2,False,1.4,104.0
2026,16,Bahrain Grand Prix,FP2,STR,Aston Martin,15.0,4.0,SOFT,10.0,107.305,27.001,36.913,43.391,266.0,126.0,274.0,283.0,1,False,False,True,False,2026-10-02 08:42:35.729,,32.9,53.7,49.9,False,1.4,327.0
2026,16,Bahrain Grand Prix,FP2,STR,Aston Martin,16.0,4.0,SOFT,11.0,107.01,27.045,36.473,43.492,268.0,131.0,273.0,285.0,1,False,False,True,False,2026-10-02 08:44:23.034,,32.9,53.0,49.7,False,1.8,107.0
2026,16,Bahrain Grand Prix,FP2,STR,Aston Martin,17.0,4.0,SOFT,12.0,107.79,27.243,36.462,44.085,267.0,130.0,274.0,282.0,1,False,False,True,False,2026-10-02 08:46:10.044,,32.9,52.7,49.5,False,0.7,93.0
2026,16,Bahrain Grand Prix,FP2,STR,Aston Martin,18.0,4.0,SOFT,13.0,114.639,27.277,36.624,50.738,266.0,128.0,,284.0,1,False,False,False,False,2026-10-02 08:47:57.834,,33.0,52.8,48.4,False,1.0,78.0
2026,16,Bahrain Grand Prix,FP2,STR,Aston Martin,19.0,5.0,MEDIUM,6.0,129.838,51.582,35.727,42.529,269.0,134.0,275.0,288.0,1,False,False,False,False,2026-10-02 08:49:52.473,,33.1,53.2,48.5,False,0.6,341.0
2026,16,Bahrain Grand Prix,FP2,STR,Aston Martin,20.0,5.0,MEDIUM,7.0,105.629,26.711,35.908,43.01,269.0,130.0,274.0,285.0,1,False,False,True,False,2026-10-02 08:52:02.311,,33.1,53.1,49.1,False,1.9,99.0
2026,16,Bahrain Grand Prix,FP2,STR,Aston Martin,21.0,5.0,MEDIUM,8.0,106.137,27.017,36.005,43.115,270.0,128.0,276.0,287.0,1,False,False,True,False,2026-10-02 08:53:47.940,,33.1,53.6,48.5,False,0.5,90.0
2026,16,Bahrain Grand Prix,FP2,STR,Aston Martin,22.0,5.0,MEDIUM,9.0,106.134,26.809,35.866,43.459,271.0,128.0,275.0,288.0,1,False,False,True,False,2026-10-02 08:55:34.077,,33.0,53.6,48.4,False,1.5,107.0
2026,16,Bahrain Grand Prix,FP2,STR,Aston Martin,23.0,5.0,MEDIUM,10.0,137.243,26.989,54.715,55.539,274.0,98.0,199.0,197.0,126,False,False,False,False,2026-10-02 08:57:20.211,,33.0,53.4,47.7,False,1.1,91.0
2026,16,Bahrain Grand Prix,FP2,STR,Aston Martin,24.0,5.0,MEDIUM,11.0,120.004,30.965,44.974,44.065,266.0,127.0,276.0,286.0,6712,False,False,False,False,2026-10-02 08:59:37.454,,33.1,51.9,48.0,False,1.1,148.0
2026,16,Bahrain Grand Prix,FP2,STR,Aston Martin,25.0,5.0,MEDIUM,12.0,,28.83,44.956,88.934,229.0,108.0,56.0,214.0,1,False,False,False,False,2026-10-02 09:01:37.458,,33.0,52.8,47.7,False,0.0,0.0
2026,16,Bahrain Grand Prix,FP2,STR,Aston Martin,26.0,5.0,MEDIUM,13.0,134.749,31.482,39.977,63.29,247.0,108.0,,211.0,1,False,False,False,False,2026-10-02 09:04:20.229,,33.0,53.2,47.9,False,1.7,101.0
2026,16,Bahrain Grand Prix,FP2,ALB,Williams,1.0,1.0,MEDIUM,1.0,,,42.123,52.289,225.0,115.0,267.0,233.0,1,True,False,False,False,2026-10-02 08:00:34.118,,33.4,61.6,47.9,False,0.8,311.0
2026,16,Bahrain Grand Prix,FP2,ALB,Williams,2.0,1.0,MEDIUM,2.0,100.247,25.521,33.695,41.031,285.0,143.0,266.0,305.0,12,True,True,True,False,2026-10-02 08:02:51.104,,33.6,60.9,48.0,False,0.6,274.0
2026,16,Bahrain Grand Prix,FP2,ALB,Williams,3.0,1.0,MEDIUM,3.0,,39.642,60.675,62.619,137.0,91.0,193.0,240.0,1,True,False,False,False,2026-10-02 08:04:31.351,,33.7,61.8,48.0,False,0.9,254.0
2026,16,Bahrain Grand Prix,FP2,ALB,Williams,4.0,1.0,MEDIUM,4.0,141.34,32.531,52.21,56.599,232.0,87.0,267.0,240.0,1,True,False,True,False,2026-10-02 08:07:14.316,,33.9,62.7,47.8,False,0.7,286.0
2026,16,Bahrain Grand Prix,FP2,ALB,Williams,5.0,1.0,MEDIUM,5.0,101.64,25.904,34.109,41.627,284.0,137.0,260.0,311.0,1,True,False,True,False,2026-10-02 08:09:35.656,,33.9,61.0,46.5,False,0.7,109.0
2026,16,Bahrain Grand Prix,FP2,ALB,Williams,6.0,1.0,MEDIUM,6.0,140.466,31.128,43.105,66.233,228.0,110.0,,205.0,1,True,False,False,False,2026-10-02 08:11:17.296,,33.7,61.1,47.1,False,0.8,322.0
2026,16,Bahrain Grand Prix,FP2,ALB,Williams,7.0,2.0,SOFT,1.0,,55.087,43.362,53.617,282.0,110.0,269.0,236.0,1,True,False,False,False,2026-10-02 08:13:37.762,,33.5,57.2,46.6,False,0.4,160.0
2026,16,Bahrain Grand Prix,FP2,ALB,Williams,8.0,2.0,SOFT,2.0,135.922,25.729,52.751,57.442,290.0,101.0,271.0,229.0,1,True,False,True,False,2026-10-02 08:16:09.731,,33.3,57.6,48.7,False,0.8,97.0
2026,16,Bahrain Grand Prix,FP2,ALB,Williams,9.0,2.0,SOFT,3.0,100.221,25.582,33.633,41.006,288.0,140.0,261.0,317.0,1,True,True,True,False,2026-10-02 08:18:25.653,,33.3,57.4,48.2,False,1.8,96.0
2026,16,Bahrain Grand Prix,FP2,ALB,Williams,10.0,2.0,SOFT,4.0,,40.202,53.053,64.975,169.0,112.0,,236.0,1,True,False,False,False,2026-10-02 08:20:05.874,,33.4,57.8,47.4,False,0.9,62.0
2026,16,Bahrain Grand Prix,FP2,ALB,Williams,11.0,3.0,MEDIUM,7.0,,,37.352,49.601,231.0,131.0,,302.0,1,False,False,False,False,2026-10-02 08:22:44.247,,33.6,58.5,49.7,False,0.4,13.0
2026,16,Bahrain Grand Prix,FP2,ALB,Williams,12.0,4.0,SOFT,5.0,128.909,49.556,36.802,42.551,263.0,130.0,285.0,308.0,1,False,False,False,False,2026-10-02 08:31:25.174,,33.6,57.5,48.4,False,0.8,307.0
2026,16,Bahrain Grand Prix,FP2,ALB,Williams,13.0,4.0,SOFT,6.0,105.098,26.466,36.069,42.563,268.0,134.0,285.0,303.0,1,False,False,True,False,2026-10-02 08:33:34.083,,33.6,56.2,48.7,False,0.9,131.0
2026,16,Bahrain Grand Prix,FP2,ALB,Williams,14.0,4.0,SOFT,7.0,105.698,26.656,35.989,43.053,276.0,129.0,281.0,302.0,1,False,False,True,False,2026-10-02 08:35:19.181,,33.6,55.6,49.0,False,1.2,32.0
2026,16,Bahrain Grand Prix,FP2,ALB,Williams,15.0,4.0,SOFT,8.0,106.382,26.899,36.418,43.065,267.0,134.0,273.0,300.0,1,False,False,True,False,2026-10-02 08:37:04.879,,33.1,54.7,49.4,False,1.3,78.0
2026,16,Bahrain Grand Prix,FP2,ALB,Williams,16.0,4.0,SOFT,9.0,107.337,27.369,36.412,43.556,267.0,131.0,282.0,294.0,1,False,False,True,False,2026-10-02 08:38:51.261,,32.9,53.5,50.0,False,0.5,149.0
2026,16,Bahrain Grand Prix,FP2,ALB,Williams,17.0,4.0,SOFT,10.0,112.142,27.094,39.927,45.121,272.0,112.0,276.0,289.0,1,False,False,True,False,2026-10-02 08:40:38.598,,32.9,53.2,50.2,False,1.4,104.0
2026,16,Bahrain Grand Prix,FP2,ALB,Williams,18.0,4.0,SOFT,11.0,107.683,27.331,36.471,43.881,264.0,131.0,279.0,286.0,1,False,False,True,False,2026-10-02 08:42:30.740,,32.9,53.7,49.9,False,1.4,327.0
2026,16,Bahrain Grand Prix,FP2,ALB,Williams,19.0,4.0,SOFT,12.0,107.578,27.262,36.473,43.843,266.0,130.0,280.0,289.0,1,False,False,True,False,2026-10-02 08:44:18.423,,32.9,53.0,49.7,False,1.8,107.0
2026,16,Bahrain Grand Prix,FP2,ALB,Williams,20.0,4.0,SOFT,13.0,107.76,27.189,36.607,43.964,268.0,130.0,282.0,290.0,1,False,False,True,False,2026-10-02 08:46:06.001,,32.9,52.7,49.5,False,0.7,93.0
2026,16,Bahrain Grand Prix,FP2,ALB,Williams,21.0,4.0,SOFT,14.0,107.371,26.995,36.718,43.658,270.0,128.0,282.0,294.0,1,False,False,True,False,2026-10-02 08:47:53.761,,33.0,52.8,48.4,False,1.0,78.0
2026,16,Bahrain Grand Prix,FP2,ALB,Williams,22.0,4.0,SOFT,15.0,108.346,27.053,37.189,44.104,268.0,128.0,282.0,289.0,1,False,False,True,False,2026-10-02 08:49:41.132,,33.1,53.2,48.5,False,0.6,341.0
2026,16,Bahrain Grand Prix,FP2,ALB,Williams,23.0,4.0,SOFT,16.0,115.359,27.052,37.612,50.695,273.0,128.0,,286.0,1,False,False,False,False,2026-10-02 08:51:29.478,,33.1,53.2,48.8,False,1.5,98.0
2026,16,Bahrain Grand Prix,FP2,ALB,Williams,24.0,5.0,MEDIUM,8.0,127.366,47.975,36.131,43.26,278.0,131.0,282.0,289.0,1,False,False,False,False,2026-10-02 08:53:24.837,,33.1,52.9,47.9,False,2.1,106.0
2026,16,Bahrain Grand Prix,FP2,ALB,Williams,25.0,5.0,MEDIUM,9.0,105.521,26.37,36.009,43.142,273.0,132.0,283.0,291.0,1,False,False,True,False,2026-10-02 08:55:32.203,,33.0,53.6,48.4,False,1.5,107.0
2026,16,Bahrain Grand Prix,FP2,ALB,Williams,26.0,5.0,MEDIUM,10.0,131.937,26.455,51.695,53.787,273.0,115.0,219.0,204.0,126,False,False,False,False,2026-10-02 08:57:17.724,,33.0,53.4,47.7,False,1.1,91.0
2026,16,Bahrain Grand Prix,FP2,ALB,Williams,27.0,5.0,MEDIUM,11.0,116.831,29.98,43.294,43.557,277.0,131.0,282.0,296.0,6712,False,False,False,False,2026-10-02 08:59:29.661,,33.2,51.9,48.0,False,1.1,148.0
2026,16,Bahrain Grand Prix,FP2,ALB,Williams,28.0,5.0,MEDIUM,12.0,,26.578,36.269,90.807,282.0,130.0,66.0,185.0,21,False,False,False,False,2026-10-02 09:01:26.492,,33.1,51.7,47.4,False,1.6,96.0
2026,16,Bahrain Grand Prix,FP2,ALB,Williams,29.0,5.0,MEDIUM,13.0,,31.094,38.27,82.17,259.0,129.0,55.0,215.0,1,False,False,False,False,2026-10-02 09:04:00.126,,33.0,53.2,47.9,False,1.7,101.0
2026,16,Bahrain Grand Prix,FP2,ALB,Williams,30.0,5.0,MEDIUM,14.0,115.739,28.946,36.382,50.411,273.0,132.0,,295.0,1,False,False,False,False,2026-10-02 09:06:31.733,,33.1,51.7,47.3,False,2.2,103.0
2026,16,Bahrain Grand Prix,FP2,HUL,Audi,1.0,1.0,MEDIUM,1.0,,,45.776,51.394,224.0,79.0,271.0,253.0,1,True,False,False,False,2026-10-02 08:00:16.524,,33.4,61.6,47.9,False,0.8,311.0
2026,16,Bahrain Grand Prix,FP2,HUL,Audi,2.0,1.0,MEDIUM,2.0,99.434,25.883,33.181,40.37,285.0,142.0,255.0,309.0,1,True,True,True,False,2026-10-02 08:02:23.183,,33.7,59.9,47.3,False,0.9,245.0
2026,16,Bahrain Grand Prix,FP2,HUL,Audi,3.0,1.0,MEDIUM,3.0,146.433,39.142,50.594,56.697,147.0,108.0,168.0,200.0,12,True,False,True,False,2026-10-02 08:04:02.617,,33.7,61.8,48.0,False,0.9,254.0
2026,16,Bahrain Grand Prix,FP2,HUL,Audi,4.0,1.0,MEDIUM,4.0,147.993,39.333,50.495,58.165,156.0,105.0,269.0,225.0,1,True,False,True,False,2026-10-02 08:06:29.050,,33.8,62.4,47.5,False,0.7,254.0
2026,16,Bahrain Grand Prix,FP2,HUL,Audi,5.0,1.0,MEDIUM,5.0,112.353,26.047,33.373,52.933,283.0,137.0,,276.0,1,True,False,False,False,2026-10-02 08:08:57.043,,34.0,61.6,45.6,False,1.1,120.0
2026,16,Bahrain Grand Prix,FP2,HUL,Audi,6.0,2.0,MEDIUM,6.0,,,45.524,55.171,204.0,107.0,267.0,234.0,1,False,False,False,False,2026-10-02 08:10:49.396,,33.7,61.1,47.1,False,0.8,322.0
2026,16,Bahrain Grand Prix,FP2,HUL,Audi,7.0,2.0,MEDIUM,7.0,109.202,25.943,33.757,49.502,285.0,139.0,,265.0,1,False,False,False,False,2026-10-02 08:14:54.360,,33.4,57.1,47.6,False,0.4,155.0
2026,16,Bahrain Grand Prix,FP2,HUL,Audi,8.0,3.0,SOFT,1.0,,72.011,46.731,51.715,209.0,83.0,270.0,243.0,1,True,False,False,False,2026-10-02 08:16:43.562,,33.3,57.5,48.2,False,1.1,73.0
2026,16,Bahrain Grand Prix,FP2,HUL,Audi,9.0,3.0,SOFT,2.0,99.109,25.759,32.857,40.493,284.0,135.0,254.0,303.0,1,True,True,True,False,2026-10-02 08:19:34.012,,33.4,57.7,47.6,False,0.5,345.0
2026,16,Bahrain Grand Prix,FP2,HUL,Audi,10.0,3.0,SOFT,3.0,123.139,35.522,37.119,50.498,235.0,129.0,,265.0,1,True,False,False,False,2026-10-02 08:21:13.121,,33.4,57.9,47.1,False,1.6,352.0
2026,16,Bahrain Grand Prix,FP2,HUL,Audi,11.0,4.0,MEDIUM,8.0,,,36.383,42.417,269.0,130.0,280.0,304.0,1,False,False,False,False,2026-10-02 08:23:16.260,,33.6,58.5,49.7,False,0.4,13.0
2026,16,Bahrain Grand Prix,FP2,HUL,Audi,12.0,4.0,MEDIUM,9.0,104.654,26.382,35.667,42.605,284.0,128.0,278.0,301.0,1,False,False,True,False,2026-10-02 08:31:16.931,,33.6,57.5,48.4,False,0.8,307.0
2026,16,Bahrain Grand Prix,FP2,HUL,Audi,13.0,4.0,MEDIUM,10.0,106.175,27.186,35.83,43.159,274.0,127.0,276.0,299.0,1,False,False,True,False,2026-10-02 08:33:01.585,,33.6,56.2,48.7,False,0.9,131.0
2026,16,Bahrain Grand Prix,FP2,HUL,Audi,14.0,4.0,MEDIUM,11.0,105.078,26.68,35.627,42.771,276.0,128.0,278.0,297.0,1,False,False,True,False,2026-10-02 08:34:47.760,,33.6,55.6,49.0,False,1.2,32.0
2026,16,Bahrain Grand Prix,FP2,HUL,Audi,15.0,4.0,MEDIUM,12.0,105.603,26.786,35.816,43.001,274.0,128.0,276.0,297.0,1,False,False,True,False,2026-10-02 08:36:32.838,,33.4,55.0,48.9,False,1.3,92.0
2026,16,Bahrain Grand Prix,FP2,HUL,Audi,16.0,4.0,MEDIUM,13.0,105.89,27.065,35.799,43.026,273.0,128.0,277.0,298.0,1,False,False,True,False,2026-10-02 08:38:18.441,,33.0,53.3,49.6,False,1.8,111.0
2026,16,Bahrain Grand Prix,FP2,HUL,Audi,17.0,4.0,MEDIUM,14.0,105.834,27.005,35.805,43.024,276.0,126.0,279.0,299.0,1,False,False,True,False,2026-10-02 08:40:04.331,,32.9,54.1,49.4,False,0.9,106.0
2026,16,Bahrain Grand Prix,FP2,HUL,Audi,18.0,4.0,MEDIUM,15.0,106.438,26.772,36.4,43.266,292.0,126.0,279.0,307.0,1,False,False,True,False,2026-10-02 08:41:50.165,,32.9,53.7,49.9,False,1.4,327.0
2026,16,Bahrain Grand Prix,FP2,HUL,Audi,19.0,4.0,MEDIUM,16.0,110.197,27.227,36.526,46.444,272.0,124.0,255.0,298.0,1,False,False,True,False,2026-10-02 08:43:36.603,,32.9,53.0,49.7,False,1.8,107.0
2026,16,Bahrain Grand Prix,FP2,HUL,Audi,20.0,4.0,MEDIUM,17.0,113.67,27.742,36.139,49.789,276.0,126.0,,296.0,1,False,False,False,False,2026-10-02 08:45:26.800,,32.9,53.5,49.6,False,0.9,96.0
2026,16,Bahrain Grand Prix,FP2,HUL,Audi,21.0,5.0,SOFT,4.0,125.408,46.003,36.803,42.602,258.0,133.0,277.0,298.0,1,False,False,False,False,2026-10-02 08:47:20.470,,32.9,52.7,49.5,False,0.7,93.0
2026,16,Bahrain Grand Prix,FP2,HUL,Audi,22.0,5.0,SOFT,5.0,106.675,27.346,36.855,42.474,267.0,130.0,281.0,300.0,1,False,False,True,False,2026-10-02 08:49:25.878,,33.1,53.1,48.4,False,1.6,106.0
2026,16,Bahrain Grand Prix,FP2,HUL,Audi,23.0,5.0,SOFT,6.0,104.663,26.639,35.707,42.317,277.0,130.0,280.0,299.0,1,False,False,True,False,2026-10-02 08:51:12.553,,33.1,53.2,48.8,False,1.5,98.0
2026,16,Bahrain Grand Prix,FP2,HUL,Audi,24.0,5.0,SOFT,7.0,105.289,26.651,35.856,42.782,277.0,127.0,283.0,306.0,1,False,False,True,False,2026-10-02 08:52:57.216,,33.1,52.9,47.9,False,2.1,106.0
2026,16,Bahrain Grand Prix,FP2,HUL,Audi,25.0,5.0,SOFT,8.0,105.289,26.275,35.876,43.138,301.0,130.0,275.0,288.0,1,False,False,True,False,2026-10-02 08:54:42.505,,33.0,53.6,48.4,False,1.5,107.0
2026,16,Bahrain Grand Prix,FP2,HUL,Audi,26.0,5.0,SOFT,9.0,115.965,27.125,35.727,53.113,271.0,130.0,180.0,162.0,126,False,False,False,False,2026-10-02 08:56:27.794,,33.0,53.7,48.5,False,0.0,0.0
2026,16,Bahrain Grand Prix,FP2,HUL,Audi,27.0,5.0,SOFT,10.0,126.95,34.379,47.414,45.157,169.0,113.0,281.0,300.0,6712,False,False,False,False,2026-10-02 08:58:23.759,,33.1,53.2,47.4,False,0.0,0.0
2026,16,Bahrain Grand Prix,FP2,HUL,Audi,28.0,5.0,SOFT,11.0,,29.758,46.604,87.191,201.0,116.0,3.0,199.0,21,False,False,False,False,2026-10-02 09:00:30.709,,33.1,51.9,48.0,False,1.1,148.0
2026,16,Bahrain Grand Prix,FP2,HUL,Audi,29.0,5.0,SOFT,12.0,143.699,29.383,36.74,77.576,289.0,127.0,4.0,320.0,1,False,False,True,False,2026-10-02 09:03:14.345,,33.0,52.8,47.7,False,0.0,0.0
2026,16,Bahrain Grand Prix,FP2,HUL,Audi,30.0,5.0,SOFT,13.0,119.848,30.598,38.875,50.375,228.0,122.0,,296.0,1,False,False,False,False,2026-10-02 09:05:38.044,,33.1,51.7,47.3,False,2.2,103.0
2026,16,Bahrain Grand Prix,FP2,VER,Red Bull Racing,1.0,1.0,MEDIUM,1.0,,,48.344,54.784,257.0,113.0,284.0,229.0,1,True,False,False,False,2026-10-02 08:01:57.185,,33.7,59.9,47.3,False,0.9,245.0
2026,16,Bahrain Grand Prix,FP2,VER,Red Bull Racing,2.0,1.0,MEDIUM,2.0,97.785,25.186,32.433,40.166,291.0,142.0,260.0,307.0,12,True,True,True,False,2026-10-02 08:04:12.763,,33.7,61.8,48.0,False,0.9,254.0
2026,16,Bahrain Grand Prix,FP2,VER,Red Bull Racing,3.0,1.0,MEDIUM,3.0,,49.135,83.539,59.836,79.0,77.0,281.0,194.0,1,True,False,False,False,2026-10-02 08:05:50.548,,33.8,62.4,47.5,False,0.7,254.0
2026,16,Bahrain Grand Prix,FP2,VER,Red Bull Racing,4.0,1.0,MEDIUM,4.0,98.519,25.59,32.653,40.276,290.0,140.0,262.0,311.0,1,True,False,True,False,2026-10-02 08:09:03.159,,34.0,61.6,45.6,False,1.1,120.0
2026,16,Bahrain Grand Prix,FP2,VER,Red Bull Racing,5.0,1.0,MEDIUM,5.0,121.598,34.385,36.979,50.234,250.0,131.0,,273.0,1,True,False,False,False,2026-10-02 08:10:41.678,,33.7,61.1,47.1,False,0.8,322.0
2026,16,Bahrain Grand Prix,FP2,VER,Red Bull Racing,6.0,2.0,MEDIUM,6.0,,,37.173,42.741,260.0,127.0,286.0,305.0,1,False,False,False,False,2026-10-02 08:12:43.276,,33.6,58.7,47.0,False,0.3,190.0
2026,16,Bahrain Grand Prix,FP2,VER,Red Bull Racing,7.0,2.0,MEDIUM,7.0,103.559,26.174,35.314,42.071,281.0,129.0,282.0,302.0,1,False,False,True,False,2026-10-02 08:28:20.167,,33.7,57.3,48.8,False,1.1,252.0
2026,16,Bahrain Grand Prix,FP2,VER,Red Bull Racing,8.0,2.0,MEDIUM,8.0,103.513,26.405,35.292,41.816,276.0,131.0,284.0,304.0,1,False,False,True,False,2026-10-02 08:30:03.726,,33.7,58.3,48.4,False,1.0,172.0
2026,16,Bahrain Grand Prix,FP2,VER,Red Bull Racing,9.0,2.0,MEDIUM,9.0,104.285,26.523,35.417,42.345,276.0,130.0,284.0,304.0,1,False,False,True,False,2026-10-02 08:31:47.239,,33.6,57.2,47.9,False,0.6,345.0
2026,16,Bahrain Grand Prix,FP2,VER,Red Bull Racing,10.0,2.0,MEDIUM,10.0,104.598,26.469,35.512,42.617,281.0,131.0,289.0,312.0,1,False,False,True,False,2026-10-02 08:33:31.524,,33.6,56.2,48.7,False,0.9,131.0
2026,16,Bahrain Grand Prix,FP2,VER,Red Bull Racing,11.0,2.0,MEDIUM,11.0,104.054,26.34,35.448,42.266,280.0,129.0,286.0,305.0,1,False,False,True,False,2026-10-02 08:35:16.122,,33.6,55.6,49.0,False,1.2,32.0
2026,16,Bahrain Grand Prix,FP2,VER,Red Bull Racing,12.0,2.0,MEDIUM,12.0,105.288,26.554,35.809,42.925,307.0,131.0,284.0,302.0,1,False,False,True,False,2026-10-02 08:37:00.176,,33.1,54.7,49.4,False,1.3,78.0
2026,16,Bahrain Grand Prix,FP2,VER,Red Bull Racing,13.0,2.0,MEDIUM,13.0,105.589,27.019,36.021,42.549,278.0,131.0,283.0,300.0,1,False,False,True,False,2026-10-02 08:38:45.464,,32.9,53.5,50.0,False,0.5,149.0
2026,16,Bahrain Grand Prix,FP2,VER,Red Bull Racing,14.0,2.0,MEDIUM,14.0,104.817,26.703,35.532,42.582,279.0,133.0,282.0,299.0,1,False,False,True,False,2026-10-02 08:40:31.053,,32.9,54.1,49.4,False,0.9,106.0
2026,16,Bahrain Grand Prix,FP2,VER,Red Bull Racing,15.0,2.0,MEDIUM,15.0,105.062,26.911,35.574,42.577,278.0,131.0,283.0,300.0,1,False,False,True,False,2026-10-02 08:42:15.870,,32.9,53.7,49.9,False,1.4,327.0
2026,16,Bahrain Grand Prix,FP2,VER,Red Bull Racing,16.0,2.0,MEDIUM,16.0,105.019,26.858,35.485,42.676,277.0,131.0,284.0,303.0,1,False,False,True,False,2026-10-02 08:44:00.932,,32.9,53.0,49.7,False,1.8,107.0
2026,16,Bahrain Grand Prix,FP2,VER,Red Bull Racing,17.0,2.0,MEDIUM,17.0,105.527,26.805,35.781,42.941,281.0,128.0,286.0,304.0,1,False,False,True,False,2026-10-02 08:45:45.951,,32.9,52.7,49.5,False,0.7,93.0
2026,16,Bahrain Grand Prix,FP2,VER,Red Bull Racing,18.0,2.0,MEDIUM,18.0,105.531,26.883,35.833,42.815,281.0,128.0,283.0,305.0,1,False,False,True,False,2026-10-02 08:47:31.478,,32.9,52.7,49.5,False,0.7,93.0
2026,16,Bahrain Grand Prix,FP2,VER,Red Bull Racing,19.0,2.0,MEDIUM,19.0,105.662,26.946,35.851,42.865,281.0,126.0,284.0,307.0,1,False,False,True,False,2026-10-02 08:49:17.009,,33.1,53.1,48.4,False,1.6,106.0
2026,16,Bahrain Grand Prix,FP2,VER,Red Bull Racing,20.0,2.0,MEDIUM,20.0,117.408,27.348,38.096,51.964,234.0,123.0,,282.0,1,False,False,False,False,2026-10-02 08:51:02.671,,33.1,53.2,48.8,False,1.5,98.0
2026,16,Bahrain Grand Prix,FP2,LAW,Racing Bulls,1.0,1.0,MEDIUM,1.0,,,43.498,57.272,248.0,99.0,266.0,253.0,1,True,False,False,False,2026-10-02 08:00:40.087,,33.7,60.1,47.4,False,1.1,216.0
2026,16,Bahrain Grand Prix,FP2,LAW,Racing Bulls,2.0,1.0,MEDIUM,2.0,98.748,25.52,32.94,40.288,291.0,141.0,263.0,321.0,12,True,True,True,False,2026-10-02 08:03:02.641,,33.6,60.9,48.0,False,0.6,274.0
2026,16,Bahrain Grand Prix,FP2,LAW,Racing Bulls,3.0,1.0,MEDIUM,3.0,,40.069,57.281,63.179,130.0,91.0,176.0,185.0,1,True,False,False,False,2026-10-02 08:04:41.389,,33.7,61.3,47.1,False,0.6,245.0
2026,16,Bahrain Grand Prix,FP2,LAW,Racing Bulls,4.0,1.0,MEDIUM,4.0,138.744,32.668,48.085,57.991,265.0,91.0,265.0,266.0,1,True,False,True,False,2026-10-02 08:07:21.838,,33.9,62.7,47.8,False,0.7,286.0
2026,16,Bahrain Grand Prix,FP2,LAW,Racing Bulls,5.0,1.0,MEDIUM,5.0,112.271,25.755,33.432,53.084,291.0,134.0,,199.0,1,True,False,False,False,2026-10-02 08:09:40.582,,33.9,61.0,46.5,False,0.7,109.0
2026,16,Bahrain Grand Prix,FP2,LAW,Racing Bulls,6.0,2.0,SOFT,1.0,,,45.258,53.714,240.0,93.0,267.0,270.0,1,True,False,False,False,2026-10-02 08:11:32.853,,33.7,61.1,47.1,False,0.8,322.0
2026,16,Bahrain Grand Prix,FP2,LAW,Racing Bulls,7.0,2.0,SOFT,2.0,98.496,25.352,33.02,40.124,294.0,137.0,260.0,322.0,1,True,True,True,False,2026-10-02 08:16:26.829,,33.3,57.6,48.7,False,0.8,97.0
2026,16,Bahrain Grand Prix,FP2,LAW,Racing Bulls,8.0,2.0,SOFT,3.0,137.456,33.385,44.412,59.659,191.0,102.0,,199.0,1,True,False,False,False,2026-10-02 08:18:05.325,,33.3,57.4,48.2,False,1.8,96.0
2026,16,Bahrain Grand Prix,FP2,LAW,Racing Bulls,9.0,3.0,MEDIUM,4.0,,,36.849,42.467,232.0,130.0,283.0,305.0,1,False,False,False,False,2026-10-02 08:20:22.781,,33.4,57.8,47.4,False,0.9,62.0
2026,16,Bahrain Grand Prix,FP2,LAW,Racing Bulls,10.0,3.0,MEDIUM,5.0,104.785,26.493,35.637,42.655,277.0,132.0,281.0,297.0,1,False,False,True,False,2026-10-02 08:27:42.088,,33.7,57.3,48.8,False,1.1,252.0
2026,16,Bahrain Grand Prix,FP2,LAW,Racing Bulls,11.0,3.0,MEDIUM,6.0,105.009,26.761,35.579,42.669,275.0,131.0,280.0,296.0,1,False,False,True,False,2026-10-02 08:29:26.873,,33.6,59.5,49.2,False,0.8,266.0
2026,16,Bahrain Grand Prix,FP2,LAW,Racing Bulls,12.0,3.0,MEDIUM,7.0,104.999,26.808,35.558,42.633,279.0,130.0,282.0,298.0,1,False,False,True,False,2026-10-02 08:31:11.882,,33.6,57.5,48.4,False,0.8,307.0
2026,16,Bahrain Grand Prix,FP2,LAW,Racing Bulls,13.0,3.0,MEDIUM,8.0,105.126,26.556,35.652,42.918,282.0,128.0,257.0,305.0,1,False,False,True,False,2026-10-02 08:32:56.881,,33.6,56.2,48.7,False,0.9,131.0
2026,16,Bahrain Grand Prix,FP2,LAW,Racing Bulls,14.0,3.0,MEDIUM,9.0,106.124,27.199,35.738,43.187,302.0,130.0,255.0,303.0,1,False,False,True,False,2026-10-02 08:34:42.007,,33.6,55.6,49.0,False,1.2,32.0
2026,16,Bahrain Grand Prix,FP2,LAW,Racing Bulls,15.0,3.0,MEDIUM,10.0,107.011,27.6,36.21,43.201,275.0,129.0,278.0,292.0,1,False,False,True,False,2026-10-02 08:36:28.131,,33.4,55.0,48.9,False,1.3,92.0
2026,16,Bahrain Grand Prix,FP2,LAW,Racing Bulls,16.0,3.0,MEDIUM,11.0,106.633,27.357,36.316,42.96,271.0,127.0,278.0,322.0,1,False,False,True,False,2026-10-02 08:38:15.142,,33.0,53.3,49.6,False,1.8,111.0
2026,16,Bahrain Grand Prix,FP2,LAW,Racing Bulls,17.0,3.0,MEDIUM,12.0,107.015,27.033,36.257,43.725,274.0,128.0,282.0,295.0,1,False,False,True,False,2026-10-02 08:40:01.775,,32.9,54.1,49.4,False,0.9,106.0
2026,16,Bahrain Grand Prix,FP2,LAW,Racing Bulls,18.0,3.0,MEDIUM,13.0,107.039,27.137,36.406,43.496,276.0,129.0,279.0,293.0,1,False,False,True,False,2026-10-02 08:41:48.790,,32.9,53.7,49.9,False,1.4,327.0
2026,16,Bahrain Grand Prix,FP2,LAW,Racing Bulls,19.0,3.0,MEDIUM,14.0,107.401,27.313,36.645,43.443,276.0,127.0,278.0,322.0,1,False,False,True,False,2026-10-02 08:43:35.829,,32.9,53.0,49.7,False,1.8,107.0
2026,16,Bahrain Grand Prix,FP2,LAW,Racing Bulls,20.0,3.0,MEDIUM,15.0,108.14,27.572,36.667,43.901,279.0,126.0,278.0,298.0,1,False,False,True,False,2026-10-02 08:45:23.230,,32.9,53.5,49.6,False,0.9,96.0
2026,16,Bahrain Grand Prix,FP2,LAW,Racing Bulls,21.0,3.0,MEDIUM,16.0,113.767,27.425,36.576,49.766,276.0,125.0,,294.0,1,False,False,False,False,2026-10-02 08:47:11.370,,32.9,52.7,49.5,False,0.7,93.0
2026,16,Bahrain Grand Prix,FP2,LAW,Racing Bulls,22.0,4.0,SOFT,4.0,125.039,47.284,35.707,42.048,270.0,129.0,282.0,301.0,1,False,False,False,False,2026-10-02 08:49:05.137,,33.1,53.1,48.4,False,1.6,106.0
2026,16,Bahrain Grand Prix,FP2,LAW,Racing Bulls,23.0,4.0,SOFT,5.0,104.079,26.451,35.429,42.199,279.0,132.0,282.0,304.0,1,False,False,True,False,2026-10-02 08:51:10.176,,33.1,53.2,48.8,False,1.5,98.0
2026,16,Bahrain Grand Prix,FP2,LAW,Racing Bulls,24.0,4.0,SOFT,6.0,104.287,26.711,35.262,42.314,283.0,130.0,286.0,324.0,1,False,False,True,False,2026-10-02 08:52:54.255,,33.1,52.9,47.9,False,2.1,106.0
2026,16,Bahrain Grand Prix,FP2,LAW,Racing Bulls,25.0,4.0,SOFT,7.0,104.393,26.691,35.323,42.379,275.0,130.0,282.0,295.0,1,False,False,True,False,2026-10-02 08:54:38.542,,33.0,53.6,48.4,False,1.5,107.0
2026,16,Bahrain Grand Prix,FP2,LAW,Racing Bulls,26.0,4.0,SOFT,8.0,110.572,26.621,35.9,48.051,279.0,127.0,172.0,227.0,126,False,False,False,False,2026-10-02 08:56:22.935,,33.0,53.7,48.5,False,0.0,0.0
2026,16,Bahrain Grand Prix,FP2,LAW,Racing Bulls,27.0,4.0,SOFT,9.0,129.132,35.045,49.384,44.703,220.0,118.0,285.0,319.0,671,False,False,False,False,2026-10-02 08:58:13.507,,33.1,53.2,47.4,False,0.0,0.0
2026,16,Bahrain Grand Prix,FP2,LAW,Racing Bulls,28.0,4.0,SOFT,10.0,,30.802,47.045,92.046,180.0,109.0,3.0,145.0,12,False,False,False,False,2026-10-02 09:00:22.639,,33.1,51.9,48.0,False,1.1,148.0
2026,16,Bahrain Grand Prix,FP2,LAW,Racing Bulls,29.0,4.0,SOFT,11.0,147.683,29.5,36.499,81.684,297.0,121.0,58.0,143.0,1,False,False,True,False,2026-10-02 09:03:12.552,,33.0,52.8,47.7,False,0.0,0.0
2026,16,Bahrain Grand Prix,FP2,LAW,Racing Bulls,30.0,4.0,SOFT,12.0,115.056,28.511,36.098,50.447,292.0,129.0,,275.0,1,False,False,False,False,2026-10-02 09:05:40.235,,33.1,51.7,47.3,False,2.2,103.0
2026,16,Bahrain Grand Prix,FP2,OCO,Haas F1 Team,1.0,1.0,MEDIUM,1.0,,,43.907,48.169,199.0,112.0,268.0,267.0,1,True,False,False,False,2026-10-02 08:00:05.612,,33.4,61.6,47.9,False,0.8,311.0
2026,16,Bahrain Grand Prix,FP2,OCO,Haas F1 Team,2.0,1.0,MEDIUM,2.0,99.361,25.656,33.134,40.571,287.0,141.0,271.0,320.0,1,True,True,True,False,2026-10-02 08:02:13.630,,33.7,59.9,47.3,False,0.9,245.0
2026,16,Bahrain Grand Prix,FP2,OCO,Haas F1 Team,3.0,1.0,MEDIUM,3.0,,38.83,58.756,68.613,101.0,94.0,,162.0,12,True,False,False,False,2026-10-02 08:03:52.991,,33.7,61.8,48.0,False,0.9,254.0
2026,16,Bahrain Grand Prix,FP2,OCO,Haas F1 Team,4.0,2.0,MEDIUM,4.0,,89.972,51.888,58.713,165.0,100.0,268.0,238.0,1,False,False,False,False,2026-10-02 08:06:39.252,,33.9,62.7,47.8,False,0.7,286.0
2026,16,Bahrain Grand Prix,FP2,OCO,Haas F1 Team,5.0,2.0,MEDIUM,5.0,101.268,25.799,33.554,41.915,286.0,137.0,259.0,322.0,1,False,False,True,False,2026-10-02 08:09:59.781,,33.9,61.0,46.5,False,0.7,109.0
2026,16,Bahrain Grand Prix,FP2,OCO,Haas F1 Team,6.0,2.0,MEDIUM,6.0,125.08,30.766,41.18,53.134,220.0,122.0,,273.0,1,False,False,False,False,2026-10-02 08:11:41.049,,33.7,58.7,47.0,False,0.3,190.0
2026,16,Bahrain Grand Prix,FP2,OCO,Haas F1 Team,7.0,3.0,SOFT,1.0,,68.746,48.137,50.406,199.0,105.0,268.0,267.0,1,True,False,False,False,2026-10-02 08:13:46.129,,33.5,57.2,46.6,False,0.4,160.0
2026,16,Bahrain Grand Prix,FP2,OCO,Haas F1 Team,8.0,3.0,SOFT,2.0,99.407,25.546,33.212,40.649,289.0,144.0,267.0,323.0,1,True,False,True,False,2026-10-02 08:16:33.442,,33.3,57.6,48.7,False,0.8,97.0
2026,16,Bahrain Grand Prix,FP2,OCO,Haas F1 Team,9.0,3.0,SOFT,3.0,,36.38,50.549,68.436,114.0,104.0,,186.0,1,True,False,False,False,2026-10-02 08:18:12.849,,33.3,57.4,48.2,False,1.8,96.0
2026,16,Bahrain Grand Prix,FP2,OCO,Haas F1 Team,10.0,4.0,SOFT,4.0,,,36.969,42.761,229.0,129.0,279.0,311.0,1,False,False,False,False,2026-10-02 08:20:48.195,,33.4,57.9,47.1,False,1.6,352.0
2026,16,Bahrain Grand Prix,FP2,OCO,Haas F1 Team,11.0,4.0,SOFT,5.0,104.848,26.323,35.821,42.704,278.0,130.0,279.0,305.0,1,False,False,True,False,2026-10-02 08:31:45.203,,33.6,57.2,47.9,False,0.6,345.0
2026,16,Bahrain Grand Prix,FP2,OCO,Haas F1 Team,12.0,4.0,SOFT,6.0,105.631,26.579,36.023,43.029,273.0,130.0,281.0,303.0,1,False,False,True,False,2026-10-02 08:33:30.051,,33.6,56.2,48.7,False,0.9,131.0
2026,16,Bahrain Grand Prix,FP2,OCO,Haas F1 Team,13.0,4.0,SOFT,7.0,106.867,27.026,36.687,43.154,251.0,128.0,281.0,305.0,1,False,False,True,False,2026-10-02 08:35:15.682,,33.6,55.6,49.0,False,1.2,32.0
2026,16,Bahrain Grand Prix,FP2,OCO,Haas F1 Team,14.0,4.0,SOFT,8.0,106.424,26.688,36.379,43.357,280.0,126.0,282.0,309.0,1,False,False,True,False,2026-10-02 08:37:02.549,,33.1,54.7,49.4,False,1.3,78.0
2026,16,Bahrain Grand Prix,FP2,OCO,Haas F1 Team,15.0,4.0,SOFT,9.0,106.65,26.677,36.402,43.571,281.0,128.0,281.0,306.0,1,False,False,True,False,2026-10-02 08:38:48.973,,32.9,53.5,50.0,False,0.5,149.0
2026,16,Bahrain Grand Prix,FP2,OCO,Haas F1 Team,16.0,4.0,SOFT,10.0,107.269,26.999,36.493,43.777,274.0,129.0,280.0,300.0,1,False,False,True,False,2026-10-02 08:40:35.623,,32.9,54.1,49.4,False,0.9,106.0
2026,16,Bahrain Grand Prix,FP2,OCO,Haas F1 Team,17.0,4.0,SOFT,11.0,107.85,26.94,37.056,43.854,283.0,129.0,282.0,310.0,1,False,False,True,False,2026-10-02 08:42:22.892,,32.9,53.7,49.9,False,1.4,327.0
2026,16,Bahrain Grand Prix,FP2,OCO,Haas F1 Team,18.0,4.0,SOFT,12.0,107.826,27.04,36.939,43.847,289.0,126.0,278.0,296.0,1,False,False,True,False,2026-10-02 08:44:10.742,,32.9,53.0,49.7,False,1.8,107.0
2026,16,Bahrain Grand Prix,FP2,OCO,Haas F1 Team,19.0,4.0,SOFT,13.0,107.31,26.94,36.567,43.803,283.0,126.0,278.0,295.0,1,False,False,True,False,2026-10-02 08:45:58.568,,32.9,52.7,49.5,False,0.7,93.0
2026,16,Bahrain Grand Prix,FP2,OCO,Haas F1 Team,20.0,4.0,SOFT,14.0,107.503,27.209,36.619,43.675,271.0,127.0,279.0,312.0,1,False,False,True,False,2026-10-02 08:47:45.878,,33.0,52.8,48.4,False,1.0,78.0
2026,16,Bahrain Grand Prix,FP2,OCO,Haas F1 Team,21.0,4.0,SOFT,15.0,107.269,27.181,36.609,43.479,272.0,125.0,279.0,312.0,1,False,False,True,False,2026-10-02 08:49:33.381,,33.1,53.1,48.4,False,1.6,106.0
2026,16,Bahrain Grand Prix,FP2,OCO,Haas F1 Team,22.0,4.0,SOFT,16.0,107.275,27.101,36.586,43.588,271.0,127.0,279.0,312.0,1,False,False,True,False,2026-10-02 08:51:20.650,,33.1,53.2,48.8,False,1.5,98.0
2026,16,Bahrain Grand Prix,FP2,OCO,Haas F1 Team,23.0,4.0,SOFT,17.0,107.634,27.168,36.675,43.791,270.0,127.0,278.0,312.0,1,False,False,True,False,2026-10-02 08:53:07.925,,33.1,52.9,47.9,False,2.1,106.0
2026,16,Bahrain Grand Prix,FP2,OCO,Haas F1 Team,24.0,4.0,SOFT,18.0,126.305,29.912,43.173,53.22,231.0,118.0,,289.0,1,False,False,False,False,2026-10-02 08:54:55.559,,33.0,53.6,48.4,False,1.5,107.0
2026,16,Bahrain Grand Prix,FP2,OCO,Haas F1 Team,25.0,5.0,MEDIUM,7.0,,48.677,58.23,61.128,270.0,120.0,202.0,166.0,1267,False,False,False,False,2026-10-02 08:57:01.864,,33.0,53.4,47.7,False,1.1,91.0
2026,16,Bahrain Grand Prix,FP2,OCO,Haas F1 Team,26.0,5.0,MEDIUM,8.0,121.754,27.969,50.65,43.135,287.0,128.0,280.0,322.0,712,False,False,False,False,2026-10-02 08:59:50.026,,33.1,51.9,48.0,False,1.1,148.0
2026,16,Bahrain Grand Prix,FP2,OCO,Haas F1 Team,27.0,5.0,MEDIUM,9.0,,31.535,46.621,92.905,180.0,121.0,110.0,209.0,1,False,False,False,False,2026-10-02 09:01:51.780,,33.0,52.8,47.7,False,0.0,0.0
2026,16,Bahrain Grand Prix,FP2,OCO,Haas F1 Team,28.0,5.0,MEDIUM,10.0,148.887,28.324,37.499,83.064,279.0,94.0,103.0,183.0,1,False,False,True,False,2026-10-02 09:04:42.752,,33.1,52.6,47.5,False,0.8,89.0
2026,16,Bahrain Grand Prix,FP2,OCO,Haas F1 Team,29.0,5.0,MEDIUM,11.0,114.641,28.227,36.051,50.363,284.0,126.0,,312.0,1,False,False,False,False,2026-10-02 09:07:11.639,,33.0,51.9,46.9,False,1.1,103.0
2026,16,Bahrain Grand Prix,FP2,LIN,Racing Bulls,1.0,1.0,MEDIUM,1.0,,,42.121,54.413,244.0,96.0,265.0,271.0,1,True,False,False,False,2026-10-02 08:00:22.353,,33.4,61.6,47.9,False,0.8,311.0
2026,16,Bahrain Grand Prix,FP2,LIN,Racing Bulls,2.0,1.0,MEDIUM,2.0,98.88,25.431,33.006,40.443,290.0,140.0,264.0,317.0,1,True,True,True,False,2026-10-02 08:02:31.389,,33.7,59.9,47.3,False,0.9,245.0
2026,16,Bahrain Grand Prix,FP2,LIN,Racing Bulls,3.0,1.0,MEDIUM,3.0,123.695,31.794,38.077,53.824,254.0,122.0,,264.0,12,True,False,False,False,2026-10-02 08:04:10.269,,33.7,61.8,48.0,False,0.9,254.0
2026,16,Bahrain Grand Prix,FP2,LIN,Racing Bulls,4.0,2.0,SOFT,1.0,,61.846,43.634,47.939,221.0,112.0,265.0,275.0,1,True,False,False,False,2026-10-02 08:06:13.964,,33.8,62.4,47.5,False,0.7,254.0
2026,16,Bahrain Grand Prix,FP2,LIN,Racing Bulls,5.0,2.0,SOFT,2.0,98.678,25.283,32.818,40.577,291.0,139.0,258.0,321.0,1,True,False,True,False,2026-10-02 08:08:47.288,,34.0,61.6,45.6,False,1.1,120.0
2026,16,Bahrain Grand Prix,FP2,LIN,Racing Bulls,6.0,2.0,SOFT,3.0,139.666,31.043,49.805,58.818,166.0,105.0,,200.0,1,True,False,False,False,2026-10-02 08:10:25.966,,33.9,61.0,46.5,False,0.7,109.0
2026,16,Bahrain Grand Prix,FP2,LIN,Racing Bulls,7.0,3.0,MEDIUM,4.0,,,37.729,44.429,273.0,122.0,282.0,301.0,1,False,False,False,False,2026-10-02 08:12:45.632,,33.6,58.7,47.0,False,0.3,190.0
2026,16,Bahrain Grand Prix,FP2,LIN,Racing Bulls,8.0,3.0,MEDIUM,5.0,106.032,26.808,36.173,43.051,284.0,127.0,282.0,300.0,1,False,False,True,False,2026-10-02 08:20:03.153,,33.4,57.8,47.4,False,0.9,62.0
2026,16,Bahrain Grand Prix,FP2,LIN,Racing Bulls,9.0,3.0,MEDIUM,6.0,105.521,26.528,36.114,42.879,282.0,127.0,283.0,300.0,1,False,False,True,False,2026-10-02 08:21:49.185,,33.5,58.4,47.5,False,1.6,311.0
2026,16,Bahrain Grand Prix,FP2,LIN,Racing Bulls,10.0,3.0,MEDIUM,7.0,105.228,26.471,36.012,42.745,284.0,128.0,282.0,302.0,1,False,False,True,False,2026-10-02 08:23:34.706,,33.6,58.5,49.7,False,0.4,13.0
2026,16,Bahrain Grand Prix,FP2,LIN,Racing Bulls,11.0,3.0,MEDIUM,8.0,105.178,26.589,35.896,42.693,287.0,125.0,283.0,303.0,1,False,False,True,False,2026-10-02 08:25:19.934,,33.8,58.1,47.2,False,1.2,87.0
2026,16,Bahrain Grand Prix,FP2,LIN,Racing Bulls,12.0,3.0,MEDIUM,9.0,105.981,26.583,36.362,43.036,288.0,126.0,283.0,304.0,1,False,False,True,False,2026-10-02 08:27:05.112,,33.8,59.5,48.0,False,0.4,238.0
2026,16,Bahrain Grand Prix,FP2,LIN,Racing Bulls,13.0,3.0,MEDIUM,10.0,105.566,26.619,36.038,42.909,288.0,128.0,282.0,306.0,1,False,False,True,False,2026-10-02 08:28:51.093,,33.6,59.5,49.2,False,0.8,266.0
2026,16,Bahrain Grand Prix,FP2,LIN,Racing Bulls,14.0,3.0,MEDIUM,11.0,106.069,26.766,36.211,43.092,288.0,126.0,281.0,302.0,1,False,False,True,False,2026-10-02 08:30:36.659,,33.6,57.5,48.4,False,0.8,307.0
2026,16,Bahrain Grand Prix,FP2,LIN,Racing Bulls,15.0,3.0,MEDIUM,12.0,106.415,27.125,36.142,43.148,281.0,127.0,281.0,298.0,1,False,False,True,False,2026-10-02 08:32:22.728,,33.6,57.2,47.9,False,0.6,345.0
2026,16,Bahrain Grand Prix,FP2,LIN,Racing Bulls,16.0,3.0,MEDIUM,13.0,106.92,27.11,36.341,43.469,281.0,128.0,282.0,301.0,1,False,False,True,False,2026-10-02 08:34:09.143,,33.6,0.0,48.7,False,1.3,123.0
2026,16,Bahrain Grand Prix,FP2,LIN,Racing Bulls,17.0,3.0,MEDIUM,14.0,107.618,26.933,37.009,43.676,280.0,125.0,283.0,299.0,1,False,False,True,False,2026-10-02 08:35:56.063,,33.4,55.0,48.9,False,1.3,92.0
2026,16,Bahrain Grand Prix,FP2,LIN,Racing Bulls,18.0,3.0,MEDIUM,15.0,107.998,27.242,37.173,43.583,286.0,126.0,284.0,304.0,1,False,False,True,False,2026-10-02 08:37:43.681,,33.0,53.3,49.6,False,1.8,111.0
2026,16,Bahrain Grand Prix,FP2,LIN,Racing Bulls,19.0,3.0,MEDIUM,16.0,107.29,27.047,36.65,43.593,282.0,127.0,284.0,300.0,1,False,False,True,False,2026-10-02 08:39:31.679,,32.9,53.5,50.0,False,0.5,149.0
2026,16,Bahrain Grand Prix,FP2,LIN,Racing Bulls,20.0,3.0,MEDIUM,17.0,115.1,27.242,37.504,50.354,285.0,126.0,,304.0,1,False,False,False,False,2026-10-02 08:41:18.969,,32.9,53.2,50.2,False,1.4,104.0
2026,16,Bahrain Grand Prix,FP2,LIN,Racing Bulls,21.0,4.0,SOFT,4.0,125.778,47.777,35.725,42.276,280.0,130.0,277.0,302.0,1,False,False,False,False,2026-10-02 08:43:14.069,,32.9,53.3,49.7,False,1.3,105.0
2026,16,Bahrain Grand Prix,FP2,LIN,Racing Bulls,22.0,4.0,SOFT,5.0,104.133,26.59,35.481,42.062,283.0,129.0,284.0,303.0,1,False,False,True,False,2026-10-02 08:45:19.847,,32.9,53.5,49.6,False,0.9,96.0
2026,16,Bahrain Grand Prix,FP2,LIN,Racing Bulls,23.0,4.0,SOFT,6.0,104.307,26.496,35.348,42.463,277.0,131.0,283.0,297.0,1,False,False,True,False,2026-10-02 08:47:03.980,,32.9,52.7,49.5,False,0.7,93.0
2026,16,Bahrain Grand Prix,FP2,LIN,Racing Bulls,24.0,4.0,SOFT,7.0,104.675,26.594,35.413,42.668,283.0,129.0,283.0,301.0,1,False,False,True,False,2026-10-02 08:48:48.287,,33.1,53.1,48.4,False,1.6,106.0
2026,16,Bahrain Grand Prix,FP2,LIN,Racing Bulls,25.0,4.0,SOFT,8.0,105.216,26.712,35.683,42.821,280.0,126.0,282.0,299.0,1,False,False,True,False,2026-10-02 08:50:32.962,,33.1,53.2,48.5,False,0.6,341.0
2026,16,Bahrain Grand Prix,FP2,LIN,Racing Bulls,26.0,4.0,SOFT,9.0,105.642,26.936,35.88,42.826,281.0,128.0,284.0,304.0,1,False,False,True,False,2026-10-02 08:52:18.178,,33.1,53.1,49.1,False,1.9,99.0
2026,16,Bahrain Grand Prix,FP2,LIN,Racing Bulls,27.0,4.0,SOFT,10.0,105.559,26.747,35.786,43.026,284.0,128.0,283.0,302.0,1,False,False,True,False,2026-10-02 08:54:03.820,,33.1,53.6,48.5,False,0.5,90.0
2026,16,Bahrain Grand Prix,FP2,LIN,Racing Bulls,28.0,4.0,SOFT,11.0,106.118,26.814,36.09,43.214,282.0,126.0,284.0,303.0,12,False,False,True,False,2026-10-02 08:55:49.379,,33.0,53.7,48.5,False,0.0,0.0
2026,16,Bahrain Grand Prix,FP2,LIN,Racing Bulls,29.0,4.0,SOFT,12.0,142.147,31.031,54.586,56.53,225.0,75.0,249.0,215.0,2671,False,False,False,False,2026-10-02 08:57:35.497,,33.0,53.4,47.7,False,1.1,91.0
2026,16,Bahrain Grand Prix,FP2,LIN,Racing Bulls,30.0,4.0,SOFT,13.0,123.336,27.287,48.558,47.491,258.0,121.0,234.0,271.0,12,False,False,True,False,2026-10-02 08:59:57.644,,33.1,51.9,48.0,False,1.1,148.0
2026,16,Bahrain Grand Prix,FP2,LIN,Racing Bulls,31.0,4.0,SOFT,14.0,,36.328,47.506,86.375,147.0,111.0,92.0,238.0,1,False,False,False,False,2026-10-02 09:02:00.980,,33.0,52.8,47.7,False,0.0,0.0
2026,16,Bahrain Grand Prix,FP2,LIN,Racing Bulls,32.0,4.0,SOFT,15.0,,29.921,44.492,87.831,277.0,78.0,83.0,199.0,1,False,False,False,False,2026-10-02 09:04:51.229,,33.1,52.6,47.5,False,0.8,89.0
2026,16,Bahrain Grand Prix,FP2,LIN,Racing Bulls,33.0,4.0,SOFT,16.0,120.684,30.253,39.418,51.013,274.0,118.0,,286.0,1,False,False,False,False,2026-10-02 09:07:33.470,,33.0,51.9,46.9,False,1.1,103.0
2026,16,Bahrain Grand Prix,FP2,COL,Alpine,1.0,1.0,MEDIUM,1.0,,,39.46,44.829,233.0,130.0,283.0,300.0,1,True,False,False,False,2026-10-02 08:00:37.165,,33.7,60.1,47.4,False,1.1,216.0
2026,16,Bahrain Grand Prix,FP2,COL,Alpine,2.0,1.0,MEDIUM,2.0,103.391,26.27,35.315,41.806,269.0,141.0,281.0,298.0,12,True,True,True,False,2026-10-02 08:03:16.775,,33.6,60.9,48.0,False,0.6,274.0
2026,16,Bahrain Grand Prix,FP2,COL,Alpine,3.0,1.0,MEDIUM,3.0,104.165,26.493,35.407,42.265,271.0,134.0,280.0,298.0,1,True,False,True,False,2026-10-02 08:05:00.166,,33.7,61.3,47.1,False,0.6,245.0
2026,16,Bahrain Grand Prix,FP2,COL,Alpine,4.0,1.0,MEDIUM,4.0,104.675,26.769,35.54,42.366,265.0,132.0,281.0,296.0,1,True,False,True,False,2026-10-02 08:06:44.331,,33.9,62.7,47.8,False,0.7,286.0
2026,16,Bahrain Grand Prix,FP2,COL,Alpine,5.0,1.0,MEDIUM,5.0,105.373,26.722,35.899,42.752,269.0,132.0,280.0,291.0,1,True,False,True,False,2026-10-02 08:08:29.006,,33.9,61.7,46.2,False,0.9,89.0
2026,16,Bahrain Grand Prix,FP2,COL,Alpine,6.0,1.0,MEDIUM,6.0,105.698,27.045,35.823,42.83,270.0,128.0,279.0,294.0,1,True,False,True,False,2026-10-02 08:10:14.379,,33.9,61.0,46.5,False,0.7,109.0
2026,16,Bahrain Grand Prix,FP2,COL,Alpine,7.0,1.0,MEDIUM,7.0,106.624,27.202,35.969,43.453,271.0,125.0,276.0,292.0,1,True,False,True,False,2026-10-02 08:12:00.077,,33.7,58.7,47.0,False,0.3,190.0
2026,16,Bahrain Grand Prix,FP2,COL,Alpine,8.0,1.0,MEDIUM,8.0,106.177,27.199,36.062,42.916,271.0,128.0,278.0,291.0,1,True,False,True,False,2026-10-02 08:13:46.701,,33.5,57.2,46.6,False,0.4,160.0
2026,16,Bahrain Grand Prix,FP2,COL,Alpine,9.0,1.0,MEDIUM,9.0,115.408,27.059,36.146,52.203,274.0,127.0,,293.0,1,True,False,False,False,2026-10-02 08:15:32.878,,33.4,57.1,47.6,False,0.4,155.0
2026,16,Bahrain Grand Prix,FP2,COL,Alpine,10.0,2.0,MEDIUM,10.0,,73.752,38.465,44.701,269.0,128.0,279.0,304.0,1,False,False,False,False,2026-10-02 08:17:28.286,,33.3,57.5,48.2,False,1.1,73.0
2026,16,Bahrain Grand Prix,FP2,COL,Alpine,11.0,2.0,MEDIUM,11.0,106.937,27.175,36.286,43.476,271.0,120.0,279.0,293.0,1,False,False,True,False,2026-10-02 08:20:05.213,,33.4,57.8,47.4,False,0.9,62.0
2026,16,Bahrain Grand Prix,FP2,COL,Alpine,12.0,2.0,MEDIUM,12.0,105.812,26.883,36.021,42.908,273.0,129.0,277.0,303.0,1,False,False,True,False,2026-10-02 08:21:52.150,,33.5,58.4,47.5,False,1.6,311.0
2026,16,Bahrain Grand Prix,FP2,COL,Alpine,13.0,2.0,MEDIUM,13.0,105.804,26.768,36.099,42.937,287.0,127.0,281.0,300.0,1,False,False,True,False,2026-10-02 08:23:37.962,,33.8,58.2,48.6,False,2.0,137.0
2026,16,Bahrain Grand Prix,FP2,COL,Alpine,14.0,2.0,MEDIUM,14.0,105.693,26.777,36.008,42.908,285.0,128.0,281.0,303.0,1,False,False,True,False,2026-10-02 08:25:23.766,,33.8,58.1,47.2,False,1.2,87.0
2026,16,Bahrain Grand Prix,FP2,COL,Alpine,15.0,2.0,MEDIUM,15.0,106.669,26.949,36.497,43.223,286.0,128.0,279.0,306.0,1,False,False,True,False,2026-10-02 08:27:09.459,,33.8,59.5,48.0,False,0.4,238.0
2026,16,Bahrain Grand Prix,FP2,COL,Alpine,16.0,2.0,MEDIUM,16.0,107.071,26.869,36.583,43.619,276.0,127.0,278.0,295.0,1,False,False,True,False,2026-10-02 08:28:56.128,,33.6,59.5,49.2,False,0.8,266.0
2026,16,Bahrain Grand Prix,FP2,COL,Alpine,17.0,2.0,MEDIUM,17.0,107.055,26.917,36.721,43.417,276.0,126.0,280.0,298.0,1,False,False,True,False,2026-10-02 08:30:43.199,,33.6,57.5,48.4,False,0.8,307.0
2026,16,Bahrain Grand Prix,FP2,COL,Alpine,18.0,2.0,MEDIUM,18.0,115.209,26.907,36.801,51.501,285.0,127.0,,295.0,1,False,False,False,False,2026-10-02 08:32:30.254,,33.6,57.2,47.9,False,0.6,345.0
2026,16,Bahrain Grand Prix,FP2,COL,Alpine,19.0,3.0,SOFT,1.0,,,36.441,41.371,271.0,138.0,288.0,316.0,1,True,False,False,False,2026-10-02 08:34:25.463,,33.6,0.0,48.7,False,1.3,123.0
2026,16,Bahrain Grand Prix,FP2,COL,Alpine,20.0,3.0,SOFT,2.0,104.146,26.168,35.759,42.219,276.0,136.0,283.0,304.0,1,True,False,True,False,2026-10-02 08:44:43.106,,32.9,53.5,49.6,False,0.9,96.0
2026,16,Bahrain Grand Prix,FP2,COL,Alpine,21.0,3.0,SOFT,3.0,104.152,26.783,35.274,42.095,267.0,132.0,284.0,303.0,1,True,False,True,False,2026-10-02 08:46:27.252,,32.9,52.7,49.5,False,0.7,93.0
2026,16,Bahrain Grand Prix,FP2,COL,Alpine,22.0,3.0,SOFT,4.0,104.451,26.693,35.371,42.387,267.0,130.0,284.0,305.0,1,True,False,True,False,2026-10-02 08:48:11.404,,33.0,52.8,48.4,False,1.0,78.0
2026,16,Bahrain Grand Prix,FP2,COL,Alpine,23.0,3.0,SOFT,5.0,104.761,26.579,35.677,42.505,273.0,130.0,287.0,310.0,1,True,False,True,False,2026-10-02 08:49:55.855,,33.1,53.2,48.5,False,0.6,341.0
2026,16,Bahrain Grand Prix,FP2,COL,Alpine,24.0,3.0,SOFT,6.0,105.218,26.95,35.687,42.581,260.0,127.0,284.0,302.0,1,True,False,True,False,2026-10-02 08:51:40.616,,33.1,53.1,49.1,False,1.9,99.0
2026,16,Bahrain Grand Prix,FP2,COL,Alpine,25.0,3.0,SOFT,7.0,104.821,26.785,35.429,42.607,270.0,127.0,283.0,315.0,1,True,False,True,False,2026-10-02 08:53:25.834,,33.1,52.9,47.9,False,2.1,106.0
2026,16,Bahrain Grand Prix,FP2,COL,Alpine,26.0,3.0,SOFT,8.0,106.304,26.888,36.281,43.135,271.0,132.0,281.0,309.0,1,True,False,True,False,2026-10-02 08:55:10.655,,33.0,53.6,48.4,False,1.5,107.0
2026,16,Bahrain Grand Prix,FP2,COL,Alpine,27.0,3.0,SOFT,9.0,140.05,26.812,42.821,70.417,260.0,99.0,173.0,142.0,126,True,False,False,False,2026-10-02 08:56:56.959,,33.0,53.4,47.7,False,1.1,91.0
2026,16,Bahrain Grand Prix,FP2,COL,Alpine,28.0,3.0,SOFT,10.0,119.656,32.377,44.223,43.056,262.0,131.0,281.0,311.0,6712,True,False,False,False,2026-10-02 08:59:17.009,,33.2,51.9,48.0,False,1.1,148.0
2026,16,Bahrain Grand Prix,FP2,COL,Alpine,29.0,3.0,SOFT,11.0,,27.35,42.432,88.87,240.0,115.0,3.0,240.0,21,True,False,False,False,2026-10-02 09:01:16.665,,33.1,51.7,47.4,False,1.6,96.0
2026,16,Bahrain Grand Prix,FP2,COL,Alpine,30.0,3.0,SOFT,12.0,,31.583,39.287,79.255,257.0,119.0,4.0,239.0,1,True,False,False,False,2026-10-02 09:03:55.345,,33.0,53.2,47.9,False,1.7,101.0
2026,16,Bahrain Grand Prix,FP2,COL,Alpine,31.0,3.0,SOFT,13.0,118.861,31.187,37.368,50.306,249.0,129.0,,292.0,1,True,False,False,False,2026-10-02 09:06:25.562,,33.1,51.7,47.3,False,2.2,103.0
2026,16,Bahrain Grand Prix,FP2,HAM,Ferrari,1.0,1.0,MEDIUM,1.0,,,45.86,54.881,243.0,97.0,273.0,248.0,1,True,False,False,False,2026-10-02 08:00:45.044,,33.7,60.1,47.4,False,1.1,216.0
2026,16,Bahrain Grand Prix,FP2,HAM,Ferrari,2.0,1.0,MEDIUM,2.0,98.577,25.373,32.502,40.702,284.0,143.0,260.0,294.0,12,True,True,True,False,2026-10-02 08:03:10.529,,33.6,60.9,48.0,False,0.6,274.0
2026,16,Bahrain Grand Prix,FP2,HAM,Ferrari,3.0,1.0,MEDIUM,3.0,,49.583,81.369,78.437,100.0,68.0,271.0,153.0,1,True,False,False,False,2026-10-02 08:04:49.106,,33.7,61.3,47.1,False,0.6,245.0
2026,16,Bahrain Grand Prix,FP2,HAM,Ferrari,4.0,1.0,MEDIUM,4.0,,35.232,62.885,61.841,178.0,65.0,277.0,210.0,1,True,False,False,False,2026-10-02 08:08:18.428,,33.9,61.7,46.2,False,0.9,89.0
2026,16,Bahrain Grand Prix,FP2,HAM,Ferrari,5.0,1.0,MEDIUM,5.0,134.518,27.141,48.307,59.07,241.0,97.0,272.0,241.0,1,True,False,True,False,2026-10-02 08:10:58.417,,33.7,61.1,47.1,False,0.8,322.0
2026,16,Bahrain Grand Prix,FP2,HAM,Ferrari,6.0,1.0,MEDIUM,6.0,112.186,25.651,35.922,50.613,284.0,133.0,,268.0,1,True,False,False,False,2026-10-02 08:13:12.935,,33.6,58.7,47.0,False,0.3,190.0
2026,16,Bahrain Grand Prix,FP2,HAM,Ferrari,7.0,2.0,SOFT,1.0,,,53.966,56.122,189.0,81.0,274.0,260.0,1,True,False,False,False,2026-10-02 08:15:05.121,,33.4,57.1,47.6,False,0.4,155.0
2026,16,Bahrain Grand Prix,FP2,HAM,Ferrari,8.0,2.0,SOFT,2.0,97.833,25.36,32.333,40.14,284.0,142.0,267.0,300.0,1,True,True,True,False,2026-10-02 08:20:34.902,,33.4,57.8,47.4,False,0.9,62.0
2026,16,Bahrain Grand Prix,FP2,HAM,Ferrari,9.0,2.0,SOFT,3.0,,45.874,86.182,89.137,105.0,55.0,273.0,105.0,1,True,False,False,False,2026-10-02 08:22:12.735,,33.5,58.4,47.5,False,1.6,311.0
2026,16,Bahrain Grand Prix,FP2,HAM,Ferrari,10.0,2.0,SOFT,4.0,138.997,28.211,52.267,58.519,197.0,82.0,274.0,211.0,1,True,False,True,False,2026-10-02 08:25:54.009,,33.9,58.9,46.6,False,0.9,344.0
2026,16,Bahrain Grand Prix,FP2,HAM,Ferrari,11.0,2.0,SOFT,5.0,107.195,25.536,32.466,49.193,285.0,141.0,,304.0,1,True,False,False,False,2026-10-02 08:28:13.006,,33.7,57.3,48.8,False,1.1,252.0
2026,16,Bahrain Grand Prix,FP2,HAM,Ferrari,12.0,3.0,SOFT,6.0,,,39.312,44.238,253.0,114.0,280.0,319.0,1,False,False,False,False,2026-10-02 08:30:00.201,,33.7,58.3,48.4,False,1.0,172.0
2026,16,Bahrain Grand Prix,FP2,HAM,Ferrari,13.0,3.0,SOFT,7.0,104.466,26.39,35.511,42.565,273.0,130.0,280.0,304.0,1,False,False,True,False,2026-10-02 08:37:35.436,,33.1,54.7,49.4,False,1.3,78.0
2026,16,Bahrain Grand Prix,FP2,HAM,Ferrari,14.0,3.0,SOFT,8.0,104.18,26.4,35.052,42.728,275.0,129.0,278.0,298.0,1,False,False,True,False,2026-10-02 08:39:19.902,,32.9,53.5,50.0,False,0.5,149.0
2026,16,Bahrain Grand Prix,FP2,HAM,Ferrari,15.0,3.0,SOFT,9.0,104.762,26.684,35.129,42.949,271.0,126.0,279.0,300.0,1,False,False,True,False,2026-10-02 08:41:04.082,,32.9,53.2,50.2,False,1.4,104.0
2026,16,Bahrain Grand Prix,FP2,HAM,Ferrari,16.0,3.0,SOFT,10.0,105.196,26.76,35.361,43.075,270.0,129.0,279.0,297.0,1,False,False,True,False,2026-10-02 08:42:48.844,,32.9,53.3,49.7,False,1.3,105.0
2026,16,Bahrain Grand Prix,FP2,HAM,Ferrari,17.0,3.0,SOFT,11.0,109.036,26.924,35.645,46.467,270.0,126.0,278.0,274.0,1,False,False,True,False,2026-10-02 08:44:34.040,,32.9,53.0,49.7,False,1.8,107.0
2026,16,Bahrain Grand Prix,FP2,HAM,Ferrari,18.0,3.0,SOFT,12.0,105.485,26.76,35.781,42.944,277.0,134.0,277.0,302.0,1,False,False,True,False,2026-10-02 08:46:23.076,,32.9,52.7,49.5,False,0.7,93.0
2026,16,Bahrain Grand Prix,FP2,HAM,Ferrari,19.0,3.0,SOFT,13.0,105.489,26.911,35.49,43.088,271.0,126.0,278.0,301.0,1,False,False,True,False,2026-10-02 08:48:08.561,,33.0,52.8,48.4,False,1.0,78.0
2026,16,Bahrain Grand Prix,FP2,HAM,Ferrari,20.0,3.0,SOFT,14.0,106.225,27.047,35.982,43.196,271.0,128.0,278.0,301.0,1,False,False,True,False,2026-10-02 08:49:54.050,,33.1,53.2,48.5,False,0.6,341.0
2026,16,Bahrain Grand Prix,FP2,HAM,Ferrari,21.0,3.0,SOFT,15.0,113.909,27.73,36.751,49.428,275.0,128.0,,312.0,1,False,False,False,False,2026-10-02 08:51:40.275,,33.1,53.1,49.1,False,1.9,99.0
2026,16,Bahrain Grand Prix,FP2,HAM,Ferrari,22.0,4.0,MEDIUM,7.0,125.976,47.648,36.049,42.279,273.0,131.0,282.0,316.0,1,False,False,False,False,2026-10-02 08:53:34.184,,33.1,52.9,47.9,False,2.1,106.0
2026,16,Bahrain Grand Prix,FP2,HAM,Ferrari,23.0,4.0,MEDIUM,8.0,104.504,26.419,35.101,42.984,275.0,132.0,280.0,313.0,1,False,False,True,False,2026-10-02 08:55:40.160,,33.0,53.7,48.5,False,0.0,0.0
2026,16,Bahrain Grand Prix,FP2,HAM,Ferrari,24.0,4.0,MEDIUM,9.0,145.859,26.66,61.334,57.865,272.0,101.0,240.0,169.0,1267,False,False,False,False,2026-10-02 08:57:24.664,,33.0,53.4,47.7,False,1.1,91.0
2026,16,Bahrain Grand Prix,FP2,HAM,Ferrari,25.0,4.0,MEDIUM,10.0,118.582,27.488,47.526,43.568,291.0,122.0,280.0,285.0,712,False,False,False,False,2026-10-02 08:59:50.523,,33.1,51.9,48.0,False,1.1,148.0
2026,16,Bahrain Grand Prix,FP2,HAM,Ferrari,26.0,4.0,MEDIUM,11.0,,27.791,43.872,,220.0,119.0,77.0,230.0,1,False,False,False,False,2026-10-02 09:01:49.105,,33.0,52.8,47.7,False,0.0,0.0
2026,16,Bahrain Grand Prix,FP2,HAM,Ferrari,27.0,4.0,MEDIUM,12.0,,28.785,46.405,84.663,270.0,105.0,59.0,222.0,1,False,False,False,False,2026-10-02 09:04:41.187,,33.1,52.6,47.5,False,0.8,89.0
2026,16,Bahrain Grand Prix,FP2,HAM,Ferrari,28.0,4.0,MEDIUM,13.0,117.332,28.547,36.841,51.944,276.0,127.0,,268.0,1,False,False,False,False,2026-10-02 09:07:20.913,,33.0,51.9,46.9,False,1.1,103.0
2026,16,Bahrain Grand Prix,FP2,BOR,Audi,1.0,1.0,MEDIUM,1.0,,,39.696,49.183,244.0,122.0,281.0,245.0,1,True,False,False,False,2026-10-02 08:00:36.165,,33.7,60.1,47.4,False,1.1,216.0
2026,16,Bahrain Grand Prix,FP2,BOR,Audi,2.0,1.0,MEDIUM,2.0,99.702,25.697,33.128,40.877,288.0,138.0,257.0,308.0,12,True,True,True,False,2026-10-02 08:02:44.750,,33.6,60.9,48.0,False,0.6,274.0
2026,16,Bahrain Grand Prix,FP2,BOR,Audi,3.0,1.0,MEDIUM,3.0,,40.801,50.391,66.896,144.0,107.0,,192.0,1,True,False,False,False,2026-10-02 08:04:24.452,,33.7,61.8,48.0,False,0.9,254.0
2026,16,Bahrain Grand Prix,FP2,BOR,Audi,4.0,2.0,MEDIUM,4.0,,60.876,48.508,56.275,113.0,109.0,278.0,247.0,1,False,False,False,False,2026-10-02 08:07:02.561,,33.9,62.7,47.8,False,0.7,286.0
2026,16,Bahrain Grand Prix,FP2,BOR,Audi,5.0,2.0,MEDIUM,5.0,100.422,25.843,33.494,41.085,286.0,137.0,255.0,308.0,1,False,False,True,False,2026-10-02 08:09:48.231,,33.9,61.0,46.5,False,0.7,109.0
2026,16,Bahrain Grand Prix,FP2,BOR,Audi,6.0,2.0,MEDIUM,6.0,,37.066,53.562,60.607,142.0,100.0,,253.0,1,False,False,False,False,2026-10-02 08:11:28.653,,33.7,61.1,47.1,False,0.8,322.0
2026,16,Bahrain Grand Prix,FP2,BOR,Audi,7.0,3.0,MEDIUM,7.0,,,41.491,57.929,244.0,111.0,278.0,235.0,1,False,False,False,False,2026-10-02 08:13:59.838,,33.5,57.2,46.6,False,0.4,160.0
2026,16,Bahrain Grand Prix,FP2,BOR,Audi,8.0,3.0,MEDIUM,8.0,114.776,26.032,34.921,53.823,285.0,132.0,,268.0,1,False,False,False,False,2026-10-02 08:17:28.051,,33.3,57.5,48.2,False,1.1,73.0
2026,16,Bahrain Grand Prix,FP2,BOR,Audi,9.0,4.0,SOFT,1.0,,,41.392,49.671,248.0,114.0,280.0,249.0,1,True,False,False,False,2026-10-02 08:19:22.827,,33.4,57.7,47.6,False,0.5,345.0
2026,16,Bahrain Grand Prix,FP2,BOR,Audi,10.0,4.0,SOFT,2.0,99.051,25.612,32.991,40.448,286.0,140.0,256.0,308.0,1,True,True,True,False,2026-10-02 08:25:11.183,,33.8,58.1,47.2,False,1.2,87.0
2026,16,Bahrain Grand Prix,FP2,BOR,Audi,11.0,4.0,SOFT,3.0,115.908,32.536,36.095,47.277,215.0,133.0,,301.0,1,True,False,False,False,2026-10-02 08:26:50.234,,33.8,59.5,48.0,False,0.4,238.0
2026,16,Bahrain Grand Prix,FP2,BOR,Audi,12.0,5.0,MEDIUM,9.0,,,35.873,42.21,281.0,130.0,280.0,304.0,1,False,False,False,False,2026-10-02 08:28:46.142,,33.6,59.5,49.2,False,0.8,266.0
2026,16,Bahrain Grand Prix,FP2,BOR,Audi,13.0,5.0,MEDIUM,10.0,104.62,26.372,35.344,42.904,279.0,130.0,284.0,301.0,1,False,False,True,False,2026-10-02 08:34:11.759,,33.6,0.0,48.7,False,1.3,123.0
2026,16,Bahrain Grand Prix,FP2,BOR,Audi,14.0,5.0,MEDIUM,11.0,107.355,26.705,37.223,43.427,228.0,131.0,279.0,306.0,1,False,False,True,False,2026-10-02 08:35:56.379,,33.4,55.0,48.9,False,1.3,92.0
2026,16,Bahrain Grand Prix,FP2,BOR,Audi,15.0,5.0,MEDIUM,12.0,108.221,27.404,37.246,43.571,266.0,137.0,283.0,302.0,1,False,False,True,False,2026-10-02 08:37:43.734,,33.0,53.3,49.6,False,1.8,111.0
2026,16,Bahrain Grand Prix,FP2,BOR,Audi,16.0,5.0,MEDIUM,13.0,107.134,27.109,36.767,43.258,282.0,128.0,283.0,319.0,1,False,False,True,False,2026-10-02 08:39:31.955,,32.9,53.5,50.0,False,0.5,149.0
2026,16,Bahrain Grand Prix,FP2,BOR,Audi,17.0,5.0,MEDIUM,14.0,106.454,26.84,36.031,43.583,303.0,128.0,273.0,290.0,1,False,False,True,False,2026-10-02 08:41:19.089,,32.9,53.2,50.2,False,1.4,104.0
2026,16,Bahrain Grand Prix,FP2,BOR,Audi,18.0,5.0,MEDIUM,15.0,107.171,27.478,36.183,43.51,274.0,125.0,286.0,292.0,1,False,False,True,False,2026-10-02 08:43:05.543,,32.9,53.3,49.7,False,1.3,105.0
2026,16,Bahrain Grand Prix,FP2,BOR,Audi,19.0,5.0,MEDIUM,16.0,107.489,27.329,36.785,43.375,285.0,125.0,280.0,299.0,1,False,False,True,False,2026-10-02 08:44:52.714,,32.9,53.5,49.6,False,0.9,96.0
2026,16,Bahrain Grand Prix,FP2,BOR,Audi,20.0,5.0,MEDIUM,17.0,107.862,27.428,36.778,43.656,256.0,126.0,281.0,301.0,1,False,False,True,False,2026-10-02 08:46:40.203,,32.9,52.7,49.5,False,0.7,93.0
2026,16,Bahrain Grand Prix,FP2,BOR,Audi,21.0,5.0,MEDIUM,18.0,113.15,27.097,36.306,49.747,277.0,126.0,,298.0,1,False,False,False,False,2026-10-02 08:48:28.065,,33.0,52.8,48.4,False,1.0,78.0
2026,16,Bahrain Grand Prix,FP2,BOR,Audi,22.0,6.0,SOFT,4.0,134.466,57.347,35.212,41.907,276.0,135.0,279.0,301.0,1,False,False,False,False,2026-10-02 08:50:21.215,,33.1,53.2,48.5,False,0.6,341.0
2026,16,Bahrain Grand Prix,FP2,BOR,Audi,23.0,6.0,SOFT,5.0,104.248,26.672,35.124,42.452,274.0,130.0,281.0,296.0,1,False,False,True,False,2026-10-02 08:52:35.681,,33.1,53.1,49.1,False,1.9,99.0
2026,16,Bahrain Grand Prix,FP2,BOR,Audi,24.0,6.0,SOFT,6.0,104.934,26.743,35.481,42.71,275.0,131.0,280.0,302.0,1,False,False,True,False,2026-10-02 08:54:19.929,,33.1,53.6,48.5,False,0.5,90.0
2026,16,Bahrain Grand Prix,FP2,BOR,Audi,25.0,6.0,SOFT,7.0,,,,,,,,,1,False,False,False,False,,,,,,False,,
2026,16,Bahrain Grand Prix,FP2,SAI,Williams,1.0,1.0,MEDIUM,1.0,,,39.76,55.051,267.0,89.0,263.0,243.0,1,True,False,False,False,2026-10-02 08:00:25.368,,33.4,61.6,47.9,False,0.8,311.0
2026,16,Bahrain Grand Prix,FP2,SAI,Williams,2.0,1.0,MEDIUM,2.0,100.311,25.65,33.679,40.982,281.0,141.0,268.0,308.0,1,True,True,True,False,2026-10-02 08:02:36.460,,33.6,60.9,48.0,False,0.6,274.0
2026,16,Bahrain Grand Prix,FP2,SAI,Williams,3.0,1.0,MEDIUM,3.0,,47.332,47.257,60.454,116.0,103.0,146.0,179.0,12,True,False,False,False,2026-10-02 08:04:16.771,,33.7,61.8,48.0,False,0.9,254.0
2026,16,Bahrain Grand Prix,FP2,SAI,Williams,4.0,1.0,MEDIUM,4.0,136.319,38.093,43.303,54.923,233.0,110.0,267.0,192.0,1,True,False,True,False,2026-10-02 08:06:51.861,,33.9,62.7,47.8,False,0.7,286.0
2026,16,Bahrain Grand Prix,FP2,SAI,Williams,5.0,1.0,MEDIUM,5.0,101.091,25.861,33.975,41.255,288.0,140.0,269.0,312.0,1,True,False,True,False,2026-10-02 08:09:08.180,,34.0,61.6,45.6,False,1.1,120.0
2026,16,Bahrain Grand Prix,FP2,SAI,Williams,6.0,1.0,MEDIUM,6.0,136.15,31.998,45.081,59.071,241.0,108.0,,253.0,1,True,False,False,False,2026-10-02 08:10:49.271,,33.7,61.1,47.1,False,0.8,322.0
2026,16,Bahrain Grand Prix,FP2,SAI,Williams,7.0,2.0,SOFT,1.0,,58.97,40.561,56.996,287.0,105.0,266.0,249.0,1,True,False,False,False,2026-10-02 08:13:05.421,,33.6,58.7,47.0,False,0.3,190.0
2026,16,Bahrain Grand Prix,FP2,SAI,Williams,8.0,2.0,SOFT,2.0,99.93,25.718,33.562,40.65,289.0,142.0,268.0,311.0,1,True,True,True,False,2026-10-02 08:15:41.854,,33.3,57.6,48.7,False,0.8,97.0
2026,16,Bahrain Grand Prix,FP2,SAI,Williams,9.0,2.0,SOFT,3.0,140.996,39.979,45.064,55.953,165.0,114.0,,263.0,1,True,False,False,False,2026-10-02 08:17:21.784,,33.3,57.5,48.2,False,1.1,73.0
2026,16,Bahrain Grand Prix,FP2,SAI,Williams,10.0,3.0,MEDIUM,7.0,,,37.029,43.509,260.0,130.0,284.0,304.0,1,False,False,False,False,2026-10-02 08:19:42.780,,33.4,57.8,47.4,False,0.9,62.0
2026,16,Bahrain Grand Prix,FP2,SAI,Williams,11.0,3.0,MEDIUM,8.0,105.016,26.555,35.847,42.614,273.0,129.0,281.0,304.0,1,False,False,True,False,2026-10-02 08:28:28.395,,33.7,57.3,48.8,False,1.1,252.0
2026,16,Bahrain Grand Prix,FP2,SAI,Williams,12.0,3.0,MEDIUM,9.0,105.75,26.689,36.158,42.903,268.0,130.0,280.0,304.0,1,False,False,True,False,2026-10-02 08:30:13.411,,33.7,58.3,48.4,False,1.0,172.0
2026,16,Bahrain Grand Prix,FP2,SAI,Williams,13.0,3.0,MEDIUM,10.0,105.573,26.826999999999998,35.986,42.76,270.0,130.0,279.0,300.0,1,False,False,True,False,2026-10-02 08:31:59.161,,33.6,57.2,47.9,False,0.6,345.0
2026,16,Bahrain Grand Prix,FP2,SAI,Williams,14.0,3.0,MEDIUM,11.0,106.498,26.834,36.412,43.252,265.0,129.0,281.0,298.0,1,False,False,True,False,2026-10-02 08:33:44.734,,33.6,0.0,48.7,False,1.3,123.0
2026,16,Bahrain Grand Prix,FP2,SAI,Williams,15.0,3.0,MEDIUM,12.0,106.866,26.886,36.337,43.643,266.0,126.0,278.0,291.0,1,False,False,True,False,2026-10-02 08:35:31.232,,33.6,55.6,49.0,False,1.2,32.0
2026,16,Bahrain Grand Prix,FP2,SAI,Williams,16.0,3.0,MEDIUM,13.0,108.071,26.99,37.169,43.912,275.0,131.0,279.0,295.0,1,False,False,True,False,2026-10-02 08:37:18.098,,33.1,54.7,49.4,False,1.3,78.0
2026,16,Bahrain Grand Prix,FP2,SAI,Williams,17.0,3.0,MEDIUM,14.0,107.776,27.241,36.846,43.689,270.0,125.0,279.0,296.0,1,False,False,True,False,2026-10-02 08:39:06.169,,32.9,53.5,50.0,False,0.5,149.0
2026,16,Bahrain Grand Prix,FP2,SAI,Williams,18.0,3.0,MEDIUM,15.0,107.815,27.489,36.674,43.652,271.0,122.0,279.0,296.0,1,False,False,True,False,2026-10-02 08:40:53.945,,32.9,53.2,50.2,False,1.4,104.0
2026,16,Bahrain Grand Prix,FP2,SAI,Williams,19.0,3.0,MEDIUM,16.0,114.331,27.512,37.186,49.633,275.0,126.0,,295.0,1,False,False,False,False,2026-10-02 08:42:41.760,,32.9,53.3,49.7,False,1.3,105.0
2026,16,Bahrain Grand Prix,FP2,SAI,Williams,20.0,4.0,SOFT,4.0,137.883,58.313,36.855,42.715,279.0,129.0,284.0,296.0,1,False,False,False,False,2026-10-02 08:44:36.091,,32.9,53.5,49.6,False,0.9,96.0
2026,16,Bahrain Grand Prix,FP2,SAI,Williams,21.0,4.0,SOFT,5.0,105.528,26.315,36.114,43.099,268.0,130.0,283.0,295.0,1,False,False,True,False,2026-10-02 08:46:53.974,,32.9,52.7,49.5,False,0.7,93.0
2026,16,Bahrain Grand Prix,FP2,SAI,Williams,22.0,4.0,SOFT,6.0,105.984,26.778,36.224,42.982,267.0,129.0,281.0,294.0,1,False,False,True,False,2026-10-02 08:48:39.502,,33.1,53.1,48.4,False,1.6,106.0
2026,16,Bahrain Grand Prix,FP2,SAI,Williams,23.0,4.0,SOFT,7.0,105.989,26.634,36.24,43.115,277.0,127.0,280.0,296.0,1,False,False,True,False,2026-10-02 08:50:25.486,,33.1,53.2,48.5,False,0.6,341.0
2026,16,Bahrain Grand Prix,FP2,SAI,Williams,24.0,4.0,SOFT,8.0,106.167,26.757,36.272,43.138,280.0,127.0,281.0,294.0,1,False,False,True,False,2026-10-02 08:52:11.475,,33.1,53.1,49.1,False,1.9,99.0
2026,16,Bahrain Grand Prix,FP2,SAI,Williams,25.0,4.0,SOFT,9.0,106.113,26.77,36.477,42.866,278.0,127.0,281.0,305.0,1,False,False,True,False,2026-10-02 08:53:57.642,,33.1,53.6,48.5,False,0.5,90.0
2026,16,Bahrain Grand Prix,FP2,SAI,Williams,26.0,4.0,SOFT,10.0,107.804,26.946,37.376,43.482,271.0,126.0,283.0,303.0,12,False,False,True,False,2026-10-02 08:55:43.755,,33.0,53.7,48.5,False,0.0,0.0
2026,16,Bahrain Grand Prix,FP2,SAI,Williams,27.0,4.0,SOFT,11.0,145.801,31.798000000000002,55.274,58.729,118.0,95.0,202.0,211.0,2671,False,False,False,False,2026-10-02 08:57:31.559,,33.0,53.4,47.7,False,1.1,91.0
2026,16,Bahrain Grand Prix,FP2,SAI,Williams,28.0,4.0,SOFT,12.0,117.847,27.474,47.348,43.025,281.0,129.0,288.0,328.0,12,False,False,True,False,2026-10-02 08:59:57.360,,33.1,51.9,48.0,False,1.1,148.0
2026,16,Bahrain Grand Prix,FP2,SAI,Williams,29.0,4.0,SOFT,13.0,,39.552,55.349,93.107,140.0,94.0,125.0,185.0,1,False,False,False,False,2026-10-02 09:01:55.207,,33.0,52.8,47.7,False,0.0,0.0
2026,16,Bahrain Grand Prix,FP2,SAI,Williams,30.0,4.0,SOFT,14.0,,28.532,38.672,90.143,273.0,122.0,129.0,128.0,1,False,False,False,False,2026-10-02 09:05:03.225,,33.1,52.6,47.5,False,0.8,89.0
2026,16,Bahrain Grand Prix,FP2,SAI,Williams,31.0,4.0,SOFT,15.0,114.507,28.364,36.768,49.375,275.0,134.0,,303.0,1,False,False,False,False,2026-10-02 09:07:40.605,,33.0,51.6,46.5,False,1.1,99.0
2026,16,Bahrain Grand Prix,FP2,HAD,Red Bull Racing,1.0,1.0,MEDIUM,1.0,,,44.805,54.379,254.0,102.0,280.0,240.0,12,True,False,False,False,2026-10-02 08:02:15.347,,33.7,59.9,47.3,False,0.9,245.0
2026,16,Bahrain Grand Prix,FP2,HAD,Red Bull Racing,2.0,1.0,MEDIUM,2.0,99.006,25.472,32.874,40.66,288.0,117.0,262.0,314.0,1,True,True,True,False,2026-10-02 08:04:26.022,,33.7,61.8,48.0,False,0.9,254.0
2026,16,Bahrain Grand Prix,FP2,HAD,Red Bull Racing,3.0,1.0,MEDIUM,3.0,,47.11,76.975,69.226,72.0,77.0,280.0,216.0,1,True,False,False,False,2026-10-02 08:06:05.028,,33.8,62.4,47.5,False,0.7,254.0
2026,16,Bahrain Grand Prix,FP2,HAD,Red Bull Racing,4.0,1.0,MEDIUM,4.0,99.245,25.575,32.905,40.765,288.0,137.0,260.0,308.0,1,True,False,True,False,2026-10-02 08:09:18.376,,34.0,61.6,45.6,False,1.1,120.0
2026,16,Bahrain Grand Prix,FP2,HAD,Red Bull Racing,5.0,1.0,MEDIUM,5.0,126.124,34.239,40.423,51.462,127.0,113.0,,294.0,1,True,False,False,False,2026-10-02 08:10:57.621,,33.7,61.1,47.1,False,0.8,322.0
2026,16,Bahrain Grand Prix,FP2,HAD,Red Bull Racing,6.0,2.0,SOFT,1.0,,,41.72,48.692,213.0,110.0,283.0,254.0,1,True,False,False,False,2026-10-02 08:13:03.745,,33.6,58.7,47.0,False,0.3,190.0
2026,16,Bahrain Grand Prix,FP2,HAD,Red Bull Racing,7.0,2.0,SOFT,2.0,97.627,25.189,32.229,40.209,290.0,143.0,261.0,306.0,1,True,True,True,False,2026-10-02 08:28:46.386,,33.6,59.5,49.2,False,0.8,266.0
2026,16,Bahrain Grand Prix,FP2,HAD,Red Bull Racing,8.0,2.0,SOFT,3.0,118.232,29.764,36.432,52.036,265.0,124.0,,281.0,1,True,False,False,False,2026-10-02 08:30:24.013,,33.7,58.3,48.4,False,1.0,172.0
2026,16,Bahrain Grand Prix,FP2,HAD,Red Bull Racing,9.0,3.0,MEDIUM,6.0,,,36.42,42.478,284.0,130.0,283.0,302.0,1,False,False,False,False,2026-10-02 08:32:22.245,,33.6,57.2,47.9,False,0.6,345.0
2026,16,Bahrain Grand Prix,FP2,HAD,Red Bull Racing,10.0,3.0,MEDIUM,7.0,104.994,26.527,35.683,42.784,280.0,130.0,288.0,308.0,1,False,False,True,False,2026-10-02 08:40:24.461,,32.9,54.1,49.4,False,0.9,106.0
2026,16,Bahrain Grand Prix,FP2,HAD,Red Bull Racing,11.0,3.0,MEDIUM,8.0,105.351,26.642,35.803,42.906,262.0,130.0,282.0,304.0,1,False,False,True,False,2026-10-02 08:42:09.455,,32.9,53.7,49.9,False,1.4,327.0
2026,16,Bahrain Grand Prix,FP2,HAD,Red Bull Racing,12.0,3.0,MEDIUM,9.0,104.929,26.632,35.513,42.784,279.0,128.0,282.0,302.0,1,False,False,True,False,2026-10-02 08:43:54.806,,32.9,53.0,49.7,False,1.8,107.0
2026,16,Bahrain Grand Prix,FP2,HAD,Red Bull Racing,13.0,3.0,MEDIUM,10.0,106.039,26.795,35.883,43.361,277.0,127.0,287.0,306.0,1,False,False,True,False,2026-10-02 08:45:39.735,,32.9,52.7,49.5,False,0.7,93.0
2026,16,Bahrain Grand Prix,FP2,HAD,Red Bull Racing,14.0,3.0,MEDIUM,11.0,106.387,27.326,36.078,42.983,279.0,127.0,281.0,300.0,1,False,False,True,False,2026-10-02 08:47:25.774,,32.9,52.7,49.5,False,0.7,93.0
2026,16,Bahrain Grand Prix,FP2,HAD,Red Bull Racing,15.0,3.0,MEDIUM,12.0,105.289,26.938,35.47,42.881,280.0,128.0,281.0,300.0,1,False,False,True,False,2026-10-02 08:49:12.161,,33.1,53.1,48.4,False,1.6,106.0
2026,16,Bahrain Grand Prix,FP2,HAD,Red Bull Racing,16.0,3.0,MEDIUM,13.0,105.566,26.973,35.581,43.012,281.0,130.0,284.0,301.0,1,False,False,True,False,2026-10-02 08:50:57.450,,33.1,53.2,48.8,False,1.5,98.0
2026,16,Bahrain Grand Prix,FP2,HAD,Red Bull Racing,17.0,3.0,MEDIUM,14.0,105.655,26.916,35.644,43.095,281.0,129.0,283.0,299.0,1,False,False,True,False,2026-10-02 08:52:43.016,,33.1,52.9,47.9,False,2.1,106.0
2026,16,Bahrain Grand Prix,FP2,HAD,Red Bull Racing,18.0,3.0,MEDIUM,15.0,105.732,26.866,35.694,43.172,281.0,130.0,283.0,300.0,1,False,False,True,False,2026-10-02 08:54:28.671,,33.1,53.6,48.5,False,0.5,90.0
2026,16,Bahrain Grand Prix,FP2,HAD,Red Bull Racing,19.0,3.0,MEDIUM,16.0,114.626,26.883,35.692,52.051,280.0,129.0,,320.0,126,False,False,False,False,2026-10-02 08:56:14.403,,33.0,53.7,48.5,False,0.0,0.0
2026,16,Bahrain Grand Prix,FP2,HAD,Red Bull Racing,20.0,4.0,SOFT,4.0,,70.07,48.306,41.481,176.0,135.0,287.0,306.0,6712,False,False,False,False,2026-10-02 08:58:09.029,,33.1,53.2,47.4,False,0.0,0.0
2026,16,Bahrain Grand Prix,FP2,HAD,Red Bull Racing,21.0,4.0,SOFT,5.0,137.936,27.785,42.876,67.275,221.0,112.0,36.0,170.0,21,False,False,True,False,2026-10-02 09:00:48.909,,33.1,51.7,47.4,False,1.6,96.0
2026,16,Bahrain Grand Prix,FP2,HAD,Red Bull Racing,22.0,4.0,SOFT,6.0,,56.81,44.146,77.292,268.0,87.0,48.0,232.0,1,False,False,False,False,2026-10-02 09:03:06.845,,33.0,52.8,47.7,False,0.0,0.0
2026,16,Bahrain Grand Prix,FP2,HAD,Red Bull Racing,23.0,4.0,SOFT,7.0,122.555,32.617,36.968,52.97,260.0,110.0,,275.0,1,False,False,False,False,2026-10-02 09:06:05.174,,33.1,51.7,47.3,False,2.2,103.0
2026,16,Bahrain Grand Prix,FP2,RUS,Mercedes,1.0,1.0,MEDIUM,1.0,,,49.011,53.471,220.0,108.0,276.0,258.0,1,True,False,False,False,2026-10-02 08:01:26.908,,33.7,60.1,47.4,False,1.1,216.0
2026,16,Bahrain Grand Prix,FP2,RUS,Mercedes,2.0,1.0,MEDIUM,2.0,98.02,25.351,32.62,40.049,284.0,140.0,273.0,308.0,12,True,True,True,False,2026-10-02 08:03:50.050,,33.7,61.8,48.0,False,0.9,254.0
2026,16,Bahrain Grand Prix,FP2,RUS,Mercedes,3.0,1.0,MEDIUM,3.0,,31.858,61.016,75.795,182.0,82.0,150.0,137.0,1,True,False,False,False,2026-10-02 08:05:28.070,,33.7,61.3,47.1,False,0.6,245.0
2026,16,Bahrain Grand Prix,FP2,RUS,Mercedes,4.0,1.0,MEDIUM,4.0,,41.697,60.501,67.533,150.0,100.0,273.0,228.0,1,True,False,False,False,2026-10-02 08:08:16.870,,33.9,61.7,46.2,False,0.9,89.0
2026,16,Bahrain Grand Prix,FP2,RUS,Mercedes,5.0,1.0,MEDIUM,5.0,109.613,25.513,32.906,51.194,283.0,135.0,,271.0,1,True,False,False,False,2026-10-02 08:11:06.645,,33.7,61.1,47.1,False,0.8,322.0
2026,16,Bahrain Grand Prix,FP2,RUS,Mercedes,6.0,2.0,SOFT,1.0,,,46.187,51.775,226.0,109.0,276.0,254.0,1,True,False,False,False,2026-10-02 08:12:56.258,,33.6,58.7,47.0,False,0.3,190.0
2026,16,Bahrain Grand Prix,FP2,RUS,Mercedes,7.0,2.0,SOFT,2.0,108.819,25.363,32.314,51.142,285.0,143.0,,307.0,1,True,False,False,False,2026-10-02 08:17:12.814,,33.3,57.5,48.2,False,1.1,73.0
2026,16,Bahrain Grand Prix,FP2,RUS,Mercedes,8.0,3.0,SOFT,3.0,,,39.443,42.854,231.0,127.0,279.0,310.0,1,False,False,False,False,2026-10-02 08:19:01.633,,33.4,57.7,47.6,False,0.5,345.0
2026,16,Bahrain Grand Prix,FP2,RUS,Mercedes,9.0,3.0,SOFT,4.0,104.726,26.574,36.011,42.141,272.0,138.0,281.0,298.0,1,False,False,True,False,2026-10-02 08:27:51.870,,33.7,57.3,48.8,False,1.1,252.0
2026,16,Bahrain Grand Prix,FP2,RUS,Mercedes,10.0,3.0,SOFT,5.0,104.826,26.48,35.963,42.383,274.0,135.0,279.0,301.0,1,False,False,True,False,2026-10-02 08:29:36.596,,33.7,58.3,48.4,False,1.0,172.0
2026,16,Bahrain Grand Prix,FP2,RUS,Mercedes,11.0,3.0,SOFT,6.0,104.542,26.638,35.601,42.303,270.0,135.0,278.0,298.0,1,False,False,True,False,2026-10-02 08:31:21.422,,33.6,57.5,48.4,False,0.8,307.0
2026,16,Bahrain Grand Prix,FP2,RUS,Mercedes,12.0,3.0,SOFT,7.0,104.617,26.762,35.539,42.316,269.0,133.0,279.0,300.0,1,False,False,True,False,2026-10-02 08:33:05.964,,33.6,56.2,48.7,False,0.9,131.0
2026,16,Bahrain Grand Prix,FP2,RUS,Mercedes,13.0,3.0,SOFT,8.0,104.315,26.47,35.36,42.485,275.0,133.0,278.0,299.0,1,False,False,True,False,2026-10-02 08:34:50.581,,33.6,55.6,49.0,False,1.2,32.0
2026,16,Bahrain Grand Prix,FP2,RUS,Mercedes,14.0,3.0,SOFT,9.0,104.96,26.675,35.429,42.856,273.0,129.0,279.0,302.0,1,False,False,True,False,2026-10-02 08:36:34.896,,33.4,55.0,48.9,False,1.3,92.0
2026,16,Bahrain Grand Prix,FP2,RUS,Mercedes,15.0,3.0,SOFT,10.0,113.067,28.094,42.163,42.81,177.0,129.0,278.0,297.0,1,False,False,True,False,2026-10-02 08:38:19.856,,33.0,53.3,49.6,False,1.8,111.0
2026,16,Bahrain Grand Prix,FP2,RUS,Mercedes,16.0,3.0,SOFT,11.0,105.334,26.832,35.682,42.82,268.0,130.0,279.0,303.0,1,False,False,True,False,2026-10-02 08:40:12.923,,32.9,54.1,49.4,False,0.9,106.0
2026,16,Bahrain Grand Prix,FP2,RUS,Mercedes,17.0,3.0,SOFT,12.0,105.269,26.867,35.671,42.731,268.0,130.0,280.0,297.0,1,False,False,True,False,2026-10-02 08:41:58.257,,32.9,53.7,49.9,False,1.4,327.0
2026,16,Bahrain Grand Prix,FP2,RUS,Mercedes,18.0,3.0,SOFT,13.0,105.471,26.888,35.702,42.881,271.0,129.0,281.0,298.0,1,False,False,True,False,2026-10-02 08:43:43.526,,32.9,53.0,49.7,False,1.8,107.0
2026,16,Bahrain Grand Prix,FP2,RUS,Mercedes,19.0,3.0,SOFT,14.0,105.729,26.831,35.855,43.043,272.0,128.0,279.0,310.0,1,False,False,True,False,2026-10-02 08:45:28.997,,32.9,53.5,49.6,False,0.9,96.0
2026,16,Bahrain Grand Prix,FP2,RUS,Mercedes,20.0,3.0,SOFT,15.0,105.743,26.987,35.747,43.009,271.0,127.0,278.0,306.0,1,False,False,True,False,2026-10-02 08:47:14.726,,32.9,52.7,49.5,False,0.7,93.0
2026,16,Bahrain Grand Prix,FP2,RUS,Mercedes,21.0,3.0,SOFT,16.0,105.779,26.848,36.139,42.792,274.0,137.0,278.0,298.0,1,False,False,True,False,2026-10-02 08:49:00.469,,33.1,53.1,48.4,False,1.6,106.0
2026,16,Bahrain Grand Prix,FP2,RUS,Mercedes,22.0,3.0,SOFT,17.0,105.827,27.054,35.838,42.935,271.0,129.0,278.0,297.0,1,False,False,True,False,2026-10-02 08:50:46.248,,33.1,53.2,48.8,False,1.5,98.0
2026,16,Bahrain Grand Prix,FP2,RUS,Mercedes,23.0,3.0,SOFT,18.0,105.77,27.051,35.773,42.946,272.0,129.0,280.0,297.0,1,False,False,True,False,2026-10-02 08:52:32.075,,33.1,53.1,49.1,False,1.9,99.0
2026,16,Bahrain Grand Prix,FP2,RUS,Mercedes,24.0,3.0,SOFT,19.0,112.091,27.192,35.73,49.169,269.0,127.0,,291.0,1,False,False,False,False,2026-10-02 08:54:17.845,,33.1,53.6,48.5,False,0.5,90.0
2026,16,Bahrain Grand Prix,FP2,RUS,Mercedes,25.0,4.0,MEDIUM,6.0,,,43.669,47.961,90.0,122.0,246.0,269.0,1267,False,False,False,False,2026-10-02 08:56:09.936,,33.0,53.7,48.5,False,0.0,0.0
2026,16,Bahrain Grand Prix,FP2,RUS,Mercedes,26.0,4.0,MEDIUM,7.0,,31.202,48.038,74.209,189.0,100.0,28.0,164.0,21,False,False,False,False,2026-10-02 09:01:06.851,,33.1,51.7,47.4,False,1.6,96.0
2026,16,Bahrain Grand Prix,FP2,RUS,Mercedes,27.0,4.0,MEDIUM,8.0,,55.596,41.368,90.209,255.0,111.0,4.0,172.0,1,False,False,False,False,2026-10-02 09:03:40.385,,33.0,53.2,47.9,False,1.7,101.0
2026,16,Bahrain Grand Prix,FP2,RUS,Mercedes,28.0,4.0,MEDIUM,9.0,116.735,29.493,35.963,51.279,267.0,127.0,,262.0,1,False,False,False,False,2026-10-02 09:06:47.575,,33.0,51.9,46.9,False,1.1,103.0
2026,16,Bahrain Grand Prix,FP2,BOT,Cadillac,1.0,1.0,SOFT,1.0,,,43.683,57.677,208.0,98.0,272.0,125.0,1,True,False,False,False,2026-10-02 08:00:56.191,,33.7,60.1,47.4,False,1.1,216.0
2026,16,Bahrain Grand Prix,FP2,BOT,Cadillac,2.0,1.0,SOFT,2.0,100.68,25.891,33.565,41.224,281.0,137.0,255.0,328.0,12,True,True,True,False,2026-10-02 08:03:32.481,,33.6,60.9,48.0,False,0.6,274.0
2026,16,Bahrain Grand Prix,FP2,BOT,Cadillac,3.0,1.0,SOFT,3.0,,35.194,54.451,66.573,157.0,100.0,148.0,145.0,1,True,False,False,False,2026-10-02 08:05:13.161,,33.7,61.3,47.1,False,0.6,245.0
2026,16,Bahrain Grand Prix,FP2,BOT,Cadillac,4.0,1.0,SOFT,4.0,,42.846,53.99,53.884,146.0,105.0,270.0,270.0,1,True,False,False,False,2026-10-02 08:07:49.431,,33.9,61.7,46.2,False,0.9,89.0
2026,16,Bahrain Grand Prix,FP2,BOT,Cadillac,5.0,1.0,SOFT,5.0,101.558,26.137,33.971,41.45,280.0,134.0,274.0,329.0,1,True,False,True,False,2026-10-02 08:10:20.155,,33.9,61.0,46.5,False,0.7,109.0
2026,16,Bahrain Grand Prix,FP2,BOT,Cadillac,6.0,1.0,SOFT,6.0,122.817,28.303,37.399,57.115,261.0,123.0,,238.0,1,True,False,False,False,2026-10-02 08:12:01.713,,33.7,58.7,47.0,False,0.3,190.0
2026,16,Bahrain Grand Prix,FP2,BOT,Cadillac,7.0,2.0,SOFT,1.0,,,47.042,49.635,198.0,102.0,273.0,268.0,1,True,False,False,False,2026-10-02 08:14:04.530,,33.5,57.2,46.6,False,0.4,160.0
2026,16,Bahrain Grand Prix,FP2,BOT,Cadillac,8.0,2.0,SOFT,2.0,133.769,25.75,46.251,61.768,282.0,94.0,172.0,194.0,1,True,False,True,False,2026-10-02 08:22:50.465,,33.6,58.5,49.7,False,0.4,13.0
2026,16,Bahrain Grand Prix,FP2,BOT,Cadillac,9.0,2.0,SOFT,3.0,,42.037,54.737,53.663,106.0,96.0,274.0,270.0,1,True,False,False,False,2026-10-02 08:25:04.234,,33.8,58.1,47.2,False,1.2,87.0
2026,16,Bahrain Grand Prix,FP2,BOT,Cadillac,10.0,2.0,SOFT,4.0,100.186,25.71,33.698,40.778,284.0,138.0,279.0,331.0,1,True,True,True,False,2026-10-02 08:27:34.666,,33.8,59.5,48.0,False,0.4,238.0
2026,16,Bahrain Grand Prix,FP2,BOT,Cadillac,11.0,2.0,SOFT,5.0,136.997,31.139,40.029,65.829,258.0,96.0,,214.0,1,True,False,False,False,2026-10-02 08:29:14.852,,33.6,59.5,49.2,False,0.8,266.0
2026,16,Bahrain Grand Prix,FP2,BOT,Cadillac,12.0,3.0,SOFT,6.0,,,38.461,44.125,267.0,119.0,280.0,297.0,1,False,False,False,False,2026-10-02 08:31:31.849,,33.6,57.5,48.4,False,0.8,307.0
2026,16,Bahrain Grand Prix,FP2,BOT,Cadillac,13.0,3.0,SOFT,7.0,105.237,26.559,35.863,42.815,281.0,129.0,280.0,317.0,1,False,False,True,False,2026-10-02 08:38:31.694,,33.0,53.3,49.6,False,1.8,111.0
2026,16,Bahrain Grand Prix,FP2,BOT,Cadillac,14.0,3.0,SOFT,8.0,106.775,26.958,36.54,43.277,274.0,128.0,280.0,310.0,1,False,False,True,False,2026-10-02 08:40:16.931,,32.9,54.1,49.4,False,0.9,106.0
2026,16,Bahrain Grand Prix,FP2,BOT,Cadillac,15.0,3.0,SOFT,9.0,107.237,26.978,36.657,43.602,273.0,126.0,279.0,311.0,1,False,False,True,False,2026-10-02 08:42:03.706,,32.9,53.7,49.9,False,1.4,327.0
2026,16,Bahrain Grand Prix,FP2,BOT,Cadillac,16.0,3.0,SOFT,10.0,107.133,27.088,36.532,43.513,275.0,126.0,279.0,307.0,1,False,False,True,False,2026-10-02 08:43:50.943,,32.9,53.0,49.7,False,1.8,107.0
2026,16,Bahrain Grand Prix,FP2,BOT,Cadillac,17.0,3.0,SOFT,11.0,107.343,27.062,36.639,43.642,276.0,126.0,279.0,311.0,1,False,False,True,False,2026-10-02 08:45:38.076,,32.9,52.7,49.5,False,0.7,93.0
2026,16,Bahrain Grand Prix,FP2,BOT,Cadillac,18.0,3.0,SOFT,12.0,107.879,27.097,37.336,43.446,275.0,125.0,281.0,314.0,1,False,False,True,False,2026-10-02 08:47:25.419,,32.9,52.7,49.5,False,0.7,93.0
2026,16,Bahrain Grand Prix,FP2,BOT,Cadillac,19.0,3.0,SOFT,13.0,107.676,27.226,36.696,43.754,280.0,125.0,289.0,315.0,1,False,False,True,False,2026-10-02 08:49:13.298,,33.1,53.1,48.4,False,1.6,106.0
2026,16,Bahrain Grand Prix,FP2,BOT,Cadillac,20.0,3.0,SOFT,14.0,109.003,27.144,37.913,43.946,296.0,123.0,280.0,318.0,1,False,False,True,False,2026-10-02 08:51:00.974,,33.1,53.2,48.8,False,1.5,98.0
2026,16,Bahrain Grand Prix,FP2,BOT,Cadillac,21.0,3.0,SOFT,15.0,108.022,27.341,36.708,43.973,277.0,124.0,280.0,314.0,1,False,False,True,False,2026-10-02 08:52:49.977,,33.1,52.9,47.9,False,2.1,106.0
2026,16,Bahrain Grand Prix,FP2,BOT,Cadillac,22.0,3.0,SOFT,16.0,111.547,27.58,37.601,46.366,263.0,117.0,280.0,312.0,1,False,False,True,False,2026-10-02 08:54:37.999,,33.0,53.6,48.4,False,1.5,107.0
2026,16,Bahrain Grand Prix,FP2,BOT,Cadillac,23.0,3.0,SOFT,17.0,122.323,27.423,37.169,57.731,276.0,122.0,,253.0,126,False,False,False,False,2026-10-02 08:56:29.546,,33.0,53.7,48.5,False,0.0,0.0
2026,16,Bahrain Grand Prix,FP2,BOT,Cadillac,24.0,4.0,SOFT,7.0,146.403,58.146,45.073,43.184,198.0,125.0,280.0,318.0,6712,False,False,False,False,2026-10-02 08:58:31.869,,33.1,53.2,47.4,False,0.0,0.0
2026,16,Bahrain Grand Prix,FP2,BOT,Cadillac,25.0,4.0,SOFT,8.0,,28.861,39.953,87.957,216.0,110.0,3.0,239.0,21,False,False,False,False,2026-10-02 09:00:58.272,,33.1,51.7,47.4,False,1.6,96.0
2026,16,Bahrain Grand Prix,FP2,BOT,Cadillac,26.0,4.0,SOFT,9.0,146.58,29.767,36.979,79.834,277.0,128.0,4.0,194.0,1,False,False,True,False,2026-10-02 09:03:35.087,,33.0,52.8,47.7,False,0.0,0.0
2026,16,Bahrain Grand Prix,FP2,BOT,Cadillac,27.0,4.0,SOFT,10.0,127.783,30.373,36.626,60.784,285.0,120.0,,317.0,1,False,False,False,False,2026-10-02 09:06:01.667,,33.1,51.7,47.3,False,2.2,103.0
2026,16,Bahrain Grand Prix,FP2,PIA,McLaren,1.0,1.0,SOFT,1.0,,,41.795,58.656,225.0,114.0,255.0,112.0,1,True,False,False,False,2026-10-02 08:00:51.927,,33.7,60.1,47.4,False,1.1,216.0
2026,16,Bahrain Grand Prix,FP2,PIA,McLaren,2.0,1.0,SOFT,2.0,99.165,25.582,32.91,40.673,283.0,136.0,278.0,308.0,12,True,True,True,False,2026-10-02 08:03:24.771,,33.6,60.9,48.0,False,0.6,274.0
2026,16,Bahrain Grand Prix,FP2,PIA,McLaren,3.0,1.0,SOFT,3.0,,36.092,47.54,67.857,162.0,108.0,,199.0,1,True,False,False,False,2026-10-02 08:05:03.936,,33.7,61.3,47.1,False,0.6,245.0
2026,16,Bahrain Grand Prix,FP2,PIA,McLaren,4.0,2.0,SOFT,4.0,,51.393,50.172,53.417,189.0,94.0,262.0,260.0,1,False,False,False,False,2026-10-02 08:07:35.564,,33.9,62.7,47.8,False,0.7,286.0
2026,16,Bahrain Grand Prix,FP2,PIA,McLaren,5.0,2.0,SOFT,5.0,99.54,25.62,32.969,40.951,282.0,132.0,272.0,311.0,1,False,False,True,False,2026-10-02 08:10:10.571,,33.9,61.0,46.5,False,0.7,109.0
2026,16,Bahrain Grand Prix,FP2,PIA,McLaren,6.0,2.0,SOFT,6.0,131.076,30.16,44.534,56.382,202.0,114.0,,261.0,1,False,False,False,False,2026-10-02 08:11:50.111,,33.7,58.7,47.0,False,0.3,190.0
2026,16,Bahrain Grand Prix,FP2,PIA,McLaren,7.0,3.0,SOFT,1.0,,,48.319,57.611,224.0,86.0,270.0,270.0,1,True,False,False,False,2026-10-02 08:14:01.187,,33.5,57.2,46.6,False,0.4,160.0
2026,16,Bahrain Grand Prix,FP2,PIA,McLaren,8.0,3.0,SOFT,2.0,97.899,25.255,32.542,40.102,290.0,135.0,275.0,313.0,1,True,True,True,False,2026-10-02 08:20:26.051,,33.4,57.8,47.4,False,0.9,62.0
2026,16,Bahrain Grand Prix,FP2,PIA,McLaren,9.0,3.0,SOFT,3.0,,36.786,50.53,68.343,177.0,106.0,,183.0,1,True,False,False,False,2026-10-02 08:22:03.950,,33.5,58.4,47.5,False,1.6,311.0
2026,16,Bahrain Grand Prix,FP2,PIA,McLaren,10.0,4.0,SOFT,4.0,,51.89,52.467,55.89,183.0,102.0,269.0,188.0,1,False,False,False,False,2026-10-02 08:24:39.637,,33.8,58.1,47.2,False,1.2,87.0
2026,16,Bahrain Grand Prix,FP2,PIA,McLaren,11.0,4.0,SOFT,5.0,98.633,25.414,32.717,40.502,289.0,141.0,272.0,316.0,1,False,False,True,False,2026-10-02 08:27:19.818,,33.8,59.5,48.0,False,0.4,238.0
2026,16,Bahrain Grand Prix,FP2,PIA,McLaren,12.0,4.0,SOFT,6.0,123.805,30.125,40.782,52.898,246.0,122.0,,257.0,1,False,False,False,False,2026-10-02 08:28:58.451,,33.6,59.5,49.2,False,0.8,266.0
2026,16,Bahrain Grand Prix,FP2,PIA,McLaren,13.0,5.0,SOFT,7.0,,,36.82,42.827,276.0,125.0,283.0,300.0,1,False,False,False,False,2026-10-02 08:31:02.256,,33.6,57.5,48.4,False,0.8,307.0
2026,16,Bahrain Grand Prix,FP2,PIA,McLaren,14.0,5.0,SOFT,8.0,105.463,26.694,36.055,42.714,274.0,130.0,284.0,298.0,1,False,False,True,False,2026-10-02 08:43:10.490,,32.9,53.3,49.7,False,1.3,105.0
2026,16,Bahrain Grand Prix,FP2,PIA,McLaren,15.0,5.0,SOFT,9.0,105.002,26.734,35.545,42.723,279.0,130.0,285.0,303.0,1,False,False,True,False,2026-10-02 08:44:55.953,,32.9,53.5,49.6,False,0.9,96.0
2026,16,Bahrain Grand Prix,FP2,PIA,McLaren,16.0,5.0,SOFT,10.0,104.765,26.523,35.329,42.913,278.0,125.0,280.0,296.0,1,False,False,True,False,2026-10-02 08:46:40.955,,32.9,52.7,49.5,False,0.7,93.0
2026,16,Bahrain Grand Prix,FP2,PIA,McLaren,17.0,5.0,SOFT,11.0,105.203,26.478,35.825,42.9,286.0,128.0,283.0,299.0,1,False,False,True,False,2026-10-02 08:48:25.720,,33.0,52.8,48.4,False,1.0,78.0
2026,16,Bahrain Grand Prix,FP2,PIA,McLaren,18.0,5.0,SOFT,12.0,105.393,26.665,35.576,43.152,290.0,126.0,282.0,299.0,1,False,False,True,False,2026-10-02 08:50:10.923,,33.1,53.2,48.5,False,0.6,341.0
2026,16,Bahrain Grand Prix,FP2,PIA,McLaren,19.0,5.0,SOFT,13.0,105.034,26.686,35.428,42.92,293.0,129.0,282.0,296.0,1,False,False,True,False,2026-10-02 08:51:56.316,,33.1,53.1,49.1,False,1.9,99.0
2026,16,Bahrain Grand Prix,FP2,PIA,McLaren,20.0,5.0,SOFT,14.0,104.774,26.629,35.231,42.914,288.0,129.0,283.0,302.0,1,False,False,True,False,2026-10-02 08:53:41.350,,33.1,53.6,48.5,False,0.5,90.0
2026,16,Bahrain Grand Prix,FP2,PIA,McLaren,21.0,5.0,SOFT,15.0,105.246,26.626,35.683,42.937,284.0,130.0,281.0,301.0,1,False,False,True,False,2026-10-02 08:55:26.124,,33.0,53.6,48.4,False,1.5,107.0
2026,16,Bahrain Grand Prix,FP2,PIA,McLaren,22.0,5.0,SOFT,16.0,138.902,26.723,47.177,65.002,286.0,99.0,,164.0,126,False,False,False,False,2026-10-02 08:57:11.370,,33.0,53.4,47.7,False,1.1,91.0
2026,16,Bahrain Grand Prix,FP2,PIA,McLaren,23.0,6.0,SOFT,7.0,144.585,51.403,50.05,43.132,259.0,126.0,266.0,287.0,6712,False,False,False,False,2026-10-02 08:59:30.272,,33.2,51.9,48.0,False,1.1,148.0
2026,16,Bahrain Grand Prix,FP2,PIA,McLaren,24.0,6.0,SOFT,8.0,,31.362,47.225,98.206,193.0,101.0,125.0,199.0,1,False,False,False,False,2026-10-02 09:01:54.857,,33.0,52.8,47.7,False,0.0,0.0
2026,16,Bahrain Grand Prix,FP2,PIA,McLaren,25.0,6.0,SOFT,9.0,,28.139,43.75,85.351,297.0,95.0,126.0,230.0,1,False,False,False,False,2026-10-02 09:04:51.739,,33.1,52.6,47.5,False,0.8,89.0
2026,16,Bahrain Grand Prix,FP2,PIA,McLaren,26.0,6.0,SOFT,10.0,121.159,27.45,34.833,58.876,295.0,132.0,,239.0,1,False,False,False,False,2026-10-02 09:07:28.979,,33.0,51.9,46.9,False,1.1,103.0
2026,16,Bahrain Grand Prix,FP2,BEA,Haas F1 Team,1.0,1.0,MEDIUM,1.0,,,42.465,49.578,199.0,103.0,267.0,229.0,1,True,False,False,False,2026-10-02 08:00:11.743,,33.4,61.6,47.9,False,0.8,311.0
2026,16,Bahrain Grand Prix,FP2,BEA,Haas F1 Team,2.0,1.0,MEDIUM,2.0,100.473,25.853,33.762,40.858,287.0,141.0,265.0,323.0,1,True,True,True,False,2026-10-02 08:02:17.267,,33.7,59.9,47.3,False,0.9,245.0
2026,16,Bahrain Grand Prix,FP2,BEA,Haas F1 Team,3.0,1.0,MEDIUM,3.0,,44.609,58.382,64.071,116.0,101.0,,204.0,12,True,False,False,False,2026-10-02 08:03:57.740,,33.7,61.8,48.0,False,0.9,254.0
2026,16,Bahrain Grand Prix,FP2,BEA,Haas F1 Team,4.0,2.0,MEDIUM,4.0,,80.228,50.565,57.346,182.0,93.0,267.0,215.0,1,False,False,False,False,2026-10-02 08:06:44.870,,33.9,62.7,47.8,False,0.7,286.0
2026,16,Bahrain Grand Prix,FP2,BEA,Haas F1 Team,5.0,2.0,MEDIUM,5.0,100.801,25.954,33.76,41.087,284.0,139.0,265.0,325.0,1,False,False,True,False,2026-10-02 08:09:52.890,,33.9,61.0,46.5,False,0.7,109.0
2026,16,Bahrain Grand Prix,FP2,BEA,Haas F1 Team,6.0,2.0,MEDIUM,6.0,125.893,32.539,39.74,53.614,222.0,123.0,,271.0,1,False,False,False,False,2026-10-02 08:11:33.691,,33.7,61.1,47.1,False,0.8,322.0
2026,16,Bahrain Grand Prix,FP2,BEA,Haas F1 Team,7.0,3.0,SOFT,1.0,,63.746,47.251,50.922,192.0,103.0,267.0,269.0,1,True,False,False,False,2026-10-02 08:13:39.584,,33.5,57.2,46.6,False,0.4,160.0
2026,16,Bahrain Grand Prix,FP2,BEA,Haas F1 Team,8.0,3.0,SOFT,2.0,99.706,25.65,33.351,40.705,287.0,143.0,264.0,323.0,1,True,True,True,False,2026-10-02 08:16:21.458,,33.3,57.6,48.7,False,0.8,97.0
2026,16,Bahrain Grand Prix,FP2,BEA,Haas F1 Team,9.0,3.0,SOFT,3.0,134.752,34.555,44.289,55.908,187.0,125.0,,207.0,1,True,False,False,False,2026-10-02 08:18:01.164,,33.3,57.4,48.2,False,1.8,96.0
2026,16,Bahrain Grand Prix,FP2,BEA,Haas F1 Team,10.0,4.0,MEDIUM,7.0,,,36.8,45.857,268.0,128.0,276.0,304.0,1,False,False,False,False,2026-10-02 08:20:15.916,,33.4,57.8,47.4,False,0.9,62.0
2026,16,Bahrain Grand Prix,FP2,BEA,Haas F1 Team,11.0,4.0,MEDIUM,8.0,107.288,26.928,36.165,44.195,270.0,128.0,276.0,302.0,1,False,False,True,False,2026-10-02 08:28:06.738,,33.7,57.3,48.8,False,1.1,252.0
2026,16,Bahrain Grand Prix,FP2,BEA,Haas F1 Team,12.0,4.0,MEDIUM,9.0,105.851,26.705,35.914,43.232,272.0,131.0,276.0,299.0,1,False,False,True,False,2026-10-02 08:29:54.026,,33.7,58.3,48.4,False,1.0,172.0
2026,16,Bahrain Grand Prix,FP2,BEA,Haas F1 Team,13.0,4.0,MEDIUM,10.0,106.134,26.927,35.974,43.233,272.0,129.0,276.0,298.0,1,False,False,True,False,2026-10-02 08:31:39.877,,33.6,57.2,47.9,False,0.6,345.0
2026,16,Bahrain Grand Prix,FP2,BEA,Haas F1 Team,14.0,4.0,MEDIUM,11.0,106.92,26.923000000000002,36.499,43.498,275.0,129.0,278.0,309.0,1,False,False,True,False,2026-10-02 08:33:26.011,,33.6,56.2,48.7,False,0.9,131.0
2026,16,Bahrain Grand Prix,FP2,BEA,Haas F1 Team,15.0,4.0,MEDIUM,12.0,106.743,26.761,36.392,43.59,285.0,130.0,279.0,308.0,1,False,False,True,False,2026-10-02 08:35:12.931,,33.6,55.6,49.0,False,1.2,32.0
2026,16,Bahrain Grand Prix,FP2,BEA,Haas F1 Team,16.0,4.0,MEDIUM,13.0,107.695,27.046,37.068,43.581,282.0,129.0,280.0,309.0,1,False,False,True,False,2026-10-02 08:36:59.674,,33.1,54.7,49.4,False,1.3,78.0
2026,16,Bahrain Grand Prix,FP2,BEA,Haas F1 Team,17.0,4.0,MEDIUM,14.0,109.747,27.155,38.706,43.886,276.0,126.0,280.0,314.0,1,False,False,True,False,2026-10-02 08:38:47.369,,32.9,53.5,50.0,False,0.5,149.0
2026,16,Bahrain Grand Prix,FP2,BEA,Haas F1 Team,18.0,4.0,MEDIUM,15.0,107.286,26.964,36.645,43.677,277.0,127.0,279.0,311.0,1,False,False,True,False,2026-10-02 08:40:37.116,,32.9,53.2,50.2,False,1.4,104.0
2026,16,Bahrain Grand Prix,FP2,BEA,Haas F1 Team,19.0,4.0,MEDIUM,16.0,114.177,27.325,36.957,49.895,275.0,126.0,,319.0,1,False,False,False,False,2026-10-02 08:42:24.402,,32.9,53.7,49.9,False,1.4,327.0
2026,16,Bahrain Grand Prix,FP2,BEA,Haas F1 Team,20.0,5.0,SOFT,4.0,,71.123,36.533,43.361,276.0,129.0,277.0,291.0,1,False,False,False,False,2026-10-02 08:44:18.579,,32.9,53.0,49.7,False,1.8,107.0
2026,16,Bahrain Grand Prix,FP2,BEA,Haas F1 Team,21.0,5.0,SOFT,5.0,105.984,26.553,36.22,43.211,276.0,130.0,277.0,298.0,1,False,False,True,False,2026-10-02 08:46:49.585,,32.9,52.7,49.5,False,0.7,93.0
2026,16,Bahrain Grand Prix,FP2,BEA,Haas F1 Team,22.0,5.0,SOFT,6.0,105.563,26.662,35.903,42.998,279.0,131.0,279.0,301.0,1,False,False,True,False,2026-10-02 08:48:35.569,,33.0,52.8,48.4,False,1.0,78.0
2026,16,Bahrain Grand Prix,FP2,BEA,Haas F1 Team,23.0,5.0,SOFT,7.0,105.952,26.932,36.094,42.926,275.0,128.0,281.0,306.0,1,False,False,True,False,2026-10-02 08:50:21.132,,33.1,53.2,48.5,False,0.6,341.0
2026,16,Bahrain Grand Prix,FP2,BEA,Haas F1 Team,24.0,5.0,SOFT,8.0,105.448,26.65,35.9,42.898,279.0,129.0,281.0,303.0,1,False,False,True,False,2026-10-02 08:52:07.084,,33.1,53.1,49.1,False,1.9,99.0
2026,16,Bahrain Grand Prix,FP2,BEA,Haas F1 Team,25.0,5.0,SOFT,9.0,106.078,26.8,36.033,43.245,274.0,129.0,281.0,302.0,1,False,False,True,False,2026-10-02 08:53:52.532,,33.1,53.6,48.5,False,0.5,90.0
2026,16,Bahrain Grand Prix,FP2,BEA,Haas F1 Team,26.0,5.0,SOFT,10.0,106.221,26.729,35.991,43.501,277.0,129.0,285.0,300.0,1,False,False,True,False,2026-10-02 08:55:38.610,,33.0,53.7,48.5,False,0.0,0.0
2026,16,Bahrain Grand Prix,FP2,BEA,Haas F1 Team,27.0,5.0,SOFT,11.0,,27.048,61.596,68.523,286.0,119.0,35.0,192.0,1267,False,False,False,False,2026-10-02 08:57:24.831,,33.0,53.4,47.7,False,1.1,91.0
2026,16,Bahrain Grand Prix,FP2,BEA,Haas F1 Team,28.0,5.0,SOFT,12.0,145.713,38.948,44.111,62.654,183.0,113.0,22.0,230.0,12,False,False,True,False,2026-10-02 09:00:02.106,,33.1,51.9,48.0,False,1.1,148.0
2026,16,Bahrain Grand Prix,FP2,BEA,Haas F1 Team,29.0,5.0,SOFT,13.0,,55.877,44.192,86.343,154.0,123.0,4.0,201.0,1,False,False,False,False,2026-10-02 09:02:27.819,,33.0,52.8,47.7,False,0.0,0.0
2026,16,Bahrain Grand Prix,FP2,BEA,Haas F1 Team,30.0,5.0,SOFT,14.0,114.984,29.95,36.359,48.675,276.0,130.0,,305.0,1,False,False,False,False,2026-10-02 09:05:34.222,,33.1,52.6,47.5,False,0.8,89.0
