race_analysis_id,lap_number,race_phase,air_temp_c,track_temp_c,humidity_pct,rainfall,wind_speed_mps,weather_state,track_temp_delta_from_start_c,weather_impact_label,confidence
2024-01-bahrain,1,opening,18.9,26.5,46.0,False,0.9,dry,0.0,stable dry phase,1.0
2024-01-bahrain,2,opening,18.9,26.5,46.0,False,1.0,dry,0.0,stable dry phase,1.0
2024-01-bahrain,3,opening,18.9,26.2,45.05,False,1.1,dry,-0.3,stable dry phase,1.0
2024-01-bahrain,4,opening,18.9,26.2,46.0,False,1.02,dry,-0.3,stable dry phase,1.0
2024-01-bahrain,5,opening,18.9,26.2,46.0,False,0.83,dry,-0.3,stable dry phase,1.0
2024-01-bahrain,6,opening,18.9,26.19,46.0,False,0.91,dry,-0.31,stable dry phase,1.0
2024-01-bahrain,7,opening,18.89,25.79,46.05,False,1.57,dry,-0.71,stable dry phase,1.0
2024-01-bahrain,8,opening,18.8,25.7,47.0,False,1.03,dry,-0.8,stable dry phase,1.0
2024-01-bahrain,9,opening,18.7,25.8,46.95,False,0.82,dry,-0.7,stable dry phase,1.0
2024-01-bahrain,10,opening,18.8,25.7,46.0,False,1.4,dry,-0.8,stable dry phase,1.0
2024-01-bahrain,11,opening,18.7,25.6,46.0,False,0.57,dry,-0.9,stable dry phase,1.0
2024-01-bahrain,12,middle,18.7,25.57,46.0,False,1.06,dry,-0.93,stable dry phase,1.0
2024-01-bahrain,13,middle,18.7,25.49,46.0,False,0.83,dry,-1.01,stable dry phase,1.0
2024-01-bahrain,14,middle,18.7,25.43,46.0,False,1.15,dry,-1.07,stable dry phase,1.0
2024-01-bahrain,15,middle,18.7,25.4,46.0,False,1.33,dry,-1.1,stable dry phase,1.0
2024-01-bahrain,16,middle,18.7,25.4,46.0,False,1.35,dry,-1.1,stable dry phase,1.0
2024-01-bahrain,17,middle,18.62,25.46,46.0,False,0.59,dry,-1.04,stable dry phase,1.0
2024-01-bahrain,18,middle,18.6,25.29,46.0,False,0.6,dry,-1.21,stable dry phase,1.0
2024-01-bahrain,19,middle,18.6,25.02,46.0,False,0.44,dry,-1.48,stable dry phase,1.0
2024-01-bahrain,20,middle,18.6,24.94,46.0,False,1.19,dry,-1.56,stable dry phase,1.0
2024-01-bahrain,21,middle,18.6,24.89,46.0,False,1.31,dry,-1.61,stable dry phase,1.0
2024-01-bahrain,22,middle,18.52,24.74,46.05,False,1.46,dry,-1.76,stable dry phase,1.0
2024-01-bahrain,23,middle,18.5,24.7,47.0,False,1.32,dry,-1.8,stable dry phase,1.0
2024-01-bahrain,24,middle,18.5,24.62,47.0,False,1.33,dry,-1.88,stable dry phase,1.0
2024-01-bahrain,25,middle,18.5,24.69,47.0,False,0.8,dry,-1.81,stable dry phase,1.0
2024-01-bahrain,26,middle,18.5,24.5,47.0,False,1.08,dry,-2.0,stable dry phase,1.0
2024-01-bahrain,27,middle,18.49,24.48,47.15,False,1.53,dry,-2.02,stable dry phase,1.0
2024-01-bahrain,28,middle,18.4,24.3,48.6,False,1.41,dry,-2.2,stable dry phase,1.0
2024-01-bahrain,29,middle,18.4,24.27,49.0,False,1.2,dry,-2.23,stable dry phase,1.0
2024-01-bahrain,30,middle,18.4,24.13,49.0,False,1.66,dry,-2.37,stable dry phase,1.0
2024-01-bahrain,31,middle,18.4,24.14,49.0,False,1.49,dry,-2.36,stable dry phase,1.0
2024-01-bahrain,32,middle,18.4,24.08,49.0,False,1.68,dry,-2.42,stable dry phase,1.0
2024-01-bahrain,33,middle,18.39,23.91,49.0,False,1.89,dry,-2.59,stable dry phase,1.0
2024-01-bahrain,34,middle,18.34,23.76,49.0,False,1.9,dry,-2.74,stable dry phase,1.0
2024-01-bahrain,35,middle,18.32,23.74,49.0,False,1.62,dry,-2.76,stable dry phase,1.0
2024-01-bahrain,36,middle,18.3,23.89,49.0,False,1.27,dry,-2.61,stable dry phase,1.0
2024-01-bahrain,37,middle,18.26,23.8,49.0,False,1.28,dry,-2.7,stable dry phase,1.0
2024-01-bahrain,38,middle,18.29,23.8,49.0,False,1.04,dry,-2.7,stable dry phase,1.0
2024-01-bahrain,39,middle,18.3,23.8,49.0,False,1.27,dry,-2.7,stable dry phase,1.0
2024-01-bahrain,40,middle,18.3,23.75,49.0,False,0.97,dry,-2.75,stable dry phase,1.0
2024-01-bahrain,41,middle,18.3,23.62,49.1,False,0.82,dry,-2.88,stable dry phase,1.0
2024-01-bahrain,42,middle,18.3,23.5,49.95,False,1.23,dry,-3.0,stable dry phase,1.0
2024-01-bahrain,43,closing,18.3,23.51,49.4,False,0.65,dry,-2.99,stable dry phase,1.0
2024-01-bahrain,44,closing,18.29,23.61,50.0,False,0.53,dry,-2.89,stable dry phase,1.0
2024-01-bahrain,45,closing,18.2,23.62,50.0,False,0.81,dry,-2.88,stable dry phase,1.0
2024-01-bahrain,46,closing,18.2,23.5,50.0,False,0.51,dry,-3.0,stable dry phase,1.0
2024-01-bahrain,47,closing,18.2,23.49,50.0,False,0.51,dry,-3.01,stable dry phase,1.0
2024-01-bahrain,48,closing,18.21,23.45,50.0,False,0.55,dry,-3.05,stable dry phase,1.0
2024-01-bahrain,49,closing,18.26,23.54,50.0,False,0.52,dry,-2.96,stable dry phase,1.0
2024-01-bahrain,50,closing,18.25,23.46,50.0,False,0.67,dry,-3.04,stable dry phase,1.0
2024-01-bahrain,51,closing,18.18,23.37,50.0,False,0.66,dry,-3.13,stable dry phase,1.0
2024-01-bahrain,52,closing,18.11,23.38,50.0,False,0.22,dry,-3.12,stable dry phase,1.0
2024-01-bahrain,53,closing,18.1,23.26,50.1,False,0.33,dry,-3.24,stable dry phase,1.0
2024-01-bahrain,54,closing,18.1,23.35,50.5,False,0.49,dry,-3.15,stable dry phase,1.0
2024-01-bahrain,55,closing,18.1,23.35,50.15,False,0.3,dry,-3.15,stable dry phase,1.0
2024-01-bahrain,56,closing,18.1,23.29,50.0,False,0.31,dry,-3.21,stable dry phase,1.0
2024-01-bahrain,57,closing,18.1,23.29,50.0,False,0.6,dry,-3.21,stable dry phase,1.0
2024-02-jeddah,1,opening,25.5,33.6,67.0,False,2.6,dry,0.0,stable dry phase,1.0
2024-02-jeddah,2,opening,25.5,33.4,67.0,False,2.4,dry,-0.2,stable dry phase,1.0
2024-02-jeddah,3,opening,25.5,33.3,67.0,False,2.3,dry,-0.3,stable dry phase,1.0
2024-02-jeddah,4,opening,25.5,33.5,67.0,False,2.5,dry,-0.1,stable dry phase,1.0
2024-02-jeddah,5,opening,25.5,33.44,67.0,False,1.84,dry,-0.16,stable dry phase,1.0
2024-02-jeddah,6,opening,25.5,33.4,67.0,False,2.1,dry,-0.2,stable dry phase,1.0
2024-02-jeddah,7,opening,25.5,33.32,65.83,False,2.13,dry,-0.28,stable dry phase,1.0
2024-02-jeddah,8,opening,25.5,33.19,65.0,False,1.89,dry,-0.41,stable dry phase,1.0
2024-02-jeddah,9,opening,25.6,33.4,63.0,False,1.3,dry,-0.2,stable dry phase,1.0
2024-02-jeddah,10,opening,25.5,33.1,61.0,False,1.0,dry,-0.5,stable dry phase,1.0
2024-02-jeddah,11,middle,25.5,33.2,61.0,False,1.9,dry,-0.4,stable dry phase,1.0
2024-02-jeddah,12,middle,25.57,33.17,60.28,False,1.31,dry,-0.43,stable dry phase,1.0
2024-02-jeddah,13,middle,25.7,33.1,60.0,False,0.9,dry,-0.5,stable dry phase,1.0
2024-02-jeddah,14,middle,25.8,32.8,59.0,False,1.1,dry,-0.8,stable dry phase,1.0
2024-02-jeddah,15,middle,25.8,32.8,58.0,False,1.3,dry,-0.8,stable dry phase,1.0
2024-02-jeddah,16,middle,25.9,33.3,57.0,False,0.9,dry,-0.3,stable dry phase,1.0
2024-02-jeddah,17,middle,25.9,32.75,57.0,False,1.1,dry,-0.85,stable dry phase,1.0
2024-02-jeddah,18,middle,25.9,32.5,57.0,False,1.1,dry,-1.1,stable dry phase,1.0
2024-02-jeddah,19,middle,25.82,32.42,57.0,False,1.36,dry,-1.18,stable dry phase,1.0
2024-02-jeddah,20,middle,25.7,32.2,57.0,False,1.3,dry,-1.4,stable dry phase,1.0
2024-02-jeddah,21,middle,25.61,32.2,58.0,False,1.49,dry,-1.4,stable dry phase,1.0
2024-02-jeddah,22,middle,25.6,32.3,57.44,False,2.11,dry,-1.3,stable dry phase,1.0
2024-02-jeddah,23,middle,25.6,31.9,58.0,False,2.2,dry,-1.7,stable dry phase,1.0
2024-02-jeddah,24,middle,25.6,31.96,58.56,False,2.34,dry,-1.64,stable dry phase,1.0
2024-02-jeddah,25,middle,25.5,32.0,59.0,False,2.4,dry,-1.6,stable dry phase,1.0
2024-02-jeddah,26,middle,25.5,31.9,59.0,False,2.16,dry,-1.7,stable dry phase,1.0
2024-02-jeddah,27,middle,25.5,31.82,60.0,False,1.96,dry,-1.78,stable dry phase,1.0
2024-02-jeddah,28,middle,25.5,32.0,60.0,False,1.81,dry,-1.6,stable dry phase,1.0
2024-02-jeddah,29,middle,25.45,31.95,60.0,False,1.8,dry,-1.65,stable dry phase,1.0
2024-02-jeddah,30,middle,25.49,31.99,60.89,False,2.08,dry,-1.61,stable dry phase,1.0
2024-02-jeddah,31,middle,25.44,31.79,61.0,False,2.36,dry,-1.81,stable dry phase,1.0
2024-02-jeddah,32,middle,25.4,31.7,61.94,False,2.21,dry,-1.9,stable dry phase,1.0
2024-02-jeddah,33,middle,25.4,31.7,62.0,False,2.02,dry,-1.9,stable dry phase,1.0
2024-02-jeddah,34,middle,25.4,31.79,62.44,False,1.78,dry,-1.81,stable dry phase,1.0
2024-02-jeddah,35,middle,25.32,31.74,62.22,False,1.42,dry,-1.86,stable dry phase,1.0
2024-02-jeddah,36,middle,25.3,31.6,62.0,False,1.4,dry,-2.0,stable dry phase,1.0
2024-02-jeddah,37,middle,25.38,31.5,62.0,False,1.43,dry,-2.1,stable dry phase,1.0
2024-02-jeddah,38,closing,25.4,31.5,62.0,False,1.42,dry,-2.1,stable dry phase,1.0
2024-02-jeddah,39,closing,25.4,31.68,62.0,False,1.22,dry,-1.92,stable dry phase,1.0
2024-02-jeddah,40,closing,25.47,31.7,61.39,False,1.1,dry,-1.9,stable dry phase,1.0
2024-02-jeddah,41,closing,25.59,31.7,61.44,False,0.98,dry,-1.9,stable dry phase,1.0
2024-02-jeddah,42,closing,25.67,31.99,61.33,False,0.9,dry,-1.61,stable dry phase,1.0
2024-02-jeddah,43,closing,25.7,31.49,61.0,False,1.1,dry,-2.11,stable dry phase,1.0
2024-02-jeddah,44,closing,25.7,31.42,61.0,False,1.01,dry,-2.18,stable dry phase,1.0
2024-02-jeddah,45,closing,25.7,31.49,61.0,False,0.96,dry,-2.11,stable dry phase,1.0
2024-02-jeddah,46,closing,25.7,31.5,61.0,False,0.8,dry,-2.1,stable dry phase,1.0
2024-02-jeddah,47,closing,25.64,31.45,61.5,False,1.16,dry,-2.15,stable dry phase,1.0
2024-02-jeddah,48,closing,25.52,31.44,62.0,False,0.78,dry,-2.16,stable dry phase,1.0
2024-02-jeddah,49,closing,25.46,31.52,62.0,False,0.75,dry,-2.08,stable dry phase,1.0
2024-02-jeddah,50,closing,25.48,31.62,62.0,False,1.12,dry,-1.98,stable dry phase,1.0
2024-03-albert_park,1,opening,19.0,37.0,49.0,False,0.4,dry,0.0,stable dry phase,1.0
2024-03-albert_park,2,opening,19.0,37.0,48.0,False,0.68,dry,0.0,stable dry phase,1.0
2024-03-albert_park,3,opening,19.0,37.7,49.0,False,0.7,dry,0.7,stable dry phase,1.0
2024-03-albert_park,4,opening,19.0,38.0,49.0,False,1.1,dry,1.0,stable dry phase,1.0
2024-03-albert_park,5,opening,19.1,37.8,48.0,False,1.0,dry,0.8,stable dry phase,1.0
2024-03-albert_park,6,opening,19.2,37.5,48.0,False,0.5,dry,0.5,stable dry phase,1.0
2024-03-albert_park,7,opening,19.36,37.48,48.61,False,0.82,dry,0.48,stable dry phase,1.0
2024-03-albert_park,8,opening,19.4,37.6,49.0,False,0.7,dry,0.6,stable dry phase,1.0
2024-03-albert_park,9,opening,19.4,38.1,47.67,False,0.73,dry,1.1,stable dry phase,1.0
2024-03-albert_park,10,opening,19.49,37.91,46.06,False,0.87,dry,0.91,stable dry phase,1.0
2024-03-albert_park,11,opening,19.46,37.9,46.0,False,0.57,dry,0.9,stable dry phase,1.0
2024-03-albert_park,12,middle,19.3,37.98,46.0,False,1.42,dry,0.98,stable dry phase,1.0
2024-03-albert_park,13,middle,19.29,38.26,47.94,False,1.36,dry,1.26,stable dry phase,1.0
2024-03-albert_park,14,middle,19.29,39.2,47.0,False,0.6,dry,2.2,stable dry phase,1.0
2024-03-albert_park,15,middle,19.49,39.2,46.06,False,0.98,dry,2.2,stable dry phase,1.0
2024-03-albert_park,16,middle,19.6,39.12,45.12,False,1.15,dry,2.12,stable dry phase,1.0
2024-03-albert_park,17,middle,19.52,38.35,46.76,False,0.19,dry,1.35,stable dry phase,1.0
2024-03-albert_park,18,middle,19.75,38.74,46.0,False,0.74,dry,1.74,stable dry phase,1.0
2024-03-albert_park,19,middle,19.6,36.9,46.0,False,2.2,dry,-0.1,stable dry phase,1.0
2024-03-albert_park,20,middle,19.5,36.86,47.0,False,1.2,dry,-0.14,stable dry phase,1.0
2024-03-albert_park,21,middle,19.5,38.18,47.0,False,1.06,dry,1.18,stable dry phase,1.0
2024-03-albert_park,22,middle,19.61,38.54,46.88,False,0.46,dry,1.54,stable dry phase,1.0
2024-03-albert_park,23,middle,19.7,38.8,46.0,False,0.83,dry,1.8,stable dry phase,1.0
2024-03-albert_park,24,middle,19.7,38.8,46.76,False,1.24,dry,1.8,stable dry phase,1.0
2024-03-albert_park,25,middle,19.81,38.76,46.88,False,0.04,dry,1.76,stable dry phase,1.0
2024-03-albert_park,26,middle,19.96,39.2,45.41,False,0.12,dry,2.2,stable dry phase,1.0
2024-03-albert_park,27,middle,20.09,39.2,45.0,False,0.35,dry,2.2,stable dry phase,1.0
2024-03-albert_park,28,middle,20.2,39.41,45.0,False,1.02,dry,2.41,stable dry phase,1.0
2024-03-albert_park,29,middle,20.2,39.54,45.65,False,0.89,dry,2.54,stable dry phase,1.0
2024-03-albert_park,30,middle,20.27,38.75,45.06,False,1.09,dry,1.75,stable dry phase,1.0
2024-03-albert_park,31,middle,20.2,38.7,45.0,False,0.74,dry,1.7,stable dry phase,1.0
2024-03-albert_park,32,middle,20.2,38.24,45.0,False,0.54,dry,1.24,stable dry phase,1.0
2024-03-albert_park,33,middle,20.3,37.24,44.0,False,0.84,dry,0.24,stable dry phase,1.0
2024-03-albert_park,34,middle,20.3,37.79,44.59,False,0.61,dry,0.79,stable dry phase,1.0
2024-03-albert_park,35,middle,20.3,38.52,44.76,False,0.61,dry,1.52,stable dry phase,1.0
2024-03-albert_park,36,middle,20.25,38.7,44.0,False,0.75,dry,1.7,stable dry phase,1.0
2024-03-albert_park,37,middle,20.21,38.31,44.0,False,0.84,dry,1.31,stable dry phase,1.0
2024-03-albert_park,38,middle,20.34,38.39,44.47,False,0.9,dry,1.39,stable dry phase,1.0
2024-03-albert_park,39,middle,20.4,39.02,45.0,False,1.13,dry,2.02,stable dry phase,1.0
2024-03-albert_park,40,middle,20.42,39.18,44.82,False,0.76,dry,2.18,stable dry phase,1.0
2024-03-albert_park,41,middle,20.44,39.11,44.06,False,0.82,dry,2.11,stable dry phase,1.0
2024-03-albert_park,42,middle,20.34,39.02,44.06,False,0.85,dry,2.02,stable dry phase,1.0
2024-03-albert_park,43,middle,20.42,38.87,44.94,False,1.29,dry,1.87,stable dry phase,1.0
2024-03-albert_park,44,closing,20.5,39.0,45.0,False,1.22,dry,2.0,stable dry phase,1.0
2024-03-albert_park,45,closing,20.58,39.23,44.71,False,1.18,dry,2.23,stable dry phase,1.0
2024-03-albert_park,46,closing,20.64,39.22,45.47,False,1.92,dry,2.22,stable dry phase,1.0
2024-03-albert_park,47,closing,20.63,38.96,45.0,False,1.18,dry,1.96,stable dry phase,1.0
2024-03-albert_park,48,closing,20.58,39.21,44.76,False,0.64,dry,2.21,stable dry phase,1.0
2024-03-albert_park,49,closing,20.55,39.3,44.0,False,0.55,dry,2.3,stable dry phase,1.0
2024-03-albert_park,50,closing,20.53,39.04,43.29,False,0.74,dry,2.04,stable dry phase,1.0
2024-03-albert_park,51,closing,20.55,39.06,43.0,False,1.13,dry,2.06,stable dry phase,1.0
2024-03-albert_park,52,closing,20.76,39.04,43.0,False,1.58,dry,2.04,stable dry phase,1.0
2024-03-albert_park,53,closing,20.75,38.88,43.71,False,1.24,dry,1.88,stable dry phase,1.0
2024-03-albert_park,54,closing,20.82,38.95,43.65,False,0.69,dry,1.95,stable dry phase,1.0
2024-03-albert_park,55,closing,20.9,39.1,43.0,False,0.85,dry,2.1,stable dry phase,1.0
2024-03-albert_park,56,closing,20.85,39.1,42.53,False,0.89,dry,2.1,stable dry phase,1.0
2024-03-albert_park,57,closing,20.84,39.14,42.81,False,0.87,dry,2.14,stable dry phase,1.0
2024-03-albert_park,58,closing,20.89,39.16,43.0,False,0.83,dry,2.16,stable dry phase,1.0
2024-04-suzuka,1,opening,22.2,39.4,44.0,False,2.1,dry,0.0,stable dry phase,1.0
2024-04-suzuka,2,opening,22.3,40.0,42.0,False,1.3,dry,0.6,stable dry phase,1.0
2024-04-suzuka,3,opening,22.21,40.08,39.78,False,1.08,dry,0.68,stable dry phase,1.0
2024-04-suzuka,4,opening,22.1,39.6,39.0,False,1.5,dry,0.2,stable dry phase,1.0
2024-04-suzuka,5,opening,22.2,40.0,41.0,False,2.3,dry,0.6,stable dry phase,1.0
2024-04-suzuka,6,opening,22.1,39.5,39.0,False,1.7,dry,0.1,stable dry phase,1.0
2024-04-suzuka,7,opening,22.18,39.81,41.78,False,1.67,dry,0.41,stable dry phase,1.0
2024-04-suzuka,8,opening,22.31,39.9,41.11,False,1.14,dry,0.5,stable dry phase,1.0
2024-04-suzuka,9,opening,22.4,40.4,41.0,False,3.4,dry,1.0,stable dry phase,1.0
2024-04-suzuka,10,opening,22.14,40.18,41.0,False,2.29,dry,0.78,stable dry phase,1.0
2024-04-suzuka,11,middle,22.12,40.04,40.44,False,1.49,dry,0.64,stable dry phase,1.0
2024-04-suzuka,12,middle,22.3,40.2,42.0,False,2.2,dry,0.8,stable dry phase,1.0
2024-04-suzuka,13,middle,22.45,39.7,41.0,False,1.4,dry,0.3,stable dry phase,1.0
2024-04-suzuka,14,middle,22.5,39.77,41.0,False,1.49,dry,0.37,stable dry phase,1.0
2024-04-suzuka,15,middle,22.5,40.29,37.24,False,1.81,dry,0.89,stable dry phase,1.0
2024-04-suzuka,16,middle,22.44,40.32,39.59,False,2.47,dry,0.92,stable dry phase,1.0
2024-04-suzuka,17,middle,22.21,40.49,39.94,False,2.49,dry,1.09,stable dry phase,1.0
2024-04-suzuka,18,middle,22.3,40.3,40.06,False,2.64,dry,0.9,stable dry phase,1.0
2024-04-suzuka,19,middle,22.3,40.19,39.94,False,2.66,dry,0.79,stable dry phase,1.0
2024-04-suzuka,20,middle,22.19,40.06,43.0,False,1.91,dry,0.66,stable dry phase,1.0
2024-04-suzuka,21,middle,22.29,39.98,42.12,False,1.57,dry,0.58,stable dry phase,1.0
2024-04-suzuka,22,middle,22.5,40.0,41.06,False,1.56,dry,0.6,stable dry phase,1.0
2024-04-suzuka,23,middle,22.51,39.9,39.0,False,2.16,dry,0.5,stable dry phase,1.0
2024-04-suzuka,24,middle,22.6,39.98,38.24,False,2.29,dry,0.58,stable dry phase,1.0
2024-04-suzuka,25,middle,22.45,39.74,38.59,False,2.14,dry,0.34,stable dry phase,1.0
2024-04-suzuka,26,middle,22.44,39.7,36.18,False,1.47,dry,0.3,stable dry phase,1.0
2024-04-suzuka,27,middle,22.56,39.57,35.65,False,2.19,dry,0.17,stable dry phase,1.0
2024-04-suzuka,28,middle,22.5,39.4,36.53,False,2.26,dry,0.0,stable dry phase,1.0
2024-04-suzuka,29,middle,22.5,39.36,37.24,False,2.25,dry,-0.04,stable dry phase,1.0
2024-04-suzuka,30,middle,22.5,39.5,38.0,False,1.86,dry,0.1,stable dry phase,1.0
2024-04-suzuka,31,middle,22.55,39.61,37.53,False,2.29,dry,0.21,stable dry phase,1.0
2024-04-suzuka,32,middle,22.68,39.31,37.94,False,2.52,dry,-0.09,stable dry phase,1.0
2024-04-suzuka,33,middle,22.65,39.7,39.0,False,2.7,dry,0.3,stable dry phase,1.0
2024-04-suzuka,34,middle,22.46,39.61,36.65,False,3.41,dry,0.21,stable dry phase,1.0
2024-04-suzuka,35,middle,22.51,39.43,37.71,False,2.54,dry,0.03,stable dry phase,1.0
2024-04-suzuka,36,middle,22.65,39.29,36.53,False,2.66,dry,-0.11,stable dry phase,1.0
2024-04-suzuka,37,middle,22.66,39.62,34.76,False,3.25,dry,0.22,stable dry phase,1.0
2024-04-suzuka,38,middle,22.6,39.59,32.82,False,3.34,dry,0.19,stable dry phase,1.0
2024-04-suzuka,39,middle,22.55,39.21,32.94,False,3.39,dry,-0.19,stable dry phase,1.0
2024-04-suzuka,40,closing,22.5,38.84,35.18,False,3.32,dry,-0.56,stable dry phase,1.0
2024-04-suzuka,41,closing,22.45,38.87,36.59,False,2.78,dry,-0.53,stable dry phase,1.0
2024-04-suzuka,42,closing,22.49,38.99,37.06,False,3.52,dry,-0.41,stable dry phase,1.0
2024-04-suzuka,43,closing,22.49,38.96,37.94,False,3.35,dry,-0.44,stable dry phase,1.0
2024-04-suzuka,44,closing,22.44,38.79,39.47,False,3.04,dry,-0.61,stable dry phase,1.0
2024-04-suzuka,45,closing,22.35,38.72,39.88,False,3.45,dry,-0.68,stable dry phase,1.0
2024-04-suzuka,46,closing,22.33,38.77,39.12,False,3.86,dry,-0.63,stable dry phase,1.0
2024-04-suzuka,47,closing,22.17,38.94,39.29,False,3.64,dry,-0.46,stable dry phase,1.0
2024-04-suzuka,48,closing,22.13,38.78,39.0,False,2.98,dry,-0.62,stable dry phase,1.0
2024-04-suzuka,49,closing,22.04,38.05,38.65,False,2.58,dry,-1.35,stable dry phase,1.0
2024-04-suzuka,50,closing,21.82,37.05,39.35,False,2.48,dry,-2.35,stable dry phase,1.0
2024-04-suzuka,51,closing,21.65,36.56,39.65,False,2.35,dry,-2.84,stable dry phase,1.0
2024-04-suzuka,52,closing,21.6,36.36,40.53,False,1.88,dry,-3.04,stable dry phase,1.0
2024-04-suzuka,53,closing,21.6,36.16,40.44,False,1.79,dry,-3.24,stable dry phase,1.0
2024-05-shanghai,1,opening,19.1,32.2,65.0,False,1.0,dry,0.0,stable dry phase,1.0
2024-05-shanghai,2,opening,19.1,31.5,64.0,False,1.5,dry,-0.7,stable dry phase,1.0
2024-05-shanghai,3,opening,19.0,31.58,65.6,False,1.06,dry,-0.62,stable dry phase,1.0
2024-05-shanghai,4,opening,18.9,31.5,66.0,False,0.6,dry,-0.7,stable dry phase,1.0
2024-05-shanghai,5,opening,18.9,31.9,66.0,False,1.1,dry,-0.3,stable dry phase,1.0
2024-05-shanghai,6,opening,19.09,31.94,64.1,False,1.73,dry,-0.26,stable dry phase,1.0
2024-05-shanghai,7,opening,19.1,31.9,64.0,False,1.15,dry,-0.3,stable dry phase,1.0
2024-05-shanghai,8,opening,19.1,32.0,65.0,False,1.4,dry,-0.2,stable dry phase,1.0
2024-05-shanghai,9,opening,19.01,31.8,64.9,False,1.41,dry,-0.4,stable dry phase,1.0
2024-05-shanghai,10,opening,19.0,31.7,65.0,False,1.6,dry,-0.5,stable dry phase,1.0
2024-05-shanghai,11,opening,18.96,31.34,65.0,False,1.2,dry,-0.86,stable dry phase,1.0
2024-05-shanghai,12,middle,18.8,31.0,66.0,False,1.4,dry,-1.2,stable dry phase,1.0
2024-05-shanghai,13,middle,18.71,31.3,66.0,False,0.97,dry,-0.9,stable dry phase,1.0
2024-05-shanghai,14,middle,18.66,31.3,65.0,False,0.74,dry,-0.9,stable dry phase,1.0
2024-05-shanghai,15,middle,18.63,31.3,65.0,False,1.21,dry,-0.9,stable dry phase,1.0
2024-05-shanghai,16,middle,18.7,31.3,64.95,False,0.69,dry,-0.9,stable dry phase,1.0
2024-05-shanghai,17,middle,18.77,31.3,64.7,False,0.43,dry,-0.9,stable dry phase,1.0
2024-05-shanghai,18,middle,18.8,31.3,64.0,False,1.4,dry,-0.9,stable dry phase,1.0
2024-05-shanghai,19,middle,18.8,31.3,64.1,False,0.8,dry,-0.9,stable dry phase,1.0
2024-05-shanghai,20,middle,18.72,31.3,65.84,False,0.63,dry,-0.9,stable dry phase,1.0
2024-05-shanghai,21,middle,18.8,31.3,64.0,False,1.14,dry,-0.9,stable dry phase,1.0
2024-05-shanghai,22,middle,18.86,30.78,63.42,False,1.12,dry,-1.42,stable dry phase,1.0
2024-05-shanghai,23,middle,18.83,30.52,64.74,False,1.15,dry,-1.68,stable dry phase,1.0
2024-05-shanghai,24,middle,18.82,30.68,65.0,False,0.94,dry,-1.52,stable dry phase,1.0
2024-05-shanghai,25,middle,18.95,30.79,65.0,False,0.91,dry,-1.41,stable dry phase,1.0
2024-05-shanghai,26,middle,18.93,31.2,65.0,False,0.75,dry,-1.0,stable dry phase,1.0
2024-05-shanghai,27,middle,18.9,30.8,64.0,False,1.7,dry,-1.4,stable dry phase,1.0
2024-05-shanghai,28,middle,18.8,30.71,65.0,False,0.67,dry,-1.49,stable dry phase,1.0
2024-05-shanghai,29,middle,18.84,30.72,65.33,False,1.32,dry,-1.48,stable dry phase,1.0
2024-05-shanghai,30,middle,18.8,30.34,66.0,False,1.41,dry,-1.86,stable dry phase,1.0
2024-05-shanghai,31,middle,18.7,31.28,65.94,False,1.11,dry,-0.92,stable dry phase,1.0
2024-05-shanghai,32,middle,18.8,31.0,65.0,False,1.5,dry,-1.2,stable dry phase,1.0
2024-05-shanghai,33,middle,18.9,30.6,65.0,False,2.4,dry,-1.6,stable dry phase,1.0
2024-05-shanghai,34,middle,19.0,30.7,66.0,False,1.6,dry,-1.5,stable dry phase,1.0
2024-05-shanghai,35,middle,19.0,30.98,66.0,False,2.07,dry,-1.22,stable dry phase,1.0
2024-05-shanghai,36,middle,19.0,30.7,65.88,False,1.09,dry,-1.5,stable dry phase,1.0
2024-05-shanghai,37,middle,19.0,30.89,65.0,False,0.89,dry,-1.31,stable dry phase,1.0
2024-05-shanghai,38,middle,19.0,30.7,65.0,False,1.95,dry,-1.5,stable dry phase,1.0
2024-05-shanghai,39,middle,19.0,30.51,65.0,False,2.48,dry,-1.69,stable dry phase,1.0
2024-05-shanghai,40,middle,18.9,30.2,65.12,False,3.12,dry,-2.0,stable dry phase,1.0
2024-05-shanghai,41,middle,18.81,30.46,66.0,False,1.18,dry,-1.74,stable dry phase,1.0
2024-05-shanghai,42,middle,18.8,30.5,65.53,False,1.62,dry,-1.7,stable dry phase,1.0
2024-05-shanghai,43,closing,18.9,30.3,65.82,False,1.46,dry,-1.9,stable dry phase,1.0
2024-05-shanghai,44,closing,18.81,30.12,65.88,False,1.04,dry,-2.08,stable dry phase,1.0
2024-05-shanghai,45,closing,18.8,29.91,65.65,False,2.05,dry,-2.29,stable dry phase,1.0
2024-05-shanghai,46,closing,18.6,29.82,66.18,False,2.62,dry,-2.38,stable dry phase,1.0
2024-05-shanghai,47,closing,18.6,29.72,66.12,False,1.79,dry,-2.48,stable dry phase,1.0
2024-05-shanghai,48,closing,18.54,29.9,67.0,False,2.63,dry,-2.3,stable dry phase,1.0
2024-05-shanghai,49,closing,18.6,29.9,66.71,False,3.17,dry,-2.3,stable dry phase,1.0
2024-05-shanghai,50,closing,18.69,29.64,66.0,False,3.45,dry,-2.56,stable dry phase,1.0
2024-05-shanghai,51,closing,18.6,29.54,66.0,False,3.12,dry,-2.66,stable dry phase,1.0
2024-05-shanghai,52,closing,18.6,29.47,66.0,False,2.5,dry,-2.73,stable dry phase,1.0
2024-05-shanghai,53,closing,18.6,29.4,66.0,False,2.68,dry,-2.8,stable dry phase,1.0
2024-05-shanghai,54,closing,18.6,29.7,67.0,False,1.32,dry,-2.5,stable dry phase,1.0
2024-05-shanghai,55,closing,18.6,29.4,66.59,False,1.94,dry,-2.8,stable dry phase,1.0
2024-05-shanghai,56,closing,18.61,29.4,66.0,False,1.85,dry,-2.8,stable dry phase,1.0
2024-06-miami,1,opening,28.6,46.4,57.0,False,3.3,dry,0.0,stable dry phase,1.0
2024-06-miami,2,opening,28.6,47.6,57.0,False,3.4,dry,1.2,stable dry phase,1.0
2024-06-miami,3,opening,28.5,47.5,57.0,False,3.6,dry,1.1,stable dry phase,1.0
2024-06-miami,4,opening,28.6,47.1,58.0,False,3.2,dry,0.7,stable dry phase,1.0
2024-06-miami,5,opening,28.5,47.74,57.8,False,3.12,dry,1.34,stable dry phase,1.0
2024-06-miami,6,opening,28.6,48.4,58.0,False,3.0,dry,2.0,stable dry phase,1.0
2024-06-miami,7,opening,28.6,46.63,58.0,False,2.14,dry,0.23,stable dry phase,1.0
2024-06-miami,8,opening,28.6,45.9,58.0,False,3.8,dry,-0.5,stable dry phase,1.0
2024-06-miami,9,opening,28.87,46.92,56.3,False,2.43,dry,0.52,stable dry phase,1.0
2024-06-miami,10,opening,29.0,47.9,56.0,False,3.3,dry,1.5,stable dry phase,1.0
2024-06-miami,11,opening,28.9,48.1,56.0,False,3.7,dry,1.7,stable dry phase,1.0
2024-06-miami,12,middle,28.9,48.2,57.0,False,3.46,dry,1.8,stable dry phase,1.0
2024-06-miami,13,middle,29.0,48.8,58.0,False,2.8,dry,2.4,stable dry phase,1.0
2024-06-miami,14,middle,29.0,48.75,57.0,False,3.77,dry,2.35,stable dry phase,1.0
2024-06-miami,15,middle,28.78,49.1,56.9,False,3.37,dry,2.7,stable dry phase,1.0
2024-06-miami,16,middle,28.6,47.49,56.0,False,3.03,dry,1.09,stable dry phase,1.0
2024-06-miami,17,middle,28.7,48.3,56.0,False,3.1,dry,1.9,stable dry phase,1.0
2024-06-miami,18,middle,28.78,48.44,56.0,False,3.18,dry,2.04,stable dry phase,1.0
2024-06-miami,19,middle,28.76,46.57,57.45,False,3.36,dry,0.17,stable dry phase,1.0
2024-06-miami,20,middle,28.61,46.3,58.0,False,2.73,dry,-0.1,stable dry phase,1.0
2024-06-miami,21,middle,28.5,44.6,57.0,False,3.04,dry,-1.8,stable dry phase,1.0
2024-06-miami,22,middle,28.5,44.23,57.05,False,2.78,dry,-2.16,stable dry phase,1.0
2024-06-miami,23,middle,28.5,45.05,58.0,False,2.17,dry,-1.35,stable dry phase,1.0
2024-06-miami,24,middle,28.6,45.1,56.45,False,3.0,dry,-1.3,stable dry phase,1.0
2024-06-miami,25,middle,28.6,44.1,56.0,False,2.7,dry,-2.3,stable dry phase,1.0
2024-06-miami,26,middle,28.6,45.35,56.7,False,2.72,dry,-1.05,stable dry phase,1.0
2024-06-miami,27,middle,28.69,46.88,56.85,False,2.44,dry,0.48,stable dry phase,1.0
2024-06-miami,28,middle,28.6,47.74,56.0,False,3.14,dry,1.34,stable dry phase,1.0
2024-06-miami,29,middle,28.49,47.11,57.0,False,3.01,dry,0.71,stable dry phase,1.0
2024-06-miami,30,middle,28.49,46.36,57.05,False,2.87,dry,-0.04,stable dry phase,1.0
2024-06-miami,31,middle,28.41,45.11,57.05,False,3.87,dry,-1.29,stable dry phase,1.0
2024-06-miami,32,middle,28.34,42.94,57.63,False,3.03,dry,-3.46,stable dry phase,1.0
2024-06-miami,33,middle,28.4,45.6,58.0,False,2.7,dry,-0.8,stable dry phase,1.0
2024-06-miami,34,middle,28.43,45.98,57.0,False,2.73,dry,-0.42,stable dry phase,1.0
2024-06-miami,35,middle,28.5,45.9,57.0,False,2.9,dry,-0.5,stable dry phase,1.0
2024-06-miami,36,middle,28.6,43.94,57.37,False,3.46,dry,-2.46,stable dry phase,1.0
2024-06-miami,37,middle,28.6,42.3,58.0,False,2.5,dry,-4.1,stable dry phase,1.0
2024-06-miami,38,middle,28.7,45.21,58.16,False,2.91,dry,-1.19,stable dry phase,1.0
2024-06-miami,39,middle,28.8,45.6,57.0,False,3.5,dry,-0.8,stable dry phase,1.0
2024-06-miami,40,middle,28.9,45.5,57.0,False,3.38,dry,-0.9,stable dry phase,1.0
2024-06-miami,41,middle,29.0,45.55,58.0,False,2.74,dry,-0.85,stable dry phase,1.0
2024-06-miami,42,middle,28.9,46.8,58.0,False,2.4,dry,0.4,stable dry phase,1.0
2024-06-miami,43,closing,28.83,46.75,57.16,False,3.56,dry,0.35,stable dry phase,1.0
2024-06-miami,44,closing,28.8,44.7,59.0,False,3.6,dry,-1.7,stable dry phase,1.0
2024-06-miami,45,closing,28.85,44.7,59.47,False,4.03,dry,-1.7,stable dry phase,1.0
2024-06-miami,46,closing,28.7,45.1,61.0,False,3.4,dry,-1.3,stable dry phase,1.0
2024-06-miami,47,closing,28.76,45.33,59.42,False,3.7,dry,-1.07,stable dry phase,1.0
2024-06-miami,48,closing,28.8,45.4,59.0,False,3.9,dry,-1.0,stable dry phase,1.0
2024-06-miami,49,closing,28.8,45.88,60.0,False,3.53,dry,-0.52,stable dry phase,1.0
2024-06-miami,50,closing,28.7,45.5,60.0,False,2.9,dry,-0.9,stable dry phase,1.0
2024-06-miami,51,closing,28.43,47.12,60.0,False,2.72,dry,0.72,stable dry phase,1.0
2024-06-miami,52,closing,28.4,47.5,60.0,False,1.9,dry,1.1,stable dry phase,1.0
2024-06-miami,53,closing,28.6,46.54,58.68,False,3.69,dry,0.14,stable dry phase,1.0
2024-06-miami,54,closing,28.47,44.64,60.0,False,2.96,dry,-1.76,stable dry phase,1.0
2024-06-miami,55,closing,28.33,44.56,59.32,False,2.61,dry,-1.84,stable dry phase,1.0
2024-06-miami,56,closing,28.4,45.7,60.58,False,2.81,dry,-0.7,stable dry phase,1.0
2024-06-miami,57,closing,28.4,45.68,59.16,False,3.38,dry,-0.72,stable dry phase,1.0
2024-07-imola,1,opening,24.2,43.4,51.0,False,1.8,dry,0.0,stable dry phase,1.0
2024-07-imola,2,opening,24.0,43.19,52.45,False,1.43,dry,-0.21,stable dry phase,1.0
2024-07-imola,3,opening,24.0,43.3,53.0,False,2.3,dry,-0.1,stable dry phase,1.0
2024-07-imola,4,opening,24.2,42.9,53.0,False,1.6,dry,-0.5,stable dry phase,1.0
2024-07-imola,5,opening,24.4,42.45,53.75,False,1.85,dry,-0.95,stable dry phase,1.0
2024-07-imola,6,opening,24.3,41.8,55.0,False,2.1,dry,-1.6,stable dry phase,1.0
2024-07-imola,7,opening,24.2,41.4,55.0,False,1.6,dry,-2.0,stable dry phase,1.0
2024-07-imola,8,opening,24.19,41.13,55.0,False,1.16,dry,-2.27,stable dry phase,1.0
2024-07-imola,9,opening,24.3,41.11,54.0,False,2.04,dry,-2.29,stable dry phase,1.0
2024-07-imola,10,opening,24.2,41.1,54.05,False,2.72,dry,-2.3,stable dry phase,1.0
2024-07-imola,11,opening,24.3,40.8,54.95,False,1.2,dry,-2.6,stable dry phase,1.0
2024-07-imola,12,opening,24.3,40.91,54.05,False,1.99,dry,-2.48,stable dry phase,1.0
2024-07-imola,13,middle,24.37,41.17,54.55,False,1.09,dry,-2.23,stable dry phase,1.0
2024-07-imola,14,middle,24.3,42.07,53.85,False,1.15,dry,-1.33,stable dry phase,1.0
2024-07-imola,15,middle,24.35,42.7,52.5,False,1.56,dry,-0.7,stable dry phase,1.0
2024-07-imola,16,middle,24.3,43.05,51.25,False,1.58,dry,-0.34,stable dry phase,1.0
2024-07-imola,17,middle,24.4,43.76,50.75,False,1.78,dry,0.36,stable dry phase,1.0
2024-07-imola,18,middle,24.46,43.76,50.0,False,1.53,dry,0.36,stable dry phase,1.0
2024-07-imola,19,middle,24.49,43.61,50.05,False,1.85,dry,0.21,stable dry phase,1.0
2024-07-imola,20,middle,24.46,43.74,50.4,False,1.69,dry,0.34,stable dry phase,1.0
2024-07-imola,21,middle,24.46,43.8,51.0,False,1.53,dry,0.4,stable dry phase,1.0
2024-07-imola,22,middle,24.52,43.62,50.95,False,1.66,dry,0.22,stable dry phase,1.0
2024-07-imola,23,middle,24.71,42.73,50.6,False,1.56,dry,-0.67,stable dry phase,1.0
2024-07-imola,24,middle,24.72,41.64,51.1,False,1.43,dry,-1.76,stable dry phase,1.0
2024-07-imola,25,middle,24.6,40.49,52.05,False,1.61,dry,-2.91,stable dry phase,1.0
2024-07-imola,26,middle,24.6,41.2,52.25,False,1.11,dry,-2.2,stable dry phase,1.0
2024-07-imola,27,middle,24.6,42.63,50.15,False,1.17,dry,-0.77,stable dry phase,1.0
2024-07-imola,28,middle,24.57,42.76,50.4,False,1.08,dry,-0.64,stable dry phase,1.0
2024-07-imola,29,middle,24.7,43.28,50.1,False,0.42,dry,-0.12,stable dry phase,1.0
2024-07-imola,30,middle,24.92,43.99,48.95,False,0.64,dry,0.59,stable dry phase,1.0
2024-07-imola,31,middle,25.0,44.56,49.05,False,1.46,dry,1.16,stable dry phase,1.0
2024-07-imola,32,middle,25.07,44.06,48.35,False,2.11,dry,0.66,stable dry phase,1.0
2024-07-imola,33,middle,24.97,44.05,50.05,False,1.88,dry,0.65,stable dry phase,1.0
2024-07-imola,34,middle,24.86,44.31,50.6,False,1.36,dry,0.91,stable dry phase,1.0
2024-07-imola,35,middle,25.04,44.49,50.7,False,0.7,dry,1.09,stable dry phase,1.0
2024-07-imola,36,middle,25.26,45.03,49.5,False,0.78,dry,1.63,stable dry phase,1.0
2024-07-imola,37,middle,25.43,45.33,48.5,False,0.86,dry,1.93,stable dry phase,1.0
2024-07-imola,38,middle,25.43,45.26,50.2,False,2.27,dry,1.86,stable dry phase,1.0
2024-07-imola,39,middle,25.42,45.68,50.35,False,1.84,dry,2.28,stable dry phase,1.0
2024-07-imola,40,middle,25.23,45.0,50.0,False,1.44,dry,1.6,stable dry phase,1.0
2024-07-imola,41,middle,25.05,44.94,50.5,False,2.34,dry,1.54,stable dry phase,1.0
2024-07-imola,42,middle,25.01,45.41,50.35,False,2.76,dry,2.01,stable dry phase,1.0
2024-07-imola,43,middle,25.09,45.24,50.05,False,3.21,dry,1.84,stable dry phase,1.0
2024-07-imola,44,middle,25.12,44.89,50.0,False,3.21,dry,1.49,stable dry phase,1.0
2024-07-imola,45,middle,25.24,43.87,50.55,False,3.69,dry,0.47,stable dry phase,1.0
2024-07-imola,46,middle,25.32,42.47,50.65,False,3.49,dry,-0.93,stable dry phase,1.0
2024-07-imola,47,middle,25.17,41.04,51.6,False,3.05,dry,-2.36,stable dry phase,1.0
2024-07-imola,48,closing,25.05,40.54,51.35,False,2.31,dry,-2.86,stable dry phase,1.0
2024-07-imola,49,closing,24.98,40.24,50.95,False,2.4,dry,-3.16,stable dry phase,1.0
2024-07-imola,50,closing,24.89,40.07,50.95,False,1.84,dry,-3.33,stable dry phase,1.0
2024-07-imola,51,closing,24.81,39.71,50.3,False,1.94,dry,-3.69,stable dry phase,1.0
2024-07-imola,52,closing,24.77,39.43,49.47,False,2.74,dry,-3.97,stable dry phase,1.0
2024-07-imola,53,closing,24.93,39.67,49.05,False,2.65,dry,-3.73,stable dry phase,1.0
2024-07-imola,54,closing,25.04,40.35,49.37,False,1.97,dry,-3.05,stable dry phase,1.0
2024-07-imola,55,closing,25.14,41.03,49.16,False,2.34,dry,-2.37,stable dry phase,1.0
2024-07-imola,56,closing,25.13,41.52,49.0,False,2.37,dry,-1.88,stable dry phase,1.0
2024-07-imola,57,closing,25.1,41.82,48.05,False,2.44,dry,-1.58,stable dry phase,1.0
2024-07-imola,58,closing,25.22,41.94,47.89,False,3.5,dry,-1.46,stable dry phase,1.0
2024-07-imola,59,closing,25.33,42.12,48.0,False,4.01,dry,-1.28,stable dry phase,1.0
2024-07-imola,60,closing,25.43,42.22,47.47,False,3.12,dry,-1.18,stable dry phase,1.0
2024-07-imola,61,closing,25.48,42.08,47.26,False,2.36,dry,-1.32,stable dry phase,1.0
2024-07-imola,62,closing,25.5,41.99,47.68,False,2.41,dry,-1.41,stable dry phase,1.0
2024-07-imola,63,closing,25.5,41.98,48.0,False,2.72,dry,-1.42,stable dry phase,1.0
2024-08-monaco,1,opening,21.1,49.4,69.0,False,1.1,dry,0.0,stable dry phase,1.0
2024-08-monaco,2,opening,21.5,48.6,66.5,False,0.45,dry,-0.8,stable dry phase,1.0
2024-08-monaco,3,opening,21.5,48.0,66.0,False,1.0,dry,-1.4,stable dry phase,1.0
2024-08-monaco,4,opening,21.4,48.0,66.0,False,1.2,dry,-1.4,stable dry phase,1.0
2024-08-monaco,5,opening,21.4,47.0,66.0,False,0.8,dry,-2.4,stable dry phase,1.0
2024-08-monaco,6,opening,21.4,47.6,67.0,False,0.7,dry,-1.8,stable dry phase,1.0
2024-08-monaco,7,opening,21.23,46.92,67.75,False,0.78,dry,-2.48,stable dry phase,1.0
2024-08-monaco,8,opening,21.2,47.0,68.0,False,0.8,dry,-2.4,stable dry phase,1.0
2024-08-monaco,9,opening,21.3,47.3,67.0,False,0.5,dry,-2.1,stable dry phase,1.0
2024-08-monaco,10,opening,21.58,48.33,66.25,False,1.05,dry,-1.07,stable dry phase,1.0
2024-08-monaco,11,opening,21.6,48.4,66.0,False,0.6,dry,-1.0,stable dry phase,1.0
2024-08-monaco,12,opening,21.6,48.0,64.0,False,0.4,dry,-1.4,stable dry phase,1.0
2024-08-monaco,13,opening,21.62,48.3,65.0,False,1.22,dry,-1.1,stable dry phase,1.0
2024-08-monaco,14,opening,21.6,48.1,65.0,False,2.0,dry,-1.3,stable dry phase,1.0
2024-08-monaco,15,opening,21.51,47.7,68.31,False,2.09,dry,-1.7,stable dry phase,1.0
2024-08-monaco,16,middle,21.3,48.02,68.19,False,1.36,dry,-1.38,stable dry phase,1.0
2024-08-monaco,17,middle,21.4,47.9,67.0,False,0.5,dry,-1.5,stable dry phase,1.0
2024-08-monaco,18,middle,21.44,47.16,69.0,False,0.68,dry,-2.24,stable dry phase,1.0
2024-08-monaco,19,middle,21.42,47.25,68.25,False,0.53,dry,-2.15,stable dry phase,1.0
2024-08-monaco,20,middle,21.3,47.5,68.0,False,1.2,dry,-1.9,stable dry phase,1.0
2024-08-monaco,21,middle,21.26,47.92,68.44,False,1.48,dry,-1.48,stable dry phase,1.0
2024-08-monaco,22,middle,21.27,49.02,69.0,False,1.18,dry,-0.38,stable dry phase,1.0
2024-08-monaco,23,middle,21.3,49.5,69.0,False,0.8,dry,0.1,stable dry phase,1.0
2024-08-monaco,24,middle,21.36,49.44,67.0,False,0.47,dry,0.04,stable dry phase,1.0
2024-08-monaco,25,middle,21.32,49.25,67.75,False,0.97,dry,-0.15,stable dry phase,1.0
2024-08-monaco,26,middle,21.3,49.4,67.0,False,0.8,dry,0.0,stable dry phase,1.0
2024-08-monaco,27,middle,21.3,49.67,67.56,False,0.8,dry,0.27,stable dry phase,1.0
2024-08-monaco,28,middle,21.38,49.72,67.25,False,0.5,dry,0.32,stable dry phase,1.0
2024-08-monaco,29,middle,21.5,49.6,67.0,False,1.2,dry,0.2,stable dry phase,1.0
2024-08-monaco,30,middle,21.5,49.77,67.44,False,1.15,dry,0.37,stable dry phase,1.0
2024-08-monaco,31,middle,21.57,49.76,65.62,False,1.09,dry,0.36,stable dry phase,1.0
2024-08-monaco,32,middle,21.61,49.06,65.06,False,1.68,dry,-0.34,stable dry phase,1.0
2024-08-monaco,33,middle,21.7,48.62,65.44,False,1.36,dry,-0.77,stable dry phase,1.0
2024-08-monaco,34,middle,21.64,49.24,64.38,False,1.21,dry,-0.16,stable dry phase,1.0
2024-08-monaco,35,middle,21.6,48.94,64.31,False,1.31,dry,-0.46,stable dry phase,1.0
2024-08-monaco,36,middle,21.54,48.54,64.44,False,1.66,dry,-0.86,stable dry phase,1.0
2024-08-monaco,37,middle,21.5,48.5,64.0,False,0.95,dry,-0.9,stable dry phase,1.0
2024-08-monaco,38,middle,21.5,49.17,62.81,False,0.85,dry,-0.23,stable dry phase,1.0
2024-08-monaco,39,middle,21.5,49.4,63.56,False,1.37,dry,0.0,stable dry phase,1.0
2024-08-monaco,40,middle,21.5,49.34,64.0,False,1.5,dry,-0.06,stable dry phase,1.0
2024-08-monaco,41,middle,21.5,48.92,64.31,False,1.28,dry,-0.48,stable dry phase,1.0
2024-08-monaco,42,middle,21.5,48.1,65.56,False,0.74,dry,-1.3,stable dry phase,1.0
2024-08-monaco,43,middle,21.56,48.38,66.0,False,1.09,dry,-1.02,stable dry phase,1.0
2024-08-monaco,44,middle,21.64,49.05,64.5,False,0.8,dry,-0.35,stable dry phase,1.0
2024-08-monaco,45,middle,21.7,48.98,63.0,False,0.6,dry,-0.42,stable dry phase,1.0
2024-08-monaco,46,middle,21.64,48.46,63.56,False,1.39,dry,-0.94,stable dry phase,1.0
2024-08-monaco,47,middle,21.68,48.39,63.62,False,1.02,dry,-1.01,stable dry phase,1.0
2024-08-monaco,48,middle,21.79,48.27,63.94,False,1.0,dry,-1.12,stable dry phase,1.0
2024-08-monaco,49,middle,21.87,47.94,63.56,False,1.14,dry,-1.46,stable dry phase,1.0
2024-08-monaco,50,middle,21.99,47.71,63.94,False,0.86,dry,-1.69,stable dry phase,1.0
2024-08-monaco,51,middle,22.08,47.81,63.62,False,0.91,dry,-1.59,stable dry phase,1.0
2024-08-monaco,52,middle,22.18,47.79,62.25,False,0.99,dry,-1.61,stable dry phase,1.0
2024-08-monaco,53,middle,22.19,47.45,62.75,False,1.04,dry,-1.95,stable dry phase,1.0
2024-08-monaco,54,middle,22.09,47.17,62.62,False,1.05,dry,-2.23,stable dry phase,1.0
2024-08-monaco,55,middle,22.0,47.1,62.38,False,0.92,dry,-2.3,stable dry phase,1.0
2024-08-monaco,56,middle,22.0,46.69,63.12,False,0.65,dry,-2.71,stable dry phase,1.0
2024-08-monaco,57,middle,21.89,46.33,63.5,False,1.1,dry,-3.07,stable dry phase,1.0
2024-08-monaco,58,middle,21.73,46.52,63.81,False,1.03,dry,-2.88,stable dry phase,1.0
2024-08-monaco,59,closing,21.69,46.79,62.69,False,0.89,dry,-2.61,stable dry phase,1.0
2024-08-monaco,60,closing,21.82,46.78,61.81,False,1.05,dry,-2.62,stable dry phase,1.0
2024-08-monaco,61,closing,21.88,46.17,61.81,False,0.97,dry,-3.23,stable dry phase,1.0
2024-08-monaco,62,closing,21.86,45.84,63.5,False,1.24,dry,-3.56,stable dry phase,1.0
2024-08-monaco,63,closing,21.84,45.86,64.56,False,0.85,dry,-3.54,stable dry phase,1.0
2024-08-monaco,64,closing,21.76,46.04,64.0,False,1.15,dry,-3.36,stable dry phase,1.0
2024-08-monaco,65,closing,21.73,45.96,63.44,False,1.01,dry,-3.44,stable dry phase,1.0
2024-08-monaco,66,closing,21.74,45.96,62.94,False,1.32,dry,-3.44,stable dry phase,1.0
2024-08-monaco,67,closing,21.77,45.87,63.44,False,0.78,dry,-3.53,stable dry phase,1.0
2024-08-monaco,68,closing,21.83,45.92,62.56,False,0.94,dry,-3.48,stable dry phase,1.0
2024-08-monaco,69,closing,21.94,45.83,62.88,False,1.13,dry,-3.57,stable dry phase,1.0
2024-08-monaco,70,closing,21.96,45.98,61.94,False,0.93,dry,-3.42,stable dry phase,1.0
2024-08-monaco,71,closing,22.01,45.94,61.88,False,1.06,dry,-3.46,stable dry phase,1.0
2024-08-monaco,72,closing,22.01,45.77,61.31,False,0.79,dry,-3.62,stable dry phase,1.0
2024-08-monaco,73,closing,21.99,45.58,61.56,False,0.73,dry,-3.82,stable dry phase,1.0
2024-08-monaco,74,closing,21.96,45.73,61.44,False,0.91,dry,-3.67,stable dry phase,1.0
2024-08-monaco,75,closing,21.95,45.43,62.0,False,0.94,dry,-3.97,stable dry phase,1.0
2024-08-monaco,76,closing,21.94,45.14,63.06,False,0.82,dry,-4.26,stable dry phase,1.0
2024-08-monaco,77,closing,21.94,44.89,62.6,False,0.99,dry,-4.51,stable dry phase,1.0
2024-08-monaco,78,closing,21.9,44.5,65.0,False,0.6,dry,-4.9,stable dry phase,1.0
2024-09-villeneuve,1,opening,16.3,21.1,78.0,True,0.6,damp,0.0,wet grip phase,1.0
2024-09-villeneuve,2,opening,16.3,21.0,76.0,True,1.3,damp,-0.1,wet grip phase,1.0
2024-09-villeneuve,3,opening,16.3,20.73,77.0,True,1.27,damp,-0.38,wet grip phase,1.0
2024-09-villeneuve,4,opening,16.3,20.7,74.0,True,1.8,damp,-0.4,wet grip phase,1.0
2024-09-villeneuve,5,opening,16.3,20.6,75.0,True,1.1,damp,-0.5,wet grip phase,1.0
2024-09-villeneuve,6,opening,16.2,20.2,74.5,True,1.05,damp,-0.9,wet grip phase,1.0
2024-09-villeneuve,7,opening,16.0,19.9,76.1,True,1.28,damp,-1.2,wet grip phase,1.0
2024-09-villeneuve,8,opening,15.92,19.9,78.0,True,0.82,damp,-1.2,wet grip phase,1.0
2024-09-villeneuve,9,opening,16.0,20.01,78.1,True,1.58,damp,-1.09,wet grip phase,1.0
2024-09-villeneuve,10,opening,15.92,20.26,77.4,True,1.22,damp,-0.84,wet grip phase,1.0
2024-09-villeneuve,11,opening,16.02,21.0,79.6,True,1.18,damp,-0.1,wet grip phase,1.0
2024-09-villeneuve,12,opening,16.42,23.64,78.0,True,1.02,damp,2.54,wet grip phase,1.0
2024-09-villeneuve,13,opening,16.61,24.61,77.3,False,1.2,dry,3.5,stable dry phase,1.0
2024-09-villeneuve,14,opening,16.96,25.2,78.4,False,0.8,dry,4.1,stable dry phase,1.0
2024-09-villeneuve,15,middle,17.34,25.74,76.4,False,0.54,dry,4.64,stable dry phase,1.0
2024-09-villeneuve,16,middle,17.48,25.8,72.5,False,0.97,dry,4.7,stable dry phase,1.0
2024-09-villeneuve,17,middle,17.5,25.97,73.3,False,1.44,dry,4.87,stable dry phase,1.0
2024-09-villeneuve,18,middle,17.57,26.24,72.7,False,1.5,dry,5.14,track heating,1.0
2024-09-villeneuve,19,middle,17.73,26.3,72.25,False,1.74,dry,5.2,track heating,1.0
2024-09-villeneuve,20,middle,17.9,26.44,72.3,False,1.06,dry,5.34,track heating,1.0
2024-09-villeneuve,21,middle,17.91,26.66,70.55,False,0.89,dry,5.56,track heating,1.0
2024-09-villeneuve,22,middle,18.0,26.63,71.7,False,1.45,dry,5.53,track heating,1.0
2024-09-villeneuve,23,middle,18.1,26.73,71.35,False,1.01,dry,5.62,track heating,1.0
2024-09-villeneuve,24,middle,18.2,27.0,71.42,False,0.82,dry,5.9,track heating,1.0
2024-09-villeneuve,25,middle,18.21,26.95,71.63,False,0.73,dry,5.85,track heating,1.0
2024-09-villeneuve,26,middle,18.32,27.28,71.0,False,1.14,dry,6.18,track heating,1.0
2024-09-villeneuve,27,middle,18.41,26.4,70.95,False,1.0,dry,5.3,track heating,1.0
2024-09-villeneuve,28,middle,18.38,24.79,70.58,False,1.06,dry,3.69,stable dry phase,1.0
2024-09-villeneuve,29,middle,18.2,24.36,71.0,False,0.7,dry,3.26,stable dry phase,1.0
2024-09-villeneuve,30,middle,18.14,23.74,72.0,False,0.38,dry,2.64,stable dry phase,1.0
2024-09-villeneuve,31,middle,18.0,23.37,70.95,True,0.85,damp,2.27,wet grip phase,1.0
2024-09-villeneuve,32,middle,18.0,22.8,72.21,True,1.29,damp,1.7,wet grip phase,1.0
2024-09-villeneuve,33,middle,17.99,22.78,72.0,True,1.08,damp,1.68,wet grip phase,1.0
2024-09-villeneuve,34,middle,17.76,22.43,72.68,True,0.58,damp,1.33,wet grip phase,1.0
2024-09-villeneuve,35,middle,17.69,22.28,73.05,True,0.82,damp,1.18,wet grip phase,1.0
2024-09-villeneuve,36,middle,17.54,21.82,74.63,True,0.76,damp,0.72,wet grip phase,1.0
2024-09-villeneuve,37,middle,17.4,21.5,76.0,True,0.71,damp,0.4,wet grip phase,1.0
2024-09-villeneuve,38,middle,17.36,21.49,76.32,True,0.86,damp,0.39,wet grip phase,1.0
2024-09-villeneuve,39,middle,17.19,21.29,76.0,True,0.78,damp,0.19,wet grip phase,1.0
2024-09-villeneuve,40,middle,17.09,21.21,75.95,False,0.48,dry,0.11,stable dry phase,1.0
2024-09-villeneuve,41,middle,17.01,21.29,75.74,False,0.98,dry,0.19,stable dry phase,1.0
2024-09-villeneuve,42,middle,17.1,21.2,76.0,False,0.79,dry,0.1,stable dry phase,1.0
2024-09-villeneuve,43,middle,17.1,21.2,76.0,False,1.28,dry,0.1,stable dry phase,1.0
2024-09-villeneuve,44,middle,17.2,21.47,76.17,False,0.77,dry,0.37,stable dry phase,1.0
2024-09-villeneuve,45,middle,17.29,22.82,75.56,False,1.03,dry,1.72,stable dry phase,1.0
2024-09-villeneuve,46,middle,17.51,23.94,76.78,False,0.54,dry,2.84,stable dry phase,1.0
2024-09-villeneuve,47,middle,17.86,25.49,75.61,False,0.59,dry,4.39,stable dry phase,1.0
2024-09-villeneuve,48,middle,18.22,25.92,76.06,False,0.61,dry,4.82,stable dry phase,1.0
2024-09-villeneuve,49,middle,18.44,26.21,75.06,False,0.79,dry,5.11,track heating,1.0
2024-09-villeneuve,50,middle,18.51,26.72,75.44,False,1.03,dry,5.62,track heating,1.0
2024-09-villeneuve,51,middle,18.71,26.97,73.06,False,0.95,dry,5.87,track heating,1.0
2024-09-villeneuve,52,middle,18.78,26.58,73.39,False,1.07,dry,5.48,track heating,1.0
2024-09-villeneuve,53,closing,18.9,26.44,74.0,False,1.12,dry,5.34,track heating,1.0
2024-09-villeneuve,54,closing,18.83,26.95,75.33,False,0.61,dry,5.85,track heating,1.0
2024-09-villeneuve,55,closing,18.91,26.99,73.73,False,1.39,dry,5.89,track heating,1.0
2024-09-villeneuve,56,closing,19.0,27.01,71.8,False,1.46,dry,5.91,track heating,1.0
2024-09-villeneuve,57,closing,18.89,26.99,70.87,False,1.06,dry,5.89,track heating,1.0
2024-09-villeneuve,58,closing,18.93,26.83,69.67,False,1.72,dry,5.73,track heating,1.0
2024-09-villeneuve,59,closing,18.7,26.9,70.87,False,0.67,dry,5.8,track heating,1.0
2024-09-villeneuve,60,closing,18.71,26.84,69.13,False,1.63,dry,5.74,track heating,1.0
2024-09-villeneuve,61,closing,18.8,26.08,70.13,False,1.41,dry,4.98,stable dry phase,1.0
2024-09-villeneuve,62,closing,18.8,25.86,71.6,False,1.73,dry,4.76,stable dry phase,1.0
2024-09-villeneuve,63,closing,18.81,25.78,71.07,False,1.85,dry,4.68,stable dry phase,1.0
2024-09-villeneuve,64,closing,18.81,26.15,72.0,False,1.86,dry,5.05,track heating,1.0
2024-09-villeneuve,65,closing,18.96,26.89,71.87,False,1.28,dry,5.79,track heating,1.0
2024-09-villeneuve,66,closing,19.09,26.8,70.13,False,2.35,dry,5.7,track heating,1.0
2024-09-villeneuve,67,closing,19.09,26.77,70.0,False,2.73,dry,5.67,track heating,1.0
2024-09-villeneuve,68,closing,18.97,27.73,69.87,False,2.43,dry,6.63,track heating,1.0
2024-09-villeneuve,69,closing,18.76,27.93,68.67,False,2.6,dry,6.83,track heating,1.0
2024-09-villeneuve,70,closing,18.6,28.0,68.0,False,2.6,dry,6.9,track heating,1.0
2024-10-catalunya,1,opening,23.9,39.1,63.0,False,2.7,dry,0.0,stable dry phase,1.0
2024-10-catalunya,2,opening,23.9,39.38,62.35,False,2.5,dry,0.28,stable dry phase,1.0
2024-10-catalunya,3,opening,24.3,40.1,63.0,False,3.6,dry,1.0,stable dry phase,1.0
2024-10-catalunya,4,opening,24.3,40.1,63.0,False,3.1,dry,1.0,stable dry phase,1.0
2024-10-catalunya,5,opening,24.33,40.1,62.65,False,3.65,dry,1.0,stable dry phase,1.0
2024-10-catalunya,6,opening,24.4,40.1,64.0,False,2.8,dry,1.0,stable dry phase,1.0
2024-10-catalunya,7,opening,24.3,40.2,63.0,False,2.9,dry,1.1,stable dry phase,1.0
2024-10-catalunya,8,opening,24.1,40.36,63.8,False,2.94,dry,1.26,stable dry phase,1.0
2024-10-catalunya,9,opening,24.2,40.8,63.0,False,2.4,dry,1.7,stable dry phase,1.0
2024-10-catalunya,10,opening,24.27,40.8,64.0,False,2.94,dry,1.7,stable dry phase,1.0
2024-10-catalunya,11,opening,24.2,41.66,64.0,False,3.69,dry,2.55,stable dry phase,1.0
2024-10-catalunya,12,opening,24.12,41.16,64.15,False,2.9,dry,2.05,stable dry phase,1.0
2024-10-catalunya,13,opening,24.2,40.8,65.0,False,3.55,dry,1.7,stable dry phase,1.0
2024-10-catalunya,14,middle,24.2,40.7,65.0,False,3.6,dry,1.6,stable dry phase,1.0
2024-10-catalunya,15,middle,24.3,41.0,65.2,False,3.24,dry,1.9,stable dry phase,1.0
2024-10-catalunya,16,middle,24.23,40.74,65.3,False,3.15,dry,1.64,stable dry phase,1.0
2024-10-catalunya,17,middle,24.3,40.59,65.0,False,3.7,dry,1.49,stable dry phase,1.0
2024-10-catalunya,18,middle,24.15,40.4,64.45,False,3.37,dry,1.3,stable dry phase,1.0
2024-10-catalunya,19,middle,24.01,40.31,63.1,False,3.1,dry,1.21,stable dry phase,1.0
2024-10-catalunya,20,middle,24.04,40.58,64.4,False,2.92,dry,1.48,stable dry phase,1.0
2024-10-catalunya,21,middle,24.27,40.9,65.35,False,3.24,dry,1.8,stable dry phase,1.0
2024-10-catalunya,22,middle,24.21,40.45,64.1,False,3.62,dry,1.35,stable dry phase,1.0
2024-10-catalunya,23,middle,24.0,40.65,66.0,False,3.17,dry,1.55,stable dry phase,1.0
2024-10-catalunya,24,middle,24.0,41.3,65.3,False,3.81,dry,2.2,stable dry phase,1.0
2024-10-catalunya,25,middle,24.0,40.5,65.0,False,3.9,dry,1.4,stable dry phase,1.0
2024-10-catalunya,26,middle,23.95,40.95,65.0,False,3.27,dry,1.85,stable dry phase,1.0
2024-10-catalunya,27,middle,23.98,41.58,64.25,False,3.38,dry,2.48,stable dry phase,1.0
2024-10-catalunya,28,middle,24.0,41.3,64.15,False,3.55,dry,2.2,stable dry phase,1.0
2024-10-catalunya,29,middle,24.05,41.35,65.0,False,2.65,dry,2.25,stable dry phase,1.0
2024-10-catalunya,30,middle,24.02,41.49,65.0,False,2.31,dry,2.39,stable dry phase,1.0
2024-10-catalunya,31,middle,24.0,41.8,64.75,False,2.35,dry,2.7,stable dry phase,1.0
2024-10-catalunya,32,middle,23.95,41.8,64.55,False,2.53,dry,2.7,stable dry phase,1.0
2024-10-catalunya,33,middle,23.86,41.93,64.25,False,3.15,dry,2.83,stable dry phase,1.0
2024-10-catalunya,34,middle,24.1,41.89,64.3,False,3.09,dry,2.79,stable dry phase,1.0
2024-10-catalunya,35,middle,24.1,42.04,65.6,False,2.64,dry,2.94,stable dry phase,1.0
2024-10-catalunya,36,middle,24.2,41.84,65.4,False,2.48,dry,2.74,stable dry phase,1.0
2024-10-catalunya,37,middle,24.34,41.8,64.8,False,2.32,dry,2.7,stable dry phase,1.0
2024-10-catalunya,38,middle,24.4,42.07,63.65,False,1.88,dry,2.97,stable dry phase,1.0
2024-10-catalunya,39,middle,24.4,42.37,64.0,False,2.81,dry,3.27,stable dry phase,1.0
2024-10-catalunya,40,middle,24.4,42.22,64.6,False,3.04,dry,3.12,stable dry phase,1.0
2024-10-catalunya,41,middle,24.34,41.12,65.65,False,3.19,dry,2.02,stable dry phase,1.0
2024-10-catalunya,42,middle,24.3,40.69,66.0,False,3.4,dry,1.59,stable dry phase,1.0
2024-10-catalunya,43,middle,24.24,40.48,66.6,False,3.26,dry,1.38,stable dry phase,1.0
2024-10-catalunya,44,middle,24.19,39.83,67.0,True,2.76,damp,0.73,wet grip phase,1.0
2024-10-catalunya,45,middle,24.12,38.7,67.0,True,2.75,damp,-0.4,wet grip phase,1.0
2024-10-catalunya,46,middle,24.09,39.08,67.55,False,2.02,dry,-0.02,stable dry phase,1.0
2024-10-catalunya,47,middle,23.97,40.38,67.35,False,2.56,dry,1.27,stable dry phase,1.0
2024-10-catalunya,48,middle,23.95,41.36,67.0,False,2.31,dry,2.26,stable dry phase,1.0
2024-10-catalunya,49,middle,24.07,41.5,67.35,False,1.85,dry,2.4,stable dry phase,1.0
2024-10-catalunya,50,closing,24.24,42.13,66.3,False,1.61,dry,3.03,stable dry phase,1.0
2024-10-catalunya,51,closing,24.26,42.49,65.05,False,1.84,dry,3.39,stable dry phase,1.0
2024-10-catalunya,52,closing,24.14,42.43,64.4,False,2.01,dry,3.33,stable dry phase,1.0
2024-10-catalunya,53,closing,24.13,42.18,64.0,False,1.98,dry,3.08,stable dry phase,1.0
2024-10-catalunya,54,closing,24.23,41.76,64.45,False,1.89,dry,2.66,stable dry phase,1.0
2024-10-catalunya,55,closing,24.36,41.67,64.4,False,1.79,dry,2.57,stable dry phase,1.0
2024-10-catalunya,56,closing,24.37,42.12,64.0,False,1.45,dry,3.02,stable dry phase,1.0
2024-10-catalunya,57,closing,24.32,42.34,63.55,False,1.48,dry,3.24,stable dry phase,1.0
2024-10-catalunya,58,closing,24.38,41.9,62.9,False,1.54,dry,2.8,stable dry phase,1.0
2024-10-catalunya,59,closing,24.56,41.12,62.35,False,1.54,dry,2.02,stable dry phase,1.0
2024-10-catalunya,60,closing,24.66,40.33,62.0,False,1.84,dry,1.23,stable dry phase,1.0
2024-10-catalunya,61,closing,24.45,39.55,62.45,False,1.89,dry,0.45,stable dry phase,1.0
2024-10-catalunya,62,closing,24.14,39.23,63.65,False,1.56,dry,0.13,stable dry phase,1.0
2024-10-catalunya,63,closing,23.98,39.49,63.8,False,1.32,dry,0.39,stable dry phase,1.0
2024-10-catalunya,64,closing,23.86,40.3,63.35,False,1.31,dry,1.2,stable dry phase,1.0
2024-10-catalunya,65,closing,23.8,41.37,63.11,False,1.18,dry,2.27,stable dry phase,1.0
2024-10-catalunya,66,closing,23.75,42.06,62.91,False,1.06,dry,2.96,stable dry phase,1.0
2024-11-red_bull_ring,1,opening,29.1,46.2,36.0,False,1.8,dry,0.0,stable dry phase,1.0
2024-11-red_bull_ring,2,opening,29.0,45.9,35.0,False,2.3,dry,-0.3,stable dry phase,1.0
2024-11-red_bull_ring,3,opening,28.95,45.39,36.0,False,1.53,dry,-0.81,stable dry phase,1.0
2024-11-red_bull_ring,4,opening,28.9,45.2,36.0,False,2.2,dry,-1.0,stable dry phase,1.0
2024-11-red_bull_ring,5,opening,28.8,45.5,36.0,False,2.5,dry,-0.7,stable dry phase,1.0
2024-11-red_bull_ring,6,opening,28.81,45.83,36.0,False,1.81,dry,-0.37,stable dry phase,1.0
2024-11-red_bull_ring,7,opening,28.89,46.1,35.9,False,1.91,dry,-0.1,stable dry phase,1.0
2024-11-red_bull_ring,8,opening,28.83,46.1,35.3,False,2.15,dry,-0.1,stable dry phase,1.0
2024-11-red_bull_ring,9,opening,28.9,46.44,36.0,False,2.42,dry,0.24,stable dry phase,1.0
2024-11-red_bull_ring,10,opening,28.9,46.6,36.0,False,1.3,dry,0.4,stable dry phase,1.0
2024-11-red_bull_ring,11,opening,29.0,46.52,36.0,False,1.91,dry,0.31,stable dry phase,1.0
2024-11-red_bull_ring,12,opening,29.02,46.8,36.0,False,2.08,dry,0.6,stable dry phase,1.0
2024-11-red_bull_ring,13,opening,29.1,46.8,36.0,False,2.15,dry,0.6,stable dry phase,1.0
2024-11-red_bull_ring,14,opening,29.1,46.94,36.0,False,2.18,dry,0.74,stable dry phase,1.0
2024-11-red_bull_ring,15,middle,29.2,46.52,35.95,False,1.84,dry,0.32,stable dry phase,1.0
2024-11-red_bull_ring,16,middle,29.2,46.51,35.05,False,2.0,dry,0.31,stable dry phase,1.0
2024-11-red_bull_ring,17,middle,29.12,46.65,36.0,False,1.95,dry,0.45,stable dry phase,1.0
2024-11-red_bull_ring,18,middle,29.2,46.5,36.0,False,1.6,dry,0.3,stable dry phase,1.0
2024-11-red_bull_ring,19,middle,29.13,46.5,36.0,False,1.68,dry,0.3,stable dry phase,1.0
2024-11-red_bull_ring,20,middle,29.01,46.68,36.0,False,1.95,dry,0.48,stable dry phase,1.0
2024-11-red_bull_ring,21,middle,29.0,46.73,36.0,False,1.71,dry,0.53,stable dry phase,1.0
2024-11-red_bull_ring,22,middle,29.0,46.9,35.6,False,1.8,dry,0.7,stable dry phase,1.0
2024-11-red_bull_ring,23,middle,29.0,46.74,35.75,False,1.98,dry,0.54,stable dry phase,1.0
2024-11-red_bull_ring,24,middle,29.0,46.52,36.0,False,2.48,dry,0.31,stable dry phase,1.0
2024-11-red_bull_ring,25,middle,29.01,46.2,36.05,False,1.92,dry,0.0,stable dry phase,1.0
2024-11-red_bull_ring,26,middle,29.1,46.31,36.9,False,2.24,dry,0.11,stable dry phase,1.0
2024-11-red_bull_ring,27,middle,29.1,47.3,36.0,False,1.84,dry,1.1,stable dry phase,1.0
2024-11-red_bull_ring,28,middle,29.09,47.02,36.0,False,2.19,dry,0.81,stable dry phase,1.0
2024-11-red_bull_ring,29,middle,29.01,46.81,36.0,False,1.44,dry,0.61,stable dry phase,1.0
2024-11-red_bull_ring,30,middle,28.99,46.78,36.0,False,1.18,dry,0.58,stable dry phase,1.0
2024-11-red_bull_ring,31,middle,28.9,46.53,36.1,False,2.6,dry,0.33,stable dry phase,1.0
2024-11-red_bull_ring,32,middle,28.83,46.01,37.0,False,2.35,dry,-0.2,stable dry phase,1.0
2024-11-red_bull_ring,33,middle,28.7,46.2,37.0,True,2.04,damp,0.0,wet grip phase,1.0
2024-11-red_bull_ring,34,middle,28.64,46.19,37.0,True,2.17,damp,-0.01,wet grip phase,1.0
2024-11-red_bull_ring,35,middle,28.69,46.03,37.0,True,2.14,damp,-0.17,wet grip phase,1.0
2024-11-red_bull_ring,36,middle,28.7,46.09,37.0,False,1.79,dry,-0.11,stable dry phase,1.0
2024-11-red_bull_ring,37,middle,28.74,46.84,36.6,False,1.88,dry,0.64,stable dry phase,1.0
2024-11-red_bull_ring,38,middle,28.86,47.34,36.0,False,2.35,dry,1.14,stable dry phase,1.0
2024-11-red_bull_ring,39,middle,28.83,47.61,36.0,False,2.2,dry,1.41,stable dry phase,1.0
2024-11-red_bull_ring,40,middle,28.8,47.63,36.15,False,2.25,dry,1.43,stable dry phase,1.0
2024-11-red_bull_ring,41,middle,28.82,47.62,36.9,False,2.36,dry,1.42,stable dry phase,1.0
2024-11-red_bull_ring,42,middle,28.89,47.7,36.5,False,1.85,dry,1.5,stable dry phase,1.0
2024-11-red_bull_ring,43,middle,28.97,47.55,36.0,False,1.46,dry,1.34,stable dry phase,1.0
2024-11-red_bull_ring,44,middle,29.06,47.15,36.0,False,2.15,dry,0.95,stable dry phase,1.0
2024-11-red_bull_ring,45,middle,29.01,46.65,36.0,False,2.11,dry,0.45,stable dry phase,1.0
2024-11-red_bull_ring,46,middle,28.91,46.78,36.0,False,1.98,dry,0.58,stable dry phase,1.0
2024-11-red_bull_ring,47,middle,28.9,47.2,36.0,False,1.82,dry,0.99,stable dry phase,1.0
2024-11-red_bull_ring,48,middle,28.98,47.39,35.95,False,1.77,dry,1.19,stable dry phase,1.0
2024-11-red_bull_ring,49,middle,29.14,47.86,35.35,False,1.62,dry,1.66,stable dry phase,1.0
2024-11-red_bull_ring,50,middle,29.29,48.11,35.0,False,0.98,dry,1.91,stable dry phase,1.0
2024-11-red_bull_ring,51,middle,29.41,48.19,34.95,False,1.35,dry,1.99,stable dry phase,1.0
2024-11-red_bull_ring,52,middle,29.49,48.31,34.55,False,1.53,dry,2.11,stable dry phase,1.0
2024-11-red_bull_ring,53,middle,29.44,48.55,34.7,False,1.29,dry,2.35,stable dry phase,1.0
2024-11-red_bull_ring,54,closing,29.47,48.67,35.0,False,1.46,dry,2.47,stable dry phase,1.0
2024-11-red_bull_ring,55,closing,29.51,48.7,35.0,False,1.59,dry,2.5,stable dry phase,1.0
2024-11-red_bull_ring,56,closing,29.59,48.77,34.75,False,1.14,dry,2.57,stable dry phase,1.0
2024-11-red_bull_ring,57,closing,29.64,48.83,34.1,False,1.46,dry,2.62,stable dry phase,1.0
2024-11-red_bull_ring,58,closing,29.64,48.39,34.0,False,1.62,dry,2.19,stable dry phase,1.0
2024-11-red_bull_ring,59,closing,29.54,48.07,34.0,False,1.15,dry,1.87,stable dry phase,1.0
2024-11-red_bull_ring,60,closing,29.57,48.12,34.0,False,1.47,dry,1.92,stable dry phase,1.0
2024-11-red_bull_ring,61,closing,29.6,48.4,33.8,False,1.52,dry,2.2,stable dry phase,1.0
2024-11-red_bull_ring,62,closing,29.64,48.24,33.5,False,1.52,dry,2.04,stable dry phase,1.0
2024-11-red_bull_ring,63,closing,29.74,48.05,33.5,False,1.48,dry,1.85,stable dry phase,1.0
2024-11-red_bull_ring,64,closing,29.8,47.84,33.7,False,1.61,dry,1.64,stable dry phase,1.0
2024-11-red_bull_ring,65,closing,29.79,47.67,34.11,False,1.48,dry,1.47,stable dry phase,1.0
2024-11-red_bull_ring,66,closing,29.71,47.95,34.84,False,1.12,dry,1.75,stable dry phase,1.0
2024-11-red_bull_ring,67,closing,29.65,48.29,35.0,False,0.96,dry,2.09,stable dry phase,1.0
2024-11-red_bull_ring,68,closing,29.61,48.13,34.89,False,1.65,dry,1.93,stable dry phase,1.0
2024-11-red_bull_ring,69,closing,29.69,47.54,34.42,False,1.48,dry,1.34,stable dry phase,1.0
2024-11-red_bull_ring,70,closing,29.79,47.3,34.78,False,1.01,dry,1.1,stable dry phase,1.0
2024-11-red_bull_ring,71,closing,29.88,47.3,35.0,False,0.9,dry,1.1,stable dry phase,1.0
2024-12-silverstone,1,opening,15.9,28.1,67.0,False,2.2,dry,0.0,stable dry phase,1.0
2024-12-silverstone,2,opening,15.9,27.0,65.0,False,1.4,dry,-1.1,stable dry phase,1.0
2024-12-silverstone,3,opening,15.9,27.0,66.0,False,1.1,dry,-1.1,stable dry phase,1.0
2024-12-silverstone,4,opening,15.9,31.3,64.0,True,2.0,damp,3.2,wet grip phase,1.0
2024-12-silverstone,5,opening,15.8,31.3,64.0,True,2.0,damp,3.2,wet grip phase,1.0
2024-12-silverstone,6,opening,15.8,26.5,68.0,True,1.0,damp,-1.6,wet grip phase,1.0
2024-12-silverstone,7,opening,15.77,26.53,70.0,True,0.63,damp,-1.57,wet grip phase,1.0
2024-12-silverstone,8,opening,15.6,26.5,70.0,True,0.7,damp,-1.6,wet grip phase,1.0
2024-12-silverstone,9,opening,15.45,27.08,73.11,True,0.86,damp,-1.02,wet grip phase,1.0
2024-12-silverstone,10,opening,15.4,29.4,73.0,True,0.6,damp,1.3,wet grip phase,1.0
2024-12-silverstone,11,middle,15.33,31.44,73.0,True,0.93,damp,3.34,wet grip phase,1.0
2024-12-silverstone,12,middle,15.3,32.9,72.0,False,1.0,dry,4.8,stable dry phase,1.0
2024-12-silverstone,13,middle,15.37,35.07,72.53,False,0.65,dry,6.97,track heating,1.0
2024-12-silverstone,14,middle,15.62,35.13,71.89,True,0.71,damp,7.03,wet grip phase,1.0
2024-12-silverstone,15,middle,15.89,36.2,72.79,True,0.71,damp,8.1,wet grip phase,1.0
2024-12-silverstone,16,middle,16.02,36.82,70.21,False,1.06,dry,8.72,track heating,1.0
2024-12-silverstone,17,middle,16.2,36.85,66.84,False,1.93,dry,8.75,track heating,1.0
2024-12-silverstone,18,middle,16.26,32.43,65.84,False,1.2,dry,4.33,stable dry phase,1.0
2024-12-silverstone,19,middle,16.3,32.07,65.21,False,0.87,dry,3.97,stable dry phase,1.0
2024-12-silverstone,20,middle,16.37,36.9,65.37,False,1.72,dry,8.8,track heating,1.0
2024-12-silverstone,21,middle,16.32,36.42,61.84,False,1.3,dry,8.32,track heating,1.0
2024-12-silverstone,22,middle,16.11,35.2,63.79,False,1.35,dry,7.1,track heating,1.0
2024-12-silverstone,23,middle,16.16,35.2,62.68,False,1.08,dry,7.1,track heating,1.0
2024-12-silverstone,24,middle,16.22,35.49,64.84,False,0.81,dry,7.39,track heating,1.0
2024-12-silverstone,25,middle,16.27,36.85,64.58,False,1.03,dry,8.75,track heating,1.0
2024-12-silverstone,26,middle,16.15,36.72,64.68,False,1.13,dry,8.62,track heating,1.0
2024-12-silverstone,27,middle,16.04,36.61,66.05,False,0.99,dry,8.51,track heating,1.0
2024-12-silverstone,28,middle,16.04,36.98,64.47,False,1.1,dry,8.88,track heating,1.0
2024-12-silverstone,29,middle,16.1,37.47,63.53,False,1.08,dry,9.37,track heating,1.0
2024-12-silverstone,30,middle,16.26,36.57,63.95,False,0.66,dry,8.47,track heating,1.0
2024-12-silverstone,31,middle,16.3,33.35,63.63,False,0.56,dry,5.25,track heating,1.0
2024-12-silverstone,32,middle,16.28,33.02,63.05,False,0.85,dry,4.92,stable dry phase,1.0
2024-12-silverstone,33,middle,16.23,33.06,63.21,False,1.15,dry,4.96,stable dry phase,1.0
2024-12-silverstone,34,middle,16.15,33.0,63.33,False,1.48,dry,4.9,stable dry phase,1.0
2024-12-silverstone,35,middle,16.1,33.0,63.28,False,1.8,dry,4.9,stable dry phase,1.0
2024-12-silverstone,36,middle,16.12,33.0,63.39,False,1.84,dry,4.9,stable dry phase,1.0
2024-12-silverstone,37,middle,16.17,33.0,63.0,False,1.66,dry,4.9,stable dry phase,1.0
2024-12-silverstone,38,middle,16.24,31.06,61.44,False,1.88,dry,2.96,stable dry phase,1.0
2024-12-silverstone,39,middle,16.28,26.63,61.06,False,2.11,dry,-1.47,stable dry phase,1.0
2024-12-silverstone,40,closing,16.26,24.17,60.5,False,2.34,dry,-3.93,stable dry phase,1.0
2024-12-silverstone,41,closing,16.27,24.52,60.5,False,2.25,dry,-3.58,stable dry phase,1.0
2024-12-silverstone,42,closing,16.31,25.23,60.78,False,2.12,dry,-2.87,stable dry phase,1.0
2024-12-silverstone,43,closing,16.42,25.91,60.33,False,1.97,dry,-2.19,stable dry phase,1.0
2024-12-silverstone,44,closing,16.53,25.99,60.89,False,1.69,dry,-2.11,stable dry phase,1.0
2024-12-silverstone,45,closing,16.71,25.81,61.5,False,1.36,dry,-2.29,stable dry phase,1.0
2024-12-silverstone,46,closing,16.78,25.55,61.11,False,1.74,dry,-2.55,stable dry phase,1.0
2024-12-silverstone,47,closing,16.74,25.32,59.94,False,2.02,dry,-2.78,stable dry phase,1.0
2024-12-silverstone,48,closing,16.68,25.12,60.06,False,2.02,dry,-2.98,stable dry phase,1.0
2024-12-silverstone,49,closing,16.62,24.81,59.61,False,1.85,dry,-3.29,stable dry phase,1.0
2024-12-silverstone,50,closing,16.53,24.62,59.5,False,1.56,dry,-3.48,stable dry phase,1.0
2024-12-silverstone,51,closing,16.5,24.49,59.27,False,1.57,dry,-3.61,stable dry phase,1.0
2024-12-silverstone,52,closing,16.5,24.33,59.67,False,1.4,dry,-3.77,stable dry phase,1.0
2024-13-hungaroring,1,opening,27.4,43.7,51.0,False,1.0,dry,0.0,stable dry phase,1.0
2024-13-hungaroring,2,opening,27.49,45.86,51.15,False,1.57,dry,2.16,stable dry phase,1.0
2024-13-hungaroring,3,opening,27.5,46.0,51.0,False,1.3,dry,2.3,stable dry phase,1.0
2024-13-hungaroring,4,opening,27.43,45.52,51.0,False,1.78,dry,1.82,stable dry phase,1.0
2024-13-hungaroring,5,opening,27.5,45.8,52.0,False,1.3,dry,2.1,stable dry phase,1.0
2024-13-hungaroring,6,opening,27.51,46.09,51.05,False,1.03,dry,2.39,stable dry phase,1.0
2024-13-hungaroring,7,opening,27.6,47.53,52.0,False,1.24,dry,3.83,stable dry phase,1.0
2024-13-hungaroring,8,opening,27.7,46.93,51.0,False,0.82,dry,3.23,stable dry phase,1.0
2024-13-hungaroring,9,opening,27.67,47.46,50.3,False,1.51,dry,3.76,stable dry phase,1.0
2024-13-hungaroring,10,opening,27.6,45.3,50.0,False,1.9,dry,1.6,stable dry phase,1.0
2024-13-hungaroring,11,opening,27.6,44.13,50.45,False,1.99,dry,0.43,stable dry phase,1.0
2024-13-hungaroring,12,opening,27.7,45.54,51.0,False,1.12,dry,1.84,stable dry phase,1.0
2024-13-hungaroring,13,opening,27.67,46.2,51.0,False,0.76,dry,2.49,stable dry phase,1.0
2024-13-hungaroring,14,opening,27.94,47.3,49.6,False,0.71,dry,3.6,stable dry phase,1.0
2024-13-hungaroring,15,middle,28.11,47.2,49.95,False,1.4,dry,3.5,stable dry phase,1.0
2024-13-hungaroring,16,middle,28.26,47.52,49.0,False,0.94,dry,3.82,stable dry phase,1.0
2024-13-hungaroring,17,middle,28.39,48.94,50.9,False,1.56,dry,5.23,track heating,1.0
2024-13-hungaroring,18,middle,28.24,49.32,50.45,False,1.19,dry,5.62,track heating,1.0
2024-13-hungaroring,19,middle,28.2,47.3,49.15,False,1.52,dry,3.6,stable dry phase,1.0
2024-13-hungaroring,20,middle,28.1,42.26,48.0,False,1.3,dry,-1.44,stable dry phase,1.0
2024-13-hungaroring,21,middle,28.1,42.1,48.7,False,1.3,dry,-1.6,stable dry phase,1.0
2024-13-hungaroring,22,middle,28.0,42.64,49.0,False,1.5,dry,-1.06,stable dry phase,1.0
2024-13-hungaroring,23,middle,28.0,41.01,48.35,False,1.44,dry,-2.69,stable dry phase,1.0
2024-13-hungaroring,24,middle,28.0,40.9,48.0,False,1.0,dry,-2.8,stable dry phase,1.0
2024-13-hungaroring,25,middle,28.0,43.7,48.0,False,1.35,dry,0.0,stable dry phase,1.0
2024-13-hungaroring,26,middle,28.09,43.53,48.0,False,1.06,dry,-0.17,stable dry phase,1.0
2024-13-hungaroring,27,middle,28.34,44.24,47.0,False,1.26,dry,0.54,stable dry phase,1.0
2024-13-hungaroring,28,middle,28.32,44.5,47.0,False,0.7,dry,0.8,stable dry phase,1.0
2024-13-hungaroring,29,middle,28.29,44.8,46.25,False,1.74,dry,1.09,stable dry phase,1.0
2024-13-hungaroring,30,middle,28.14,42.2,48.05,False,1.9,dry,-1.5,stable dry phase,1.0
2024-13-hungaroring,31,middle,28.1,40.84,47.1,False,1.71,dry,-2.86,stable dry phase,1.0
2024-13-hungaroring,32,middle,28.1,42.88,48.0,False,1.73,dry,-0.82,stable dry phase,1.0
2024-13-hungaroring,33,middle,28.17,43.51,48.0,False,1.41,dry,-0.19,stable dry phase,1.0
2024-13-hungaroring,34,middle,28.43,43.55,46.11,False,1.64,dry,-0.15,stable dry phase,1.0
2024-13-hungaroring,35,middle,28.5,43.6,46.68,False,1.36,dry,-0.1,stable dry phase,1.0
2024-13-hungaroring,36,middle,28.5,43.18,46.58,False,1.05,dry,-0.52,stable dry phase,1.0
2024-13-hungaroring,37,middle,28.5,43.27,47.68,False,0.76,dry,-0.43,stable dry phase,1.0
2024-13-hungaroring,38,middle,28.63,44.66,45.95,False,0.59,dry,0.96,stable dry phase,1.0
2024-13-hungaroring,39,middle,28.88,45.48,45.0,False,0.69,dry,1.78,stable dry phase,1.0
2024-13-hungaroring,40,middle,28.96,44.88,45.0,False,1.56,dry,1.18,stable dry phase,1.0
2024-13-hungaroring,41,middle,28.95,44.82,45.37,False,1.08,dry,1.12,stable dry phase,1.0
2024-13-hungaroring,42,middle,28.87,46.21,47.26,False,1.48,dry,2.51,stable dry phase,1.0
2024-13-hungaroring,43,middle,28.84,46.76,45.84,False,1.37,dry,3.06,stable dry phase,1.0
2024-13-hungaroring,44,middle,28.94,46.66,45.95,False,1.06,dry,2.96,stable dry phase,1.0
2024-13-hungaroring,45,middle,28.9,47.18,46.0,False,1.38,dry,3.48,stable dry phase,1.0
2024-13-hungaroring,46,middle,28.9,47.4,46.42,False,1.57,dry,3.7,stable dry phase,1.0
2024-13-hungaroring,47,middle,28.84,47.01,46.42,False,1.77,dry,3.31,stable dry phase,1.0
2024-13-hungaroring,48,middle,28.83,46.48,47.05,False,2.01,dry,2.78,stable dry phase,1.0
2024-13-hungaroring,49,middle,28.9,45.51,47.42,False,1.38,dry,1.81,stable dry phase,1.0
2024-13-hungaroring,50,middle,28.97,44.19,47.0,False,0.91,dry,0.49,stable dry phase,1.0
2024-13-hungaroring,51,middle,28.95,43.16,47.47,False,1.07,dry,-0.54,stable dry phase,1.0
2024-13-hungaroring,52,middle,28.89,43.66,47.42,False,1.11,dry,-0.04,stable dry phase,1.0
2024-13-hungaroring,53,closing,28.85,43.81,47.74,False,1.56,dry,0.11,stable dry phase,1.0
2024-13-hungaroring,54,closing,28.9,42.83,48.0,False,1.28,dry,-0.87,stable dry phase,1.0
2024-13-hungaroring,55,closing,28.9,43.86,48.0,False,0.86,dry,0.16,stable dry phase,1.0
2024-13-hungaroring,56,closing,28.9,44.69,47.63,False,0.55,dry,0.99,stable dry phase,1.0
2024-13-hungaroring,57,closing,28.97,45.11,47.0,False,0.77,dry,1.41,stable dry phase,1.0
2024-13-hungaroring,58,closing,29.21,44.69,47.0,False,1.23,dry,0.99,stable dry phase,1.0
2024-13-hungaroring,59,closing,29.3,44.27,46.42,False,1.22,dry,0.57,stable dry phase,1.0
2024-13-hungaroring,60,closing,29.24,43.74,46.0,False,0.99,dry,0.04,stable dry phase,1.0
2024-13-hungaroring,61,closing,29.2,43.04,46.0,False,0.71,dry,-0.66,stable dry phase,1.0
2024-13-hungaroring,62,closing,29.14,42.07,46.11,False,0.68,dry,-1.63,stable dry phase,1.0
2024-13-hungaroring,63,closing,29.06,41.31,46.68,False,0.8,dry,-2.39,stable dry phase,1.0
2024-13-hungaroring,64,closing,28.95,40.86,47.05,False,0.74,dry,-2.84,stable dry phase,1.0
2024-13-hungaroring,65,closing,28.81,40.73,47.58,False,1.1,dry,-2.97,stable dry phase,1.0
2024-13-hungaroring,66,closing,28.73,40.8,48.0,False,1.43,dry,-2.9,stable dry phase,1.0
2024-13-hungaroring,67,closing,28.66,40.94,48.0,False,1.34,dry,-2.76,stable dry phase,1.0
2024-13-hungaroring,68,closing,28.67,40.93,47.63,False,1.05,dry,-2.77,stable dry phase,1.0
2024-13-hungaroring,69,closing,28.64,40.72,47.11,False,0.61,dry,-2.98,stable dry phase,1.0
2024-13-hungaroring,70,closing,28.6,40.62,47.0,False,0.45,dry,-3.08,stable dry phase,1.0
2024-14-spa,1,opening,21.0,42.1,52.0,False,0.5,dry,0.0,stable dry phase,1.0
2024-14-spa,2,opening,20.6,42.2,52.0,False,0.7,dry,0.1,stable dry phase,1.0
2024-14-spa,3,opening,20.7,41.1,51.0,False,1.2,dry,-1.0,stable dry phase,1.0
2024-14-spa,4,opening,20.8,40.47,50.0,False,1.77,dry,-1.63,stable dry phase,1.0
2024-14-spa,5,opening,20.9,40.02,50.5,False,1.28,dry,-2.08,stable dry phase,1.0
2024-14-spa,6,opening,20.9,40.5,51.0,False,0.9,dry,-1.6,stable dry phase,1.0
2024-14-spa,7,opening,20.9,41.5,50.0,False,0.9,dry,-0.6,stable dry phase,1.0
2024-14-spa,8,opening,20.8,41.5,51.0,False,0.9,dry,-0.6,stable dry phase,1.0
2024-14-spa,9,middle,21.0,41.9,50.0,False,1.4,dry,-0.2,stable dry phase,1.0
2024-14-spa,10,middle,21.0,42.28,50.16,False,2.53,dry,0.18,stable dry phase,1.0
2024-14-spa,11,middle,21.17,42.33,49.68,False,1.92,dry,0.23,stable dry phase,1.0
2024-14-spa,12,middle,21.42,42.4,51.0,False,1.12,dry,0.3,stable dry phase,1.0
2024-14-spa,13,middle,21.4,42.3,50.32,False,1.02,dry,0.2,stable dry phase,1.0
2024-14-spa,14,middle,21.39,42.42,51.89,False,0.79,dry,0.32,stable dry phase,1.0
2024-14-spa,15,middle,21.2,42.6,52.0,False,1.8,dry,0.5,stable dry phase,1.0
2024-14-spa,16,middle,21.0,42.6,51.0,False,1.3,dry,0.5,stable dry phase,1.0
2024-14-spa,17,middle,20.71,40.21,50.95,False,1.72,dry,-1.89,stable dry phase,1.0
2024-14-spa,18,middle,20.6,39.59,51.63,False,1.43,dry,-2.51,stable dry phase,1.0
2024-14-spa,19,middle,20.92,41.31,51.84,False,0.9,dry,-0.79,stable dry phase,1.0
2024-14-spa,20,middle,21.0,41.04,50.16,False,2.11,dry,-1.06,stable dry phase,1.0
2024-14-spa,21,middle,20.8,39.8,52.0,False,2.1,dry,-2.3,stable dry phase,1.0
2024-14-spa,22,middle,20.7,38.2,51.0,False,2.6,dry,-3.9,stable dry phase,1.0
2024-14-spa,23,middle,20.8,37.84,51.0,False,2.54,dry,-4.26,stable dry phase,1.0
2024-14-spa,24,middle,20.86,37.7,51.63,False,2.01,dry,-4.4,stable dry phase,1.0
2024-14-spa,25,middle,20.96,40.02,51.58,False,1.14,dry,-2.08,stable dry phase,1.0
2024-14-spa,26,middle,21.03,41.09,51.05,False,1.61,dry,-1.01,stable dry phase,1.0
2024-14-spa,27,middle,21.07,42.0,49.0,False,2.93,dry,-0.1,stable dry phase,1.0
2024-14-spa,28,middle,20.89,42.02,49.89,False,2.59,dry,-0.08,stable dry phase,1.0
2024-14-spa,29,middle,20.86,42.36,50.0,False,1.56,dry,0.26,stable dry phase,1.0
2024-14-spa,30,middle,20.9,42.34,49.0,False,2.2,dry,0.24,stable dry phase,1.0
2024-14-spa,31,middle,20.95,42.44,49.53,False,1.67,dry,0.34,stable dry phase,1.0
2024-14-spa,32,middle,21.0,42.4,48.0,False,1.8,dry,0.3,stable dry phase,1.0
2024-14-spa,33,middle,21.02,42.42,48.95,False,0.81,dry,0.32,stable dry phase,1.0
2024-14-spa,34,closing,21.27,42.67,47.68,False,0.87,dry,0.57,stable dry phase,1.0
2024-14-spa,35,closing,21.18,42.64,48.0,False,1.68,dry,0.54,stable dry phase,1.0
2024-14-spa,36,closing,21.06,42.57,49.58,False,1.32,dry,0.47,stable dry phase,1.0
2024-14-spa,37,closing,21.3,42.7,50.0,False,1.17,dry,0.6,stable dry phase,1.0
2024-14-spa,38,closing,21.41,42.63,48.89,False,1.14,dry,0.53,stable dry phase,1.0
2024-14-spa,39,closing,21.49,42.86,48.11,False,2.91,dry,0.76,stable dry phase,1.0
2024-14-spa,40,closing,21.46,43.1,48.42,False,3.07,dry,1.0,stable dry phase,1.0
2024-14-spa,41,closing,21.4,43.3,49.0,False,2.03,dry,1.2,stable dry phase,1.0
2024-14-spa,42,closing,21.52,43.13,50.58,False,2.68,dry,1.03,stable dry phase,1.0
2024-14-spa,43,closing,21.51,42.9,51.05,False,2.44,dry,0.8,stable dry phase,1.0
2024-14-spa,44,closing,21.6,42.81,51.21,False,1.67,dry,0.71,stable dry phase,1.0
2024-15-zandvoort,1,opening,18.7,31.6,65.0,False,4.8,dry,0.0,stable dry phase,1.0
2024-15-zandvoort,2,opening,18.7,31.39,65.0,False,5.29,dry,-0.21,stable dry phase,1.0
2024-15-zandvoort,3,opening,18.8,31.2,65.0,False,5.0,dry,-0.4,stable dry phase,1.0
2024-15-zandvoort,4,opening,18.8,31.2,66.0,False,4.8,dry,-0.4,stable dry phase,1.0
2024-15-zandvoort,5,opening,18.8,31.6,66.0,False,5.2,dry,0.0,stable dry phase,1.0
2024-15-zandvoort,6,opening,18.9,31.3,65.0,False,5.92,dry,-0.3,stable dry phase,1.0
2024-15-zandvoort,7,opening,18.8,31.0,66.0,False,5.7,dry,-0.6,stable dry phase,1.0
2024-15-zandvoort,8,opening,18.7,31.0,66.0,False,5.7,dry,-0.6,stable dry phase,1.0
2024-15-zandvoort,9,opening,18.6,31.07,66.0,False,5.44,dry,-0.53,stable dry phase,1.0
2024-15-zandvoort,10,opening,18.5,31.2,64.0,False,4.8,dry,-0.4,stable dry phase,1.0
2024-15-zandvoort,11,opening,18.5,30.5,66.0,False,5.5,dry,-1.1,stable dry phase,1.0
2024-15-zandvoort,12,opening,18.5,30.51,65.0,False,4.94,dry,-1.09,stable dry phase,1.0
2024-15-zandvoort,13,opening,18.5,31.05,65.7,False,4.15,dry,-0.55,stable dry phase,1.0
2024-15-zandvoort,14,opening,18.5,31.5,64.0,False,5.7,dry,-0.1,stable dry phase,1.0
2024-15-zandvoort,15,middle,18.51,31.06,64.0,False,4.09,dry,-0.54,stable dry phase,1.0
2024-15-zandvoort,16,middle,18.6,30.12,64.0,False,4.04,dry,-1.48,stable dry phase,1.0
2024-15-zandvoort,17,middle,18.68,29.73,64.0,False,5.39,dry,-1.87,stable dry phase,1.0
2024-15-zandvoort,18,middle,18.7,30.6,64.95,False,4.36,dry,-1.0,stable dry phase,1.0
2024-15-zandvoort,19,middle,18.8,30.44,64.4,False,3.94,dry,-1.16,stable dry phase,1.0
2024-15-zandvoort,20,middle,18.73,29.81,64.35,False,4.14,dry,-1.79,stable dry phase,1.0
2024-15-zandvoort,21,middle,18.51,29.49,63.95,False,3.8,dry,-2.11,stable dry phase,1.0
2024-15-zandvoort,22,middle,18.38,29.12,63.3,False,3.96,dry,-2.48,stable dry phase,1.0
2024-15-zandvoort,23,middle,18.3,28.65,65.0,False,4.65,dry,-2.95,stable dry phase,1.0
2024-15-zandvoort,24,middle,18.3,28.52,65.0,False,3.65,dry,-3.08,stable dry phase,1.0
2024-15-zandvoort,25,middle,18.3,28.27,65.0,False,4.41,dry,-3.33,stable dry phase,1.0
2024-15-zandvoort,26,middle,18.3,27.96,65.45,False,4.86,dry,-3.64,stable dry phase,1.0
2024-15-zandvoort,27,middle,18.23,27.98,66.0,False,2.85,dry,-3.62,stable dry phase,1.0
2024-15-zandvoort,28,middle,18.29,28.18,66.0,False,3.95,dry,-3.42,stable dry phase,1.0
2024-15-zandvoort,29,middle,18.33,28.36,66.0,False,4.51,dry,-3.24,stable dry phase,1.0
2024-15-zandvoort,30,middle,18.5,29.3,66.6,False,4.3,dry,-2.3,stable dry phase,1.0
2024-15-zandvoort,31,middle,18.5,29.03,66.1,False,4.68,dry,-2.57,stable dry phase,1.0
2024-15-zandvoort,32,middle,18.5,28.45,66.0,False,5.03,dry,-3.15,stable dry phase,1.0
2024-15-zandvoort,33,middle,18.55,28.52,66.55,False,4.61,dry,-3.08,stable dry phase,1.0
2024-15-zandvoort,34,middle,18.68,28.7,67.0,False,4.92,dry,-2.9,stable dry phase,1.0
2024-15-zandvoort,35,middle,18.68,28.57,66.7,False,5.1,dry,-3.03,stable dry phase,1.0
2024-15-zandvoort,36,middle,18.6,28.36,65.0,False,4.04,dry,-3.24,stable dry phase,1.0
2024-15-zandvoort,37,middle,18.54,28.18,65.6,False,3.8,dry,-3.42,stable dry phase,1.0
2024-15-zandvoort,38,middle,18.5,28.02,66.0,False,3.96,dry,-3.58,stable dry phase,1.0
2024-15-zandvoort,39,middle,18.38,27.52,66.0,False,4.44,dry,-4.08,stable dry phase,1.0
2024-15-zandvoort,40,middle,18.3,27.61,65.45,False,3.64,dry,-3.99,stable dry phase,1.0
2024-15-zandvoort,41,middle,18.3,27.88,65.0,False,3.74,dry,-3.72,stable dry phase,1.0
2024-15-zandvoort,42,middle,18.39,28.77,65.1,False,3.66,dry,-2.83,stable dry phase,1.0
2024-15-zandvoort,43,middle,18.52,29.31,65.65,False,3.63,dry,-2.29,stable dry phase,1.0
2024-15-zandvoort,44,middle,18.6,29.2,64.4,False,3.16,dry,-2.4,stable dry phase,1.0
2024-15-zandvoort,45,middle,18.66,29.12,63.3,False,3.11,dry,-2.48,stable dry phase,1.0
2024-15-zandvoort,46,middle,18.68,28.84,62.2,False,3.71,dry,-2.76,stable dry phase,1.0
2024-15-zandvoort,47,middle,18.61,28.52,62.5,False,3.71,dry,-3.08,stable dry phase,1.0
2024-15-zandvoort,48,middle,18.62,29.24,62.5,False,4.0,dry,-2.36,stable dry phase,1.0
2024-15-zandvoort,49,middle,18.8,29.94,63.1,False,4.12,dry,-1.66,stable dry phase,1.0
2024-15-zandvoort,50,middle,18.98,30.47,61.8,False,4.51,dry,-1.13,stable dry phase,1.0
2024-15-zandvoort,51,middle,19.11,30.66,59.55,False,4.94,dry,-0.95,stable dry phase,1.0
2024-15-zandvoort,52,middle,19.27,30.79,58.45,False,4.57,dry,-0.81,stable dry phase,1.0
2024-15-zandvoort,53,middle,19.3,31.09,58.15,False,4.53,dry,-0.51,stable dry phase,1.0
2024-15-zandvoort,54,middle,19.3,31.24,57.5,False,4.63,dry,-0.36,stable dry phase,1.0
2024-15-zandvoort,55,closing,19.3,31.3,58.0,False,5.07,dry,-0.3,stable dry phase,1.0
2024-15-zandvoort,56,closing,19.23,31.36,57.7,False,5.49,dry,-0.24,stable dry phase,1.0
2024-15-zandvoort,57,closing,19.13,31.37,56.9,False,5.75,dry,-0.23,stable dry phase,1.0
2024-15-zandvoort,58,closing,19.1,31.11,58.3,False,5.4,dry,-0.49,stable dry phase,1.0
2024-15-zandvoort,59,closing,19.09,30.46,60.0,False,4.54,dry,-1.14,stable dry phase,1.0
2024-15-zandvoort,60,closing,19.04,30.24,60.6,False,4.26,dry,-1.36,stable dry phase,1.0
2024-15-zandvoort,61,closing,19.0,30.41,61.35,False,4.0,dry,-1.19,stable dry phase,1.0
2024-15-zandvoort,62,closing,19.0,30.62,61.7,False,3.96,dry,-0.98,stable dry phase,1.0
2024-15-zandvoort,63,closing,19.02,31.01,60.8,False,4.38,dry,-0.59,stable dry phase,1.0
2024-15-zandvoort,64,closing,19.12,31.31,60.25,False,4.54,dry,-0.29,stable dry phase,1.0
2024-15-zandvoort,65,closing,19.18,31.51,60.65,False,4.46,dry,-0.09,stable dry phase,1.0
2024-15-zandvoort,66,closing,19.21,31.61,60.5,False,4.46,dry,0.01,stable dry phase,1.0
2024-15-zandvoort,67,closing,19.35,31.62,59.35,False,4.49,dry,0.02,stable dry phase,1.0
2024-15-zandvoort,68,closing,19.4,31.6,58.5,False,4.75,dry,0.0,stable dry phase,1.0
2024-15-zandvoort,69,closing,19.4,31.51,58.65,False,5.33,dry,-0.09,stable dry phase,1.0
2024-15-zandvoort,70,closing,19.4,31.49,59.1,False,5.54,dry,-0.11,stable dry phase,1.0
2024-15-zandvoort,71,closing,19.4,31.63,59.22,False,4.83,dry,0.03,stable dry phase,1.0
2024-15-zandvoort,72,closing,19.4,31.6,59.0,False,4.5,dry,0.0,stable dry phase,1.0
2024-16-monza,1,opening,33.2,52.1,38.0,False,0.7,dry,0.0,stable dry phase,1.0
2024-16-monza,2,opening,33.2,52.62,37.0,False,1.23,dry,0.52,stable dry phase,1.0
2024-16-monza,3,opening,33.2,52.8,36.0,False,0.7,dry,0.7,stable dry phase,1.0
2024-16-monza,4,opening,33.3,52.84,36.0,False,0.8,dry,0.74,stable dry phase,1.0
2024-16-monza,5,opening,33.3,53.0,35.0,False,1.5,dry,0.9,stable dry phase,1.0
2024-16-monza,6,opening,33.4,52.7,35.0,False,1.7,dry,0.6,stable dry phase,1.0
2024-16-monza,7,opening,33.3,53.3,34.0,False,1.6,dry,1.2,stable dry phase,1.0
2024-16-monza,8,opening,33.39,53.2,34.0,False,1.6,dry,1.1,stable dry phase,1.0
2024-16-monza,9,opening,33.3,53.34,34.0,False,2.69,dry,1.24,stable dry phase,1.0
2024-16-monza,10,opening,33.4,53.39,34.0,False,0.71,dry,1.29,stable dry phase,1.0
2024-16-monza,11,middle,33.4,53.31,33.63,False,0.76,dry,1.21,stable dry phase,1.0
2024-16-monza,12,middle,33.29,53.4,34.05,False,1.12,dry,1.3,stable dry phase,1.0
2024-16-monza,13,middle,33.17,53.65,34.68,False,1.88,dry,1.55,stable dry phase,1.0
2024-16-monza,14,middle,33.27,54.2,33.16,False,2.53,dry,2.1,stable dry phase,1.0
2024-16-monza,15,middle,33.63,53.82,33.0,False,1.33,dry,1.72,stable dry phase,1.0
2024-16-monza,16,middle,33.56,53.09,32.32,False,1.54,dry,0.99,stable dry phase,1.0
2024-16-monza,17,middle,33.5,51.96,33.0,False,0.9,dry,-0.14,stable dry phase,1.0
2024-16-monza,18,middle,33.65,52.09,32.26,False,1.42,dry,-0.01,stable dry phase,1.0
2024-16-monza,19,middle,33.58,52.78,32.0,False,1.31,dry,0.68,stable dry phase,1.0
2024-16-monza,20,middle,33.5,52.87,32.0,False,0.74,dry,0.77,stable dry phase,1.0
2024-16-monza,21,middle,33.6,53.5,31.0,False,0.9,dry,1.4,stable dry phase,1.0
2024-16-monza,22,middle,33.75,53.5,31.0,False,1.39,dry,1.4,stable dry phase,1.0
2024-16-monza,23,middle,33.62,53.74,31.0,False,0.89,dry,1.64,stable dry phase,1.0
2024-16-monza,24,middle,33.63,53.77,31.26,False,1.48,dry,1.67,stable dry phase,1.0
2024-16-monza,25,middle,33.62,53.7,32.0,False,1.46,dry,1.6,stable dry phase,1.0
2024-16-monza,26,middle,33.81,53.53,33.0,False,1.34,dry,1.43,stable dry phase,1.0
2024-16-monza,27,middle,33.84,52.84,33.63,False,1.7,dry,0.74,stable dry phase,1.0
2024-16-monza,28,middle,33.72,52.88,33.16,False,1.95,dry,0.78,stable dry phase,1.0
2024-16-monza,29,middle,33.74,53.89,33.05,False,1.83,dry,1.79,stable dry phase,1.0
2024-16-monza,30,middle,33.9,53.85,32.74,False,1.01,dry,1.75,stable dry phase,1.0
2024-16-monza,31,middle,33.93,53.43,33.0,False,0.94,dry,1.33,stable dry phase,1.0
2024-16-monza,32,middle,34.06,53.86,33.0,False,1.44,dry,1.76,stable dry phase,1.0
2024-16-monza,33,middle,33.99,54.03,32.16,False,0.99,dry,1.93,stable dry phase,1.0
2024-16-monza,34,middle,33.79,53.79,32.05,False,0.74,dry,1.69,stable dry phase,1.0
2024-16-monza,35,middle,33.72,53.81,32.79,False,1.49,dry,1.71,stable dry phase,1.0
2024-16-monza,36,middle,33.75,54.36,33.0,False,2.35,dry,2.26,stable dry phase,1.0
2024-16-monza,37,middle,33.77,54.42,33.0,False,2.18,dry,2.32,stable dry phase,1.0
2024-16-monza,38,middle,33.8,53.21,33.0,False,2.31,dry,1.11,stable dry phase,1.0
2024-16-monza,39,middle,33.8,51.9,32.95,False,2.37,dry,-0.2,stable dry phase,1.0
2024-16-monza,40,closing,33.83,51.15,31.89,False,1.82,dry,-0.95,stable dry phase,1.0
2024-16-monza,41,closing,33.85,50.45,30.47,False,1.03,dry,-1.65,stable dry phase,1.0
2024-16-monza,42,closing,33.73,50.55,30.11,False,1.84,dry,-1.55,stable dry phase,1.0
2024-16-monza,43,closing,33.7,50.64,30.53,False,2.09,dry,-1.46,stable dry phase,1.0
2024-16-monza,44,closing,33.69,50.61,30.68,False,1.97,dry,-1.49,stable dry phase,1.0
2024-16-monza,45,closing,33.54,50.09,31.32,False,1.99,dry,-2.01,stable dry phase,1.0
2024-16-monza,46,closing,33.45,49.55,32.0,False,1.31,dry,-2.55,stable dry phase,1.0
2024-16-monza,47,closing,33.33,49.39,31.79,False,1.04,dry,-2.71,stable dry phase,1.0
2024-16-monza,48,closing,33.3,48.93,31.11,False,1.42,dry,-3.17,stable dry phase,1.0
2024-16-monza,49,closing,33.28,48.61,31.0,False,1.53,dry,-3.49,stable dry phase,1.0
2024-16-monza,50,closing,33.22,48.22,31.0,False,1.59,dry,-3.88,stable dry phase,1.0
2024-16-monza,51,closing,33.15,47.65,31.53,False,1.28,dry,-4.45,stable dry phase,1.0
2024-16-monza,52,closing,33.03,47.57,31.26,False,1.48,dry,-4.53,stable dry phase,1.0
2024-16-monza,53,closing,32.98,47.6,31.0,False,2.07,dry,-4.5,stable dry phase,1.0
2024-17-baku,1,opening,26.5,47.2,39.0,False,1.4,dry,0.0,stable dry phase,1.0
2024-17-baku,2,opening,26.6,47.5,39.0,False,0.8,dry,0.3,stable dry phase,1.0
2024-17-baku,3,opening,27.1,47.5,38.0,False,1.8,dry,0.3,stable dry phase,1.0
2024-17-baku,4,opening,26.8,46.6,37.0,False,1.2,dry,-0.6,stable dry phase,1.0
2024-17-baku,5,opening,26.48,46.9,38.6,False,1.54,dry,-0.3,stable dry phase,1.0
2024-17-baku,6,opening,26.49,47.03,39.0,False,1.27,dry,-0.17,stable dry phase,1.0
2024-17-baku,7,opening,26.71,47.0,38.0,False,2.56,dry,-0.2,stable dry phase,1.0
2024-17-baku,8,opening,26.89,46.12,39.0,False,1.19,dry,-1.09,stable dry phase,1.0
2024-17-baku,9,opening,26.9,47.1,38.0,False,1.5,dry,-0.1,stable dry phase,1.0
2024-17-baku,10,opening,26.93,47.33,37.75,False,0.72,dry,0.12,stable dry phase,1.0
2024-17-baku,11,middle,27.38,47.54,38.0,False,1.44,dry,0.34,stable dry phase,1.0
2024-17-baku,12,middle,27.47,47.02,38.3,False,1.32,dry,-0.18,stable dry phase,1.0
2024-17-baku,13,middle,27.0,46.35,40.25,False,1.18,dry,-0.85,stable dry phase,1.0
2024-17-baku,14,middle,26.87,46.3,39.0,False,2.73,dry,-0.9,stable dry phase,1.0
2024-17-baku,15,middle,26.54,46.3,39.05,False,3.77,dry,-0.9,stable dry phase,1.0
2024-17-baku,16,middle,26.77,46.3,40.0,False,1.38,dry,-0.9,stable dry phase,1.0
2024-17-baku,17,middle,27.1,46.25,40.0,False,1.66,dry,-0.95,stable dry phase,1.0
2024-17-baku,18,middle,27.02,46.5,40.58,False,1.19,dry,-0.7,stable dry phase,1.0
2024-17-baku,19,middle,27.3,46.46,41.37,False,1.29,dry,-0.74,stable dry phase,1.0
2024-17-baku,20,middle,27.55,46.89,41.84,False,0.75,dry,-0.31,stable dry phase,1.0
2024-17-baku,21,middle,28.19,46.68,39.0,False,1.4,dry,-0.52,stable dry phase,1.0
2024-17-baku,22,middle,27.78,46.4,39.79,False,0.93,dry,-0.8,stable dry phase,1.0
2024-17-baku,23,middle,27.51,46.24,41.74,False,0.84,dry,-0.96,stable dry phase,1.0
2024-17-baku,24,middle,27.21,39.62,41.0,False,0.95,dry,-7.58,track cooling,1.0
2024-17-baku,25,middle,26.83,44.85,43.0,False,1.03,dry,-2.35,stable dry phase,1.0
2024-17-baku,26,middle,27.24,46.34,41.21,False,1.11,dry,-0.86,stable dry phase,1.0
2024-17-baku,27,middle,27.14,45.28,42.0,False,1.23,dry,-1.92,stable dry phase,1.0
2024-17-baku,28,middle,26.9,45.65,41.42,False,1.41,dry,-1.55,stable dry phase,1.0
2024-17-baku,29,middle,27.53,46.7,39.0,False,1.26,dry,-0.5,stable dry phase,1.0
2024-17-baku,30,middle,27.07,44.93,39.32,False,1.18,dry,-2.27,stable dry phase,1.0
2024-17-baku,31,middle,26.8,45.23,40.26,False,1.11,dry,-1.97,stable dry phase,1.0
2024-17-baku,32,middle,26.8,45.36,41.0,False,1.18,dry,-1.84,stable dry phase,1.0
2024-17-baku,33,middle,26.79,45.61,40.89,False,1.84,dry,-1.59,stable dry phase,1.0
2024-17-baku,34,middle,26.83,45.7,38.11,False,1.52,dry,-1.5,stable dry phase,1.0
2024-17-baku,35,middle,26.8,45.19,37.58,False,2.02,dry,-2.01,stable dry phase,1.0
2024-17-baku,36,middle,26.55,44.5,38.26,False,2.51,dry,-2.7,stable dry phase,1.0
2024-17-baku,37,middle,26.36,44.87,39.58,False,1.33,dry,-2.33,stable dry phase,1.0
2024-17-baku,38,middle,26.32,44.68,39.21,False,2.22,dry,-2.52,stable dry phase,1.0
2024-17-baku,39,closing,26.26,44.68,40.0,False,1.22,dry,-2.52,stable dry phase,1.0
2024-17-baku,40,closing,26.37,44.57,40.0,False,1.19,dry,-2.63,stable dry phase,1.0
2024-17-baku,41,closing,26.72,44.77,37.84,False,1.65,dry,-2.43,stable dry phase,1.0
2024-17-baku,42,closing,26.74,44.7,36.79,False,1.16,dry,-2.5,stable dry phase,1.0
2024-17-baku,43,closing,26.87,44.77,36.89,False,1.24,dry,-2.43,stable dry phase,1.0
2024-17-baku,44,closing,26.87,44.55,37.84,False,1.33,dry,-2.65,stable dry phase,1.0
2024-17-baku,45,closing,27.0,44.7,36.47,False,1.16,dry,-2.5,stable dry phase,1.0
2024-17-baku,46,closing,26.75,44.2,36.83,False,2.48,dry,-3.0,stable dry phase,1.0
2024-17-baku,47,closing,26.5,44.08,36.22,False,1.57,dry,-3.12,stable dry phase,1.0
2024-17-baku,48,closing,26.5,43.97,36.0,False,1.41,dry,-3.23,stable dry phase,1.0
2024-17-baku,49,closing,26.39,43.83,36.44,False,1.28,dry,-3.37,stable dry phase,1.0
2024-17-baku,50,closing,26.41,43.94,36.0,False,1.72,dry,-3.26,stable dry phase,1.0
2024-17-baku,51,closing,26.61,44.09,35.71,False,1.06,dry,-3.11,stable dry phase,1.0
2024-18-marina_bay,1,opening,31.0,37.6,74.0,False,0.6,dry,0.0,stable dry phase,1.0
2024-18-marina_bay,2,opening,30.9,37.9,74.0,False,1.1,dry,0.3,stable dry phase,1.0
2024-18-marina_bay,3,opening,30.86,37.94,75.0,False,0.6,dry,0.34,stable dry phase,1.0
2024-18-marina_bay,4,opening,30.8,38.5,75.0,False,0.8,dry,0.9,stable dry phase,1.0
2024-18-marina_bay,5,opening,30.8,37.6,75.0,False,0.7,dry,0.0,stable dry phase,1.0
2024-18-marina_bay,6,opening,30.7,37.45,75.0,False,0.45,dry,-0.15,stable dry phase,1.0
2024-18-marina_bay,7,opening,30.7,37.4,75.0,False,0.5,dry,-0.2,stable dry phase,1.0
2024-18-marina_bay,8,opening,30.79,37.7,75.0,False,0.59,dry,0.1,stable dry phase,1.0
2024-18-marina_bay,9,opening,30.7,38.35,75.0,False,0.68,dry,0.75,stable dry phase,1.0
2024-18-marina_bay,10,opening,30.8,38.2,75.0,False,1.0,dry,0.6,stable dry phase,1.0
2024-18-marina_bay,11,opening,30.87,38.14,74.15,False,0.89,dry,0.54,stable dry phase,1.0
2024-18-marina_bay,12,opening,31.0,38.38,73.7,False,0.64,dry,0.78,stable dry phase,1.0
2024-18-marina_bay,13,middle,31.0,37.9,74.0,False,0.79,dry,0.3,stable dry phase,1.0
2024-18-marina_bay,14,middle,31.07,37.9,74.0,False,0.78,dry,0.3,stable dry phase,1.0
2024-18-marina_bay,15,middle,31.1,37.89,74.0,False,0.97,dry,0.29,stable dry phase,1.0
2024-18-marina_bay,16,middle,31.09,37.62,74.05,False,0.97,dry,0.02,stable dry phase,1.0
2024-18-marina_bay,17,middle,31.0,37.46,75.0,False,0.75,dry,-0.14,stable dry phase,1.0
2024-18-marina_bay,18,middle,30.97,37.15,75.0,False,0.73,dry,-0.45,stable dry phase,1.0
2024-18-marina_bay,19,middle,30.81,37.18,75.89,False,0.71,dry,-0.42,stable dry phase,1.0
2024-18-marina_bay,20,middle,30.8,37.26,76.0,False,0.59,dry,-0.34,stable dry phase,1.0
2024-18-marina_bay,21,middle,30.71,37.66,76.0,False,0.48,dry,0.06,stable dry phase,1.0
2024-18-marina_bay,22,middle,30.7,37.63,75.11,False,0.04,dry,0.03,stable dry phase,1.0
2024-18-marina_bay,23,middle,30.64,37.38,75.58,False,0.96,dry,-0.22,stable dry phase,1.0
2024-18-marina_bay,24,middle,30.6,37.06,76.0,False,0.38,dry,-0.54,stable dry phase,1.0
2024-18-marina_bay,25,middle,30.68,37.2,76.0,False,0.5,dry,-0.4,stable dry phase,1.0
2024-18-marina_bay,26,middle,30.6,37.26,76.0,False,0.87,dry,-0.34,stable dry phase,1.0
2024-18-marina_bay,27,middle,30.67,37.22,76.0,False,0.45,dry,-0.38,stable dry phase,1.0
2024-18-marina_bay,28,middle,30.6,37.27,76.0,False,0.43,dry,-0.33,stable dry phase,1.0
2024-18-marina_bay,29,middle,30.6,37.21,76.0,False,0.59,dry,-0.39,stable dry phase,1.0
2024-18-marina_bay,30,middle,30.6,37.04,76.0,False,0.67,dry,-0.56,stable dry phase,1.0
2024-18-marina_bay,31,middle,30.62,37.19,76.0,False,0.04,dry,-0.41,stable dry phase,1.0
2024-18-marina_bay,32,middle,30.7,37.7,75.32,False,0.41,dry,0.1,stable dry phase,1.0
2024-18-marina_bay,33,middle,30.7,37.46,75.47,False,0.54,dry,-0.14,stable dry phase,1.0
2024-18-marina_bay,34,middle,30.7,37.3,75.32,False,0.75,dry,-0.3,stable dry phase,1.0
2024-18-marina_bay,35,middle,30.77,37.3,75.32,False,0.46,dry,-0.3,stable dry phase,1.0
2024-18-marina_bay,36,middle,30.8,37.34,75.0,False,0.56,dry,-0.26,stable dry phase,1.0
2024-18-marina_bay,37,middle,30.81,37.4,75.0,False,0.88,dry,-0.2,stable dry phase,1.0
2024-18-marina_bay,38,middle,30.97,37.25,74.26,False,1.18,dry,-0.35,stable dry phase,1.0
2024-18-marina_bay,39,middle,31.09,36.84,74.53,False,1.02,dry,-0.76,stable dry phase,1.0
2024-18-marina_bay,40,middle,31.1,36.72,74.84,False,1.22,dry,-0.88,stable dry phase,1.0
2024-18-marina_bay,41,middle,31.1,36.52,75.05,False,0.87,dry,-1.08,stable dry phase,1.0
2024-18-marina_bay,42,middle,31.06,36.67,75.47,False,0.67,dry,-0.93,stable dry phase,1.0
2024-18-marina_bay,43,middle,31.07,36.99,75.0,False,0.87,dry,-0.61,stable dry phase,1.0
2024-18-marina_bay,44,middle,31.1,37.05,75.0,False,0.96,dry,-0.55,stable dry phase,1.0
2024-18-marina_bay,45,middle,31.1,36.87,75.0,False,0.92,dry,-0.73,stable dry phase,1.0
2024-18-marina_bay,46,middle,31.1,36.81,74.84,False,1.26,dry,-0.79,stable dry phase,1.0
2024-18-marina_bay,47,closing,31.1,36.59,74.11,False,1.15,dry,-1.01,stable dry phase,1.0
2024-18-marina_bay,48,closing,31.14,36.3,74.42,False,1.39,dry,-1.3,stable dry phase,1.0
2024-18-marina_bay,49,closing,31.18,36.38,74.58,False,1.14,dry,-1.22,stable dry phase,1.0
2024-18-marina_bay,50,closing,31.11,36.27,74.11,False,1.08,dry,-1.33,stable dry phase,1.0
2024-18-marina_bay,51,closing,31.07,35.89,74.32,False,1.22,dry,-1.71,stable dry phase,1.0
2024-18-marina_bay,52,closing,31.0,35.78,74.95,False,1.22,dry,-1.82,stable dry phase,1.0
2024-18-marina_bay,53,closing,30.96,35.89,75.0,False,1.25,dry,-1.71,stable dry phase,1.0
2024-18-marina_bay,54,closing,30.88,36.04,75.05,False,1.18,dry,-1.56,stable dry phase,1.0
2024-18-marina_bay,55,closing,30.81,36.09,75.26,False,1.45,dry,-1.51,stable dry phase,1.0
2024-18-marina_bay,56,closing,30.8,36.46,74.84,False,1.33,dry,-1.14,stable dry phase,1.0
2024-18-marina_bay,57,closing,30.8,36.14,74.26,False,1.29,dry,-1.46,stable dry phase,1.0
2024-18-marina_bay,58,closing,30.8,36.0,74.5,False,1.32,dry,-1.6,stable dry phase,1.0
2024-18-marina_bay,59,closing,30.8,36.07,74.78,False,1.48,dry,-1.53,stable dry phase,1.0
2024-18-marina_bay,60,closing,30.8,36.1,75.0,False,1.49,dry,-1.5,stable dry phase,1.0
2024-18-marina_bay,61,closing,30.8,36.01,75.0,False,1.37,dry,-1.59,stable dry phase,1.0
2024-18-marina_bay,62,closing,30.8,35.81,75.0,False,1.3,dry,-1.79,stable dry phase,1.0
2024-19-americas,1,opening,26.8,44.7,41.0,False,1.1,dry,0.0,stable dry phase,1.0
2024-19-americas,2,opening,26.7,44.5,40.0,False,1.1,dry,-0.2,stable dry phase,1.0
2024-19-americas,3,opening,26.7,44.4,41.0,False,1.23,dry,-0.3,stable dry phase,1.0
2024-19-americas,4,opening,26.7,44.42,40.79,False,1.67,dry,-0.28,stable dry phase,1.0
2024-19-americas,5,opening,26.7,44.3,41.0,False,1.4,dry,-0.4,stable dry phase,1.0
2024-19-americas,6,opening,27.2,45.1,40.0,False,1.3,dry,0.4,stable dry phase,1.0
2024-19-americas,7,opening,27.25,45.15,38.53,False,2.5,dry,0.45,stable dry phase,1.0
2024-19-americas,8,opening,27.1,45.1,39.0,False,3.8,dry,0.4,stable dry phase,1.0
2024-19-americas,9,opening,27.4,45.5,38.0,False,3.7,dry,0.8,stable dry phase,1.0
2024-19-americas,10,opening,27.5,45.37,38.26,False,3.54,dry,0.67,stable dry phase,1.0
2024-19-americas,11,opening,27.5,45.4,38.0,False,2.9,dry,0.7,stable dry phase,1.0
2024-19-americas,12,middle,27.2,45.7,39.0,False,3.2,dry,1.0,stable dry phase,1.0
2024-19-americas,13,middle,27.28,46.18,38.21,False,1.23,dry,1.48,stable dry phase,1.0
2024-19-americas,14,middle,27.2,46.16,38.0,False,1.63,dry,1.46,stable dry phase,1.0
2024-19-americas,15,middle,27.3,45.69,38.0,False,0.63,dry,0.99,stable dry phase,1.0
2024-19-americas,16,middle,27.3,45.6,38.0,False,1.26,dry,0.9,stable dry phase,1.0
2024-19-americas,17,middle,27.24,46.08,38.0,False,0.9,dry,1.38,stable dry phase,1.0
2024-19-americas,18,middle,27.31,46.4,37.11,False,1.66,dry,1.7,stable dry phase,1.0
2024-19-americas,19,middle,27.32,46.32,38.0,False,1.06,dry,1.62,stable dry phase,1.0
2024-19-americas,20,middle,27.3,46.07,38.0,False,1.24,dry,1.37,stable dry phase,1.0
2024-19-americas,21,middle,27.18,45.95,38.16,False,2.16,dry,1.25,stable dry phase,1.0
2024-19-americas,22,middle,27.1,45.7,39.0,False,1.24,dry,1.0,stable dry phase,1.0
2024-19-americas,23,middle,27.37,45.91,38.32,False,1.03,dry,1.21,stable dry phase,1.0
2024-19-americas,24,middle,27.47,46.0,38.0,False,1.22,dry,1.3,stable dry phase,1.0
2024-19-americas,25,middle,27.57,45.79,38.0,False,1.28,dry,1.09,stable dry phase,1.0
2024-19-americas,26,middle,27.7,46.64,38.0,False,1.2,dry,1.94,stable dry phase,1.0
2024-19-americas,27,middle,27.5,46.5,38.0,False,1.19,dry,1.8,stable dry phase,1.0
2024-19-americas,28,middle,27.59,46.97,37.05,False,1.67,dry,2.27,stable dry phase,1.0
2024-19-americas,29,middle,27.6,47.0,37.0,False,2.05,dry,2.3,stable dry phase,1.0
2024-19-americas,30,middle,27.7,46.99,37.0,False,1.07,dry,2.29,stable dry phase,1.0
2024-19-americas,31,middle,27.68,46.92,37.0,False,1.35,dry,2.22,stable dry phase,1.0
2024-19-americas,32,middle,27.53,46.93,37.0,False,1.54,dry,2.23,stable dry phase,1.0
2024-19-americas,33,middle,27.55,46.45,38.0,False,0.99,dry,1.75,stable dry phase,1.0
2024-19-americas,34,middle,27.85,46.78,37.68,False,0.58,dry,2.08,stable dry phase,1.0
2024-19-americas,35,middle,28.09,47.15,37.0,False,1.49,dry,2.45,stable dry phase,1.0
2024-19-americas,36,middle,28.3,47.09,37.0,False,2.02,dry,2.39,stable dry phase,1.0
2024-19-americas,37,middle,28.27,47.18,36.11,False,1.6,dry,2.48,stable dry phase,1.0
2024-19-americas,38,middle,28.12,47.42,35.26,False,2.5,dry,2.72,stable dry phase,1.0
2024-19-americas,39,middle,28.0,47.72,34.37,False,1.69,dry,3.02,stable dry phase,1.0
2024-19-americas,40,middle,28.04,47.71,33.11,False,1.49,dry,3.01,stable dry phase,1.0
2024-19-americas,41,middle,28.1,47.26,33.11,False,1.72,dry,2.56,stable dry phase,1.0
2024-19-americas,42,middle,28.04,47.01,34.68,False,2.35,dry,2.31,stable dry phase,1.0
2024-19-americas,43,closing,28.08,46.83,36.16,False,2.42,dry,2.13,stable dry phase,1.0
2024-19-americas,44,closing,28.11,46.72,37.0,False,1.65,dry,2.02,stable dry phase,1.0
2024-19-americas,45,closing,28.19,46.99,36.42,False,1.18,dry,2.29,stable dry phase,1.0
2024-19-americas,46,closing,28.16,47.07,36.0,False,1.4,dry,2.37,stable dry phase,1.0
2024-19-americas,47,closing,28.04,47.15,35.84,False,1.62,dry,2.45,stable dry phase,1.0
2024-19-americas,48,closing,28.22,47.59,35.05,False,1.21,dry,2.89,stable dry phase,1.0
2024-19-americas,49,closing,28.37,47.54,35.0,False,1.27,dry,2.84,stable dry phase,1.0
2024-19-americas,50,closing,28.4,47.47,35.0,False,1.57,dry,2.77,stable dry phase,1.0
2024-19-americas,51,closing,28.4,47.65,34.95,False,1.74,dry,2.95,stable dry phase,1.0
2024-19-americas,52,closing,28.36,47.6,34.63,False,1.62,dry,2.9,stable dry phase,1.0
2024-19-americas,53,closing,28.24,47.31,35.74,False,2.52,dry,2.61,stable dry phase,1.0
2024-19-americas,54,closing,28.35,47.15,36.0,False,1.21,dry,2.45,stable dry phase,1.0
2024-19-americas,55,closing,28.44,47.17,36.0,False,0.99,dry,2.47,stable dry phase,1.0
2024-19-americas,56,closing,28.44,47.34,36.0,False,1.66,dry,2.64,stable dry phase,1.0
2024-20-rodriguez,1,opening,18.1,33.1,55.0,False,2.3,dry,0.0,stable dry phase,1.0
2024-20-rodriguez,2,opening,18.1,32.8,55.0,False,2.4,dry,-0.3,stable dry phase,1.0
2024-20-rodriguez,3,opening,18.1,32.9,54.83,False,2.5,dry,-0.2,stable dry phase,1.0
2024-20-rodriguez,4,opening,18.04,32.74,55.0,False,2.54,dry,-0.36,stable dry phase,1.0
2024-20-rodriguez,5,opening,18.19,32.56,55.0,False,2.44,dry,-0.54,stable dry phase,1.0
2024-20-rodriguez,6,opening,18.3,32.5,54.0,False,1.2,dry,-0.6,stable dry phase,1.0
2024-20-rodriguez,7,opening,18.4,33.1,54.0,False,1.4,dry,0.0,stable dry phase,1.0
2024-20-rodriguez,8,opening,18.5,33.1,54.0,False,1.5,dry,0.0,stable dry phase,1.0
2024-20-rodriguez,9,opening,18.67,32.96,54.0,False,2.81,dry,-0.14,stable dry phase,1.0
2024-20-rodriguez,10,opening,18.8,32.8,54.0,False,2.7,dry,-0.3,stable dry phase,1.0
2024-20-rodriguez,11,opening,18.7,32.8,54.0,False,3.2,dry,-0.3,stable dry phase,1.0
2024-20-rodriguez,12,opening,18.8,32.8,54.0,False,2.2,dry,-0.3,stable dry phase,1.0
2024-20-rodriguez,13,opening,18.8,32.9,55.0,False,1.5,dry,-0.2,stable dry phase,1.0
2024-20-rodriguez,14,opening,18.94,33.89,53.61,False,2.08,dry,0.79,stable dry phase,1.0
2024-20-rodriguez,15,middle,19.1,35.5,53.0,False,2.5,dry,2.4,stable dry phase,1.0
2024-20-rodriguez,16,middle,19.2,36.0,53.0,False,2.1,dry,2.9,stable dry phase,1.0
2024-20-rodriguez,17,middle,19.38,35.92,52.0,False,1.8,dry,2.82,stable dry phase,1.0
2024-20-rodriguez,18,middle,19.4,36.5,52.0,False,1.8,dry,3.4,stable dry phase,1.0
2024-20-rodriguez,19,middle,19.5,37.16,51.71,False,1.15,dry,4.06,stable dry phase,1.0
2024-20-rodriguez,20,middle,19.59,38.09,51.88,False,2.65,dry,4.99,stable dry phase,1.0
2024-20-rodriguez,21,middle,19.6,38.2,52.0,False,1.1,dry,5.1,track heating,1.0
2024-20-rodriguez,22,middle,19.7,38.54,50.41,False,1.38,dry,5.44,track heating,1.0
2024-20-rodriguez,23,middle,19.8,39.29,51.0,False,1.71,dry,6.19,track heating,1.0
2024-20-rodriguez,24,middle,19.8,39.08,51.0,False,1.65,dry,5.98,track heating,1.0
2024-20-rodriguez,25,middle,19.8,38.8,51.76,False,1.53,dry,5.7,track heating,1.0
2024-20-rodriguez,26,middle,19.8,39.62,51.0,False,2.35,dry,6.52,track heating,1.0
2024-20-rodriguez,27,middle,19.8,39.95,51.0,False,2.72,dry,6.85,track heating,1.0
2024-20-rodriguez,28,middle,19.8,40.0,51.0,False,2.39,dry,6.9,track heating,1.0
2024-20-rodriguez,29,middle,19.66,38.86,51.35,False,2.29,dry,5.76,track heating,1.0
2024-20-rodriguez,30,middle,19.6,38.6,52.0,False,1.64,dry,5.5,track heating,1.0
2024-20-rodriguez,31,middle,19.6,38.41,52.0,False,0.86,dry,5.31,track heating,1.0
2024-20-rodriguez,32,middle,19.6,37.94,52.0,False,1.15,dry,4.84,stable dry phase,1.0
2024-20-rodriguez,33,middle,19.79,37.8,52.0,False,1.2,dry,4.7,stable dry phase,1.0
2024-20-rodriguez,34,middle,19.7,37.82,51.59,False,2.35,dry,4.72,stable dry phase,1.0
2024-20-rodriguez,35,middle,19.7,37.45,51.0,False,2.54,dry,4.35,stable dry phase,1.0
2024-20-rodriguez,36,middle,19.5,36.9,51.0,False,2.2,dry,3.8,stable dry phase,1.0
2024-20-rodriguez,37,middle,19.63,36.83,51.35,False,1.37,dry,3.73,stable dry phase,1.0
2024-20-rodriguez,38,middle,19.78,36.98,50.18,False,1.3,dry,3.88,stable dry phase,1.0
2024-20-rodriguez,39,middle,19.9,36.93,50.0,False,1.25,dry,3.83,stable dry phase,1.0
2024-20-rodriguez,40,middle,19.97,36.63,50.0,False,2.75,dry,3.53,stable dry phase,1.0
2024-20-rodriguez,41,middle,20.0,36.25,50.0,False,2.9,dry,3.15,stable dry phase,1.0
2024-20-rodriguez,42,middle,19.95,36.05,50.53,False,2.44,dry,2.95,stable dry phase,1.0
2024-20-rodriguez,43,middle,19.98,36.08,51.76,False,1.21,dry,2.98,stable dry phase,1.0
2024-20-rodriguez,44,middle,20.0,36.08,51.76,False,0.73,dry,2.98,stable dry phase,1.0
2024-20-rodriguez,45,middle,20.0,35.81,50.35,False,1.19,dry,2.71,stable dry phase,1.0
2024-20-rodriguez,46,middle,20.08,35.76,50.82,False,2.23,dry,2.66,stable dry phase,1.0
2024-20-rodriguez,47,middle,20.14,36.49,51.0,False,1.95,dry,3.39,stable dry phase,1.0
2024-20-rodriguez,48,middle,20.26,37.52,50.35,False,2.48,dry,4.42,stable dry phase,1.0
2024-20-rodriguez,49,middle,20.35,36.71,50.82,False,2.75,dry,3.61,stable dry phase,1.0
2024-20-rodriguez,50,middle,20.16,36.55,50.53,False,2.14,dry,3.45,stable dry phase,1.0
2024-20-rodriguez,51,middle,20.11,36.82,50.12,False,1.55,dry,3.72,stable dry phase,1.0
2024-20-rodriguez,52,middle,20.18,36.89,50.53,False,1.34,dry,3.79,stable dry phase,1.0
2024-20-rodriguez,53,middle,20.15,36.61,50.06,False,2.59,dry,3.51,stable dry phase,1.0
2024-20-rodriguez,54,closing,20.1,35.68,50.0,False,2.45,dry,2.58,stable dry phase,1.0
2024-20-rodriguez,55,closing,20.1,34.94,50.41,False,1.84,dry,1.84,stable dry phase,1.0
2024-20-rodriguez,56,closing,20.04,34.8,50.94,False,1.75,dry,1.7,stable dry phase,1.0
2024-20-rodriguez,57,closing,20.02,34.94,51.0,False,2.61,dry,1.84,stable dry phase,1.0
2024-20-rodriguez,58,closing,20.16,35.85,50.59,False,2.58,dry,2.75,stable dry phase,1.0
2024-20-rodriguez,59,closing,20.35,36.96,49.47,False,2.39,dry,3.86,stable dry phase,1.0
2024-20-rodriguez,60,closing,20.47,37.46,49.0,False,2.23,dry,4.36,stable dry phase,1.0
2024-20-rodriguez,61,closing,20.45,37.73,49.0,False,2.21,dry,4.63,stable dry phase,1.0
2024-20-rodriguez,62,closing,20.46,37.81,49.0,False,2.11,dry,4.71,stable dry phase,1.0
2024-20-rodriguez,63,closing,20.63,37.99,49.0,False,1.97,dry,4.89,stable dry phase,1.0
2024-20-rodriguez,64,closing,20.81,38.32,48.53,False,2.12,dry,5.22,track heating,1.0
2024-20-rodriguez,65,closing,20.96,38.58,48.0,False,2.58,dry,5.48,track heating,1.0
2024-20-rodriguez,66,closing,21.0,38.56,48.0,False,2.5,dry,5.46,track heating,1.0
2024-20-rodriguez,67,closing,21.01,38.81,48.06,False,2.24,dry,5.71,track heating,1.0
2024-20-rodriguez,68,closing,21.04,39.19,48.65,False,1.61,dry,6.09,track heating,1.0
2024-20-rodriguez,69,closing,21.02,39.39,49.0,False,1.16,dry,6.29,track heating,1.0
2024-20-rodriguez,70,closing,21.02,39.51,48.47,False,1.09,dry,6.41,track heating,1.0
2024-20-rodriguez,71,closing,21.04,39.58,48.0,False,1.11,dry,6.48,track heating,1.0
2024-21-interlagos,1,opening,22.2,27.3,86.0,True,0.4,wet,0.0,wet grip phase,1.0
2024-21-interlagos,2,opening,22.1,26.4,86.0,True,0.8,wet,-0.9,wet grip phase,1.0
2024-21-interlagos,3,opening,22.1,26.4,87.0,True,0.5,wet,-0.9,wet grip phase,1.0
2024-21-interlagos,4,opening,22.1,26.2,87.0,True,0.13,wet,-1.1,wet grip phase,1.0
2024-21-interlagos,5,opening,22.2,26.4,88.0,True,0.8,wet,-0.9,wet grip phase,1.0
2024-21-interlagos,6,opening,22.03,26.4,86.33,True,0.87,wet,-0.9,wet grip phase,1.0
2024-21-interlagos,7,opening,22.3,26.5,88.0,True,0.5,wet,-0.8,wet grip phase,1.0
2024-21-interlagos,8,opening,22.2,26.81,87.0,True,0.61,wet,-0.49,wet grip phase,1.0
2024-21-interlagos,9,opening,22.29,27.17,87.0,True,0.61,wet,-0.13,wet grip phase,1.0
2024-21-interlagos,10,opening,22.2,27.4,87.0,True,1.0,wet,0.1,wet grip phase,1.0
2024-21-interlagos,11,opening,22.3,27.4,87.44,True,0.7,wet,0.1,wet grip phase,1.0
2024-21-interlagos,12,opening,22.4,27.9,87.0,True,0.6,wet,0.6,wet grip phase,1.0
2024-21-interlagos,13,opening,22.44,27.66,87.0,True,0.44,wet,0.36,wet grip phase,1.0
2024-21-interlagos,14,middle,22.59,27.69,87.0,True,0.06,wet,0.39,wet grip phase,1.0
2024-21-interlagos,15,middle,22.6,27.83,87.94,True,0.41,wet,0.53,wet grip phase,1.0
2024-21-interlagos,16,middle,22.6,28.23,87.0,True,0.2,wet,0.93,wet grip phase,1.0
2024-21-interlagos,17,middle,22.6,28.0,87.0,False,0.0,dry,0.7,stable dry phase,1.0
2024-21-interlagos,18,middle,22.66,28.32,86.78,False,0.36,dry,1.02,stable dry phase,1.0
2024-21-interlagos,19,middle,22.7,28.7,84.0,False,0.9,dry,1.4,stable dry phase,1.0
2024-21-interlagos,20,middle,22.6,29.1,84.83,False,0.58,dry,1.8,stable dry phase,1.0
2024-21-interlagos,21,middle,22.68,29.1,82.44,False,0.73,dry,1.8,stable dry phase,1.0
2024-21-interlagos,22,middle,22.9,29.1,84.83,False,0.51,dry,1.8,stable dry phase,1.0
2024-21-interlagos,23,middle,22.86,29.06,82.0,False,0.64,dry,1.76,stable dry phase,1.0
2024-21-interlagos,24,middle,22.9,29.4,84.0,False,0.0,dry,2.1,stable dry phase,1.0
2024-21-interlagos,25,middle,22.94,29.46,82.39,False,0.24,dry,2.16,stable dry phase,1.0
2024-21-interlagos,26,middle,23.0,29.4,80.33,False,0.8,dry,2.1,stable dry phase,1.0
2024-21-interlagos,27,middle,23.0,29.4,81.17,False,0.53,dry,2.1,stable dry phase,1.0
2024-21-interlagos,28,middle,23.01,29.37,81.67,False,0.5,dry,2.07,stable dry phase,1.0
2024-21-interlagos,29,middle,23.07,29.04,80.11,False,0.38,dry,1.74,stable dry phase,1.0
2024-21-interlagos,30,middle,23.21,28.54,81.11,False,0.67,dry,1.24,stable dry phase,1.0
2024-21-interlagos,31,middle,23.21,28.5,81.56,False,1.02,dry,1.2,stable dry phase,1.0
2024-21-interlagos,32,middle,23.3,28.61,81.88,False,0.71,dry,1.31,stable dry phase,1.0
2024-21-interlagos,33,middle,22.5,25.1,78.0,True,0.9,damp,-2.2,wet grip phase,1.0
2024-21-interlagos,34,middle,22.4,24.6,78.0,True,1.2,damp,-2.7,wet grip phase,1.0
2024-21-interlagos,35,middle,22.29,24.49,77.88,True,0.93,damp,-2.81,wet grip phase,1.0
2024-21-interlagos,36,middle,22.2,24.6,78.0,True,0.7,damp,-2.7,wet grip phase,1.0
2024-21-interlagos,37,middle,22.2,24.82,78.75,True,0.8,damp,-2.48,wet grip phase,1.0
2024-21-interlagos,38,middle,22.11,24.9,77.06,True,0.72,damp,-2.4,wet grip phase,1.0
2024-21-interlagos,39,middle,22.12,24.92,78.0,True,0.76,damp,-2.38,wet grip phase,1.0
2024-21-interlagos,40,middle,22.11,25.0,77.13,True,0.93,damp,-2.3,wet grip phase,1.0
2024-21-interlagos,41,middle,22.1,24.9,76.0,True,1.1,damp,-2.4,wet grip phase,1.0
2024-21-interlagos,42,middle,22.2,24.8,75.0,True,0.7,damp,-2.5,wet grip phase,1.0
2024-21-interlagos,43,middle,22.3,25.2,76.0,True,0.8,damp,-2.1,wet grip phase,1.0
2024-21-interlagos,44,middle,22.3,25.37,75.27,True,0.57,damp,-1.93,wet grip phase,1.0
2024-21-interlagos,45,middle,22.3,25.3,75.0,True,1.1,damp,-2.0,wet grip phase,1.0
2024-21-interlagos,46,middle,22.18,25.3,75.8,True,0.72,damp,-2.0,wet grip phase,1.0
2024-21-interlagos,47,middle,22.1,25.1,76.0,True,0.5,damp,-2.2,wet grip phase,1.0
2024-21-interlagos,48,middle,22.0,25.1,76.07,True,0.51,damp,-2.2,wet grip phase,1.0
2024-21-interlagos,49,middle,22.0,24.95,77.0,True,0.45,damp,-2.35,wet grip phase,1.0
2024-21-interlagos,50,middle,22.0,24.9,79.0,True,0.4,damp,-2.4,wet grip phase,1.0
2024-21-interlagos,51,middle,22.0,24.9,81.0,True,1.08,damp,-2.4,wet grip phase,1.0
2024-21-interlagos,52,closing,22.0,24.9,81.93,True,0.44,damp,-2.4,wet grip phase,1.0
2024-21-interlagos,53,closing,22.0,24.91,83.0,True,0.68,damp,-2.39,wet grip phase,1.0
2024-21-interlagos,54,closing,21.93,24.93,84.47,True,0.62,damp,-2.37,wet grip phase,1.0
2024-21-interlagos,55,closing,21.9,24.9,85.0,True,0.5,wet,-2.4,wet grip phase,1.0
2024-21-interlagos,56,closing,21.87,24.67,85.27,True,0.48,wet,-2.63,wet grip phase,1.0
2024-21-interlagos,57,closing,21.71,24.43,86.0,True,1.31,wet,-2.87,wet grip phase,1.0
2024-21-interlagos,58,closing,21.6,24.2,86.0,True,1.0,wet,-3.1,wet grip phase,1.0
2024-21-interlagos,59,closing,21.45,24.05,87.0,True,0.84,wet,-3.25,wet grip phase,1.0
2024-21-interlagos,60,closing,21.31,24.0,87.93,True,0.7,wet,-3.3,wet grip phase,1.0
2024-21-interlagos,61,closing,21.08,23.74,88.0,True,0.82,wet,-3.56,wet grip phase,1.0
2024-21-interlagos,62,closing,20.93,23.37,88.67,True,0.83,wet,-3.93,wet grip phase,1.0
2024-21-interlagos,63,closing,20.81,23.21,89.0,True,0.61,wet,-4.09,wet grip phase,1.0
2024-21-interlagos,64,closing,20.71,23.49,89.47,True,0.7,wet,-3.81,wet grip phase,1.0
2024-21-interlagos,65,closing,20.6,23.92,89.27,True,0.85,wet,-3.38,wet grip phase,1.0
2024-21-interlagos,66,closing,20.51,24.23,89.0,True,0.45,wet,-3.07,wet grip phase,1.0
2024-21-interlagos,67,closing,20.5,24.55,89.0,True,0.55,wet,-2.75,wet grip phase,1.0
2024-21-interlagos,68,closing,20.5,24.69,89.0,True,0.6,wet,-2.61,wet grip phase,1.0
2024-21-interlagos,69,closing,20.52,24.7,89.0,True,0.58,wet,-2.6,wet grip phase,1.0
2024-22-vegas,1,opening,18.6,18.2,49.0,False,2.4,dry,0.0,stable dry phase,1.0
2024-22-vegas,2,opening,18.6,18.4,49.0,False,1.4,dry,0.2,stable dry phase,1.0
2024-22-vegas,3,opening,18.6,18.21,49.0,False,3.23,dry,0.01,stable dry phase,1.0
2024-22-vegas,4,opening,18.5,18.1,49.0,False,3.8,dry,-0.1,stable dry phase,1.0
2024-22-vegas,5,opening,18.5,18.3,49.0,False,1.8,dry,0.1,stable dry phase,1.0
2024-22-vegas,6,opening,18.5,18.44,49.0,False,2.48,dry,0.24,stable dry phase,1.0
2024-22-vegas,7,opening,18.5,18.51,49.0,False,2.42,dry,0.31,stable dry phase,1.0
2024-22-vegas,8,opening,18.5,18.6,49.0,False,1.6,dry,0.4,stable dry phase,1.0
2024-22-vegas,9,opening,18.46,18.56,49.0,False,1.78,dry,0.36,stable dry phase,1.0
2024-22-vegas,10,opening,18.4,18.42,49.0,False,2.43,dry,0.22,stable dry phase,1.0
2024-22-vegas,11,middle,18.4,18.4,49.0,False,2.3,dry,0.2,stable dry phase,1.0
2024-22-vegas,12,middle,18.4,18.4,49.0,False,2.24,dry,0.2,stable dry phase,1.0
2024-22-vegas,13,middle,18.4,18.56,49.0,False,2.08,dry,0.36,stable dry phase,1.0
2024-22-vegas,14,middle,18.4,18.4,49.0,False,2.1,dry,0.2,stable dry phase,1.0
2024-22-vegas,15,middle,18.39,18.6,49.05,False,2.07,dry,0.4,stable dry phase,1.0
2024-22-vegas,16,middle,18.37,18.8,49.0,False,3.79,dry,0.6,stable dry phase,1.0
2024-22-vegas,17,middle,18.3,18.8,49.0,False,2.5,dry,0.6,stable dry phase,1.0
2024-22-vegas,18,middle,18.3,18.74,49.0,False,3.53,dry,0.54,stable dry phase,1.0
2024-22-vegas,19,middle,18.3,18.6,49.0,False,2.3,dry,0.4,stable dry phase,1.0
2024-22-vegas,20,middle,18.2,18.6,49.0,False,1.87,dry,0.4,stable dry phase,1.0
2024-22-vegas,21,middle,18.27,18.6,49.0,False,1.97,dry,0.4,stable dry phase,1.0
2024-22-vegas,22,middle,18.26,18.6,49.0,False,1.71,dry,0.4,stable dry phase,1.0
2024-22-vegas,23,middle,18.2,18.6,49.0,False,3.94,dry,0.4,stable dry phase,1.0
2024-22-vegas,24,middle,18.13,18.6,49.68,False,3.69,dry,0.4,stable dry phase,1.0
2024-22-vegas,25,middle,18.1,18.5,49.68,False,3.59,dry,0.3,stable dry phase,1.0
2024-22-vegas,26,middle,18.1,18.59,49.94,False,3.23,dry,0.39,stable dry phase,1.0
2024-22-vegas,27,middle,18.1,18.53,50.0,False,2.7,dry,0.33,stable dry phase,1.0
2024-22-vegas,28,middle,18.0,18.5,50.0,False,2.5,dry,0.3,stable dry phase,1.0
2024-22-vegas,29,middle,18.0,18.5,50.0,False,1.97,dry,0.3,stable dry phase,1.0
2024-22-vegas,30,middle,18.0,18.5,50.0,False,2.2,dry,0.3,stable dry phase,1.0
2024-22-vegas,31,middle,17.97,18.47,50.0,False,2.92,dry,0.27,stable dry phase,1.0
2024-22-vegas,32,middle,17.9,18.13,50.0,False,3.83,dry,-0.07,stable dry phase,1.0
2024-22-vegas,33,middle,17.9,18.1,50.0,False,2.0,dry,-0.1,stable dry phase,1.0
2024-22-vegas,34,middle,17.9,18.37,50.67,False,1.43,dry,0.17,stable dry phase,1.0
2024-22-vegas,35,middle,17.99,18.02,50.94,False,2.7,dry,-0.18,stable dry phase,1.0
2024-22-vegas,36,middle,18.0,18.2,50.0,False,1.8,dry,0.0,stable dry phase,1.0
2024-22-vegas,37,middle,18.0,17.98,50.0,False,1.34,dry,-0.22,stable dry phase,1.0
2024-22-vegas,38,closing,17.99,17.89,50.0,False,2.56,dry,-0.31,stable dry phase,1.0
2024-22-vegas,39,closing,17.96,17.74,50.61,False,3.07,dry,-0.46,stable dry phase,1.0
2024-22-vegas,40,closing,17.91,17.7,50.78,False,2.32,dry,-0.5,stable dry phase,1.0
2024-22-vegas,41,closing,17.9,17.69,50.0,False,2.84,dry,-0.51,stable dry phase,1.0
2024-22-vegas,42,closing,17.9,17.6,50.0,False,3.51,dry,-0.6,stable dry phase,1.0
2024-22-vegas,43,closing,17.9,17.6,50.61,False,3.22,dry,-0.6,stable dry phase,1.0
2024-22-vegas,44,closing,17.9,17.66,50.06,False,2.13,dry,-0.54,stable dry phase,1.0
2024-22-vegas,45,closing,17.86,17.61,50.94,False,2.53,dry,-0.59,stable dry phase,1.0
2024-22-vegas,46,closing,17.87,17.64,50.89,False,1.81,dry,-0.56,stable dry phase,1.0
2024-22-vegas,47,closing,17.9,17.5,50.0,False,2.22,dry,-0.7,stable dry phase,1.0
2024-22-vegas,48,closing,17.82,17.5,50.0,False,2.69,dry,-0.7,stable dry phase,1.0
2024-22-vegas,49,closing,17.73,17.5,50.0,False,2.51,dry,-0.7,stable dry phase,1.0
2024-22-vegas,50,closing,17.7,17.45,50.0,False,3.24,dry,-0.75,stable dry phase,1.0
2024-23-losail,1,opening,19.7,23.8,57.0,False,2.3,dry,0.0,stable dry phase,1.0
2024-23-losail,2,opening,19.69,23.8,57.0,False,2.49,dry,0.0,stable dry phase,1.0
2024-23-losail,3,opening,19.6,23.8,57.0,False,2.55,dry,0.0,stable dry phase,1.0
2024-23-losail,4,opening,19.6,23.8,57.0,False,2.5,dry,0.0,stable dry phase,1.0
2024-23-losail,5,opening,19.6,23.7,57.0,False,3.1,dry,-0.1,stable dry phase,1.0
2024-23-losail,6,opening,19.6,23.7,57.0,False,2.7,dry,-0.1,stable dry phase,1.0
2024-23-losail,7,opening,19.6,23.7,57.0,False,2.4,dry,-0.1,stable dry phase,1.0
2024-23-losail,8,opening,19.5,23.6,57.0,False,2.43,dry,-0.2,stable dry phase,1.0
2024-23-losail,9,opening,19.5,23.6,57.0,False,2.9,dry,-0.2,stable dry phase,1.0
2024-23-losail,10,opening,19.54,23.66,56.0,False,2.26,dry,-0.14,stable dry phase,1.0
2024-23-losail,11,opening,19.6,23.7,56.0,False,1.9,dry,-0.1,stable dry phase,1.0
2024-23-losail,12,middle,19.6,23.7,55.0,False,2.39,dry,-0.1,stable dry phase,1.0
2024-23-losail,13,middle,19.6,23.6,55.0,False,2.4,dry,-0.2,stable dry phase,1.0
2024-23-losail,14,middle,19.5,23.59,55.0,False,2.52,dry,-0.21,stable dry phase,1.0
2024-23-losail,15,middle,19.5,23.5,55.82,False,2.57,dry,-0.3,stable dry phase,1.0
2024-23-losail,16,middle,19.5,23.5,56.0,False,2.6,dry,-0.3,stable dry phase,1.0
2024-23-losail,17,middle,19.5,23.4,56.0,False,2.9,dry,-0.4,stable dry phase,1.0
2024-23-losail,18,middle,19.4,23.4,56.0,False,3.2,dry,-0.4,stable dry phase,1.0
2024-23-losail,19,middle,19.4,23.4,56.0,False,2.5,dry,-0.4,stable dry phase,1.0
2024-23-losail,20,middle,19.4,23.4,55.0,False,2.9,dry,-0.4,stable dry phase,1.0
2024-23-losail,21,middle,19.4,23.4,55.0,False,2.79,dry,-0.4,stable dry phase,1.0
2024-23-losail,22,middle,19.4,23.32,55.0,False,2.5,dry,-0.48,stable dry phase,1.0
2024-23-losail,23,middle,19.4,23.3,55.0,False,2.11,dry,-0.5,stable dry phase,1.0
2024-23-losail,24,middle,19.34,23.3,55.0,False,2.42,dry,-0.5,stable dry phase,1.0
2024-23-losail,25,middle,19.3,23.3,55.0,False,2.24,dry,-0.5,stable dry phase,1.0
2024-23-losail,26,middle,19.3,23.3,55.0,False,2.38,dry,-0.5,stable dry phase,1.0
2024-23-losail,27,middle,19.3,23.29,55.0,False,2.22,dry,-0.51,stable dry phase,1.0
2024-23-losail,28,middle,19.3,23.2,55.0,False,2.4,dry,-0.6,stable dry phase,1.0
2024-23-losail,29,middle,19.3,23.21,55.0,False,2.16,dry,-0.59,stable dry phase,1.0
2024-23-losail,30,middle,19.26,23.26,55.0,False,2.0,dry,-0.54,stable dry phase,1.0
2024-23-losail,31,middle,19.2,23.2,55.0,False,2.08,dry,-0.6,stable dry phase,1.0
2024-23-losail,32,middle,19.2,23.2,55.0,False,2.22,dry,-0.6,stable dry phase,1.0
2024-23-losail,33,middle,19.2,23.14,55.0,False,1.99,dry,-0.66,stable dry phase,1.0
2024-23-losail,34,middle,19.18,23.1,55.0,False,1.99,dry,-0.7,stable dry phase,1.0
2024-23-losail,35,middle,19.1,23.09,55.0,False,1.81,dry,-0.71,stable dry phase,1.0
2024-23-losail,36,middle,19.1,23.06,54.47,False,2.02,dry,-0.74,stable dry phase,1.0
2024-23-losail,37,middle,19.1,23.05,54.41,False,2.35,dry,-0.75,stable dry phase,1.0
2024-23-losail,38,middle,19.08,23.0,54.82,False,1.72,dry,-0.8,stable dry phase,1.0
2024-23-losail,39,middle,19.0,23.0,54.0,False,0.93,dry,-0.8,stable dry phase,1.0
2024-23-losail,40,middle,19.0,22.9,54.0,False,2.2,dry,-0.9,stable dry phase,1.0
2024-23-losail,41,middle,19.0,22.9,54.0,False,1.02,dry,-0.9,stable dry phase,1.0
2024-23-losail,42,middle,19.0,22.9,54.0,False,1.0,dry,-0.9,stable dry phase,1.0
2024-23-losail,43,closing,19.0,22.9,54.0,False,1.3,dry,-0.9,stable dry phase,1.0
2024-23-losail,44,closing,19.0,22.7,55.0,False,0.6,dry,-1.1,stable dry phase,1.0
2024-23-losail,45,closing,19.0,22.7,55.0,False,1.3,dry,-1.1,stable dry phase,1.0
2024-23-losail,46,closing,19.0,22.61,54.87,False,1.4,dry,-1.19,stable dry phase,1.0
2024-23-losail,47,closing,19.0,22.7,55.0,False,0.8,dry,-1.1,stable dry phase,1.0
2024-23-losail,48,closing,18.95,22.75,55.0,False,0.95,dry,-1.05,stable dry phase,1.0
2024-23-losail,49,closing,18.9,22.7,55.0,False,0.9,dry,-1.1,stable dry phase,1.0
2024-23-losail,50,closing,18.9,22.5,55.0,False,1.07,dry,-1.3,stable dry phase,1.0
2024-23-losail,51,closing,18.9,22.57,55.0,False,1.49,dry,-1.23,stable dry phase,1.0
2024-23-losail,52,closing,18.9,22.59,55.0,False,1.39,dry,-1.21,stable dry phase,1.0
2024-23-losail,53,closing,18.9,22.5,55.0,False,1.46,dry,-1.3,stable dry phase,1.0
2024-23-losail,54,closing,18.9,22.5,55.0,False,1.1,dry,-1.3,stable dry phase,1.0
2024-23-losail,55,closing,18.8,22.58,55.0,False,1.0,dry,-1.22,stable dry phase,1.0
2024-23-losail,56,closing,18.8,22.7,55.0,False,1.14,dry,-1.1,stable dry phase,1.0
2024-23-losail,57,closing,18.8,22.68,55.0,False,0.5,dry,-1.12,stable dry phase,1.0
2024-24-yas_marina,1,opening,27.8,37.2,42.0,False,1.0,dry,0.0,stable dry phase,1.0
2024-24-yas_marina,2,opening,27.7,36.8,43.0,False,2.5,dry,-0.4,stable dry phase,1.0
2024-24-yas_marina,3,opening,27.64,36.74,43.63,False,1.81,dry,-0.46,stable dry phase,1.0
2024-24-yas_marina,4,opening,27.6,36.19,44.0,False,2.38,dry,-1.01,stable dry phase,1.0
2024-24-yas_marina,5,opening,27.6,36.1,44.0,False,2.33,dry,-1.1,stable dry phase,1.0
2024-24-yas_marina,6,opening,27.61,36.1,43.89,False,1.16,dry,-1.1,stable dry phase,1.0
2024-24-yas_marina,7,opening,27.79,35.5,43.0,False,2.08,dry,-1.7,stable dry phase,1.0
2024-24-yas_marina,8,opening,27.68,35.5,43.16,False,1.72,dry,-1.7,stable dry phase,1.0
2024-24-yas_marina,9,opening,27.51,35.02,44.0,False,1.38,dry,-2.18,stable dry phase,1.0
2024-24-yas_marina,10,opening,27.58,33.18,44.16,False,2.22,dry,-4.02,stable dry phase,1.0
2024-24-yas_marina,11,opening,27.5,33.14,45.0,False,1.61,dry,-4.06,stable dry phase,1.0
2024-24-yas_marina,12,middle,27.5,33.91,45.16,False,1.64,dry,-3.29,stable dry phase,1.0
2024-24-yas_marina,13,middle,27.41,34.51,46.05,False,2.35,dry,-2.69,stable dry phase,1.0
2024-24-yas_marina,14,middle,27.4,34.6,47.0,False,1.69,dry,-2.6,stable dry phase,1.0
2024-24-yas_marina,15,middle,27.49,33.89,46.95,False,1.45,dry,-3.31,stable dry phase,1.0
2024-24-yas_marina,16,middle,27.5,33.9,45.53,False,1.22,dry,-3.3,stable dry phase,1.0
2024-24-yas_marina,17,middle,27.5,33.99,45.0,False,1.75,dry,-3.21,stable dry phase,1.0
2024-24-yas_marina,18,middle,27.5,34.31,44.47,False,1.58,dry,-2.89,stable dry phase,1.0
2024-24-yas_marina,19,middle,27.49,34.12,44.0,False,2.17,dry,-3.08,stable dry phase,1.0
2024-24-yas_marina,20,middle,27.4,31.89,44.53,False,2.74,dry,-5.31,track cooling,1.0
2024-24-yas_marina,21,middle,27.31,32.43,45.05,False,3.55,dry,-4.77,stable dry phase,1.0
2024-24-yas_marina,22,middle,27.25,31.82,46.0,False,2.85,dry,-5.38,track cooling,1.0
2024-24-yas_marina,23,middle,27.29,30.95,46.0,False,1.84,dry,-6.25,track cooling,1.0
2024-24-yas_marina,24,middle,27.3,31.24,45.42,False,2.36,dry,-5.96,track cooling,1.0
2024-24-yas_marina,25,middle,27.21,30.89,45.05,False,2.19,dry,-6.31,track cooling,1.0
2024-24-yas_marina,26,middle,27.14,33.02,45.42,False,0.77,dry,-4.18,stable dry phase,1.0
2024-24-yas_marina,27,middle,27.21,33.84,45.0,False,1.17,dry,-3.36,stable dry phase,1.0
2024-24-yas_marina,28,middle,27.24,32.38,45.0,False,2.89,dry,-4.82,stable dry phase,1.0
2024-24-yas_marina,29,middle,27.19,33.17,46.11,False,2.99,dry,-4.03,stable dry phase,1.0
2024-24-yas_marina,30,middle,27.1,33.31,47.0,False,1.8,dry,-3.89,stable dry phase,1.0
2024-24-yas_marina,31,middle,27.1,33.0,47.0,False,1.52,dry,-4.2,stable dry phase,1.0
2024-24-yas_marina,32,middle,27.1,32.88,47.0,False,1.36,dry,-4.32,stable dry phase,1.0
2024-24-yas_marina,33,middle,27.1,32.78,47.0,False,1.37,dry,-4.42,stable dry phase,1.0
2024-24-yas_marina,34,middle,27.04,32.63,47.0,False,1.94,dry,-4.57,stable dry phase,1.0
2024-24-yas_marina,35,middle,27.03,32.14,47.29,False,2.51,dry,-5.06,track cooling,1.0
2024-24-yas_marina,36,middle,27.04,32.01,48.65,False,2.14,dry,-5.19,track cooling,1.0
2024-24-yas_marina,37,middle,27.0,32.09,49.0,False,2.17,dry,-5.11,track cooling,1.0
2024-24-yas_marina,38,middle,27.0,32.16,49.0,False,1.68,dry,-5.04,track cooling,1.0
2024-24-yas_marina,39,middle,26.98,32.11,49.0,False,1.49,dry,-5.09,track cooling,1.0
2024-24-yas_marina,40,middle,26.94,31.8,49.0,False,1.82,dry,-5.4,track cooling,1.0
2024-24-yas_marina,41,middle,26.91,31.82,49.24,False,2.18,dry,-5.38,track cooling,1.0
2024-24-yas_marina,42,middle,26.89,31.8,50.0,False,1.11,dry,-5.4,track cooling,1.0
2024-24-yas_marina,43,middle,26.84,31.78,50.0,False,1.25,dry,-5.42,track cooling,1.0
2024-24-yas_marina,44,closing,26.85,31.81,50.06,False,1.3,dry,-5.39,track cooling,1.0
2024-24-yas_marina,45,closing,26.88,31.79,50.82,False,1.35,dry,-5.41,track cooling,1.0
2024-24-yas_marina,46,closing,26.85,31.58,51.0,False,1.58,dry,-5.62,track cooling,1.0
2024-24-yas_marina,47,closing,26.82,31.68,51.0,False,1.56,dry,-5.52,track cooling,1.0
2024-24-yas_marina,48,closing,26.89,31.45,51.0,False,1.74,dry,-5.75,track cooling,1.0
2024-24-yas_marina,49,closing,26.82,31.45,51.24,False,1.98,dry,-5.75,track cooling,1.0
2024-24-yas_marina,50,closing,26.8,31.58,51.88,False,1.7,dry,-5.62,track cooling,1.0
2024-24-yas_marina,51,closing,26.8,31.48,51.76,False,2.04,dry,-5.72,track cooling,1.0
2024-24-yas_marina,52,closing,26.8,31.32,51.65,False,1.78,dry,-5.88,track cooling,1.0
2024-24-yas_marina,53,closing,26.78,31.3,52.0,False,1.71,dry,-5.9,track cooling,1.0
2024-24-yas_marina,54,closing,26.71,31.25,52.0,False,1.88,dry,-5.95,track cooling,1.0
2024-24-yas_marina,55,closing,26.65,31.22,52.0,False,1.29,dry,-5.98,track cooling,1.0
2024-24-yas_marina,56,closing,26.68,31.29,52.0,False,1.24,dry,-5.91,track cooling,1.0
2024-24-yas_marina,57,closing,26.65,31.35,52.0,False,1.31,dry,-5.85,track cooling,1.0
2024-24-yas_marina,58,closing,26.68,31.32,52.0,False,1.26,dry,-5.88,track cooling,1.0
2025-02-shanghai,1,opening,27.5,42.2,16.0,False,2.7,dry,0.0,stable dry phase,1.0
2025-02-shanghai,2,opening,27.6,42.5,16.0,False,2.1,dry,0.3,stable dry phase,1.0
2025-02-shanghai,3,opening,27.61,42.61,16.0,False,2.22,dry,0.41,stable dry phase,1.0
2025-02-shanghai,4,opening,27.71,42.91,15.0,False,3.16,dry,0.7,stable dry phase,1.0
2025-02-shanghai,5,opening,27.8,43.0,15.0,False,1.9,dry,0.8,stable dry phase,1.0
2025-02-shanghai,6,opening,27.8,43.0,15.0,False,1.44,dry,0.8,stable dry phase,1.0
2025-02-shanghai,7,opening,27.91,42.49,15.0,False,0.74,dry,0.29,stable dry phase,1.0
2025-02-shanghai,8,opening,28.08,42.48,15.0,False,1.97,dry,0.28,stable dry phase,1.0
2025-02-shanghai,9,opening,28.1,42.7,15.0,False,2.12,dry,0.5,stable dry phase,1.0
2025-02-shanghai,10,opening,27.99,42.68,14.05,False,2.68,dry,0.48,stable dry phase,1.0
2025-02-shanghai,11,opening,27.75,42.4,15.0,False,2.23,dry,0.2,stable dry phase,1.0
2025-02-shanghai,12,middle,27.79,41.89,15.0,False,1.93,dry,-0.31,stable dry phase,1.0
2025-02-shanghai,13,middle,27.7,41.2,15.0,False,2.1,dry,-1.0,stable dry phase,1.0
2025-02-shanghai,14,middle,27.8,40.28,15.0,False,2.59,dry,-1.92,stable dry phase,1.0
2025-02-shanghai,15,middle,27.66,39.9,16.0,False,2.36,dry,-2.3,stable dry phase,1.0
2025-02-shanghai,16,middle,27.6,40.2,16.0,False,2.2,dry,-2.0,stable dry phase,1.0
2025-02-shanghai,17,middle,27.51,39.44,16.0,False,2.86,dry,-2.76,stable dry phase,1.0
2025-02-shanghai,18,middle,27.6,38.81,16.0,False,2.08,dry,-3.39,stable dry phase,1.0
2025-02-shanghai,19,middle,27.5,38.6,16.0,False,2.7,dry,-3.6,stable dry phase,1.0
2025-02-shanghai,20,middle,27.24,38.5,16.79,False,2.38,dry,-3.7,stable dry phase,1.0
2025-02-shanghai,21,middle,27.23,38.45,17.0,False,2.37,dry,-3.75,stable dry phase,1.0
2025-02-shanghai,22,middle,27.3,38.19,17.0,False,2.48,dry,-4.01,stable dry phase,1.0
2025-02-shanghai,23,middle,27.3,37.93,17.0,False,2.17,dry,-4.27,stable dry phase,1.0
2025-02-shanghai,24,middle,27.28,37.8,17.16,False,2.56,dry,-4.4,stable dry phase,1.0
2025-02-shanghai,25,middle,27.12,37.68,17.95,False,1.05,dry,-4.52,stable dry phase,1.0
2025-02-shanghai,26,middle,27.36,37.2,17.58,False,1.72,dry,-5.0,track cooling,1.0
2025-02-shanghai,27,middle,27.4,37.16,17.0,False,1.88,dry,-5.04,track cooling,1.0
2025-02-shanghai,28,middle,27.4,37.28,17.0,False,2.15,dry,-4.92,stable dry phase,1.0
2025-02-shanghai,29,middle,27.4,37.45,17.0,False,3.09,dry,-4.75,stable dry phase,1.0
2025-02-shanghai,30,middle,27.29,37.4,17.0,False,2.28,dry,-4.8,stable dry phase,1.0
2025-02-shanghai,31,middle,27.27,37.33,17.0,False,3.64,dry,-4.87,stable dry phase,1.0
2025-02-shanghai,32,middle,27.3,37.05,17.0,False,3.03,dry,-5.15,track cooling,1.0
2025-02-shanghai,33,middle,27.3,35.36,17.16,False,2.71,dry,-6.84,track cooling,1.0
2025-02-shanghai,34,middle,27.3,36.1,18.0,False,2.26,dry,-6.1,track cooling,1.0
2025-02-shanghai,35,middle,27.3,35.98,18.0,False,1.94,dry,-6.22,track cooling,1.0
2025-02-shanghai,36,middle,27.3,35.89,18.0,False,1.77,dry,-6.31,track cooling,1.0
2025-02-shanghai,37,middle,27.3,35.66,18.0,False,2.07,dry,-6.54,track cooling,1.0
2025-02-shanghai,38,middle,27.39,35.58,18.0,False,2.72,dry,-6.62,track cooling,1.0
2025-02-shanghai,39,middle,27.33,35.21,18.0,False,2.97,dry,-6.99,track cooling,1.0
2025-02-shanghai,40,middle,27.35,35.0,18.0,False,3.0,dry,-7.2,track cooling,1.0
2025-02-shanghai,41,middle,27.32,34.92,18.0,False,2.2,dry,-7.28,track cooling,1.0
2025-02-shanghai,42,middle,27.3,34.97,18.0,False,1.99,dry,-7.23,track cooling,1.0
2025-02-shanghai,43,closing,27.33,35.09,18.0,False,1.52,dry,-7.11,track cooling,1.0
2025-02-shanghai,44,closing,27.41,35.37,17.89,False,1.48,dry,-6.83,track cooling,1.0
2025-02-shanghai,45,closing,27.5,35.34,17.63,False,2.48,dry,-6.86,track cooling,1.0
2025-02-shanghai,46,closing,27.5,35.27,17.89,False,2.32,dry,-6.93,track cooling,1.0
2025-02-shanghai,47,closing,27.5,35.0,17.68,False,2.31,dry,-7.2,track cooling,1.0
2025-02-shanghai,48,closing,27.6,34.55,17.47,False,2.32,dry,-7.65,track cooling,1.0
2025-02-shanghai,49,closing,27.51,34.43,18.0,False,2.31,dry,-7.77,track cooling,1.0
2025-02-shanghai,50,closing,27.39,34.26,18.0,False,2.86,dry,-7.94,track cooling,1.0
2025-02-shanghai,51,closing,27.28,34.08,18.0,False,2.89,dry,-8.12,track cooling,1.0
2025-02-shanghai,52,closing,27.18,33.93,18.0,False,2.51,dry,-8.27,track cooling,1.0
2025-02-shanghai,53,closing,27.15,34.23,18.0,False,2.0,dry,-7.97,track cooling,1.0
2025-02-shanghai,54,closing,27.22,34.69,18.0,False,1.85,dry,-7.51,track cooling,1.0
2025-02-shanghai,55,closing,27.3,34.8,18.68,False,1.71,dry,-7.4,track cooling,1.0
2025-02-shanghai,56,closing,27.32,34.85,18.75,False,1.98,dry,-7.35,track cooling,1.0
2025-03-suzuka,1,opening,14.6,22.5,76.0,False,1.1,dry,0.0,stable dry phase,1.0
2025-03-suzuka,2,opening,14.4,22.8,75.0,False,1.5,dry,0.3,stable dry phase,1.0
2025-03-suzuka,3,opening,14.5,23.0,76.0,False,0.6,dry,0.5,stable dry phase,1.0
2025-03-suzuka,4,opening,14.6,23.0,75.0,False,1.6,dry,0.5,stable dry phase,1.0
2025-03-suzuka,5,opening,14.6,22.96,74.0,False,1.23,dry,0.46,stable dry phase,1.0
2025-03-suzuka,6,opening,14.6,22.9,75.0,False,0.8,dry,0.4,stable dry phase,1.0
2025-03-suzuka,7,opening,14.67,23.0,73.6,False,1.67,dry,0.5,stable dry phase,1.0
2025-03-suzuka,8,opening,14.6,22.7,74.0,False,1.3,dry,0.2,stable dry phase,1.0
2025-03-suzuka,9,opening,14.5,22.5,76.0,False,0.4,dry,0.0,stable dry phase,1.0
2025-03-suzuka,10,opening,14.5,22.29,74.9,False,0.81,dry,-0.21,stable dry phase,1.0
2025-03-suzuka,11,middle,14.5,21.9,74.0,False,2.1,dry,-0.6,stable dry phase,1.0
2025-03-suzuka,12,middle,14.5,21.06,74.0,False,1.19,dry,-1.44,stable dry phase,1.0
2025-03-suzuka,13,middle,14.4,20.9,75.05,False,1.09,dry,-1.6,stable dry phase,1.0
2025-03-suzuka,14,middle,14.4,21.0,76.0,False,1.42,dry,-1.5,stable dry phase,1.0
2025-03-suzuka,15,middle,14.4,20.8,75.95,False,0.54,dry,-1.7,stable dry phase,1.0
2025-03-suzuka,16,middle,14.4,20.88,75.0,False,1.22,dry,-1.62,stable dry phase,1.0
2025-03-suzuka,17,middle,14.38,20.73,74.25,False,1.32,dry,-1.77,stable dry phase,1.0
2025-03-suzuka,18,middle,14.2,20.2,75.0,False,0.92,dry,-2.3,stable dry phase,1.0
2025-03-suzuka,19,middle,14.2,20.15,75.45,False,1.12,dry,-2.35,stable dry phase,1.0
2025-03-suzuka,20,middle,14.2,20.4,76.0,False,1.32,dry,-2.1,stable dry phase,1.0
2025-03-suzuka,21,middle,14.2,20.46,76.0,False,0.93,dry,-2.04,stable dry phase,1.0
2025-03-suzuka,22,middle,14.2,20.5,75.0,False,0.99,dry,-2.0,stable dry phase,1.0
2025-03-suzuka,23,middle,14.2,20.6,76.0,False,1.2,dry,-1.9,stable dry phase,1.0
2025-03-suzuka,24,middle,14.3,20.85,76.0,False,1.01,dry,-1.65,stable dry phase,1.0
2025-03-suzuka,25,middle,14.4,21.5,75.0,False,0.6,dry,-1.0,stable dry phase,1.0
2025-03-suzuka,26,middle,14.46,21.7,74.35,False,0.7,dry,-0.8,stable dry phase,1.0
2025-03-suzuka,27,middle,14.4,21.7,74.75,False,0.82,dry,-0.8,stable dry phase,1.0
2025-03-suzuka,28,middle,14.47,21.55,74.0,False,1.5,dry,-0.95,stable dry phase,1.0
2025-03-suzuka,29,middle,14.46,21.3,74.35,False,1.5,dry,-1.2,stable dry phase,1.0
2025-03-suzuka,30,middle,14.4,21.47,75.0,False,1.16,dry,-1.03,stable dry phase,1.0
2025-03-suzuka,31,middle,14.36,21.55,75.45,False,0.78,dry,-0.95,stable dry phase,1.0
2025-03-suzuka,32,middle,14.4,21.4,75.0,False,1.39,dry,-1.1,stable dry phase,1.0
2025-03-suzuka,33,middle,14.4,21.34,75.65,False,1.27,dry,-1.16,stable dry phase,1.0
2025-03-suzuka,34,middle,14.32,21.3,76.85,False,0.94,dry,-1.2,stable dry phase,1.0
2025-03-suzuka,35,middle,14.4,21.16,76.0,False,1.83,dry,-1.34,stable dry phase,1.0
2025-03-suzuka,36,middle,14.3,21.0,76.35,False,1.35,dry,-1.5,stable dry phase,1.0
2025-03-suzuka,37,middle,14.3,20.99,77.0,False,0.89,dry,-1.51,stable dry phase,1.0
2025-03-suzuka,38,middle,14.24,20.8,77.0,False,1.06,dry,-1.7,stable dry phase,1.0
2025-03-suzuka,39,middle,14.23,20.88,77.0,False,1.2,dry,-1.62,stable dry phase,1.0
2025-03-suzuka,40,closing,14.3,20.8,77.0,False,1.3,dry,-1.7,stable dry phase,1.0
2025-03-suzuka,41,closing,14.22,20.62,77.0,False,1.33,dry,-1.88,stable dry phase,1.0
2025-03-suzuka,42,closing,14.3,20.65,77.55,False,1.43,dry,-1.85,stable dry phase,1.0
2025-03-suzuka,43,closing,14.3,20.62,77.85,False,1.58,dry,-1.88,stable dry phase,1.0
2025-03-suzuka,44,closing,14.3,20.64,77.6,False,1.94,dry,-1.86,stable dry phase,1.0
2025-03-suzuka,45,closing,14.3,20.68,77.65,False,1.45,dry,-1.82,stable dry phase,1.0
2025-03-suzuka,46,closing,14.3,20.63,77.65,False,1.66,dry,-1.87,stable dry phase,1.0
2025-03-suzuka,47,closing,14.3,20.46,78.0,False,1.04,dry,-2.04,stable dry phase,1.0
2025-03-suzuka,48,closing,14.3,20.33,78.0,False,1.03,dry,-2.17,stable dry phase,1.0
2025-03-suzuka,49,closing,14.3,20.4,78.0,False,1.0,dry,-2.1,stable dry phase,1.0
2025-03-suzuka,50,closing,14.3,20.39,77.95,False,1.02,dry,-2.11,stable dry phase,1.0
2025-03-suzuka,51,closing,14.34,20.3,77.0,False,1.38,dry,-2.2,stable dry phase,1.0
2025-03-suzuka,52,closing,14.47,20.15,76.3,False,1.7,dry,-2.35,stable dry phase,1.0
2025-03-suzuka,53,closing,14.45,19.95,76.0,False,1.51,dry,-2.55,stable dry phase,1.0
2025-04-bahrain,1,opening,27.9,34.5,45.0,False,2.9,dry,0.0,stable dry phase,1.0
2025-04-bahrain,2,opening,27.9,34.6,45.0,False,2.7,dry,0.1,stable dry phase,1.0
2025-04-bahrain,3,opening,27.89,34.4,45.0,False,3.19,dry,-0.1,stable dry phase,1.0
2025-04-bahrain,4,opening,27.7,34.5,45.0,False,2.7,dry,0.0,stable dry phase,1.0
2025-04-bahrain,5,opening,27.7,34.8,45.0,False,2.7,dry,0.3,stable dry phase,1.0
2025-04-bahrain,6,opening,27.59,34.37,46.0,False,3.04,dry,-0.13,stable dry phase,1.0
2025-04-bahrain,7,opening,27.5,34.0,46.0,False,2.9,dry,-0.5,stable dry phase,1.0
2025-04-bahrain,8,opening,27.5,34.0,45.1,False,3.12,dry,-0.5,stable dry phase,1.0
2025-04-bahrain,9,opening,27.51,33.78,45.0,False,3.31,dry,-0.72,stable dry phase,1.0
2025-04-bahrain,10,opening,27.6,33.8,46.0,False,2.0,dry,-0.7,stable dry phase,1.0
2025-04-bahrain,11,opening,27.51,33.6,46.0,False,1.83,dry,-0.9,stable dry phase,1.0
2025-04-bahrain,12,middle,27.5,33.4,46.0,False,2.26,dry,-1.1,stable dry phase,1.0
2025-04-bahrain,13,middle,27.5,33.6,46.0,False,1.6,dry,-0.9,stable dry phase,1.0
2025-04-bahrain,14,middle,27.5,33.31,46.0,False,2.17,dry,-1.19,stable dry phase,1.0
2025-04-bahrain,15,middle,27.55,32.25,46.0,False,2.0,dry,-2.25,stable dry phase,1.0
2025-04-bahrain,16,middle,27.59,33.44,45.0,False,2.43,dry,-1.06,stable dry phase,1.0
2025-04-bahrain,17,middle,27.5,33.52,45.0,False,2.32,dry,-0.98,stable dry phase,1.0
2025-04-bahrain,18,middle,27.45,33.6,45.5,False,1.95,dry,-0.9,stable dry phase,1.0
2025-04-bahrain,19,middle,27.39,33.49,46.0,False,1.6,dry,-1.01,stable dry phase,1.0
2025-04-bahrain,20,middle,27.3,33.4,46.0,False,1.8,dry,-1.1,stable dry phase,1.0
2025-04-bahrain,21,middle,27.3,33.45,46.0,False,1.77,dry,-1.05,stable dry phase,1.0
2025-04-bahrain,22,middle,27.3,33.1,46.0,False,2.3,dry,-1.4,stable dry phase,1.0
2025-04-bahrain,23,middle,27.38,33.27,45.15,False,1.88,dry,-1.23,stable dry phase,1.0
2025-04-bahrain,24,middle,27.36,33.46,43.6,False,2.32,dry,-1.04,stable dry phase,1.0
2025-04-bahrain,25,middle,27.3,33.4,43.0,False,3.0,dry,-1.1,stable dry phase,1.0
2025-04-bahrain,26,middle,27.22,33.12,43.0,False,2.74,dry,-1.38,stable dry phase,1.0
2025-04-bahrain,27,middle,27.23,33.0,43.0,False,2.44,dry,-1.5,stable dry phase,1.0
2025-04-bahrain,28,middle,27.2,32.8,43.0,False,2.6,dry,-1.7,stable dry phase,1.0
2025-04-bahrain,29,middle,27.1,32.7,43.75,False,2.17,dry,-1.8,stable dry phase,1.0
2025-04-bahrain,30,middle,27.25,32.6,44.0,False,1.95,dry,-1.9,stable dry phase,1.0
2025-04-bahrain,31,middle,27.3,32.48,44.85,False,2.46,dry,-2.02,stable dry phase,1.0
2025-04-bahrain,32,middle,27.23,32.23,44.0,False,2.98,dry,-2.27,stable dry phase,1.0
2025-04-bahrain,33,middle,27.2,32.25,44.0,False,2.75,dry,-2.25,stable dry phase,1.0
2025-04-bahrain,34,middle,27.2,31.9,44.0,False,3.5,dry,-2.6,stable dry phase,1.0
2025-04-bahrain,35,middle,27.1,31.88,45.0,False,2.72,dry,-2.62,stable dry phase,1.0
2025-04-bahrain,36,middle,27.1,31.9,45.3,False,1.64,dry,-2.6,stable dry phase,1.0
2025-04-bahrain,37,middle,27.0,31.6,46.0,False,2.1,dry,-2.9,stable dry phase,1.0
2025-04-bahrain,38,middle,27.0,31.9,46.0,False,1.2,dry,-2.6,stable dry phase,1.0
2025-04-bahrain,39,middle,27.0,31.9,46.0,False,2.4,dry,-2.6,stable dry phase,1.0
2025-04-bahrain,40,middle,27.0,32.0,46.0,False,2.6,dry,-2.5,stable dry phase,1.0
2025-04-bahrain,41,middle,27.0,32.0,45.25,False,2.33,dry,-2.5,stable dry phase,1.0
2025-04-bahrain,42,middle,27.0,31.9,45.0,False,2.3,dry,-2.6,stable dry phase,1.0
2025-04-bahrain,43,closing,27.0,31.7,46.0,False,2.5,dry,-2.8,stable dry phase,1.0
2025-04-bahrain,44,closing,26.95,31.5,46.0,False,2.04,dry,-3.0,stable dry phase,1.0
2025-04-bahrain,45,closing,26.9,31.9,46.0,False,1.0,dry,-2.6,stable dry phase,1.0
2025-04-bahrain,46,closing,26.9,31.9,46.0,False,1.12,dry,-2.6,stable dry phase,1.0
2025-04-bahrain,47,closing,26.9,31.7,46.26,False,1.85,dry,-2.8,stable dry phase,1.0
2025-04-bahrain,48,closing,26.8,31.7,47.0,False,1.5,dry,-2.8,stable dry phase,1.0
2025-04-bahrain,49,closing,26.8,31.26,47.68,False,2.63,dry,-3.24,stable dry phase,1.0
2025-04-bahrain,50,closing,26.78,31.12,48.0,False,2.54,dry,-3.38,stable dry phase,1.0
2025-04-bahrain,51,closing,26.7,31.2,48.0,False,2.29,dry,-3.3,stable dry phase,1.0
2025-04-bahrain,52,closing,26.74,31.1,48.0,False,2.23,dry,-3.4,stable dry phase,1.0
2025-04-bahrain,53,closing,26.7,31.09,47.05,False,2.29,dry,-3.41,stable dry phase,1.0
2025-04-bahrain,54,closing,26.7,31.08,47.21,False,1.88,dry,-3.42,stable dry phase,1.0
2025-04-bahrain,55,closing,26.7,31.2,47.0,False,0.93,dry,-3.3,stable dry phase,1.0
2025-04-bahrain,56,closing,26.79,31.2,47.0,False,1.65,dry,-3.3,stable dry phase,1.0
2025-04-bahrain,57,closing,26.7,31.1,46.26,False,1.93,dry,-3.4,stable dry phase,1.0
2025-05-jeddah,1,opening,28.7,39.4,71.0,False,1.2,dry,0.0,stable dry phase,1.0
2025-05-jeddah,2,opening,28.7,39.4,70.06,False,0.9,dry,0.0,stable dry phase,1.0
2025-05-jeddah,3,opening,28.7,39.2,70.0,False,2.2,dry,-0.2,stable dry phase,1.0
2025-05-jeddah,4,opening,28.6,38.9,71.0,False,1.1,dry,-0.5,stable dry phase,1.0
2025-05-jeddah,5,opening,28.6,38.9,71.0,False,0.9,dry,-0.5,stable dry phase,1.0
2025-05-jeddah,6,opening,28.6,39.2,71.0,False,1.0,dry,-0.2,stable dry phase,1.0
2025-05-jeddah,7,opening,28.5,39.12,70.22,False,1.27,dry,-0.28,stable dry phase,1.0
2025-05-jeddah,8,opening,28.5,39.1,69.0,False,1.4,dry,-0.3,stable dry phase,1.0
2025-05-jeddah,9,opening,28.6,39.0,69.0,False,0.9,dry,-0.4,stable dry phase,1.0
2025-05-jeddah,10,opening,28.7,39.0,68.0,False,1.2,dry,-0.4,stable dry phase,1.0
2025-05-jeddah,11,middle,28.8,38.6,69.0,False,1.1,dry,-0.8,stable dry phase,1.0
2025-05-jeddah,12,middle,28.8,38.35,69.5,False,1.15,dry,-1.05,stable dry phase,1.0
2025-05-jeddah,13,middle,28.7,38.6,70.0,False,1.1,dry,-0.8,stable dry phase,1.0
2025-05-jeddah,14,middle,28.7,38.52,70.78,False,1.46,dry,-0.88,stable dry phase,1.0
2025-05-jeddah,15,middle,28.6,38.4,71.0,False,1.3,dry,-1.0,stable dry phase,1.0
2025-05-jeddah,16,middle,28.6,38.69,71.0,False,1.09,dry,-0.71,stable dry phase,1.0
2025-05-jeddah,17,middle,28.6,38.7,71.0,False,0.9,dry,-0.7,stable dry phase,1.0
2025-05-jeddah,18,middle,28.6,38.8,71.0,False,0.9,dry,-0.6,stable dry phase,1.0
2025-05-jeddah,19,middle,28.6,38.73,71.0,False,1.23,dry,-0.67,stable dry phase,1.0
2025-05-jeddah,20,middle,28.59,38.68,72.0,False,1.24,dry,-0.72,stable dry phase,1.0
2025-05-jeddah,21,middle,28.5,38.5,72.0,False,0.52,dry,-0.9,stable dry phase,1.0
2025-05-jeddah,22,middle,28.5,38.65,71.0,False,0.95,dry,-0.75,stable dry phase,1.0
2025-05-jeddah,23,middle,28.5,38.7,71.0,False,1.3,dry,-0.7,stable dry phase,1.0
2025-05-jeddah,24,middle,28.5,38.33,70.67,False,1.07,dry,-1.07,stable dry phase,1.0
2025-05-jeddah,25,middle,28.53,38.3,71.28,False,1.18,dry,-1.1,stable dry phase,1.0
2025-05-jeddah,26,middle,28.6,38.05,72.0,False,1.48,dry,-1.35,stable dry phase,1.0
2025-05-jeddah,27,middle,28.54,37.6,73.56,False,1.68,dry,-1.8,stable dry phase,1.0
2025-05-jeddah,28,middle,28.5,37.42,74.0,False,1.5,dry,-1.98,stable dry phase,1.0
2025-05-jeddah,29,middle,28.4,37.78,74.0,False,1.3,dry,-1.62,stable dry phase,1.0
2025-05-jeddah,30,middle,28.32,38.15,74.0,False,1.12,dry,-1.25,stable dry phase,1.0
2025-05-jeddah,31,middle,28.4,37.9,74.0,False,1.06,dry,-1.5,stable dry phase,1.0
2025-05-jeddah,32,middle,28.4,38.0,73.0,False,0.95,dry,-1.4,stable dry phase,1.0
2025-05-jeddah,33,middle,28.4,38.1,72.22,False,0.79,dry,-1.3,stable dry phase,1.0
2025-05-jeddah,34,middle,28.5,38.4,71.0,False,0.76,dry,-1.0,stable dry phase,1.0
2025-05-jeddah,35,middle,28.5,38.17,70.17,False,0.92,dry,-1.23,stable dry phase,1.0
2025-05-jeddah,36,middle,28.57,38.33,69.33,False,0.9,dry,-1.07,stable dry phase,1.0
2025-05-jeddah,37,middle,28.63,38.23,69.0,False,0.73,dry,-1.17,stable dry phase,1.0
2025-05-jeddah,38,closing,28.7,38.04,68.28,False,0.89,dry,-1.36,stable dry phase,1.0
2025-05-jeddah,39,closing,28.8,38.43,67.0,False,1.02,dry,-0.97,stable dry phase,1.0
2025-05-jeddah,40,closing,28.87,38.24,67.0,False,0.91,dry,-1.16,stable dry phase,1.0
2025-05-jeddah,41,closing,28.9,38.22,67.0,False,0.89,dry,-1.18,stable dry phase,1.0
2025-05-jeddah,42,closing,28.9,38.28,66.78,False,0.67,dry,-1.12,stable dry phase,1.0
2025-05-jeddah,43,closing,28.96,38.2,66.0,False,1.13,dry,-1.2,stable dry phase,1.0
2025-05-jeddah,44,closing,29.08,38.16,65.61,False,0.86,dry,-1.24,stable dry phase,1.0
2025-05-jeddah,45,closing,29.16,38.15,65.06,False,1.1,dry,-1.25,stable dry phase,1.0
2025-05-jeddah,46,closing,29.2,38.02,65.89,False,1.17,dry,-1.38,stable dry phase,1.0
2025-05-jeddah,47,closing,29.26,37.9,66.0,False,0.97,dry,-1.5,stable dry phase,1.0
2025-05-jeddah,48,closing,29.27,37.37,65.39,False,0.87,dry,-2.03,stable dry phase,1.0
2025-05-jeddah,49,closing,29.23,37.16,65.72,False,0.62,dry,-2.24,stable dry phase,1.0
2025-05-jeddah,50,closing,29.2,37.5,65.5,False,0.9,dry,-1.9,stable dry phase,1.0
2025-07-imola,1,opening,23.8,45.1,40.0,False,3.4,dry,0.0,stable dry phase,1.0
2025-07-imola,2,opening,23.62,44.84,39.0,False,3.44,dry,-0.26,stable dry phase,1.0
2025-07-imola,3,opening,23.4,45.0,39.0,False,3.4,dry,-0.1,stable dry phase,1.0
2025-07-imola,4,opening,23.5,44.7,38.95,False,3.95,dry,-0.4,stable dry phase,1.0
2025-07-imola,5,opening,23.59,44.61,38.9,False,2.37,dry,-0.49,stable dry phase,1.0
2025-07-imola,6,opening,23.6,45.5,39.0,False,3.5,dry,0.4,stable dry phase,1.0
2025-07-imola,7,opening,23.61,45.58,38.95,False,3.78,dry,0.48,stable dry phase,1.0
2025-07-imola,8,opening,23.8,45.0,38.0,False,3.1,dry,-0.1,stable dry phase,1.0
2025-07-imola,9,opening,23.7,45.0,37.95,False,3.12,dry,-0.1,stable dry phase,1.0
2025-07-imola,10,opening,23.8,45.0,37.0,False,3.26,dry,-0.1,stable dry phase,1.0
2025-07-imola,11,opening,23.8,45.1,38.0,False,2.8,dry,0.0,stable dry phase,1.0
2025-07-imola,12,opening,23.9,45.18,39.0,False,2.84,dry,0.08,stable dry phase,1.0
2025-07-imola,13,middle,23.9,45.59,38.15,False,3.51,dry,0.48,stable dry phase,1.0
2025-07-imola,14,middle,24.0,45.5,37.0,False,4.5,dry,0.4,stable dry phase,1.0
2025-07-imola,15,middle,24.0,45.24,37.45,False,2.84,dry,0.14,stable dry phase,1.0
2025-07-imola,16,middle,24.0,45.59,38.0,False,2.88,dry,0.48,stable dry phase,1.0
2025-07-imola,17,middle,24.02,45.9,38.0,False,3.05,dry,0.8,stable dry phase,1.0
2025-07-imola,18,middle,24.17,45.83,37.3,False,2.9,dry,0.73,stable dry phase,1.0
2025-07-imola,19,middle,24.2,45.7,37.0,False,3.49,dry,0.6,stable dry phase,1.0
2025-07-imola,20,middle,23.97,44.6,37.7,False,3.31,dry,-0.5,stable dry phase,1.0
2025-07-imola,21,middle,23.82,45.11,37.0,False,3.01,dry,0.01,stable dry phase,1.0
2025-07-imola,22,middle,23.61,45.2,38.9,False,3.0,dry,0.1,stable dry phase,1.0
2025-07-imola,23,middle,23.55,45.8,39.0,False,2.75,dry,0.7,stable dry phase,1.0
2025-07-imola,24,middle,23.59,45.89,38.1,False,3.53,dry,0.79,stable dry phase,1.0
2025-07-imola,25,middle,23.82,45.47,37.0,False,3.81,dry,0.37,stable dry phase,1.0
2025-07-imola,26,middle,23.9,45.11,38.3,False,2.91,dry,0.01,stable dry phase,1.0
2025-07-imola,27,middle,23.81,45.54,39.0,False,3.6,dry,0.44,stable dry phase,1.0
2025-07-imola,28,middle,23.83,45.82,38.74,False,3.44,dry,0.72,stable dry phase,1.0
2025-07-imola,29,middle,23.98,45.13,38.0,False,4.81,dry,0.03,stable dry phase,1.0
2025-07-imola,30,middle,24.0,45.38,38.95,False,3.37,dry,0.28,stable dry phase,1.0
2025-07-imola,31,middle,23.93,45.33,39.74,False,2.81,dry,0.23,stable dry phase,1.0
2025-07-imola,32,middle,23.71,45.11,40.0,False,3.74,dry,0.01,stable dry phase,1.0
2025-07-imola,33,middle,23.8,45.2,38.63,False,3.75,dry,0.1,stable dry phase,1.0
2025-07-imola,34,middle,23.88,44.87,37.26,False,4.34,dry,-0.23,stable dry phase,1.0
2025-07-imola,35,middle,23.9,44.99,38.89,False,1.65,dry,-0.11,stable dry phase,1.0
2025-07-imola,36,middle,23.84,45.27,39.0,False,3.38,dry,0.17,stable dry phase,1.0
2025-07-imola,37,middle,23.97,45.31,39.0,False,3.79,dry,0.21,stable dry phase,1.0
2025-07-imola,38,middle,24.09,45.11,39.0,False,2.45,dry,0.01,stable dry phase,1.0
2025-07-imola,39,middle,24.04,45.27,38.42,False,4.11,dry,0.17,stable dry phase,1.0
2025-07-imola,40,middle,24.0,44.87,38.89,False,4.6,dry,-0.23,stable dry phase,1.0
2025-07-imola,41,middle,24.0,45.02,39.0,False,3.48,dry,-0.08,stable dry phase,1.0
2025-07-imola,42,middle,24.06,45.26,39.0,False,3.67,dry,0.16,stable dry phase,1.0
2025-07-imola,43,middle,24.02,45.36,38.95,False,2.81,dry,0.26,stable dry phase,1.0
2025-07-imola,44,middle,24.06,44.8,38.05,False,4.18,dry,-0.3,stable dry phase,1.0
2025-07-imola,45,middle,23.94,43.91,38.0,False,3.62,dry,-1.19,stable dry phase,1.0
2025-07-imola,46,middle,23.88,43.42,39.78,False,1.87,dry,-1.68,stable dry phase,1.0
2025-07-imola,47,middle,23.89,43.26,39.22,False,3.77,dry,-1.84,stable dry phase,1.0
2025-07-imola,48,closing,24.07,43.17,39.06,False,3.48,dry,-1.93,stable dry phase,1.0
2025-07-imola,49,closing,24.01,43.17,38.94,False,2.61,dry,-1.93,stable dry phase,1.0
2025-07-imola,50,closing,24.19,42.73,38.94,False,3.29,dry,-2.37,stable dry phase,1.0
2025-07-imola,51,closing,24.1,42.8,38.06,False,4.28,dry,-2.3,stable dry phase,1.0
2025-07-imola,52,closing,24.09,42.62,39.0,False,3.08,dry,-2.48,stable dry phase,1.0
2025-07-imola,53,closing,24.0,42.63,39.0,False,2.83,dry,-2.47,stable dry phase,1.0
2025-07-imola,54,closing,24.11,42.5,39.0,False,3.48,dry,-2.6,stable dry phase,1.0
2025-07-imola,55,closing,24.3,42.3,39.0,False,1.6,dry,-2.8,stable dry phase,1.0
2025-07-imola,56,closing,24.3,41.7,39.0,False,4.8,dry,-3.4,stable dry phase,1.0
2025-07-imola,57,closing,24.02,41.7,39.83,False,3.2,dry,-3.4,stable dry phase,1.0
2025-07-imola,58,closing,23.9,41.6,40.0,False,2.9,dry,-3.5,stable dry phase,1.0
2025-07-imola,59,closing,23.9,41.8,40.0,False,2.1,dry,-3.3,stable dry phase,1.0
2025-07-imola,60,closing,23.8,41.7,39.56,False,3.17,dry,-3.4,stable dry phase,1.0
2025-07-imola,61,closing,23.8,41.6,40.0,False,1.8,dry,-3.5,stable dry phase,1.0
2025-07-imola,62,closing,23.8,41.8,39.0,False,2.5,dry,-3.3,stable dry phase,1.0
2025-07-imola,63,closing,24.16,41.48,39.56,False,2.54,dry,-3.62,stable dry phase,1.0
2025-08-monaco,1,opening,21.5,42.6,55.0,False,1.0,dry,0.0,stable dry phase,1.0
2025-08-monaco,2,opening,21.6,43.54,54.0,False,1.68,dry,0.94,stable dry phase,1.0
2025-08-monaco,3,opening,21.38,43.28,55.0,False,1.04,dry,0.68,stable dry phase,1.0
2025-08-monaco,4,opening,21.41,43.0,54.85,False,1.18,dry,0.4,stable dry phase,1.0
2025-08-monaco,5,opening,21.5,43.0,56.0,False,2.2,dry,0.4,stable dry phase,1.0
2025-08-monaco,6,opening,21.62,43.11,55.7,False,1.1,dry,0.51,stable dry phase,1.0
2025-08-monaco,7,opening,21.8,44.1,51.9,False,0.99,dry,1.5,stable dry phase,1.0
2025-08-monaco,8,opening,21.6,43.5,53.0,False,1.4,dry,0.9,stable dry phase,1.0
2025-08-monaco,9,opening,21.5,43.17,54.05,False,1.28,dry,0.57,stable dry phase,1.0
2025-08-monaco,10,opening,21.5,42.99,55.58,False,1.46,dry,0.39,stable dry phase,1.0
2025-08-monaco,11,opening,21.6,44.2,55.0,False,1.2,dry,1.6,stable dry phase,1.0
2025-08-monaco,12,opening,21.6,44.4,55.0,False,1.4,dry,1.8,stable dry phase,1.0
2025-08-monaco,13,opening,21.86,44.5,54.0,False,1.38,dry,1.9,stable dry phase,1.0
2025-08-monaco,14,opening,21.72,44.14,54.0,False,0.94,dry,1.54,stable dry phase,1.0
2025-08-monaco,15,opening,21.71,43.72,54.95,False,0.6,dry,1.12,stable dry phase,1.0
2025-08-monaco,16,middle,21.84,44.16,54.0,False,1.24,dry,1.56,stable dry phase,1.0
2025-08-monaco,17,middle,21.8,43.98,54.0,False,1.55,dry,1.38,stable dry phase,1.0
2025-08-monaco,18,middle,21.83,43.9,54.63,False,0.85,dry,1.3,stable dry phase,1.0
2025-08-monaco,19,middle,22.1,44.25,52.0,False,0.84,dry,1.65,stable dry phase,1.0
2025-08-monaco,20,middle,22.02,44.5,52.79,False,0.88,dry,1.9,stable dry phase,1.0
2025-08-monaco,21,middle,21.91,43.61,53.89,False,0.9,dry,1.01,stable dry phase,1.0
2025-08-monaco,22,middle,21.88,43.62,54.0,False,0.93,dry,1.02,stable dry phase,1.0
2025-08-monaco,23,middle,21.73,43.7,54.0,False,1.25,dry,1.1,stable dry phase,1.0
2025-08-monaco,24,middle,21.54,43.46,55.58,False,1.06,dry,0.86,stable dry phase,1.0
2025-08-monaco,25,middle,21.48,42.8,56.0,False,0.63,dry,0.2,stable dry phase,1.0
2025-08-monaco,26,middle,21.4,43.19,55.37,False,0.81,dry,0.59,stable dry phase,1.0
2025-08-monaco,27,middle,21.47,43.3,53.53,False,0.58,dry,0.7,stable dry phase,1.0
2025-08-monaco,28,middle,21.59,42.87,53.0,False,1.17,dry,0.27,stable dry phase,1.0
2025-08-monaco,29,middle,21.76,42.14,53.0,False,1.15,dry,-0.46,stable dry phase,1.0
2025-08-monaco,30,middle,21.8,42.47,53.0,False,0.71,dry,-0.13,stable dry phase,1.0
2025-08-monaco,31,middle,21.89,43.19,52.16,False,0.74,dry,0.59,stable dry phase,1.0
2025-08-monaco,32,middle,22.07,44.31,50.11,False,0.92,dry,1.71,stable dry phase,1.0
2025-08-monaco,33,middle,22.03,44.8,49.68,False,0.76,dry,2.2,stable dry phase,1.0
2025-08-monaco,34,middle,22.07,44.51,50.0,False,0.55,dry,1.91,stable dry phase,1.0
2025-08-monaco,35,middle,22.1,44.23,49.84,False,0.59,dry,1.63,stable dry phase,1.0
2025-08-monaco,36,middle,22.04,44.13,49.89,False,0.49,dry,1.53,stable dry phase,1.0
2025-08-monaco,37,middle,21.93,43.8,50.78,False,1.1,dry,1.2,stable dry phase,1.0
2025-08-monaco,38,middle,21.9,44.06,51.22,False,1.46,dry,1.46,stable dry phase,1.0
2025-08-monaco,39,middle,21.9,44.4,51.22,False,1.61,dry,1.8,stable dry phase,1.0
2025-08-monaco,40,middle,21.9,44.61,51.0,False,1.59,dry,2.01,stable dry phase,1.0
2025-08-monaco,41,middle,21.9,44.8,51.0,False,1.37,dry,2.2,stable dry phase,1.0
2025-08-monaco,42,middle,21.96,45.01,51.0,False,1.11,dry,2.41,stable dry phase,1.0
2025-08-monaco,43,middle,21.98,44.36,51.0,False,1.11,dry,1.76,stable dry phase,1.0
2025-08-monaco,44,middle,21.86,43.18,52.44,False,0.94,dry,0.58,stable dry phase,1.0
2025-08-monaco,45,middle,21.82,43.01,52.39,False,1.33,dry,0.41,stable dry phase,1.0
2025-08-monaco,46,middle,21.83,43.06,51.67,False,1.04,dry,0.46,stable dry phase,1.0
2025-08-monaco,47,middle,21.95,42.61,53.0,False,0.94,dry,0.01,stable dry phase,1.0
2025-08-monaco,48,middle,21.93,42.12,53.61,False,0.82,dry,-0.48,stable dry phase,1.0
2025-08-monaco,49,middle,21.93,42.01,54.17,False,0.93,dry,-0.59,stable dry phase,1.0
2025-08-monaco,50,middle,21.97,42.75,53.89,False,0.97,dry,0.15,stable dry phase,1.0
2025-08-monaco,51,middle,22.17,43.73,52.0,False,1.15,dry,1.13,stable dry phase,1.0
2025-08-monaco,52,middle,22.29,44.34,50.83,False,1.06,dry,1.74,stable dry phase,1.0
2025-08-monaco,53,middle,22.43,44.55,49.06,False,1.28,dry,1.95,stable dry phase,1.0
2025-08-monaco,54,middle,22.54,44.17,49.83,False,1.32,dry,1.57,stable dry phase,1.0
2025-08-monaco,55,middle,22.53,44.01,50.67,False,0.81,dry,1.41,stable dry phase,1.0
2025-08-monaco,56,middle,22.42,43.87,51.44,False,0.98,dry,1.27,stable dry phase,1.0
2025-08-monaco,57,middle,22.42,43.93,52.72,False,0.62,dry,1.33,stable dry phase,1.0
2025-08-monaco,58,middle,22.43,44.17,51.67,False,0.79,dry,1.57,stable dry phase,1.0
2025-08-monaco,59,closing,22.47,44.72,51.0,False,1.0,dry,2.12,stable dry phase,1.0
2025-08-monaco,60,closing,22.6,44.83,49.44,False,0.7,dry,2.23,stable dry phase,1.0
2025-08-monaco,61,closing,22.71,44.76,49.17,False,1.06,dry,2.16,stable dry phase,1.0
2025-08-monaco,62,closing,22.75,44.68,49.33,False,1.23,dry,2.08,stable dry phase,1.0
2025-08-monaco,63,closing,22.63,44.31,50.28,False,0.91,dry,1.71,stable dry phase,1.0
2025-08-monaco,64,closing,22.54,44.14,51.17,False,0.89,dry,1.54,stable dry phase,1.0
2025-08-monaco,65,closing,22.45,43.89,51.17,False,0.64,dry,1.29,stable dry phase,1.0
2025-08-monaco,66,closing,22.44,43.48,51.78,False,0.72,dry,0.88,stable dry phase,1.0
2025-08-monaco,67,closing,22.37,43.64,52.67,False,0.89,dry,1.04,stable dry phase,1.0
2025-08-monaco,68,closing,22.42,43.61,53.28,False,0.87,dry,1.01,stable dry phase,1.0
2025-08-monaco,69,closing,22.33,43.56,53.11,False,0.68,dry,0.96,stable dry phase,1.0
2025-08-monaco,70,closing,22.38,43.7,52.5,False,0.99,dry,1.1,stable dry phase,1.0
2025-08-monaco,71,closing,22.39,43.67,52.94,False,1.04,dry,1.07,stable dry phase,1.0
2025-08-monaco,72,closing,22.46,43.46,53.33,False,1.07,dry,0.86,stable dry phase,1.0
2025-08-monaco,73,closing,22.45,43.63,53.83,False,0.97,dry,1.03,stable dry phase,1.0
2025-08-monaco,74,closing,22.44,43.66,53.78,False,0.99,dry,1.06,stable dry phase,1.0
2025-08-monaco,75,closing,22.59,43.66,53.83,False,0.93,dry,1.06,stable dry phase,1.0
2025-08-monaco,76,closing,22.56,43.42,53.82,False,1.27,dry,0.82,stable dry phase,1.0
2025-08-monaco,77,closing,22.56,43.5,53.88,False,1.1,dry,0.9,stable dry phase,1.0
2025-08-monaco,78,closing,22.66,43.44,53.4,False,1.26,dry,0.84,stable dry phase,1.0
2025-09-catalunya,1,opening,29.9,48.2,49.0,False,2.3,dry,0.0,stable dry phase,1.0
2025-09-catalunya,2,opening,30.0,48.47,49.0,False,1.28,dry,0.27,stable dry phase,1.0
2025-09-catalunya,3,opening,30.0,48.8,49.0,False,1.1,dry,0.6,stable dry phase,1.0
2025-09-catalunya,4,opening,30.0,48.8,49.0,False,1.1,dry,0.6,stable dry phase,1.0
2025-09-catalunya,5,opening,30.0,48.91,50.0,False,1.1,dry,0.71,stable dry phase,1.0
2025-09-catalunya,6,opening,29.7,49.2,49.0,False,1.4,dry,1.0,stable dry phase,1.0
2025-09-catalunya,7,opening,29.6,49.0,49.0,False,1.3,dry,0.8,stable dry phase,1.0
2025-09-catalunya,8,opening,29.6,48.56,49.0,False,1.29,dry,0.36,stable dry phase,1.0
2025-09-catalunya,9,opening,29.51,48.53,49.95,False,1.89,dry,0.33,stable dry phase,1.0
2025-09-catalunya,10,opening,29.56,48.93,49.0,False,1.72,dry,0.73,stable dry phase,1.0
2025-09-catalunya,11,opening,29.5,49.36,49.0,False,1.22,dry,1.16,stable dry phase,1.0
2025-09-catalunya,12,opening,29.53,49.4,48.74,False,0.96,dry,1.2,stable dry phase,1.0
2025-09-catalunya,13,opening,29.6,48.89,48.0,False,1.34,dry,0.69,stable dry phase,1.0
2025-09-catalunya,14,middle,29.49,48.3,48.05,False,1.59,dry,0.1,stable dry phase,1.0
2025-09-catalunya,15,middle,29.36,48.45,49.0,False,1.35,dry,0.25,stable dry phase,1.0
2025-09-catalunya,16,middle,29.3,49.25,49.0,False,1.1,dry,1.05,stable dry phase,1.0
2025-09-catalunya,17,middle,29.22,49.43,48.84,False,0.88,dry,1.23,stable dry phase,1.0
2025-09-catalunya,18,middle,29.3,49.16,48.0,False,1.43,dry,0.96,stable dry phase,1.0
2025-09-catalunya,19,middle,29.39,49.35,48.0,False,0.96,dry,1.15,stable dry phase,1.0
2025-09-catalunya,20,middle,29.5,49.49,48.0,False,1.16,dry,1.29,stable dry phase,1.0
2025-09-catalunya,21,middle,29.5,49.33,48.74,False,1.15,dry,1.13,stable dry phase,1.0
2025-09-catalunya,22,middle,29.51,49.29,49.0,False,1.48,dry,1.09,stable dry phase,1.0
2025-09-catalunya,23,middle,29.47,49.24,49.63,False,2.06,dry,1.04,stable dry phase,1.0
2025-09-catalunya,24,middle,29.23,48.86,50.84,False,1.72,dry,0.66,stable dry phase,1.0
2025-09-catalunya,25,middle,29.18,49.35,51.79,False,0.85,dry,1.15,stable dry phase,1.0
2025-09-catalunya,26,middle,29.24,50.37,50.32,False,1.47,dry,2.17,stable dry phase,1.0
2025-09-catalunya,27,middle,29.3,50.32,50.84,False,1.16,dry,2.12,stable dry phase,1.0
2025-09-catalunya,28,middle,29.4,49.59,50.39,False,1.59,dry,1.39,stable dry phase,1.0
2025-09-catalunya,29,middle,29.33,48.8,51.67,False,2.23,dry,0.6,stable dry phase,1.0
2025-09-catalunya,30,middle,29.29,49.3,51.94,False,1.64,dry,1.1,stable dry phase,1.0
2025-09-catalunya,31,middle,29.1,49.5,51.0,False,1.45,dry,1.3,stable dry phase,1.0
2025-09-catalunya,32,middle,29.1,49.27,51.0,False,1.33,dry,1.07,stable dry phase,1.0
2025-09-catalunya,33,middle,29.12,49.38,51.0,False,1.59,dry,1.18,stable dry phase,1.0
2025-09-catalunya,34,middle,29.31,49.5,50.44,False,1.8,dry,1.3,stable dry phase,1.0
2025-09-catalunya,35,middle,29.47,49.5,50.67,False,1.33,dry,1.3,stable dry phase,1.0
2025-09-catalunya,36,middle,29.47,49.84,50.11,False,1.29,dry,1.64,stable dry phase,1.0
2025-09-catalunya,37,middle,29.46,49.92,50.0,False,1.29,dry,1.72,stable dry phase,1.0
2025-09-catalunya,38,middle,29.57,50.1,50.0,False,1.33,dry,1.9,stable dry phase,1.0
2025-09-catalunya,39,middle,29.6,50.3,50.0,False,1.34,dry,2.1,stable dry phase,1.0
2025-09-catalunya,40,middle,29.6,50.36,50.0,False,1.13,dry,2.16,stable dry phase,1.0
2025-09-catalunya,41,middle,29.6,50.24,49.78,False,1.01,dry,2.04,stable dry phase,1.0
2025-09-catalunya,42,middle,29.7,49.67,49.67,False,1.07,dry,1.47,stable dry phase,1.0
2025-09-catalunya,43,middle,29.73,49.41,50.06,False,1.09,dry,1.21,stable dry phase,1.0
2025-09-catalunya,44,middle,29.59,49.44,50.78,False,1.44,dry,1.24,stable dry phase,1.0
2025-09-catalunya,45,middle,29.56,49.39,51.06,False,1.26,dry,1.19,stable dry phase,1.0
2025-09-catalunya,46,middle,29.52,49.22,51.78,False,1.39,dry,1.02,stable dry phase,1.0
2025-09-catalunya,47,middle,29.42,49.33,53.39,False,1.91,dry,1.13,stable dry phase,1.0
2025-09-catalunya,48,middle,29.34,49.62,53.28,False,1.89,dry,1.42,stable dry phase,1.0
2025-09-catalunya,49,middle,29.28,49.12,52.5,False,1.83,dry,0.92,stable dry phase,1.0
2025-09-catalunya,50,closing,29.16,48.82,53.39,False,1.69,dry,0.62,stable dry phase,1.0
2025-09-catalunya,51,closing,29.03,49.3,54.0,False,1.82,dry,1.1,stable dry phase,1.0
2025-09-catalunya,52,closing,28.93,49.35,54.33,False,2.5,dry,1.15,stable dry phase,1.0
2025-09-catalunya,53,closing,28.9,49.15,55.67,False,2.27,dry,0.95,stable dry phase,1.0
2025-09-catalunya,54,closing,28.96,49.1,55.35,False,2.24,dry,0.9,stable dry phase,1.0
2025-09-catalunya,55,closing,29.05,49.36,55.0,False,2.86,dry,1.16,stable dry phase,1.0
2025-09-catalunya,56,closing,29.22,49.26,55.0,False,2.59,dry,1.06,stable dry phase,1.0
2025-09-catalunya,57,closing,29.24,49.05,55.18,False,2.28,dry,0.85,stable dry phase,1.0
2025-09-catalunya,58,closing,29.26,49.15,55.47,False,1.78,dry,0.95,stable dry phase,1.0
2025-09-catalunya,59,closing,29.34,49.21,55.88,False,1.39,dry,1.01,stable dry phase,1.0
2025-09-catalunya,60,closing,29.3,48.56,55.0,False,2.18,dry,0.36,stable dry phase,1.0
2025-09-catalunya,61,closing,29.2,47.2,56.0,False,2.3,dry,-1.0,stable dry phase,1.0
2025-09-catalunya,62,closing,29.0,47.0,57.0,False,1.2,dry,-1.2,stable dry phase,1.0
2025-09-catalunya,63,closing,29.0,47.4,57.0,False,1.5,dry,-0.8,stable dry phase,1.0
2025-09-catalunya,64,closing,28.8,47.5,56.0,False,1.1,dry,-0.7,stable dry phase,1.0
2025-09-catalunya,65,closing,28.78,47.9,56.0,False,1.28,dry,-0.3,stable dry phase,1.0
2025-09-catalunya,66,closing,28.9,48.6,56.0,False,0.7,dry,0.4,stable dry phase,1.0
2025-10-villeneuve,1,opening,23.0,47.1,28.0,False,1.3,dry,0.0,stable dry phase,1.0
2025-10-villeneuve,2,opening,23.0,47.0,28.0,False,0.7,dry,-0.1,stable dry phase,1.0
2025-10-villeneuve,3,opening,23.0,47.3,27.0,False,0.8,dry,0.2,stable dry phase,1.0
2025-10-villeneuve,4,opening,23.1,47.0,28.0,False,1.0,dry,-0.1,stable dry phase,1.0
2025-10-villeneuve,5,opening,23.1,47.3,28.2,False,1.13,dry,0.2,stable dry phase,1.0
2025-10-villeneuve,6,opening,23.27,47.13,29.15,False,0.76,dry,0.03,stable dry phase,1.0
2025-10-villeneuve,7,opening,23.3,48.0,26.0,False,1.1,dry,0.9,stable dry phase,1.0
2025-10-villeneuve,8,opening,23.4,48.0,26.0,False,1.2,dry,0.9,stable dry phase,1.0
2025-10-villeneuve,9,opening,23.34,47.9,26.0,False,1.2,dry,0.8,stable dry phase,1.0
2025-10-villeneuve,10,opening,23.3,48.3,25.0,False,1.5,dry,1.2,stable dry phase,1.0
2025-10-villeneuve,11,opening,23.3,48.1,25.0,False,1.1,dry,1.0,stable dry phase,1.0
2025-10-villeneuve,12,opening,23.29,47.97,25.15,False,1.33,dry,0.87,stable dry phase,1.0
2025-10-villeneuve,13,opening,23.2,47.88,25.2,False,0.64,dry,0.78,stable dry phase,1.0
2025-10-villeneuve,14,opening,23.1,48.0,25.0,False,0.6,dry,0.9,stable dry phase,1.0
2025-10-villeneuve,15,middle,23.19,48.04,26.0,False,0.73,dry,0.94,stable dry phase,1.0
2025-10-villeneuve,16,middle,23.1,48.08,27.6,False,1.16,dry,0.98,stable dry phase,1.0
2025-10-villeneuve,17,middle,23.1,47.5,32.0,False,0.5,dry,0.4,stable dry phase,1.0
2025-10-villeneuve,18,middle,23.3,47.57,30.2,False,0.54,dry,0.47,stable dry phase,1.0
2025-10-villeneuve,19,middle,23.23,48.01,30.7,False,0.0,dry,0.91,stable dry phase,1.0
2025-10-villeneuve,20,middle,23.3,47.99,30.0,False,0.29,dry,0.89,stable dry phase,1.0
2025-10-villeneuve,21,middle,23.3,47.9,29.0,False,0.82,dry,0.8,stable dry phase,1.0
2025-10-villeneuve,22,middle,23.3,47.9,29.55,False,1.1,dry,0.8,stable dry phase,1.0
2025-10-villeneuve,23,middle,23.15,47.98,30.0,False,1.32,dry,0.88,stable dry phase,1.0
2025-10-villeneuve,24,middle,23.1,48.0,31.0,False,2.0,dry,0.9,stable dry phase,1.0
2025-10-villeneuve,25,middle,22.8,48.2,31.0,False,0.85,dry,1.1,stable dry phase,1.0
2025-10-villeneuve,26,middle,22.8,48.13,31.7,False,1.06,dry,1.03,stable dry phase,1.0
2025-10-villeneuve,27,middle,22.88,48.34,33.6,False,1.4,dry,1.24,stable dry phase,1.0
2025-10-villeneuve,28,middle,22.8,48.43,33.1,False,1.89,dry,1.33,stable dry phase,1.0
2025-10-villeneuve,29,middle,22.8,48.87,32.35,False,2.02,dry,1.77,stable dry phase,1.0
2025-10-villeneuve,30,middle,22.8,49.08,32.5,False,1.75,dry,1.98,stable dry phase,1.0
2025-10-villeneuve,31,middle,22.8,49.28,33.0,False,0.7,dry,2.18,stable dry phase,1.0
2025-10-villeneuve,32,middle,23.0,49.12,32.55,False,0.91,dry,2.02,stable dry phase,1.0
2025-10-villeneuve,33,middle,23.0,48.77,31.35,False,0.8,dry,1.67,stable dry phase,1.0
2025-10-villeneuve,34,middle,23.0,48.7,31.0,False,0.72,dry,1.6,stable dry phase,1.0
2025-10-villeneuve,35,middle,23.11,48.7,30.15,False,0.44,dry,1.6,stable dry phase,1.0
2025-10-villeneuve,36,middle,23.09,48.81,31.0,False,0.6,dry,1.71,stable dry phase,1.0
2025-10-villeneuve,37,middle,23.0,49.16,30.35,False,0.66,dry,2.06,stable dry phase,1.0
2025-10-villeneuve,38,middle,23.0,49.3,29.15,False,1.29,dry,2.2,stable dry phase,1.0
2025-10-villeneuve,39,middle,23.0,49.77,28.0,False,1.44,dry,2.67,stable dry phase,1.0
2025-10-villeneuve,40,middle,23.0,49.5,28.65,False,1.0,dry,2.4,stable dry phase,1.0
2025-10-villeneuve,41,middle,23.0,49.45,29.0,False,1.15,dry,2.35,stable dry phase,1.0
2025-10-villeneuve,42,middle,23.02,49.77,29.0,False,1.36,dry,2.67,stable dry phase,1.0
2025-10-villeneuve,43,middle,23.27,49.79,29.0,False,1.14,dry,2.69,stable dry phase,1.0
2025-10-villeneuve,44,middle,23.4,49.64,29.0,False,1.0,dry,2.54,stable dry phase,1.0
2025-10-villeneuve,45,middle,23.32,49.61,29.75,False,0.7,dry,2.51,stable dry phase,1.0
2025-10-villeneuve,46,middle,23.34,49.82,30.0,False,0.62,dry,2.72,stable dry phase,1.0
2025-10-villeneuve,47,middle,23.52,50.06,29.42,False,0.79,dry,2.96,stable dry phase,1.0
2025-10-villeneuve,48,middle,23.6,50.17,29.0,False,0.97,dry,3.07,stable dry phase,1.0
2025-10-villeneuve,49,middle,23.63,50.23,28.74,False,1.44,dry,3.13,stable dry phase,1.0
2025-10-villeneuve,50,middle,23.79,50.21,28.0,False,1.12,dry,3.11,stable dry phase,1.0
2025-10-villeneuve,51,middle,23.97,50.03,27.32,False,0.8,dry,2.93,stable dry phase,1.0
2025-10-villeneuve,52,middle,23.98,49.93,26.84,False,1.28,dry,2.83,stable dry phase,1.0
2025-10-villeneuve,53,closing,23.88,49.9,26.16,False,2.32,dry,2.8,stable dry phase,1.0
2025-10-villeneuve,54,closing,23.67,49.9,26.0,False,2.9,dry,2.8,stable dry phase,1.0
2025-10-villeneuve,55,closing,23.73,50.22,26.11,False,1.74,dry,3.12,stable dry phase,1.0
2025-10-villeneuve,56,closing,23.78,50.31,26.5,False,1.5,dry,3.21,stable dry phase,1.0
2025-10-villeneuve,57,closing,23.75,50.17,26.5,False,1.79,dry,3.07,stable dry phase,1.0
2025-10-villeneuve,58,closing,23.8,50.1,26.39,False,1.6,dry,3.0,stable dry phase,1.0
2025-10-villeneuve,59,closing,23.74,50.09,26.33,False,1.69,dry,2.99,stable dry phase,1.0
2025-10-villeneuve,60,closing,23.77,50.03,28.0,False,1.23,dry,2.93,stable dry phase,1.0
2025-10-villeneuve,61,closing,23.86,49.88,27.78,False,1.02,dry,2.78,stable dry phase,1.0
2025-10-villeneuve,62,closing,23.84,49.8,27.0,False,1.1,dry,2.7,stable dry phase,1.0
2025-10-villeneuve,63,closing,23.77,50.0,28.0,False,1.27,dry,2.9,stable dry phase,1.0
2025-10-villeneuve,64,closing,23.77,49.99,27.78,False,1.36,dry,2.89,stable dry phase,1.0
2025-10-villeneuve,65,closing,23.8,49.86,27.89,False,1.04,dry,2.76,stable dry phase,1.0
2025-10-villeneuve,66,closing,23.86,49.7,27.39,False,0.73,dry,2.6,stable dry phase,1.0
2025-10-villeneuve,67,closing,23.97,49.49,28.41,False,0.71,dry,2.39,stable dry phase,1.0
2025-10-villeneuve,68,closing,23.95,49.51,29.35,False,1.01,dry,2.41,stable dry phase,1.0
2025-10-villeneuve,69,closing,24.02,49.65,29.82,False,1.54,dry,2.55,stable dry phase,1.0
2025-10-villeneuve,70,closing,24.1,49.75,29.75,False,1.68,dry,2.65,stable dry phase,1.0
2025-11-red_bull_ring,1,opening,29.6,51.3,34.0,False,1.9,dry,0.0,stable dry phase,1.0
2025-11-red_bull_ring,2,opening,29.41,51.9,32.12,False,2.35,dry,0.6,stable dry phase,1.0
2025-11-red_bull_ring,3,opening,29.33,49.55,34.0,False,0.64,dry,-1.75,stable dry phase,1.0
2025-11-red_bull_ring,4,opening,29.3,48.7,34.0,False,0.7,dry,-2.6,stable dry phase,1.0
2025-11-red_bull_ring,5,opening,29.45,49.62,34.0,False,0.31,dry,-1.68,stable dry phase,1.0
2025-11-red_bull_ring,6,opening,29.6,50.7,33.0,False,0.9,dry,-0.6,stable dry phase,1.0
2025-11-red_bull_ring,7,opening,29.7,50.4,33.0,False,0.7,dry,-0.9,stable dry phase,1.0
2025-11-red_bull_ring,8,opening,29.7,50.6,33.0,False,0.7,dry,-0.7,stable dry phase,1.0
2025-11-red_bull_ring,9,opening,29.9,51.2,33.0,False,0.7,dry,-0.1,stable dry phase,1.0
2025-11-red_bull_ring,10,opening,30.0,50.99,33.0,False,1.16,dry,-0.31,stable dry phase,1.0
2025-11-red_bull_ring,11,opening,30.0,49.61,33.82,False,2.14,dry,-1.69,stable dry phase,1.0
2025-11-red_bull_ring,12,opening,29.9,49.4,34.0,False,2.2,dry,-1.9,stable dry phase,1.0
2025-11-red_bull_ring,13,opening,29.8,49.3,34.0,False,1.2,dry,-2.0,stable dry phase,1.0
2025-11-red_bull_ring,14,opening,29.58,48.21,34.0,False,2.43,dry,-3.09,stable dry phase,1.0
2025-11-red_bull_ring,15,middle,29.41,47.61,34.0,False,2.01,dry,-3.69,stable dry phase,1.0
2025-11-red_bull_ring,16,middle,29.15,46.95,34.0,False,1.68,dry,-4.35,stable dry phase,1.0
2025-11-red_bull_ring,17,middle,29.1,46.19,34.88,False,1.16,dry,-5.11,track cooling,1.0
2025-11-red_bull_ring,18,middle,29.1,48.1,35.0,False,1.4,dry,-3.2,stable dry phase,1.0
2025-11-red_bull_ring,19,middle,29.22,49.1,33.81,False,1.02,dry,-2.2,stable dry phase,1.0
2025-11-red_bull_ring,20,middle,29.41,48.82,32.44,False,1.55,dry,-2.48,stable dry phase,1.0
2025-11-red_bull_ring,21,middle,29.5,49.05,32.75,False,1.52,dry,-2.25,stable dry phase,1.0
2025-11-red_bull_ring,22,middle,29.31,48.54,33.94,False,1.21,dry,-2.76,stable dry phase,1.0
2025-11-red_bull_ring,23,middle,29.4,48.1,34.0,False,0.5,dry,-3.2,stable dry phase,1.0
2025-11-red_bull_ring,24,middle,29.4,48.29,34.0,False,1.61,dry,-3.01,stable dry phase,1.0
2025-11-red_bull_ring,25,middle,29.4,49.14,33.38,False,0.61,dry,-2.16,stable dry phase,1.0
2025-11-red_bull_ring,26,middle,29.55,49.4,33.0,False,0.43,dry,-1.9,stable dry phase,1.0
2025-11-red_bull_ring,27,middle,29.9,49.5,34.0,False,0.9,dry,-1.8,stable dry phase,1.0
2025-11-red_bull_ring,28,middle,29.9,49.72,33.0,False,0.91,dry,-1.58,stable dry phase,1.0
2025-11-red_bull_ring,29,middle,29.9,50.06,33.0,False,0.99,dry,-1.24,stable dry phase,1.0
2025-11-red_bull_ring,30,middle,29.96,50.81,32.38,False,0.9,dry,-0.49,stable dry phase,1.0
2025-11-red_bull_ring,31,middle,30.08,50.68,31.19,False,1.31,dry,-0.62,stable dry phase,1.0
2025-11-red_bull_ring,32,middle,30.09,49.96,31.94,False,0.78,dry,-1.34,stable dry phase,1.0
2025-11-red_bull_ring,33,middle,30.01,49.59,32.94,False,0.59,dry,-1.71,stable dry phase,1.0
2025-11-red_bull_ring,34,middle,30.03,50.5,32.69,False,0.68,dry,-0.8,stable dry phase,1.0
2025-11-red_bull_ring,35,middle,30.16,50.38,32.0,False,1.05,dry,-0.92,stable dry phase,1.0
2025-11-red_bull_ring,36,middle,30.27,49.48,32.75,False,0.97,dry,-1.82,stable dry phase,1.0
2025-11-red_bull_ring,37,middle,30.38,49.2,33.0,False,0.59,dry,-2.1,stable dry phase,1.0
2025-11-red_bull_ring,38,middle,30.39,49.99,33.0,False,1.27,dry,-1.31,stable dry phase,1.0
2025-11-red_bull_ring,39,middle,30.18,50.1,32.81,False,2.31,dry,-1.2,stable dry phase,1.0
2025-11-red_bull_ring,40,middle,30.0,49.7,32.5,False,1.5,dry,-1.6,stable dry phase,1.0
2025-11-red_bull_ring,41,middle,30.0,50.04,33.0,False,0.96,dry,-1.26,stable dry phase,1.0
2025-11-red_bull_ring,42,middle,30.08,50.35,33.0,False,0.97,dry,-0.95,stable dry phase,1.0
2025-11-red_bull_ring,43,middle,30.11,50.46,33.0,False,1.26,dry,-0.84,stable dry phase,1.0
2025-11-red_bull_ring,44,middle,30.19,50.41,33.0,False,1.11,dry,-0.89,stable dry phase,1.0
2025-11-red_bull_ring,45,middle,30.2,50.4,33.0,False,1.27,dry,-0.9,stable dry phase,1.0
2025-11-red_bull_ring,46,middle,30.14,50.59,33.0,False,1.41,dry,-0.71,stable dry phase,1.0
2025-11-red_bull_ring,47,middle,30.25,50.77,32.25,False,0.7,dry,-0.52,stable dry phase,1.0
2025-11-red_bull_ring,48,middle,30.3,50.73,32.0,False,0.88,dry,-0.57,stable dry phase,1.0
2025-11-red_bull_ring,49,middle,30.3,50.24,32.12,False,1.27,dry,-1.06,stable dry phase,1.0
2025-11-red_bull_ring,50,middle,30.23,50.31,32.5,False,1.01,dry,-0.99,stable dry phase,1.0
2025-11-red_bull_ring,51,middle,30.21,50.59,31.56,False,1.61,dry,-0.71,stable dry phase,1.0
2025-11-red_bull_ring,52,middle,30.3,50.8,31.0,False,2.83,dry,-0.5,stable dry phase,1.0
2025-11-red_bull_ring,53,closing,30.38,49.99,31.0,False,2.51,dry,-1.31,stable dry phase,1.0
2025-11-red_bull_ring,54,closing,30.39,49.81,32.0,False,1.69,dry,-1.49,stable dry phase,1.0
2025-11-red_bull_ring,55,closing,30.31,50.45,32.62,False,0.98,dry,-0.85,stable dry phase,1.0
2025-11-red_bull_ring,56,closing,30.3,50.67,32.0,False,0.78,dry,-0.63,stable dry phase,1.0
2025-11-red_bull_ring,57,closing,30.44,50.46,32.0,False,1.01,dry,-0.84,stable dry phase,1.0
2025-11-red_bull_ring,58,closing,30.42,49.1,31.25,False,1.12,dry,-2.2,stable dry phase,1.0
2025-11-red_bull_ring,59,closing,30.25,48.07,32.5,False,0.95,dry,-3.23,stable dry phase,1.0
2025-11-red_bull_ring,60,closing,30.24,48.66,32.81,False,0.92,dry,-2.64,stable dry phase,1.0
2025-11-red_bull_ring,61,closing,30.38,49.41,31.75,False,0.91,dry,-1.89,stable dry phase,1.0
2025-11-red_bull_ring,62,closing,30.51,49.33,31.62,False,1.13,dry,-1.97,stable dry phase,1.0
2025-11-red_bull_ring,63,closing,30.67,49.49,32.0,False,1.06,dry,-1.81,stable dry phase,1.0
2025-11-red_bull_ring,64,closing,30.71,49.75,32.0,False,1.2,dry,-1.55,stable dry phase,1.0
2025-11-red_bull_ring,65,closing,30.76,49.78,32.0,False,0.95,dry,-1.52,stable dry phase,1.0
2025-11-red_bull_ring,66,closing,30.7,49.88,32.0,False,1.32,dry,-1.42,stable dry phase,1.0
2025-11-red_bull_ring,67,closing,30.62,50.23,32.0,False,1.88,dry,-1.07,stable dry phase,1.0
2025-11-red_bull_ring,68,closing,30.61,50.34,31.94,False,2.18,dry,-0.96,stable dry phase,1.0
2025-11-red_bull_ring,69,closing,30.67,50.31,31.27,False,2.85,dry,-0.99,stable dry phase,1.0
2025-11-red_bull_ring,70,closing,30.73,50.17,31.0,False,3.3,dry,-1.13,stable dry phase,1.0
2025-12-silverstone,1,opening,18.0,24.2,85.0,False,0.7,dry,0.0,stable dry phase,1.0
2025-12-silverstone,2,opening,18.1,24.6,82.0,False,2.2,dry,0.4,stable dry phase,1.0
2025-12-silverstone,3,opening,17.98,23.92,79.67,False,2.53,dry,-0.28,stable dry phase,1.0
2025-12-silverstone,4,opening,18.04,24.69,78.41,False,1.65,dry,0.49,stable dry phase,1.0
2025-12-silverstone,5,opening,18.33,25.93,78.0,False,1.24,dry,1.73,stable dry phase,1.0
2025-12-silverstone,6,opening,18.43,25.68,77.71,False,1.32,dry,1.48,stable dry phase,1.0
2025-12-silverstone,7,opening,18.47,24.42,77.29,False,1.84,dry,0.22,stable dry phase,1.0
2025-12-silverstone,8,opening,18.3,23.96,78.0,True,1.69,damp,-0.24,wet grip phase,1.0
2025-12-silverstone,9,opening,18.25,22.53,77.24,True,1.21,damp,-1.67,wet grip phase,1.0
2025-12-silverstone,10,opening,18.1,21.8,79.0,True,1.0,damp,-2.4,wet grip phase,1.0
2025-12-silverstone,11,middle,17.81,21.4,80.88,True,1.95,damp,-2.8,wet grip phase,1.0
2025-12-silverstone,12,middle,17.6,21.68,81.76,True,1.02,damp,-2.52,wet grip phase,1.0
2025-12-silverstone,13,middle,17.5,21.9,83.76,True,0.75,damp,-2.3,wet grip phase,1.0
2025-12-silverstone,14,middle,17.43,22.62,85.0,True,1.13,wet,-1.58,wet grip phase,1.0
2025-12-silverstone,15,middle,17.3,22.77,85.0,True,1.66,wet,-1.43,wet grip phase,1.0
2025-12-silverstone,16,middle,17.2,22.2,86.12,True,0.51,wet,-2.0,wet grip phase,1.0
2025-12-silverstone,17,middle,17.3,24.4,87.0,False,1.0,dry,0.2,stable dry phase,1.0
2025-12-silverstone,18,middle,17.4,23.4,87.0,False,0.8,dry,-0.8,stable dry phase,1.0
2025-12-silverstone,19,middle,17.2,23.6,86.0,False,0.7,dry,-0.6,stable dry phase,1.0
2025-12-silverstone,20,middle,17.1,26.4,85.0,False,1.0,dry,2.2,stable dry phase,1.0
2025-12-silverstone,21,middle,17.15,24.68,83.75,False,0.75,dry,0.48,stable dry phase,1.0
2025-12-silverstone,22,middle,17.4,24.3,84.0,False,0.8,dry,0.1,stable dry phase,1.0
2025-12-silverstone,23,middle,17.7,26.1,83.0,False,0.8,dry,1.9,stable dry phase,1.0
2025-12-silverstone,24,middle,17.7,26.0,83.13,False,0.73,dry,1.8,stable dry phase,1.0
2025-12-silverstone,25,middle,17.74,26.54,82.27,False,1.21,dry,2.34,stable dry phase,1.0
2025-12-silverstone,26,middle,17.9,27.7,82.0,False,1.0,dry,3.5,stable dry phase,1.0
2025-12-silverstone,27,middle,18.19,26.52,82.07,False,1.29,dry,2.32,stable dry phase,1.0
2025-12-silverstone,28,middle,18.3,24.1,80.0,False,1.12,dry,-0.1,stable dry phase,1.0
2025-12-silverstone,29,middle,18.5,24.5,81.73,False,1.01,dry,0.3,stable dry phase,1.0
2025-12-silverstone,30,middle,18.4,24.5,80.0,False,1.5,dry,0.3,stable dry phase,1.0
2025-12-silverstone,31,middle,18.59,24.8,78.27,False,1.11,dry,0.6,stable dry phase,1.0
2025-12-silverstone,32,middle,18.63,24.87,75.0,False,1.03,dry,0.67,stable dry phase,1.0
2025-12-silverstone,33,middle,18.61,24.92,75.13,False,0.73,dry,0.72,stable dry phase,1.0
2025-12-silverstone,34,middle,19.06,25.03,74.4,False,1.46,dry,0.83,stable dry phase,1.0
2025-12-silverstone,35,middle,19.1,24.05,73.27,False,2.43,dry,-0.15,stable dry phase,1.0
2025-12-silverstone,36,middle,19.2,24.09,74.47,False,1.05,dry,-0.11,stable dry phase,1.0
2025-12-silverstone,37,middle,19.2,24.72,74.13,False,1.06,dry,0.52,stable dry phase,1.0
2025-12-silverstone,38,middle,19.2,24.37,72.27,False,1.74,dry,0.17,stable dry phase,1.0
2025-12-silverstone,39,middle,19.0,24.03,74.0,True,1.03,damp,-0.17,wet grip phase,1.0
2025-12-silverstone,40,closing,18.87,23.23,72.93,True,1.51,damp,-0.97,wet grip phase,1.0
2025-12-silverstone,41,closing,18.45,21.53,72.4,True,5.18,damp,-2.67,wet grip phase,1.0
2025-12-silverstone,42,closing,17.88,20.63,76.2,True,4.06,damp,-3.57,wet grip phase,1.0
2025-12-silverstone,43,closing,17.21,20.08,79.47,True,4.23,damp,-4.12,wet grip phase,1.0
2025-12-silverstone,44,closing,16.65,20.11,82.27,True,3.13,damp,-4.09,wet grip phase,1.0
2025-12-silverstone,45,closing,16.32,20.3,83.93,True,2.27,damp,-3.9,wet grip phase,1.0
2025-12-silverstone,46,closing,16.13,20.72,85.0,False,2.41,dry,-3.48,stable dry phase,1.0
2025-12-silverstone,47,closing,16.03,21.09,85.0,False,1.57,dry,-3.11,stable dry phase,1.0
2025-12-silverstone,48,closing,16.1,21.46,84.27,False,1.81,dry,-2.74,stable dry phase,1.0
2025-12-silverstone,49,closing,16.1,21.67,84.13,False,1.15,dry,-2.53,stable dry phase,1.0
2025-12-silverstone,50,closing,16.19,22.58,84.33,False,1.15,dry,-1.62,stable dry phase,1.0
2025-12-silverstone,51,closing,16.4,23.83,84.6,False,1.29,dry,-0.37,stable dry phase,1.0
2025-12-silverstone,52,closing,16.57,24.27,83.29,False,0.76,dry,0.07,stable dry phase,1.0
2025-14-hungaroring,1,opening,22.2,37.1,60.0,False,3.7,dry,0.0,stable dry phase,1.0
2025-14-hungaroring,2,opening,22.38,37.44,59.2,False,1.86,dry,0.34,stable dry phase,1.0
2025-14-hungaroring,3,opening,22.4,37.9,59.0,False,1.6,dry,0.8,stable dry phase,1.0
2025-14-hungaroring,4,opening,22.3,38.0,59.0,False,1.7,dry,0.9,stable dry phase,1.0
2025-14-hungaroring,5,opening,22.4,37.6,59.0,False,2.5,dry,0.5,stable dry phase,1.0
2025-14-hungaroring,6,opening,22.3,37.5,59.0,False,2.3,dry,0.4,stable dry phase,1.0
2025-14-hungaroring,7,opening,22.25,37.05,57.75,False,3.58,dry,-0.05,stable dry phase,1.0
2025-14-hungaroring,8,opening,22.1,36.9,59.0,False,3.2,dry,-0.2,stable dry phase,1.0
2025-14-hungaroring,9,opening,22.11,37.41,59.0,False,2.58,dry,0.31,stable dry phase,1.0
2025-14-hungaroring,10,opening,22.3,37.51,58.1,False,1.85,dry,0.41,stable dry phase,1.0
2025-14-hungaroring,11,opening,22.2,37.2,58.0,False,2.8,dry,0.1,stable dry phase,1.0
2025-14-hungaroring,12,opening,22.3,37.19,57.45,False,3.1,dry,0.09,stable dry phase,1.0
2025-14-hungaroring,13,opening,22.2,36.4,58.0,False,2.2,dry,-0.7,stable dry phase,1.0
2025-14-hungaroring,14,opening,22.39,36.47,57.05,False,1.79,dry,-0.63,stable dry phase,1.0
2025-14-hungaroring,15,middle,22.3,35.9,58.8,False,2.7,dry,-1.2,stable dry phase,1.0
2025-14-hungaroring,16,middle,22.3,35.94,59.1,False,2.51,dry,-1.16,stable dry phase,1.0
2025-14-hungaroring,17,middle,22.34,36.39,59.1,False,2.42,dry,-0.71,stable dry phase,1.0
2025-14-hungaroring,18,middle,22.4,36.42,58.0,False,2.92,dry,-0.68,stable dry phase,1.0
2025-14-hungaroring,19,middle,22.4,35.9,58.0,False,2.42,dry,-1.2,stable dry phase,1.0
2025-14-hungaroring,20,middle,22.4,35.6,58.0,False,2.25,dry,-1.5,stable dry phase,1.0
2025-14-hungaroring,21,middle,22.3,35.4,57.0,False,2.4,dry,-1.7,stable dry phase,1.0
2025-14-hungaroring,22,middle,22.25,35.35,55.5,False,2.2,dry,-1.75,stable dry phase,1.0
2025-14-hungaroring,23,middle,22.11,33.38,55.95,False,2.85,dry,-3.72,stable dry phase,1.0
2025-14-hungaroring,24,middle,22.1,31.89,55.85,False,2.58,dry,-5.21,track cooling,1.0
2025-14-hungaroring,25,middle,22.04,33.38,56.3,False,2.63,dry,-3.73,stable dry phase,1.0
2025-14-hungaroring,26,middle,22.0,33.71,57.0,False,2.04,dry,-3.39,stable dry phase,1.0
2025-14-hungaroring,27,middle,21.96,33.22,57.6,False,2.66,dry,-3.88,stable dry phase,1.0
2025-14-hungaroring,28,middle,21.9,32.65,57.75,False,2.3,dry,-4.45,stable dry phase,1.0
2025-14-hungaroring,29,middle,22.0,32.1,58.0,False,1.9,dry,-5.0,track cooling,1.0
2025-14-hungaroring,30,middle,22.0,33.1,58.2,False,2.42,dry,-4.0,stable dry phase,1.0
2025-14-hungaroring,31,middle,22.0,33.62,59.0,False,2.3,dry,-3.48,stable dry phase,1.0
2025-14-hungaroring,32,middle,21.95,33.61,57.1,False,2.83,dry,-3.49,stable dry phase,1.0
2025-14-hungaroring,33,middle,21.98,33.2,56.75,False,2.8,dry,-3.9,stable dry phase,1.0
2025-14-hungaroring,34,middle,21.91,33.19,57.8,False,2.94,dry,-3.91,stable dry phase,1.0
2025-14-hungaroring,35,middle,21.9,33.2,57.0,False,1.78,dry,-3.9,stable dry phase,1.0
2025-14-hungaroring,36,middle,21.9,31.92,57.0,False,2.02,dry,-5.18,track cooling,1.0
2025-14-hungaroring,37,middle,21.87,31.6,57.0,False,2.52,dry,-5.5,track cooling,1.0
2025-14-hungaroring,38,middle,21.8,31.81,57.0,False,3.01,dry,-5.29,track cooling,1.0
2025-14-hungaroring,39,middle,21.79,32.46,57.7,False,2.42,dry,-4.64,stable dry phase,1.0
2025-14-hungaroring,40,middle,21.7,32.6,57.0,False,2.54,dry,-4.5,stable dry phase,1.0
2025-14-hungaroring,41,middle,21.7,32.58,57.0,False,2.6,dry,-4.52,stable dry phase,1.0
2025-14-hungaroring,42,middle,21.62,32.12,57.25,False,2.89,dry,-4.98,stable dry phase,1.0
2025-14-hungaroring,43,middle,21.68,31.9,58.0,False,2.58,dry,-5.2,track cooling,1.0
2025-14-hungaroring,44,middle,21.78,32.16,57.3,False,2.85,dry,-4.94,stable dry phase,1.0
2025-14-hungaroring,45,middle,21.8,31.68,57.95,False,2.85,dry,-5.43,track cooling,1.0
2025-14-hungaroring,46,middle,21.8,31.52,58.0,False,2.84,dry,-5.58,track cooling,1.0
2025-14-hungaroring,47,middle,21.82,31.42,58.6,False,2.88,dry,-5.68,track cooling,1.0
2025-14-hungaroring,48,middle,21.9,31.4,58.0,False,2.62,dry,-5.7,track cooling,1.0
2025-14-hungaroring,49,middle,21.9,31.4,58.0,False,2.43,dry,-5.7,track cooling,1.0
2025-14-hungaroring,50,middle,21.93,31.64,58.0,False,1.83,dry,-5.46,track cooling,1.0
2025-14-hungaroring,51,middle,22.07,31.91,58.0,False,1.56,dry,-5.19,track cooling,1.0
2025-14-hungaroring,52,middle,22.02,31.52,58.0,False,2.34,dry,-5.58,track cooling,1.0
2025-14-hungaroring,53,closing,21.92,31.19,58.0,False,2.29,dry,-5.91,track cooling,1.0
2025-14-hungaroring,54,closing,21.9,31.17,58.0,False,2.56,dry,-5.93,track cooling,1.0
2025-14-hungaroring,55,closing,21.82,30.88,58.79,False,2.88,dry,-6.22,track cooling,1.0
2025-14-hungaroring,56,closing,21.84,30.97,59.0,False,2.24,dry,-6.13,track cooling,1.0
2025-14-hungaroring,57,closing,21.9,31.27,58.26,False,1.55,dry,-5.83,track cooling,1.0
2025-14-hungaroring,58,closing,21.9,31.18,58.0,False,2.07,dry,-5.92,track cooling,1.0
2025-14-hungaroring,59,closing,21.95,31.11,58.0,False,1.94,dry,-5.99,track cooling,1.0
2025-14-hungaroring,60,closing,22.0,31.42,57.21,False,1.93,dry,-5.68,track cooling,1.0
2025-14-hungaroring,61,closing,22.0,31.54,57.37,False,2.17,dry,-5.56,track cooling,1.0
2025-14-hungaroring,62,closing,22.0,31.54,57.89,False,2.41,dry,-5.56,track cooling,1.0
2025-14-hungaroring,63,closing,22.0,31.66,58.0,False,1.87,dry,-5.44,track cooling,1.0
2025-14-hungaroring,64,closing,22.0,31.67,58.0,False,2.11,dry,-5.43,track cooling,1.0
2025-14-hungaroring,65,closing,22.0,31.53,58.0,False,2.89,dry,-5.57,track cooling,1.0
2025-14-hungaroring,66,closing,22.0,31.74,58.0,False,2.76,dry,-5.36,track cooling,1.0
2025-14-hungaroring,67,closing,22.0,31.84,58.0,False,2.44,dry,-5.26,track cooling,1.0
2025-14-hungaroring,68,closing,22.05,31.78,57.47,False,2.09,dry,-5.32,track cooling,1.0
2025-14-hungaroring,69,closing,22.1,31.82,57.0,False,2.35,dry,-5.28,track cooling,1.0
2025-14-hungaroring,70,closing,22.1,31.87,57.0,False,2.5,dry,-5.23,track cooling,1.0
2025-15-zandvoort,1,opening,20.3,28.5,67.0,False,3.5,dry,0.0,stable dry phase,1.0
2025-15-zandvoort,2,opening,20.3,28.4,68.0,False,3.07,dry,-0.1,stable dry phase,1.0
2025-15-zandvoort,3,opening,20.3,28.7,68.0,False,2.4,dry,0.2,stable dry phase,1.0
2025-15-zandvoort,4,opening,20.3,28.3,69.0,False,2.1,dry,-0.2,stable dry phase,1.0
2025-15-zandvoort,5,opening,20.3,28.3,69.0,False,2.2,dry,-0.2,stable dry phase,1.0
2025-15-zandvoort,6,opening,20.3,28.09,68.65,False,2.04,dry,-0.41,stable dry phase,1.0
2025-15-zandvoort,7,opening,20.3,28.4,69.0,False,2.8,dry,-0.1,stable dry phase,1.0
2025-15-zandvoort,8,opening,20.2,27.7,69.0,False,3.0,dry,-0.8,stable dry phase,1.0
2025-15-zandvoort,9,opening,20.2,27.7,70.1,False,3.16,dry,-0.8,stable dry phase,1.0
2025-15-zandvoort,10,opening,20.2,28.34,71.0,False,1.26,dry,-0.16,stable dry phase,1.0
2025-15-zandvoort,11,opening,20.3,28.5,71.0,False,1.8,dry,0.0,stable dry phase,1.0
2025-15-zandvoort,12,opening,20.3,28.39,70.95,False,1.7,dry,-0.11,stable dry phase,1.0
2025-15-zandvoort,13,opening,20.2,28.2,71.0,False,1.75,dry,-0.3,stable dry phase,1.0
2025-15-zandvoort,14,opening,20.29,28.2,71.1,False,2.07,dry,-0.3,stable dry phase,1.0
2025-15-zandvoort,15,middle,20.3,28.1,69.0,False,2.7,dry,-0.4,stable dry phase,1.0
2025-15-zandvoort,16,middle,20.31,28.12,71.0,False,2.44,dry,-0.38,stable dry phase,1.0
2025-15-zandvoort,17,middle,20.46,28.11,71.0,False,2.68,dry,-0.39,stable dry phase,1.0
2025-15-zandvoort,18,middle,20.5,28.0,71.9,False,2.74,dry,-0.5,stable dry phase,1.0
2025-15-zandvoort,19,middle,20.5,28.4,71.0,False,2.7,dry,-0.1,stable dry phase,1.0
2025-15-zandvoort,20,middle,20.45,28.7,71.5,False,2.0,dry,0.2,stable dry phase,1.0
2025-15-zandvoort,21,middle,20.43,28.8,71.0,False,1.65,dry,0.3,stable dry phase,1.0
2025-15-zandvoort,22,middle,20.4,28.71,70.1,False,1.85,dry,0.21,stable dry phase,1.0
2025-15-zandvoort,23,middle,20.36,28.2,70.63,False,1.56,dry,-0.3,stable dry phase,1.0
2025-15-zandvoort,24,middle,20.3,28.2,70.11,False,2.05,dry,-0.3,stable dry phase,1.0
2025-15-zandvoort,25,middle,20.3,28.2,70.16,False,2.25,dry,-0.3,stable dry phase,1.0
2025-15-zandvoort,26,middle,20.2,28.3,71.0,False,2.0,dry,-0.2,stable dry phase,1.0
2025-15-zandvoort,27,middle,20.2,28.3,70.0,False,1.5,dry,-0.2,stable dry phase,1.0
2025-15-zandvoort,28,middle,20.2,28.6,69.0,False,1.7,dry,0.1,stable dry phase,1.0
2025-15-zandvoort,29,middle,20.22,28.71,68.89,False,1.18,dry,0.21,stable dry phase,1.0
2025-15-zandvoort,30,middle,20.4,28.8,68.0,False,1.9,dry,0.3,stable dry phase,1.0
2025-15-zandvoort,31,middle,20.38,28.86,68.11,False,1.78,dry,0.36,stable dry phase,1.0
2025-15-zandvoort,32,middle,20.31,29.09,68.0,False,1.97,dry,0.59,stable dry phase,1.0
2025-15-zandvoort,33,middle,20.4,28.99,68.0,False,1.75,dry,0.49,stable dry phase,1.0
2025-15-zandvoort,34,middle,20.41,28.9,68.32,False,1.8,dry,0.4,stable dry phase,1.0
2025-15-zandvoort,35,middle,20.5,28.91,68.11,False,1.77,dry,0.41,stable dry phase,1.0
2025-15-zandvoort,36,middle,20.51,29.01,68.89,False,2.25,dry,0.51,stable dry phase,1.0
2025-15-zandvoort,37,middle,20.62,29.08,67.79,False,1.05,dry,0.58,stable dry phase,1.0
2025-15-zandvoort,38,middle,20.69,28.93,67.11,False,1.42,dry,0.43,stable dry phase,1.0
2025-15-zandvoort,39,middle,20.6,28.8,68.0,False,1.68,dry,0.3,stable dry phase,1.0
2025-15-zandvoort,40,middle,20.6,28.79,68.11,False,1.45,dry,0.29,stable dry phase,1.0
2025-15-zandvoort,41,middle,20.6,28.74,69.0,False,1.01,dry,0.24,stable dry phase,1.0
2025-15-zandvoort,42,middle,20.6,29.02,68.89,False,1.14,dry,0.52,stable dry phase,1.0
2025-15-zandvoort,43,middle,20.61,29.3,68.0,False,1.65,dry,0.8,stable dry phase,1.0
2025-15-zandvoort,44,middle,20.7,29.24,68.0,False,1.36,dry,0.74,stable dry phase,1.0
2025-15-zandvoort,45,middle,20.65,28.84,68.0,False,1.91,dry,0.34,stable dry phase,1.0
2025-15-zandvoort,46,middle,20.67,28.69,67.89,False,2.6,dry,0.19,stable dry phase,1.0
2025-15-zandvoort,47,middle,20.7,27.87,67.21,False,3.05,dry,-0.63,stable dry phase,1.0
2025-15-zandvoort,48,middle,20.67,27.51,68.0,False,2.03,dry,-0.99,stable dry phase,1.0
2025-15-zandvoort,49,middle,20.6,27.62,68.0,False,2.25,dry,-0.88,stable dry phase,1.0
2025-15-zandvoort,50,middle,20.59,27.68,68.11,False,2.24,dry,-0.82,stable dry phase,1.0
2025-15-zandvoort,51,middle,20.52,27.55,68.89,False,2.35,dry,-0.95,stable dry phase,1.0
2025-15-zandvoort,52,middle,20.6,27.74,69.0,False,2.3,dry,-0.76,stable dry phase,1.0
2025-15-zandvoort,53,middle,20.6,27.68,69.0,False,2.56,dry,-0.82,stable dry phase,1.0
2025-15-zandvoort,54,middle,20.59,27.51,69.06,False,2.52,dry,-0.99,stable dry phase,1.0
2025-15-zandvoort,55,closing,20.56,27.31,69.44,False,1.95,dry,-1.19,stable dry phase,1.0
2025-15-zandvoort,56,closing,20.51,27.28,70.0,False,1.93,dry,-1.22,stable dry phase,1.0
2025-15-zandvoort,57,closing,20.6,27.1,69.89,False,2.21,dry,-1.4,stable dry phase,1.0
2025-15-zandvoort,58,closing,20.7,27.2,70.0,False,2.3,dry,-1.3,stable dry phase,1.0
2025-15-zandvoort,59,closing,20.7,27.1,69.0,False,2.2,dry,-1.4,stable dry phase,1.0
2025-15-zandvoort,60,closing,20.6,26.69,70.0,False,2.34,dry,-1.81,stable dry phase,1.0
2025-15-zandvoort,61,closing,20.56,26.6,70.39,False,2.89,dry,-1.9,stable dry phase,1.0
2025-15-zandvoort,62,closing,20.41,26.51,71.0,False,3.02,dry,-1.99,stable dry phase,1.0
2025-15-zandvoort,63,closing,20.3,25.9,72.0,False,3.0,dry,-2.6,stable dry phase,1.0
2025-15-zandvoort,64,closing,20.27,25.82,73.0,False,3.07,dry,-2.68,stable dry phase,1.0
2025-15-zandvoort,65,closing,20.05,25.9,71.94,False,3.45,dry,-2.6,stable dry phase,1.0
2025-15-zandvoort,66,closing,19.9,25.79,71.0,False,3.19,dry,-2.71,stable dry phase,1.0
2025-15-zandvoort,67,closing,19.7,25.7,72.0,False,3.6,dry,-2.8,stable dry phase,1.0
2025-15-zandvoort,68,closing,19.5,25.6,72.0,False,3.6,dry,-2.9,stable dry phase,1.0
2025-15-zandvoort,69,closing,19.5,25.8,73.0,False,3.9,dry,-2.7,stable dry phase,1.0
2025-15-zandvoort,70,closing,19.5,26.2,73.0,False,3.0,dry,-2.3,stable dry phase,1.0
2025-15-zandvoort,71,closing,19.5,26.2,72.0,False,3.0,dry,-2.3,stable dry phase,1.0
2025-15-zandvoort,72,closing,19.6,26.44,72.35,False,3.36,dry,-2.06,stable dry phase,1.0
2025-16-monza,1,opening,26.0,43.5,44.0,False,2.5,dry,0.0,stable dry phase,1.0
2025-16-monza,2,opening,26.1,43.67,44.68,False,1.53,dry,0.17,stable dry phase,1.0
2025-16-monza,3,opening,26.1,43.7,45.0,False,1.5,dry,0.2,stable dry phase,1.0
2025-16-monza,4,opening,26.0,43.7,43.0,False,1.7,dry,0.2,stable dry phase,1.0
2025-16-monza,5,opening,25.9,43.9,45.0,False,1.6,dry,0.4,stable dry phase,1.0
2025-16-monza,6,opening,26.0,43.9,44.0,False,0.9,dry,0.4,stable dry phase,1.0
2025-16-monza,7,opening,26.1,43.33,43.89,False,0.77,dry,-0.17,stable dry phase,1.0
2025-16-monza,8,opening,26.1,43.6,43.0,False,0.4,dry,0.1,stable dry phase,1.0
2025-16-monza,9,opening,26.08,43.85,43.21,False,0.19,dry,0.35,stable dry phase,1.0
2025-16-monza,10,opening,26.1,44.9,43.0,False,2.0,dry,1.4,stable dry phase,1.0
2025-16-monza,11,middle,26.1,44.89,44.0,False,1.03,dry,1.39,stable dry phase,1.0
2025-16-monza,12,middle,26.28,44.8,44.0,False,1.14,dry,1.3,stable dry phase,1.0
2025-16-monza,13,middle,26.3,44.28,43.95,False,0.92,dry,0.78,stable dry phase,1.0
2025-16-monza,14,middle,26.34,44.04,43.42,False,1.55,dry,0.54,stable dry phase,1.0
2025-16-monza,15,middle,26.4,44.1,43.0,False,2.3,dry,0.6,stable dry phase,1.0
2025-16-monza,16,middle,26.5,44.31,43.0,False,1.46,dry,0.81,stable dry phase,1.0
2025-16-monza,17,middle,26.5,44.4,43.0,False,1.56,dry,0.9,stable dry phase,1.0
2025-16-monza,18,middle,26.59,44.72,43.0,False,0.61,dry,1.22,stable dry phase,1.0
2025-16-monza,19,middle,26.56,45.29,43.0,False,1.67,dry,1.79,stable dry phase,1.0
2025-16-monza,20,middle,26.6,45.78,42.05,False,2.68,dry,2.28,stable dry phase,1.0
2025-16-monza,21,middle,26.5,45.76,43.0,False,2.08,dry,2.26,stable dry phase,1.0
2025-16-monza,22,middle,26.5,45.28,43.79,False,2.24,dry,1.78,stable dry phase,1.0
2025-16-monza,23,middle,26.5,45.6,44.47,False,2.15,dry,2.1,stable dry phase,1.0
2025-16-monza,24,middle,26.63,45.66,43.63,False,2.05,dry,2.16,stable dry phase,1.0
2025-16-monza,25,middle,26.7,45.88,43.11,False,2.17,dry,2.38,stable dry phase,1.0
2025-16-monza,26,middle,26.6,45.87,42.33,False,2.33,dry,2.37,stable dry phase,1.0
2025-16-monza,27,middle,26.6,45.66,42.28,False,1.93,dry,2.16,stable dry phase,1.0
2025-16-monza,28,middle,26.58,45.79,43.17,False,1.19,dry,2.29,stable dry phase,1.0
2025-16-monza,29,middle,26.5,45.8,43.28,False,1.59,dry,2.3,stable dry phase,1.0
2025-16-monza,30,middle,26.5,45.38,43.0,False,0.95,dry,1.88,stable dry phase,1.0
2025-16-monza,31,middle,26.46,44.87,44.22,False,1.94,dry,1.37,stable dry phase,1.0
2025-16-monza,32,middle,26.4,43.98,43.72,False,2.0,dry,0.48,stable dry phase,1.0
2025-16-monza,33,middle,26.38,43.68,44.89,False,1.43,dry,0.18,stable dry phase,1.0
2025-16-monza,34,middle,26.3,43.9,45.0,False,1.4,dry,0.4,stable dry phase,1.0
2025-16-monza,35,middle,26.3,43.91,45.0,False,1.34,dry,0.41,stable dry phase,1.0
2025-16-monza,36,middle,26.35,44.1,45.0,False,1.5,dry,0.6,stable dry phase,1.0
2025-16-monza,37,middle,26.48,43.79,42.67,False,0.8,dry,0.29,stable dry phase,1.0
2025-16-monza,38,middle,26.58,43.78,42.67,False,1.02,dry,0.28,stable dry phase,1.0
2025-16-monza,39,middle,26.6,44.2,41.44,False,0.64,dry,0.7,stable dry phase,1.0
2025-16-monza,40,closing,26.6,44.27,41.83,False,0.69,dry,0.77,stable dry phase,1.0
2025-16-monza,41,closing,26.67,44.0,42.0,False,0.73,dry,0.5,stable dry phase,1.0
2025-16-monza,42,closing,26.64,43.72,42.0,False,0.56,dry,0.22,stable dry phase,1.0
2025-16-monza,43,closing,26.62,44.15,42.67,False,1.52,dry,0.65,stable dry phase,1.0
2025-16-monza,44,closing,26.64,44.46,42.0,False,1.36,dry,0.96,stable dry phase,1.0
2025-16-monza,45,closing,26.6,44.5,42.83,False,1.4,dry,1.0,stable dry phase,1.0
2025-16-monza,46,closing,26.6,44.31,42.33,False,2.27,dry,0.81,stable dry phase,1.0
2025-16-monza,47,closing,26.6,44.17,42.33,False,1.8,dry,0.67,stable dry phase,1.0
2025-16-monza,48,closing,26.61,44.2,43.0,False,1.8,dry,0.7,stable dry phase,1.0
2025-16-monza,49,closing,26.7,44.29,42.11,False,2.6,dry,0.79,stable dry phase,1.0
2025-16-monza,50,closing,26.77,44.4,41.72,False,3.17,dry,0.9,stable dry phase,1.0
2025-16-monza,51,closing,26.83,44.31,43.33,False,2.7,dry,0.81,stable dry phase,1.0
2025-16-monza,52,closing,26.97,44.3,42.67,False,1.87,dry,0.8,stable dry phase,1.0
2025-16-monza,53,closing,27.0,44.01,43.0,False,2.24,dry,0.51,stable dry phase,1.0
2025-17-baku,1,opening,20.4,27.3,60.0,False,1.0,dry,0.0,stable dry phase,1.0
2025-17-baku,2,opening,20.43,27.33,61.0,False,0.94,dry,0.03,stable dry phase,1.0
2025-17-baku,3,opening,20.5,27.0,60.0,False,1.1,dry,-0.3,stable dry phase,1.0
2025-17-baku,4,opening,20.5,27.0,60.0,False,1.5,dry,-0.3,stable dry phase,1.0
2025-17-baku,5,opening,20.5,27.4,59.0,False,0.8,dry,0.1,stable dry phase,1.0
2025-17-baku,6,opening,20.5,27.0,61.0,False,1.9,dry,-0.3,stable dry phase,1.0
2025-17-baku,7,opening,20.5,27.52,61.0,False,1.44,dry,0.22,stable dry phase,1.0
2025-17-baku,8,opening,20.5,27.2,61.0,False,1.0,dry,-0.1,stable dry phase,1.0
2025-17-baku,9,opening,20.6,27.8,60.0,False,1.0,dry,0.5,stable dry phase,1.0
2025-17-baku,10,opening,20.7,27.7,59.0,False,2.0,dry,0.4,stable dry phase,1.0
2025-17-baku,11,middle,20.7,27.7,59.79,False,2.33,dry,0.4,stable dry phase,1.0
2025-17-baku,12,middle,20.84,28.51,59.0,False,1.6,dry,1.21,stable dry phase,1.0
2025-17-baku,13,middle,20.9,28.7,58.0,False,1.3,dry,1.4,stable dry phase,1.0
2025-17-baku,14,middle,21.0,29.0,57.0,False,1.2,dry,1.7,stable dry phase,1.0
2025-17-baku,15,middle,21.01,28.81,57.0,False,1.8,dry,1.51,stable dry phase,1.0
2025-17-baku,16,middle,21.0,28.48,57.0,False,1.19,dry,1.18,stable dry phase,1.0
2025-17-baku,17,middle,20.96,28.3,58.0,False,2.12,dry,1.0,stable dry phase,1.0
2025-17-baku,18,middle,20.99,28.5,59.0,False,1.2,dry,1.2,stable dry phase,1.0
2025-17-baku,19,middle,20.89,27.79,60.0,False,2.32,dry,0.49,stable dry phase,1.0
2025-17-baku,20,middle,20.8,27.78,60.79,False,1.52,dry,0.48,stable dry phase,1.0
2025-17-baku,21,middle,20.75,27.85,60.0,False,1.08,dry,0.55,stable dry phase,1.0
2025-17-baku,22,middle,20.62,27.92,58.79,False,1.93,dry,0.62,stable dry phase,1.0
2025-17-baku,23,middle,20.68,27.88,59.0,False,1.99,dry,0.58,stable dry phase,1.0
2025-17-baku,24,middle,20.68,27.8,59.89,False,1.48,dry,0.5,stable dry phase,1.0
2025-17-baku,25,middle,20.67,28.01,60.0,False,1.54,dry,0.71,stable dry phase,1.0
2025-17-baku,26,middle,20.7,27.86,60.42,False,0.9,dry,0.56,stable dry phase,1.0
2025-17-baku,27,middle,20.7,27.38,60.16,False,0.68,dry,0.08,stable dry phase,1.0
2025-17-baku,28,middle,20.61,27.1,60.05,False,1.41,dry,-0.2,stable dry phase,1.0
2025-17-baku,29,middle,20.6,26.83,60.0,False,1.87,dry,-0.47,stable dry phase,1.0
2025-17-baku,30,middle,20.55,26.75,60.0,False,1.34,dry,-0.55,stable dry phase,1.0
2025-17-baku,31,middle,20.5,26.6,60.53,False,1.89,dry,-0.7,stable dry phase,1.0
2025-17-baku,32,middle,20.51,26.59,60.05,False,1.48,dry,-0.71,stable dry phase,1.0
2025-17-baku,33,middle,20.6,26.42,60.0,False,2.19,dry,-0.88,stable dry phase,1.0
2025-17-baku,34,middle,20.6,26.34,60.0,False,2.38,dry,-0.96,stable dry phase,1.0
2025-17-baku,35,middle,20.55,26.11,60.0,False,2.36,dry,-1.19,stable dry phase,1.0
2025-17-baku,36,middle,20.5,25.9,60.0,False,1.41,dry,-1.4,stable dry phase,1.0
2025-17-baku,37,middle,20.5,25.92,60.0,False,1.13,dry,-1.38,stable dry phase,1.0
2025-17-baku,38,middle,20.5,26.1,60.0,False,1.39,dry,-1.2,stable dry phase,1.0
2025-17-baku,39,closing,20.45,25.95,60.0,False,1.35,dry,-1.35,stable dry phase,1.0
2025-17-baku,40,closing,20.5,25.9,60.0,False,1.68,dry,-1.4,stable dry phase,1.0
2025-17-baku,41,closing,20.5,25.91,60.0,False,1.95,dry,-1.39,stable dry phase,1.0
2025-17-baku,42,closing,20.5,25.54,60.11,False,1.5,dry,-1.76,stable dry phase,1.0
2025-17-baku,43,closing,20.5,25.65,61.0,False,1.64,dry,-1.65,stable dry phase,1.0
2025-17-baku,44,closing,20.5,25.66,60.0,False,1.44,dry,-1.64,stable dry phase,1.0
2025-17-baku,45,closing,20.5,25.51,60.74,False,1.65,dry,-1.79,stable dry phase,1.0
2025-17-baku,46,closing,20.5,25.49,60.0,False,1.75,dry,-1.81,stable dry phase,1.0
2025-17-baku,47,closing,20.5,25.35,60.0,False,1.17,dry,-1.95,stable dry phase,1.0
2025-17-baku,48,closing,20.5,25.26,60.0,False,1.65,dry,-2.04,stable dry phase,1.0
2025-17-baku,49,closing,20.5,25.09,60.0,False,1.19,dry,-2.21,stable dry phase,1.0
2025-17-baku,50,closing,20.5,25.07,60.0,False,1.07,dry,-2.23,stable dry phase,1.0
2025-17-baku,51,closing,20.5,25.08,59.59,False,1.1,dry,-2.22,stable dry phase,1.0
2025-18-marina_bay,1,opening,28.5,34.0,75.0,False,1.6,dry,0.0,stable dry phase,1.0
2025-18-marina_bay,2,opening,28.8,34.8,74.0,False,1.3,dry,0.8,stable dry phase,1.0
2025-18-marina_bay,3,opening,28.77,34.36,73.7,True,1.03,damp,0.36,wet grip phase,1.0
2025-18-marina_bay,4,opening,28.8,34.3,75.0,True,1.0,damp,0.3,wet grip phase,1.0
2025-18-marina_bay,5,opening,28.7,34.2,73.0,True,1.3,damp,0.2,wet grip phase,1.0
2025-18-marina_bay,6,opening,28.65,34.0,72.0,False,1.3,dry,0.0,stable dry phase,1.0
2025-18-marina_bay,7,opening,28.7,34.1,72.0,False,1.3,dry,0.1,stable dry phase,1.0
2025-18-marina_bay,8,opening,28.8,34.01,72.9,True,1.19,damp,0.01,wet grip phase,1.0
2025-18-marina_bay,9,opening,28.76,33.7,72.35,True,1.33,damp,-0.3,wet grip phase,1.0
2025-18-marina_bay,10,opening,28.8,33.7,74.0,False,1.1,dry,-0.3,stable dry phase,1.0
2025-18-marina_bay,11,opening,28.88,34.2,75.15,False,0.85,dry,0.2,stable dry phase,1.0
2025-18-marina_bay,12,opening,28.88,34.8,75.75,False,0.68,dry,0.8,stable dry phase,1.0
2025-18-marina_bay,13,middle,28.8,34.9,71.0,False,0.4,dry,0.9,stable dry phase,1.0
2025-18-marina_bay,14,middle,28.9,37.0,77.0,False,0.14,dry,3.0,stable dry phase,1.0
2025-18-marina_bay,15,middle,28.92,38.58,75.6,False,0.1,dry,4.58,stable dry phase,1.0
2025-18-marina_bay,16,middle,28.99,33.67,74.15,False,0.87,dry,-0.33,stable dry phase,1.0
2025-18-marina_bay,17,middle,28.8,33.58,77.6,False,0.7,dry,-0.42,stable dry phase,1.0
2025-18-marina_bay,18,middle,28.79,34.59,77.7,False,0.51,dry,0.59,stable dry phase,1.0
2025-18-marina_bay,19,middle,28.62,33.22,76.8,False,1.42,dry,-0.78,stable dry phase,1.0
2025-18-marina_bay,20,middle,28.7,32.8,78.0,False,1.25,dry,-1.2,stable dry phase,1.0
2025-18-marina_bay,21,middle,28.7,33.17,78.0,False,1.3,dry,-0.83,stable dry phase,1.0
2025-18-marina_bay,22,middle,28.77,32.62,78.75,False,1.52,dry,-1.38,stable dry phase,1.0
2025-18-marina_bay,23,middle,28.8,32.85,80.0,False,1.35,dry,-1.15,stable dry phase,1.0
2025-18-marina_bay,24,middle,28.8,33.17,80.95,False,1.28,dry,-0.83,stable dry phase,1.0
2025-18-marina_bay,25,middle,28.8,32.6,80.7,False,1.4,dry,-1.4,stable dry phase,1.0
2025-18-marina_bay,26,middle,28.7,32.74,81.0,False,1.14,dry,-1.26,stable dry phase,1.0
2025-18-marina_bay,27,middle,28.7,32.83,81.0,False,1.11,dry,-1.17,stable dry phase,1.0
2025-18-marina_bay,28,middle,28.7,33.1,81.0,False,1.02,dry,-0.9,stable dry phase,1.0
2025-18-marina_bay,29,middle,28.6,33.0,80.4,False,1.04,dry,-1.0,stable dry phase,1.0
2025-18-marina_bay,30,middle,28.6,33.09,81.0,False,0.93,dry,-0.91,stable dry phase,1.0
2025-18-marina_bay,31,middle,28.6,33.27,81.0,False,1.03,dry,-0.73,stable dry phase,1.0
2025-18-marina_bay,32,middle,28.6,33.27,81.65,False,0.47,dry,-0.73,stable dry phase,1.0
2025-18-marina_bay,33,middle,28.6,35.56,81.0,False,0.4,dry,1.56,stable dry phase,1.0
2025-18-marina_bay,34,middle,28.7,33.77,80.35,False,0.44,dry,-0.23,stable dry phase,1.0
2025-18-marina_bay,35,middle,28.87,34.11,80.6,False,0.51,dry,0.11,stable dry phase,1.0
2025-18-marina_bay,36,middle,28.9,33.61,80.65,False,0.53,dry,-0.39,stable dry phase,1.0
2025-18-marina_bay,37,middle,29.02,34.38,80.0,False,0.72,dry,0.38,stable dry phase,1.0
2025-18-marina_bay,38,middle,29.1,34.5,80.0,False,0.8,dry,0.5,stable dry phase,1.0
2025-18-marina_bay,39,middle,29.04,33.91,78.0,False,1.0,dry,-0.09,stable dry phase,1.0
2025-18-marina_bay,40,middle,29.09,33.75,78.0,False,1.19,dry,-0.25,stable dry phase,1.0
2025-18-marina_bay,41,middle,29.04,33.8,77.95,False,1.69,dry,-0.2,stable dry phase,1.0
2025-18-marina_bay,42,middle,29.1,34.03,77.0,False,1.33,dry,0.03,stable dry phase,1.0
2025-18-marina_bay,43,middle,29.1,34.02,76.5,False,1.69,dry,0.02,stable dry phase,1.0
2025-18-marina_bay,44,middle,29.1,34.14,75.3,False,1.74,dry,0.14,stable dry phase,1.0
2025-18-marina_bay,45,middle,29.04,34.28,74.15,False,1.83,dry,0.28,stable dry phase,1.0
2025-18-marina_bay,46,middle,29.0,34.06,73.75,False,2.02,dry,0.06,stable dry phase,1.0
2025-18-marina_bay,47,closing,29.01,33.96,73.25,False,1.83,dry,-0.04,stable dry phase,1.0
2025-18-marina_bay,48,closing,29.08,34.16,72.05,False,1.69,dry,0.16,stable dry phase,1.0
2025-18-marina_bay,49,closing,29.1,34.09,71.65,False,1.92,dry,0.09,stable dry phase,1.0
2025-18-marina_bay,50,closing,29.16,33.87,71.7,False,2.06,dry,-0.13,stable dry phase,1.0
2025-18-marina_bay,51,closing,29.2,33.98,72.0,False,1.95,dry,-0.02,stable dry phase,1.0
2025-18-marina_bay,52,closing,29.22,33.96,72.0,False,1.56,dry,-0.04,stable dry phase,1.0
2025-18-marina_bay,53,closing,29.22,33.86,72.65,False,1.04,dry,-0.14,stable dry phase,1.0
2025-18-marina_bay,54,closing,29.2,33.91,72.45,False,1.07,dry,-0.09,stable dry phase,1.0
2025-18-marina_bay,55,closing,29.2,33.89,71.7,False,1.33,dry,-0.11,stable dry phase,1.0
2025-18-marina_bay,56,closing,29.2,33.83,71.8,False,1.2,dry,-0.17,stable dry phase,1.0
2025-18-marina_bay,57,closing,29.26,33.73,72.0,False,1.23,dry,-0.27,stable dry phase,1.0
2025-18-marina_bay,58,closing,29.29,33.74,71.8,False,1.36,dry,-0.26,stable dry phase,1.0
2025-18-marina_bay,59,closing,29.3,33.73,71.85,False,1.45,dry,-0.27,stable dry phase,1.0
2025-18-marina_bay,60,closing,29.24,33.7,72.0,False,1.35,dry,-0.3,stable dry phase,1.0
2025-18-marina_bay,61,closing,29.2,33.7,72.15,False,1.18,dry,-0.3,stable dry phase,1.0
2025-18-marina_bay,62,closing,29.2,33.7,72.33,False,1.1,dry,-0.3,stable dry phase,1.0
2025-19-americas,1,opening,26.4,42.1,30.0,False,2.9,dry,0.0,stable dry phase,1.0
2025-19-americas,2,opening,26.5,42.4,29.0,False,3.1,dry,0.3,stable dry phase,1.0
2025-19-americas,3,opening,26.64,42.49,29.0,False,2.53,dry,0.39,stable dry phase,1.0
2025-19-americas,4,opening,26.8,43.0,29.0,False,2.3,dry,0.9,stable dry phase,1.0
2025-19-americas,5,opening,26.6,42.9,28.0,False,2.5,dry,0.8,stable dry phase,1.0
2025-19-americas,6,opening,26.6,42.96,28.0,False,2.78,dry,0.86,stable dry phase,1.0
2025-19-americas,7,opening,26.61,42.9,28.0,False,2.83,dry,0.8,stable dry phase,1.0
2025-19-americas,8,opening,26.9,43.09,27.68,False,1.83,dry,0.99,stable dry phase,1.0
2025-19-americas,9,opening,26.97,43.77,26.32,False,1.86,dry,1.67,stable dry phase,1.0
2025-19-americas,10,opening,27.01,43.8,26.11,False,2.12,dry,1.7,stable dry phase,1.0
2025-19-americas,11,opening,27.2,43.7,27.0,False,4.9,dry,1.6,stable dry phase,1.0
2025-19-americas,12,middle,27.1,43.77,26.26,False,2.13,dry,1.67,stable dry phase,1.0
2025-19-americas,13,middle,27.08,43.77,26.0,False,3.42,dry,1.67,stable dry phase,1.0
2025-19-americas,14,middle,27.0,43.5,26.0,False,3.9,dry,1.4,stable dry phase,1.0
2025-19-americas,15,middle,27.28,43.76,26.0,False,2.64,dry,1.66,stable dry phase,1.0
2025-19-americas,16,middle,27.3,43.84,26.0,False,2.51,dry,1.74,stable dry phase,1.0
2025-19-americas,17,middle,27.51,44.0,25.0,False,3.16,dry,1.9,stable dry phase,1.0
2025-19-americas,18,middle,27.78,44.0,25.0,False,2.74,dry,1.9,stable dry phase,1.0
2025-19-americas,19,middle,27.65,43.9,25.0,False,3.42,dry,1.8,stable dry phase,1.0
2025-19-americas,20,middle,27.41,43.91,24.0,False,2.92,dry,1.81,stable dry phase,1.0
2025-19-americas,21,middle,27.5,44.24,24.0,False,2.67,dry,2.14,stable dry phase,1.0
2025-19-americas,22,middle,27.5,44.4,23.0,False,2.38,dry,2.3,stable dry phase,1.0
2025-19-americas,23,middle,27.6,44.41,23.0,False,2.87,dry,2.31,stable dry phase,1.0
2025-19-americas,24,middle,27.77,44.67,23.0,False,1.38,dry,2.57,stable dry phase,1.0
2025-19-americas,25,middle,27.95,44.85,23.53,False,1.88,dry,2.75,stable dry phase,1.0
2025-19-americas,26,middle,28.02,45.12,23.0,False,1.43,dry,3.02,stable dry phase,1.0
2025-19-americas,27,middle,28.1,45.18,22.11,False,2.55,dry,3.08,stable dry phase,1.0
2025-19-americas,28,middle,28.05,44.9,22.0,False,3.32,dry,2.8,stable dry phase,1.0
2025-19-americas,29,middle,27.77,44.6,22.32,False,3.46,dry,2.5,stable dry phase,1.0
2025-19-americas,30,middle,27.79,44.68,23.0,False,3.78,dry,2.58,stable dry phase,1.0
2025-19-americas,31,middle,27.92,44.66,23.0,False,2.93,dry,2.56,stable dry phase,1.0
2025-19-americas,32,middle,27.95,45.05,22.47,False,2.39,dry,2.95,stable dry phase,1.0
2025-19-americas,33,middle,27.91,44.93,22.0,False,1.89,dry,2.83,stable dry phase,1.0
2025-19-americas,34,middle,28.16,45.08,22.0,False,1.48,dry,2.98,stable dry phase,1.0
2025-19-americas,35,middle,28.14,45.28,21.37,False,1.49,dry,3.18,stable dry phase,1.0
2025-19-americas,36,middle,28.13,45.16,22.0,False,1.76,dry,3.06,stable dry phase,1.0
2025-19-americas,37,middle,28.38,45.5,21.21,False,1.16,dry,3.4,stable dry phase,1.0
2025-19-americas,38,middle,28.56,45.63,21.58,False,1.57,dry,3.53,stable dry phase,1.0
2025-19-americas,39,middle,28.67,45.89,21.05,False,1.66,dry,3.79,stable dry phase,1.0
2025-19-americas,40,middle,28.75,45.9,21.0,False,0.73,dry,3.8,stable dry phase,1.0
2025-19-americas,41,middle,28.74,45.5,22.0,False,1.93,dry,3.4,stable dry phase,1.0
2025-19-americas,42,middle,28.7,45.88,21.11,False,1.57,dry,3.78,stable dry phase,1.0
2025-19-americas,43,closing,28.63,46.0,20.32,False,1.94,dry,3.9,stable dry phase,1.0
2025-19-americas,44,closing,28.5,45.92,21.0,False,1.16,dry,3.82,stable dry phase,1.0
2025-19-americas,45,closing,28.44,46.0,21.0,False,1.22,dry,3.9,stable dry phase,1.0
2025-19-americas,46,closing,28.5,46.0,21.0,False,1.55,dry,3.9,stable dry phase,1.0
2025-19-americas,47,closing,28.71,46.2,21.0,False,1.68,dry,4.1,stable dry phase,1.0
2025-19-americas,48,closing,28.78,46.24,21.0,False,1.51,dry,4.14,stable dry phase,1.0
2025-19-americas,49,closing,28.77,46.1,21.0,False,1.49,dry,4.0,stable dry phase,1.0
2025-19-americas,50,closing,28.65,45.99,20.47,False,1.76,dry,3.89,stable dry phase,1.0
2025-19-americas,51,closing,28.68,45.98,20.0,False,1.54,dry,3.88,stable dry phase,1.0
2025-19-americas,52,closing,28.6,45.93,20.68,False,1.46,dry,3.83,stable dry phase,1.0
2025-19-americas,53,closing,28.8,45.81,21.0,False,1.63,dry,3.71,stable dry phase,1.0
2025-19-americas,54,closing,28.88,45.84,21.0,False,2.48,dry,3.74,stable dry phase,1.0
2025-19-americas,55,closing,28.8,46.07,21.0,False,1.08,dry,3.97,stable dry phase,1.0
2025-19-americas,56,closing,28.89,46.27,21.0,False,1.24,dry,4.17,stable dry phase,1.0
2025-20-rodriguez,1,opening,25.5,51.4,26.0,False,2.3,dry,0.0,stable dry phase,1.0
2025-20-rodriguez,2,opening,25.54,51.53,26.0,False,1.28,dry,0.13,stable dry phase,1.0
2025-20-rodriguez,3,opening,25.5,51.8,25.0,False,0.4,dry,0.4,stable dry phase,1.0
2025-20-rodriguez,4,opening,25.51,52.1,25.0,False,1.12,dry,0.7,stable dry phase,1.0
2025-20-rodriguez,5,opening,25.6,52.3,25.0,False,2.3,dry,0.9,stable dry phase,1.0
2025-20-rodriguez,6,opening,25.5,52.8,25.0,False,2.5,dry,1.4,stable dry phase,1.0
2025-20-rodriguez,7,opening,25.44,53.1,25.0,False,2.17,dry,1.7,stable dry phase,1.0
2025-20-rodriguez,8,opening,25.4,53.1,25.0,False,1.6,dry,1.7,stable dry phase,1.0
2025-20-rodriguez,9,opening,25.4,53.12,25.0,False,1.46,dry,1.72,stable dry phase,1.0
2025-20-rodriguez,10,opening,25.49,53.11,24.11,False,1.85,dry,1.71,stable dry phase,1.0
2025-20-rodriguez,11,opening,25.6,53.1,24.0,False,2.0,dry,1.7,stable dry phase,1.0
2025-20-rodriguez,12,opening,25.65,52.96,24.0,False,1.4,dry,1.56,stable dry phase,1.0
2025-20-rodriguez,13,opening,25.8,52.8,24.0,False,0.8,dry,1.4,stable dry phase,1.0
2025-20-rodriguez,14,opening,25.6,52.85,24.0,False,0.73,dry,1.45,stable dry phase,1.0
2025-20-rodriguez,15,middle,25.6,53.1,24.84,False,1.57,dry,1.7,stable dry phase,1.0
2025-20-rodriguez,16,middle,25.8,52.6,25.0,False,1.3,dry,1.2,stable dry phase,1.0
2025-20-rodriguez,17,middle,25.95,52.82,24.0,False,1.41,dry,1.42,stable dry phase,1.0
2025-20-rodriguez,18,middle,26.0,52.5,24.95,False,1.77,dry,1.1,stable dry phase,1.0
2025-20-rodriguez,19,middle,25.9,52.7,25.0,False,1.15,dry,1.3,stable dry phase,1.0
2025-20-rodriguez,20,middle,25.9,52.85,25.0,False,1.55,dry,1.45,stable dry phase,1.0
2025-20-rodriguez,21,middle,25.8,53.0,25.0,False,1.7,dry,1.6,stable dry phase,1.0
2025-20-rodriguez,22,middle,25.85,53.0,24.0,False,1.96,dry,1.6,stable dry phase,1.0
2025-20-rodriguez,23,middle,25.81,52.64,24.89,False,1.08,dry,1.24,stable dry phase,1.0
2025-20-rodriguez,24,middle,25.93,52.8,24.0,False,1.08,dry,1.4,stable dry phase,1.0
2025-20-rodriguez,25,middle,25.85,52.73,24.0,False,1.23,dry,1.33,stable dry phase,1.0
2025-20-rodriguez,26,middle,25.89,52.42,24.11,False,2.18,dry,1.02,stable dry phase,1.0
2025-20-rodriguez,27,middle,25.97,52.47,25.67,False,2.33,dry,1.07,stable dry phase,1.0
2025-20-rodriguez,28,middle,25.91,52.59,26.0,False,2.38,dry,1.19,stable dry phase,1.0
2025-20-rodriguez,29,middle,25.87,53.0,25.72,False,1.83,dry,1.6,stable dry phase,1.0
2025-20-rodriguez,30,middle,25.63,52.83,25.0,False,1.65,dry,1.43,stable dry phase,1.0
2025-20-rodriguez,31,middle,25.6,52.81,24.17,False,2.48,dry,1.41,stable dry phase,1.0
2025-20-rodriguez,32,middle,25.6,53.0,25.0,False,0.65,dry,1.6,stable dry phase,1.0
2025-20-rodriguez,33,middle,25.69,52.82,25.0,False,1.51,dry,1.42,stable dry phase,1.0
2025-20-rodriguez,34,middle,25.82,52.73,25.22,False,2.16,dry,1.33,stable dry phase,1.0
2025-20-rodriguez,35,middle,25.99,53.04,25.18,False,2.13,dry,1.64,stable dry phase,1.0
2025-20-rodriguez,36,middle,26.1,52.89,25.0,False,2.65,dry,1.49,stable dry phase,1.0
2025-20-rodriguez,37,middle,26.15,52.71,25.0,False,2.82,dry,1.31,stable dry phase,1.0
2025-20-rodriguez,38,middle,26.12,52.49,25.94,False,2.38,dry,1.09,stable dry phase,1.0
2025-20-rodriguez,39,middle,26.27,52.23,25.71,False,1.12,dry,0.83,stable dry phase,1.0
2025-20-rodriguez,40,middle,26.2,52.24,25.0,False,1.98,dry,0.84,stable dry phase,1.0
2025-20-rodriguez,41,middle,26.21,52.09,25.0,False,1.61,dry,0.69,stable dry phase,1.0
2025-20-rodriguez,42,middle,26.3,51.95,25.47,False,1.77,dry,0.55,stable dry phase,1.0
2025-20-rodriguez,43,middle,26.13,51.99,25.94,False,1.19,dry,0.59,stable dry phase,1.0
2025-20-rodriguez,44,middle,26.22,52.02,25.29,False,1.71,dry,0.62,stable dry phase,1.0
2025-20-rodriguez,45,middle,26.35,52.42,25.47,False,1.85,dry,1.02,stable dry phase,1.0
2025-20-rodriguez,46,middle,26.4,52.56,24.88,False,1.72,dry,1.16,stable dry phase,1.0
2025-20-rodriguez,47,middle,26.4,52.2,24.41,False,1.84,dry,0.8,stable dry phase,1.0
2025-20-rodriguez,48,middle,26.4,52.08,24.41,False,1.66,dry,0.68,stable dry phase,1.0
2025-20-rodriguez,49,middle,26.4,51.89,24.76,False,2.7,dry,0.49,stable dry phase,1.0
2025-20-rodriguez,50,middle,26.47,51.73,24.0,False,2.25,dry,0.33,stable dry phase,1.0
2025-20-rodriguez,51,middle,26.51,51.7,24.0,False,1.9,dry,0.3,stable dry phase,1.0
2025-20-rodriguez,52,middle,26.59,51.52,24.0,False,2.11,dry,0.12,stable dry phase,1.0
2025-20-rodriguez,53,middle,26.74,51.38,24.0,False,1.94,dry,-0.02,stable dry phase,1.0
2025-20-rodriguez,54,closing,26.78,51.4,24.0,False,2.38,dry,0.0,stable dry phase,1.0
2025-20-rodriguez,55,closing,26.61,51.35,24.0,False,2.47,dry,-0.05,stable dry phase,1.0
2025-20-rodriguez,56,closing,26.61,51.39,24.0,False,1.49,dry,-0.01,stable dry phase,1.0
2025-20-rodriguez,57,closing,26.79,51.32,24.0,False,1.86,dry,-0.08,stable dry phase,1.0
2025-20-rodriguez,58,closing,26.69,51.45,24.0,False,2.11,dry,0.05,stable dry phase,1.0
2025-20-rodriguez,59,closing,26.62,51.49,23.29,False,3.1,dry,0.09,stable dry phase,1.0
2025-20-rodriguez,60,closing,26.79,51.41,23.94,False,2.26,dry,0.01,stable dry phase,1.0
2025-20-rodriguez,61,closing,26.85,51.31,24.0,False,2.79,dry,-0.09,stable dry phase,1.0
2025-20-rodriguez,62,closing,26.81,50.77,24.0,False,2.07,dry,-0.63,stable dry phase,1.0
2025-20-rodriguez,63,closing,26.71,50.42,23.53,False,1.24,dry,-0.98,stable dry phase,1.0
2025-20-rodriguez,64,closing,26.69,50.35,23.59,False,0.86,dry,-1.05,stable dry phase,1.0
2025-20-rodriguez,65,closing,26.62,50.42,23.88,False,1.29,dry,-0.98,stable dry phase,1.0
2025-20-rodriguez,66,closing,26.55,50.68,23.06,False,1.63,dry,-0.72,stable dry phase,1.0
2025-20-rodriguez,67,closing,26.5,50.74,23.0,False,1.78,dry,-0.66,stable dry phase,1.0
2025-20-rodriguez,68,closing,26.5,50.98,23.0,False,1.6,dry,-0.42,stable dry phase,1.0
2025-20-rodriguez,69,closing,26.55,50.8,23.0,False,1.71,dry,-0.6,stable dry phase,1.0
2025-20-rodriguez,70,closing,26.6,50.61,23.0,False,2.49,dry,-0.79,stable dry phase,1.0
2025-20-rodriguez,71,closing,26.57,50.69,23.0,False,2.95,dry,-0.71,stable dry phase,1.0
2025-21-interlagos,1,opening,17.9,32.7,70.0,False,1.0,dry,0.0,stable dry phase,1.0
2025-21-interlagos,2,opening,17.9,32.7,70.0,False,1.3,dry,0.0,stable dry phase,1.0
2025-21-interlagos,3,opening,17.99,32.77,70.0,False,1.99,dry,0.07,stable dry phase,1.0
2025-21-interlagos,4,opening,17.9,32.17,71.0,False,1.81,dry,-0.53,stable dry phase,1.0
2025-21-interlagos,5,opening,17.9,31.2,71.0,False,2.7,dry,-1.5,stable dry phase,1.0
2025-21-interlagos,6,opening,17.8,30.4,73.0,False,2.1,dry,-2.3,stable dry phase,1.0
2025-21-interlagos,7,opening,17.6,30.0,74.0,False,1.7,dry,-2.7,stable dry phase,1.0
2025-21-interlagos,8,opening,17.4,29.7,73.0,False,2.2,dry,-3.0,stable dry phase,1.0
2025-21-interlagos,9,opening,17.14,29.7,73.0,False,1.7,dry,-3.0,stable dry phase,1.0
2025-21-interlagos,10,opening,17.0,29.6,73.0,False,2.4,dry,-3.1,stable dry phase,1.0
2025-21-interlagos,11,opening,17.0,29.5,73.0,False,2.2,dry,-3.2,stable dry phase,1.0
2025-21-interlagos,12,opening,17.0,29.5,74.0,False,1.51,dry,-3.2,stable dry phase,1.0
2025-21-interlagos,13,opening,17.06,29.5,74.61,False,1.11,dry,-3.2,stable dry phase,1.0
2025-21-interlagos,14,opening,17.1,29.8,74.0,False,0.6,dry,-2.9,stable dry phase,1.0
2025-21-interlagos,15,middle,17.0,29.8,73.0,False,1.0,dry,-2.9,stable dry phase,1.0
2025-21-interlagos,16,middle,17.0,29.69,73.0,False,0.94,dry,-3.01,stable dry phase,1.0
2025-21-interlagos,17,middle,16.92,29.44,73.78,False,1.22,dry,-3.26,stable dry phase,1.0
2025-21-interlagos,18,middle,16.8,29.4,75.0,False,1.8,dry,-3.3,stable dry phase,1.0
2025-21-interlagos,19,middle,16.8,29.31,74.06,False,1.0,dry,-3.39,stable dry phase,1.0
2025-21-interlagos,20,middle,16.76,29.44,75.0,False,1.27,dry,-3.26,stable dry phase,1.0
2025-21-interlagos,21,middle,16.7,29.73,75.0,False,1.08,dry,-2.97,stable dry phase,1.0
2025-21-interlagos,22,middle,16.6,29.8,73.0,False,1.6,dry,-2.9,stable dry phase,1.0
2025-21-interlagos,23,middle,16.6,29.81,72.94,False,1.79,dry,-2.89,stable dry phase,1.0
2025-21-interlagos,24,middle,16.67,30.03,72.0,False,2.0,dry,-2.67,stable dry phase,1.0
2025-21-interlagos,25,middle,16.88,30.37,72.0,False,0.87,dry,-2.33,stable dry phase,1.0
2025-21-interlagos,26,middle,17.0,30.4,71.0,False,1.29,dry,-2.3,stable dry phase,1.0
2025-21-interlagos,27,middle,17.02,30.42,71.17,False,1.35,dry,-2.28,stable dry phase,1.0
2025-21-interlagos,28,middle,17.1,30.43,72.0,False,2.3,dry,-2.27,stable dry phase,1.0
2025-21-interlagos,29,middle,17.1,30.4,72.89,False,1.69,dry,-2.3,stable dry phase,1.0
2025-21-interlagos,30,middle,17.21,30.72,71.94,False,0.69,dry,-1.98,stable dry phase,1.0
2025-21-interlagos,31,middle,17.3,31.03,70.67,False,0.73,dry,-1.67,stable dry phase,1.0
2025-21-interlagos,32,middle,17.37,30.96,70.0,False,1.07,dry,-1.74,stable dry phase,1.0
2025-21-interlagos,33,middle,17.49,30.81,70.94,False,0.91,dry,-1.89,stable dry phase,1.0
2025-21-interlagos,34,middle,17.4,31.03,70.0,False,0.93,dry,-1.67,stable dry phase,1.0
2025-21-interlagos,35,middle,17.44,31.16,70.0,False,1.1,dry,-1.54,stable dry phase,1.0
2025-21-interlagos,36,middle,17.5,30.77,70.0,False,1.77,dry,-1.93,stable dry phase,1.0
2025-21-interlagos,37,middle,17.5,30.71,70.0,False,1.13,dry,-1.99,stable dry phase,1.0
2025-21-interlagos,38,middle,17.5,30.81,69.94,False,0.87,dry,-1.89,stable dry phase,1.0
2025-21-interlagos,39,middle,17.5,30.9,69.0,False,0.93,dry,-1.8,stable dry phase,1.0
2025-21-interlagos,40,middle,17.5,30.81,69.88,False,1.14,dry,-1.89,stable dry phase,1.0
2025-21-interlagos,41,middle,17.5,31.1,70.0,False,0.6,dry,-1.6,stable dry phase,1.0
2025-21-interlagos,42,middle,17.5,30.72,69.76,False,1.39,dry,-1.98,stable dry phase,1.0
2025-21-interlagos,43,middle,17.5,30.74,69.59,False,1.16,dry,-1.96,stable dry phase,1.0
2025-21-interlagos,44,middle,17.5,30.7,70.0,False,1.86,dry,-2.0,stable dry phase,1.0
2025-21-interlagos,45,middle,17.5,30.59,70.0,False,1.12,dry,-2.11,stable dry phase,1.0
2025-21-interlagos,46,middle,17.48,30.5,70.0,False,1.47,dry,-2.2,stable dry phase,1.0
2025-21-interlagos,47,middle,17.4,30.5,70.0,False,1.48,dry,-2.2,stable dry phase,1.0
2025-21-interlagos,48,middle,17.4,30.5,70.76,False,1.3,dry,-2.2,stable dry phase,1.0
2025-21-interlagos,49,middle,17.38,30.42,71.0,False,1.54,dry,-2.28,stable dry phase,1.0
2025-21-interlagos,50,middle,17.3,30.48,70.76,False,1.85,dry,-2.22,stable dry phase,1.0
2025-21-interlagos,51,middle,17.3,30.34,70.65,False,1.81,dry,-2.36,stable dry phase,1.0
2025-21-interlagos,52,middle,17.21,30.49,70.94,False,1.05,dry,-2.21,stable dry phase,1.0
2025-21-interlagos,53,middle,17.3,30.48,70.0,False,1.22,dry,-2.22,stable dry phase,1.0
2025-21-interlagos,54,closing,17.3,30.18,70.0,False,1.36,dry,-2.52,stable dry phase,1.0
2025-21-interlagos,55,closing,17.3,30.1,70.0,False,0.9,dry,-2.6,stable dry phase,1.0
2025-21-interlagos,56,closing,17.3,30.1,69.06,False,2.03,dry,-2.6,stable dry phase,1.0
2025-21-interlagos,57,closing,17.31,30.21,69.0,False,1.73,dry,-2.49,stable dry phase,1.0
2025-21-interlagos,58,closing,17.44,30.34,69.0,False,1.24,dry,-2.36,stable dry phase,1.0
2025-21-interlagos,59,closing,17.5,30.4,69.0,False,1.04,dry,-2.3,stable dry phase,1.0
2025-21-interlagos,60,closing,17.5,30.65,68.18,False,0.65,dry,-2.05,stable dry phase,1.0
2025-21-interlagos,61,closing,17.51,30.71,68.0,False,1.44,dry,-1.99,stable dry phase,1.0
2025-21-interlagos,62,closing,17.6,30.86,67.71,False,0.87,dry,-1.84,stable dry phase,1.0
2025-21-interlagos,63,closing,17.6,30.94,67.65,False,1.94,dry,-1.76,stable dry phase,1.0
2025-21-interlagos,64,closing,17.6,31.18,68.0,False,1.62,dry,-1.52,stable dry phase,1.0
2025-21-interlagos,65,closing,17.6,31.31,68.06,False,2.11,dry,-1.39,stable dry phase,1.0
2025-21-interlagos,66,closing,17.62,31.4,68.76,False,1.25,dry,-1.3,stable dry phase,1.0
2025-21-interlagos,67,closing,17.7,31.59,67.35,False,1.36,dry,-1.11,stable dry phase,1.0
2025-21-interlagos,68,closing,17.7,31.7,67.0,False,1.78,dry,-1.0,stable dry phase,1.0
2025-21-interlagos,69,closing,17.7,31.51,67.94,False,1.34,dry,-1.19,stable dry phase,1.0
2025-21-interlagos,70,closing,17.7,31.1,67.0,False,1.6,dry,-1.6,stable dry phase,1.0
2025-21-interlagos,71,closing,17.64,30.91,68.29,False,1.73,dry,-1.79,stable dry phase,1.0
2025-22-vegas,1,opening,16.9,18.0,38.0,False,0.7,dry,0.0,stable dry phase,1.0
2025-22-vegas,2,opening,16.9,17.6,38.0,False,0.6,dry,-0.4,stable dry phase,1.0
2025-22-vegas,3,opening,16.9,17.7,38.0,False,1.04,dry,-0.3,stable dry phase,1.0
2025-22-vegas,4,opening,17.0,17.8,37.0,False,0.6,dry,-0.2,stable dry phase,1.0
2025-22-vegas,5,opening,17.07,17.97,37.0,False,0.44,dry,-0.03,stable dry phase,1.0
2025-22-vegas,6,opening,17.1,18.1,37.0,False,0.43,dry,0.1,stable dry phase,1.0
2025-22-vegas,7,opening,17.1,18.0,37.0,False,0.5,dry,0.0,stable dry phase,1.0
2025-22-vegas,8,opening,17.1,17.7,37.0,False,0.35,dry,-0.3,stable dry phase,1.0
2025-22-vegas,9,opening,17.1,17.62,37.0,False,0.67,dry,-0.38,stable dry phase,1.0
2025-22-vegas,10,opening,17.1,17.7,37.0,False,0.53,dry,-0.3,stable dry phase,1.0
2025-22-vegas,11,middle,17.1,17.7,37.0,False,0.5,dry,-0.3,stable dry phase,1.0
2025-22-vegas,12,middle,17.1,17.7,37.0,False,0.6,dry,-0.3,stable dry phase,1.0
2025-22-vegas,13,middle,17.1,17.73,37.0,False,0.87,dry,-0.27,stable dry phase,1.0
2025-22-vegas,14,middle,17.1,17.7,37.0,False,0.9,dry,-0.3,stable dry phase,1.0
2025-22-vegas,15,middle,17.1,17.9,37.0,False,0.8,dry,-0.1,stable dry phase,1.0
2025-22-vegas,16,middle,17.16,18.55,36.0,False,0.41,dry,0.55,stable dry phase,1.0
2025-22-vegas,17,middle,17.2,24.21,35.56,False,0.66,dry,6.21,track heating,1.0
2025-22-vegas,18,middle,17.1,28.29,36.0,False,0.03,dry,10.29,track heating,1.0
2025-22-vegas,19,middle,17.09,29.41,36.0,False,0.96,dry,11.41,track heating,1.0
2025-22-vegas,20,middle,17.0,29.07,36.39,False,0.86,dry,11.07,track heating,1.0
2025-22-vegas,21,middle,17.0,28.73,36.94,False,0.71,dry,10.73,track heating,1.0
2025-22-vegas,22,middle,17.0,29.2,36.0,False,0.7,dry,11.2,track heating,1.0
2025-22-vegas,23,middle,16.97,28.03,36.67,False,0.53,dry,10.03,track heating,1.0
2025-22-vegas,24,middle,16.99,27.23,36.06,False,0.73,dry,9.23,track heating,1.0
2025-22-vegas,25,middle,16.9,27.2,36.44,False,1.53,dry,9.2,track heating,1.0
2025-22-vegas,26,middle,16.9,27.77,37.0,False,0.82,dry,9.77,track heating,1.0
2025-22-vegas,27,middle,16.82,28.73,37.0,False,1.03,dry,10.73,track heating,1.0
2025-22-vegas,28,middle,16.86,28.3,36.39,False,1.51,dry,10.3,track heating,1.0
2025-22-vegas,29,middle,16.8,28.28,37.17,False,1.08,dry,10.28,track heating,1.0
2025-22-vegas,30,middle,16.8,26.14,37.44,False,0.67,dry,8.14,track heating,1.0
2025-22-vegas,31,middle,16.8,24.2,37.28,False,1.17,dry,6.2,track heating,1.0
2025-22-vegas,32,middle,16.72,24.37,38.0,False,0.93,dry,6.37,track heating,1.0
2025-22-vegas,33,middle,16.74,24.42,37.0,False,1.06,dry,6.42,track heating,1.0
2025-22-vegas,34,middle,16.7,24.76,37.22,False,1.42,dry,6.76,track heating,1.0
2025-22-vegas,35,middle,16.7,20.56,37.39,False,1.45,dry,2.56,stable dry phase,1.0
2025-22-vegas,36,middle,16.72,18.2,38.0,False,1.44,dry,0.2,stable dry phase,1.0
2025-22-vegas,37,middle,16.8,18.61,38.0,False,1.32,dry,0.61,stable dry phase,1.0
2025-22-vegas,38,closing,16.85,18.46,37.47,False,1.78,dry,0.46,stable dry phase,1.0
2025-22-vegas,39,closing,16.9,18.19,38.0,False,1.68,dry,0.19,stable dry phase,1.0
2025-22-vegas,40,closing,16.9,18.05,38.0,False,1.82,dry,0.05,stable dry phase,1.0
2025-22-vegas,41,closing,16.88,17.95,38.0,False,1.46,dry,-0.05,stable dry phase,1.0
2025-22-vegas,42,closing,16.86,17.86,38.0,False,2.04,dry,-0.14,stable dry phase,1.0
2025-22-vegas,43,closing,16.94,17.9,38.0,False,1.64,dry,-0.1,stable dry phase,1.0
2025-22-vegas,44,closing,17.0,17.9,38.0,False,2.08,dry,-0.1,stable dry phase,1.0
2025-22-vegas,45,closing,17.0,17.85,38.0,False,1.79,dry,-0.15,stable dry phase,1.0
2025-22-vegas,46,closing,17.0,17.86,38.0,False,1.52,dry,-0.14,stable dry phase,1.0
2025-22-vegas,47,closing,17.0,17.85,37.94,False,1.78,dry,-0.15,stable dry phase,1.0
2025-22-vegas,48,closing,17.0,17.77,37.06,False,1.82,dry,-0.23,stable dry phase,1.0
2025-22-vegas,49,closing,16.99,17.7,37.65,False,2.18,dry,-0.3,stable dry phase,1.0
2025-22-vegas,50,closing,16.9,17.7,38.0,False,2.04,dry,-0.3,stable dry phase,1.0
2025-23-losail,1,opening,23.7,29.8,65.0,False,2.6,dry,0.0,stable dry phase,1.0
2025-23-losail,2,opening,23.6,29.62,65.0,False,2.19,dry,-0.18,stable dry phase,1.0
2025-23-losail,3,opening,23.6,29.6,66.0,False,2.5,dry,-0.2,stable dry phase,1.0
2025-23-losail,4,opening,23.6,29.5,65.65,False,2.08,dry,-0.3,stable dry phase,1.0
2025-23-losail,5,opening,23.5,29.4,66.0,False,2.3,dry,-0.4,stable dry phase,1.0
2025-23-losail,6,opening,23.5,29.4,66.0,False,2.35,dry,-0.4,stable dry phase,1.0
2025-23-losail,7,opening,23.5,29.4,66.0,False,1.9,dry,-0.4,stable dry phase,1.0
2025-23-losail,8,opening,23.5,29.62,66.0,False,2.02,dry,-0.18,stable dry phase,1.0
2025-23-losail,9,opening,23.4,29.6,66.0,False,2.1,dry,-0.2,stable dry phase,1.0
2025-23-losail,10,opening,23.4,29.46,66.0,False,2.38,dry,-0.34,stable dry phase,1.0
2025-23-losail,11,opening,23.3,29.4,66.0,False,1.4,dry,-0.4,stable dry phase,1.0
2025-23-losail,12,middle,23.4,29.4,66.0,False,1.4,dry,-0.4,stable dry phase,1.0
2025-23-losail,13,middle,23.4,29.55,65.26,False,1.55,dry,-0.25,stable dry phase,1.0
2025-23-losail,14,middle,23.4,29.8,65.0,False,1.6,dry,0.0,stable dry phase,1.0
2025-23-losail,15,middle,23.4,29.66,65.0,False,1.72,dry,-0.14,stable dry phase,1.0
2025-23-losail,16,middle,23.3,29.6,65.0,False,1.6,dry,-0.2,stable dry phase,1.0
2025-23-losail,17,middle,23.3,29.71,65.0,False,1.42,dry,-0.09,stable dry phase,1.0
2025-23-losail,18,middle,23.3,29.5,65.0,False,2.2,dry,-0.3,stable dry phase,1.0
2025-23-losail,19,middle,23.3,29.5,65.0,False,2.2,dry,-0.3,stable dry phase,1.0
2025-23-losail,20,middle,23.2,29.22,66.0,False,1.15,dry,-0.58,stable dry phase,1.0
2025-23-losail,21,middle,23.2,29.1,66.0,False,1.2,dry,-0.7,stable dry phase,1.0
2025-23-losail,22,middle,23.1,28.74,66.0,False,1.57,dry,-1.06,stable dry phase,1.0
2025-23-losail,23,middle,23.1,28.9,66.0,False,1.7,dry,-0.9,stable dry phase,1.0
2025-23-losail,24,middle,23.03,28.9,66.74,False,1.87,dry,-0.9,stable dry phase,1.0
2025-23-losail,25,middle,23.0,28.6,67.0,False,1.9,dry,-1.2,stable dry phase,1.0
2025-23-losail,26,middle,23.0,28.6,67.0,False,1.85,dry,-1.2,stable dry phase,1.0
2025-23-losail,27,middle,23.0,28.6,67.0,False,1.8,dry,-1.2,stable dry phase,1.0
2025-23-losail,28,middle,22.97,28.7,67.0,False,1.83,dry,-1.1,stable dry phase,1.0
2025-23-losail,29,middle,22.9,29.08,67.0,False,1.99,dry,-0.72,stable dry phase,1.0
2025-23-losail,30,middle,22.9,28.5,67.0,False,1.58,dry,-1.3,stable dry phase,1.0
2025-23-losail,31,middle,22.9,28.5,67.0,False,1.75,dry,-1.3,stable dry phase,1.0
2025-23-losail,32,middle,22.89,28.49,68.0,False,1.51,dry,-1.31,stable dry phase,1.0
2025-23-losail,33,middle,22.8,28.47,67.26,False,1.67,dry,-1.33,stable dry phase,1.0
2025-23-losail,34,middle,22.8,28.59,67.47,False,1.3,dry,-1.21,stable dry phase,1.0
2025-23-losail,35,middle,22.8,28.58,67.84,False,1.22,dry,-1.22,stable dry phase,1.0
2025-23-losail,36,middle,22.7,28.6,68.0,False,1.22,dry,-1.2,stable dry phase,1.0
2025-23-losail,37,middle,22.7,28.36,68.0,False,1.63,dry,-1.44,stable dry phase,1.0
2025-23-losail,38,middle,22.7,28.33,68.0,False,1.35,dry,-1.47,stable dry phase,1.0
2025-23-losail,39,middle,22.63,28.57,68.0,False,1.52,dry,-1.23,stable dry phase,1.0
2025-23-losail,40,middle,22.6,28.52,68.84,False,1.6,dry,-1.28,stable dry phase,1.0
2025-23-losail,41,middle,22.7,28.35,69.0,False,1.35,dry,-1.45,stable dry phase,1.0
2025-23-losail,42,middle,22.7,28.13,69.0,False,1.38,dry,-1.67,stable dry phase,1.0
2025-23-losail,43,closing,22.7,28.33,69.0,False,1.42,dry,-1.47,stable dry phase,1.0
2025-23-losail,44,closing,22.7,28.47,68.28,False,0.77,dry,-1.33,stable dry phase,1.0
2025-23-losail,45,closing,22.7,28.41,68.0,False,0.6,dry,-1.39,stable dry phase,1.0
2025-23-losail,46,closing,22.7,28.4,68.0,False,1.03,dry,-1.4,stable dry phase,1.0
2025-23-losail,47,closing,22.7,28.4,68.0,False,0.13,dry,-1.4,stable dry phase,1.0
2025-23-losail,48,closing,22.65,28.25,68.0,False,0.15,dry,-1.55,stable dry phase,1.0
2025-23-losail,49,closing,22.6,28.13,68.0,False,0.73,dry,-1.67,stable dry phase,1.0
2025-23-losail,50,closing,22.6,28.19,68.0,False,0.78,dry,-1.61,stable dry phase,1.0
2025-23-losail,51,closing,22.53,28.06,68.72,False,0.77,dry,-1.74,stable dry phase,1.0
2025-23-losail,52,closing,22.5,27.93,69.0,False,1.02,dry,-1.87,stable dry phase,1.0
2025-23-losail,53,closing,22.5,28.0,69.0,False,1.22,dry,-1.8,stable dry phase,1.0
2025-23-losail,54,closing,22.5,27.99,69.0,False,1.08,dry,-1.81,stable dry phase,1.0
2025-23-losail,55,closing,22.5,27.94,69.0,False,0.9,dry,-1.86,stable dry phase,1.0
2025-23-losail,56,closing,22.5,28.0,69.0,False,0.99,dry,-1.8,stable dry phase,1.0
2025-23-losail,57,closing,22.5,28.06,69.0,False,1.48,dry,-1.74,stable dry phase,1.0
2025-24-yas_marina,1,opening,27.4,34.6,55.0,False,3.0,dry,0.0,stable dry phase,1.0
2025-24-yas_marina,2,opening,27.5,34.4,54.0,False,1.4,dry,-0.2,stable dry phase,1.0
2025-24-yas_marina,3,opening,27.5,34.2,54.0,False,2.6,dry,-0.4,stable dry phase,1.0
2025-24-yas_marina,4,opening,27.5,34.2,54.0,False,2.2,dry,-0.4,stable dry phase,1.0
2025-24-yas_marina,5,opening,27.4,34.4,55.0,False,1.6,dry,-0.2,stable dry phase,1.0
2025-24-yas_marina,6,opening,27.4,34.5,54.0,False,1.08,dry,-0.1,stable dry phase,1.0
2025-24-yas_marina,7,opening,27.5,34.3,54.0,False,2.0,dry,-0.3,stable dry phase,1.0
2025-24-yas_marina,8,opening,27.41,34.1,53.95,False,1.68,dry,-0.5,stable dry phase,1.0
2025-24-yas_marina,9,opening,27.4,34.28,54.0,False,2.2,dry,-0.32,stable dry phase,1.0
2025-24-yas_marina,10,opening,27.4,33.81,54.0,False,2.48,dry,-0.79,stable dry phase,1.0
2025-24-yas_marina,11,opening,27.4,34.0,54.15,False,1.9,dry,-0.6,stable dry phase,1.0
2025-24-yas_marina,12,middle,27.4,33.82,54.1,False,1.39,dry,-0.78,stable dry phase,1.0
2025-24-yas_marina,13,middle,27.49,33.75,54.85,False,0.94,dry,-0.85,stable dry phase,1.0
2025-24-yas_marina,14,middle,27.4,33.14,54.0,False,1.2,dry,-1.46,stable dry phase,1.0
2025-24-yas_marina,15,middle,27.4,32.88,54.0,False,1.84,dry,-1.72,stable dry phase,1.0
2025-24-yas_marina,16,middle,27.4,32.8,54.9,False,1.44,dry,-1.8,stable dry phase,1.0
2025-24-yas_marina,17,middle,27.4,32.61,55.0,False,0.78,dry,-1.99,stable dry phase,1.0
2025-24-yas_marina,18,middle,27.31,32.04,55.0,False,1.09,dry,-2.56,stable dry phase,1.0
2025-24-yas_marina,19,middle,27.3,32.4,55.35,False,1.98,dry,-2.2,stable dry phase,1.0
2025-24-yas_marina,20,middle,27.3,32.4,56.0,False,1.6,dry,-2.2,stable dry phase,1.0
2025-24-yas_marina,21,middle,27.2,32.34,56.0,False,0.85,dry,-2.26,stable dry phase,1.0
2025-24-yas_marina,22,middle,27.29,32.4,55.1,False,1.08,dry,-2.2,stable dry phase,1.0
2025-24-yas_marina,23,middle,27.24,31.84,54.45,False,1.06,dry,-2.76,stable dry phase,1.0
2025-24-yas_marina,24,middle,27.2,31.8,54.9,False,1.28,dry,-2.8,stable dry phase,1.0
2025-24-yas_marina,25,middle,27.1,31.8,56.0,False,1.84,dry,-2.8,stable dry phase,1.0
2025-24-yas_marina,26,middle,27.1,31.99,55.05,False,0.83,dry,-2.61,stable dry phase,1.0
2025-24-yas_marina,27,middle,27.1,32.0,55.6,False,1.02,dry,-2.6,stable dry phase,1.0
2025-24-yas_marina,28,middle,27.1,31.81,56.0,False,0.82,dry,-2.79,stable dry phase,1.0
2025-24-yas_marina,29,middle,27.16,31.64,55.0,False,0.74,dry,-2.96,stable dry phase,1.0
2025-24-yas_marina,30,middle,27.2,31.41,55.0,False,0.59,dry,-3.19,stable dry phase,1.0
2025-24-yas_marina,31,middle,27.2,31.16,55.4,False,0.96,dry,-3.44,stable dry phase,1.0
2025-24-yas_marina,32,middle,27.11,31.0,55.9,False,2.17,dry,-3.6,stable dry phase,1.0
2025-24-yas_marina,33,middle,27.1,30.62,56.65,False,1.87,dry,-3.98,stable dry phase,1.0
2025-24-yas_marina,34,middle,27.1,30.35,57.0,False,2.34,dry,-4.25,stable dry phase,1.0
2025-24-yas_marina,35,middle,27.0,31.65,57.3,False,1.59,dry,-2.95,stable dry phase,1.0
2025-24-yas_marina,36,middle,27.0,31.8,57.85,False,1.16,dry,-2.8,stable dry phase,1.0
2025-24-yas_marina,37,middle,26.9,31.39,58.0,False,1.25,dry,-3.21,stable dry phase,1.0
2025-24-yas_marina,38,middle,26.9,31.22,58.8,False,1.4,dry,-3.38,stable dry phase,1.0
2025-24-yas_marina,39,middle,26.8,31.37,59.7,False,2.54,dry,-3.23,stable dry phase,1.0
2025-24-yas_marina,40,middle,26.8,31.4,60.0,False,2.42,dry,-3.2,stable dry phase,1.0
2025-24-yas_marina,41,middle,26.8,31.5,60.0,False,1.53,dry,-3.1,stable dry phase,1.0
2025-24-yas_marina,42,middle,26.8,31.39,60.1,False,1.97,dry,-3.21,stable dry phase,1.0
2025-24-yas_marina,43,middle,26.8,31.27,61.0,False,2.8,dry,-3.33,stable dry phase,1.0
2025-24-yas_marina,44,closing,26.79,31.39,61.0,False,2.68,dry,-3.21,stable dry phase,1.0
2025-24-yas_marina,45,closing,26.7,31.47,61.0,False,2.47,dry,-3.13,stable dry phase,1.0
2025-24-yas_marina,46,closing,26.7,31.48,61.0,False,1.86,dry,-3.12,stable dry phase,1.0
2025-24-yas_marina,47,closing,26.7,31.38,61.0,False,2.04,dry,-3.23,stable dry phase,1.0
2025-24-yas_marina,48,closing,26.7,31.39,61.0,False,1.81,dry,-3.21,stable dry phase,1.0
2025-24-yas_marina,49,closing,26.7,31.3,61.0,False,2.14,dry,-3.3,stable dry phase,1.0
2025-24-yas_marina,50,closing,26.7,31.29,61.8,False,1.11,dry,-3.31,stable dry phase,1.0
2025-24-yas_marina,51,closing,26.7,31.12,62.0,False,1.92,dry,-3.48,stable dry phase,1.0
2025-24-yas_marina,52,closing,26.7,31.2,62.0,False,2.0,dry,-3.4,stable dry phase,1.0
2025-24-yas_marina,53,closing,26.61,31.11,62.0,False,1.53,dry,-3.5,stable dry phase,1.0
2025-24-yas_marina,54,closing,26.6,30.86,62.0,False,0.88,dry,-3.74,stable dry phase,1.0
2025-24-yas_marina,55,closing,26.51,30.89,62.0,False,2.08,dry,-3.71,stable dry phase,1.0
2025-24-yas_marina,56,closing,26.5,30.68,62.75,False,2.38,dry,-3.93,stable dry phase,1.0
2025-24-yas_marina,57,closing,26.5,30.64,62.5,False,2.06,dry,-3.96,stable dry phase,1.0
2025-24-yas_marina,58,closing,26.5,30.56,63.0,False,2.01,dry,-4.04,stable dry phase,1.0
2026-01-albert_park,1,opening,23.1,36.2,55.8,False,1.8,dry,0.0,stable dry phase,1.0
2026-01-albert_park,2,opening,23.2,35.6,55.2,False,3.2,dry,-0.6,stable dry phase,1.0
2026-01-albert_park,3,opening,23.1,35.7,55.7,False,3.4,dry,-0.5,stable dry phase,1.0
2026-01-albert_park,4,opening,23.17,35.73,55.59,False,3.31,dry,-0.47,stable dry phase,1.0
2026-01-albert_park,5,opening,23.2,35.5,55.7,False,1.7,dry,-0.7,stable dry phase,1.0
2026-01-albert_park,6,opening,23.1,35.59,56.74,False,2.45,dry,-0.61,stable dry phase,1.0
2026-01-albert_park,7,opening,23.2,35.6,55.9,False,2.4,dry,-0.6,stable dry phase,1.0
2026-01-albert_park,8,opening,23.12,36.05,56.52,False,1.35,dry,-0.16,stable dry phase,1.0
2026-01-albert_park,9,opening,23.12,36.64,56.1,False,2.19,dry,0.44,stable dry phase,1.0
2026-01-albert_park,10,opening,23.1,36.3,56.1,False,3.15,dry,0.1,stable dry phase,1.0
2026-01-albert_park,11,opening,23.1,35.82,55.96,False,3.29,dry,-0.38,stable dry phase,1.0
2026-01-albert_park,12,middle,23.1,35.6,56.08,False,2.15,dry,-0.6,stable dry phase,1.0
2026-01-albert_park,13,middle,23.13,35.67,56.39,False,1.42,dry,-0.53,stable dry phase,1.0
2026-01-albert_park,14,middle,23.21,35.52,56.37,False,2.25,dry,-0.68,stable dry phase,1.0
2026-01-albert_park,15,middle,23.26,35.58,56.15,False,2.98,dry,-0.62,stable dry phase,1.0
2026-01-albert_park,16,middle,23.3,35.02,55.27,False,3.51,dry,-1.18,stable dry phase,1.0
2026-01-albert_park,17,middle,23.21,34.87,55.63,False,1.19,dry,-1.33,stable dry phase,1.0
2026-01-albert_park,18,middle,23.29,33.78,56.16,False,2.17,dry,-2.42,stable dry phase,1.0
2026-01-albert_park,19,middle,23.44,34.32,55.53,False,2.61,dry,-1.88,stable dry phase,1.0
2026-01-albert_park,20,middle,23.49,34.31,55.58,False,2.23,dry,-1.89,stable dry phase,1.0
2026-01-albert_park,21,middle,23.42,35.14,55.51,False,0.57,dry,-1.06,stable dry phase,1.0
2026-01-albert_park,22,middle,23.43,35.99,55.51,False,0.81,dry,-0.21,stable dry phase,1.0
2026-01-albert_park,23,middle,23.4,35.5,55.47,False,2.69,dry,-0.7,stable dry phase,1.0
2026-01-albert_park,24,middle,23.4,35.55,55.26,False,2.44,dry,-0.65,stable dry phase,1.0
2026-01-albert_park,25,middle,23.4,35.8,56.0,False,2.4,dry,-0.4,stable dry phase,1.0
2026-01-albert_park,26,middle,23.4,35.45,55.46,False,1.72,dry,-0.75,stable dry phase,1.0
2026-01-albert_park,27,middle,23.4,35.52,55.78,False,1.22,dry,-0.68,stable dry phase,1.0
2026-01-albert_park,28,middle,23.41,35.29,55.45,False,2.22,dry,-0.91,stable dry phase,1.0
2026-01-albert_park,29,middle,23.42,35.24,55.36,False,3.43,dry,-0.96,stable dry phase,1.0
2026-01-albert_park,30,middle,23.52,35.56,55.36,False,2.21,dry,-0.64,stable dry phase,1.0
2026-01-albert_park,31,middle,23.66,36.99,55.36,False,1.86,dry,0.79,stable dry phase,1.0
2026-01-albert_park,32,middle,23.75,38.1,54.49,False,2.43,dry,1.9,stable dry phase,1.0
2026-01-albert_park,33,middle,23.86,39.02,54.35,False,2.24,dry,2.82,stable dry phase,1.0
2026-01-albert_park,34,middle,23.91,38.56,54.57,False,2.35,dry,2.36,stable dry phase,1.0
2026-01-albert_park,35,middle,23.94,37.56,54.99,False,2.05,dry,1.36,stable dry phase,1.0
2026-01-albert_park,36,middle,24.02,37.16,54.72,False,2.63,dry,0.96,stable dry phase,1.0
2026-01-albert_park,37,middle,24.02,36.99,54.11,False,1.71,dry,0.79,stable dry phase,1.0
2026-01-albert_park,38,middle,23.98,36.94,54.21,False,1.74,dry,0.74,stable dry phase,1.0
2026-01-albert_park,39,middle,24.01,36.28,54.05,False,2.74,dry,0.08,stable dry phase,1.0
2026-01-albert_park,40,middle,23.96,35.71,54.04,False,3.16,dry,-0.49,stable dry phase,1.0
2026-01-albert_park,41,middle,23.94,35.71,54.14,False,2.22,dry,-0.49,stable dry phase,1.0
2026-01-albert_park,42,middle,23.96,36.71,54.05,False,2.6,dry,0.51,stable dry phase,1.0
2026-01-albert_park,43,middle,24.05,37.35,54.03,False,3.31,dry,1.15,stable dry phase,1.0
2026-01-albert_park,44,closing,24.16,36.49,54.14,False,3.09,dry,0.29,stable dry phase,1.0
2026-01-albert_park,45,closing,24.12,36.08,54.17,False,1.77,dry,-0.12,stable dry phase,1.0
2026-01-albert_park,46,closing,24.11,36.04,54.11,False,1.64,dry,-0.16,stable dry phase,1.0
2026-01-albert_park,47,closing,24.12,35.86,54.13,False,1.78,dry,-0.34,stable dry phase,1.0
2026-01-albert_park,48,closing,24.18,35.42,54.27,False,2.25,dry,-0.78,stable dry phase,1.0
2026-01-albert_park,49,closing,24.23,35.34,54.48,False,2.79,dry,-0.86,stable dry phase,1.0
2026-01-albert_park,50,closing,24.32,36.03,54.42,False,2.52,dry,-0.17,stable dry phase,1.0
2026-01-albert_park,51,closing,24.41,36.91,54.01,False,2.42,dry,0.71,stable dry phase,1.0
2026-01-albert_park,52,closing,24.42,37.4,53.4,False,2.51,dry,1.2,stable dry phase,1.0
2026-01-albert_park,53,closing,24.44,36.85,53.21,False,2.18,dry,0.65,stable dry phase,1.0
2026-01-albert_park,54,closing,24.44,36.53,53.3,False,2.11,dry,0.33,stable dry phase,1.0
2026-01-albert_park,55,closing,24.46,36.49,53.28,False,2.19,dry,0.29,stable dry phase,1.0
2026-01-albert_park,56,closing,24.52,36.61,52.95,False,2.24,dry,0.41,stable dry phase,1.0
2026-01-albert_park,57,closing,24.46,36.65,52.68,False,2.77,dry,0.45,stable dry phase,1.0
2026-01-albert_park,58,closing,24.37,36.6,52.7,False,3.37,dry,0.4,stable dry phase,1.0
2026-02-shanghai,1,opening,16.3,26.5,51.1,False,2.1,dry,0.0,stable dry phase,1.0
2026-02-shanghai,2,opening,16.3,26.1,51.3,False,2.0,dry,-0.4,stable dry phase,1.0
2026-02-shanghai,3,opening,16.3,25.4,51.37,False,2.05,dry,-1.1,stable dry phase,1.0
2026-02-shanghai,4,opening,16.2,25.39,51.61,False,1.78,dry,-1.11,stable dry phase,1.0
2026-02-shanghai,5,opening,16.1,25.2,51.9,False,1.5,dry,-1.3,stable dry phase,1.0
2026-02-shanghai,6,opening,16.2,25.02,51.8,False,1.21,dry,-1.48,stable dry phase,1.0
2026-02-shanghai,7,opening,16.1,25.29,52.48,False,0.95,dry,-1.21,stable dry phase,1.0
2026-02-shanghai,8,opening,16.1,24.68,51.35,False,1.38,dry,-1.82,stable dry phase,1.0
2026-02-shanghai,9,opening,16.13,25.02,52.2,False,1.49,dry,-1.48,stable dry phase,1.0
2026-02-shanghai,10,opening,16.1,25.09,52.29,False,1.34,dry,-1.41,stable dry phase,1.0
2026-02-shanghai,11,opening,16.1,24.78,52.5,False,1.95,dry,-1.72,stable dry phase,1.0
2026-02-shanghai,12,middle,16.1,25.54,53.29,False,0.86,dry,-0.96,stable dry phase,1.0
2026-02-shanghai,13,middle,16.3,27.6,52.5,False,1.9,dry,1.1,stable dry phase,1.0
2026-02-shanghai,14,middle,16.4,25.3,50.5,False,2.0,dry,-1.2,stable dry phase,1.0
2026-02-shanghai,15,middle,16.2,24.7,51.9,False,1.4,dry,-1.8,stable dry phase,1.0
2026-02-shanghai,16,middle,16.1,24.4,52.5,False,2.6,dry,-2.1,stable dry phase,1.0
2026-02-shanghai,17,middle,16.0,24.2,52.8,False,1.7,dry,-2.3,stable dry phase,1.0
2026-02-shanghai,18,middle,15.9,24.5,52.9,False,2.0,dry,-2.0,stable dry phase,1.0
2026-02-shanghai,19,middle,15.8,24.18,53.94,False,1.92,dry,-2.32,stable dry phase,1.0
2026-02-shanghai,20,middle,15.9,24.0,54.1,False,1.6,dry,-2.5,stable dry phase,1.0
2026-02-shanghai,21,middle,16.0,24.5,54.1,False,1.0,dry,-2.0,stable dry phase,1.0
2026-02-shanghai,22,middle,16.0,24.46,53.65,False,1.11,dry,-2.04,stable dry phase,1.0
2026-02-shanghai,23,middle,16.0,24.2,53.6,False,1.0,dry,-2.3,stable dry phase,1.0
2026-02-shanghai,24,middle,15.9,24.14,53.7,False,1.15,dry,-2.36,stable dry phase,1.0
2026-02-shanghai,25,middle,15.9,24.07,53.99,False,1.32,dry,-2.43,stable dry phase,1.0
2026-02-shanghai,26,middle,15.9,24.4,53.4,False,1.6,dry,-2.1,stable dry phase,1.0
2026-02-shanghai,27,middle,16.0,24.73,53.05,False,0.97,dry,-1.77,stable dry phase,1.0
2026-02-shanghai,28,middle,16.13,24.58,52.65,False,2.51,dry,-1.92,stable dry phase,1.0
2026-02-shanghai,29,middle,16.11,24.3,52.39,False,2.79,dry,-2.2,stable dry phase,1.0
2026-02-shanghai,30,middle,16.03,23.62,52.9,False,2.53,dry,-2.88,stable dry phase,1.0
2026-02-shanghai,31,middle,15.8,23.57,53.89,False,2.0,dry,-2.93,stable dry phase,1.0
2026-02-shanghai,32,middle,15.72,23.13,54.33,False,1.96,dry,-3.37,stable dry phase,1.0
2026-02-shanghai,33,middle,15.64,23.26,55.02,False,2.71,dry,-3.24,stable dry phase,1.0
2026-02-shanghai,34,middle,15.6,22.64,55.44,False,3.12,dry,-3.86,stable dry phase,1.0
2026-02-shanghai,35,middle,15.53,22.88,55.67,False,2.48,dry,-3.62,stable dry phase,1.0
2026-02-shanghai,36,middle,15.5,23.15,55.4,False,2.9,dry,-3.35,stable dry phase,1.0
2026-02-shanghai,37,middle,15.5,23.14,55.54,False,2.71,dry,-3.36,stable dry phase,1.0
2026-02-shanghai,38,middle,15.57,22.96,55.51,False,2.67,dry,-3.54,stable dry phase,1.0
2026-02-shanghai,39,middle,15.6,22.68,55.69,False,2.84,dry,-3.82,stable dry phase,1.0
2026-02-shanghai,40,middle,15.6,22.65,55.88,False,2.17,dry,-3.85,stable dry phase,1.0
2026-02-shanghai,41,middle,15.6,22.6,55.96,False,2.38,dry,-3.9,stable dry phase,1.0
2026-02-shanghai,42,middle,15.51,22.48,56.02,False,2.54,dry,-4.02,stable dry phase,1.0
2026-02-shanghai,43,closing,15.5,22.51,55.99,False,1.73,dry,-3.99,stable dry phase,1.0
2026-02-shanghai,44,closing,15.5,22.78,55.48,False,1.49,dry,-3.72,stable dry phase,1.0
2026-02-shanghai,45,closing,15.5,22.66,55.42,False,0.76,dry,-3.84,stable dry phase,1.0
2026-02-shanghai,46,closing,15.5,22.17,55.31,False,1.62,dry,-4.33,stable dry phase,1.0
2026-02-shanghai,47,closing,15.45,22.03,55.39,False,1.79,dry,-4.47,stable dry phase,1.0
2026-02-shanghai,48,closing,15.37,22.19,56.15,False,1.88,dry,-4.31,stable dry phase,1.0
2026-02-shanghai,49,closing,15.35,21.9,56.39,False,2.45,dry,-4.6,stable dry phase,1.0
2026-02-shanghai,50,closing,15.27,21.87,56.6,False,2.29,dry,-4.63,stable dry phase,1.0
2026-02-shanghai,51,closing,15.23,21.87,56.62,False,1.91,dry,-4.63,stable dry phase,1.0
2026-02-shanghai,52,closing,15.29,21.71,56.41,False,1.8,dry,-4.79,stable dry phase,1.0
2026-02-shanghai,53,closing,15.3,21.69,56.47,False,2.15,dry,-4.81,stable dry phase,1.0
2026-02-shanghai,54,closing,15.3,21.68,56.69,False,2.22,dry,-4.82,stable dry phase,1.0
2026-02-shanghai,55,closing,15.3,21.69,56.83,False,2.3,dry,-4.81,stable dry phase,1.0
2026-02-shanghai,56,closing,15.3,21.75,56.95,False,2.6,dry,-4.75,stable dry phase,1.0
2026-03-suzuka,1,opening,19.4,37.0,46.1,False,3.1,dry,0.0,stable dry phase,1.0
2026-03-suzuka,2,opening,19.4,37.3,44.7,False,3.3,dry,0.3,stable dry phase,1.0
2026-03-suzuka,3,opening,19.5,37.7,45.0,False,2.3,dry,0.7,stable dry phase,1.0
2026-03-suzuka,4,opening,19.5,38.1,45.4,False,2.7,dry,1.1,stable dry phase,1.0
2026-03-suzuka,5,opening,19.46,38.04,46.0,False,2.6,dry,1.04,stable dry phase,1.0
2026-03-suzuka,6,opening,19.5,38.2,46.3,False,2.7,dry,1.2,stable dry phase,1.0
2026-03-suzuka,7,opening,19.3,38.3,49.8,False,2.4,dry,1.3,stable dry phase,1.0
2026-03-suzuka,8,opening,19.28,37.81,51.3,False,3.4,dry,0.81,stable dry phase,1.0
2026-03-suzuka,9,opening,19.1,37.8,51.0,False,2.1,dry,0.8,stable dry phase,1.0
2026-03-suzuka,10,opening,18.83,37.43,51.93,False,2.47,dry,0.43,stable dry phase,1.0
2026-03-suzuka,11,middle,18.79,36.83,52.38,False,1.16,dry,-0.17,stable dry phase,1.0
2026-03-suzuka,12,middle,18.61,37.09,52.17,False,2.29,dry,0.09,stable dry phase,1.0
2026-03-suzuka,13,middle,18.44,36.95,52.02,False,3.26,dry,-0.05,stable dry phase,1.0
2026-03-suzuka,14,middle,18.4,36.82,53.65,False,2.95,dry,-0.18,stable dry phase,1.0
2026-03-suzuka,15,middle,18.46,36.82,52.95,False,2.41,dry,-0.18,stable dry phase,1.0
2026-03-suzuka,16,middle,18.58,36.22,53.72,False,2.55,dry,-0.78,stable dry phase,1.0
2026-03-suzuka,17,middle,18.5,36.22,53.13,False,1.55,dry,-0.78,stable dry phase,1.0
2026-03-suzuka,18,middle,18.5,35.49,52.53,False,2.65,dry,-1.51,stable dry phase,1.0
2026-03-suzuka,19,middle,18.5,36.0,52.86,False,2.82,dry,-1.0,stable dry phase,1.0
2026-03-suzuka,20,middle,18.5,36.09,52.77,False,2.03,dry,-0.91,stable dry phase,1.0
2026-03-suzuka,21,middle,18.41,36.16,53.7,False,2.2,dry,-0.84,stable dry phase,1.0
2026-03-suzuka,22,middle,18.54,36.04,53.62,False,2.07,dry,-0.96,stable dry phase,1.0
2026-03-suzuka,23,middle,18.49,36.16,52.89,False,2.78,dry,-0.84,stable dry phase,1.0
2026-03-suzuka,24,middle,18.45,36.28,53.13,False,2.43,dry,-0.72,stable dry phase,1.0
2026-03-suzuka,25,middle,18.43,35.53,52.01,False,2.62,dry,-1.47,stable dry phase,1.0
2026-03-suzuka,26,middle,18.5,35.82,52.97,False,3.34,dry,-1.18,stable dry phase,1.0
2026-03-suzuka,27,middle,18.6,36.16,52.13,False,1.97,dry,-0.84,stable dry phase,1.0
2026-03-suzuka,28,middle,18.7,36.6,53.6,False,2.0,dry,-0.4,stable dry phase,1.0
2026-03-suzuka,29,middle,18.8,36.51,51.29,False,2.76,dry,-0.49,stable dry phase,1.0
2026-03-suzuka,30,middle,18.8,36.9,53.0,False,3.1,dry,-0.1,stable dry phase,1.0
2026-03-suzuka,31,middle,18.8,36.62,52.7,False,1.9,dry,-0.38,stable dry phase,1.0
2026-03-suzuka,32,middle,18.8,36.23,52.64,False,3.01,dry,-0.77,stable dry phase,1.0
2026-03-suzuka,33,middle,18.8,36.4,53.1,False,2.5,dry,-0.6,stable dry phase,1.0
2026-03-suzuka,34,middle,18.72,36.62,53.56,False,2.0,dry,-0.38,stable dry phase,1.0
2026-03-suzuka,35,middle,18.8,36.6,53.7,False,2.3,dry,-0.4,stable dry phase,1.0
2026-03-suzuka,36,middle,18.95,36.65,53.79,False,2.34,dry,-0.35,stable dry phase,1.0
2026-03-suzuka,37,middle,18.89,36.43,54.06,False,2.01,dry,-0.57,stable dry phase,1.0
2026-03-suzuka,38,middle,18.87,36.77,55.36,False,1.89,dry,-0.23,stable dry phase,1.0
2026-03-suzuka,39,middle,18.9,36.64,54.24,False,1.53,dry,-0.36,stable dry phase,1.0
2026-03-suzuka,40,closing,18.9,36.05,54.41,False,1.98,dry,-0.95,stable dry phase,1.0
2026-03-suzuka,41,closing,19.04,36.46,54.16,False,1.4,dry,-0.54,stable dry phase,1.0
2026-03-suzuka,42,closing,19.11,36.36,53.14,False,2.24,dry,-0.64,stable dry phase,1.0
2026-03-suzuka,43,closing,19.26,35.82,52.06,False,2.12,dry,-1.18,stable dry phase,1.0
2026-03-suzuka,44,closing,19.09,35.66,51.33,False,1.28,dry,-1.34,stable dry phase,1.0
2026-03-suzuka,45,closing,19.01,35.27,51.57,False,2.06,dry,-1.73,stable dry phase,1.0
2026-03-suzuka,46,closing,19.1,34.52,51.1,False,2.35,dry,-2.48,stable dry phase,1.0
2026-03-suzuka,47,closing,19.05,34.42,51.01,False,2.08,dry,-2.58,stable dry phase,1.0
2026-03-suzuka,48,closing,19.05,33.98,50.83,False,1.94,dry,-3.02,stable dry phase,1.0
2026-03-suzuka,49,closing,19.07,33.8,50.34,False,1.22,dry,-3.2,stable dry phase,1.0
2026-03-suzuka,50,closing,18.99,33.88,50.2,False,1.32,dry,-3.12,stable dry phase,1.0
2026-03-suzuka,51,closing,18.97,33.55,50.66,False,1.21,dry,-3.45,stable dry phase,1.0
2026-03-suzuka,52,closing,18.84,33.26,51.04,False,1.15,dry,-3.74,stable dry phase,1.0
2026-03-suzuka,53,closing,18.8,33.39,50.64,False,0.98,dry,-3.61,stable dry phase,1.0
2026-04-miami,1,opening,25.7,34.9,76.2,False,1.5,dry,0.0,stable dry phase,1.0
2026-04-miami,2,opening,25.8,34.7,75.9,False,0.6,dry,-0.2,stable dry phase,1.0
2026-04-miami,3,opening,25.9,35.3,75.94,False,1.09,dry,0.4,stable dry phase,1.0
2026-04-miami,4,opening,26.0,35.5,76.3,False,1.5,dry,0.6,stable dry phase,1.0
2026-04-miami,5,opening,25.86,35.16,76.36,False,0.84,dry,0.26,stable dry phase,1.0
2026-04-miami,6,opening,25.8,35.26,75.9,False,0.63,dry,0.36,stable dry phase,1.0
2026-04-miami,7,opening,25.73,35.23,76.24,False,0.67,dry,0.33,stable dry phase,1.0
2026-04-miami,8,opening,26.06,34.13,73.79,False,2.67,dry,-0.77,stable dry phase,1.0
2026-04-miami,9,opening,26.0,34.9,75.1,False,0.6,dry,0.0,stable dry phase,1.0
2026-04-miami,10,opening,26.1,35.5,74.56,False,0.66,dry,0.6,stable dry phase,1.0
2026-04-miami,11,opening,26.4,35.8,72.86,False,0.46,dry,0.9,stable dry phase,1.0
2026-04-miami,12,middle,26.5,35.8,72.6,False,0.3,dry,0.9,stable dry phase,1.0
2026-04-miami,13,middle,26.5,35.6,72.6,False,2.7,dry,0.7,stable dry phase,1.0
2026-04-miami,14,middle,26.4,34.8,72.0,False,2.5,dry,-0.1,stable dry phase,1.0
2026-04-miami,15,middle,26.4,35.6,72.3,False,1.1,dry,0.7,stable dry phase,1.0
2026-04-miami,16,middle,26.43,35.09,70.76,False,1.32,dry,0.19,stable dry phase,1.0
2026-04-miami,17,middle,26.5,35.5,70.5,False,1.0,dry,0.6,stable dry phase,1.0
2026-04-miami,18,middle,26.34,34.83,71.01,False,1.73,dry,-0.07,stable dry phase,1.0
2026-04-miami,19,middle,26.3,34.7,71.4,False,0.7,dry,-0.2,stable dry phase,1.0
2026-04-miami,20,middle,26.39,35.58,71.98,False,0.9,dry,0.68,stable dry phase,1.0
2026-04-miami,21,middle,26.4,35.84,71.94,False,0.97,dry,0.94,stable dry phase,1.0
2026-04-miami,22,middle,26.21,35.61,72.18,False,0.83,dry,0.71,stable dry phase,1.0
2026-04-miami,23,middle,26.3,35.4,72.85,False,0.8,dry,0.5,stable dry phase,1.0
2026-04-miami,24,middle,26.3,35.99,73.0,False,0.81,dry,1.09,stable dry phase,1.0
2026-04-miami,25,middle,26.3,35.83,72.93,False,1.3,dry,0.93,stable dry phase,1.0
2026-04-miami,26,middle,26.17,36.06,72.88,False,0.22,dry,1.16,stable dry phase,1.0
2026-04-miami,27,middle,26.4,35.46,72.61,False,1.02,dry,0.56,stable dry phase,1.0
2026-04-miami,28,middle,26.36,35.43,72.61,False,0.31,dry,0.53,stable dry phase,1.0
2026-04-miami,29,middle,26.51,34.98,71.84,False,1.5,dry,0.08,stable dry phase,1.0
2026-04-miami,30,middle,26.6,35.72,70.78,False,1.56,dry,0.82,stable dry phase,1.0
2026-04-miami,31,middle,26.57,35.56,71.91,False,0.69,dry,0.66,stable dry phase,1.0
2026-04-miami,32,middle,26.57,35.87,72.05,False,0.4,dry,0.97,stable dry phase,1.0
2026-04-miami,33,middle,26.56,36.07,72.74,False,0.3,dry,1.17,stable dry phase,1.0
2026-04-miami,34,middle,26.7,36.47,72.83,False,0.68,dry,1.57,stable dry phase,1.0
2026-04-miami,35,middle,26.86,36.56,72.17,False,0.67,dry,1.66,stable dry phase,1.0
2026-04-miami,36,middle,26.94,36.58,70.96,False,0.42,dry,1.68,stable dry phase,1.0
2026-04-miami,37,middle,27.06,36.53,69.68,False,1.17,dry,1.63,stable dry phase,1.0
2026-04-miami,38,middle,27.14,37.28,69.54,False,1.47,dry,2.38,stable dry phase,1.0
2026-04-miami,39,middle,27.2,37.33,68.82,False,1.27,dry,2.43,stable dry phase,1.0
2026-04-miami,40,middle,27.26,37.51,68.95,False,0.67,dry,2.61,stable dry phase,1.0
2026-04-miami,41,middle,27.38,38.01,69.23,False,0.58,dry,3.11,stable dry phase,1.0
2026-04-miami,42,middle,27.4,37.8,69.27,False,0.59,dry,2.9,stable dry phase,1.0
2026-04-miami,43,closing,27.34,38.12,68.63,False,0.48,dry,3.22,stable dry phase,1.0
2026-04-miami,44,closing,27.17,39.15,68.65,False,0.52,dry,4.25,stable dry phase,1.0
2026-04-miami,45,closing,27.25,40.61,68.73,False,1.15,dry,5.71,track heating,1.0
2026-04-miami,46,closing,27.42,41.17,68.72,False,0.53,dry,6.27,track heating,1.0
2026-04-miami,47,closing,27.51,42.03,69.41,False,0.83,dry,7.13,track heating,1.0
2026-04-miami,48,closing,27.56,41.94,69.44,False,1.13,dry,7.04,track heating,1.0
2026-04-miami,49,closing,27.73,41.37,68.52,False,1.49,dry,6.47,track heating,1.0
2026-04-miami,50,closing,27.8,41.11,67.42,False,2.57,dry,6.21,track heating,1.0
2026-04-miami,51,closing,27.81,41.42,67.28,False,1.53,dry,6.52,track heating,1.0
2026-04-miami,52,closing,27.84,40.77,67.11,False,1.54,dry,5.87,track heating,1.0
2026-04-miami,53,closing,27.9,39.96,67.55,False,0.98,dry,5.06,track heating,1.0
2026-04-miami,54,closing,27.9,38.96,67.65,False,0.78,dry,4.06,stable dry phase,1.0
2026-04-miami,55,closing,27.89,38.81,68.07,False,0.76,dry,3.91,stable dry phase,1.0
2026-04-miami,56,closing,27.88,38.35,68.16,False,0.99,dry,3.45,stable dry phase,1.0
2026-04-miami,57,closing,27.86,38.0,67.68,False,1.02,dry,3.1,stable dry phase,1.0
2026-05-villeneuve,1,opening,12.4,17.2,74.4,False,5.7,dry,0.0,stable dry phase,1.0
2026-05-villeneuve,2,opening,12.6,17.2,74.4,False,5.7,dry,0.0,stable dry phase,1.0
2026-05-villeneuve,3,opening,12.6,17.2,74.4,False,5.7,dry,0.0,stable dry phase,1.0
2026-05-villeneuve,4,opening,12.4,17.2,74.4,False,5.7,dry,0.0,stable dry phase,1.0
2026-05-villeneuve,5,opening,12.52,17.2,74.4,False,5.7,dry,0.0,stable dry phase,1.0
2026-05-villeneuve,6,opening,12.41,17.2,74.4,False,5.7,dry,0.0,stable dry phase,1.0
2026-05-villeneuve,7,opening,12.47,17.2,74.4,False,5.7,dry,0.0,stable dry phase,1.0
2026-05-villeneuve,8,opening,12.61,16.99,75.4,False,6.06,dry,-0.21,stable dry phase,1.0
2026-05-villeneuve,9,opening,12.5,17.1,74.89,False,4.11,dry,-0.1,stable dry phase,1.0
2026-05-villeneuve,10,opening,12.53,17.07,74.47,False,4.39,dry,-0.13,stable dry phase,1.0
2026-05-villeneuve,11,opening,12.42,17.0,73.9,False,4.6,dry,-0.2,stable dry phase,1.0
2026-05-villeneuve,12,opening,12.38,17.0,73.9,False,4.6,dry,-0.2,stable dry phase,1.0
2026-05-villeneuve,13,opening,12.47,17.0,73.9,False,4.6,dry,-0.2,stable dry phase,1.0
2026-05-villeneuve,14,middle,12.46,17.0,73.9,False,4.6,dry,-0.2,stable dry phase,1.0
2026-05-villeneuve,15,middle,12.49,17.0,73.9,False,4.6,dry,-0.2,stable dry phase,1.0
2026-05-villeneuve,16,middle,12.43,17.02,73.87,False,4.58,dry,-0.18,stable dry phase,1.0
2026-05-villeneuve,17,middle,12.59,17.27,73.53,False,4.41,dry,0.07,stable dry phase,1.0
2026-05-villeneuve,18,middle,12.71,17.73,72.84,False,3.95,dry,0.54,stable dry phase,1.0
2026-05-villeneuve,19,middle,12.68,17.66,72.22,False,4.46,dry,0.46,stable dry phase,1.0
2026-05-villeneuve,20,middle,12.63,17.3,72.15,False,4.65,dry,0.1,stable dry phase,1.0
2026-05-villeneuve,21,middle,12.56,17.0,72.4,False,4.4,dry,-0.2,stable dry phase,1.0
2026-05-villeneuve,22,middle,12.39,17.0,72.4,False,4.4,dry,-0.2,stable dry phase,1.0
2026-05-villeneuve,23,middle,12.35,17.0,72.4,False,4.4,dry,-0.2,stable dry phase,1.0
2026-05-villeneuve,24,middle,12.26,17.0,72.4,False,4.4,dry,-0.2,stable dry phase,1.0
2026-05-villeneuve,25,middle,12.28,16.96,72.55,False,4.45,dry,-0.24,stable dry phase,1.0
2026-05-villeneuve,26,middle,12.35,16.76,73.58,False,4.48,dry,-0.44,stable dry phase,1.0
2026-05-villeneuve,27,middle,12.41,16.54,75.41,False,4.11,dry,-0.66,stable dry phase,1.0
2026-05-villeneuve,28,middle,12.41,16.69,76.65,False,3.58,dry,-0.51,stable dry phase,1.0
2026-05-villeneuve,29,middle,12.39,16.8,76.8,False,4.1,dry,-0.4,stable dry phase,1.0
2026-05-villeneuve,30,middle,12.32,16.79,76.82,False,4.06,dry,-0.41,stable dry phase,1.0
2026-05-villeneuve,31,middle,12.41,16.76,77.03,False,3.9,dry,-0.44,stable dry phase,1.0
2026-05-villeneuve,32,middle,12.48,16.71,77.42,False,3.68,dry,-0.49,stable dry phase,1.0
2026-05-villeneuve,33,middle,12.33,16.77,77.74,False,3.68,dry,-0.43,stable dry phase,1.0
2026-05-villeneuve,34,middle,12.31,17.01,78.17,False,3.36,dry,-0.19,stable dry phase,1.0
2026-05-villeneuve,35,middle,12.4,17.2,78.44,False,3.28,dry,0.0,stable dry phase,1.0
2026-05-villeneuve,36,middle,12.39,17.03,78.42,False,3.47,dry,-0.17,stable dry phase,1.0
2026-05-villeneuve,37,middle,12.39,16.9,78.57,False,3.11,dry,-0.3,stable dry phase,1.0
2026-05-villeneuve,38,middle,12.42,16.97,78.73,False,2.46,dry,-0.23,stable dry phase,1.0
2026-05-villeneuve,39,middle,12.46,17.1,78.93,False,2.41,dry,-0.1,stable dry phase,1.0
2026-05-villeneuve,40,middle,12.47,17.15,78.7,False,2.46,dry,-0.05,stable dry phase,1.0
2026-05-villeneuve,41,middle,12.49,17.12,78.21,False,2.57,dry,-0.08,stable dry phase,1.0
2026-05-villeneuve,42,middle,12.47,17.1,77.43,False,2.77,dry,-0.1,stable dry phase,1.0
2026-05-villeneuve,43,middle,12.42,17.08,77.01,False,2.92,dry,-0.12,stable dry phase,1.0
2026-05-villeneuve,44,middle,12.43,17.04,76.94,False,2.94,dry,-0.16,stable dry phase,1.0
2026-05-villeneuve,45,middle,12.45,17.07,76.75,False,2.44,dry,-0.12,stable dry phase,1.0
2026-05-villeneuve,46,middle,12.45,17.09,77.01,False,1.89,dry,-0.11,stable dry phase,1.0
2026-05-villeneuve,47,middle,12.47,17.0,77.2,False,1.95,dry,-0.2,stable dry phase,1.0
2026-05-villeneuve,48,middle,12.3,16.95,77.03,False,1.96,dry,-0.25,stable dry phase,1.0
2026-05-villeneuve,49,middle,12.24,16.97,76.92,False,1.93,dry,-0.23,stable dry phase,1.0
2026-05-villeneuve,50,middle,12.29,17.07,76.76,False,1.99,dry,-0.12,stable dry phase,1.0
2026-05-villeneuve,51,middle,12.3,17.18,76.65,False,1.91,dry,-0.02,stable dry phase,1.0
2026-05-villeneuve,52,closing,12.34,17.25,76.36,False,2.43,dry,0.05,stable dry phase,1.0
2026-05-villeneuve,53,closing,12.31,17.32,76.21,False,2.6,dry,0.12,stable dry phase,1.0
2026-05-villeneuve,54,closing,12.4,17.58,76.09,False,2.0,dry,0.38,stable dry phase,1.0
2026-05-villeneuve,55,closing,12.45,17.8,76.0,False,1.5,dry,0.6,stable dry phase,1.0
2026-05-villeneuve,56,closing,12.49,17.82,75.9,False,1.5,dry,0.62,stable dry phase,1.0
2026-05-villeneuve,57,closing,12.47,17.89,75.58,False,1.52,dry,0.69,stable dry phase,1.0
2026-05-villeneuve,58,closing,12.66,17.99,75.09,False,1.52,dry,0.79,stable dry phase,1.0
2026-05-villeneuve,59,closing,12.76,18.12,74.16,False,1.5,dry,0.93,stable dry phase,1.0
2026-05-villeneuve,60,closing,12.78,18.29,73.41,False,1.52,dry,1.09,stable dry phase,1.0
2026-05-villeneuve,61,closing,12.79,18.27,72.9,False,1.35,dry,1.07,stable dry phase,1.0
2026-05-villeneuve,62,closing,12.81,18.18,72.54,False,1.17,dry,0.98,stable dry phase,1.0
2026-05-villeneuve,63,closing,12.79,18.07,72.27,False,1.08,dry,0.88,stable dry phase,1.0
2026-05-villeneuve,64,closing,12.8,18.27,72.22,False,1.53,dry,1.07,stable dry phase,1.0
2026-05-villeneuve,65,closing,12.84,18.31,72.09,False,1.74,dry,1.11,stable dry phase,1.0
2026-05-villeneuve,66,closing,12.76,18.4,72.0,False,2.0,dry,1.2,stable dry phase,1.0
2026-05-villeneuve,67,closing,12.74,18.4,72.0,False,2.0,dry,1.2,stable dry phase,1.0
2026-05-villeneuve,68,closing,12.72,18.4,72.0,False,2.0,dry,1.2,stable dry phase,1.0
2026-06-monaco,1,opening,23.3,33.1,64.7,False,0.5,dry,0.0,stable dry phase,1.0
2026-06-monaco,2,opening,23.11,34.0,64.1,False,0.0,dry,0.9,stable dry phase,1.0
2026-06-monaco,3,opening,23.3,34.4,63.5,False,0.0,dry,1.3,stable dry phase,1.0
2026-06-monaco,4,opening,23.48,35.16,63.64,False,0.4,dry,2.06,stable dry phase,1.0
2026-06-monaco,5,opening,23.4,35.4,63.4,False,0.0,dry,2.3,stable dry phase,1.0
2026-06-monaco,6,opening,23.8,34.3,62.6,False,1.4,dry,1.2,stable dry phase,1.0
2026-06-monaco,7,opening,23.16,34.96,63.14,False,1.2,dry,1.86,stable dry phase,1.0
2026-06-monaco,8,opening,23.8,36.6,64.5,False,0.7,dry,3.5,stable dry phase,1.0
2026-06-monaco,9,opening,23.97,37.37,64.16,False,0.53,dry,4.27,stable dry phase,1.0
2026-06-monaco,10,opening,23.7,37.5,64.1,False,0.5,dry,4.4,stable dry phase,1.0
2026-06-monaco,11,opening,23.2,37.87,63.26,False,0.24,dry,4.77,stable dry phase,1.0
2026-06-monaco,12,opening,23.33,37.9,62.36,False,0.0,dry,4.8,stable dry phase,1.0
2026-06-monaco,13,opening,23.49,36.2,61.55,False,0.0,dry,3.1,stable dry phase,1.0
2026-06-monaco,14,opening,23.64,36.81,60.36,False,0.24,dry,3.71,stable dry phase,1.0
2026-06-monaco,15,opening,22.94,36.6,59.03,False,0.5,dry,3.5,stable dry phase,1.0
2026-06-monaco,16,middle,22.66,36.4,59.63,False,0.7,dry,3.3,stable dry phase,1.0
2026-06-monaco,17,middle,22.87,36.9,61.2,False,1.2,dry,3.8,stable dry phase,1.0
2026-06-monaco,18,middle,23.13,36.66,61.01,False,1.12,dry,3.56,stable dry phase,1.0
2026-06-monaco,19,middle,23.96,34.86,59.59,False,0.52,dry,1.76,stable dry phase,1.0
2026-06-monaco,20,middle,23.82,36.12,59.81,False,0.43,dry,3.02,stable dry phase,1.0
2026-06-monaco,21,middle,23.94,39.58,61.13,False,0.35,dry,6.48,track heating,1.0
2026-06-monaco,22,middle,23.9,39.59,61.1,False,0.16,dry,6.49,track heating,1.0
2026-06-monaco,23,middle,23.9,40.51,60.77,False,0.46,dry,7.41,track heating,1.0
2026-06-monaco,24,middle,23.78,39.61,61.06,False,0.68,dry,6.51,track heating,1.0
2026-06-monaco,25,middle,23.7,39.92,61.8,False,0.53,dry,6.82,track heating,1.0
2026-06-monaco,26,middle,23.85,40.88,62.79,False,0.5,dry,7.78,track heating,1.0
2026-06-monaco,27,middle,23.79,38.8,62.54,False,0.55,dry,5.7,track heating,1.0
2026-06-monaco,28,middle,23.66,37.2,61.29,False,0.7,dry,4.1,stable dry phase,1.0
2026-06-monaco,29,middle,23.71,38.01,60.43,False,0.85,dry,4.91,stable dry phase,1.0
2026-06-monaco,30,middle,23.79,39.31,59.28,False,0.62,dry,6.21,track heating,1.0
2026-06-monaco,31,middle,23.72,36.26,60.38,False,0.28,dry,3.16,stable dry phase,1.0
2026-06-monaco,32,middle,23.75,33.42,60.64,False,0.51,dry,0.32,stable dry phase,1.0
2026-06-monaco,33,middle,23.71,37.43,59.77,False,0.95,dry,4.33,stable dry phase,1.0
2026-06-monaco,34,middle,23.63,31.12,62.04,False,1.1,dry,-1.98,stable dry phase,1.0
2026-06-monaco,35,middle,23.62,30.82,62.79,False,1.11,dry,-2.28,stable dry phase,1.0
2026-06-monaco,36,middle,23.59,39.45,63.05,False,0.59,dry,6.35,track heating,1.0
2026-06-monaco,37,middle,23.57,41.01,63.77,False,0.31,dry,7.91,track heating,1.0
2026-06-monaco,38,middle,23.63,40.99,62.65,False,0.84,dry,7.89,track heating,1.0
2026-06-monaco,39,middle,23.69,40.69,61.16,False,0.98,dry,7.59,track heating,1.0
2026-06-monaco,40,middle,23.64,43.43,60.64,False,0.61,dry,10.33,track heating,1.0
2026-06-monaco,41,middle,23.6,42.74,61.41,False,0.56,dry,9.64,track heating,1.0
2026-06-monaco,42,middle,23.65,42.34,62.02,False,0.74,dry,9.24,track heating,1.0
2026-06-monaco,43,middle,23.72,42.93,61.73,False,1.16,dry,9.83,track heating,1.0
2026-06-monaco,44,middle,23.89,42.44,61.22,False,2.16,dry,9.34,track heating,1.0
2026-06-monaco,45,middle,23.99,42.51,60.88,False,1.67,dry,9.41,track heating,1.0
2026-06-monaco,46,middle,24.06,42.79,60.54,False,1.41,dry,9.69,track heating,1.0
2026-06-monaco,47,middle,24.09,43.08,59.92,False,1.94,dry,9.98,track heating,1.0
2026-06-monaco,48,middle,24.04,43.22,59.86,False,1.56,dry,10.12,track heating,1.0
2026-06-monaco,49,middle,24.08,43.57,59.32,False,0.94,dry,10.47,track heating,1.0
2026-06-monaco,50,middle,24.14,43.62,58.41,False,0.97,dry,10.52,track heating,1.0
2026-06-monaco,51,middle,24.18,43.57,57.96,False,1.08,dry,10.47,track heating,1.0
2026-06-monaco,52,middle,24.19,43.71,57.61,False,1.19,dry,10.61,track heating,1.0
2026-06-monaco,53,middle,24.24,43.62,57.03,False,1.83,dry,10.52,track heating,1.0
2026-06-monaco,54,middle,24.27,43.57,57.21,False,2.01,dry,10.47,track heating,1.0
2026-06-monaco,55,middle,24.38,43.54,57.15,False,1.51,dry,10.44,track heating,1.0
2026-06-monaco,56,middle,24.4,43.55,57.62,False,1.07,dry,10.45,track heating,1.0
2026-06-monaco,57,middle,24.41,43.42,58.01,False,0.83,dry,10.32,track heating,1.0
2026-06-monaco,58,middle,24.42,43.34,58.05,False,0.58,dry,10.24,track heating,1.0
2026-06-monaco,59,closing,24.45,43.28,58.28,False,0.79,dry,10.18,track heating,1.0
2026-06-monaco,60,closing,24.37,43.31,58.92,False,0.99,dry,10.21,track heating,1.0
2026-06-monaco,61,closing,24.34,43.28,59.31,False,1.52,dry,10.18,track heating,1.0
2026-06-monaco,62,closing,24.31,43.4,59.38,False,1.49,dry,10.3,track heating,1.0
2026-06-monaco,63,closing,24.3,43.54,59.48,False,0.89,dry,10.44,track heating,1.0
2026-06-monaco,64,closing,24.27,43.53,59.63,False,1.04,dry,10.43,track heating,1.0
2026-06-monaco,65,closing,24.22,43.59,59.61,False,1.44,dry,10.49,track heating,1.0
2026-06-monaco,66,closing,24.2,43.48,59.27,False,1.61,dry,10.38,track heating,1.0
2026-06-monaco,67,closing,24.26,43.54,59.29,False,1.27,dry,10.44,track heating,1.0
2026-06-monaco,68,closing,24.02,40.46,59.87,False,0.96,dry,7.36,track heating,1.0
2026-06-monaco,69,closing,23.83,37.29,61.21,False,1.63,dry,4.19,stable dry phase,1.0
2026-06-monaco,70,closing,24.1,36.9,60.8,False,1.4,dry,3.8,stable dry phase,1.0
2026-06-monaco,71,closing,23.81,36.14,60.49,False,0.6,dry,3.04,stable dry phase,1.0
2026-06-monaco,72,closing,23.7,35.5,61.5,False,1.1,dry,2.4,stable dry phase,1.0
2026-06-monaco,73,closing,23.69,35.83,61.73,False,0.51,dry,2.73,stable dry phase,1.0
2026-06-monaco,74,closing,23.51,36.29,63.15,False,0.7,dry,3.19,stable dry phase,1.0
2026-06-monaco,75,closing,23.5,35.6,62.2,False,2.2,dry,2.5,stable dry phase,1.0
2026-06-monaco,76,closing,23.6,35.9,62.5,False,0.5,dry,2.8,stable dry phase,1.0
2026-06-monaco,77,closing,23.6,35.55,61.91,False,2.03,dry,2.45,stable dry phase,1.0
2026-06-monaco,78,closing,23.51,35.59,62.43,False,1.29,dry,2.49,stable dry phase,1.0
2026-07-catalunya,1,opening,30.7,50.4,30.2,False,4.0,dry,0.0,stable dry phase,1.0
2026-07-catalunya,2,opening,30.63,51.11,30.57,False,2.65,dry,0.71,stable dry phase,1.0
2026-07-catalunya,3,opening,30.7,50.5,30.3,False,4.3,dry,0.1,stable dry phase,1.0
2026-07-catalunya,4,opening,30.7,50.3,30.0,False,2.9,dry,-0.1,stable dry phase,1.0
2026-07-catalunya,5,opening,30.6,51.83,30.4,False,2.04,dry,1.43,stable dry phase,1.0
2026-07-catalunya,6,opening,30.6,50.3,30.1,False,3.4,dry,-0.1,stable dry phase,1.0
2026-07-catalunya,7,opening,30.43,50.77,30.2,False,2.37,dry,0.37,stable dry phase,1.0
2026-07-catalunya,8,opening,30.5,51.8,30.9,False,1.4,dry,1.4,stable dry phase,1.0
2026-07-catalunya,9,opening,30.6,51.47,30.37,False,2.37,dry,1.07,stable dry phase,1.0
2026-07-catalunya,10,opening,30.6,50.83,29.76,False,2.36,dry,0.43,stable dry phase,1.0
2026-07-catalunya,11,opening,30.6,51.43,30.21,False,0.88,dry,1.03,stable dry phase,1.0
2026-07-catalunya,12,opening,30.6,50.7,30.1,False,3.53,dry,0.3,stable dry phase,1.0
2026-07-catalunya,13,opening,30.6,51.34,29.96,False,1.23,dry,0.94,stable dry phase,1.0
2026-07-catalunya,14,middle,30.53,50.8,29.67,False,3.64,dry,0.4,stable dry phase,1.0
2026-07-catalunya,15,middle,30.5,50.1,29.51,False,3.19,dry,-0.3,stable dry phase,1.0
2026-07-catalunya,16,middle,30.5,51.79,30.33,False,1.27,dry,1.39,stable dry phase,1.0
2026-07-catalunya,17,middle,30.5,50.06,29.41,False,4.65,dry,-0.34,stable dry phase,1.0
2026-07-catalunya,18,middle,30.55,50.65,30.15,False,4.05,dry,0.25,stable dry phase,1.0
2026-07-catalunya,19,middle,30.6,50.67,29.77,False,2.95,dry,0.27,stable dry phase,1.0
2026-07-catalunya,20,middle,30.7,51.36,30.29,False,3.08,dry,0.96,stable dry phase,1.0
2026-07-catalunya,21,middle,30.76,51.69,29.57,False,1.91,dry,1.29,stable dry phase,1.0
2026-07-catalunya,22,middle,30.8,51.32,29.14,False,2.74,dry,0.92,stable dry phase,1.0
2026-07-catalunya,23,middle,30.74,51.18,29.49,False,1.92,dry,0.78,stable dry phase,1.0
2026-07-catalunya,24,middle,30.69,50.79,29.66,False,2.75,dry,0.39,stable dry phase,1.0
2026-07-catalunya,25,middle,30.65,50.34,29.74,False,3.95,dry,-0.06,stable dry phase,1.0
2026-07-catalunya,26,middle,30.71,50.53,30.04,False,3.73,dry,0.13,stable dry phase,1.0
2026-07-catalunya,27,middle,30.77,50.42,30.04,False,2.92,dry,0.02,stable dry phase,1.0
2026-07-catalunya,28,middle,30.74,51.21,29.99,False,1.84,dry,0.81,stable dry phase,1.0
2026-07-catalunya,29,middle,30.7,50.66,29.78,False,2.46,dry,0.26,stable dry phase,1.0
2026-07-catalunya,30,middle,30.66,50.28,29.84,False,3.74,dry,-0.12,stable dry phase,1.0
2026-07-catalunya,31,middle,30.58,50.02,29.82,False,3.77,dry,-0.38,stable dry phase,1.0
2026-07-catalunya,32,middle,30.61,50.64,29.9,False,3.26,dry,0.24,stable dry phase,1.0
2026-07-catalunya,33,middle,30.68,51.11,29.78,False,2.78,dry,0.71,stable dry phase,1.0
2026-07-catalunya,34,middle,30.67,51.44,29.47,False,2.54,dry,1.04,stable dry phase,1.0
2026-07-catalunya,35,middle,30.66,51.16,29.35,False,2.92,dry,0.76,stable dry phase,1.0
2026-07-catalunya,36,middle,30.66,51.0,29.52,False,3.19,dry,0.6,stable dry phase,1.0
2026-07-catalunya,37,middle,30.73,51.44,29.59,False,3.31,dry,1.04,stable dry phase,1.0
2026-07-catalunya,38,middle,30.83,51.75,29.32,False,2.79,dry,1.35,stable dry phase,1.0
2026-07-catalunya,39,middle,30.88,51.26,28.74,False,2.87,dry,0.86,stable dry phase,1.0
2026-07-catalunya,40,middle,30.79,50.56,28.48,False,3.3,dry,0.16,stable dry phase,1.0
2026-07-catalunya,41,middle,30.72,50.7,28.51,False,3.03,dry,0.3,stable dry phase,1.0
2026-07-catalunya,42,middle,30.76,50.79,28.01,False,3.06,dry,0.39,stable dry phase,1.0
2026-07-catalunya,43,middle,30.76,50.74,28.01,False,3.29,dry,0.34,stable dry phase,1.0
2026-07-catalunya,44,middle,30.75,50.81,28.15,False,2.78,dry,0.41,stable dry phase,1.0
2026-07-catalunya,45,middle,30.87,50.64,28.17,False,2.43,dry,0.24,stable dry phase,1.0
2026-07-catalunya,46,middle,30.97,50.75,28.47,False,2.68,dry,0.35,stable dry phase,1.0
2026-07-catalunya,47,middle,30.94,50.58,28.43,False,3.36,dry,0.18,stable dry phase,1.0
2026-07-catalunya,48,middle,30.9,49.68,28.18,False,3.55,dry,-0.72,stable dry phase,1.0
2026-07-catalunya,49,middle,30.9,49.52,28.33,False,3.25,dry,-0.88,stable dry phase,1.0
2026-07-catalunya,50,closing,30.9,50.11,28.38,False,2.18,dry,-0.29,stable dry phase,1.0
2026-07-catalunya,51,closing,30.86,50.66,27.98,False,1.51,dry,0.26,stable dry phase,1.0
2026-07-catalunya,52,closing,30.9,50.78,27.82,False,1.64,dry,0.38,stable dry phase,1.0
2026-07-catalunya,53,closing,30.96,50.94,27.82,False,1.24,dry,0.54,stable dry phase,1.0
2026-07-catalunya,54,closing,31.03,50.87,27.92,False,2.32,dry,0.47,stable dry phase,1.0
2026-07-catalunya,55,closing,30.99,50.46,28.05,False,2.46,dry,0.06,stable dry phase,1.0
2026-07-catalunya,56,closing,30.98,50.22,28.09,False,2.66,dry,-0.18,stable dry phase,1.0
2026-07-catalunya,57,closing,30.9,49.88,28.29,False,2.85,dry,-0.52,stable dry phase,1.0
2026-07-catalunya,58,closing,30.9,49.67,28.48,False,3.16,dry,-0.73,stable dry phase,1.0
2026-07-catalunya,59,closing,30.92,49.91,28.58,False,2.43,dry,-0.49,stable dry phase,1.0
2026-07-catalunya,60,closing,30.95,49.88,28.25,False,2.89,dry,-0.52,stable dry phase,1.0
2026-07-catalunya,61,closing,30.93,50.2,27.88,False,2.55,dry,-0.2,stable dry phase,1.0
2026-07-catalunya,62,closing,30.88,49.95,27.69,False,2.83,dry,-0.45,stable dry phase,1.0
2026-07-catalunya,63,closing,30.85,49.85,27.69,False,2.54,dry,-0.55,stable dry phase,1.0
2026-07-catalunya,64,closing,30.84,49.54,27.79,False,3.12,dry,-0.86,stable dry phase,1.0
2026-07-catalunya,65,closing,30.85,49.83,28.0,False,2.18,dry,-0.57,stable dry phase,1.0
2026-07-catalunya,66,closing,30.86,49.44,27.78,False,3.08,dry,-0.96,stable dry phase,1.0
2026-08-red_bull_ring,1,opening,33.6,53.2,30.3,False,1.0,dry,0.0,stable dry phase,1.0
2026-08-red_bull_ring,2,opening,33.8,52.9,30.5,False,0.0,dry,-0.3,stable dry phase,1.0
2026-08-red_bull_ring,3,opening,33.7,52.0,30.5,False,0.6,dry,-1.2,stable dry phase,1.0
2026-08-red_bull_ring,4,opening,33.9,52.7,28.7,False,2.0,dry,-0.5,stable dry phase,1.0
2026-08-red_bull_ring,5,opening,33.7,51.5,30.0,False,1.7,dry,-1.7,stable dry phase,1.0
2026-08-red_bull_ring,6,opening,34.2,52.4,29.1,False,1.9,dry,-0.8,stable dry phase,1.0
2026-08-red_bull_ring,7,opening,34.2,52.5,29.6,False,1.0,dry,-0.7,stable dry phase,1.0
2026-08-red_bull_ring,8,opening,34.4,49.2,28.0,False,2.9,dry,-4.0,stable dry phase,1.0
2026-08-red_bull_ring,9,opening,34.2,48.6,28.9,False,2.1,dry,-4.6,stable dry phase,1.0
2026-08-red_bull_ring,10,opening,34.3,49.2,27.9,False,1.5,dry,-4.0,stable dry phase,1.0
2026-08-red_bull_ring,11,opening,34.5,49.4,26.9,False,1.6,dry,-3.8,stable dry phase,1.0
2026-08-red_bull_ring,12,opening,34.6,48.8,26.7,False,2.3,dry,-4.4,stable dry phase,1.0
2026-08-red_bull_ring,13,opening,34.7,48.9,27.8,False,2.5,dry,-4.3,stable dry phase,1.0
2026-08-red_bull_ring,14,opening,34.6,48.0,27.9,False,2.9,dry,-5.2,track cooling,1.0
2026-08-red_bull_ring,15,middle,34.5,42.6,27.1,False,0.4,dry,-10.6,track cooling,1.0
2026-08-red_bull_ring,16,middle,34.6,46.7,26.2,False,1.6,dry,-6.5,track cooling,1.0
2026-08-red_bull_ring,17,middle,34.5,46.5,26.1,False,0.7,dry,-6.7,track cooling,1.0
2026-08-red_bull_ring,18,middle,34.7,46.9,26.0,False,0.9,dry,-6.3,track cooling,1.0
2026-08-red_bull_ring,19,middle,34.8,48.9,25.6,False,2.5,dry,-4.3,stable dry phase,1.0
2026-08-red_bull_ring,20,middle,34.5,48.5,26.7,False,2.5,dry,-4.7,stable dry phase,1.0
2026-08-red_bull_ring,21,middle,34.4,45.2,27.7,False,0.7,dry,-8.0,track cooling,1.0
2026-08-red_bull_ring,22,middle,34.3,45.5,27.7,False,1.6,dry,-7.7,track cooling,1.0
2026-08-red_bull_ring,23,middle,34.4,46.1,27.5,False,1.3,dry,-7.1,track cooling,1.0
2026-08-red_bull_ring,24,middle,34.6,47.3,28.1,False,1.6,dry,-5.9,track cooling,1.0
2026-08-red_bull_ring,25,middle,34.6,48.4,28.3,False,0.6,dry,-4.8,stable dry phase,1.0
2026-08-red_bull_ring,26,middle,34.6,49.4,28.8,False,1.5,dry,-3.8,stable dry phase,1.0
2026-08-red_bull_ring,27,middle,34.7,50.0,30.2,False,0.4,dry,-3.2,stable dry phase,1.0
2026-08-red_bull_ring,28,middle,34.6,49.2,29.8,False,1.5,dry,-4.0,stable dry phase,1.0
2026-08-red_bull_ring,29,middle,34.4,49.7,30.5,False,1.2,dry,-3.5,stable dry phase,1.0
2026-08-red_bull_ring,30,middle,34.6,50.7,30.3,False,2.1,dry,-2.5,stable dry phase,1.0
2026-08-red_bull_ring,31,middle,34.4,50.2,30.2,False,0.8,dry,-3.0,stable dry phase,1.0
2026-08-red_bull_ring,32,middle,34.7,51.1,30.6,False,1.8,dry,-2.1,stable dry phase,1.0
2026-08-red_bull_ring,33,middle,34.8,50.9,29.6,False,0.0,dry,-2.3,stable dry phase,1.0
2026-08-red_bull_ring,34,middle,34.7,51.1,29.9,False,1.7,dry,-2.1,stable dry phase,1.0
2026-08-red_bull_ring,35,middle,34.7,51.2,29.6,False,1.0,dry,-2.0,stable dry phase,1.0
2026-08-red_bull_ring,36,middle,34.7,51.6,28.9,False,2.1,dry,-1.6,stable dry phase,1.0
2026-08-red_bull_ring,37,middle,34.6,51.3,28.5,False,2.2,dry,-1.9,stable dry phase,1.0
2026-08-red_bull_ring,38,middle,34.5,51.1,29.6,False,0.6,dry,-2.1,stable dry phase,1.0
2026-08-red_bull_ring,39,middle,34.7,51.4,28.8,False,1.2,dry,-1.8,stable dry phase,1.0
2026-08-red_bull_ring,40,middle,34.9,50.9,29.3,False,1.0,dry,-2.3,stable dry phase,1.0
2026-08-red_bull_ring,41,middle,34.9,49.9,31.6,False,3.0,dry,-3.3,stable dry phase,1.0
2026-08-red_bull_ring,42,middle,34.8,51.3,31.5,False,1.2,dry,-1.9,stable dry phase,1.0
2026-08-red_bull_ring,43,middle,34.7,50.7,29.8,False,1.8,dry,-2.5,stable dry phase,1.0
2026-08-red_bull_ring,44,middle,34.5,51.2,30.1,False,1.8,dry,-2.0,stable dry phase,1.0
2026-08-red_bull_ring,45,middle,34.5,51.4,31.5,False,1.2,dry,-1.8,stable dry phase,1.0
2026-08-red_bull_ring,46,middle,34.6,51.0,31.5,False,2.2,dry,-2.2,stable dry phase,1.0
2026-08-red_bull_ring,47,middle,34.5,50.5,32.0,False,2.3,dry,-2.7,stable dry phase,1.0
2026-08-red_bull_ring,48,middle,34.6,51.4,31.7,False,2.7,dry,-1.8,stable dry phase,1.0
2026-08-red_bull_ring,49,middle,34.7,51.1,31.7,False,1.0,dry,-2.1,stable dry phase,1.0
2026-08-red_bull_ring,50,middle,34.5,50.8,32.1,False,1.9,dry,-2.4,stable dry phase,1.0
2026-08-red_bull_ring,51,middle,34.4,51.3,32.4,False,2.0,dry,-1.9,stable dry phase,1.0
2026-08-red_bull_ring,52,middle,34.5,51.9,31.6,False,1.3,dry,-1.3,stable dry phase,1.0
2026-08-red_bull_ring,53,middle,34.5,52.1,30.7,False,1.6,dry,-1.1,stable dry phase,1.0
2026-08-red_bull_ring,54,closing,34.7,52.0,30.2,False,0.9,dry,-1.2,stable dry phase,1.0
2026-08-red_bull_ring,55,closing,34.8,52.0,31.0,False,0.9,dry,-1.2,stable dry phase,1.0
2026-08-red_bull_ring,56,closing,34.8,51.6,30.9,False,1.3,dry,-1.6,stable dry phase,1.0
2026-08-red_bull_ring,57,closing,34.7,51.3,31.9,False,0.0,dry,-1.9,stable dry phase,1.0
2026-08-red_bull_ring,58,closing,34.5,51.6,30.5,False,1.2,dry,-1.6,stable dry phase,1.0
2026-08-red_bull_ring,59,closing,34.3,50.6,31.3,False,2.5,dry,-2.6,stable dry phase,1.0
2026-08-red_bull_ring,60,closing,34.3,51.0,31.4,False,1.3,dry,-2.2,stable dry phase,1.0
2026-08-red_bull_ring,61,closing,34.4,51.0,32.0,False,1.0,dry,-2.2,stable dry phase,1.0
2026-08-red_bull_ring,62,closing,33.5,50.7,31.1,False,1.5,dry,-2.5,stable dry phase,1.0
2026-08-red_bull_ring,63,closing,33.4,51.1,32.3,False,0.7,dry,-2.1,stable dry phase,1.0
2026-08-red_bull_ring,64,closing,34.6,51.2,31.5,False,2.2,dry,-2.0,stable dry phase,1.0
2026-08-red_bull_ring,65,closing,34.6,51.4,32.2,False,1.8,dry,-1.8,stable dry phase,1.0
2026-08-red_bull_ring,66,closing,34.5,50.8,32.2,False,2.3,dry,-2.4,stable dry phase,1.0
2026-08-red_bull_ring,67,closing,34.5,51.0,30.9,False,2.3,dry,-2.2,stable dry phase,1.0
2026-08-red_bull_ring,68,closing,34.5,51.0,31.0,False,0.9,dry,-2.2,stable dry phase,1.0
2026-08-red_bull_ring,69,closing,34.3,50.5,31.1,False,0.9,dry,-2.7,stable dry phase,1.0
2026-08-red_bull_ring,70,closing,34.2,50.2,31.2,False,0.9,dry,-3.0,stable dry phase,1.0
2026-08-red_bull_ring,71,closing,34.0,50.0,32.9,False,1.0,dry,-3.2,stable dry phase,1.0
2026-09-silverstone,1,opening,22.8,37.9,55.9,False,1.4,dry,0.0,stable dry phase,1.0
2026-09-silverstone,2,opening,23.0,37.6,55.8,False,0.7,dry,-0.3,stable dry phase,1.0
2026-09-silverstone,3,opening,23.3,38.1,54.8,False,1.4,dry,0.2,stable dry phase,1.0
2026-09-silverstone,4,opening,23.1,37.5,56.2,False,1.4,dry,-0.4,stable dry phase,1.0
2026-09-silverstone,5,opening,23.2,40.2,54.2,False,1.6,dry,2.3,stable dry phase,1.0
2026-09-silverstone,6,opening,23.4,41.1,53.5,False,0.8,dry,3.2,stable dry phase,1.0
2026-09-silverstone,7,opening,23.4,41.1,53.5,False,0.8,dry,3.2,stable dry phase,1.0
2026-09-silverstone,8,opening,23.8,39.2,53.2,False,2.8,dry,1.3,stable dry phase,1.0
2026-09-silverstone,9,opening,23.6,39.2,53.2,False,2.8,dry,1.3,stable dry phase,1.0
2026-09-silverstone,10,opening,23.4,37.6,54.3,False,3.1,dry,-0.3,stable dry phase,1.0
2026-09-silverstone,11,middle,23.7,38.9,53.4,False,1.3,dry,1.0,stable dry phase,1.0
2026-09-silverstone,12,middle,24.0,39.3,52.5,False,1.3,dry,1.4,stable dry phase,1.0
2026-09-silverstone,13,middle,23.8,40.7,53.9,False,1.3,dry,2.8,stable dry phase,1.0
2026-09-silverstone,14,middle,24.0,40.6,52.8,False,2.7,dry,2.7,stable dry phase,1.0
2026-09-silverstone,15,middle,24.4,41.5,51.0,False,0.9,dry,3.6,stable dry phase,1.0
2026-09-silverstone,16,middle,24.5,41.2,49.9,False,1.1,dry,3.3,stable dry phase,1.0
2026-09-silverstone,17,middle,24.9,40.4,49.0,False,1.0,dry,2.5,stable dry phase,1.0
2026-09-silverstone,18,middle,24.3,39.3,49.5,False,1.2,dry,1.4,stable dry phase,1.0
2026-09-silverstone,19,middle,24.5,40.6,52.3,False,1.3,dry,2.7,stable dry phase,1.0
2026-09-silverstone,20,middle,24.4,42.3,50.0,False,2.2,dry,4.4,stable dry phase,1.0
2026-09-silverstone,21,middle,24.5,41.7,50.4,False,1.6,dry,3.8,stable dry phase,1.0
2026-09-silverstone,22,middle,24.5,42.3,49.9,False,2.8,dry,4.4,stable dry phase,1.0
2026-09-silverstone,23,middle,25.0,42.4,47.9,False,1.4,dry,4.5,stable dry phase,1.0
2026-09-silverstone,24,middle,25.2,42.4,46.7,False,2.8,dry,4.5,stable dry phase,1.0
2026-09-silverstone,25,middle,25.0,42.4,46.7,False,2.8,dry,4.5,stable dry phase,1.0
2026-09-silverstone,26,middle,25.0,43.7,48.3,False,1.1,dry,5.8,track heating,1.0
2026-09-silverstone,27,middle,24.8,42.9,49.0,False,1.4,dry,5.0,track heating,1.0
2026-09-silverstone,28,middle,24.9,42.6,48.6,False,1.1,dry,4.7,stable dry phase,1.0
2026-09-silverstone,29,middle,25.3,41.5,48.5,False,3.3,dry,3.6,stable dry phase,1.0
2026-09-silverstone,30,middle,26.0,40.8,48.4,False,1.2,dry,2.9,stable dry phase,1.0
2026-09-silverstone,31,middle,25.6,41.5,48.2,False,0.4,dry,3.6,stable dry phase,1.0
2026-09-silverstone,32,middle,26.0,41.3,48.5,False,1.6,dry,3.4,stable dry phase,1.0
2026-09-silverstone,33,middle,25.2,39.3,48.5,False,2.8,dry,1.4,stable dry phase,1.0
2026-09-silverstone,34,middle,24.8,38.4,50.8,False,2.3,dry,0.5,stable dry phase,1.0
2026-09-silverstone,35,middle,25.4,37.5,50.1,False,0.8,dry,-0.4,stable dry phase,1.0
2026-09-silverstone,36,middle,25.2,37.7,50.5,False,2.1,dry,-0.2,stable dry phase,1.0
2026-09-silverstone,37,middle,25.5,38.3,49.2,False,1.9,dry,0.4,stable dry phase,1.0
2026-09-silverstone,38,middle,25.4,38.9,48.4,False,1.5,dry,1.0,stable dry phase,1.0
2026-09-silverstone,39,middle,25.4,38.9,48.4,False,1.5,dry,1.0,stable dry phase,1.0
2026-09-silverstone,40,closing,25.4,38.4,47.7,False,1.4,dry,0.5,stable dry phase,1.0
2026-09-silverstone,41,closing,25.4,38.7,47.2,False,0.6,dry,0.8,stable dry phase,1.0
2026-09-silverstone,42,closing,25.4,38.7,47.5,False,2.0,dry,0.8,stable dry phase,1.0
2026-09-silverstone,43,closing,25.6,38.7,48.6,False,2.0,dry,0.8,stable dry phase,1.0
2026-09-silverstone,44,closing,26.1,39.3,47.2,False,1.4,dry,1.4,stable dry phase,1.0
2026-09-silverstone,45,closing,25.7,39.5,48.1,False,1.9,dry,1.6,stable dry phase,1.0
2026-09-silverstone,46,closing,25.6,39.4,47.4,False,1.1,dry,1.5,stable dry phase,1.0
2026-09-silverstone,47,closing,25.8,40.1,46.9,False,2.2,dry,2.2,stable dry phase,1.0
2026-09-silverstone,48,closing,25.9,39.8,44.9,False,1.4,dry,1.9,stable dry phase,1.0
2026-09-silverstone,49,closing,25.8,39.9,45.6,False,1.4,dry,2.0,stable dry phase,1.0
2026-09-silverstone,50,closing,25.8,39.6,45.8,False,0.9,dry,1.7,stable dry phase,1.0
2026-09-silverstone,51,closing,25.6,39.6,46.6,False,1.5,dry,1.7,stable dry phase,1.0
2026-09-silverstone,52,closing,25.6,38.4,46.2,False,2.3,dry,0.5,stable dry phase,1.0
2026-10-spa,1,opening,18.1,35.9,50.2,False,1.6,dry,0.0,stable dry phase,1.0
2026-10-spa,2,opening,18.73,36.83,49.13,False,2.57,dry,0.93,stable dry phase,1.0
2026-10-spa,3,opening,18.1,36.5,49.8,False,1.8,dry,0.6,stable dry phase,1.0
2026-10-spa,4,opening,18.4,35.4,49.3,False,3.6,dry,-0.5,stable dry phase,1.0
2026-10-spa,5,opening,18.7,35.2,50.0,False,1.8,dry,-0.7,stable dry phase,1.0
2026-10-spa,6,opening,18.5,36.3,47.9,False,2.5,dry,0.4,stable dry phase,1.0
2026-10-spa,7,opening,18.1,34.4,49.2,False,0.5,dry,-1.5,stable dry phase,1.0
2026-10-spa,8,opening,18.2,34.3,47.8,False,2.7,dry,-1.6,stable dry phase,1.0
2026-10-spa,9,middle,18.4,33.3,48.3,False,2.7,dry,-2.6,stable dry phase,1.0
2026-10-spa,10,middle,18.4,33.14,49.63,False,0.78,dry,-2.76,stable dry phase,1.0
2026-10-spa,11,middle,18.43,31.66,49.4,False,1.74,dry,-4.24,stable dry phase,1.0
2026-10-spa,12,middle,18.26,31.61,49.14,False,2.04,dry,-4.29,stable dry phase,1.0
2026-10-spa,13,middle,18.1,31.7,49.8,False,3.9,dry,-4.2,stable dry phase,1.0
2026-10-spa,14,middle,17.88,27.05,50.15,False,2.92,dry,-8.84,track cooling,1.0
2026-10-spa,15,middle,17.7,27.29,51.86,False,2.02,dry,-8.61,track cooling,1.0
2026-10-spa,16,middle,16.84,27.8,52.06,False,1.52,dry,-8.1,track cooling,1.0
2026-10-spa,17,middle,17.34,27.8,51.18,False,1.31,dry,-8.1,track cooling,1.0
2026-10-spa,18,middle,17.52,27.78,50.56,False,2.38,dry,-8.12,track cooling,1.0
2026-10-spa,19,middle,17.32,27.67,50.91,False,1.19,dry,-8.23,track cooling,1.0
2026-10-spa,20,middle,17.4,29.11,50.53,False,1.29,dry,-6.79,track cooling,1.0
2026-10-spa,21,middle,17.49,26.7,48.71,False,2.29,dry,-9.2,track cooling,1.0
2026-10-spa,22,middle,17.62,28.23,49.73,False,1.32,dry,-7.67,track cooling,1.0
2026-10-spa,23,middle,17.65,28.45,50.2,False,2.18,dry,-7.45,track cooling,1.0
2026-10-spa,24,middle,17.43,28.08,50.66,False,2.38,dry,-7.82,track cooling,1.0
2026-10-spa,25,middle,17.29,28.03,51.08,False,1.38,dry,-7.87,track cooling,1.0
2026-10-spa,26,middle,17.03,28.39,52.19,False,2.01,dry,-7.51,track cooling,1.0
2026-10-spa,27,middle,17.49,29.17,52.74,False,2.98,dry,-6.73,track cooling,1.0
2026-10-spa,28,middle,17.07,28.96,52.94,False,3.27,dry,-6.94,track cooling,1.0
2026-10-spa,29,middle,17.07,32.73,53.52,False,2.07,dry,-3.17,stable dry phase,1.0
2026-10-spa,30,middle,17.0,29.01,53.18,False,2.45,dry,-6.89,track cooling,1.0
2026-10-spa,31,middle,17.05,28.41,52.45,False,3.09,dry,-7.49,track cooling,1.0
2026-10-spa,32,middle,17.0,28.44,53.14,False,1.94,dry,-7.46,track cooling,1.0
2026-10-spa,33,middle,17.0,28.42,53.34,False,2.76,dry,-7.48,track cooling,1.0
2026-10-spa,34,closing,17.01,28.56,53.43,False,2.6,dry,-7.34,track cooling,1.0
2026-10-spa,35,closing,17.04,28.58,53.01,False,1.79,dry,-7.32,track cooling,1.0
2026-10-spa,36,closing,17.18,28.45,52.98,False,1.83,dry,-7.45,track cooling,1.0
2026-10-spa,37,closing,17.25,28.37,52.71,False,2.42,dry,-7.53,track cooling,1.0
2026-10-spa,38,closing,17.2,28.09,53.13,False,2.55,dry,-7.81,track cooling,1.0
2026-10-spa,39,closing,17.21,28.47,53.63,False,2.11,dry,-7.43,track cooling,1.0
2026-10-spa,40,closing,17.26,29.17,53.81,False,1.74,dry,-6.73,track cooling,1.0
2026-10-spa,41,closing,17.36,29.45,53.41,False,1.24,dry,-6.45,track cooling,1.0
2026-10-spa,42,closing,17.44,29.11,52.5,False,1.54,dry,-6.79,track cooling,1.0
2026-10-spa,43,closing,17.53,29.04,52.39,False,1.42,dry,-6.86,track cooling,1.0
2026-10-spa,44,closing,17.6,28.94,52.31,False,1.65,dry,-6.96,track cooling,1.0
2026-11-hungaroring,1,opening,30.0,51.3,25.6,False,1.9,dry,0.0,stable dry phase,1.0
2026-11-hungaroring,2,opening,29.8,50.6,25.9,False,2.3,dry,-0.7,stable dry phase,1.0
2026-11-hungaroring,3,opening,29.7,49.7,26.2,False,2.1,dry,-1.6,stable dry phase,1.0
2026-11-hungaroring,4,opening,29.74,49.68,25.99,False,1.83,dry,-1.62,stable dry phase,1.0
2026-11-hungaroring,5,opening,29.6,50.7,26.1,False,1.4,dry,-0.6,stable dry phase,1.0
2026-11-hungaroring,6,opening,29.7,51.18,25.68,False,3.49,dry,-0.12,stable dry phase,1.0
2026-11-hungaroring,7,opening,29.7,50.6,26.0,False,2.0,dry,-0.7,stable dry phase,1.0
2026-11-hungaroring,8,opening,29.8,50.4,25.39,False,1.15,dry,-0.9,stable dry phase,1.0
2026-11-hungaroring,9,opening,29.71,49.4,26.34,False,3.55,dry,-1.9,stable dry phase,1.0
2026-11-hungaroring,10,opening,29.71,51.51,26.05,False,2.1,dry,0.21,stable dry phase,1.0
2026-11-hungaroring,11,opening,29.87,51.82,25.99,False,1.75,dry,0.52,stable dry phase,1.0
2026-11-hungaroring,12,opening,30.01,52.41,26.1,False,2.5,dry,1.11,stable dry phase,1.0
2026-11-hungaroring,13,opening,30.16,53.16,25.53,False,1.45,dry,1.86,stable dry phase,1.0
2026-11-hungaroring,14,opening,30.22,52.5,25.72,False,3.4,dry,1.2,stable dry phase,1.0
2026-11-hungaroring,15,middle,30.4,51.73,24.96,False,3.54,dry,0.43,stable dry phase,1.0
2026-11-hungaroring,16,middle,30.4,51.85,25.1,False,2.3,dry,0.55,stable dry phase,1.0
2026-11-hungaroring,17,middle,30.4,51.07,25.53,False,3.59,dry,-0.23,stable dry phase,1.0
2026-11-hungaroring,18,middle,30.4,51.97,25.8,False,2.72,dry,0.67,stable dry phase,1.0
2026-11-hungaroring,19,middle,30.4,52.19,25.55,False,2.85,dry,0.89,stable dry phase,1.0
2026-11-hungaroring,20,middle,30.49,52.04,25.4,False,2.21,dry,0.74,stable dry phase,1.0
2026-11-hungaroring,21,middle,30.25,52.55,25.2,False,3.22,dry,1.25,stable dry phase,1.0
2026-11-hungaroring,22,middle,30.2,52.13,25.07,False,2.75,dry,0.83,stable dry phase,1.0
2026-11-hungaroring,23,middle,30.2,48.14,25.51,False,2.23,dry,-3.16,stable dry phase,1.0
2026-11-hungaroring,24,middle,30.2,49.47,25.67,False,2.18,dry,-1.83,stable dry phase,1.0
2026-11-hungaroring,25,middle,30.2,52.0,25.63,False,1.13,dry,0.7,stable dry phase,1.0
2026-11-hungaroring,26,middle,30.34,52.35,25.84,False,2.75,dry,1.05,stable dry phase,1.0
2026-11-hungaroring,27,middle,30.66,52.15,24.98,False,2.64,dry,0.85,stable dry phase,1.0
2026-11-hungaroring,28,middle,30.7,51.93,24.86,False,2.6,dry,0.63,stable dry phase,1.0
2026-11-hungaroring,29,middle,30.74,51.34,24.8,False,2.93,dry,0.04,stable dry phase,1.0
2026-11-hungaroring,30,middle,30.17,50.77,24.54,False,1.7,dry,-0.53,stable dry phase,1.0
2026-11-hungaroring,31,middle,30.14,51.83,25.13,False,1.6,dry,0.53,stable dry phase,1.0
2026-11-hungaroring,32,middle,30.2,51.71,25.32,False,1.9,dry,0.41,stable dry phase,1.0
2026-11-hungaroring,33,middle,30.21,51.17,25.15,False,1.84,dry,-0.13,stable dry phase,1.0
2026-11-hungaroring,34,middle,30.33,51.71,25.7,False,2.17,dry,0.41,stable dry phase,1.0
2026-11-hungaroring,35,middle,30.39,51.95,25.4,False,2.28,dry,0.65,stable dry phase,1.0
2026-11-hungaroring,36,middle,30.28,51.92,25.4,False,1.8,dry,0.62,stable dry phase,1.0
2026-11-hungaroring,37,middle,30.32,52.15,25.62,False,2.99,dry,0.85,stable dry phase,1.0
2026-11-hungaroring,38,middle,30.4,52.08,25.22,False,4.22,dry,0.78,stable dry phase,1.0
2026-11-hungaroring,39,middle,30.63,51.6,25.18,False,4.26,dry,0.3,stable dry phase,1.0
2026-11-hungaroring,40,middle,30.61,52.28,25.64,False,3.36,dry,0.98,stable dry phase,1.0
2026-11-hungaroring,41,middle,30.5,52.8,25.64,False,2.55,dry,1.5,stable dry phase,1.0
2026-11-hungaroring,42,middle,30.56,52.74,25.33,False,2.31,dry,1.44,stable dry phase,1.0
2026-11-hungaroring,43,middle,30.6,52.48,25.23,False,3.25,dry,1.18,stable dry phase,1.0
2026-11-hungaroring,44,middle,30.67,51.67,25.1,False,2.77,dry,0.37,stable dry phase,1.0
2026-11-hungaroring,45,middle,30.7,51.66,25.16,False,1.66,dry,0.36,stable dry phase,1.0
2026-11-hungaroring,46,middle,30.7,51.95,25.43,False,1.78,dry,0.65,stable dry phase,1.0
2026-11-hungaroring,47,middle,30.73,51.66,25.48,False,2.72,dry,0.36,stable dry phase,1.0
2026-11-hungaroring,48,middle,30.76,51.12,25.62,False,2.53,dry,-0.18,stable dry phase,1.0
2026-11-hungaroring,49,middle,30.8,51.47,25.99,False,2.17,dry,0.17,stable dry phase,1.0
2026-11-hungaroring,50,middle,30.86,51.31,25.78,False,1.91,dry,0.02,stable dry phase,1.0
2026-11-hungaroring,51,middle,30.84,51.63,25.58,False,1.93,dry,0.33,stable dry phase,1.0
2026-11-hungaroring,52,middle,30.84,52.02,25.64,False,1.25,dry,0.72,stable dry phase,1.0
2026-11-hungaroring,53,closing,30.91,52.26,25.43,False,1.31,dry,0.96,stable dry phase,1.0
2026-11-hungaroring,54,closing,31.01,52.51,25.27,False,1.96,dry,1.21,stable dry phase,1.0
2026-11-hungaroring,55,closing,31.12,52.16,24.94,False,2.6,dry,0.86,stable dry phase,1.0
2026-11-hungaroring,56,closing,31.26,51.95,24.77,False,2.07,dry,0.65,stable dry phase,1.0
2026-11-hungaroring,57,closing,31.14,52.11,24.66,False,1.36,dry,0.81,stable dry phase,1.0
2026-11-hungaroring,58,closing,30.99,52.27,24.87,False,2.11,dry,0.97,stable dry phase,1.0
2026-11-hungaroring,59,closing,31.02,52.08,25.22,False,3.19,dry,0.78,stable dry phase,1.0
2026-11-hungaroring,60,closing,31.09,51.6,25.48,False,3.21,dry,0.3,stable dry phase,1.0
2026-11-hungaroring,61,closing,31.22,50.49,25.66,False,2.52,dry,-0.81,stable dry phase,1.0
2026-11-hungaroring,62,closing,31.08,50.23,25.85,False,2.08,dry,-1.07,stable dry phase,1.0
2026-11-hungaroring,63,closing,30.92,50.45,26.02,False,2.15,dry,-0.85,stable dry phase,1.0
2026-11-hungaroring,64,closing,30.82,50.86,26.07,False,2.86,dry,-0.44,stable dry phase,1.0
2026-11-hungaroring,65,closing,30.83,50.61,25.85,False,3.14,dry,-0.69,stable dry phase,1.0
2026-11-hungaroring,66,closing,30.96,50.84,25.81,False,2.92,dry,-0.46,stable dry phase,1.0
2026-11-hungaroring,67,closing,31.12,50.54,25.56,False,2.32,dry,-0.76,stable dry phase,1.0
2026-11-hungaroring,68,closing,31.22,50.75,25.64,False,2.12,dry,-0.55,stable dry phase,1.0
2026-11-hungaroring,69,closing,31.16,50.7,25.55,False,1.45,dry,-0.6,stable dry phase,1.0
2026-11-hungaroring,70,closing,31.0,51.1,25.9,False,1.3,dry,-0.2,stable dry phase,1.0
