season,round,event_name,session_code,driver,team,lap_number,stint,compound,tyre_life,lap_time_s,sector_1_s,sector_2_s,sector_3_s,speed_i1,speed_i2,speed_fl,speed_st,track_status,fresh_tyre,is_personal_best,is_accurate,deleted,lap_start_time,position,air_temp_c,track_temp_c,humidity_pct,rainfall,wind_speed_mps,wind_direction_deg
2026,14,Spanish Grand Prix,R,NOR,McLaren,1.0,1.0,MEDIUM,1.0,101.813,,36.257,32.846,201.0,251.0,222.0,298.0,12,True,False,False,False,2026-09-13 13:04:04.249,1.0,28.7,50.1,30.3,False,4.0,67.0
2026,14,Spanish Grand Prix,R,NOR,McLaren,2.0,1.0,MEDIUM,2.0,99.404,30.504,35.647,33.253,218.0,247.0,217.0,295.0,1,True,True,True,False,2026-09-13 13:05:46.318,1.0,28.8,50.6,29.9,False,2.0,287.0
2026,14,Spanish Grand Prix,R,NOR,McLaren,3.0,1.0,MEDIUM,3.0,100.111,30.661,36.019,33.431,218.0,250.0,220.0,294.0,1,True,False,True,False,2026-09-13 13:07:25.722,1.0,28.8,50.8,29.8,False,2.7,67.0
2026,14,Spanish Grand Prix,R,NOR,McLaren,4.0,1.0,MEDIUM,4.0,100.119,30.37,36.213,33.536,220.0,249.0,220.0,287.0,1,True,False,True,False,2026-09-13 13:09:05.833,1.0,28.7,51.5,29.7,False,0.0,0.0
2026,14,Spanish Grand Prix,R,NOR,McLaren,5.0,1.0,MEDIUM,5.0,99.764,30.385,36.044,33.335,218.0,250.0,220.0,291.0,12,True,False,True,False,2026-09-13 13:10:45.952,1.0,28.9,51.5,29.0,False,1.1,91.0
2026,14,Spanish Grand Prix,R,NOR,McLaren,6.0,1.0,MEDIUM,6.0,99.345,30.389,35.842,33.114,223.0,252.0,221.0,295.0,21,True,True,True,False,2026-09-13 13:12:25.716,1.0,29.1,51.6,28.7,False,3.4,61.0
2026,14,Spanish Grand Prix,R,NOR,McLaren,7.0,1.0,MEDIUM,7.0,99.498,30.334,35.872,33.292,222.0,252.0,221.0,294.0,1,True,False,True,False,2026-09-13 13:14:05.061,1.0,29.1,50.8,28.3,False,3.1,43.0
2026,14,Spanish Grand Prix,R,NOR,McLaren,8.0,1.0,MEDIUM,8.0,99.343,30.307,35.78,33.256,222.0,252.0,220.0,299.0,1,True,True,True,False,2026-09-13 13:15:44.559,1.0,28.9,51.5,28.8,False,2.2,69.0
2026,14,Spanish Grand Prix,R,NOR,McLaren,9.0,1.0,MEDIUM,9.0,99.122,30.233,35.709,33.18,222.0,252.0,220.0,296.0,1,True,True,True,False,2026-09-13 13:17:23.902,1.0,29.0,51.5,28.9,False,0.9,21.0
2026,14,Spanish Grand Prix,R,NOR,McLaren,10.0,1.0,MEDIUM,10.0,99.091,30.297,35.713,33.081,220.0,253.0,222.0,292.0,1,True,True,True,False,2026-09-13 13:19:03.024,1.0,29.1,51.8,28.5,False,1.4,51.0
2026,14,Spanish Grand Prix,R,NOR,McLaren,11.0,1.0,MEDIUM,11.0,99.229,30.362,35.794,33.073,222.0,254.0,222.0,292.0,1,True,False,True,False,2026-09-13 13:20:42.115,1.0,29.4,52.1,28.6,False,3.5,290.0
2026,14,Spanish Grand Prix,R,NOR,McLaren,12.0,1.0,MEDIUM,12.0,99.295,30.309,35.766,33.22,220.0,252.0,221.0,292.0,1,True,False,True,False,2026-09-13 13:22:21.344,1.0,29.4,52.0,27.4,False,1.3,96.0
2026,14,Spanish Grand Prix,R,NOR,McLaren,13.0,1.0,MEDIUM,13.0,99.422,30.484,35.759,33.179,220.0,255.0,219.0,292.0,1,True,False,True,False,2026-09-13 13:24:00.639,1.0,29.7,52.1,27.9,False,1.0,277.0
2026,14,Spanish Grand Prix,R,NOR,McLaren,14.0,1.0,MEDIUM,14.0,100.33,30.384,35.89,34.056,222.0,253.0,196.0,291.0,126,True,False,False,False,2026-09-13 13:25:40.061,1.0,29.9,51.6,27.0,False,0.5,207.0
2026,14,Spanish Grand Prix,R,NOR,McLaren,15.0,1.0,MEDIUM,15.0,146.124,50.861,48.134,47.129,196.0,210.0,,107.0,671,True,False,False,False,2026-09-13 13:27:20.391,1.0,29.9,51.8,27.1,False,0.0,0.0
2026,14,Spanish Grand Prix,R,NOR,McLaren,16.0,2.0,HARD,1.0,126.51,57.867,36.076,32.567,211.0,251.0,224.0,243.0,1,True,False,False,False,2026-09-13 13:29:46.515,5.0,29.8,52.5,27.0,False,0.0,0.0
2026,14,Spanish Grand Prix,R,NOR,McLaren,17.0,2.0,HARD,2.0,98.286,29.899,35.7,32.687,220.0,251.0,224.0,291.0,1,True,True,True,False,2026-09-13 13:31:53.025,5.0,29.8,52.6,26.0,False,2.4,91.0
2026,14,Spanish Grand Prix,R,NOR,McLaren,18.0,2.0,HARD,3.0,97.96,29.923000000000002,35.485,32.552,221.0,256.0,223.0,295.0,1,True,True,True,False,2026-09-13 13:33:31.311,5.0,29.9,52.5,26.6,False,0.4,89.0
2026,14,Spanish Grand Prix,R,NOR,McLaren,19.0,2.0,HARD,4.0,98.225,29.86,35.638,32.727,222.0,255.0,222.0,294.0,1,True,False,True,False,2026-09-13 13:35:09.271,5.0,29.9,51.7,24.9,False,1.2,49.0
2026,14,Spanish Grand Prix,R,NOR,McLaren,20.0,2.0,HARD,5.0,97.985,29.822,35.479,32.684,224.0,252.0,224.0,296.0,1,True,False,True,False,2026-09-13 13:36:47.496,5.0,30.0,52.7,25.0,False,3.6,308.0
2026,14,Spanish Grand Prix,R,NOR,McLaren,21.0,2.0,HARD,6.0,98.239,29.799,35.645,32.795,221.0,252.0,222.0,295.0,1,True,False,True,False,2026-09-13 13:38:25.481,5.0,30.1,52.3,24.7,False,2.2,289.0
2026,14,Spanish Grand Prix,R,NOR,McLaren,22.0,2.0,HARD,7.0,98.167,29.921,35.516,32.73,221.0,252.0,221.0,294.0,1,True,False,True,False,2026-09-13 13:40:03.720,5.0,29.9,52.3,24.8,False,1.5,316.0
2026,14,Spanish Grand Prix,R,NOR,McLaren,23.0,2.0,HARD,8.0,98.176,29.841,35.414,32.921,222.0,256.0,221.0,292.0,1,True,False,True,False,2026-09-13 13:41:41.887,5.0,30.1,52.3,24.1,False,2.8,59.0
2026,14,Spanish Grand Prix,R,NOR,McLaren,24.0,2.0,HARD,9.0,98.051,29.859,35.478,32.714,225.0,256.0,222.0,296.0,1,True,False,True,False,2026-09-13 13:43:20.063,5.0,30.1,52.7,24.3,False,1.4,276.0
2026,14,Spanish Grand Prix,R,NOR,McLaren,25.0,2.0,HARD,10.0,98.521,29.876,35.648,32.997,223.0,254.0,224.0,298.0,1,True,False,True,False,2026-09-13 13:44:58.114,5.0,30.2,52.8,24.7,False,2.7,339.0
2026,14,Spanish Grand Prix,R,NOR,McLaren,26.0,2.0,HARD,11.0,98.898,29.824,35.892,33.182,219.0,249.0,222.0,295.0,1,True,False,True,False,2026-09-13 13:46:36.635,5.0,30.2,52.9,24.7,False,0.8,289.0
2026,14,Spanish Grand Prix,R,NOR,McLaren,27.0,2.0,HARD,12.0,99.035,29.957,35.969,33.109,218.0,251.0,223.0,286.0,1,True,False,True,False,2026-09-13 13:48:15.533,5.0,30.4,53.0,25.0,False,4.1,286.0
2026,14,Spanish Grand Prix,R,NOR,McLaren,28.0,2.0,HARD,13.0,98.869,29.77,35.886,33.213,219.0,255.0,220.0,295.0,1,True,False,True,False,2026-09-13 13:49:54.568,4.0,30.1,52.9,24.5,False,0.6,287.0
2026,14,Spanish Grand Prix,R,NOR,McLaren,29.0,2.0,HARD,14.0,97.709,29.409,35.379,32.921,222.0,253.0,223.0,304.0,1,True,True,True,False,2026-09-13 13:51:33.437,4.0,30.1,53.1,24.0,False,0.4,245.0
2026,14,Spanish Grand Prix,R,NOR,McLaren,30.0,2.0,HARD,15.0,98.237,29.845,35.457,32.935,223.0,251.0,225.0,301.0,1,True,False,True,False,2026-09-13 13:53:11.146,4.0,30.3,52.9,24.2,False,2.5,278.0
2026,14,Spanish Grand Prix,R,NOR,McLaren,31.0,2.0,HARD,16.0,97.611,29.493,35.325,32.793,223.0,253.0,223.0,301.0,1,True,True,True,False,2026-09-13 13:54:49.383,4.0,30.1,53.2,24.5,False,1.8,12.0
2026,14,Spanish Grand Prix,R,NOR,McLaren,32.0,2.0,HARD,17.0,98.124,29.646,35.309,33.169,223.0,252.0,222.0,301.0,1,True,False,True,False,2026-09-13 13:56:26.994,4.0,30.0,53.4,24.8,False,0.8,110.0
2026,14,Spanish Grand Prix,R,NOR,McLaren,33.0,2.0,HARD,18.0,97.473,29.659,35.328,32.486,223.0,254.0,223.0,304.0,1,True,True,True,False,2026-09-13 13:58:05.118,4.0,30.1,53.5,24.8,False,0.5,334.0
2026,14,Spanish Grand Prix,R,NOR,McLaren,34.0,2.0,HARD,19.0,97.133,29.481,35.232,32.42,224.0,253.0,224.0,299.0,1,True,True,True,False,2026-09-13 13:59:42.591,4.0,30.3,54.2,24.1,False,0.9,249.0
2026,14,Spanish Grand Prix,R,NOR,McLaren,35.0,2.0,HARD,20.0,97.16,29.4,35.265,32.495,224.0,255.0,224.0,304.0,1,True,False,True,False,2026-09-13 14:01:19.724,4.0,30.4,54.3,23.5,False,0.9,276.0
2026,14,Spanish Grand Prix,R,NOR,McLaren,36.0,2.0,HARD,21.0,97.029,29.513,35.038,32.478,223.0,254.0,223.0,305.0,1,True,True,True,False,2026-09-13 14:02:56.884,4.0,30.6,54.0,22.3,False,2.4,31.0
2026,14,Spanish Grand Prix,R,NOR,McLaren,37.0,2.0,HARD,22.0,97.705,29.519,35.293,32.893,222.0,249.0,223.0,305.0,1,True,False,True,False,2026-09-13 14:04:33.913,4.0,30.6,53.3,22.0,False,0.7,207.0
2026,14,Spanish Grand Prix,R,NOR,McLaren,38.0,2.0,HARD,23.0,96.897,29.541,34.937,32.419,221.0,256.0,224.0,306.0,1,True,True,True,False,2026-09-13 14:06:11.618,4.0,30.7,54.0,22.4,False,0.9,278.0
2026,14,Spanish Grand Prix,R,NOR,McLaren,39.0,2.0,HARD,24.0,96.951,29.349,35.098,32.504,225.0,256.0,223.0,306.0,1,True,False,True,False,2026-09-13 14:07:48.515,4.0,30.3,53.6,23.3,False,1.6,51.0
2026,14,Spanish Grand Prix,R,NOR,McLaren,40.0,2.0,HARD,25.0,96.796,29.31,34.943,32.543,223.0,257.0,223.0,304.0,1,True,True,True,False,2026-09-13 14:09:25.466,4.0,30.2,53.6,23.4,False,0.9,63.0
2026,14,Spanish Grand Prix,R,NOR,McLaren,41.0,2.0,HARD,26.0,97.208,29.452,35.025,32.731,222.0,256.0,223.0,307.0,1,True,False,True,False,2026-09-13 14:11:02.262,4.0,30.1,53.8,23.0,False,0.6,312.0
2026,14,Spanish Grand Prix,R,NOR,McLaren,42.0,2.0,HARD,27.0,97.067,29.38,34.974,32.713,225.0,259.0,225.0,305.0,1,True,False,True,False,2026-09-13 14:12:39.470,4.0,30.1,54.1,23.4,False,1.0,59.0
2026,14,Spanish Grand Prix,R,NOR,McLaren,43.0,2.0,HARD,28.0,97.149,29.287,35.163,32.699,223.0,260.0,225.0,305.0,1,True,False,True,False,2026-09-13 14:14:16.537,4.0,30.3,53.9,22.9,False,1.8,66.0
2026,14,Spanish Grand Prix,R,NOR,McLaren,44.0,2.0,HARD,29.0,97.09,29.311,35.112,32.667,222.0,256.0,225.0,289.0,1,True,False,True,False,2026-09-13 14:15:53.686,4.0,30.8,54.2,23.0,False,1.7,262.0
2026,14,Spanish Grand Prix,R,NOR,McLaren,45.0,2.0,HARD,30.0,97.126,29.537,34.905,32.684,222.0,258.0,224.0,300.0,1,True,False,True,False,2026-09-13 14:17:30.776,4.0,30.8,54.0,22.0,False,3.1,276.0
2026,14,Spanish Grand Prix,R,NOR,McLaren,46.0,2.0,HARD,31.0,97.333,29.408,35.145,32.78,223.0,256.0,224.0,303.0,1,True,False,True,False,2026-09-13 14:19:07.902,4.0,30.7,53.7,22.0,False,1.1,342.0
2026,14,Spanish Grand Prix,R,NOR,McLaren,47.0,2.0,HARD,32.0,97.327,29.548000000000002,35.002,32.777,222.0,255.0,225.0,310.0,1,True,False,True,False,2026-09-13 14:20:45.235,4.0,30.7,53.8,21.5,False,0.8,75.0
2026,14,Spanish Grand Prix,R,NOR,McLaren,48.0,2.0,HARD,33.0,97.347,29.288,35.115,32.944,221.0,257.0,224.0,303.0,1,True,False,True,False,2026-09-13 14:22:22.562,3.0,30.7,54.1,21.1,False,0.7,253.0
2026,14,Spanish Grand Prix,R,NOR,McLaren,49.0,2.0,HARD,34.0,96.999,29.425,34.934,32.64,222.0,256.0,225.0,280.0,1,True,False,True,False,2026-09-13 14:23:59.909,3.0,30.9,53.2,21.8,False,1.5,304.0
2026,14,Spanish Grand Prix,R,NOR,McLaren,50.0,2.0,HARD,35.0,97.135,29.463,35.005,32.667,217.0,256.0,223.0,282.0,1,True,False,True,False,2026-09-13 14:25:36.908,3.0,30.8,54.1,21.1,False,1.1,296.0
2026,14,Spanish Grand Prix,R,NOR,McLaren,51.0,2.0,HARD,36.0,96.9,29.354,34.875,32.671,226.0,259.0,223.0,307.0,1,True,False,True,False,2026-09-13 14:27:14.043,3.0,30.9,53.9,20.5,False,1.0,143.0
2026,14,Spanish Grand Prix,R,NOR,McLaren,52.0,2.0,HARD,37.0,96.68,29.331,34.755,32.594,222.0,256.0,223.0,308.0,1,True,True,True,False,2026-09-13 14:28:50.943,3.0,30.9,54.4,21.1,False,0.6,358.0
2026,14,Spanish Grand Prix,R,NOR,McLaren,53.0,2.0,HARD,38.0,96.983,29.375,35.034,32.574,219.0,258.0,225.0,291.0,1,True,False,True,False,2026-09-13 14:30:27.623,3.0,30.8,54.7,21.9,False,0.0,0.0
2026,14,Spanish Grand Prix,R,NOR,McLaren,54.0,2.0,HARD,39.0,96.934,29.595,34.837,32.502,214.0,259.0,223.0,308.0,1,True,False,True,False,2026-09-13 14:32:04.606,3.0,31.0,54.9,21.6,False,2.1,72.0
2026,14,Spanish Grand Prix,R,NOR,McLaren,55.0,2.0,HARD,40.0,96.787,29.268,34.658,32.861,224.0,260.0,222.0,305.0,1,True,False,True,False,2026-09-13 14:33:41.540,3.0,30.9,54.1,22.8,False,1.8,69.0
2026,14,Spanish Grand Prix,R,NOR,McLaren,56.0,2.0,HARD,41.0,98.003,30.061,35.457,32.485,208.0,263.0,222.0,276.0,1,True,False,True,False,2026-09-13 14:35:18.327,3.0,30.9,53.2,22.6,False,2.5,57.0
2026,14,Spanish Grand Prix,R,NOR,McLaren,57.0,2.0,HARD,42.0,97.018,29.428,35.079,32.511,221.0,257.0,223.0,285.0,1,True,False,True,False,2026-09-13 14:36:56.330,3.0,30.9,54.0,23.1,False,0.3,107.0
2026,14,Spanish Grand Prix,R,GAS,Alpine,1.0,1.0,HARD,1.0,110.207,,38.59,35.142,184.0,218.0,209.0,245.0,12,True,False,False,False,2026-09-13 13:04:04.249,13.0,28.7,50.1,30.3,False,4.0,67.0
2026,14,Spanish Grand Prix,R,GAS,Alpine,2.0,1.0,HARD,2.0,102.989,31.348,37.202,34.439,193.0,230.0,211.0,281.0,1,True,True,True,False,2026-09-13 13:05:54.712,13.0,28.8,50.6,29.9,False,2.0,287.0
2026,14,Spanish Grand Prix,R,GAS,Alpine,3.0,1.0,HARD,3.0,102.795,30.875,37.406,34.514,204.0,225.0,219.0,265.0,1,True,True,True,False,2026-09-13 13:07:37.701,13.0,28.7,50.9,29.5,False,1.9,67.0
2026,14,Spanish Grand Prix,R,GAS,Alpine,4.0,1.0,HARD,4.0,102.704,31.184,37.212,34.308,193.0,232.0,212.0,260.0,1,True,True,True,False,2026-09-13 13:09:20.496,13.0,28.7,51.5,29.7,False,0.0,0.0
2026,14,Spanish Grand Prix,R,GAS,Alpine,5.0,1.0,HARD,5.0,103.252,31.037,37.269,34.946,205.0,234.0,209.0,266.0,12,True,False,True,False,2026-09-13 13:11:03.200,13.0,28.9,51.5,29.0,False,1.1,91.0
2026,14,Spanish Grand Prix,R,GAS,Alpine,6.0,1.0,HARD,6.0,103.376,31.499,37.549,34.328,197.0,232.0,213.0,267.0,1,True,False,True,False,2026-09-13 13:12:46.452,12.0,29.1,51.7,28.4,False,2.0,80.0
2026,14,Spanish Grand Prix,R,GAS,Alpine,7.0,1.0,HARD,7.0,102.41,30.988,36.964,34.458,208.0,233.0,212.0,282.0,1,True,True,True,False,2026-09-13 13:14:29.828,12.0,29.1,50.8,28.3,False,3.1,43.0
2026,14,Spanish Grand Prix,R,GAS,Alpine,8.0,1.0,HARD,8.0,102.112,31.169,36.901,34.042,211.0,241.0,219.0,275.0,1,True,True,True,False,2026-09-13 13:16:12.238,12.0,28.9,51.5,28.8,False,2.2,69.0
2026,14,Spanish Grand Prix,R,GAS,Alpine,9.0,1.0,HARD,9.0,102.181,31.178,36.829,34.174,210.0,228.0,216.0,277.0,1,True,False,True,False,2026-09-13 13:17:54.350,12.0,29.0,51.7,28.7,False,1.7,61.0
2026,14,Spanish Grand Prix,R,GAS,Alpine,10.0,1.0,HARD,10.0,102.3,31.25,36.696,34.354,207.0,233.0,209.0,272.0,1,True,False,True,False,2026-09-13 13:19:36.531,12.0,29.2,51.9,29.0,False,0.0,0.0
2026,14,Spanish Grand Prix,R,GAS,Alpine,11.0,1.0,HARD,11.0,102.46,31.252,36.823,34.385,213.0,234.0,219.0,270.0,1,True,False,True,False,2026-09-13 13:21:18.831,12.0,29.4,52.1,28.6,False,3.5,290.0
2026,14,Spanish Grand Prix,R,GAS,Alpine,12.0,1.0,HARD,12.0,102.577,31.038,37.13,34.409,203.0,234.0,214.0,265.0,1,True,False,True,False,2026-09-13 13:23:01.291,12.0,29.6,51.8,27.4,False,0.4,91.0
2026,14,Spanish Grand Prix,R,GAS,Alpine,13.0,1.0,HARD,13.0,102.436,31.041,36.925,34.47,206.0,238.0,213.0,271.0,1,True,False,True,False,2026-09-13 13:24:43.868,12.0,29.8,52.5,27.4,False,1.0,328.0
2026,14,Spanish Grand Prix,R,GAS,Alpine,14.0,1.0,HARD,14.0,125.674,30.892,46.832,47.95,209.0,210.0,116.0,270.0,126,True,False,False,False,2026-09-13 13:26:26.304,12.0,29.9,51.6,27.0,False,0.5,207.0
2026,14,Spanish Grand Prix,R,GAS,Alpine,15.0,1.0,HARD,15.0,121.034,47.086,40.181,33.767,179.0,240.0,222.0,114.0,671,True,False,False,False,2026-09-13 13:28:31.978,8.0,29.8,50.8,27.0,False,0.8,331.0
2026,14,Spanish Grand Prix,R,GAS,Alpine,16.0,1.0,HARD,16.0,100.626,30.569,36.349,33.708,210.0,245.0,221.0,282.0,1,True,True,True,False,2026-09-13 13:30:33.012,8.0,29.8,52.5,27.0,False,0.0,0.0
2026,14,Spanish Grand Prix,R,GAS,Alpine,17.0,1.0,HARD,17.0,100.093,30.452,36.112,33.529,214.0,238.0,222.0,289.0,1,True,True,True,False,2026-09-13 13:32:13.638,8.0,29.8,52.6,26.0,False,2.4,91.0
2026,14,Spanish Grand Prix,R,GAS,Alpine,18.0,1.0,HARD,18.0,100.077,30.263,36.267,33.547,217.0,245.0,222.0,283.0,1,True,True,True,False,2026-09-13 13:33:53.731,8.0,29.9,52.3,25.4,False,3.3,47.0
2026,14,Spanish Grand Prix,R,GAS,Alpine,19.0,1.0,HARD,19.0,99.753,30.361,35.993,33.399,216.0,251.0,221.0,277.0,1,True,True,True,False,2026-09-13 13:35:33.808,8.0,29.9,51.7,24.9,False,1.2,49.0
2026,14,Spanish Grand Prix,R,GAS,Alpine,20.0,1.0,HARD,20.0,99.961,30.426,35.951,33.584,217.0,242.0,223.0,280.0,1,True,False,True,False,2026-09-13 13:37:13.561,8.0,30.0,52.7,25.0,False,3.6,308.0
2026,14,Spanish Grand Prix,R,GAS,Alpine,21.0,1.0,HARD,21.0,99.454,30.214,35.967,33.273,218.0,246.0,222.0,286.0,1,True,True,True,False,2026-09-13 13:38:53.522,8.0,30.0,52.8,24.7,False,0.4,352.0
2026,14,Spanish Grand Prix,R,GAS,Alpine,22.0,1.0,HARD,22.0,98.986,30.127,35.631,33.228,215.0,249.0,222.0,290.0,1,True,True,True,False,2026-09-13 13:40:32.976,8.0,29.9,52.3,24.8,False,1.5,316.0
2026,14,Spanish Grand Prix,R,GAS,Alpine,23.0,1.0,HARD,23.0,99.138,30.135,35.593,33.41,216.0,251.0,223.0,290.0,1,True,False,True,False,2026-09-13 13:42:11.962,8.0,30.1,52.3,24.1,False,2.8,59.0
2026,14,Spanish Grand Prix,R,GAS,Alpine,24.0,1.0,HARD,24.0,99.192,30.126,35.653,33.413,220.0,249.0,222.0,293.0,1,True,False,True,False,2026-09-13 13:43:51.100,8.0,30.3,52.8,24.2,False,1.4,316.0
2026,14,Spanish Grand Prix,R,GAS,Alpine,25.0,1.0,HARD,25.0,99.895,30.152,35.567,34.176,221.0,247.0,222.0,280.0,1,True,False,True,False,2026-09-13 13:45:30.292,8.0,30.2,52.8,24.7,False,2.7,339.0
2026,14,Spanish Grand Prix,R,GAS,Alpine,26.0,1.0,HARD,26.0,99.315,30.209,35.589,33.517,217.0,251.0,221.0,291.0,1,True,False,True,False,2026-09-13 13:47:10.187,8.0,30.2,52.9,24.7,False,0.8,289.0
2026,14,Spanish Grand Prix,R,GAS,Alpine,27.0,1.0,HARD,27.0,99.259,30.144,35.607,33.508,218.0,252.0,221.0,283.0,1,True,False,True,False,2026-09-13 13:48:49.502,8.0,30.3,52.7,24.2,False,2.6,279.0
2026,14,Spanish Grand Prix,R,GAS,Alpine,28.0,1.0,HARD,28.0,98.73,29.951999999999998,35.36,33.418,219.0,256.0,221.0,292.0,1,True,True,True,False,2026-09-13 13:50:28.761,8.0,30.1,52.9,24.5,False,0.6,287.0
2026,14,Spanish Grand Prix,R,GAS,Alpine,29.0,1.0,HARD,29.0,99.288,30.15,35.498,33.64,218.0,256.0,222.0,279.0,1,True,False,True,False,2026-09-13 13:52:07.491,8.0,30.2,53.3,24.3,False,1.4,283.0
2026,14,Spanish Grand Prix,R,GAS,Alpine,30.0,1.0,HARD,30.0,99.632,30.231,35.589,33.812,214.0,247.0,221.0,289.0,1,True,False,True,False,2026-09-13 13:53:46.779,8.0,30.1,53.1,24.0,False,1.4,279.0
2026,14,Spanish Grand Prix,R,GAS,Alpine,31.0,1.0,HARD,31.0,99.273,30.023,35.754,33.496,219.0,250.0,221.0,283.0,1,True,False,True,False,2026-09-13 13:55:26.411,8.0,30.1,53.2,24.5,False,1.8,12.0
2026,14,Spanish Grand Prix,R,GAS,Alpine,32.0,1.0,HARD,32.0,99.004,30.065,35.582,33.357,216.0,252.0,224.0,295.0,1,True,False,True,False,2026-09-13 13:57:05.684,8.0,30.0,53.3,24.7,False,1.3,276.0
2026,14,Spanish Grand Prix,R,GAS,Alpine,33.0,1.0,HARD,33.0,98.549,30.142,35.22,33.187,219.0,254.0,223.0,291.0,1,True,True,True,False,2026-09-13 13:58:44.688,8.0,30.2,53.7,24.5,False,1.0,280.0
2026,14,Spanish Grand Prix,R,GAS,Alpine,34.0,1.0,HARD,34.0,98.438,30.063,35.286,33.089,218.0,252.0,224.0,299.0,1,True,True,True,False,2026-09-13 14:00:23.237,8.0,30.3,54.2,24.1,False,0.9,249.0
2026,14,Spanish Grand Prix,R,GAS,Alpine,35.0,1.0,HARD,35.0,98.595,30.163,35.253,33.179,215.0,251.0,223.0,292.0,1,True,False,True,False,2026-09-13 14:02:01.675,8.0,30.5,54.5,23.3,False,0.0,0.0
2026,14,Spanish Grand Prix,R,GAS,Alpine,36.0,1.0,HARD,36.0,98.141,29.796,35.139,33.206,220.0,258.0,222.0,299.0,1,True,True,True,False,2026-09-13 14:03:40.270,8.0,30.6,53.3,22.0,False,0.7,207.0
2026,14,Spanish Grand Prix,R,GAS,Alpine,37.0,1.0,HARD,37.0,99.105,30.09,35.345,33.67,219.0,251.0,222.0,292.0,1,True,False,True,False,2026-09-13 14:05:18.411,8.0,30.6,53.6,22.9,False,1.5,295.0
2026,14,Spanish Grand Prix,R,GAS,Alpine,38.0,1.0,HARD,38.0,99.166,30.163,35.507,33.496,222.0,250.0,224.0,296.0,1,True,False,True,False,2026-09-13 14:06:57.516,8.0,30.5,53.6,22.6,False,0.7,52.0
2026,14,Spanish Grand Prix,R,GAS,Alpine,39.0,1.0,HARD,39.0,99.228,30.163,35.493,33.572,220.0,253.0,221.0,286.0,1,True,False,True,False,2026-09-13 14:08:36.682,8.0,30.2,53.6,23.4,False,0.9,63.0
2026,14,Spanish Grand Prix,R,GAS,Alpine,40.0,1.0,HARD,40.0,99.183,30.232,35.501,33.45,218.0,252.0,224.0,283.0,1,True,False,True,False,2026-09-13 14:10:15.910,8.0,30.1,53.9,23.6,False,2.0,253.0
2026,14,Spanish Grand Prix,R,GAS,Alpine,41.0,1.0,HARD,41.0,99.13,30.247,35.377,33.506,219.0,251.0,223.0,288.0,1,True,False,True,False,2026-09-13 14:11:55.093,8.0,30.0,54.0,23.6,False,0.9,64.0
2026,14,Spanish Grand Prix,R,GAS,Alpine,42.0,1.0,HARD,42.0,98.982,29.97,35.37,33.642,219.0,255.0,224.0,293.0,1,True,False,True,False,2026-09-13 14:13:34.223,8.0,30.1,54.1,23.4,False,1.0,59.0
2026,14,Spanish Grand Prix,R,GAS,Alpine,43.0,1.0,HARD,43.0,98.715,30.127,35.091,33.497,217.0,256.0,224.0,291.0,1,True,False,True,False,2026-09-13 14:15:13.205,7.0,30.5,53.7,22.9,False,0.3,329.0
2026,14,Spanish Grand Prix,R,GAS,Alpine,44.0,1.0,HARD,44.0,99.325,29.904,35.649,33.772,220.0,248.0,225.0,294.0,1,True,False,True,False,2026-09-13 14:16:51.920,7.0,30.8,54.0,22.0,False,3.1,276.0
2026,14,Spanish Grand Prix,R,GAS,Alpine,45.0,1.0,HARD,45.0,98.523,30.019,35.135,33.369,217.0,251.0,224.0,293.0,1,True,False,True,False,2026-09-13 14:18:31.245,6.0,30.7,53.5,22.3,False,3.4,285.0
2026,14,Spanish Grand Prix,R,GAS,Alpine,46.0,1.0,HARD,46.0,98.745,30.002,35.112,33.631,221.0,252.0,223.0,292.0,1,True,False,True,False,2026-09-13 14:20:09.768,6.0,30.7,53.5,22.0,False,0.0,0.0
2026,14,Spanish Grand Prix,R,GAS,Alpine,47.0,1.0,HARD,47.0,98.573,29.884,35.105,33.584,224.0,254.0,225.0,284.0,1,True,False,True,False,2026-09-13 14:21:48.513,6.0,30.7,54.1,21.1,False,0.7,253.0
2026,14,Spanish Grand Prix,R,GAS,Alpine,48.0,1.0,HARD,48.0,98.589,29.871,35.28,33.438,221.0,252.0,224.0,294.0,1,True,False,True,False,2026-09-13 14:23:27.086,6.0,30.9,53.8,21.6,False,1.9,273.0
2026,14,Spanish Grand Prix,R,GAS,Alpine,49.0,1.0,HARD,49.0,98.514,29.893,35.272,33.349,220.0,250.0,222.0,297.0,1,True,False,True,False,2026-09-13 14:25:05.675,6.0,30.9,53.6,21.2,False,3.7,292.0
2026,14,Spanish Grand Prix,R,GAS,Alpine,50.0,1.0,HARD,50.0,98.941,30.041,35.392,33.508,222.0,251.0,224.0,286.0,1,True,False,True,False,2026-09-13 14:26:44.189,6.0,30.9,53.9,20.5,False,1.0,143.0
2026,14,Spanish Grand Prix,R,GAS,Alpine,51.0,1.0,HARD,51.0,99.51,30.338,35.563,33.609,219.0,254.0,224.0,278.0,1,True,False,True,False,2026-09-13 14:28:23.130,6.0,30.8,53.0,20.8,False,0.9,179.0
2026,14,Spanish Grand Prix,R,GAS,Alpine,52.0,1.0,HARD,52.0,99.539,30.04,35.762,33.737,222.0,248.0,225.0,293.0,1,True,False,True,False,2026-09-13 14:30:02.640,6.0,30.8,54.7,21.9,False,0.0,0.0
2026,14,Spanish Grand Prix,R,GAS,Alpine,53.0,1.0,HARD,53.0,100.045,30.465,35.792,33.788,214.0,248.0,223.0,296.0,1,True,False,True,False,2026-09-13 14:31:42.179,6.0,31.0,54.9,21.6,False,2.1,72.0
2026,14,Spanish Grand Prix,R,GAS,Alpine,54.0,1.0,HARD,54.0,101.425,30.441,35.704,35.28,214.0,247.0,219.0,280.0,1,True,False,True,False,2026-09-13 14:33:22.224,7.0,31.0,54.1,22.3,False,1.4,94.0
2026,14,Spanish Grand Prix,R,GAS,Alpine,55.0,1.0,HARD,55.0,104.713,31.39,36.232,37.091,208.0,241.0,,274.0,1,True,False,False,False,2026-09-13 14:35:03.649,9.0,30.9,53.2,22.6,False,2.5,57.0
2026,14,Spanish Grand Prix,R,GAS,Alpine,56.0,2.0,SOFT,1.0,121.049,54.098,34.791,32.16,213.0,258.0,229.0,268.0,1,True,False,False,False,2026-09-13 14:36:48.362,12.0,30.9,54.0,23.1,False,0.3,107.0
2026,14,Spanish Grand Prix,R,PER,Cadillac,1.0,1.0,MEDIUM,1.0,111.706,,39.169,35.004,180.0,203.0,220.0,233.0,12,True,False,False,False,2026-09-13 13:04:04.249,16.0,28.7,50.1,30.3,False,4.0,67.0
2026,14,Spanish Grand Prix,R,PER,Cadillac,2.0,1.0,MEDIUM,2.0,104.485,31.917,37.698,34.87,193.0,225.0,217.0,230.0,1,True,True,True,False,2026-09-13 13:05:56.211,16.0,28.8,50.6,29.9,False,2.0,287.0
2026,14,Spanish Grand Prix,R,PER,Cadillac,3.0,1.0,MEDIUM,3.0,103.795,31.532,37.631,34.632,204.0,222.0,217.0,240.0,1,True,True,True,False,2026-09-13 13:07:40.696,16.0,28.7,50.9,29.5,False,1.9,67.0
2026,14,Spanish Grand Prix,R,PER,Cadillac,4.0,1.0,MEDIUM,4.0,103.506,31.59,37.452,34.464,201.0,227.0,219.0,255.0,1,True,True,True,False,2026-09-13 13:09:24.491,16.0,28.7,51.5,29.7,False,0.0,0.0
2026,14,Spanish Grand Prix,R,PER,Cadillac,5.0,1.0,MEDIUM,5.0,104.091,31.656,37.671,34.764,204.0,229.0,217.0,243.0,12,True,False,True,False,2026-09-13 13:11:07.997,16.0,28.9,51.5,29.0,False,1.1,91.0
2026,14,Spanish Grand Prix,R,PER,Cadillac,6.0,1.0,MEDIUM,6.0,104.448,31.714,38.131,34.603,196.0,225.0,217.0,249.0,1,True,False,True,False,2026-09-13 13:12:52.088,15.0,29.1,51.7,28.4,False,2.0,80.0
2026,14,Spanish Grand Prix,R,PER,Cadillac,7.0,1.0,MEDIUM,7.0,103.527,31.515,37.488,34.524,203.0,223.0,215.0,248.0,1,True,False,True,False,2026-09-13 13:14:36.536,15.0,29.0,50.5,28.4,False,0.9,13.0
2026,14,Spanish Grand Prix,R,PER,Cadillac,8.0,1.0,MEDIUM,8.0,103.85,31.478,37.693,34.679,206.0,229.0,215.0,255.0,1,True,False,True,False,2026-09-13 13:16:20.063,15.0,28.9,51.5,28.8,False,2.2,69.0
2026,14,Spanish Grand Prix,R,PER,Cadillac,9.0,1.0,MEDIUM,9.0,103.687,31.546,37.493,34.648,198.0,231.0,215.0,262.0,1,True,False,True,False,2026-09-13 13:18:03.913,15.0,29.0,51.7,28.7,False,1.7,61.0
2026,14,Spanish Grand Prix,R,PER,Cadillac,10.0,1.0,MEDIUM,10.0,103.685,31.499,37.548,34.638,206.0,227.0,218.0,274.0,1,True,False,True,False,2026-09-13 13:19:47.600,15.0,29.2,51.9,29.0,False,0.0,0.0
2026,14,Spanish Grand Prix,R,PER,Cadillac,11.0,1.0,MEDIUM,11.0,103.624,31.497,37.403,34.724,204.0,227.0,216.0,256.0,1,True,False,True,False,2026-09-13 13:21:31.285,15.0,29.4,52.1,28.6,False,3.5,290.0
2026,14,Spanish Grand Prix,R,PER,Cadillac,12.0,1.0,MEDIUM,12.0,103.932,31.579,37.602,34.751,205.0,224.0,216.0,262.0,1,True,False,True,False,2026-09-13 13:23:14.909,15.0,29.6,51.8,27.4,False,0.4,91.0
2026,14,Spanish Grand Prix,R,PER,Cadillac,13.0,1.0,MEDIUM,13.0,104.87,31.956,38.158,34.756,204.0,224.0,218.0,238.0,12,True,False,True,False,2026-09-13 13:24:58.841,15.0,29.8,52.5,27.4,False,1.0,328.0
2026,14,Spanish Grand Prix,R,PER,Cadillac,14.0,1.0,MEDIUM,14.0,132.541,31.471,51.927,49.143,204.0,160.0,,260.0,26,True,False,False,False,2026-09-13 13:26:43.711,16.0,29.9,51.8,27.1,False,0.0,0.0
2026,14,Spanish Grand Prix,R,PER,Cadillac,15.0,2.0,HARD,1.0,126.905,56.324,36.732,33.849,204.0,229.0,220.0,203.0,671,True,False,False,False,2026-09-13 13:28:56.252,19.0,29.8,52.6,26.9,False,0.3,35.0
2026,14,Spanish Grand Prix,R,PER,Cadillac,16.0,2.0,HARD,2.0,101.116,30.655,36.676,33.785,202.0,230.0,222.0,260.0,1,True,True,True,False,2026-09-13 13:31:03.157,18.0,29.8,52.7,26.8,False,1.1,120.0
2026,14,Spanish Grand Prix,R,PER,Cadillac,17.0,2.0,HARD,3.0,101.424,30.815,36.654,33.955,208.0,236.0,218.0,264.0,1,True,False,True,False,2026-09-13 13:32:44.273,18.0,29.9,52.5,26.6,False,0.4,89.0
2026,14,Spanish Grand Prix,R,PER,Cadillac,18.0,2.0,HARD,4.0,101.425,30.887,36.747,33.791,206.0,232.0,223.0,261.0,1,True,False,True,False,2026-09-13 13:34:25.697,18.0,29.9,52.3,25.4,False,3.3,47.0
2026,14,Spanish Grand Prix,R,PER,Cadillac,19.0,2.0,HARD,5.0,101.441,30.846,36.653,33.942,208.0,230.0,222.0,260.0,1,True,False,True,False,2026-09-13 13:36:07.122,18.0,29.8,52.3,24.7,False,0.9,97.0
2026,14,Spanish Grand Prix,R,PER,Cadillac,20.0,2.0,HARD,6.0,101.261,30.689,36.547,34.025,207.0,235.0,220.0,259.0,1,True,False,True,False,2026-09-13 13:37:48.563,18.0,30.1,52.3,24.7,False,2.2,289.0
2026,14,Spanish Grand Prix,R,PER,Cadillac,21.0,2.0,HARD,7.0,101.682,30.932,36.691,34.059,208.0,233.0,217.0,257.0,1,True,False,True,False,2026-09-13 13:39:29.824,18.0,30.0,52.8,24.7,False,0.4,352.0
2026,14,Spanish Grand Prix,R,PER,Cadillac,22.0,2.0,HARD,8.0,101.335,30.722,36.647,33.966,210.0,237.0,220.0,281.0,1,True,False,True,False,2026-09-13 13:41:11.506,18.0,30.0,52.6,24.4,False,2.8,294.0
2026,14,Spanish Grand Prix,R,PER,Cadillac,23.0,2.0,HARD,9.0,101.221,30.747,36.525,33.949,211.0,228.0,222.0,265.0,1,True,False,True,False,2026-09-13 13:42:52.841,18.0,30.1,52.7,24.3,False,1.4,276.0
2026,14,Spanish Grand Prix,R,PER,Cadillac,24.0,2.0,HARD,10.0,101.12,30.744,36.526,33.85,211.0,233.0,221.0,268.0,1,True,False,True,False,2026-09-13 13:44:34.062,17.0,30.3,52.8,24.2,False,1.4,316.0
2026,14,Spanish Grand Prix,R,PER,Cadillac,25.0,2.0,HARD,11.0,102.206,31.036,37.218,33.952,206.0,230.0,219.0,267.0,1,True,False,True,False,2026-09-13 13:46:15.182,17.0,30.3,52.7,24.6,False,1.4,52.0
2026,14,Spanish Grand Prix,R,PER,Cadillac,26.0,2.0,HARD,12.0,103.523,30.762,36.823,35.938,210.0,226.0,220.0,270.0,1,True,False,True,False,2026-09-13 13:47:57.388,17.0,30.4,53.0,25.0,False,4.1,286.0
2026,14,Spanish Grand Prix,R,PER,Cadillac,27.0,2.0,HARD,13.0,103.767,31.98,36.469,35.318,203.0,232.0,221.0,237.0,1,True,False,True,False,2026-09-13 13:49:40.911,17.0,30.1,52.9,24.5,False,0.6,287.0
2026,14,Spanish Grand Prix,R,PER,Cadillac,28.0,2.0,HARD,14.0,105.416,31.076,39.122,35.218,201.0,229.0,188.0,265.0,1,True,False,True,False,2026-09-13 13:51:24.678,17.0,30.1,53.1,24.0,False,0.4,245.0
2026,14,Spanish Grand Prix,R,PER,Cadillac,29.0,2.0,HARD,15.0,108.131,34.8,38.083,35.248,199.0,221.0,187.0,245.0,1,True,False,True,False,2026-09-13 13:53:10.094,17.0,30.3,52.9,24.2,False,2.5,278.0
2026,14,Spanish Grand Prix,R,PER,Cadillac,30.0,2.0,HARD,16.0,108.743,34.747,38.641,35.355,195.0,224.0,188.0,240.0,1,True,False,True,False,2026-09-13 13:54:58.225,18.0,30.1,53.2,24.5,False,1.8,12.0
2026,14,Spanish Grand Prix,R,PER,Cadillac,31.0,2.0,HARD,17.0,117.516,37.355,41.289,38.872,123.0,217.0,,229.0,1,True,False,False,False,2026-09-13 13:56:46.968,18.0,30.0,53.3,24.7,False,1.3,276.0
2026,14,Spanish Grand Prix,R,ANT,Mercedes,1.0,1.0,MEDIUM,1.0,103.897,,37.541,33.612,192.0,230.0,221.0,305.0,12,True,False,False,False,2026-09-13 13:04:04.249,3.0,28.7,50.1,30.3,False,4.0,67.0
2026,14,Spanish Grand Prix,R,ANT,Mercedes,2.0,1.0,MEDIUM,2.0,100.251,30.295,36.511,33.445,209.0,246.0,220.0,278.0,1,True,True,True,False,2026-09-13 13:05:48.402,3.0,28.8,50.6,29.9,False,2.0,287.0
2026,14,Spanish Grand Prix,R,ANT,Mercedes,3.0,1.0,MEDIUM,3.0,100.085,30.113,36.548,33.424,209.0,247.0,220.0,280.0,1,True,True,True,False,2026-09-13 13:07:28.653,3.0,28.8,50.8,29.8,False,2.7,67.0
2026,14,Spanish Grand Prix,R,ANT,Mercedes,4.0,1.0,MEDIUM,4.0,99.911,30.489,36.402,33.02,214.0,249.0,221.0,266.0,1,True,True,True,False,2026-09-13 13:09:08.738,2.0,28.7,51.5,29.7,False,0.0,0.0
2026,14,Spanish Grand Prix,R,ANT,Mercedes,5.0,1.0,MEDIUM,5.0,99.532,30.272,36.354,32.906,218.0,249.0,221.0,290.0,12,True,True,True,False,2026-09-13 13:10:48.649,2.0,28.9,51.5,29.0,False,1.1,91.0
2026,14,Spanish Grand Prix,R,ANT,Mercedes,6.0,1.0,MEDIUM,6.0,101.166,30.511,36.337,34.318,217.0,251.0,221.0,284.0,21,True,False,True,False,2026-09-13 13:12:28.181,2.0,29.1,51.6,28.7,False,3.4,61.0
2026,14,Spanish Grand Prix,R,ANT,Mercedes,7.0,1.0,MEDIUM,7.0,99.758,30.261,36.342,33.155,219.0,250.0,220.0,287.0,1,True,False,True,False,2026-09-13 13:14:09.347,2.0,29.1,50.8,28.3,False,3.1,43.0
2026,14,Spanish Grand Prix,R,ANT,Mercedes,8.0,1.0,MEDIUM,8.0,99.433,30.125,36.179,33.129,219.0,248.0,221.0,291.0,1,True,True,True,False,2026-09-13 13:15:49.105,2.0,28.9,51.5,28.8,False,2.2,69.0
2026,14,Spanish Grand Prix,R,ANT,Mercedes,9.0,1.0,MEDIUM,9.0,99.601,30.042,36.282,33.277,218.0,247.0,221.0,285.0,1,True,False,True,False,2026-09-13 13:17:28.538,2.0,29.0,51.5,28.9,False,0.9,21.0
2026,14,Spanish Grand Prix,R,ANT,Mercedes,10.0,1.0,MEDIUM,10.0,99.645,30.094,36.312,33.239,218.0,247.0,220.0,287.0,1,True,False,True,False,2026-09-13 13:19:08.139,2.0,29.1,51.8,28.5,False,1.4,51.0
2026,14,Spanish Grand Prix,R,ANT,Mercedes,11.0,1.0,MEDIUM,11.0,99.415,30.117,36.123,33.175,219.0,246.0,221.0,283.0,1,True,True,True,False,2026-09-13 13:20:47.784,2.0,29.4,52.1,28.6,False,3.5,290.0
2026,14,Spanish Grand Prix,R,ANT,Mercedes,12.0,1.0,MEDIUM,12.0,99.759,30.346,36.238,33.175,216.0,246.0,221.0,283.0,1,True,False,True,False,2026-09-13 13:22:27.199,2.0,29.4,52.0,27.4,False,1.3,96.0
2026,14,Spanish Grand Prix,R,ANT,Mercedes,13.0,1.0,MEDIUM,13.0,99.322,30.059,36.122,33.141,218.0,248.0,222.0,285.0,1,True,True,True,False,2026-09-13 13:24:06.958,2.0,29.7,52.1,27.9,False,1.0,277.0
2026,14,Spanish Grand Prix,R,ANT,Mercedes,14.0,1.0,MEDIUM,14.0,104.304,29.907,36.175,38.222,220.0,247.0,,288.0,126,True,False,False,False,2026-09-13 13:25:46.280,2.0,29.9,51.6,27.0,False,0.5,207.0
2026,14,Spanish Grand Prix,R,ANT,Mercedes,15.0,2.0,HARD,1.0,149.237,64.127,49.559,35.551,178.0,192.0,226.0,130.0,671,True,False,False,False,2026-09-13 13:27:30.584,3.0,29.9,51.8,27.1,False,0.0,0.0
2026,14,Spanish Grand Prix,R,ANT,Mercedes,16.0,2.0,HARD,2.0,97.477,29.42,35.644,32.413,219.0,253.0,225.0,286.0,1,True,True,True,False,2026-09-13 13:29:59.821,2.0,29.8,52.5,27.0,False,0.0,0.0
2026,14,Spanish Grand Prix,R,ANT,Mercedes,17.0,2.0,HARD,3.0,98.161,29.67,36.043,32.448,216.0,244.0,224.0,275.0,1,True,False,True,False,2026-09-13 13:31:37.298,2.0,29.8,52.6,26.0,False,2.4,91.0
2026,14,Spanish Grand Prix,R,ANT,Mercedes,18.0,2.0,HARD,4.0,98.519,29.714,36.067,32.738,216.0,240.0,221.0,282.0,1,True,False,True,False,2026-09-13 13:33:15.459,2.0,29.9,52.5,26.6,False,0.4,89.0
2026,14,Spanish Grand Prix,R,ANT,Mercedes,19.0,2.0,HARD,5.0,98.365,29.742,35.905,32.718,217.0,251.0,223.0,287.0,1,True,False,True,False,2026-09-13 13:34:53.978,2.0,29.9,51.7,24.9,False,1.2,49.0
2026,14,Spanish Grand Prix,R,ANT,Mercedes,20.0,2.0,HARD,6.0,98.407,29.735,36.074,32.598,218.0,251.0,223.0,284.0,1,True,False,True,False,2026-09-13 13:36:32.343,2.0,29.8,52.3,24.7,False,0.9,97.0
2026,14,Spanish Grand Prix,R,ANT,Mercedes,21.0,2.0,HARD,7.0,99.779,29.704,36.154,33.921,215.0,248.0,222.0,287.0,1,True,False,True,False,2026-09-13 13:38:10.750,2.0,30.1,52.3,24.7,False,2.2,289.0
2026,14,Spanish Grand Prix,R,ANT,Mercedes,22.0,2.0,HARD,8.0,99.187,30.012,36.316,32.859,212.0,245.0,220.0,287.0,1,True,False,True,False,2026-09-13 13:39:50.529,2.0,29.9,52.3,24.8,False,1.5,316.0
2026,14,Spanish Grand Prix,R,ANT,Mercedes,23.0,2.0,HARD,9.0,99.145,30.068,36.244,32.833,206.0,246.0,222.0,287.0,1,True,False,True,False,2026-09-13 13:41:29.716,2.0,30.0,52.6,24.4,False,2.8,294.0
2026,14,Spanish Grand Prix,R,ANT,Mercedes,24.0,2.0,HARD,10.0,98.785,29.776,35.825,33.184,217.0,241.0,225.0,291.0,1,True,False,True,False,2026-09-13 13:43:08.861,2.0,30.1,52.7,24.3,False,1.4,276.0
2026,14,Spanish Grand Prix,R,ANT,Mercedes,25.0,2.0,HARD,11.0,97.492,29.576999999999998,35.47,32.445,219.0,249.0,224.0,295.0,1,True,False,True,False,2026-09-13 13:44:47.646,2.0,30.2,52.8,24.7,False,2.7,339.0
2026,14,Spanish Grand Prix,R,ANT,Mercedes,26.0,2.0,HARD,12.0,98.057,29.625,35.609,32.823,218.0,251.0,223.0,286.0,1,True,False,True,False,2026-09-13 13:46:25.138,2.0,30.3,52.7,24.6,False,1.4,52.0
2026,14,Spanish Grand Prix,R,ANT,Mercedes,27.0,2.0,HARD,13.0,98.661,29.619,35.991,33.051,218.0,245.0,223.0,287.0,1,True,False,True,False,2026-09-13 13:48:03.195,2.0,30.4,53.0,25.0,False,4.1,286.0
2026,14,Spanish Grand Prix,R,ANT,Mercedes,28.0,2.0,HARD,14.0,99.027,29.95,36.097,32.98,217.0,248.0,223.0,281.0,1,True,False,True,False,2026-09-13 13:49:41.856,2.0,30.1,52.9,24.5,False,0.6,287.0
2026,14,Spanish Grand Prix,R,ANT,Mercedes,29.0,2.0,HARD,15.0,98.484,29.585,36.048,32.851,212.0,245.0,222.0,286.0,1,True,False,True,False,2026-09-13 13:51:20.883,2.0,30.1,53.1,24.0,False,0.4,245.0
2026,14,Spanish Grand Prix,R,ANT,Mercedes,30.0,2.0,HARD,16.0,98.664,29.789,36.102,32.773,211.0,247.0,224.0,282.0,1,True,False,True,False,2026-09-13 13:52:59.367,2.0,30.3,52.9,24.2,False,2.5,278.0
2026,14,Spanish Grand Prix,R,ANT,Mercedes,31.0,2.0,HARD,17.0,97.753,29.645,35.493,32.615,217.0,251.0,225.0,288.0,1,True,False,True,False,2026-09-13 13:54:38.031,2.0,30.1,53.2,24.5,False,1.8,12.0
2026,14,Spanish Grand Prix,R,ANT,Mercedes,32.0,2.0,HARD,18.0,97.867,29.536,35.719,32.612,216.0,245.0,223.0,288.0,1,True,False,True,False,2026-09-13 13:56:15.784,2.0,30.0,53.4,24.8,False,0.8,110.0
2026,14,Spanish Grand Prix,R,ANT,Mercedes,33.0,2.0,HARD,19.0,98.044,29.807,35.602,32.635,216.0,248.0,223.0,281.0,1,True,False,True,False,2026-09-13 13:57:53.651,2.0,30.1,53.5,24.8,False,0.5,334.0
2026,14,Spanish Grand Prix,R,ANT,Mercedes,34.0,2.0,HARD,20.0,97.786,29.659,35.577,32.55,217.0,251.0,224.0,288.0,1,True,False,True,False,2026-09-13 13:59:31.695,2.0,30.2,53.7,24.5,False,1.0,280.0
2026,14,Spanish Grand Prix,R,ANT,Mercedes,35.0,2.0,HARD,21.0,97.859,29.582,35.652,32.625,217.0,249.0,223.0,288.0,1,True,False,True,False,2026-09-13 14:01:09.481,2.0,30.4,54.3,23.5,False,0.9,276.0
2026,14,Spanish Grand Prix,R,ANT,Mercedes,36.0,2.0,HARD,22.0,97.999,29.676,35.89,32.433,215.0,253.0,224.0,290.0,1,True,False,True,False,2026-09-13 14:02:47.340,2.0,30.6,54.0,22.3,False,2.4,31.0
2026,14,Spanish Grand Prix,R,ANT,Mercedes,37.0,2.0,HARD,23.0,97.642,29.489,35.606,32.547,214.0,253.0,224.0,292.0,1,True,False,True,False,2026-09-13 14:04:25.339,2.0,30.6,53.3,22.0,False,0.7,207.0
2026,14,Spanish Grand Prix,R,ANT,Mercedes,38.0,2.0,HARD,24.0,98.492,29.714,35.929,32.849,218.0,253.0,224.0,279.0,1,True,False,True,False,2026-09-13 14:06:02.981,2.0,30.7,54.0,22.4,False,0.9,278.0
2026,14,Spanish Grand Prix,R,ANT,Mercedes,39.0,2.0,HARD,25.0,97.627,29.616,35.46,32.551,219.0,252.0,223.0,287.0,1,True,False,True,False,2026-09-13 14:07:41.473,2.0,30.3,53.6,23.3,False,1.6,51.0
2026,14,Spanish Grand Prix,R,ANT,Mercedes,40.0,2.0,HARD,26.0,97.743,29.464,35.604,32.675,218.0,255.0,224.0,289.0,1,True,False,True,False,2026-09-13 14:09:19.100,2.0,30.2,53.6,23.4,False,0.9,63.0
2026,14,Spanish Grand Prix,R,ANT,Mercedes,41.0,2.0,HARD,27.0,97.547,29.486,35.495,32.566,218.0,250.0,224.0,283.0,1,True,False,True,False,2026-09-13 14:10:56.843,2.0,30.1,53.8,23.0,False,0.6,312.0
2026,14,Spanish Grand Prix,R,ANT,Mercedes,42.0,2.0,HARD,28.0,97.296,29.426,35.352,32.518,220.0,253.0,225.0,288.0,1,True,True,True,False,2026-09-13 14:12:34.390,2.0,30.0,54.0,23.6,False,0.9,64.0
2026,14,Spanish Grand Prix,R,ANT,Mercedes,43.0,2.0,HARD,29.0,97.335,29.358,35.469,32.508,216.0,254.0,225.0,290.0,1,True,False,True,False,2026-09-13 14:14:11.686,2.0,30.3,53.9,22.9,False,1.8,66.0
2026,14,Spanish Grand Prix,R,ANT,Mercedes,44.0,2.0,HARD,30.0,97.167,29.253,35.436,32.478,217.0,251.0,226.0,287.0,1,True,True,True,False,2026-09-13 14:15:49.021,2.0,30.8,54.2,23.0,False,1.7,262.0
2026,14,Spanish Grand Prix,R,ANT,Mercedes,45.0,2.0,HARD,31.0,98.315,29.647,35.97,32.698,210.0,250.0,226.0,280.0,1,True,False,True,False,2026-09-13 14:17:26.188,2.0,30.8,54.0,22.0,False,3.1,276.0
2026,14,Spanish Grand Prix,R,ANT,Mercedes,46.0,2.0,HARD,32.0,98.31,29.549,35.955,32.806,205.0,250.0,225.0,280.0,1,True,False,True,False,2026-09-13 14:19:04.503,2.0,30.7,53.7,22.0,False,1.1,342.0
2026,14,Spanish Grand Prix,R,ANT,Mercedes,47.0,2.0,HARD,33.0,97.668,29.475,35.689,32.504,210.0,253.0,226.0,282.0,1,True,False,True,False,2026-09-13 14:20:42.813,2.0,30.7,53.8,21.5,False,0.8,75.0
2026,14,Spanish Grand Prix,R,ANT,Mercedes,48.0,2.0,HARD,34.0,97.833,29.394,35.651,32.788,211.0,250.0,227.0,286.0,1,True,False,True,False,2026-09-13 14:22:20.481,1.0,30.7,54.1,21.1,False,0.7,253.0
2026,14,Spanish Grand Prix,R,ANT,Mercedes,49.0,2.0,HARD,35.0,96.561,29.172,35.231,32.158,217.0,251.0,226.0,293.0,1,True,True,True,False,2026-09-13 14:23:58.314,1.0,30.9,53.2,21.8,False,1.5,304.0
2026,14,Spanish Grand Prix,R,ANT,Mercedes,50.0,2.0,HARD,36.0,96.561,29.373,34.932,32.256,220.0,251.0,226.0,292.0,1,True,False,True,False,2026-09-13 14:25:34.875,1.0,30.8,54.1,21.1,False,1.1,296.0
2026,14,Spanish Grand Prix,R,ANT,Mercedes,51.0,2.0,HARD,37.0,96.597,29.446,34.878,32.273,219.0,252.0,225.0,294.0,1,True,False,True,False,2026-09-13 14:27:11.436,1.0,30.9,53.9,20.5,False,1.0,143.0
2026,14,Spanish Grand Prix,R,ANT,Mercedes,52.0,2.0,HARD,38.0,96.197,29.164,34.77,32.263,217.0,255.0,227.0,296.0,1,True,True,True,False,2026-09-13 14:28:48.033,1.0,30.9,54.4,21.1,False,0.6,358.0
2026,14,Spanish Grand Prix,R,ANT,Mercedes,53.0,2.0,HARD,39.0,96.08,29.137,34.699,32.244,222.0,257.0,226.0,301.0,1,True,True,True,False,2026-09-13 14:30:24.230,1.0,30.8,54.7,21.9,False,0.0,0.0
2026,14,Spanish Grand Prix,R,ANT,Mercedes,54.0,2.0,HARD,40.0,97.19,29.528,34.94,32.722,220.0,255.0,225.0,287.0,1,True,False,True,False,2026-09-13 14:32:00.310,1.0,31.0,54.9,21.6,False,2.1,72.0
2026,14,Spanish Grand Prix,R,ANT,Mercedes,55.0,2.0,HARD,41.0,98.04,29.515,35.106,33.419,215.0,250.0,226.0,290.0,1,True,False,True,False,2026-09-13 14:33:37.500,1.0,30.9,54.1,22.8,False,1.8,69.0
2026,14,Spanish Grand Prix,R,ANT,Mercedes,56.0,2.0,HARD,42.0,96.689,29.326,34.957,32.406,219.0,255.0,226.0,301.0,1,True,False,True,False,2026-09-13 14:35:15.540,1.0,30.9,53.2,22.6,False,2.5,57.0
2026,14,Spanish Grand Prix,R,ANT,Mercedes,57.0,2.0,HARD,43.0,96.03,29.167,34.661,32.202,220.0,257.0,225.0,294.0,1,True,True,True,False,2026-09-13 14:36:52.229,1.0,30.9,54.0,23.1,False,0.3,107.0
2026,14,Spanish Grand Prix,R,ALO,Aston Martin,1.0,1.0,HARD,1.0,114.173,,38.431,35.306,171.0,214.0,220.0,226.0,12,True,False,False,False,2026-09-13 13:04:04.249,20.0,28.7,50.1,30.3,False,4.0,67.0
2026,14,Spanish Grand Prix,R,ALO,Aston Martin,2.0,1.0,HARD,2.0,105.467,32.093,38.42,34.954,187.0,220.0,214.0,252.0,1,True,True,True,False,2026-09-13 13:05:58.678,20.0,28.8,50.6,29.9,False,2.0,287.0
2026,14,Spanish Grand Prix,R,ALO,Aston Martin,3.0,1.0,HARD,3.0,103.773,31.232,37.722,34.819,202.0,239.0,217.0,268.0,1,True,True,True,False,2026-09-13 13:07:44.145,19.0,28.7,50.9,29.5,False,1.9,67.0
2026,14,Spanish Grand Prix,R,ALO,Aston Martin,4.0,1.0,HARD,4.0,104.268,31.735,38.004,34.529,191.0,237.0,217.0,249.0,1,True,False,True,False,2026-09-13 13:09:27.918,19.0,28.7,51.5,29.7,False,0.0,0.0
2026,14,Spanish Grand Prix,R,ALO,Aston Martin,5.0,1.0,HARD,5.0,104.073,31.484,37.748,34.841,204.0,235.0,216.0,280.0,12,True,False,True,False,2026-09-13 13:11:12.186,19.0,28.9,51.5,29.0,False,1.1,91.0
2026,14,Spanish Grand Prix,R,ALO,Aston Martin,6.0,1.0,HARD,6.0,103.825,31.511,37.851,34.463,205.0,230.0,217.0,243.0,1,True,False,True,False,2026-09-13 13:12:56.259,18.0,29.1,51.7,28.4,False,2.0,80.0
2026,14,Spanish Grand Prix,R,ALO,Aston Martin,7.0,1.0,HARD,7.0,104.045,31.595,37.64,34.81,205.0,226.0,216.0,253.0,1,True,False,True,False,2026-09-13 13:14:40.084,18.0,29.0,50.5,28.4,False,0.9,13.0
2026,14,Spanish Grand Prix,R,ALO,Aston Martin,8.0,1.0,HARD,8.0,103.626,31.509,37.553,34.564,205.0,236.0,217.0,286.0,1,True,True,True,False,2026-09-13 13:16:24.129,18.0,28.9,51.5,28.8,False,2.2,69.0
2026,14,Spanish Grand Prix,R,ALO,Aston Martin,9.0,1.0,HARD,9.0,104.115,31.395,38.049,34.671,206.0,234.0,216.0,252.0,1,True,False,True,False,2026-09-13 13:18:07.755,18.0,29.0,51.7,28.7,False,1.7,61.0
2026,14,Spanish Grand Prix,R,ALO,Aston Martin,10.0,1.0,HARD,10.0,103.696,31.396,37.647,34.653,206.0,232.0,217.0,267.0,1,True,False,True,False,2026-09-13 13:19:51.870,18.0,29.2,51.9,29.0,False,0.0,0.0
2026,14,Spanish Grand Prix,R,ALO,Aston Martin,11.0,1.0,HARD,11.0,103.362,31.129,37.667,34.566,203.0,232.0,216.0,264.0,1,True,True,True,False,2026-09-13 13:21:35.566,18.0,29.4,52.0,27.4,False,1.3,96.0
2026,14,Spanish Grand Prix,R,ALO,Aston Martin,12.0,1.0,HARD,12.0,104.184,31.478,38.092,34.614,200.0,232.0,216.0,278.0,1,True,False,True,False,2026-09-13 13:23:18.928,18.0,29.6,51.8,27.4,False,0.4,91.0
2026,14,Spanish Grand Prix,R,ALO,Aston Martin,13.0,1.0,HARD,13.0,103.288,31.261,37.435,34.592,212.0,235.0,217.0,265.0,12,True,True,True,False,2026-09-13 13:25:03.112,18.0,29.8,52.5,27.4,False,1.0,328.0
2026,14,Spanish Grand Prix,R,ALO,Aston Martin,14.0,1.0,HARD,14.0,133.244,31.329,52.271,49.644,207.0,192.0,,263.0,26,True,False,False,False,2026-09-13 13:26:46.400,18.0,29.9,51.8,27.1,False,0.0,0.0
2026,14,Spanish Grand Prix,R,ALO,Aston Martin,15.0,2.0,SOFT,1.0,137.454,67.591,36.316,33.547,210.0,238.0,222.0,264.0,671,True,False,False,False,2026-09-13 13:28:59.644,20.0,29.8,52.6,26.9,False,0.3,35.0
2026,14,Spanish Grand Prix,R,ALO,Aston Martin,16.0,2.0,SOFT,2.0,100.34,30.739,36.228,33.373,217.0,238.0,220.0,285.0,1,True,True,True,False,2026-09-13 13:31:17.098,20.0,29.8,52.7,26.8,False,1.1,120.0
2026,14,Spanish Grand Prix,R,ALO,Aston Martin,17.0,2.0,SOFT,3.0,100.82,30.991,36.386,33.443,214.0,242.0,218.0,284.0,1,True,False,True,False,2026-09-13 13:32:57.438,20.0,29.9,52.5,26.6,False,0.4,89.0
2026,14,Spanish Grand Prix,R,ALO,Aston Martin,18.0,2.0,SOFT,4.0,101.455,30.872,36.554,34.029,215.0,225.0,220.0,285.0,1,True,False,True,False,2026-09-13 13:34:38.258,20.0,29.9,51.7,24.9,False,1.2,49.0
2026,14,Spanish Grand Prix,R,ALO,Aston Martin,19.0,2.0,SOFT,5.0,100.743,30.76,36.449,33.534,220.0,246.0,219.0,288.0,1,True,False,True,False,2026-09-13 13:36:19.713,20.0,29.8,52.3,24.7,False,0.9,97.0
2026,14,Spanish Grand Prix,R,ALO,Aston Martin,20.0,2.0,SOFT,6.0,100.639,30.421,36.483,33.735,220.0,245.0,218.0,299.0,1,True,False,True,False,2026-09-13 13:38:00.456,20.0,30.1,52.3,24.7,False,2.2,289.0
2026,14,Spanish Grand Prix,R,ALO,Aston Martin,21.0,2.0,SOFT,7.0,101.519,30.826,36.679,34.014,218.0,241.0,220.0,288.0,1,True,False,True,False,2026-09-13 13:39:41.095,20.0,29.9,52.3,24.8,False,1.5,316.0
2026,14,Spanish Grand Prix,R,ALO,Aston Martin,22.0,2.0,SOFT,8.0,101.843,30.937,36.727,34.179,215.0,245.0,219.0,282.0,1,True,False,True,False,2026-09-13 13:41:22.614,20.0,30.0,52.6,24.4,False,2.8,294.0
2026,14,Spanish Grand Prix,R,ALO,Aston Martin,23.0,2.0,SOFT,9.0,104.977,31.939,37.416,35.622,199.0,246.0,220.0,237.0,1,True,False,True,False,2026-09-13 13:43:04.457,20.0,30.1,52.7,24.3,False,1.4,276.0
2026,14,Spanish Grand Prix,R,ALO,Aston Martin,24.0,2.0,SOFT,10.0,101.271,30.539,36.97,33.762,216.0,240.0,219.0,297.0,1,True,False,True,False,2026-09-13 13:44:49.434,18.0,30.2,52.8,24.7,False,2.7,339.0
2026,14,Spanish Grand Prix,R,ALO,Aston Martin,25.0,2.0,SOFT,11.0,102.039,31.83,36.631,33.578,214.0,245.0,221.0,235.0,1,True,False,True,False,2026-09-13 13:46:30.705,18.0,30.3,52.7,24.6,False,1.4,52.0
2026,14,Spanish Grand Prix,R,ALO,Aston Martin,26.0,2.0,SOFT,12.0,103.761,30.784,38.913,34.064,217.0,238.0,219.0,292.0,1,True,False,True,False,2026-09-13 13:48:12.744,18.0,30.4,53.0,25.0,False,4.1,286.0
2026,14,Spanish Grand Prix,R,ALO,Aston Martin,27.0,2.0,SOFT,13.0,100.78,30.574,36.371,33.835,220.0,245.0,221.0,299.0,1,True,False,True,False,2026-09-13 13:49:56.505,18.0,30.1,52.9,24.5,False,0.6,287.0
2026,14,Spanish Grand Prix,R,ALO,Aston Martin,28.0,2.0,SOFT,14.0,100.645,30.782,36.361,33.502,219.0,245.0,221.0,292.0,1,True,False,True,False,2026-09-13 13:51:37.285,18.0,30.2,53.3,24.3,False,1.4,283.0
2026,14,Spanish Grand Prix,R,ALO,Aston Martin,29.0,2.0,SOFT,15.0,100.9,30.813,36.208,33.879,218.0,247.0,219.0,291.0,1,True,False,True,False,2026-09-13 13:53:17.930,18.0,30.3,52.9,24.2,False,2.5,278.0
2026,14,Spanish Grand Prix,R,ALO,Aston Martin,30.0,2.0,SOFT,16.0,100.467,30.677,36.248,33.542,219.0,246.0,218.0,303.0,1,True,False,True,False,2026-09-13 13:54:58.830,17.0,30.1,53.2,24.5,False,1.8,12.0
2026,14,Spanish Grand Prix,R,ALO,Aston Martin,31.0,2.0,SOFT,17.0,100.498,30.783,36.215,33.5,219.0,244.0,220.0,288.0,1,True,False,True,False,2026-09-13 13:56:39.297,17.0,30.0,53.3,24.7,False,1.3,276.0
2026,14,Spanish Grand Prix,R,ALO,Aston Martin,32.0,2.0,SOFT,18.0,100.488,30.922,36.057,33.509,219.0,246.0,220.0,290.0,1,True,False,True,False,2026-09-13 13:58:19.795,17.0,30.1,53.5,24.8,False,0.5,334.0
2026,14,Spanish Grand Prix,R,ALO,Aston Martin,33.0,2.0,SOFT,19.0,100.142,30.749,35.941,33.452,219.0,246.0,220.0,289.0,1,True,True,True,False,2026-09-13 14:00:00.283,17.0,30.3,54.2,24.1,False,0.9,249.0
2026,14,Spanish Grand Prix,R,ALO,Aston Martin,34.0,2.0,SOFT,20.0,100.425,30.771,36.209,33.445,218.0,244.0,220.0,290.0,1,True,False,True,False,2026-09-13 14:01:40.425,17.0,30.5,54.5,23.3,False,0.0,0.0
2026,14,Spanish Grand Prix,R,ALO,Aston Martin,35.0,2.0,SOFT,21.0,100.874,30.786,36.436,33.652,217.0,246.0,220.0,290.0,1,True,False,True,False,2026-09-13 14:03:20.850,17.0,30.6,54.0,22.3,False,2.4,31.0
2026,14,Spanish Grand Prix,R,ALO,Aston Martin,36.0,2.0,SOFT,22.0,105.2,30.942,37.891,36.367,211.0,239.0,219.0,290.0,1,True,False,True,False,2026-09-13 14:05:01.724,17.0,30.6,53.6,22.9,False,1.5,295.0
2026,14,Spanish Grand Prix,R,ALO,Aston Martin,37.0,2.0,SOFT,23.0,104.253,30.956,36.551,36.746,212.0,248.0,,282.0,1,True,False,False,False,2026-09-13 14:06:46.924,17.0,30.5,53.6,22.6,False,0.7,52.0
2026,14,Spanish Grand Prix,R,ALO,Aston Martin,38.0,3.0,HARD,1.0,125.391,55.909,36.286,33.196,212.0,249.0,221.0,251.0,1,True,False,False,False,2026-09-13 14:08:31.177,17.0,30.3,53.6,23.3,False,1.6,51.0
2026,14,Spanish Grand Prix,R,ALO,Aston Martin,39.0,3.0,HARD,2.0,99.134,30.588,35.751,32.795,220.0,248.0,223.0,288.0,1,True,True,True,False,2026-09-13 14:10:36.568,17.0,30.1,53.8,23.0,False,0.6,312.0
2026,14,Spanish Grand Prix,R,ALO,Aston Martin,40.0,3.0,HARD,3.0,99.003,30.257,35.535,33.211,221.0,249.0,222.0,290.0,1,True,True,True,False,2026-09-13 14:12:15.702,17.0,30.0,54.0,23.6,False,0.9,64.0
2026,14,Spanish Grand Prix,R,ALO,Aston Martin,41.0,3.0,HARD,4.0,99.664,30.139,35.64,33.885,219.0,249.0,221.0,290.0,1,True,False,True,False,2026-09-13 14:13:54.705,17.0,30.3,53.9,22.9,False,1.8,66.0
2026,14,Spanish Grand Prix,R,ALO,Aston Martin,42.0,3.0,HARD,5.0,99.01,30.308,35.549,33.153,220.0,247.0,221.0,289.0,1,True,False,True,False,2026-09-13 14:15:34.369,17.0,30.5,53.7,22.9,False,0.3,329.0
2026,14,Spanish Grand Prix,R,ALO,Aston Martin,43.0,3.0,HARD,6.0,102.7,31.015,37.805,33.88,220.0,224.0,220.0,247.0,1,True,False,True,False,2026-09-13 14:17:13.379,17.0,30.8,54.0,22.0,False,3.1,276.0
2026,14,Spanish Grand Prix,R,ALO,Aston Martin,44.0,3.0,HARD,7.0,100.159,30.661,35.999,33.499,214.0,246.0,223.0,281.0,1,True,False,True,False,2026-09-13 14:18:56.079,17.0,30.7,53.7,22.0,False,1.1,342.0
2026,14,Spanish Grand Prix,R,ALO,Aston Martin,45.0,3.0,HARD,8.0,100.108,30.929,35.839,33.34,215.0,247.0,223.0,279.0,1,True,False,True,False,2026-09-13 14:20:36.238,17.0,30.7,53.8,21.5,False,0.8,75.0
2026,14,Spanish Grand Prix,R,ALO,Aston Martin,46.0,3.0,HARD,9.0,99.624,30.525,35.831,33.268,213.0,247.0,221.0,291.0,1,True,False,True,False,2026-09-13 14:22:16.346,17.0,30.7,54.1,21.1,False,0.7,253.0
2026,14,Spanish Grand Prix,R,ALO,Aston Martin,47.0,3.0,HARD,10.0,104.41,30.736,40.328,33.346,217.0,249.0,218.0,284.0,1,True,False,True,False,2026-09-13 14:23:55.970,17.0,30.9,53.2,21.8,False,1.5,304.0
2026,14,Spanish Grand Prix,R,ALO,Aston Martin,48.0,3.0,HARD,11.0,99.206,30.52,35.547,33.139,217.0,249.0,220.0,292.0,1,True,False,True,False,2026-09-13 14:25:40.380,17.0,30.8,54.1,21.1,False,1.1,296.0
2026,14,Spanish Grand Prix,R,ALO,Aston Martin,49.0,3.0,HARD,12.0,99.846,30.951999999999998,35.736,33.158,219.0,245.0,219.0,278.0,1,True,False,True,False,2026-09-13 14:27:19.586,17.0,30.9,53.9,20.5,False,1.0,143.0
2026,14,Spanish Grand Prix,R,ALO,Aston Martin,50.0,3.0,HARD,13.0,99.27,30.437,35.669,33.164,218.0,245.0,220.0,292.0,1,True,False,True,False,2026-09-13 14:28:59.432,17.0,30.9,54.4,21.1,False,0.6,358.0
2026,14,Spanish Grand Prix,R,ALO,Aston Martin,51.0,3.0,HARD,14.0,99.619,30.919,35.62,33.08,215.0,250.0,222.0,294.0,1,True,False,True,False,2026-09-13 14:30:38.702,17.0,30.8,54.8,22.1,False,1.5,88.0
2026,14,Spanish Grand Prix,R,ALO,Aston Martin,52.0,3.0,HARD,15.0,101.616,30.789,37.405,33.422,214.0,250.0,212.0,289.0,1,True,False,True,False,2026-09-13 14:32:18.321,17.0,31.0,54.9,21.6,False,2.1,72.0
2026,14,Spanish Grand Prix,R,ALO,Aston Martin,53.0,3.0,HARD,16.0,99.634,30.651,35.919,33.064,218.0,245.0,221.0,299.0,1,True,False,True,False,2026-09-13 14:33:59.937,17.0,30.9,54.1,22.8,False,1.8,69.0
2026,14,Spanish Grand Prix,R,ALO,Aston Martin,54.0,3.0,HARD,17.0,101.973,30.4,35.858,35.715,220.0,249.0,221.0,292.0,1,True,False,True,False,2026-09-13 14:35:39.571,17.0,30.9,54.1,23.1,False,0.6,45.0
2026,14,Spanish Grand Prix,R,ALO,Aston Martin,55.0,3.0,HARD,18.0,100.491,30.306,36.278,33.907,218.0,238.0,220.0,277.0,1,True,False,True,False,2026-09-13 14:37:21.544,17.0,30.9,54.0,23.1,False,0.3,107.0
2026,14,Spanish Grand Prix,R,LEC,Ferrari,1.0,1.0,HARD,1.0,105.113,,37.764,33.836,187.0,239.0,221.0,247.0,12,True,False,False,False,2026-09-13 13:04:04.249,5.0,28.7,50.1,30.3,False,4.0,67.0
2026,14,Spanish Grand Prix,R,LEC,Ferrari,2.0,1.0,HARD,2.0,101.503,30.582,37.107,33.814,201.0,242.0,223.0,268.0,1,True,True,True,False,2026-09-13 13:05:49.618,5.0,28.8,50.6,29.9,False,2.0,287.0
2026,14,Spanish Grand Prix,R,LEC,Ferrari,3.0,1.0,HARD,3.0,100.212,30.358,36.488,33.366,212.0,247.0,219.0,285.0,1,True,True,True,False,2026-09-13 13:07:31.121,5.0,28.8,50.8,29.8,False,2.7,67.0
2026,14,Spanish Grand Prix,R,LEC,Ferrari,4.0,1.0,HARD,4.0,102.298,30.825,37.082,34.391,206.0,230.0,219.0,276.0,1,True,False,True,False,2026-09-13 13:09:11.333,5.0,28.7,51.5,29.7,False,0.0,0.0
2026,14,Spanish Grand Prix,R,LEC,Ferrari,5.0,1.0,HARD,5.0,102.046,31.466,37.114,33.466,194.0,239.0,220.0,237.0,12,True,False,True,False,2026-09-13 13:10:53.631,4.0,28.9,51.5,29.0,False,1.1,91.0
2026,14,Spanish Grand Prix,R,LEC,Ferrari,6.0,1.0,HARD,6.0,100.662,30.916,36.191,33.555,213.0,247.0,221.0,269.0,1,True,False,True,False,2026-09-13 13:12:35.677,4.0,29.1,51.7,28.4,False,2.0,80.0
2026,14,Spanish Grand Prix,R,LEC,Ferrari,7.0,1.0,HARD,7.0,100.077,30.427,36.456,33.194,216.0,245.0,221.0,282.0,1,True,True,True,False,2026-09-13 13:14:16.339,4.0,29.1,50.8,28.3,False,3.1,43.0
2026,14,Spanish Grand Prix,R,LEC,Ferrari,8.0,1.0,HARD,8.0,100.022,30.39,36.4,33.232,212.0,247.0,221.0,283.0,1,True,True,True,False,2026-09-13 13:15:56.416,4.0,28.9,51.5,28.8,False,2.2,69.0
2026,14,Spanish Grand Prix,R,LEC,Ferrari,9.0,1.0,HARD,9.0,99.474,30.317,35.943,33.214,216.0,249.0,220.0,289.0,1,True,True,True,False,2026-09-13 13:17:36.438,4.0,29.0,51.7,28.7,False,1.7,61.0
2026,14,Spanish Grand Prix,R,LEC,Ferrari,10.0,1.0,HARD,10.0,99.597,30.32,35.943,33.334,214.0,248.0,221.0,282.0,1,True,False,True,False,2026-09-13 13:19:15.912,4.0,29.1,51.8,28.5,False,1.4,51.0
2026,14,Spanish Grand Prix,R,LEC,Ferrari,11.0,1.0,HARD,11.0,99.501,30.327,35.793,33.381,215.0,250.0,221.0,283.0,1,True,False,True,False,2026-09-13 13:20:55.509,4.0,29.4,52.1,28.6,False,3.5,290.0
2026,14,Spanish Grand Prix,R,LEC,Ferrari,12.0,1.0,HARD,12.0,99.559,30.391,35.932,33.236,213.0,244.0,221.0,284.0,1,True,False,True,False,2026-09-13 13:22:35.010,4.0,29.6,51.8,27.4,False,0.4,91.0
2026,14,Spanish Grand Prix,R,LEC,Ferrari,13.0,1.0,HARD,13.0,99.449,30.262,35.876,33.311,215.0,247.0,221.0,294.0,1,True,True,True,False,2026-09-13 13:24:14.569,4.0,29.7,52.1,27.9,False,1.0,277.0
2026,14,Spanish Grand Prix,R,LEC,Ferrari,14.0,1.0,HARD,14.0,107.817,30.274,35.71,41.833,212.0,246.0,129.0,294.0,126,True,False,False,False,2026-09-13 13:25:54.018,4.0,29.9,51.6,27.0,False,0.5,207.0
2026,14,Spanish Grand Prix,R,LEC,Ferrari,15.0,1.0,HARD,15.0,135.218,47.168,50.473,37.577,162.0,195.0,223.0,138.0,671,True,False,False,False,2026-09-13 13:27:41.835,2.0,29.8,50.8,27.0,False,0.8,331.0
2026,14,Spanish Grand Prix,R,LEC,Ferrari,16.0,1.0,HARD,16.0,98.773,30.289,35.618,32.866,213.0,247.0,223.0,284.0,1,True,True,True,False,2026-09-13 13:29:57.053,1.0,29.8,52.5,27.0,False,0.0,0.0
2026,14,Spanish Grand Prix,R,LEC,Ferrari,17.0,1.0,HARD,17.0,98.298,30.002,35.447,32.849,210.0,248.0,222.0,293.0,1,True,True,True,False,2026-09-13 13:31:35.826,1.0,29.8,52.6,26.0,False,2.4,91.0
2026,14,Spanish Grand Prix,R,LEC,Ferrari,18.0,1.0,HARD,18.0,98.856,30.199,35.77,32.887,211.0,244.0,222.0,298.0,1,True,False,True,False,2026-09-13 13:33:14.124,1.0,29.9,52.5,26.6,False,0.4,89.0
2026,14,Spanish Grand Prix,R,LEC,Ferrari,19.0,1.0,HARD,19.0,98.335,29.979,35.341,33.015,214.0,249.0,223.0,293.0,1,True,False,True,False,2026-09-13 13:34:52.980,1.0,29.9,51.7,24.9,False,1.2,49.0
2026,14,Spanish Grand Prix,R,LEC,Ferrari,20.0,1.0,HARD,20.0,98.595,29.966,35.519,33.11,216.0,249.0,223.0,299.0,1,True,False,True,False,2026-09-13 13:36:31.315,1.0,29.8,52.3,24.7,False,0.9,97.0
2026,14,Spanish Grand Prix,R,LEC,Ferrari,21.0,1.0,HARD,21.0,98.384,29.896,35.569,32.919,216.0,248.0,221.0,298.0,1,True,False,True,False,2026-09-13 13:38:09.910,1.0,30.1,52.3,24.7,False,2.2,289.0
2026,14,Spanish Grand Prix,R,LEC,Ferrari,22.0,1.0,HARD,22.0,98.477,30.062,35.306,33.109,216.0,249.0,221.0,294.0,1,True,False,True,False,2026-09-13 13:39:48.294,1.0,29.9,52.3,24.8,False,1.5,316.0
2026,14,Spanish Grand Prix,R,LEC,Ferrari,23.0,1.0,HARD,23.0,98.601,29.9,35.499,33.202,218.0,248.0,220.0,299.0,1,True,False,True,False,2026-09-13 13:41:26.771,1.0,30.0,52.6,24.4,False,2.8,294.0
2026,14,Spanish Grand Prix,R,LEC,Ferrari,24.0,1.0,HARD,24.0,98.655,30.387,35.414,32.854,215.0,250.0,224.0,261.0,1,True,False,True,False,2026-09-13 13:43:05.372,1.0,30.1,52.7,24.3,False,1.4,276.0
2026,14,Spanish Grand Prix,R,LEC,Ferrari,25.0,1.0,HARD,25.0,98.328,30.113,35.323,32.892,210.0,249.0,223.0,299.0,1,True,False,True,False,2026-09-13 13:44:44.027,1.0,30.2,52.8,24.7,False,2.7,339.0
2026,14,Spanish Grand Prix,R,LEC,Ferrari,26.0,1.0,HARD,26.0,98.614,29.996,35.478,33.14,216.0,248.0,222.0,295.0,1,True,False,True,False,2026-09-13 13:46:22.355,1.0,30.3,52.7,24.6,False,1.4,52.0
2026,14,Spanish Grand Prix,R,LEC,Ferrari,27.0,1.0,HARD,27.0,98.905,30.018,35.565,33.322,216.0,246.0,223.0,290.0,1,True,False,True,False,2026-09-13 13:48:00.969,1.0,30.4,53.0,25.0,False,4.1,286.0
2026,14,Spanish Grand Prix,R,LEC,Ferrari,28.0,1.0,HARD,28.0,98.401,29.94,35.338,33.123,218.0,250.0,224.0,300.0,1,True,False,True,False,2026-09-13 13:49:39.874,1.0,30.1,52.9,24.5,False,0.6,287.0
2026,14,Spanish Grand Prix,R,LEC,Ferrari,29.0,1.0,HARD,29.0,98.139,29.738,35.331,33.07,215.0,253.0,221.0,292.0,1,True,True,True,False,2026-09-13 13:51:18.275,1.0,30.1,53.1,24.0,False,0.4,245.0
2026,14,Spanish Grand Prix,R,LEC,Ferrari,30.0,1.0,HARD,30.0,97.926,29.964,35.18,32.782,217.0,246.0,223.0,299.0,1,True,True,True,False,2026-09-13 13:52:56.414,1.0,30.3,52.9,24.2,False,2.5,278.0
2026,14,Spanish Grand Prix,R,LEC,Ferrari,31.0,1.0,HARD,31.0,97.937,29.9,35.271,32.766,215.0,249.0,224.0,299.0,1,True,False,True,False,2026-09-13 13:54:34.340,1.0,30.1,53.1,24.0,False,1.4,279.0
2026,14,Spanish Grand Prix,R,LEC,Ferrari,32.0,1.0,HARD,32.0,98.18,29.914,35.117,33.149,218.0,251.0,222.0,298.0,1,True,False,True,False,2026-09-13 13:56:12.277,1.0,30.0,53.4,24.8,False,0.8,110.0
2026,14,Spanish Grand Prix,R,LEC,Ferrari,33.0,1.0,HARD,33.0,98.072,29.985,35.198,32.889,220.0,250.0,222.0,301.0,1,True,False,True,False,2026-09-13 13:57:50.457,1.0,30.1,53.5,24.8,False,0.5,334.0
2026,14,Spanish Grand Prix,R,LEC,Ferrari,34.0,1.0,HARD,34.0,98.018,29.875,35.218,32.925,216.0,245.0,223.0,303.0,1,True,False,True,False,2026-09-13 13:59:28.529,1.0,30.2,53.7,24.5,False,1.0,280.0
2026,14,Spanish Grand Prix,R,LEC,Ferrari,35.0,1.0,HARD,35.0,98.023,29.902,35.194,32.927,218.0,248.0,222.0,300.0,1,True,False,True,False,2026-09-13 14:01:06.547,1.0,30.4,54.3,23.5,False,0.9,276.0
2026,14,Spanish Grand Prix,R,LEC,Ferrari,36.0,1.0,HARD,36.0,98.162,29.884,35.333,32.945,208.0,247.0,222.0,312.0,1,True,False,True,False,2026-09-13 14:02:44.570,1.0,30.6,54.0,22.3,False,2.4,31.0
2026,14,Spanish Grand Prix,R,LEC,Ferrari,37.0,1.0,HARD,37.0,97.92,29.91,35.157,32.853,218.0,249.0,223.0,301.0,1,True,True,True,False,2026-09-13 14:04:22.732,1.0,30.6,53.3,22.0,False,0.7,207.0
2026,14,Spanish Grand Prix,R,LEC,Ferrari,38.0,1.0,HARD,38.0,97.939,29.942,35.103,32.894,219.0,254.0,224.0,299.0,1,True,False,True,False,2026-09-13 14:06:00.652,1.0,30.7,54.0,22.4,False,0.9,278.0
2026,14,Spanish Grand Prix,R,LEC,Ferrari,39.0,1.0,HARD,39.0,97.715,29.867,35.11,32.738,217.0,251.0,223.0,298.0,1,True,True,True,False,2026-09-13 14:07:38.591,1.0,30.3,53.6,23.3,False,1.6,51.0
2026,14,Spanish Grand Prix,R,LEC,Ferrari,40.0,1.0,HARD,40.0,97.787,29.872,35.004,32.911,220.0,254.0,222.0,298.0,1,True,False,True,False,2026-09-13 14:09:16.306,1.0,30.2,53.6,23.4,False,0.9,63.0
2026,14,Spanish Grand Prix,R,LEC,Ferrari,41.0,1.0,HARD,41.0,97.661,29.81,35.08,32.771,219.0,250.0,224.0,299.0,1,True,True,True,False,2026-09-13 14:10:54.093,1.0,30.1,53.8,23.0,False,0.6,312.0
2026,14,Spanish Grand Prix,R,LEC,Ferrari,42.0,1.0,HARD,42.0,97.771,29.725,35.048,32.998,220.0,252.0,223.0,298.0,1,True,False,True,False,2026-09-13 14:12:31.754,1.0,30.0,54.0,23.6,False,0.9,64.0
2026,14,Spanish Grand Prix,R,LEC,Ferrari,43.0,1.0,HARD,43.0,97.51,29.682,34.993,32.835,221.0,253.0,224.0,298.0,1,True,True,True,False,2026-09-13 14:14:09.525,1.0,30.3,53.9,22.9,False,1.8,66.0
2026,14,Spanish Grand Prix,R,LEC,Ferrari,44.0,1.0,HARD,44.0,97.82,29.681,35.079,33.06,219.0,251.0,223.0,300.0,1,True,False,True,False,2026-09-13 14:15:47.035,1.0,30.8,54.2,23.0,False,1.7,262.0
2026,14,Spanish Grand Prix,R,LEC,Ferrari,45.0,1.0,HARD,45.0,98.095,29.959,35.212,32.924,217.0,252.0,222.0,300.0,1,True,False,True,False,2026-09-13 14:17:24.855,1.0,30.8,54.0,22.0,False,3.1,276.0
2026,14,Spanish Grand Prix,R,LEC,Ferrari,46.0,1.0,HARD,46.0,98.161,29.932,35.155,33.074,218.0,253.0,224.0,300.0,1,True,False,True,False,2026-09-13 14:19:02.950,1.0,30.7,53.7,22.0,False,1.1,342.0
2026,14,Spanish Grand Prix,R,LEC,Ferrari,47.0,1.0,HARD,47.0,98.169,29.902,35.041,33.226,214.0,254.0,223.0,302.0,1,True,False,True,False,2026-09-13 14:20:41.111,1.0,30.7,53.8,21.5,False,0.8,75.0
2026,14,Spanish Grand Prix,R,LEC,Ferrari,48.0,1.0,HARD,48.0,101.576,29.847,35.272,36.457,213.0,252.0,,304.0,1,True,False,False,False,2026-09-13 14:22:19.280,4.0,30.7,54.1,21.1,False,0.7,253.0
2026,14,Spanish Grand Prix,R,LEC,Ferrari,49.0,2.0,SOFT,1.0,120.567,53.91,34.842,31.815,201.0,253.0,228.0,247.0,1,True,False,False,False,2026-09-13 14:24:00.856,4.0,30.9,53.2,21.8,False,1.5,304.0
2026,14,Spanish Grand Prix,R,LEC,Ferrari,50.0,2.0,SOFT,2.0,96.063,29.465,34.428,32.17,223.0,253.0,228.0,298.0,1,True,True,True,False,2026-09-13 14:26:01.423,4.0,30.8,54.1,21.1,False,1.1,296.0
2026,14,Spanish Grand Prix,R,LEC,Ferrari,51.0,2.0,SOFT,3.0,96.339,29.562,34.594,32.183,221.0,251.0,226.0,298.0,1,True,False,True,False,2026-09-13 14:27:37.486,4.0,30.8,53.0,20.8,False,0.9,179.0
2026,14,Spanish Grand Prix,R,LEC,Ferrari,52.0,2.0,SOFT,4.0,97.637,29.903,35.138,32.596,212.0,253.0,225.0,286.0,1,True,False,True,False,2026-09-13 14:29:13.825,4.0,30.9,54.4,21.1,False,0.6,358.0
2026,14,Spanish Grand Prix,R,LEC,Ferrari,53.0,2.0,SOFT,5.0,97.016,29.723,34.778,32.515,218.0,251.0,227.0,301.0,1,True,False,True,False,2026-09-13 14:30:51.462,4.0,30.8,54.8,22.1,False,1.5,88.0
2026,14,Spanish Grand Prix,R,LEC,Ferrari,54.0,2.0,SOFT,6.0,97.004,29.533,34.796,32.675,221.0,250.0,225.0,302.0,1,True,False,True,False,2026-09-13 14:32:28.478,4.0,31.0,54.9,21.6,False,2.1,72.0
2026,14,Spanish Grand Prix,R,LEC,Ferrari,55.0,2.0,SOFT,7.0,96.677,29.768,34.545,32.364,218.0,253.0,225.0,302.0,1,True,False,True,False,2026-09-13 14:34:05.482,4.0,30.9,54.1,22.8,False,1.8,69.0
2026,14,Spanish Grand Prix,R,LEC,Ferrari,56.0,2.0,SOFT,8.0,97.267,29.654,34.924,32.689,223.0,250.0,225.0,298.0,1,True,False,True,False,2026-09-13 14:35:42.159,4.0,30.9,54.1,23.1,False,0.6,45.0
2026,14,Spanish Grand Prix,R,LEC,Ferrari,57.0,2.0,SOFT,9.0,97.949,30.024,34.928,32.997,219.0,254.0,209.0,288.0,1,True,False,True,False,2026-09-13 14:37:19.426,4.0,30.9,54.0,23.1,False,0.3,107.0
2026,14,Spanish Grand Prix,R,STR,Aston Martin,1.0,1.0,HARD,1.0,113.663,,38.881,35.455,182.0,208.0,208.0,213.0,12,True,False,False,False,2026-09-13 13:04:04.249,19.0,28.7,50.1,30.3,False,4.0,67.0
2026,14,Spanish Grand Prix,R,STR,Aston Martin,2.0,1.0,HARD,2.0,105.373,32.149,38.326,34.898,199.0,226.0,210.0,268.0,1,True,True,True,False,2026-09-13 13:05:58.168,19.0,28.8,50.6,29.9,False,2.0,287.0
2026,14,Spanish Grand Prix,R,STR,Aston Martin,3.0,1.0,HARD,3.0,104.942,31.499,38.775,34.668,203.0,225.0,211.0,269.0,1,True,True,True,False,2026-09-13 13:07:43.541,20.0,28.7,50.9,29.5,False,1.9,67.0
2026,14,Spanish Grand Prix,R,STR,Aston Martin,4.0,1.0,HARD,4.0,104.584,31.656,38.61,34.318,201.0,223.0,212.0,253.0,1,True,True,True,False,2026-09-13 13:09:28.483,20.0,28.7,51.5,29.7,False,0.0,0.0
2026,14,Spanish Grand Prix,R,STR,Aston Martin,5.0,1.0,HARD,5.0,104.269,31.377,37.946,34.946,201.0,230.0,209.0,273.0,12,True,True,True,False,2026-09-13 13:11:13.067,20.0,28.9,51.5,29.0,False,1.1,91.0
2026,14,Spanish Grand Prix,R,STR,Aston Martin,6.0,1.0,HARD,6.0,104.168,31.787,37.891,34.49,200.0,216.0,211.0,259.0,1,True,True,True,False,2026-09-13 13:12:57.336,19.0,29.1,51.7,28.4,False,2.0,80.0
2026,14,Spanish Grand Prix,R,STR,Aston Martin,7.0,1.0,HARD,7.0,104.176,31.78,37.741,34.655,203.0,233.0,210.0,260.0,1,True,False,True,False,2026-09-13 13:14:41.504,19.0,29.0,50.5,28.4,False,0.9,13.0
2026,14,Spanish Grand Prix,R,STR,Aston Martin,8.0,1.0,HARD,8.0,104.91,31.381,38.694,34.835,206.0,218.0,207.0,272.0,1,True,False,True,False,2026-09-13 13:16:25.680,20.0,28.9,51.5,28.8,False,2.2,69.0
2026,14,Spanish Grand Prix,R,STR,Aston Martin,9.0,1.0,HARD,9.0,104.214,31.811,37.694,34.709,207.0,233.0,202.0,264.0,1,True,False,True,False,2026-09-13 13:18:10.590,20.0,29.0,51.7,28.7,False,1.7,61.0
2026,14,Spanish Grand Prix,R,STR,Aston Martin,10.0,1.0,HARD,10.0,103.989,31.856,37.568,34.565,201.0,239.0,207.0,268.0,1,True,True,True,False,2026-09-13 13:19:54.804,20.0,29.2,51.9,29.0,False,0.0,0.0
2026,14,Spanish Grand Prix,R,STR,Aston Martin,11.0,1.0,HARD,11.0,103.462,31.613,37.318,34.531,205.0,241.0,207.0,262.0,1,True,True,True,False,2026-09-13 13:21:38.793,20.0,29.4,52.0,27.4,False,1.3,96.0
2026,14,Spanish Grand Prix,R,STR,Aston Martin,12.0,1.0,HARD,12.0,103.673,31.767,37.316,34.59,209.0,237.0,211.0,262.0,1,True,False,True,False,2026-09-13 13:23:22.255,20.0,29.6,51.8,27.4,False,0.4,91.0
2026,14,Spanish Grand Prix,R,STR,Aston Martin,13.0,1.0,HARD,13.0,,,,,,,,,12,True,False,False,False,,,,,,False,,
2026,14,Spanish Grand Prix,R,TSU,Racing Bulls,1.0,1.0,HARD,1.0,112.541,,39.288,35.411,184.0,214.0,219.0,219.0,12,True,False,False,False,2026-09-13 13:04:04.249,17.0,28.7,50.1,30.3,False,4.0,67.0
2026,14,Spanish Grand Prix,R,TSU,Racing Bulls,2.0,1.0,HARD,2.0,104.161,31.801,37.606,34.754,207.0,227.0,218.0,255.0,1,True,True,True,False,2026-09-13 13:05:57.046,17.0,28.8,50.6,29.9,False,2.0,287.0
2026,14,Spanish Grand Prix,R,TSU,Racing Bulls,3.0,1.0,HARD,3.0,104.194,31.627,37.679,34.888,204.0,233.0,205.0,226.0,1,True,False,True,False,2026-09-13 13:07:41.207,17.0,28.7,50.9,29.5,False,1.9,67.0
2026,14,Spanish Grand Prix,R,TSU,Racing Bulls,4.0,1.0,HARD,4.0,103.594,31.682,37.474,34.438,210.0,232.0,218.0,261.0,1,True,True,True,False,2026-09-13 13:09:25.401,17.0,28.7,51.5,29.7,False,0.0,0.0
2026,14,Spanish Grand Prix,R,TSU,Racing Bulls,5.0,1.0,HARD,5.0,104.254,31.597,37.556,35.101,202.0,235.0,218.0,246.0,12,True,False,True,False,2026-09-13 13:11:08.995,17.0,28.9,51.5,29.0,False,1.1,91.0
2026,14,Spanish Grand Prix,R,TSU,Racing Bulls,6.0,1.0,HARD,6.0,103.835,31.429,38.132,34.274,204.0,229.0,221.0,241.0,1,True,False,True,False,2026-09-13 13:12:53.249,16.0,29.1,51.7,28.4,False,2.0,80.0
2026,14,Spanish Grand Prix,R,TSU,Racing Bulls,7.0,1.0,HARD,7.0,103.517,31.52,37.728,34.269,201.0,230.0,220.0,231.0,1,True,True,True,False,2026-09-13 13:14:37.084,16.0,29.0,50.5,28.4,False,0.9,13.0
2026,14,Spanish Grand Prix,R,TSU,Racing Bulls,8.0,1.0,HARD,8.0,103.759,31.701,37.329,34.729,204.0,228.0,217.0,228.0,1,True,False,True,False,2026-09-13 13:16:20.601,16.0,28.9,51.5,28.8,False,2.2,69.0
2026,14,Spanish Grand Prix,R,TSU,Racing Bulls,9.0,1.0,HARD,9.0,103.837,31.768,37.594,34.475,202.0,231.0,218.0,227.0,1,True,False,True,False,2026-09-13 13:18:04.360,16.0,29.0,51.7,28.7,False,1.7,61.0
2026,14,Spanish Grand Prix,R,TSU,Racing Bulls,10.0,1.0,HARD,10.0,103.732,31.575,37.677,34.48,199.0,230.0,221.0,254.0,1,True,False,True,False,2026-09-13 13:19:48.197,16.0,29.2,51.9,29.0,False,0.0,0.0
2026,14,Spanish Grand Prix,R,TSU,Racing Bulls,11.0,1.0,HARD,11.0,103.429,31.383,37.541,34.505,201.0,230.0,220.0,242.0,1,True,True,True,False,2026-09-13 13:21:31.929,16.0,29.4,52.1,28.6,False,3.5,290.0
2026,14,Spanish Grand Prix,R,TSU,Racing Bulls,12.0,1.0,HARD,12.0,104.359,32.498,37.56,34.301,192.0,234.0,220.0,263.0,1,True,False,True,False,2026-09-13 13:23:15.358,16.0,29.6,51.8,27.4,False,0.4,91.0
2026,14,Spanish Grand Prix,R,TSU,Racing Bulls,13.0,1.0,HARD,13.0,104.494,31.7,38.089,34.705,206.0,230.0,222.0,250.0,12,True,False,True,False,2026-09-13 13:24:59.717,16.0,29.8,52.5,27.4,False,1.0,328.0
2026,14,Spanish Grand Prix,R,TSU,Racing Bulls,14.0,1.0,HARD,14.0,131.357,31.408,51.826,48.123,203.0,149.0,142.0,240.0,26,True,False,False,False,2026-09-13 13:26:44.211,15.0,29.9,51.8,27.1,False,0.0,0.0
2026,14,Spanish Grand Prix,R,TSU,Racing Bulls,15.0,1.0,HARD,15.0,114.855,43.903,37.009,33.943,202.0,234.0,218.0,199.0,671,True,False,False,False,2026-09-13 13:28:55.568,14.0,29.8,52.6,26.9,False,0.3,35.0
2026,14,Spanish Grand Prix,R,TSU,Racing Bulls,16.0,1.0,HARD,16.0,101.763,31.005,36.957,33.801,212.0,235.0,221.0,271.0,1,True,True,True,False,2026-09-13 13:30:50.423,14.0,29.8,52.7,26.8,False,1.1,120.0
2026,14,Spanish Grand Prix,R,TSU,Racing Bulls,17.0,1.0,HARD,17.0,101.254,30.756,36.633,33.865,216.0,236.0,220.0,284.0,1,True,True,True,False,2026-09-13 13:32:32.186,14.0,29.8,52.6,26.0,False,2.4,91.0
2026,14,Spanish Grand Prix,R,TSU,Racing Bulls,18.0,1.0,HARD,18.0,101.192,30.986,36.351,33.855,213.0,238.0,222.0,274.0,1,True,True,True,False,2026-09-13 13:34:13.440,14.0,29.9,52.3,25.4,False,3.3,47.0
2026,14,Spanish Grand Prix,R,TSU,Racing Bulls,19.0,1.0,HARD,19.0,101.049,30.777,36.432,33.84,217.0,230.0,222.0,277.0,1,True,True,True,False,2026-09-13 13:35:54.632,14.0,29.8,52.3,24.7,False,0.9,97.0
2026,14,Spanish Grand Prix,R,TSU,Racing Bulls,20.0,1.0,HARD,20.0,100.871,30.917,36.171,33.783,214.0,240.0,222.0,275.0,1,True,True,True,False,2026-09-13 13:37:35.681,14.0,30.1,52.3,24.7,False,2.2,289.0
2026,14,Spanish Grand Prix,R,TSU,Racing Bulls,21.0,1.0,HARD,21.0,100.782,30.724,36.122,33.936,217.0,239.0,221.0,272.0,1,True,True,True,False,2026-09-13 13:39:16.552,14.0,30.0,52.8,24.7,False,0.4,352.0
2026,14,Spanish Grand Prix,R,TSU,Racing Bulls,22.0,1.0,HARD,22.0,100.557,30.716,36.183,33.658,218.0,238.0,222.0,282.0,1,True,True,True,False,2026-09-13 13:40:57.334,14.0,30.0,52.6,24.4,False,2.8,294.0
2026,14,Spanish Grand Prix,R,TSU,Racing Bulls,23.0,1.0,HARD,23.0,100.604,30.869,36.033,33.702,215.0,240.0,216.0,274.0,1,True,False,True,False,2026-09-13 13:42:37.891,14.0,30.1,52.7,24.3,False,1.4,276.0
2026,14,Spanish Grand Prix,R,TSU,Racing Bulls,24.0,1.0,HARD,24.0,100.208,30.77,35.897,33.541,218.0,244.0,221.0,280.0,1,True,True,True,False,2026-09-13 13:44:18.495,14.0,30.3,52.8,24.2,False,1.4,316.0
2026,14,Spanish Grand Prix,R,TSU,Racing Bulls,25.0,1.0,HARD,25.0,100.178,30.58,35.993,33.605,221.0,239.0,221.0,289.0,1,True,True,True,False,2026-09-13 13:45:58.703,14.0,30.3,52.7,24.6,False,1.4,52.0
2026,14,Spanish Grand Prix,R,TSU,Racing Bulls,26.0,1.0,HARD,26.0,100.226,30.575,36.007,33.644,219.0,238.0,221.0,279.0,1,True,False,True,False,2026-09-13 13:47:38.881,14.0,30.4,53.0,25.0,False,4.1,286.0
2026,14,Spanish Grand Prix,R,TSU,Racing Bulls,27.0,1.0,HARD,27.0,100.355,30.619,35.969,33.767,220.0,240.0,221.0,275.0,1,True,False,True,False,2026-09-13 13:49:19.107,14.0,30.3,52.7,24.2,False,2.6,279.0
2026,14,Spanish Grand Prix,R,TSU,Racing Bulls,28.0,1.0,HARD,28.0,100.087,30.534,35.893,33.66,218.0,243.0,222.0,282.0,1,True,True,True,False,2026-09-13 13:50:59.462,14.0,30.1,53.1,24.0,False,0.4,245.0
2026,14,Spanish Grand Prix,R,TSU,Racing Bulls,29.0,1.0,HARD,29.0,100.069,30.582,35.831,33.656,219.0,243.0,221.0,280.0,1,True,True,True,False,2026-09-13 13:52:39.549,14.0,30.3,52.9,24.2,False,2.5,278.0
2026,14,Spanish Grand Prix,R,TSU,Racing Bulls,30.0,1.0,HARD,30.0,100.047,30.698,35.776,33.573,218.0,243.0,222.0,284.0,1,True,True,True,False,2026-09-13 13:54:19.618,14.0,30.1,53.1,24.0,False,1.4,279.0
2026,14,Spanish Grand Prix,R,TSU,Racing Bulls,31.0,1.0,HARD,31.0,99.834,30.56,35.677,33.597,218.0,244.0,222.0,290.0,1,True,True,True,False,2026-09-13 13:55:59.665,14.0,30.0,53.4,24.8,False,0.8,110.0
2026,14,Spanish Grand Prix,R,TSU,Racing Bulls,32.0,1.0,HARD,32.0,99.837,30.604,35.697,33.536,220.0,244.0,221.0,292.0,1,True,False,True,False,2026-09-13 13:57:39.499,14.0,30.1,53.5,24.8,False,0.5,334.0
2026,14,Spanish Grand Prix,R,TSU,Racing Bulls,33.0,1.0,HARD,33.0,99.836,30.743,35.54,33.553,219.0,243.0,221.0,283.0,1,True,False,True,False,2026-09-13 13:59:19.336,14.0,30.2,53.7,24.5,False,1.0,280.0
2026,14,Spanish Grand Prix,R,TSU,Racing Bulls,34.0,1.0,HARD,34.0,99.86,30.617,35.744,33.499,221.0,242.0,223.0,288.0,1,True,False,True,False,2026-09-13 14:00:59.172,14.0,30.4,54.3,23.5,False,0.9,276.0
2026,14,Spanish Grand Prix,R,TSU,Racing Bulls,35.0,1.0,HARD,35.0,99.974,30.6,35.675,33.699,221.0,238.0,221.0,286.0,1,True,False,True,False,2026-09-13 14:02:39.032,14.0,30.6,54.0,22.3,False,2.4,31.0
2026,14,Spanish Grand Prix,R,TSU,Racing Bulls,36.0,1.0,HARD,36.0,102.736,30.637,35.591,36.508,217.0,246.0,,280.0,1,True,False,False,False,2026-09-13 14:04:19.006,14.0,30.6,53.3,22.0,False,0.7,207.0
2026,14,Spanish Grand Prix,R,TSU,Racing Bulls,37.0,2.0,MEDIUM,1.0,122.821,54.018,36.105,32.698,200.0,234.0,227.0,253.0,1,True,False,False,False,2026-09-13 14:06:01.742,14.0,30.7,54.0,22.4,False,0.9,278.0
2026,14,Spanish Grand Prix,R,TSU,Racing Bulls,38.0,2.0,MEDIUM,2.0,98.87,30.201,35.684,32.985,219.0,239.0,224.0,280.0,1,True,True,True,False,2026-09-13 14:08:04.563,14.0,30.3,53.6,23.3,False,1.6,51.0
2026,14,Spanish Grand Prix,R,TSU,Racing Bulls,39.0,2.0,MEDIUM,3.0,99.076,30.372,35.716,32.988,218.0,242.0,225.0,286.0,1,True,False,True,False,2026-09-13 14:09:43.433,14.0,30.1,53.9,23.6,False,2.0,253.0
2026,14,Spanish Grand Prix,R,TSU,Racing Bulls,40.0,2.0,MEDIUM,4.0,99.249,30.205,35.783,33.261,218.0,241.0,224.0,288.0,1,True,False,True,False,2026-09-13 14:11:22.509,14.0,30.1,53.8,23.0,False,0.6,312.0
2026,14,Spanish Grand Prix,R,TSU,Racing Bulls,41.0,2.0,MEDIUM,5.0,99.761,30.495,35.869,33.397,218.0,236.0,222.0,283.0,1,True,False,True,False,2026-09-13 14:13:01.758,14.0,30.1,54.1,23.4,False,1.0,59.0
2026,14,Spanish Grand Prix,R,TSU,Racing Bulls,42.0,2.0,MEDIUM,6.0,99.764,30.358,35.798,33.608,215.0,239.0,223.0,288.0,1,True,False,True,False,2026-09-13 14:14:41.519,14.0,30.5,53.7,22.9,False,0.3,329.0
2026,14,Spanish Grand Prix,R,TSU,Racing Bulls,43.0,2.0,MEDIUM,7.0,99.677,30.455,36.072,33.15,219.0,239.0,225.0,275.0,1,True,False,True,False,2026-09-13 14:16:21.283,14.0,30.8,54.2,23.0,False,1.7,262.0
2026,14,Spanish Grand Prix,R,TSU,Racing Bulls,44.0,2.0,MEDIUM,8.0,100.632,29.963,35.78,34.889,217.0,241.0,223.0,289.0,1,True,False,True,False,2026-09-13 14:18:00.960,14.0,30.7,53.5,22.3,False,3.4,285.0
2026,14,Spanish Grand Prix,R,TSU,Racing Bulls,45.0,2.0,MEDIUM,9.0,99.438,30.498,35.825,33.115,218.0,242.0,226.0,268.0,1,True,False,True,False,2026-09-13 14:19:41.592,14.0,30.7,53.5,22.0,False,0.0,0.0
2026,14,Spanish Grand Prix,R,TSU,Racing Bulls,46.0,2.0,MEDIUM,10.0,99.516,29.996,36.152,33.368,220.0,239.0,224.0,291.0,1,True,False,True,False,2026-09-13 14:21:21.030,14.0,30.7,53.8,21.5,False,0.8,75.0
2026,14,Spanish Grand Prix,R,TSU,Racing Bulls,47.0,2.0,MEDIUM,11.0,99.147,30.203,35.767,33.177,219.0,240.0,226.0,299.0,1,True,False,True,False,2026-09-13 14:23:00.546,14.0,30.9,53.8,21.6,False,1.9,273.0
2026,14,Spanish Grand Prix,R,TSU,Racing Bulls,48.0,2.0,MEDIUM,12.0,99.07,30.083,35.769,33.218,220.0,239.0,226.0,293.0,1,True,False,True,False,2026-09-13 14:24:39.693,14.0,30.9,53.6,21.2,False,3.7,292.0
2026,14,Spanish Grand Prix,R,TSU,Racing Bulls,49.0,2.0,MEDIUM,13.0,99.226,30.156,35.809,33.261,221.0,241.0,225.0,297.0,1,True,False,True,False,2026-09-13 14:26:18.763,14.0,30.8,54.1,21.1,False,1.1,296.0
2026,14,Spanish Grand Prix,R,TSU,Racing Bulls,50.0,2.0,MEDIUM,14.0,98.726,30.043,35.661,33.022,220.0,243.0,225.0,296.0,1,True,True,True,False,2026-09-13 14:27:57.989,14.0,30.8,53.0,20.8,False,0.9,179.0
2026,14,Spanish Grand Prix,R,TSU,Racing Bulls,51.0,2.0,MEDIUM,15.0,98.759,30.138,35.682,32.939,220.0,243.0,225.0,289.0,1,True,False,True,False,2026-09-13 14:29:36.715,14.0,30.8,54.7,21.9,False,0.0,0.0
2026,14,Spanish Grand Prix,R,TSU,Racing Bulls,52.0,2.0,MEDIUM,16.0,98.407,29.94,35.522,32.945,222.0,243.0,225.0,301.0,1,True,True,True,False,2026-09-13 14:31:15.474,14.0,30.8,54.8,22.1,False,1.5,88.0
2026,14,Spanish Grand Prix,R,TSU,Racing Bulls,53.0,2.0,MEDIUM,17.0,98.543,30.044,35.56,32.939,221.0,241.0,224.0,300.0,1,True,False,True,False,2026-09-13 14:32:53.881,14.0,31.0,54.1,22.3,False,1.4,94.0
2026,14,Spanish Grand Prix,R,TSU,Racing Bulls,54.0,2.0,MEDIUM,18.0,98.396,29.958,35.47,32.968,223.0,240.0,224.0,304.0,1,True,True,True,False,2026-09-13 14:34:32.424,14.0,30.9,54.1,22.8,False,1.8,69.0
2026,14,Spanish Grand Prix,R,TSU,Racing Bulls,55.0,2.0,MEDIUM,19.0,98.784,30.149,35.583,33.052,219.0,241.0,224.0,303.0,1,True,False,True,False,2026-09-13 14:36:10.820,14.0,30.9,54.1,23.1,False,0.6,45.0
2026,14,Spanish Grand Prix,R,TSU,Racing Bulls,56.0,2.0,MEDIUM,20.0,98.818,30.052,35.688,33.078,220.0,243.0,225.0,299.0,1,True,False,True,False,2026-09-13 14:37:49.604,14.0,30.8,54.2,23.1,False,0.8,349.0
2026,14,Spanish Grand Prix,R,ALB,Williams,1.0,1.0,MEDIUM,1.0,110.959,,38.989,35.344,182.0,215.0,208.0,228.0,12,True,False,False,False,2026-09-13 13:04:04.249,14.0,28.7,50.1,30.3,False,4.0,67.0
2026,14,Spanish Grand Prix,R,ALB,Williams,2.0,1.0,MEDIUM,2.0,104.211,32.04,37.629,34.542,205.0,225.0,216.0,265.0,1,True,True,True,False,2026-09-13 13:05:55.464,15.0,28.8,50.6,29.9,False,2.0,287.0
2026,14,Spanish Grand Prix,R,ALB,Williams,3.0,1.0,MEDIUM,3.0,103.603,31.148,37.858,34.597,211.0,222.0,212.0,276.0,1,True,True,True,False,2026-09-13 13:07:39.675,15.0,28.7,50.9,29.5,False,1.9,67.0
2026,14,Spanish Grand Prix,R,ALB,Williams,4.0,1.0,MEDIUM,4.0,103.364,31.411,37.439,34.514,209.0,242.0,208.0,278.0,1,True,True,True,False,2026-09-13 13:09:23.278,15.0,28.7,51.5,29.7,False,0.0,0.0
2026,14,Spanish Grand Prix,R,ALB,Williams,5.0,1.0,MEDIUM,5.0,104.477,32.246,37.463,34.768,217.0,240.0,217.0,257.0,12,True,False,True,False,2026-09-13 13:11:06.642,15.0,28.9,51.5,29.0,False,1.1,91.0
2026,14,Spanish Grand Prix,R,ALB,Williams,6.0,1.0,MEDIUM,6.0,103.784,32.136,37.497,34.151,206.0,239.0,218.0,267.0,1,True,False,True,False,2026-09-13 13:12:51.119,14.0,29.1,51.7,28.4,False,2.0,80.0
2026,14,Spanish Grand Prix,R,ALB,Williams,7.0,1.0,MEDIUM,7.0,103.443,31.773,37.219,34.451,214.0,238.0,216.0,270.0,1,True,False,True,False,2026-09-13 13:14:34.903,14.0,29.0,50.5,28.4,False,0.9,13.0
2026,14,Spanish Grand Prix,R,ALB,Williams,8.0,1.0,MEDIUM,8.0,103.201,31.678,37.216,34.307,207.0,238.0,216.0,268.0,1,True,True,True,False,2026-09-13 13:16:18.346,14.0,28.9,51.5,28.8,False,2.2,69.0
2026,14,Spanish Grand Prix,R,ALB,Williams,9.0,1.0,MEDIUM,9.0,103.363,31.735,37.245,34.383,209.0,240.0,214.0,259.0,1,True,False,True,False,2026-09-13 13:18:01.547,14.0,29.0,51.7,28.7,False,1.7,61.0
2026,14,Spanish Grand Prix,R,ALB,Williams,10.0,1.0,MEDIUM,10.0,103.186,31.698,37.262,34.226,209.0,241.0,218.0,265.0,1,True,True,True,False,2026-09-13 13:19:44.910,14.0,29.2,51.9,29.0,False,0.0,0.0
2026,14,Spanish Grand Prix,R,ALB,Williams,11.0,1.0,MEDIUM,11.0,103.231,31.614,37.196,34.421,209.0,244.0,218.0,277.0,1,True,False,True,False,2026-09-13 13:21:28.096,14.0,29.4,52.1,28.6,False,3.5,290.0
2026,14,Spanish Grand Prix,R,ALB,Williams,12.0,1.0,MEDIUM,12.0,103.435,31.412,37.333,34.69,213.0,243.0,217.0,273.0,1,True,False,True,False,2026-09-13 13:23:11.327,14.0,29.6,51.8,27.4,False,0.4,91.0
2026,14,Spanish Grand Prix,R,ALB,Williams,13.0,1.0,MEDIUM,13.0,103.495,31.496,37.495,34.504,207.0,241.0,219.0,262.0,1,True,False,True,False,2026-09-13 13:24:54.762,14.0,29.8,52.5,27.4,False,1.0,328.0
2026,14,Spanish Grand Prix,R,ALB,Williams,14.0,1.0,MEDIUM,14.0,130.254,31.437,49.057,49.76,208.0,171.0,,266.0,126,True,False,False,False,2026-09-13 13:26:38.257,14.0,29.9,51.8,27.1,False,0.0,0.0
2026,14,Spanish Grand Prix,R,ALB,Williams,15.0,2.0,HARD,1.0,128.429,57.133,37.571,33.725,207.0,234.0,220.0,232.0,671,True,False,False,False,2026-09-13 13:28:48.511,17.0,29.8,52.6,26.9,False,0.3,35.0
2026,14,Spanish Grand Prix,R,ALB,Williams,16.0,2.0,HARD,2.0,102.132,31.058,37.236,33.838,208.0,232.0,221.0,272.0,1,True,True,True,False,2026-09-13 13:30:56.940,17.0,29.8,52.7,26.8,False,1.1,120.0
2026,14,Spanish Grand Prix,R,ALB,Williams,17.0,2.0,HARD,3.0,101.554,30.964,36.815,33.775,208.0,244.0,220.0,260.0,1,True,True,True,False,2026-09-13 13:32:39.072,17.0,29.9,52.5,26.6,False,0.4,89.0
2026,14,Spanish Grand Prix,R,ALB,Williams,18.0,2.0,HARD,4.0,101.726,30.734,37.042,33.95,212.0,241.0,221.0,276.0,1,True,False,True,False,2026-09-13 13:34:20.626,17.0,29.9,52.3,25.4,False,3.3,47.0
2026,14,Spanish Grand Prix,R,ALB,Williams,19.0,2.0,HARD,5.0,101.807,30.766,37.038,34.003,206.0,237.0,221.0,271.0,1,True,False,True,False,2026-09-13 13:36:02.352,17.0,29.8,52.3,24.7,False,0.9,97.0
2026,14,Spanish Grand Prix,R,ALB,Williams,20.0,2.0,HARD,6.0,101.917,30.904,36.912,34.101,212.0,235.0,219.0,272.0,1,True,False,True,False,2026-09-13 13:37:44.159,17.0,30.1,52.3,24.7,False,2.2,289.0
2026,14,Spanish Grand Prix,R,ALB,Williams,21.0,2.0,HARD,7.0,101.861,30.776,36.905,34.18,219.0,242.0,220.0,275.0,1,True,False,True,False,2026-09-13 13:39:26.076,17.0,30.0,52.8,24.7,False,0.4,352.0
2026,14,Spanish Grand Prix,R,ALB,Williams,22.0,2.0,HARD,8.0,101.901,31.068,36.854,33.979,214.0,234.0,220.0,268.0,1,True,False,True,False,2026-09-13 13:41:07.937,17.0,30.0,52.6,24.4,False,2.8,294.0
2026,14,Spanish Grand Prix,R,ALB,Williams,23.0,2.0,HARD,9.0,101.661,31.245,36.612,33.804,215.0,244.0,221.0,272.0,1,True,False,True,False,2026-09-13 13:42:49.838,17.0,30.1,52.7,24.3,False,1.4,276.0
2026,14,Spanish Grand Prix,R,ALB,Williams,24.0,2.0,HARD,10.0,101.292,31.082,36.392,33.818,217.0,238.0,218.0,276.0,1,True,True,True,False,2026-09-13 13:44:31.499,16.0,30.3,52.8,24.2,False,1.4,316.0
2026,14,Spanish Grand Prix,R,ALB,Williams,25.0,2.0,HARD,11.0,101.046,30.963,36.208,33.875,213.0,244.0,220.0,270.0,1,True,True,True,False,2026-09-13 13:46:12.791,16.0,30.3,52.7,24.6,False,1.4,52.0
2026,14,Spanish Grand Prix,R,ALB,Williams,26.0,2.0,HARD,12.0,100.625,30.51,36.228,33.887,218.0,249.0,219.0,273.0,1,True,True,True,False,2026-09-13 13:47:53.837,16.0,30.4,53.0,25.0,False,4.1,286.0
2026,14,Spanish Grand Prix,R,ALB,Williams,27.0,2.0,HARD,13.0,100.352,30.597,36.07,33.685,220.0,249.0,221.0,283.0,1,True,True,True,False,2026-09-13 13:49:34.462,16.0,30.3,52.7,24.2,False,2.6,279.0
2026,14,Spanish Grand Prix,R,ALB,Williams,28.0,2.0,HARD,14.0,100.512,30.455,36.2,33.857,214.0,249.0,219.0,285.0,1,True,False,True,False,2026-09-13 13:51:14.814,16.0,30.1,53.1,24.0,False,0.4,245.0
2026,14,Spanish Grand Prix,R,ALB,Williams,29.0,2.0,HARD,15.0,104.913,32.065,37.658,35.19,214.0,133.0,219.0,250.0,1,True,False,True,False,2026-09-13 13:52:55.326,16.0,30.3,52.9,24.2,False,2.5,278.0
2026,14,Spanish Grand Prix,R,ALB,Williams,30.0,2.0,HARD,16.0,102.529,30.786,36.161,35.582,216.0,238.0,220.0,276.0,1,True,False,True,False,2026-09-13 13:54:40.239,16.0,30.1,53.2,24.5,False,1.8,12.0
2026,14,Spanish Grand Prix,R,ALB,Williams,31.0,2.0,HARD,17.0,101.45,31.284,36.305,33.861,218.0,241.0,216.0,269.0,1,True,False,True,False,2026-09-13 13:56:22.768,16.0,30.0,53.4,24.8,False,0.8,110.0
2026,14,Spanish Grand Prix,R,ALB,Williams,32.0,2.0,HARD,18.0,102.086,32.351,36.199,33.536,214.0,247.0,219.0,281.0,1,True,False,True,False,2026-09-13 13:58:04.218,16.0,30.1,53.5,24.8,False,0.5,334.0
2026,14,Spanish Grand Prix,R,ALB,Williams,33.0,2.0,HARD,19.0,100.064,30.471,35.972,33.621,220.0,249.0,220.0,283.0,1,True,True,True,False,2026-09-13 13:59:46.304,16.0,30.3,54.2,24.1,False,0.9,249.0
2026,14,Spanish Grand Prix,R,ALB,Williams,34.0,2.0,HARD,20.0,99.897,30.248,36.111,33.538,217.0,243.0,219.0,290.0,1,True,True,True,False,2026-09-13 14:01:26.368,15.0,30.4,54.3,23.5,False,0.9,276.0
2026,14,Spanish Grand Prix,R,ALB,Williams,35.0,2.0,HARD,21.0,99.883,30.289,36.102,33.492,215.0,252.0,221.0,284.0,1,True,True,True,False,2026-09-13 14:03:06.265,15.0,30.6,54.0,22.3,False,2.4,31.0
2026,14,Spanish Grand Prix,R,ALB,Williams,36.0,2.0,HARD,22.0,99.994,30.283,36.073,33.638,220.0,250.0,220.0,290.0,1,True,False,True,False,2026-09-13 14:04:46.148,15.0,30.6,53.6,22.9,False,1.5,295.0
2026,14,Spanish Grand Prix,R,ALB,Williams,37.0,2.0,HARD,23.0,100.619,30.359,36.386,33.874,214.0,239.0,222.0,277.0,1,True,False,True,False,2026-09-13 14:06:26.142,15.0,30.7,54.0,22.4,False,0.9,278.0
2026,14,Spanish Grand Prix,R,ALB,Williams,38.0,2.0,HARD,24.0,100.166,30.268,36.153,33.745,218.0,251.0,219.0,287.0,1,True,False,True,False,2026-09-13 14:08:06.761,15.0,30.3,53.6,23.3,False,1.6,51.0
2026,14,Spanish Grand Prix,R,ALB,Williams,39.0,2.0,HARD,25.0,100.262,30.245,36.257,33.76,214.0,247.0,220.0,283.0,1,True,False,True,False,2026-09-13 14:09:46.927,15.0,30.1,53.9,23.6,False,2.0,253.0
2026,14,Spanish Grand Prix,R,ALB,Williams,40.0,2.0,HARD,26.0,100.072,29.997,36.247,33.828,220.0,252.0,221.0,292.0,1,True,False,True,False,2026-09-13 14:11:27.189,15.0,30.1,53.8,23.0,False,0.6,312.0
2026,14,Spanish Grand Prix,R,ALB,Williams,41.0,2.0,HARD,27.0,100.131,30.118,36.221,33.792,215.0,248.0,218.0,286.0,1,True,False,True,False,2026-09-13 14:13:07.261,15.0,30.1,54.1,23.4,False,1.0,59.0
2026,14,Spanish Grand Prix,R,ALB,Williams,42.0,2.0,HARD,28.0,101.782,31.699,36.241,33.842,218.0,254.0,221.0,283.0,1,True,False,True,False,2026-09-13 14:14:47.392,15.0,30.5,53.7,22.9,False,0.3,329.0
2026,14,Spanish Grand Prix,R,ALB,Williams,43.0,2.0,HARD,29.0,100.06,30.105,36.143,33.812,215.0,244.0,223.0,282.0,1,True,False,True,False,2026-09-13 14:16:29.174,15.0,30.8,54.2,23.0,False,1.7,262.0
2026,14,Spanish Grand Prix,R,ALB,Williams,44.0,2.0,HARD,30.0,101.131,30.394,36.714,34.023,208.0,246.0,221.0,281.0,1,True,False,True,False,2026-09-13 14:18:09.234,15.0,30.7,53.5,22.3,False,3.4,285.0
2026,14,Spanish Grand Prix,R,ALB,Williams,45.0,2.0,HARD,31.0,99.772,30.078,36.047,33.647,218.0,250.0,223.0,288.0,1,True,True,True,False,2026-09-13 14:19:50.365,15.0,30.7,53.5,22.0,False,0.0,0.0
2026,14,Spanish Grand Prix,R,ALB,Williams,46.0,2.0,HARD,32.0,99.496,29.918,36.073,33.505,225.0,248.0,223.0,288.0,1,True,True,True,False,2026-09-13 14:21:30.137,15.0,30.7,53.8,21.5,False,0.8,75.0
2026,14,Spanish Grand Prix,R,ALB,Williams,47.0,2.0,HARD,33.0,99.397,29.93,36.001,33.466,223.0,246.0,221.0,292.0,1,True,True,True,False,2026-09-13 14:23:09.633,15.0,30.9,53.8,21.6,False,1.9,273.0
2026,14,Spanish Grand Prix,R,ALB,Williams,48.0,2.0,HARD,34.0,99.435,29.863,36.047,33.525,221.0,246.0,221.0,295.0,1,True,False,True,False,2026-09-13 14:24:49.030,15.0,30.9,53.6,21.2,False,3.7,292.0
2026,14,Spanish Grand Prix,R,ALB,Williams,49.0,2.0,HARD,35.0,99.606,30.128,35.941,33.537,222.0,250.0,221.0,293.0,1,True,False,True,False,2026-09-13 14:26:28.465,15.0,30.8,54.1,21.1,False,1.1,296.0
2026,14,Spanish Grand Prix,R,ALB,Williams,50.0,2.0,HARD,36.0,100.127,30.32,36.182,33.625,218.0,251.0,221.0,285.0,1,True,False,True,False,2026-09-13 14:28:08.071,15.0,30.8,53.0,20.8,False,0.9,179.0
2026,14,Spanish Grand Prix,R,ALB,Williams,51.0,2.0,HARD,37.0,99.616,29.954,35.991,33.671,221.0,251.0,219.0,290.0,1,True,False,True,False,2026-09-13 14:29:48.198,15.0,30.8,54.7,21.9,False,0.0,0.0
2026,14,Spanish Grand Prix,R,ALB,Williams,52.0,2.0,HARD,38.0,100.294,30.198,36.179,33.917,223.0,254.0,220.0,281.0,1,True,False,True,False,2026-09-13 14:31:27.814,15.0,30.8,54.8,22.1,False,1.5,88.0
2026,14,Spanish Grand Prix,R,ALB,Williams,53.0,2.0,HARD,39.0,100.029,30.247,36.233,33.549,224.0,246.0,218.0,280.0,1,True,False,True,False,2026-09-13 14:33:08.108,15.0,31.0,54.1,22.3,False,1.4,94.0
2026,14,Spanish Grand Prix,R,ALB,Williams,54.0,2.0,HARD,40.0,100.52,30.377,36.243,33.9,217.0,244.0,220.0,280.0,1,True,False,True,False,2026-09-13 14:34:48.137,15.0,30.9,53.2,22.6,False,2.5,57.0
2026,14,Spanish Grand Prix,R,ALB,Williams,55.0,2.0,HARD,41.0,103.346,30.362,38.986,33.998,225.0,234.0,219.0,286.0,1,True,False,True,False,2026-09-13 14:36:28.657,15.0,30.9,54.1,23.1,False,0.6,45.0
2026,14,Spanish Grand Prix,R,ALB,Williams,56.0,2.0,HARD,42.0,102.468,31.151,37.147,34.17,215.0,244.0,218.0,268.0,1,True,False,True,False,2026-09-13 14:38:12.003,15.0,30.8,54.2,23.1,False,0.8,349.0
2026,14,Spanish Grand Prix,R,HUL,Audi,1.0,1.0,SOFT,1.0,109.232,,38.486,34.737,186.0,206.0,221.0,213.0,12,True,False,False,False,2026-09-13 13:04:04.249,12.0,28.7,50.1,30.3,False,4.0,67.0
2026,14,Spanish Grand Prix,R,HUL,Audi,2.0,1.0,SOFT,2.0,103.377,31.156,37.592,34.629,200.0,221.0,218.0,254.0,1,True,True,True,False,2026-09-13 13:05:53.737,12.0,28.8,50.6,29.9,False,2.0,287.0
2026,14,Spanish Grand Prix,R,HUL,Audi,3.0,1.0,SOFT,3.0,102.807,30.609,37.512,34.686,204.0,230.0,217.0,281.0,1,True,True,True,False,2026-09-13 13:07:37.114,12.0,28.7,50.9,29.5,False,1.9,67.0
2026,14,Spanish Grand Prix,R,HUL,Audi,4.0,1.0,SOFT,4.0,102.521,30.558,37.421,34.542,209.0,225.0,218.0,285.0,1,True,True,True,False,2026-09-13 13:09:19.921,12.0,28.7,51.5,29.7,False,0.0,0.0
2026,14,Spanish Grand Prix,R,HUL,Audi,5.0,1.0,SOFT,5.0,103.154,30.721,37.499,34.934,208.0,228.0,215.0,275.0,12,True,False,True,False,2026-09-13 13:11:02.442,12.0,28.9,51.5,29.0,False,1.1,91.0
2026,14,Spanish Grand Prix,R,HUL,Audi,6.0,1.0,SOFT,6.0,103.085,31.641,37.239,34.205,210.0,243.0,219.0,272.0,1,True,False,True,False,2026-09-13 13:12:45.596,11.0,29.1,51.7,28.4,False,2.0,80.0
2026,14,Spanish Grand Prix,R,HUL,Audi,7.0,1.0,SOFT,7.0,102.109,30.711,37.189,34.209,214.0,226.0,218.0,277.0,1,True,True,True,False,2026-09-13 13:14:28.681,11.0,29.1,50.8,28.3,False,3.1,43.0
2026,14,Spanish Grand Prix,R,HUL,Audi,8.0,1.0,SOFT,8.0,102.047,30.623,37.146,34.278,214.0,230.0,218.0,283.0,1,True,True,True,False,2026-09-13 13:16:10.790,11.0,28.9,51.5,28.8,False,2.2,69.0
2026,14,Spanish Grand Prix,R,HUL,Audi,9.0,1.0,SOFT,9.0,102.447,31.107,37.284,34.056,210.0,232.0,218.0,281.0,1,True,False,True,False,2026-09-13 13:17:52.837,11.0,29.0,51.7,28.7,False,1.7,61.0
2026,14,Spanish Grand Prix,R,HUL,Audi,10.0,1.0,SOFT,10.0,102.026,30.644,37.037,34.345,213.0,229.0,218.0,282.0,1,True,True,True,False,2026-09-13 13:19:35.284,11.0,29.2,51.9,29.0,False,0.0,0.0
2026,14,Spanish Grand Prix,R,HUL,Audi,11.0,1.0,SOFT,11.0,102.545,30.594,37.43,34.521,212.0,233.0,219.0,276.0,1,True,False,True,False,2026-09-13 13:21:17.310,11.0,29.4,52.1,28.6,False,3.5,290.0
2026,14,Spanish Grand Prix,R,HUL,Audi,12.0,1.0,SOFT,12.0,102.794,30.848,37.362,34.584,210.0,227.0,216.0,265.0,1,True,False,True,False,2026-09-13 13:22:59.855,11.0,29.6,51.8,27.4,False,0.4,91.0
2026,14,Spanish Grand Prix,R,HUL,Audi,13.0,1.0,SOFT,13.0,102.53,30.896,37.219,34.415,215.0,232.0,217.0,272.0,1,True,False,True,False,2026-09-13 13:24:42.649,11.0,29.8,52.5,27.4,False,1.0,328.0
2026,14,Spanish Grand Prix,R,HUL,Audi,14.0,1.0,SOFT,14.0,124.356,30.515,45.717,48.124,210.0,182.0,,276.0,126,True,False,False,False,2026-09-13 13:26:25.179,11.0,29.9,51.6,27.0,False,0.5,207.0
2026,14,Spanish Grand Prix,R,HUL,Audi,15.0,2.0,HARD,1.0,132.061,60.256,38.346,33.459,161.0,237.0,222.0,153.0,671,True,False,False,False,2026-09-13 13:28:29.535,12.0,29.8,50.8,27.0,False,0.8,331.0
2026,14,Spanish Grand Prix,R,HUL,Audi,16.0,2.0,HARD,2.0,100.428,30.177,36.91,33.341,217.0,234.0,221.0,291.0,1,True,True,True,False,2026-09-13 13:30:41.596,12.0,29.8,52.7,26.8,False,1.1,120.0
2026,14,Spanish Grand Prix,R,HUL,Audi,17.0,2.0,HARD,3.0,100.384,30.205,36.835,33.344,212.0,241.0,222.0,287.0,1,True,True,True,False,2026-09-13 13:32:22.024,12.0,29.8,52.6,26.0,False,2.4,91.0
2026,14,Spanish Grand Prix,R,HUL,Audi,18.0,2.0,HARD,4.0,100.233,30.149,36.617,33.467,216.0,238.0,222.0,279.0,1,True,True,True,False,2026-09-13 13:34:02.408,12.0,29.9,52.3,25.4,False,3.3,47.0
2026,14,Spanish Grand Prix,R,HUL,Audi,19.0,2.0,HARD,5.0,100.44,30.16,36.727,33.553,213.0,236.0,221.0,291.0,1,True,False,True,False,2026-09-13 13:35:42.641,12.0,29.8,52.3,24.7,False,0.9,97.0
2026,14,Spanish Grand Prix,R,HUL,Audi,20.0,2.0,HARD,6.0,100.259,30.401,36.361,33.497,217.0,242.0,222.0,280.0,1,True,False,True,False,2026-09-13 13:37:23.081,12.0,30.0,52.7,25.0,False,3.6,308.0
2026,14,Spanish Grand Prix,R,HUL,Audi,21.0,2.0,HARD,7.0,99.591,29.996,36.152,33.443,218.0,244.0,220.0,293.0,1,True,True,True,False,2026-09-13 13:39:03.340,12.0,30.0,52.8,24.7,False,0.4,352.0
2026,14,Spanish Grand Prix,R,HUL,Audi,22.0,2.0,HARD,8.0,100.16,30.089,36.356,33.715,217.0,242.0,221.0,293.0,1,True,False,True,False,2026-09-13 13:40:42.931,12.0,30.0,52.6,24.4,False,2.8,294.0
2026,14,Spanish Grand Prix,R,HUL,Audi,23.0,2.0,HARD,9.0,99.517,29.84,36.089,33.588,220.0,244.0,222.0,293.0,1,True,True,True,False,2026-09-13 13:42:23.091,12.0,30.1,52.3,24.1,False,2.8,59.0
2026,14,Spanish Grand Prix,R,HUL,Audi,24.0,2.0,HARD,10.0,99.896,29.933,36.433,33.53,219.0,240.0,221.0,294.0,1,True,False,True,False,2026-09-13 13:44:02.608,12.0,30.3,52.8,24.2,False,1.4,316.0
2026,14,Spanish Grand Prix,R,HUL,Audi,25.0,2.0,HARD,11.0,100.206,30.02,36.35,33.836,214.0,243.0,221.0,297.0,1,True,False,True,False,2026-09-13 13:45:42.504,12.0,30.3,52.7,24.6,False,1.4,52.0
2026,14,Spanish Grand Prix,R,HUL,Audi,26.0,2.0,HARD,12.0,99.992,30.21,36.218,33.564,218.0,247.0,220.0,282.0,1,True,False,True,False,2026-09-13 13:47:22.710,12.0,30.2,52.9,24.7,False,0.8,289.0
2026,14,Spanish Grand Prix,R,HUL,Audi,27.0,2.0,HARD,13.0,100.195,30.295,36.441,33.459,215.0,244.0,220.0,285.0,1,True,False,True,False,2026-09-13 13:49:02.702,12.0,30.3,52.7,24.2,False,2.6,279.0
2026,14,Spanish Grand Prix,R,HUL,Audi,28.0,2.0,HARD,14.0,100.148,29.994,36.496,33.658,218.0,237.0,222.0,295.0,1,True,False,True,False,2026-09-13 13:50:42.897,12.0,30.1,53.1,24.0,False,0.4,245.0
2026,14,Spanish Grand Prix,R,HUL,Audi,29.0,2.0,HARD,15.0,99.564,29.89,36.037,33.637,221.0,245.0,221.0,297.0,1,True,False,True,False,2026-09-13 13:52:23.045,12.0,30.2,53.3,24.3,False,1.4,283.0
2026,14,Spanish Grand Prix,R,HUL,Audi,30.0,2.0,HARD,16.0,99.23,29.985,36.028,33.217,221.0,247.0,223.0,296.0,1,True,True,True,False,2026-09-13 13:54:02.609,12.0,30.1,53.1,24.0,False,1.4,279.0
2026,14,Spanish Grand Prix,R,HUL,Audi,31.0,2.0,HARD,17.0,99.209,29.894,35.848,33.467,221.0,246.0,221.0,281.0,1,True,True,True,False,2026-09-13 13:55:41.839,12.0,30.0,53.4,24.8,False,0.8,110.0
2026,14,Spanish Grand Prix,R,HUL,Audi,32.0,2.0,HARD,18.0,99.192,29.825,36.021,33.346,222.0,248.0,221.0,300.0,1,True,True,True,False,2026-09-13 13:57:21.048,12.0,30.0,53.3,24.7,False,1.3,276.0
2026,14,Spanish Grand Prix,R,HUL,Audi,33.0,2.0,HARD,19.0,98.937,30.101,35.706,33.13,223.0,247.0,220.0,292.0,1,True,True,True,False,2026-09-13 13:59:00.240,12.0,30.2,53.7,24.5,False,1.0,280.0
2026,14,Spanish Grand Prix,R,HUL,Audi,34.0,2.0,HARD,20.0,98.804,29.917,35.828,33.059,222.0,246.0,222.0,295.0,1,True,True,True,False,2026-09-13 14:00:39.177,12.0,30.4,54.3,23.5,False,0.9,276.0
2026,14,Spanish Grand Prix,R,HUL,Audi,35.0,2.0,HARD,21.0,98.368,29.688,35.612,33.068,224.0,247.0,222.0,302.0,1,True,True,True,False,2026-09-13 14:02:17.981,12.0,30.5,54.5,23.3,False,0.0,0.0
2026,14,Spanish Grand Prix,R,HUL,Audi,36.0,2.0,HARD,22.0,98.59,29.718,35.743,33.129,225.0,248.0,222.0,300.0,1,True,False,True,False,2026-09-13 14:03:56.349,12.0,30.6,53.3,22.0,False,0.7,207.0
2026,14,Spanish Grand Prix,R,HUL,Audi,37.0,2.0,HARD,23.0,98.813,29.848,35.797,33.168,222.0,249.0,222.0,302.0,1,True,False,True,False,2026-09-13 14:05:34.939,12.0,30.7,54.0,22.4,False,0.9,278.0
2026,14,Spanish Grand Prix,R,HUL,Audi,38.0,2.0,HARD,24.0,98.851,29.872,35.846,33.133,222.0,249.0,222.0,300.0,1,True,False,True,False,2026-09-13 14:07:13.752,12.0,30.5,53.6,22.6,False,0.7,52.0
2026,14,Spanish Grand Prix,R,HUL,Audi,39.0,2.0,HARD,25.0,99.457,30.482,35.754,33.221,221.0,246.0,221.0,285.0,1,True,False,True,False,2026-09-13 14:08:52.603,12.0,30.2,53.6,23.4,False,0.9,63.0
2026,14,Spanish Grand Prix,R,HUL,Audi,40.0,2.0,HARD,26.0,98.764,29.883,35.704,33.177,223.0,247.0,223.0,299.0,1,True,False,True,False,2026-09-13 14:10:32.060,12.0,30.1,53.9,23.6,False,2.0,253.0
2026,14,Spanish Grand Prix,R,HUL,Audi,41.0,2.0,HARD,27.0,98.566,29.872,35.621,33.073,219.0,250.0,222.0,301.0,1,True,False,True,False,2026-09-13 14:12:10.824,12.0,30.0,54.0,23.6,False,0.9,64.0
2026,14,Spanish Grand Prix,R,HUL,Audi,42.0,2.0,HARD,28.0,98.761,29.862,35.651,33.248,224.0,249.0,222.0,300.0,1,True,False,True,False,2026-09-13 14:13:49.390,12.0,30.3,53.9,22.9,False,1.8,66.0
2026,14,Spanish Grand Prix,R,HUL,Audi,43.0,2.0,HARD,29.0,98.785,29.874,35.834,33.077,219.0,249.0,223.0,286.0,1,True,False,True,False,2026-09-13 14:15:28.151,12.0,30.5,53.7,22.9,False,0.3,329.0
2026,14,Spanish Grand Prix,R,HUL,Audi,44.0,2.0,HARD,30.0,98.78,29.962,35.703,33.115,220.0,249.0,223.0,303.0,1,True,False,True,False,2026-09-13 14:17:06.936,12.0,30.8,54.0,22.0,False,3.1,276.0
2026,14,Spanish Grand Prix,R,HUL,Audi,45.0,2.0,HARD,31.0,99.75,29.928,36.2,33.622,216.0,244.0,224.0,295.0,1,True,False,True,False,2026-09-13 14:18:45.716,12.0,30.7,53.7,22.0,False,1.1,342.0
2026,14,Spanish Grand Prix,R,HUL,Audi,46.0,2.0,HARD,32.0,99.92,30.316,36.177,33.427,212.0,244.0,223.0,293.0,1,True,False,True,False,2026-09-13 14:20:25.466,12.0,30.7,53.5,22.0,False,0.0,0.0
2026,14,Spanish Grand Prix,R,HUL,Audi,47.0,2.0,HARD,33.0,100.009,30.274,36.272,33.463,209.0,244.0,222.0,267.0,1,True,False,True,False,2026-09-13 14:22:05.386,11.0,30.7,54.1,21.1,False,0.7,253.0
2026,14,Spanish Grand Prix,R,HUL,Audi,48.0,2.0,HARD,34.0,98.879,29.988,35.831,33.06,221.0,250.0,224.0,287.0,1,True,False,True,False,2026-09-13 14:23:45.395,11.0,30.9,53.2,21.8,False,1.5,304.0
2026,14,Spanish Grand Prix,R,HUL,Audi,49.0,2.0,HARD,35.0,98.689,29.862,35.49,33.337,225.0,250.0,224.0,294.0,1,True,False,True,False,2026-09-13 14:25:24.274,11.0,30.9,53.6,21.2,False,3.7,292.0
2026,14,Spanish Grand Prix,R,HUL,Audi,50.0,2.0,HARD,36.0,98.114,29.754,35.559,32.801,224.0,246.0,223.0,300.0,1,True,True,True,False,2026-09-13 14:27:02.963,11.0,30.9,53.9,20.5,False,1.0,143.0
2026,14,Spanish Grand Prix,R,HUL,Audi,51.0,2.0,HARD,37.0,98.186,29.734,35.558,32.894,223.0,247.0,224.0,302.0,1,True,False,True,False,2026-09-13 14:28:41.077,11.0,30.9,54.4,21.1,False,0.6,358.0
2026,14,Spanish Grand Prix,R,HUL,Audi,52.0,2.0,HARD,38.0,98.184,29.753,35.479,32.952,225.0,250.0,223.0,307.0,1,True,False,True,False,2026-09-13 14:30:19.263,11.0,30.8,54.7,21.9,False,0.0,0.0
2026,14,Spanish Grand Prix,R,HUL,Audi,53.0,2.0,HARD,39.0,98.823,30.059,35.763,33.001,211.0,249.0,220.0,295.0,1,True,False,True,False,2026-09-13 14:31:57.447,11.0,31.0,54.9,21.6,False,2.1,72.0
2026,14,Spanish Grand Prix,R,HUL,Audi,54.0,2.0,HARD,40.0,101.004,31.538,35.402,34.064,220.0,251.0,223.0,259.0,1,True,False,True,False,2026-09-13 14:33:36.270,11.0,30.9,54.1,22.8,False,1.8,69.0
2026,14,Spanish Grand Prix,R,HUL,Audi,55.0,2.0,HARD,41.0,102.637,32.191,36.998,33.448,193.0,245.0,223.0,252.0,1,True,False,True,False,2026-09-13 14:35:17.274,11.0,30.9,53.2,22.6,False,2.5,57.0
2026,14,Spanish Grand Prix,R,HUL,Audi,56.0,2.0,HARD,42.0,99.646,30.175,35.978,33.493,215.0,241.0,220.0,280.0,1,True,False,True,False,2026-09-13 14:36:59.911,10.0,30.9,54.0,23.1,False,0.3,107.0
2026,14,Spanish Grand Prix,R,VER,Red Bull Racing,1.0,1.0,SOFT,4.0,103.131,,36.843,33.385,180.0,237.0,224.0,264.0,12,False,False,False,False,2026-09-13 13:04:04.249,2.0,28.7,50.1,30.3,False,4.0,67.0
2026,14,Spanish Grand Prix,R,VER,Red Bull Racing,2.0,1.0,SOFT,5.0,100.125,30.477,36.361,33.287,207.0,244.0,222.0,269.0,1,False,True,True,False,2026-09-13 13:05:47.636,2.0,28.8,50.6,29.9,False,2.0,287.0
2026,14,Spanish Grand Prix,R,VER,Red Bull Racing,3.0,1.0,SOFT,6.0,100.155,30.573,36.215,33.367,210.0,236.0,223.0,279.0,1,False,False,True,False,2026-09-13 13:07:27.761,2.0,28.8,50.8,29.8,False,2.7,67.0
2026,14,Spanish Grand Prix,R,VER,Red Bull Racing,4.0,1.0,SOFT,7.0,105.324,30.83,40.083,34.411,211.0,234.0,219.0,242.0,1,False,False,True,False,2026-09-13 13:09:07.916,4.0,28.7,51.5,29.7,False,0.0,0.0
2026,14,Spanish Grand Prix,R,VER,Red Bull Racing,5.0,1.0,SOFT,8.0,100.103,30.59,36.062,33.451,214.0,237.0,216.0,278.0,12,False,True,True,False,2026-09-13 13:10:53.240,3.0,28.9,51.5,29.0,False,1.1,91.0
2026,14,Spanish Grand Prix,R,VER,Red Bull Racing,6.0,1.0,SOFT,9.0,100.465,30.426,36.558,33.481,209.0,233.0,217.0,282.0,1,False,False,True,False,2026-09-13 13:12:33.343,3.0,29.1,51.6,28.7,False,3.4,61.0
2026,14,Spanish Grand Prix,R,VER,Red Bull Racing,7.0,1.0,SOFT,10.0,100.426,30.561,36.317,33.548,210.0,235.0,221.0,283.0,1,False,False,True,False,2026-09-13 13:14:13.808,3.0,29.1,50.8,28.3,False,3.1,43.0
2026,14,Spanish Grand Prix,R,VER,Red Bull Racing,8.0,1.0,SOFT,11.0,99.894,30.165,36.245,33.484,209.0,241.0,216.0,287.0,1,False,True,True,False,2026-09-13 13:15:54.234,3.0,28.9,51.5,28.8,False,2.2,69.0
2026,14,Spanish Grand Prix,R,VER,Red Bull Racing,9.0,1.0,SOFT,12.0,99.826,30.214,36.28,33.332,215.0,241.0,219.0,282.0,1,False,True,True,False,2026-09-13 13:17:34.128,3.0,29.0,51.5,28.9,False,0.9,21.0
2026,14,Spanish Grand Prix,R,VER,Red Bull Racing,10.0,1.0,SOFT,13.0,99.597,30.049,36.168,33.38,211.0,241.0,221.0,290.0,1,False,True,True,False,2026-09-13 13:19:13.954,3.0,29.1,51.8,28.5,False,1.4,51.0
2026,14,Spanish Grand Prix,R,VER,Red Bull Racing,11.0,1.0,SOFT,14.0,99.55,30.125,36.094,33.331,213.0,243.0,223.0,287.0,1,False,True,True,False,2026-09-13 13:20:53.551,3.0,29.4,52.1,28.6,False,3.5,290.0
2026,14,Spanish Grand Prix,R,VER,Red Bull Racing,12.0,1.0,SOFT,15.0,99.69,30.174,36.231,33.285,215.0,237.0,221.0,287.0,1,False,False,True,False,2026-09-13 13:22:33.101,3.0,29.4,52.0,27.4,False,1.3,96.0
2026,14,Spanish Grand Prix,R,VER,Red Bull Racing,13.0,1.0,SOFT,16.0,99.718,30.086,36.234,33.398,212.0,240.0,222.0,286.0,1,False,False,True,False,2026-09-13 13:24:12.791,3.0,29.7,52.1,27.9,False,1.0,277.0
2026,14,Spanish Grand Prix,R,VER,Red Bull Racing,14.0,1.0,SOFT,17.0,106.069,30.144,35.939,39.986,217.0,243.0,,282.0,126,False,False,False,False,2026-09-13 13:25:52.509,3.0,29.9,51.6,27.0,False,0.5,207.0
2026,14,Spanish Grand Prix,R,VER,Red Bull Racing,15.0,2.0,HARD,1.0,146.009,60.933,50.787,34.289,194.0,208.0,227.0,173.0,671,True,False,False,False,2026-09-13 13:27:38.578,4.0,29.8,50.8,27.0,False,0.8,331.0
2026,14,Spanish Grand Prix,R,VER,Red Bull Racing,16.0,2.0,HARD,2.0,99.054,30.021,36.186,32.847,213.0,238.0,226.0,280.0,1,True,True,True,False,2026-09-13 13:30:04.587,3.0,29.8,52.5,27.0,False,0.0,0.0
2026,14,Spanish Grand Prix,R,VER,Red Bull Racing,17.0,2.0,HARD,3.0,98.819,29.941,35.957,32.921,212.0,238.0,225.0,289.0,1,True,True,True,False,2026-09-13 13:31:43.641,3.0,29.8,52.6,26.0,False,2.4,91.0
2026,14,Spanish Grand Prix,R,VER,Red Bull Racing,18.0,2.0,HARD,4.0,98.68,29.78,35.968,32.932,215.0,236.0,224.0,286.0,1,True,True,True,False,2026-09-13 13:33:22.460,3.0,29.9,52.5,26.6,False,0.4,89.0
2026,14,Spanish Grand Prix,R,VER,Red Bull Racing,19.0,2.0,HARD,5.0,98.441,29.818,35.761,32.862,214.0,240.0,225.0,288.0,1,True,True,True,False,2026-09-13 13:35:01.140,3.0,29.9,51.7,24.9,False,1.2,49.0
2026,14,Spanish Grand Prix,R,VER,Red Bull Racing,20.0,2.0,HARD,6.0,98.554,29.792,35.875,32.887,213.0,239.0,224.0,286.0,1,True,False,True,False,2026-09-13 13:36:39.581,3.0,30.0,52.7,25.0,False,3.6,308.0
2026,14,Spanish Grand Prix,R,VER,Red Bull Racing,21.0,2.0,HARD,7.0,98.707,29.81,35.89,33.007,216.0,243.0,220.0,283.0,1,True,False,True,False,2026-09-13 13:38:18.135,3.0,30.1,52.3,24.7,False,2.2,289.0
2026,14,Spanish Grand Prix,R,VER,Red Bull Racing,22.0,2.0,HARD,8.0,98.836,29.943,35.737,33.156,218.0,242.0,217.0,278.0,1,True,False,True,False,2026-09-13 13:39:56.842,3.0,29.9,52.3,24.8,False,1.5,316.0
2026,14,Spanish Grand Prix,R,VER,Red Bull Racing,23.0,2.0,HARD,9.0,98.735,30.018,35.708,33.009,214.0,242.0,224.0,285.0,1,True,False,True,False,2026-09-13 13:41:35.678,3.0,30.1,52.3,24.1,False,2.8,59.0
2026,14,Spanish Grand Prix,R,VER,Red Bull Racing,24.0,2.0,HARD,10.0,98.551,29.774,35.703,33.074,210.0,241.0,226.0,290.0,1,True,False,True,False,2026-09-13 13:43:14.413,3.0,30.1,52.7,24.3,False,1.4,276.0
2026,14,Spanish Grand Prix,R,VER,Red Bull Racing,25.0,2.0,HARD,11.0,98.9,30.151,35.726,33.023,212.0,246.0,220.0,291.0,1,True,False,True,False,2026-09-13 13:44:52.964,3.0,30.2,52.8,24.7,False,2.7,339.0
2026,14,Spanish Grand Prix,R,VER,Red Bull Racing,26.0,2.0,HARD,12.0,98.074,29.879,35.352,32.843,217.0,248.0,224.0,275.0,1,True,True,True,False,2026-09-13 13:46:31.864,3.0,30.3,52.7,24.6,False,1.4,52.0
2026,14,Spanish Grand Prix,R,VER,Red Bull Racing,27.0,2.0,HARD,13.0,98.081,29.8,35.355,32.926,219.0,246.0,224.0,294.0,1,True,False,True,False,2026-09-13 13:48:09.938,3.0,30.4,53.0,25.0,False,4.1,286.0
2026,14,Spanish Grand Prix,R,VER,Red Bull Racing,28.0,2.0,HARD,14.0,98.678,29.926,35.578,33.174,216.0,240.0,224.0,293.0,1,True,False,True,False,2026-09-13 13:49:48.019,3.0,30.1,52.9,24.5,False,0.6,287.0
2026,14,Spanish Grand Prix,R,VER,Red Bull Racing,29.0,2.0,HARD,15.0,98.24,29.748,35.523,32.969,218.0,239.0,224.0,285.0,1,True,False,True,False,2026-09-13 13:51:26.697,3.0,30.1,53.1,24.0,False,0.4,245.0
2026,14,Spanish Grand Prix,R,VER,Red Bull Racing,30.0,2.0,HARD,16.0,98.25,29.832,35.481,32.937,213.0,245.0,225.0,289.0,1,True,False,True,False,2026-09-13 13:53:04.937,3.0,30.3,52.9,24.2,False,2.5,278.0
2026,14,Spanish Grand Prix,R,VER,Red Bull Racing,31.0,2.0,HARD,17.0,98.268,29.762,35.516,32.99,214.0,247.0,226.0,289.0,1,True,False,True,False,2026-09-13 13:54:43.187,3.0,30.1,53.2,24.5,False,1.8,12.0
2026,14,Spanish Grand Prix,R,VER,Red Bull Racing,32.0,2.0,HARD,18.0,97.91,29.811,35.236,32.863,216.0,250.0,224.0,285.0,1,True,True,True,False,2026-09-13 13:56:21.455,3.0,30.0,53.4,24.8,False,0.8,110.0
2026,14,Spanish Grand Prix,R,VER,Red Bull Racing,33.0,2.0,HARD,19.0,98.03,29.862,35.309,32.859,215.0,248.0,223.0,291.0,1,True,False,True,False,2026-09-13 13:57:59.365,3.0,30.1,53.5,24.8,False,0.5,334.0
2026,14,Spanish Grand Prix,R,VER,Red Bull Racing,34.0,2.0,HARD,20.0,97.568,29.756,35.076,32.736,218.0,243.0,225.0,293.0,1,True,True,True,False,2026-09-13 13:59:37.395,3.0,30.3,54.2,24.1,False,0.9,249.0
2026,14,Spanish Grand Prix,R,VER,Red Bull Racing,35.0,2.0,HARD,21.0,97.691,29.763,35.247,32.681,218.0,250.0,224.0,286.0,1,True,False,True,False,2026-09-13 14:01:14.963,3.0,30.4,54.3,23.5,False,0.9,276.0
2026,14,Spanish Grand Prix,R,VER,Red Bull Racing,36.0,2.0,HARD,22.0,97.691,29.725,35.166,32.8,217.0,248.0,223.0,292.0,1,True,False,True,False,2026-09-13 14:02:52.654,3.0,30.6,54.0,22.3,False,2.4,31.0
2026,14,Spanish Grand Prix,R,VER,Red Bull Racing,37.0,2.0,HARD,23.0,97.818,29.769,35.297,32.752,221.0,249.0,224.0,289.0,1,True,False,True,False,2026-09-13 14:04:30.345,3.0,30.6,53.3,22.0,False,0.7,207.0
2026,14,Spanish Grand Prix,R,VER,Red Bull Racing,38.0,2.0,HARD,24.0,97.512,29.7,35.052,32.76,219.0,250.0,224.0,295.0,1,True,True,True,False,2026-09-13 14:06:08.163,3.0,30.7,54.0,22.4,False,0.9,278.0
2026,14,Spanish Grand Prix,R,VER,Red Bull Racing,39.0,2.0,HARD,25.0,97.676,29.719,35.106,32.851,220.0,247.0,225.0,291.0,1,True,False,True,False,2026-09-13 14:07:45.675,3.0,30.3,53.6,23.3,False,1.6,51.0
2026,14,Spanish Grand Prix,R,VER,Red Bull Racing,40.0,2.0,HARD,26.0,97.419,29.608,35.001,32.81,222.0,250.0,223.0,292.0,1,True,True,True,False,2026-09-13 14:09:23.351,3.0,30.2,53.6,23.4,False,0.9,63.0
2026,14,Spanish Grand Prix,R,VER,Red Bull Racing,41.0,2.0,HARD,27.0,97.563,29.788,34.923,32.852,220.0,250.0,223.0,286.0,1,True,False,True,False,2026-09-13 14:11:00.770,3.0,30.1,53.8,23.0,False,0.6,312.0
2026,14,Spanish Grand Prix,R,VER,Red Bull Racing,42.0,2.0,HARD,28.0,97.377,29.596,34.906,32.875,220.0,250.0,226.0,292.0,1,True,True,True,False,2026-09-13 14:12:38.333,3.0,30.1,54.1,23.4,False,1.0,59.0
2026,14,Spanish Grand Prix,R,VER,Red Bull Racing,43.0,2.0,HARD,29.0,97.156,29.466,34.956,32.734,221.0,251.0,226.0,291.0,1,True,True,True,False,2026-09-13 14:14:15.710,3.0,30.3,53.9,22.9,False,1.8,66.0
2026,14,Spanish Grand Prix,R,VER,Red Bull Racing,44.0,2.0,HARD,30.0,97.077,29.505,34.913,32.659,220.0,253.0,228.0,296.0,1,True,True,True,False,2026-09-13 14:15:52.866,3.0,30.8,54.2,23.0,False,1.7,262.0
2026,14,Spanish Grand Prix,R,VER,Red Bull Racing,45.0,2.0,HARD,31.0,97.104,29.507,34.889,32.708,218.0,253.0,226.0,293.0,1,True,False,True,False,2026-09-13 14:17:29.943,3.0,30.8,54.0,22.0,False,3.1,276.0
2026,14,Spanish Grand Prix,R,VER,Red Bull Racing,46.0,2.0,HARD,32.0,97.317,29.477,35.05,32.79,221.0,251.0,225.0,295.0,1,True,False,True,False,2026-09-13 14:19:07.047,3.0,30.7,53.7,22.0,False,1.1,342.0
2026,14,Spanish Grand Prix,R,VER,Red Bull Racing,47.0,2.0,HARD,33.0,97.311,29.444,34.951,32.916,221.0,246.0,227.0,291.0,1,True,False,True,False,2026-09-13 14:20:44.364,3.0,30.7,53.8,21.5,False,0.8,75.0
2026,14,Spanish Grand Prix,R,VER,Red Bull Racing,48.0,2.0,HARD,34.0,97.66,29.45,35.166,33.044,222.0,248.0,225.0,292.0,1,True,False,True,False,2026-09-13 14:22:21.675,2.0,30.7,54.1,21.1,False,0.7,253.0
2026,14,Spanish Grand Prix,R,VER,Red Bull Racing,49.0,2.0,HARD,35.0,96.922,29.254,34.819,32.849,224.0,254.0,223.0,296.0,1,True,True,True,False,2026-09-13 14:23:59.335,2.0,30.9,53.2,21.8,False,1.5,304.0
2026,14,Spanish Grand Prix,R,VER,Red Bull Racing,50.0,2.0,HARD,36.0,96.934,29.547,34.707,32.68,221.0,253.0,224.0,293.0,1,True,False,True,False,2026-09-13 14:25:36.257,2.0,30.8,54.1,21.1,False,1.1,296.0
2026,14,Spanish Grand Prix,R,VER,Red Bull Racing,51.0,2.0,HARD,37.0,96.945,29.515,34.82,32.61,222.0,253.0,224.0,294.0,1,True,False,True,False,2026-09-13 14:27:13.191,2.0,30.9,53.9,20.5,False,1.0,143.0
2026,14,Spanish Grand Prix,R,VER,Red Bull Racing,52.0,2.0,HARD,38.0,96.76,29.453,34.694,32.613,222.0,254.0,224.0,300.0,1,True,True,True,False,2026-09-13 14:28:50.136,2.0,30.9,54.4,21.1,False,0.6,358.0
2026,14,Spanish Grand Prix,R,VER,Red Bull Racing,53.0,2.0,HARD,39.0,96.817,29.542,34.67,32.605,224.0,255.0,225.0,299.0,1,True,False,True,False,2026-09-13 14:30:26.896,2.0,30.8,54.7,21.9,False,0.0,0.0
2026,14,Spanish Grand Prix,R,VER,Red Bull Racing,54.0,2.0,HARD,40.0,96.824,29.669,34.495,32.66,223.0,254.0,224.0,300.0,1,True,False,True,False,2026-09-13 14:32:03.713,2.0,31.0,54.9,21.6,False,2.1,72.0
2026,14,Spanish Grand Prix,R,VER,Red Bull Racing,55.0,2.0,HARD,41.0,97.235,29.583,34.596,33.056,225.0,254.0,222.0,300.0,1,True,False,True,False,2026-09-13 14:33:40.537,2.0,30.9,54.1,22.8,False,1.8,69.0
2026,14,Spanish Grand Prix,R,VER,Red Bull Racing,56.0,2.0,HARD,42.0,97.837,30.489,34.874,32.474,220.0,255.0,225.0,298.0,1,True,False,True,False,2026-09-13 14:35:17.772,2.0,30.9,53.2,22.6,False,2.5,57.0
2026,14,Spanish Grand Prix,R,VER,Red Bull Racing,57.0,2.0,HARD,43.0,97.001,29.741,34.596,32.664,221.0,256.0,223.0,296.0,1,True,False,True,False,2026-09-13 14:36:55.609,2.0,30.9,54.0,23.1,False,0.3,107.0
2026,14,Spanish Grand Prix,R,LAW,Red Bull Racing,1.0,1.0,HARD,1.0,107.203,,37.796,34.431,191.0,229.0,223.0,228.0,12,True,False,False,False,2026-09-13 13:04:04.249,8.0,28.7,50.1,30.3,False,4.0,67.0
2026,14,Spanish Grand Prix,R,LAW,Red Bull Racing,2.0,1.0,HARD,2.0,102.589,30.835,37.643,34.111,199.0,238.0,223.0,279.0,1,True,True,True,False,2026-09-13 13:05:51.708,8.0,28.8,50.6,29.9,False,2.0,287.0
2026,14,Spanish Grand Prix,R,LAW,Red Bull Racing,3.0,1.0,HARD,3.0,102.163,30.805,37.132,34.226,200.0,237.0,222.0,273.0,1,True,True,True,False,2026-09-13 13:07:34.297,8.0,28.7,50.9,29.5,False,1.9,67.0
2026,14,Spanish Grand Prix,R,LAW,Red Bull Racing,4.0,1.0,HARD,4.0,101.81,30.699,36.921,34.19,204.0,239.0,219.0,273.0,1,True,True,True,False,2026-09-13 13:09:16.460,8.0,28.7,51.5,29.7,False,0.0,0.0
2026,14,Spanish Grand Prix,R,LAW,Red Bull Racing,5.0,1.0,HARD,5.0,103.455,30.997,37.851,34.607,191.0,235.0,215.0,271.0,12,True,False,True,False,2026-09-13 13:10:58.270,7.0,28.9,51.5,29.0,False,1.1,91.0
2026,14,Spanish Grand Prix,R,LAW,Red Bull Racing,6.0,1.0,HARD,6.0,102.191,30.921,37.242,34.028,203.0,241.0,221.0,269.0,1,True,False,True,False,2026-09-13 13:12:41.725,7.0,29.1,51.7,28.4,False,2.0,80.0
2026,14,Spanish Grand Prix,R,LAW,Red Bull Racing,7.0,1.0,HARD,7.0,102.065,30.737,36.92,34.408,202.0,235.0,215.0,258.0,1,True,False,True,False,2026-09-13 13:14:23.916,7.0,29.1,50.8,28.3,False,3.1,43.0
2026,14,Spanish Grand Prix,R,LAW,Red Bull Racing,8.0,1.0,HARD,8.0,101.959,30.779,37.17,34.01,203.0,241.0,219.0,279.0,1,True,False,True,False,2026-09-13 13:16:05.981,7.0,28.9,51.5,28.8,False,2.2,69.0
2026,14,Spanish Grand Prix,R,LAW,Red Bull Racing,9.0,1.0,HARD,9.0,102.268,30.794,37.249,34.225,203.0,238.0,222.0,276.0,1,True,False,True,False,2026-09-13 13:17:47.940,7.0,29.0,51.7,28.7,False,1.7,61.0
2026,14,Spanish Grand Prix,R,LAW,Red Bull Racing,10.0,1.0,HARD,10.0,101.592,31.199,36.823,33.57,203.0,240.0,223.0,300.0,1,True,True,True,False,2026-09-13 13:19:30.208,6.0,29.1,51.8,28.5,False,1.4,51.0
2026,14,Spanish Grand Prix,R,LAW,Red Bull Racing,11.0,1.0,HARD,11.0,100.395,30.66,36.205,33.53,210.0,243.0,224.0,278.0,1,True,True,True,False,2026-09-13 13:21:11.800,6.0,29.4,52.1,28.6,False,3.5,290.0
2026,14,Spanish Grand Prix,R,LAW,Red Bull Racing,12.0,1.0,HARD,12.0,100.558,30.584,36.268,33.706,206.0,243.0,223.0,279.0,1,True,False,True,False,2026-09-13 13:22:52.195,6.0,29.6,51.8,27.4,False,0.4,91.0
2026,14,Spanish Grand Prix,R,LAW,Red Bull Racing,13.0,1.0,HARD,13.0,100.105,30.531,36.101,33.473,208.0,242.0,222.0,286.0,1,True,True,True,False,2026-09-13 13:24:32.753,6.0,29.7,52.1,27.9,False,1.0,277.0
2026,14,Spanish Grand Prix,R,LAW,Red Bull Racing,14.0,1.0,HARD,14.0,119.201,30.513,36.404,52.284,211.0,216.0,148.0,286.0,126,True,False,False,False,2026-09-13 13:26:12.858,6.0,29.9,51.6,27.0,False,0.5,207.0
2026,14,Spanish Grand Prix,R,LAW,Red Bull Racing,15.0,1.0,HARD,15.0,125.02,46.587,45.321,33.112,172.0,240.0,223.0,114.0,671,True,False,False,False,2026-09-13 13:28:12.059,6.0,29.8,50.8,27.0,False,0.8,331.0
2026,14,Spanish Grand Prix,R,LAW,Red Bull Racing,16.0,1.0,HARD,16.0,100.213,30.38,36.193,33.64,205.0,244.0,220.0,281.0,1,True,False,True,False,2026-09-13 13:30:17.079,6.0,29.8,52.5,27.0,False,0.0,0.0
2026,14,Spanish Grand Prix,R,LAW,Red Bull Racing,17.0,1.0,HARD,17.0,100.007,30.406,36.156,33.445,206.0,244.0,222.0,284.0,1,True,True,True,False,2026-09-13 13:31:57.292,6.0,29.8,52.6,26.0,False,2.4,91.0
2026,14,Spanish Grand Prix,R,LAW,Red Bull Racing,18.0,1.0,HARD,18.0,99.829,30.333,35.948,33.548,213.0,247.0,222.0,286.0,1,True,True,True,False,2026-09-13 13:33:37.299,6.0,29.9,52.3,25.4,False,3.3,47.0
2026,14,Spanish Grand Prix,R,LAW,Red Bull Racing,19.0,1.0,HARD,19.0,99.152,30.147,35.677,33.328,215.0,250.0,224.0,289.0,1,True,True,True,False,2026-09-13 13:35:17.128,6.0,29.9,51.7,24.9,False,1.2,49.0
2026,14,Spanish Grand Prix,R,LAW,Red Bull Racing,20.0,1.0,HARD,20.0,99.354,30.313,35.658,33.383,211.0,244.0,223.0,286.0,1,True,False,True,False,2026-09-13 13:36:56.280,6.0,30.0,52.7,25.0,False,3.6,308.0
2026,14,Spanish Grand Prix,R,LAW,Red Bull Racing,21.0,1.0,HARD,21.0,99.52,30.308,35.79,33.422,213.0,244.0,224.0,284.0,1,True,False,True,False,2026-09-13 13:38:35.634,6.0,30.0,52.8,24.7,False,0.4,352.0
2026,14,Spanish Grand Prix,R,LAW,Red Bull Racing,22.0,1.0,HARD,22.0,99.338,30.205,35.733,33.4,216.0,246.0,224.0,283.0,1,True,False,True,False,2026-09-13 13:40:15.154,6.0,29.9,52.3,24.8,False,1.5,316.0
2026,14,Spanish Grand Prix,R,LAW,Red Bull Racing,23.0,1.0,HARD,23.0,98.944,30.253,35.542,33.149,213.0,247.0,224.0,288.0,1,True,True,True,False,2026-09-13 13:41:54.492,6.0,30.1,52.3,24.1,False,2.8,59.0
2026,14,Spanish Grand Prix,R,LAW,Red Bull Racing,24.0,1.0,HARD,24.0,99.066,30.275,35.652,33.139,215.0,246.0,224.0,286.0,1,True,False,True,False,2026-09-13 13:43:33.436,6.0,30.1,52.7,24.3,False,1.4,276.0
2026,14,Spanish Grand Prix,R,LAW,Red Bull Racing,25.0,1.0,HARD,25.0,99.928,30.472,36.053,33.403,211.0,249.0,225.0,290.0,1,True,False,True,False,2026-09-13 13:45:12.502,6.0,30.2,52.8,24.7,False,2.7,339.0
2026,14,Spanish Grand Prix,R,LAW,Red Bull Racing,26.0,1.0,HARD,26.0,99.271,30.18,35.786,33.305,211.0,248.0,225.0,291.0,1,True,False,True,False,2026-09-13 13:46:52.430,6.0,30.2,52.9,24.7,False,0.8,289.0
2026,14,Spanish Grand Prix,R,LAW,Red Bull Racing,27.0,1.0,HARD,27.0,99.4,30.246,35.665,33.489,213.0,247.0,224.0,292.0,1,True,False,True,False,2026-09-13 13:48:31.701,6.0,30.4,53.0,25.0,False,4.1,286.0
2026,14,Spanish Grand Prix,R,LAW,Red Bull Racing,28.0,1.0,HARD,28.0,99.352,30.271,35.553,33.528,214.0,247.0,224.0,289.0,1,True,False,True,False,2026-09-13 13:50:11.101,6.0,30.1,52.9,24.5,False,0.6,287.0
2026,14,Spanish Grand Prix,R,LAW,Red Bull Racing,29.0,1.0,HARD,29.0,99.742,30.182,35.718,33.842,211.0,245.0,224.0,288.0,1,True,False,True,False,2026-09-13 13:51:50.453,5.0,30.2,53.3,24.3,False,1.4,283.0
2026,14,Spanish Grand Prix,R,LAW,Red Bull Racing,30.0,1.0,HARD,30.0,98.883,30.279,35.39,33.214,216.0,247.0,225.0,289.0,1,True,True,True,False,2026-09-13 13:53:30.195,5.0,30.3,52.9,24.2,False,2.5,278.0
2026,14,Spanish Grand Prix,R,LAW,Red Bull Racing,31.0,1.0,HARD,31.0,99.182,30.3,35.401,33.481,218.0,249.0,223.0,287.0,1,True,False,True,False,2026-09-13 13:55:09.078,5.0,30.1,53.2,24.5,False,1.8,12.0
2026,14,Spanish Grand Prix,R,LAW,Red Bull Racing,32.0,1.0,HARD,32.0,99.273,30.642,35.308,33.323,217.0,246.0,225.0,292.0,1,True,False,True,False,2026-09-13 13:56:48.260,5.0,30.0,53.3,24.7,False,1.3,276.0
2026,14,Spanish Grand Prix,R,LAW,Red Bull Racing,33.0,1.0,HARD,33.0,98.575,30.191,35.302,33.082,218.0,249.0,224.0,292.0,1,True,True,True,False,2026-09-13 13:58:27.533,5.0,30.1,53.5,24.8,False,0.5,334.0
2026,14,Spanish Grand Prix,R,LAW,Red Bull Racing,34.0,1.0,HARD,34.0,98.465,30.11,35.174,33.181,215.0,250.0,224.0,290.0,1,True,True,True,False,2026-09-13 14:00:06.108,5.0,30.3,54.2,24.1,False,0.9,249.0
2026,14,Spanish Grand Prix,R,LAW,Red Bull Racing,35.0,1.0,HARD,35.0,102.529,31.725,37.205,33.599,187.0,238.0,223.0,286.0,1,True,False,True,False,2026-09-13 14:01:44.573,6.0,30.5,54.5,23.3,False,0.0,0.0
2026,14,Spanish Grand Prix,R,LAW,Red Bull Racing,36.0,1.0,HARD,36.0,98.941,30.385,35.239,33.317,208.0,247.0,224.0,285.0,1,True,False,True,False,2026-09-13 14:03:27.102,6.0,30.6,54.0,22.3,False,2.4,31.0
2026,14,Spanish Grand Prix,R,LAW,Red Bull Racing,37.0,1.0,HARD,37.0,99.085,30.216,35.341,33.528,217.0,249.0,224.0,295.0,1,True,False,True,False,2026-09-13 14:05:06.043,6.0,30.6,53.6,22.9,False,1.5,295.0
2026,14,Spanish Grand Prix,R,LAW,Red Bull Racing,38.0,1.0,HARD,38.0,98.745,30.14,35.414,33.191,215.0,247.0,224.0,287.0,1,True,False,True,False,2026-09-13 14:06:45.128,6.0,30.5,53.6,22.6,False,0.7,52.0
2026,14,Spanish Grand Prix,R,LAW,Red Bull Racing,39.0,1.0,HARD,39.0,98.761,30.148,35.199,33.414,223.0,246.0,224.0,289.0,1,True,False,True,False,2026-09-13 14:08:23.873,6.0,30.3,53.6,23.3,False,1.6,51.0
2026,14,Spanish Grand Prix,R,LAW,Red Bull Racing,40.0,1.0,HARD,40.0,98.698,30.141,35.354,33.203,219.0,249.0,222.0,288.0,1,True,False,True,False,2026-09-13 14:10:02.634,6.0,30.1,53.9,23.6,False,2.0,253.0
2026,14,Spanish Grand Prix,R,LAW,Red Bull Racing,41.0,1.0,HARD,41.0,98.667,30.175,35.335,33.157,218.0,250.0,224.0,294.0,1,True,False,True,False,2026-09-13 14:11:41.332,6.0,30.0,54.0,23.6,False,0.9,64.0
2026,14,Spanish Grand Prix,R,LAW,Red Bull Racing,42.0,1.0,HARD,42.0,98.885,30.192,35.225,33.468,217.0,249.0,223.0,293.0,1,True,False,True,False,2026-09-13 14:13:19.999,6.0,30.1,54.1,23.4,False,1.0,59.0
2026,14,Spanish Grand Prix,R,LAW,Red Bull Racing,43.0,1.0,HARD,43.0,98.506,29.988,35.268,33.25,218.0,249.0,224.0,296.0,1,True,False,True,False,2026-09-13 14:14:58.884,6.0,30.5,53.7,22.9,False,0.3,329.0
2026,14,Spanish Grand Prix,R,LAW,Red Bull Racing,44.0,1.0,HARD,44.0,101.585,30.121,35.097,36.367,220.0,253.0,,292.0,1,True,False,False,False,2026-09-13 14:16:37.390,6.0,30.8,54.0,22.0,False,3.1,276.0
2026,14,Spanish Grand Prix,R,LAW,Red Bull Racing,45.0,2.0,MEDIUM,1.0,121.703,53.022,35.863,32.818,211.0,249.0,227.0,260.0,1,True,False,False,False,2026-09-13 14:18:18.975,7.0,30.7,53.5,22.3,False,3.4,285.0
2026,14,Spanish Grand Prix,R,LAW,Red Bull Racing,46.0,2.0,MEDIUM,2.0,97.939,29.915,35.563,32.461,217.0,249.0,229.0,288.0,1,True,True,True,False,2026-09-13 14:20:20.678,7.0,30.7,53.5,22.0,False,0.0,0.0
2026,14,Spanish Grand Prix,R,LAW,Red Bull Racing,47.0,2.0,MEDIUM,3.0,97.201,29.896,34.846,32.459,219.0,252.0,226.0,288.0,1,True,True,True,False,2026-09-13 14:21:58.617,7.0,30.7,54.1,21.1,False,0.7,253.0
2026,14,Spanish Grand Prix,R,LAW,Red Bull Racing,48.0,2.0,MEDIUM,4.0,97.231,30.074,34.86,32.297,214.0,250.0,227.0,286.0,1,True,False,True,False,2026-09-13 14:23:35.818,7.0,30.9,53.2,21.8,False,1.5,304.0
2026,14,Spanish Grand Prix,R,LAW,Red Bull Racing,49.0,2.0,MEDIUM,5.0,96.846,29.666,34.686,32.494,215.0,250.0,227.0,290.0,1,True,True,True,False,2026-09-13 14:25:13.049,7.0,30.9,53.6,21.2,False,3.7,292.0
2026,14,Spanish Grand Prix,R,LAW,Red Bull Racing,50.0,2.0,MEDIUM,6.0,97.398,29.836,35.064,32.498,214.0,246.0,228.0,287.0,1,True,False,True,False,2026-09-13 14:26:49.895,7.0,30.9,53.9,20.5,False,1.0,143.0
2026,14,Spanish Grand Prix,R,LAW,Red Bull Racing,51.0,2.0,MEDIUM,7.0,97.625,29.8,35.013,32.812,218.0,251.0,226.0,296.0,1,True,False,True,False,2026-09-13 14:28:27.293,7.0,30.8,53.0,20.8,False,0.9,179.0
2026,14,Spanish Grand Prix,R,LAW,Red Bull Racing,52.0,2.0,MEDIUM,8.0,98.427,29.949,35.18,33.298,218.0,245.0,228.0,295.0,1,True,False,True,False,2026-09-13 14:30:04.918,7.0,30.8,54.7,21.9,False,0.0,0.0
2026,14,Spanish Grand Prix,R,LAW,Red Bull Racing,53.0,2.0,MEDIUM,9.0,99.321,30.15,35.431,33.74,216.0,251.0,227.0,288.0,1,True,False,True,False,2026-09-13 14:31:43.345,7.0,31.0,54.9,21.6,False,2.1,72.0
2026,14,Spanish Grand Prix,R,LAW,Red Bull Racing,54.0,2.0,MEDIUM,10.0,99.743,30.569,35.592,33.582,208.0,242.0,224.0,279.0,1,True,False,True,False,2026-09-13 14:33:22.666,6.0,31.0,54.1,22.3,False,1.4,94.0
2026,14,Spanish Grand Prix,R,LAW,Red Bull Racing,55.0,2.0,MEDIUM,11.0,97.456,30.057,34.744,32.655,218.0,251.0,225.0,292.0,1,True,False,True,False,2026-09-13 14:35:02.409,6.0,30.9,53.2,22.6,False,2.5,57.0
2026,14,Spanish Grand Prix,R,LAW,Red Bull Racing,56.0,2.0,MEDIUM,12.0,97.288,29.985,34.863,32.44,220.0,251.0,226.0,289.0,1,True,False,True,False,2026-09-13 14:36:39.865,6.0,30.9,54.0,23.1,False,0.3,107.0
2026,14,Spanish Grand Prix,R,LAW,Red Bull Racing,57.0,2.0,MEDIUM,13.0,97.852,29.899,34.675,33.278,223.0,252.0,222.0,292.0,1,True,False,True,False,2026-09-13 14:38:17.153,6.0,30.8,54.2,23.1,False,0.8,349.0
2026,14,Spanish Grand Prix,R,OCO,Haas F1 Team,1.0,1.0,MEDIUM,1.0,108.737,,38.487,34.548,187.0,227.0,220.0,227.0,12,True,False,False,False,2026-09-13 13:04:04.249,11.0,28.7,50.1,30.3,False,4.0,67.0
2026,14,Spanish Grand Prix,R,OCO,Haas F1 Team,2.0,1.0,MEDIUM,2.0,103.205,31.1,37.715,34.39,194.0,227.0,219.0,254.0,1,True,True,True,False,2026-09-13 13:05:53.242,11.0,28.8,50.6,29.9,False,2.0,287.0
2026,14,Spanish Grand Prix,R,OCO,Haas F1 Team,3.0,1.0,MEDIUM,3.0,102.608,30.675,37.739,34.194,202.0,232.0,220.0,261.0,1,True,True,True,False,2026-09-13 13:07:36.447,11.0,28.7,50.9,29.5,False,1.9,67.0
2026,14,Spanish Grand Prix,R,OCO,Haas F1 Team,4.0,1.0,MEDIUM,4.0,102.596,30.591,37.867,34.138,206.0,239.0,220.0,270.0,1,True,True,True,False,2026-09-13 13:09:19.055,11.0,28.7,51.5,29.7,False,0.0,0.0
2026,14,Spanish Grand Prix,R,OCO,Haas F1 Team,5.0,1.0,MEDIUM,5.0,103.433,30.831,37.489,35.113,206.0,236.0,221.0,266.0,12,True,False,True,False,2026-09-13 13:11:01.651,11.0,28.9,51.5,29.0,False,1.1,91.0
2026,14,Spanish Grand Prix,R,OCO,Haas F1 Team,6.0,1.0,MEDIUM,6.0,102.478,31.151,37.351,33.976,214.0,240.0,220.0,273.0,1,True,True,True,False,2026-09-13 13:12:45.084,10.0,29.1,51.7,28.4,False,2.0,80.0
2026,14,Spanish Grand Prix,R,OCO,Haas F1 Team,7.0,1.0,MEDIUM,7.0,102.118,30.915,37.374,33.829,216.0,239.0,218.0,248.0,1,True,True,True,False,2026-09-13 13:14:27.562,10.0,29.1,50.8,28.3,False,3.1,43.0
2026,14,Spanish Grand Prix,R,OCO,Haas F1 Team,8.0,1.0,MEDIUM,8.0,102.096,30.747,37.335,34.014,210.0,240.0,219.0,275.0,1,True,True,True,False,2026-09-13 13:16:09.680,10.0,28.9,51.5,28.8,False,2.2,69.0
2026,14,Spanish Grand Prix,R,OCO,Haas F1 Team,9.0,1.0,MEDIUM,9.0,102.143,30.64,37.47,34.033,216.0,240.0,218.0,285.0,1,True,False,True,False,2026-09-13 13:17:51.776,10.0,29.0,51.7,28.7,False,1.7,61.0
2026,14,Spanish Grand Prix,R,OCO,Haas F1 Team,10.0,1.0,MEDIUM,10.0,102.457,30.84,37.558,34.059,213.0,239.0,220.0,290.0,1,True,False,True,False,2026-09-13 13:19:33.919,10.0,29.1,51.8,28.5,False,1.4,51.0
2026,14,Spanish Grand Prix,R,OCO,Haas F1 Team,11.0,1.0,MEDIUM,11.0,102.574,30.722,37.617,34.235,206.0,240.0,219.0,262.0,1,True,False,True,False,2026-09-13 13:21:16.376,10.0,29.4,52.1,28.6,False,3.5,290.0
2026,14,Spanish Grand Prix,R,OCO,Haas F1 Team,12.0,1.0,MEDIUM,12.0,102.612,30.828,37.352,34.432,217.0,236.0,219.0,264.0,1,True,False,True,False,2026-09-13 13:22:58.950,10.0,29.6,51.8,27.4,False,0.4,91.0
2026,14,Spanish Grand Prix,R,OCO,Haas F1 Team,13.0,1.0,MEDIUM,13.0,102.623,30.885,37.447,34.291,214.0,239.0,217.0,260.0,1,True,False,True,False,2026-09-13 13:24:41.562,10.0,29.8,52.5,27.4,False,1.0,328.0
2026,14,Spanish Grand Prix,R,OCO,Haas F1 Team,14.0,1.0,MEDIUM,14.0,124.784,30.837,45.336,48.611,208.0,177.0,,268.0,126,True,False,False,False,2026-09-13 13:26:24.185,10.0,29.9,51.6,27.0,False,0.5,207.0
2026,14,Spanish Grand Prix,R,OCO,Haas F1 Team,15.0,2.0,HARD,1.0,133.727,61.703,38.321,33.703,144.0,239.0,224.0,143.0,671,True,False,False,False,2026-09-13 13:28:28.969,13.0,29.8,50.8,27.0,False,0.8,331.0
2026,14,Spanish Grand Prix,R,OCO,Haas F1 Team,16.0,2.0,HARD,2.0,100.848,30.195,37.007,33.646,211.0,237.0,221.0,278.0,1,True,True,True,False,2026-09-13 13:30:42.696,13.0,29.8,52.7,26.8,False,1.1,120.0
2026,14,Spanish Grand Prix,R,OCO,Haas F1 Team,17.0,2.0,HARD,3.0,100.544,30.314,36.679,33.551,217.0,239.0,221.0,275.0,1,True,True,True,False,2026-09-13 13:32:23.544,13.0,29.8,52.6,26.0,False,2.4,91.0
2026,14,Spanish Grand Prix,R,OCO,Haas F1 Team,18.0,2.0,HARD,4.0,100.872,30.411,36.859,33.602,215.0,244.0,222.0,282.0,1,True,False,True,False,2026-09-13 13:34:04.088,13.0,29.9,52.3,25.4,False,3.3,47.0
2026,14,Spanish Grand Prix,R,OCO,Haas F1 Team,19.0,2.0,HARD,5.0,100.584,30.238,36.693,33.653,221.0,243.0,221.0,276.0,1,True,False,True,False,2026-09-13 13:35:44.960,13.0,29.8,52.3,24.7,False,0.9,97.0
2026,14,Spanish Grand Prix,R,OCO,Haas F1 Team,20.0,2.0,HARD,6.0,100.644,30.24,36.706,33.698,218.0,243.0,221.0,292.0,1,True,False,True,False,2026-09-13 13:37:25.544,13.0,30.0,52.7,25.0,False,3.6,308.0
2026,14,Spanish Grand Prix,R,OCO,Haas F1 Team,21.0,2.0,HARD,7.0,100.904,30.373,36.81,33.721,222.0,241.0,221.0,282.0,1,True,False,True,False,2026-09-13 13:39:06.188,13.0,30.0,52.8,24.7,False,0.4,352.0
2026,14,Spanish Grand Prix,R,OCO,Haas F1 Team,22.0,2.0,HARD,8.0,100.732,30.181,36.876,33.675,219.0,242.0,220.0,274.0,1,True,False,True,False,2026-09-13 13:40:47.092,13.0,30.0,52.6,24.4,False,2.8,294.0
2026,14,Spanish Grand Prix,R,OCO,Haas F1 Team,23.0,2.0,HARD,9.0,100.47,30.433,36.613,33.424,219.0,242.0,222.0,280.0,1,True,True,True,False,2026-09-13 13:42:27.824,13.0,30.1,52.3,24.1,False,2.8,59.0
2026,14,Spanish Grand Prix,R,OCO,Haas F1 Team,24.0,2.0,HARD,10.0,100.648,30.385,36.74,33.523,222.0,243.0,221.0,280.0,1,True,False,True,False,2026-09-13 13:44:08.294,13.0,30.3,52.8,24.2,False,1.4,316.0
2026,14,Spanish Grand Prix,R,OCO,Haas F1 Team,25.0,2.0,HARD,11.0,100.676,30.341,36.806,33.529,217.0,242.0,222.0,281.0,1,True,False,True,False,2026-09-13 13:45:48.942,13.0,30.3,52.7,24.6,False,1.4,52.0
2026,14,Spanish Grand Prix,R,OCO,Haas F1 Team,26.0,2.0,HARD,12.0,100.289,30.368,36.395,33.526,218.0,243.0,220.0,279.0,1,True,True,True,False,2026-09-13 13:47:29.618,13.0,30.2,52.9,24.7,False,0.8,289.0
2026,14,Spanish Grand Prix,R,OCO,Haas F1 Team,27.0,2.0,HARD,13.0,100.016,30.237,36.444,33.335,221.0,243.0,222.0,286.0,1,True,True,True,False,2026-09-13 13:49:09.907,13.0,30.3,52.7,24.2,False,2.6,279.0
2026,14,Spanish Grand Prix,R,OCO,Haas F1 Team,28.0,2.0,HARD,14.0,100.006,30.259,36.425,33.322,222.0,243.0,219.0,288.0,1,True,True,True,False,2026-09-13 13:50:49.923,13.0,30.1,53.1,24.0,False,0.4,245.0
2026,14,Spanish Grand Prix,R,OCO,Haas F1 Team,29.0,2.0,HARD,15.0,99.677,30.287,36.227,33.163,222.0,244.0,222.0,296.0,1,True,True,True,False,2026-09-13 13:52:29.929,13.0,30.2,53.3,24.3,False,1.4,283.0
2026,14,Spanish Grand Prix,R,OCO,Haas F1 Team,30.0,2.0,HARD,16.0,99.369,30.202,35.961,33.206,223.0,244.0,223.0,294.0,1,True,True,True,False,2026-09-13 13:54:09.606,13.0,30.1,53.1,24.0,False,1.4,279.0
2026,14,Spanish Grand Prix,R,OCO,Haas F1 Team,31.0,2.0,HARD,17.0,99.547,30.225,35.925,33.397,222.0,244.0,222.0,294.0,1,True,False,True,False,2026-09-13 13:55:48.975,13.0,30.0,53.4,24.8,False,0.8,110.0
2026,14,Spanish Grand Prix,R,OCO,Haas F1 Team,32.0,2.0,HARD,18.0,99.696,30.423,36.047,33.226,219.0,244.0,221.0,293.0,1,True,False,True,False,2026-09-13 13:57:28.522,13.0,30.0,53.3,24.7,False,1.3,276.0
2026,14,Spanish Grand Prix,R,OCO,Haas F1 Team,33.0,2.0,HARD,19.0,99.292,30.219,35.786,33.287,223.0,244.0,222.0,298.0,1,True,True,True,False,2026-09-13 13:59:08.218,13.0,30.2,53.7,24.5,False,1.0,280.0
2026,14,Spanish Grand Prix,R,OCO,Haas F1 Team,34.0,2.0,HARD,20.0,99.069,30.208,35.849,33.012,223.0,243.0,221.0,292.0,1,True,True,True,False,2026-09-13 14:00:47.510,13.0,30.4,54.3,23.5,False,0.9,276.0
2026,14,Spanish Grand Prix,R,OCO,Haas F1 Team,35.0,2.0,HARD,21.0,98.805,30.076,35.68,33.049,221.0,244.0,222.0,298.0,1,True,True,True,False,2026-09-13 14:02:26.579,13.0,30.5,54.5,23.3,False,0.0,0.0
2026,14,Spanish Grand Prix,R,OCO,Haas F1 Team,36.0,2.0,HARD,22.0,98.606,30.06,35.643,32.903,223.0,244.0,223.0,299.0,1,True,True,True,False,2026-09-13 14:04:05.384,13.0,30.6,53.3,22.0,False,0.7,207.0
2026,14,Spanish Grand Prix,R,OCO,Haas F1 Team,37.0,2.0,HARD,23.0,98.68,30.117,35.604,32.959,226.0,245.0,221.0,294.0,1,True,False,True,False,2026-09-13 14:05:43.990,13.0,30.7,54.0,22.4,False,0.9,278.0
2026,14,Spanish Grand Prix,R,OCO,Haas F1 Team,38.0,2.0,HARD,24.0,98.603,30.091,35.528,32.984,223.0,245.0,222.0,289.0,1,True,True,True,False,2026-09-13 14:07:22.670,13.0,30.5,53.6,22.6,False,0.7,52.0
2026,14,Spanish Grand Prix,R,OCO,Haas F1 Team,39.0,2.0,HARD,25.0,98.935,30.091,35.671,33.173,227.0,246.0,221.0,293.0,1,True,False,True,False,2026-09-13 14:09:01.273,13.0,30.2,53.6,23.4,False,0.9,63.0
2026,14,Spanish Grand Prix,R,OCO,Haas F1 Team,40.0,2.0,HARD,26.0,98.585,29.904,35.59,33.091,224.0,246.0,223.0,295.0,1,True,True,True,False,2026-09-13 14:10:40.208,13.0,30.1,53.8,23.0,False,0.6,312.0
2026,14,Spanish Grand Prix,R,OCO,Haas F1 Team,41.0,2.0,HARD,27.0,98.65,29.983,35.543,33.124,226.0,247.0,222.0,298.0,1,True,False,True,False,2026-09-13 14:12:18.793,13.0,30.0,54.0,23.6,False,0.9,64.0
2026,14,Spanish Grand Prix,R,OCO,Haas F1 Team,42.0,2.0,HARD,28.0,98.885,29.969,35.563,33.353,223.0,247.0,222.0,297.0,1,True,False,True,False,2026-09-13 14:13:57.443,13.0,30.3,53.9,22.9,False,1.8,66.0
2026,14,Spanish Grand Prix,R,OCO,Haas F1 Team,43.0,2.0,HARD,29.0,99.041,30.073,35.762,33.206,222.0,246.0,222.0,296.0,1,True,False,True,False,2026-09-13 14:15:36.328,13.0,30.8,54.2,23.0,False,1.7,262.0
2026,14,Spanish Grand Prix,R,OCO,Haas F1 Team,44.0,2.0,HARD,30.0,99.175,30.074,36.085,33.016,223.0,246.0,224.0,284.0,1,True,False,True,False,2026-09-13 14:17:15.369,13.0,30.8,54.0,22.0,False,3.1,276.0
2026,14,Spanish Grand Prix,R,OCO,Haas F1 Team,45.0,2.0,HARD,31.0,98.429,30.073,35.419,32.937,227.0,247.0,222.0,296.0,1,True,True,True,False,2026-09-13 14:18:54.544,13.0,30.7,53.7,22.0,False,1.1,342.0
2026,14,Spanish Grand Prix,R,OCO,Haas F1 Team,46.0,2.0,HARD,32.0,98.485,29.965,35.402,33.118,225.0,247.0,223.0,298.0,1,True,False,True,False,2026-09-13 14:20:32.973,13.0,30.7,53.5,22.0,False,0.0,0.0
2026,14,Spanish Grand Prix,R,OCO,Haas F1 Team,47.0,2.0,HARD,33.0,98.661,29.912,35.537,33.212,226.0,247.0,223.0,292.0,1,True,False,True,False,2026-09-13 14:22:11.458,13.0,30.7,54.1,21.1,False,0.7,253.0
2026,14,Spanish Grand Prix,R,OCO,Haas F1 Team,48.0,2.0,HARD,34.0,98.265,29.835,35.456,32.974,222.0,247.0,222.0,301.0,1,True,True,True,False,2026-09-13 14:23:50.119,12.0,30.9,53.2,21.8,False,1.5,304.0
2026,14,Spanish Grand Prix,R,OCO,Haas F1 Team,49.0,2.0,HARD,35.0,98.119,29.781,35.213,33.125,224.0,246.0,223.0,299.0,1,True,True,True,False,2026-09-13 14:25:28.384,12.0,30.9,53.6,21.2,False,3.7,292.0
2026,14,Spanish Grand Prix,R,OCO,Haas F1 Team,50.0,2.0,HARD,36.0,98.769,30.174,35.521,33.074,220.0,245.0,223.0,302.0,1,True,False,True,False,2026-09-13 14:27:06.503,12.0,30.9,53.9,20.5,False,1.0,143.0
2026,14,Spanish Grand Prix,R,OCO,Haas F1 Team,51.0,2.0,HARD,37.0,100.242,29.966,35.529,34.747,224.0,246.0,224.0,298.0,1,True,False,True,False,2026-09-13 14:28:45.272,12.0,30.9,54.4,21.1,False,0.6,358.0
2026,14,Spanish Grand Prix,R,OCO,Haas F1 Team,52.0,2.0,HARD,38.0,101.627,30.136,38.262,33.229,220.0,246.0,223.0,301.0,1,True,False,True,False,2026-09-13 14:30:25.514,12.0,30.8,54.7,21.9,False,0.0,0.0
2026,14,Spanish Grand Prix,R,OCO,Haas F1 Team,53.0,2.0,HARD,39.0,99.245,30.202,35.856,33.187,217.0,246.0,222.0,296.0,1,True,False,True,False,2026-09-13 14:32:07.141,12.0,31.0,54.9,21.6,False,2.1,72.0
2026,14,Spanish Grand Prix,R,OCO,Haas F1 Team,54.0,2.0,HARD,40.0,98.727,30.201,35.417,33.109,223.0,246.0,223.0,291.0,1,True,False,True,False,2026-09-13 14:33:46.386,12.0,30.9,54.1,22.8,False,1.8,69.0
2026,14,Spanish Grand Prix,R,OCO,Haas F1 Team,55.0,2.0,HARD,41.0,99.115,30.111,35.649,33.355,223.0,246.0,222.0,296.0,1,True,False,True,False,2026-09-13 14:35:25.113,12.0,30.9,53.2,22.6,False,2.5,57.0
2026,14,Spanish Grand Prix,R,OCO,Haas F1 Team,56.0,2.0,HARD,42.0,99.174,30.092,35.764,33.318,227.0,247.0,220.0,299.0,1,True,False,True,False,2026-09-13 14:37:04.228,11.0,30.9,54.0,23.1,False,0.3,107.0
2026,14,Spanish Grand Prix,R,LIN,Racing Bulls,1.0,1.0,MEDIUM,1.0,107.741,,37.854,34.533,196.0,228.0,221.0,240.0,12,True,False,False,False,2026-09-13 13:04:04.249,9.0,28.7,50.1,30.3,False,4.0,67.0
2026,14,Spanish Grand Prix,R,LIN,Racing Bulls,2.0,1.0,MEDIUM,2.0,102.867,30.834,37.844,34.189,197.0,240.0,220.0,256.0,1,True,True,True,False,2026-09-13 13:05:52.246,9.0,28.8,50.6,29.9,False,2.0,287.0
2026,14,Spanish Grand Prix,R,LIN,Racing Bulls,3.0,1.0,MEDIUM,3.0,102.231,30.751,37.223,34.257,206.0,238.0,218.0,275.0,1,True,True,True,False,2026-09-13 13:07:35.113,9.0,28.7,50.9,29.5,False,1.9,67.0
2026,14,Spanish Grand Prix,R,LIN,Racing Bulls,4.0,1.0,MEDIUM,4.0,102.426,31.245,37.172,34.009,209.0,240.0,219.0,275.0,1,True,False,True,False,2026-09-13 13:09:17.344,9.0,28.7,51.5,29.7,False,0.0,0.0
2026,14,Spanish Grand Prix,R,LIN,Racing Bulls,5.0,1.0,MEDIUM,5.0,103.081,30.894,37.69,34.497,207.0,238.0,218.0,285.0,12,True,False,True,False,2026-09-13 13:10:59.770,8.0,28.9,51.5,29.0,False,1.1,91.0
2026,14,Spanish Grand Prix,R,LIN,Racing Bulls,6.0,1.0,MEDIUM,6.0,102.135,30.901,37.183,34.051,212.0,244.0,216.0,259.0,1,True,True,True,False,2026-09-13 13:12:42.851,8.0,29.1,51.7,28.4,False,2.0,80.0
2026,14,Spanish Grand Prix,R,LIN,Racing Bulls,7.0,1.0,MEDIUM,7.0,102.032,30.822,37.271,33.939,208.0,238.0,218.0,263.0,1,True,True,True,False,2026-09-13 13:14:24.986,8.0,29.1,50.8,28.3,False,3.1,43.0
2026,14,Spanish Grand Prix,R,LIN,Racing Bulls,8.0,1.0,MEDIUM,8.0,101.981,30.928,37.061,33.992,211.0,240.0,218.0,262.0,1,True,True,True,False,2026-09-13 13:16:07.018,8.0,28.9,51.5,28.8,False,2.2,69.0
2026,14,Spanish Grand Prix,R,LIN,Racing Bulls,9.0,1.0,MEDIUM,9.0,102.319,30.813,37.356,34.15,211.0,230.0,218.0,260.0,1,True,False,True,False,2026-09-13 13:17:48.999,8.0,29.0,51.7,28.7,False,1.7,61.0
2026,14,Spanish Grand Prix,R,LIN,Racing Bulls,10.0,1.0,MEDIUM,10.0,103.253,31.119,37.873,34.261,205.0,236.0,221.0,267.0,1,True,False,True,False,2026-09-13 13:19:31.318,8.0,29.1,51.8,28.5,False,1.4,51.0
2026,14,Spanish Grand Prix,R,LIN,Racing Bulls,11.0,1.0,MEDIUM,11.0,102.547,30.974,37.562,34.011,205.0,226.0,219.0,258.0,1,True,False,True,False,2026-09-13 13:21:14.571,8.0,29.4,52.1,28.6,False,3.5,290.0
2026,14,Spanish Grand Prix,R,LIN,Racing Bulls,12.0,1.0,MEDIUM,12.0,102.617,31.042,37.429,34.146,210.0,233.0,215.0,265.0,1,True,False,True,False,2026-09-13 13:22:57.118,8.0,29.6,51.8,27.4,False,0.4,91.0
2026,14,Spanish Grand Prix,R,LIN,Racing Bulls,13.0,1.0,MEDIUM,13.0,102.605,31.138,37.412,34.055,210.0,231.0,216.0,259.0,1,True,False,True,False,2026-09-13 13:24:39.735,8.0,29.8,52.5,27.4,False,1.0,328.0
2026,14,Spanish Grand Prix,R,LIN,Racing Bulls,14.0,1.0,MEDIUM,14.0,124.205,31.059,43.608,49.538,209.0,216.0,,263.0,126,True,False,False,False,2026-09-13 13:26:22.340,8.0,29.9,51.6,27.0,False,0.5,207.0
2026,14,Spanish Grand Prix,R,LIN,Racing Bulls,15.0,2.0,HARD,1.0,133.376,61.86,38.197,33.319,193.0,241.0,224.0,167.0,671,True,False,False,False,2026-09-13 13:28:26.545,11.0,29.8,50.8,27.0,False,0.8,331.0
2026,14,Spanish Grand Prix,R,LIN,Racing Bulls,16.0,2.0,HARD,2.0,99.883,30.137,36.337,33.409,211.0,236.0,222.0,278.0,1,True,True,True,False,2026-09-13 13:30:39.921,11.0,29.8,52.7,26.8,False,1.1,120.0
2026,14,Spanish Grand Prix,R,LIN,Racing Bulls,17.0,2.0,HARD,3.0,99.901,30.271,36.154,33.476,211.0,242.0,221.0,280.0,1,True,False,True,False,2026-09-13 13:32:19.804,11.0,29.8,52.6,26.0,False,2.4,91.0
2026,14,Spanish Grand Prix,R,LIN,Racing Bulls,18.0,2.0,HARD,4.0,100.323,30.368,36.482,33.473,214.0,236.0,223.0,276.0,1,True,False,True,False,2026-09-13 13:33:59.705,11.0,29.9,52.3,25.4,False,3.3,47.0
2026,14,Spanish Grand Prix,R,LIN,Racing Bulls,19.0,2.0,HARD,5.0,99.957,30.153,36.442,33.362,216.0,244.0,222.0,277.0,1,True,False,True,False,2026-09-13 13:35:40.028,11.0,29.8,52.3,24.7,False,0.9,97.0
2026,14,Spanish Grand Prix,R,LIN,Racing Bulls,20.0,2.0,HARD,6.0,100.302,30.251,36.377,33.674,213.0,240.0,221.0,270.0,1,True,False,True,False,2026-09-13 13:37:19.985,11.0,30.0,52.7,25.0,False,3.6,308.0
2026,14,Spanish Grand Prix,R,LIN,Racing Bulls,21.0,2.0,HARD,7.0,100.311,30.327,36.393,33.591,215.0,232.0,219.0,287.0,1,True,False,True,False,2026-09-13 13:39:00.287,11.0,30.0,52.8,24.7,False,0.4,352.0
2026,14,Spanish Grand Prix,R,LIN,Racing Bulls,22.0,2.0,HARD,8.0,100.164,30.405,36.22,33.539,214.0,235.0,220.0,286.0,1,True,False,True,False,2026-09-13 13:40:40.598,11.0,30.0,52.6,24.4,False,2.8,294.0
2026,14,Spanish Grand Prix,R,LIN,Racing Bulls,23.0,2.0,HARD,9.0,100.119,30.289,36.553,33.277,213.0,238.0,220.0,286.0,1,True,False,True,False,2026-09-13 13:42:20.762,11.0,30.1,52.3,24.1,False,2.8,59.0
2026,14,Spanish Grand Prix,R,LIN,Racing Bulls,24.0,2.0,HARD,10.0,99.98,30.33,36.387,33.263,214.0,245.0,221.0,278.0,1,True,False,True,False,2026-09-13 13:44:00.881,11.0,30.3,52.8,24.2,False,1.4,316.0
2026,14,Spanish Grand Prix,R,LIN,Racing Bulls,25.0,2.0,HARD,11.0,100.23,30.284,36.445,33.501,216.0,246.0,221.0,283.0,1,True,False,True,False,2026-09-13 13:45:40.861,11.0,30.3,52.7,24.6,False,1.4,52.0
2026,14,Spanish Grand Prix,R,LIN,Racing Bulls,26.0,2.0,HARD,12.0,99.648,30.311,36.107,33.23,216.0,242.0,220.0,282.0,1,True,True,True,False,2026-09-13 13:47:21.091,11.0,30.2,52.9,24.7,False,0.8,289.0
2026,14,Spanish Grand Prix,R,LIN,Racing Bulls,27.0,2.0,HARD,13.0,99.897,30.342,36.19,33.365,215.0,243.0,221.0,284.0,1,True,False,True,False,2026-09-13 13:49:00.739,11.0,30.3,52.7,24.2,False,2.6,279.0
2026,14,Spanish Grand Prix,R,LIN,Racing Bulls,28.0,2.0,HARD,14.0,99.82,30.288,36.14,33.392,217.0,247.0,221.0,284.0,1,True,False,True,False,2026-09-13 13:50:40.636,11.0,30.1,53.1,24.0,False,0.4,245.0
2026,14,Spanish Grand Prix,R,LIN,Racing Bulls,29.0,2.0,HARD,15.0,99.48,30.225,35.912,33.343,217.0,243.0,220.0,285.0,1,True,True,True,False,2026-09-13 13:52:20.456,11.0,30.2,53.3,24.3,False,1.4,283.0
2026,14,Spanish Grand Prix,R,LIN,Racing Bulls,30.0,2.0,HARD,16.0,99.637,30.349,36.095,33.193,214.0,245.0,222.0,278.0,1,True,False,True,False,2026-09-13 13:53:59.936,11.0,30.1,53.1,24.0,False,1.4,279.0
2026,14,Spanish Grand Prix,R,LIN,Racing Bulls,31.0,2.0,HARD,17.0,99.05,30.019,35.886,33.145,216.0,241.0,222.0,296.0,1,True,True,True,False,2026-09-13 13:55:39.573,11.0,30.0,53.4,24.8,False,0.8,110.0
2026,14,Spanish Grand Prix,R,LIN,Racing Bulls,32.0,2.0,HARD,18.0,99.166,30.108,35.824,33.234,219.0,245.0,221.0,296.0,1,True,False,True,False,2026-09-13 13:57:18.623,11.0,30.0,53.3,24.7,False,1.3,276.0
2026,14,Spanish Grand Prix,R,LIN,Racing Bulls,33.0,2.0,HARD,19.0,98.771,30.061,35.594,33.116,219.0,248.0,222.0,295.0,1,True,True,True,False,2026-09-13 13:58:57.789,11.0,30.2,53.7,24.5,False,1.0,280.0
2026,14,Spanish Grand Prix,R,LIN,Racing Bulls,34.0,2.0,HARD,20.0,98.572,30.029,35.473,33.07,217.0,245.0,223.0,303.0,1,True,True,True,False,2026-09-13 14:00:36.560,11.0,30.4,54.3,23.5,False,0.9,276.0
2026,14,Spanish Grand Prix,R,LIN,Racing Bulls,35.0,2.0,HARD,21.0,98.52,29.929,35.564,33.027,218.0,245.0,223.0,303.0,1,True,True,True,False,2026-09-13 14:02:15.132,11.0,30.5,54.5,23.3,False,0.0,0.0
2026,14,Spanish Grand Prix,R,LIN,Racing Bulls,36.0,2.0,HARD,22.0,98.687,30.04,35.594,33.053,217.0,249.0,222.0,293.0,1,True,False,True,False,2026-09-13 14:03:53.652,11.0,30.6,53.3,22.0,False,0.7,207.0
2026,14,Spanish Grand Prix,R,LIN,Racing Bulls,37.0,2.0,HARD,23.0,99.716,30.919,35.76,33.037,202.0,249.0,223.0,300.0,1,True,False,True,False,2026-09-13 14:05:32.339,11.0,30.6,53.6,22.9,False,1.5,295.0
2026,14,Spanish Grand Prix,R,LIN,Racing Bulls,38.0,2.0,HARD,24.0,98.385,30.026,35.438,32.921,217.0,248.0,223.0,301.0,1,True,True,True,False,2026-09-13 14:07:12.055,11.0,30.5,53.6,22.6,False,0.7,52.0
2026,14,Spanish Grand Prix,R,LIN,Racing Bulls,39.0,2.0,HARD,25.0,98.356,29.96,35.369,33.027,217.0,249.0,222.0,303.0,1,True,True,True,False,2026-09-13 14:08:50.440,11.0,30.2,53.6,23.4,False,0.9,63.0
2026,14,Spanish Grand Prix,R,LIN,Racing Bulls,40.0,2.0,HARD,26.0,98.211,29.85,35.294,33.067,218.0,250.0,223.0,302.0,1,True,True,True,False,2026-09-13 14:10:28.796,11.0,30.1,53.9,23.6,False,2.0,253.0
2026,14,Spanish Grand Prix,R,LIN,Racing Bulls,41.0,2.0,HARD,27.0,98.938,30.218,35.508,33.212,210.0,249.0,223.0,293.0,1,True,False,True,False,2026-09-13 14:12:07.007,11.0,30.0,54.0,23.6,False,0.9,64.0
2026,14,Spanish Grand Prix,R,LIN,Racing Bulls,42.0,2.0,HARD,28.0,99.028,30.067,35.487,33.474,211.0,247.0,224.0,284.0,1,True,False,True,False,2026-09-13 14:13:45.945,11.0,30.3,53.9,22.9,False,1.8,66.0
2026,14,Spanish Grand Prix,R,LIN,Racing Bulls,43.0,2.0,HARD,29.0,99.511,30.193,35.756,33.562,213.0,238.0,223.0,276.0,1,True,False,True,False,2026-09-13 14:15:24.973,10.0,30.5,53.7,22.9,False,0.3,329.0
2026,14,Spanish Grand Prix,R,LIN,Racing Bulls,44.0,2.0,HARD,30.0,99.915,30.811,35.723,33.381,215.0,247.0,223.0,287.0,1,True,False,True,False,2026-09-13 14:17:04.484,11.0,30.8,54.0,22.0,False,3.1,276.0
2026,14,Spanish Grand Prix,R,LIN,Racing Bulls,45.0,2.0,HARD,31.0,100.35,30.361,36.336,33.653,209.0,242.0,223.0,281.0,1,True,False,True,False,2026-09-13 14:18:44.399,11.0,30.7,53.7,22.0,False,1.1,342.0
2026,14,Spanish Grand Prix,R,LIN,Racing Bulls,46.0,2.0,HARD,32.0,99.464,30.057,35.977,33.43,209.0,246.0,224.0,293.0,1,True,False,True,False,2026-09-13 14:20:24.749,11.0,30.7,53.5,22.0,False,0.0,0.0
2026,14,Spanish Grand Prix,R,LIN,Racing Bulls,47.0,2.0,HARD,33.0,100.648,30.975,35.959,33.714,209.0,246.0,222.0,269.0,1,True,False,True,False,2026-09-13 14:22:04.213,10.0,30.7,54.1,21.1,False,0.7,253.0
2026,14,Spanish Grand Prix,R,LIN,Racing Bulls,48.0,2.0,HARD,34.0,98.27,29.841,35.296,33.133,217.0,251.0,223.0,302.0,1,True,False,True,False,2026-09-13 14:23:44.861,10.0,30.9,53.2,21.8,False,1.5,304.0
2026,14,Spanish Grand Prix,R,LIN,Racing Bulls,49.0,2.0,HARD,35.0,98.314,29.84,35.133,33.341,216.0,248.0,224.0,303.0,1,True,False,True,False,2026-09-13 14:25:23.131,10.0,30.9,53.6,21.2,False,3.7,292.0
2026,14,Spanish Grand Prix,R,LIN,Racing Bulls,50.0,2.0,HARD,36.0,98.279,29.905,35.364,33.01,221.0,247.0,224.0,307.0,1,True,False,True,False,2026-09-13 14:27:01.445,10.0,30.9,53.9,20.5,False,1.0,143.0
2026,14,Spanish Grand Prix,R,LIN,Racing Bulls,51.0,2.0,HARD,37.0,98.457,30.166,35.302,32.989,218.0,249.0,223.0,307.0,1,True,False,True,False,2026-09-13 14:28:39.724,10.0,30.9,54.4,21.1,False,0.6,358.0
2026,14,Spanish Grand Prix,R,LIN,Racing Bulls,52.0,2.0,HARD,38.0,98.635,29.919,35.268,33.448,219.0,254.0,221.0,306.0,1,True,False,True,False,2026-09-13 14:30:18.181,10.0,30.8,54.7,21.9,False,0.0,0.0
2026,14,Spanish Grand Prix,R,LIN,Racing Bulls,53.0,2.0,HARD,39.0,98.679,30.271,35.215,33.193,217.0,248.0,221.0,293.0,1,True,False,True,False,2026-09-13 14:31:56.816,10.0,31.0,54.9,21.6,False,2.1,72.0
2026,14,Spanish Grand Prix,R,LIN,Racing Bulls,54.0,2.0,HARD,40.0,101.555,30.181,35.517,35.857,215.0,242.0,220.0,303.0,1,True,False,True,False,2026-09-13 14:33:35.495,10.0,30.9,54.1,22.8,False,1.8,69.0
2026,14,Spanish Grand Prix,R,LIN,Racing Bulls,55.0,2.0,HARD,41.0,102.383,32.3,36.634,33.449,197.0,243.0,222.0,254.0,1,True,False,True,False,2026-09-13 14:35:17.050,10.0,30.9,53.2,22.6,False,2.5,57.0
2026,14,Spanish Grand Prix,R,LIN,Racing Bulls,56.0,2.0,HARD,42.0,99.234,30.152,35.701,33.381,213.0,242.0,220.0,295.0,1,True,False,True,False,2026-09-13 14:36:59.433,9.0,30.9,54.0,23.1,False,0.3,107.0
2026,14,Spanish Grand Prix,R,COL,Alpine,1.0,1.0,MEDIUM,1.0,106.464,,37.611,34.122,189.0,231.0,216.0,238.0,12,True,False,False,False,2026-09-13 13:04:04.249,7.0,28.7,50.1,30.3,False,4.0,67.0
2026,14,Spanish Grand Prix,R,COL,Alpine,2.0,1.0,MEDIUM,2.0,102.467,31.468,37.126,33.873,196.0,240.0,218.0,301.0,1,True,True,True,False,2026-09-13 13:05:50.969,7.0,28.8,50.6,29.9,False,2.0,287.0
2026,14,Spanish Grand Prix,R,COL,Alpine,3.0,1.0,MEDIUM,3.0,102.137,30.998,37.082,34.057,209.0,240.0,216.0,281.0,1,True,True,True,False,2026-09-13 13:07:33.436,7.0,28.8,50.8,29.8,False,2.7,67.0
2026,14,Spanish Grand Prix,R,COL,Alpine,4.0,1.0,MEDIUM,4.0,101.919,30.902,37.129,33.888,212.0,243.0,219.0,290.0,1,True,True,True,False,2026-09-13 13:09:15.573,7.0,28.7,51.5,29.7,False,0.0,0.0
2026,14,Spanish Grand Prix,R,COL,Alpine,5.0,1.0,MEDIUM,5.0,103.267,31.273,37.636,34.358,208.0,241.0,219.0,298.0,12,True,False,True,False,2026-09-13 13:10:57.492,6.0,28.9,51.5,29.0,False,1.1,91.0
2026,14,Spanish Grand Prix,R,COL,Alpine,6.0,1.0,MEDIUM,6.0,102.318,31.179,37.125,34.014,213.0,243.0,218.0,287.0,1,True,False,True,False,2026-09-13 13:12:40.759,6.0,29.1,51.7,28.4,False,2.0,80.0
2026,14,Spanish Grand Prix,R,COL,Alpine,7.0,1.0,MEDIUM,7.0,102.168,30.995,37.098,34.075,210.0,242.0,219.0,287.0,1,True,False,True,False,2026-09-13 13:14:23.077,6.0,29.1,50.8,28.3,False,3.1,43.0
2026,14,Spanish Grand Prix,R,COL,Alpine,8.0,1.0,MEDIUM,8.0,101.793,30.948,37.075,33.77,206.0,245.0,217.0,286.0,1,True,True,True,False,2026-09-13 13:16:05.245,6.0,28.9,51.5,28.8,False,2.2,69.0
2026,14,Spanish Grand Prix,R,COL,Alpine,9.0,1.0,MEDIUM,9.0,102.564,31.12,37.22,34.224,208.0,243.0,217.0,280.0,1,True,False,True,False,2026-09-13 13:17:47.038,6.0,29.0,51.7,28.7,False,1.7,61.0
2026,14,Spanish Grand Prix,R,COL,Alpine,10.0,1.0,MEDIUM,10.0,104.342,32.087,38.06,34.195,194.0,239.0,220.0,279.0,1,True,False,True,False,2026-09-13 13:19:29.602,7.0,29.1,51.8,28.5,False,1.4,51.0
2026,14,Spanish Grand Prix,R,COL,Alpine,11.0,1.0,MEDIUM,11.0,102.259,30.888,37.403,33.968,209.0,244.0,218.0,288.0,1,True,False,True,False,2026-09-13 13:21:13.944,7.0,29.4,52.1,28.6,False,3.5,290.0
2026,14,Spanish Grand Prix,R,COL,Alpine,12.0,1.0,MEDIUM,12.0,102.66,31.117,37.485,34.058,209.0,241.0,218.0,282.0,1,True,False,True,False,2026-09-13 13:22:56.203,7.0,29.6,51.8,27.4,False,0.4,91.0
2026,14,Spanish Grand Prix,R,COL,Alpine,13.0,1.0,MEDIUM,13.0,102.325,31.095,37.482,33.748,213.0,244.0,218.0,279.0,1,True,False,True,False,2026-09-13 13:24:38.863,7.0,29.8,52.5,27.4,False,1.0,328.0
2026,14,Spanish Grand Prix,R,COL,Alpine,14.0,1.0,MEDIUM,14.0,123.181,31.219,42.11,49.852,209.0,199.0,,281.0,126,True,False,False,False,2026-09-13 13:26:21.188,7.0,29.9,51.6,27.0,False,0.5,207.0
2026,14,Spanish Grand Prix,R,COL,Alpine,15.0,2.0,HARD,1.0,134.883,61.807,39.866,33.21,180.0,242.0,226.0,185.0,671,True,False,False,False,2026-09-13 13:28:24.369,10.0,29.8,50.8,27.0,False,0.8,331.0
2026,14,Spanish Grand Prix,R,COL,Alpine,16.0,2.0,HARD,2.0,99.818,30.113,36.641,33.064,215.0,247.0,223.0,286.0,1,True,True,True,False,2026-09-13 13:30:39.252,10.0,29.8,52.7,26.8,False,1.1,120.0
2026,14,Spanish Grand Prix,R,COL,Alpine,17.0,2.0,HARD,3.0,99.924,30.274,36.451,33.199,211.0,246.0,222.0,293.0,1,True,False,True,False,2026-09-13 13:32:19.070,10.0,29.8,52.6,26.0,False,2.4,91.0
2026,14,Spanish Grand Prix,R,COL,Alpine,18.0,2.0,HARD,4.0,100.409,30.392,36.725,33.292,208.0,247.0,224.0,293.0,1,True,False,True,False,2026-09-13 13:33:58.994,10.0,29.9,52.3,25.4,False,3.3,47.0
2026,14,Spanish Grand Prix,R,COL,Alpine,19.0,2.0,HARD,5.0,100.0,30.164,36.409,33.427,214.0,243.0,223.0,294.0,1,True,False,True,False,2026-09-13 13:35:39.403,10.0,29.8,52.3,24.7,False,0.9,97.0
2026,14,Spanish Grand Prix,R,COL,Alpine,20.0,2.0,HARD,6.0,100.11,30.101,36.596,33.413,217.0,241.0,223.0,292.0,1,True,False,True,False,2026-09-13 13:37:19.403,10.0,30.0,52.7,25.0,False,3.6,308.0
2026,14,Spanish Grand Prix,R,COL,Alpine,21.0,2.0,HARD,7.0,100.288,30.424,36.512,33.352,213.0,245.0,220.0,287.0,1,True,False,True,False,2026-09-13 13:38:59.513,10.0,30.0,52.8,24.7,False,0.4,352.0
2026,14,Spanish Grand Prix,R,COL,Alpine,22.0,2.0,HARD,8.0,99.803,30.402,36.259,33.142,214.0,248.0,221.0,288.0,1,True,True,True,False,2026-09-13 13:40:39.801,10.0,30.0,52.6,24.4,False,2.8,294.0
2026,14,Spanish Grand Prix,R,COL,Alpine,23.0,2.0,HARD,9.0,100.179,30.491,36.317,33.371,211.0,248.0,222.0,291.0,1,True,False,True,False,2026-09-13 13:42:19.604,10.0,30.1,52.3,24.1,False,2.8,59.0
2026,14,Spanish Grand Prix,R,COL,Alpine,24.0,2.0,HARD,10.0,100.051,30.453,36.376,33.222,215.0,248.0,222.0,292.0,1,True,False,True,False,2026-09-13 13:43:59.783,10.0,30.3,52.8,24.2,False,1.4,316.0
2026,14,Spanish Grand Prix,R,COL,Alpine,25.0,2.0,HARD,11.0,100.036,30.359,36.368,33.309,216.0,247.0,221.0,291.0,1,True,False,True,False,2026-09-13 13:45:39.834,10.0,30.3,52.7,24.6,False,1.4,52.0
2026,14,Spanish Grand Prix,R,COL,Alpine,26.0,2.0,HARD,12.0,99.899,30.332,36.39,33.177,214.0,247.0,221.0,296.0,1,True,False,True,False,2026-09-13 13:47:19.870,10.0,30.2,52.9,24.7,False,0.8,289.0
2026,14,Spanish Grand Prix,R,COL,Alpine,27.0,2.0,HARD,13.0,99.686,30.318,36.332,33.036,218.0,251.0,221.0,294.0,1,True,True,True,False,2026-09-13 13:48:59.769,10.0,30.3,52.7,24.2,False,2.6,279.0
2026,14,Spanish Grand Prix,R,COL,Alpine,28.0,2.0,HARD,14.0,99.708,30.304,36.14,33.264,218.0,252.0,221.0,291.0,1,True,False,True,False,2026-09-13 13:50:39.455,10.0,30.1,53.1,24.0,False,0.4,245.0
2026,14,Spanish Grand Prix,R,COL,Alpine,29.0,2.0,HARD,15.0,99.356,30.124,36.107,33.125,218.0,250.0,222.0,293.0,1,True,True,True,False,2026-09-13 13:52:19.163,10.0,30.2,53.3,24.3,False,1.4,283.0
2026,14,Spanish Grand Prix,R,COL,Alpine,30.0,2.0,HARD,16.0,99.148,30.139,35.928,33.081,221.0,250.0,223.0,297.0,1,True,True,True,False,2026-09-13 13:53:58.519,10.0,30.1,53.1,24.0,False,1.4,279.0
2026,14,Spanish Grand Prix,R,COL,Alpine,31.0,2.0,HARD,17.0,98.775,29.957,35.712,33.106,221.0,254.0,222.0,295.0,1,True,True,True,False,2026-09-13 13:55:37.667,10.0,30.0,53.4,24.8,False,0.8,110.0
2026,14,Spanish Grand Prix,R,COL,Alpine,32.0,2.0,HARD,18.0,99.489,29.984,35.768,33.737,223.0,252.0,220.0,299.0,1,True,False,True,False,2026-09-13 13:57:16.442,10.0,30.0,53.3,24.7,False,1.3,276.0
2026,14,Spanish Grand Prix,R,COL,Alpine,33.0,2.0,HARD,19.0,98.803,30.21,35.589,33.004,220.0,255.0,223.0,299.0,1,True,False,True,False,2026-09-13 13:58:55.931,10.0,30.2,53.7,24.5,False,1.0,280.0
2026,14,Spanish Grand Prix,R,COL,Alpine,34.0,2.0,HARD,20.0,98.733,29.882,35.649,33.202,221.0,252.0,224.0,297.0,1,True,True,True,False,2026-09-13 14:00:34.734,10.0,30.4,54.3,23.5,False,0.9,276.0
2026,14,Spanish Grand Prix,R,COL,Alpine,35.0,2.0,HARD,21.0,98.938,29.823,35.724,33.391,221.0,253.0,223.0,297.0,1,True,False,True,False,2026-09-13 14:02:13.467,10.0,30.5,54.5,23.3,False,0.0,0.0
2026,14,Spanish Grand Prix,R,COL,Alpine,36.0,2.0,HARD,22.0,97.966,29.69,35.29,32.986,223.0,255.0,223.0,303.0,1,True,True,True,False,2026-09-13 14:03:52.405,10.0,30.6,53.3,22.0,False,0.7,207.0
2026,14,Spanish Grand Prix,R,COL,Alpine,37.0,2.0,HARD,23.0,98.604,30.076,35.366,33.162,221.0,256.0,223.0,304.0,1,True,False,True,False,2026-09-13 14:05:30.371,10.0,30.6,53.6,22.9,False,1.5,295.0
2026,14,Spanish Grand Prix,R,COL,Alpine,38.0,2.0,HARD,24.0,98.223,29.728,35.345,33.15,221.0,256.0,224.0,303.0,1,True,False,True,False,2026-09-13 14:07:08.975,10.0,30.5,53.6,22.6,False,0.7,52.0
2026,14,Spanish Grand Prix,R,COL,Alpine,39.0,2.0,HARD,25.0,99.21,29.875,35.709,33.626,218.0,249.0,222.0,297.0,1,True,False,True,False,2026-09-13 14:08:47.198,10.0,30.2,53.6,23.4,False,0.9,63.0
2026,14,Spanish Grand Prix,R,COL,Alpine,40.0,2.0,HARD,26.0,99.293,29.962,35.97,33.361,215.0,250.0,223.0,287.0,1,True,False,True,False,2026-09-13 14:10:26.408,10.0,30.1,53.9,23.6,False,2.0,253.0
2026,14,Spanish Grand Prix,R,COL,Alpine,41.0,2.0,HARD,27.0,99.402,30.111,35.948,33.343,217.0,251.0,224.0,302.0,1,True,False,True,False,2026-09-13 14:12:05.701,10.0,30.0,54.0,23.6,False,0.9,64.0
2026,14,Spanish Grand Prix,R,COL,Alpine,42.0,2.0,HARD,28.0,99.209,30.036,35.511,33.662,217.0,252.0,225.0,291.0,1,True,False,True,False,2026-09-13 14:13:45.103,10.0,30.3,53.9,22.9,False,1.8,66.0
2026,14,Spanish Grand Prix,R,COL,Alpine,43.0,2.0,HARD,29.0,99.664,30.3,35.862,33.502,215.0,246.0,225.0,276.0,1,True,False,True,False,2026-09-13 14:15:24.312,9.0,30.5,53.7,22.9,False,0.3,329.0
2026,14,Spanish Grand Prix,R,COL,Alpine,44.0,2.0,HARD,30.0,99.092,30.003,35.639,33.45,217.0,250.0,225.0,293.0,1,True,False,True,False,2026-09-13 14:17:03.976,9.0,30.8,54.0,22.0,False,3.1,276.0
2026,14,Spanish Grand Prix,R,COL,Alpine,45.0,2.0,HARD,31.0,100.47,30.692,36.285,33.493,201.0,251.0,225.0,297.0,1,True,False,True,False,2026-09-13 14:18:43.068,9.0,30.7,53.7,22.0,False,1.1,342.0
2026,14,Spanish Grand Prix,R,COL,Alpine,46.0,2.0,HARD,32.0,99.605,30.202,35.86,33.543,215.0,246.0,223.0,281.0,1,True,False,True,False,2026-09-13 14:20:23.538,9.0,30.7,53.5,22.0,False,0.0,0.0
2026,14,Spanish Grand Prix,R,COL,Alpine,47.0,2.0,HARD,33.0,98.892,30.209,35.765,32.918,219.0,247.0,226.0,300.0,1,True,False,True,False,2026-09-13 14:22:03.143,8.0,30.7,54.1,21.1,False,0.7,253.0
2026,14,Spanish Grand Prix,R,COL,Alpine,48.0,2.0,HARD,34.0,97.472,29.745,34.849,32.878,221.0,258.0,223.0,299.0,1,True,True,True,False,2026-09-13 14:23:42.035,8.0,30.9,53.2,21.8,False,1.5,304.0
2026,14,Spanish Grand Prix,R,COL,Alpine,49.0,2.0,HARD,35.0,97.524,29.602,35.194,32.728,222.0,253.0,225.0,303.0,1,True,False,True,False,2026-09-13 14:25:19.507,8.0,30.9,53.6,21.2,False,3.7,292.0
2026,14,Spanish Grand Prix,R,COL,Alpine,50.0,2.0,HARD,36.0,97.76,29.841,35.032,32.887,226.0,258.0,227.0,301.0,1,True,False,True,False,2026-09-13 14:26:57.031,8.0,30.9,53.9,20.5,False,1.0,143.0
2026,14,Spanish Grand Prix,R,COL,Alpine,51.0,2.0,HARD,37.0,97.325,29.764,34.901,32.66,224.0,262.0,224.0,303.0,1,True,True,True,False,2026-09-13 14:28:34.791,8.0,30.9,54.4,21.1,False,0.6,358.0
2026,14,Spanish Grand Prix,R,COL,Alpine,52.0,2.0,HARD,38.0,97.321,29.615,34.962,32.744,223.0,256.0,225.0,305.0,1,True,True,True,False,2026-09-13 14:30:12.116,8.0,30.8,54.7,21.9,False,0.0,0.0
2026,14,Spanish Grand Prix,R,COL,Alpine,53.0,2.0,HARD,39.0,97.45,29.73,34.825,32.895,223.0,258.0,224.0,303.0,1,True,False,True,False,2026-09-13 14:31:49.437,8.0,31.0,54.9,21.6,False,2.1,72.0
2026,14,Spanish Grand Prix,R,COL,Alpine,54.0,2.0,HARD,40.0,98.299,29.852,35.197,33.25,220.0,252.0,223.0,302.0,1,True,False,True,False,2026-09-13 14:33:26.887,8.0,31.0,54.1,22.3,False,1.4,94.0
2026,14,Spanish Grand Prix,R,COL,Alpine,55.0,2.0,HARD,41.0,100.851,30.195,36.248,34.408,212.0,246.0,220.0,286.0,1,True,False,True,False,2026-09-13 14:35:05.186,7.0,30.9,53.2,22.6,False,2.5,57.0
2026,14,Spanish Grand Prix,R,COL,Alpine,56.0,2.0,HARD,42.0,98.015,29.941,35.14,32.934,225.0,256.0,224.0,304.0,1,True,False,True,False,2026-09-13 14:36:46.037,7.0,30.9,54.0,23.1,False,0.3,107.0
2026,14,Spanish Grand Prix,R,COL,Alpine,57.0,2.0,HARD,43.0,98.488,29.566,35.625,33.297,221.0,250.0,202.0,309.0,1,True,False,True,False,2026-09-13 14:38:24.052,7.0,30.8,54.2,23.1,False,0.8,349.0
2026,14,Spanish Grand Prix,R,HAM,Ferrari,1.0,1.0,SOFT,1.0,104.424,,37.709,33.663,189.0,232.0,221.0,253.0,12,True,False,False,False,2026-09-13 13:04:04.249,4.0,28.7,50.1,30.3,False,4.0,67.0
2026,14,Spanish Grand Prix,R,HAM,Ferrari,2.0,1.0,SOFT,2.0,100.985,30.928,36.626,33.431,207.0,239.0,220.0,284.0,1,True,True,True,False,2026-09-13 13:05:48.929,4.0,28.8,50.6,29.9,False,2.0,287.0
2026,14,Spanish Grand Prix,R,HAM,Ferrari,3.0,1.0,SOFT,3.0,99.839,30.043,36.404,33.392,211.0,235.0,219.0,293.0,1,True,True,True,False,2026-09-13 13:07:29.914,4.0,28.8,50.8,29.8,False,2.7,67.0
2026,14,Spanish Grand Prix,R,HAM,Ferrari,4.0,1.0,SOFT,4.0,103.055,31.052,37.362,34.641,165.0,206.0,222.0,239.0,1,True,False,True,False,2026-09-13 13:09:09.753,3.0,28.7,51.5,29.7,False,0.0,0.0
2026,14,Spanish Grand Prix,R,HAM,Ferrari,5.0,1.0,SOFT,5.0,111.932,31.933,38.069,41.93,178.0,202.0,217.0,258.0,12,True,False,True,False,2026-09-13 13:10:52.808,10.0,28.9,51.5,29.0,False,1.1,91.0
2026,14,Spanish Grand Prix,R,HAM,Ferrari,6.0,1.0,SOFT,6.0,134.937,35.327,46.356,53.254,158.0,146.0,,184.0,1,True,False,False,False,2026-09-13 13:12:44.740,22.0,29.1,51.7,28.4,False,2.0,80.0
2026,14,Spanish Grand Prix,R,BOR,Audi,1.0,1.0,HARD,1.0,111.283,,39.171,35.308,185.0,200.0,215.0,236.0,12,True,False,False,False,2026-09-13 13:04:04.249,15.0,28.7,50.1,30.3,False,4.0,67.0
2026,14,Spanish Grand Prix,R,BOR,Audi,2.0,1.0,HARD,2.0,102.582,30.791,37.425,34.366,206.0,229.0,216.0,280.0,1,True,True,True,False,2026-09-13 13:05:55.788,14.0,28.8,50.6,29.9,False,2.0,287.0
2026,14,Spanish Grand Prix,R,BOR,Audi,3.0,1.0,HARD,3.0,102.84,30.979,37.341,34.52,214.0,233.0,215.0,264.0,1,True,False,True,False,2026-09-13 13:07:38.370,14.0,28.7,50.9,29.5,False,1.9,67.0
2026,14,Spanish Grand Prix,R,BOR,Audi,4.0,1.0,HARD,4.0,102.695,30.897,37.605,34.193,202.0,236.0,216.0,275.0,1,True,False,True,False,2026-09-13 13:09:21.210,14.0,28.7,51.5,29.7,False,0.0,0.0
2026,14,Spanish Grand Prix,R,BOR,Audi,5.0,1.0,HARD,5.0,103.197,30.918,37.38,34.899,206.0,233.0,215.0,267.0,12,True,False,True,False,2026-09-13 13:11:03.905,14.0,28.9,51.5,29.0,False,1.1,91.0
2026,14,Spanish Grand Prix,R,BOR,Audi,6.0,1.0,HARD,6.0,103.441,31.334,37.55,34.557,208.0,231.0,216.0,261.0,1,True,False,True,False,2026-09-13 13:12:47.102,13.0,29.1,51.7,28.4,False,2.0,80.0
2026,14,Spanish Grand Prix,R,BOR,Audi,7.0,1.0,HARD,7.0,102.511,30.865,37.233,34.413,206.0,239.0,216.0,268.0,1,True,True,True,False,2026-09-13 13:14:30.543,13.0,29.1,50.8,28.3,False,3.1,43.0
2026,14,Spanish Grand Prix,R,BOR,Audi,8.0,1.0,HARD,8.0,102.322,30.92,37.444,33.958,198.0,242.0,215.0,262.0,1,True,True,True,False,2026-09-13 13:16:13.054,13.0,28.9,51.5,28.8,False,2.2,69.0
2026,14,Spanish Grand Prix,R,BOR,Audi,9.0,1.0,HARD,9.0,102.056,30.685,37.223,34.148,204.0,238.0,213.0,279.0,1,True,True,True,False,2026-09-13 13:17:55.376,13.0,29.0,51.7,28.7,False,1.7,61.0
2026,14,Spanish Grand Prix,R,BOR,Audi,10.0,1.0,HARD,10.0,102.527,30.826999999999998,37.6,34.1,201.0,241.0,216.0,280.0,1,True,False,True,False,2026-09-13 13:19:37.432,13.0,29.2,51.9,29.0,False,0.0,0.0
2026,14,Spanish Grand Prix,R,BOR,Audi,11.0,1.0,HARD,11.0,102.603,30.876,37.593,34.134,208.0,239.0,215.0,280.0,1,True,False,True,False,2026-09-13 13:21:19.959,13.0,29.4,52.1,28.6,False,3.5,290.0
2026,14,Spanish Grand Prix,R,BOR,Audi,12.0,1.0,HARD,12.0,102.358,30.748,37.314,34.296,212.0,239.0,215.0,285.0,1,True,False,True,False,2026-09-13 13:23:02.562,13.0,29.6,51.8,27.4,False,0.4,91.0
2026,14,Spanish Grand Prix,R,BOR,Audi,13.0,1.0,HARD,13.0,102.253,30.59,37.417,34.246,213.0,239.0,213.0,288.0,1,True,False,True,False,2026-09-13 13:24:44.920,13.0,29.8,52.5,27.4,False,1.0,328.0
2026,14,Spanish Grand Prix,R,BOR,Audi,14.0,1.0,HARD,14.0,126.013,30.569,47.988,47.456,208.0,204.0,123.0,276.0,126,True,False,False,False,2026-09-13 13:26:27.173,13.0,29.9,51.6,27.0,False,0.5,207.0
2026,14,Spanish Grand Prix,R,BOR,Audi,15.0,1.0,HARD,15.0,121.207,47.831,39.434,33.942,180.0,238.0,217.0,122.0,671,True,False,False,False,2026-09-13 13:28:33.186,9.0,29.8,50.8,27.0,False,0.8,331.0
2026,14,Spanish Grand Prix,R,BOR,Audi,16.0,1.0,HARD,16.0,100.995,30.419,36.869,33.707,214.0,244.0,217.0,283.0,1,True,True,True,False,2026-09-13 13:30:34.393,9.0,29.8,52.5,27.0,False,0.0,0.0
2026,14,Spanish Grand Prix,R,BOR,Audi,17.0,1.0,HARD,17.0,100.223,30.36,36.419,33.444,218.0,244.0,218.0,292.0,1,True,True,True,False,2026-09-13 13:32:15.388,9.0,29.8,52.6,26.0,False,2.4,91.0
2026,14,Spanish Grand Prix,R,BOR,Audi,18.0,1.0,HARD,18.0,100.227,30.249,36.416,33.562,217.0,246.0,219.0,292.0,1,True,False,True,False,2026-09-13 13:33:55.611,9.0,29.9,52.3,25.4,False,3.3,47.0
2026,14,Spanish Grand Prix,R,BOR,Audi,19.0,1.0,HARD,19.0,100.089,30.222,36.272,33.595,216.0,245.0,218.0,290.0,1,True,True,True,False,2026-09-13 13:35:35.838,9.0,29.8,52.3,24.7,False,0.9,97.0
2026,14,Spanish Grand Prix,R,BOR,Audi,20.0,1.0,HARD,20.0,100.038,30.12,36.298,33.62,221.0,246.0,217.0,296.0,1,True,True,True,False,2026-09-13 13:37:15.927,9.0,30.0,52.7,25.0,False,3.6,308.0
2026,14,Spanish Grand Prix,R,BOR,Audi,21.0,1.0,HARD,21.0,99.974,30.087,36.355,33.532,220.0,245.0,217.0,294.0,1,True,True,True,False,2026-09-13 13:38:55.965,9.0,30.0,52.8,24.7,False,0.4,352.0
2026,14,Spanish Grand Prix,R,BOR,Audi,22.0,1.0,HARD,22.0,99.45,30.057,35.984,33.409,223.0,246.0,218.0,295.0,1,True,True,True,False,2026-09-13 13:40:35.939,9.0,30.0,52.6,24.4,False,2.8,294.0
2026,14,Spanish Grand Prix,R,BOR,Audi,23.0,1.0,HARD,23.0,99.674,30.136,36.084,33.454,222.0,247.0,219.0,296.0,1,True,False,True,False,2026-09-13 13:42:15.389,9.0,30.1,52.3,24.1,False,2.8,59.0
2026,14,Spanish Grand Prix,R,BOR,Audi,24.0,1.0,HARD,24.0,99.61,30.062,36.134,33.414,222.0,247.0,218.0,296.0,1,True,False,True,False,2026-09-13 13:43:55.063,9.0,30.3,52.8,24.2,False,1.4,316.0
2026,14,Spanish Grand Prix,R,BOR,Audi,25.0,1.0,HARD,25.0,99.596,30.14,36.05,33.406,222.0,246.0,219.0,294.0,1,True,False,True,False,2026-09-13 13:45:34.673,9.0,30.3,52.7,24.6,False,1.4,52.0
2026,14,Spanish Grand Prix,R,BOR,Audi,26.0,1.0,HARD,26.0,99.753,30.017,36.234,33.502,202.0,246.0,218.0,298.0,1,True,False,True,False,2026-09-13 13:47:14.269,9.0,30.2,52.9,24.7,False,0.8,289.0
2026,14,Spanish Grand Prix,R,BOR,Audi,27.0,1.0,HARD,27.0,99.778,30.17,36.043,33.565,224.0,246.0,217.0,293.0,1,True,False,True,False,2026-09-13 13:48:54.022,9.0,30.3,52.7,24.2,False,2.6,279.0
2026,14,Spanish Grand Prix,R,BOR,Audi,28.0,1.0,HARD,28.0,99.282,29.919,35.947,33.416,225.0,246.0,217.0,295.0,1,True,True,True,False,2026-09-13 13:50:33.800,9.0,30.1,52.9,24.5,False,0.6,287.0
2026,14,Spanish Grand Prix,R,BOR,Audi,29.0,1.0,HARD,29.0,99.311,30.032,35.929,33.35,224.0,247.0,218.0,292.0,1,True,False,True,False,2026-09-13 13:52:13.082,9.0,30.2,53.3,24.3,False,1.4,283.0
2026,14,Spanish Grand Prix,R,BOR,Audi,30.0,1.0,HARD,30.0,99.62,30.32,35.927,33.373,219.0,245.0,218.0,293.0,1,True,False,True,False,2026-09-13 13:53:52.393,9.0,30.1,53.1,24.0,False,1.4,279.0
2026,14,Spanish Grand Prix,R,BOR,Audi,31.0,1.0,HARD,31.0,99.553,29.946,36.002,33.605,223.0,247.0,217.0,294.0,1,True,False,True,False,2026-09-13 13:55:32.013,9.0,30.1,53.2,24.5,False,1.8,12.0
2026,14,Spanish Grand Prix,R,BOR,Audi,32.0,1.0,HARD,32.0,99.395,30.107,36.029,33.259,225.0,248.0,218.0,297.0,1,True,False,True,False,2026-09-13 13:57:11.566,9.0,30.0,53.3,24.7,False,1.3,276.0
2026,14,Spanish Grand Prix,R,BOR,Audi,33.0,1.0,HARD,33.0,99.013,30.006,35.763,33.244,225.0,248.0,219.0,290.0,1,True,True,True,False,2026-09-13 13:58:50.961,9.0,30.2,53.7,24.5,False,1.0,280.0
2026,14,Spanish Grand Prix,R,BOR,Audi,34.0,1.0,HARD,34.0,99.65,30.48,35.91,33.26,220.0,249.0,220.0,290.0,1,True,False,True,False,2026-09-13 14:00:29.974,9.0,30.3,54.2,24.1,False,0.9,249.0
2026,14,Spanish Grand Prix,R,BOR,Audi,35.0,1.0,HARD,35.0,99.138,30.04,35.859,33.239,223.0,245.0,219.0,295.0,1,True,False,True,False,2026-09-13 14:02:09.624,9.0,30.5,54.5,23.3,False,0.0,0.0
2026,14,Spanish Grand Prix,R,BOR,Audi,36.0,1.0,HARD,36.0,99.043,29.902,35.871,33.27,223.0,247.0,219.0,293.0,1,True,False,True,False,2026-09-13 14:03:48.762,9.0,30.6,53.3,22.0,False,0.7,207.0
2026,14,Spanish Grand Prix,R,BOR,Audi,37.0,1.0,HARD,37.0,99.271,30.193,35.793,33.285,223.0,246.0,220.0,295.0,1,True,False,True,False,2026-09-13 14:05:27.805,9.0,30.6,53.6,22.9,False,1.5,295.0
2026,14,Spanish Grand Prix,R,BOR,Audi,38.0,1.0,HARD,38.0,99.133,30.008,35.949,33.176,223.0,249.0,220.0,296.0,1,True,False,True,False,2026-09-13 14:07:07.076,9.0,30.5,53.6,22.6,False,0.7,52.0
2026,14,Spanish Grand Prix,R,BOR,Audi,39.0,1.0,HARD,39.0,99.411,29.999,36.029,33.383,220.0,246.0,218.0,300.0,1,True,False,True,False,2026-09-13 14:08:46.209,9.0,30.2,53.6,23.4,False,0.9,63.0
2026,14,Spanish Grand Prix,R,BOR,Audi,40.0,1.0,HARD,40.0,99.379,30.159,35.981,33.239,224.0,248.0,219.0,300.0,1,True,False,True,False,2026-09-13 14:10:25.620,9.0,30.1,53.9,23.6,False,2.0,253.0
2026,14,Spanish Grand Prix,R,BOR,Audi,41.0,1.0,HARD,41.0,99.349,30.133,35.741,33.475,225.0,244.0,218.0,300.0,1,True,False,True,False,2026-09-13 14:12:04.999,9.0,30.0,54.0,23.6,False,0.9,64.0
2026,14,Spanish Grand Prix,R,BOR,Audi,42.0,1.0,HARD,42.0,99.442,30.076,35.797,33.569,221.0,247.0,219.0,296.0,1,True,False,True,False,2026-09-13 14:13:44.348,9.0,30.3,53.9,22.9,False,1.8,66.0
2026,14,Spanish Grand Prix,R,BOR,Audi,43.0,1.0,HARD,43.0,99.402,30.084,35.934,33.384,219.0,249.0,219.0,292.0,1,True,False,True,False,2026-09-13 14:15:23.790,8.0,30.5,53.7,22.9,False,0.3,329.0
2026,14,Spanish Grand Prix,R,BOR,Audi,44.0,1.0,HARD,44.0,99.507,29.899,35.932,33.676,224.0,248.0,220.0,299.0,1,True,False,True,False,2026-09-13 14:17:03.192,8.0,30.8,54.0,22.0,False,3.1,276.0
2026,14,Spanish Grand Prix,R,BOR,Audi,45.0,1.0,HARD,45.0,100.293,30.701,36.037,33.555,215.0,249.0,219.0,292.0,1,True,False,True,False,2026-09-13 14:18:42.699,8.0,30.7,53.7,22.0,False,1.1,342.0
2026,14,Spanish Grand Prix,R,BOR,Audi,46.0,1.0,HARD,46.0,99.747,30.14,36.006,33.601,221.0,248.0,219.0,289.0,1,True,False,True,False,2026-09-13 14:20:22.992,8.0,30.7,53.5,22.0,False,0.0,0.0
2026,14,Spanish Grand Prix,R,BOR,Audi,47.0,1.0,HARD,47.0,103.703,30.837,36.664,36.202,191.0,249.0,,259.0,1,True,False,False,False,2026-09-13 14:22:02.739,12.0,30.7,54.1,21.1,False,0.7,253.0
2026,14,Spanish Grand Prix,R,BOR,Audi,48.0,2.0,SOFT,1.0,120.65,52.713,35.397,32.54,225.0,249.0,221.0,280.0,1,True,False,False,False,2026-09-13 14:23:46.442,13.0,30.9,53.2,21.8,False,1.5,304.0
2026,14,Spanish Grand Prix,R,BOR,Audi,49.0,2.0,SOFT,2.0,98.43,30.365,35.427,32.638,221.0,247.0,223.0,292.0,1,True,True,True,False,2026-09-13 14:25:47.092,13.0,30.8,54.1,21.1,False,1.1,296.0
2026,14,Spanish Grand Prix,R,BOR,Audi,50.0,2.0,SOFT,3.0,97.837,29.867,35.402,32.568,224.0,248.0,222.0,295.0,1,True,True,True,False,2026-09-13 14:27:25.522,13.0,30.9,53.9,20.5,False,1.0,143.0
2026,14,Spanish Grand Prix,R,BOR,Audi,51.0,2.0,SOFT,4.0,98.188,29.819,35.535,32.834,224.0,248.0,222.0,297.0,1,True,False,True,False,2026-09-13 14:29:03.359,13.0,30.9,54.4,21.1,False,0.6,358.0
2026,14,Spanish Grand Prix,R,BOR,Audi,52.0,2.0,SOFT,5.0,98.116,29.776,35.532,32.808,224.0,247.0,220.0,300.0,1,True,False,True,False,2026-09-13 14:30:41.547,13.0,30.8,54.8,22.1,False,1.5,88.0
2026,14,Spanish Grand Prix,R,BOR,Audi,53.0,2.0,SOFT,6.0,98.509,30.148,35.485,32.876,218.0,246.0,221.0,293.0,1,True,False,True,False,2026-09-13 14:32:19.663,13.0,31.0,54.9,21.6,False,2.1,72.0
2026,14,Spanish Grand Prix,R,BOR,Audi,54.0,2.0,SOFT,7.0,98.433,29.972,35.608,32.853,224.0,247.0,222.0,293.0,1,True,False,True,False,2026-09-13 14:33:58.172,13.0,30.9,54.1,22.8,False,1.8,69.0
2026,14,Spanish Grand Prix,R,BOR,Audi,55.0,2.0,SOFT,8.0,99.458,29.862,36.406,33.19,228.0,236.0,222.0,299.0,1,True,False,True,False,2026-09-13 14:35:36.605,13.0,30.9,54.1,23.1,False,0.6,45.0
2026,14,Spanish Grand Prix,R,BOR,Audi,56.0,2.0,SOFT,9.0,100.585,30.097,36.465,34.023,224.0,234.0,219.0,290.0,1,True,False,True,False,2026-09-13 14:37:16.063,13.0,30.9,54.0,23.1,False,0.3,107.0
2026,14,Spanish Grand Prix,R,SAI,Williams,1.0,1.0,HARD,1.0,112.963,,39.512,35.143,176.0,206.0,221.0,224.0,12,True,False,False,False,2026-09-13 13:04:04.249,18.0,28.7,50.1,30.3,False,4.0,67.0
2026,14,Spanish Grand Prix,R,SAI,Williams,2.0,1.0,HARD,2.0,105.181,32.08,38.264,34.837,194.0,218.0,217.0,233.0,1,True,True,True,False,2026-09-13 13:05:57.468,18.0,28.8,50.6,29.9,False,2.0,287.0
2026,14,Spanish Grand Prix,R,SAI,Williams,3.0,1.0,HARD,3.0,104.511,31.372,38.218,34.921,198.0,226.0,207.0,249.0,1,True,True,True,False,2026-09-13 13:07:42.649,18.0,28.7,50.9,29.5,False,1.9,67.0
2026,14,Spanish Grand Prix,R,SAI,Williams,4.0,1.0,HARD,4.0,104.301,32.19,37.546,34.565,198.0,226.0,209.0,259.0,1,True,True,True,False,2026-09-13 13:09:27.160,18.0,28.7,51.5,29.7,False,0.0,0.0
2026,14,Spanish Grand Prix,R,SAI,Williams,5.0,1.0,HARD,5.0,104.158,31.681,37.732,34.745,209.0,221.0,214.0,274.0,12,True,True,True,False,2026-09-13 13:11:11.461,18.0,28.9,51.5,29.0,False,1.1,91.0
2026,14,Spanish Grand Prix,R,SAI,Williams,6.0,1.0,HARD,6.0,103.981,31.571,37.876,34.534,203.0,228.0,219.0,254.0,1,True,True,True,False,2026-09-13 13:12:55.619,17.0,29.1,51.7,28.4,False,2.0,80.0
2026,14,Spanish Grand Prix,R,SAI,Williams,7.0,1.0,HARD,7.0,103.938,31.444,37.917,34.577,198.0,219.0,212.0,271.0,1,True,True,True,False,2026-09-13 13:14:39.600,17.0,29.0,50.5,28.4,False,0.9,13.0
2026,14,Spanish Grand Prix,R,SAI,Williams,8.0,1.0,HARD,8.0,103.638,31.482,37.581,34.575,208.0,226.0,217.0,272.0,1,True,True,True,False,2026-09-13 13:16:23.538,17.0,28.9,51.5,28.8,False,2.2,69.0
2026,14,Spanish Grand Prix,R,SAI,Williams,9.0,1.0,HARD,9.0,103.918,31.503,37.798,34.617,203.0,227.0,215.0,256.0,1,True,False,True,False,2026-09-13 13:18:07.176,17.0,29.0,51.7,28.7,False,1.7,61.0
2026,14,Spanish Grand Prix,R,SAI,Williams,10.0,1.0,HARD,10.0,103.944,31.551,37.82,34.573,196.0,234.0,218.0,267.0,1,True,False,True,False,2026-09-13 13:19:51.094,17.0,29.2,51.9,29.0,False,0.0,0.0
2026,14,Spanish Grand Prix,R,SAI,Williams,11.0,1.0,HARD,11.0,103.366,31.301,37.401,34.664,207.0,231.0,213.0,265.0,1,True,True,True,False,2026-09-13 13:21:35.038,17.0,29.4,52.0,27.4,False,1.3,96.0
2026,14,Spanish Grand Prix,R,SAI,Williams,12.0,1.0,HARD,12.0,104.117,31.319,38.282,34.516,177.0,237.0,220.0,280.0,1,True,False,True,False,2026-09-13 13:23:18.404,17.0,29.6,51.8,27.4,False,0.4,91.0
2026,14,Spanish Grand Prix,R,SAI,Williams,13.0,1.0,HARD,13.0,103.256,31.288,37.488,34.48,206.0,234.0,218.0,263.0,12,True,True,True,False,2026-09-13 13:25:02.521,17.0,29.8,52.5,27.4,False,1.0,328.0
2026,14,Spanish Grand Prix,R,SAI,Williams,14.0,1.0,HARD,14.0,131.665,31.145,52.415,48.105,205.0,177.0,115.0,260.0,26,True,False,False,False,2026-09-13 13:26:45.777,17.0,29.9,51.8,27.1,False,0.0,0.0
2026,14,Spanish Grand Prix,R,SAI,Williams,15.0,1.0,HARD,15.0,115.168,43.121,37.812,34.235,191.0,232.0,219.0,194.0,671,True,False,False,False,2026-09-13 13:28:57.442,15.0,29.8,52.6,26.9,False,0.3,35.0
2026,14,Spanish Grand Prix,R,SAI,Williams,16.0,1.0,HARD,16.0,102.162,30.893,37.001,34.268,210.0,234.0,219.0,266.0,1,True,True,True,False,2026-09-13 13:30:52.610,15.0,29.8,52.7,26.8,False,1.1,120.0
2026,14,Spanish Grand Prix,R,SAI,Williams,17.0,1.0,HARD,17.0,102.175,30.961,37.104,34.11,209.0,233.0,218.0,275.0,1,True,False,True,False,2026-09-13 13:32:34.772,15.0,29.9,52.5,26.6,False,0.4,89.0
2026,14,Spanish Grand Prix,R,SAI,Williams,18.0,1.0,HARD,18.0,102.061,30.875,36.984,34.202,208.0,235.0,220.0,283.0,1,True,True,True,False,2026-09-13 13:34:16.947,15.0,29.9,52.3,25.4,False,3.3,47.0
2026,14,Spanish Grand Prix,R,SAI,Williams,19.0,1.0,HARD,19.0,101.704,30.725,36.771,34.208,210.0,240.0,216.0,275.0,1,True,True,True,False,2026-09-13 13:35:59.008,15.0,29.8,52.3,24.7,False,0.9,97.0
2026,14,Spanish Grand Prix,R,SAI,Williams,20.0,1.0,HARD,20.0,101.826,30.878,36.77,34.178,213.0,242.0,219.0,282.0,1,True,False,True,False,2026-09-13 13:37:40.712,15.0,30.1,52.3,24.7,False,2.2,289.0
2026,14,Spanish Grand Prix,R,SAI,Williams,21.0,1.0,HARD,21.0,101.725,30.86,36.756,34.109,210.0,240.0,219.0,275.0,1,True,False,True,False,2026-09-13 13:39:22.538,15.0,30.0,52.8,24.7,False,0.4,352.0
2026,14,Spanish Grand Prix,R,SAI,Williams,22.0,1.0,HARD,22.0,102.021,30.928,36.923,34.17,203.0,234.0,219.0,277.0,1,True,False,True,False,2026-09-13 13:41:04.263,15.0,30.0,52.6,24.4,False,2.8,294.0
2026,14,Spanish Grand Prix,R,SAI,Williams,23.0,1.0,HARD,23.0,104.987,31.073,36.859,37.055,207.0,239.0,,274.0,1,True,False,False,False,2026-09-13 13:42:46.284,16.0,30.1,52.7,24.3,False,1.4,276.0
2026,14,Spanish Grand Prix,R,SAI,Williams,24.0,2.0,MEDIUM,1.0,143.167,69.966,39.004,34.197,194.0,214.0,222.0,251.0,1,True,False,False,False,2026-09-13 13:44:31.271,20.0,30.3,52.8,24.2,False,1.4,316.0
2026,14,Spanish Grand Prix,R,SAI,Williams,25.0,2.0,MEDIUM,2.0,100.585,30.637,36.372,33.576,208.0,244.0,217.0,282.0,1,True,True,True,False,2026-09-13 13:46:54.438,20.0,30.2,52.9,24.7,False,0.8,289.0
2026,14,Spanish Grand Prix,R,SAI,Williams,26.0,2.0,MEDIUM,3.0,101.345,30.575,36.688,34.082,213.0,237.0,219.0,288.0,1,True,False,True,False,2026-09-13 13:48:35.023,20.0,30.3,52.7,24.2,False,2.6,279.0
2026,14,Spanish Grand Prix,R,SAI,Williams,27.0,2.0,MEDIUM,4.0,103.364,30.569,36.84,35.955,211.0,243.0,213.0,291.0,1,True,False,True,False,2026-09-13 13:50:16.368,20.0,30.1,52.9,24.5,False,0.6,287.0
2026,14,Spanish Grand Prix,R,SAI,Williams,28.0,2.0,MEDIUM,5.0,102.736,31.048,37.207,34.481,210.0,230.0,219.0,279.0,1,True,False,True,False,2026-09-13 13:51:59.732,20.0,30.2,53.3,24.3,False,1.4,283.0
2026,14,Spanish Grand Prix,R,SAI,Williams,29.0,2.0,MEDIUM,6.0,102.659,31.108,37.172,34.379,203.0,233.0,218.0,272.0,1,True,False,True,False,2026-09-13 13:53:42.468,20.0,30.1,53.1,24.0,False,1.4,279.0
2026,14,Spanish Grand Prix,R,SAI,Williams,30.0,2.0,MEDIUM,7.0,105.251,32.536,38.203,34.512,204.0,232.0,213.0,183.0,1,True,False,True,False,2026-09-13 13:55:25.127,19.0,30.1,53.2,24.5,False,1.8,12.0
2026,14,Spanish Grand Prix,R,SAI,Williams,31.0,2.0,MEDIUM,8.0,107.505,32.632,37.695,37.178,199.0,230.0,,237.0,1,True,False,False,False,2026-09-13 13:57:10.378,19.0,30.0,53.3,24.7,False,1.3,276.0
2026,14,Spanish Grand Prix,R,SAI,Williams,32.0,3.0,HARD,1.0,125.071,54.844,36.884,33.343,198.0,237.0,224.0,235.0,1,True,False,False,False,2026-09-13 13:58:57.883,19.0,30.2,53.7,24.5,False,1.0,280.0
2026,14,Spanish Grand Prix,R,SAI,Williams,33.0,3.0,HARD,2.0,100.632,30.561,36.409,33.662,211.0,241.0,221.0,283.0,1,True,False,True,False,2026-09-13 14:01:02.954,19.0,30.4,54.3,23.5,False,0.9,276.0
2026,14,Spanish Grand Prix,R,SAI,Williams,34.0,3.0,HARD,3.0,104.919,32.484,38.221,34.214,205.0,225.0,219.0,268.0,1,True,False,True,False,2026-09-13 14:02:43.586,19.0,30.6,54.0,22.3,False,2.4,31.0
2026,14,Spanish Grand Prix,R,SAI,Williams,35.0,3.0,HARD,4.0,104.517,30.989,38.03,35.498,202.0,230.0,219.0,282.0,1,True,False,True,False,2026-09-13 14:04:28.505,19.0,30.6,53.3,22.0,False,0.7,207.0
2026,14,Spanish Grand Prix,R,SAI,Williams,36.0,3.0,HARD,5.0,100.195,30.441,36.297,33.457,212.0,246.0,222.0,287.0,1,True,True,True,False,2026-09-13 14:06:13.022,19.0,30.7,54.0,22.4,False,0.9,278.0
2026,14,Spanish Grand Prix,R,SAI,Williams,37.0,3.0,HARD,6.0,101.439,30.451,36.364,34.624,209.0,245.0,218.0,284.0,1,True,False,True,False,2026-09-13 14:07:53.217,19.0,30.3,53.6,23.3,False,1.6,51.0
2026,14,Spanish Grand Prix,R,SAI,Williams,38.0,3.0,HARD,7.0,101.254,30.781,36.578,33.895,206.0,245.0,221.0,295.0,1,True,False,True,False,2026-09-13 14:09:34.656,19.0,30.2,53.6,23.4,False,0.9,63.0
2026,14,Spanish Grand Prix,R,SAI,Williams,39.0,3.0,HARD,8.0,101.044,30.462,36.446,34.136,212.0,245.0,221.0,289.0,1,True,False,True,False,2026-09-13 14:11:15.910,19.0,30.1,53.8,23.0,False,0.6,312.0
2026,14,Spanish Grand Prix,R,SAI,Williams,40.0,3.0,HARD,9.0,100.848,30.309,36.378,34.161,210.0,242.0,219.0,283.0,1,True,False,True,False,2026-09-13 14:12:56.954,19.0,30.1,54.1,23.4,False,1.0,59.0
2026,14,Spanish Grand Prix,R,SAI,Williams,41.0,3.0,HARD,10.0,101.975,30.922,36.661,34.392,210.0,244.0,216.0,270.0,1,True,False,True,False,2026-09-13 14:14:37.802,19.0,30.5,53.7,22.9,False,0.3,329.0
2026,14,Spanish Grand Prix,R,SAI,Williams,42.0,3.0,HARD,11.0,105.865,32.903,37.077,35.885,202.0,228.0,222.0,248.0,1,True,False,True,False,2026-09-13 14:16:19.777,19.0,30.8,54.2,23.0,False,1.7,262.0
2026,14,Spanish Grand Prix,R,SAI,Williams,43.0,3.0,HARD,12.0,107.611,31.699,37.559,38.353,194.0,228.0,,266.0,1,True,False,False,False,2026-09-13 14:18:05.642,19.0,30.7,53.5,22.3,False,3.4,285.0
2026,14,Spanish Grand Prix,R,RUS,Mercedes,1.0,1.0,HARD,1.0,105.584,,37.47,33.928,180.0,221.0,223.0,238.0,12,True,False,False,False,2026-09-13 13:04:04.249,6.0,28.7,50.1,30.3,False,4.0,67.0
2026,14,Spanish Grand Prix,R,RUS,Mercedes,2.0,1.0,HARD,2.0,101.683,30.353,37.56,33.77,184.0,239.0,218.0,262.0,1,True,True,True,False,2026-09-13 13:05:50.089,6.0,28.8,50.6,29.9,False,2.0,287.0
2026,14,Spanish Grand Prix,R,RUS,Mercedes,3.0,1.0,HARD,3.0,100.64,30.492,36.803,33.345,210.0,247.0,221.0,282.0,1,True,True,True,False,2026-09-13 13:07:31.772,6.0,28.8,50.8,29.8,False,2.7,67.0
2026,14,Spanish Grand Prix,R,RUS,Mercedes,4.0,1.0,HARD,4.0,102.119,30.605,37.449,34.065,207.0,225.0,223.0,289.0,1,True,False,True,False,2026-09-13 13:09:12.412,6.0,28.7,51.5,29.7,False,0.0,0.0
2026,14,Spanish Grand Prix,R,RUS,Mercedes,5.0,1.0,HARD,5.0,103.007,30.915,37.584,34.508,195.0,202.0,213.0,242.0,12,True,False,True,False,2026-09-13 13:10:54.531,5.0,28.9,51.5,29.0,False,1.1,91.0
2026,14,Spanish Grand Prix,R,RUS,Mercedes,6.0,1.0,HARD,6.0,100.55,30.824,36.315,33.411,212.0,248.0,220.0,288.0,1,True,True,True,False,2026-09-13 13:12:37.538,5.0,29.1,51.7,28.4,False,2.0,80.0
2026,14,Spanish Grand Prix,R,RUS,Mercedes,7.0,1.0,HARD,7.0,100.031,30.229,36.525,33.277,213.0,248.0,219.0,291.0,1,True,True,True,False,2026-09-13 13:14:18.088,5.0,29.1,50.8,28.3,False,3.1,43.0
2026,14,Spanish Grand Prix,R,RUS,Mercedes,8.0,1.0,HARD,8.0,100.118,30.196,36.496,33.426,218.0,245.0,220.0,300.0,1,True,False,True,False,2026-09-13 13:15:58.119,5.0,28.9,51.5,28.8,False,2.2,69.0
2026,14,Spanish Grand Prix,R,RUS,Mercedes,9.0,1.0,HARD,9.0,99.803,30.311,36.362,33.13,216.0,251.0,223.0,293.0,1,True,True,True,False,2026-09-13 13:17:38.237,5.0,29.0,51.7,28.7,False,1.7,61.0
2026,14,Spanish Grand Prix,R,RUS,Mercedes,10.0,1.0,HARD,10.0,99.549,30.182,36.134,33.233,215.0,250.0,221.0,306.0,1,True,True,True,False,2026-09-13 13:19:18.040,5.0,29.1,51.8,28.5,False,1.4,51.0
2026,14,Spanish Grand Prix,R,RUS,Mercedes,11.0,1.0,HARD,11.0,99.382,30.084,36.061,33.237,218.0,251.0,223.0,306.0,1,True,True,True,False,2026-09-13 13:20:57.589,5.0,29.4,52.1,28.6,False,3.5,290.0
2026,14,Spanish Grand Prix,R,RUS,Mercedes,12.0,1.0,HARD,12.0,99.63,30.028,36.197,33.405,215.0,248.0,221.0,303.0,1,True,False,True,False,2026-09-13 13:22:36.971,5.0,29.6,51.8,27.4,False,0.4,91.0
2026,14,Spanish Grand Prix,R,RUS,Mercedes,13.0,1.0,HARD,13.0,99.307,30.034,36.061,33.212,219.0,252.0,220.0,303.0,1,True,True,True,False,2026-09-13 13:24:16.601,5.0,29.7,52.1,27.9,False,1.0,277.0
2026,14,Spanish Grand Prix,R,RUS,Mercedes,14.0,1.0,HARD,14.0,109.967,30.075,36.175,43.717,218.0,238.0,,298.0,126,True,False,False,False,2026-09-13 13:25:55.908,5.0,29.9,51.6,27.0,False,0.5,207.0
2026,14,Spanish Grand Prix,R,RUS,Mercedes,15.0,2.0,MEDIUM,1.0,142.44,60.132,50.025,32.283,176.0,238.0,227.0,169.0,671,True,False,False,False,2026-09-13 13:27:45.875,5.0,29.8,50.8,27.0,False,0.8,331.0
2026,14,Spanish Grand Prix,R,RUS,Mercedes,16.0,2.0,MEDIUM,2.0,98.378,29.601,35.999,32.778,215.0,249.0,223.0,301.0,1,True,True,True,False,2026-09-13 13:30:08.315,4.0,29.8,52.5,27.0,False,0.0,0.0
2026,14,Spanish Grand Prix,R,RUS,Mercedes,17.0,2.0,MEDIUM,3.0,98.669,30.014,35.802,32.853,216.0,248.0,223.0,305.0,1,True,False,True,False,2026-09-13 13:31:46.693,4.0,29.8,52.6,26.0,False,2.4,91.0
2026,14,Spanish Grand Prix,R,RUS,Mercedes,18.0,2.0,MEDIUM,4.0,98.301,29.692,35.831,32.778,216.0,254.0,222.0,305.0,1,True,True,True,False,2026-09-13 13:33:25.362,4.0,29.9,52.5,26.6,False,0.4,89.0
2026,14,Spanish Grand Prix,R,RUS,Mercedes,19.0,2.0,MEDIUM,5.0,98.947,29.771,36.228,32.948,220.0,249.0,224.0,307.0,1,True,False,True,False,2026-09-13 13:35:03.663,4.0,29.9,51.7,24.9,False,1.2,49.0
2026,14,Spanish Grand Prix,R,RUS,Mercedes,20.0,2.0,MEDIUM,6.0,99.081,29.7,36.133,33.248,220.0,243.0,225.0,307.0,1,True,False,True,False,2026-09-13 13:36:42.610,4.0,30.0,52.7,25.0,False,3.6,308.0
2026,14,Spanish Grand Prix,R,RUS,Mercedes,21.0,2.0,MEDIUM,7.0,98.303,29.756,35.77,32.777,218.0,252.0,222.0,304.0,1,True,False,True,False,2026-09-13 13:38:21.691,4.0,30.1,52.3,24.7,False,2.2,289.0
2026,14,Spanish Grand Prix,R,RUS,Mercedes,22.0,2.0,MEDIUM,8.0,98.916,29.854,35.896,33.166,218.0,250.0,218.0,304.0,1,True,False,True,False,2026-09-13 13:39:59.994,4.0,29.9,52.3,24.8,False,1.5,316.0
2026,14,Spanish Grand Prix,R,RUS,Mercedes,23.0,2.0,MEDIUM,9.0,98.501,29.866,35.647,32.988,221.0,252.0,222.0,303.0,1,True,False,True,False,2026-09-13 13:41:38.910,4.0,30.1,52.3,24.1,False,2.8,59.0
2026,14,Spanish Grand Prix,R,RUS,Mercedes,24.0,2.0,MEDIUM,10.0,98.552,29.917,35.619,33.016,219.0,251.0,224.0,306.0,1,True,False,True,False,2026-09-13 13:43:17.411,4.0,30.1,52.7,24.3,False,1.4,276.0
2026,14,Spanish Grand Prix,R,RUS,Mercedes,25.0,2.0,MEDIUM,11.0,99.399,29.988,35.999,33.412,216.0,252.0,222.0,310.0,1,True,False,True,False,2026-09-13 13:44:55.963,4.0,30.2,52.8,24.7,False,2.7,339.0
2026,14,Spanish Grand Prix,R,RUS,Mercedes,26.0,2.0,MEDIUM,12.0,99.312,29.968,36.07,33.274,217.0,249.0,221.0,305.0,1,True,False,True,False,2026-09-13 13:46:35.362,4.0,30.2,52.9,24.7,False,0.8,289.0
2026,14,Spanish Grand Prix,R,RUS,Mercedes,27.0,2.0,MEDIUM,13.0,98.914,30.027,35.911,32.976,216.0,251.0,221.0,300.0,1,True,False,True,False,2026-09-13 13:48:14.674,4.0,30.4,53.0,25.0,False,4.1,286.0
2026,14,Spanish Grand Prix,R,RUS,Mercedes,28.0,2.0,MEDIUM,14.0,101.437,29.912,35.983,35.542,220.0,248.0,,305.0,1,True,False,False,False,2026-09-13 13:49:53.588,5.0,30.1,52.9,24.5,False,0.6,287.0
2026,14,Spanish Grand Prix,R,RUS,Mercedes,29.0,3.0,HARD,1.0,120.878,52.635,35.807,32.436,215.0,248.0,226.0,282.0,1,True,False,False,False,2026-09-13 13:51:35.025,6.0,30.2,53.3,24.3,False,1.4,283.0
2026,14,Spanish Grand Prix,R,RUS,Mercedes,30.0,3.0,HARD,2.0,97.904,29.557,35.605,32.742,217.0,249.0,226.0,305.0,1,True,True,True,False,2026-09-13 13:53:35.903,6.0,30.1,53.1,24.0,False,1.4,279.0
2026,14,Spanish Grand Prix,R,RUS,Mercedes,31.0,3.0,HARD,3.0,97.818,29.621,35.73,32.467,219.0,249.0,225.0,304.0,1,True,True,True,False,2026-09-13 13:55:13.807,6.0,30.1,53.2,24.5,False,1.8,12.0
2026,14,Spanish Grand Prix,R,RUS,Mercedes,32.0,3.0,HARD,4.0,97.947,29.9,35.589,32.458,222.0,252.0,225.0,293.0,1,True,False,True,False,2026-09-13 13:56:51.625,6.0,30.0,53.3,24.7,False,1.3,276.0
2026,14,Spanish Grand Prix,R,RUS,Mercedes,33.0,3.0,HARD,5.0,97.718,29.663,35.378,32.677,221.0,253.0,224.0,308.0,1,True,True,True,False,2026-09-13 13:58:29.572,6.0,30.1,53.5,24.8,False,0.5,334.0
2026,14,Spanish Grand Prix,R,RUS,Mercedes,34.0,3.0,HARD,6.0,97.93,29.777,35.227,32.926,219.0,251.0,221.0,296.0,1,True,False,True,False,2026-09-13 14:00:07.290,6.0,30.3,54.2,24.1,False,0.9,249.0
2026,14,Spanish Grand Prix,R,RUS,Mercedes,35.0,3.0,HARD,7.0,100.551,30.979,36.729,32.843,201.0,251.0,222.0,265.0,1,True,False,True,False,2026-09-13 14:01:45.220,5.0,30.5,54.5,23.3,False,0.0,0.0
2026,14,Spanish Grand Prix,R,RUS,Mercedes,36.0,3.0,HARD,8.0,97.995,29.794,35.53,32.671,219.0,256.0,223.0,311.0,1,True,False,True,False,2026-09-13 14:03:25.771,5.0,30.6,54.0,22.3,False,2.4,31.0
2026,14,Spanish Grand Prix,R,RUS,Mercedes,37.0,3.0,HARD,9.0,97.898,29.838,35.596,32.464,221.0,254.0,225.0,308.0,1,True,False,True,False,2026-09-13 14:05:03.766,5.0,30.6,53.6,22.9,False,1.5,295.0
2026,14,Spanish Grand Prix,R,RUS,Mercedes,38.0,3.0,HARD,10.0,97.113,29.704,35.053,32.356,225.0,255.0,226.0,305.0,1,True,True,True,False,2026-09-13 14:06:41.664,5.0,30.5,53.6,22.6,False,0.7,52.0
2026,14,Spanish Grand Prix,R,RUS,Mercedes,39.0,3.0,HARD,11.0,96.857,29.441,34.872,32.544,223.0,256.0,223.0,304.0,1,True,True,True,False,2026-09-13 14:08:18.777,5.0,30.3,53.6,23.3,False,1.6,51.0
2026,14,Spanish Grand Prix,R,RUS,Mercedes,40.0,3.0,HARD,12.0,97.033,29.514,35.044,32.475,225.0,257.0,224.0,304.0,1,True,False,True,False,2026-09-13 14:09:55.634,5.0,30.1,53.9,23.6,False,2.0,253.0
2026,14,Spanish Grand Prix,R,RUS,Mercedes,41.0,3.0,HARD,13.0,97.166,29.436,35.115,32.615,224.0,257.0,223.0,308.0,1,True,False,True,False,2026-09-13 14:11:32.667,5.0,30.1,53.8,23.0,False,0.6,312.0
2026,14,Spanish Grand Prix,R,RUS,Mercedes,42.0,3.0,HARD,14.0,98.363,29.732,35.429,33.202,220.0,255.0,222.0,309.0,1,True,False,True,False,2026-09-13 14:13:09.833,5.0,30.1,54.1,23.4,False,1.0,59.0
2026,14,Spanish Grand Prix,R,RUS,Mercedes,43.0,3.0,HARD,15.0,97.215,29.561,34.955,32.699,224.0,257.0,225.0,314.0,1,True,False,True,False,2026-09-13 14:14:48.196,5.0,30.5,53.7,22.9,False,0.3,329.0
2026,14,Spanish Grand Prix,R,RUS,Mercedes,44.0,3.0,HARD,16.0,98.265,29.447,35.525,33.293,224.0,239.0,225.0,305.0,1,True,False,True,False,2026-09-13 14:16:25.411,5.0,30.8,54.2,23.0,False,1.7,262.0
2026,14,Spanish Grand Prix,R,RUS,Mercedes,45.0,3.0,HARD,17.0,97.109,29.555,34.857,32.697,223.0,257.0,225.0,302.0,1,True,False,True,False,2026-09-13 14:18:03.676,5.0,30.7,53.5,22.3,False,3.4,285.0
2026,14,Spanish Grand Prix,R,RUS,Mercedes,46.0,3.0,HARD,18.0,96.082,29.44,34.553,32.089,223.0,259.0,227.0,303.0,1,True,True,True,False,2026-09-13 14:19:40.785,5.0,30.7,53.5,22.0,False,0.0,0.0
2026,14,Spanish Grand Prix,R,RUS,Mercedes,47.0,3.0,HARD,19.0,95.873,29.276,34.565,32.032,227.0,258.0,225.0,304.0,1,True,True,True,False,2026-09-13 14:21:16.867,5.0,30.7,53.8,21.5,False,0.8,75.0
2026,14,Spanish Grand Prix,R,RUS,Mercedes,48.0,3.0,HARD,20.0,95.758,29.267,34.618,31.873,226.0,255.0,226.0,304.0,1,True,True,True,False,2026-09-13 14:22:52.740,5.0,30.9,53.8,21.6,False,1.9,273.0
2026,14,Spanish Grand Prix,R,RUS,Mercedes,49.0,3.0,HARD,21.0,95.587,29.099,34.497,31.991,227.0,258.0,224.0,308.0,1,True,True,True,False,2026-09-13 14:24:28.498,5.0,30.9,53.2,21.8,False,1.5,304.0
2026,14,Spanish Grand Prix,R,RUS,Mercedes,50.0,3.0,HARD,22.0,96.461,29.222,34.517,32.722,227.0,258.0,225.0,312.0,1,True,False,True,False,2026-09-13 14:26:04.085,5.0,30.8,54.1,21.1,False,1.1,296.0
2026,14,Spanish Grand Prix,R,RUS,Mercedes,51.0,3.0,HARD,23.0,96.104,29.243,34.724,32.137,226.0,258.0,224.0,312.0,1,True,False,True,False,2026-09-13 14:27:40.546,5.0,30.8,53.0,20.8,False,0.9,179.0
2026,14,Spanish Grand Prix,R,RUS,Mercedes,52.0,3.0,HARD,24.0,96.487,29.518,34.678,32.291,225.0,257.0,225.0,311.0,1,True,False,True,False,2026-09-13 14:29:16.650,5.0,30.9,54.4,21.1,False,0.6,358.0
2026,14,Spanish Grand Prix,R,RUS,Mercedes,53.0,3.0,HARD,25.0,96.415,29.483,34.541,32.391,224.0,257.0,223.0,312.0,1,True,False,True,False,2026-09-13 14:30:53.137,5.0,30.8,54.8,22.1,False,1.5,88.0
2026,14,Spanish Grand Prix,R,RUS,Mercedes,54.0,3.0,HARD,26.0,96.902,29.427,34.842,32.633,223.0,255.0,222.0,312.0,1,True,False,True,False,2026-09-13 14:32:29.552,5.0,31.0,54.9,21.6,False,2.1,72.0
2026,14,Spanish Grand Prix,R,RUS,Mercedes,55.0,3.0,HARD,27.0,96.817,29.426,34.859,32.532,222.0,259.0,225.0,311.0,1,True,False,True,False,2026-09-13 14:34:06.454,5.0,30.9,54.1,22.8,False,1.8,69.0
2026,14,Spanish Grand Prix,R,RUS,Mercedes,56.0,3.0,HARD,28.0,97.306,29.429,35.196,32.681,225.0,255.0,224.0,301.0,1,True,False,True,False,2026-09-13 14:35:43.271,5.0,30.9,54.1,23.1,False,0.6,45.0
2026,14,Spanish Grand Prix,R,RUS,Mercedes,57.0,3.0,HARD,29.0,97.511,29.466,35.235,32.81,226.0,257.0,224.0,304.0,1,True,False,True,False,2026-09-13 14:37:20.577,5.0,30.9,54.0,23.1,False,0.3,107.0
2026,14,Spanish Grand Prix,R,BOT,Cadillac,1.0,1.0,HARD,1.0,115.231,,39.314,35.235,168.0,228.0,218.0,220.0,12,True,False,False,False,2026-09-13 13:04:04.249,21.0,28.7,50.1,30.3,False,4.0,67.0
2026,14,Spanish Grand Prix,R,BOT,Cadillac,2.0,1.0,HARD,2.0,106.52,31.75,38.826,35.944,199.0,223.0,215.0,243.0,1,True,True,True,False,2026-09-13 13:05:59.736,22.0,28.8,50.6,29.9,False,2.0,287.0
2026,14,Spanish Grand Prix,R,BOT,Cadillac,3.0,1.0,HARD,3.0,105.001,31.42,38.2,35.381,207.0,217.0,216.0,256.0,1,True,True,True,False,2026-09-13 13:07:46.256,22.0,28.7,50.9,29.5,False,1.9,67.0
2026,14,Spanish Grand Prix,R,BOT,Cadillac,4.0,1.0,HARD,4.0,104.761,31.414,38.131,35.216,205.0,221.0,217.0,253.0,1,True,True,True,False,2026-09-13 13:09:31.257,22.0,28.7,51.5,29.7,False,0.0,0.0
2026,14,Spanish Grand Prix,R,BOT,Cadillac,5.0,1.0,HARD,5.0,104.223,31.48,37.787,34.956,208.0,229.0,217.0,268.0,12,True,True,True,False,2026-09-13 13:11:16.018,22.0,28.9,51.5,29.0,False,1.1,91.0
2026,14,Spanish Grand Prix,R,BOT,Cadillac,6.0,1.0,HARD,6.0,105.057,31.397,37.805,35.855,195.0,222.0,217.0,269.0,1,True,False,True,False,2026-09-13 13:13:00.241,21.0,29.1,51.7,28.4,False,2.0,80.0
2026,14,Spanish Grand Prix,R,BOT,Cadillac,7.0,1.0,HARD,7.0,103.759,31.133,37.611,35.015,209.0,226.0,218.0,274.0,1,True,True,True,False,2026-09-13 13:14:45.298,21.0,29.0,50.5,28.4,False,0.9,13.0
2026,14,Spanish Grand Prix,R,BOT,Cadillac,8.0,1.0,HARD,8.0,103.843,31.386,37.578,34.879,205.0,227.0,216.0,270.0,1,True,False,True,False,2026-09-13 13:16:29.057,21.0,28.9,51.5,28.8,False,2.2,69.0
2026,14,Spanish Grand Prix,R,BOT,Cadillac,9.0,1.0,HARD,9.0,104.139,31.214,37.708,35.217,206.0,227.0,215.0,277.0,1,True,False,True,False,2026-09-13 13:18:12.900,21.0,29.0,51.7,28.7,False,1.7,61.0
2026,14,Spanish Grand Prix,R,BOT,Cadillac,10.0,1.0,HARD,10.0,104.189,31.444,37.798,34.947,208.0,226.0,217.0,270.0,1,True,False,True,False,2026-09-13 13:19:57.039,21.0,29.2,51.9,29.0,False,0.0,0.0
2026,14,Spanish Grand Prix,R,BOT,Cadillac,11.0,1.0,HARD,11.0,103.727,31.454,37.386,34.887,210.0,226.0,215.0,273.0,1,True,True,True,False,2026-09-13 13:21:41.228,21.0,29.4,52.0,27.4,False,1.3,96.0
2026,14,Spanish Grand Prix,R,BOT,Cadillac,12.0,1.0,HARD,12.0,104.342,31.497,37.591,35.254,207.0,223.0,214.0,270.0,1,True,False,True,False,2026-09-13 13:23:24.955,21.0,29.6,51.8,27.4,False,0.4,91.0
2026,14,Spanish Grand Prix,R,BOT,Cadillac,13.0,1.0,HARD,13.0,104.575,31.324,37.46,35.791,210.0,227.0,217.0,266.0,12,True,False,True,False,2026-09-13 13:25:09.297,20.0,29.8,52.5,27.4,False,1.0,328.0
2026,14,Spanish Grand Prix,R,BOT,Cadillac,14.0,1.0,HARD,14.0,136.01,35.238,51.445,49.327,132.0,152.0,147.0,260.0,26,True,False,False,False,2026-09-13 13:26:53.872,20.0,29.9,51.8,27.1,False,0.0,0.0
2026,14,Spanish Grand Prix,R,BOT,Cadillac,15.0,1.0,HARD,15.0,112.853,40.727,37.218,34.908,211.0,233.0,214.0,244.0,671,True,False,False,False,2026-09-13 13:29:09.882,18.0,29.8,52.6,26.9,False,0.3,35.0
2026,14,Spanish Grand Prix,R,BOT,Cadillac,16.0,1.0,HARD,16.0,104.245,32.0,37.297,34.948,204.0,222.0,218.0,268.0,1,True,False,True,False,2026-09-13 13:31:02.735,19.0,29.8,52.7,26.8,False,1.1,120.0
2026,14,Spanish Grand Prix,R,BOT,Cadillac,17.0,1.0,HARD,17.0,103.192,31.108,37.254,34.83,204.0,233.0,217.0,278.0,1,True,True,True,False,2026-09-13 13:32:46.980,19.0,29.9,52.5,26.6,False,0.4,89.0
2026,14,Spanish Grand Prix,R,BOT,Cadillac,18.0,1.0,HARD,18.0,102.933,31.066,37.259,34.608,208.0,230.0,219.0,271.0,1,True,True,True,False,2026-09-13 13:34:30.172,19.0,29.9,52.3,25.4,False,3.3,47.0
2026,14,Spanish Grand Prix,R,BOT,Cadillac,19.0,1.0,HARD,19.0,102.583,30.874,37.035,34.674,211.0,227.0,218.0,279.0,1,True,True,True,False,2026-09-13 13:36:13.105,19.0,29.8,52.3,24.7,False,0.9,97.0
2026,14,Spanish Grand Prix,R,BOT,Cadillac,20.0,1.0,HARD,20.0,102.82,31.203,36.914,34.703,211.0,232.0,219.0,271.0,1,True,False,True,False,2026-09-13 13:37:55.688,19.0,30.1,52.3,24.7,False,2.2,289.0
2026,14,Spanish Grand Prix,R,BOT,Cadillac,21.0,1.0,HARD,21.0,102.885,31.079,37.113,34.693,208.0,229.0,219.0,269.0,1,True,False,True,False,2026-09-13 13:39:38.508,19.0,29.9,52.3,24.8,False,1.5,316.0
2026,14,Spanish Grand Prix,R,BOT,Cadillac,22.0,1.0,HARD,22.0,102.619,31.03,36.847,34.742,210.0,234.0,217.0,275.0,1,True,False,True,False,2026-09-13 13:41:21.393,19.0,30.0,52.6,24.4,False,2.8,294.0
2026,14,Spanish Grand Prix,R,BOT,Cadillac,23.0,1.0,HARD,23.0,105.124,32.027,37.338,35.759,182.0,227.0,219.0,266.0,1,True,False,True,False,2026-09-13 13:43:04.012,19.0,30.1,52.7,24.3,False,1.4,276.0
2026,14,Spanish Grand Prix,R,BOT,Cadillac,24.0,1.0,HARD,24.0,108.717,31.648,38.948,38.121,203.0,222.0,214.0,263.0,1,True,False,True,False,2026-09-13 13:44:49.136,19.0,30.2,52.8,24.7,False,2.7,339.0
2026,14,Spanish Grand Prix,R,BOT,Cadillac,25.0,1.0,HARD,25.0,103.725,31.551,37.571,34.603,206.0,232.0,218.0,275.0,1,True,False,True,False,2026-09-13 13:46:37.853,19.0,30.2,52.9,24.7,False,0.8,289.0
2026,14,Spanish Grand Prix,R,BOT,Cadillac,26.0,1.0,HARD,26.0,102.667,30.97,36.927,34.77,212.0,231.0,218.0,280.0,1,True,False,True,False,2026-09-13 13:48:21.578,19.0,30.4,53.0,25.0,False,4.1,286.0
2026,14,Spanish Grand Prix,R,BOT,Cadillac,27.0,1.0,HARD,27.0,102.77,31.045,37.109,34.616,210.0,235.0,220.0,277.0,1,True,False,True,False,2026-09-13 13:50:04.245,19.0,30.1,52.9,24.5,False,0.6,287.0
2026,14,Spanish Grand Prix,R,BOT,Cadillac,28.0,1.0,HARD,28.0,104.06,30.945,36.94,36.175,206.0,231.0,216.0,278.0,1,True,False,True,False,2026-09-13 13:51:47.015,19.0,30.2,53.3,24.3,False,1.4,283.0
2026,14,Spanish Grand Prix,R,BOT,Cadillac,29.0,1.0,HARD,29.0,108.049,31.712,37.161,39.176,209.0,235.0,,240.0,1,True,False,False,False,2026-09-13 13:53:31.075,19.0,30.3,52.9,24.2,False,2.5,278.0
2026,14,Spanish Grand Prix,R,BOT,Cadillac,30.0,2.0,HARD,1.0,127.536,55.35,38.083,34.103,206.0,230.0,220.0,245.0,1,True,False,False,False,2026-09-13 13:55:19.124,20.0,30.1,53.2,24.5,False,1.8,12.0
2026,14,Spanish Grand Prix,R,BOT,Cadillac,31.0,2.0,HARD,2.0,103.788,30.81,38.464,34.514,213.0,232.0,222.0,278.0,1,True,False,True,False,2026-09-13 13:57:26.660,20.0,30.0,53.3,24.7,False,1.3,276.0
2026,14,Spanish Grand Prix,R,BOT,Cadillac,32.0,2.0,HARD,3.0,101.547,30.846,36.691,34.01,211.0,235.0,218.0,283.0,1,True,True,True,False,2026-09-13 13:59:10.448,18.0,30.2,53.7,24.5,False,1.0,280.0
2026,14,Spanish Grand Prix,R,BOT,Cadillac,33.0,2.0,HARD,4.0,101.651,30.935,36.665,34.051,211.0,231.0,222.0,271.0,1,True,False,True,False,2026-09-13 14:00:51.995,18.0,30.4,54.3,23.5,False,0.9,276.0
2026,14,Spanish Grand Prix,R,BOT,Cadillac,34.0,2.0,HARD,5.0,101.276,30.797,36.458,34.021,213.0,236.0,220.0,275.0,1,True,True,True,False,2026-09-13 14:02:33.646,18.0,30.5,54.5,23.3,False,0.0,0.0
2026,14,Spanish Grand Prix,R,BOT,Cadillac,35.0,2.0,HARD,6.0,101.283,30.763,36.311,34.209,212.0,238.0,221.0,278.0,1,True,False,True,False,2026-09-13 14:04:14.922,18.0,30.6,53.3,22.0,False,0.7,207.0
2026,14,Spanish Grand Prix,R,BOT,Cadillac,36.0,2.0,HARD,7.0,103.912,31.047,36.811,36.054,208.0,235.0,218.0,278.0,1,True,False,True,False,2026-09-13 14:05:56.205,18.0,30.7,54.0,22.4,False,0.9,278.0
2026,14,Spanish Grand Prix,R,BOT,Cadillac,37.0,2.0,HARD,8.0,109.793,32.745,42.131,34.917,208.0,213.0,218.0,235.0,1,True,False,True,False,2026-09-13 14:07:40.117,18.0,30.3,53.6,23.3,False,1.6,51.0
2026,14,Spanish Grand Prix,R,BOT,Cadillac,38.0,2.0,HARD,9.0,102.124,30.939,36.743,34.442,215.0,238.0,218.0,276.0,1,True,False,True,False,2026-09-13 14:09:29.910,18.0,30.2,53.6,23.4,False,0.9,63.0
2026,14,Spanish Grand Prix,R,BOT,Cadillac,39.0,2.0,HARD,10.0,102.042,31.01,36.545,34.487,213.0,232.0,219.0,276.0,1,True,False,True,False,2026-09-13 14:11:12.034,18.0,30.1,53.8,23.0,False,0.6,312.0
2026,14,Spanish Grand Prix,R,BOT,Cadillac,40.0,2.0,HARD,11.0,102.309,31.06,36.954,34.295,211.0,235.0,220.0,268.0,1,True,False,True,False,2026-09-13 14:12:54.076,18.0,30.1,54.1,23.4,False,1.0,59.0
2026,14,Spanish Grand Prix,R,BOT,Cadillac,41.0,2.0,HARD,12.0,102.478,31.098,36.912,34.468,213.0,231.0,221.0,278.0,1,True,False,True,False,2026-09-13 14:14:36.385,18.0,30.5,53.7,22.9,False,0.3,329.0
2026,14,Spanish Grand Prix,R,BOT,Cadillac,42.0,2.0,HARD,13.0,106.032,31.337,38.831,35.864,211.0,227.0,223.0,269.0,1,True,False,True,False,2026-09-13 14:16:18.863,18.0,30.8,54.2,23.0,False,1.7,262.0
2026,14,Spanish Grand Prix,R,BOT,Cadillac,43.0,2.0,HARD,14.0,106.131,31.939,37.112,37.08,207.0,241.0,,293.0,1,True,False,False,False,2026-09-13 14:18:04.895,18.0,30.7,53.5,22.3,False,3.4,285.0
2026,14,Spanish Grand Prix,R,BOT,Cadillac,44.0,3.0,SOFT,1.0,124.43,54.39,36.554,33.486,212.0,237.0,222.0,260.0,1,True,False,False,False,2026-09-13 14:19:51.026,18.0,30.7,53.5,22.0,False,0.0,0.0
2026,14,Spanish Grand Prix,R,BOT,Cadillac,45.0,3.0,SOFT,2.0,99.13,30.16,35.777,33.193,217.0,244.0,226.0,280.0,1,True,True,True,False,2026-09-13 14:21:55.456,18.0,30.7,54.1,21.1,False,0.7,253.0
2026,14,Spanish Grand Prix,R,BOT,Cadillac,46.0,3.0,SOFT,3.0,102.219,32.435,36.172,33.612,218.0,242.0,225.0,270.0,1,True,False,True,False,2026-09-13 14:23:34.586,18.0,30.9,53.8,21.6,False,1.9,273.0
2026,14,Spanish Grand Prix,R,BOT,Cadillac,47.0,3.0,SOFT,4.0,107.756,30.575,38.321,38.86,213.0,234.0,222.0,282.0,1,True,False,True,False,2026-09-13 14:25:16.805,18.0,30.9,53.6,21.2,False,3.7,292.0
2026,14,Spanish Grand Prix,R,BOT,Cadillac,48.0,3.0,SOFT,5.0,110.365,30.981,44.309,35.075,213.0,194.0,220.0,278.0,1,True,False,True,False,2026-09-13 14:27:04.561,18.0,30.9,53.9,20.5,False,1.0,143.0
2026,14,Spanish Grand Prix,R,BOT,Cadillac,49.0,3.0,SOFT,6.0,102.018,31.084,36.728,34.206,210.0,238.0,217.0,283.0,1,True,False,True,False,2026-09-13 14:28:54.926,18.0,30.9,54.4,21.1,False,0.6,358.0
2026,14,Spanish Grand Prix,R,BOT,Cadillac,50.0,3.0,SOFT,7.0,105.816,30.947,40.495,34.374,214.0,237.0,219.0,286.0,1,True,False,True,False,2026-09-13 14:30:36.944,18.0,30.8,54.8,22.1,False,1.5,88.0
2026,14,Spanish Grand Prix,R,BOT,Cadillac,51.0,3.0,SOFT,8.0,105.657,31.116,37.782,36.759,215.0,232.0,214.0,276.0,1,True,False,True,False,2026-09-13 14:32:22.760,18.0,31.0,54.9,21.6,False,2.1,72.0
2026,14,Spanish Grand Prix,R,BOT,Cadillac,52.0,3.0,SOFT,9.0,102.417,31.111,36.88,34.426,216.0,231.0,220.0,284.0,1,True,False,True,False,2026-09-13 14:34:08.417,18.0,30.9,54.1,22.8,False,1.8,69.0
2026,14,Spanish Grand Prix,R,BOT,Cadillac,53.0,3.0,SOFT,10.0,102.753,31.123,37.38,34.25,212.0,241.0,221.0,269.0,1,True,False,True,False,2026-09-13 14:35:50.834,18.0,30.9,54.1,23.1,False,0.6,45.0
2026,14,Spanish Grand Prix,R,BOT,Cadillac,54.0,3.0,SOFT,11.0,103.918,31.063,37.6,35.255,218.0,226.0,220.0,278.0,1,True,False,True,False,2026-09-13 14:37:33.587,18.0,30.9,54.0,23.1,False,0.3,107.0
2026,14,Spanish Grand Prix,R,PIA,McLaren,1.0,1.0,HARD,1.0,108.258,,37.908,34.54,190.0,217.0,217.0,220.0,12,True,False,False,False,2026-09-13 13:04:04.249,10.0,28.7,50.1,30.3,False,4.0,67.0
2026,14,Spanish Grand Prix,R,PIA,McLaren,2.0,1.0,HARD,2.0,102.951,30.852,37.886,34.213,207.0,230.0,220.0,262.0,1,True,True,True,False,2026-09-13 13:05:52.763,10.0,28.8,50.6,29.9,False,2.0,287.0
2026,14,Spanish Grand Prix,R,PIA,McLaren,3.0,1.0,HARD,3.0,102.497,30.807,37.673,34.017,215.0,244.0,220.0,278.0,1,True,True,True,False,2026-09-13 13:07:35.714,10.0,28.7,50.9,29.5,False,1.9,67.0
2026,14,Spanish Grand Prix,R,PIA,McLaren,4.0,1.0,HARD,4.0,102.422,30.68,37.901,33.841,205.0,240.0,221.0,259.0,1,True,True,True,False,2026-09-13 13:09:18.211,10.0,28.7,51.5,29.7,False,0.0,0.0
2026,14,Spanish Grand Prix,R,PIA,McLaren,5.0,1.0,HARD,5.0,102.864,30.731,37.607,34.526,210.0,236.0,220.0,274.0,12,True,False,True,False,2026-09-13 13:11:00.633,9.0,28.9,51.5,29.0,False,1.1,91.0
2026,14,Spanish Grand Prix,R,PIA,McLaren,6.0,1.0,HARD,6.0,102.754,30.861,37.619,34.274,209.0,241.0,219.0,265.0,1,True,False,True,False,2026-09-13 13:12:43.497,9.0,29.1,51.7,28.4,False,2.0,80.0
2026,14,Spanish Grand Prix,R,PIA,McLaren,7.0,1.0,HARD,7.0,101.994,31.152,37.162,33.68,217.0,243.0,220.0,248.0,1,True,True,True,False,2026-09-13 13:14:26.251,9.0,29.1,50.8,28.3,False,3.1,43.0
2026,14,Spanish Grand Prix,R,PIA,McLaren,8.0,1.0,HARD,8.0,101.958,30.818,37.488,33.652,212.0,244.0,220.0,261.0,1,True,True,True,False,2026-09-13 13:16:08.245,9.0,28.9,51.5,28.8,False,2.2,69.0
2026,14,Spanish Grand Prix,R,PIA,McLaren,9.0,1.0,HARD,9.0,101.81,30.596,37.282,33.932,212.0,237.0,219.0,272.0,1,True,True,True,False,2026-09-13 13:17:50.203,9.0,29.0,51.7,28.7,False,1.7,61.0
2026,14,Spanish Grand Prix,R,PIA,McLaren,10.0,1.0,HARD,10.0,103.045,31.082,37.71,34.253,206.0,232.0,221.0,273.0,1,True,False,True,False,2026-09-13 13:19:32.013,9.0,29.1,51.8,28.5,False,1.4,51.0
2026,14,Spanish Grand Prix,R,PIA,McLaren,11.0,1.0,HARD,11.0,102.524,30.926,37.479,34.119,213.0,237.0,220.0,281.0,1,True,False,True,False,2026-09-13 13:21:15.058,9.0,29.4,52.1,28.6,False,3.5,290.0
2026,14,Spanish Grand Prix,R,PIA,McLaren,12.0,1.0,HARD,12.0,102.702,30.776,37.576,34.35,208.0,234.0,219.0,254.0,1,True,False,True,False,2026-09-13 13:22:57.582,9.0,29.6,51.8,27.4,False,0.4,91.0
2026,14,Spanish Grand Prix,R,PIA,McLaren,13.0,1.0,HARD,13.0,102.49,30.866,37.488,34.136,210.0,238.0,221.0,271.0,1,True,False,True,False,2026-09-13 13:24:40.284,9.0,29.8,52.5,27.4,False,1.0,328.0
2026,14,Spanish Grand Prix,R,PIA,McLaren,14.0,1.0,HARD,14.0,124.233,30.76,45.154,48.319,210.0,207.0,117.0,250.0,126,True,False,False,False,2026-09-13 13:26:22.774,9.0,29.9,51.6,27.0,False,0.5,207.0
2026,14,Spanish Grand Prix,R,PIA,McLaren,15.0,1.0,HARD,15.0,121.918,48.746,39.701,33.471,192.0,232.0,223.0,128.0,671,True,False,False,False,2026-09-13 13:28:27.007,7.0,29.8,50.8,27.0,False,0.8,331.0
2026,14,Spanish Grand Prix,R,PIA,McLaren,16.0,1.0,HARD,16.0,100.067,30.621,36.115,33.331,219.0,248.0,214.0,270.0,1,True,True,True,False,2026-09-13 13:30:28.925,7.0,29.8,52.5,27.0,False,0.0,0.0
2026,14,Spanish Grand Prix,R,PIA,McLaren,17.0,1.0,HARD,17.0,99.959,30.728,36.367,32.864,215.0,249.0,223.0,285.0,1,True,True,True,False,2026-09-13 13:32:08.992,7.0,29.8,52.6,26.0,False,2.4,91.0
2026,14,Spanish Grand Prix,R,PIA,McLaren,18.0,1.0,HARD,18.0,99.179,30.343,36.006,32.83,219.0,253.0,223.0,290.0,1,True,True,True,False,2026-09-13 13:33:48.951,7.0,29.9,52.3,25.4,False,3.3,47.0
2026,14,Spanish Grand Prix,R,PIA,McLaren,19.0,1.0,HARD,19.0,99.328,30.318,35.883,33.127,216.0,249.0,221.0,293.0,1,True,False,True,False,2026-09-13 13:35:28.130,7.0,29.9,51.7,24.9,False,1.2,49.0
2026,14,Spanish Grand Prix,R,PIA,McLaren,20.0,1.0,HARD,20.0,99.383,30.434,35.876,33.073,219.0,248.0,224.0,291.0,1,True,False,True,False,2026-09-13 13:37:07.458,7.0,30.0,52.7,25.0,False,3.6,308.0
2026,14,Spanish Grand Prix,R,PIA,McLaren,21.0,1.0,HARD,21.0,99.147,30.412,35.883,32.852,218.0,249.0,223.0,285.0,1,True,True,True,False,2026-09-13 13:38:46.841,7.0,30.0,52.8,24.7,False,0.4,352.0
2026,14,Spanish Grand Prix,R,PIA,McLaren,22.0,1.0,HARD,22.0,99.114,30.263,35.911,32.94,221.0,249.0,222.0,283.0,1,True,True,True,False,2026-09-13 13:40:25.988,7.0,29.9,52.3,24.8,False,1.5,316.0
2026,14,Spanish Grand Prix,R,PIA,McLaren,23.0,1.0,HARD,23.0,98.526,30.054,35.607,32.865,221.0,252.0,225.0,294.0,1,True,True,True,False,2026-09-13 13:42:05.102,7.0,30.1,52.3,24.1,False,2.8,59.0
2026,14,Spanish Grand Prix,R,PIA,McLaren,24.0,1.0,HARD,24.0,98.687,30.155,35.606,32.926,222.0,253.0,222.0,297.0,1,True,False,True,False,2026-09-13 13:43:43.628,7.0,30.3,52.8,24.2,False,1.4,316.0
2026,14,Spanish Grand Prix,R,PIA,McLaren,25.0,1.0,HARD,25.0,98.679,30.049,35.715,32.915,222.0,253.0,223.0,297.0,1,True,False,True,False,2026-09-13 13:45:22.315,7.0,30.2,52.8,24.7,False,2.7,339.0
2026,14,Spanish Grand Prix,R,PIA,McLaren,26.0,1.0,HARD,26.0,99.395,30.31,35.965,33.12,221.0,250.0,221.0,290.0,1,True,False,True,False,2026-09-13 13:47:00.994,7.0,30.2,52.9,24.7,False,0.8,289.0
2026,14,Spanish Grand Prix,R,PIA,McLaren,27.0,1.0,HARD,27.0,98.848,30.315,35.579,32.954,222.0,255.0,221.0,292.0,1,True,False,True,False,2026-09-13 13:48:40.389,7.0,30.3,52.7,24.2,False,2.6,279.0
2026,14,Spanish Grand Prix,R,PIA,McLaren,28.0,1.0,HARD,28.0,99.18,30.062,35.724,33.394,224.0,251.0,225.0,298.0,1,True,False,True,False,2026-09-13 13:50:19.237,7.0,30.1,52.9,24.5,False,0.6,287.0
2026,14,Spanish Grand Prix,R,PIA,McLaren,29.0,1.0,HARD,29.0,99.054,29.994,35.851,33.209,213.0,253.0,222.0,297.0,1,True,False,True,False,2026-09-13 13:51:58.417,7.0,30.2,53.3,24.3,False,1.4,283.0
2026,14,Spanish Grand Prix,R,PIA,McLaren,30.0,1.0,HARD,30.0,99.033,30.03,35.76,33.243,220.0,248.0,223.0,289.0,1,True,False,True,False,2026-09-13 13:53:37.471,7.0,30.1,53.1,24.0,False,1.4,279.0
2026,14,Spanish Grand Prix,R,PIA,McLaren,31.0,1.0,HARD,31.0,98.188,29.757,35.488,32.943,220.0,255.0,220.0,301.0,1,True,True,True,False,2026-09-13 13:55:16.504,7.0,30.1,53.2,24.5,False,1.8,12.0
2026,14,Spanish Grand Prix,R,PIA,McLaren,32.0,1.0,HARD,32.0,99.263,29.998,35.56,33.705,219.0,252.0,223.0,297.0,1,True,False,True,False,2026-09-13 13:56:54.692,7.0,30.0,53.3,24.7,False,1.3,276.0
2026,14,Spanish Grand Prix,R,PIA,McLaren,33.0,1.0,HARD,33.0,98.014,29.923000000000002,35.264,32.827,222.0,255.0,222.0,296.0,1,True,True,True,False,2026-09-13 13:58:33.955,7.0,30.1,53.5,24.8,False,0.5,334.0
2026,14,Spanish Grand Prix,R,PIA,McLaren,34.0,1.0,HARD,34.0,97.965,29.896,35.232,32.837,225.0,252.0,220.0,296.0,1,True,True,True,False,2026-09-13 14:00:11.969,7.0,30.3,54.2,24.1,False,0.9,249.0
2026,14,Spanish Grand Prix,R,PIA,McLaren,35.0,1.0,HARD,35.0,98.324,29.924,35.361,33.039,223.0,259.0,221.0,297.0,1,True,False,True,False,2026-09-13 14:01:49.934,7.0,30.5,54.5,23.3,False,0.0,0.0
2026,14,Spanish Grand Prix,R,PIA,McLaren,36.0,1.0,HARD,36.0,98.859,30.042,35.68,33.137,217.0,252.0,224.0,295.0,1,True,False,True,False,2026-09-13 14:03:28.258,7.0,30.6,54.0,22.3,False,2.4,31.0
2026,14,Spanish Grand Prix,R,PIA,McLaren,37.0,1.0,HARD,37.0,98.832,30.001,35.635,33.196,214.0,255.0,222.0,296.0,1,True,False,True,False,2026-09-13 14:05:07.117,7.0,30.6,53.6,22.9,False,1.5,295.0
2026,14,Spanish Grand Prix,R,PIA,McLaren,38.0,1.0,HARD,38.0,98.636,30.147,35.487,33.002,215.0,254.0,224.0,288.0,1,True,False,True,False,2026-09-13 14:06:45.949,7.0,30.5,53.6,22.6,False,0.7,52.0
2026,14,Spanish Grand Prix,R,PIA,McLaren,39.0,1.0,HARD,39.0,98.85,29.984,35.622,33.244,211.0,252.0,222.0,298.0,1,True,False,True,False,2026-09-13 14:08:24.585,7.0,30.3,53.6,23.3,False,1.6,51.0
2026,14,Spanish Grand Prix,R,PIA,McLaren,40.0,1.0,HARD,40.0,98.565,29.951999999999998,35.436,33.177,217.0,256.0,223.0,290.0,1,True,False,True,False,2026-09-13 14:10:03.435,7.0,30.1,53.9,23.6,False,2.0,253.0
2026,14,Spanish Grand Prix,R,PIA,McLaren,41.0,1.0,HARD,41.0,98.767,30.192,35.455,33.12,215.0,257.0,223.0,297.0,1,True,False,True,False,2026-09-13 14:11:42.000,7.0,30.0,54.0,23.6,False,0.9,64.0
2026,14,Spanish Grand Prix,R,PIA,McLaren,42.0,1.0,HARD,42.0,102.194,29.856,35.598,36.74,214.0,258.0,,302.0,1,True,False,False,False,2026-09-13 14:13:20.767,7.0,30.1,54.1,23.4,False,1.0,59.0
2026,14,Spanish Grand Prix,R,PIA,McLaren,43.0,2.0,MEDIUM,1.0,121.789,54.498,35.053,32.238,206.0,257.0,227.0,255.0,1,True,False,False,False,2026-09-13 14:15:02.961,11.0,30.5,53.7,22.9,False,0.3,329.0
2026,14,Spanish Grand Prix,R,PIA,McLaren,44.0,2.0,MEDIUM,2.0,98.641,29.984,35.319,33.338,211.0,243.0,224.0,273.0,1,True,False,True,False,2026-09-13 14:17:04.750,10.0,30.8,54.0,22.0,False,3.1,276.0
2026,14,Spanish Grand Prix,R,PIA,McLaren,45.0,2.0,MEDIUM,3.0,100.554,30.856,36.252,33.446,210.0,242.0,225.0,274.0,1,True,False,True,False,2026-09-13 14:18:43.391,10.0,30.7,53.7,22.0,False,1.1,342.0
2026,14,Spanish Grand Prix,R,PIA,McLaren,46.0,2.0,MEDIUM,4.0,99.478,30.463,35.6,33.415,207.0,251.0,225.0,302.0,1,True,False,True,False,2026-09-13 14:20:23.945,10.0,30.7,53.5,22.0,False,0.0,0.0
2026,14,Spanish Grand Prix,R,PIA,McLaren,47.0,2.0,MEDIUM,5.0,100.588,30.396,36.684,33.508,199.0,237.0,225.0,276.0,1,True,False,True,False,2026-09-13 14:22:03.423,9.0,30.7,54.1,21.1,False,0.7,253.0
2026,14,Spanish Grand Prix,R,PIA,McLaren,48.0,2.0,MEDIUM,6.0,97.226,29.811,34.724,32.691,218.0,254.0,224.0,292.0,1,True,True,True,False,2026-09-13 14:23:44.011,9.0,30.9,53.2,21.8,False,1.5,304.0
2026,14,Spanish Grand Prix,R,PIA,McLaren,49.0,2.0,MEDIUM,7.0,98.059,29.964,34.867,33.228,217.0,253.0,225.0,294.0,1,True,False,True,False,2026-09-13 14:25:21.237,9.0,30.9,53.6,21.2,False,3.7,292.0
2026,14,Spanish Grand Prix,R,PIA,McLaren,50.0,2.0,MEDIUM,8.0,98.187,30.283,35.17,32.734,217.0,250.0,224.0,294.0,1,True,False,True,False,2026-09-13 14:26:59.296,9.0,30.9,53.9,20.5,False,1.0,143.0
2026,14,Spanish Grand Prix,R,PIA,McLaren,51.0,2.0,MEDIUM,9.0,97.288,29.807,34.868,32.613,220.0,251.0,224.0,296.0,1,True,False,True,False,2026-09-13 14:28:37.483,9.0,30.9,54.4,21.1,False,0.6,358.0
2026,14,Spanish Grand Prix,R,PIA,McLaren,52.0,2.0,MEDIUM,10.0,97.522,29.878,34.847,32.797,220.0,251.0,225.0,294.0,1,True,False,True,False,2026-09-13 14:30:14.771,9.0,30.8,54.7,21.9,False,0.0,0.0
2026,14,Spanish Grand Prix,R,PIA,McLaren,53.0,2.0,MEDIUM,11.0,97.657,30.084,34.89,32.683,216.0,259.0,224.0,296.0,1,True,False,True,False,2026-09-13 14:31:52.293,9.0,31.0,54.9,21.6,False,2.1,72.0
2026,14,Spanish Grand Prix,R,PIA,McLaren,54.0,2.0,MEDIUM,12.0,97.579,29.94,34.84,32.799,222.0,253.0,221.0,295.0,1,True,False,True,False,2026-09-13 14:33:29.950,9.0,31.0,54.1,22.3,False,1.4,94.0
2026,14,Spanish Grand Prix,R,PIA,McLaren,55.0,2.0,MEDIUM,13.0,98.984,30.252,35.273,33.459,212.0,253.0,222.0,295.0,1,True,False,True,False,2026-09-13 14:35:07.529,8.0,30.9,53.2,22.6,False,2.5,57.0
2026,14,Spanish Grand Prix,R,PIA,McLaren,56.0,2.0,MEDIUM,14.0,98.714,30.228,35.457,33.029,211.0,252.0,223.0,276.0,1,True,False,True,False,2026-09-13 14:36:46.513,8.0,30.9,54.0,23.1,False,0.3,107.0
2026,14,Spanish Grand Prix,R,PIA,McLaren,57.0,2.0,MEDIUM,15.0,98.871,30.215,35.277,33.379,217.0,248.0,221.0,292.0,1,True,False,True,False,2026-09-13 14:38:25.227,8.0,30.8,54.2,23.1,False,0.8,349.0
2026,14,Spanish Grand Prix,R,BEA,Haas F1 Team,1.0,1.0,HARD,1.0,116.813,,37.389,33.916,204.0,240.0,217.0,252.0,12,True,False,False,False,2026-09-13 13:04:04.249,22.0,28.7,50.1,30.3,False,4.0,67.0
2026,14,Spanish Grand Prix,R,BEA,Haas F1 Team,2.0,1.0,HARD,2.0,104.015,30.932,38.339,34.744,201.0,211.0,217.0,247.0,1,True,True,True,False,2026-09-13 13:06:01.318,21.0,28.8,50.6,29.9,False,2.0,287.0
2026,14,Spanish Grand Prix,R,BEA,Haas F1 Team,3.0,1.0,HARD,3.0,103.779,30.775,38.21,34.794,200.0,218.0,220.0,266.0,1,True,True,True,False,2026-09-13 13:07:45.333,21.0,28.7,50.9,29.5,False,1.9,67.0
2026,14,Spanish Grand Prix,R,BEA,Haas F1 Team,4.0,1.0,HARD,4.0,104.496,31.395,38.568,34.533,190.0,226.0,220.0,251.0,1,True,False,True,False,2026-09-13 13:09:29.112,21.0,28.7,51.5,29.7,False,0.0,0.0
2026,14,Spanish Grand Prix,R,BEA,Haas F1 Team,5.0,1.0,HARD,5.0,104.274,31.04,38.288,34.946,198.0,212.0,215.0,248.0,12,True,False,True,False,2026-09-13 13:11:13.608,21.0,28.9,51.5,29.0,False,1.1,91.0
2026,14,Spanish Grand Prix,R,BEA,Haas F1 Team,6.0,1.0,HARD,6.0,104.658,31.771,37.947,34.94,200.0,219.0,218.0,250.0,1,True,False,True,False,2026-09-13 13:12:57.882,20.0,29.1,51.7,28.4,False,2.0,80.0
2026,14,Spanish Grand Prix,R,BEA,Haas F1 Team,7.0,1.0,HARD,7.0,103.768,31.085,38.13,34.553,202.0,240.0,220.0,255.0,1,True,True,True,False,2026-09-13 13:14:42.540,20.0,29.0,50.5,28.4,False,0.9,13.0
2026,14,Spanish Grand Prix,R,BEA,Haas F1 Team,8.0,1.0,HARD,8.0,102.975,31.175,37.649,34.151,201.0,239.0,219.0,264.0,1,True,True,True,False,2026-09-13 13:16:26.308,19.0,28.9,51.5,28.8,False,2.2,69.0
2026,14,Spanish Grand Prix,R,BEA,Haas F1 Team,9.0,1.0,HARD,9.0,103.496,31.079,37.68,34.737,208.0,240.0,217.0,255.0,1,True,False,True,False,2026-09-13 13:18:09.283,19.0,29.0,51.7,28.7,False,1.7,61.0
2026,14,Spanish Grand Prix,R,BEA,Haas F1 Team,10.0,1.0,HARD,10.0,103.309,31.101,37.645,34.563,203.0,237.0,221.0,261.0,1,True,False,True,False,2026-09-13 13:19:52.779,19.0,29.2,51.9,29.0,False,0.0,0.0
2026,14,Spanish Grand Prix,R,BEA,Haas F1 Team,11.0,1.0,HARD,11.0,103.902,31.198,37.702,35.002,205.0,225.0,217.0,260.0,1,True,False,True,False,2026-09-13 13:21:36.088,19.0,29.4,52.0,27.4,False,1.3,96.0
2026,14,Spanish Grand Prix,R,BEA,Haas F1 Team,12.0,1.0,HARD,12.0,104.215,31.306,38.25,34.659,194.0,235.0,218.0,273.0,1,True,False,True,False,2026-09-13 13:23:19.990,19.0,29.6,51.8,27.4,False,0.4,91.0
2026,14,Spanish Grand Prix,R,BEA,Haas F1 Team,13.0,1.0,HARD,13.0,103.123,31.075,37.548,34.5,206.0,239.0,220.0,245.0,12,True,False,True,False,2026-09-13 13:25:04.205,19.0,29.8,52.5,27.4,False,1.0,328.0
2026,14,Spanish Grand Prix,R,BEA,Haas F1 Team,14.0,1.0,HARD,14.0,133.149,31.055,52.455,49.639,198.0,183.0,124.0,246.0,26,True,False,False,False,2026-09-13 13:26:47.328,19.0,29.9,51.8,27.1,False,0.0,0.0
2026,14,Spanish Grand Prix,R,BEA,Haas F1 Team,15.0,1.0,HARD,15.0,113.236,41.999,37.284,33.953,197.0,240.0,219.0,196.0,671,True,False,False,False,2026-09-13 13:29:00.477,16.0,29.8,52.6,26.9,False,0.3,35.0
2026,14,Spanish Grand Prix,R,BEA,Haas F1 Team,16.0,1.0,HARD,16.0,101.781,30.527,37.063,34.191,212.0,235.0,221.0,263.0,1,True,True,True,False,2026-09-13 13:30:53.713,16.0,29.8,52.7,26.8,False,1.1,120.0
2026,14,Spanish Grand Prix,R,BEA,Haas F1 Team,17.0,1.0,HARD,17.0,102.196,30.687,37.233,34.276,212.0,236.0,220.0,263.0,1,True,False,True,False,2026-09-13 13:32:35.494,16.0,29.9,52.5,26.6,False,0.4,89.0
2026,14,Spanish Grand Prix,R,BEA,Haas F1 Team,18.0,1.0,HARD,18.0,102.139,30.774,37.272,34.093,202.0,235.0,220.0,284.0,1,True,False,True,False,2026-09-13 13:34:17.690,16.0,29.9,52.3,25.4,False,3.3,47.0
2026,14,Spanish Grand Prix,R,BEA,Haas F1 Team,19.0,1.0,HARD,19.0,101.796,30.554,37.095,34.147,207.0,238.0,221.0,270.0,1,True,False,True,False,2026-09-13 13:35:59.829,16.0,29.8,52.3,24.7,False,0.9,97.0
2026,14,Spanish Grand Prix,R,BEA,Haas F1 Team,20.0,1.0,HARD,20.0,101.66,30.554,37.158,33.948,209.0,240.0,221.0,269.0,1,True,True,True,False,2026-09-13 13:37:41.625,16.0,30.1,52.3,24.7,False,2.2,289.0
2026,14,Spanish Grand Prix,R,BEA,Haas F1 Team,21.0,1.0,HARD,21.0,101.694,30.589,37.037,34.068,204.0,234.0,221.0,262.0,1,True,False,True,False,2026-09-13 13:39:23.285,16.0,30.0,52.8,24.7,False,0.4,352.0
2026,14,Spanish Grand Prix,R,BEA,Haas F1 Team,22.0,1.0,HARD,22.0,102.041,30.546,37.231,34.264,202.0,235.0,221.0,270.0,1,True,False,True,False,2026-09-13 13:41:04.979,16.0,30.0,52.6,24.4,False,2.8,294.0
2026,14,Spanish Grand Prix,R,BEA,Haas F1 Team,23.0,1.0,HARD,23.0,101.936,30.72,37.185,34.031,204.0,235.0,223.0,264.0,1,True,False,True,False,2026-09-13 13:42:47.020,15.0,30.1,52.7,24.3,False,1.4,276.0
2026,14,Spanish Grand Prix,R,BEA,Haas F1 Team,24.0,1.0,HARD,24.0,100.115,30.306,36.491,33.318,216.0,242.0,221.0,282.0,1,True,True,True,False,2026-09-13 13:44:28.956,15.0,30.3,52.8,24.2,False,1.4,316.0
2026,14,Spanish Grand Prix,R,BEA,Haas F1 Team,25.0,1.0,HARD,25.0,100.157,30.21,36.572,33.375,216.0,242.0,221.0,299.0,1,True,False,True,False,2026-09-13 13:46:09.071,15.0,30.3,52.7,24.6,False,1.4,52.0
2026,14,Spanish Grand Prix,R,BEA,Haas F1 Team,26.0,1.0,HARD,26.0,99.749,30.243,36.274,33.232,220.0,242.0,221.0,282.0,1,True,True,True,False,2026-09-13 13:47:49.228,15.0,30.4,53.0,25.0,False,4.1,286.0
2026,14,Spanish Grand Prix,R,BEA,Haas F1 Team,27.0,1.0,HARD,27.0,99.751,30.281,36.199,33.271,217.0,242.0,222.0,289.0,1,True,False,True,False,2026-09-13 13:49:28.977,15.0,30.3,52.7,24.2,False,2.6,279.0
2026,14,Spanish Grand Prix,R,BEA,Haas F1 Team,28.0,1.0,HARD,28.0,99.917,30.198,36.232,33.487,217.0,243.0,221.0,290.0,1,True,False,True,False,2026-09-13 13:51:08.728,15.0,30.1,53.1,24.0,False,0.4,245.0
2026,14,Spanish Grand Prix,R,BEA,Haas F1 Team,29.0,1.0,HARD,29.0,99.198,29.977,36.006,33.215,220.0,243.0,224.0,296.0,1,True,True,True,False,2026-09-13 13:52:48.645,15.0,30.3,52.9,24.2,False,2.5,278.0
2026,14,Spanish Grand Prix,R,BEA,Haas F1 Team,30.0,1.0,HARD,30.0,99.205,30.171,35.903,33.131,219.0,243.0,220.0,297.0,1,True,False,True,False,2026-09-13 13:54:27.843,15.0,30.1,53.1,24.0,False,1.4,279.0
2026,14,Spanish Grand Prix,R,BEA,Haas F1 Team,31.0,1.0,HARD,31.0,99.321,30.09,35.965,33.266,222.0,243.0,222.0,296.0,1,True,False,True,False,2026-09-13 13:56:07.048,15.0,30.0,53.4,24.8,False,0.8,110.0
2026,14,Spanish Grand Prix,R,BEA,Haas F1 Team,32.0,1.0,HARD,32.0,99.235,30.139,35.939,33.157,221.0,244.0,222.0,295.0,1,True,False,True,False,2026-09-13 13:57:46.369,15.0,30.1,53.5,24.8,False,0.5,334.0
2026,14,Spanish Grand Prix,R,BEA,Haas F1 Team,33.0,1.0,HARD,33.0,101.711,30.061,35.893,35.757,221.0,242.0,,295.0,1,True,False,False,False,2026-09-13 13:59:25.604,15.0,30.2,53.7,24.5,False,1.0,280.0
2026,14,Spanish Grand Prix,R,BEA,Haas F1 Team,34.0,2.0,MEDIUM,1.0,124.98,55.75,36.359,32.871,215.0,238.0,222.0,257.0,1,True,False,False,False,2026-09-13 14:01:07.315,16.0,30.4,54.3,23.5,False,0.9,276.0
2026,14,Spanish Grand Prix,R,BEA,Haas F1 Team,35.0,2.0,MEDIUM,2.0,98.947,30.012,35.981,32.954,221.0,243.0,220.0,294.0,1,True,True,True,False,2026-09-13 14:03:12.295,16.0,30.6,54.0,22.3,False,2.4,31.0
2026,14,Spanish Grand Prix,R,BEA,Haas F1 Team,36.0,2.0,MEDIUM,3.0,98.951,30.049,35.944,32.958,221.0,242.0,224.0,300.0,1,True,False,True,False,2026-09-13 14:04:51.242,16.0,30.6,53.6,22.9,False,1.5,295.0
2026,14,Spanish Grand Prix,R,BEA,Haas F1 Team,37.0,2.0,MEDIUM,4.0,99.058,29.976,36.013,33.069,221.0,244.0,222.0,298.0,1,True,False,True,False,2026-09-13 14:06:30.193,16.0,30.7,54.0,22.4,False,0.9,278.0
2026,14,Spanish Grand Prix,R,BEA,Haas F1 Team,38.0,2.0,MEDIUM,5.0,99.399,29.948,36.048,33.403,221.0,244.0,220.0,293.0,1,True,False,True,False,2026-09-13 14:08:09.251,16.0,30.3,53.6,23.3,False,1.6,51.0
2026,14,Spanish Grand Prix,R,BEA,Haas F1 Team,39.0,2.0,MEDIUM,6.0,99.497,29.983,36.032,33.482,217.0,245.0,222.0,302.0,1,True,False,True,False,2026-09-13 14:09:48.650,16.0,30.1,53.9,23.6,False,2.0,253.0
2026,14,Spanish Grand Prix,R,BEA,Haas F1 Team,40.0,2.0,MEDIUM,7.0,99.953,30.188,36.115,33.65,219.0,244.0,224.0,309.0,1,True,False,True,False,2026-09-13 14:11:28.147,16.0,30.1,53.8,23.0,False,0.6,312.0
2026,14,Spanish Grand Prix,R,BEA,Haas F1 Team,41.0,2.0,MEDIUM,8.0,101.829,30.008,38.11,33.711,212.0,243.0,220.0,294.0,1,True,False,True,False,2026-09-13 14:13:08.100,16.0,30.1,54.1,23.4,False,1.0,59.0
2026,14,Spanish Grand Prix,R,BEA,Haas F1 Team,42.0,2.0,MEDIUM,9.0,100.194,30.207,36.262,33.725,216.0,244.0,222.0,287.0,1,True,False,True,False,2026-09-13 14:14:49.929,16.0,30.5,53.7,22.9,False,0.3,329.0
2026,14,Spanish Grand Prix,R,BEA,Haas F1 Team,43.0,2.0,MEDIUM,10.0,102.351,29.895,36.282,36.174,217.0,243.0,,294.0,1,True,False,False,False,2026-09-13 14:16:30.123,16.0,30.8,54.2,23.0,False,1.7,262.0
2026,14,Spanish Grand Prix,R,BEA,Haas F1 Team,44.0,3.0,HARD,1.0,121.49,53.457,35.507,32.526,217.0,246.0,226.0,272.0,1,True,False,False,False,2026-09-13 14:18:12.474,16.0,30.7,53.5,22.3,False,3.4,285.0
2026,14,Spanish Grand Prix,R,BEA,Haas F1 Team,45.0,3.0,HARD,2.0,97.308,29.608,35.176,32.524,222.0,247.0,226.0,300.0,1,True,True,True,False,2026-09-13 14:20:13.964,16.0,30.7,53.5,22.0,False,0.0,0.0
2026,14,Spanish Grand Prix,R,BEA,Haas F1 Team,46.0,3.0,HARD,3.0,97.667,29.669,35.257,32.741,222.0,246.0,226.0,301.0,1,True,False,True,False,2026-09-13 14:21:51.272,16.0,30.7,54.1,21.1,False,0.7,253.0
2026,14,Spanish Grand Prix,R,BEA,Haas F1 Team,47.0,3.0,HARD,4.0,97.927,29.602,35.291,33.034,222.0,246.0,224.0,302.0,1,True,False,True,False,2026-09-13 14:23:28.939,16.0,30.9,53.8,21.6,False,1.9,273.0
2026,14,Spanish Grand Prix,R,BEA,Haas F1 Team,48.0,3.0,HARD,5.0,98.139,29.81,35.484,32.845,217.0,244.0,226.0,297.0,1,True,False,True,False,2026-09-13 14:25:06.866,16.0,30.9,53.6,21.2,False,3.7,292.0
2026,14,Spanish Grand Prix,R,BEA,Haas F1 Team,49.0,3.0,HARD,6.0,98.635,29.77,35.771,33.094,217.0,245.0,227.0,298.0,1,True,False,True,False,2026-09-13 14:26:45.005,16.0,30.9,53.9,20.5,False,1.0,143.0
2026,14,Spanish Grand Prix,R,BEA,Haas F1 Team,50.0,3.0,HARD,7.0,99.441,30.219,36.148,33.074,214.0,246.0,225.0,271.0,1,True,False,True,False,2026-09-13 14:28:23.640,16.0,30.8,53.0,20.8,False,0.9,179.0
2026,14,Spanish Grand Prix,R,BEA,Haas F1 Team,51.0,3.0,HARD,8.0,101.079,30.055,36.065,34.959,214.0,242.0,222.0,279.0,1,True,False,True,False,2026-09-13 14:30:03.081,16.0,30.8,54.7,21.9,False,0.0,0.0
2026,14,Spanish Grand Prix,R,BEA,Haas F1 Team,52.0,3.0,HARD,9.0,99.224,30.006,35.892,33.326,217.0,245.0,222.0,280.0,1,True,False,True,False,2026-09-13 14:31:44.160,16.0,31.0,54.9,21.6,False,2.1,72.0
2026,14,Spanish Grand Prix,R,BEA,Haas F1 Team,53.0,3.0,HARD,10.0,100.479,30.435,36.235,33.809,207.0,244.0,226.0,295.0,1,True,False,True,False,2026-09-13 14:33:23.384,16.0,31.0,54.1,22.3,False,1.4,94.0
2026,14,Spanish Grand Prix,R,BEA,Haas F1 Team,54.0,3.0,HARD,11.0,98.163,29.941,35.462,32.76,224.0,246.0,223.0,295.0,1,True,False,True,False,2026-09-13 14:35:03.863,16.0,30.9,53.2,22.6,False,2.5,57.0
2026,14,Spanish Grand Prix,R,BEA,Haas F1 Team,55.0,3.0,HARD,12.0,98.885,29.837,35.689,33.359,220.0,245.0,225.0,304.0,1,True,False,True,False,2026-09-13 14:36:42.026,16.0,30.9,54.0,23.1,False,0.3,107.0
2026,14,Spanish Grand Prix,R,BEA,Haas F1 Team,56.0,3.0,HARD,13.0,97.311,29.594,35.045,32.672,226.0,246.0,222.0,307.0,1,True,False,True,False,2026-09-13 14:38:20.911,16.0,30.8,54.2,23.1,False,0.8,349.0
