season,round,event_name,session_code,driver,team,lap_number,stint,compound,tyre_life,lap_time_s,sector_1_s,sector_2_s,sector_3_s,speed_i1,speed_i2,speed_fl,speed_st,track_status,fresh_tyre,is_personal_best,is_accurate,deleted,lap_start_time,position,air_temp_c,track_temp_c,humidity_pct,rainfall,wind_speed_mps,wind_direction_deg
2026,13,Italian Grand Prix,FP2,NOR,McLaren,1.0,1.0,HARD,1.0,,,34.198,33.044,265.0,269.0,291.0,129.0,1,True,False,False,False,2026-09-04 14:01:30.957,,33.5,56.8,32.4,False,1.1,218.0
2026,13,Italian Grand Prix,FP2,NOR,McLaren,2.0,1.0,HARD,2.0,84.06,27.365,28.417,28.278,296.0,317.0,282.0,325.0,1,True,True,True,False,2026-09-04 14:03:40.062,,33.5,57.5,33.0,False,0.6,221.0
2026,13,Italian Grand Prix,FP2,NOR,McLaren,3.0,1.0,HARD,3.0,139.286,41.733,56.997,40.556,158.0,144.0,292.0,170.0,1,True,False,True,False,2026-09-04 14:05:04.122,,33.4,57.4,33.0,False,0.7,215.0
2026,13,Italian Grand Prix,FP2,NOR,McLaren,4.0,1.0,HARD,4.0,84.152,27.572,28.277,28.303,291.0,313.0,282.0,322.0,1,True,False,True,False,2026-09-04 14:07:23.408,,33.5,57.0,33.1,False,1.5,182.0
2026,13,Italian Grand Prix,FP2,NOR,McLaren,5.0,1.0,HARD,5.0,130.094,43.284,50.254,36.556,151.0,148.0,291.0,183.0,1,True,False,True,False,2026-09-04 14:08:47.560,,33.5,56.4,32.6,False,2.1,195.0
2026,13,Italian Grand Prix,FP2,NOR,McLaren,6.0,1.0,HARD,6.0,83.796,27.393,28.123,28.28,291.0,314.0,286.0,321.0,1,True,True,True,False,2026-09-04 14:10:57.654,,33.3,56.7,33.1,False,1.5,165.0
2026,13,Italian Grand Prix,FP2,NOR,McLaren,7.0,1.0,HARD,7.0,114.044,41.238,35.983,36.823,192.0,239.0,,314.0,1,True,False,False,False,2026-09-04 14:12:21.450,,33.4,56.2,32.5,False,1.0,148.0
2026,13,Italian Grand Prix,FP2,NOR,McLaren,8.0,2.0,SOFT,1.0,,,33.151,33.557,262.0,270.0,296.0,214.0,1,True,False,False,False,2026-09-04 14:14:15.494,,33.5,56.3,32.6,False,0.5,201.0
2026,13,Italian Grand Prix,FP2,NOR,McLaren,9.0,2.0,SOFT,2.0,103.177,30.555,39.868,32.754,207.0,216.0,296.0,326.0,1,True,False,True,False,2026-09-04 14:30:22.423,,33.5,55.5,31.5,False,1.5,145.0
2026,13,Italian Grand Prix,FP2,NOR,McLaren,10.0,2.0,SOFT,3.0,82.943,27.179,27.859,27.905,297.0,316.0,283.0,324.0,1,True,True,True,False,2026-09-04 14:32:05.600,,33.5,55.0,32.7,False,1.1,189.0
2026,13,Italian Grand Prix,FP2,NOR,McLaren,11.0,2.0,SOFT,4.0,133.511,45.041,49.115,39.355,158.0,113.0,295.0,135.0,1,True,False,True,False,2026-09-04 14:33:28.543,,33.5,55.0,32.3,False,1.4,170.0
2026,13,Italian Grand Prix,FP2,NOR,McLaren,12.0,2.0,SOFT,5.0,82.99,27.241,27.883,27.866,294.0,316.0,282.0,320.0,1,True,False,True,False,2026-09-04 14:35:42.054,,33.4,55.5,32.8,False,0.6,30.0
2026,13,Italian Grand Prix,FP2,NOR,McLaren,13.0,2.0,SOFT,6.0,97.088,31.855,31.461,33.772,273.0,288.0,,238.0,1,True,False,False,False,2026-09-04 14:37:05.044,,33.3,55.2,32.8,False,0.8,206.0
2026,13,Italian Grand Prix,FP2,NOR,McLaren,14.0,3.0,HARD,8.0,,,29.938,28.516,287.0,314.0,316.0,279.0,1,False,False,False,False,2026-09-04 14:38:42.132,,33.5,55.6,32.0,False,0.4,183.0
2026,13,Italian Grand Prix,FP2,NOR,McLaren,15.0,3.0,HARD,9.0,86.361,28.229,29.461,28.671,297.0,320.0,292.0,308.0,1,False,False,True,False,2026-09-04 14:48:57.271,,33.7,54.9,30.7,False,1.5,188.0
2026,13,Italian Grand Prix,FP2,NOR,McLaren,16.0,3.0,HARD,10.0,86.28,28.343,29.5,28.437,298.0,316.0,298.0,317.0,1,False,False,True,False,2026-09-04 14:50:23.632,,33.7,54.7,30.5,False,2.4,193.0
2026,13,Italian Grand Prix,FP2,NOR,McLaren,17.0,3.0,HARD,11.0,86.69,28.284,30.028,28.378,298.0,315.0,316.0,320.0,1,False,False,True,False,2026-09-04 14:51:49.912,,33.7,53.5,30.9,False,2.3,210.0
2026,13,Italian Grand Prix,FP2,NOR,McLaren,18.0,3.0,HARD,12.0,86.311,27.924,29.421,28.966,293.0,305.0,288.0,312.0,1,False,False,True,False,2026-09-04 14:53:16.602,,33.8,54.4,30.8,False,1.6,197.0
2026,13,Italian Grand Prix,FP2,NOR,McLaren,19.0,3.0,HARD,13.0,89.487,30.543,30.132,28.812,258.0,306.0,288.0,301.0,1,False,False,True,False,2026-09-04 14:54:42.913,,34.0,53.8,31.8,False,0.6,268.0
2026,13,Italian Grand Prix,FP2,NOR,McLaren,20.0,3.0,HARD,14.0,86.887,28.719,29.367,28.801,286.0,303.0,289.0,302.0,1,False,False,True,False,2026-09-04 14:56:12.400,,34.0,53.9,31.7,False,0.7,230.0
2026,13,Italian Grand Prix,FP2,NOR,McLaren,21.0,3.0,HARD,15.0,91.033,28.619,29.437,32.977,286.0,304.0,,302.0,1,False,False,False,False,2026-09-04 14:57:39.287,,33.9,54.4,30.2,False,1.1,216.0
2026,13,Italian Grand Prix,FP2,NOR,McLaren,22.0,4.0,SOFT,7.0,106.951,48.33,29.687,28.934,280.0,305.0,281.0,272.0,1,False,False,False,False,2026-09-04 14:59:10.320,,34.1,54.6,29.5,False,1.4,201.0
2026,13,Italian Grand Prix,FP2,NOR,McLaren,23.0,4.0,SOFT,8.0,107.037,28.626,36.35,42.061,284.0,184.0,84.0,302.0,1,False,False,True,False,2026-09-04 15:00:57.271,,34.3,54.7,27.9,False,1.0,189.0
2026,13,Italian Grand Prix,FP2,NOR,McLaren,24.0,4.0,SOFT,9.0,,80.886,41.048,40.316,292.0,199.0,131.0,295.0,1,False,False,False,False,2026-09-04 15:02:44.308,,34.2,53.7,27.6,False,1.1,214.0
2026,13,Italian Grand Prix,FP2,NOR,McLaren,25.0,4.0,SOFT,10.0,146.527,76.255,32.375,37.897,311.0,245.0,,273.0,1,False,False,False,False,2026-09-04 15:05:26.617,,34.2,54.1,27.9,False,1.3,190.0
2026,13,Italian Grand Prix,FP2,VER,Red Bull Racing,1.0,1.0,MEDIUM,1.0,,,35.833,33.362,249.0,231.0,291.0,155.0,1,True,False,False,False,2026-09-04 14:01:03.286,,33.5,56.8,32.4,False,1.1,218.0
2026,13,Italian Grand Prix,FP2,VER,Red Bull Racing,2.0,1.0,MEDIUM,2.0,84.719,27.585,28.81,28.324,300.0,314.0,285.0,325.0,1,True,True,True,False,2026-09-04 14:02:52.533,,33.6,57.1,33.3,False,0.0,0.0
2026,13,Italian Grand Prix,FP2,VER,Red Bull Racing,3.0,1.0,MEDIUM,3.0,142.547,47.386,52.08,43.081,134.0,115.0,276.0,165.0,1,True,False,True,False,2026-09-04 14:04:17.252,,33.5,57.5,33.0,False,0.6,221.0
2026,13,Italian Grand Prix,FP2,VER,Red Bull Racing,4.0,1.0,MEDIUM,4.0,85.23,28.107,28.671,28.452,293.0,309.0,282.0,310.0,1,True,False,True,False,2026-09-04 14:06:39.799,,33.5,57.0,33.1,False,1.5,182.0
2026,13,Italian Grand Prix,FP2,VER,Red Bull Racing,5.0,1.0,MEDIUM,5.0,119.903,41.765,39.816,38.322,216.0,153.0,,151.0,1,True,False,False,False,2026-09-04 14:08:05.029,,33.5,57.1,32.8,False,0.9,186.0
2026,13,Italian Grand Prix,FP2,VER,Red Bull Racing,6.0,2.0,MEDIUM,6.0,141.483,68.962,36.0,36.521,208.0,265.0,292.0,231.0,1,False,False,False,False,2026-09-04 14:10:04.932,,33.4,56.4,32.5,False,0.7,183.0
2026,13,Italian Grand Prix,FP2,VER,Red Bull Racing,7.0,2.0,MEDIUM,7.0,83.95,27.531,28.532,27.887,295.0,315.0,285.0,327.0,1,False,True,True,False,2026-09-04 14:12:26.415,,33.4,56.2,32.5,False,1.0,148.0
2026,13,Italian Grand Prix,FP2,VER,Red Bull Racing,8.0,2.0,MEDIUM,8.0,126.738,42.605,39.621,44.512,229.0,167.0,239.0,161.0,1,False,False,True,False,2026-09-04 14:13:50.365,,33.5,56.3,32.6,False,0.5,201.0
2026,13,Italian Grand Prix,FP2,VER,Red Bull Racing,9.0,2.0,MEDIUM,9.0,121.673,35.288,45.682,40.703,260.0,148.0,290.0,233.0,1,False,False,True,False,2026-09-04 14:15:57.103,,33.4,56.3,33.0,False,1.8,190.0
2026,13,Italian Grand Prix,FP2,VER,Red Bull Racing,10.0,2.0,MEDIUM,10.0,83.749,27.474,28.448,27.826999999999998,298.0,315.0,288.0,322.0,1,False,True,True,False,2026-09-04 14:17:58.776,,33.5,55.8,32.1,False,0.9,181.0
2026,13,Italian Grand Prix,FP2,VER,Red Bull Racing,11.0,2.0,MEDIUM,11.0,99.552,32.253,31.6,35.699,272.0,295.0,,239.0,1,False,False,False,False,2026-09-04 14:19:22.525,,33.5,56.0,31.7,False,0.9,178.0
2026,13,Italian Grand Prix,FP2,VER,Red Bull Racing,12.0,3.0,SOFT,1.0,,,31.693,36.084,267.0,279.0,293.0,234.0,1,True,False,False,False,2026-09-04 14:21:02.077,,33.5,56.1,32.0,False,1.9,197.0
2026,13,Italian Grand Prix,FP2,VER,Red Bull Racing,13.0,3.0,SOFT,2.0,83.487,27.371,28.489,27.627,301.0,314.0,291.0,325.0,1,True,True,True,False,2026-09-04 14:30:39.711,,33.5,54.4,31.6,False,1.5,244.0
2026,13,Italian Grand Prix,FP2,VER,Red Bull Racing,14.0,3.0,SOFT,3.0,121.758,44.139,41.652,35.967,173.0,144.0,293.0,159.0,1,True,False,True,False,2026-09-04 14:32:03.198,,33.5,55.0,32.7,False,1.1,189.0
2026,13,Italian Grand Prix,FP2,VER,Red Bull Racing,15.0,3.0,SOFT,4.0,83.377,27.492,28.245,27.64,297.0,311.0,286.0,318.0,1,True,True,True,False,2026-09-04 14:34:04.956,,33.5,55.2,32.2,False,0.6,201.0
2026,13,Italian Grand Prix,FP2,VER,Red Bull Racing,16.0,3.0,SOFT,5.0,99.713,33.481,31.469,34.763,276.0,295.0,,224.0,1,True,False,False,False,2026-09-04 14:35:28.333,,33.5,53.4,32.4,False,1.0,278.0
2026,13,Italian Grand Prix,FP2,VER,Red Bull Racing,17.0,4.0,MEDIUM,12.0,,,30.059,28.753,287.0,302.0,302.0,258.0,1,False,False,False,False,2026-09-04 14:37:08.046,,33.3,55.2,32.8,False,0.8,206.0
2026,13,Italian Grand Prix,FP2,VER,Red Bull Racing,18.0,4.0,MEDIUM,13.0,86.641,28.546,29.732,28.363,287.0,306.0,311.0,308.0,1,False,False,True,False,2026-09-04 14:45:13.271,,33.7,55.2,31.4,False,2.4,191.0
2026,13,Italian Grand Prix,FP2,VER,Red Bull Racing,19.0,4.0,MEDIUM,14.0,86.45,28.498,29.721,28.231,288.0,307.0,304.0,313.0,1,False,False,True,False,2026-09-04 14:46:39.912,,33.8,55.0,30.7,False,0.0,0.0
2026,13,Italian Grand Prix,FP2,VER,Red Bull Racing,20.0,4.0,MEDIUM,15.0,86.605,28.437,29.881,28.287,290.0,321.0,315.0,316.0,1,False,False,True,False,2026-09-04 14:48:06.362,,33.7,55.1,31.2,False,0.9,182.0
2026,13,Italian Grand Prix,FP2,VER,Red Bull Racing,21.0,4.0,MEDIUM,16.0,86.741,28.248,30.01,28.483,295.0,317.0,320.0,314.0,1,False,False,True,False,2026-09-04 14:49:32.967,,33.7,54.9,30.7,False,1.5,188.0
2026,13,Italian Grand Prix,FP2,VER,Red Bull Racing,22.0,4.0,MEDIUM,17.0,86.174,28.256,29.584,28.334,286.0,291.0,313.0,313.0,1,False,False,True,False,2026-09-04 14:50:59.708,,33.7,55.0,29.8,False,1.3,202.0
2026,13,Italian Grand Prix,FP2,VER,Red Bull Racing,23.0,4.0,MEDIUM,18.0,90.993,28.441,29.738,32.814,284.0,304.0,,314.0,1,False,False,False,False,2026-09-04 14:52:25.882,,33.7,53.5,30.9,False,2.3,210.0
2026,13,Italian Grand Prix,FP2,VER,Red Bull Racing,24.0,5.0,MEDIUM,19.0,113.477,55.166,29.829,28.482,284.0,307.0,306.0,252.0,1,False,False,False,False,2026-09-04 14:53:56.875,,33.8,53.2,31.4,False,1.1,266.0
2026,13,Italian Grand Prix,FP2,VER,Red Bull Racing,25.0,5.0,MEDIUM,20.0,86.486,28.601,29.615,28.27,287.0,310.0,307.0,316.0,1,False,False,True,False,2026-09-04 14:55:50.352,,34.0,53.9,31.7,False,0.7,230.0
2026,13,Italian Grand Prix,FP2,VER,Red Bull Racing,26.0,5.0,MEDIUM,21.0,86.074,28.333,29.455,28.286,290.0,316.0,320.0,322.0,1,False,False,True,False,2026-09-04 14:57:16.838,,33.9,54.4,30.9,False,2.3,210.0
2026,13,Italian Grand Prix,FP2,VER,Red Bull Racing,27.0,5.0,MEDIUM,22.0,85.841,28.375,29.398,28.068,288.0,307.0,305.0,309.0,1,False,False,True,False,2026-09-04 14:58:42.912,,34.1,54.6,29.5,False,1.4,201.0
2026,13,Italian Grand Prix,FP2,VER,Red Bull Racing,28.0,5.0,MEDIUM,23.0,134.691,41.367,45.647,47.677,188.0,160.0,94.0,159.0,1,False,False,True,False,2026-09-04 15:00:08.753,,34.1,54.7,28.9,False,0.7,161.0
2026,13,Italian Grand Prix,FP2,VER,Red Bull Racing,29.0,5.0,MEDIUM,24.0,,78.949,37.575,41.76,217.0,236.0,93.0,283.0,1,False,False,False,False,2026-09-04 15:02:23.444,,34.3,54.4,28.0,False,1.0,166.0
2026,13,Italian Grand Prix,FP2,VER,Red Bull Racing,30.0,5.0,MEDIUM,25.0,,86.056,32.587,36.803,275.0,288.0,,159.0,1,False,False,False,False,2026-09-04 15:05:01.794,,34.2,54.1,27.9,False,1.3,190.0
2026,13,Italian Grand Prix,FP2,BOR,Audi,1.0,1.0,HARD,1.0,,,38.842,36.629,176.0,242.0,293.0,88.0,1,True,False,False,False,2026-09-04 14:00:03.730,,33.3,57.0,32.8,False,0.9,196.0
2026,13,Italian Grand Prix,FP2,BOR,Audi,2.0,1.0,HARD,2.0,84.666,27.476,28.752,28.438,302.0,321.0,280.0,324.0,1,True,True,True,False,2026-09-04 14:02:28.599,,33.6,56.8,33.1,False,0.8,223.0
2026,13,Italian Grand Prix,FP2,BOR,Audi,3.0,1.0,HARD,3.0,146.147,51.145,55.443,39.559,118.0,177.0,292.0,143.0,1,True,False,True,False,2026-09-04 14:03:53.265,,33.5,57.5,33.0,False,0.6,221.0
2026,13,Italian Grand Prix,FP2,BOR,Audi,4.0,1.0,HARD,4.0,84.586,27.716,28.786,28.084,296.0,310.0,282.0,316.0,1,True,True,True,False,2026-09-04 14:06:19.412,,33.4,57.1,33.2,False,1.2,156.0
2026,13,Italian Grand Prix,FP2,BOR,Audi,5.0,1.0,HARD,5.0,139.641,55.405,40.381,43.855,177.0,227.0,,140.0,1,True,False,False,False,2026-09-04 14:07:43.998,,33.5,57.1,32.8,False,0.9,186.0
2026,13,Italian Grand Prix,FP2,BOR,Audi,6.0,2.0,HARD,6.0,140.41,49.52,43.561,47.329,260.0,138.0,291.0,172.0,1,False,False,False,False,2026-09-04 14:10:03.639,,33.4,56.4,32.5,False,0.7,183.0
2026,13,Italian Grand Prix,FP2,BOR,Audi,7.0,2.0,HARD,7.0,84.111,27.646,28.565,27.9,293.0,310.0,283.0,317.0,1,False,True,True,False,2026-09-04 14:12:24.049,,33.4,56.2,32.5,False,1.0,148.0
2026,13,Italian Grand Prix,FP2,BOR,Audi,8.0,2.0,HARD,8.0,135.557,43.705,42.051,49.801,188.0,136.0,,178.0,1,False,False,False,False,2026-09-04 14:13:48.160,,33.5,56.3,32.6,False,0.5,201.0
2026,13,Italian Grand Prix,FP2,BOR,Audi,9.0,3.0,HARD,9.0,118.038,45.764,33.478,38.796,258.0,262.0,291.0,251.0,1,False,False,False,False,2026-09-04 14:16:03.717,,33.4,56.3,33.0,False,1.8,190.0
2026,13,Italian Grand Prix,FP2,BOR,Audi,10.0,3.0,HARD,10.0,83.776,27.587,28.404,27.785,296.0,313.0,284.0,316.0,1,False,True,True,False,2026-09-04 14:18:01.755,,33.5,55.8,32.1,False,0.9,181.0
2026,13,Italian Grand Prix,FP2,BOR,Audi,11.0,3.0,HARD,11.0,112.509,34.529,38.285,39.695,230.0,248.0,,187.0,1,False,False,False,False,2026-09-04 14:19:25.531,,33.5,56.0,31.7,False,0.9,178.0
2026,13,Italian Grand Prix,FP2,BOR,Audi,12.0,4.0,SOFT,1.0,,,32.09,34.866,262.0,272.0,296.0,156.0,1,True,False,False,False,2026-09-04 14:21:18.040,,33.5,56.1,32.0,False,1.9,197.0
2026,13,Italian Grand Prix,FP2,BOR,Audi,13.0,4.0,SOFT,2.0,119.221,27.447,49.582,42.192,298.0,167.0,293.0,318.0,1,True,False,True,False,2026-09-04 14:30:37.065,,33.5,54.4,31.6,False,1.5,244.0
2026,13,Italian Grand Prix,FP2,BOR,Audi,14.0,4.0,SOFT,3.0,84.059,27.61,28.464,27.985,297.0,312.0,281.0,317.0,1,True,False,True,False,2026-09-04 14:32:36.286,,33.5,55.0,32.3,False,1.4,170.0
2026,13,Italian Grand Prix,FP2,BOR,Audi,15.0,4.0,SOFT,4.0,144.911,45.093,46.755,53.063,143.0,176.0,,160.0,1,True,False,False,False,2026-09-04 14:34:00.345,,33.5,55.2,32.2,False,0.6,201.0
2026,13,Italian Grand Prix,FP2,BOR,Audi,16.0,5.0,SOFT,5.0,137.151,53.123,47.412,36.616,183.0,234.0,290.0,173.0,1,False,False,False,False,2026-09-04 14:36:25.256,,33.4,55.5,32.8,False,0.6,30.0
2026,13,Italian Grand Prix,FP2,BOR,Audi,17.0,5.0,SOFT,6.0,89.213,27.728,28.531,32.954,292.0,308.0,,309.0,1,False,False,False,False,2026-09-04 14:38:42.407,,33.5,55.6,32.0,False,0.4,183.0
2026,13,Italian Grand Prix,FP2,BOR,Audi,18.0,6.0,HARD,12.0,,,30.032,28.828,289.0,305.0,296.0,193.0,1,False,False,False,False,2026-09-04 14:40:11.620,,33.5,55.9,31.8,False,1.3,198.0
2026,13,Italian Grand Prix,FP2,BOR,Audi,19.0,6.0,HARD,13.0,87.408,28.664,29.915,28.829,287.0,304.0,302.0,309.0,1,False,False,True,False,2026-09-04 14:46:44.807,,33.8,55.0,30.7,False,0.0,0.0
2026,13,Italian Grand Prix,FP2,BOR,Audi,20.0,6.0,HARD,14.0,87.073,28.584,29.66,28.829,286.0,305.0,299.0,313.0,1,False,False,True,False,2026-09-04 14:48:12.215,,33.7,55.1,31.2,False,0.9,182.0
2026,13,Italian Grand Prix,FP2,BOR,Audi,21.0,6.0,HARD,15.0,88.099,28.718,30.251,29.13,285.0,303.0,298.0,311.0,1,False,False,True,False,2026-09-04 14:49:39.288,,33.7,54.7,30.5,False,2.4,193.0
2026,13,Italian Grand Prix,FP2,BOR,Audi,22.0,6.0,HARD,16.0,106.043,29.115,30.751,46.177,272.0,289.0,,297.0,1,False,False,False,False,2026-09-04 14:51:07.387,,33.7,55.0,29.8,False,1.3,202.0
2026,13,Italian Grand Prix,FP2,GAS,Alpine,1.0,1.0,HARD,1.0,,,34.147,32.262,310.0,256.0,300.0,151.0,1,True,False,False,False,2026-09-04 14:07:26.636,,33.5,57.0,33.1,False,1.5,182.0
2026,13,Italian Grand Prix,FP2,GAS,Alpine,2.0,1.0,HARD,2.0,85.595,27.285,29.075,29.235,294.0,319.0,273.0,329.0,1,True,True,True,False,2026-09-04 14:09:08.784,,33.5,56.4,32.6,False,2.1,195.0
2026,13,Italian Grand Prix,FP2,GAS,Alpine,3.0,1.0,HARD,3.0,125.587,44.851,43.686,37.05,185.0,215.0,297.0,197.0,1,True,False,True,False,2026-09-04 14:10:34.379,,33.3,56.7,33.1,False,1.5,165.0
2026,13,Italian Grand Prix,FP2,GAS,Alpine,4.0,1.0,HARD,4.0,84.571,27.213,28.77,28.588,295.0,319.0,280.0,330.0,1,True,True,True,False,2026-09-04 14:12:39.966,,33.4,56.6,32.2,False,0.8,168.0
2026,13,Italian Grand Prix,FP2,GAS,Alpine,5.0,1.0,HARD,5.0,123.471,39.923,46.284,37.264,178.0,191.0,297.0,269.0,1,True,False,True,False,2026-09-04 14:14:04.537,,33.5,56.3,32.6,False,0.5,201.0
2026,13,Italian Grand Prix,FP2,GAS,Alpine,6.0,1.0,HARD,6.0,84.312,27.295,28.625,28.392,294.0,317.0,274.0,328.0,1,True,True,True,False,2026-09-04 14:16:08.008,,33.4,56.3,33.0,False,1.8,190.0
2026,13,Italian Grand Prix,FP2,GAS,Alpine,7.0,1.0,HARD,7.0,124.941,42.753,46.526,35.662,155.0,243.0,296.0,240.0,1,True,False,True,False,2026-09-04 14:17:32.320,,33.4,56.2,32.2,False,1.8,190.0
2026,13,Italian Grand Prix,FP2,GAS,Alpine,8.0,1.0,HARD,8.0,84.35,27.269,28.543,28.538,294.0,316.0,275.0,325.0,1,True,False,True,False,2026-09-04 14:19:37.261,,33.5,56.2,31.9,False,1.0,192.0
2026,13,Italian Grand Prix,FP2,GAS,Alpine,9.0,1.0,HARD,9.0,118.335,35.292,39.515,43.528,232.0,211.0,,207.0,1,True,False,False,False,2026-09-04 14:21:01.611,,33.5,56.1,32.0,False,1.9,197.0
2026,13,Italian Grand Prix,FP2,GAS,Alpine,10.0,2.0,SOFT,1.0,,,35.294,31.799,254.0,264.0,302.0,142.0,1,True,False,False,False,2026-09-04 14:22:59.946,,33.3,55.4,32.2,False,0.9,183.0
2026,13,Italian Grand Prix,FP2,GAS,Alpine,11.0,2.0,SOFT,2.0,83.803,27.039,28.392,28.372,297.0,316.0,281.0,329.0,1,True,True,True,False,2026-09-04 14:31:15.882,,33.5,54.4,31.6,False,1.5,244.0
2026,13,Italian Grand Prix,FP2,GAS,Alpine,12.0,2.0,SOFT,3.0,135.675,51.653,44.368,39.654,122.0,213.0,204.0,268.0,1,True,False,True,False,2026-09-04 14:32:39.685,,33.5,55.0,32.3,False,1.4,170.0
2026,13,Italian Grand Prix,FP2,GAS,Alpine,13.0,2.0,SOFT,4.0,117.739,40.818,43.903,33.018,211.0,263.0,296.0,216.0,1,True,False,True,False,2026-09-04 14:34:55.360,,33.5,53.4,32.4,False,1.0,278.0
2026,13,Italian Grand Prix,FP2,GAS,Alpine,14.0,2.0,SOFT,5.0,83.773,27.15,28.282,28.341,293.0,315.0,278.0,328.0,1,True,True,True,False,2026-09-04 14:36:53.099,,33.3,55.2,32.8,False,0.8,206.0
2026,13,Italian Grand Prix,FP2,GAS,Alpine,15.0,2.0,SOFT,6.0,112.702,34.119,38.417,40.166,186.0,247.0,,262.0,1,True,False,False,False,2026-09-04 14:38:16.872,,33.4,56.0,32.2,False,0.5,182.0
2026,13,Italian Grand Prix,FP2,GAS,Alpine,16.0,3.0,HARD,10.0,,,30.214,28.937,294.0,310.0,300.0,255.0,1,False,False,False,False,2026-09-04 14:40:09.574,,33.5,55.9,31.8,False,1.3,198.0
2026,13,Italian Grand Prix,FP2,GAS,Alpine,17.0,3.0,HARD,11.0,87.339,28.448,29.544,29.347,292.0,307.0,278.0,296.0,1,False,False,True,False,2026-09-04 14:49:15.419,,33.7,54.9,30.7,False,1.5,188.0
2026,13,Italian Grand Prix,FP2,GAS,Alpine,18.0,3.0,HARD,12.0,87.027,28.728,29.416,28.883,293.0,313.0,286.0,302.0,1,False,False,True,False,2026-09-04 14:50:42.758,,33.7,55.0,29.8,False,1.3,202.0
2026,13,Italian Grand Prix,FP2,GAS,Alpine,19.0,3.0,HARD,13.0,87.636,28.426,29.911,29.299,295.0,316.0,285.0,308.0,1,False,False,True,False,2026-09-04 14:52:09.785,,33.7,53.5,30.9,False,2.3,210.0
2026,13,Italian Grand Prix,FP2,GAS,Alpine,20.0,3.0,HARD,14.0,87.619,29.133,29.684,28.802,295.0,315.0,292.0,303.0,1,False,False,True,False,2026-09-04 14:53:37.421,,33.8,53.2,31.4,False,1.1,266.0
2026,13,Italian Grand Prix,FP2,GAS,Alpine,21.0,3.0,HARD,15.0,86.755,28.324,29.614,28.817,295.0,313.0,289.0,315.0,1,False,False,True,False,2026-09-04 14:55:05.040,,34.0,53.8,31.8,False,0.6,268.0
2026,13,Italian Grand Prix,FP2,GAS,Alpine,22.0,3.0,HARD,16.0,86.804,28.503,29.552,28.749,293.0,311.0,290.0,311.0,1,False,False,True,False,2026-09-04 14:56:31.795,,34.0,53.9,31.7,False,0.7,230.0
2026,13,Italian Grand Prix,FP2,GAS,Alpine,23.0,3.0,HARD,17.0,87.116,28.491,29.656,28.969,295.0,302.0,297.0,306.0,1,False,False,True,False,2026-09-04 14:57:58.599,,33.9,54.4,30.2,False,1.1,216.0
2026,13,Italian Grand Prix,FP2,GAS,Alpine,24.0,3.0,HARD,18.0,86.662,28.334,29.646,28.682,296.0,306.0,303.0,309.0,1,False,False,True,False,2026-09-04 14:59:25.715,,34.1,54.6,29.5,False,1.4,201.0
2026,13,Italian Grand Prix,FP2,GAS,Alpine,25.0,3.0,HARD,19.0,113.252,35.958,36.458,40.836,200.0,240.0,96.0,296.0,1,False,False,True,False,2026-09-04 15:00:52.377,,34.3,54.7,27.9,False,1.0,189.0
2026,13,Italian Grand Prix,FP2,GAS,Alpine,26.0,3.0,HARD,20.0,143.779,64.807,36.32,42.652,272.0,223.0,100.0,287.0,1,False,False,True,False,2026-09-04 15:02:45.629,,34.2,53.7,27.6,False,1.1,214.0
2026,13,Italian Grand Prix,FP2,GAS,Alpine,27.0,3.0,HARD,21.0,132.849,65.126,31.304,36.419,286.0,300.0,,289.0,1,False,False,False,False,2026-09-04 15:05:09.408,,34.2,54.1,27.9,False,1.3,190.0
2026,13,Italian Grand Prix,FP2,PER,Cadillac,1.0,1.0,MEDIUM,1.0,,,37.843,34.81,203.0,241.0,278.0,182.0,1,True,False,False,False,2026-09-04 14:10:09.310,,33.4,56.4,32.5,False,0.7,183.0
2026,13,Italian Grand Prix,FP2,PER,Cadillac,2.0,1.0,MEDIUM,2.0,87.436,28.502,29.851,29.083,286.0,300.0,279.0,313.0,1,True,True,True,False,2026-09-04 14:11:55.784,,33.4,56.2,32.5,False,1.0,148.0
2026,13,Italian Grand Prix,FP2,PER,Cadillac,3.0,1.0,MEDIUM,3.0,132.054,48.774,43.974,39.306,175.0,203.0,278.0,129.0,1,True,False,True,False,2026-09-04 14:13:23.220,,33.4,56.6,32.2,False,0.8,168.0
2026,13,Italian Grand Prix,FP2,PER,Cadillac,4.0,1.0,MEDIUM,4.0,86.414,28.143,29.328,28.943,286.0,302.0,274.0,311.0,1,True,True,True,False,2026-09-04 14:15:35.274,,33.4,56.3,33.0,False,1.8,190.0
2026,13,Italian Grand Prix,FP2,PER,Cadillac,5.0,1.0,MEDIUM,5.0,120.059,43.976,41.461,34.622,148.0,213.0,281.0,196.0,1,True,False,True,False,2026-09-04 14:17:01.688,,33.4,56.2,32.2,False,1.8,190.0
2026,13,Italian Grand Prix,FP2,PER,Cadillac,6.0,1.0,MEDIUM,6.0,85.951,28.024,29.148,28.779,286.0,296.0,272.0,310.0,1,True,True,True,False,2026-09-04 14:19:01.747,,33.5,56.0,31.7,False,0.9,178.0
2026,13,Italian Grand Prix,FP2,PER,Cadillac,7.0,1.0,MEDIUM,7.0,111.44,36.91,39.011,35.519,205.0,215.0,284.0,224.0,1,True,False,True,False,2026-09-04 14:20:27.698,,33.5,56.2,31.9,False,1.0,192.0
2026,13,Italian Grand Prix,FP2,PER,Cadillac,8.0,1.0,MEDIUM,8.0,85.483,27.811,29.058,28.614,288.0,302.0,278.0,309.0,1,True,True,True,False,2026-09-04 14:22:19.138,,33.4,55.6,32.1,False,1.0,191.0
2026,13,Italian Grand Prix,FP2,PER,Cadillac,9.0,1.0,MEDIUM,9.0,115.194,37.743,38.182,39.269,208.0,239.0,,256.0,1,True,False,False,False,2026-09-04 14:23:44.621,,33.4,55.7,31.8,False,1.6,184.0
2026,13,Italian Grand Prix,FP2,PER,Cadillac,10.0,2.0,SOFT,1.0,,,35.218,34.46,280.0,270.0,289.0,203.0,1,True,False,False,False,2026-09-04 14:25:39.815,,33.3,55.1,32.1,False,1.3,187.0
2026,13,Italian Grand Prix,FP2,PER,Cadillac,11.0,2.0,SOFT,2.0,85.198,27.7,29.088,28.41,290.0,301.0,278.0,316.0,1,True,True,True,False,2026-09-04 14:31:25.069,,33.5,54.4,31.6,False,1.5,244.0
2026,13,Italian Grand Prix,FP2,PER,Cadillac,12.0,2.0,SOFT,3.0,130.008,44.512,44.183,41.313,180.0,206.0,209.0,135.0,1,True,False,True,False,2026-09-04 14:32:50.267,,33.5,55.0,32.3,False,1.4,170.0
2026,13,Italian Grand Prix,FP2,PER,Cadillac,13.0,2.0,SOFT,4.0,117.373,40.831,43.053,33.489,188.0,226.0,286.0,206.0,1,True,False,True,False,2026-09-04 14:35:00.275,,33.5,53.4,32.4,False,1.0,278.0
2026,13,Italian Grand Prix,FP2,PER,Cadillac,14.0,2.0,SOFT,5.0,85.082,27.636,28.955,28.491,290.0,304.0,277.0,314.0,1,True,True,True,False,2026-09-04 14:36:57.648,,33.3,55.2,32.8,False,0.8,206.0
2026,13,Italian Grand Prix,FP2,PER,Cadillac,15.0,2.0,SOFT,6.0,117.279,38.926,39.524,38.829,199.0,221.0,,184.0,1,True,False,False,False,2026-09-04 14:38:22.730,,33.4,56.0,32.2,False,0.5,182.0
2026,13,Italian Grand Prix,FP2,PER,Cadillac,16.0,3.0,SOFT,7.0,,,32.332,29.903,282.0,283.0,307.0,224.0,1,False,False,False,False,2026-09-04 14:40:20.009,,33.5,55.9,31.8,False,1.3,198.0
2026,13,Italian Grand Prix,FP2,PER,Cadillac,17.0,3.0,SOFT,8.0,88.961,28.954,30.705,29.302,280.0,294.0,305.0,300.0,1,False,False,True,False,2026-09-04 14:47:49.147,,33.7,55.1,31.2,False,0.9,182.0
2026,13,Italian Grand Prix,FP2,PER,Cadillac,18.0,3.0,SOFT,9.0,88.97,29.042,30.638,29.29,280.0,300.0,307.0,300.0,1,False,False,True,False,2026-09-04 14:49:18.108,,33.7,54.9,30.7,False,1.5,188.0
2026,13,Italian Grand Prix,FP2,PER,Cadillac,19.0,3.0,SOFT,10.0,88.357,28.906,30.26,29.191,279.0,295.0,306.0,306.0,1,False,False,True,False,2026-09-04 14:50:47.078,,33.7,55.0,29.8,False,1.3,202.0
2026,13,Italian Grand Prix,FP2,PER,Cadillac,20.0,3.0,SOFT,11.0,88.293,28.906,30.236,29.151,278.0,293.0,305.0,304.0,1,False,False,True,False,2026-09-04 14:52:15.435,,33.7,53.5,30.9,False,2.3,210.0
2026,13,Italian Grand Prix,FP2,PER,Cadillac,21.0,3.0,SOFT,12.0,88.677,29.039,30.548000000000002,29.09,278.0,290.0,314.0,303.0,1,False,False,True,False,2026-09-04 14:53:43.728,,33.8,53.2,31.4,False,1.1,266.0
2026,13,Italian Grand Prix,FP2,PER,Cadillac,22.0,3.0,SOFT,13.0,87.892,28.713,30.272,28.907,280.0,296.0,315.0,305.0,1,False,False,True,False,2026-09-04 14:55:12.405,,34.0,53.8,31.8,False,0.6,268.0
2026,13,Italian Grand Prix,FP2,PER,Cadillac,23.0,3.0,SOFT,14.0,88.211,28.603,30.673000000000002,28.935,287.0,307.0,321.0,309.0,1,False,False,True,False,2026-09-04 14:56:40.297,,33.9,54.4,30.9,False,2.3,210.0
2026,13,Italian Grand Prix,FP2,PER,Cadillac,24.0,3.0,SOFT,15.0,90.946,31.005,30.848,29.093,269.0,305.0,311.0,320.0,1,False,False,True,False,2026-09-04 14:58:08.508,,33.9,54.4,30.2,False,1.1,216.0
2026,13,Italian Grand Prix,FP2,PER,Cadillac,25.0,3.0,SOFT,16.0,90.253,29.521,31.159,29.573,280.0,301.0,308.0,311.0,1,False,False,True,False,2026-09-04 14:59:39.454,,34.1,54.7,28.9,False,0.7,161.0
2026,13,Italian Grand Prix,FP2,PER,Cadillac,26.0,3.0,SOFT,17.0,126.848,41.644,39.339,45.865,170.0,231.0,57.0,166.0,1,False,False,True,False,2026-09-04 15:01:09.707,,34.3,54.7,27.9,False,1.0,189.0
2026,13,Italian Grand Prix,FP2,PER,Cadillac,27.0,3.0,SOFT,18.0,,87.708,37.977,42.548,220.0,241.0,110.0,287.0,1,False,False,False,False,2026-09-04 15:03:16.555,,34.2,53.7,27.6,False,1.1,214.0
2026,13,Italian Grand Prix,FP2,PER,Cadillac,28.0,3.0,SOFT,19.0,,90.545,37.054,38.433,246.0,238.0,,202.0,12,False,False,False,False,2026-09-04 15:06:04.781,,34.2,53.8,27.6,False,1.8,188.0
2026,13,Italian Grand Prix,FP2,ANT,Mercedes,1.0,1.0,HARD,1.0,,,34.986,32.457,271.0,236.0,292.0,248.0,1,True,False,False,False,2026-09-04 14:01:26.163,,33.5,56.8,32.4,False,1.1,218.0
2026,13,Italian Grand Prix,FP2,ANT,Mercedes,2.0,1.0,HARD,2.0,83.417,27.262,28.242,27.913,296.0,320.0,285.0,329.0,1,True,True,True,False,2026-09-04 14:03:28.377,,33.6,57.1,33.3,False,0.0,0.0
2026,13,Italian Grand Prix,FP2,ANT,Mercedes,3.0,1.0,HARD,3.0,134.119,47.962,50.981,35.176,157.0,202.0,292.0,122.0,1,True,False,True,False,2026-09-04 14:04:51.794,,33.4,57.4,33.0,False,0.7,215.0
2026,13,Italian Grand Prix,FP2,ANT,Mercedes,4.0,1.0,HARD,4.0,96.838,27.518,28.139,41.181,294.0,317.0,,321.0,1,True,False,False,False,2026-09-04 14:07:05.913,,33.5,57.0,33.1,False,1.5,182.0
2026,13,Italian Grand Prix,FP2,ANT,Mercedes,5.0,2.0,SOFT,1.0,,,35.71,31.178,263.0,287.0,293.0,171.0,1,True,False,False,False,2026-09-04 14:08:42.751,,33.5,56.4,32.6,False,2.1,195.0
2026,13,Italian Grand Prix,FP2,ANT,Mercedes,6.0,2.0,SOFT,2.0,91.894,27.323,27.881,36.69,295.0,318.0,,324.0,1,True,False,False,False,2026-09-04 14:16:38.376,,33.4,56.2,32.2,False,1.8,190.0
2026,13,Italian Grand Prix,FP2,ANT,Mercedes,7.0,3.0,SOFT,3.0,,,44.479,33.279,198.0,241.0,293.0,171.0,1,False,False,False,False,2026-09-04 14:18:10.270,,33.5,55.8,32.1,False,0.9,181.0
2026,13,Italian Grand Prix,FP2,ANT,Mercedes,8.0,3.0,SOFT,4.0,82.7,27.297,27.784,27.619,296.0,317.0,281.0,321.0,1,False,True,True,False,2026-09-04 14:21:51.271,,33.4,55.6,32.1,False,1.0,191.0
2026,13,Italian Grand Prix,FP2,ANT,Mercedes,9.0,3.0,SOFT,5.0,97.305,32.488,30.57,34.247,260.0,294.0,,251.0,1,False,False,False,False,2026-09-04 14:23:13.971,,33.3,55.4,32.2,False,0.9,183.0
2026,13,Italian Grand Prix,FP2,ANT,Mercedes,10.0,4.0,HARD,5.0,,,29.689,28.413,291.0,306.0,305.0,279.0,1,False,False,False,False,2026-09-04 14:24:51.276,,33.3,55.2,31.5,False,3.1,194.0
2026,13,Italian Grand Prix,FP2,ANT,Mercedes,11.0,4.0,HARD,6.0,86.42,28.376,29.33,28.714,289.0,304.0,283.0,292.0,1,False,False,True,False,2026-09-04 14:32:20.950,,33.5,55.0,32.7,False,1.1,189.0
2026,13,Italian Grand Prix,FP2,ANT,Mercedes,12.0,4.0,HARD,7.0,86.405,28.621,29.245,28.539,292.0,306.0,290.0,298.0,1,False,False,True,False,2026-09-04 14:33:47.370,,33.5,55.2,32.2,False,0.6,201.0
2026,13,Italian Grand Prix,FP2,ANT,Mercedes,13.0,4.0,HARD,8.0,86.291,28.563,29.305,28.423,289.0,306.0,296.0,301.0,1,False,False,True,False,2026-09-04 14:35:13.775,,33.5,53.4,32.4,False,1.0,278.0
2026,13,Italian Grand Prix,FP2,ANT,Mercedes,14.0,4.0,HARD,9.0,85.875,28.367,29.234,28.274,292.0,306.0,295.0,305.0,1,False,False,True,False,2026-09-04 14:36:40.066,,33.3,55.2,32.8,False,0.8,206.0
2026,13,Italian Grand Prix,FP2,ANT,Mercedes,15.0,4.0,HARD,10.0,85.968,28.452,29.301,28.215,290.0,306.0,296.0,296.0,1,False,False,True,False,2026-09-04 14:38:05.941,,33.4,56.0,32.2,False,0.5,182.0
2026,13,Italian Grand Prix,FP2,ANT,Mercedes,16.0,4.0,HARD,11.0,85.702,28.308,29.132,28.262,291.0,307.0,298.0,298.0,1,False,False,True,False,2026-09-04 14:39:31.909,,33.5,55.6,32.0,False,0.4,183.0
2026,13,Italian Grand Prix,FP2,ANT,Mercedes,17.0,4.0,HARD,12.0,85.946,28.433,29.21,28.303,291.0,307.0,296.0,298.0,1,False,False,True,False,2026-09-04 14:40:57.611,,33.6,55.8,31.9,False,0.7,206.0
2026,13,Italian Grand Prix,FP2,ANT,Mercedes,18.0,4.0,HARD,13.0,85.813,28.409,29.185,28.219,291.0,305.0,295.0,295.0,1,False,False,True,False,2026-09-04 14:42:23.557,,33.7,54.9,31.9,False,0.9,66.0
2026,13,Italian Grand Prix,FP2,ANT,Mercedes,19.0,4.0,HARD,14.0,85.739,28.494,29.158,28.087,293.0,311.0,300.0,296.0,1,False,False,True,False,2026-09-04 14:43:49.370,,33.7,55.3,32.0,False,1.1,182.0
2026,13,Italian Grand Prix,FP2,ANT,Mercedes,20.0,4.0,HARD,15.0,85.815,28.208,29.394,28.213,294.0,315.0,303.0,303.0,1,False,False,True,False,2026-09-04 14:45:15.109,,33.7,55.2,31.4,False,2.4,191.0
2026,13,Italian Grand Prix,FP2,ANT,Mercedes,21.0,4.0,HARD,16.0,86.018,28.107,29.5,28.411,300.0,323.0,304.0,304.0,1,False,False,True,False,2026-09-04 14:46:40.924,,33.8,55.0,30.7,False,0.0,0.0
2026,13,Italian Grand Prix,FP2,ANT,Mercedes,22.0,4.0,HARD,17.0,85.773,27.68,29.648,28.445,310.0,313.0,308.0,317.0,1,False,False,True,False,2026-09-04 14:48:06.942,,33.7,55.1,31.2,False,0.9,182.0
2026,13,Italian Grand Prix,FP2,ANT,Mercedes,23.0,4.0,HARD,18.0,87.637,28.514,30.576,28.547,293.0,321.0,319.0,312.0,1,False,False,True,False,2026-09-04 14:49:32.715,,33.7,54.9,30.7,False,1.5,188.0
2026,13,Italian Grand Prix,FP2,ANT,Mercedes,24.0,4.0,HARD,19.0,86.332,27.966,29.873,28.493,300.0,310.0,312.0,327.0,1,False,False,True,False,2026-09-04 14:51:00.352,,33.7,55.0,29.8,False,1.3,202.0
2026,13,Italian Grand Prix,FP2,ANT,Mercedes,25.0,4.0,HARD,20.0,86.463,27.764,30.099,28.6,304.0,317.0,303.0,324.0,1,False,False,True,False,2026-09-04 14:52:26.684,,33.7,53.5,30.9,False,2.3,210.0
2026,13,Italian Grand Prix,FP2,ANT,Mercedes,26.0,4.0,HARD,21.0,86.376,28.181,29.463,28.732,296.0,304.0,291.0,308.0,1,False,False,True,False,2026-09-04 14:53:53.147,,33.8,53.2,31.4,False,1.1,266.0
2026,13,Italian Grand Prix,FP2,ANT,Mercedes,27.0,4.0,HARD,22.0,86.076,28.456,29.362,28.258,291.0,308.0,298.0,305.0,1,False,False,True,False,2026-09-04 14:55:19.523,,34.0,53.8,31.8,False,0.6,268.0
2026,13,Italian Grand Prix,FP2,ANT,Mercedes,28.0,4.0,HARD,23.0,90.482,28.441,29.994,32.047,292.0,309.0,,304.0,1,False,False,False,False,2026-09-04 14:56:45.599,,33.9,54.4,30.9,False,2.3,210.0
2026,13,Italian Grand Prix,FP2,ANT,Mercedes,29.0,5.0,SOFT,6.0,127.754,69.644,29.76,28.35,288.0,303.0,286.0,235.0,1,False,False,False,False,2026-09-04 14:58:16.081,,33.9,54.4,30.2,False,1.1,216.0
2026,13,Italian Grand Prix,FP2,ANT,Mercedes,30.0,5.0,SOFT,7.0,130.172,31.84,44.427,53.905,205.0,180.0,54.0,295.0,1,False,False,True,False,2026-09-04 15:00:23.835,,34.1,54.7,28.9,False,0.7,161.0
2026,13,Italian Grand Prix,FP2,ANT,Mercedes,31.0,5.0,SOFT,8.0,,75.329,35.465,39.4,290.0,226.0,82.0,292.0,1,False,False,False,False,2026-09-04 15:02:34.007,,34.3,54.4,28.0,False,1.0,166.0
2026,13,Italian Grand Prix,FP2,ANT,Mercedes,32.0,5.0,SOFT,9.0,145.389,76.808,32.826,35.755,289.0,264.0,,292.0,1,False,False,False,False,2026-09-04 15:05:04.246,,34.2,54.1,27.9,False,1.3,190.0
2026,13,Italian Grand Prix,FP2,ALO,Aston Martin,1.0,1.0,SOFT,1.0,,,33.942,32.842,248.0,281.0,279.0,169.0,1,True,False,False,False,2026-09-04 14:13:54.212,,33.5,56.3,32.6,False,0.5,201.0
2026,13,Italian Grand Prix,FP2,ALO,Aston Martin,2.0,1.0,SOFT,2.0,86.319,28.263,29.335,28.721,282.0,298.0,274.0,308.0,1,True,True,True,False,2026-09-04 14:15:37.279,,33.4,56.3,33.0,False,1.8,190.0
2026,13,Italian Grand Prix,FP2,ALO,Aston Martin,3.0,1.0,SOFT,3.0,120.032,42.465,42.324,35.243,221.0,105.0,281.0,118.0,1,True,False,True,False,2026-09-04 14:17:03.598,,33.4,56.2,32.2,False,1.8,190.0
2026,13,Italian Grand Prix,FP2,ALO,Aston Martin,4.0,1.0,SOFT,4.0,86.155,28.218,29.15,28.787,283.0,296.0,268.0,308.0,1,True,True,True,False,2026-09-04 14:19:03.630,,33.5,56.0,31.7,False,0.9,178.0
2026,13,Italian Grand Prix,FP2,ALO,Aston Martin,5.0,1.0,SOFT,5.0,121.683,43.385,42.6,35.698,147.0,265.0,279.0,137.0,1,True,False,True,False,2026-09-04 14:20:29.785,,33.5,56.2,31.9,False,1.0,192.0
2026,13,Italian Grand Prix,FP2,ALO,Aston Martin,6.0,1.0,SOFT,6.0,85.791,28.101,29.136,28.554,281.0,294.0,273.0,306.0,1,True,True,True,False,2026-09-04 14:22:31.468,,33.4,55.6,32.1,False,1.0,191.0
2026,13,Italian Grand Prix,FP2,ALO,Aston Martin,7.0,1.0,SOFT,7.0,105.062,33.034,33.258,38.77,260.0,257.0,,223.0,1,True,False,False,False,2026-09-04 14:23:57.259,,33.4,55.7,31.8,False,1.6,184.0
2026,13,Italian Grand Prix,FP2,ALO,Aston Martin,8.0,2.0,SOFT,1.0,,,36.319,36.897,263.0,254.0,281.0,214.0,1,True,False,False,False,2026-09-04 14:25:42.321,,33.3,55.1,32.1,False,1.3,187.0
2026,13,Italian Grand Prix,FP2,ALO,Aston Martin,9.0,2.0,SOFT,2.0,85.06,27.877,28.783,28.4,286.0,301.0,275.0,310.0,1,True,True,True,False,2026-09-04 14:38:46.175,,33.5,55.6,32.0,False,0.4,183.0
2026,13,Italian Grand Prix,FP2,ALO,Aston Martin,10.0,2.0,SOFT,3.0,119.167,42.323,38.767,38.077,246.0,246.0,194.0,120.0,1,True,False,True,False,2026-09-04 14:40:11.235,,33.5,55.9,31.8,False,1.3,198.0
2026,13,Italian Grand Prix,FP2,ALO,Aston Martin,11.0,2.0,SOFT,4.0,126.921,40.899,45.498,40.524,167.0,208.0,279.0,195.0,1,True,False,True,False,2026-09-04 14:42:10.402,,33.7,54.9,31.9,False,0.9,66.0
2026,13,Italian Grand Prix,FP2,ALO,Aston Martin,12.0,2.0,SOFT,5.0,85.027,27.93,28.785,28.312,285.0,301.0,276.0,306.0,1,True,True,True,False,2026-09-04 14:44:17.323,,33.7,55.3,32.0,False,1.1,182.0
2026,13,Italian Grand Prix,FP2,ALO,Aston Martin,13.0,2.0,SOFT,6.0,118.044,39.314,33.372,45.358,254.0,250.0,,143.0,1,True,False,False,False,2026-09-04 14:45:42.350,,33.7,55.2,31.4,False,0.0,0.0
2026,13,Italian Grand Prix,FP2,ALO,Aston Martin,14.0,3.0,SOFT,7.0,,,40.213,35.343,270.0,237.0,279.0,205.0,1,False,False,False,False,2026-09-04 14:47:40.394,,33.7,55.1,31.2,False,0.9,182.0
2026,13,Italian Grand Prix,FP2,ALO,Aston Martin,15.0,3.0,SOFT,8.0,108.541,28.34,45.965,34.236,241.0,138.0,281.0,310.0,1,False,False,True,False,2026-09-04 14:54:14.301,,33.8,53.2,31.4,False,1.1,266.0
2026,13,Italian Grand Prix,FP2,ALO,Aston Martin,16.0,3.0,SOFT,9.0,86.796,27.991,29.203,29.602,290.0,314.0,270.0,315.0,1,False,False,True,False,2026-09-04 14:56:02.842,,34.0,53.9,31.7,False,0.7,230.0
2026,13,Italian Grand Prix,FP2,ALO,Aston Martin,17.0,3.0,SOFT,10.0,125.16,50.025,40.666,34.469,226.0,271.0,280.0,107.0,1,False,False,True,False,2026-09-04 14:57:29.638,,33.9,54.4,30.9,False,2.3,210.0
2026,13,Italian Grand Prix,FP2,ALO,Aston Martin,18.0,3.0,SOFT,11.0,98.636,28.106,31.263,39.267,284.0,252.0,,310.0,1,False,False,False,False,2026-09-04 14:59:34.798,,34.1,54.7,28.9,False,0.7,161.0
2026,13,Italian Grand Prix,FP2,LEC,Ferrari,1.0,1.0,MEDIUM,1.0,,,33.347,32.309,270.0,287.0,289.0,164.0,1,True,False,False,False,2026-09-04 14:01:35.681,,33.6,56.8,33.1,False,0.8,223.0
2026,13,Italian Grand Prix,FP2,LEC,Ferrari,2.0,1.0,MEDIUM,2.0,83.472,27.436,28.262,27.774,295.0,315.0,280.0,324.0,1,True,True,True,False,2026-09-04 14:03:16.997,,33.6,57.1,33.3,False,0.0,0.0
2026,13,Italian Grand Prix,FP2,LEC,Ferrari,3.0,1.0,MEDIUM,3.0,144.255,47.008,45.619,51.628,150.0,178.0,,152.0,1,True,False,False,False,2026-09-04 14:04:40.469,,33.4,57.4,33.0,False,0.7,215.0
2026,13,Italian Grand Prix,FP2,LEC,Ferrari,4.0,2.0,MEDIUM,4.0,,90.79,34.208,35.7,224.0,250.0,287.0,225.0,1,False,False,False,False,2026-09-04 14:07:04.724,,33.5,57.0,33.1,False,1.5,182.0
2026,13,Italian Grand Prix,FP2,LEC,Ferrari,5.0,2.0,MEDIUM,5.0,112.593,33.751,39.762,39.08,201.0,186.0,288.0,317.0,1,False,False,True,False,2026-09-04 14:09:45.529,,33.4,56.4,32.5,False,0.7,183.0
2026,13,Italian Grand Prix,FP2,LEC,Ferrari,6.0,2.0,MEDIUM,6.0,83.798,27.631,28.313,27.854,289.0,308.0,277.0,319.0,1,False,False,True,False,2026-09-04 14:11:38.122,,33.4,56.2,32.5,False,1.0,148.0
2026,13,Italian Grand Prix,FP2,LEC,Ferrari,7.0,2.0,MEDIUM,7.0,114.799,38.063,36.812,39.924,208.0,260.0,,175.0,1,False,False,False,False,2026-09-04 14:13:01.920,,33.4,56.6,32.2,False,0.8,168.0
2026,13,Italian Grand Prix,FP2,LEC,Ferrari,8.0,3.0,MEDIUM,8.0,,74.238,39.167,43.949,231.0,239.0,286.0,172.0,1,False,False,False,False,2026-09-04 14:14:56.719,,33.5,56.6,32.8,False,0.0,0.0
2026,13,Italian Grand Prix,FP2,LEC,Ferrari,9.0,3.0,MEDIUM,9.0,83.83,27.691,28.212,27.927,289.0,308.0,275.0,318.0,1,False,False,True,False,2026-09-04 14:17:34.108,,33.5,55.8,32.1,False,0.9,181.0
2026,13,Italian Grand Prix,FP2,LEC,Ferrari,10.0,3.0,MEDIUM,10.0,102.174,32.199,34.736,35.239,242.0,296.0,,233.0,1,False,False,False,False,2026-09-04 14:18:57.938,,33.5,56.0,31.7,False,0.9,178.0
2026,13,Italian Grand Prix,FP2,LEC,Ferrari,11.0,4.0,SOFT,1.0,,,32.654,34.674,275.0,228.0,290.0,185.0,1,True,False,False,False,2026-09-04 14:20:40.112,,33.5,56.1,32.0,False,1.9,197.0
2026,13,Italian Grand Prix,FP2,LEC,Ferrari,12.0,4.0,SOFT,2.0,82.679,27.259,27.874,27.546,297.0,316.0,281.0,324.0,1,True,True,True,False,2026-09-04 14:30:26.647,,33.5,55.5,31.5,False,1.5,145.0
2026,13,Italian Grand Prix,FP2,LEC,Ferrari,13.0,4.0,SOFT,3.0,125.304,38.004,48.351,38.949,149.0,246.0,,183.0,1,True,False,False,False,2026-09-04 14:31:49.326,,33.5,55.0,32.7,False,1.1,189.0
2026,13,Italian Grand Prix,FP2,LEC,Ferrari,14.0,5.0,SOFT,4.0,,67.853,48.804,37.568,194.0,254.0,288.0,155.0,1,False,False,False,False,2026-09-04 14:33:54.630,,33.5,55.2,32.2,False,0.6,201.0
2026,13,Italian Grand Prix,FP2,LEC,Ferrari,15.0,5.0,SOFT,5.0,89.821,27.386,28.114,34.321,292.0,311.0,,318.0,1,False,False,False,False,2026-09-04 14:36:28.886,,33.4,55.5,32.8,False,0.6,30.0
2026,13,Italian Grand Prix,FP2,LEC,Ferrari,16.0,6.0,SOFT,6.0,,,33.201,29.708,246.0,260.0,304.0,226.0,1,False,False,False,False,2026-09-04 14:37:58.707,,33.4,56.0,32.2,False,0.5,182.0
2026,13,Italian Grand Prix,FP2,LEC,Ferrari,17.0,6.0,SOFT,7.0,87.087,28.898,29.683,28.506,277.0,292.0,312.0,306.0,1,False,False,True,False,2026-09-04 14:45:25.859,,33.7,55.2,31.4,False,2.4,191.0
2026,13,Italian Grand Prix,FP2,LEC,Ferrari,18.0,6.0,SOFT,8.0,86.232,28.534,29.424,28.274,280.0,300.0,310.0,310.0,1,False,False,True,False,2026-09-04 14:46:52.946,,33.8,55.0,30.7,False,0.0,0.0
2026,13,Italian Grand Prix,FP2,LEC,Ferrari,19.0,6.0,SOFT,9.0,86.168,28.551,29.315,28.302,280.0,302.0,306.0,311.0,1,False,False,True,False,2026-09-04 14:48:19.178,,33.7,55.1,31.2,False,0.9,182.0
2026,13,Italian Grand Prix,FP2,LEC,Ferrari,20.0,6.0,SOFT,10.0,97.38,28.728,38.463,30.189,280.0,294.0,307.0,309.0,1,False,False,True,False,2026-09-04 14:49:45.346,,33.7,54.7,30.5,False,2.4,193.0
2026,13,Italian Grand Prix,FP2,LEC,Ferrari,21.0,6.0,SOFT,11.0,88.185,28.826,29.988,29.371,286.0,311.0,313.0,315.0,1,False,False,True,False,2026-09-04 14:51:22.726,,33.7,55.0,29.8,False,1.3,202.0
2026,13,Italian Grand Prix,FP2,LEC,Ferrari,22.0,6.0,SOFT,12.0,86.024,28.512,29.579,27.933,283.0,310.0,330.0,317.0,1,False,False,True,False,2026-09-04 14:52:50.911,,33.8,54.4,30.8,False,1.6,197.0
2026,13,Italian Grand Prix,FP2,LEC,Ferrari,23.0,6.0,SOFT,13.0,86.042,27.966,29.616,28.46,284.0,305.0,303.0,325.0,1,False,False,True,False,2026-09-04 14:54:16.935,,33.8,53.2,31.4,False,1.1,266.0
2026,13,Italian Grand Prix,FP2,LEC,Ferrari,24.0,6.0,SOFT,14.0,86.323,28.511,29.403,28.409,285.0,308.0,308.0,313.0,1,False,False,True,False,2026-09-04 14:55:42.977,,34.0,53.9,31.7,False,0.7,230.0
2026,13,Italian Grand Prix,FP2,LEC,Ferrari,25.0,6.0,SOFT,15.0,86.137,28.481,29.439,28.217,284.0,306.0,312.0,314.0,1,False,False,True,False,2026-09-04 14:57:09.300,,33.9,54.4,30.9,False,2.3,210.0
2026,13,Italian Grand Prix,FP2,LEC,Ferrari,26.0,6.0,SOFT,16.0,85.708,28.353,29.255,28.1,287.0,311.0,309.0,317.0,1,False,False,True,False,2026-09-04 14:58:35.437,,34.1,54.6,29.5,False,1.4,201.0
2026,13,Italian Grand Prix,FP2,LEC,Ferrari,27.0,6.0,SOFT,17.0,105.0,27.615,29.364,48.021,302.0,339.0,87.0,329.0,1,False,False,True,False,2026-09-04 15:00:01.145,,34.1,54.7,28.9,False,0.7,161.0
2026,13,Italian Grand Prix,FP2,LEC,Ferrari,28.0,6.0,SOFT,18.0,,74.865,43.882,50.711,161.0,185.0,67.0,147.0,1,False,False,False,False,2026-09-04 15:01:46.145,,34.3,54.4,28.0,False,1.0,166.0
2026,13,Italian Grand Prix,FP2,LEC,Ferrari,29.0,6.0,SOFT,19.0,130.406,63.979,29.605,36.822,296.0,307.0,,301.0,1,False,False,False,False,2026-09-04 15:04:35.581,,34.2,54.1,27.9,False,1.3,190.0
2026,13,Italian Grand Prix,FP2,STR,Aston Martin,1.0,1.0,SOFT,1.0,,,37.884,35.394,257.0,254.0,281.0,124.0,1,True,False,False,False,2026-09-04 14:00:47.913,,33.5,56.8,32.4,False,1.1,218.0
2026,13,Italian Grand Prix,FP2,STR,Aston Martin,2.0,1.0,SOFT,2.0,86.045,28.006,29.314,28.725,285.0,299.0,276.0,312.0,1,True,True,True,False,2026-09-04 14:02:38.649,,33.6,57.1,33.3,False,0.0,0.0
2026,13,Italian Grand Prix,FP2,STR,Aston Martin,3.0,1.0,SOFT,3.0,136.712,46.32,49.998,40.394,101.0,209.0,275.0,184.0,1,True,False,True,False,2026-09-04 14:04:04.694,,33.5,57.5,33.0,False,0.6,221.0
2026,13,Italian Grand Prix,FP2,STR,Aston Martin,4.0,1.0,SOFT,4.0,120.39,37.441,48.377,34.572,218.0,212.0,282.0,308.0,1,True,False,True,False,2026-09-04 14:06:21.406,,33.4,57.1,33.2,False,1.2,156.0
2026,13,Italian Grand Prix,FP2,STR,Aston Martin,5.0,1.0,SOFT,5.0,94.664,28.166,29.43,37.068,280.0,296.0,255.0,307.0,1,True,False,True,False,2026-09-04 14:08:21.796,,33.5,57.1,32.8,False,0.9,186.0
2026,13,Italian Grand Prix,FP2,STR,Aston Martin,6.0,1.0,SOFT,6.0,140.95,43.576,53.402,43.972,98.0,177.0,222.0,170.0,1,True,False,True,False,2026-09-04 14:09:56.460,,33.4,56.4,32.5,False,0.7,183.0
2026,13,Italian Grand Prix,FP2,STR,Aston Martin,7.0,1.0,SOFT,7.0,126.261,41.7,37.142,47.419,240.0,161.0,270.0,201.0,1,True,False,True,False,2026-09-04 14:12:17.410,,33.4,56.2,32.5,False,1.0,148.0
2026,13,Italian Grand Prix,FP2,STR,Aston Martin,8.0,1.0,SOFT,8.0,105.975,37.124,35.931,32.92,244.0,269.0,281.0,259.0,1,True,False,True,False,2026-09-04 14:14:23.671,,33.5,56.3,32.6,False,0.5,201.0
2026,13,Italian Grand Prix,FP2,STR,Aston Martin,9.0,1.0,SOFT,9.0,86.263,28.277,29.11,28.876,282.0,298.0,275.0,310.0,1,True,False,True,False,2026-09-04 14:16:09.646,,33.4,56.3,33.0,False,1.8,190.0
2026,13,Italian Grand Prix,FP2,STR,Aston Martin,10.0,1.0,SOFT,10.0,104.411,33.541,33.026,37.844,258.0,271.0,,244.0,1,True,False,False,False,2026-09-04 14:17:35.909,,33.5,55.8,32.1,False,0.9,181.0
2026,13,Italian Grand Prix,FP2,STR,Aston Martin,11.0,2.0,SOFT,1.0,,,32.015,31.514,261.0,287.0,283.0,178.0,1,True,False,False,False,2026-09-04 14:19:20.320,,33.5,56.0,31.7,False,0.9,178.0
2026,13,Italian Grand Prix,FP2,STR,Aston Martin,12.0,2.0,SOFT,2.0,85.253,27.94,28.88,28.433,287.0,305.0,277.0,314.0,1,True,True,True,False,2026-09-04 14:30:16.923,,33.5,55.5,31.5,False,1.5,145.0
2026,13,Italian Grand Prix,FP2,STR,Aston Martin,13.0,2.0,SOFT,3.0,138.347,44.242,44.401,49.704,161.0,223.0,,124.0,1,True,False,False,False,2026-09-04 14:31:42.176,,33.5,55.0,32.7,False,1.1,189.0
2026,13,Italian Grand Prix,FP2,STR,Aston Martin,14.0,3.0,SOFT,4.0,,57.822,55.385,38.498,124.0,240.0,282.0,173.0,1,False,False,False,False,2026-09-04 14:34:00.523,,33.5,55.2,32.2,False,0.6,201.0
2026,13,Italian Grand Prix,FP2,STR,Aston Martin,15.0,3.0,SOFT,5.0,112.192,36.034,42.334,33.824,166.0,141.0,289.0,309.0,1,False,False,True,False,2026-09-04 14:36:32.191,,33.4,55.5,32.8,False,0.6,30.0
2026,13,Italian Grand Prix,FP2,STR,Aston Martin,16.0,3.0,SOFT,6.0,123.384,38.138,42.362,42.884,188.0,258.0,,212.0,1,False,False,False,False,2026-09-04 14:38:24.383,,33.4,56.0,32.2,False,0.5,182.0
2026,13,Italian Grand Prix,FP2,STR,Aston Martin,17.0,4.0,SOFT,7.0,,,33.278,31.237,263.0,264.0,289.0,182.0,1,False,False,False,False,2026-09-04 14:40:27.767,,33.5,55.9,31.8,False,1.3,198.0
2026,13,Italian Grand Prix,FP2,STR,Aston Martin,18.0,4.0,SOFT,8.0,93.762,31.487,31.71,30.565,266.0,266.0,296.0,265.0,1,False,False,True,False,2026-09-04 14:49:04.036,,33.7,54.9,30.7,False,1.5,188.0
2026,13,Italian Grand Prix,FP2,STR,Aston Martin,19.0,4.0,SOFT,9.0,90.352,29.966,30.833,29.553,270.0,289.0,307.0,299.0,1,False,False,True,False,2026-09-04 14:50:37.798,,33.7,55.0,29.8,False,1.3,202.0
2026,13,Italian Grand Prix,FP2,STR,Aston Martin,20.0,4.0,SOFT,10.0,90.211,29.552,30.511,30.148,265.0,289.0,307.0,300.0,1,False,False,True,False,2026-09-04 14:52:08.150,,33.7,53.5,30.9,False,2.3,210.0
2026,13,Italian Grand Prix,FP2,STR,Aston Martin,21.0,4.0,SOFT,11.0,89.504,29.647,30.44,29.417,273.0,291.0,295.0,293.0,1,False,False,True,False,2026-09-04 14:53:38.361,,33.8,53.2,31.4,False,1.1,266.0
2026,13,Italian Grand Prix,FP2,STR,Aston Martin,22.0,4.0,SOFT,12.0,89.624,29.792,30.494,29.338,270.0,289.0,291.0,294.0,1,False,False,True,False,2026-09-04 14:55:07.865,,34.0,53.8,31.8,False,0.6,268.0
2026,13,Italian Grand Prix,FP2,STR,Aston Martin,23.0,4.0,SOFT,13.0,90.514,30.981,30.258,29.275,269.0,302.0,303.0,287.0,1,False,False,True,False,2026-09-04 14:56:37.489,,33.9,54.4,30.9,False,2.3,210.0
2026,13,Italian Grand Prix,FP2,STR,Aston Martin,24.0,4.0,SOFT,14.0,89.726,29.687,30.428,29.611,268.0,286.0,292.0,295.0,1,False,False,True,False,2026-09-04 14:58:08.003,,33.9,54.4,30.2,False,1.1,216.0
2026,13,Italian Grand Prix,FP2,STR,Aston Martin,25.0,4.0,SOFT,15.0,91.318,29.812,30.643,30.863,270.0,289.0,302.0,292.0,1,False,False,True,False,2026-09-04 14:59:37.729,,34.1,54.7,28.9,False,0.7,161.0
2026,13,Italian Grand Prix,FP2,STR,Aston Martin,26.0,4.0,SOFT,16.0,130.499,43.128,40.295,47.076,163.0,232.0,51.0,168.0,1,False,False,True,False,2026-09-04 15:01:09.047,,34.3,54.7,27.9,False,1.0,189.0
2026,13,Italian Grand Prix,FP2,STR,Aston Martin,27.0,4.0,SOFT,17.0,,87.542,36.452,47.028,250.0,246.0,,237.0,1,False,False,False,False,2026-09-04 15:03:19.546,,34.2,53.7,27.6,False,1.1,214.0
2026,13,Italian Grand Prix,FP2,TSU,Racing Bulls,1.0,1.0,MEDIUM,1.0,,,37.752,35.843,266.0,267.0,290.0,124.0,1,True,False,False,False,2026-09-04 14:00:44.327,,33.5,56.8,32.4,False,1.1,218.0
2026,13,Italian Grand Prix,FP2,TSU,Racing Bulls,2.0,1.0,MEDIUM,2.0,84.916,27.692,28.891,28.333,294.0,309.0,282.0,321.0,1,True,True,True,False,2026-09-04 14:02:36.275,,33.6,57.1,33.3,False,0.0,0.0
2026,13,Italian Grand Prix,FP2,TSU,Racing Bulls,3.0,1.0,MEDIUM,3.0,148.11,48.647,55.931,43.532,105.0,169.0,182.0,172.0,1,True,False,True,False,2026-09-04 14:04:01.191,,33.5,57.5,33.0,False,0.6,221.0
2026,13,Italian Grand Prix,FP2,TSU,Racing Bulls,4.0,1.0,MEDIUM,4.0,121.94,45.154,41.861,34.925,139.0,287.0,291.0,204.0,1,True,False,True,False,2026-09-04 14:06:29.301,,33.4,57.1,33.2,False,1.2,156.0
2026,13,Italian Grand Prix,FP2,TSU,Racing Bulls,5.0,1.0,MEDIUM,5.0,84.488,27.74,28.645,28.103,296.0,314.0,291.0,320.0,1,True,True,True,False,2026-09-04 14:08:31.241,,33.5,57.1,32.8,False,0.9,186.0
2026,13,Italian Grand Prix,FP2,TSU,Racing Bulls,6.0,1.0,MEDIUM,6.0,146.899,43.419,53.824,49.656,103.0,177.0,183.0,181.0,1,True,False,True,False,2026-09-04 14:09:55.729,,33.4,56.4,32.5,False,0.7,183.0
2026,13,Italian Grand Prix,FP2,TSU,Racing Bulls,7.0,1.0,MEDIUM,7.0,119.51,45.564,35.675,38.271,225.0,295.0,288.0,153.0,1,True,False,True,False,2026-09-04 14:12:22.628,,33.4,56.2,32.5,False,1.0,148.0
2026,13,Italian Grand Prix,FP2,TSU,Racing Bulls,8.0,1.0,MEDIUM,8.0,84.325,27.808,28.576,27.941,295.0,309.0,286.0,314.0,1,True,True,True,False,2026-09-04 14:14:22.138,,33.5,56.3,32.6,False,0.5,201.0
2026,13,Italian Grand Prix,FP2,TSU,Racing Bulls,9.0,1.0,MEDIUM,9.0,129.134,43.703,44.775,40.656,189.0,199.0,,175.0,1,True,False,False,False,2026-09-04 14:15:46.463,,33.4,56.3,33.0,False,1.8,190.0
2026,13,Italian Grand Prix,FP2,TSU,Racing Bulls,10.0,2.0,SOFT,1.0,,,32.294,32.358,265.0,276.0,291.0,206.0,1,True,False,False,False,2026-09-04 14:17:55.597,,33.5,55.8,32.1,False,0.9,181.0
2026,13,Italian Grand Prix,FP2,TSU,Racing Bulls,11.0,2.0,SOFT,2.0,83.455,27.47,28.349,27.636,297.0,315.0,294.0,321.0,1,True,True,True,False,2026-09-04 14:30:02.473,,33.5,55.5,31.5,False,1.5,145.0
2026,13,Italian Grand Prix,FP2,TSU,Racing Bulls,12.0,2.0,SOFT,3.0,142.788,45.787,49.576,47.425,155.0,162.0,193.0,135.0,1,True,False,True,False,2026-09-04 14:31:25.928,,33.5,54.4,31.6,False,1.5,244.0
2026,13,Italian Grand Prix,FP2,TSU,Racing Bulls,13.0,2.0,SOFT,4.0,125.292,46.944,39.223,39.125,167.0,223.0,289.0,183.0,1,True,False,True,False,2026-09-04 14:33:48.716,,33.5,55.2,32.2,False,0.6,201.0
2026,13,Italian Grand Prix,FP2,TSU,Racing Bulls,14.0,2.0,SOFT,5.0,83.92,27.689,28.445,27.786,295.0,312.0,287.0,316.0,1,True,False,True,False,2026-09-04 14:35:54.008,,33.4,55.5,32.8,False,0.6,30.0
2026,13,Italian Grand Prix,FP2,TSU,Racing Bulls,15.0,2.0,SOFT,6.0,133.686,46.3,43.168,44.218,164.0,199.0,,172.0,1,True,False,False,False,2026-09-04 14:37:17.928,,33.3,55.2,32.8,False,0.8,206.0
2026,13,Italian Grand Prix,FP2,TSU,Racing Bulls,16.0,3.0,MEDIUM,10.0,,,30.531,29.412,281.0,300.0,277.0,249.0,1,False,False,False,False,2026-09-04 14:39:31.614,,33.5,55.6,32.0,False,0.4,183.0
2026,13,Italian Grand Prix,FP2,TSU,Racing Bulls,17.0,3.0,MEDIUM,11.0,88.732,29.369,30.437,28.926,287.0,301.0,301.0,301.0,1,False,False,True,False,2026-09-04 14:46:36.057,,33.8,55.0,30.7,False,0.0,0.0
2026,13,Italian Grand Prix,FP2,TSU,Racing Bulls,18.0,3.0,MEDIUM,12.0,87.227,28.853,29.701999999999998,28.672,285.0,302.0,313.0,308.0,1,False,False,True,False,2026-09-04 14:48:04.789,,33.7,55.1,31.2,False,0.9,182.0
2026,13,Italian Grand Prix,FP2,TSU,Racing Bulls,19.0,3.0,MEDIUM,13.0,87.616,28.981,29.837,28.798000000000002,285.0,303.0,301.0,312.0,1,False,False,True,False,2026-09-04 14:49:32.016,,33.7,54.9,30.7,False,1.5,188.0
2026,13,Italian Grand Prix,FP2,TSU,Racing Bulls,20.0,3.0,MEDIUM,14.0,88.021,29.551,29.909,28.561,291.0,313.0,309.0,291.0,1,False,False,True,False,2026-09-04 14:50:59.632,,33.7,55.0,29.8,False,1.3,202.0
2026,13,Italian Grand Prix,FP2,TSU,Racing Bulls,21.0,3.0,MEDIUM,15.0,86.519,28.114,29.869,28.536,301.0,314.0,311.0,320.0,1,False,False,True,False,2026-09-04 14:52:27.653,,33.7,53.5,30.9,False,2.3,210.0
2026,13,Italian Grand Prix,FP2,TSU,Racing Bulls,22.0,3.0,MEDIUM,16.0,86.891,28.46,29.881,28.55,290.0,306.0,311.0,323.0,1,False,False,True,False,2026-09-04 14:53:54.172,,33.8,53.2,31.4,False,1.1,266.0
2026,13,Italian Grand Prix,FP2,TSU,Racing Bulls,23.0,3.0,MEDIUM,17.0,86.876,28.494,29.892,28.49,289.0,308.0,319.0,317.0,1,False,False,True,False,2026-09-04 14:55:21.063,,34.0,53.8,31.8,False,0.6,268.0
2026,13,Italian Grand Prix,FP2,TSU,Racing Bulls,24.0,3.0,MEDIUM,18.0,87.545,28.888,30.087,28.57,292.0,314.0,311.0,321.0,1,False,False,True,False,2026-09-04 14:56:47.939,,33.9,54.4,30.9,False,2.3,210.0
2026,13,Italian Grand Prix,FP2,TSU,Racing Bulls,25.0,3.0,MEDIUM,19.0,87.362,28.777,30.044,28.541,290.0,312.0,316.0,316.0,1,False,False,True,False,2026-09-04 14:58:15.484,,33.9,54.4,30.2,False,1.1,216.0
2026,13,Italian Grand Prix,FP2,TSU,Racing Bulls,26.0,3.0,MEDIUM,20.0,87.443,28.562,30.115,28.766,290.0,312.0,317.0,320.0,1,False,False,True,False,2026-09-04 14:59:42.846,,34.1,54.7,28.9,False,0.7,161.0
2026,13,Italian Grand Prix,FP2,TSU,Racing Bulls,27.0,3.0,MEDIUM,21.0,148.056,43.897,45.547,58.612,136.0,229.0,55.0,184.0,1,False,False,True,False,2026-09-04 15:01:10.289,,34.3,54.7,27.9,False,1.0,189.0
2026,13,Italian Grand Prix,FP2,TSU,Racing Bulls,28.0,3.0,MEDIUM,22.0,,75.885,34.346,43.774,280.0,234.0,102.0,287.0,1,False,False,False,False,2026-09-04 15:03:38.345,,34.2,54.0,27.4,False,1.4,196.0
2026,13,Italian Grand Prix,FP2,TSU,Racing Bulls,29.0,3.0,MEDIUM,23.0,128.239,62.153,31.09,34.996,278.0,293.0,,294.0,12,False,False,False,False,2026-09-04 15:06:12.397,,34.2,53.8,27.6,False,1.8,188.0
2026,13,Italian Grand Prix,FP2,ALB,Williams,1.0,1.0,MEDIUM,1.0,,,34.212,32.219,253.0,265.0,297.0,200.0,1,True,False,False,False,2026-09-04 14:02:01.427,,33.6,56.8,33.1,False,0.8,223.0
2026,13,Italian Grand Prix,FP2,ALB,Williams,2.0,1.0,MEDIUM,2.0,85.774,27.835,29.186,28.753,300.0,320.0,282.0,326.0,1,True,True,True,False,2026-09-04 14:03:44.311,,33.5,57.5,33.0,False,0.6,221.0
2026,13,Italian Grand Prix,FP2,ALB,Williams,3.0,1.0,MEDIUM,3.0,136.765,41.873,55.883,39.009,221.0,157.0,298.0,243.0,1,True,False,True,False,2026-09-04 14:05:10.085,,33.4,57.4,33.0,False,0.7,215.0
2026,13,Italian Grand Prix,FP2,ALB,Williams,4.0,1.0,MEDIUM,4.0,105.889,34.625,38.888,32.376,217.0,243.0,293.0,327.0,1,True,False,True,False,2026-09-04 14:07:26.850,,33.5,57.0,33.1,False,1.5,182.0
2026,13,Italian Grand Prix,FP2,ALB,Williams,5.0,1.0,MEDIUM,5.0,85.207,27.621,28.851,28.735,296.0,320.0,282.0,327.0,1,True,True,True,False,2026-09-04 14:09:12.739,,33.5,56.4,32.6,False,2.1,195.0
2026,13,Italian Grand Prix,FP2,ALB,Williams,6.0,1.0,MEDIUM,6.0,128.644,43.402,47.65,37.592,169.0,212.0,258.0,215.0,1,True,False,True,False,2026-09-04 14:10:37.946,,33.3,56.7,33.1,False,1.5,165.0
2026,13,Italian Grand Prix,FP2,ALB,Williams,7.0,1.0,MEDIUM,7.0,103.728,35.526,34.902,33.3,263.0,281.0,297.0,279.0,1,True,False,True,False,2026-09-04 14:12:46.590,,33.4,56.6,32.2,False,0.8,168.0
2026,13,Italian Grand Prix,FP2,ALB,Williams,8.0,1.0,MEDIUM,8.0,84.929,27.602,28.792,28.535,297.0,320.0,280.0,326.0,1,True,True,True,False,2026-09-04 14:14:30.318,,33.5,56.3,32.6,False,0.5,201.0
2026,13,Italian Grand Prix,FP2,ALB,Williams,9.0,1.0,MEDIUM,9.0,140.53,41.492,57.243,41.795,173.0,146.0,295.0,196.0,1,True,False,True,False,2026-09-04 14:15:55.247,,33.4,56.3,33.0,False,1.8,190.0
2026,13,Italian Grand Prix,FP2,ALB,Williams,10.0,1.0,MEDIUM,10.0,85.374,27.877,28.81,28.687,295.0,314.0,280.0,317.0,1,True,False,True,False,2026-09-04 14:18:15.777,,33.5,55.8,32.1,False,0.9,181.0
2026,13,Italian Grand Prix,FP2,ALB,Williams,11.0,1.0,MEDIUM,11.0,108.579,35.738,36.341,36.5,223.0,258.0,,276.0,1,True,False,False,False,2026-09-04 14:19:41.151,,33.5,56.2,31.9,False,1.0,192.0
2026,13,Italian Grand Prix,FP2,ALB,Williams,12.0,2.0,SOFT,1.0,,,33.188,31.691,257.0,187.0,301.0,225.0,1,True,False,False,False,2026-09-04 14:21:29.730,,33.5,56.1,32.0,False,1.9,197.0
2026,13,Italian Grand Prix,FP2,ALB,Williams,13.0,2.0,SOFT,2.0,83.853,27.254,28.489,28.11,302.0,322.0,284.0,326.0,1,True,True,True,False,2026-09-04 14:30:06.812,,33.5,55.5,31.5,False,1.5,145.0
2026,13,Italian Grand Prix,FP2,ALB,Williams,14.0,2.0,SOFT,3.0,117.166,41.938,34.735,40.493,255.0,285.0,,162.0,1,True,False,False,False,2026-09-04 14:31:30.665,,33.5,54.4,31.6,False,1.5,244.0
2026,13,Italian Grand Prix,FP2,ALB,Williams,15.0,3.0,MEDIUM,12.0,,,30.399,29.346,294.0,307.0,285.0,201.0,1,False,False,False,False,2026-09-04 14:33:27.831,,33.5,55.0,32.3,False,1.4,170.0
2026,13,Italian Grand Prix,FP2,ALB,Williams,16.0,3.0,MEDIUM,13.0,87.984,28.819,29.796,29.369,291.0,306.0,280.0,301.0,1,False,False,True,False,2026-09-04 14:41:49.793,,33.7,54.9,31.9,False,0.9,66.0
2026,13,Italian Grand Prix,FP2,ALB,Williams,17.0,3.0,MEDIUM,14.0,87.827,28.942,29.642,29.243,291.0,306.0,281.0,297.0,1,False,False,True,False,2026-09-04 14:43:17.777,,33.7,55.5,31.9,False,0.9,169.0
2026,13,Italian Grand Prix,FP2,ALB,Williams,18.0,3.0,MEDIUM,15.0,87.802,28.985,29.762,29.055,292.0,309.0,286.0,297.0,1,False,False,True,False,2026-09-04 14:44:45.604,,33.7,55.2,31.4,False,2.4,191.0
2026,13,Italian Grand Prix,FP2,ALB,Williams,19.0,3.0,MEDIUM,16.0,87.616,28.709,29.88,29.027,294.0,309.0,295.0,303.0,1,False,False,True,False,2026-09-04 14:46:13.406,,33.7,55.2,31.4,False,0.0,0.0
2026,13,Italian Grand Prix,FP2,ALB,Williams,20.0,3.0,MEDIUM,17.0,87.584,28.504,29.917,29.163,294.0,309.0,293.0,307.0,1,False,False,True,False,2026-09-04 14:47:41.022,,33.7,55.1,31.2,False,0.9,182.0
2026,13,Italian Grand Prix,FP2,ALB,Williams,21.0,3.0,MEDIUM,18.0,87.917,28.539,30.113,29.265,295.0,311.0,294.0,309.0,1,False,False,True,False,2026-09-04 14:49:08.606,,33.7,54.9,30.7,False,1.5,188.0
2026,13,Italian Grand Prix,FP2,ALB,Williams,22.0,3.0,MEDIUM,19.0,87.618,28.567,29.937,29.114,292.0,308.0,294.0,307.0,1,False,False,True,False,2026-09-04 14:50:36.523,,33.7,55.0,29.8,False,1.3,202.0
2026,13,Italian Grand Prix,FP2,ALB,Williams,23.0,3.0,MEDIUM,20.0,87.654,28.559,29.967,29.128,292.0,308.0,293.0,305.0,1,False,False,True,False,2026-09-04 14:52:04.141,,33.7,53.5,30.9,False,2.3,210.0
2026,13,Italian Grand Prix,FP2,ALB,Williams,24.0,3.0,MEDIUM,21.0,87.753,28.63,30.071,29.052,293.0,308.0,299.0,304.0,1,False,False,True,False,2026-09-04 14:53:31.795,,33.8,54.4,30.8,False,1.6,197.0
2026,13,Italian Grand Prix,FP2,ALB,Williams,25.0,3.0,MEDIUM,22.0,87.58,28.34,30.119,29.121,293.0,309.0,292.0,310.0,1,False,False,True,False,2026-09-04 14:54:59.548,,34.0,53.8,31.8,False,0.6,268.0
2026,13,Italian Grand Prix,FP2,ALB,Williams,26.0,3.0,MEDIUM,23.0,92.228,28.63,30.211,33.387,293.0,310.0,,307.0,1,False,False,False,False,2026-09-04 14:56:27.128,,34.0,53.9,31.7,False,0.7,230.0
2026,13,Italian Grand Prix,FP2,ALB,Williams,27.0,4.0,SOFT,4.0,108.793,49.165,30.272,29.356,286.0,304.0,285.0,258.0,1,False,False,False,False,2026-09-04 14:57:59.356,,33.9,54.4,30.2,False,1.1,216.0
2026,13,Italian Grand Prix,FP2,ALB,Williams,28.0,4.0,SOFT,5.0,87.622,29.229,29.708,28.685,292.0,311.0,293.0,299.0,1,False,False,True,False,2026-09-04 14:59:48.149,,34.1,54.7,28.9,False,0.7,161.0
2026,13,Italian Grand Prix,FP2,ALB,Williams,29.0,4.0,SOFT,6.0,125.742,37.487,39.955,48.3,182.0,221.0,51.0,252.0,1,False,False,True,False,2026-09-04 15:01:15.771,,34.3,54.7,27.9,False,1.0,189.0
2026,13,Italian Grand Prix,FP2,ALB,Williams,30.0,4.0,SOFT,7.0,,84.514,32.803,37.247,287.0,275.0,62.0,298.0,1,False,False,False,False,2026-09-04 15:03:21.513,,34.2,53.7,27.6,False,1.1,214.0
2026,13,Italian Grand Prix,FP2,ALB,Williams,31.0,4.0,SOFT,8.0,127.06,63.172,30.325,33.563,278.0,304.0,,287.0,12,False,False,False,False,2026-09-04 15:05:56.095,,34.2,53.8,27.6,False,1.8,188.0
2026,13,Italian Grand Prix,FP2,HUL,Audi,1.0,1.0,MEDIUM,1.0,,,32.743,32.486,265.0,282.0,293.0,225.0,1,True,False,False,False,2026-09-04 14:01:33.728,,33.6,56.8,33.1,False,0.8,223.0
2026,13,Italian Grand Prix,FP2,HUL,Audi,2.0,1.0,MEDIUM,2.0,85.294,27.857,28.973,28.464,294.0,311.0,287.0,319.0,1,True,True,True,False,2026-09-04 14:03:11.332,,33.6,57.1,33.3,False,0.0,0.0
2026,13,Italian Grand Prix,FP2,HUL,Audi,3.0,1.0,MEDIUM,3.0,131.377,41.237,47.613,42.527,208.0,153.0,293.0,136.0,1,True,False,True,False,2026-09-04 14:04:36.626,,33.4,57.4,33.0,False,0.7,215.0
2026,13,Italian Grand Prix,FP2,HUL,Audi,4.0,1.0,MEDIUM,4.0,85.016,27.724,28.757,28.535,295.0,310.0,280.0,317.0,1,True,True,True,False,2026-09-04 14:06:48.003,,33.5,57.0,33.1,False,1.5,182.0
2026,13,Italian Grand Prix,FP2,HUL,Audi,5.0,1.0,MEDIUM,5.0,129.452,44.469,45.55,39.433,139.0,205.0,217.0,139.0,1,True,False,True,False,2026-09-04 14:08:13.019,,33.5,57.1,32.8,False,0.9,186.0
2026,13,Italian Grand Prix,FP2,HUL,Audi,6.0,1.0,MEDIUM,6.0,118.063,38.319,34.81,44.934,238.0,225.0,286.0,161.0,1,True,False,True,False,2026-09-04 14:10:22.471,,33.4,56.4,32.5,False,0.7,183.0
2026,13,Italian Grand Prix,FP2,HUL,Audi,7.0,1.0,MEDIUM,7.0,85.019,27.776,28.922,28.321,290.0,305.0,278.0,313.0,1,True,False,True,False,2026-09-04 14:12:20.534,,33.4,56.2,32.5,False,1.0,148.0
2026,13,Italian Grand Prix,FP2,HUL,Audi,8.0,1.0,MEDIUM,8.0,124.179,41.738,42.611,39.83,191.0,202.0,250.0,134.0,1,True,False,True,False,2026-09-04 14:13:45.553,,33.5,56.3,32.6,False,0.5,201.0
2026,13,Italian Grand Prix,FP2,HUL,Audi,9.0,1.0,MEDIUM,9.0,122.374,41.503,45.48,35.391,188.0,200.0,291.0,187.0,1,True,False,True,False,2026-09-04 14:15:49.732,,33.4,56.3,33.0,False,1.8,190.0
2026,13,Italian Grand Prix,FP2,HUL,Audi,10.0,1.0,MEDIUM,10.0,94.427,27.999,28.602,37.826,291.0,307.0,248.0,309.0,1,True,False,True,False,2026-09-04 14:17:52.106,,33.5,55.8,32.1,False,0.9,181.0
2026,13,Italian Grand Prix,FP2,HUL,Audi,11.0,1.0,MEDIUM,11.0,103.481,32.067,31.852,39.562,255.0,285.0,,269.0,1,True,False,False,False,2026-09-04 14:19:26.533,,33.5,56.0,31.7,False,0.9,178.0
2026,13,Italian Grand Prix,FP2,HUL,Audi,12.0,2.0,SOFT,1.0,,,32.771,32.135,259.0,278.0,294.0,216.0,1,True,False,False,False,2026-09-04 14:21:10.014,,33.5,56.1,32.0,False,1.9,197.0
2026,13,Italian Grand Prix,FP2,HUL,Audi,13.0,2.0,SOFT,2.0,83.732,27.55,28.41,27.772,296.0,316.0,284.0,318.0,1,True,True,True,False,2026-09-04 14:29:59.715,,33.5,55.5,31.5,False,1.5,145.0
2026,13,Italian Grand Prix,FP2,HUL,Audi,14.0,2.0,SOFT,3.0,123.563,40.093,39.656,43.814,217.0,267.0,,148.0,1,True,False,False,False,2026-09-04 14:31:23.447,,33.5,54.4,31.6,False,1.5,244.0
2026,13,Italian Grand Prix,FP2,HUL,Audi,15.0,3.0,SOFT,4.0,148.929,69.022,40.19,39.717,154.0,230.0,294.0,170.0,1,False,False,False,False,2026-09-04 14:33:27.010,,33.5,55.0,32.3,False,1.4,170.0
2026,13,Italian Grand Prix,FP2,HUL,Audi,16.0,3.0,SOFT,5.0,84.043,27.605,28.596,27.842,293.0,315.0,292.0,318.0,1,False,False,True,False,2026-09-04 14:35:55.939,,33.4,55.5,32.8,False,0.6,30.0
2026,13,Italian Grand Prix,FP2,HUL,Audi,17.0,3.0,SOFT,6.0,98.246,31.051,31.597,35.598,259.0,289.0,,271.0,1,False,False,False,False,2026-09-04 14:37:19.982,,33.3,55.2,32.8,False,0.8,206.0
2026,13,Italian Grand Prix,FP2,HUL,Audi,18.0,4.0,SOFT,7.0,,,30.08,29.25,280.0,299.0,294.0,276.0,1,False,False,False,False,2026-09-04 14:38:58.228,,33.5,55.6,32.0,False,0.4,183.0
2026,13,Italian Grand Prix,FP2,HUL,Audi,19.0,4.0,SOFT,8.0,88.024,29.144,29.791,29.089,281.0,300.0,296.0,293.0,1,False,False,True,False,2026-09-04 14:45:30.377,,33.7,55.2,31.4,False,2.4,191.0
2026,13,Italian Grand Prix,FP2,HUL,Audi,20.0,4.0,SOFT,9.0,87.66,28.979,29.703,28.978,284.0,299.0,297.0,293.0,1,False,False,True,False,2026-09-04 14:46:58.401,,33.8,55.0,30.7,False,0.0,0.0
2026,13,Italian Grand Prix,FP2,HUL,Audi,21.0,4.0,SOFT,10.0,87.339,28.839,29.71,28.79,284.0,299.0,297.0,293.0,1,False,False,True,False,2026-09-04 14:48:26.061,,33.7,55.1,31.2,False,0.9,182.0
2026,13,Italian Grand Prix,FP2,HUL,Audi,22.0,4.0,SOFT,11.0,87.871,28.904,29.888,29.079,285.0,299.0,298.0,290.0,1,False,False,True,False,2026-09-04 14:49:53.400,,33.7,54.7,30.5,False,2.4,193.0
2026,13,Italian Grand Prix,FP2,HUL,Audi,23.0,4.0,SOFT,12.0,87.517,28.934,29.641,28.942,282.0,302.0,301.0,294.0,1,False,False,True,False,2026-09-04 14:51:21.271,,33.7,55.0,29.8,False,1.3,202.0
2026,13,Italian Grand Prix,FP2,HUL,Audi,24.0,4.0,SOFT,13.0,87.947,29.155,29.934,28.858,288.0,311.0,306.0,285.0,1,False,False,True,False,2026-09-04 14:52:48.788,,33.8,54.4,30.8,False,1.6,197.0
2026,13,Italian Grand Prix,FP2,HUL,Audi,25.0,4.0,SOFT,14.0,87.871,28.537,30.373,28.961,292.0,309.0,303.0,309.0,1,False,False,True,False,2026-09-04 14:54:16.735,,33.8,53.2,31.4,False,1.1,266.0
2026,13,Italian Grand Prix,FP2,HUL,Audi,26.0,4.0,SOFT,15.0,87.129,28.547,29.878,28.704,286.0,306.0,304.0,302.0,1,False,False,True,False,2026-09-04 14:55:44.606,,34.0,53.9,31.7,False,0.7,230.0
2026,13,Italian Grand Prix,FP2,HUL,Audi,27.0,4.0,SOFT,16.0,91.65,28.645,29.853,33.152,286.0,304.0,,299.0,1,False,False,False,False,2026-09-04 14:57:11.735,,33.9,54.4,30.9,False,2.3,210.0
2026,13,Italian Grand Prix,FP2,HUL,Audi,28.0,5.0,MEDIUM,12.0,139.467,72.417,30.33,36.72,283.0,300.0,,261.0,1,False,False,False,False,2026-09-04 14:58:43.385,,34.1,54.6,29.5,False,1.4,201.0
2026,13,Italian Grand Prix,FP2,LAW,Red Bull Racing,1.0,1.0,SOFT,1.0,,,34.565,33.603,286.0,274.0,291.0,118.0,1,True,False,False,False,2026-09-04 14:00:58.083,,33.5,56.8,32.4,False,1.1,218.0
2026,13,Italian Grand Prix,FP2,LAW,Red Bull Racing,2.0,1.0,SOFT,2.0,84.473,27.747,28.661,28.065,298.0,313.0,284.0,323.0,1,True,True,True,False,2026-09-04 14:02:49.190,,33.6,57.1,33.3,False,0.0,0.0
2026,13,Italian Grand Prix,FP2,LAW,Red Bull Racing,3.0,1.0,SOFT,3.0,143.945,45.698,55.268,42.979,148.0,140.0,233.0,209.0,1,True,False,True,False,2026-09-04 14:04:13.663,,33.5,57.5,33.0,False,0.6,221.0
2026,13,Italian Grand Prix,FP2,LAW,Red Bull Racing,4.0,1.0,SOFT,4.0,110.018,39.093,37.463,33.462,141.0,265.0,288.0,212.0,1,True,False,True,False,2026-09-04 14:06:37.608,,33.5,57.0,33.1,False,1.5,182.0
2026,13,Italian Grand Prix,FP2,LAW,Red Bull Racing,5.0,1.0,SOFT,5.0,84.135,27.541,28.536,28.058,298.0,315.0,285.0,319.0,1,True,True,True,False,2026-09-04 14:08:27.626,,33.5,57.1,32.8,False,0.9,186.0
2026,13,Italian Grand Prix,FP2,LAW,Red Bull Racing,6.0,1.0,SOFT,6.0,140.29,41.935,53.469,44.886,134.0,161.0,207.0,243.0,1,True,False,True,False,2026-09-04 14:09:51.761,,33.4,56.4,32.5,False,0.7,183.0
2026,13,Italian Grand Prix,FP2,LAW,Red Bull Racing,7.0,1.0,SOFT,7.0,111.075,42.1,36.284,32.691,156.0,271.0,291.0,247.0,1,True,False,True,False,2026-09-04 14:12:12.051,,33.4,56.2,32.5,False,1.0,148.0
2026,13,Italian Grand Prix,FP2,LAW,Red Bull Racing,8.0,1.0,SOFT,8.0,83.66,27.49,28.426,27.744,297.0,313.0,287.0,320.0,1,True,True,True,False,2026-09-04 14:14:03.126,,33.5,56.3,32.6,False,0.5,201.0
2026,13,Italian Grand Prix,FP2,LAW,Red Bull Racing,9.0,1.0,SOFT,9.0,103.255,31.737,32.185,39.333,276.0,293.0,,276.0,1,True,False,False,False,2026-09-04 14:15:26.786,,33.5,56.6,32.8,False,0.0,0.0
2026,13,Italian Grand Prix,FP2,LAW,Red Bull Racing,10.0,2.0,SOFT,10.0,,,30.643,29.69,283.0,301.0,286.0,270.0,1,False,False,False,False,2026-09-04 14:17:10.041,,33.4,56.2,32.2,False,1.8,190.0
2026,13,Italian Grand Prix,FP2,LAW,Red Bull Racing,11.0,2.0,SOFT,11.0,87.735,28.877,29.826999999999998,29.031,287.0,304.0,300.0,302.0,1,False,False,True,False,2026-09-04 14:26:20.542,,33.3,55.1,32.1,False,1.3,187.0
2026,13,Italian Grand Prix,FP2,LAW,Red Bull Racing,12.0,2.0,SOFT,12.0,87.167,28.63,29.699,28.838,287.0,303.0,302.0,301.0,1,False,False,True,False,2026-09-04 14:27:48.277,,33.4,55.4,31.9,False,1.9,200.0
2026,13,Italian Grand Prix,FP2,LAW,Red Bull Racing,13.0,2.0,SOFT,13.0,87.265,28.79,29.736,28.739,286.0,305.0,306.0,298.0,1,False,False,True,False,2026-09-04 14:29:15.444,,33.5,55.2,31.2,False,0.6,155.0
2026,13,Italian Grand Prix,FP2,LAW,Red Bull Racing,14.0,2.0,SOFT,14.0,86.69,28.485,29.662,28.543,289.0,307.0,307.0,309.0,1,False,False,True,False,2026-09-04 14:30:42.709,,33.5,54.4,31.6,False,1.5,244.0
2026,13,Italian Grand Prix,FP2,LAW,Red Bull Racing,15.0,2.0,SOFT,15.0,86.658,28.461,29.654,28.543,288.0,307.0,309.0,309.0,1,False,False,True,False,2026-09-04 14:32:09.399,,33.5,55.0,32.7,False,1.1,189.0
2026,13,Italian Grand Prix,FP2,LAW,Red Bull Racing,16.0,2.0,SOFT,16.0,86.77,28.578,29.701999999999998,28.49,287.0,304.0,309.0,303.0,1,False,False,True,False,2026-09-04 14:33:36.057,,33.5,55.2,32.2,False,0.6,201.0
2026,13,Italian Grand Prix,FP2,LAW,Red Bull Racing,17.0,2.0,SOFT,17.0,87.398,28.477,29.758,29.163,286.0,305.0,299.0,309.0,1,False,False,True,False,2026-09-04 14:35:02.827,,33.5,53.4,32.4,False,1.0,278.0
2026,13,Italian Grand Prix,FP2,LAW,Red Bull Racing,18.0,2.0,SOFT,18.0,86.632,28.531,29.551,28.55,290.0,310.0,311.0,307.0,1,False,False,True,False,2026-09-04 14:36:30.225,,33.4,55.5,32.8,False,0.6,30.0
2026,13,Italian Grand Prix,FP2,LAW,Red Bull Racing,19.0,2.0,SOFT,19.0,86.617,28.401,29.78,28.436,285.0,305.0,309.0,308.0,1,False,False,True,False,2026-09-04 14:37:56.857,,33.4,56.0,32.2,False,0.5,182.0
2026,13,Italian Grand Prix,FP2,LAW,Red Bull Racing,20.0,2.0,SOFT,20.0,86.361,28.385,29.574,28.402,287.0,306.0,307.0,307.0,1,False,False,True,False,2026-09-04 14:39:23.474,,33.5,55.6,32.0,False,0.4,183.0
2026,13,Italian Grand Prix,FP2,LAW,Red Bull Racing,21.0,2.0,SOFT,21.0,90.585,28.524,29.557,32.504,286.0,305.0,,308.0,1,False,False,False,False,2026-09-04 14:40:49.835,,33.6,55.8,31.9,False,0.7,206.0
2026,13,Italian Grand Prix,FP2,LAW,Red Bull Racing,22.0,3.0,HARD,1.0,113.267,54.287,30.286,28.694,284.0,301.0,302.0,243.0,1,True,False,False,False,2026-09-04 14:42:20.420,,33.7,54.9,31.9,False,0.9,66.0
2026,13,Italian Grand Prix,FP2,LAW,Red Bull Racing,23.0,3.0,HARD,2.0,86.252,28.486,29.572,28.194,287.0,306.0,310.0,307.0,1,True,False,True,False,2026-09-04 14:44:13.687,,33.7,55.3,32.0,False,1.1,182.0
2026,13,Italian Grand Prix,FP2,LAW,Red Bull Racing,24.0,3.0,HARD,3.0,85.964,28.314,29.421,28.229,288.0,308.0,311.0,309.0,1,True,False,True,False,2026-09-04 14:45:39.939,,33.7,55.2,31.4,False,0.0,0.0
2026,13,Italian Grand Prix,FP2,LAW,Red Bull Racing,25.0,3.0,HARD,4.0,85.754,28.169,29.325,28.26,290.0,311.0,311.0,314.0,1,True,False,True,False,2026-09-04 14:47:05.903,,33.8,55.0,30.7,False,0.0,0.0
2026,13,Italian Grand Prix,FP2,LAW,Red Bull Racing,26.0,3.0,HARD,5.0,85.868,28.157,29.38,28.331,292.0,315.0,311.0,316.0,1,True,False,True,False,2026-09-04 14:48:31.657,,33.7,55.1,31.2,False,0.9,182.0
2026,13,Italian Grand Prix,FP2,LAW,Red Bull Racing,27.0,3.0,HARD,6.0,85.883,28.209,29.401,28.273,290.0,311.0,314.0,324.0,1,True,False,True,False,2026-09-04 14:49:57.525,,33.7,54.7,30.5,False,2.4,193.0
2026,13,Italian Grand Prix,FP2,LAW,Red Bull Racing,28.0,3.0,HARD,7.0,85.582,27.846,29.542,28.194,304.0,315.0,322.0,320.0,1,True,False,True,False,2026-09-04 14:51:23.408,,33.7,55.0,29.8,False,1.3,202.0
2026,13,Italian Grand Prix,FP2,LAW,Red Bull Racing,29.0,3.0,HARD,8.0,86.267,28.159,29.672,28.436,289.0,309.0,314.0,314.0,1,True,False,True,False,2026-09-04 14:52:48.990,,33.8,54.4,30.8,False,1.6,197.0
2026,13,Italian Grand Prix,FP2,LAW,Red Bull Racing,30.0,3.0,HARD,9.0,86.571,28.175,30.002,28.394,289.0,305.0,304.0,314.0,1,True,False,True,False,2026-09-04 14:54:15.257,,33.8,53.2,31.4,False,1.1,266.0
2026,13,Italian Grand Prix,FP2,LAW,Red Bull Racing,31.0,3.0,HARD,10.0,86.154,28.521,29.375,28.258,286.0,305.0,307.0,309.0,1,True,False,True,False,2026-09-04 14:55:41.828,,34.0,53.9,31.7,False,0.7,230.0
2026,13,Italian Grand Prix,FP2,LAW,Red Bull Racing,32.0,3.0,HARD,11.0,86.128,28.398,29.364,28.366,287.0,306.0,310.0,311.0,1,True,False,True,False,2026-09-04 14:57:07.982,,33.9,54.4,30.9,False,2.3,210.0
2026,13,Italian Grand Prix,FP2,LAW,Red Bull Racing,33.0,3.0,HARD,12.0,85.88,28.456,29.42,28.004,287.0,307.0,308.0,309.0,1,True,False,True,False,2026-09-04 14:58:34.110,,34.1,54.6,29.5,False,1.4,201.0
2026,13,Italian Grand Prix,FP2,LAW,Red Bull Racing,34.0,3.0,HARD,13.0,86.459,28.53,29.376,28.553,287.0,306.0,305.0,312.0,1,True,False,True,False,2026-09-04 14:59:59.990,,34.1,54.7,28.9,False,0.7,161.0
2026,13,Italian Grand Prix,FP2,LAW,Red Bull Racing,35.0,3.0,HARD,14.0,141.366,40.844,45.402,55.12,176.0,184.0,49.0,233.0,1,True,False,True,False,2026-09-04 15:01:26.449,,34.3,54.7,27.9,False,1.0,189.0
2026,13,Italian Grand Prix,FP2,LAW,Red Bull Racing,36.0,3.0,HARD,15.0,,78.609,31.988,49.177,286.0,176.0,101.0,292.0,1,True,False,False,False,2026-09-04 15:03:47.815,,34.2,54.0,27.4,False,1.4,196.0
2026,13,Italian Grand Prix,FP2,LAW,Red Bull Racing,37.0,3.0,HARD,16.0,,82.355,31.77,43.037,285.0,221.0,,288.0,12,True,False,False,False,2026-09-04 15:06:27.685,,34.2,53.8,27.6,False,1.8,188.0
2026,13,Italian Grand Prix,FP2,OCO,Haas F1 Team,1.0,1.0,MEDIUM,1.0,,,36.572,36.1,231.0,206.0,280.0,97.0,1,True,False,False,False,2026-09-04 14:00:22.481,,33.3,57.0,32.8,False,0.9,196.0
2026,13,Italian Grand Prix,FP2,OCO,Haas F1 Team,2.0,1.0,MEDIUM,2.0,87.373,28.168,29.567,29.638,290.0,305.0,282.0,317.0,1,True,True,True,False,2026-09-04 14:02:26.767,,33.6,56.8,33.1,False,0.8,223.0
2026,13,Italian Grand Prix,FP2,OCO,Haas F1 Team,3.0,1.0,MEDIUM,3.0,149.182,51.752,49.419,48.011,108.0,225.0,,144.0,1,True,False,False,False,2026-09-04 14:03:54.140,,33.5,57.5,33.0,False,0.6,221.0
2026,13,Italian Grand Prix,FP2,OCO,Haas F1 Team,4.0,2.0,MEDIUM,4.0,,90.441,32.88,32.866,228.0,291.0,284.0,191.0,1,False,False,False,False,2026-09-04 14:06:23.322,,33.4,57.1,33.2,False,1.2,156.0
2026,13,Italian Grand Prix,FP2,OCO,Haas F1 Team,5.0,2.0,MEDIUM,5.0,85.645,27.87,29.037,28.738,289.0,308.0,274.0,319.0,1,False,True,True,False,2026-09-04 14:08:59.492,,33.5,56.4,32.6,False,2.1,195.0
2026,13,Italian Grand Prix,FP2,OCO,Haas F1 Team,6.0,2.0,MEDIUM,6.0,148.202,50.089,51.864,46.249,129.0,167.0,193.0,151.0,1,False,False,True,False,2026-09-04 14:10:25.137,,33.4,56.4,32.5,False,0.7,183.0
2026,13,Italian Grand Prix,FP2,OCO,Haas F1 Team,7.0,2.0,MEDIUM,7.0,120.223,41.816,42.624,35.783,192.0,227.0,281.0,190.0,1,False,False,True,False,2026-09-04 14:12:53.339,,33.4,56.6,32.2,False,0.8,168.0
2026,13,Italian Grand Prix,FP2,OCO,Haas F1 Team,8.0,2.0,MEDIUM,8.0,86.157,28.166,29.228,28.763,287.0,302.0,272.0,312.0,1,False,False,True,False,2026-09-04 14:14:53.562,,33.5,56.6,32.8,False,0.0,0.0
2026,13,Italian Grand Prix,FP2,OCO,Haas F1 Team,9.0,2.0,MEDIUM,9.0,116.742,35.9,34.018,46.824,257.0,242.0,,213.0,1,False,False,False,False,2026-09-04 14:16:19.719,,33.4,56.3,33.0,False,1.8,190.0
2026,13,Italian Grand Prix,FP2,OCO,Haas F1 Team,10.0,3.0,MEDIUM,10.0,,83.092,46.04,38.132,214.0,179.0,283.0,161.0,1,False,False,False,False,2026-09-04 14:18:16.461,,33.5,55.8,32.1,False,0.9,181.0
2026,13,Italian Grand Prix,FP2,OCO,Haas F1 Team,11.0,3.0,MEDIUM,11.0,85.764,28.126,28.994,28.644,287.0,304.0,273.0,309.0,1,False,False,True,False,2026-09-04 14:21:03.781,,33.5,56.1,32.0,False,1.9,197.0
2026,13,Italian Grand Prix,FP2,OCO,Haas F1 Team,12.0,3.0,MEDIUM,12.0,103.393,33.6,33.255,36.538,258.0,275.0,,184.0,1,False,False,False,False,2026-09-04 14:22:29.545,,33.4,55.6,32.1,False,1.0,191.0
2026,13,Italian Grand Prix,FP2,OCO,Haas F1 Team,13.0,4.0,SOFT,1.0,,,32.593,32.43,288.0,261.0,285.0,148.0,1,True,False,False,False,2026-09-04 14:24:12.938,,33.4,55.7,31.8,False,1.6,184.0
2026,13,Italian Grand Prix,FP2,OCO,Haas F1 Team,14.0,4.0,SOFT,2.0,84.637,27.732,28.715,28.19,292.0,306.0,275.0,315.0,1,True,True,True,False,2026-09-04 14:33:01.158,,33.5,55.0,32.3,False,1.4,170.0
2026,13,Italian Grand Prix,FP2,OCO,Haas F1 Team,15.0,4.0,SOFT,3.0,129.765,41.234,42.176,46.355,198.0,209.0,,158.0,1,True,False,False,False,2026-09-04 14:34:25.795,,33.5,55.2,32.2,False,0.6,201.0
2026,13,Italian Grand Prix,FP2,OCO,Haas F1 Team,16.0,5.0,SOFT,4.0,,92.887,38.679,31.468,127.0,288.0,290.0,164.0,1,False,False,False,False,2026-09-04 14:36:35.560,,33.3,55.2,32.8,False,0.8,206.0
2026,13,Italian Grand Prix,FP2,OCO,Haas F1 Team,17.0,5.0,SOFT,5.0,84.407,27.393,28.759,28.255,296.0,304.0,276.0,321.0,1,False,True,True,False,2026-09-04 14:39:18.751,,33.5,55.6,32.0,False,0.4,183.0
2026,13,Italian Grand Prix,FP2,OCO,Haas F1 Team,18.0,5.0,SOFT,6.0,122.1,40.048,40.873,41.179,246.0,199.0,,172.0,1,False,False,False,False,2026-09-04 14:40:43.158,,33.6,55.8,31.9,False,0.7,206.0
2026,13,Italian Grand Prix,FP2,OCO,Haas F1 Team,19.0,6.0,SOFT,7.0,,,31.85,30.634,264.0,277.0,316.0,216.0,1,False,False,False,False,2026-09-04 14:42:45.258,,33.7,55.5,31.9,False,0.9,169.0
2026,13,Italian Grand Prix,FP2,OCO,Haas F1 Team,20.0,6.0,SOFT,8.0,87.507,28.614,29.837,29.056,281.0,298.0,301.0,310.0,1,False,False,True,False,2026-09-04 14:48:53.252,,33.7,54.9,30.7,False,1.5,188.0
2026,13,Italian Grand Prix,FP2,OCO,Haas F1 Team,21.0,6.0,SOFT,9.0,87.582,28.843,29.757,28.982,282.0,300.0,307.0,303.0,1,False,False,True,False,2026-09-04 14:50:20.759,,33.7,54.7,30.5,False,2.4,193.0
2026,13,Italian Grand Prix,FP2,OCO,Haas F1 Team,22.0,6.0,SOFT,10.0,90.111,29.218,31.64,29.253,281.0,313.0,307.0,306.0,1,False,False,True,False,2026-09-04 14:51:48.341,,33.7,53.5,30.9,False,2.3,210.0
2026,13,Italian Grand Prix,FP2,OCO,Haas F1 Team,23.0,6.0,SOFT,11.0,87.403,28.593,29.814,28.996,286.0,308.0,307.0,312.0,1,False,False,True,False,2026-09-04 14:53:18.452,,33.8,54.4,30.8,False,1.6,197.0
2026,13,Italian Grand Prix,FP2,OCO,Haas F1 Team,24.0,6.0,SOFT,12.0,88.416,28.503,31.016,28.897,290.0,295.0,312.0,309.0,1,False,False,True,False,2026-09-04 14:54:45.855,,34.0,53.8,31.8,False,0.6,268.0
2026,13,Italian Grand Prix,FP2,OCO,Haas F1 Team,25.0,6.0,SOFT,13.0,87.738,28.181,30.515,29.042,292.0,296.0,314.0,311.0,1,False,False,True,False,2026-09-04 14:56:14.271,,34.0,53.9,31.7,False,0.7,230.0
2026,13,Italian Grand Prix,FP2,OCO,Haas F1 Team,26.0,6.0,SOFT,14.0,88.203,29.141,30.113,28.949,281.0,301.0,310.0,311.0,1,False,False,True,False,2026-09-04 14:57:42.009,,33.9,54.4,30.2,False,1.1,216.0
2026,13,Italian Grand Prix,FP2,OCO,Haas F1 Team,27.0,6.0,SOFT,15.0,87.734,28.845,29.845,29.044,280.0,298.0,302.0,304.0,1,False,False,True,False,2026-09-04 14:59:10.212,,34.1,54.6,29.5,False,1.4,201.0
2026,13,Italian Grand Prix,FP2,OCO,Haas F1 Team,28.0,6.0,SOFT,16.0,119.754,29.671,34.698,55.385,281.0,149.0,70.0,295.0,1,False,False,True,False,2026-09-04 15:00:37.946,,34.3,54.7,27.9,False,1.0,189.0
2026,13,Italian Grand Prix,FP2,OCO,Haas F1 Team,29.0,6.0,SOFT,17.0,,82.631,36.576,43.233,235.0,221.0,102.0,226.0,1,False,False,False,False,2026-09-04 15:02:37.700,,34.2,53.7,27.6,False,1.1,214.0
2026,13,Italian Grand Prix,FP2,OCO,Haas F1 Team,30.0,6.0,SOFT,18.0,131.369,66.212,31.137,34.02,290.0,286.0,,289.0,1,False,False,False,False,2026-09-04 15:05:20.169,,34.2,54.1,27.9,False,1.3,190.0
2026,13,Italian Grand Prix,FP2,LIN,Racing Bulls,1.0,1.0,MEDIUM,1.0,,,33.836,31.612,260.0,265.0,289.0,162.0,1,True,False,False,False,2026-09-04 14:01:52.277,,33.6,56.8,33.1,False,0.8,223.0
2026,13,Italian Grand Prix,FP2,LIN,Racing Bulls,2.0,1.0,MEDIUM,2.0,84.258,27.751,28.669,27.838,295.0,310.0,287.0,319.0,1,True,True,True,False,2026-09-04 14:03:35.562,,33.5,57.5,33.0,False,0.6,221.0
2026,13,Italian Grand Prix,FP2,LIN,Racing Bulls,3.0,1.0,MEDIUM,3.0,129.489,43.351,51.928,34.21,179.0,206.0,291.0,223.0,1,True,False,True,False,2026-09-04 14:04:59.820,,33.4,57.4,33.0,False,0.7,215.0
2026,13,Italian Grand Prix,FP2,LIN,Racing Bulls,4.0,1.0,MEDIUM,4.0,83.807,27.593,28.456,27.758,296.0,311.0,290.0,320.0,1,True,True,True,False,2026-09-04 14:07:09.309,,33.5,57.0,33.1,False,1.5,182.0
2026,13,Italian Grand Prix,FP2,LIN,Racing Bulls,5.0,1.0,MEDIUM,5.0,124.35,40.49,42.054,41.806,152.0,180.0,223.0,245.0,1,True,False,True,False,2026-09-04 14:08:33.116,,33.5,57.1,32.8,False,0.9,186.0
2026,13,Italian Grand Prix,FP2,LIN,Racing Bulls,6.0,1.0,MEDIUM,6.0,112.903,34.936,41.708,36.259,250.0,201.0,289.0,267.0,1,True,False,True,False,2026-09-04 14:10:37.466,,33.3,56.7,33.1,False,1.5,165.0
2026,13,Italian Grand Prix,FP2,LIN,Racing Bulls,7.0,1.0,MEDIUM,7.0,83.468,27.576,28.199,27.693,297.0,314.0,293.0,320.0,1,True,True,True,False,2026-09-04 14:12:30.369,,33.4,56.2,32.5,False,1.0,148.0
2026,13,Italian Grand Prix,FP2,LIN,Racing Bulls,8.0,1.0,MEDIUM,8.0,118.603,38.377,38.505,41.721,270.0,233.0,,164.0,1,True,False,False,False,2026-09-04 14:13:53.837,,33.5,56.3,32.6,False,0.5,201.0
2026,13,Italian Grand Prix,FP2,LIN,Racing Bulls,9.0,2.0,SOFT,1.0,,,33.245,31.099,265.0,269.0,289.0,193.0,1,True,False,False,False,2026-09-04 14:15:52.440,,33.4,56.3,33.0,False,1.8,190.0
2026,13,Italian Grand Prix,FP2,LIN,Racing Bulls,10.0,2.0,SOFT,2.0,83.465,27.563,28.266,27.636,295.0,312.0,291.0,314.0,1,True,True,True,False,2026-09-04 14:29:57.439,,33.5,55.5,31.5,False,1.5,145.0
2026,13,Italian Grand Prix,FP2,LIN,Racing Bulls,11.0,2.0,SOFT,3.0,124.455,41.282,39.92,43.253,225.0,254.0,,123.0,1,True,False,False,False,2026-09-04 14:31:20.904,,33.5,54.4,31.6,False,1.5,244.0
2026,13,Italian Grand Prix,FP2,LIN,Racing Bulls,12.0,3.0,SOFT,4.0,143.074,49.419,48.758,44.897,151.0,114.0,291.0,200.0,1,False,False,False,False,2026-09-04 14:33:25.359,,33.5,55.0,32.3,False,1.4,170.0
2026,13,Italian Grand Prix,FP2,LIN,Racing Bulls,13.0,3.0,SOFT,5.0,83.349,27.504,28.202,27.643,296.0,315.0,289.0,319.0,1,False,True,True,False,2026-09-04 14:35:48.433,,33.4,55.5,32.8,False,0.6,30.0
2026,13,Italian Grand Prix,FP2,LIN,Racing Bulls,14.0,3.0,SOFT,6.0,115.955,36.913,42.599,36.443,215.0,199.0,,225.0,1,False,False,False,False,2026-09-04 14:37:11.782,,33.3,55.2,32.8,False,0.8,206.0
2026,13,Italian Grand Prix,FP2,LIN,Racing Bulls,15.0,4.0,MEDIUM,9.0,,,30.271,29.356,283.0,301.0,294.0,265.0,1,False,False,False,False,2026-09-04 14:39:07.737,,33.5,55.6,32.0,False,0.4,183.0
2026,13,Italian Grand Prix,FP2,LIN,Racing Bulls,16.0,4.0,MEDIUM,10.0,87.398,28.875,29.808,28.715,284.0,303.0,298.0,301.0,1,False,False,True,False,2026-09-04 14:46:10.612,,33.7,55.2,31.4,False,0.0,0.0
2026,13,Italian Grand Prix,FP2,LIN,Racing Bulls,17.0,4.0,MEDIUM,11.0,87.091,28.701999999999998,29.698,28.691,285.0,306.0,303.0,302.0,1,False,False,True,False,2026-09-04 14:47:38.010,,33.7,55.1,31.2,False,0.9,182.0
2026,13,Italian Grand Prix,FP2,LIN,Racing Bulls,18.0,4.0,MEDIUM,12.0,87.295,28.97,29.797,28.528,287.0,307.0,314.0,306.0,1,False,False,True,False,2026-09-04 14:49:05.101,,33.7,54.9,30.7,False,1.5,188.0
2026,13,Italian Grand Prix,FP2,LIN,Racing Bulls,19.0,4.0,MEDIUM,13.0,86.27,27.878,29.809,28.583,310.0,304.0,306.0,308.0,1,False,False,True,False,2026-09-04 14:50:32.396,,33.7,54.7,30.5,False,2.4,193.0
2026,13,Italian Grand Prix,FP2,LIN,Racing Bulls,20.0,4.0,MEDIUM,14.0,87.072,28.588,29.82,28.664,283.0,301.0,300.0,309.0,1,False,False,True,False,2026-09-04 14:51:58.666,,33.7,53.5,30.9,False,2.3,210.0
2026,13,Italian Grand Prix,FP2,LIN,Racing Bulls,21.0,4.0,MEDIUM,15.0,87.121,28.812,29.693,28.616,284.0,303.0,301.0,305.0,1,False,False,True,False,2026-09-04 14:53:25.738,,33.8,54.4,30.8,False,1.6,197.0
2026,13,Italian Grand Prix,FP2,LIN,Racing Bulls,22.0,4.0,MEDIUM,16.0,86.876,28.791,29.623,28.462,284.0,305.0,308.0,303.0,1,False,False,True,False,2026-09-04 14:54:52.859,,34.0,53.8,31.8,False,0.6,268.0
2026,13,Italian Grand Prix,FP2,LIN,Racing Bulls,23.0,4.0,MEDIUM,17.0,86.817,28.609,29.76,28.448,285.0,304.0,309.0,306.0,1,False,False,True,False,2026-09-04 14:56:19.735,,34.0,53.9,31.7,False,0.7,230.0
2026,13,Italian Grand Prix,FP2,LIN,Racing Bulls,24.0,4.0,MEDIUM,18.0,86.799,28.602,29.667,28.53,285.0,306.0,307.0,306.0,1,False,False,True,False,2026-09-04 14:57:46.552,,33.9,54.4,30.2,False,1.1,216.0
2026,13,Italian Grand Prix,FP2,LIN,Racing Bulls,25.0,4.0,MEDIUM,19.0,86.505,28.575,29.642,28.288,285.0,306.0,310.0,306.0,1,False,False,True,False,2026-09-04 14:59:13.351,,34.1,54.6,29.5,False,1.4,201.0
2026,13,Italian Grand Prix,FP2,LIN,Racing Bulls,26.0,4.0,MEDIUM,20.0,111.934,28.861,41.103,41.97,238.0,199.0,,309.0,1,False,False,False,False,2026-09-04 15:00:39.856,,34.3,54.7,27.9,False,1.0,189.0
2026,13,Italian Grand Prix,FP2,COL,Alpine,1.0,1.0,HARD,1.0,,,37.021,32.21,248.0,264.0,301.0,134.0,1,True,False,False,False,2026-09-04 14:00:25.613,,33.3,57.0,32.8,False,0.9,196.0
2026,13,Italian Grand Prix,FP2,COL,Alpine,2.0,1.0,HARD,2.0,85.174,27.446,28.888,28.84,295.0,315.0,279.0,325.0,1,True,True,True,False,2026-09-04 14:02:21.344,,33.6,56.8,33.1,False,0.8,223.0
2026,13,Italian Grand Prix,FP2,COL,Alpine,3.0,1.0,HARD,3.0,,54.461,56.491,39.179,116.0,234.0,295.0,158.0,1,True,False,False,False,2026-09-04 14:03:46.518,,33.5,57.5,33.0,False,0.6,221.0
2026,13,Italian Grand Prix,FP2,COL,Alpine,4.0,1.0,HARD,4.0,84.852,27.484,28.773,28.595,293.0,313.0,279.0,326.0,1,True,True,True,False,2026-09-04 14:06:16.581,,33.4,57.1,33.2,False,1.2,156.0
2026,13,Italian Grand Prix,FP2,COL,Alpine,5.0,1.0,HARD,5.0,142.42,58.255,50.027,34.138,89.0,203.0,297.0,159.0,1,True,False,True,False,2026-09-04 14:07:41.433,,33.5,57.1,32.8,False,0.9,186.0
2026,13,Italian Grand Prix,FP2,COL,Alpine,6.0,1.0,HARD,6.0,84.248,27.175,28.506,28.567,294.0,313.0,276.0,329.0,1,True,True,True,False,2026-09-04 14:10:03.853,,33.4,56.4,32.5,False,0.7,183.0
2026,13,Italian Grand Prix,FP2,COL,Alpine,7.0,1.0,HARD,7.0,147.439,48.73,65.559,33.15,141.0,156.0,299.0,142.0,1,True,False,True,False,2026-09-04 14:11:28.101,,33.3,56.7,33.1,False,1.5,165.0
2026,13,Italian Grand Prix,FP2,COL,Alpine,8.0,1.0,HARD,8.0,84.361,27.292,28.638,28.431,293.0,313.0,277.0,329.0,1,True,False,True,False,2026-09-04 14:13:55.540,,33.5,56.3,32.6,False,0.5,201.0
2026,13,Italian Grand Prix,FP2,COL,Alpine,9.0,1.0,HARD,9.0,123.286,41.739,43.814,37.733,232.0,239.0,,148.0,1,True,False,False,False,2026-09-04 14:15:19.901,,33.5,56.6,32.8,False,0.0,0.0
2026,13,Italian Grand Prix,FP2,COL,Alpine,10.0,2.0,SOFT,1.0,,,32.764,31.34,276.0,262.0,303.0,154.0,1,True,False,False,False,2026-09-04 14:17:23.187,,33.4,56.2,32.2,False,1.8,190.0
2026,13,Italian Grand Prix,FP2,COL,Alpine,11.0,2.0,SOFT,2.0,83.619,27.088,28.204,28.327,298.0,317.0,285.0,326.0,1,True,True,True,False,2026-09-04 14:28:40.238,,33.5,55.2,31.2,False,0.6,155.0
2026,13,Italian Grand Prix,FP2,COL,Alpine,12.0,2.0,SOFT,3.0,,53.661,61.656,49.327,100.0,159.0,196.0,142.0,1,True,False,False,False,2026-09-04 14:30:03.857,,33.5,55.5,31.5,False,1.5,145.0
2026,13,Italian Grand Prix,FP2,COL,Alpine,13.0,2.0,SOFT,4.0,111.535,40.408,39.342,31.785,245.0,257.0,299.0,165.0,1,True,False,True,False,2026-09-04 14:32:48.439,,33.5,55.0,32.3,False,1.4,170.0
2026,13,Italian Grand Prix,FP2,COL,Alpine,14.0,2.0,SOFT,5.0,114.485,27.148,43.206,44.131,295.0,168.0,,326.0,1,True,False,False,False,2026-09-04 14:34:39.974,,33.5,53.4,32.4,False,1.0,278.0
2026,13,Italian Grand Prix,FP2,COL,Alpine,15.0,3.0,SOFT,6.0,,,31.285,29.157,281.0,299.0,308.0,228.0,1,False,False,False,False,2026-09-04 14:36:34.459,,33.3,55.2,32.8,False,0.8,206.0
2026,13,Italian Grand Prix,FP2,COL,Alpine,16.0,3.0,SOFT,7.0,87.319,28.519,29.759,29.041,289.0,304.0,280.0,291.0,1,False,False,True,False,2026-09-04 14:45:48.435,,33.7,55.2,31.4,False,0.0,0.0
2026,13,Italian Grand Prix,FP2,COL,Alpine,17.0,3.0,SOFT,8.0,87.158,28.757,29.47,28.931,290.0,308.0,282.0,300.0,1,False,False,True,False,2026-09-04 14:47:15.754,,33.8,55.0,30.7,False,0.0,0.0
2026,13,Italian Grand Prix,FP2,COL,Alpine,18.0,3.0,SOFT,9.0,86.775,28.649,29.254,28.872,291.0,306.0,285.0,300.0,1,False,False,True,False,2026-09-04 14:48:42.912,,33.7,54.9,30.7,False,1.5,188.0
2026,13,Italian Grand Prix,FP2,COL,Alpine,19.0,3.0,SOFT,10.0,86.699,28.683,29.281,28.735,290.0,306.0,294.0,300.0,1,False,False,True,False,2026-09-04 14:50:09.687,,33.7,54.7,30.5,False,2.4,193.0
2026,13,Italian Grand Prix,FP2,COL,Alpine,20.0,3.0,SOFT,11.0,86.632,28.518,29.381,28.733,289.0,304.0,290.0,301.0,1,False,False,True,False,2026-09-04 14:51:36.386,,33.7,53.5,30.9,False,2.3,210.0
2026,13,Italian Grand Prix,FP2,COL,Alpine,21.0,3.0,SOFT,12.0,89.961,28.661,29.564,31.736,289.0,304.0,284.0,295.0,1,False,False,True,False,2026-09-04 14:53:03.018,,33.8,54.4,30.8,False,1.6,197.0
2026,13,Italian Grand Prix,FP2,COL,Alpine,22.0,3.0,SOFT,13.0,88.34,29.123,30.023,29.194,288.0,304.0,282.0,289.0,1,False,False,True,False,2026-09-04 14:54:32.979,,33.8,53.2,31.4,False,1.1,266.0
2026,13,Italian Grand Prix,FP2,COL,Alpine,23.0,3.0,SOFT,14.0,91.693,28.849,29.512,33.332,290.0,304.0,,297.0,1,False,False,False,False,2026-09-04 14:56:01.319,,34.0,53.9,31.7,False,0.7,230.0
2026,13,Italian Grand Prix,FP2,COL,Alpine,24.0,4.0,HARD,10.0,127.134,67.393,30.355,29.386,280.0,314.0,305.0,237.0,1,False,False,False,False,2026-09-04 14:57:33.012,,33.9,54.4,30.9,False,2.3,210.0
2026,13,Italian Grand Prix,FP2,COL,Alpine,25.0,4.0,HARD,11.0,88.204,28.794,30.062,29.348,295.0,314.0,284.0,289.0,1,False,False,True,False,2026-09-04 14:59:40.146,,34.1,54.7,28.9,False,0.7,161.0
2026,13,Italian Grand Prix,FP2,COL,Alpine,26.0,4.0,HARD,12.0,124.107,36.165,42.622,45.32,211.0,239.0,60.0,222.0,1,False,False,True,False,2026-09-04 15:01:08.350,,34.3,54.7,27.9,False,1.0,189.0
2026,13,Italian Grand Prix,FP2,COL,Alpine,27.0,4.0,HARD,13.0,149.158,65.066,36.359,47.733,284.0,194.0,53.0,294.0,1,False,False,True,False,2026-09-04 15:03:12.457,,34.2,53.7,27.6,False,1.1,214.0
2026,13,Italian Grand Prix,FP2,COL,Alpine,28.0,4.0,HARD,14.0,134.99,71.13,30.209,33.651,284.0,298.0,,295.0,1,False,False,False,False,2026-09-04 15:05:41.615,,34.2,53.8,27.6,False,1.8,188.0
2026,13,Italian Grand Prix,FP2,HAM,Ferrari,1.0,1.0,MEDIUM,1.0,,,33.329,30.433,217.0,286.0,290.0,169.0,1,True,False,False,False,2026-09-04 14:01:39.009,,33.6,56.8,33.1,False,0.8,223.0
2026,13,Italian Grand Prix,FP2,HAM,Ferrari,2.0,1.0,MEDIUM,2.0,83.831,27.38,28.594,27.857,294.0,312.0,278.0,324.0,1,True,True,True,False,2026-09-04 14:03:22.581,,33.6,57.1,33.3,False,0.0,0.0
2026,13,Italian Grand Prix,FP2,HAM,Ferrari,3.0,1.0,MEDIUM,3.0,143.833,45.763,50.319,47.751,157.0,190.0,,135.0,1,True,False,False,False,2026-09-04 14:04:46.412,,33.4,57.4,33.0,False,0.7,215.0
2026,13,Italian Grand Prix,FP2,HAM,Ferrari,4.0,2.0,MEDIUM,4.0,,88.86,35.827,32.439,203.0,241.0,289.0,209.0,1,False,False,False,False,2026-09-04 14:07:10.245,,33.5,57.0,33.1,False,1.5,182.0
2026,13,Italian Grand Prix,FP2,HAM,Ferrari,5.0,2.0,MEDIUM,5.0,94.523,27.382,28.69,38.451,290.0,308.0,194.0,324.0,1,False,False,True,False,2026-09-04 14:09:47.486,,33.4,56.4,32.5,False,0.7,183.0
2026,13,Italian Grand Prix,FP2,HAM,Ferrari,6.0,2.0,MEDIUM,6.0,137.07,48.99,50.146,37.934,183.0,160.0,285.0,147.0,1,False,False,True,False,2026-09-04 14:11:22.009,,33.3,56.7,33.1,False,1.5,165.0
2026,13,Italian Grand Prix,FP2,HAM,Ferrari,7.0,2.0,MEDIUM,7.0,84.029,27.569,28.471,27.989,290.0,310.0,275.0,316.0,1,False,False,True,False,2026-09-04 14:13:39.079,,33.5,56.3,32.6,False,0.5,201.0
2026,13,Italian Grand Prix,FP2,HAM,Ferrari,8.0,2.0,MEDIUM,8.0,106.199,41.436,30.465,34.298,276.0,291.0,,143.0,1,False,False,False,False,2026-09-04 14:15:03.108,,33.5,56.6,32.8,False,0.0,0.0
2026,13,Italian Grand Prix,FP2,HAM,Ferrari,9.0,3.0,SOFT,1.0,,,32.027,34.466,230.0,292.0,291.0,159.0,1,True,False,False,False,2026-09-04 14:16:49.307,,33.4,56.2,32.2,False,1.8,190.0
2026,13,Italian Grand Prix,FP2,HAM,Ferrari,10.0,3.0,SOFT,2.0,83.016,27.174,28.145,27.697,294.0,312.0,279.0,321.0,1,True,True,True,False,2026-09-04 14:30:34.679,,33.5,54.4,31.6,False,1.5,244.0
2026,13,Italian Grand Prix,FP2,HAM,Ferrari,11.0,3.0,SOFT,3.0,,54.88,58.032,50.157,123.0,177.0,,140.0,1,True,False,False,False,2026-09-04 14:31:57.695,,33.5,55.0,32.7,False,1.1,189.0
2026,13,Italian Grand Prix,FP2,HAM,Ferrari,12.0,4.0,SOFT,4.0,,76.453,43.306,39.344,184.0,173.0,292.0,169.0,1,False,False,False,False,2026-09-04 14:34:40.692,,33.5,53.4,32.4,False,1.0,278.0
2026,13,Italian Grand Prix,FP2,HAM,Ferrari,13.0,4.0,SOFT,5.0,116.521,47.757,37.941,30.823,126.0,287.0,290.0,320.0,1,False,False,True,False,2026-09-04 14:37:19.817,,33.3,55.2,32.8,False,0.8,206.0
2026,13,Italian Grand Prix,FP2,HAM,Ferrari,14.0,4.0,SOFT,6.0,102.542,27.361,33.31,41.871,292.0,186.0,,317.0,1,False,False,False,False,2026-09-04 14:39:16.338,,33.5,55.6,32.0,False,0.4,183.0
2026,13,Italian Grand Prix,FP2,HAM,Ferrari,15.0,5.0,SOFT,7.0,,,36.602,30.176,280.0,246.0,316.0,177.0,1,False,False,False,False,2026-09-04 14:40:58.880,,33.6,55.8,31.9,False,0.7,206.0
2026,13,Italian Grand Prix,FP2,HAM,Ferrari,16.0,5.0,SOFT,8.0,86.424,28.491,29.566,28.367,280.0,302.0,309.0,319.0,1,False,False,True,False,2026-09-04 14:48:10.432,,33.7,55.1,31.2,False,0.9,182.0
2026,13,Italian Grand Prix,FP2,HAM,Ferrari,17.0,5.0,SOFT,9.0,86.645,28.618,29.682,28.345,281.0,302.0,309.0,311.0,1,False,False,True,False,2026-09-04 14:49:36.856,,33.7,54.7,30.5,False,2.4,193.0
2026,13,Italian Grand Prix,FP2,HAM,Ferrari,18.0,5.0,SOFT,10.0,86.373,28.586,29.524,28.263,281.0,300.0,315.0,315.0,1,False,False,True,False,2026-09-04 14:51:03.501,,33.7,55.0,29.8,False,1.3,202.0
2026,13,Italian Grand Prix,FP2,HAM,Ferrari,19.0,5.0,SOFT,11.0,86.022,28.448,29.47,28.104,281.0,306.0,311.0,319.0,1,False,False,True,False,2026-09-04 14:52:29.874,,33.7,53.5,30.9,False,2.3,210.0
2026,13,Italian Grand Prix,FP2,HAM,Ferrari,20.0,5.0,SOFT,12.0,86.419,28.497,29.706,28.216,283.0,308.0,313.0,317.0,1,False,False,True,False,2026-09-04 14:53:55.896,,33.8,53.2,31.4,False,1.1,266.0
2026,13,Italian Grand Prix,FP2,HAM,Ferrari,21.0,5.0,SOFT,13.0,86.002,28.306,29.453,28.243,287.0,313.0,328.0,321.0,1,False,False,True,False,2026-09-04 14:55:22.315,,34.0,53.8,31.8,False,0.6,268.0
2026,13,Italian Grand Prix,FP2,HAM,Ferrari,22.0,5.0,SOFT,14.0,86.254,27.965,29.962,28.327,284.0,300.0,321.0,326.0,1,False,False,True,False,2026-09-04 14:56:48.317,,33.9,54.4,30.9,False,2.3,210.0
2026,13,Italian Grand Prix,FP2,HAM,Ferrari,23.0,5.0,SOFT,15.0,85.756,28.272,29.627,27.857,283.0,304.0,333.0,314.0,1,False,False,True,False,2026-09-04 14:58:14.571,,33.9,54.4,30.2,False,1.1,216.0
2026,13,Italian Grand Prix,FP2,HAM,Ferrari,24.0,5.0,SOFT,16.0,86.261,28.08,29.832,28.349,287.0,313.0,323.0,331.0,1,False,False,True,False,2026-09-04 14:59:40.327,,34.1,54.7,28.9,False,0.7,161.0
2026,13,Italian Grand Prix,FP2,HAM,Ferrari,25.0,5.0,SOFT,17.0,115.285,29.727,45.799,39.759,181.0,196.0,129.0,315.0,1,False,False,True,False,2026-09-04 15:01:06.588,,34.3,54.7,27.9,False,1.0,189.0
2026,13,Italian Grand Prix,FP2,HAM,Ferrari,26.0,5.0,SOFT,18.0,142.738,62.899,41.691,38.148,195.0,237.0,145.0,288.0,1,False,False,True,False,2026-09-04 15:03:01.873,,34.2,53.7,27.6,False,1.1,214.0
2026,13,Italian Grand Prix,FP2,HAM,Ferrari,27.0,5.0,SOFT,19.0,136.112,65.807,31.637,38.668,246.0,239.0,,290.0,1,False,False,False,False,2026-09-04 15:05:24.611,,34.2,54.1,27.9,False,1.3,190.0
2026,13,Italian Grand Prix,FP2,SAI,Williams,1.0,1.0,MEDIUM,1.0,,,36.369,34.854,281.0,255.0,296.0,134.0,1,True,False,False,False,2026-09-04 14:00:51.739,,33.5,56.8,32.4,False,1.1,218.0
2026,13,Italian Grand Prix,FP2,SAI,Williams,2.0,1.0,MEDIUM,2.0,84.985,27.375,28.882,28.728,299.0,321.0,283.0,326.0,1,True,True,True,False,2026-09-04 14:02:42.638,,33.6,57.1,33.3,False,0.0,0.0
2026,13,Italian Grand Prix,FP2,SAI,Williams,3.0,1.0,MEDIUM,3.0,141.083,48.067,56.619,36.397,127.0,178.0,296.0,188.0,1,True,False,True,False,2026-09-04 14:04:07.623,,33.5,57.5,33.0,False,0.6,221.0
2026,13,Italian Grand Prix,FP2,SAI,Williams,4.0,1.0,MEDIUM,4.0,84.912,27.445,28.867,28.6,296.0,315.0,281.0,323.0,1,True,True,True,False,2026-09-04 14:06:28.706,,33.4,57.1,33.2,False,1.2,156.0
2026,13,Italian Grand Prix,FP2,SAI,Williams,5.0,1.0,MEDIUM,5.0,137.849,47.258,56.062,34.529,132.0,216.0,297.0,265.0,1,True,False,True,False,2026-09-04 14:07:53.618,,33.5,57.1,32.8,False,0.9,186.0
2026,13,Italian Grand Prix,FP2,SAI,Williams,6.0,1.0,MEDIUM,6.0,84.587,27.246,28.766,28.575,297.0,315.0,280.0,323.0,1,True,True,True,False,2026-09-04 14:10:11.467,,33.4,56.4,32.5,False,0.7,183.0
2026,13,Italian Grand Prix,FP2,SAI,Williams,7.0,1.0,MEDIUM,7.0,126.647,37.409,45.481,43.757,217.0,207.0,,236.0,1,True,False,False,False,2026-09-04 14:11:36.054,,33.4,56.2,32.5,False,1.0,148.0
2026,13,Italian Grand Prix,FP2,SAI,Williams,8.0,2.0,MEDIUM,8.0,136.253,62.908,39.67,33.675,266.0,184.0,298.0,136.0,1,False,False,False,False,2026-09-04 14:13:42.701,,33.5,56.3,32.6,False,0.5,201.0
2026,13,Italian Grand Prix,FP2,SAI,Williams,9.0,2.0,MEDIUM,9.0,115.047,27.284,46.602,41.161,300.0,154.0,296.0,334.0,1,False,False,True,False,2026-09-04 14:15:58.954,,33.4,56.3,33.0,False,1.8,190.0
2026,13,Italian Grand Prix,FP2,SAI,Williams,10.0,2.0,MEDIUM,10.0,98.025,27.366,32.883,37.776,300.0,182.0,,327.0,1,False,False,False,False,2026-09-04 14:17:54.001,,33.5,55.8,32.1,False,0.9,181.0
2026,13,Italian Grand Prix,FP2,SAI,Williams,11.0,3.0,SOFT,1.0,,,32.067,31.468,313.0,263.0,298.0,209.0,1,True,False,False,False,2026-09-04 14:19:32.026,,33.5,56.0,31.7,False,0.9,178.0
2026,13,Italian Grand Prix,FP2,SAI,Williams,12.0,3.0,SOFT,2.0,83.9,27.07,28.63,28.2,300.0,322.0,283.0,325.0,1,True,True,True,False,2026-09-04 14:30:11.152,,33.5,55.5,31.5,False,1.5,145.0
2026,13,Italian Grand Prix,FP2,SAI,Williams,13.0,3.0,SOFT,3.0,129.086,41.524,43.151,44.411,185.0,163.0,162.0,205.0,1,True,False,True,False,2026-09-04 14:31:35.052,,33.5,55.0,32.7,False,1.1,189.0
2026,13,Italian Grand Prix,FP2,SAI,Williams,14.0,3.0,SOFT,4.0,120.865,49.268,37.266,34.331,208.0,160.0,299.0,191.0,1,True,False,True,False,2026-09-04 14:33:44.138,,33.5,55.2,32.2,False,0.6,201.0
2026,13,Italian Grand Prix,FP2,SAI,Williams,15.0,3.0,SOFT,5.0,84.026,27.246,28.596,28.184,300.0,322.0,281.0,324.0,1,True,False,True,False,2026-09-04 14:35:45.003,,33.4,55.5,32.8,False,0.6,30.0
2026,13,Italian Grand Prix,FP2,SAI,Williams,16.0,3.0,SOFT,6.0,108.388,35.695,36.397,36.296,218.0,322.0,,254.0,1,True,False,False,False,2026-09-04 14:37:09.029,,33.3,55.2,32.8,False,0.8,206.0
2026,13,Italian Grand Prix,FP2,SAI,Williams,17.0,4.0,SOFT,7.0,,,30.882,29.532,290.0,311.0,295.0,241.0,1,False,False,False,False,2026-09-04 14:38:57.417,,33.5,55.6,32.0,False,0.4,183.0
2026,13,Italian Grand Prix,FP2,SAI,Williams,18.0,4.0,SOFT,8.0,87.439,28.448,29.858,29.133,293.0,311.0,289.0,309.0,1,False,False,True,False,2026-09-04 14:45:34.634,,33.7,55.2,31.4,False,0.0,0.0
2026,13,Italian Grand Prix,FP2,SAI,Williams,19.0,4.0,SOFT,9.0,87.427,28.477,29.828,29.122,296.0,311.0,287.0,307.0,1,False,False,True,False,2026-09-04 14:47:02.073,,33.8,55.0,30.7,False,0.0,0.0
2026,13,Italian Grand Prix,FP2,SAI,Williams,20.0,4.0,SOFT,10.0,87.337,28.444,29.762,29.131,295.0,310.0,288.0,306.0,1,False,False,True,False,2026-09-04 14:48:29.500,,33.7,55.1,31.2,False,0.9,182.0
2026,13,Italian Grand Prix,FP2,SAI,Williams,21.0,4.0,SOFT,11.0,89.029,29.266,30.424,29.339,300.0,313.0,297.0,306.0,1,False,False,True,False,2026-09-04 14:49:56.837,,33.7,54.7,30.5,False,2.4,193.0
2026,13,Italian Grand Prix,FP2,SAI,Williams,22.0,4.0,SOFT,12.0,87.293,28.362,29.854,29.077,294.0,312.0,290.0,314.0,1,False,False,True,False,2026-09-04 14:51:25.866,,33.7,55.0,29.8,False,1.3,202.0
2026,13,Italian Grand Prix,FP2,SAI,Williams,23.0,4.0,SOFT,13.0,87.333,28.344,29.917,29.072,295.0,311.0,289.0,313.0,1,False,False,True,False,2026-09-04 14:52:53.159,,33.8,54.4,30.8,False,1.6,197.0
2026,13,Italian Grand Prix,FP2,SAI,Williams,24.0,4.0,SOFT,14.0,87.539,28.516,29.94,29.083,295.0,310.0,293.0,305.0,1,False,False,True,False,2026-09-04 14:54:20.492,,33.8,53.2,31.4,False,1.1,266.0
2026,13,Italian Grand Prix,FP2,SAI,Williams,25.0,4.0,SOFT,15.0,87.341,28.452,29.899,28.99,294.0,309.0,290.0,309.0,1,False,False,True,False,2026-09-04 14:55:48.031,,34.0,53.9,31.7,False,0.7,230.0
2026,13,Italian Grand Prix,FP2,SAI,Williams,26.0,4.0,SOFT,16.0,87.363,28.476,29.944,28.943,293.0,309.0,293.0,308.0,1,False,False,True,False,2026-09-04 14:57:15.372,,33.9,54.4,30.9,False,2.3,210.0
2026,13,Italian Grand Prix,FP2,SAI,Williams,27.0,4.0,SOFT,17.0,88.073,28.866,30.323,28.884,298.0,311.0,297.0,305.0,1,False,False,True,False,2026-09-04 14:58:42.735,,34.1,54.6,29.5,False,1.4,201.0
2026,13,Italian Grand Prix,FP2,SAI,Williams,28.0,4.0,SOFT,18.0,110.147,28.482,31.478,50.187,291.0,200.0,89.0,302.0,1,False,False,True,False,2026-09-04 15:00:10.808,,34.1,54.7,28.9,False,0.7,161.0
2026,13,Italian Grand Prix,FP2,SAI,Williams,29.0,4.0,SOFT,19.0,136.124,63.611,33.196,39.317,289.0,224.0,152.0,293.0,1,False,False,True,False,2026-09-04 15:02:00.955,,34.3,54.4,28.0,False,1.0,166.0
2026,13,Italian Grand Prix,FP2,SAI,Williams,30.0,4.0,SOFT,20.0,127.343,60.088,31.275,35.98,291.0,296.0,,301.0,1,False,False,False,False,2026-09-04 15:04:17.079,,34.2,54.0,27.4,False,1.4,196.0
2026,13,Italian Grand Prix,FP2,RUS,Mercedes,1.0,1.0,HARD,1.0,,,36.107,30.781,281.0,265.0,295.0,265.0,1,True,False,False,False,2026-09-04 14:02:46.027,,33.6,57.1,33.3,False,0.0,0.0
2026,13,Italian Grand Prix,FP2,RUS,Mercedes,2.0,1.0,HARD,2.0,83.625,27.275,28.188,28.162,299.0,316.0,282.0,326.0,1,True,True,True,False,2026-09-04 14:04:26.326,,33.5,57.5,33.0,False,0.6,221.0
2026,13,Italian Grand Prix,FP2,RUS,Mercedes,3.0,1.0,HARD,3.0,149.526,59.874,56.106,33.546,122.0,164.0,295.0,111.0,1,True,False,True,False,2026-09-04 14:05:49.951,,33.4,57.1,33.2,False,1.2,156.0
2026,13,Italian Grand Prix,FP2,RUS,Mercedes,4.0,1.0,HARD,4.0,83.434,27.336,28.025,28.073,295.0,318.0,282.0,324.0,1,True,True,True,False,2026-09-04 14:08:19.477,,33.5,57.1,32.8,False,0.9,186.0
2026,13,Italian Grand Prix,FP2,RUS,Mercedes,5.0,1.0,HARD,5.0,148.684,53.016,52.594,43.074,111.0,235.0,,137.0,1,True,False,False,False,2026-09-04 14:09:42.911,,33.4,56.4,32.5,False,0.7,183.0
2026,13,Italian Grand Prix,FP2,RUS,Mercedes,6.0,2.0,HARD,6.0,135.048,62.111,40.67,32.267,192.0,282.0,294.0,215.0,1,False,False,False,False,2026-09-04 14:12:11.595,,33.4,56.2,32.5,False,1.0,148.0
2026,13,Italian Grand Prix,FP2,RUS,Mercedes,7.0,2.0,HARD,7.0,83.202,27.232,28.037,27.933,296.0,319.0,285.0,331.0,1,False,True,True,False,2026-09-04 14:14:26.643,,33.5,56.3,32.6,False,0.5,201.0
2026,13,Italian Grand Prix,FP2,RUS,Mercedes,8.0,2.0,HARD,8.0,109.715,34.38,35.924,39.411,258.0,291.0,,278.0,1,False,False,False,False,2026-09-04 14:15:49.845,,33.4,56.3,33.0,False,1.8,190.0
2026,13,Italian Grand Prix,FP2,RUS,Mercedes,9.0,3.0,SOFT,1.0,,,35.841,42.716,298.0,171.0,,261.0,1,True,False,False,False,2026-09-04 14:17:39.560,,33.5,55.8,32.1,False,0.9,181.0
2026,13,Italian Grand Prix,FP2,RUS,Mercedes,10.0,4.0,SOFT,2.0,131.498,63.695,37.182,30.621,250.0,285.0,295.0,174.0,1,False,False,False,False,2026-09-04 14:23:57.083,,33.4,55.7,31.8,False,1.6,184.0
2026,13,Italian Grand Prix,FP2,RUS,Mercedes,11.0,4.0,SOFT,3.0,82.686,27.084,27.82,27.782,298.0,318.0,281.0,323.0,1,False,True,True,False,2026-09-04 14:26:08.581,,33.3,55.1,32.1,False,1.3,187.0
2026,13,Italian Grand Prix,FP2,RUS,Mercedes,12.0,4.0,SOFT,4.0,145.346,47.12,49.373,48.853,182.0,180.0,181.0,142.0,1,False,False,True,False,2026-09-04 14:27:31.267,,33.3,55.3,32.1,False,1.3,182.0
2026,13,Italian Grand Prix,FP2,RUS,Mercedes,13.0,4.0,SOFT,5.0,125.803,45.954,47.526,32.323,161.0,225.0,296.0,188.0,1,False,False,True,False,2026-09-04 14:29:56.613,,33.5,55.5,31.5,False,1.5,145.0
2026,13,Italian Grand Prix,FP2,RUS,Mercedes,14.0,4.0,SOFT,6.0,82.559,27.044,27.794,27.721,302.0,320.0,283.0,325.0,1,False,True,True,False,2026-09-04 14:32:02.416,,33.5,55.0,32.7,False,1.1,189.0
2026,13,Italian Grand Prix,FP2,RUS,Mercedes,15.0,4.0,SOFT,7.0,116.26,39.538,34.979,41.743,219.0,219.0,,153.0,1,False,False,False,False,2026-09-04 14:33:24.975,,33.5,55.0,32.3,False,1.4,170.0
2026,13,Italian Grand Prix,FP2,RUS,Mercedes,16.0,5.0,HARD,9.0,,,29.647,28.489,286.0,306.0,308.0,276.0,1,False,False,False,False,2026-09-04 14:35:21.235,,33.5,53.4,32.4,False,1.0,278.0
2026,13,Italian Grand Prix,FP2,RUS,Mercedes,17.0,5.0,HARD,10.0,86.11,28.375,29.1,28.635,291.0,306.0,287.0,293.0,1,False,False,True,False,2026-09-04 14:42:07.757,,33.7,54.9,31.9,False,0.9,66.0
2026,13,Italian Grand Prix,FP2,RUS,Mercedes,18.0,5.0,HARD,11.0,86.381,28.694,29.142,28.545,292.0,306.0,288.0,300.0,1,False,False,True,False,2026-09-04 14:43:33.867,,33.7,55.5,31.9,False,0.9,169.0
2026,13,Italian Grand Prix,FP2,RUS,Mercedes,19.0,5.0,HARD,12.0,86.304,28.513,29.327,28.464,291.0,306.0,294.0,304.0,1,False,False,True,False,2026-09-04 14:45:00.248,,33.7,55.2,31.4,False,2.4,191.0
2026,13,Italian Grand Prix,FP2,RUS,Mercedes,20.0,5.0,HARD,13.0,86.155,28.5,29.224,28.431,291.0,308.0,298.0,304.0,1,False,False,True,False,2026-09-04 14:46:26.552,,33.7,55.2,31.4,False,0.0,0.0
2026,13,Italian Grand Prix,FP2,RUS,Mercedes,21.0,5.0,HARD,14.0,85.975,28.341,29.278,28.356,294.0,313.0,304.0,304.0,1,False,False,True,False,2026-09-04 14:47:52.707,,33.7,55.1,31.2,False,0.9,182.0
2026,13,Italian Grand Prix,FP2,RUS,Mercedes,22.0,5.0,HARD,15.0,86.14,28.199,29.459,28.482,302.0,310.0,298.0,314.0,1,False,False,True,False,2026-09-04 14:49:18.682,,33.7,54.9,30.7,False,1.5,188.0
2026,13,Italian Grand Prix,FP2,RUS,Mercedes,23.0,5.0,HARD,16.0,85.943,28.359,29.219,28.365,296.0,315.0,298.0,308.0,1,False,False,True,False,2026-09-04 14:50:44.822,,33.7,55.0,29.8,False,1.3,202.0
2026,13,Italian Grand Prix,FP2,RUS,Mercedes,24.0,5.0,HARD,17.0,87.175,28.07,29.764,29.341,300.0,320.0,311.0,318.0,1,False,False,True,False,2026-09-04 14:52:10.765,,33.7,53.5,30.9,False,2.3,210.0
2026,13,Italian Grand Prix,FP2,RUS,Mercedes,25.0,5.0,HARD,18.0,85.742,28.067,29.324,28.351,292.0,308.0,294.0,314.0,1,False,False,True,False,2026-09-04 14:53:37.940,,33.8,53.2,31.4,False,1.1,266.0
2026,13,Italian Grand Prix,FP2,RUS,Mercedes,26.0,5.0,HARD,19.0,86.158,28.533,29.311,28.314,293.0,310.0,298.0,307.0,1,False,False,True,False,2026-09-04 14:55:03.682,,34.0,53.8,31.8,False,0.6,268.0
2026,13,Italian Grand Prix,FP2,RUS,Mercedes,27.0,5.0,HARD,20.0,90.901,28.335,29.292,33.274,294.0,333.0,,310.0,1,False,False,False,False,2026-09-04 14:56:29.840,,34.0,53.9,31.7,False,0.7,230.0
2026,13,Italian Grand Prix,FP2,RUS,Mercedes,28.0,6.0,SOFT,8.0,,,30.538,30.251,276.0,304.0,302.0,273.0,1,False,False,False,False,2026-09-04 14:58:00.741,,33.9,54.4,30.2,False,1.1,216.0
2026,13,Italian Grand Prix,FP2,RUS,Mercedes,29.0,6.0,SOFT,9.0,122.936,33.776,35.916,53.244,211.0,237.0,48.0,232.0,1,False,False,True,False,2026-09-04 15:01:32.411,,34.3,54.7,27.9,False,1.0,189.0
2026,13,Italian Grand Prix,FP2,RUS,Mercedes,30.0,6.0,SOFT,10.0,,80.881,36.641,45.84,290.0,219.0,77.0,297.0,1,False,False,False,False,2026-09-04 15:03:35.347,,34.2,54.0,27.4,False,1.4,196.0
2026,13,Italian Grand Prix,FP2,RUS,Mercedes,31.0,6.0,SOFT,11.0,148.9,81.392,31.27,36.238,293.0,289.0,,293.0,12,False,False,False,False,2026-09-04 15:06:18.635,,34.2,53.8,27.6,False,1.8,188.0
2026,13,Italian Grand Prix,FP2,BOT,Cadillac,1.0,1.0,MEDIUM,1.0,,,39.019,36.272,208.0,274.0,279.0,177.0,1,True,False,False,False,2026-09-04 14:00:36.206,,33.5,56.8,32.4,False,1.1,218.0
2026,13,Italian Grand Prix,FP2,BOT,Cadillac,2.0,1.0,MEDIUM,2.0,86.107,27.925,29.278,28.904,291.0,306.0,280.0,320.0,1,True,True,True,False,2026-09-04 14:02:31.381,,33.6,56.8,33.1,False,0.8,223.0
2026,13,Italian Grand Prix,FP2,BOT,Cadillac,3.0,1.0,MEDIUM,3.0,124.583,40.488,44.34,39.755,164.0,174.0,278.0,195.0,1,True,False,True,False,2026-09-04 14:03:57.488,,33.5,57.5,33.0,False,0.6,221.0
2026,13,Italian Grand Prix,FP2,BOT,Cadillac,4.0,1.0,MEDIUM,4.0,86.314,28.101,29.209,29.004,286.0,299.0,279.0,312.0,1,True,False,True,False,2026-09-04 14:06:02.071,,33.4,57.1,33.2,False,1.2,156.0
2026,13,Italian Grand Prix,FP2,BOT,Cadillac,5.0,1.0,MEDIUM,5.0,129.47,38.587,39.348,51.535,185.0,189.0,,195.0,1,True,False,False,False,2026-09-04 14:07:28.385,,33.5,57.0,33.1,False,1.5,182.0
2026,13,Italian Grand Prix,FP2,BOT,Cadillac,6.0,2.0,MEDIUM,6.0,135.392,63.28,37.857,34.255,216.0,258.0,285.0,200.0,1,False,False,False,False,2026-09-04 14:09:37.855,,33.4,56.4,32.5,False,0.7,183.0
2026,13,Italian Grand Prix,FP2,BOT,Cadillac,7.0,2.0,MEDIUM,7.0,86.19,27.901,29.193,29.096,287.0,300.0,272.0,315.0,1,False,False,True,False,2026-09-04 14:11:53.247,,33.4,56.2,32.5,False,1.0,148.0
2026,13,Italian Grand Prix,FP2,BOT,Cadillac,8.0,2.0,MEDIUM,8.0,119.146,38.35,35.068,45.728,268.0,114.0,,150.0,1,False,False,False,False,2026-09-04 14:13:19.437,,33.4,56.6,32.2,False,0.8,168.0
2026,13,Italian Grand Prix,FP2,BOT,Cadillac,9.0,3.0,SOFT,1.0,,,34.006,32.645,252.0,264.0,286.0,183.0,1,True,False,False,False,2026-09-04 14:15:18.583,,33.5,56.6,32.8,False,0.0,0.0
2026,13,Italian Grand Prix,FP2,BOT,Cadillac,10.0,3.0,SOFT,2.0,85.149,27.636,28.878,28.635,293.0,307.0,279.0,314.0,1,True,True,True,False,2026-09-04 14:31:00.680,,33.5,54.4,31.6,False,1.5,244.0
2026,13,Italian Grand Prix,FP2,BOT,Cadillac,11.0,3.0,SOFT,3.0,131.993,41.625,44.644,45.724,217.0,177.0,195.0,138.0,1,True,False,True,False,2026-09-04 14:32:25.829,,33.5,55.0,32.7,False,1.1,189.0
2026,13,Italian Grand Prix,FP2,BOT,Cadillac,12.0,3.0,SOFT,4.0,117.475,41.248,41.425,34.802,193.0,177.0,289.0,207.0,1,True,False,True,False,2026-09-04 14:34:37.822,,33.5,53.4,32.4,False,1.0,278.0
2026,13,Italian Grand Prix,FP2,BOT,Cadillac,13.0,3.0,SOFT,5.0,108.595,31.529,42.654,34.412,175.0,157.0,291.0,319.0,1,True,False,True,False,2026-09-04 14:36:35.297,,33.3,55.2,32.8,False,0.8,206.0
2026,13,Italian Grand Prix,FP2,BOT,Cadillac,14.0,3.0,SOFT,6.0,85.216,27.554,28.765,28.897,292.0,306.0,278.0,316.0,1,True,False,True,False,2026-09-04 14:38:23.892,,33.4,56.0,32.2,False,0.5,182.0
2026,13,Italian Grand Prix,FP2,BOT,Cadillac,15.0,3.0,SOFT,7.0,116.773,40.685,35.907,40.181,192.0,238.0,,145.0,1,True,False,False,False,2026-09-04 14:39:49.108,,33.5,55.9,31.8,False,1.3,198.0
2026,13,Italian Grand Prix,FP2,BOT,Cadillac,16.0,4.0,SOFT,8.0,,,32.364,30.569,274.0,275.0,313.0,281.0,1,False,False,False,False,2026-09-04 14:41:45.881,,33.7,54.9,31.9,False,0.9,66.0
2026,13,Italian Grand Prix,FP2,BOT,Cadillac,17.0,4.0,SOFT,9.0,88.155,28.622,29.992,29.541,282.0,302.0,309.0,305.0,1,False,False,True,False,2026-09-04 14:47:35.085,,33.7,55.1,31.2,False,0.9,182.0
2026,13,Italian Grand Prix,FP2,BOT,Cadillac,18.0,4.0,SOFT,10.0,88.225,28.749,30.149,29.327,281.0,295.0,305.0,305.0,1,False,False,True,False,2026-09-04 14:49:03.240,,33.7,54.9,30.7,False,1.5,188.0
2026,13,Italian Grand Prix,FP2,BOT,Cadillac,19.0,4.0,SOFT,11.0,89.186,29.047,30.804,29.335,278.0,297.0,313.0,303.0,1,False,False,True,False,2026-09-04 14:50:31.465,,33.7,54.7,30.5,False,2.4,193.0
2026,13,Italian Grand Prix,FP2,BOT,Cadillac,20.0,4.0,SOFT,12.0,88.09,28.625,30.34,29.125,280.0,293.0,311.0,311.0,1,False,False,True,False,2026-09-04 14:52:00.651,,33.7,53.5,30.9,False,2.3,210.0
2026,13,Italian Grand Prix,FP2,BOT,Cadillac,21.0,4.0,SOFT,13.0,88.171,28.685,30.048,29.438,280.0,301.0,306.0,311.0,1,False,False,True,False,2026-09-04 14:53:28.741,,33.8,54.4,30.8,False,1.6,197.0
2026,13,Italian Grand Prix,FP2,BOT,Cadillac,22.0,4.0,SOFT,14.0,88.081,28.826,30.163,29.092,281.0,297.0,307.0,307.0,1,False,False,True,False,2026-09-04 14:54:56.912,,34.0,53.8,31.8,False,0.6,268.0
2026,13,Italian Grand Prix,FP2,BOT,Cadillac,23.0,4.0,SOFT,15.0,88.518,28.94,30.222,29.356,279.0,295.0,310.0,306.0,1,False,False,True,False,2026-09-04 14:56:24.993,,34.0,53.9,31.7,False,0.7,230.0
2026,13,Italian Grand Prix,FP2,BOT,Cadillac,24.0,4.0,SOFT,16.0,88.756,28.856,30.498,29.402,278.0,291.0,302.0,305.0,1,False,False,True,False,2026-09-04 14:57:53.511,,33.9,54.4,30.2,False,1.1,216.0
2026,13,Italian Grand Prix,FP2,BOT,Cadillac,25.0,4.0,SOFT,17.0,88.758,29.28,30.275,29.203,276.0,295.0,287.0,300.0,1,False,False,True,False,2026-09-04 14:59:22.267,,34.1,54.6,29.5,False,1.4,201.0
2026,13,Italian Grand Prix,FP2,BOT,Cadillac,26.0,4.0,SOFT,18.0,119.747,38.055,36.567,45.125,203.0,238.0,116.0,196.0,1,False,False,True,False,2026-09-04 15:00:51.025,,34.3,54.7,27.9,False,1.0,189.0
2026,13,Italian Grand Prix,FP2,BOT,Cadillac,27.0,4.0,SOFT,19.0,144.705,60.671,39.127,44.907,292.0,194.0,129.0,286.0,1,False,False,True,False,2026-09-04 15:02:50.772,,34.2,53.7,27.6,False,1.1,214.0
2026,13,Italian Grand Prix,FP2,BOT,Cadillac,28.0,4.0,SOFT,20.0,129.627,60.149,31.712,37.766,287.0,285.0,,286.0,1,False,False,False,False,2026-09-04 15:05:15.477,,34.2,54.1,27.9,False,1.3,190.0
2026,13,Italian Grand Prix,FP2,PIA,McLaren,1.0,1.0,HARD,1.0,,,32.908,32.452,280.0,296.0,287.0,163.0,1,True,False,False,False,2026-09-04 14:01:23.820,,33.5,56.8,32.4,False,1.1,218.0
2026,13,Italian Grand Prix,FP2,PIA,McLaren,2.0,1.0,HARD,2.0,84.466,27.497,28.622,28.347,296.0,316.0,284.0,323.0,1,True,True,True,False,2026-09-04 14:03:07.270,,33.6,57.1,33.3,False,0.0,0.0
2026,13,Italian Grand Prix,FP2,PIA,McLaren,3.0,1.0,HARD,3.0,133.348,44.512,48.112,40.724,172.0,155.0,289.0,172.0,1,True,False,True,False,2026-09-04 14:04:31.736,,33.5,57.5,33.0,False,0.6,221.0
2026,13,Italian Grand Prix,FP2,PIA,McLaren,4.0,1.0,HARD,4.0,84.059,27.488,28.273,28.298,295.0,317.0,284.0,325.0,1,True,True,True,False,2026-09-04 14:06:45.084,,33.5,57.0,33.1,False,1.5,182.0
2026,13,Italian Grand Prix,FP2,PIA,McLaren,5.0,1.0,HARD,5.0,138.603,47.478,47.884,43.241,164.0,220.0,289.0,156.0,1,True,False,True,False,2026-09-04 14:08:09.143,,33.5,57.1,32.8,False,0.9,186.0
2026,13,Italian Grand Prix,FP2,PIA,McLaren,6.0,1.0,HARD,6.0,83.855,27.376,28.24,28.239,294.0,315.0,282.0,322.0,1,True,True,True,False,2026-09-04 14:10:27.746,,33.4,56.4,32.5,False,0.7,183.0
2026,13,Italian Grand Prix,FP2,PIA,McLaren,7.0,1.0,HARD,7.0,121.648,38.049,39.808,43.791,234.0,233.0,,161.0,1,True,False,False,False,2026-09-04 14:11:51.601,,33.4,56.2,32.5,False,1.0,148.0
2026,13,Italian Grand Prix,FP2,PIA,McLaren,8.0,2.0,SOFT,1.0,,,30.942,37.632,285.0,316.0,225.0,180.0,1,True,False,False,False,2026-09-04 14:13:53.249,,33.5,56.3,32.6,False,0.5,201.0
2026,13,Italian Grand Prix,FP2,PIA,McLaren,9.0,2.0,SOFT,2.0,120.863,39.461,39.169,42.233,224.0,241.0,289.0,188.0,1,True,False,True,False,2026-09-04 14:30:32.947,,33.5,55.5,31.5,False,1.5,145.0
2026,13,Italian Grand Prix,FP2,PIA,McLaren,10.0,2.0,SOFT,3.0,83.028,27.348,27.945,27.735,297.0,316.0,283.0,321.0,1,True,True,True,False,2026-09-04 14:32:33.810,,33.5,55.0,32.7,False,1.1,189.0
2026,13,Italian Grand Prix,FP2,PIA,McLaren,11.0,2.0,SOFT,4.0,123.674,40.908,45.71,37.056,159.0,249.0,292.0,165.0,1,True,False,True,False,2026-09-04 14:33:56.838,,33.5,55.2,32.2,False,0.6,201.0
2026,13,Italian Grand Prix,FP2,PIA,McLaren,12.0,2.0,SOFT,5.0,131.219,40.356,45.933,44.93,187.0,147.0,286.0,193.0,1,True,False,True,False,2026-09-04 14:36:00.512,,33.4,55.5,32.8,False,0.6,30.0
2026,13,Italian Grand Prix,FP2,PIA,McLaren,13.0,2.0,SOFT,6.0,83.219,27.408,27.987,27.824,296.0,319.0,285.0,321.0,1,True,False,True,False,2026-09-04 14:38:11.731,,33.4,56.0,32.2,False,0.5,182.0
2026,13,Italian Grand Prix,FP2,PIA,McLaren,14.0,2.0,SOFT,7.0,107.015,34.177,34.356,38.482,250.0,248.0,,203.0,1,True,False,False,False,2026-09-04 14:39:34.950,,33.5,55.9,31.8,False,1.3,198.0
2026,13,Italian Grand Prix,FP2,PIA,McLaren,15.0,3.0,HARD,8.0,,,29.699,28.738,282.0,304.0,311.0,273.0,1,False,False,False,False,2026-09-04 14:41:21.965,,33.6,55.8,31.9,False,0.7,206.0
2026,13,Italian Grand Prix,FP2,PIA,McLaren,16.0,3.0,HARD,9.0,86.467,28.295,29.379,28.793,293.0,309.0,287.0,296.0,1,False,False,True,False,2026-09-04 14:48:56.620,,33.7,54.9,30.7,False,1.5,188.0
2026,13,Italian Grand Prix,FP2,PIA,McLaren,17.0,3.0,HARD,10.0,86.292,28.365,29.123,28.804,297.0,315.0,292.0,311.0,1,False,False,True,False,2026-09-04 14:50:23.087,,33.7,54.7,30.5,False,2.4,193.0
2026,13,Italian Grand Prix,FP2,PIA,McLaren,18.0,3.0,HARD,11.0,86.865,28.276,29.839,28.75,298.0,308.0,294.0,316.0,1,False,False,True,False,2026-09-04 14:51:49.379,,33.7,53.5,30.9,False,2.3,210.0
2026,13,Italian Grand Prix,FP2,PIA,McLaren,19.0,3.0,HARD,12.0,87.211,28.823,29.794,28.594,295.0,312.0,297.0,301.0,1,False,False,True,False,2026-09-04 14:53:16.244,,33.8,54.4,30.8,False,1.6,197.0
2026,13,Italian Grand Prix,FP2,PIA,McLaren,20.0,3.0,HARD,13.0,90.876,28.344,29.491,33.041,298.0,307.0,,320.0,1,False,False,False,False,2026-09-04 14:54:43.455,,34.0,53.8,31.8,False,0.6,268.0
2026,13,Italian Grand Prix,FP2,PIA,McLaren,21.0,4.0,SOFT,8.0,111.721,52.912,29.804,29.005,280.0,302.0,287.0,262.0,1,False,False,False,False,2026-09-04 14:56:14.331,,34.0,53.9,31.7,False,0.7,230.0
2026,13,Italian Grand Prix,FP2,PIA,McLaren,22.0,4.0,SOFT,9.0,86.406,28.662,29.213,28.531,288.0,308.0,299.0,303.0,1,False,False,True,False,2026-09-04 14:58:06.052,,33.9,54.4,30.2,False,1.1,216.0
2026,13,Italian Grand Prix,FP2,PIA,McLaren,23.0,4.0,SOFT,10.0,102.672,33.509,38.617,30.546,236.0,301.0,224.0,263.0,1,False,False,True,False,2026-09-04 14:59:32.458,,34.1,54.6,29.5,False,1.4,201.0
2026,13,Italian Grand Prix,FP2,PIA,McLaren,24.0,4.0,SOFT,11.0,145.584,40.172,47.441,57.971,169.0,200.0,50.0,190.0,1,False,False,True,False,2026-09-04 15:01:15.130,,34.3,54.7,27.9,False,1.0,189.0
2026,13,Italian Grand Prix,FP2,PIA,McLaren,25.0,4.0,SOFT,12.0,,86.26,43.24,46.99,196.0,195.0,73.0,176.0,1,False,False,False,False,2026-09-04 15:03:40.714,,34.2,54.0,27.4,False,1.4,196.0
2026,13,Italian Grand Prix,FP2,PIA,McLaren,26.0,4.0,SOFT,13.0,142.103,73.913,29.405,38.785,297.0,307.0,,289.0,12,False,False,False,False,2026-09-04 15:06:37.294,,34.3,53.5,27.5,False,0.9,171.0
2026,13,Italian Grand Prix,FP2,BEA,Haas F1 Team,1.0,1.0,MEDIUM,1.0,,,36.287,33.591,247.0,214.0,285.0,123.0,1,True,False,False,False,2026-09-04 14:00:21.270,,33.3,57.0,32.8,False,0.9,196.0
2026,13,Italian Grand Prix,FP2,BEA,Haas F1 Team,2.0,1.0,MEDIUM,2.0,85.238,27.801,29.002,28.435,292.0,309.0,278.0,321.0,1,True,True,True,False,2026-09-04 14:02:23.293,,33.6,56.8,33.1,False,0.8,223.0
2026,13,Italian Grand Prix,FP2,BEA,Haas F1 Team,3.0,1.0,MEDIUM,3.0,,52.572,50.172,49.776,134.0,192.0,,139.0,1,True,False,False,False,2026-09-04 14:03:48.531,,33.5,57.5,33.0,False,0.6,221.0
2026,13,Italian Grand Prix,FP2,BEA,Haas F1 Team,4.0,2.0,MEDIUM,4.0,,90.441,32.959,32.808,253.0,267.0,283.0,181.0,1,False,False,False,False,2026-09-04 14:06:21.186,,33.4,57.1,33.2,False,1.2,156.0
2026,13,Italian Grand Prix,FP2,BEA,Haas F1 Team,5.0,2.0,MEDIUM,5.0,84.961,27.838,28.73,28.393,287.0,306.0,278.0,315.0,1,False,True,True,False,2026-09-04 14:08:57.330,,33.5,56.4,32.6,False,2.1,195.0
2026,13,Italian Grand Prix,FP2,BEA,Haas F1 Team,6.0,2.0,MEDIUM,6.0,,51.582,51.387,50.198,130.0,169.0,,136.0,1,False,False,False,False,2026-09-04 14:10:22.291,,33.4,56.4,32.5,False,0.7,183.0
2026,13,Italian Grand Prix,FP2,BEA,Haas F1 Team,7.0,3.0,MEDIUM,7.0,,,36.7,41.117,285.0,157.0,283.0,175.0,1,False,False,False,False,2026-09-04 14:12:55.612,,33.4,56.6,32.2,False,0.8,168.0
2026,13,Italian Grand Prix,FP2,BEA,Haas F1 Team,8.0,3.0,MEDIUM,8.0,119.044,27.947,44.528,46.569,288.0,123.0,286.0,316.0,1,False,False,True,False,2026-09-04 14:15:57.185,,33.4,56.3,33.0,False,1.8,190.0
2026,13,Italian Grand Prix,FP2,BEA,Haas F1 Team,9.0,3.0,MEDIUM,9.0,85.119,27.855,28.78,28.484,292.0,308.0,276.0,321.0,1,False,False,True,False,2026-09-04 14:17:56.229,,33.5,55.8,32.1,False,0.9,181.0
2026,13,Italian Grand Prix,FP2,BEA,Haas F1 Team,10.0,3.0,MEDIUM,10.0,122.825,40.425,42.108,40.292,179.0,235.0,,162.0,1,False,False,False,False,2026-09-04 14:19:21.348,,33.5,56.0,31.7,False,0.9,178.0
2026,13,Italian Grand Prix,FP2,BEA,Haas F1 Team,11.0,4.0,SOFT,1.0,,,31.787,31.949,287.0,264.0,289.0,153.0,1,True,False,False,False,2026-09-04 14:21:24.173,,33.5,56.1,32.0,False,1.9,197.0
2026,13,Italian Grand Prix,FP2,BEA,Haas F1 Team,12.0,4.0,SOFT,2.0,83.69,27.396,28.356,27.938,299.0,313.0,280.0,321.0,1,True,True,True,False,2026-09-04 14:30:15.424,,33.5,55.5,31.5,False,1.5,145.0
2026,13,Italian Grand Prix,FP2,BEA,Haas F1 Team,13.0,4.0,SOFT,3.0,139.809,46.57,43.867,49.372,169.0,194.0,,138.0,1,True,False,False,False,2026-09-04 14:31:39.114,,33.5,55.0,32.7,False,1.1,189.0
2026,13,Italian Grand Prix,FP2,BEA,Haas F1 Team,14.0,5.0,SOFT,4.0,,58.777,55.463,37.784,127.0,232.0,290.0,161.0,1,False,False,False,False,2026-09-04 14:33:58.923,,33.5,55.2,32.2,False,0.6,201.0
2026,13,Italian Grand Prix,FP2,BEA,Haas F1 Team,15.0,5.0,SOFT,5.0,133.161,43.152,53.048,36.961,120.0,226.0,291.0,228.0,1,False,False,True,False,2026-09-04 14:36:30.985,,33.4,55.5,32.8,False,0.6,30.0
2026,13,Italian Grand Prix,FP2,BEA,Haas F1 Team,16.0,5.0,SOFT,6.0,83.37,27.244,28.301,27.825,298.0,314.0,282.0,325.0,1,False,True,True,False,2026-09-04 14:38:44.146,,33.5,55.6,32.0,False,0.4,183.0
2026,13,Italian Grand Prix,FP2,BEA,Haas F1 Team,17.0,5.0,SOFT,7.0,95.143,30.262,30.226,34.655,273.0,294.0,,294.0,1,False,False,False,False,2026-09-04 14:40:07.516,,33.5,55.9,31.8,False,1.3,198.0
2026,13,Italian Grand Prix,FP2,BEA,Haas F1 Team,18.0,6.0,MEDIUM,11.0,,,32.02,30.301,266.0,281.0,285.0,226.0,1,False,False,False,False,2026-09-04 14:41:42.659,,33.7,54.9,31.9,False,0.9,66.0
2026,13,Italian Grand Prix,FP2,BEA,Haas F1 Team,19.0,6.0,MEDIUM,12.0,92.615,32.815,30.708,29.092,266.0,292.0,316.0,283.0,1,False,False,True,False,2026-09-04 14:48:15.753,,33.7,55.1,31.2,False,0.9,182.0
2026,13,Italian Grand Prix,FP2,BEA,Haas F1 Team,20.0,6.0,MEDIUM,13.0,87.779,28.521,30.346,28.912,286.0,298.0,307.0,314.0,1,False,False,True,False,2026-09-04 14:49:48.368,,33.7,54.7,30.5,False,2.4,193.0
2026,13,Italian Grand Prix,FP2,BEA,Haas F1 Team,21.0,6.0,MEDIUM,14.0,86.827,28.658,29.547,28.622,285.0,305.0,308.0,308.0,1,False,False,True,False,2026-09-04 14:51:16.147,,33.7,55.0,29.8,False,1.3,202.0
2026,13,Italian Grand Prix,FP2,BEA,Haas F1 Team,22.0,6.0,MEDIUM,15.0,88.763,29.838,29.862,29.063,284.0,302.0,301.0,309.0,1,False,False,True,False,2026-09-04 14:52:42.974,,33.8,54.4,30.8,False,1.6,197.0
2026,13,Italian Grand Prix,FP2,BEA,Haas F1 Team,23.0,6.0,MEDIUM,16.0,104.987,41.94,34.13,28.917,160.0,296.0,317.0,306.0,1,False,False,True,False,2026-09-04 14:54:11.737,,33.8,53.2,31.4,False,1.1,266.0
2026,13,Italian Grand Prix,FP2,BEA,Haas F1 Team,24.0,6.0,MEDIUM,17.0,86.847,28.501,29.604,28.742,285.0,303.0,309.0,314.0,1,False,False,True,False,2026-09-04 14:55:56.724,,34.0,53.9,31.7,False,0.7,230.0
2026,13,Italian Grand Prix,FP2,BEA,Haas F1 Team,25.0,6.0,MEDIUM,18.0,87.476,28.685,29.867,28.924,283.0,300.0,302.0,309.0,1,False,False,True,False,2026-09-04 14:57:23.571,,33.9,54.4,30.9,False,2.3,210.0
2026,13,Italian Grand Prix,FP2,BEA,Haas F1 Team,26.0,6.0,MEDIUM,19.0,87.342,29.06,29.648,28.634,283.0,296.0,317.0,306.0,1,False,False,True,False,2026-09-04 14:58:51.047,,34.1,54.6,29.5,False,1.4,201.0
2026,13,Italian Grand Prix,FP2,BEA,Haas F1 Team,27.0,6.0,MEDIUM,20.0,105.738,28.319,33.273,44.146,290.0,206.0,99.0,305.0,1,False,False,True,False,2026-09-04 15:00:18.389,,34.1,54.7,28.9,False,0.7,161.0
2026,13,Italian Grand Prix,FP2,BEA,Haas F1 Team,28.0,6.0,MEDIUM,21.0,,70.844,36.972,43.973,231.0,238.0,91.0,282.0,1,False,False,False,False,2026-09-04 15:02:04.127,,34.3,54.4,28.0,False,1.0,166.0
2026,13,Italian Grand Prix,FP2,BEA,Haas F1 Team,29.0,6.0,MEDIUM,22.0,126.62,61.59,30.757,34.273,290.0,286.0,,286.0,1,False,False,False,False,2026-09-04 15:04:35.962,,34.2,54.1,27.9,False,1.3,190.0
